{"type":"Topology","arcs":[[[1343165,4134840],[4115,-11697]],[[1347280,4123143],[-18037,10975],[1737,1419],[1832,249],[900,-573],[1994,498],[321,-821],[483,-299],[610,75],[611,522],[901,-124],[-65,-1170],[611,-124],[675,672],[3312,398]],[[1156883,3737948],[1607,5002],[483,2514],[-161,3110],[-3119,7193]],[[1155693,3755767],[-2218,3708]],[[1153475,3759475],[-3183,3857],[-4212,3883],[-8970,6769],[-6012,4703]],[[1131098,3778687],[-1479,1742],[-2218,1842],[-1737,1792],[-3215,4554],[-2218,1518]],[[1120231,3790135],[-1575,2190]],[[1118656,3792325],[-1126,3036],[-771,6819]],[[1116759,3802180],[-193,3435]],[[1116566,3805615],[225,5649]],[[1116791,3811264],[611,4405]],[[1117402,3815669],[1768,6520]],[[1119170,3822189],[1286,3907]],[[1120456,3826096],[3247,7914],[804,3559],[1961,7615],[1190,6322],[161,3758],[514,5076],[804,4156],[675,4555],[836,2936],[1157,3161],[2090,6694],[868,2290],[2990,5351],[1833,3981],[4694,7641],[1800,1916]],[[1146080,3903021],[3408,2514]],[[1149488,3905535],[4019,2787],[3762,4031],[3247,4654],[1157,2165],[1576,4256],[2893,6471],[1544,2712]],[[1167686,3932611],[1350,2613],[1157,697],[6431,6147]],[[1176624,3942068],[3215,3484],[5369,4903],[2733,3932],[1350,2762],[643,2066],[161,2090],[-1351,5351],[19677,-11647],[-322,-17371],[19612,0],[9002,12369],[-15336,37405],[-15978,39246],[33115,14036]],[[1238514,4040694],[7459,17221]],[[1245973,4057915],[7909,18193],[4083,9183]],[[1257965,4085291],[863,1975],[359,812]],[[1259187,4088078],[321,747]],[[1259508,4088825],[31026,-27301],[19515,17869]],[[1310049,4079393],[12668,11597],[19065,-6122]],[[1341782,4084868],[-2090,-6969],[-14435,-48280],[-11285,-37703],[10481,-37181],[-11188,-34990],[-11221,-34966],[-26975,-35140],[-7394,-5674],[-3987,-21701],[21509,-44373],[-4694,-48255],[1061,-39197],[8809,-323],[-868,-13588],[-1929,-14360],[-5176,-373],[-4212,945],[-1672,1568],[-1575,3509],[-2058,1095],[-3408,199],[-4758,697],[-4662,174],[-1801,299],[-1093,-771],[-3375,448],[-3826,796],[-1351,647],[-1222,1145],[-128,1443],[-1158,473],[-707,1045],[-1061,722],[-1672,647],[-3408,821],[161,1991],[2058,1717],[-257,672],[546,2340],[-3344,2289],[-707,846],[-1029,2564],[-1639,149],[-2701,1070],[-2218,299],[-2862,1518],[0,2588],[-514,1792],[-2154,995],[-1737,2190],[-2957,971],[-1930,100]],[[1217969,3701788],[-1426,1800],[-62,85],[-344,703]],[[1216137,3704376],[-515,398],[-1736,1294],[-3601,1891],[-835,-49],[-1383,1169],[-1029,399],[-193,-274],[-1479,-647],[-2604,1095],[-1286,-150],[-514,-248],[-547,-1120],[-3408,-125],[-2508,1469],[-2475,1941],[-3473,-274],[-1286,1468],[-1896,374],[-1962,1667],[-675,0],[-2829,2787],[-2476,1518],[-675,175],[-675,-324],[-643,-1145],[-1575,523],[-708,1120],[-1286,-224],[675,-846],[-32,-871],[-1350,-125],[-2186,2514],[-997,672],[450,721],[-1125,249],[-708,-721],[-964,298],[129,821],[1382,971],[-386,1219],[483,299],[0,871],[450,647],[-4791,3708],[836,1792],[-2829,1842],[-257,2065],[-836,1319],[-1833,623],[-1093,796]],[[1224818,4105349],[1929,1767]],[[1226747,4107116],[3279,921]],[[1230026,4108037],[965,-199],[1414,-1369]],[[1232405,4106469],[-128,-1244],[-3344,522],[-1383,-945],[-868,-1742],[97,-2464],[-868,-299],[-579,-1642],[547,-1991],[-2958,-4281],[128,-1891],[3312,3982],[675,1170],[161,1717],[1832,1866],[611,1742],[1672,1518],[1125,1494],[3344,-50],[-11317,-14584]],[[1224464,4089347],[-11960,-15479]],[[1212504,4073868],[1800,4156],[643,2563],[1254,1294],[3537,7466],[3247,6172],[1190,3484],[450,2290],[193,4056]],[[3674774,355655],[-6269,-8287],[27071,-2165],[-2669,-12742],[-2475,-11349],[-4341,-22024],[-707,-3833]],[[3685384,295255],[-3922,-19536],[-4694,373],[-3087,-14957],[-5015,-24563],[-25657,2489],[97,373],[-43983,4306],[-160,-971],[-13922,1145],[-707,-274],[-21862,1767],[160,946],[-10995,821],[-12410,-11846],[-13986,-13737],[-2765,-15878],[-5755,-32975],[836,-75],[-1511,-8685],[-482,25],[-1672,-9557],[3761,-298],[-2604,-14982],[-1286,-274],[-1318,-8909],[9099,-747],[12667,-896],[-1254,-7267],[-2636,-16400],[5144,-423],[-3054,-14932],[11188,-10427],[8777,-7566],[1383,1543],[1961,-1742],[611,-1643]],[[3556331,69483],[739,-2737],[-1093,-224],[-1286,-1394],[-997,125],[-257,-1991],[-1318,-398],[868,-1518],[-1800,-2414],[-1126,-324],[-675,-2265],[-1061,-1095],[-1029,672],[-3247,-945],[-2154,672],[-129,-1095],[-1446,49],[-1029,-2115],[-2026,-1120],[-1221,299],[-6656,-1643],[-385,-1767],[-1865,-1443],[-772,-1344],[-1543,-647],[-32376,25],[-45397,-25],[-39867,0],[-54367,0],[-36813,0],[-25945,0],[-45011,0],[-29322,0],[-47776,0],[-33501,0],[-56714,0],[-47776,0],[-31830,0],[-53081,0],[-26556,0],[-40896,0]],[[2877595,44821],[-2990,1966],[1125,7615],[1865,10328],[1382,7167],[1093,7193],[-1704,149],[-27038,1618],[707,3334],[2090,6571],[2990,8187],[1125,3534],[2443,11448],[10546,-672],[900,5425],[3344,17745],[-3376,298],[3215,17495],[6366,5749],[1833,7541],[-869,13787],[-96,2887],[1511,6197],[-1640,323],[2540,13116],[-16782,1518],[3408,17893],[1864,5351],[5466,-573],[6302,32378],[128,124],[6784,35464],[129,74],[13760,-124],[11317,-199],[11703,-971],[1125,5376],[3569,11199],[1479,7516]],[[2935209,318848],[1993,248],[24339,-2513],[803,3608],[12218,-1194],[12731,-1319],[1608,8611],[25110,-2514],[3954,-348],[11767,-1269],[6431,-598],[1993,-50],[-386,3609],[643,5127],[868,5276],[18873,-1892],[17393,-1568],[3055,15181],[4019,19362],[2089,373],[15272,-1244],[3826,20880],[29579,-2787],[2057,2115],[2508,1095],[3376,2339],[2668,797],[12539,-1195],[9163,-921],[23985,-2264],[-225,5699],[996,4554],[30640,-2613],[1286,-373],[-321,-7815],[-1833,-2339],[97,-3559],[14467,7790],[12893,-11399],[16204,8736],[1382,398],[9999,5301],[1544,-896],[11542,-10179],[7491,4057],[12249,-10776],[24563,12791],[2412,399],[13182,7043],[1864,1095],[2540,-1942],[3440,-1045],[1126,-572],[5819,-1717],[1543,-921],[7909,4131],[8295,-722],[-32,-1891],[26010,-2165],[-2250,-12543],[42985,-3783],[7524,-622],[803,821],[-1768,1269],[0,1145],[772,1618],[-1319,2563],[-128,2688],[2572,3783],[-129,1767],[-2797,1791],[-1575,2091],[128,1344],[-514,1692],[-2058,274],[997,5475],[15593,-1344],[2797,3559],[18423,-1668],[-322,-2911],[-1093,-6471],[24274,-2090],[29386,-2514],[9420,12867],[3183,-274],[4790,-1643],[-1800,-9307],[44690,-4156],[-1576,-8213],[10771,-871],[26010,-1991],[32,-423],[41121,-3285],[1093,-796],[-2090,-423],[-932,-1593],[2122,-498],[-450,-1145],[-1769,-373],[32,-672],[2701,-2364],[97,-647],[-2605,-1842],[-418,-722],[1286,-771]],[[4175877,1171514],[-64,-1718],[-1093,-1070],[0,-2090],[-1672,-996],[-1158,-124],[-546,-2016],[-1672,-1120],[0,-1518],[707,-1493],[611,-3186],[1543,-846],[2797,-3086],[-2154,75],[-1575,-846],[-225,-2190],[225,-2140],[965,-1643],[-1222,-572],[-2894,771],[-5144,1444],[-3794,622],[-16525,3782],[-547,-1144],[-2540,249],[-1221,-1071],[-3762,399],[-965,1667],[-1157,100],[-257,-1419],[-1158,-1269],[-2218,995],[-2540,-497],[-1222,1119],[-2347,-11945],[1351,-299],[5047,-3335],[3344,-448],[2090,-721],[611,-697],[3247,-1344],[4887,1443],[2218,-1642],[2540,323],[193,-1592],[836,-1344],[3311,-2016],[-1125,-722],[-1800,-2065],[-2508,-1792],[-1254,-1767],[-1929,-373],[-868,-2638],[-1157,-274],[-997,-1792],[1318,-1095],[-836,-3808],[-1093,-1443],[-2508,-647],[-2186,473],[-1222,-324],[-8327,1444],[-12249,1518],[-2862,-921],[-1800,50],[-2958,1991],[-2315,896],[-4147,348],[-3183,1020],[-1865,100],[-2058,-921],[-5015,-523],[-3087,399],[-3247,-75],[-3119,846],[-4147,-1170],[-1190,224],[-2379,2390],[-4469,-672],[-1125,-1071],[-450,-2289],[-4758,50],[-3441,-598],[-7844,-4703],[-161,-249],[4919,-14459],[1350,-2215],[-803,-647],[-1704,-8611],[-1126,-647],[-932,-1742],[-3505,-523],[-7169,-12991],[-643,-3757],[514,-2190],[-5080,-8810],[-900,-448],[2154,-4156],[2251,-2190],[-1801,-5923],[483,-2713],[160,-5948],[-450,-1642],[97,-2116],[1800,-3160],[515,-1718],[739,-945],[-514,-2688],[836,-772],[2218,-995],[4115,-2787],[-2797,-722],[-1543,-2140],[-1511,-772],[-1286,-1692],[771,-2016],[965,-921],[0,-1592],[-1415,-996],[-32,-1393],[-1961,-772],[-6559,-25],[-4019,-1418],[-3311,-772],[-3247,-3235],[1350,-1493],[-5112,-598],[-2765,1046],[-2058,74],[258,-1319],[-676,-746],[643,-946],[1383,-4728],[-579,-2788],[-997,-348],[-2186,-1892],[129,-1567],[-1093,-2166],[-2379,-174],[-676,-1518],[2058,-3584],[-1382,-746],[-3441,-224],[-450,-1643],[1351,-970],[-97,-1493],[772,-1145],[-2154,-3385],[257,-995],[-1640,-1195],[-3504,349],[-3248,-1693],[644,-1294],[-193,-2737],[482,-672],[-1254,-1668],[-2894,-1393],[258,-797],[3408,-1169],[-1254,-548],[-708,-1170],[-1575,-423],[-3665,-2961],[2893,-1792],[-1736,-1294],[900,-2787],[-2636,-548],[-900,-647],[2797,-2289],[1672,-847],[-2251,-3957],[-7137,-3484],[-290,-2613],[-1800,-1095],[322,-1120],[1896,-522],[-450,-1643],[675,-249],[2798,598],[771,-1693],[-804,-1816],[1254,-249],[2733,622],[1286,-697],[322,-1070],[-3505,-3061],[804,-1692],[-707,-1170],[3922,-1419],[-546,-1070],[225,-2563],[2218,-2389],[739,-1543],[-1446,-3136],[-1351,-871],[-900,-2464],[322,-1244],[1607,547],[2315,-174],[322,-1045],[3633,-373],[3408,-896]],[[4000334,889150],[1768,-3758],[-1993,-9955],[-3216,-896],[-2604,-2513],[1479,-2887],[-321,-1792],[3986,-9905],[-1511,-846],[-1061,-9283],[-2636,-3708],[-4212,-298],[-3086,-1344],[-804,-1369],[-1961,-1120],[643,-2140],[-5916,-249],[-3151,-722],[-4887,174],[-1479,722],[-1446,6172],[-13375,2514],[-4148,373],[-868,-4380],[-1864,50],[-4952,1966],[-2700,24],[-354,-1791],[-1672,199],[-2058,1443],[-4243,448],[-3087,597],[-2122,-74],[-10577,1120],[1929,-3684],[32,-2563],[-643,0],[-1544,-1568],[-2893,-871],[-1768,-1020],[-1962,-75],[-3922,-771],[-3922,1020],[-4502,1792],[-3375,3857],[-1704,-373],[-740,697],[-1350,-1767],[-450,-1195],[-1704,-1518],[-9453,-249],[-1350,-6271],[-900,-597],[-1286,348],[-450,1742],[-1190,-74],[-1286,-921],[-1511,-25],[-1093,572],[-1929,-7764],[-2669,1941],[-4404,1294],[-3087,1294],[-5305,-149],[-1864,-747],[-2026,75],[-2315,2264],[-1254,374],[-4083,-100],[-1768,199],[-1447,1892],[-2733,1294],[-1414,1194],[-2765,1195],[-965,-448],[-2218,373],[-1061,-1593],[-2154,722],[-1222,-2115],[-10546,-2016],[-3697,25],[-3665,2140],[-1158,125],[-578,-2912],[1993,-199],[-1607,-2165],[-3023,-896],[-2025,323],[-1254,821],[-1736,50],[-1383,-572],[-1993,-1867],[-5369,1444],[-1479,-1717],[5530,-7890],[-3730,-3857],[-1639,373],[-3987,5650],[-6012,8187],[-14018,-4828],[-3376,-846],[-2443,-995],[-708,-747],[-2732,-1070],[-4630,-2738],[-20705,2066],[-161,-75],[-2861,-14409],[-31605,2713],[2090,10402],[-25914,2240],[-1543,1643],[-5047,-3161],[-2508,-373],[-3151,-1867],[-547,-1692],[-2379,-473],[-64,-747],[-2379,-1319],[-1897,-1468],[-2283,349],[-2475,-1444],[-8135,-10278],[-16879,1419],[-7748,622],[-19612,2264],[-8520,772],[-4244,-1244],[-1029,398],[-4919,995],[-2829,-572]],[[3569577,804187],[-932,1866],[4468,16674],[-1253,1717],[-2347,1444],[-1737,323],[-2186,1220],[-2958,2713],[-2443,298],[-900,946],[-3280,2439],[-739,1020],[-2829,398],[-4116,3659],[-2025,2289],[160,1021],[1865,4828],[0,1767],[-3054,-75],[-2797,-1444],[-5305,-1543],[-3376,-423],[-2926,-1269],[-2765,-522],[-1511,-747],[-5980,5351],[-10963,895],[-418,1593],[-2862,274],[7427,4878],[-1286,2912],[515,846],[1768,149],[514,1020],[-1061,1294],[1126,1718],[-1061,1343],[2154,1021],[739,-100],[1801,1394],[-547,1493],[1383,597],[2186,-1816],[2443,-25],[2315,-1593],[997,-1120],[643,-1891],[1125,-448],[1672,1145],[1029,74],[4694,2663],[1800,50],[2604,1070],[1994,2837],[1189,50],[3891,2190],[2700,-747],[5305,1469],[-932,1368],[193,672],[2057,2514],[0,1319],[-2443,-971],[-965,324],[-450,1393],[1222,1519],[2669,1194],[-33,1369],[-4051,970],[-1093,-348],[161,-1020],[-1061,-772],[-225,-1269],[-1961,-1419],[-708,971],[1865,1692],[-321,797],[-1544,348],[-2057,2066],[-1351,124],[-2636,1145],[129,1194],[3086,-771],[836,622],[-2058,1419],[-3118,497],[-2315,-49],[-3537,298],[-643,-721],[579,-1618],[1125,-1120],[-1125,-1020],[-2090,1617],[483,2290],[-226,1120],[515,2090],[-836,672],[12603,6894],[-27682,25011]],[[3518489,925783],[3087,174],[1768,348],[579,2838],[1093,547],[900,2837],[-450,498],[1318,4156],[-1222,323],[-1864,-721],[707,3260],[1865,448],[1061,921],[289,1294],[1061,1244],[1254,423],[1382,3061],[-546,2414],[579,1618],[-1672,1792],[96,622],[-1961,1294],[-4855,747],[-611,2414],[1640,1294],[4212,398],[2700,995],[708,1668],[-1222,398],[-868,1394],[-1222,-75],[-1511,846],[-2733,5152],[-3311,273],[-2186,647],[96,797],[-1768,1169],[-901,75],[-1864,1518],[1414,1444],[-289,1891],[1640,1020],[-1093,1319],[-2540,1817],[-13150,846],[-514,199],[1511,3012],[-1576,1642],[740,1095],[-450,1170],[-1447,1120],[-2347,2538],[-1768,423],[-579,797],[-64,1543],[-772,2762],[161,1667],[1061,822],[3279,348],[514,896],[-1607,821],[-515,821],[-2765,-199],[-1286,2688],[-2572,1319],[-1253,1294],[-515,1419],[-1479,1269],[-1222,1767],[-450,1792],[-1286,1169],[483,523],[-3794,4355],[-322,2887],[-643,1170],[225,1145],[-643,1294],[1576,2439],[-611,1543],[-32,1941],[-772,746],[64,1842],[4244,2115],[-64,1021],[900,1393],[-1704,946],[2122,3385],[-1157,1567],[-161,2141],[1479,1767],[-257,522],[2186,3808],[2090,672],[1350,1369],[1543,-1046],[2701,921],[5048,4753],[-97,3012],[-1414,921],[-3569,-200],[24306,14161],[11253,-2663],[739,-2464],[1222,-547],[2572,-498],[1125,-1991],[1061,-722],[1865,-298],[4662,-1394],[1511,-75],[6366,598],[-386,-2140],[-1190,-1543],[1511,-2340],[1190,-124],[321,-1269],[1833,-249],[514,-2116],[-2764,-547],[353,-3360],[1479,-1145],[1061,-1418],[-354,-1493],[1126,-1767],[1093,-2713],[32,-1643],[1833,-2812],[2540,-1070],[-129,-2638],[772,-498],[3118,-323],[3537,0],[-1576,-2539],[933,-1766],[-836,-2215],[1672,-1046],[1350,-2414],[-482,-1617],[1864,-2140],[-417,-1568],[-804,-921],[-643,-1867],[514,-1816],[-1511,-1494],[-289,-1070],[-4791,-1891],[65,-1120],[-1287,-1294],[1512,-1070],[5304,-1369],[1930,-1642],[-1576,-324],[515,-1468],[2636,-797],[4469,224],[1350,1717],[5337,1991],[1447,1145],[1704,1892],[2604,-175],[1447,1095],[418,1469],[2090,1269],[804,1145],[-901,970],[161,2788],[579,1020],[2025,-398],[2187,2737],[964,349],[-1382,2239],[482,1767],[1286,1543],[1865,623],[-1704,1592],[-258,1593],[-868,697],[-836,3633],[1061,-796],[2926,-1020],[2733,-175],[900,-497],[1704,124],[1768,-647],[1222,-2389],[-321,-1419],[3568,-4056],[3151,-398],[1961,-1369],[5820,-1070],[2829,-846],[2347,846],[965,1841],[-579,3360],[161,1419],[-1126,2687],[868,1319],[-643,1543],[643,971],[3408,1418],[3312,-920],[2186,-324],[2315,-2513],[1961,398],[868,1617],[2251,1668],[1093,2414],[-225,1194],[4726,1220],[2026,-423],[1671,1692],[1640,-946],[6270,-2762],[4179,-846],[193,-1021],[2315,-1841],[1318,-274],[1768,1020],[2251,349],[1607,697],[2830,-349],[1382,-572],[2508,672],[-64,1891],[964,1269],[2540,2390],[-386,3907],[-1061,1244],[483,697],[-2026,1145],[1254,1294],[-739,1642],[1703,822],[-1157,622],[-836,2638],[-1511,1692],[-225,1244],[2829,921],[675,597],[1319,2290],[1446,7715],[1254,124],[3440,2464],[6173,2588],[611,3484],[-418,1518],[1833,4480],[1543,1443],[1543,573],[3151,-523],[-96,896],[2540,3435],[96,1393],[5466,597],[3054,200],[772,-1967],[5047,75],[933,-11970],[1350,-14584],[1029,1145],[1736,-249],[643,-1244],[2411,-598],[2379,399],[258,1742],[1414,2165],[-836,1369],[322,2538],[-386,3907],[-2250,4853],[-418,2663],[-65,2937],[418,2538],[1158,1518],[3118,1767],[740,1095],[-32,1817],[4887,1518],[3890,1966],[3022,2613],[2122,1543],[2186,2613],[3087,2190],[2958,1145],[4501,4679],[7073,6022],[1189,1717],[1319,1095],[996,5575],[1093,124],[2830,3659],[-6463,2687],[-1221,2663],[3890,10030],[739,4380],[15208,-1294],[-2797,3036],[2250,-174],[0,1891],[-932,1493],[-1994,1892],[1479,1617],[-514,1021],[-1543,671],[418,1120],[-547,1444],[-2154,1393],[450,1046],[-675,3608],[-2315,3982],[1286,1195],[-450,970],[-96,4156],[-1383,2016],[97,1195],[-1801,497],[225,1319],[-739,996],[2186,2314],[-2990,8586],[-1511,498],[-354,3136],[611,896],[-1190,2015],[-128,1021],[-1608,1468],[-225,921],[-6912,9233],[-2122,1742],[-1158,1991],[-2861,25],[-772,3036],[-2218,946],[-354,1119],[-1350,424],[450,3459],[1318,945],[-3311,2166],[-1029,2438],[804,1693],[-1319,1194],[-1704,598],[-932,1543],[643,1095],[-739,1343],[-1190,324],[-1833,1941],[965,772],[5208,1966],[31155,-398],[16847,-1718],[2057,-672],[1029,150],[1640,1543],[2379,1543],[-1608,1816],[-64,1593],[-1029,1269],[1865,1817],[-2154,2439],[482,1095],[-707,1020],[932,1494],[-64,1468],[-675,1219],[-3408,971],[-1833,896],[-3440,796],[-3794,2066],[-1157,1941],[450,2190],[1800,3385],[2830,3708],[1575,2463],[3054,2489],[322,1891],[868,672],[2797,-348],[3408,-1568],[1511,149],[707,1917],[-353,821],[-2058,1319],[-354,2887],[579,2712],[-450,2663],[3408,299],[4083,-1916],[2090,-1518],[2926,1095],[707,920],[3247,25],[1479,2016],[2251,573],[514,1095],[1961,298],[997,1045],[932,2166],[-578,1667],[1157,1294],[97,1518],[1254,672],[-483,1444],[-64,2538],[1222,1145],[19194,-2439],[20673,-797],[-483,2091],[1029,697],[804,1443],[1865,-423],[1704,1120],[-1736,2713],[321,2488],[-2090,1046],[-1028,1866],[96,2290],[-997,472],[-3054,224],[-1897,1718],[-1800,472],[-1126,1543],[-1768,672],[-1993,1394],[-708,2041],[33,2513],[-1222,871],[-708,1543],[-900,722],[290,1244],[-2219,1394],[418,1344],[-1157,572],[-1511,0],[-1158,2688]],[[3855301,1350100],[1351,722],[1093,-150],[1382,1295],[1415,199],[868,1393],[-2476,6570],[4534,-448],[257,1469],[3151,-274],[3793,25],[4341,-373],[128,671],[6205,-671],[836,5027],[772,547],[611,3559],[579,124],[1543,2165],[2443,75],[868,1244],[2315,747],[1286,-174],[4919,722],[2154,1045],[2830,-1518],[1929,-224],[1832,1219],[193,821],[9002,-846],[193,1021],[4726,-498],[258,1194],[3568,-373],[-128,-771],[2990,-299],[193,946],[4437,-423],[2347,323],[3600,-1692],[2347,-125],[-32,-2090],[3698,-523],[-450,-622],[-2058,-647],[-32,-1120],[1093,-871],[32,-945],[3794,-1792],[-1286,-1767],[-1125,149],[-1383,-647],[-932,-1020],[1350,-1145],[2765,-946],[1350,-1543],[1994,-149],[932,-971],[-964,-1916],[2025,-672],[547,-2240],[1028,-298],[1608,-1867],[-1061,-1617],[6109,-324],[803,-995],[2026,-498],[-1158,-846],[-385,-1966],[675,-374],[32,-1468],[-1961,-821],[-129,-1070],[2411,-822],[-675,-4429],[1286,-598],[97,-1642],[1222,-523],[2154,0],[1189,3061],[900,697],[1929,398],[2412,-945],[-257,-1419],[1511,-921],[2122,-249],[1864,-622],[1962,-2364],[2507,-871],[2508,-100],[1736,896],[1543,1469],[386,1692],[1704,722],[2058,199],[739,547],[1479,-1344],[3248,398],[2347,-323],[1318,-622],[3247,-125],[772,-1592],[1800,-896],[97,-1195],[1575,-448],[-386,-1742],[2862,-1244],[1704,1145],[450,1119],[2089,-348],[933,-1493],[2218,174],[1093,1170],[2315,-1245],[2154,423],[3730,-945],[4115,597],[450,2115],[2990,772],[-161,2588],[3634,971],[2829,-747],[1157,423],[4630,-995],[1993,995],[1286,-672],[1994,0],[1382,-1493]],[[4053543,1330340],[-997,-896],[226,-1170],[-611,-1667],[1607,-1344],[-32,-622],[1318,-1867],[1511,-1219],[-160,-846],[1446,-1667],[643,-1295],[-128,-1717],[1768,-1344],[-611,-2488],[1543,-199],[1061,-1842],[1640,-1394],[-386,-497],[2830,-1718],[2154,-771],[1993,1194],[2090,-497],[1479,-1269],[3569,-1170],[482,-1444],[1993,-821],[579,-2762],[932,-797],[257,-1120],[1447,-1941],[-32,-1866],[2411,-1244],[65,-1120],[-1447,-797],[-161,-1866],[-739,-871],[836,-946],[160,-5525],[1222,-3957],[932,-921],[-225,-1816],[2572,-2265],[354,-995],[2347,-747],[-997,-4704],[708,-472],[-547,-1295],[322,-1020],[-836,-622],[1897,-1842],[578,-1169],[-1318,-1021],[-32,-1518],[1061,-1891],[2701,-199],[1639,-647],[3698,-199],[707,-573],[1961,299],[2830,-1045],[2411,-448],[2443,572],[97,-1792],[1704,274],[1254,-1717],[1189,-448],[836,-1444],[4276,-2065],[1158,-1693],[-290,-1543],[-964,-696],[482,-1046],[-2540,-2015],[64,-2564],[1672,-1145],[-1768,-1841],[-868,-4430],[-707,-821],[257,-1668],[-3055,-572],[-1125,-871],[-257,-1941],[-2443,-498],[-33,-1244],[4887,-3260],[-514,-1543],[-1254,-623],[64,-895],[-2347,-1693],[32,-2588],[1319,-523],[-290,-1095],[-1157,-821],[-772,-3160],[611,-498],[-868,-1444],[-1929,-1617],[3922,-2116],[1158,-2389],[2186,1046],[1640,223],[996,-846],[1704,548],[2830,-249],[675,373],[2861,150],[1994,-1021],[3343,1966],[547,1518],[1768,0],[2186,473],[2187,-25],[-290,-871],[-1897,-2414],[354,-547],[-964,-1469],[-1897,-1244],[3826,-2787],[2443,-2389],[-1800,-622],[-740,-847],[1672,-1020],[4083,-1941],[900,796],[4887,150],[2637,-1543],[2861,-100],[2733,2414],[772,1692],[1864,623],[2637,373],[289,-1493],[8327,-12917],[161,-1791],[5594,-1070]],[[2201174,1281015],[1736,597],[1607,1170],[1415,124],[3569,1916],[3343,423],[869,1444],[1061,522],[-28325,2066],[1350,7989],[1479,7142],[-5273,299],[4212,20780],[289,498],[997,5002],[3054,13489],[3633,19859],[-16107,1419],[2893,17968],[3440,24862],[23856,-1245],[1094,6048],[257,697],[2347,12070],[-6205,522],[450,2091],[1639,11622],[451,1742],[643,5201],[1671,-50],[386,2688],[1897,1643],[8102,-598],[772,5276],[1575,9432],[-225,0],[1736,11374],[10835,-822],[932,6147],[-10674,921],[0,125],[-10031,821],[2283,15977],[1157,8760],[-16525,1518],[3954,25584],[-22794,1717],[-41989,3210],[-29483,2190],[-28807,2240],[-2250,1667],[-1479,2837],[385,1394],[-418,2041],[1061,1269],[-192,2489],[964,473],[547,2339],[1028,722],[1801,3086],[1511,746],[1704,299],[1768,2538],[1447,822],[579,1542],[1093,847],[-64,2239],[450,1469],[-804,1767],[3151,3857],[160,1468],[1704,1419],[1222,249],[965,1294],[1961,846],[1961,1394],[1736,1767],[708,1443],[1800,-50],[4180,2190],[0,1867],[514,896],[-354,1767],[1319,547],[2379,2464],[-65,1443],[1222,1145],[-1222,2041],[-128,2090],[353,2489],[933,2315],[1768,2040],[161,697],[-1029,1344],[-13182,821],[2444,5475],[-17940,1220],[0,149],[-16301,1095],[965,7939],[-19966,1617],[-13600,1021],[32,298],[-33758,2539],[-932,-7839],[-21927,1742],[-1222,224],[2540,7267],[-29933,1966],[-2829,-1294],[-20094,1667],[-3022,373],[-14082,1220],[-5755,-3360],[-65,1120],[-11413,10129],[-5562,12592],[-18841,-8859],[-17040,-7889],[-6880,1891],[-20576,3210],[-19194,2937],[-225,-1568],[-5209,-199]],[[1806683,1652597],[-9934,8387],[160,2787],[547,2688],[3376,-348],[31315,18192],[1575,-1394],[40060,23493],[3344,1916],[3472,27824],[17683,-1220],[38742,-2588],[160,1170],[23760,-1270],[13985,-647],[611,-249],[8681,-323],[-2154,-18292],[23727,-1294],[22570,-1070],[5112,-9756],[12217,-672],[2862,2489],[3536,2563],[3730,1867],[1157,1692],[8134,6794],[12668,13514],[8777,9208],[2154,2563],[2958,-149]],[[2091668,1740472],[11446,-647],[5787,-423],[26781,-1394],[8874,-597],[16783,-1469],[2025,424],[5241,-2390],[2283,15754],[-193,74],[1929,13265],[225,124],[13953,-1020],[1447,13190],[45686,-3410],[2412,17048],[1864,15006],[40478,-3061],[676,8064],[-3312,2662],[321,2066],[25014,-1866],[-64,-448],[10674,-822],[-933,747],[354,821],[-482,1444],[964,298],[257,1170],[1929,2115],[-32,1518],[-3697,5027],[1318,7666],[-6623,4056],[643,4729],[28389,-2190],[2476,-8661],[34819,-2986],[15433,-1394],[5337,38350],[30286,-2439],[1157,10851]],[[2423593,1871724],[46812,-2489],[-868,-6595],[-643,-6122],[-3408,75],[-5595,-19536],[26653,-4803],[-6558,-14858],[-3698,249],[-3504,-10029],[15818,-2837],[-3279,-2738],[-31347,3435],[-3215,-27998],[48997,-2638],[-160,-4728],[23309,-2265],[12410,-1170],[-64,-1119],[40639,-4007],[7780,-821]],[[2583672,1760730],[1543,-200],[9806,-2787],[2572,-1792],[-3054,-15504],[1961,-10179],[-5948,-27699],[257,-174],[22185,-2389],[-2251,-12767],[-1961,-11472],[1575,-299],[51988,-3907],[-2025,-11423],[3150,1294],[-2443,-16799],[-3730,299],[-2379,-24663],[-4694,199],[-450,-2264],[7330,-523],[18905,-1717],[1061,1966],[5080,-548],[15014,-1343],[483,-399],[7523,-547],[3022,21577],[9742,-10726],[6526,-2912],[22538,-1668],[1801,-2389],[-1029,-1070],[771,-498],[1672,523],[450,-1269],[1769,-2041],[1607,-1170],[3022,-1617],[-643,-573],[-7491,-2165],[-514,-1592],[450,-1394],[1222,-1742],[3183,-2489],[482,-1916],[-2090,-2912],[-1479,-1493],[-96,-2563],[-2315,-2489],[-4019,-1145],[-1190,-1617],[-96,-1295],[739,-2140],[3601,-3434],[2604,-3086],[901,-2165],[868,-3708],[2379,-3584],[2861,-2066],[2347,-846],[4662,174],[31669,-10552],[24627,-6694],[-3311,-22398],[9098,-647],[65,-1842],[643,-746],[-32,-2588],[1157,-623],[15336,3659],[836,-3136],[3344,-2140],[7298,746],[707,-1667],[15754,3783],[2347,1393],[3633,623],[547,-1942],[-483,-2613],[2508,-2961],[-386,-1693],[3055,-2862],[-901,-6370],[-353,-946],[-1125,-8910],[0,-1418],[-3569,-20034],[11767,-746],[514,-100],[32505,-4007],[-1318,-6744],[22184,-4032],[1736,25],[932,-672],[2090,-124],[-225,-1344],[1254,-2016],[-547,-2314],[-546,-5749],[-1158,-4654],[0,-1145],[3055,-224],[-1126,-7864],[19741,-4952],[10353,-3758]],[[2977102,1422595],[1736,-1717],[1093,2090],[3215,-1941],[64,-1294],[1833,-1518],[546,-2190],[161,-3161],[-2154,-2688],[3054,-2712],[-3150,-2738],[-1511,-697],[-1930,-199],[-2700,-1169],[-1704,273],[-1318,-846],[-3891,-1319],[-1736,-174],[-2411,597],[-900,-2712],[289,-1170],[-514,-995],[-1994,-872],[-64,-572],[2572,-3111],[-772,-1792],[-3054,-1244],[-2893,-1817],[-322,-1592],[1479,-2066],[-322,-1120],[869,-1418],[2572,-1319],[96,-722],[-1447,-1966],[-2122,-1817],[901,-896],[546,-2538],[1415,-1892],[-4469,-2115],[900,-1742],[-1093,-2190],[739,-2091],[-1125,-895],[-225,-1419],[1350,-1742],[997,-548],[32,-1692],[-675,-1792],[-1093,-1120],[1607,-2339],[290,-1145],[-643,-1493],[257,-1891],[3729,-1220],[2412,-1443],[1479,-25],[1993,-846],[-643,-896],[836,-1717],[1833,-1718],[675,-1468],[-2122,-2065],[-97,-1817],[-1061,-1444],[643,-1642],[2187,-2290],[-547,-1692],[1254,-1866],[-515,-498],[-417,-3011],[-708,-1245],[965,-2588],[1479,-1568],[32,-1269],[-772,-1269],[-514,-5625],[-3440,-3982],[-1833,-9382],[-6366,-2812],[-5176,-1443],[-1286,-8935],[739,-11995],[-5722,-1643],[-2958,-24],[-2444,1642],[-2347,75],[-2701,-1469],[-1896,-149],[-1737,-597],[-996,398],[-2701,-100],[-4758,-1816],[-1897,-971],[-2733,-2464],[-772,175],[-1607,-1021],[-3730,374],[-3729,-598],[-4180,-1767],[-32,-1617],[-2797,-1344],[-32,-747],[-9227,-3957],[-3441,-2986],[-4469,-1145],[-5754,971],[-1544,-2141],[-64,-1169],[-900,-1270],[-161,-1866],[1704,-1070],[32,-722],[-1061,-1642],[-32,-1170],[-3504,-1941],[1318,-2165],[-2026,-1469],[-321,-1742],[-675,-846],[-483,-1792],[-1189,-572],[-1061,-2812],[1993,-2116],[2347,224],[129,-796],[-1640,-274],[386,-1319],[-354,-1369],[-3954,-1294],[-1608,-25],[-836,-1244],[0,-2190],[-1511,-1070],[1543,-2041],[-964,-1344],[-2186,374],[-6591,-1294],[-1897,-548],[-1190,-1045],[1222,-1792],[-1768,-1145],[-354,-2389],[-1801,-498],[-289,-1941],[-2250,-74],[-1544,-822],[-3150,598],[-1094,-573],[-4211,-149],[-3923,-821],[-643,-2066],[900,-2190],[-2089,-896],[-1897,224],[-161,-1742],[-1479,-1145],[-1736,-2737],[-965,1991],[-4179,1219],[-1704,25],[-772,-722],[-1189,622],[-2315,399],[-3987,-797],[-5626,-2912],[-2669,5401],[193,3036],[-2894,1817],[-3697,-100],[-1286,-746],[-1286,398],[-868,1120],[-1383,-75],[-1350,-1269],[-739,-1991],[-3312,-573],[-1897,-2662],[-2443,-722],[-1190,1020],[-3343,224],[-1061,-1468],[-2733,-25],[-933,498],[-2990,-2140],[-2765,-349],[-1768,-597],[-2508,-398],[-1511,597],[-1286,-100],[-1961,921],[-2765,-323],[482,-971],[3794,-2414],[1061,-1394],[129,-2065],[-483,-324]],[[2762816,1179029],[-1318,150],[-1768,-1195],[-5112,1369],[-3794,224],[-161,622],[-2218,846],[-161,697],[-1543,1418],[32,1095],[-2347,2265],[-2250,174],[-354,1693],[-1383,622],[-1382,1493],[225,2041],[-675,721],[-2958,722],[-97,498],[-2925,50],[-386,1493],[-932,622],[-3280,-1916],[-1286,448],[-3729,-398],[-868,1443],[-2380,249],[-1318,946],[-353,871],[-3633,1219],[-2026,1493],[-2122,50],[-1222,2538],[-1543,1693],[515,1219],[-708,1220],[-1511,1119],[-2668,-49],[-1994,1742],[-2829,1617],[772,2390],[-611,547],[1511,10428],[-43661,3185],[1768,10776],[-2507,224],[2925,20108],[-43982,3236],[2797,19237],[1993,13240],[-27424,2090],[-6688,-2663],[-2700,-2389],[-900,-2016],[-1833,-970],[-3890,-4131],[-19902,1692],[3633,21975],[-3536,771],[3215,22000],[-7877,572],[-257,-273],[-11800,-4953],[-4758,-2165],[-257,324],[-4437,348],[739,7566],[-30286,2438],[-4726,-31954],[-15979,1344],[-2700,-18043],[-8038,647],[-2219,-75],[-12570,1419],[-5338,-3907],[-3022,-14584],[804,-423],[10481,-796],[-3054,-18615],[-20384,1692],[65,448],[-9581,746],[-65,-448],[-33340,2514],[-675,-4654],[-22377,1668],[-18262,1468],[-579,224],[-19579,995],[-14243,1294],[-4373,448],[-482,-2463],[-4019,224],[-611,-3833],[-49319,3609],[-418,3459],[-1318,75],[450,1368],[-1286,2539],[-1190,1269],[-2186,1319],[-2122,547],[-2540,1369],[-997,2364],[-2572,1892],[-546,-423],[-5434,746],[-1382,-721],[-4791,1592],[322,1991],[-804,523],[257,1941],[-1479,523],[-3150,-249],[-2669,-1145],[-5851,-921],[-1447,498],[-1511,1817],[-1640,921],[-3472,1393],[-868,0],[-2765,1643],[-3633,0]],[[2003093,976477],[-2798,-2215],[-6108,-7665],[-7974,-9731],[-4758,-5923],[-643,-3185],[1929,-1095],[2283,-4729],[-2154,-4430],[-3730,-5275],[-9291,-2414],[-483,-1195],[290,-1294],[1125,-1767],[161,-1095],[-1544,-2389],[-2765,-1145],[869,-5201],[-547,-971],[-2283,-1667],[322,-1046],[-3215,-2040],[-1865,-2713],[-2026,-149],[-3922,-1892],[-450,-4031],[-8295,-3932],[-1865,-1344],[-1479,-548],[-10706,-124],[-161,-299],[-8680,7765],[-16590,14384],[-31990,2365],[-97,-672],[-23823,1393],[-290,-1991],[-2090,1444],[161,1941],[1190,1767],[611,149],[6301,-373],[3826,2065],[707,1991],[2540,523],[-7041,12642],[-4822,4530],[160,896],[-5755,4255],[-6108,1444],[-3087,921],[-1318,871],[-386,1368],[-6623,3634],[-932,1070],[-2926,572],[-1897,1444],[-3794,1145],[-1671,1219],[-2187,498],[-3440,-1618],[-2122,-348],[-996,547],[-933,1493],[-2154,1319],[-4855,4206],[-15143,-8760],[-22988,-13339],[-10545,647],[-1382,-1369],[-386,-2339],[1029,-821],[-1415,-8487],[354,-25],[-1930,-14882],[-1414,-1468],[1447,-2265],[-676,-1070],[-3311,-23543],[11735,-771],[-1929,-13514],[-17040,1095],[-643,-771],[-1543,871],[-4116,1468],[-2314,-174],[-1415,796],[-10931,722],[-38453,2738],[-1446,-10005],[-2348,-17993],[-49062,3459],[-19997,1419],[-3826,-26081],[-22056,1667],[-5819,498],[3279,20656],[2251,15355],[-24660,1841],[-31251,2365],[-2957,2065],[1897,50],[2539,572],[1061,2489],[129,1493],[900,1220],[-47744,2887],[-21155,-12792],[-3890,-2588],[-193,-1792],[-4340,-1692],[-5466,-2539],[-193,-547],[-7941,-3186],[-4276,-2115],[-2444,-1618],[-2411,-25],[-3730,-1020],[-3022,-199],[-1189,-747],[-7202,-1493],[-836,-2787],[-4951,-1245],[-1865,374],[-6462,-797],[-6045,-1792],[-1382,-1219],[-3730,-1767],[-5080,-1369],[-3536,0],[-15175,-9905],[-4566,-2090],[-5144,75],[-1447,-7018],[-6687,547],[-4019,-22746],[-5530,-36434],[5787,-25584],[-1318,-1344],[-321,-1020],[-3215,-2364],[-1094,-324],[-1286,-2041],[-803,-99],[-3408,-6670],[-611,-1692],[707,-1120],[-1189,-1443],[-3119,-2738],[193,-1941],[-1158,-1344],[322,-1194],[-1543,-1270],[-2219,-1045],[-1061,-1319],[65,-995],[-1351,-2962],[-2347,-2638],[-1093,-846],[-129,-4330],[-546,-2240],[-1415,-4131],[-4983,2613],[-257,-1618],[-53756,3683],[64,2066],[-29965,1991],[-257,-1817],[-25238,1742],[-515,-2115],[-1575,-1867],[-1865,-3036],[-739,-1991],[1125,-2887],[-257,-1045],[1029,-2314],[546,-2290],[-1672,-846],[-32,-1145],[1704,-1294],[1479,-2414],[-482,-1418],[-1061,99],[1222,-3932],[964,-274],[1061,-4206],[2026,-622],[932,-1667],[1800,-1344],[-611,-747],[1126,-771],[1029,-1468],[-451,-1070],[901,-399],[-997,-2439],[1511,-995],[-482,-1095],[3247,-3434],[1929,49],[836,-647],[-643,-1045],[1061,-1468],[2058,-1394],[739,-2090],[1736,-772],[65,-1269],[2122,-1941],[610,-2414],[1576,-174],[0,-1145],[1382,-946],[1479,-2688],[1543,-522],[1222,-1394],[1093,-50],[547,-1095],[-482,-2538],[-836,-373],[160,-1295],[-1446,-2662],[2057,-1120],[1126,-1643],[-708,-1742],[1351,-1717],[1093,-747],[868,-2339],[1414,547],[1222,-323],[1608,323],[771,-2015],[-2250,-2389],[1607,-548],[772,-995],[-707,-871],[-1415,-125],[932,-1767],[-1221,-1170],[868,-771],[-1093,-672],[-1576,50],[-611,-996],[579,-871]],[[1231730,605168],[-17040,1469],[-5273,1120],[-9838,771],[-5176,-199],[-2154,-373],[-1865,721],[-1640,-224],[-3150,299],[-3151,597],[-3151,1145],[-2572,-722],[-22763,1767],[-12989,11274],[-47390,3509],[-45461,-199],[-193,-3584],[-11960,-572],[-9324,-61445],[-25303,1916],[-35269,2688]],[[966068,565126],[-32,31133],[0,28943],[0,39893],[32,25360],[-32,32576],[0,69061],[-28872,0]],[[937164,792092],[5112,39420],[3923,30362],[-5402,348],[611,8487],[-8327,398],[4694,38400],[-9806,14210],[-1768,-721],[-225,-697],[-2347,-697],[-2444,-1817],[-4919,-1194],[-2379,-1668],[547,-846],[-1479,-2613],[-2894,-4032],[-16172,12593],[-31218,1916],[2733,21925],[4758,41934],[4372,-945],[45751,-3061],[4180,34617],[2861,23493],[-24627,1593],[868,9481],[1897,26729],[19676,-1070],[3504,36533],[-14918,896],[643,6396],[39514,-1145],[39513,-174],[50798,-2937],[-1157,-9730],[39288,23891],[4630,36384],[17554,-149],[28261,-23419],[1704,-423],[-64,-1070],[59543,-11796],[7330,-1419],[1093,797],[3730,622],[5465,-548],[2219,896],[1061,1145],[4919,772],[1833,-274],[835,498],[4694,448],[3537,1742],[2251,2115],[3247,1319],[1093,1020],[3665,1518],[1222,722],[739,1543],[2347,1493],[1704,2265],[1801,996],[4597,472],[2701,523],[2218,1642],[2347,1071],[2701,846],[2090,1045],[1865,-224],[3890,498],[2443,572],[2798,1493],[771,1319],[1093,722],[-34369,29068],[21348,12567],[-2540,2315],[13697,8088],[-10707,8038],[-27296,20781],[-13085,10004],[36491,24240],[33598,-27450],[9291,8536],[15368,9507],[3633,25036],[3087,21153],[4405,30038],[2507,17670],[675,4255]],[[1334355,1363389],[4727,32378],[76390,-3808],[-611,-6918],[19805,-846],[-707,-12195],[24145,-1020],[32440,-1667],[6302,-598],[44432,-4081],[28679,-1767]],[[1569957,1362867],[23148,-1444],[-5047,-39445],[43371,-2812],[-3376,-20731],[-2218,-18913],[-1672,-11399],[-643,50],[-1383,-12692],[20481,-946],[-2155,-19710],[-385,-1468],[1382,-11174],[33405,-1717],[24531,-1643],[3118,772],[418,-374],[3473,1070],[1511,1220],[96,1493],[2122,1692],[1447,-25],[965,1966],[2218,-224],[932,647],[-418,1195],[2283,548],[-707,1219],[514,1543],[3440,1170],[258,1095],[-1061,1891],[385,1269],[-514,846],[-386,2141],[1383,2165],[2507,1418],[1704,1817],[740,1319],[-97,6570],[1061,373],[-64,1917],[1608,597],[1864,2912],[15143,-1693],[11639,-920],[1125,7267],[23760,-1842],[32118,-2364],[-2122,-14260],[15690,-1120],[20962,-1618],[-2507,-16400],[-579,-5251],[-579,-2091],[-546,-3608],[-1351,99],[-450,-2986],[-2893,199],[-1897,-11100],[-2572,125],[-2894,-22199],[20705,1020],[-643,-2488],[4308,-349],[-3986,-24662],[-3473,2239],[-8327,7392],[-32568,-18342],[868,-49],[-27843,-15555],[-129,-597],[22956,-21253],[-3601,-1916],[-7909,522],[-14114,-7739],[-3794,-2141],[-354,-3111],[-15946,-9133],[-9678,-5649],[-225,-1842],[-1061,-1219],[-450,-2539],[41603,-34393],[2058,1269],[2701,1145],[2057,2464],[-128,1120],[-1190,1443],[64,1419],[2894,1742],[3215,497],[900,2091],[1125,-25],[3183,1070],[2798,-2563],[225,-996],[1414,-572],[1222,-1369],[11671,-10278],[3472,846],[4019,274],[2443,672],[2187,2240],[2572,1742],[2475,1991],[1190,4579],[739,2040],[1994,1817],[1318,2588],[3761,3659],[2798,672],[6591,4355],[4115,3235],[2668,1344],[2894,2314],[1672,747],[225,697],[3247,1941],[3408,1219],[2508,523],[1029,1419],[5144,871],[5948,1941],[1607,1269],[772,1916],[0,2265],[418,1195],[2861,2787],[10867,-9581],[5209,2986],[4308,-3260],[2604,-697],[6398,-5052],[9485,-7640],[-2251,-1369],[6076,-5376],[644,-348],[11670,-10303],[26846,-23518],[10546,5998],[22987,-20009],[-16911,-9830],[32,-1095],[-1350,-1394],[3312,-5450],[4758,-6396],[2668,-3907],[-1704,-4579],[33,-1817]],[[2762816,1179029],[2476,-1070],[129,-1767],[1607,-149],[3247,-1195],[2926,125],[-64,-2290],[1929,-6620],[1832,-1020],[1061,299],[1544,-896],[1061,-2116],[1607,-2314],[-739,-1319],[1125,-1444],[2861,-2488],[1865,-2215],[-836,-1145],[1318,-1219],[611,-1170],[1383,-647],[2508,-1991],[385,-1518],[-1479,-572],[-932,-1021],[-1061,-199],[-1029,-1170],[2540,-1543],[2411,-771],[97,-1419],[2250,-1443],[3151,-1020],[4566,-797],[2540,-1767],[1929,-497],[3247,74],[868,-1518],[-997,-2215],[1093,-1891],[3215,-523],[418,-1344],[1962,-1368],[3279,-249],[1961,373],[804,1468],[997,5152],[2443,2464],[4083,1418],[643,-796],[1576,-3310],[2122,149],[1768,2613],[4758,423],[2637,2265],[225,722],[1897,896],[-290,1070],[1543,224],[1415,2439],[-32,945],[2958,996],[1029,-622],[-258,-1245],[2380,-1070],[836,-896],[1478,125],[772,-1543],[-386,-1294],[1897,-772],[515,-2016],[932,-1343],[-611,-2016],[1865,-2365],[2379,-597],[739,274],[1447,-1493],[-321,-871],[2379,-871],[2090,-2265],[1704,-747],[1189,-1144],[32,-1518],[1640,-2862],[675,-2315],[-2925,-572],[-1190,-946],[-2797,-1319],[-193,-1891],[-1029,-548],[-1125,-1667],[-290,-1195],[-1704,-1817],[-2089,-248],[-740,-1892],[-1382,-1319],[-2862,-622],[-1575,-1419],[-354,-1766],[1640,-946],[1607,-373],[1126,-2340],[3472,-4206],[37166,-1244],[23342,-995],[-707,-8039],[15914,-622],[-739,-8437],[51377,-3235]],[[2990573,1065994],[-708,-1667],[-3408,-4107],[-1318,-49],[-1029,-1518],[386,-3733],[1736,-2365],[-1479,-1767],[-2443,-49],[-1833,-996],[-707,-1493],[-2733,-2066],[-5272,-2712],[-1576,-199],[-1961,1692],[-1929,-25],[-4726,-2713],[-7974,-398],[-4501,921],[-2025,1767],[-1801,124],[1351,2116],[-225,1966],[-1061,522],[-2765,299],[-3762,846],[-1286,-249],[-1415,-1020],[-2443,-971],[-900,-1468],[-1544,-1219],[-482,-1070],[579,-1892],[-1029,-1269],[-3826,-1692],[-3247,298],[-1865,846],[-1543,1344],[-2154,573],[-1479,-25],[-1961,-1668],[11092,-18042],[-1415,-224],[-13214,1169],[-5337,-3036],[-7684,573],[-1479,-7939],[1447,-1195],[-418,-1319],[-1254,-6570],[-289,-2389],[-17812,1294],[-2347,-15355],[-12828,473],[-6141,-3260],[-5241,-7217],[-2154,-2688],[-2282,-1618],[-1640,-1817],[-161,-1144],[-15111,-8910],[-17265,-9631],[-1125,-274],[-354,1693],[2701,16947],[1993,12021],[1640,10776],[-35237,3011],[-20030,1667],[-3505,-1219],[-2411,-16276],[1897,-1991],[-1222,-7516],[-1414,-7615],[-2380,249],[-578,-747],[-19516,1643],[1704,-1643],[2829,-6122],[-46329,4007],[1254,6918],[-5626,498],[-386,-199],[-15336,1394],[-3440,522],[-10449,772],[-14179,1194],[-1511,-8859],[-1222,-7541],[-2186,-12418],[3215,-274],[-804,-3136],[-128,-2712],[-4694,-20756],[-257,-2066],[-3087,274],[-3311,-20606],[-11800,597],[-482,125],[-11767,547],[-19194,1593],[-32,125],[-21413,1791],[675,4704],[-96,5699],[321,3833],[804,5997],[-12185,25],[611,-846],[546,-2091],[-1061,-6943],[161,-1543],[-1479,-7839],[10674,-17545],[-1254,-672],[1351,-7939],[225,-7690],[-1672,-2439],[-5948,-2464],[-4919,448],[-3215,1220],[-17104,1792],[-13472,1294],[-6558,696],[-18809,1743],[-289,2513],[-1125,1916],[2475,14484],[-22859,1742],[-1350,50],[-579,-945],[-2186,-896],[-482,-1394],[771,-1443],[-739,-424],[-1061,-3110],[-1254,-1593],[-3022,-473],[-708,-1269],[-2250,-1145],[-643,-3335],[354,-771],[-1158,-1444],[32,-1368],[-3022,-946],[-900,-1020],[-354,-1618],[-2411,-2290],[-2572,-1368],[-225,-2016],[-1833,-1867],[64,-1667],[-771,-672],[-1736,-473],[-2219,-2812],[-29418,2090],[3055,19412],[193,12617],[1704,-1194],[6398,-373],[3343,5076],[1736,13240],[1126,7889],[675,448],[161,1792],[-28132,1493]],[[2400895,914733],[-868,-50],[-1930,871],[-1993,175],[-2058,1816],[-3986,150],[-1254,348],[-5755,-1219],[-3505,5848],[-14757,5525],[-7652,796],[-3054,-3285],[-6591,-1393],[-2701,-4405],[-12217,1045],[1125,6993],[5916,-448],[3987,23493],[-225,-199],[-25399,2140],[-258,249],[-26138,2290],[-3119,995],[-1865,-572],[-3279,-199],[-2636,472],[-11542,971],[1125,2041],[-97,995],[1190,1867],[225,2364],[-643,672],[-3440,1742],[3633,1568],[868,970],[0,2066],[-9067,647],[-321,348],[-5948,100],[-2797,572],[-1865,-224],[-5048,374],[-3150,-398],[-3119,1717],[-10545,547],[-11478,423],[-1994,174],[-2218,697],[-707,-672],[-3440,150],[19740,11124],[3151,971],[-643,3036],[2379,1418],[4051,747],[868,771],[3215,623],[3344,20904],[1511,9582],[1415,12194],[-2090,-722],[-2797,-1692],[-3312,-1244],[-1800,-1444],[-5755,-522],[-2765,323],[-2347,-323],[-4308,423],[-2669,-1344],[-1833,-174],[-2829,2314],[-321,1294],[-1319,971],[-3247,99],[-3954,4903],[-4984,2389],[-578,1444],[1253,2339],[258,1369],[1254,2439],[1253,3185],[290,2464],[-1736,2538],[2443,1917],[-20769,1518],[2572,18067],[-33952,2389],[4727,30387],[1125,6545],[-11189,871],[1126,7466]],[[2151083,1127439],[643,3236],[-10192,746],[2186,15380],[225,100],[2862,19162],[803,6844],[4405,32925],[1447,9905],[-289,0],[2443,18068],[547,2812],[25367,-1842],[160,-448],[2797,-174],[1737,11871],[1221,498],[-1511,2065],[2829,19561],[418,1618],[-96,2439],[5691,2912],[1221,1169],[1608,2489],[3569,2240]],[[911379,1495438],[-22441,-13165],[-12925,8586],[-16814,7516],[-1544,174],[-4211,-2837],[-8906,-5724],[-7588,-4604],[-8102,-5177],[-36202,-20158],[-15078,-8412],[-9260,-7316],[-13825,-10477],[675,-3410],[3762,-22697],[-64462,4256],[-37102,2514],[-33727,2538],[-2282,-16326],[3151,-224],[-772,-6594],[-14918,-9159],[-8327,-3559],[868,-1319],[-257,-1543],[-804,-1119],[2829,-1767],[708,-2141],[-258,-2115],[868,-846],[3119,-871],[1608,-2663],[96,-1667],[547,-598],[-27489,871],[-53949,3335],[-611,-174],[-44465,1792],[-10995,373],[3890,37454],[-58000,2688],[14017,8984],[-52759,40789],[-16783,-10477],[-14886,11274],[-56874,-35215],[6944,-7018],[-15111,-9108],[-13696,-8064],[-25238,-13364],[-5305,-3011],[-21831,18018],[-8198,7118],[-16397,11895],[-41057,-23020],[-12120,672],[-137638,7839]],[[1254,1408185],[-32,34543],[-32,36160],[0,18068],[-33,25310],[0,15902],[-64,31109],[-32,21701],[0,32502],[0,18067],[-32,32552],[0,18068],[-32,22497],[-32,35364],[-33,36161],[0,23020],[-32,34866],[-32,32552],[-64,36160],[0,36185],[-32,38176]],[[772,1987148],[52405,-2389],[1897,16649],[3666,34593],[53048,-75],[-8616,-5649],[20448,-16276],[12989,-10652],[-17812,-11796],[40510,-33945],[12828,-473],[8746,7117],[31765,26828],[9259,7864],[18937,5849],[23438,15703],[23052,15430],[29546,19237],[3248,2066],[-1222,1020],[17490,11000],[28261,-23816],[86099,-1867],[1222,7566],[-1575,11099],[25495,-1642],[19162,-249],[6045,-174]],[[501103,2060166],[-129,-4878],[0,-27326],[-3697,-32775],[-1865,-28321],[-50927,895],[-161,-23169],[-160,-7292],[-45140,-26355],[3536,-1767],[-3022,-2289],[-450,-772],[1929,-5151],[-3215,-23045],[28003,-22647],[-13728,-27823],[-2733,-8960],[27232,-21427],[-11253,-7018],[56875,-39396],[-33823,-22198],[33244,-2041],[-771,-9830],[3504,-100],[39160,-2165],[1575,17470],[39353,-2040],[2443,16400],[26943,-2115],[13696,-16898],[-97,-921],[57357,-2937],[-675,-7814],[-6140,-10154],[13374,-572],[52953,-2290],[3697,-174],[257,-2165],[-321,-5177],[21444,-1045],[13343,-324],[1029,20855],[14178,14061],[37713,24514],[10803,-8661],[17426,-9780],[10449,-8860],[-4373,-2513],[22152,-19885],[3183,1717],[2218,846],[3376,872],[2058,1219],[1447,1294],[1318,3235],[2154,1195],[-161,821],[1479,249],[1157,1568],[33,1443],[900,772],[514,1642],[1929,473],[483,996],[-611,1070],[1093,1294],[3215,970],[3697,3982],[1865,1419],[965,2912],[1671,1169],[836,1294],[2476,1494],[-97,1070],[2026,2414],[96,1120],[1061,1518],[1222,597],[2058,2414],[2025,174],[7524,-1095],[4661,324],[4244,-1245],[483,-697],[1864,-995],[1286,-25],[1929,-1244],[1576,-299],[1993,174],[-1157,-13239],[42600,-2987],[30093,-1792],[9902,-497],[193,1667]],[[1024968,1724594],[14725,-12070],[8102,-5898],[-2572,-3434],[-29707,-17969],[-23663,-14434],[16332,-13887],[21992,-18938],[-17137,-8910],[-3761,2987],[-11221,746],[-2604,25],[-418,-2488],[739,-2240],[965,-1170],[2540,-11995],[385,-423],[4276,-2713],[1801,-11572],[-804,-747],[-1897,-5550],[2508,-7466],[-39610,-23368],[-2958,-398],[-611,-3036],[386,-249],[10771,-2514],[7620,-6047],[-21606,-12991],[-17554,-11100],[5015,-3882],[2187,-1941],[-40125,-23319],[2315,-2165]],[[4959103,453882],[64,1469],[1479,2488],[-643,2066],[-5465,7790],[160,1194],[-2186,4878],[-4790,6271],[-1994,3410],[-257,2364],[-836,2563],[-2604,3559],[-289,896],[611,1692],[1671,2837],[322,1369],[-997,3584],[-1221,3160],[-1190,2240],[-97,1444],[2122,4952],[418,2688],[-128,3360],[-965,3907],[-1254,2264],[579,1071],[2765,1767],[675,995],[1929,871],[6881,2140],[5497,622],[3408,-24],[3666,846],[3408,1568],[1478,74],[1640,-945],[1897,-100],[-675,-2314],[-1125,-1120],[-1672,-3335],[-3665,-8586],[-3762,-10004],[-1897,-5799],[-1479,-5301],[-1222,-6047],[-932,-7018],[96,-8313],[836,-4803],[1544,-5126],[2475,-4480],[1704,-2489],[322,-2015],[-1222,-1170],[-1479,-2464],[-257,-2538],[-3344,1592]],[[4904415,455326],[-3730,1244],[-514,821],[514,1718],[1318,1592],[2315,1071],[1994,-1344],[3182,-1070],[-1511,-2912],[-1286,-1095],[-2282,-25]],[[4900492,449502],[1190,-1368],[771,-2738],[-128,-1145],[-1158,-1518],[-1028,-273],[-3666,1916],[-96,871],[1254,622],[-65,1568],[1833,1767],[1093,298]],[[4900396,433699],[-1158,921],[-418,1269],[-1993,1718],[2186,746],[2154,-25],[868,-597],[-257,-4231],[-1382,199]],[[4880816,391367],[-5112,2688],[-1093,995],[-10706,1095],[-386,-1966],[-3665,374],[-258,50],[-1254,99],[-1511,-6147],[-2057,174],[-322,-896],[1222,-522],[-932,-2215],[257,-3285],[-5562,-1717],[-3344,199],[-2861,-1419],[-6045,697],[-900,-1543],[-6719,821],[-1383,-50],[-4501,648],[-2636,721],[-4148,1693],[-1189,1418],[-1544,747],[-3858,373],[-2733,622],[-2250,846]],[[4805326,385867],[-65,1319],[-2057,2315],[-1897,721],[-2122,1245],[-2026,298],[-1060,-373],[-2701,224],[-965,796],[-1993,722],[-965,1593],[-4854,3285],[-2122,-274],[-2058,-3633],[-900,-598],[-1383,498],[-225,3360],[-739,2016],[-1415,2439],[161,2439],[772,1269],[257,1742],[-1769,2464],[-1768,472],[-3279,-547],[-322,-921],[2990,-746],[322,-1344],[-2669,-423],[-2893,-871],[-1093,-1369],[-3601,-398],[-3987,672],[-2315,74],[-900,1021],[-1222,-299],[836,-1145],[-1768,-871],[-2315,50],[-1672,871],[-4372,-3061],[-1511,746],[-1897,-448],[-933,722],[0,1319],[1672,6172],[1383,2290],[1896,373],[2122,-149],[-32,1269],[-996,423],[-2412,-100],[-2443,921],[-1383,2140],[-3054,2414]],[[4737584,418991],[2508,249],[546,2987],[933,696],[-643,1021],[-901,2762],[161,1319],[1865,-199],[997,4256],[-386,1543],[-1061,99],[482,2141],[1061,1119],[193,1942],[-739,74],[450,2016],[-1865,224],[-322,1493],[965,1369],[-1993,448],[-1351,-772],[1254,5650],[-1511,149],[322,1518],[-3601,373],[611,2763],[-5177,547],[-289,-1294],[-2122,224],[-257,-1219],[-2315,249],[-579,-2514],[-1318,-771],[-2154,224],[1447,5848],[2122,1294],[1575,199],[4662,2564],[2283,472],[739,1792],[1704,299],[4598,-274],[1832,1070],[1158,75]],[[4743468,463016],[643,-423],[-515,-2962],[1865,-199],[1543,697],[1608,-1294],[996,124],[1383,-2040],[32,-1668],[-1704,-373],[-1222,-796],[-450,-1792],[257,-2464],[2347,-1792],[1962,-2563],[-290,-971],[257,-2140],[7427,-846],[1286,1294],[3698,-548],[386,-796],[1768,-1344],[1543,-398],[1768,-1145],[1801,-473],[1929,299],[2090,-1070],[1189,323],[2637,-448],[1157,1145],[3119,1593],[771,-722],[6527,-746],[675,3409],[5080,-523],[611,2862],[2636,224],[6237,-3160],[2572,25],[2026,771],[96,672],[2154,821],[3537,-970],[386,1518],[-900,647],[2765,1817],[-772,1045],[-482,2439],[996,647],[-771,995],[321,1369],[1962,-224],[-129,1195],[-1543,373],[-675,1170],[257,1518],[2475,1568],[1640,547],[193,1319],[1768,1419],[772,1567],[-707,1120],[-1190,722],[96,1668],[3280,323],[1447,1045],[932,2116],[5241,-2464],[1221,124],[611,1245],[-482,1543],[771,1219],[1061,572],[2830,200],[5530,-697]],[[4845804,472274],[643,-1518],[96,-1991],[547,-2912],[1929,-2514],[3279,-1567],[740,-1618],[6816,-3459],[707,-598],[4983,-1667],[4662,448],[2733,-1269],[1222,-1643],[6076,-945],[4791,5350],[4308,-1866],[-4469,-4953],[804,-298],[2089,-3012],[-1511,-945],[1222,-2091],[-32,-1692],[804,-1817],[-611,-946],[-1190,299],[-900,1817],[-2090,1891],[-5208,1543],[289,-1344],[2412,199],[2282,-572],[1672,-1867],[64,-1194],[1608,-2364],[-2829,-822],[-997,-1742],[-1608,-224],[1576,-2115],[1543,-647],[2444,25],[-901,-1668],[-1446,-821],[1189,-1319],[932,622],[-225,1369],[2347,-1219],[-385,-846],[2154,-1394],[-643,-498]],[[4889722,425860],[-1158,-174],[-868,-1344],[-193,-1866],[-2700,-598],[-193,-1717],[1382,-348],[-1929,-1469],[1704,-2588],[2058,-373],[1093,-1095],[-2379,-871],[-1672,-50],[-1383,-1170],[579,-1144],[-1832,-598],[-2476,-1269],[611,-1792],[2475,274],[290,-2265],[1865,-373],[835,-2290],[-3022,-348],[-675,-1966],[900,-846],[-1607,-1220],[482,-547],[-482,-1493],[-1833,-1095],[740,-1095],[-836,-971],[1447,-572],[-129,-1220]],[[289,2736759],[-32,26330],[0,36185],[-32,36160],[-32,32228],[-32,50769],[-65,59379],[0,20457],[-32,36185],[-32,18093],[0,36185],[-32,36210],[0,20855],[3054,-2190],[4212,-1891],[3472,-2240],[386,-1344],[3151,-871],[1608,-771],[2057,-1767],[3054,-4331],[6109,-3061],[740,-672],[-65,-1194],[1447,25],[3215,-2514],[4308,-2887],[1929,-1592],[4244,-1842],[4791,-2339],[3151,-1046],[1350,-895],[-322,-1743],[1929,399],[2476,-1394],[3119,-1419],[5112,-1966],[3279,-1070],[6205,-1667],[4662,-996],[9099,-1567],[1832,-498],[4727,-3211],[2893,-1219],[5594,-1269],[1608,-946],[3376,722],[160,1020],[9967,-174],[1704,-348],[6527,-2215],[4597,-1867],[3762,-2289],[3890,-1568],[1736,0],[1769,473],[3183,149],[2443,-199],[1704,-1319],[1768,-75],[4084,-1294],[2379,-174],[675,896],[1447,249],[6237,-548],[5916,-75],[2668,-572],[1029,1070],[10867,597],[2540,-373],[514,324],[5498,846],[2733,174],[5433,672],[933,547],[1511,-746],[1254,-50],[4212,-946],[1350,-821],[2990,-2887],[1865,-1070],[6591,-2389],[7008,-1891],[5016,-1095],[1029,-871],[1704,-150],[5240,-1667],[1801,-1319],[4983,-1792],[4148,-1120],[6751,-1344],[3955,-672],[1640,-497],[1414,-1494],[2219,-1119],[3408,-1170],[9066,-1618]],[[283120,3061728],[-1543,-15504],[5658,-3186],[61698,-34592],[1929,19685],[7234,-398]],[[358096,3027733],[2186,-921],[8006,-1792],[2347,-323],[2797,-1170],[-1190,-3036],[-2025,-2588],[-836,-1941],[-1126,-4032],[-160,-2812],[289,-1643],[1575,-4131],[226,-1468],[707,-1220],[96,-1543],[772,-1443],[772,-3434],[771,-5749],[1254,-2091],[64,-1219],[2090,-3136],[225,-1568],[643,-273],[1543,-3012],[2765,-3957],[1737,-3509],[2636,-3459],[1704,-2937],[804,-3260],[1125,-796],[2958,-3932],[1382,-747],[5273,-3882],[1415,-548],[4083,-2090],[9066,-4081],[708,-822],[1221,-74],[2637,-946],[3697,-1767],[3537,-548],[4694,-1368],[1511,-946],[3633,124],[3569,-124],[4115,100],[4533,423],[6237,0],[2765,-423],[2026,-946],[6269,-2439],[2508,-1568],[4533,-771],[4341,-1469],[5980,-3210],[3665,-2912],[2861,-1194],[5048,-1767],[2572,-1842],[3183,-2588],[547,-1045],[-2283,-50],[-1318,-473],[4115,-1817],[3376,-647],[836,-871],[1254,224],[1639,-871],[1704,299],[1608,-498],[2025,-1145],[1351,-2837],[964,-1393],[1576,-1046],[-161,-995],[1704,224],[900,-1319],[2219,-1593],[4951,-1618],[1575,-1294],[2476,-1443],[2700,-199],[5337,-1344],[2219,50],[5819,-946],[515,-323],[3086,49],[129,-1145],[1993,-99],[1865,672],[3601,-1120],[1157,-1344],[1190,-323],[1479,-1245],[1575,-149],[1415,622],[611,-1070],[-643,-1493],[6558,896],[4051,-324],[2090,-1170],[707,100]],[[578425,2886800],[-1318,-3808],[129,-1169],[1479,-1269],[2958,-896],[2636,-1220],[1672,-1692],[643,-2091],[-225,-2215],[-1286,-1742],[-2379,-373],[-2187,1319],[-1768,-75],[-1800,-672],[-2219,25],[-1897,-373],[-321,-1418],[1575,-1220],[2862,-174],[771,-1220],[-1447,-1269],[-192,-1369],[1864,-1219],[3794,-299],[3408,-1344],[868,-1617],[-161,-2041],[-1382,-1194],[-2701,199],[-2765,2638],[-2475,522],[-1672,-273],[-1125,-1071],[-933,-3285],[290,-1319],[1607,-647],[2186,772],[1447,-25],[1447,-946],[450,-1418],[-836,-846],[-3504,-274],[-772,-373],[-2122,-2116],[-868,-1443],[-450,-1767],[482,-1170],[3312,-2016],[-354,-1792],[-2058,-2488],[-578,-1444],[-1415,-1095],[-2540,-572],[-1929,-1195],[-1704,-1767],[97,-821],[2861,-1294],[739,-1418],[-32,-1543],[-1447,-1618],[-2829,-946],[-1704,-1966],[579,-1568],[3054,-1742],[3665,-672],[1769,-1816],[-225,-2464],[-1511,-1692],[-3441,-3012],[-1318,-2240],[-546,-2165],[546,-1020],[1994,-1294],[2540,373],[2025,1867],[1575,796],[1833,75],[3215,-996],[2347,-1095],[1736,-1692],[1865,-971],[1672,-1393],[-32,-1170],[-1736,-2016],[-1544,-398],[-2990,-174],[-1672,647],[-996,1344],[-1608,547],[-1993,-771],[-1254,-2564],[1157,-696],[2798,-274],[6365,-3609],[2540,-1692],[483,-1095],[-804,-2165],[128,-1095],[1351,-2290],[450,-2464],[-64,-4031],[-579,-2588],[-772,-1892],[0,-2364],[2669,-3733],[2700,-2090],[1672,-921],[2926,-1145],[193,-846],[-386,-4206],[354,-1792],[2154,-1841],[3311,-2190],[3408,-1743],[1704,-1468],[2251,-2513],[129,-1145],[-1737,-2439],[-257,-1070],[1608,-2116],[2443,-1866],[290,-1369],[-869,-2563],[-1093,-1991],[-1157,-772],[-2090,-273],[-257,-1568],[932,-647],[97,-2514],[1543,-2389],[-579,-1891],[-2218,-2439],[-290,-1195],[386,-1966],[1158,-1866],[-1447,-2713],[900,-2489],[-997,-1468],[-1607,-1269],[-836,-1244],[225,-2514],[2379,-1145],[450,-722],[-160,-2040],[1028,-1518],[-289,-1618],[-1157,-1642],[-740,-3086],[1286,-1643],[-546,-4579],[707,-2514],[0,-1493],[-900,-3384],[96,-2813],[-868,-3334],[-3183,-25],[-1157,-1195],[96,-796],[2347,-2414],[-96,-1568],[353,-3086],[-803,-1742],[-3762,-3161],[-289,-995],[-1544,-1244],[997,-772],[161,-1020],[-997,-2514],[-1286,-1070],[-418,-3086],[1093,-1866],[-418,-2215],[-1639,-2813],[-1576,-2190],[-5176,-3533],[-4212,-3858],[-418,-1120],[515,-1841],[-386,-1170],[-3923,-1991],[-1832,-2638],[-3762,-2339],[-193,-1966],[-964,-2041],[-2186,-1045],[-804,-822],[514,-1642],[5530,-3136],[1029,-1269],[-418,-2090],[-1222,-1792],[-289,-1369],[418,-1891],[-1029,-1120],[-2636,-797],[-1447,-1294],[289,-1194],[3151,-1295],[1768,-1542],[161,-772],[-964,-2638],[192,-2489],[1544,-2040],[2958,-921],[160,-1269],[-2411,-1842],[-386,-1045],[772,-971],[1543,-274],[3119,573],[1189,-373],[129,-921],[-2315,-1618],[-161,-1120],[1415,-846],[2668,-572],[3055,-2464],[1029,-1842],[225,-1991],[-1029,-1816],[-1286,-399],[-2604,498],[-1351,-622],[482,-2190],[3280,-3534],[2733,-1568],[225,-448],[-354,-2862],[740,-1443],[1125,-423],[3247,-349],[1865,-771],[1865,-1369],[2121,-3036],[483,-2514],[3215,-1617],[2379,-349],[2572,2141],[1575,-175],[290,-2961],[-1351,-2115],[-1736,-1842],[901,-1170],[2668,-1294],[2122,-1369],[1640,-1468],[2089,-1319],[515,-946]],[[616267,2526690],[96,-2165],[965,-497],[1511,224],[964,796],[2894,274],[965,-846],[900,-1618],[1350,-3360],[0,-2762],[-1029,-2315],[1126,-2712],[-611,-1270],[-3312,-622],[-1639,-1592],[-97,-896],[2122,-2390],[96,-1592],[-675,-3360],[515,-1891],[996,-1618],[1929,-1667],[836,0],[4823,-1867],[965,-1095],[257,-1244],[-997,-2862],[-321,-2613],[643,-1643],[2122,-3384],[1478,-1643],[2476,-1742],[675,-796],[3955,-2813],[1382,-1518],[804,-2289],[1222,-1070],[3215,-1568],[997,-1170],[-33,-1120],[-3215,-1792],[-868,-1443],[772,-3061],[-450,-1742],[514,-3011],[-161,-2016],[1672,-1717],[3569,-871],[2283,-1095],[611,-1842],[-1512,-1095],[226,-1742],[1575,-747],[2958,75],[64,-2290],[-2733,-1194],[-771,-1245],[803,-846],[1640,-672],[289,-1418],[-2218,-1394],[-450,-1916],[1286,-1394],[482,-2339],[1318,-871],[1608,-2837],[-1157,-3211],[160,-1169],[997,-1842],[1929,-1568],[129,-721],[-1608,-2613],[1672,-1917],[1800,-149],[997,-722],[1222,-2264],[1382,-1743],[161,-846],[1640,-2513],[-290,-1493],[-1929,-1942],[322,-1169],[-1093,-4281],[578,-1593],[-57582,3261],[-578,-7616],[-34723,1568],[2540,30262],[-49127,2564],[-38002,1991]],[[488564,2424133],[546,36483],[8167,-448],[3022,31606],[-66166,4007],[-45076,2788],[1222,13687],[-6688,523],[-3440,1891],[290,2937],[-3601,3658],[-2862,1842],[12218,14384],[-3891,1792],[12861,15131],[-21445,9905],[-34851,-22224],[-19805,14310],[-804,622],[2508,548],[1961,1120],[2058,821],[1929,1294],[2990,1244],[3954,448],[5048,1867],[6494,1792],[2733,174],[-28936,24264],[-22730,-15106],[-37488,-24862],[-13857,-9208],[-41089,31581],[-7652,5799],[-18647,-12418],[-6205,-4007],[-16815,14484],[-52631,2016],[804,8362],[-39964,1816],[4341,55398],[739,13314],[1286,26529],[707,16127],[8231,31507],[-77741,4828]],[[189818,2808556],[2315,-373],[3022,-1045],[4534,572],[5401,175],[1640,-399],[2540,100],[9131,-1244],[321,-623],[5562,-1866],[2894,-1568],[1736,-622],[1061,-846],[2700,-797],[5563,-49],[2668,-921],[1865,-274],[4597,299],[3473,-349],[3376,274],[4661,-324],[5627,-1990],[3826,-921],[1221,-747],[4180,-1443],[1801,-1220],[643,-1916],[1221,-1643],[-96,-2289],[-1672,-2091],[-707,-1667],[385,-1419],[2090,-1941],[2187,-1045],[4340,-871],[2861,44273],[5080,77423],[-21541,921],[-27328,8635],[-4340,3410],[-7556,25],[-36459,1368],[-2926,-70304],[-1061,-18466],[-578,-11573],[-676,0],[-2218,-1841],[1961,-1394],[675,-1394]],[[2520753,2907207],[1543,10751],[-1833,1020],[-771,1095],[96,2016],[-1864,2414],[-868,1717],[225,2166],[-901,1966],[-1028,1269],[964,1344],[-1125,1294],[-1929,1244],[-3312,3360],[-3086,1319],[-3440,2887],[450,1294],[-579,697],[1897,3011],[321,2887],[-675,821],[1640,1394],[2122,149],[-772,2091],[1640,472],[161,1319],[-2572,2265],[-418,1468],[-1897,473],[128,2389],[-996,1668],[-1029,99],[-32,1842],[-1383,846],[-739,1195],[482,1617],[-1061,1145],[-3054,-597],[-1640,-2464],[-11478,4156],[-2411,4579],[-2894,224],[129,9432],[-11060,697],[1640,2538],[-1511,822],[-290,970],[-3022,125],[-1929,3683],[547,946],[-418,2239],[-643,448],[-3344,523],[-932,1195],[-901,2115],[901,796],[-676,672],[-1800,398],[-354,672],[-2122,523],[193,1468],[-675,324]],[[2452368,3008695],[386,995],[1254,473],[1768,1543],[-225,1244],[-3119,1195],[-1704,-373],[-289,1493],[1029,896],[-1479,2638],[2090,1145],[4501,3110],[1318,2564],[-1575,821],[-901,1319],[-514,2090],[868,324],[193,1170],[1125,622],[836,2588],[3762,2066],[964,1468],[-1029,498],[-417,3160],[610,1668],[-610,1194],[2443,3733],[1286,398],[643,2091],[-836,846],[2315,1817],[1768,3857],[-1382,1120],[-1929,2140],[-3987,249],[1415,1468],[1704,424],[1768,1543],[-2347,696],[-1093,1095],[-2026,399],[-546,1518],[4019,1269],[771,-473],[2283,697],[-3054,1767],[1318,995],[450,1170],[193,2414],[-1833,672],[-193,1170],[-1543,1468],[-321,821],[610,3136],[-1221,1717],[-97,2663],[-996,1045],[160,1767],[-1286,1916],[-1029,747],[1833,2165],[-2668,1319],[-1865,224],[-868,1244],[160,1618],[-2636,896],[-1929,1269]],[[2450664,3101696],[3858,2638],[1415,1692],[51763,-24],[45943,-25],[103590,49]],[[2657233,3106026],[3537,-7540],[2347,-473],[1093,-1095],[-257,-747],[193,-10153],[1028,-847],[22956,-5151],[1383,-2738],[-1158,-4156],[-354,-4255],[611,-1668],[15336,-3086],[14275,-14384],[965,-324],[1446,-2613],[965,-2961],[9195,-4629],[11124,-5202],[1736,-273],[226,-672],[-1544,-597],[-17618,-9009],[578,-2066],[-610,-1991],[14435,-12593],[10353,-19685],[1447,-1767],[610,-2762],[-1061,-2365],[-1575,-1742],[-1415,-11049],[1447,-473],[1511,-2539],[161,-1468],[-482,-1244],[2765,-5873],[-4919,-3534],[-2347,-1195],[2347,-5674],[257,-1319],[5208,-5550],[1479,-1045],[-868,-2837],[-161,-3609]],[[2753878,2931073],[-131561,-398],[-21187,50],[-4244,-124],[-3376,248],[354,-1368],[-2701,-1991],[-3086,-772],[836,-821],[-386,-2663],[-2412,722],[-1061,-1045],[1801,-896],[-1318,-2887],[-1608,-622],[-3022,199],[129,945],[-9292,672],[-64,-473],[-4919,349],[-3891,50],[-160,-1170],[-2026,324],[-1222,721],[-610,-2862],[-1254,100],[-708,-5625],[33,-1941],[900,-1095],[-3247,-771],[-1222,25],[-2090,-2190],[-2669,721],[-1125,1145],[-1479,2688],[-2411,1194],[-740,946],[-2957,-1244],[-643,-2165],[-1994,-423],[-1318,298],[-1190,-1916],[-1221,-771],[-2669,-872],[-2733,-174],[-707,797],[-1768,547],[-2829,149],[-418,125],[-1640,398]],[[2561424,2989557],[-1865,921],[-1286,2314],[32,1693],[-450,3085],[-1608,1419],[-4340,2588],[-611,-25],[-2733,2937],[-964,3385],[-708,1269],[-1157,274],[-3826,3135],[-1447,1916],[-1350,299],[-932,2962],[193,3658],[643,2514],[1478,3509],[836,1418],[-643,2115],[290,2489],[1093,2738],[4147,3807],[3891,3161],[1189,124],[1415,921],[321,1369],[-675,1767],[-1382,1617],[1125,2016],[3633,3410],[2025,-249],[2026,473],[-611,1991],[482,572],[-3118,1195],[-1447,2389],[-2347,1244],[-386,871],[-1961,1618],[-1125,-224],[-1737,547],[-964,-298],[1157,-2016],[643,-2439],[-3343,-2339],[-740,-822],[-1350,-373],[-2379,373],[739,-1592],[-3440,-1071],[-4469,-199],[-3344,722],[-835,722],[1028,1393],[-418,1170],[-1671,1767],[-1576,1195],[-836,74],[-932,-1468],[1350,-2240],[-4726,-1020],[1061,-1269],[3183,-2464],[1318,-1518],[-2154,-1767],[322,-1021],[4243,-3334],[772,-2041],[-1061,-1792],[97,-1344],[-804,-1617],[-1415,-847],[-482,-1119],[1511,-1519],[-32,-1717],[-868,-771],[-611,-2091],[1543,-1219],[-1157,-697],[-161,-1443],[1350,-1394],[-1575,-473],[836,-1792],[1286,-1767],[1993,-1891],[-771,-2464],[1639,-1194],[836,-1917],[2122,-2488],[1093,-3037],[1447,-1194],[3151,-1369],[-965,-547],[2058,-3435],[1479,-1070],[2218,-2115],[900,-2738],[1158,-672],[2765,-3782],[-225,-1842],[12924,-995],[-1028,995]],[[2541972,3032437],[193,49],[-450,175],[-32,-50],[289,-174]],[[2540204,3058991],[32,597],[-643,647],[-64,-348],[675,-896]],[[578425,2886800],[708,75],[1736,1667],[2668,-348],[2958,1070],[2412,-996],[514,-1120],[3537,-2488],[64,-1045],[-1640,-1120],[-96,-2165],[3729,49],[-1189,921],[643,1419],[1221,-100],[10996,-3683],[6848,-1643],[1383,-124],[4372,-1095],[4630,-1792],[2218,-1344],[708,-1443],[-3023,-1170],[1158,-597],[-161,-2738],[675,-1418],[1447,-1917],[4180,-3633],[4854,-3161],[3119,-1617],[3247,-1419],[4566,-1070],[7619,-1269],[4598,-249],[14500,-224],[10899,1070],[5884,1195],[4147,522],[1511,-423],[675,523],[3826,747],[3023,99],[1961,572],[4951,697],[1768,-99],[2122,-1046],[3890,1195],[6463,1195],[2186,199],[2283,-299],[1832,572],[2894,274],[1897,-124],[1575,398],[5755,896],[1576,398],[6012,224],[6719,597],[5080,1369],[7041,1220],[6398,2264],[5819,2240],[2605,1792],[3793,946],[1769,970],[1575,-174],[1383,-747],[8520,846],[6173,1469],[6044,1617],[6173,2713],[4855,3335],[2025,746],[1994,125],[3600,970],[1994,-24],[2700,1493],[1640,323],[1640,996],[3440,1493],[7105,3758],[5337,3907],[2154,1941],[4244,2638],[740,1170],[1639,498],[2444,1368],[2733,423],[1704,747],[1447,1344],[771,99],[3280,-1095],[1832,50],[1318,-672],[1254,374],[997,1020],[1254,2165],[4887,3509],[3440,1444],[0,970],[6462,1269],[6173,1991],[1543,75],[4244,1642],[2283,2439],[3762,2813],[1736,3434],[3279,3360],[482,846],[3023,3111],[707,273],[2797,2688],[161,1742],[1382,1717],[354,1917],[1286,2687],[64,1593],[1865,4828],[-96,2364],[418,2389],[1446,3261],[32,2886],[836,448],[740,4580],[128,2289],[1094,4505],[1093,1816],[2057,2439],[643,1294],[-643,573],[193,1617],[2412,2738],[2507,896],[-32,3011],[2508,4704],[964,945],[-417,1742],[2057,9930],[32,1070],[-771,822],[964,1717],[-739,3957],[-1158,2911],[450,3012],[-1125,547],[-579,1568],[1061,4131],[1029,2788],[1994,3957],[1736,1816],[3183,4505],[3215,2488],[5369,3310],[2926,2190],[3183,2638],[7234,6844],[3311,3658],[5048,6272],[1704,2912],[964,2364],[418,5525],[1383,3135],[803,274],[2122,-722],[1704,249],[161,1319],[-2122,-74],[-161,970],[2058,-298],[1479,323],[3087,1220],[2990,1717],[7491,5077],[3408,2762],[6269,5400],[2476,2315],[4051,4529],[2122,2713],[1254,821],[4436,6321],[1704,3634],[1222,6694],[1318,4231],[1093,2514],[386,2787],[868,1618],[1736,1269],[0,721],[1994,3286],[1125,995],[2026,622],[1929,-174],[1286,-1717],[1414,1866],[97,2364],[2604,3883],[2218,3583],[1126,2166],[3633,5052],[836,2687],[257,2091],[-675,3982],[-1801,2961],[-2893,2439],[-997,1444],[64,3334],[772,1842],[2861,1842],[450,2563],[1737,2140],[2121,3410],[1769,2090],[868,1692],[1832,4430],[-64,896],[3215,7740],[65,970],[1832,3410],[1190,4604],[739,3509],[-836,1792],[708,2389],[1929,3160],[8905,10403],[2830,3634],[3215,3409],[2893,4032],[4534,6819],[2218,4056],[772,2663],[-772,2713],[-3601,4454],[-1029,2215],[-1800,2638],[-2283,6446],[-2990,7267],[-257,1294],[-1833,4654],[-2475,4902],[-258,1518],[1640,1046],[2026,771],[1318,2116],[0,622],[2090,2936],[2347,4480],[1318,4032],[1093,5972],[1254,9507],[128,2414],[997,10900],[611,4928],[386,1966],[1286,4156],[1607,6670],[225,1792],[1608,4031],[3408,10826],[1415,4828],[3858,11174],[1575,3857],[2090,4082],[1672,1518]],[[1122096,3404492],[2154,572],[321,1991],[1415,946],[900,-100],[900,-1468],[1544,-199],[-2540,-2414],[-2315,-1518],[129,-1817],[1125,-274],[0,1568],[2025,1120],[868,-423],[611,-1767],[-1382,-448],[128,-722],[2154,-721],[740,597],[2122,-772],[997,-1020],[2057,0],[-32,1195],[-1897,199],[-161,2090],[3280,-199],[-290,1220],[1447,448],[965,-971],[1479,-398],[2025,398],[804,-523],[-193,-373],[161,-821],[2572,199],[-933,-1593],[-225,-1891],[2219,-946],[739,1045],[2830,1095],[1671,0],[708,1693],[1768,-598],[1865,249],[1672,-1120],[225,-995],[1736,-1543],[4212,-249],[2861,-995],[611,-847],[3504,672],[51506,-3384],[55749,-3584],[7299,28769],[-1158,1468],[-2508,1344],[-450,1045],[-3633,2813],[-707,1169],[-1447,772],[-2315,498],[-418,1468],[-1607,1269],[-1929,299],[-1543,1767],[32,1742],[1189,1120],[4019,1468],[2122,3658],[1672,2464],[2379,-547],[2701,-1145],[3761,-573],[1737,-846],[3568,-1219],[2122,-1618],[1801,174],[22055,46937]],[[1317669,3481392],[32022,-39172],[15240,-18789],[94845,-6720],[36973,-2588],[515,4355],[5047,32751],[55235,-3061],[42825,-2339],[-4115,-36385],[-18165,1145],[-4083,-36061],[-35559,1618],[-3119,-34667],[-20512,1170],[-3376,-37032],[-20994,-14434],[-2733,-15529],[2861,-921],[1801,-1817],[1511,-2513],[2443,-3012],[3698,-2662],[3697,-1419],[2668,-747],[2669,-224],[3279,0],[2412,-896],[1575,-1343]],[[1516329,3260100],[3697,-2414],[3891,-3335],[2475,-1742],[-32,-622],[-13889,-15231],[-19869,10154],[-13214,-14509],[-5337,-30710],[-10546,-60624],[-7587,-63138],[-4855,-39992],[-27843,-28695],[1962,-1219],[385,-921],[2315,-1195],[1383,-99],[1607,-946],[1961,-199],[1479,-622],[933,-1941],[1125,-523],[-193,-1020],[1608,-971],[193,-697],[2218,-1866],[3762,-1443],[353,-871],[2122,-772],[3762,-2887],[964,-398],[1511,-2066],[2122,-323],[772,-871],[4212,-398],[1800,323],[-12731,-12742],[-31991,-32004],[-19612,17197],[-53241,-36385],[2990,-1368],[2893,-647],[4083,-448],[3601,124],[2637,-946],[1350,-1518],[2894,-1418],[1961,-125],[2154,-1219],[354,-747],[2089,-1344],[1286,-2339],[1576,-1667],[-64,-1120]],[[1373805,2908601],[-28711,-18516],[-38774,32826],[-14629,-9184],[-36845,34966],[-2186,-1418],[-33951,-21403],[16525,-14957],[-35719,3235],[997,9109],[-48966,3111],[-1190,-9457],[-48355,3633],[-2764,-22647],[-2283,-18689],[-7845,472],[-1286,-17072],[19323,-796],[-1704,-17296],[-3569,-1593],[-2733,-1468],[-2990,-423],[-1768,1592],[-1672,921],[-3376,448],[-2733,-174],[-3954,-846],[-901,273],[97,1966],[-707,598],[-3023,224],[-2957,-324],[-3376,2812],[-3665,-871],[-4019,-40366],[52663,-2862],[-675,-7117],[-23471,1045],[-321,-3260],[-1222,-14609],[2186,647],[1640,0],[-1607,-13214],[-36492,2588],[676,5848],[-26975,1941],[-2508,-24364],[-14564,722],[-2026,-572],[-1350,-2390],[-707,-746],[579,-1668],[-322,-1418],[1286,-1817],[161,-1120],[1222,-1891],[-322,-946],[579,-970],[-225,-1170],[-1736,-2538],[-290,-2290],[2412,-1667],[900,672],[3279,-772],[1672,-2140],[1254,224],[1093,-846],[3247,-1195],[290,-971],[1896,-2214],[-96,-1319],[997,-573],[289,-1543],[-386,-1966],[1383,-1792],[2507,199],[1029,-647],[97,-1045],[1414,-796],[643,-1867],[-192,-1120],[739,-1144],[-739,-797],[546,-1443],[2379,-1668],[-514,-1717],[546,-1916],[-803,-1195],[1028,-497],[836,-2016],[-128,-971],[4983,-2065],[1125,-2389],[2058,-722],[193,-50],[1800,-3609],[2347,-323],[1383,-871],[418,-2240],[643,-1070],[1736,-1643],[2154,-622],[740,-1742],[-418,-1742],[450,-1095],[-1061,-1593],[2829,-1368],[965,-896],[2668,-349],[611,-746],[-418,-1991],[1125,-2564],[-1286,-622],[65,-1344],[-1576,-696],[129,-1220],[-868,-1045],[1543,-1966],[-1833,-1120],[0,-1269],[2058,-1941],[-514,-1668],[-2347,-149],[-1801,-1294],[257,-2364],[-611,-946],[804,-1045],[-225,-1767],[868,-2788],[-32,-1294],[1350,-547],[2058,-1966],[514,-1693],[-1157,-647],[-1607,-174],[610,-2140],[-482,-672],[804,-1817],[1704,-871],[739,-1617],[-193,-1742],[386,-822],[-1157,-1070],[5080,-2638],[17683,-1269],[-1929,-13912],[62404,-4828],[20673,-1692],[22377,-1493],[-3408,-28047],[-4244,-35688],[-10288,647],[-5176,-36708],[-3601,299],[354,-1941],[1028,-747],[-643,-1443],[515,-1941],[1254,-150],[-450,-1070],[1961,-796],[739,-1145],[1543,-25],[2380,-1269],[1189,249],[1383,-622],[4629,25],[3441,-498],[3118,896],[2379,-423],[1383,273],[1961,-871],[2476,-2762],[1543,-498],[2090,-1592],[4340,24],[1768,-1244],[1479,-274],[1736,-1642],[2798,-373],[2893,348],[2862,28271],[51441,-2837],[3344,27674],[59543,-3733],[771,5948],[15272,-647],[-5530,-42283],[24338,-1866],[418,3360],[37263,-2862],[482,6196],[15079,-970],[-5658,-46015],[-2798,-22150]],[[1408109,2433614],[-66841,4679],[-2379,-18267],[-40124,3061],[707,5177],[-42375,2837],[1061,9631],[-31379,747],[-18326,16176],[-6045,-3858],[-13696,-9432],[-675,1419],[-482,2588],[-3055,1468],[-450,1593],[-3826,1070],[-1768,1643],[-4437,50],[-2057,1692],[-322,921],[-9774,-6023],[-8070,523],[-55524,3932],[2154,17371],[-18905,896],[-15882,3409],[-37327,3658],[-31347,2912],[900,6122],[2090,3236],[450,3608],[-59447,3136]],[[940958,2499589],[-547,2314],[226,1294],[-3055,-149],[-1382,1170],[-3955,-2340],[-24724,-15230],[-34112,30063],[-13342,-7914],[-11671,10378],[-38035,2040],[-1575,-5948],[-225,-7291],[-31540,1543],[-64,124],[-34948,1842],[1029,10527],[-98703,5375],[-225,-2240],[-27843,1543]],[[945909,3016509],[1929,-498],[161,-248],[-193,-349],[-482,274],[-386,-149],[-1222,323],[-1286,-896],[-739,100],[1222,1120],[996,323]],[[1173698,3511206],[1736,373]],[[1175434,3511579],[193,-3136],[3858,-3534],[2379,-1966],[1029,-1592],[3472,99],[643,1419],[1158,970],[1929,349],[3151,-1767],[1318,-1070],[1125,672],[1543,-100],[740,-622],[-450,-1344],[-2219,299],[-771,-946],[1543,-647],[1543,1020],[1768,-771],[-1125,-1767],[804,-3036],[1350,49],[1190,-696],[2154,248],[1157,473],[3826,-497],[579,1219],[2218,-224],[868,-971],[1704,274],[1222,-348],[1415,423],[1543,-299],[739,-1020],[5981,1145],[-65,796],[4501,1244],[1479,-945],[2701,1095],[1640,298],[2057,1145],[2058,-373],[932,298],[1833,-24],[2604,373],[1543,-324],[579,672],[2090,846],[1447,-298],[2540,1219],[1768,423],[2090,-448],[2765,299],[611,971],[1575,224],[2058,-249],[1286,-822],[1382,150],[4115,3807],[2637,797],[1061,672],[1511,-199],[1929,398],[1704,846],[3376,-100],[2604,1071],[900,-672],[2572,-200],[4694,2365],[1511,124],[2605,1244],[1993,548],[1929,-747],[1222,747],[3986,697],[33,1344],[7073,2986],[1639,1269],[-64,498],[2026,1916],[128,1070],[3633,3111],[2058,2439]],[[1323360,3526486],[804,-274]],[[1324164,3526212],[-418,-1567],[611,-896],[-4694,-3385],[-129,-1518],[-3955,-1916],[-2475,-2688],[-1383,0],[-1286,-572],[-2090,-2091],[-2186,-572],[-1479,-1568],[-1447,149],[-2861,-448],[-1286,149],[-1479,-771],[-1897,-149],[-2057,-1344],[-1222,-174],[-708,-871],[-3729,-647],[-1704,373],[-1833,1543],[-2057,-772],[-1897,-1169],[-2154,-548],[-1351,-796],[-1768,-448],[-1607,-896],[-3344,-448],[-1576,50],[-2089,-1867],[-1962,-199],[-932,871],[-1640,199],[-2057,-423],[-322,-871],[-4244,-174],[-868,348],[-1607,-323],[-2637,-1269],[-1125,348],[-1768,-572],[-1029,-971],[-1704,398],[-1929,-672],[-2733,274],[-1125,-299],[-1479,175],[-2219,-971],[-4308,-1468],[-1479,970],[-2282,-473],[-2122,-821],[128,-771],[-3279,-871],[-2797,-399],[-1222,1319],[-1640,175],[-836,-523],[-610,398],[-1512,-547],[-1318,547],[-1897,199],[-1575,-1294],[-2411,672],[193,-1667],[-1737,-249],[-964,1070],[-2283,100],[-161,746],[-2379,622],[-900,2365],[-964,796],[1061,622],[-386,772],[-1801,-200],[-1254,424],[-64,2015],[-1093,1145],[-1575,-398],[-258,1344],[-1221,871],[-1286,-50],[-1447,-871],[-772,-1518],[-3794,-373],[-2443,2364],[-3762,2563],[-1800,498],[-1543,1568],[-354,1219],[611,2091]],[[2753878,2931073],[-353,-1194],[-1511,-2066],[-258,-1344],[1769,-2712],[257,-1867],[32279,-28570],[7717,-6918],[7748,-15231],[3247,-5923],[900,-1294],[-482,-1618],[-11188,-20058],[932,-4704],[-96,-995],[15368,-17172],[1061,-423],[1832,-3161],[740,-3235],[14950,-10801],[1382,75],[1833,-3783],[-354,-1120],[290,-3733],[-611,-1816],[10674,-6222],[4147,-722],[643,-473],[258,-1866],[-708,-2041],[4533,-2588],[4759,597],[546,-1393],[-2186,-1220],[740,-1269],[1736,-871],[1318,-1120],[321,-1618],[1029,-821],[2958,-423],[1833,-1195],[-193,-2065],[21444,-14260],[2122,-373],[1351,-1046],[18551,-13314],[1993,-1120],[37584,-6122],[37938,-6371],[33662,-5600],[4019,498],[-193,-1344],[868,-871],[20930,-34766],[21895,-7516],[6945,-6471],[1061,-3359],[450,-2439],[13632,-24290]],[[3087990,2637336],[-102272,-49],[-90087,49],[0,20756],[-84974,-100],[-32890,0],[-48098,25],[-28100,25],[-32247,25],[-6495,249],[-8327,1269],[-3086,25],[-3730,697],[-1832,-1145],[-4437,-3509],[-1125,-2066],[-2412,-1319],[-1286,175],[-1511,-623],[64,-1169],[-2411,-996],[-932,622],[-290,1270],[-1511,846],[-3183,970],[-2925,-348],[-2765,423],[-2958,1145],[-5273,1145],[-1479,1642],[-546,1518],[418,1444],[1704,1219],[-1126,1120],[-1382,498],[-32,1368],[-2187,2315],[-964,2414],[-1029,523],[-2347,24],[-772,871],[676,1917],[2604,1841],[-1029,1568],[-129,1369],[740,1419],[-2476,895],[-2443,2688],[-3473,-647],[-6944,2066],[-1093,622],[-900,-1020],[-3119,2140],[-3279,-921],[-1930,572],[-3182,150],[-547,-548],[-2540,-622],[-2894,-50],[-2700,-821],[-1029,423],[-2026,-124],[-3954,373],[-4662,7491],[-4469,-1543],[-1318,199],[-3312,-2115],[-803,49],[-2508,-1816],[-32,-647],[-3376,-2215],[-2251,-772],[-1479,-1169],[-2218,-697],[-643,1045],[-1318,796],[-836,-622],[-1704,50],[-2862,-846],[-2893,249],[-2862,-374],[-1929,1021],[-2314,-1220],[-2187,971],[-900,1294],[707,672],[354,2065],[-2572,2141],[-1447,49],[-611,-647],[643,-1319],[-4179,-995],[-65,-1867],[547,-920],[-965,-548],[-1478,249],[-1704,2041],[-2187,-1170],[-2154,-149],[-2154,1393],[-1543,-472]],[[2495804,2683626],[-3569,323],[0,1692],[482,1021],[-321,1592],[-1061,1095],[-2701,847],[-2540,1095],[-1704,348],[-1254,1667],[22024,13116],[2861,-1095],[2251,721],[2282,274],[-450,1269],[2347,1518],[-96,1917],[-1125,1045],[-901,1618],[-1897,1020],[-803,1717],[1350,1518],[-225,1568],[997,1145],[-868,1593],[-772,423],[-3087,2712],[161,2663],[-1865,548],[-1253,2140],[-965,796],[-129,996],[804,1269],[1511,597],[65,1394],[-901,1319],[-3086,1269],[-2283,1244],[-1929,1419],[-1286,174],[-1993,1966],[-2508,-846],[-2829,772],[-2701,-2713],[-3601,50],[-2990,-2265],[-64,-572],[-3087,945],[-964,996],[-2572,672],[-611,896],[96,1543],[1608,945],[579,896],[2604,199],[1736,2937],[-257,1518],[-772,921],[1158,398],[-161,1692],[1222,2489],[-193,722],[-1865,1792],[-1447,298],[-2283,1742],[-1382,-273],[-1993,-2215],[-1158,-224],[-1382,771],[-1126,-746],[-1897,2364],[-771,-249],[-3762,1991],[-1865,1244],[869,3982],[868,921],[-193,871],[1961,647],[-932,1891],[-129,3559],[1447,548],[-1383,970],[-4404,-99],[-1512,1244],[-2604,473],[0,3061],[740,2090],[1704,772],[2379,522],[-193,3285],[1029,598],[1607,1866],[1286,-423],[1286,1419],[-1189,1319],[579,1368],[1575,-24],[1029,2239],[1704,598],[1189,-548],[1608,100],[2540,1941],[-708,1543],[1415,921],[579,1194],[-1801,1518],[193,3012],[1254,1169],[-321,1518],[-1190,1220],[-193,1145],[-1479,1294],[-996,2837],[-1222,448],[-900,1045],[-3119,75],[-289,3160],[-611,1120],[128,1593],[-418,896],[451,2364],[1286,149],[289,1643],[-836,1045],[-2958,1817],[-1350,1493],[-2508,-896],[-707,1070],[-1576,299],[-1672,771],[-1350,-149],[-1254,-796],[-1157,1194],[-2476,647],[-3729,-398],[-2122,1244],[-1543,-174],[32,1892],[-2283,174],[1415,10477],[23952,3459],[-1350,1269],[96,996],[-2122,2663],[804,1344],[2990,672],[2379,2414],[-1125,572],[1447,2140],[-4084,2489],[-835,75],[-1672,2812],[4501,-324],[-129,-1120],[1801,-1120],[2636,349],[1672,-846],[225,-1568],[2154,-199],[32,1194],[-707,1070],[2411,1245],[1865,-374],[1189,722],[-450,1095],[997,1070],[3215,23618],[997,-324],[1800,1045],[2026,-746],[2668,-249],[2990,1817],[32,2040],[-2829,1071],[-64,1194],[-2026,821],[-964,2141],[675,1991],[-1190,920],[1094,822],[-2380,2414],[37874,-2887],[386,2787]],[[3518489,925783],[-1093,-1593],[-2250,448],[-2830,-1070],[-3826,50],[-675,-996],[-1479,-273],[-7587,671],[-1319,2141],[-2925,-871],[-9710,1194],[-2861,1568],[-3087,423],[-868,1518],[450,622],[-1511,772],[-1511,-25],[-2058,-1145],[-2218,1568],[-2379,796],[-2508,249],[-354,797],[-2990,1866],[-1221,1717],[-5659,1021],[-2250,871],[-3633,2215],[-322,2613],[-1897,846],[2508,11025],[2090,1194],[96,1021],[1736,1518],[2733,846],[-96,1369],[1768,1443],[2122,523],[-2122,3459],[-2347,4255],[-2251,374],[-996,-349],[643,-1294],[-2990,-622],[-2154,299],[-1704,1244],[-2476,772],[-1897,-1444],[-2701,-249],[-3054,1046],[-579,-1817],[-1221,-896],[-483,-2265],[-1253,-1145],[-1126,-49],[-1029,-1220],[-1832,921],[-3826,3658],[-1704,1941],[-2058,1195],[-3761,-124],[-4084,846],[-739,448],[-2186,124],[-2347,1220],[32,746],[-1640,1245],[-3440,1542],[-1736,100],[-2154,1269],[-3794,-896],[-2894,349],[-1479,1219],[-4018,722],[-1897,-125],[-2797,349],[-1833,-747],[-2411,349],[-4855,-423],[-2122,846],[-3762,-423],[-6558,-2912],[-2990,771],[-3280,498],[-1286,647],[-1640,-199],[-2218,-2588],[-1929,398],[-96,1020],[-2573,2564],[-2121,249],[-2991,-573],[-1607,1344],[-32,1045],[-3151,1071],[-2636,-872],[-997,872],[-1833,472],[-1350,2240],[-3472,597],[-2187,996],[-1253,946],[-4437,-623],[-2219,200],[290,2090],[-3215,3733],[-1158,1717],[450,971],[-771,697],[868,2289],[-1093,1145],[-2187,572],[-2668,1444],[257,1070],[-2604,1244],[-2508,2016],[-1736,498],[-1222,1493],[-1286,547],[-3761,2763],[128,970],[-675,2439],[-1800,498],[-1190,971],[-3826,2065],[-1061,1568],[-1350,224],[-2283,-647],[-3504,149],[-2155,448],[-1896,-1219],[-1351,-199],[-3247,274],[-3504,5649],[-1544,0],[-3504,4529],[-2090,-423],[-1961,846],[-129,1593],[-1479,846],[-321,871],[707,1045],[-1286,772],[-1479,-174],[-1382,1045],[-3408,921],[-1511,1145],[-740,1617],[-1157,423],[160,1070],[-1543,2116],[-257,1468],[-772,821],[0,1543],[1190,622],[-1704,3211],[1318,2215],[-836,1667],[-3151,1568],[-1189,1319],[193,1294],[-2572,3036],[-3440,697],[-2508,-597],[-2122,323],[-997,797],[-2379,771],[-1415,1419],[-4436,398],[-2187,-821],[-2958,2414],[-2861,3061],[-3472,-274],[-3505,149],[-1221,-398]],[[3200936,1069752],[-1447,1120],[289,796],[-1800,697],[289,647],[-1447,1493],[-1254,175],[-4083,2762],[-1929,548],[-643,2040],[997,2489],[868,1120],[-3697,2488],[-2026,175],[-482,1368],[-1994,1220],[-1575,1692],[-4340,2165],[-3601,498],[-1704,647],[-2508,1941],[514,1120],[-1286,821],[-1189,1469],[-3440,1966],[-1190,-100],[-1222,1070],[322,1469],[-1383,2364],[-1929,0],[-1832,-523],[-2733,921],[-547,-373],[-3247,1045],[-2508,-747],[-2154,-1319],[-1607,374],[-482,1070],[-2283,1070],[-2058,124],[-1607,-547],[-1865,473],[-3472,-398],[-1576,-672],[-1897,-1966],[-1446,-498],[-1222,-1817],[-1801,-771],[-1800,49],[-900,-1816],[-2765,-175],[-2154,-895],[-1608,-2091],[-772,-124],[-1929,871],[-2379,-224],[-4662,-25],[-1575,-523],[-707,-945],[418,-2564],[1221,-348],[-289,-1593],[-1125,-1269],[-3601,-324],[-965,-572],[-4372,-274],[-1736,-672],[-1254,-995],[-5080,-1643],[-2958,-2339],[-129,-1045],[-1318,-1046],[-2508,50],[-3697,672],[-289,3459],[-2572,-473],[-2540,896],[-708,-1368],[-1929,-100],[-3279,-1394],[-1704,-298],[-3890,1742],[32,-1444],[739,-1468],[-1446,-871],[-997,-1568],[-1575,-572],[-1544,-4654],[-1028,-1966],[-836,-547],[-3055,-598],[-6462,-124],[-7073,-548],[-4694,-124],[-2090,224],[-2347,622],[-3087,423],[-996,-572],[-997,1219],[-2926,722],[-2732,-249],[-869,-1219],[-2089,-100],[-708,473],[-3633,-75],[-2636,1045],[-5144,-423],[-1125,623],[-1158,-523],[354,-2439],[-1061,-448],[-3505,-199],[-450,-1170],[-2057,-622],[-386,-896]],[[2977102,1422595],[-1544,1891],[579,1916],[1801,971],[1253,1966],[193,3086],[1318,2738],[-707,1841],[547,1045],[386,2987],[-386,1020],[3279,4654],[2411,846],[1190,2389],[-161,4007],[-964,1369],[1447,1319],[1896,547],[451,921],[-2283,2812],[-1768,1045],[-740,1444],[932,1742],[354,2041],[1125,1144],[-1671,1270],[-2733,796],[-386,1518],[-804,846],[161,1021],[-2315,1916],[-836,1219],[-450,6595],[450,1991],[2829,821],[2637,2663],[2958,623],[3600,-448],[4309,671],[1093,-99],[2636,821],[740,597],[2507,424],[2122,771],[3666,-971],[868,-970],[2700,2513],[1736,374],[1061,746],[483,1294],[3472,1319],[2508,2290],[1093,2190],[1929,100],[1415,796],[2154,2240],[3376,1443],[1832,-25],[2315,1742],[2058,548],[353,1369],[1479,1767],[4180,2190],[1286,1543],[1254,273],[2700,-423],[676,324],[2700,3160],[-643,2389],[354,2091],[-1029,771],[997,1344],[-643,1494],[1864,895],[2798,847],[2540,2214],[1607,573],[1190,-448],[1479,448],[-7267,6794],[2283,3758],[15690,-5849],[514,2912],[-193,1394],[1769,249],[418,1045],[-836,572],[-1029,1767],[1768,1394],[707,1020],[1769,1469],[1639,298],[3023,0],[1671,9507],[2862,-274],[707,3534],[2379,523],[290,1742],[-1833,1319],[3665,-324],[2026,-1418],[-290,-797],[676,-1393],[1800,-2066],[1511,149],[1254,-1045],[1479,149],[354,-1070],[3343,374],[1608,696],[1897,324],[578,1867],[6881,273],[3022,-647],[1768,1444],[579,1816],[-386,1668],[643,2190],[2251,1070],[1511,1244],[1639,622],[4887,2539],[836,622],[2219,-50],[2315,896],[675,1717],[1575,1593],[3376,2364],[1607,2066],[2733,1842],[1415,1319],[514,1717],[1929,1717],[5723,3011],[2926,1369],[1511,-473],[2861,398],[3183,-473],[1672,996],[1929,124],[1608,1543],[2604,1046],[2476,1343],[3986,274],[1994,498],[2765,2713],[1189,398],[418,1667],[1061,896],[900,2364],[-1318,1568],[675,1095],[2219,349],[2990,-349],[3054,1369],[1029,50],[4373,1568],[3343,199],[1704,871],[1961,74],[2155,-572],[3054,2489],[804,2215],[-836,920],[64,1021],[997,1368],[2636,2265],[1286,448],[1415,1767],[964,-2314],[-386,-2390],[643,-1816],[1029,-747],[65,-1269],[900,-1045],[4147,-772],[2701,-199],[1961,-647],[1575,-1568],[1737,-1095],[-193,-1916],[900,-3733],[-450,-796],[707,-896],[2058,-423],[5208,-2514],[1415,-1269],[6141,-2663],[1125,174],[6205,-647],[3472,1020],[1029,-2911],[997,-772],[6269,-846],[2154,-1792],[2798,249],[707,672],[3054,1344],[5305,-224],[5755,1145],[1479,1418],[1190,7939],[1253,-448],[1769,846],[1607,-373],[3248,149],[2025,1369],[2411,25],[1158,796],[5401,-423],[322,747],[4469,-199],[5626,1244],[4147,-149],[8745,-9980],[1126,-448],[-836,-4927],[64,-846],[-900,-1170],[-2829,-1717],[-868,-1543],[-997,-374],[-2476,423],[-2508,-821],[-1961,-1717],[-611,-2314],[-1318,-1270],[-1189,-124],[-3344,-2140],[-932,-1145],[-3183,-1966],[-772,-75],[-2186,-3061],[-1769,-348],[-707,-1618],[-1093,-995],[418,-1742],[3183,-3435],[-1029,-1269],[482,-796],[3055,-423],[2025,-2116],[2637,-3310],[3986,-4579],[16365,7615],[9902,4679],[13568,6670],[2926,1518],[13696,-1269],[13246,-1170],[-257,-1792],[0,-8760],[-289,-921],[2122,-1792],[1864,-2886],[-996,-1220],[-2187,-921],[643,-970],[-675,-1170],[2476,548],[1254,-4306],[2540,-299],[3440,1693],[1286,99],[1640,-1144],[835,-1344],[772,-2190],[-611,-3285],[4726,-573],[-1896,-8934],[-1930,-8163],[-8198,-11050],[5433,-398],[14533,-7839],[-19034,-18142],[5562,-2987],[-22602,-13712],[-3054,-10279],[1254,-74],[14050,-4032],[6494,-8088],[-6462,-6869],[7266,-15454],[-16236,-9059],[450,-2414],[-354,-498],[386,-2588],[-386,-2613],[869,-3061],[2057,-1145],[1801,-274],[2604,846],[1543,-846],[2540,623],[3537,149],[1286,448],[1286,1120],[-1029,497],[257,1892],[932,1145],[2605,224],[32,-647],[2122,-2290],[2668,747],[1736,-249],[1897,448],[2090,920],[2251,2688],[64,1195],[1640,2264],[1028,349],[483,2787],[-547,4953],[836,746],[1993,-448],[3666,324],[4822,4230],[2990,2414],[6816,2091],[2026,1667],[-418,722],[-5080,423],[-4469,1244],[-643,1295],[1704,124],[675,3210],[1704,772],[3087,299],[1671,1343],[3505,2190],[193,1245],[-1929,2040],[-418,2514],[2282,2638],[1576,597],[1415,-249],[2668,921],[2347,50],[2572,-4679],[900,-2961],[901,-398],[4597,0],[2026,497],[1768,1618],[418,1344],[161,3434],[482,448],[2122,-572],[3472,199],[-257,-1344],[1093,-1070],[5626,-2190],[1351,-1344],[1672,-821],[2122,1393],[2218,672],[997,-249],[2507,1046],[4437,2812],[1222,1369],[418,5002],[-97,2563],[-932,1468],[-1575,374],[-1897,1070],[-1158,1468],[-2250,3683],[450,1220],[2347,946],[-289,945],[643,2141],[1157,1144],[2572,697],[2122,-199],[-96,1593],[1639,1518],[2926,-1991],[5948,-1891],[2990,-374],[3987,1220],[-161,1194],[-1897,1045],[2443,1967],[4727,-125],[1318,473],[1607,4853],[-1125,99],[-450,1220],[1125,846],[579,1319],[1929,1294],[1415,199],[2154,-647],[289,647],[-1382,871],[482,821],[3151,772],[2122,-672],[2861,2738],[1061,1866],[1190,1319],[2025,1294],[257,3410],[-546,920],[-4180,573],[-1543,1169],[1189,2663],[-1511,1170],[-2250,-448],[-2154,1045],[1061,2414],[160,1145],[-1189,498],[-643,1418],[450,1095],[1768,1394],[3151,423],[5594,1319],[6398,996],[1897,995],[2412,3285],[2475,1692],[3440,-99],[4951,-398],[2283,-448],[2990,149],[1125,423],[2894,124],[3376,697],[1704,-124],[900,-1220],[2476,-373],[1125,448],[5498,548],[4694,1095],[2668,448],[3119,1020],[2829,-25],[2637,-747],[1961,1046],[804,896],[2732,4604],[2315,2712],[1865,1792],[1222,1792],[932,2339],[418,1867],[1029,1617],[1768,896],[2701,-323],[7652,3136],[707,-125],[2604,1543],[290,1916],[-1351,523],[901,1468],[5529,3584],[579,1991],[1125,1891],[1640,1294],[2411,100],[2701,1493],[322,1493],[-933,921],[0,2787],[1126,647],[996,-622],[3151,-373],[3794,771],[3665,-373]],[[3656577,1568281],[3504,-3783],[1222,-746],[3826,25],[2862,-548],[578,-1468],[2090,-2066],[1383,-2439],[546,-6072],[1222,-1891],[32,-1693],[-675,-1841],[-2186,-3385],[-225,-2812],[1511,-1742],[3118,-548],[965,-1045],[-386,-2862],[804,-1120],[2990,-2364],[3826,-2041],[4597,-1592],[1994,-523],[1286,-821],[3183,-1344],[707,-2563],[804,-1245],[450,-3086],[-354,-1792],[-804,-1443],[-1189,-373],[-1801,249],[-482,-1942],[1350,-1767],[3312,-671],[2604,-996],[740,-1020],[36684,7640],[1575,2165],[3151,1518],[997,-149],[675,1244],[1639,-274],[1029,697],[1190,-1219],[2090,174],[3697,-1070],[1607,-50],[1544,-1493],[2443,-1294]],[[3758302,1514800],[1222,-573],[3151,299],[3311,-323],[1190,-2041],[353,-2041],[-1060,-1518],[-1126,-2887],[-193,-1767],[-2186,-1792],[-418,-3235],[-1447,-1891],[804,-1867],[-1093,-1393],[-965,-374],[1286,-2837],[-996,-672],[-1125,-2264],[-1158,-1344],[-1157,99],[-418,-2065],[803,-1120],[1962,-598],[900,-696],[-1029,-2315],[1061,-423],[354,-2563],[1543,572],[321,1294],[2090,150],[450,-772],[1962,-1045],[2475,-324],[1029,-1244],[-932,-1891],[353,-1942],[643,-647],[-1993,-1742],[547,-2737],[-579,-1095],[900,-2688],[-1447,-1120],[290,-2265],[-1029,-2214],[2443,-324],[1029,-647],[3312,1070],[900,-448],[1961,1145],[1768,-672],[354,-1493],[1190,-921],[932,124],[900,-1916],[-675,-995],[1415,-1245],[-868,-522],[514,-2713],[1736,-1891],[-386,-822],[675,-2314],[1190,-1145],[-1608,-1816],[1126,-822],[514,-1120],[-546,-696],[-2572,-946],[-2315,-1892],[-2090,-796],[-257,-871],[-2669,-2613]],[[3774924,1429588],[-1061,398],[-1768,1717],[-12925,-3932],[-4919,-1169],[-1672,-100],[-10738,-3882],[-1961,2563],[-4019,-697],[-707,-921],[-418,-2712],[1543,-3808],[321,-1667],[-128,-3136],[804,-1767],[3054,-100],[1736,1145],[2572,1220],[3279,-523],[1222,-523],[2379,-2911],[-96,-996],[-1833,-1592],[0,-996],[3248,-597],[3054,323],[2604,846],[1929,200],[1447,-274],[900,-1220],[1929,-25],[2926,1942],[289,24],[3601,-199],[97,1369],[1414,1916],[161,1668],[-707,1344],[-1833,1642],[11285,4306]],[[3781933,1418464],[2026,771],[12024,-16027],[-19708,-7541],[1896,-3484],[772,-2314],[739,-3708],[-225,-1693],[386,-1144],[1222,-1245],[1479,-672],[2540,249],[4694,2290],[1832,722],[1158,871],[6462,4131],[2733,1244],[5208,796],[7202,1942],[6141,871],[5208,-1991],[1383,-1145],[964,-3633],[-3118,-15679],[4019,-423],[707,-1468],[-161,-1319],[2090,-1046],[-1125,-970],[675,-772],[3311,-697],[258,-1667],[1575,-523],[-739,-920],[385,-921],[1479,423],[836,-672],[1736,-75],[-225,-2464],[1672,-1518],[1576,-248],[3247,-2091],[1318,-498],[1672,299],[1575,-1518],[2637,-548],[-129,-1742],[1961,-597]],[[3783508,1370034],[1929,2862],[2155,2340],[-579,1319],[-1801,671],[-1382,2066],[-15465,1419],[-385,-2290],[2732,-224],[-1511,-7043],[13343,-1518],[964,398]],[[3707761,1397609],[1640,9083],[-9420,946],[-1672,-9183],[9452,-846]],[[3659278,1247692],[-3440,-4356],[-4694,-4156],[6333,-7640],[579,-2489],[2668,0],[2508,1071],[1543,1194],[1126,-224],[6976,1244],[6913,996],[4983,1120],[4180,1269],[1479,1369],[1189,4131],[4469,2240],[1479,1518],[2219,3584],[482,11074],[32,4380],[707,3683],[129,6869],[-772,9706],[1801,4679],[-2347,323],[-1961,1568],[-322,1095],[-16429,-18118],[-14403,-15852],[2250,-2290],[-707,-2613],[-6334,-3733],[-2636,-1642]],[[3663264,1131172],[2958,3086],[1736,-323],[2122,3782],[-12346,3933],[-707,-3957],[2154,721],[1190,-373],[-997,-1543],[-3762,896],[-1318,-747],[-12346,1867],[-610,-3658],[1382,-3733],[18422,-1593],[2122,1642]],[[3657027,1137294],[32,0],[32,25],[-32,0],[-32,-25]],[[2423593,1871724],[2186,20805],[-27907,2091],[3826,26081],[-34272,1916],[-611,-3409],[-6784,497],[-1833,-696],[-1832,920],[-19869,1494],[4211,3085],[4984,4978],[-258,4430],[-3247,3434],[-5562,10851],[32,472],[-1672,2265],[-2475,6197],[2025,8561],[-1800,946],[-2251,-100],[1865,9332],[2315,16227],[-11317,672],[-1093,12468],[-11768,7565],[-2604,7342],[14983,-846],[2379,21576],[-20705,1245],[3922,34144],[2958,25982],[-322,871],[2058,23543],[-29611,1518],[64,2040],[-4469,2788],[-1832,1493],[-4630,3260],[-4887,2091],[-1865,1592],[-2121,1369],[-2315,2215],[-836,1543],[-1769,896],[-3375,3360],[-1158,1617],[-161,1792],[1029,1643],[-1672,2314],[-64,1518],[-772,1543],[-2700,1643],[-1029,0],[-1833,1294],[-3343,1393],[-65,1245],[-739,1045],[-2894,224],[-1318,-996],[-1865,747],[-1446,100],[-708,1070],[-2829,1144],[-1768,125],[-2862,-946],[-1061,1319],[-482,2663],[-1511,224],[-900,672],[-225,1145],[2025,3758],[3344,2115],[2058,25],[-290,1244],[-8391,523],[1061,8636],[-28422,9979],[0,996],[1769,2911],[1061,3858],[868,1418],[128,2240],[-610,2464],[-3216,3608],[129,4132],[1286,3110],[5369,4604],[-482,2340],[-8584,9009],[-13311,9954],[676,5874],[-579,323],[1093,9358],[-36009,2040],[1061,7441],[-14404,14733],[-546,-5649],[-9227,124],[-3794,946],[-6784,8611],[-21638,-125],[-1736,-2289],[-1961,149],[-354,-3086],[-4983,324],[-1093,497],[-2283,-423],[-514,-746],[-6559,-75],[-1382,1593],[-193,1219],[-2444,3509],[-2636,1095],[-32,1170],[-2830,622],[-1736,1145],[1801,16574],[1382,11722],[4373,35986],[900,5998],[-32,821],[1125,9457],[-22666,7118],[-32,-498],[-7620,1642],[-3601,399],[-3665,0],[-4759,-647],[-2797,1343]],[[2022447,2390585],[3376,1718],[1190,8909],[1029,8262],[13599,-1020],[2187,19312],[5755,-1543],[5755,-149],[20351,-2613],[6334,-1668],[2218,19163],[36459,-3285],[2251,16201],[6301,-473],[515,3708],[1125,2166],[2315,2214],[38709,26778],[6752,-5947],[19387,11174],[-2443,746],[-4276,249],[-1962,-348],[-3215,-1245],[-6430,3534],[-19001,32652],[-5016,2911],[-546,2265],[3054,14957],[4469,3658],[22152,12493],[-14436,13190],[20255,12045],[-257,1270],[-964,696],[707,1095],[-289,1245],[-1383,348],[289,1618],[-3375,2787],[-1672,-199],[-2990,-1667],[-1608,1020],[-2282,2016],[-2380,0],[-771,821],[-1479,25],[-1865,821],[-418,2315],[965,1244],[-1672,1194],[14596,10304],[-7394,5699],[-36170,2936],[2701,14434],[5208,36136],[482,27972],[20384,-1592]],[[2169023,2703137],[1672,-2315],[321,-945],[4212,-6446],[3472,-274],[933,-323],[1929,224],[6333,-324],[5595,-3111],[1672,647],[3922,75],[2861,-747],[1962,548],[1800,25],[-1157,-7591],[-2251,-1991],[-2283,-7963],[1254,-3086],[-1511,-10129],[14050,-1045],[-707,-5127],[14757,-1219],[-1125,995],[-129,1493],[707,1941],[-225,921],[9485,-722],[-1383,1618],[1447,2091],[579,1791],[-579,1195],[1125,498],[418,-1643],[1415,-1045],[1254,1145],[-482,2065],[1704,896],[1028,-672],[708,-2737],[932,-2190],[1479,-374],[322,-1219],[-386,-2115],[21123,-1543],[1414,-1046],[-192,-2787],[675,-473],[-258,-1393],[1061,-896],[-546,-2265],[3247,-1419],[1640,224],[2379,-248],[1222,-1494],[1929,199],[1511,-1567],[3408,-150],[2057,722],[2701,1593],[1286,398],[2508,-423],[1833,-1692],[32,-1195],[-868,-971],[1479,-423],[1704,498],[-97,1767],[2636,3136],[2605,1866],[225,1792],[707,871],[3922,3484],[258,996],[1543,1368],[1640,175],[546,3932],[-3344,249],[-546,1344],[1929,2214],[2443,-174],[-1189,1916],[96,5799],[-739,647],[1029,3808],[-1833,1543],[-1736,448],[-2540,2065],[-804,2116],[-161,2040],[804,647],[-771,1220],[-3762,-772],[-2026,797],[-1511,124],[-1350,1245],[-450,1766],[707,523],[-900,1120],[643,2364],[1029,-124],[804,1145],[2636,-1643],[2411,0],[997,3036],[2476,1394],[8938,-697],[257,448],[23373,-1817],[-2572,-17993],[8520,-672],[-2315,-2364],[7234,-3907],[-1575,-2190],[19451,-17844],[8424,-8586],[2090,1294],[33597,-2837],[2154,28495],[39417,-3757],[29740,-2837],[-643,2040],[-1994,2315],[2219,622],[4211,622],[1383,1045],[-1029,2041],[2219,-946],[546,1120]],[[2489470,2669440],[1093,-2190],[1190,-75],[-161,-1169],[11124,-6321],[-6205,-5774],[3923,-2215],[6076,5799],[7330,-7466],[386,-1245],[-1221,-1991],[1028,-1941],[1447,-672],[257,-746],[1833,-822],[225,-647],[2443,-1095],[97,-2289],[3311,-3907],[-3761,-1543],[-7266,3185],[257,1792],[-4823,373],[-1093,-7292],[3151,-248],[1190,-1095],[-33,-1519],[3376,-248],[-4630,-32428],[-1896,-423],[0,-970],[-1158,-1444],[1158,-896],[1125,-74],[1125,-1518],[-386,-1942],[-2829,-99],[-707,-5152],[128,-1070],[-2540,-672],[-1896,50],[-643,-2688],[1189,-871],[2090,25],[1865,-1269],[932,-1120],[1125,-299],[-321,-2886],[5948,-349],[1479,523],[1961,-647],[1222,-1120],[1189,348],[1415,-1941],[96,-1369],[3151,-697],[1704,-1119],[1029,846],[3054,647],[-354,-3285],[22731,-1767],[804,5574],[1093,274],[2026,-1020],[2797,-398],[1125,-598],[-289,-1045],[2154,-1966],[3665,423],[4469,-1244],[2733,1244],[2700,-1817],[-257,-2090],[-546,-1493],[-1094,-1021],[2733,-697],[1801,-2115],[2315,-1045],[1253,622],[515,1443],[1511,-895],[2958,-1145],[1382,672],[1897,-50],[804,1344],[2025,448],[483,1045],[2411,-622],[1254,-1468],[1286,-249],[1318,-1643],[2026,-697],[1382,598],[611,-722],[2701,-1543],[2572,-597],[900,896],[2250,1095],[1640,373],[4533,50],[772,-797],[2315,-174],[1318,1095],[1833,-1468],[2315,-1021],[0,-647]],[[2627494,2549312],[-2990,-149],[-3505,-1170],[-739,-2389],[932,-2090],[8745,-13464],[2476,-124],[643,945],[1221,-323],[1672,622],[1961,-498],[-64,-970],[5498,99],[129,822],[3022,-175],[1607,-597],[2444,124],[-32,-1567],[2893,-1220],[-2122,-1443],[933,-1170],[-997,-1170],[-1383,-572],[547,-995],[2861,572],[1704,-299],[5337,-298],[2187,-1543],[1221,-2141],[3601,-1891],[3022,-871],[-482,-896],[2476,-2165],[771,-1618],[1158,-1219],[257,-1842],[-836,-1418],[2572,-946],[1865,-2887],[2508,199],[1286,1543],[996,-124],[933,-1170],[1447,747],[1896,-199],[740,647],[5980,-697],[1575,-1394],[868,-2215],[1704,-1344],[354,-1244],[2411,-1095],[290,-1518],[-1286,-199],[-2412,-1867],[2605,-1717],[675,-1344],[-64,-2513],[2411,-324],[354,-1145],[1961,-273],[1350,-672],[1190,-3086],[1382,-597],[-128,-2464],[-1865,-1245],[-2186,-945],[-1383,-150],[-836,-1766],[1736,-1718],[-1382,-1194],[-225,-1095],[3665,-2265],[611,-1394],[1736,-472],[1800,-996],[-1543,-1194],[-3569,-871],[-1768,-2116],[3054,-547],[1029,1169],[1447,199],[965,-497],[-258,-1095],[418,-1494],[3698,125],[2218,-1020],[-32,-1668],[675,-647],[1511,-99],[1415,-1120],[1479,-324],[-3473,-2190],[-1446,-448],[128,-1518],[2990,-647],[1061,-871],[1415,-149],[32,-1792],[-836,-1369],[1897,-871],[32,-1095],[1543,-2638],[3376,-199],[1383,-896],[1382,995],[4244,-1119],[804,-2265],[2476,-324],[1093,-846],[321,-2439],[1576,423],[1093,-547],[1061,2165],[2057,-373],[1254,-1195],[322,-1393],[1286,-175],[643,-1194],[2250,-1095],[1736,1319],[-932,597],[-96,1219],[2411,623],[418,-1270],[-643,-846],[1286,-1443],[-1415,-224],[-128,-1668],[1286,-1791],[611,-2215],[-1897,-1270],[611,-1244],[3922,-2663],[707,-970],[965,-2812],[-322,-6347],[354,-945],[1768,-1319],[-1607,-1070],[-2251,99],[-2379,-2240],[-1543,-423],[-1093,-1443],[900,-1120],[-1125,-1394],[-997,-373],[-515,-1120],[-964,0],[-2058,-1269],[-804,-1220],[97,-3484],[1993,-622],[-707,-1369],[-2251,-1319],[1672,-2289],[-771,-722],[803,-1194],[1576,-448],[2283,-3037],[192,-846],[-803,-1891],[996,-1767],[-996,-3459],[418,-1245],[1350,-398],[-1125,-2264],[-1190,-1295],[-64,-970],[1768,-1842],[-611,-796],[-3118,-423],[-1962,-896],[28422,-2663],[30318,-2812],[23888,-1817],[14789,-1294],[-1189,-2265],[-1608,-3832],[-257,-3136],[1640,0],[3568,622],[4855,-921],[1672,-721],[2154,-399],[2637,-1095],[3215,75],[3504,-921],[4983,-2837],[2990,0]],[[2872836,2338373],[-707,-3135],[-418,-3286],[225,-4927],[-1479,-7516],[1865,-1941],[-2636,-3484],[-1029,-2215],[-289,-1966],[-10417,846],[-772,-1170],[900,-995],[1929,-473],[354,-1145],[-932,-597],[2636,-1618],[2668,-2737],[-128,-1867],[1029,-821],[1800,-373],[-418,-2265],[322,-1020],[1479,-1742],[1993,-896],[514,-1543],[1704,50],[418,-598],[-1350,-1169],[-1061,74],[-1125,-921],[386,-796],[-997,-1194],[707,-1419],[-2025,-871],[-2315,-3534],[-836,-149],[-1929,721],[-3087,-895],[-1061,-1917],[386,-1244],[-1672,-2066],[3473,-1244],[2732,-1817],[901,-1642],[-643,-697],[-225,-2339],[1318,0],[1479,-921],[3408,-224],[675,597],[1511,-672],[1897,75],[1061,-1145],[-836,-1742],[1704,-448],[1672,124],[932,-522],[2797,-199],[2347,-1493],[32,-1693],[1351,-995],[225,-1245],[1479,-2040],[161,-1444],[3215,-1269],[1446,-1344],[1994,548],[1125,-1742],[2058,-598],[1318,224],[1832,-622],[193,-99],[547,-2016],[-643,-1369],[-965,-722],[-1575,-248],[-1672,-1170],[772,-747],[-708,-1692],[740,-946],[-322,-1120],[-2347,-821],[-96,-622],[1736,-473],[547,-1095],[2829,597],[579,1170],[1093,398],[579,1419],[1382,-349],[386,-1020],[2765,-50],[2282,1941],[1704,523],[708,1443],[1061,-273],[546,-1344],[1190,-548],[1865,249],[1189,-846],[547,-1195],[2315,-323],[1543,-572],[1929,-1967],[997,-572],[2089,-224],[1319,249],[2700,-1667],[-64,-1917],[-1415,-1194],[2026,-1817],[-611,-1493],[2186,-324],[740,-1219],[-740,-1593],[-161,-1443],[-1382,-647],[804,-971],[-193,-1767],[2958,299],[2733,-1344],[450,-896],[2347,-249],[2089,-1020],[547,-1493],[2218,-548],[1897,-3036],[483,124],[4951,-2986],[1832,-2663],[-450,-771],[1126,-1394],[-258,-1220],[2894,-1468],[514,-572],[258,-1966],[2636,-2141],[-2122,-622],[-322,-1518],[322,-1194],[1254,-150],[1543,-896],[932,299],[3312,-2165],[28261,-2240],[12603,-1045],[1157,-25]],[[3007066,2185644],[-868,-4106],[-836,-2165],[-1157,-1220],[-2572,-971],[-3505,-647],[-3633,-1219],[-2604,-1468],[-868,-797],[-1061,-2264],[-1286,-4032],[386,-1842],[2958,-4255],[32,-1643],[-547,-1045],[-3472,-2439],[-1190,-1692],[-546,-2912],[-1029,-1916],[-129,-2091],[-1607,-1194],[-2412,-174],[-932,-473],[-1961,-1792],[-2154,-1468],[-3183,-2862],[-2186,99],[-2122,647],[-1769,1220],[-2540,-50],[-1607,-2588],[-4308,-1668],[-772,-1319],[-2476,-1194],[-643,423],[-1736,-1045],[-225,-3037],[-2250,-1393],[-2058,-2738],[-482,-1941],[-1158,-1543],[-1093,-622],[-2411,-25],[-4984,2663],[-2861,846],[-3987,448],[-1961,-224],[-2733,-1319],[-3472,-2514],[-1897,-273],[-2315,1095],[-2282,4131],[-1286,1294],[-1319,348],[-1961,-348],[-1222,-821],[-1768,-125],[-2058,399],[-1768,746],[-2057,1369],[-643,1020],[-386,1792],[-1511,722],[-1479,149],[-3119,-821],[-8423,-2588],[-1061,-971],[-193,-1418],[353,-1344],[2026,-3634],[2025,-2264],[-96,-1618],[-900,-1095],[-2219,-1070],[-3536,-598],[-1126,-2090],[-128,-1070],[1157,-3385],[354,-3011],[-225,-1717],[-836,-1966],[-64,-2290],[-643,-846],[-5177,-2538],[-1575,-498],[-3762,-299],[-2250,-547],[-1093,-1021],[-483,-3285],[-578,-1518],[-1222,-1468],[-2797,-896],[-4180,-249],[-3858,-2464],[-1575,-124],[-1736,1195],[-1383,99],[-1736,-1742],[-1286,-1941],[418,-2389],[1447,-2439],[96,-1468],[1447,-2663],[-579,-3161],[-1543,-1916],[64,-846],[3087,-3708],[-1222,-2265],[289,-1767],[-2861,-2464],[-225,-1767],[932,-1866],[2315,-2962],[772,-1966],[289,-2165],[2058,-3559],[996,-2115],[0,-2165],[933,-1543],[1414,-1170],[-450,-2041],[-4244,-3733],[-1704,-1095],[-1093,-1493],[-161,-2414],[997,-1742],[-611,-2762],[32,-1294],[-2411,-2066],[579,-1244],[-193,-1742],[-900,-2514],[-1061,-1568],[1414,-1792],[2026,-1692],[707,-995],[32,-3609],[258,-1095],[3022,-3260],[675,-2638],[2733,-2190],[-129,-747],[-4565,-2513],[-675,-1170],[353,-1443],[2219,-2414],[3793,-3509],[1672,-1021],[1833,-522],[3343,-75],[2573,-647],[3729,-1344],[1736,-1543],[5691,-299],[2379,-1816],[1093,-1294],[-257,-2614],[1897,-3036],[161,-970],[-901,-3982],[-2154,-1817],[-3183,-622],[-4018,-2688],[-1801,-1593],[-3472,-920],[-2219,-2315],[-514,-1518],[-1157,-1095],[-354,-1269],[-2990,-1717],[-4019,-1220],[-1286,-2190],[1093,-597],[-2122,-2290],[-96,-2638],[2218,-4479],[2894,-2638],[1511,-772],[804,-2463],[2121,-399],[1544,-1194],[643,-3161],[-900,-1369],[-515,-1667],[-1125,-796]],[[2864381,1918760],[-6366,-4629],[-2251,-1966],[-1575,-2240],[-1800,-1444],[-97,-821],[900,-1369],[418,-1717],[-1286,-1169],[-1672,-573],[-1511,-1891],[-2347,-1842],[65,-1393],[-708,-1767],[-3793,-3161],[-97,-1443],[1125,-1319],[-1864,-5077],[739,-2265],[-321,-946],[803,-1219],[-611,-2265],[740,-1020],[-836,-1618],[-643,-124],[-25367,1817],[-32440,7814],[-482,1866],[-1222,299],[2958,3260],[-52856,3883],[-675,-4928],[868,-498],[-836,-7789],[-579,-6769],[-354,-697],[-1093,-7591],[-11992,3111],[-15786,1195],[-18165,23169],[1864,12966],[-63079,4505],[-5852,-3485],[-12507,1021],[-2636,-22000],[-257,-2937],[-2540,-25882],[-2347,-23542],[18519,-1145],[-5209,-20134],[4984,-99],[7330,-523],[20480,-995],[-611,-3534],[-2700,-21403],[-258,-1667],[-25174,1593],[-16429,945],[-1672,-7266],[-8809,821],[-2797,-20133]],[[4492788,711832],[-579,1743],[-25560,2339],[129,1095],[3375,1418],[772,3285],[1640,722],[2668,-1145],[836,299],[-32,1966],[-836,1070],[2508,2663],[1029,-1344],[2154,-622],[1672,722],[1061,1368],[2218,-1493],[-2218,-1592],[321,-946],[1576,-448],[1993,224],[707,821],[-353,1792],[1864,-1120],[2508,25],[1093,-473],[-546,-1742],[-1576,-274],[-1736,-2613],[354,-871],[2411,-896],[1704,1469],[1575,-772],[-2282,-3409],[1447,-374],[-676,-1120],[997,-1045],[-2218,-722]],[[501103,2060166],[54688,-1195],[2347,31482],[1994,-50],[2089,28097],[17748,-971],[578,9656],[19580,-323],[10674,-448],[2058,1319],[418,871],[1575,25],[643,696],[193,1917],[-450,1045],[965,1717],[-1222,2713],[450,697],[-1993,1966],[-1608,99],[-193,1394],[-1350,473],[-1479,1294],[161,846],[-1736,796],[1350,4480],[-1061,1792],[-1576,1642],[-3118,1593],[-482,1244],[257,2962],[-708,1817],[-1125,522],[1769,1344],[-258,1643],[2058,423],[2347,3782],[-354,1145],[-96,4107],[354,597],[-869,1294],[-160,1219],[2990,-572],[4726,-299],[1254,-2663],[932,-1343],[1190,74],[2025,-647],[836,-970],[3794,-199],[1061,522],[1640,-348],[1157,-1021],[1640,-423],[0,-1443],[1447,-647],[2764,-3011],[2283,-3012],[3055,-1916],[2797,-1319],[675,-971],[2283,-1742],[1189,-448],[193,-995],[2958,-871],[4726,-1145],[2122,722],[-579,1170],[-2122,1667],[-1864,3683],[-676,398],[772,5102],[225,4953],[547,3782],[96,2414],[450,1419],[-3247,3832],[-12442,4032],[-8231,772],[-1672,1518],[0,1294],[1286,1344],[2058,846],[-418,2115],[-3151,2812],[997,2564],[-1158,1294],[1254,1045],[-514,4256],[1029,2115],[-1254,2289],[257,2066],[965,-99],[771,1567],[1029,-224],[1511,2663],[1447,-448],[2379,349],[-450,1592],[2025,399],[643,1418],[1576,1220],[-1576,1991],[-289,1269],[868,1717],[-482,1344],[1865,821],[257,821],[-3472,2514],[-708,2489],[-4019,821],[-2861,149],[-3633,-821],[-3730,224],[-13181,-3634],[-6366,-423],[-2444,-1120],[-3054,921],[-4244,-74],[-8777,622],[-2669,348],[-20833,-3111],[-643,1742],[-33,3933],[2830,2886],[-258,1693],[-3311,1941],[418,896],[15593,-896],[1543,16997],[933,11025],[868,11224],[160,572],[772,13688],[3376,-75],[450,22025],[193,19237],[-3376,249],[289,2613],[-21798,747],[-868,-13538],[-19966,1742],[-48129,4380],[5948,24563],[-20159,1319],[1254,16873],[2476,33622],[1478,19859],[9035,-472]],[[940958,2499589],[3151,-1020],[2893,-1942],[965,-995],[193,-1891],[-1447,-1319],[-32,-2166],[1254,-99],[193,-1394],[964,-498],[1833,25],[1029,-1568],[-804,-1070],[1222,-1916],[3279,-1319],[-257,-1642],[2508,-871],[643,-2738],[2347,-1866],[900,-1469],[996,-746],[418,-1344],[-321,-1245],[2476,-1518],[-322,-896],[-2797,-298],[-2701,-672],[-964,-697],[-418,-1543],[-1190,-1667],[418,-1593],[1801,-1444],[-33,-1393],[1672,-1717],[257,-996],[-482,-1792],[-1157,-970],[482,-1046],[-1608,-696],[1029,-1294],[65,-1245],[1736,324],[257,-871],[-997,-1294],[-193,-1021],[2122,-2936],[515,-2613],[1672,-2365],[739,50],[1608,-2066],[1189,-647],[-1607,-1468],[128,-2613],[2315,-1667],[611,-1842],[2508,-1070],[418,-1842],[1993,772],[1222,-75],[161,-1194],[-2283,-1394],[-804,-846],[836,-1369],[-161,-995],[708,-1245],[-1319,-522],[579,-1618],[2122,-1966],[418,-2140],[2154,-1170],[965,-1145],[-10321,-7964],[1543,-4479],[-160,-2066],[1157,-1070],[-22088,-6246],[-1350,-14435],[-25110,1270],[-1704,-1295],[-35398,2962],[1158,-1643],[-2315,-547],[1189,-2041],[-482,-1020],[836,-1842],[-1061,-1443],[-1640,25],[-835,-1045],[26428,-10453],[-1126,-12095],[97,-473],[21862,-1120],[-1543,-16922],[-2186,-23991],[7619,-373],[258,-548],[-37231,-22771],[26364,-24762],[3826,1443],[4244,1070],[2990,448],[418,-398],[30800,-27575],[-26042,-15703],[-2154,-1419],[-257,-1717],[10481,-323],[27457,-2315],[1864,448],[15722,-1443],[-5433,-5027],[-1704,-2912],[-772,-2837],[804,-498],[-65,-2240],[-1446,-273],[-1190,-846],[-3022,-747],[-611,-448],[-3183,-548],[-3151,-1169],[-611,-622],[-1350,-10652],[3408,-13488],[4437,-7168],[675,-7665],[13471,-11647],[-1414,-13663],[-35688,3460],[-2090,-896],[-321,-2265],[-1093,-821],[1318,-2588],[-1318,-2315],[-804,-2414],[900,-1617],[32,-1270],[-1639,-2215],[771,-3160],[-707,-2862],[547,-1742],[-161,-1817],[-900,-1817],[-1737,-1617],[-1350,-498],[-3247,-498],[-1447,-1219],[-321,-1917],[-3055,-3882],[-675,-2488],[-2829,-3435],[-611,-1767],[-1736,-1443],[-2379,-274],[-1222,-1369],[-3440,75],[-2926,-1493],[-1125,-1717],[-3794,-2116],[193,-1817],[-2862,-1966],[-1639,-2015],[-1801,-1095],[-32,-1643],[740,-796],[64,-2116],[482,-1219],[1318,-1269],[-289,-1245],[-2765,-1493],[1672,-3758],[3086,-3857],[1511,-1220],[-192,-2439],[-2283,-1095],[-1736,-348],[-579,-3260],[-932,-423],[-772,-2514],[14404,-697],[-2605,-26653],[-9934,498],[-322,-3609],[-9034,-20755],[997,-6396],[23630,-1195],[-2089,-24314],[-5402,274],[-932,-9258],[-15690,1145],[-2379,-16202],[7941,-1791],[2412,273],[3279,-298],[2283,-2663],[3118,-5251],[1801,-5276],[2765,-3683],[2540,-2614],[3697,-5151],[3697,-1966],[643,-846],[2380,-1842],[2636,-1717],[1254,-1170],[2186,-3011],[2701,-3061],[1800,-3036],[1640,-2066],[386,-2339],[1961,-3559],[-2765,124],[-9163,-18266],[-386,-3783],[1801,-4554],[-997,-10428],[-10738,-9606],[-7974,498],[-1479,-14783],[6655,-348],[-32,-448],[-7941,-10303],[-514,-5177],[18583,-946],[-1029,-7466],[-8552,-19984],[8648,548],[1190,-274],[8745,-547],[2218,224],[836,-374],[9903,-647],[2733,27276],[1414,12294],[22442,-2115],[-226,-6545],[79349,-2738]],[[1065800,1801668],[-6238,-9532],[-610,-1468],[-1222,-1219],[-129,-5276],[2122,-3460],[-707,-597],[900,-1518],[-386,-3160],[1126,-2215],[192,-1966],[-30768,1667],[-5112,-48330]],[[1341782,4084868],[8585,29416],[-772,2239],[38452,-1891],[29290,-1443],[52309,-2564],[1190,11249],[-12668,15529],[-13985,17023],[-1254,-1892],[-1543,-174],[-1544,473],[-386,-846],[-1511,-772],[-1639,1046],[-1447,-349],[-1093,1045],[-1897,-74],[-1383,995],[-1028,-647],[-418,-1244],[-1190,622],[-2476,-697],[129,-2439],[-1125,-298],[-2315,1244],[-1125,-249],[-129,-1617],[547,-872],[-1190,-447],[-418,-1220],[-1157,-50],[-1640,647],[-1318,1021],[-1286,0],[-2765,1269],[-836,1369],[-2765,2040],[675,896],[-804,1494],[-1897,447],[-2700,1220],[-483,821],[-2314,1070],[-2315,175],[1061,1219],[-1704,1618],[418,2140],[-3987,-1095],[129,1767],[-1640,1792],[-1286,373],[-1222,-1966],[-1607,50],[-1254,1368],[-97,3285],[-1607,1693],[289,1244],[-64,2315],[-2958,1468],[-386,1219],[-2347,846],[-96,1145],[-1897,-522],[-1190,871],[515,1095],[-772,1169],[-2379,-199],[-1190,797],[-32,1144],[-1254,598],[-1768,-1319],[-1190,746],[-1865,-1816],[-2089,696],[-2476,-323],[-1800,-1220],[-3441,573],[-1864,-622],[-772,945],[-1993,548],[-1318,-199],[-193,-896],[-1254,-1518],[-1511,-423],[-3022,249],[-2251,-648],[-3022,-1916],[-3537,921],[-1382,-846],[900,-772],[-932,-945],[-3087,373],[-1479,-423],[-1929,1194],[64,623],[708,1468],[-1672,-299],[-1125,573],[-65,1144],[740,971],[-1222,2290],[1543,572],[-546,946],[-2187,448],[-868,2663],[-1800,572],[-836,771],[-289,1469],[1897,721],[868,772],[450,1568],[-2219,1916],[1897,1891],[-96,2713],[-611,1220],[-675,522],[-4308,1195],[-3376,249],[-1704,771],[-1447,1891],[-10642,-24],[64,-20806],[161,-33696],[-14404,-18491],[-9452,548],[643,7042],[-1865,2215],[-3761,-5052],[-9485,-920],[-2282,-3584],[1704,224],[1446,1891],[2540,697],[3183,-299],[257,-1518],[3215,-3011],[1287,-1667],[1382,199],[3697,-473],[3730,-772],[1575,25],[1961,647],[451,-1468],[2314,-971],[1415,1046],[1318,1841],[1608,399],[1414,2364],[1286,448],[2219,-199],[836,-1220],[1704,-373],[1414,1145],[1415,597],[2476,-50],[900,896],[1704,125],[1382,-1120],[1929,1344],[1479,0],[2154,1244],[4212,-747],[579,1045],[1575,-572],[1479,-1219],[2219,423],[1704,-1643],[1157,1767],[2379,1593],[1833,174],[3086,-174],[868,-1070],[1029,721],[804,-248],[225,-274],[-193,-921],[386,-25],[321,647],[1672,150],[933,447],[1093,-323]],[[1347280,4123143],[322,-945],[2314,-697],[-10127,-4331],[-21380,-12418],[-42247,-6321],[11768,-16102],[4276,9233],[11670,-1020],[1447,-6247],[4726,-4902]],[[1259508,4088825],[-1993,-1295]],[[1257515,4087530],[0,-3],[-32,-21],[32,-148],[0,-52]],[[1257515,4087306],[303,-1341],[147,-674]],[[1245973,4057915],[-13825,-74],[-8391,-9905],[14757,-7242]],[[1176624,3942068],[-65,498],[8970,8536],[2444,3559],[1189,2364],[868,3609],[-932,4380],[-772,2563],[-1382,871],[-804,1991],[-1318,1891],[-1800,1294],[-1512,-199],[-1253,822],[-676,1119],[-1864,274],[-643,1916],[-1736,1817],[-97,1817],[-675,1866],[-2283,2589],[-1575,920],[-2090,224],[193,1444],[-643,3509],[-1576,1916],[0,1867],[-482,3235],[-1607,2588],[-901,2240],[933,1792],[739,3260],[0,2364],[-578,1468],[482,2514],[-322,1518],[-1350,2538],[-2926,2340],[-2861,1244],[-1704,-796],[-740,3633],[-1543,1817],[2508,3907],[836,2190],[1479,2439],[1029,2563],[1511,448],[2475,2265],[2572,3011],[2219,3260],[1543,747],[932,1020],[901,-945],[0,-971],[1736,-647],[1607,224],[3055,1493],[2025,1966],[1447,2464],[2218,597],[2894,2141],[3086,99],[2733,772],[1961,249],[1061,771],[2283,2862],[1190,299],[1189,1144],[2508,299],[2604,2389],[515,1369],[1414,1817],[2797,2588],[1319,1991],[1768,3559],[1286,4429],[1704,2265],[2861,6321],[2926,5202],[1254,3807],[997,2290],[643,5375]],[[1212504,4073868],[-1061,-2165],[-1640,-2215],[-1350,-1070],[15207,-1120],[804,22049]],[[1232405,4106469],[3569,-2289],[2476,-498],[2122,871],[1189,-299],[1961,-1493],[4694,5500],[-1029,-473],[-3600,1070],[-1061,921]],[[1242726,4109779],[450,349],[-2154,1393],[321,672],[2058,772],[964,896],[161,1617],[1961,-174],[2669,722],[3215,0],[643,6172],[1800,2986],[-1125,323]],[[1253689,4125507],[-161,2614],[258,1567]],[[1253786,4129688],[64,299],[-3344,4181],[-3794,1842],[322,-7118],[-11542,-1070],[-13407,4181],[-8134,10427],[-16719,8661],[5787,4430],[-128,373],[-4083,-921],[-901,-2190],[-1446,-1169],[-2412,298],[-2475,-249],[-2926,-3285],[193,-1194],[3086,-1145]],[[1191927,4146039],[-1993,-3559],[739,-2016]],[[1190673,4140464],[-1157,2389],[-1511,-497],[-2283,896],[-1607,-324],[-2315,1120],[-1833,-473],[-1222,423],[-2732,2215],[1125,2638],[0,1692],[1865,3161],[-483,622],[-160,1817],[-804,2290],[354,1567],[-1415,473],[-2733,-14558],[-836,-13315],[-32,-821],[129,50]],[[1173023,4131829],[-579,-299],[-2476,224],[-3054,-1319],[-1382,1219],[-3794,1419],[-2379,-50],[-740,871],[-2250,1046],[771,2662],[2251,3211],[1897,3658],[739,2713],[2669,4977],[3215,4554],[1318,2464],[5626,8910],[2476,4504],[5401,10776],[4694,10228],[2347,6371],[900,1842],[1029,2986],[-32,1344],[643,3260],[1093,1668],[2090,4803],[997,1319],[2958,1070],[2122,1468],[2314,3211],[3376,5823],[1222,1767],[7009,12717],[1382,2066],[3312,5948],[1832,2986],[3408,6769],[2605,4156],[2025,2340],[1029,224],[707,1194],[1962,1419],[1028,1144],[2444,3684],[2411,4031],[3151,2688],[2443,1717],[2090,1842],[1833,1219],[1447,448]],[[1250603,4287121],[-2798,-1443],[-2282,-2041],[-5980,-4902],[-1447,-2813],[-1993,-3260],[-2187,-2414],[-1929,-1493],[-1511,-1817],[-1736,-1468],[-3279,-5127],[-1319,-2862],[-2507,-4728],[-4791,-8088],[-5819,-10154],[-643,-1394],[-5562,-9656],[-2379,-3160],[-2444,-1966],[2379,49],[1833,1145],[2508,548],[2829,-1145],[2765,-821],[2251,1194],[1028,921],[4180,-722],[-740,-1045],[4019,-1593],[1865,-1244],[2926,1344],[3247,672],[1254,-224],[-547,-1195],[-1897,-149],[-546,-523]],[[1229351,4215547],[-3762,-2687],[32,-896],[2540,-1170],[2187,-75],[289,-2165],[-900,-846],[2411,-672],[868,-1219],[-1607,-1718],[-836,672],[675,1046],[-2412,547],[-450,971],[-1254,647],[-2925,-199],[-1190,1767],[-1897,696],[740,3236],[-643,871],[-1415,-224],[-2218,1269],[-1929,-174],[128,-1319],[-868,-946],[-1672,1518],[-1864,100],[-3923,-896],[-2797,896],[-1061,2240],[-2250,547],[-4212,-373],[-1447,-1419],[-1318,-3260],[-1897,-3210],[-675,-3260],[64,-1344],[-2926,-7889],[-2089,-4928],[-4244,-9158],[-4694,-9507],[-2476,-4629],[-2990,-4927],[-3794,-5923],[-1414,-2464],[-3183,-4604],[-1929,-3683],[-547,-1917],[-2508,-4778],[-1897,-2737],[-546,-2066],[14789,21178],[-32,1071],[868,721],[-32,2116],[2861,1344],[2379,3384],[8263,-3061],[7524,448],[7619,3036],[14950,-6296],[7363,8660],[13439,11946],[1254,12593],[-34016,7018],[-2668,-622],[2475,4106],[34627,-6919],[1029,12767],[-65,6620]],[[1239253,4215398],[-160,11697],[6912,1792],[16879,7590],[-193,1916],[-1350,324],[1286,1991],[-997,995],[386,772],[-2668,622],[-1029,1219],[2475,871],[322,1494],[1832,99],[-289,1792],[-2122,-1966],[-1189,597],[-1672,-1145],[546,2091],[965,871],[-2990,448],[1286,1991],[2218,597],[547,597],[-579,5749],[836,3434],[354,448]],[[1260859,4262284],[-290,-2015],[161,-3435],[675,-3011],[675,-921],[1415,-7242],[1672,-2961],[3569,-2663],[1254,-1319],[-2412,-1369],[-3054,-2090],[-4630,-822],[3569,-945],[4823,2339],[2154,1543],[675,1468],[-225,1269],[-3633,2713],[-1769,3833],[-128,2190],[-643,1841],[289,3957],[997,3036],[4501,3534],[2572,2713],[1157,871],[2894,-25],[932,-398],[4244,-2738],[1190,-99],[2379,-1045],[5787,5101],[-1736,1494],[-707,2787],[-1029,1991],[-2122,1692],[-2733,3136],[-4694,3583],[-3151,1046],[-4019,-1294],[-1929,846],[-546,1045],[-193,3335],[354,3633],[996,3534],[-32,1244],[836,2987],[643,4903],[64,2414],[643,3857],[933,3982],[2282,8113],[1897,4654],[3055,6246],[2250,2140],[4469,2091],[1158,1667],[-97,2862],[450,2663],[1158,2837],[1768,5276],[1254,6321],[2604,1245],[515,1244],[-483,1020],[161,1867],[579,1866],[3054,7267],[482,1693],[1833,4106],[1190,4704],[1414,4429],[1993,3634],[3151,3832],[579,1817],[3729,6943],[2540,6197],[643,498],[3023,-75],[0,2315],[-868,-125],[0,2290],[868,2215],[0,108850],[2314,4]],[[1322202,4524515],[8745,25]],[[1330947,4524540],[869,-4355],[610,-1693],[1865,-4031],[515,-2962],[-579,-2513],[836,-2190],[546,-2887],[1222,945],[-354,1220],[868,1294],[-996,1020],[-193,2190],[868,448],[-1190,2613],[676,1071],[1704,1045],[-965,1194],[547,2265],[-901,622],[1479,1568],[1286,-274],[1415,-2140],[-1125,-622],[578,-796],[1383,-523],[-740,-1220],[-1639,-796],[2218,-1418],[3665,1045],[2122,-921],[-1125,-846],[-2315,348],[-932,-1145],[1897,-149],[1511,-1319],[707,174],[1318,-2463],[0,-1668],[-900,-25],[-1029,2763],[-771,-971],[-1801,647],[-418,-896],[-1736,-597],[450,3186],[-771,1518],[-1286,224],[-1415,-2614],[321,-1219],[-675,-2588],[-804,-2066],[515,-1767],[-804,-1493],[-1929,-448],[450,-2265],[1190,-1493],[0,-1443],[1897,1369],[-33,1667],[933,622],[0,1170],[-1383,771],[772,1693],[0,1891],[643,896],[-64,149],[675,1294],[3119,-348],[-1479,-2563],[643,-1170],[-1190,-1842],[707,-970],[-160,-1593],[1093,25],[32,-1643],[-900,-2239],[836,-274],[-33,-1966],[-707,-2190],[579,-697],[-322,-1891],[97,-1817],[-1254,-1095],[611,-946],[-1447,-1493],[257,-921],[-1029,-3360],[-1061,-74],[-64,-1493],[-1447,-399],[-2379,-1294],[-900,423],[1157,1469],[225,2488],[1319,2414],[546,3659],[-514,1020],[771,4654],[-578,1443],[-1190,-224],[-611,-1393],[-96,-2464],[-611,-5799],[-1061,-5326],[-804,-2563],[-1704,-3235],[-1543,-796],[-1093,-1718],[45268,3908],[33823,2886],[-3087,7068],[-739,722],[-1897,3210],[514,2812],[4952,5276],[514,8138],[-1768,4032],[-836,4330],[32,2588],[8713,5799],[-1158,1120],[1318,1244],[2412,896],[1607,1941],[-1221,125]],[[1416887,4524540],[37134,0],[15304,50],[9195,-50],[26653,0],[32279,0],[66424,0],[168792,0],[172521,0]],[[1945189,4524540],[-675,-672],[-2701,-274],[-1833,324],[-4501,-548],[-675,-249],[354,-2140],[5916,-2464],[3600,-4181],[1544,-4031],[450,-2116],[0,-1767],[868,-1518],[1093,-647],[772,-2513],[1125,-1021],[96,-3061],[5820,-5077],[514,-2015],[-1093,-1319],[-2829,-2016],[-836,-1493],[-97,-1270],[-1446,-1792],[225,-1418],[1221,-2315],[-321,-1617],[1157,-5923],[933,-597],[996,-3061],[354,-3360],[-643,-1568],[-129,-2738],[-739,-2712],[-868,-1518],[-1865,-2041],[-643,-2265],[-1543,-1269],[-1126,-199],[-1929,1095],[-3408,1419],[-11542,-1295],[-385,-124],[-8906,-7043],[-418,-1294],[-1286,-1294],[-290,-4480],[611,-4977],[-321,-622],[16461,-6869],[1286,125],[3247,-3186],[997,-1394],[5305,-3484],[2733,-1219],[2347,-1543],[610,99],[3794,-1816],[643,-921],[-578,-772],[546,-1493],[64,-1717],[1672,-4728],[129,-4181],[-386,-1618],[-1029,-1269],[-1800,-697],[-3826,-50],[-4919,-17844],[1961,-1194],[-772,-1021],[-900,0],[-10513,-15778],[1672,-1717],[2122,-3559],[-836,-2190],[2347,-1791],[4983,-1170],[3247,647],[2315,-473],[2058,75],[3729,-1593],[2733,-274],[900,-498],[772,-1418],[0,-7391],[-1125,896],[-3055,696],[-3375,-298],[-2990,224],[-2251,-2066],[-96,-871],[482,-3608],[3794,-2564],[321,-1070],[2797,-2289],[-225,-3634],[3505,-3161],[-804,-1990],[-1865,-1071],[-1607,-298],[-3569,-100],[-3440,-348],[-1286,-573],[-4373,-74],[-1575,-871],[-2508,224],[-5594,-25235],[2507,-1917],[33,-1144],[-2347,-1842],[-2380,-1419],[-1414,-224],[-5273,-15803],[257,-1119],[-1929,-523],[-1382,-1294],[1093,-3036],[1286,-971],[-515,-2613],[-3440,-871],[-1061,-697],[258,-1269],[1446,-2115],[1286,-1095],[-1768,-1095],[-7073,-27226],[1382,-797],[-1061,-1269],[-3215,-373],[-1800,-1942],[-386,-2289],[-932,-1593],[1125,-2986],[2765,-971],[-450,-1393],[-2862,-2091],[-2636,-1418],[-4533,-3086],[-611,-2265],[-932,-224],[-1737,498],[-3183,-249],[-321,-1319],[2154,-1966],[-225,-1245],[-2829,200],[-2862,-1046],[-257,-1120],[418,-1592],[1897,-2439],[-547,-1120],[-1671,-1120],[-1962,572],[-546,1444],[-3955,1468],[-643,1020],[-1736,-373],[-3086,-199],[-258,-2066],[-2347,-671],[-1446,-1046],[-3891,-995],[-5337,-2414],[-1446,-2066],[-1351,-796],[386,-2937],[579,-249],[-386,-2439],[-6237,-3061],[-418,-1294],[-1640,50],[-3215,-1642],[0,-1394],[1447,-2140],[2122,-3908],[1254,-1144],[2379,-3858],[-708,-846],[97,-1219],[1640,-1991],[2089,-1991],[2219,-1717],[1672,-3385],[1125,-1294],[-129,-3235],[-707,-3261],[-129,-1692],[322,-1393],[-675,-3808],[1382,-523],[2476,-2936],[1768,-1070],[3151,-2564],[289,-2538],[2315,-2140],[1286,-548],[3697,-2514],[-739,-2438],[707,-2638],[1061,-1021],[225,-3011],[1383,-1742],[2057,-1767],[33,-1145],[-2637,-2389],[-1157,-498],[-2637,249],[-5465,-50],[-2154,-1120],[-1126,-1119],[418,-2688],[-771,-1817],[1511,-946],[611,-995],[2025,-1443],[2187,-1095],[-354,-1220],[-1415,-597],[-3569,-672],[-546,-448],[450,-2190],[-1350,-4181],[-643,-1269],[1350,-1742],[1993,-548],[2540,-1667],[2251,-1195],[1189,-1194],[1865,-822],[1833,-1344],[1286,-4131],[32,-2887],[-3183,-2687],[-3247,-871],[-1351,0],[-771,-772],[353,-1866],[-610,-2663],[-1447,-2912],[611,-1593],[2122,-4106],[-290,-1817],[1093,-2264],[-900,-2265],[322,-2190],[2282,-2016],[-1189,-2613],[3247,-1419],[611,-796],[4405,-3509],[-258,-1866],[611,-2265],[1029,-2041],[3440,-2289],[482,-896],[418,-2340],[547,-547],[6655,-4977],[1222,-523],[11896,-349],[1447,847],[1253,2364],[1094,1070],[1832,572],[1865,-1070],[193,-3957],[-1318,-2513],[321,-1469],[3858,-2140],[1125,-348],[1061,-2290],[-96,-1916],[-2411,-2862],[-3569,-3459],[-3183,-2788],[-997,-1642],[161,-1618],[2476,-2837],[1221,-3733],[2155,-2364],[-804,-2563],[1061,-2688],[2475,-2315],[1158,-696],[0,-1021],[-1447,-2912],[-2508,-895],[-3151,-1469],[-1511,-249],[-675,-1443],[1126,-1792],[-97,-970],[-1093,-1792],[1897,-1319],[3054,-996],[1608,-50],[2315,-1567],[1832,-2365],[64,-2264],[965,-1220],[1575,-647],[643,-1369],[-321,-846],[-3183,-871],[-1833,-1742],[-900,-1841],[-2379,-1394],[-354,-1195],[1158,-1020],[353,-2613],[3730,-3634],[64,-1095],[2508,-3608],[386,-1045],[-547,-1593],[-1222,-324],[-1028,-1543],[675,-1866],[-322,-1817],[4662,-4479],[1350,-175],[3923,-3160],[4887,-473],[5498,1941],[1446,846],[1190,1941],[2894,100],[1189,946],[997,-224],[225,-2240],[-611,-1344],[-2476,-1866],[-1028,-1718],[1382,-2687],[1575,-996],[1479,-1518],[6688,-622],[0,-1493],[-1383,-1842],[32,-3011],[1672,-2937],[1222,-498],[2701,-74],[1864,622],[740,-672],[-225,-2389],[-2572,-3559],[739,-3086],[-1222,-4903],[901,-3409],[1061,-1145],[14596,-5898],[1318,-796],[933,-4679],[2604,-2140],[3151,-1643],[1607,-2264],[257,-822],[2026,-522],[5562,-3708],[3955,-1319],[2732,-1867],[2283,-498],[5241,-3235],[1318,-2240],[-225,-1767],[1125,-2911],[3633,-4032],[-96,-1817],[3601,-2862],[2861,-846],[2476,-2563],[1479,-4032],[5304,-3434],[4952,-4181],[5369,-5500],[2025,-5102],[-64,-1518],[932,-771],[258,-2439],[6944,-3410],[2412,846],[1768,125],[2090,-448],[4854,-3136],[1640,-572],[643,-1095],[6141,-2688],[2926,-100],[2732,-1543],[2862,-1244],[8777,996],[611,547],[2797,-174],[5691,448],[3601,-573],[9645,2589],[1350,920],[4501,6197],[161,797],[2572,771],[1222,772],[289,1791],[997,498],[3344,-1319],[11638,-274],[5884,-6097],[1189,-348],[354,-2016],[1222,-1991],[3665,-2066],[1382,-1990],[0,-2390],[901,-472],[6912,24],[482,274],[3955,-622],[2990,-1717],[1382,-274],[2347,-1468],[1608,-349],[3408,-99],[3569,-971],[2379,-1916],[-32,-1717],[-2572,-2812],[-322,-1543],[515,-548],[-1254,-1418],[739,-2688],[965,-1045],[1221,-3012],[386,-2439],[2154,-2190],[2572,-2190],[965,-1966],[354,-1617],[1800,-1145],[6237,-2290],[3698,-1617],[2572,-2116],[1704,-2538],[2089,-1170],[1672,-3409],[65,-1095],[5272,-1966],[2154,-249],[2155,249],[3054,-622],[354,-722],[2122,-722],[1478,324],[2798,1269],[1575,-324],[3569,-1592],[836,-1767],[1350,-921],[611,-1692],[1961,-1319],[1286,-448],[7588,-1095],[1189,472],[3312,324],[1993,-398],[2669,-75],[803,-572],[4019,-647],[3633,-175],[5144,299],[4727,-2464],[1800,-1767],[1286,-796],[1993,-473],[2862,-50],[3344,-970],[2379,-971],[1061,25],[2990,-1991],[1446,-622],[483,-871],[3794,-597],[3729,398],[1961,-249],[2090,-1145],[2958,-473],[3279,-970],[515,-498],[3986,-946],[3473,-199],[1382,-373],[7941,-1219],[3762,-1942],[1061,-2040],[2476,-1991],[4372,-2638],[3312,249],[1511,-1966],[900,-274],[3183,0],[3826,-672],[6719,99],[4116,-1891],[2572,-622],[4533,-3235],[1672,-498],[2058,75],[4726,-2016],[1768,-2016],[0,-1419],[5305,-6843],[1768,-1095],[161,-573],[6655,-1170],[1158,847],[5047,124],[1576,-448],[4115,-572],[2315,-1369],[3022,-2290],[2379,-2215],[836,-1791],[3472,-2539],[1929,249],[1608,-249],[1447,-722],[3665,-2762],[772,-1170],[2990,-2463],[128,-1220],[4212,-3957],[2090,-348],[3215,-2489],[1511,-2663],[1350,-274],[3183,-2662],[225,-2738],[2412,-1941],[2700,-1792],[450,-2439],[-707,-821],[900,-3011],[1736,-2688],[1190,-1220],[3119,-522],[1511,-2315],[611,-3036],[3793,-3210],[740,-3136],[1479,-946],[1961,-174],[900,-3210],[1061,-249],[3440,-2115],[1254,-1718],[386,-3210],[1254,-1468],[32,-3609],[836,-1169],[1479,-299],[868,-5475],[932,-2165],[322,-2141],[1993,-6968],[-128,-1717],[1028,-1667],[-160,-2016],[1607,-4530],[450,-3509],[-128,-3981],[-1576,-4057],[-1093,-3260],[-2572,-2215],[-3954,-7989],[2154,-4031],[1575,-697],[772,-3036],[-611,-1294],[450,-2315],[-611,-2812],[-707,-1095],[996,-4828],[1222,-1394],[2701,-1393],[-225,-2066],[675,-1792],[1704,-2016],[289,-2961],[-2540,-3534],[-1028,-5201],[2539,-5475],[836,-1021],[-932,-3260],[547,-1518],[2025,-1419],[225,-1866],[-836,-1319],[-289,-1916],[482,-1842],[1029,-1020],[3086,-1245],[-96,-1169],[-1061,-2489],[193,-3185],[-354,-623],[97,-5475],[1382,-1368],[515,-1295],[128,-2563],[515,-1170],[-161,-1791],[1511,-3111],[1672,-1468],[289,-2041],[4148,-5077],[1157,-3235],[161,-2414],[900,-2514],[257,-1742],[1543,-6819],[3441,-4728],[482,-1991],[-193,-2987],[-643,-1393],[2025,-4082],[901,-2215],[-225,-1120],[225,-3608],[-1672,-4878],[-1704,-2389],[1768,-3907],[-418,-2439],[-1897,-2713],[450,-1418],[-1961,-4082],[3087,-4728],[546,-3733],[3151,-5201],[643,-747],[-868,-3957],[418,-1020],[-643,-1394],[-2508,-11274],[386,-2663],[-322,-2662],[-2347,-1369],[-803,-1045],[-193,-2365],[225,-1493],[5626,-5450],[868,-1394],[1961,-8113],[1640,-2389],[129,-1642],[-3633,-6670],[128,-2713],[515,-1443],[-322,-1767],[1994,-7939]],[[2517281,3301461],[-64431,-50],[-39835,-398],[-42503,0],[-546,-1418],[-1190,-274],[-868,-398],[-1768,-647],[-2605,-1568],[-321,-1568],[-2186,-672],[-1737,-1344],[-2379,896]],[[2356912,3294020],[225,1518],[-2379,199]],[[2354758,3295737],[-643,747],[-1479,-622],[-2733,796],[-610,1045],[-3023,50],[-1157,1269],[-1158,573],[33,1144],[-740,1494],[1447,771],[-1543,996],[-8874,-7491],[-2315,1443],[-514,2439],[-2829,-473],[-1190,-672],[-1222,672],[-2347,100],[-2282,-672],[-1094,-1394],[-1961,-1443],[-1350,-423],[-2026,25],[-3472,1343],[-2411,-846],[-3022,1369],[-1608,971],[-2990,-1568],[-2540,547],[-1736,-746],[-1833,-1792],[611,-2116],[65,-1518],[-804,-348],[-2508,672],[-1736,896],[-2476,423],[-3279,-299],[-257,-1443],[-4373,-1668],[-836,-74],[-4147,-1916],[1447,-1743],[32,-1791],[-772,-1369],[-1736,-1618],[-450,-2563],[1125,-2290],[-450,-448],[289,-3011],[1126,-523],[1768,224],[1350,-2314],[836,-324],[1190,-1393],[-161,-1991],[-1029,-1170],[1190,-1045],[-193,-2066],[804,-1617],[-1158,-1444],[708,-1244],[-290,-1767],[-2701,-2688],[97,-1518],[739,-1543],[-418,-771],[-2122,-1394],[-1189,-1219],[-675,-1668],[-2187,50],[-1478,-324],[-1222,-1144],[1189,-1568],[-1125,-125],[-771,-1393],[-869,-249],[-2314,-1668],[-6784,3012],[-1415,0],[-997,672],[-2057,522],[-1093,-572],[-2444,-2016],[-2283,-373],[-1060,-772],[2443,-1642],[-3183,-1767],[-289,-1294],[482,-2116],[1543,-1269],[3794,174],[804,-497],[64,-1444],[2186,-25],[1286,-572],[-739,-1120],[-1318,-523],[2218,-1891],[1479,-871]],[[2259013,3224885],[-3022,-995],[-2154,-2713],[-1511,-1344],[64,-1195],[-1029,-1194],[-1511,-548],[193,-995],[1640,-448],[-1061,-1219],[-2669,-623],[-2604,-2165],[-868,-1169],[836,-1419],[1575,-274],[418,-2065],[1061,-1568],[1479,-647],[386,-2837],[-933,-548],[-3279,-921],[-1736,-1294],[-1383,-224],[226,-1244],[-2122,-572],[-1029,-971],[-2379,523],[-3248,-946],[-1800,-1493],[-3569,1244],[-2379,1817],[-1961,249],[-1061,-473],[-1640,1742],[-964,-324],[-322,-1991],[-2636,-1070],[-804,-1169],[-1061,-175],[-1093,1046],[-1383,4131],[-1221,1443],[-1994,-1120],[-514,-970],[-2636,-822],[-804,-1990],[-1126,-1220],[483,-647],[-1126,-1294],[-2218,-50],[-1833,647],[-996,-1369],[0,-1891],[-2219,971],[-1286,-25],[-771,1767],[-1029,896],[289,1020],[-1221,1443],[-2733,175],[-322,1020],[-2025,2862],[-5273,4903],[-4340,2165],[610,2538],[-771,2041],[-1929,921],[-65,1169],[-964,1145],[-3730,274],[-5947,224],[-4630,2289],[-1576,-398],[0,-1816],[-578,-1519],[-1704,-323],[-2444,473],[-836,-1045],[97,-2215],[-1543,-3211],[-193,-1518],[868,-1294],[257,-1842],[-1190,-3384],[-1864,-896],[-1640,-1269],[-2058,373],[-5594,1419],[-643,622],[-2636,746],[-676,697],[-2668,-323],[-2186,-797],[-2347,672],[-1544,1518],[-3086,1195],[-1736,174],[-997,622],[-1768,199],[-3215,1319],[-1511,2215],[-2026,-25],[-3987,-1020],[-289,-1443],[-2347,-274],[-1447,-573],[-2122,1270],[-3150,-25],[-2637,-1245],[-2122,-1443],[-160,-1294],[-1415,-622],[546,-1195],[2122,-398],[997,-2638],[1286,-796],[0,-847],[-1993,-2314],[-1254,100],[-2636,-1319],[-997,348],[-1158,-548],[-1414,822],[-515,896],[-1800,273],[-1993,-273],[-2476,1244],[-1190,1692],[-1511,-373],[-2861,622],[-2090,1045],[-2733,-1966],[-1350,-696],[-1897,398],[-2379,-1618],[-3087,-697],[-2636,548],[-225,2090],[-2283,2215],[-1865,523],[-1125,921],[-1125,2438],[-1254,1095],[-1382,0],[-4855,2489],[-1543,1568],[-1769,1195],[-2668,871],[-1447,-1095],[-1543,-25],[-2251,-2091],[-1479,-3758],[-1189,-771],[-2058,-2713],[-2251,-398],[-1639,-2041],[-2765,-25],[-1704,797],[-3569,2787],[-2733,-1369],[-161,-1393],[-1414,-523],[-1125,299],[-2251,-1643],[-1704,-473],[-772,473],[-32,1618],[-804,1319],[-1414,174],[-1383,796],[-707,1643],[-1833,746],[-289,1021],[1029,846],[-675,4704],[-1801,-75],[-771,921],[1575,1194],[-3311,2539],[-290,1095],[-1575,846],[-2379,0],[-836,448],[-3151,-921],[-3472,871],[64,1767],[-2604,299],[-1254,1144],[-1222,423],[257,822],[-546,2538],[-675,1145],[-2026,1219],[-1704,2166],[-1286,2961],[-1222,1045],[-418,3236],[-2057,796],[-2476,-149],[-546,398],[-708,4529],[-771,3808],[482,1841],[-3280,-323],[-2282,970],[-772,1394],[-1672,-249],[-2090,1444],[-1221,-473],[-2508,-199],[-1511,249],[-740,-1270],[-1896,-771],[-1608,-1195],[-2026,473],[-771,-1369],[-2315,25],[-2990,1294],[-1511,25],[-1415,647],[-2122,125],[-1832,1767],[-1318,796],[-3055,996],[-1768,74],[-4405,1344],[-1286,647],[-2347,-821],[-193,796],[-1897,1120],[-3086,797],[-386,-921],[-2668,-548],[-1994,-1468],[-193,-1568],[-1511,-821],[-2636,-672],[-1929,-946],[-1318,1070],[-386,1021],[-2186,174],[-33,1269],[-1061,349],[-385,1070],[-1608,-473],[-868,622],[-3247,1244],[-161,1145],[-1897,50],[-868,-498],[-643,-2115],[-1575,-1419],[-1544,-398],[-1993,-1419],[193,-1518],[-868,-348],[-2411,100],[-3891,1070],[-3086,-1270],[-1190,-1667],[-1543,-398],[-1543,-2091],[-1929,-846],[-1126,349],[-4243,-573],[-2283,423],[-1061,-373],[-675,-1518],[-2251,398],[-643,498],[-2090,-1120],[-1897,498],[-289,921],[-1543,597],[-1447,-150],[-2894,946],[-2347,0],[-2636,2315],[-1640,2812],[-2797,-224],[-2700,1120],[-1061,-224],[-3023,1543],[-835,-473],[-2412,746],[-836,1295],[-1254,448],[-1961,-822],[-1672,1518],[-707,1718],[-2379,920],[-932,1892],[-1029,647],[1479,1817],[-483,1617],[-1189,622],[-2090,249],[-1961,-522],[-1318,74],[-1286,1170],[-1126,-349],[-578,-1020],[-3666,722],[-1993,-971],[-1929,-124],[-1447,597],[-3633,-970],[-2990,547],[-2829,-523],[-2508,-1219],[-482,-697],[-1897,75],[-2058,-573],[-1029,-846],[-2957,772],[-1061,547],[-5241,523],[-2154,1518],[-1801,-75],[-1511,423],[-1221,1195],[-1833,846],[-3022,597],[0,1319],[1575,1220],[-1543,896],[-2797,-324],[-3376,324],[-2090,1045],[-836,1145],[-2025,323],[-1158,-1667],[-2025,-797],[-2862,-273],[-3247,2563],[-3794,722],[-4468,-150],[-3376,-348],[-3215,-846],[-4823,-1817],[-5916,-2837],[-6141,-2389],[-1479,-1742],[-2700,-174],[-4759,-2091],[-2475,-398],[-1961,149],[-2283,-249],[-1929,-1617],[-3762,-1045],[-4437,-623],[-3375,399],[-6205,995],[-2894,1369],[-5048,-1269],[-6526,-697],[-2476,348],[-5980,-473],[-2861,-74],[-2830,746],[-9999,-1493],[-3986,-423],[-2090,-896],[-3730,100],[-7073,5251],[-1672,-324],[-1318,-846],[-2379,398],[-5819,2912],[-9710,1667],[-4855,175],[-5112,-249],[-6462,-1941],[-2508,124],[-7201,-572],[-6013,398],[-5980,1194],[-5498,224],[-5433,-25],[-3504,-398],[-2219,871],[-4212,697],[-6398,-896],[-2186,-25],[-804,-1020],[-1254,-224],[-2732,-1543],[-3408,1792],[-2894,722]],[[1317669,3481392],[10514,22373],[2861,27674],[-2829,-1170],[-1962,-1543],[-771,-1294],[-1318,-1220]],[[1323360,3526486],[2797,2265],[2669,2563],[2057,996],[2347,20183],[-8423,20680],[-25657,28048],[-2893,11174],[-10514,40938],[1801,8711],[-5176,-374],[-4244,971],[-1736,1618],[-1576,3484],[-1961,1045],[-3408,224],[-4758,672],[-4662,174],[-1672,324],[-1190,-797],[-3375,473],[-3859,796],[-1414,647],[-1254,1195],[-129,1419],[-1125,448],[-739,1070],[-997,696],[-3923,1295],[-1221,174],[160,2115],[2058,1692],[-289,697],[578,2290],[-3343,2240],[-708,871],[-1060,2588],[-1447,25],[-2765,1120],[-2219,273],[-2411,1046],[-643,721],[0,2613],[-386,1444],[-2186,1120],[-1704,2190],[-2894,946],[-1929,74]],[[1217937,3701663],[-1330,1844],[1362,-1719]],[[1131098,3778687],[1286,-1095],[2958,-2239]],[[1135342,3775353],[-740,472],[-2250,1767],[-1576,1344],[-5337,5102],[-5208,6097]],[[1120456,3826096],[3215,8412],[257,2638],[868,2538],[1222,6396],[772,3012],[546,4828],[322,5350],[354,3509],[450,1245],[707,3658],[1415,5351],[964,2862],[707,1169],[579,2439],[1640,4579],[2475,4778],[836,1120],[1447,3335],[2347,3758],[1672,3235],[1479,1767],[1350,946]],[[1149488,3905535],[2540,1916],[3858,3459],[2990,3982],[1769,3036],[1189,2613],[2733,6744],[2058,4057],[1061,1269]],[[1157622,3734290],[-385,3285],[-354,373]],[[1216137,3704376],[318,-649],[-447,599]],[[1216008,3704326],[-1864,1020],[-386,647],[-4341,1817],[-1157,647],[-322,523],[-803,373],[-386,-373],[-1672,-523],[-2283,1095],[-1414,-149],[-418,-448],[32,-498],[-515,-423],[-3472,-124],[-2604,1468],[-2444,1941],[-3408,-298],[-1318,771],[-289,846],[-1672,249],[-836,846],[-3408,1568],[161,722],[-1479,1319],[-772,0],[-1832,1593],[-836,-249],[-193,-747],[-482,-423],[-547,0],[-2411,1120],[64,-1220],[-418,-398],[-1254,50],[-1093,1195],[-1961,522],[418,697],[-772,1145],[-1029,-125],[-964,224],[-129,1046],[1383,1169],[-1415,1917],[1608,-299],[193,1194],[-1608,797],[-2926,2314],[-225,797],[611,1816],[-2154,498],[-643,548],[-546,2239],[-1319,175],[-836,-647]],[[1148556,3593854],[771,-3509]],[[1149327,3590345],[483,-1518],[179,-547],[454,-1418],[-280,24],[-1639,6471],[0,572],[28,43],[4,-118]],[[1147431,3606223],[208,-1375],[177,-1263],[-482,2812],[-611,2215],[675,-2314],[33,-75]],[[1145051,3614361],[-868,3360],[483,8411],[-450,3982],[-740,2489],[-1993,4703],[-1833,7441],[-707,896],[-772,3211],[-964,2737],[-1833,4405]],[[1135374,3655996],[1254,-2787],[1768,-4529],[611,-2464],[579,-896],[643,-1916],[1286,-4953],[1222,-3011],[1350,-4505],[450,-2439],[289,-3085],[-321,-7790],[546,-3260]],[[1135374,3655996],[-161,374],[0,970],[1929,8437]],[[1137142,3665777],[-1543,-6919],[-225,-2862]],[[1141933,3679439],[1157,3285],[-900,-2638],[-2347,-6968],[2090,6321]],[[1147270,3691957],[-1383,-2936],[1640,3559],[1318,2538],[579,1020],[-32,-74],[-1447,-2937],[-675,-1170]],[[1152125,3700469],[-2062,-3289],[-92,-146],[1639,2688],[225,498],[675,821],[-385,-572]],[[1155468,3705894],[-1189,-2140],[2025,4081],[-836,-1941]],[[1158426,3712613],[-739,-1667],[864,2150],[-125,-483]],[[1157430,3732896],[64,-75],[64,-249],[129,-497],[-193,472],[-64,349]],[[1157314,3733503],[47,-147],[41,-159],[28,-276],[-116,582]],[[1157314,3733503],[-13,40],[0,25],[13,-65]],[[1155340,3736305],[-32,647],[257,125],[450,-548],[-225,-348],[128,-772],[483,-721],[643,-299],[-804,-25],[-386,523],[-514,1418]],[[1157269,3739665],[1382,4181],[-32,-149],[-1415,-4704],[65,672]],[[1158008,3750242],[-32,149],[0,75],[-32,99],[30,-57],[34,-80],[0,-186]],[[1153475,3759475],[1157,-1941],[1061,-1767]],[[1155693,3755767],[1191,-2746],[-1191,2721],[-2218,3733]],[[1153475,3759475],[-322,373],[-48,75],[370,-448]],[[1150806,3762660],[-418,548],[1029,-1244],[-611,696]],[[1148065,3765385],[756,-697],[-619,561],[-137,136]],[[1136467,3774382],[7117,-5284],[674,-508],[-7791,5792]],[[1135342,3775353],[1125,-971]],[[1136467,3774382],[-707,597],[-418,374]],[[1119942,3790334],[-579,722],[836,-896],[-257,174]],[[1118591,3792475],[65,-150]],[[1118656,3792325],[-65,150],[0,0]],[[1118591,3792475],[-96,223],[-115,370],[104,-281],[107,-312]],[[1117841,3794507],[107,-290],[32,-100],[-139,390]],[[1117841,3794507],[-214,581],[-34,105],[90,-243],[158,-443]],[[1117526,3795402],[-221,756],[-546,572],[257,672],[-161,3708],[64,-498],[309,-2578],[298,-2632]],[[1119170,3822189],[-588,-2170],[-955,-3305],[-65,-448],[-160,-597]],[[1117402,3815669],[-515,-3634],[-96,-771]],[[1116791,3811264],[-161,-3758],[-64,-1891]],[[1116566,3805615],[128,-2514],[58,-806],[7,-115]],[[1116759,3802180],[5,-43],[27,-380],[-547,2837],[193,6769],[1576,7093],[1607,5201],[-193,-647],[-128,-423],[-129,-398]],[[1216519,3703621],[0,0],[-28,39],[0,0],[28,-39]],[[1159937,3719482],[-1125,9532],[96,-150]],[[1158908,3728864],[1029,-9382]],[[1158008,3750242],[740,-1543],[32,-75],[-772,1618]],[[1167874,3932976],[358,855],[32,-75],[-278,-564],[-112,-216]],[[1224303,4130410],[65,0],[-97,-50],[-418,50],[450,0]],[[1225814,4130634],[290,-174],[385,-224],[-353,174],[-579,174],[257,50]],[[1221152,4130559],[125,459],[100,-161],[-160,-248],[225,-174],[-290,124]],[[1220897,4131529],[152,-142],[143,-231],[-458,449],[148,-69],[15,-7]],[[1219673,4132152],[97,-50],[257,-174],[-354,125],[-96,0],[96,99]],[[1218981,4132244],[82,-42],[225,-124],[-418,174],[52,0],[59,-8]],[[1216924,4132517],[113,-66],[-532,121],[419,-55]],[[1215848,4132799],[-386,199],[128,-25],[258,-174]],[[1173344,4133148],[1377,815],[-1466,-1183],[89,368]],[[1215052,4133397],[88,-249],[-32,25],[-514,547],[187,-124],[271,-199]],[[1213275,4135537],[0,-25],[97,-846],[257,-174],[32,-75]],[[1213661,4134417],[380,-279],[-766,403],[-578,1319],[289,-249],[289,-74]],[[1179421,4135736],[467,-3],[-1978,-370],[1350,323],[161,50]],[[1183632,4135711],[3569,199]],[[1187201,4135910],[290,75],[707,149],[-1158,-473],[-3408,50]],[[1213392,4136478],[-695,-244],[-65,-299],[-64,348],[450,75],[322,348],[96,249],[-18,-264],[-26,-213]],[[1189420,4137578],[-161,149],[386,-299],[-33,-149],[-192,299]],[[1211250,4138772],[161,-572],[-322,522],[289,422],[-128,-372]],[[1211797,4140365],[-161,-448],[-257,672],[418,-224]],[[1209982,4141406],[172,-98],[-94,-72],[-160,149],[82,21]],[[1209578,4141634],[199,-110],[26,-15],[-32,-99],[-257,174],[64,50]],[[1205977,4141734],[193,0],[-418,-50],[-127,24],[279,26],[73,0]],[[1207713,4141833],[0,-75],[-266,115],[61,5],[205,-45]],[[1208935,4142007],[64,-49],[161,-100],[225,-199],[-514,224],[64,124]],[[1194950,4145915],[433,-48],[106,-27],[-443,0],[-450,224],[7,0],[54,-14],[293,-135]],[[1192635,4145989],[-322,0],[64,50],[258,-50]],[[2300616,3431867],[225,1792],[2058,-149],[-257,-2141],[2186,-323],[1318,448],[707,-946],[2026,50],[289,2563],[3858,-249],[-450,-3658],[1704,-373],[2958,274],[-964,-1967],[-3891,249],[-10127,324],[257,3235],[-1415,25],[-482,846]],[[2298655,3491819],[-1640,1170],[-964,-573],[-1222,399],[-1350,-1743],[-1511,921],[-2219,-622],[-643,498],[-2090,-473],[-5144,299],[-1221,-473],[-643,1891],[-1962,-29043],[-964,-224],[-6077,-49],[-353,-2613],[-8424,647],[-900,-6322],[3054,-323],[-450,-3335],[1286,-249],[6655,-473],[-996,-7963],[-5466,398],[-418,-3335],[-1479,-1667],[-1157,-2066],[1029,-1418],[1543,-1295],[-386,-1343],[1447,-1767],[1961,-423],[418,3832],[4823,-323],[-451,-3833],[5402,-348],[193,1742],[12699,-797],[1029,8611],[8038,-523],[-1093,-9183],[1897,-597],[-97,-971],[-12764,847],[-64,-498],[-2990,199],[-450,-3783],[3890,-249],[64,722],[4276,-249],[3858,50],[97,921],[5433,-349],[-64,-622],[3858,-249],[-353,-3086],[1993,-124],[193,1618],[1350,497],[161,1469],[5112,-274],[193,-1319],[2733,-324],[4018,2414],[7652,-7092],[1447,3509],[1254,1816],[354,1419],[4211,4305],[5016,3808],[1672,274],[1961,1667],[-96,1444],[-708,1717],[1961,2215],[1190,945],[772,1593],[-3505,2314],[-1222,2365],[1029,2215],[1415,1493],[4244,2787],[3118,2240],[5755,2961],[3248,871],[771,-671],[1962,348],[2121,-348],[-739,1393],[-129,1966],[-1221,2439],[-2090,1618],[450,2638],[-707,2016],[-1093,597],[-2090,-597],[-1190,-2265],[322,-921],[-483,-1717],[-1768,-1742],[-3858,-1344],[-4726,398],[-4437,25],[-3890,174],[-2797,2140],[-1929,3236],[-258,1742],[-1446,1941],[-1222,3011],[-2058,1966],[-611,1493],[258,4007],[-772,747],[-547,2265],[1158,2140],[418,1742],[-386,1194],[-1704,1742],[-2861,50],[2186,1170],[1993,-722],[1350,3385],[2155,3608],[3890,4430],[707,1842],[4823,6421],[3504,4006],[2122,1917],[5852,4852],[996,573],[4116,3160],[5690,4132],[2187,995],[-1544,2837],[643,946],[193,3111],[-1382,1866],[-2315,0],[-1993,-1617],[-354,-847],[-1575,-298],[-2122,224],[-2283,622],[-1222,-597],[-386,-1394],[-3858,-597],[-2443,423],[-2926,1742],[-1415,2712],[-1093,1494],[-2572,1891],[-161,796],[-6012,3559],[-675,946],[-225,1667],[-1961,772],[-1929,1916],[-1093,249],[-1608,1518],[-1189,2016],[-129,1866],[997,2912],[2604,5500],[161,771],[-1544,424],[-1029,-1643],[-6076,-498],[-2636,423],[-2219,-248],[-1061,-1046],[-2347,-174],[-3408,772],[-1414,920],[-3473,871],[-3440,50],[1029,-1667],[-4919,-35240],[12925,-1045],[-2573,-18391],[-7973,547],[-386,-3210],[868,-1543],[483,-4704],[1221,-448],[2540,1220],[-257,697],[836,1120],[1961,746],[2090,-945],[-1029,-8064],[6816,-473],[1029,-846],[-482,-1393],[-2765,-523],[450,-1095],[-193,-1468],[-5241,-199],[-1864,-623],[-2830,50],[-707,-1070]],[[1738266,4032954],[97,1444],[-1061,223],[-1833,2265],[1029,2240],[-1415,1195],[675,1990],[-1125,1991],[-997,847],[-2475,99],[-2379,1095],[418,2115],[868,971],[386,1468],[-3344,2589],[-2251,149],[-1768,-622],[-1254,1045],[1254,4554],[-386,2091],[354,2663],[1189,1617],[-385,2165],[932,797],[-739,2613],[-97,4355],[450,1792],[1383,2638],[193,1468],[2025,3210],[675,1494],[2315,1742],[1222,1816],[32,1593],[932,4355],[-15014,-497],[-3054,-10926],[-5755,-3558],[-2572,3036],[-1286,174],[-1672,-846],[514,-5376],[5176,-5301],[-482,-846],[1318,-3807],[-10288,771],[-8102,-4927],[-2508,-4082],[-1029,174],[-1671,-672],[-1865,-298],[-1447,1393],[1061,1718],[-1479,2040],[579,2464],[257,3634],[-965,3583],[-1800,846],[-1061,1494],[450,2090],[-1607,1244],[611,2240],[-869,3285],[-1189,1095],[-1929,125],[-1222,896],[-161,1667],[-1350,448],[-2186,2314],[-836,3534],[707,423],[1286,2041],[2219,2489],[1864,-199],[1897,199],[-1093,1418],[-96,1145],[-836,722],[546,846],[3665,1344],[836,2016],[-675,1418],[-321,1916],[-708,1021],[1576,2190],[225,1468],[-1640,1120],[-1318,-498],[-3762,-348],[-900,1817],[386,2289],[-1575,1916],[514,772],[-2508,1792],[-1093,-523],[-1961,1717],[418,846],[-868,1220],[-1415,921],[1833,473],[193,1642],[2057,4082],[354,1493],[-354,1294],[-900,821],[-1608,-622],[161,-1120],[-739,-2364],[-1672,249],[-836,821],[-386,1418],[-1189,125],[-740,846],[-2379,-1842],[-1993,772],[-1865,-2016],[-3537,971],[-1254,-1394],[-2250,-373],[-1768,-772],[-3698,1294],[-1189,772],[-2122,-274],[-1897,722],[-965,-1593],[97,-1543],[-933,-423],[129,-1020],[-1093,-772],[-482,-3484],[-611,-1145],[-1383,-622],[-450,-1045],[418,-3410],[900,-846],[675,-2115],[-835,-1120],[-2122,249],[-193,-1369],[-740,-747],[-1800,-149],[-579,-647],[289,-1319],[-3601,-398],[-1446,-1344],[64,-2290],[-1254,-1816],[-1768,-996],[-97,-1319],[-1286,-1717],[-27135,1667],[-2250,-1020],[-2187,647],[-1543,-348],[-1608,-2613],[1158,-1195],[579,-771],[739,-1842],[900,-771],[354,-1220],[-547,-1792],[-1189,-896],[-1351,-2264],[611,-2439],[-964,-1170],[675,-1120],[1575,-99],[1479,-1543],[-321,-797],[-1576,-1468],[-4501,-1070],[-2315,-100],[-1993,523],[-1929,-1195],[-707,-2065],[-1544,-697],[-932,-1145],[707,-1692],[3859,-1120],[1736,-1842],[1254,-149],[1800,-2513],[1318,-797],[-64,-1717],[1511,-1244],[-675,-2962],[1865,-697],[1414,-1393],[1801,-423],[-65,-1469],[2830,-298],[1157,-523],[675,-2314],[675,-50],[1994,-1369],[1029,-249],[192,-1443],[-1221,-1245],[-65,-1070],[-1511,-1642],[-128,-871],[160,-374],[-1060,-796],[1189,-2115],[-707,-1145],[643,-1742],[1704,74],[-20738,-11422],[18487,-20432],[9260,-10279],[418,-1095],[3440,299],[2154,-1369],[2861,-1169],[2122,174],[2637,-747],[1768,1070],[1189,-348],[2315,647],[2090,-199],[3858,498],[1994,-399],[3922,-1343],[1575,-896],[2572,-2688],[2315,-647],[740,597],[3761,-896],[1479,299],[2765,1966],[5241,448],[1479,-1344],[2893,-274],[3762,622],[2604,-174],[1318,1244],[2315,125],[1222,-349],[1157,822],[1801,249],[3408,-25],[1447,-747],[2925,548],[2926,1144],[3472,-1244],[1833,100],[1575,-374],[-3375,-28097],[5208,2589],[27843,-1842],[-772,-1419],[1318,-1269],[-579,-1568],[-1671,-273],[-611,-150],[-2026,-597],[-1639,-1319],[-2380,-896],[611,-2190],[1222,-771],[1254,0],[900,1667],[1640,224],[4308,-647],[1447,274],[836,-871],[4533,-2091],[-547,-796],[2058,-921],[1640,-1493],[-354,-2837],[450,-1817],[1640,50],[1382,-1046],[547,-1244],[-1093,-174],[64,-1518],[-1640,-871],[-1061,-2514],[226,-647],[-2540,-2663],[-1222,-124],[-1350,-2140],[739,-1693],[-739,-3135],[32,-971],[-2283,-1269],[-354,-1020],[-1221,-672],[-1608,74],[-225,-1866],[-707,-747],[-3408,-2090],[-515,-1070],[-1639,-672],[-2251,597],[-161,-1369],[1769,-1095],[-322,-1642],[-1575,-1742],[-1608,-1021],[-900,-1518],[-354,-1817],[1511,-821],[483,-871],[58128,8462],[258,1194],[-676,1020],[322,971],[-836,2762],[1511,598],[2122,-871],[-32,-1294],[1318,224],[3054,-2041],[418,921],[2765,2414],[1704,1144],[1608,548],[2057,-299],[1383,-995],[4147,2638],[1061,124],[1319,-1070],[2250,-199],[836,-448],[1833,174],[1736,-373],[64,946],[1286,1518],[-1350,473],[-1254,1518],[-740,2065],[-160,3061],[-772,423],[-129,1718],[-643,522],[-2475,224],[-4212,1344],[-6784,4305],[-771,2091],[-1351,2215],[-1414,1319],[-611,2041],[-418,4852],[-643,1917],[289,1269],[-32,2787],[-868,1369],[-997,2986],[-32,9855],[515,3161],[-290,1891],[515,3211],[932,1642],[-482,1718],[-1672,1692],[-1640,2339],[-643,125],[-964,1816],[64,896],[-965,4978],[258,4728],[739,4007],[386,3310],[900,2140],[1093,1493],[-707,1643],[675,1941],[-2058,1817],[33,1194],[1736,2215],[418,3036],[482,1195],[-1479,1966],[354,1817],[-1865,871],[-354,1269],[2058,3359],[546,2589],[-3504,597],[-1157,1543],[1028,5774],[2444,2936],[1125,3783],[6205,7740],[-450,1393],[1640,2589],[2636,2414],[-996,995],[-1319,100],[-1479,-548],[-4276,-149],[-2732,-2514],[-4180,-1692],[-2347,-448],[-5080,-523],[-2476,498],[-1961,722],[-836,846],[-2668,1742],[-3472,-771],[-2251,-822],[-96,-25],[-965,-1244],[-4244,-1319],[-2443,-99],[-1672,-1767],[289,-1046],[-1318,-1692],[-161,-846],[1479,-2290],[1254,-1120],[-321,-1791],[3215,-1543],[675,-1220],[-322,-896],[-1254,-896],[-2732,-348],[-965,-1244],[-1286,572],[-772,-2762],[901,-1867],[-547,-2289],[675,-1295],[1093,-522],[515,-846],[-386,-1170],[-161,199]],[[1730068,4046393],[3118,-50],[1415,-647],[1222,-1319],[1993,-423],[4533,1170],[740,1418],[-740,871],[-1800,150],[-1350,771],[-515,2663],[-2765,523],[-964,1119],[514,1966],[-772,448],[-2250,-1045],[-932,-2289],[257,-1892],[-290,-995],[-1768,-1419],[354,-1020]],[[1736530,4060081],[-2122,-125],[129,-2215],[2250,-398],[1351,1643],[-1608,1095]],[[1731032,4059334],[-482,-1070],[1833,-672],[1639,398],[-160,1792],[-901,224],[-1929,-672]],[[1725245,4054058],[2058,-348],[1157,-1046],[1415,-224],[771,1593],[-225,1369],[-1993,448],[-1222,-174],[-1961,-1618]],[[1702547,4075187],[-4051,-2265],[2604,-2588],[1318,572],[6141,722],[-1961,796],[-386,1917],[-965,1119],[-2154,896],[-1029,1469],[-3729,3210],[-772,-2588],[4984,-3260]],[[1327314,4183195],[-1093,-523],[1029,-1991],[-804,-1468],[1061,-1070],[1126,174],[514,423],[257,-373],[-257,-523],[24338,23841],[4984,4356],[-46458,-175],[1318,-1667],[1993,-846],[3055,-274],[2797,-995],[1254,-224],[643,-448],[803,-1469],[354,-2190],[-2186,-2215],[1768,-1219],[450,-796],[-514,-1718],[-579,-622],[-2026,-746],[0,-1120],[901,-921],[2057,-946],[772,-2364],[2186,-523],[515,-622],[-258,-746]],[[1289634,4252156],[5144,3110],[7877,-7938],[-1222,12219],[9099,5798],[-1929,8163],[7266,2638],[2925,1892],[-4115,174],[-964,-697],[-2283,-50],[-1254,548],[-32,846],[-2990,398],[-1704,-149],[-2315,-797],[-1479,-1767],[-546,-2040],[128,-1742],[-611,-1618],[32,-1866],[-964,-4057],[-1286,-2115],[128,-1120],[-1253,-1867],[-1833,-1816],[-868,-2215],[-2797,174],[-933,-299],[-1350,-3160],[-1190,-299],[-932,2887],[547,124],[-2026,3236],[-289,1343],[-1994,822],[-1221,25],[-4148,2812],[-4083,-224],[-546,-996],[-2380,-1841],[0,-1419],[-1575,-99],[-1897,-946],[-1029,-1045],[-289,-1593],[-868,-821],[3665,-896],[1318,-2364],[-675,-623],[1254,-995],[1125,-3683],[2058,-2937],[772,-398],[-386,-2738],[-65,-2862],[-1061,-796],[322,-771],[-2379,24],[-1029,-995],[-1318,-224],[-418,-796],[-3505,149],[-1479,-448],[11446,-2986],[2090,6943],[-5884,16624],[6109,4953],[5787,1642],[5723,-17147],[2315,1593],[-1736,7118]],[[1263463,4106668],[1575,1742],[-546,274],[-2090,-2041],[64,-1642],[1415,-722],[997,1095],[-1415,1294]],[[1250667,4104603],[1543,-822],[3280,-348],[-290,1269],[-1093,174],[-1222,1245],[772,1841],[-2797,75],[-193,-3434]],[[1253914,4087157],[-579,1319],[97,1195],[-547,1742],[97,2190],[-2540,473],[-1029,672],[-257,1418],[-804,1145],[1543,-7043],[3698,-5624],[321,2513]],[[1200994,4159254],[-3730,1742],[-546,249],[-6880,-946],[1286,-3086],[-4148,-174],[1350,-747],[3248,349],[32,1568],[996,920],[4084,722],[1704,-1020],[2025,0],[579,423]],[[1731289,4056845],[0,-50],[-32,-248],[1061,-1145]],[[1732318,4055402],[2765,498],[-321,746],[-1126,473]],[[1733636,4057119],[-2314,-75],[-25,-193],[-8,-6]],[[1728139,4056124],[1704,-175]],[[1729843,4055949],[-193,249],[-1897,946],[-257,-174],[16,-161],[-16,-14]],[[1727496,4056795],[0,-49]],[[1727496,4056746],[24,-24],[8,-76],[611,-522]],[[1736144,4088874],[547,-373],[96,498],[-273,50],[-113,24]],[[1736401,4089073],[-4,-3],[-156,28],[-97,-224]],[[1257386,4089049],[129,-896],[836,298]],[[1258351,4088451],[4,15],[92,35],[65,597]],[[1258512,4089098],[-450,573],[-354,-25]],[[1257708,4089646],[-354,-25],[32,-572]],[[1736337,4090666],[-96,75],[-65,-50]],[[1736176,4090691],[-21,-17],[-43,-33],[161,-99]],[[1736273,4090542],[64,124]],[[1259090,4102388],[-257,647],[-771,-349],[418,-398],[610,100]],[[1254686,4121650],[2700,1593],[-932,99],[-707,1419],[-675,373],[-97,-946],[-289,-2538]],[[1255715,4128096],[217,180],[747,616],[64,896]],[[1256743,4129788],[-1318,-1493],[0,-249]],[[1255425,4128046],[257,25],[30,24],[3,1]],[[1206427,4156317],[611,125],[-2186,1020]],[[1204852,4157462],[1575,-1145]],[[1806394,4030391],[-418,-50]],[[1805976,4030341],[-225,-299],[546,0]],[[1806297,4030042],[161,224],[-64,125]],[[1736144,4057069],[-386,-224],[676,-970],[257,-1966],[-322,-871],[-257,-175],[-257,150],[-129,-448]],[[1735726,4052565],[708,-423],[1318,-75],[450,124]],[[1738202,4052191],[-64,150],[-1254,2140]],[[1736884,4054481],[193,846]],[[1737077,4055327],[771,1145],[-161,336],[-128,286]],[[1737559,4057094],[-8,0],[-24,50],[-1383,-75]],[[1803050,4055029],[-7,-22],[-89,-53],[66,-17],[-2,-8]],[[1803018,4054929],[129,-25],[128,-348],[450,-100],[-353,747],[-322,-174]],[[1784949,4055203],[-225,-747],[740,373]],[[1785464,4054829],[3,4],[190,96],[-35,72],[2,3]],[[1785624,4055004],[-16,25],[-48,99],[-611,75]],[[1785946,4054979],[-32,-150],[193,-49]],[[1786107,4054780],[64,199],[-225,0]],[[1801475,4055452],[-579,-249]],[[1800896,4055203],[129,-224],[353,50],[164,343],[29,55]],[[1801571,4055427],[-3,0],[35,74],[-122,-51],[-6,2]],[[1741996,4080836],[-483,323],[-450,-124],[258,-25],[675,-174]],[[1738748,4086485],[-160,374],[-278,226],[-140,122]],[[1738170,4087207],[-13,3],[-180,146],[-547,0]],[[1737430,4087356],[-353,349]],[[1737077,4087705],[-193,-175],[-129,-423]],[[1736755,4087107],[225,-970],[611,-1493],[772,-374],[482,399],[-386,597],[289,1219]],[[1739391,4086361],[354,99]],[[1739745,4086460],[-128,498],[-418,-249],[6,-39],[-6,-11]],[[1739199,4086659],[32,-199]],[[1739231,4086460],[12,-7],[20,-117],[119,31],[9,-6]],[[1226747,4107116],[-65,-50],[-225,-49],[-836,-647],[-63,-342],[-496,-455],[-212,0],[-193,647],[225,25],[321,-373],[65,697],[1350,597],[682,106],[-553,-156]],[[1230026,4108037],[-1729,-485],[1633,585],[610,-125],[-225,25],[-82,-43],[-207,43]],[[1240121,4116424],[-96,-1394],[3408,-821],[-2315,-996],[-225,-1642],[-1447,100],[-1189,-1842]],[[1238257,4109829],[-1994,-398],[-2347,1592],[-1446,1767],[-258,1145],[1608,1643],[964,-747],[1897,274],[1415,1294],[2025,25]],[[1240411,4116648],[225,75],[-124,-75],[-161,-92],[60,92]],[[1244462,4118987],[257,174],[129,-24],[-97,-50],[-289,-100]],[[1248320,4121127],[-287,-164],[62,264],[225,-25],[0,-75]],[[1229865,4125657],[140,-25],[-172,0],[-611,498],[-32,398],[32,0],[290,-398],[0,-175],[120,24],[137,-189],[0,-59],[59,-22],[37,-52]],[[1228676,4127299],[312,-431],[-280,-241],[-322,623],[290,124],[0,-75]],[[1237839,4127698],[160,-75],[-289,50],[32,8],[97,17]],[[1253207,4128320],[161,-224],[-193,25],[-97,224],[129,-25]],[[1227467,4129664],[43,-25],[1197,-1269],[-2,-75],[-29,-747],[-65,75],[-64,821],[-1093,1220],[13,0]],[[1248056,4129629],[-25,-15],[-10,0],[6,7],[29,8]],[[1248056,4129629],[103,59],[354,75],[-32,-25],[-425,-109]],[[1249156,4130087],[266,-170],[-459,95],[161,50],[32,25]],[[1260055,4267386],[-322,373],[-514,548],[643,-597],[289,-423],[65,-199],[-161,298]],[[1258190,4269427],[161,1170],[-64,-1071],[868,-1070],[-193,150],[-772,821]],[[1257496,4270677],[-339,57],[-317,111],[-64,50],[1478,-25],[65,-224],[-611,0],[-212,31]],[[1255400,4271960],[-7,5],[-161,199],[-44,35],[-25,32],[-59,207],[128,-249],[193,-249],[-25,20]],[[1253850,4275400],[-257,-100],[-225,373],[514,-24],[-32,-249]],[[1254011,4273732],[-804,598],[-515,373]],[[1252692,4274703],[-96,2016],[-1383,1120]],[[1251213,4277839],[0,49],[-64,1444]],[[1251149,4279332],[32,25],[386,-971],[1190,-946],[0,-1742],[225,-473],[2025,-2513],[-161,124],[-835,896]],[[1251728,4280526],[18,50],[41,85],[-123,-956],[64,821]],[[1252403,4281945],[1979,1995]],[[1254382,4283940],[-2043,-2169],[-515,-1070],[77,199],[502,1045]],[[1254382,4283940],[418,444],[46,31],[0,-6],[-464,-469]],[[1257097,4285902],[772,174],[-97,-224],[-611,25],[-465,-240],[401,265]],[[1258383,4285927],[-193,-50],[-289,-50],[-32,0],[32,25],[546,149],[-64,-74]],[[1255907,4286823],[-1382,0],[1222,124],[1897,-25],[32,-25],[-161,0],[-1608,-74]],[[1253625,4286823],[-225,0],[-1190,298],[1415,-298]],[[1231730,605168],[11285,-995],[43854,-3634],[18229,274],[33694,-2712],[30093,-2390],[2380,-1493],[11059,647],[11928,-22124],[643,-6943],[19194,-971],[8135,-6246],[37230,-14260],[-900,-8064],[19709,-8635],[3215,15305],[13246,10353],[15304,-8860],[1061,-1120],[24723,-14285],[97,523],[26846,-15505],[10481,-796],[-64,-448],[27875,-2115],[49930,-3559],[-1351,-9059],[13214,-1095],[-2829,-19834],[52727,-3410],[-450,-3384],[21509,-1568],[2154,3135],[39642,-3061],[-803,-5251],[23052,-1717],[-1962,-14061],[44947,-4629],[-321,7392],[37423,-21702],[23053,-23020],[19579,-19536],[21766,-1393],[18841,-1469],[9484,-721],[21188,-847],[42375,-1767]],[[2034215,380118],[-4727,-27151],[-3633,-20656],[6688,-547],[-901,-1817],[-450,-3036],[1576,-398],[-354,-1792],[-2058,-373],[-1221,-1344],[675,-1319],[-1061,-2340],[579,-721],[-1769,-921],[-1029,-1543],[-578,-1692],[289,-1071],[-1511,-1543],[41860,-3384],[-643,-3982],[39321,-3086],[18776,-1493],[-1640,-10229],[-1511,-8635],[18615,-1493],[-4565,-25858],[46522,-3434],[-1543,-9357],[17651,-1419],[-3569,-18242],[-29193,2389],[-579,523],[-44625,3683],[-321,-1767],[-4148,324],[-3344,-19188],[26075,-2190],[-3055,-16749],[-2186,-572],[-5208,-18814],[-5080,-16649],[23374,-3285],[-8842,-35439],[-2636,299],[-6784,-4430],[14275,-7118],[-5112,-995],[-97,-9034],[-2797,-1170],[-2733,-1841],[-835,-1419],[-1897,-1866],[-1897,-697],[-1672,-1842],[-225,-871],[-1897,-846],[-1061,-1692],[-2090,-1145],[-868,-2862],[386,-1518],[-1093,-3136],[193,-3708],[-418,-572],[-2540,-996],[-2090,-124],[-2701,298],[-3986,-423],[-5241,-1120],[-3151,-1418],[-1672,-125],[-3375,-995],[-3119,-274],[-1479,-423],[-3794,-1692],[-2733,-846],[-2089,-1344],[5562,-12742]],[[2085206,44821],[-47680,0],[-53177,0],[-26814,0],[-43468,-25],[-31444,25],[-52502,0],[-27971,25],[-47615,-25],[-46523,0],[-42117,25],[-56361,25],[-28968,-25],[-35623,0],[-32150,0],[-32151,0],[-32151,-25],[-32151,25],[-32151,-25],[-32151,25],[-31700,0],[-26525,0],[-38227,-25],[-32151,25],[-32151,-25],[-35076,50],[-29225,-25],[-40510,-25],[-55943,25],[-28646,-25],[-35880,0],[0,43950],[0,25334],[32,45294],[32,96535],[0,36185],[32,32577],[0,51441],[0,25135],[0,32029],[0,14484],[0,28968],[-32,39869],[0,48504]],[[4590783,932726],[-450,3161],[-2218,1344],[-1029,249],[-2540,2513],[-4887,747],[-1543,-249],[-3344,1568],[-1672,1592],[-1286,-671],[-1607,0],[-2219,-1195],[-1061,100],[-3375,2961],[-1672,324],[-2347,2239],[-1447,722],[-482,996],[1093,1343],[-900,2738],[482,572],[-515,1518],[-1157,1120],[-5015,-273],[-3794,224],[-2219,522],[-2797,1767],[-5883,-199],[-2733,1419],[-2219,2264],[-1736,-348],[-161,-921],[-2732,-547],[-772,1443],[-1897,75],[-2604,1692],[-1350,2862],[-1383,224],[-707,1841],[-3505,871],[-450,1245],[-1929,1120],[-1672,373],[-4179,-224],[225,-2538],[-1061,-1295],[-2058,-846],[-2154,498],[-4308,2190],[-3183,697],[-2411,-249],[-2090,-1543],[-2604,-1294],[-2315,-2240],[-2122,-3932],[-675,-1742],[-3794,-4878],[-1383,-1120],[-1157,-1667],[-1929,-373],[-2733,796],[-1865,-348],[-1897,-1270],[-2636,-448],[-932,1046],[739,3558],[-932,648],[-1736,49],[-1286,-871],[-643,921],[-1833,548],[0,1642],[1061,-124],[868,970],[450,1618],[-868,946],[-1029,4106],[3312,-448],[-643,1866],[1607,722],[2026,-796],[1607,273],[579,2215],[-1833,1021],[-803,1194],[-2605,722],[515,1095],[1672,697],[1157,3360],[-514,2190],[868,871],[2604,1493],[997,0],[2700,1344],[-611,1070],[804,995],[193,1643],[-2315,871],[2379,3086],[1833,-747],[1608,573],[-33,746],[-2636,1145],[932,1667],[1672,1095],[3119,224],[450,1070],[1543,-74],[-2315,3957],[-1189,-50],[-1640,1319],[450,1170],[-3472,746],[-1318,1245],[-3537,-175],[-1222,-796],[-514,-1095],[-2379,-697],[-2604,473],[-354,772],[-2829,1269],[-1254,-498],[-1929,-2613],[-482,-1269],[1093,-2265],[-515,-1369],[708,-522],[-1319,-1718],[-1704,-149],[-1479,398],[-3600,-25],[-1286,-1020],[-1351,946],[-2186,2513],[-2669,-622],[-1093,2688],[-2025,547],[-32,797],[-2765,647],[578,1717],[-868,1120],[-32,2588],[-900,1020],[932,1917],[-450,1916],[-1157,324],[-708,1294],[-1414,-374],[-9774,9084],[-1640,-423],[-193,-1493],[-2507,522],[-901,-1120],[-2540,249],[-2057,-1070],[514,-771],[-4308,-672],[-1608,697],[-96,871],[-1093,871],[-2894,-1742],[-1639,572],[-1029,971],[-965,-896],[-2668,-274],[-161,-1444],[-1736,50],[-1318,647],[-1158,-6047],[-8873,846],[-1415,-572],[-2829,74],[386,2315],[-676,522],[-2668,672],[-257,-522],[-2830,970],[-1800,-373],[-1833,299],[-2540,-847],[-2957,797],[-772,-921],[-1350,1020],[-3344,697],[-1447,971],[1350,1493],[1737,846],[996,2563],[708,647],[2829,4007],[257,996],[-2668,572],[321,772],[-418,1742],[1061,3235],[0,1518],[-1382,995],[321,1120],[-4469,4181],[-2090,199],[-1093,896],[-514,1767],[1125,2016],[-3247,2563],[900,1593],[-418,1045],[1608,1742],[1221,-199],[1737,-970],[835,1145],[1512,945],[3343,174],[3119,871],[225,1095],[1447,374],[-997,1667],[418,2190],[1479,1145],[-64,2514],[-643,1045],[1125,1219],[-97,2190],[-1768,398],[-1607,1494],[964,1344],[-1768,2414],[-2090,323],[96,1842],[-2443,2364],[289,1742],[-1446,747],[-1672,-100],[-1415,-647],[-2508,672],[-996,-1319],[-2058,-697],[-1672,-99],[-2668,-847],[-1190,-746],[-3569,-622],[-1446,622],[-483,1344],[-1511,323],[-2508,-2439],[-3697,498],[-1093,-373],[-1993,1070],[-1640,1692],[-1029,-75],[-2861,996],[96,2066],[-2218,1742],[-354,1443],[1383,1867],[96,995],[-1704,597],[-868,1792],[836,971],[-2058,2239],[579,722],[2443,-672],[2154,374],[1929,-125],[1608,423],[1608,-398],[739,946],[-3794,8834],[-225,2713],[-1800,2563],[-1672,1693],[289,1219],[-578,1120],[-1383,1070],[-1254,-199],[-2861,996],[-3376,-921],[-1447,-996],[-3633,-1070],[-1447,-75],[-2797,-1219],[-1929,373],[450,-2090],[-3472,-2887],[-1383,25],[-2314,1170],[-772,1219],[1800,1742],[-1511,1643],[258,1791],[2411,4132],[2058,771],[-1158,1966],[-1929,1220],[-643,2239],[-1704,2340]],[[4291202,1127340],[3087,3459],[2057,1195],[225,1343],[900,423],[1833,2813],[2251,597],[643,-772],[1736,175],[1029,970],[2025,-1592],[2283,-598],[2829,423],[965,2066],[289,2613],[1607,398],[2830,-199],[2797,1045],[2926,3659],[-2154,1443],[-676,1891],[1704,125],[4501,-1842],[1351,-49],[482,1169],[1672,1469],[1543,4156],[-579,970],[1254,697],[2219,149],[2958,-1269],[771,-1717],[-1286,-1045],[1029,-1294],[643,-2116],[2540,-1319],[-354,-921],[2540,-821],[1029,-871],[322,-1145],[-1415,-1816],[2218,-1120],[3891,-448],[3182,-1867],[1061,-1667],[1704,-821],[-643,-1668],[579,-1045],[-1222,-3111],[1061,-1194],[-996,-598],[-1962,-3086],[-1511,-199],[-1061,-1145],[-1929,349],[-1221,-1344],[1639,-1518],[290,-1344],[1125,-796],[354,-996],[1929,-1916],[578,124],[3408,-1219],[2926,572],[2894,-1443],[1157,-1593],[1254,75],[2251,2040],[1286,-572],[4211,1095],[2572,-473],[3248,-1742],[1864,-498],[3023,-2812],[2539,-746],[1447,-1319],[1929,273],[2412,1543],[-65,1344],[-2379,797],[2894,1841],[2218,-50],[2444,1071],[1028,1244],[1769,647],[1736,-1518],[611,-1543],[1061,-722],[3536,-746],[1158,-1394],[2282,-1742],[836,-1045],[2797,-1444],[451,-2215],[1993,-2563],[4823,-2563],[578,-1021],[1833,8462],[11896,-1170],[3440,-1020],[1736,-1319],[707,-1469],[1736,-846],[901,-1717],[3568,-622],[1929,-1170],[2283,-821],[1093,-1319],[-707,-2041],[2058,-174],[996,1070],[3794,-25],[1350,647],[547,1568],[2733,374],[2829,1866],[1286,2563],[1833,1145],[-1158,1941],[740,871],[1414,-448],[3344,448],[1640,523],[3440,423],[-1318,1518],[96,1045],[1222,2365],[1511,1767],[1286,945],[3376,100],[3569,1393],[2443,-323],[450,572],[-868,2912],[257,3186],[5562,-548],[4148,-547],[1125,6072],[-2540,249],[354,1792],[2540,-249],[225,1269],[-2669,174],[-1286,-274],[-3986,971],[-2830,-299],[-1125,423],[450,2315],[1286,-498],[418,2041],[-1447,2016],[-385,2040],[8230,-721],[965,4977],[-9453,921],[1254,498],[1801,1368],[418,1344],[-322,1493],[1640,1294],[836,1618],[2347,846],[964,1070],[643,2240],[-803,996],[2797,-25],[418,448],[-1962,1816],[868,1369],[1769,1543],[3858,473],[1961,-547],[2636,-2589],[2122,-921],[4919,872],[3216,1269],[1671,1344],[7202,0],[257175,174],[109698,-174]],[[4896859,1160514],[11960,-40939],[643,-4927]],[[4909462,1114648],[-2443,597],[-1961,74],[-4984,-1692],[-6494,-2538],[-2412,-1170],[-8294,-4828],[-2798,-2016],[-2539,-2289],[-2669,-3111],[-1640,-1444],[-7427,-5500],[-1639,-1667],[-2058,-2937],[1865,-497],[2668,647],[1737,-125],[3440,-846],[2604,-1020],[2926,-1568],[2765,-1842],[3086,-2563],[4405,-4828],[5015,-6470],[4244,-4804],[1543,-2339],[868,-2140],[322,-2564],[-514,-3683],[-1865,-5549],[-225,-2041],[-1254,-2763],[-4212,-5748],[-2797,-3385],[-7298,-7267],[-2958,-3210],[-2733,-2464],[-4405,-3111],[-225,-149],[-5305,-3982],[-5240,-2912],[-2251,-1518],[-3697,-2090],[-3922,-2489],[-6173,-3235],[-3569,-1394],[-6559,-2140],[-1961,-1269],[-7909,74],[-38549,0],[-25753,0],[-56778,75],[-3183,473],[-1479,1120],[-2315,647],[-5112,-150],[-2733,1095],[-2893,50],[-2219,-846],[-1414,-1020],[-1158,-1444],[-3151,-1617],[-707,-1394],[1865,-1717],[-193,-1518],[-4405,-1469],[-2572,473],[-289,-1020],[-2444,-1593],[-2057,1170],[-97,199],[611,722],[-675,920],[-1993,75],[-901,-473],[-2282,274],[-3408,-1792],[-3087,25],[-1607,423],[-3055,-2165],[-2797,-1120],[-514,-1269],[-2572,-3783],[-8166,-10378],[-1962,-5574],[-1061,-5425],[-6912,-5401],[-3955,796],[193,-2488],[-2765,-125],[-1736,-746],[-1447,99],[-2411,-2239],[-3987,-1842],[676,-846],[-836,-871],[514,-697],[-2797,-2339],[-965,0],[-1286,-1469],[-3858,274],[-2861,-423],[-161,-523],[-8038,-5251]],[[2872836,2338373],[2991,-398],[2829,1419],[2926,945],[771,1817],[2733,1394],[5916,174],[2379,921],[1318,3409],[1318,2140],[2058,1095],[1865,3310],[1929,896],[3150,22224],[-1061,473],[-2797,-324],[386,3360],[-3279,1742],[-386,871],[-1543,971],[900,1144],[1640,722],[450,996],[2733,1617],[1125,1991],[1961,4530],[611,4081],[-547,3783],[-771,1070],[-1254,2961],[-2026,1742],[-1993,-472],[-450,1916],[611,4181],[4308,-324],[193,1319],[3183,-249],[-322,1444],[386,2787],[1318,622],[772,5699],[-1383,747],[129,896],[-2154,174],[546,3882],[2219,-199],[2797,-1169],[1350,-5102],[740,946],[1093,-75],[-32,-1294],[1157,-1120],[900,50],[1383,-1493],[1640,871],[-1897,721],[1800,722],[1415,0],[2347,-622],[771,-946],[2701,647],[772,-1767],[1929,-199],[1575,796],[-1093,946],[1350,597],[65,1593],[1479,622],[1157,2414],[-225,1942],[15529,28047],[75876,-100],[7394,0],[184643,100],[425837,0]],[[3642977,2458999],[30640,-8785],[71246,-30885],[3087,-945],[67323,-36409],[1640,-1817],[1511,-324],[2572,-1742],[22795,-6147],[10706,-9058],[6977,-3236]],[[3861474,2359651],[-322826,-199],[-80731,25],[-80377,0],[-80377,0],[-80377,0],[-51859,-25],[-38871,25],[-14950,-23468],[-2540,-4554],[-17876,2688],[-1864,199],[-8199,-847],[-3086,-1567],[-6205,-548],[-740,-622],[-1447,174],[-1479,-796],[-610,-1668],[610,-423],[386,-2090],[-2572,-697],[-1029,-921],[-1511,-373],[-1929,-1468],[-2315,-946],[868,-1792],[-385,-3857],[-5916,497],[-1897,-12966],[418,-1816],[-772,-498],[-1768,-12145],[322,-25],[-4116,-28395],[-24274,1916],[-1800,224],[1800,2563],[-321,1518],[-1383,647],[-2250,374],[-3890,1468],[-2926,523],[-3344,-647],[-3215,945],[-3086,473],[-2219,672],[-1222,1195],[-1607,2389],[-3183,1393],[-965,1145],[-64,1344],[1447,1667],[-1093,374],[-4533,-1394],[-2347,-1418],[-1801,-598],[3826,-4380],[2765,-4654],[257,-1070],[-643,-1617],[-2668,-3360],[-1126,-2140],[-1832,-4256],[-129,-2762],[1351,-2240],[4147,-5152],[1350,-2613],[1447,-4106],[418,-2514],[1833,-4728],[514,-2514],[675,-10054],[-225,-3011],[-739,-2962],[-2604,-4753],[-386,-2265],[514,-1841],[1736,-2912],[1447,-4106],[1254,-2588],[2058,-2788],[3472,-2613],[2411,-970],[2604,-1966],[161,-747]],[[1373805,2908601],[-7556,-55025],[44400,-39445],[32183,-1045],[5112,-4455],[-7812,-5027],[9741,-8885],[13246,-10377],[25721,-22398],[-34048,-22348],[-15175,-9980],[-2218,-1692],[-547,-1195],[32,-2190],[1351,-3036],[2765,-2016],[2411,-1045],[1897,-324],[643,-721],[-804,-4131],[-804,-1991],[-385,-2141],[-418,-5425],[385,-871],[3087,-3011],[1865,-797],[2958,-2264],[3793,-2116],[676,-1344],[-290,-1393],[-932,-1344],[418,-3210],[-804,-2016],[-1254,-1294],[-386,-2514],[868,-697],[2669,-1020],[2893,-647],[2347,-1419],[611,-1518],[3312,-1418],[161,1169],[1479,-124],[128,-1319],[1640,-75],[4887,349],[1704,-175],[3761,-1791],[1994,-722],[1061,-747],[1093,-1941],[1640,-896],[1478,-249],[1447,598],[1383,-25],[2025,-846],[1576,-2066],[578,-2190],[1061,-1643],[-257,-3359],[1447,-871],[-868,-1145],[32,-1045],[997,-1419],[-3119,-1817],[-418,-995],[3183,-498],[4501,1170],[2219,-672],[2282,25],[2251,-821],[3022,74],[3826,1941],[2154,672],[1415,-920],[5690,1841],[4727,-50],[707,-1020],[3954,-2912],[579,-1294],[3022,-1194],[3440,-1792],[933,-1692],[-1318,-3559],[771,-971],[-611,-1568],[-1543,-1020],[740,-647],[1736,-25],[2122,697],[1125,2115],[2058,2041],[1286,199],[1639,-722],[1158,-1592],[4597,-2190],[1351,298],[675,1120],[1768,-174],[2283,-1643],[1350,-373],[643,-1468],[-900,-1668],[1125,-1966],[-257,-796],[1254,-1319],[-32,-871],[-1254,-1792],[-1318,-124],[-418,-822],[-2572,-871],[-2026,-1767],[32,-1692],[2058,-1842],[-225,-1966],[-1029,-1742],[1318,-1393],[2154,-1145],[1061,-1916],[1737,-623],[2797,-547],[2347,-747],[3729,-796],[1222,-647],[1672,-2165],[-997,-1692],[611,-1021],[-997,-3136],[4534,-4678],[-1994,-75],[-1350,-722],[-1190,-1866],[611,-2339],[-1029,-1718],[322,-1841],[-2701,-2987],[-32,-846],[1961,-3260],[3215,-4753],[1736,-5600],[418,-697],[7074,-6296],[4404,-4579],[3923,-3011],[4790,-2763],[3955,-1344],[6687,-522],[5241,1692],[3054,100],[3922,-349],[2026,1419],[2186,846],[2669,199],[1286,-548],[2765,-373],[10674,349],[2636,-772],[2315,-2314],[3890,-100],[3762,-1294],[1125,-2489],[1865,-920],[1286,-2340],[739,-2563],[2572,-1021],[-385,-1717],[964,-871],[2411,-224],[3023,-771],[1639,25],[933,-3211],[2122,0],[3150,-1767],[676,-1941],[-643,-4131],[321,-1219],[3665,-2041],[1318,-1717],[3537,-150],[1190,-721],[1028,572],[2380,523],[1414,-672],[1351,25],[1607,-1245],[965,-1642],[-97,-1021],[-1575,-1518],[353,-1368],[2347,-1817],[1865,-3459],[1511,-1469],[1286,-1717],[1640,-3360],[-1479,-3110],[-289,-2016],[418,-1518],[1157,-871],[5369,323],[1351,-249],[-450,-3310],[2829,-1916],[2604,-522],[-965,-1967],[1576,-497],[2250,896],[2155,25],[2636,1020],[5466,547],[1221,-622],[933,-1642],[2411,-722],[2025,-2265],[611,-2364],[1704,-1792],[1029,-1916],[-32,-1767],[1736,-1394],[579,-1219],[-386,-1493],[-964,-722],[-2090,-398],[482,-2464],[-289,-622],[-3858,-1319],[-1061,-896],[-708,-2464],[1125,-448],[1447,-3459],[1158,-1269],[1961,-622],[3633,-747],[1607,-1120],[1833,-2289],[1447,-3534],[-193,-2315],[386,-1269],[3761,-2812],[1447,-1593],[836,-1717],[386,-1842],[129,-4156],[1157,-1617],[1704,-1618],[-64,-1170],[-933,-3036],[0,-1369],[675,-1617],[2347,-2116],[3730,-3982],[4180,-2936],[2089,-548],[3280,75],[2540,423]],[[1772475,2412834],[1093,-1916],[675,-3410],[-1222,-2663],[-2572,-2090],[-3697,-1618],[-7588,-2264],[-1414,-1220],[-1222,-448],[-1415,-2289],[-2057,-722],[-1126,-1792],[-3118,174],[-1351,523],[-4147,-971],[-1222,672],[-3311,-1443],[-1576,-1244],[-1286,-349],[225,-2414],[-128,-2613],[-3601,-3932],[-3312,-324],[-1639,299],[-5241,2091],[-1704,149],[-1350,-473],[-1672,-2762],[-1190,-1095],[-5080,-1842],[-2089,-1170],[-1576,-1568],[-2379,-4205],[-2829,-3310],[-354,-3609],[-997,-1319],[-3343,-1717],[-1576,547],[-1446,1892],[-1286,1020],[-1576,174],[-2250,-2015],[-16751,1095],[-53885,3558],[-17843,1071],[-58161,3757],[-62019,4057],[482,3857]],[[1481349,2378963],[2379,17968],[-5626,299],[4083,35688],[-14050,746],[-52856,2937],[-450,-3459],[-6720,472]],[[937164,792092],[-48676,0],[-25849,0],[-51699,-25],[-25849,0],[-52695,0],[-50702,0],[-51699,0],[-25849,0],[-51698,-25],[-51667,0],[-25881,-25],[-25817,25],[-25850,0],[-32986,0],[-44529,-25],[-51667,0],[-51666,0],[-51666,-25],[-51667,0],[-51634,0],[-51666,0],[-34337,0],[-33,36136],[-32,36160],[0,36160],[0,18068],[0,36160],[0,36136],[0,18067],[0,36161],[0,36135],[0,36160],[-32,36136],[0,36160],[0,36135],[0,36161],[0,36160],[0,18068],[-32,35762],[-32,36558],[0,19710]],[[911379,1495438],[36877,-30088],[9967,-8461],[8616,-6919],[9485,-7690],[772,-75],[4308,2265],[34691,20955],[27746,-23543],[6398,-4704],[11381,-9282],[1157,-1419],[1833,-1020],[22827,-18964],[2315,299],[2701,-871],[-1415,-871],[21734,-17769],[24177,-21054],[23406,-2016],[24306,-1991],[322,3633],[47712,-224],[51152,-3608],[417,3459],[5338,-373],[44753,-1718]],[[283120,3061728],[4405,-647],[6655,349],[4115,-896],[2154,-647],[6302,-797],[4501,-398],[6077,-348],[610,-647],[2958,-598],[1929,-1568],[1415,1170],[1897,-448],[5080,-2563],[1800,-672],[2347,-448],[225,-1518],[-1125,-622],[-1222,-1643],[708,-498],[257,-1791],[1414,-2539],[2187,-2090],[7780,-4107],[2958,-4529],[4276,-3957],[1158,50],[4115,-1593]],[[2450664,3101696],[-3665,324],[-836,871],[-5337,1294],[-1318,1095],[-2219,74],[-1189,946],[-2058,921],[-2636,373],[-1833,-74],[-2443,1368],[-1640,2240],[-3151,821],[-804,822],[-1318,-25],[-1447,-871],[-1350,2563],[2444,2763],[-418,1194],[1221,597],[-868,3086],[2830,2638],[-2315,75],[-1801,-1767],[-771,124],[-2347,-1343],[-1801,-1369],[-2122,-349],[-1447,-746],[-1061,821],[-3118,-348],[-2604,-672],[32,-797],[-3505,50],[-1254,1095],[-2475,224],[675,8188],[-1768,124],[-2347,1693],[3890,-299],[161,1269],[-2347,199],[836,1220],[-676,3708],[836,1095],[-1800,1169],[-2379,224],[418,4181],[-5691,5575],[-2508,1817],[965,572],[-2122,1916],[-6012,473],[-354,-2439],[-3440,274],[-482,-3434],[-1479,-921],[-97,-772],[-1350,-871],[-611,-1592],[-2058,-1693],[-1029,1195],[-1896,1020],[-2958,224],[-2026,-1244],[-1382,-50],[160,2489],[-2089,249],[96,672],[-2186,472],[-707,1046],[-1286,199],[-1415,-1568],[-1447,-149],[-1029,970],[708,772],[-2251,323],[-1157,1717],[-2380,1195],[-192,970],[-1512,399],[-610,2065],[0,1220],[-2315,-150],[-129,1668],[1640,796],[-3537,1369],[322,1394],[2025,1767],[611,1518],[-2668,-598],[-2283,971],[-3022,0],[450,1692],[-1254,2962],[-1447,-75],[-2347,946],[-611,746],[-353,1991],[-1254,498],[-836,1244],[-3312,1021],[-96,771],[1447,647],[836,971],[-515,2613],[-2508,796],[-2186,-348],[-1286,846],[-1607,174],[-4019,2862],[-1897,2539],[900,672],[-1865,2513],[-836,149],[-2347,2166],[-2282,273],[-2283,-423],[-1479,1070],[579,871],[64,1593],[-547,1045],[-1253,772],[-129,2439],[514,2563],[-2282,1020],[257,2614],[707,920],[-64,1145],[-4276,1518],[-1222,150],[-2315,970],[-707,1742],[-1383,-124],[-2089,1194],[-3055,374],[-2379,-1270],[-1929,747],[-2861,722],[-1126,-473],[-1864,1194],[1125,2066],[964,473],[-2475,1493],[128,548],[-6687,2538],[-2829,-174],[-1254,1219],[1704,498],[-1672,871]],[[2354758,3295737],[-932,-1020],[-32,-1394],[-1126,-572],[1029,-1269],[-804,-697],[1319,-1220],[900,598],[128,497],[-257,1543],[611,1643],[1318,174]],[[2517281,3301461],[2604,-6221],[-161,-3584],[-997,-1892],[-64,-2538],[2379,-1518],[1318,-1518],[290,-2315],[2186,-4728],[1993,-1344],[2540,-2090],[1029,-1469],[1383,-3285],[353,-2190],[-1350,-2787],[-836,-324],[-289,-5276],[2507,-2638],[-643,-3061],[-1125,-1418],[7491,-14758],[3698,-1244],[2347,-1195],[1382,-2613],[-64,-3733],[-257,-1493],[-3055,-5724],[-3215,-1618],[3665,-8461],[3762,-9283],[1447,-572],[1093,-1518],[129,-2365],[40670,-15156],[611,50],[1158,-2090],[8552,-5002],[836,-1220],[5562,-14135],[4501,-4779],[4308,-4828],[1511,-697],[-161,-671],[10031,-18715],[869,-1145],[27392,-18715],[1543,-647],[836,-1468],[193,-1444]],[[2346720,3281054],[1061,971],[2605,622],[1157,1543],[1350,-174],[3216,3334],[1221,648],[1608,149],[3408,1617],[289,1071],[-1768,821],[-1061,-846],[-1125,448],[-740,-896],[-2572,199],[-129,-448],[-868,-821],[-2347,-324],[-1993,672],[-579,-1518],[-2250,-871],[1318,-1891],[-932,-573],[-2894,-299],[450,-970],[-611,-1842],[2186,-622]],[[2022447,2390585],[-1832,-672],[-2026,25],[-3633,-1742],[-2186,-647],[-2283,-2165],[-2926,-3559],[-2379,-1841],[-1639,-697],[-4534,2165],[-1864,1568],[-3055,970],[-3215,598],[-2250,746],[-1704,1494],[-804,2986],[-4919,2190],[-3183,473],[-2476,25],[-4887,-1568],[-2218,50],[-1447,-1095],[-2926,-896],[-4726,373],[-5433,896],[-3665,946],[-2026,74],[-3054,-3260],[-5112,-3534],[-4726,-4255],[-3312,-1593],[-1157,-199],[-3891,74],[-3761,-273],[-2958,597],[-3730,224],[-2636,-597],[-3054,-1319],[-4148,-871],[-9356,-772],[-14210,-771],[-8778,1642],[-8841,3211],[-6848,2936],[-7620,2339],[-5723,1593],[-6108,1145],[-10578,-2912]],[[1828610,2384687],[-1543,-25],[-7524,2390],[-2379,920],[-8905,5948],[-547,697],[-3826,6670],[-1575,2115],[-3215,3633],[-2347,1394],[-1094,1170],[-4661,2812],[-5048,2240],[-4533,1194],[-3923,-1045],[-3054,-995],[-1961,-971]],[[1373805,2908601],[1093,-871],[3536,-274],[2508,323],[1511,1145],[2765,1543],[4533,274],[1383,-821],[2347,0],[2315,497],[1961,25],[3890,-1393],[-225,-1966],[450,-598],[2315,-647],[2186,647],[1126,-373],[1061,-1244],[-290,-1792],[1543,-1643],[2540,-1592],[1447,-2340],[161,-1493],[1479,-2762],[900,-921],[450,-2066],[1125,-1717],[1383,-572],[-354,-2265],[386,-771],[1993,-996],[1801,-2663],[2508,-74],[2314,-1743],[1126,-472],[1993,-3360],[2411,-2041],[1286,224],[3634,-1319],[1060,-1169],[3087,-1394],[3633,-149],[1350,-722],[5627,-697],[3472,25],[3022,423],[3344,75],[2315,1070],[2604,-174],[1865,771],[3472,747],[1061,473],[2894,-1046],[4404,498],[1576,-224],[2122,373],[2250,-49],[836,448],[4308,-25],[708,-871],[3729,-175],[1415,-373],[2925,1568],[933,946],[2540,896],[1864,24],[836,-448],[4952,-696],[3472,348],[2765,-373],[1865,-1742],[1864,-249],[1190,1294],[1093,373],[2636,-522],[997,-1046],[1254,-49],[1961,1095],[1415,248],[1993,-423],[4951,772],[3055,-796],[1221,199],[2090,1095],[2540,1966],[1447,-50],[2926,-996],[2379,200],[836,1543],[3408,1443],[1832,149],[1254,1195],[1769,-75],[1221,423],[3280,-771],[771,473],[2379,-75],[1512,498],[1993,1294],[4565,373],[2347,448],[1736,1817],[1704,572],[933,473],[2797,-124],[450,472],[3537,-49],[3408,1443],[2668,249],[1640,9308],[1254,348],[1736,-398],[5530,-199],[1189,-697],[2669,1244],[1254,1991],[3794,-946],[2861,-1095],[2701,-746],[2218,-1867],[3633,498],[1029,622],[386,1568],[804,274],[2732,-996],[6334,-2837],[2476,-1369],[5015,25],[740,1369],[3343,-174],[2058,-348],[4758,821],[1415,-597],[2894,-25],[2057,1493],[2315,274],[707,-1071],[3633,274],[1897,921],[579,2265],[1865,1717],[-547,3907],[804,1170],[2733,-398],[2122,1119],[2379,-373],[5112,50],[997,523],[4340,-747],[1382,-672],[1737,-25],[3665,-2339],[2765,-398],[1286,821],[1447,174],[1382,1244],[3794,-199],[1865,-597],[514,-2414],[-129,-2016],[2862,-1891],[1093,-1145],[2283,-124],[2443,-647],[1158,99],[2990,1369],[3793,99],[2540,-2239],[1640,-150],[1350,-2439],[2701,-1493],[1961,-124],[2540,-2140],[932,522],[3151,-348],[1897,-747],[418,-871],[4083,-2513],[161,-1095],[1093,-1543],[1736,-75],[4469,523],[1093,-896],[-964,-772],[1029,-1344],[5530,-597],[2443,-2240],[2315,-522],[1061,-2813],[2508,-2190],[4565,-597],[2958,75],[1318,1568],[3987,1219],[3086,-124],[2187,1841],[450,4380],[2604,1593],[1125,75],[3472,-1369],[579,-1518],[868,124],[2926,-1941],[1961,-448],[2990,-1468],[3055,-75],[-65,672],[2830,1618],[578,1742],[2154,871],[3666,522],[1157,871],[1350,1668],[1383,-747],[546,-3733],[1736,-1194],[3762,-1095],[2733,-1867],[1672,-522],[804,472],[1704,-597],[1478,-1269],[1158,-473],[2443,299],[579,1642],[2411,1867],[3891,124],[4276,-2364],[3858,-1244],[2604,-150],[4565,-1219],[3859,-100],[2282,-871],[2026,-1916],[26492,-1568],[19516,-1070],[-1865,-18715],[30897,-27599],[24370,-21751],[51570,-3385],[2765,25],[579,1170],[2475,498],[836,871],[-546,2613],[2475,398],[675,-423],[1897,448],[1769,-174],[1446,-1493],[1512,-399],[739,-1991],[1382,-1418],[129,-1145],[1543,-174],[1222,-821],[1575,348],[804,-547],[2765,-697],[2251,-1095],[1447,-249],[1639,-2389],[1801,-1568],[1254,-1692],[1800,-2987],[3569,-2787],[2282,-1319],[1865,-1643],[5241,-3086],[4533,9507],[1029,921],[1125,-796],[611,-1270],[2251,1046],[610,-299],[2380,-2588],[2443,-1668],[2765,-323],[29740,-2464],[5497,-2812],[3087,-2638],[2990,-3982],[4630,-3335],[707,-871],[3440,-1667],[6012,-3957],[3601,-3808],[4373,-2787],[1736,-622],[2057,-1543],[3794,-4007],[2701,-5177],[1414,-2986],[1704,-1966]],[[2172559,2728297],[-1221,-7267],[-579,-4156],[-1736,-13737]],[[2091668,1740472],[418,5102],[-33437,2015],[1608,10876],[3376,3783],[1253,9058],[-47808,3435],[515,3807],[-2155,8760],[-26717,1966],[965,8611],[868,10254],[-547,99],[-23438,1742],[97,1120],[-6173,722],[-7717,249],[-3568,-100],[-5948,896],[1832,16027],[-35494,2041],[-1511,522],[-47390,2215],[-97,-746],[-23406,2140],[-25142,2016],[3730,22945],[2218,15928],[-12603,871],[-25656,1866],[-25817,1817],[-547,-423],[-29032,2140],[-97,448],[-8937,672],[-226,697],[836,7914],[2572,17545],[3216,23319],[3118,22572],[-39513,2688]],[[1685314,1958081],[4340,31183],[2026,-125],[1446,10577],[11993,-821],[96,423],[4501,29142],[4051,26081],[4244,25683],[30994,-2016],[385,3609],[2315,5276],[1093,1369],[386,2414],[16461,-1220],[9549,11647],[2219,15704],[1575,13737],[-2315,1643],[-18069,1144],[901,896],[514,2862],[1093,1344],[3730,2016],[1704,1618],[-611,1592],[1318,1892],[1993,1169],[1351,2265],[3118,1717],[1961,473],[4823,2464],[2765,373],[2026,896],[3986,2638],[2894,2389],[2283,772],[1575,-150],[2025,-721],[2444,248],[2186,896],[900,1518],[2476,1469],[3729,846],[3023,448],[1704,-149],[1061,-896],[3343,-672],[2926,1144],[2090,150],[6880,-722],[1479,423],[997,1021],[1607,572],[1704,1294],[2830,1419],[3408,2762],[3600,796],[1865,1568],[-64,1842],[804,1095],[2990,-174],[1221,273],[804,1220],[-868,1344],[1093,871],[1994,-747],[1671,797],[-32,1045],[-932,1369],[-23535,20431],[25818,15355],[-16108,14211],[-9356,-5749],[-27392,20233],[-9228,622],[4051,29814],[10192,-746],[3923,33397],[1800,15256],[7459,58757]],[[4909462,1114648],[740,-1245],[-65,-2364],[-675,-5077],[-932,-8835],[-547,-7988],[-160,-4007],[418,-7441],[835,-4480],[901,-3509],[1704,-4131],[546,-473],[1929,-3758],[1704,-2787],[1544,-2066],[3054,-2762],[3762,-2439],[3440,-1841],[4244,-896],[2347,-75],[2411,423],[386,-946],[-193,-3086],[321,-2638],[579,-2339],[1350,-1418],[258,-1145],[-1190,-3186],[-1993,-3260],[-2540,-3534],[-5562,-8635],[-2798,-4928],[-1543,-2314],[-13117,-22274],[-2283,-3285],[-3054,-5176],[-6463,-10179],[-868,-1568],[-5433,-8337],[-2797,-5002],[-2830,-4480],[-5047,-8660],[-3730,-6769],[-2411,-4082],[-6334,-11224],[-1286,-2588],[-3408,-6197],[-6559,-13165],[-3536,-8163],[-2733,-7540],[-1286,-4505],[-1157,-5027],[-290,-4902],[450,-4455],[611,-3310],[1254,-4380],[1061,-2663],[225,-2837],[-2250,-6272],[-1704,-2040],[-226,-1966]],[[4848536,840422],[-3890,398],[-6076,-25],[-1479,-1692],[-997,-2016],[-675,-2265],[161,-2140],[1157,-3235],[-643,-2389],[-3311,-1046],[-2315,-1667],[-4469,-2315],[-3280,-647],[-1221,-771],[-48387,5724],[-4244,547],[-29675,3534],[257,-1244],[-2283,796],[-3472,672],[-1672,25],[-225,-1045],[2347,25],[1286,-448],[-1543,-1344],[3376,-3758],[1382,149],[289,-1393],[3248,-448],[1929,-722],[482,-2289],[-2508,-374],[-257,-1169],[-1575,-2240],[64,-1717],[-1125,-772],[-1962,-274],[-2893,150],[-3987,-1095],[-1190,-1593],[0,-1095],[-3054,-1319],[0,-772],[-1993,-1070],[-5144,548],[-804,-3683],[1800,-200],[-482,-2165],[-1961,199],[-900,-4380],[-2540,-224],[-675,-1493],[-10900,1170],[258,1667],[-3473,349],[965,4081],[-4212,448],[418,1419],[-546,448],[-10867,1119],[385,2340],[-1382,1319],[1415,1593],[-2733,223],[-547,-2837],[-2958,598],[611,2090],[-1672,2190],[-12699,1269],[-1769,498],[-1125,-622],[-7073,722],[-707,1617],[-2540,75],[-418,1219],[-4694,523],[-933,1269],[-8134,871],[611,2763],[-3762,373],[226,1120],[-7009,697],[-997,-2364],[-1865,-573],[-1093,249],[-804,1717],[-9452,921],[-1543,-7541],[-2379,374],[-869,-3833],[-21637,2414],[-10224,1020],[-96,-248],[-8231,821],[-11639,995],[-32,1369],[-3151,796],[-2250,-1319],[-2058,75],[-932,821],[-1929,772],[-1254,946],[-1029,-1046],[-32,-1991],[-2283,-49],[-353,995],[-1640,1319],[-675,1792],[803,1817],[-1253,1219],[-2219,-1269],[-1414,25],[-579,-1394],[-3247,-1244],[-1640,348],[-1383,-896],[-2507,-597],[-611,-1543],[-3858,-697],[-483,871],[-3247,1095],[-1350,846],[1286,1817],[1125,3011],[-482,971],[-3472,124],[-1672,-224],[-1447,523],[225,1219],[932,498],[-225,1568],[-868,1867],[965,1891],[-836,572],[-64,2315],[2218,1593],[-225,2140],[1190,1244],[-3151,796],[-2347,-547],[-1093,697],[-3312,995],[-1607,1469],[-483,1070],[-1286,298]],[[4502079,848186],[-386,5027],[386,1021],[-771,2389],[-4855,921],[707,1095],[-96,3409],[1993,150],[2701,796],[2025,-1568],[2187,1020],[1382,1245],[739,4703],[-353,946],[739,1443],[-2122,1543],[483,2215],[1993,1941],[2701,1718],[900,2040],[2700,-99],[1029,5724],[1415,1642],[2186,-721],[1029,-2887],[2829,1493],[3698,-971],[2122,-1816],[2540,-921],[643,995],[3729,846],[1447,747],[1061,-199],[1061,921],[161,1916],[-1190,1095],[-707,1866],[482,1270],[4083,622],[257,921],[1640,298],[-161,846],[3280,150],[1961,672],[2700,298],[3312,2190],[-482,3634],[868,3086],[996,1344],[2187,1543],[1189,1642],[0,1518],[4566,971],[2443,-150],[1865,274],[964,-597],[1833,224],[-225,1767],[3955,-373],[964,-1195],[932,1070],[1962,-50],[4179,-1518],[3601,-74],[1768,-274],[97,1817],[900,672],[193,1592],[-1318,697],[675,3410],[1190,522],[-322,1145],[-1575,348],[-2090,1294],[514,1519],[-1093,2115],[579,722],[3376,6669],[353,224]],[[4053543,1330340],[1383,-1070],[2250,-523],[2058,25],[2411,-572],[1736,1344],[4180,-448],[354,1767],[2154,423],[546,1443],[1061,-124],[257,1269],[-1800,199],[-1222,896],[354,1742],[1382,1344],[1994,348],[514,647],[2058,-672],[707,548],[2476,747],[-193,2886],[739,722],[2219,473],[2347,-249],[3311,647],[2219,1170],[2443,1792],[-1125,1468],[354,523],[2443,74],[2218,-622],[4791,-274],[2861,-1667],[579,1418],[1897,25],[1704,1046],[64,1667],[836,771],[0,1842],[1350,846],[1994,423],[546,1369],[2187,622],[-97,2016],[547,846],[2154,722],[1125,1394],[2733,1144],[1575,-721],[708,696],[-901,1220],[-1736,1344],[-1543,448],[-643,921],[1575,522],[-353,946],[-1865,-75],[289,1170],[1479,-772],[1383,847],[1447,348],[1157,-1195],[-193,-945],[3151,348],[-1736,1419],[-2026,945],[708,473],[2282,249],[611,-871],[2154,647],[-353,3061],[-1672,-572],[-354,-1444],[-1929,324],[-868,1543],[161,1991],[2282,497],[804,921],[1222,25],[-225,-1667],[1832,-722],[933,1244],[-386,1668],[-1286,1244],[-1447,-697],[-1414,100],[-1672,746],[-129,1419],[1672,348],[2636,-796],[1897,572],[-804,996],[-2893,746],[-1029,747],[-450,1419],[547,945],[2186,1568],[1286,274],[2250,-1692],[2154,-1120],[1608,-448],[1318,473],[611,995],[547,4604],[418,1543],[1414,2688],[14372,7839]],[[4153404,1402113],[17683,11473],[3022,6246],[4179,6421],[3376,4106],[12668,10428],[67709,55920],[127543,-249],[128667,-273],[276722,522]],[[4794973,1496707],[42729,-141007],[33179,-109850],[25978,-85336]],[[4291202,1127340],[-1833,970],[-2925,-25],[-1351,324],[-1639,-971],[-772,224],[-1929,-1294],[322,-1020],[-1094,-349],[-128,-2140],[-1351,-448],[-1607,150],[-1768,2538],[-2669,597],[-2797,324],[-868,-597],[-1672,597],[-868,-1518],[-2733,-647],[-675,-871],[-1961,2364],[-3247,796],[-2283,2564],[-32,995],[-1897,100],[-1351,1169],[-4211,-945],[-193,-647],[-2315,-896],[-1447,348],[-321,1891],[1479,1270],[1961,472],[1061,822],[2668,25],[2412,-797],[2154,-50],[-3698,10403],[643,1643],[-707,995],[1640,946],[739,1169],[-482,697],[1286,6720],[-129,1120],[-2154,771],[-3890,-771],[-2283,348],[-836,-2115],[-5079,-573],[-3280,-821],[-1447,-1070],[-2218,-149],[-1479,821],[-225,1418],[-1254,896],[450,1394],[-643,1294],[1158,1294],[-579,2240],[418,1269],[1929,2165],[64,1394],[868,1618],[1479,572],[97,1369],[-4823,3384],[-257,1195],[-3151,373],[-1832,871],[-1222,-2041],[-3730,-1119],[-1414,298],[-1029,-1866],[-2540,1095],[-289,1916],[-2026,1020],[-547,2016],[-2636,2315],[-5755,771],[-739,1319],[-2797,1618],[-1158,-374],[-804,1842],[-803,0],[-2283,1817],[-64,2016],[868,746],[-1094,1867],[-4758,547],[-418,-498],[-2090,75],[-1607,-796],[-3794,622],[-1382,-1095],[-386,-1767],[-2058,-896],[-386,-1717],[740,-1916],[-322,-4604],[-1639,-1046],[192,-2314],[-771,-1767],[-225,-1618],[-804,-497]],[[4891008,230525],[-97,1568],[-2282,1767],[-772,2040],[321,1145],[-1125,1593],[-64,1493],[-1350,1145],[-676,1593],[1319,1692],[257,1219],[-2958,-323],[1093,3185],[1093,249],[579,1493],[1800,2564],[-1286,1344],[900,2538],[1672,7491],[1126,199],[2604,-274],[514,2190],[1801,-647],[482,2066],[2283,722],[-772,696],[675,1892],[900,1070],[-932,622],[-5176,622],[900,3634],[900,1095],[1961,25],[1190,1518],[643,2687],[-225,1170],[804,3459],[1189,-74],[836,3683],[-6848,747],[1061,2115],[-129,1319],[-3150,348],[160,797],[-1061,995],[-2025,796],[611,1046],[6944,-797],[258,1095],[-1833,249],[1608,5002],[-1962,1220],[-4018,498],[514,2015],[772,-99],[996,3882],[643,971],[-996,1020],[900,3783],[-1061,647],[-10096,1244],[836,946],[965,2514],[-289,1866],[1125,4629],[-2508,299],[289,1343],[-739,2041],[-1286,224],[-900,1244]],[[4879916,334675],[900,1245],[2443,2339],[-1768,1419],[-514,1468],[-2187,1195],[225,1045],[3955,1219],[579,1394],[2829,2364],[-1672,573],[1415,871],[353,1294],[1512,1070],[289,1269],[-515,1244],[65,1842],[1222,1642],[2604,75],[2861,697],[482,547],[-1157,1817],[1382,174],[3248,1270],[-2894,746],[-1961,100],[-611,970],[4308,-273],[2026,1045],[-225,1443],[1125,324],[-868,2016],[386,497],[2765,-846],[3343,299],[-96,1120],[4437,-199],[1736,-1071],[3344,448],[1189,424]],[[4916471,369791],[1897,323],[161,-1443],[2572,-2713],[2540,-448],[2636,697],[1158,647],[2282,2314],[3505,-273],[5080,1493],[1511,-75],[900,-2314],[-64,-1817],[1607,-1170],[1158,896],[1286,174],[1961,-746],[2282,946],[1415,-150],[354,-1767],[2668,-1617],[1029,-1718],[161,-1319],[1029,-1742],[2347,-746],[4533,647],[3086,1369],[2380,124]],[[4967945,359363],[-354,-921],[1125,-1219],[-1575,-4330],[-2540,-10677],[-1157,-6246],[-643,-2414],[-1094,-7865],[-546,-2812],[-257,-3857],[128,-3235],[1158,-3709],[514,-3434],[-96,-5998],[-290,-1966],[450,-6022],[483,-3659],[1479,-6495],[1028,-3534],[1640,-4903],[2154,-4205],[2572,-946],[2572,-4928],[3183,-3807],[1511,-498],[1254,224],[2894,-3609],[2958,-2837],[2218,-1543],[4437,-1916],[3119,224],[2379,-373],[-2412,-2588],[-1125,597],[-14564,4529],[-1415,-298],[-1447,323],[-1446,-1194],[-1286,-175],[-3216,-3135],[-450,-1369],[-1446,-125],[-5402,-1543],[-3697,-2638],[-2090,-671],[-932,-1718],[-2958,-896],[-2604,-1966],[-2155,-2239],[-385,-1718],[-2315,-647],[-1158,-721],[-2154,-598],[-2411,-1144],[-2379,-498],[-3665,224],[-2187,-523],[-2315,1095],[-675,2290],[-1318,249],[-2829,-647],[-740,323],[-3150,-622],[-1415,423],[-1350,1045],[-3087,-398],[-3022,299],[-965,-946],[-1639,-149],[-1640,-1220],[-2958,-448],[-1639,-547],[-1865,50],[-2669,-2315],[-900,-2115],[-4501,423],[-3665,2613]],[[3685384,295255],[11607,-1145],[514,1991],[8263,100],[4244,672],[-836,-3982],[30800,-3061],[1383,6844],[11670,-1071],[38131,-3733],[15658,3435],[15947,3235],[-5755,5002],[-3151,1195],[-579,1020],[13439,2464],[2572,-8437],[8745,1892],[33501,-3708],[9453,-896],[1157,6794],[15240,-1245],[1511,3161],[-1383,498],[-64,1145],[2186,-100],[3987,8437],[6559,-3037],[21219,6994],[3022,-2813],[5209,-472],[-707,13936],[9838,25],[-804,12170],[16783,-1494],[2797,11772],[8359,-871],[5691,-4380],[2604,-199],[1929,1269],[-193,995],[-2958,2464],[1768,995],[6913,3460],[9291,-5401],[193,1518],[1511,399],[1704,-1568],[836,-50],[1929,1642],[9903,-6868],[7941,5450],[2283,-1593],[17426,-1717],[5562,-2638],[3633,-4032],[5658,-1219],[3955,-3609],[3633,-6246],[514,-11075],[8938,-2115],[1061,-3783],[5305,-3559],[2797,-348]],[[4085726,309764],[1865,124],[193,-1095],[4694,-497],[3633,-2016],[193,-5600],[2057,-1144],[2862,1443],[2668,-1742],[450,-1593],[2155,-249],[8938,-2065],[450,-2912],[2797,-2663],[8423,-3808],[-1511,-2214],[-353,-3758],[3472,-2713],[4983,1319],[1543,-2314],[27714,-2688],[36267,-3509],[450,-1618],[-1479,-3733],[-804,-274],[-257,-1841],[-1479,-1817],[-1511,-821],[-740,-1643],[1640,-4305],[-482,-697],[1768,-1443],[2476,1194],[12024,-1294],[-289,-1692],[11124,-548],[2668,1120],[2058,-174],[1061,821],[9581,598],[-868,-3733],[4694,-448],[2926,2040],[2347,-697],[1736,249],[-354,-1518],[21638,-2215],[2379,2016],[2347,797],[3086,-473],[1576,696],[2282,1967],[2701,-274],[1029,-1070],[2250,-423],[3087,149],[1511,523],[836,1343],[1093,548],[3569,771],[1672,1344],[578,1095],[3183,523],[1576,-846],[3375,-672],[1672,-1792],[1961,1219],[2219,-149],[4308,1817],[4469,423],[1222,597]],[[4323128,255710],[7394,-6918],[4180,-1543],[1897,-2165],[-450,-2016],[-1415,-1195],[1833,-3160],[1865,-1792],[2314,-349],[2347,-1219],[772,-1319],[-129,-1170],[1287,-1294],[-65,-2439],[2412,-796],[514,-747],[2154,-796],[-193,-1220],[2154,-1368],[900,796],[1801,-1145],[482,-1194],[1543,-797],[1190,1195],[2733,-100],[3118,1294],[3794,-348],[2862,1344],[1639,25],[3537,-871],[2443,572],[611,-547],[5112,796],[1801,-597],[611,-846],[1704,-175],[-643,-1418],[2379,-1767],[289,-1294],[1415,-697],[2540,-50],[1350,-398],[1254,597],[1961,-647],[997,573],[1607,-2066],[3344,-796],[2604,-1742],[1447,-1593],[-900,-1244],[2090,-1668],[-772,-921],[-3601,-1443],[-997,-1070],[1736,-2389],[-64,-2862],[643,-871],[-353,-1494],[868,-2364],[-2122,-2563],[160,-722],[-1350,-721],[-3279,-200],[-997,-4952],[-2154,-523],[-1061,-1368],[-2154,-1892],[-3730,274],[-418,-896],[-3118,-1667],[739,-1419],[-643,-4355],[579,-1717],[1640,-2340],[-965,-3907],[-1029,-1891],[-32,-2091],[-4919,-3583],[-2829,-1717],[-3408,-971],[-3312,-548],[515,-1119],[1575,-573],[-161,-2140],[1286,-2091],[-2411,-2588],[-2122,797],[-2958,-921],[-1993,-1469],[257,-1269],[-2058,-1219],[386,-1593],[-1993,-1543],[-450,-971],[-1736,-1095],[-2315,75],[-1672,-398],[-322,-871],[418,-2315],[-1897,-1393],[-1286,-1444],[-1350,125],[-161,-1668],[-1157,-2737],[-772,-3210],[-2893,-3161],[-5273,-3509],[-1286,-2339],[-868,49],[-1929,-2115],[-4405,-2066],[1608,-2463],[-483,-1245],[-3150,-1692],[-3055,-697],[-1414,-846],[-611,-2538],[-1833,-1643],[-1865,-946],[-1575,-1791],[-2636,298],[-2572,-2041],[-161,-1244],[1222,-2115],[-1222,-1145],[-161,-946],[-2411,-2165],[-2669,-1692],[-900,74],[-2090,-796],[-932,-1518],[900,-2389],[-354,-971],[-1607,-597],[-450,-846],[321,-1344],[-450,-1692],[-771,-672],[578,-3186],[-128,-1418],[450,-1717],[771,-274],[-1479,-4131],[-1125,-1245],[-353,-1319],[514,-4355],[-129,-4156],[965,-1717],[-1350,-1767],[321,-896],[-450,-3086],[-2283,-2538],[-2540,-50],[-257,-896],[932,-971],[193,-2488],[-3279,-598],[-1575,-1816],[1157,-1717],[1125,-797],[965,-1717],[2283,398],[2539,-970],[-128,-2414],[3504,-224],[-289,1194],[4372,349],[1544,-573],[739,-871],[2154,-124],[2122,-921],[2090,647],[3537,-747],[3311,1120],[482,2041],[-257,1468],[708,672],[-2026,2663],[-129,1668],[1061,1941],[2830,1767],[-322,1244],[1093,1642],[2862,125],[2668,-1667],[2958,945],[2829,-622],[708,-871],[3118,-647]],[[4343704,42158],[-739,-1493],[-1608,-1269],[65,-1170],[-933,-1170],[708,-2961],[-1029,-1294],[-1222,-2464],[2218,-1369],[1672,-672],[129,-1095],[-3022,-473],[-1994,-3932],[-803,-498],[-2573,-423],[-4436,-1742],[-1640,-4678],[-1157,-1817],[-2155,-1593],[-4854,-2314],[-933,-1543],[-1479,-672],[-2700,-50],[-2122,-1170],[-1415,-2239],[-964,-722],[-129,-1369],[-2154,-1493],[-2508,547],[-2443,-472],[-6913,1169],[-1704,-846],[-4662,-871],[-1221,1095],[-4051,2016],[-2154,149],[-1190,1220],[129,945],[-869,946],[-96,1742],[739,896],[2090,1120],[-4437,4330],[-1028,1767],[-1994,324],[-996,-349],[-1383,1369],[-1479,821],[-1222,1543],[-321,3659],[-1125,647],[160,1343],[3441,2887],[-33,1817],[804,124],[772,1469],[-1447,746],[-354,3136],[-2765,-50],[-1479,1245],[708,1518],[3054,1767],[193,2663],[-289,1020],[-1447,1468],[-675,3012],[1479,1294],[-2990,1692],[450,1244],[2379,971],[289,3683],[-1832,1568],[-386,1020],[-2283,598],[-1350,1070],[-1801,-25],[-2475,1443],[-2090,498],[-997,1095],[-611,2613],[-1286,1120],[-1671,-996],[-2798,498],[-1832,622],[-2572,1494],[-65,1567],[-2314,1942],[-5016,1493],[-1800,-548],[-1962,100],[-353,647],[-2669,1841],[-578,1145],[-3055,0],[-2733,1319],[-1061,-746],[-2540,771],[-2154,2364],[-3150,0],[-2187,1942],[-1029,-523],[-675,2041],[-2379,-399],[-1318,623],[-2926,298],[-3601,-1692],[0,-896],[-4083,-324],[-1639,-895],[-226,1219],[-2121,-75],[-901,1245],[-1414,921],[1221,846],[-1832,1294],[-65,1991],[1544,896],[-290,1070],[97,3534],[-1061,25],[-1511,945],[-2604,-25],[353,2389],[-611,1718],[-1607,796],[611,796],[2507,399],[-932,3558],[-772,697],[-4083,2215],[-386,647],[-2475,149],[-4051,1046],[-2411,124],[-836,747],[-2637,199],[-2572,-1493],[-836,522],[-2668,-249],[-1576,722],[-514,1244],[-2604,-448],[193,1071],[-1608,746],[-772,4330],[-2154,1767],[-1511,-472],[-2636,1319],[-1125,1617],[-965,373],[-3472,-323],[-1222,-1643],[-1897,75],[97,1020],[-1737,299],[-1575,-1194],[-1672,2190],[-1736,-648],[-3729,2016],[-740,1419],[-2058,597],[-1189,-124],[-2572,1169],[-3923,199],[-996,847],[868,1443],[-1415,50],[-3311,995],[-3376,-249],[-3698,2290],[-3247,124],[-1286,1444],[-4533,-125],[-707,1245],[-2572,50],[-5563,-324],[-803,-1294],[-3633,-1020],[-1319,-648],[226,-1095],[-2637,-796],[-2765,373],[-1575,-1095],[-2444,-821],[-2347,2713],[-900,-797],[-3729,-1319],[-5241,-1443],[-1093,-697],[-1929,-2265],[-1929,971],[-161,896],[-2090,-50],[-450,-970],[-2604,423],[-3183,99],[-161,1543],[-5594,2190],[-2540,-522],[-1897,49],[-2926,-871],[-1221,1917],[-1929,-473],[-515,-921],[1961,-1170],[-932,-1792],[-4340,150],[-1222,-324],[-2154,722],[-707,697],[2507,1169],[1962,498],[-2476,1070],[-2218,249],[-1222,-373],[-482,-1020],[-1737,-548],[-3150,274],[-1511,448],[-2315,50],[-1897,472],[-772,-1219],[-1350,-473],[-2058,846],[-2411,-1393],[-1833,-623],[-836,1145],[-1446,-423],[-3473,398],[-1607,722],[-1286,1319],[-1704,971],[-2251,497],[-2090,-448],[-771,1046],[1221,597],[33,2464],[-2251,373],[-2154,1667],[-1704,-423],[-1672,-1244],[-2122,448],[643,1418],[-2636,-99],[-2797,1443],[-515,1917],[290,896],[-1608,223],[-225,822],[1350,1120],[-1446,920],[-322,2116],[-2733,0],[-1511,1518],[257,1991],[-2732,-50],[-3859,722],[-2089,1369],[-933,2414],[-2090,323],[-1414,1244],[-2701,473],[-2572,2738],[-1222,99],[-1800,-1194],[-2186,50],[-1351,547],[-1575,-224],[-2026,-1070],[-1993,-224],[-1993,-1593],[-4405,-672],[1318,-697],[-1800,-771],[-2283,-1941],[-2283,498],[-2282,-424],[353,-1244],[-3601,224],[-1382,1269],[-1993,175],[-4244,771],[1318,1095],[-4083,-398],[-354,1095],[-1093,597],[-4051,-846],[-386,1543],[-1382,-498],[-1447,-2190],[-1383,349],[-771,-847],[-3794,548],[-1833,-25],[-932,-1194],[-1800,-871],[-3891,1542],[-2282,-323],[707,-3011],[-1993,-846],[-2315,-100],[-901,-597],[-1704,1095],[-2539,398],[-1833,-373],[-193,-1145],[-1929,-423],[-932,-1021],[-1286,598],[-2572,249],[-1930,1418],[-1189,324],[-1093,-822],[-3376,-348],[-1350,-1817],[-3537,-1120],[-1061,274],[-514,-1593],[-1704,-149],[-2765,-1742],[-3730,-348],[-1511,-672],[-2668,1020],[-3569,-1369],[-386,-1120],[-1608,722],[-128,896],[-2090,-75],[-1607,722],[-5338,-299],[-1125,-2140],[-1897,-199],[-3086,249],[-900,970],[-2830,722],[-1093,1294],[-2025,-149],[-1158,1170],[-1286,-1071],[-3151,249],[-1157,-1020],[-2572,1568],[-2765,-50],[-1254,-1244],[-2829,-1170],[-1222,1394],[-3504,149],[-1801,-697],[-3569,-348],[-803,-647],[-1383,1045],[-1318,-772],[-3697,-348],[-2797,772],[-2894,-100],[-900,-1468],[-2186,497],[-1962,-323],[-1607,498],[1222,1070],[-1512,373],[-2218,-647],[-1222,-1120],[-1446,846],[-2026,-1468],[1254,-946],[-1286,-871],[1125,-995],[-1415,-896],[-1768,597],[-5465,-323],[-3376,522],[1125,996],[-1125,1617],[-1929,722],[193,1269],[-1351,622],[-1029,-1144],[-2893,497],[-933,1195],[258,821],[-1415,1244],[-1575,224],[-2058,847],[-3279,-374],[-2765,-1169],[-225,920],[-1544,-224],[193,1593],[-1061,1344],[-1704,-448],[32,2364],[-1414,672],[-2829,374],[-1479,497],[-1608,-373],[-772,548],[-3729,-921],[-1350,-797],[-2251,523],[-3762,423],[-1961,-473],[-900,622],[-1254,-1269],[-1800,-448],[-3730,1394],[-1350,-573],[-2283,-74],[-2025,-1593],[-1383,622],[-1318,-547],[-547,-1444],[-1543,-896],[-4147,125],[-2090,-523],[-1350,-2190],[-1286,-124],[-2830,-1717],[-32,-1046],[1125,-1294],[-2282,-1269],[-1704,-75],[-322,-1443],[707,-1468],[-675,-623],[-160,-1518],[-740,-696],[-2443,-175],[64,-945],[-1897,-2066],[-161,-1095],[-2282,-2165],[-2122,149],[-1929,-1866],[418,-946],[-804,-1319],[-1158,-722],[-2218,1095],[-1768,-672],[-1383,1170],[-2572,-323],[-386,1045],[-1318,174],[-1736,-1593],[-1575,-50],[-676,-1393],[-5369,-672],[-64,-1991],[-2829,299],[-1190,-1270],[-1736,-273],[-3087,547],[-2411,-323],[-225,-747],[-2058,-1842],[386,-871],[-1736,-771],[-868,-896],[-2894,-647],[676,-1394],[-2219,-697],[-1286,1892],[-3408,-1269],[-1607,298],[-2187,-2364],[-2282,-124],[-1383,-1743],[-225,-1418],[-2443,-871],[-322,647],[-2668,-1170],[-2637,-771],[-2508,-75],[-1961,-1518],[1254,-846],[-1993,-398],[257,-1120],[-900,-797],[836,-1194],[-2122,-946],[-3183,-1966],[-3119,-1095],[-3022,797],[-2058,-175],[-1639,349],[0,-1369],[1029,-1319],[-65,-1667],[-1157,-921],[-2637,-423],[-932,-1469],[-2122,971],[-1029,-398],[-1607,821],[-1286,-796],[-1833,-324],[-1833,647],[-3343,-1543],[-386,-995],[-1961,-374],[0,-3658],[-1511,-249],[-965,-1145],[-546,-1941],[-1351,-298],[-932,-1419],[-1383,-224],[-1479,-1692],[2926,-274],[-1929,-1568],[-514,-1593]],[[4848536,840422],[-1511,-2016],[901,-2837],[353,-4082],[1254,-6470],[1383,-4032],[1414,-2936],[1190,-1718],[1318,-1070],[2958,-3434],[1607,-1543],[2958,-2290],[4469,-2438],[4116,-1319],[2829,-498],[3440,-150],[1961,224],[1479,921],[2154,3708],[1479,946],[1608,-1418],[-32,-871],[-1704,-498],[-3183,-4704],[-4823,-7565],[-4887,-8288],[-4083,-7515],[-3537,-7541],[-4115,-8387],[-4180,-9930]],[[4855352,752671],[-39449,4405],[-418,-2015],[708,-498],[-900,-4380],[-1769,-2140],[-418,-1693],[-1221,-274],[-161,-920],[-1351,-1245],[-3633,-522],[-289,-1095],[-1382,-473],[-1994,448],[-3633,-523],[97,-2712],[-5980,622],[-225,-1046],[-1897,200],[-450,-2166],[-1190,647],[-2508,2340],[-2700,1493],[-7524,697],[-932,-4977],[-6173,572],[-193,-1095],[-1640,-772],[804,-3807],[-1607,-299],[868,-2016],[-5563,-12742],[-546,-2289],[-2218,-2414],[-740,-1643],[-1479,-6595],[-3054,349],[-3537,1070],[-1479,-4231],[-739,100],[32,-2514],[1704,-75],[-707,-3185],[193,-2091],[3247,-348],[-386,-1767],[1157,-523],[2508,249],[1318,-846],[965,-3036],[-933,299],[-739,-3460],[1318,-199],[-1961,-9158]],[[4756553,674378],[-193,-896],[-9967,1145],[32,-1742],[2476,-100],[64,-1543],[-1286,-423],[-2958,-1916],[-996,-1593],[-1447,-373],[-354,-2215],[5916,-597],[-771,-3584],[2475,-572],[675,-971],[-739,-1518],[-1222,-348],[-1575,572],[-97,-1866],[-1768,-1469],[-932,647],[-1512,-597],[-2379,2339],[-1382,-696],[-1576,1493],[-4436,-2315],[-740,25],[-579,-2588],[-3150,-2140],[-1897,-672],[32,-1917],[-2894,-348],[-1607,-1717],[611,-1344],[-772,-2090],[-3376,398],[-3118,-249],[-2155,1070],[-321,647],[-2861,995],[-2540,274],[-3280,772],[-2218,-573],[-2090,324],[-1897,-324],[-128,1145],[-1094,448],[-2250,-1543],[-1061,-75],[-1383,1170],[-2765,-299],[-1318,-771]],[[4687750,645858],[-1832,373],[-1447,-298],[-1479,472],[-2026,2315],[-13696,1244],[1190,-2538],[2315,-2190],[-804,-498],[-20223,1891],[482,2464],[-3054,299],[579,2837],[-3376,323],[2990,6546],[-1961,771],[-290,-1393],[-1254,-448],[-1125,1617],[97,1195],[1350,1617],[-225,1494],[1897,1642],[1061,5152],[-836,-647],[-2026,199],[1351,6420],[-2154,75],[-515,-771],[-3247,-349],[-1222,-746],[-2797,746],[-1575,-1717],[-1447,-697],[-1222,772],[-2893,-1270],[-1158,921],[-3119,0],[-1286,996],[-739,1443],[-2058,-174],[-1221,-796],[-1447,273],[-1929,-1020],[-1961,348],[-1512,-920],[-2861,-921],[-3472,-423],[-1318,-946],[-1319,2090],[-2218,896],[257,498],[-2572,1145],[-997,871],[-1639,523],[-1511,1045],[-3408,-274],[-258,-2688],[-1607,-1144],[-1865,0],[-804,-623],[-128,-1269],[-997,-498],[-932,-1468],[-2476,-299],[-546,-572],[-2830,-224],[-1864,-971],[900,-622],[161,-2215],[-997,-970],[-2540,1045],[-836,-348],[-1190,-1742],[-2797,273],[-643,1021],[-2282,1692],[-868,1145],[-2315,1369],[-965,970],[-3344,1120],[-2186,1518]],[[4556639,672835],[1994,9233],[-547,448],[-289,2240],[-1222,1020],[-32,1767],[-2412,199],[-803,1195],[-1286,448],[-418,970],[-1576,598],[-1511,-1046],[-771,1444],[-1769,995],[-2540,199],[-1671,822],[707,2090],[-1222,174],[257,1543],[-2700,25],[-3923,1045],[-1157,-124],[-2604,1941],[-1351,622],[-3665,1045],[-1190,-5873],[-835,374],[-16462,1567],[-1800,672],[-1897,-298],[129,1742],[-1061,1070],[3697,1692],[482,722],[-1543,946],[13503,-1220],[2283,2265],[1479,224],[1768,2986],[675,75],[965,2364],[997,5177],[1254,1617],[-226,1966],[-1704,1245],[-996,1269],[-1415,423],[-450,2613],[-1190,3335],[-32,2040],[-3022,1444],[-3858,-2016],[-2604,2414],[-804,-199],[-2926,2737],[-3665,-771],[-1286,3235],[932,896],[997,1817],[-128,1443],[-3119,1270],[354,1368],[-3666,3111],[-4629,498],[900,4504],[-1029,871],[289,822],[-385,3832],[-3408,498],[-2572,647],[-1319,2937],[2476,572],[2186,-224],[2315,1692],[1350,125],[1897,2364],[-15818,1692],[1640,7491],[-1608,871],[0,971],[2508,647],[1447,2240],[-1254,1095],[-1640,2190],[161,2414],[-8681,920],[32,-572],[-20287,2066],[-4919,448],[-675,-3609],[-6687,597],[128,871],[1318,722],[740,1792],[-3665,323],[2443,12319],[-15914,1568],[-2830,1021],[-868,2090]],[[4423406,806775],[1929,-249],[1222,498],[386,1194],[1897,623],[2347,1592],[289,1917],[-579,597],[0,1941],[965,1095],[386,1543],[-1576,1394],[-482,1020],[514,1568],[-32,1717],[-900,2315],[-1093,547],[-675,1643],[900,945],[-96,1518],[-1094,946],[129,1667],[-675,1419],[707,971],[1543,423],[965,1791],[-547,623],[-2572,348],[-160,896],[-2187,473],[32,896],[1479,522],[1672,2937],[2637,-572],[1607,74],[0,821],[-1736,1693],[1318,1443],[2958,349],[740,1269],[-354,2115],[3344,398],[1768,-597],[1511,-1020],[-707,-822],[964,-1045],[740,-2289],[-193,-1220],[1704,-473],[2604,996],[739,-473],[97,-2414],[3633,-946],[1768,-1393],[5402,-722],[3825,-2066],[-707,-1294],[1286,-1816],[257,-1369],[1093,-398],[515,-1817],[2218,-75],[1093,-1642],[-450,-772],[322,-1717],[1189,-1568],[2412,-1269],[3054,-548],[2765,1145],[2283,100],[643,1145],[1350,49],[997,1668],[2122,1294],[1254,25],[836,1319],[1414,721],[1318,2365],[1158,-224],[2347,871],[-482,1866],[1060,1618],[386,1418],[1801,-696],[2347,3085],[-450,1842],[257,1220],[1125,1393],[-804,1170],[1222,1194],[1511,0],[868,672]],[[3087990,2637336],[2057,-3658],[1865,-1568],[1125,-1617],[31187,-9831],[4051,-1443],[41571,-8611],[5112,-1418],[18937,-11672],[3375,-946],[3408,-1543],[1544,-3285],[9420,-7416],[15079,-4778],[11413,-5874],[16429,623],[14886,-3957],[58289,-19188],[10514,-5276],[1189,-921],[11800,-4778],[2604,-299],[2283,-1841],[16686,-4380]],[[3372814,2533659],[-348129,-25],[-125163,0],[-100343,25],[0,20730],[-44947,-25],[-72950,25],[-3440,-3335],[-1126,-199],[-1671,598],[-1929,49],[-804,-547],[128,-1220],[-3022,-895],[-1350,771],[-1093,-473],[386,-1941],[-933,-995],[-193,-1120],[-2089,846],[-1447,-821],[-3665,547],[-965,-398],[-1415,1767],[-3568,597],[-8038,2862],[-3472,2016],[-483,771],[-2668,-920],[-1061,-1046],[900,-896],[-1189,-970],[-258,-1643],[-1254,-423],[-1639,821],[-2894,548],[-1800,-224],[-1736,796]],[[2489470,2669440],[579,697],[1479,-124],[900,1244],[2572,1742],[-161,1842],[1061,423],[740,1368],[-1608,2390],[225,1567],[4308,-348],[-3086,1543],[-675,1842]],[[2782911,2589081],[3665,1145],[2411,1717],[1640,548],[1189,-946],[1704,572],[225,1071],[2219,1343],[-1254,324],[579,995],[193,1668],[-1672,1045],[-2508,-597],[-1190,-871],[-2122,-772],[-3118,-348],[-3472,-722],[-1319,249],[-2282,2514],[225,1393],[32,25],[-161,1443],[-1286,1220],[-32,25],[-1093,1294],[-32,25],[-1865,1369],[-1640,2040],[-1897,224],[-32,0],[-1993,896],[-2122,423],[-1576,2066],[1094,1145],[-804,920],[-1318,-771],[-1962,-124],[-3408,2040],[-160,-1418],[2315,-1792],[192,-1767],[2990,-3758],[-707,-946],[-1511,-945],[-1350,-1543],[-129,-1518],[-964,-2315],[836,-1916],[-1286,-946],[-2058,672],[1029,-1941],[-708,-1070],[2894,-1518],[1511,1468],[1640,995],[2218,299],[3569,-995],[1865,821],[1864,-1692],[611,821],[1479,224],[3151,-448],[3794,-3484],[1864,124],[33,0]],[[2756386,2615436],[-1029,174],[-2572,2514],[-3022,1642],[-1479,-348],[-1447,-1319],[1929,-274],[1672,-2463],[1093,-1071],[-289,-1891],[2154,-1244],[1029,2762],[1961,1493],[0,25]],[[2746741,2572681],[1961,-647],[1704,-1095],[579,1170],[-868,1418],[-1415,75],[-2154,1393],[-1704,-796],[1897,-1518]],[[2741983,2605681],[418,1592],[-33,3360],[-482,548],[1125,1269],[-546,1070],[707,1219],[-739,1693],[-1833,1418],[-3858,-448],[64,-25],[2026,-1045],[-225,-1966],[1929,-2364],[-2444,-3235],[-482,-1543],[1190,-1295],[2636,-1592],[547,1319],[0,25]],[[2743365,2575916],[-128,498],[-451,25],[-418,-199],[997,-324]],[[2747288,2588136],[-1061,497],[-386,-323],[932,-448],[32,-349],[1254,-1592],[1961,-175],[-64,299],[-643,473],[-1093,473],[-932,1145]],[[2788087,2588559],[321,224],[-160,124],[-643,-124],[-65,-175],[547,-49]],[[2751081,2590525],[-964,224],[611,-324],[257,-373],[964,-423],[33,448],[-386,547],[-515,-99]],[[2741147,2591221],[-1254,523],[-418,-672],[225,-697],[1479,-896],[-129,175],[675,647],[-578,920]],[[2745584,2590997],[-1029,623],[-740,149],[708,-1070],[1929,-1045],[32,248],[-900,1095]],[[4805326,385867],[-740,-2812],[-771,-1219],[-3730,-3211],[2186,-2140],[-2604,-10403],[-10481,1145],[-2540,-10875],[-2604,249],[-450,-1767],[-4951,572],[-354,-1543],[-4276,498],[-2411,-100],[-676,747],[225,1269],[-1704,199],[-353,-1468],[-1672,174],[-225,-1095],[-3505,373],[-1093,-920],[-1511,-6720],[2604,-298],[2219,472],[1961,-2215],[675,-3409],[-32,-1867],[-3215,349],[-739,-3136],[-3216,349]],[[4761343,337065],[483,1941],[-1865,622],[868,4007],[-5433,547],[321,1319],[-1447,672],[-6880,722],[643,3086],[-1511,1369],[-6495,746],[-96,224],[-9613,1294],[-1029,2165],[-5787,697],[-675,-1418],[-5402,622],[354,1667],[-4244,473],[193,772],[-5433,448],[-290,-1270],[-9838,1120],[354,1369],[-1318,75],[385,1567],[-2443,-298],[-5916,647],[290,1120],[-6013,647],[-64,-1120],[-6334,672],[-4051,174],[-1607,-1095],[-482,-1244],[225,-2315],[-1415,-6196],[-6527,721],[-1446,-6246],[-4051,448],[-226,-871],[-4436,497],[-65,-1518],[-1061,-1145],[-514,-2165],[-3569,125],[-2508,-10652],[-2282,797],[-2508,273],[-965,-4156],[-1478,150],[-515,-2215],[-5433,448]],[[4632194,327384],[-290,2613],[-996,3285],[-1158,1468],[32,797],[1865,1542],[-643,1519],[-2154,224],[450,1990],[-2733,299],[290,1344],[6848,-597],[546,2339],[-1993,199],[32,1468],[-2347,1867],[-1865,3061],[740,3186],[1189,-1120],[2058,-399],[932,3111],[1672,7367],[-1061,124],[740,3136],[1029,-125],[385,1817],[-7330,772],[450,1941],[1061,771],[2444,473],[2636,896],[579,2115],[900,1444],[1061,-349],[1125,1195],[-3247,572],[225,1021],[1672,-150],[1479,822],[2315,-523],[289,1269],[2476,349],[1157,-971],[1736,-473],[804,697],[2379,-2289],[514,2140],[1094,-125],[835,1742],[-514,971],[1736,1244],[1061,2613],[2604,2688],[451,1170],[1800,1393],[129,847],[5304,1866],[-2379,3235],[1961,672],[1512,-224],[482,2141],[1029,-473],[418,2016]],[[4668010,401397],[10159,-1046],[2862,-49],[2057,572],[1254,-224],[1351,3758],[514,2240],[6077,-797],[-418,-921],[3022,-671],[193,721],[2089,1045],[4084,-472],[192,920],[1962,-348],[7780,-896],[1061,4455],[1061,-622],[1479,746],[1158,-1120],[1093,548],[1254,-1120],[3954,2066],[3054,2787],[1769,921],[1511,-498],[1382,747],[-739,746],[482,1070],[2090,-572],[1254,697],[1157,-199],[2347,472],[-128,1519],[-1769,522],[-128,1319],[1864,597],[1190,-1319]],[[2864381,1918760],[514,-1319],[1190,-846],[1093,-2265],[1704,-871],[772,-2315],[2411,-1916],[1093,-1468],[2604,249],[900,-921],[1672,-224],[3891,1020],[835,-522],[2187,74],[1125,-721],[1511,74],[1479,-871],[1318,473],[2604,-348],[2122,-697],[3376,199],[2026,-821],[1254,-75],[1896,722],[1608,124],[3440,-846],[1640,-747],[4630,-1045],[2057,249],[3505,-1020],[3054,-75],[3376,-1468],[5530,-871],[3183,-797],[1543,-1095],[2508,-572],[2411,-1294],[1479,-1195],[2765,-1418],[1800,-2738],[1351,-1045],[-161,-1244],[932,-1494],[933,-3086],[1672,-1991],[-33,-1916],[676,-1518],[2572,-3534],[4822,-2464],[450,-1941],[1190,-1095],[1736,-796],[2122,0],[3408,746],[2122,896],[2604,2091],[3537,99],[3343,847],[5048,-847],[2765,498],[2154,-50],[2862,1120],[1382,-49],[2058,-896],[707,-971],[1254,-299],[3408,697],[3247,-473],[1961,-1816],[1544,-697],[2025,-2215],[997,523],[1897,-523],[2604,-125],[1029,-796],[1350,224],[225,-1020],[3022,-573],[1801,224],[964,-1020],[1158,921],[2347,-374],[3536,100],[2990,-896],[1994,821],[4565,473],[900,1220],[2797,497],[1254,-298],[2540,746],[1158,0],[2861,2589],[2765,199],[482,1144],[1447,1568],[2733,-398],[1350,149],[1801,797],[3151,-622],[771,323],[611,2290],[1190,423],[2250,-25],[2894,-697],[1607,-50],[2894,573],[3183,298],[2990,2439],[2186,1220],[2251,2239],[32,2887],[707,1568],[1865,1045],[1318,-49],[1768,-747],[1544,100],[964,721],[579,1444],[-740,1194],[0,1245],[675,1319],[2765,1294],[772,1319],[289,4405],[997,2115],[-32,2364],[-1447,4430],[547,747],[1897,871],[-258,1120],[1833,2662],[1382,598],[4662,921],[2058,920],[1865,-647],[3504,2041],[1318,2464],[1833,423],[1511,1493],[354,1742],[1607,1369],[1608,2289],[-708,1618],[2991,-398],[1221,523],[1286,1493],[1961,522],[-1575,1643],[-418,1617],[-1350,1519],[1189,771],[450,1020],[2122,1120],[33,2165],[3890,1643],[1029,1319],[1929,995],[1639,1693],[933,2463],[2090,75],[1832,-597],[2347,921],[64,1319],[1608,2339],[1350,548],[-836,1318],[515,548],[2765,1070],[2508,-75],[1221,1319],[-225,623],[-1736,1194],[1801,2140],[-1512,1145],[-868,1170],[-2668,-100],[-965,1817],[1158,1443],[193,4853],[-997,772],[-579,1493],[-1639,174],[771,2365],[-611,1194],[-1543,398],[-1897,-697],[-3343,423],[-965,1046],[418,672],[2443,896],[225,1020],[-1832,2265],[193,1219],[-868,348],[-1801,-995],[-2700,-647],[-418,1170],[1350,2190],[-1125,896],[14693,-1295],[193,-1219],[1286,-473],[-1415,-2041],[-740,-1717],[2026,-497],[1222,-996],[-708,-1493],[1897,-1344],[1511,75],[1093,1792],[4116,-996],[739,-1742],[-1254,-3708],[225,-2115],[2669,273],[2894,1220],[2025,-274],[611,-722],[868,-2488],[772,-224],[2314,846],[1865,124],[2154,-2016],[1833,-771],[14661,-3061],[739,-299],[3858,921],[3344,-697],[3247,-249],[2637,324],[4694,2364],[1478,125],[7138,2364],[9484,6396],[5112,398],[1319,2115],[4051,2489],[1736,3335],[-225,2015],[-1704,971],[-868,1867],[-4566,3733],[-2250,1269],[-708,1120],[-1028,2687],[-3441,4356],[-739,1990],[-2218,1369],[-1094,249],[-707,1220],[643,696],[-1704,2663],[-1447,1120],[-707,3733],[-900,-99],[-1029,2165],[772,1294],[-1351,1692],[900,1070],[1640,498],[1061,1866],[-546,1369],[1061,2364],[-1061,2937],[-1222,2091],[-2154,796],[-1833,6147],[836,672],[5337,174],[3890,-3360],[2315,-4181],[6366,-2687],[1608,821],[6173,971],[321,1990],[3344,2813],[3954,472],[2958,1319],[2958,648],[418,-1917],[29514,16674]],[[3289800,2052749],[1061,-2040],[2380,-3435],[-997,-3608],[-2315,-1469],[-418,-2115],[2411,-174],[2122,-1369],[258,-1319],[-1865,-697],[1093,-2314],[1575,-1294],[3408,-1742],[675,-1220],[2573,-1219],[932,-2439],[2186,-2464],[1543,-398],[1833,1120],[4051,-2788],[-739,-622],[128,-1319],[2315,-846],[804,-1991],[546,-3036],[65,-1045],[2347,-1021],[868,-2862],[2572,-1742],[1286,-323],[-193,-1294],[-1608,-349],[-836,-871],[-5819,-3036],[-739,-2165],[-2540,-1443],[1575,-1195],[1961,-448],[2058,-1070],[772,-1145],[0,-1443],[-2540,-9955],[1221,-2265],[2380,-597],[4083,-3758],[3151,-2538],[1543,-274],[1382,-1518],[3087,921],[1447,-1120],[1189,672],[3312,-1369],[64,-971],[1093,-1144],[2058,-1095],[1254,-1892],[1832,523],[836,1045],[4244,-1418],[804,-1543],[2090,25],[2122,-1469],[803,-1617],[1897,1095],[1833,373],[1189,2041],[2026,49],[1929,1145],[900,-74],[2283,1319],[1286,248],[643,-1194],[2379,-1842],[997,-25],[2154,-1518],[1157,100],[2122,-1518],[450,-1021],[1929,-348],[997,-1667],[2026,-200],[-161,-920],[1704,-1494],[354,-1543],[3986,-1567],[257,-1593],[1383,-2041],[1254,-547],[-354,-1618],[1511,-2638],[2958,-846],[2862,25],[4372,-398],[3119,99],[932,996],[1768,672],[3730,199],[932,-448],[965,-2713],[4211,398],[2540,2439],[1865,-1443],[1929,1169],[1383,349],[3440,-1045],[1543,696],[1801,100],[1639,-1369],[2733,-1269],[2251,1070],[-836,1095],[-354,2240],[3408,3783],[3408,-921],[4115,-1867],[579,-2090],[1029,-747],[2218,-423],[515,-2090],[1832,-1717],[2058,-1021],[1832,-448],[901,-945],[1414,-424],[2926,200],[4019,1941],[2250,-548],[451,-1120],[35398,-3061],[803,2265],[997,572],[-482,1270],[868,1667],[1607,747],[2637,522],[1832,-249],[2733,-2215],[2347,1270],[1447,-200],[804,-696],[1736,995],[2411,324],[2540,2936],[2219,50],[1286,647],[1671,-323],[2444,497],[3279,100],[2026,796],[2025,249],[1736,1468],[3441,25],[771,-1518],[2347,-622],[772,-1792],[1447,-522],[1028,-1817],[2798,-1120],[835,-1070],[3312,-473],[-739,-1419],[-933,-298],[997,-1344],[1350,-2986],[1415,-249],[1061,-921],[-1158,-1518],[-96,-846],[1157,-1469],[1833,-1368],[675,-1220],[-193,-1418],[-1061,-2365],[-321,-3509],[-1061,-2663],[418,-1219],[-1093,-1866],[-1704,-1519],[-1254,-373],[-418,-1145],[-3473,-1368],[-610,-1593],[0,-2165],[-868,-772],[96,-1841],[-2861,-1319],[3086,-2564],[-2154,-2364],[-386,-2862],[1640,-1866],[-900,-1021],[-225,-1319],[996,-2240],[-1704,-1493],[-321,-1319],[739,-497],[-514,-2016],[-1608,-2215],[-1479,-1294],[-1414,970],[-2154,722],[-611,1219],[-3601,-1020],[-1511,-1717],[1029,-2215],[1382,-1020],[354,-2389],[-3408,-2638],[-1801,-424],[-1350,-1742],[225,-1841],[-354,-1568],[579,-2140],[-997,-1494],[-96,-1468],[-772,-1269],[4276,-2091],[1865,-2389],[4373,-1219],[610,-996],[-289,-1742],[2669,-4554],[3440,1568],[1864,-299],[2219,672],[-193,1792],[1479,2140],[-289,921],[578,2414],[2476,150],[1318,-672],[2669,-299],[1093,-597],[1639,249],[2026,-473],[964,-871],[1447,298],[1254,-448],[3697,-323],[2251,896],[2186,-672],[1351,-2165],[2700,-125],[450,-572],[2347,-423],[1479,-971],[1222,-1493],[3215,-498],[161,1070],[2025,-472],[965,2463],[1833,473],[932,-1369],[4051,1469],[-97,945],[1962,1494],[1125,448],[1415,1518],[1671,-1643],[3730,921],[1832,-548],[4084,100],[2443,647],[289,1020],[1994,1294],[2122,921],[1865,1917],[-33,1941],[1061,2538],[1962,-50],[2957,324],[1994,846],[2090,-697],[1929,896],[964,-199],[2862,1269],[1221,2340],[1318,0],[1094,-1344],[3793,2439],[-1607,1294],[836,672],[2958,5201],[1479,-1394],[1768,1270],[2443,-274],[1254,348],[2154,3186],[-868,746],[322,1543],[-1126,697],[17876,-1618],[6463,-522],[39770,-3683],[161,45517],[53467,25],[32,29989],[32,24140],[109506,-324],[561032,1070],[262575,2041]],[[4712924,1976671],[-4372,-3758],[-4051,-3161],[-4276,-3782],[-1254,-1817],[-1961,-373],[-1061,-921],[-1833,-3086],[-1929,-2688],[-129,-2140],[-578,-3061],[771,-8014],[-514,-1194],[547,-5351],[-836,-6371],[-225,-4803],[-1512,-4455],[-1382,-6221],[-1608,-1817],[-2250,-821],[900,-4007],[-386,-3260],[193,-3783],[-2186,-3136],[-1929,-1891],[1222,-19934],[578,-7367],[2412,-5077],[2636,-4454],[3247,-3260],[3826,-5426],[2026,-3235],[2700,-2663],[2251,-722],[3858,-4429],[2026,-2688],[1961,-1618],[1318,-2215],[1415,-1219],[900,-1618],[450,-3360],[-450,-1692],[1061,-3360],[1414,-2214],[4309,-8835]],[[4720223,1811374],[-242707,-1170],[-281641,-298],[-32087,49],[-80280,150],[-147187,572],[-67484,348],[-78673,498],[96,-20531],[289,-51117],[161,-38326],[65,-10602],[-193,-2662],[-4051,-6521],[-10707,-7814],[-3600,-1842],[-5273,-2215],[-3473,-2389],[-4854,-3559],[-2701,-1294],[-2990,125],[-2411,-374],[-1479,-1418],[-1222,-4405],[-1061,-946],[-2765,-1443],[-3183,-3310],[-868,-647],[2218,-1842],[708,-2040],[-322,-2190],[450,-1693],[901,-1344],[-1126,-472],[-2282,1294],[-836,-374],[64,-1866],[-675,-1817],[-5144,50],[-900,1045],[-1962,-722],[-3150,697],[-2540,-323],[-2154,697],[-3023,-374],[-1929,-1020],[-964,-1095],[-2251,-149],[-1993,-1145],[-2476,-1842],[-2379,-398],[-2186,-796],[-1125,-946],[-1737,1443],[-4951,-323],[-1189,-797],[-3891,1991],[-1350,2414],[-2797,1767],[-1672,125],[-1511,-8735],[-1993,846],[-1801,-647],[-257,-647],[-2701,-2290],[-996,-423],[-1415,348],[-1897,-1095],[-2347,448],[-1447,1369],[-1575,796],[-1125,3758],[-1479,249],[-129,896],[-1768,772],[-1608,-473],[-128,-1941],[-1061,-2041],[1028,-846],[-1189,-1518],[-1029,-399],[-900,-1866],[-450,-2041],[2765,-3559],[-32,-597],[1446,-1617],[225,-797],[1769,-25],[2411,1145],[418,-1866],[1190,-1568],[3858,-324],[2958,-896],[675,-522],[96,-3037],[-321,-1219],[1189,-2538],[4405,-2912],[-965,-1618],[-1704,-4579],[-1446,-722],[-2283,-273],[-547,-1742],[1061,-4032],[-64,-3410],[1929,-771],[-804,-1095],[322,-3509],[-4019,-4455],[-2894,-2912],[-4758,75],[-9710,-4903],[-96,-149]],[[1122096,3404492],[353,1543],[2283,2265],[1479,1891],[4983,10676],[2283,3982],[4887,9557],[257,1169],[1704,2862],[2090,2016],[-161,1369],[547,846],[-64,1443],[-1769,548],[2540,3136],[2829,2986],[2058,2688],[1704,4878],[836,3085],[1318,6247],[515,3584],[353,5898],[836,746],[3215,1444],[1479,2364],[3601,2688],[3183,2115],[2283,2041],[2829,2912],[579,1169],[1093,3932],[-257,1618],[-1479,2862],[-997,647],[32,996],[1961,1169],[451,697],[-901,1767],[2669,4878]],[[4720223,1811374],[18647,-24688],[482,-1941],[-546,-1692],[1897,-8760],[578,-1444],[2669,-8785],[546,-6271],[2798,-5077],[1382,-846],[579,-2688],[-772,-7018],[643,-5002],[-1222,-2812],[997,-7018],[418,-1145],[-321,-1817],[-1383,-1767],[-1350,-2638],[-2572,-2538],[-1833,-1444],[-1511,-796],[-450,-6520],[289,-1394],[-1061,-2414],[-418,-4007],[-3408,-3210],[-707,-1568],[47230,-156164],[13149,-43203]],[[4153404,1402113],[-18262,1294],[-3344,871],[-12024,4679],[-5209,2812],[-1832,149],[-4469,-199],[-3280,672],[-4308,1493],[-6591,1568],[-1864,-348],[-2798,-2265],[-2700,-921],[-4662,1494],[-2829,472],[-1351,-248],[-3247,-1419],[-4405,-2588],[-1671,-772],[-2380,-74],[-1961,473],[386,1990],[1350,847],[3151,721],[3054,1145],[579,1045],[-418,822],[-1736,547],[-5948,548],[-643,298],[-2315,2439],[-771,4355],[-997,896],[-1800,871],[-2508,398],[-2251,1444],[-1607,1966],[-1158,2762],[-4211,2962],[-2894,3210],[2958,1543],[-836,797],[546,2638],[2508,1518],[-32,1468],[-1704,2215],[836,1468],[-96,2588],[1511,0],[3472,-1319],[1029,-871],[1993,822],[1318,1269],[-193,722],[-2282,3409],[1157,821],[-1575,1792],[-933,373],[-3022,2813],[-353,771],[1929,1394],[-33,622],[-2057,871],[-1640,1767],[611,3210],[-3569,324],[450,2289],[-2765,274],[-450,-2513],[-2315,224],[-578,-2912],[-3473,323],[-257,-945],[-2765,249],[-321,-1743],[-2379,-771],[-901,498],[-803,1742],[-1319,124],[-2765,-1070],[-1125,274],[-1189,-2389],[-933,273],[-3151,-721],[-2411,-1966],[-3504,423],[-1351,-498],[1704,-2190],[1576,-1045],[-2347,-1269],[-4309,-4380],[-1318,-573],[-1318,174],[-1286,1444],[1479,3185],[0,1120],[-1479,2638],[-3247,3385],[-1061,1991],[-1447,5475],[-643,1194],[-257,1792],[-1736,1269],[-1994,75],[-2958,1244],[-2604,-473],[-4019,-2015],[-2218,-1966],[-1125,-1817],[-3022,-498],[-2701,871],[-1736,2464],[-2894,1642],[-96,1369],[964,921],[1801,324],[2057,1045],[3762,2762],[2443,2837],[2026,946],[3472,1244],[1897,1245],[900,1294],[-2186,1518],[-1833,75],[-1832,1343],[-257,1792],[450,1120],[1768,548],[965,896],[64,1269],[-1479,1493],[-1061,1692],[-1157,174],[-4630,-1095],[-3087,871],[-4726,125],[-3729,473],[-3665,124],[-6109,846],[-3344,623],[-3440,1194],[-8777,4007],[-2958,746],[-7491,573],[-2251,50],[-1350,-448],[-1575,-1543],[-3698,-3086],[-1479,-871],[-6333,-2962],[-1672,-323],[-1286,249],[-3923,1791],[-2218,1518],[-1736,2539],[0,1070],[1093,2912],[-193,1269],[-1350,896],[-3473,1145],[-3183,398],[-3247,-996],[-1768,150],[-5723,1095],[-2379,174],[-1704,871],[-225,846],[546,1593],[3055,5126],[450,1469],[-1061,1418],[-1672,1145],[-2058,846],[-4501,-871],[-5112,-1369],[-868,-746],[-900,-3235],[-1768,-3634],[-3183,-522],[-4019,-2489],[-1801,75],[-1382,771],[-2218,572],[-5884,573],[-3440,1169],[-2219,1295],[-771,1169],[-1479,523],[-1929,-100],[-2669,1419],[483,2339],[1671,1045],[290,1319],[-1126,1170],[-675,2389],[1479,996],[97,1493],[-2444,1219],[-1125,249],[-3151,-398],[-1736,1145],[-1543,1991],[-3183,-25],[-1672,672],[-1254,1020],[-1736,324],[-3312,-1693],[-1832,1120],[-1254,0],[-2058,747],[-803,-1518],[-2155,-1469],[-1832,75],[-740,871],[290,1244],[-1769,249],[-257,1742],[-2154,200],[-2250,-921],[-1383,-1518],[-2604,-349],[-1222,-1294],[-1704,-572],[-997,-1294],[-1607,-274],[-1608,-1842],[-3118,-970],[-2830,199],[-2411,-1195],[-2540,672],[-2765,-1817],[-1736,0],[-1479,-1343],[-1093,-324],[-1125,-1767],[675,-3185],[-1157,-1792],[-1801,-299],[-1833,-946],[-5465,-2140],[-997,-821],[-321,-2364],[-740,-1344]],[[1732318,4055402],[-1029,1194],[0,249]],[[1731289,4056845],[258,199],[2089,75]],[[1727496,4056795],[353,299],[65,-50],[1929,-1095]],[[1728139,4056124],[-643,622]],[[1736273,4090542],[-129,99],[0,25],[32,25]],[[1736176,4090691],[161,-25]],[[1806394,4030391],[-97,-349]],[[1806297,4030042],[-482,75],[161,224]],[[1736884,4054481],[1318,-2290]],[[1738202,4052191],[-1125,-74],[-515,25],[-193,49],[-643,374]],[[1736144,4057069],[1415,25]],[[1737559,4057094],[257,-572],[-32,-100],[-707,-1095]],[[1803018,4054929],[32,100]],[[1784949,4055203],[643,-150],[32,-49]],[[1785624,4055004],[-160,-175]],[[1786107,4054780],[-161,99],[0,100]],[[1801475,4055452],[96,-25]],[[1801571,4055427],[-161,-299],[-96,-99],[-161,-25],[-257,199]],[[1736755,4087107],[322,598]],[[1737430,4087356],[740,-149]],[[1738170,4087207],[257,-224],[321,-498]],[[1739199,4086659],[32,50],[160,100],[258,25],[96,-374]],[[1739391,4086361],[-160,99]],[[1736144,4088874],[257,199]],[[1736401,4089073],[226,-49],[128,-125],[-32,-174],[-129,-149],[-450,298]],[[4632194,327384],[-193,-697],[1125,-1170],[257,-1468],[1769,-1543],[-290,-4455],[-2122,-1120],[482,-3334],[1608,-1892],[-32,-1866],[1736,-2589],[-3504,-2438],[-869,-1145],[-160,-3086],[-2315,-1518],[-1768,846]],[[4627918,299909],[-2155,2016],[-2765,572],[-5369,373],[-3118,-746],[-1383,1095],[-2829,-971],[-2218,-448],[-1769,448],[-1800,-249],[-2572,722],[-3022,1618],[-1640,25],[0,-1245],[-2411,-448],[-2926,-1667],[-2347,224]],[[4589594,301228],[-1833,1120],[-2411,871],[-707,1194],[-6334,1021],[-1447,622],[-2443,298],[-322,523],[-2186,274],[353,1593],[-2218,248],[354,1469],[-2154,1219],[-1415,-597],[-3408,1269],[-1190,2912],[-1929,821],[-996,1170],[64,4255],[-1543,50],[-804,1245],[-1447,-224],[-1061,1070],[-3086,672],[353,846],[-739,846],[-900,2389],[1125,2538],[322,3783],[-1865,921],[-450,1468],[-1608,847],[-514,1816],[675,1668],[2379,-25],[0,2065],[-1929,2489],[-1736,324],[1061,2015],[-2926,299],[418,1692],[-7941,871],[-1768,722],[1093,4853],[-2669,299],[-964,-4132],[-2637,299],[450,647],[-739,1842],[-2444,249],[418,1742],[1704,-175],[193,896],[-2861,324],[-354,1617],[-1607,573],[-2701,1593],[-3794,1070],[-5401,497],[675,3310],[-7555,797],[-1769,-921],[-1125,249],[579,2613],[-1801,174],[386,1792],[-3440,373],[-547,1344],[1801,896],[-1415,3285],[-1511,1543],[675,1369],[-2025,298],[-2154,722],[-2669,-672],[-386,-597],[-2154,50],[-1672,1966],[-578,1244],[-2219,1145],[225,2115],[1351,-174],[418,1618],[2411,-249],[3537,-996],[192,722],[3441,-373],[257,1319],[-1704,174],[225,1493],[2733,-249],[2154,548],[482,2240],[1350,-150],[708,3385],[4726,523],[1318,-125],[225,1145],[-3183,348],[-128,797],[-3280,-1419],[1383,5923],[836,-75],[514,2215],[-3633,-49],[418,1866],[-2090,1294],[965,1319],[2572,523],[-290,672],[-3536,572],[-450,548],[-2090,174],[-3022,672],[-676,-2987],[-1286,150],[258,1219],[-1929,523],[-1158,2016],[3569,1518],[514,1294],[-964,249],[386,1194],[-65,2364],[-707,1817],[965,1767],[8037,3235],[3923,-423],[803,3708],[4244,-398],[450,2389],[804,1668],[-2411,224],[739,1966],[1929,-1070],[1029,249],[515,2662],[3022,1618],[5240,-722],[611,2564],[-1479,622],[547,1941],[2122,-249],[-547,-2265],[3891,-149],[4051,-473],[128,1195],[3279,-324],[-225,-921],[2380,-273],[-354,-1469],[2540,-746],[3601,-398],[-257,-1145],[6140,-647],[-289,-1543],[1479,-174],[129,-2713],[1414,50],[804,970],[2668,-298],[-192,-1792],[1607,348],[868,2613],[772,996],[-418,1020],[4115,1195],[707,3310],[2926,149],[1415,-423],[964,647],[450,1518],[-1832,3285]],[[4564452,446068],[354,398],[2893,-323],[2251,-896],[4822,0],[1222,498],[10738,-1120],[-900,-4082],[1511,-1767],[2379,523],[2733,1145],[1383,1966],[2636,323],[965,-6744],[3118,423],[2058,-921],[1640,7640],[8745,-846],[385,672],[6688,-697],[2797,25],[1929,-597],[3633,-1941],[3504,-697],[-675,-3335],[4694,-448],[-225,-1145],[-1382,-447],[8520,-872],[-193,-1294],[611,-1418],[-322,-1717],[3054,-274],[-257,-1145],[2122,-970],[193,920],[1865,-174],[1157,-1070],[1093,224],[2701,-1493],[1961,-1966],[-2250,-1245],[1800,-2364],[-836,-1568],[-64,-1368],[7845,-896],[-2251,-10030],[2315,324],[6173,-324],[-418,-1991],[-1157,-1567]],[[4880816,391367],[2604,-1493],[-675,-2912],[-1897,199],[-643,-2662],[2733,24],[289,-1045],[1415,-597],[2025,299],[4212,-424],[547,-970],[9677,-1020],[32,472],[5144,-572],[-128,-796],[2572,-299],[128,-523],[5466,-572],[900,-3932],[-546,-2240],[418,-946],[2025,25],[-643,-1592]],[[4879916,334675],[-1351,-1119],[225,-647],[-2700,-473],[-708,-772],[-2443,-1045],[1865,-846],[289,-1145],[-1704,0],[-1543,697],[-3151,871],[-1833,-747],[772,-1518],[-3537,-398],[-450,-722],[-2025,1270],[-1993,-648],[-1833,-1219],[1093,-423],[-1800,-1891],[675,-871],[-290,-1071],[-1671,-2463],[128,-1394],[1383,-423],[-450,-946],[1639,-1219],[-1479,-747],[-386,-921],[-2089,-25],[386,-1468],[-1512,-398],[-578,-1170],[-1254,-746],[-1318,199],[-1737,-423],[-1768,-1070],[-7169,721],[353,2937],[-2797,274],[-900,1269],[-1961,498],[353,2911],[-675,498],[-4179,398],[-579,-149],[-611,-2090],[-225,-2788],[-2444,274],[-1800,796],[-2701,274],[-1929,796],[-803,-3011],[-7138,797],[-321,2015],[-1094,249],[-2732,3683],[1414,1319],[-546,2439],[-1286,1145],[-611,1717],[193,1145],[-611,1095],[2797,796],[-2154,2091],[-64,1294],[-2058,971],[-2347,199],[-2058,-548],[-2025,-1593],[-5852,-1144],[-1414,-946],[-997,1593],[-3826,398],[-675,-722],[-1929,349],[-386,-996],[-3922,-821],[-2315,-2140],[-1608,-448],[-2411,199],[-1125,-423],[-3505,1269],[-1447,-448],[-321,1667],[-1511,324],[161,1443],[-997,1120],[-3440,697],[-322,373],[0,2887],[1125,1668]],[[2151083,1127439],[-10771,-3384],[-5658,-54228],[-2122,-21677],[-46876,-27549],[-6495,11821],[-19933,-25061],[-5691,4679],[-41539,-24165],[-8905,-11398]],[[1569957,1362867],[2893,13513],[-25110,2862],[6302,31731],[3022,1468],[3055,-1244],[739,3708],[-4501,298],[5176,36161],[17587,-1045],[-515,945],[-1350,797],[-418,1518],[1157,721],[1801,2613],[450,1543],[2025,772],[2122,1518],[7588,-6172],[39642,23742],[-15850,14036],[-13118,11398],[2444,8785],[964,7839],[4308,12344],[933,7715],[32729,-2016],[27361,16923],[4179,2514],[10610,5997],[1350,1294],[1736,12394],[1511,10228],[2862,1991],[804,-721],[10191,9033],[708,747],[-2090,5923],[2636,1966],[31122,-1369],[868,14509],[25592,-373],[4051,2912],[1897,448],[24435,14484],[18487,10577],[-5659,4703]],[[3289800,2052749],[65,871],[-2894,3186],[-579,-50],[-2154,1717],[-257,1469],[-1640,398],[-1093,1219],[-1318,448],[-1125,1095],[-482,1842],[-2701,-622],[-1125,497],[-1254,2365],[-1511,423],[-1318,1991],[-1287,1319],[-1736,1119],[-836,-248],[-1125,1418],[-707,1767],[2218,1269],[-932,871],[2154,971],[-900,2165],[418,821],[1704,622],[675,1295],[-386,3036],[225,1369],[1061,1244],[-1318,1792],[321,2065],[44240,-4006],[-547,-3335],[19227,-1693],[30832,17496],[-1350,721],[-1576,-398],[129,8636],[2958,1667],[1897,25],[1865,-945],[3793,0],[3248,19013],[1832,-149],[9678,-7815],[3311,1294],[2637,1767],[2443,697],[1029,796],[2347,921],[643,1319],[1704,598],[-1736,2040],[-1897,1767],[-1318,1941],[-33,2190],[-385,1568],[675,1369],[2668,-498],[-289,-771],[1704,-398],[1479,-1494],[3697,-1717],[2090,25],[1061,1294],[1640,373],[353,2638],[1608,2116],[418,1742],[4212,1369],[4147,2463],[1929,548],[1222,-224],[5691,-2937],[1639,-1568],[2026,-945],[2572,-150],[9356,-1294],[5948,-448],[6108,-273],[3247,-374],[2926,-74],[4951,-498],[6656,-1518],[9163,-2638],[8616,-3733],[3151,-996],[1961,-248],[5241,99],[35848,4082],[0,19237],[0,40366],[51023,-25],[109731,25],[58579,-224],[119826,-299],[204447,-74]],[[4082254,2192936],[10674,-10478],[12603,-13115],[11606,-9780],[6816,-6794],[9678,-7914],[11992,-5824],[12346,-5126],[11189,-3758],[14210,-7192],[9035,-4281],[18165,-5550],[14821,-4778],[16783,-5326],[13986,-6420],[16750,-7466],[11253,-6546],[13343,-7416],[12474,-8412],[13375,-4852],[16268,-4978],[11478,-5126],[12571,-7989],[9935,-6545],[12378,-3858],[15143,-5475],[14628,-3558],[12636,-5675],[12571,-10626],[7491,-7143],[6173,-9058],[13246,-6396],[17586,-2364],[16172,-697],[14950,1244],[17008,5152],[7973,6843],[-1414,8387],[-7234,9880],[-6720,8063],[-6976,9856],[-3312,7391],[-386,13364],[1061,10079],[3987,6446],[6205,1841],[5176,747],[8585,-6296],[9838,-6197],[11478,-7964],[16879,-6296],[12892,-2588],[10642,-2539],[13793,-2613],[15529,-2862],[16397,-1095],[16493,-1418],[15014,-1195],[14918,-1767],[13761,-4355],[4373,-5177],[3504,-5549],[4147,-8088],[515,-8313],[-2379,-9058],[-2379,-6819],[-3023,-4853]],[[1250603,4287121],[2282,-298],[5112,0],[-900,-921]],[[1257097,4285902],[-2636,-1742],[-2058,-2215]],[[1252403,4281945],[-1254,-2613]],[[1251149,4279332],[64,-1493]],[[1252692,4274703],[1319,-971]],[[1254011,4273732],[1318,-1717],[1607,-1244],[1190,-199],[64,-1145]],[[1258190,4269427],[1865,-2041]],[[1260055,4267386],[1318,-2513],[129,-871],[-643,-1718]],[[1239253,4215398],[-9902,149]],[[2935209,318848],[-4662,547],[2669,9557],[-2733,8113],[-450,1742],[2926,14036],[-161,1518],[1447,10303],[-65,124],[7041,34468],[-25592,2190],[386,2215],[-964,3161],[-322,1966]],[[2914729,408788],[-2090,12792],[-418,2264],[-4083,199],[965,5550],[2186,11423],[-1929,174],[1093,10179],[1479,7814],[3954,22224],[5627,18491],[1768,-149],[3087,17744],[-193,124],[-21188,1742],[386,2340],[2251,-224],[1543,8610],[1929,9457],[2701,2638],[2186,11000],[22377,-1418],[-32,149],[23116,-1468],[2701,14334],[1800,8760],[483,21826],[32,10925],[5208,10851],[257,13463],[1929,10776],[1511,1693],[-900,3509],[-1189,896],[-10514,920],[2026,11224],[4822,2365],[23728,-2066],[4083,22995],[1093,-199],[193,1891],[2636,14236],[193,-25],[4308,21975],[9453,-996],[1575,9009],[290,2315],[-7492,647],[1158,5848],[2636,5201],[-225,448],[997,2887],[-3408,1966],[289,2265],[-321,2090],[1832,3061],[1833,921],[1832,373],[2058,1096],[5723,-1220],[2154,-1219],[2540,1368],[6044,-547],[3248,1493],[2314,13140],[-964,622],[-1415,3136],[-932,373],[193,1394],[2572,1867],[64,2513],[-707,3360],[193,2663],[-2058,995],[129,797],[3601,4604],[418,2812],[-1190,547],[-3183,473],[-1640,-75],[-2475,498],[-1158,846],[-4276,100],[-1382,-697],[-3022,1170],[-8617,6644],[-1993,623],[-1608,-50],[-1125,572],[-1511,2240],[-3923,-921],[-1896,50],[-2412,896],[-4083,274],[-836,1244],[-2347,100],[-1222,547],[-5465,1195],[-611,472],[1800,2365],[-610,1866],[-2026,3011],[482,1195],[-1382,697],[353,4455],[-160,5649],[-1222,2812],[-1415,2339],[-2411,2165],[-1286,2265],[804,1319],[-31637,2738],[2380,14932],[3761,22846],[26203,-2141],[7941,-672],[6238,36111],[16397,-1419],[5433,31557],[3762,-299],[2765,5301],[-997,2737],[-8970,5177],[225,796],[-579,4729],[-579,2364],[40703,-3584],[17812,-1617],[4212,23020],[32440,-2912],[6494,37479],[-8552,871],[3344,17968],[7813,-721],[5272,-1070],[2605,-1593],[3633,-1145],[2122,-2514],[2668,-1244],[1608,1319],[2572,-224],[1414,423],[3505,0],[1093,-497],[2250,2015],[2540,-199],[-64,1892],[3376,2961],[739,2464],[1962,697],[1543,1891],[1157,2364],[1961,1792],[1029,-921],[1736,523],[708,-523],[3150,896],[2283,1369],[2508,-149],[1222,572],[289,1145],[2154,971],[3472,149],[-321,1966],[2765,1394],[2701,970],[2250,-821],[1125,498],[-1093,895],[-1157,2016],[32,896],[1254,971],[2893,50],[1479,-672],[3151,373],[1222,-274],[1929,2787],[2283,1867],[4083,1643],[2025,2239],[-1221,1369]],[[3569577,804187],[6205,-12518],[1736,99],[418,-846],[2186,-25],[-193,-2936],[-1639,-1369],[2604,-5276],[868,-1045],[26621,-2315],[-322,-3783],[-1575,-1742],[1768,-4280],[965,-5674],[-5176,-3036],[-225,-2713],[-1769,-2439],[-2636,-1294],[-2058,-2140],[-2861,-199],[1222,-3509],[-2155,-3261],[-2636,-1816],[161,-3385],[-675,-4952],[225,-1941],[-1093,-1842],[-1576,-1195],[2444,-2165],[1511,-6047],[-2315,-3186],[-2026,-2115],[933,-722],[5498,-622],[2186,-697],[1286,-2115],[7073,3832],[3279,672],[18069,1070],[1576,1220],[1318,373],[386,1269],[4790,1419],[8777,-423],[5273,-1543],[2733,-274],[8102,1195],[8455,-249],[-450,921],[129,1816],[8648,-3608],[2155,-1692],[3022,-1270],[6269,-1841],[450,-299],[3698,3857],[-483,2390],[12153,-1021],[-193,-1070],[-5690,-1767],[4501,-1667],[1414,-3609],[-675,-970],[-2122,-1543],[483,-697],[3568,124],[3891,498],[964,-149],[2572,1120],[1383,-324],[1029,796],[1157,-1219],[1897,-124],[1961,448],[1029,-299],[1254,7292],[14564,-1220],[-225,1170],[2894,1170],[6591,-498],[1704,-1593],[8069,-672],[611,846],[3505,-298],[1543,-871],[2250,298],[1029,-448],[2476,1369],[-450,348],[3343,3485],[17362,-1742],[0,99],[14211,-1394],[-836,-1543],[5594,-2065],[-3119,-15505],[-5305,-3459],[-10256,-1891],[-353,1991],[-4534,1045],[-2315,-249],[-1478,-7117],[-4662,472],[-1093,-5101],[-2026,149],[-5787,-3932],[-5980,-3136],[13568,-1344],[-4309,-2712],[-2154,-2265],[-964,-373],[-997,-1618],[64,-1518],[-1446,-3111],[2604,-274],[-740,-3608],[2508,-249],[-997,-4803],[-3054,522],[-772,-3757],[1511,-150],[-1286,-6122],[-8423,821],[-965,-4554],[11157,-1170],[-1672,-8187],[-1286,-25],[-225,-1170],[-6688,-4952],[1222,-7168],[322,-7242],[-740,-3558],[-1254,-1568],[-2250,-1170],[161,-1642],[3633,-349],[3086,-3484],[-29804,-8611],[1511,224],[1865,-1891],[1897,274],[1350,-1195],[-7684,-2613],[7845,-16450],[5530,-12195],[4823,-5052],[5851,-10402],[-289,-946],[1607,-1070],[32,-1966],[-868,-1767],[-3311,-224],[-2476,498],[-1543,995],[-4340,-1194],[-3666,-523],[-514,-498],[225,-2339],[4630,50],[2090,-299],[-708,-1468],[-2797,-1568],[1833,-1717],[193,-1568],[3054,-1444],[1125,399],[322,1244],[1447,249],[2925,-100],[3601,-746],[740,-871],[1736,-150],[-39321,-28968],[11735,-7665],[-8938,-6570],[-4083,-2638],[-7362,-3907],[-2251,-1667],[-836,-75],[-5723,-2937],[-4565,-4803],[-547,-746],[-2025,-1095],[643,-2439],[-2797,-3260],[-4759,-5923],[-514,-2265],[3344,-4455],[4340,-3832],[129,-896],[4822,-4729],[-900,-4554],[1608,-2140],[-2637,-14982],[-2282,-12095],[-1286,-6271],[-1190,-722],[-1350,-25],[-483,-1568],[-996,-697],[-1511,125],[-2315,-3012],[-161,-1543],[-868,0],[-2990,-2886],[-1286,-573],[10674,-945],[-1672,-7914],[13503,-1394],[-707,-3683],[-3247,-15231],[-22023,2066],[-901,-1145]],[[2452368,3008695],[-772,-398],[-3697,298],[-1511,-970],[-3022,1120],[-1640,-722],[-2636,-100],[-2090,-1543],[-1640,-1742],[161,-746],[1929,-697],[-257,-2489],[-579,-2737],[-1414,-199],[-708,-1245],[-1350,50],[-1479,821],[-2218,-249],[643,-920],[-1640,-1767],[-4083,49],[-1640,697],[-1640,-2912],[675,-1095],[-1800,-398],[-2668,-2040],[-1833,1567],[-1993,200],[-1190,1194],[225,1867],[-997,995],[-4179,871],[-418,1070],[-7331,523],[-739,-772],[161,-1493],[-643,-1294],[-3698,274],[-836,1841],[-1093,971],[1544,572],[321,1643],[-1543,448],[161,1369],[-3762,224],[611,1891],[1061,1369],[1414,1045],[-7909,523],[193,2737],[-5465,373],[-65,-622],[-1800,-1344],[-2090,-2762],[-739,-5525],[900,-1692],[1961,-25],[707,-871],[1318,-498],[772,-1145],[1254,-672],[1897,25],[1832,-871],[-1993,-14583],[1061,-199],[868,-2165],[1415,-648],[643,-1319],[-933,-995],[740,-1045],[-932,-896],[2700,-3733],[290,-1220],[-418,-1119],[385,-1046],[1126,-771],[-1093,-946],[-386,-1966],[2475,-1443],[1576,-2788],[-579,-1219],[-1061,-373],[-1833,497],[-1704,-746],[-450,-1369],[386,-1344],[-1350,-1543],[1222,-1269],[-676,-548],[-1511,1046],[-1704,-598],[32,-1070],[-1318,-1916],[-1607,-299],[-579,-2015],[-2701,-175],[-964,-597],[-4694,-1966],[-3472,-324],[-869,-1095],[804,-1791],[-418,-1792],[-1672,-448],[-2025,921],[-1447,-50],[-2733,-1842],[-1704,50],[-2925,-423],[-2508,597],[-1190,-1319],[740,-1468],[-1833,-2688],[-3215,-25],[-1736,-323],[-1833,298],[-2090,-945],[-2218,-224],[-1157,896],[-2251,199],[-482,-672],[1640,-1120],[-1608,-697],[-1061,199],[-3086,-2663],[1221,-1617],[32,-1718],[-4018,-3160],[-2862,-1867],[161,-4429],[-1158,-2041],[933,-1394],[386,-2215],[-2508,-373],[64,-2887],[740,-2563],[-1576,0],[-257,722],[-1865,223],[-2282,1245],[-2605,124],[-2765,1195],[-1896,-75],[-33,-697],[-2797,-1966],[-2090,-572],[-2089,-971],[-997,-1120],[-1511,-622],[-2219,1021],[-6205,-374],[-3375,-945],[-1769,-1867],[-2122,-274],[-1897,-1144],[-1704,-50],[-2700,-1518],[-4501,-896],[-1994,25],[-2282,-548],[-1094,-1866],[-1479,-1668],[-32,-5350],[-2861,-971],[-2154,-323],[-4276,-2215],[-3505,896],[-2282,298],[-740,1245],[-1961,-175],[-868,-2563],[579,-722],[-1286,-2737],[-2219,-75],[-836,-697],[-32,-1543],[-2025,-995],[739,-3459],[-1254,-1643],[-997,75],[-225,-1269],[901,-498],[-225,-2091],[771,-572],[-23631,1642],[-2636,-36707],[-3601,-17993],[-804,-4405],[-2154,-14086],[-932,-4853],[-804,-5326],[1383,-1742],[385,-1468],[-385,-3435],[-611,-2538],[1029,-373],[-901,-1867],[-257,-1891],[1061,-2116],[289,-1319],[-1221,-2812],[96,-1667],[-482,-2514],[-868,-1866],[-2026,-3435],[-1704,249],[-4501,-3459],[-7845,-1618],[-482,50],[868,3360],[-4019,1369],[418,4305],[-4469,174],[-8841,-5126],[-1029,-7242],[-868,-5102],[-1383,-9258]],[[1481349,2378963],[-72982,5003],[-3923,-31258],[-4404,-33273],[9677,-623],[-3376,-28321],[-2572,-21676],[-2250,-18814],[-2219,-18242],[-3601,-29565],[14404,-921],[-3183,-26256],[997,-49],[-3923,-32054],[-4630,-747],[-868,75],[-675,-3609],[-418,-3633],[1222,-75],[-1865,-16176],[-1414,124],[-7974,-12344],[17201,-1294],[-2733,-19038],[-7684,572],[-3247,-22920],[-6109,497],[-2025,-17022],[-1190,-10527],[-28550,1842],[-1286,-5799],[12442,-821],[-1736,-13987],[-257,50],[-2958,-24214],[10578,-573],[-1736,-16549],[-29643,373],[-32151,4529],[-3344,-1941],[29064,-24688],[-23695,-14036],[8906,-672],[-3665,-26305],[-13503,-7914],[11381,-796],[-547,-4330]],[[1310885,1900966],[-353,-5600],[-483,-10328],[-1511,100],[-64,-1021],[1511,-497],[-546,-10726],[-451,-11000],[-2797,-14211],[-2925,-15180],[-35077,2140],[-63916,3932],[-482,-3932],[-51345,3210],[1093,9009],[-23952,1518],[-7974,-48578],[-55813,1866]],[[4743468,463016],[193,1369],[2218,846],[257,2264],[-1479,1319],[-2122,498],[-2025,-74],[-1351,-822],[-5626,1070],[-1447,772],[-1897,-647],[-1093,448],[579,1070],[-322,2265],[-4533,647],[-1157,-125],[-1061,821],[-643,1942],[64,2439],[1800,1244],[1704,2140],[-578,1120],[2990,1419],[643,970],[-547,1618],[1190,2737],[-804,1120],[579,1269],[2829,2613],[1286,523],[740,971],[1414,547],[1929,1817],[1415,647],[-1383,1692],[3280,3211],[-1447,2289],[-1383,3932],[-771,996],[643,871],[64,2414],[1029,323],[321,1270],[-2668,-224],[-2604,248],[-3247,1469],[-3923,348],[-1929,523],[-2090,-573],[-1286,75],[-1029,1443],[3473,1419],[-418,2812],[-675,1593],[-1865,2165],[5562,-523],[129,697],[-1512,871],[-482,1095],[997,399],[1865,1791],[-193,1494],[1607,671],[-739,2016],[193,1095],[-1126,573],[-64,1617],[-1929,1245],[-1286,1891],[-1222,1195],[1029,1841],[97,1269],[-2219,299],[97,1593],[1382,846],[-1222,1095],[-2122,-498],[-836,249],[-1800,-946],[579,2464],[-5112,1319],[482,1195],[1800,-199],[1351,398],[739,1344],[1479,1418],[-96,1941],[1157,1344],[965,100],[643,1269],[1286,821],[1639,374],[-8102,871],[1672,1493],[32,1966],[3569,-398],[97,547],[3118,-323],[225,1991],[-643,622],[-225,2190],[-2057,2041],[-1383,821],[547,622],[-2444,2190],[257,2439],[-1286,1170],[193,1045],[1704,423],[1865,1020],[-2090,2837],[2251,622],[739,1618],[-804,274],[129,2215]],[[4721187,592128],[6302,-772],[-740,-1518],[4051,-498],[3826,647],[1801,-746],[803,-1269],[1254,423],[1994,1717],[3311,-2066],[1158,4729],[1961,-1419],[611,2638],[1864,-224],[1319,-647],[2732,-298],[-707,-3061],[3633,-896],[-611,-2315],[1736,-1194],[2862,199],[1254,522],[2089,-1045],[2251,-2265],[-96,-672],[2057,-2289],[1447,-199],[1093,-1469],[1993,274],[3023,-771],[1672,473],[-483,-2240],[2122,-224],[-257,-1269],[3858,-424],[-868,-3981],[-3633,373],[-386,-1792],[322,-1817],[1897,-199],[-547,-2140],[5144,-547],[-964,-4157],[-1351,-846],[-2218,-672],[-1061,-4952],[5112,-523],[3697,598],[1833,-1195],[2315,672],[1704,1020],[3086,-25],[2058,-373],[1222,-1145],[2925,-796],[6109,-672],[579,-597],[2540,-1021],[1704,-1567],[2700,1095],[997,-1444],[2250,-1120],[1061,398],[4694,-423],[2765,1444],[1704,-25],[515,3185],[7812,-771],[2187,-1394],[1189,-199],[579,-1145],[1350,125],[2251,-946],[3601,1842],[771,1642],[-192,2240],[2411,1493],[64,697],[19291,3634]],[[4871589,557934],[3408,-9184],[3183,-7018],[3954,-6097],[3537,-4604],[2540,-2663],[1286,-1767],[1157,-2389],[97,-2638],[-1865,-1244],[-804,-1319],[-2154,-1120],[-3215,0],[-1672,-498],[-3087,75],[-10866,3484],[-965,-249],[-3119,473],[-4533,-846],[-2443,-1145],[-10160,-4256],[-3922,-4803],[-2026,-3683],[-2250,-2389],[-322,-1220],[-1640,-970],[0,-1145],[-1575,-1642],[-322,-1593],[804,-2265],[1640,-1742],[1029,-224],[3086,722],[2411,-797],[5530,-1194],[2444,-299],[1704,-622],[3086,722],[1962,821],[3022,2315],[1318,-1942],[-129,-2563],[901,-921],[-869,-1070],[-417,-2588],[868,-1568],[-836,-423],[-1254,-2638],[-1061,-3957],[-1833,299],[-3086,995],[-1672,-746],[-868,248],[-5787,-5773]],[[4774879,569257],[2218,-199],[-482,348],[-96,473],[257,50],[-64,249],[514,298],[-64,175],[-515,149],[-353,-75],[-193,-323],[-965,-75],[-257,-1070]],[[402207,3019570],[-3119,-497],[-1640,771],[-1061,1070],[-1157,2140],[-1640,100],[-1189,-572],[-868,2911],[-1544,1469],[-803,1319],[257,1095],[2025,99],[1897,-1941],[2090,-896],[1350,-1443],[4084,-1942],[1093,-1742],[2443,-2090],[3569,-1792],[386,-1344],[-1158,50],[-643,846],[-2700,-124],[64,1269],[-1736,1244]],[[443135,3029276],[-740,1244],[1640,-1194],[-193,-274],[-707,224]],[[410984,3033034],[257,-1244],[-1125,-1120],[-611,746],[-2186,-74],[257,2414],[2058,-50],[1350,-672]],[[387482,3032337],[-1576,398],[1544,100],[643,-772],[-611,274]],[[439309,3041819],[96,722],[836,-473],[-289,-473],[-643,224]],[[342438,3058717],[2830,-1220],[1061,-2140],[-676,-473],[-1671,1419],[-1511,124],[-2444,2290],[1736,871],[675,-871]],[[343982,3064665],[193,-174],[0,-1046],[385,-323],[-96,-324],[-2251,-970],[0,423],[-578,722],[-33,348],[1930,1369],[450,-25]],[[361793,3065835],[225,-324],[-64,-75],[-32,125],[-129,274]],[[355170,3077606],[8649,2538],[1446,846],[1190,-647],[1125,-2314],[2605,-1219],[1028,-1170],[-1671,-1593],[-1640,398],[-1801,-25],[-1414,423],[-2187,-821],[-900,423],[-1382,-1393],[-708,124],[-2861,-921],[-1800,-1543],[32,-1418],[-1126,647],[-1028,2115],[-322,1991],[1254,1891],[193,1593],[1318,75]],[[367612,3083305],[-128,99],[450,-99],[-64,-25],[-258,25]],[[371792,3085122],[0,-150],[-96,-149],[-97,-25],[193,324]],[[372564,3087088],[643,74],[-65,-74],[-675,-150],[97,150]],[[369767,3091094],[450,-423],[64,-398],[289,-124],[-1061,-299],[-1093,100],[-321,473],[128,746],[579,498],[965,-573]],[[416128,3094902],[514,-821],[1608,-797],[0,-671],[-386,-150],[-514,249],[-418,697],[-933,224],[-64,1070],[193,199]],[[375875,3094653],[772,-647],[32,-224],[-193,349],[-1061,721],[-225,747],[386,-50],[289,-896]],[[368288,3101671],[-129,1643],[1383,1991],[321,1742],[2026,1941],[6237,3683],[1993,-174],[2090,-572],[1286,-1095],[-836,-3385],[-1157,-1344],[-97,-821],[1286,-2787],[354,-1593],[-2572,-2240],[-2154,-75],[-1897,-995],[-1543,-1369],[-290,-946],[611,-1816],[-2894,199],[-1993,-374],[-2186,-1343],[-97,1119],[901,1394],[1318,3534],[-1061,2912],[-900,771]],[[412270,3214333],[-193,-722],[514,-323],[-32,-274],[-1446,-1842],[32,548],[-675,1344],[1093,-25],[578,274],[-450,921],[579,99]],[[413267,3214408],[257,-125],[-225,-174],[-225,199],[193,100]],[[404554,3221973],[-418,448],[64,224],[354,100],[193,-150],[-193,-622]],[[500106,2999362],[-32,498],[-290,124],[1447,1245],[-353,1194],[385,274],[868,-622],[804,149],[290,249],[353,-75],[-32,-447],[-514,-672],[-1286,-996],[289,-174],[-321,-199],[-322,74],[193,-1468],[-193,-149],[-836,298],[-611,-248],[129,273],[-450,324],[482,348]],[[517982,3003319],[2990,1469],[193,1543],[-643,1567],[1800,1394],[708,1593],[1157,597],[257,1319],[-643,1568],[740,1219],[2572,-995],[1511,-1767],[353,-971],[-1768,-1095],[-289,-1120],[-1318,-1095],[-3087,-4355],[-1929,-2463],[-482,-1095],[579,-1394],[64,-3011],[-1511,622],[-1254,-199],[-2315,2165],[-482,3857],[2797,647]],[[446703,3012204],[-5980,921],[-32,746],[2637,75],[4115,-1220],[-740,-522]],[[452008,3006380],[-1318,1568],[-739,2588],[3440,-522],[2765,174],[3311,1145],[3408,3185],[3955,1518],[2218,1518],[836,2614],[-353,920],[1157,2365],[1961,74],[2926,-448],[707,822],[2412,522],[2218,1593],[1286,1443],[-225,1145],[611,1842],[-804,1443],[547,1319],[-1158,2489],[1158,174],[836,-722],[2411,-871],[418,-1393],[996,-1195],[4244,-3434],[2862,-1668],[2283,-1767],[1575,-1667],[1672,-871],[2604,124],[-579,-1294],[-1575,-1642],[546,-2539],[1897,-3285],[901,-1095],[3375,-2115],[1126,-2315],[-2315,-124],[-2412,-622],[-2443,-1170],[-772,224],[-4147,-224],[-5016,-1120],[-1639,-1020],[-418,-871],[-1511,-1095],[-643,-1045],[-1769,796],[-2411,498],[-4115,-274],[-1865,771],[-482,1444],[739,1742],[-1093,1095],[-4115,124],[-7524,-1518],[-1478,199],[-1640,-672],[-611,-1966],[-1286,-1518],[129,-2115],[-2830,199],[-932,722],[-289,2165],[-2926,1891],[-97,1742]],[[446093,3024946],[321,174],[772,-75],[-257,-149],[-740,25],[64,-349],[-578,-1020],[-997,-348],[-129,99],[1029,299],[290,622],[-33,498],[258,224]],[[593665,3103314],[257,99],[-129,-199],[-96,-25],[-32,125]],[[594340,3103986],[-161,-299],[-64,-25],[-64,125],[289,199]],[[592411,3105255],[-3086,-597],[-676,149],[2058,1419],[547,49],[1832,-323],[64,-398],[-739,-299]],[[465898,3110058],[1382,473],[1479,1369],[3344,945],[836,623],[1832,-299],[1286,-1568],[193,-1045],[-1286,-647],[-1929,-2588],[-418,-1643],[-4083,-1991],[-2669,373],[-1093,548],[193,1468],[-836,349],[1769,3633]],[[470592,3113368],[-161,-25],[418,174],[-65,-174],[-192,25]],[[470206,3114040],[321,-25],[-161,-398],[-353,-100],[-772,249],[-353,373],[-33,424],[1094,-200],[257,-323]],[[602731,3116678],[-450,1767],[2154,846],[676,-1020],[2957,-871],[-2604,-1270],[-1768,-1493],[-1608,100],[-2282,-1070],[-1672,-2414],[128,896],[-1768,2140],[836,1020],[2508,-25],[1382,299],[1511,1095]],[[446125,3120759],[482,-697],[-514,-149],[-193,-796],[-354,-50],[-547,-498],[-450,598],[643,572],[-321,821],[836,1319],[321,75],[97,-1195]],[[475446,3127852],[65,75],[193,-75],[-129,-100],[-129,100]],[[403879,3099456],[-2444,-373],[-3408,-1394],[-1093,-174],[-900,1245],[-32,1070],[-965,2090],[-1736,1269],[-2733,473],[450,2016],[2154,1618],[-418,696],[-2797,-1368],[-836,-2738],[-1929,-99],[-1189,3409],[707,1891],[-193,1767],[-1254,2439],[-996,573],[-3055,-374],[-2282,473],[-2187,-348],[-1286,473],[-1189,1941],[-129,2339],[-1350,2464],[-1351,1120],[1094,1244],[1929,1493],[771,1568],[-418,1842],[2540,1692],[2154,1045],[1897,1494],[3247,1916],[2926,1394],[3151,2065],[2090,2713],[160,1045],[-1286,1369],[2508,2688],[-450,1169],[3472,1444],[2219,1269],[1350,1269],[643,2514],[-675,920],[2283,772],[2282,1219],[2637,647],[4887,2340],[3729,1592],[2476,2564],[1254,896],[2411,921],[1993,24],[3119,-995],[2476,-224],[4661,871],[2701,1120],[1254,-1468],[3344,-1170],[611,1020],[-3794,971],[-450,348],[1318,1543],[5337,274],[2283,-124],[4404,1070],[7106,448],[2411,-548],[4790,-149],[3633,174],[3505,672],[2379,896],[64,746],[2540,847],[965,1244],[4147,1468],[6237,1668],[2926,970],[2604,1145],[933,1244],[-354,1394],[1736,348],[2315,1444],[2186,-1070],[4148,-822],[6494,-472],[4726,-772],[3826,-4255],[2798,-1319],[2764,-1743],[3151,-3011],[2733,-1244],[3119,-324],[3601,175],[1864,-548],[901,-1244],[-804,-1618],[643,-1294],[1865,547],[1318,-174],[868,-2140],[1575,-498],[1158,-2538],[-965,-1966],[225,-3509],[-546,-971],[1028,-746],[2637,-921],[643,-2763],[-1865,-448],[-1672,125],[-3954,-249],[-483,2314],[-1543,1519],[-3569,373],[-4276,-324],[-1575,-1393],[-2926,-423],[-1286,-1270],[-1768,150],[-1961,-523],[-1383,-1020],[-2572,-797],[-6559,-3459],[-900,896],[225,1294],[-1543,1070],[96,2389],[-2893,996],[-322,1742],[-771,1095],[1447,2240],[-804,1120],[-1897,1070],[-3022,771],[-1093,797],[-451,1468],[1351,697],[-547,846],[-5787,-1792],[-514,-1692],[-1254,-1792],[-1704,-871],[-740,-871],[1061,-846],[-707,-1245],[-3697,349],[-1962,-224],[-1253,1020],[-1512,50],[-1511,-697],[-2154,-2041],[-3794,-199],[-64,797],[-1447,174],[-1929,-1444],[-193,-1294],[933,-199],[2379,-1941],[1093,-1394],[2411,-423],[2412,249],[1800,523],[2733,-50],[514,-423],[418,-2538],[-418,-1270],[-2443,-1742],[-32,-1991],[-1865,125],[-418,1120],[-1254,970],[-225,1195],[-1993,1045],[-2862,-224],[-2636,-846],[-4469,-2414],[-964,-2091],[3150,-348],[1833,-747],[418,-1095],[-1543,-4081],[1736,-1817],[32,-1020],[-2122,-2812],[-1575,-249],[-1608,448],[-2540,-50],[-3279,-622],[-322,-1070],[1061,-224],[579,-1369],[1640,-995],[1093,-1543],[-418,-1270],[-32,-2588],[-2701,-647],[-643,-597],[-1479,398],[-6302,224],[708,1717],[-2251,2190],[32,722],[-1897,2489],[-1286,945],[-1864,349],[-2958,2961],[-2090,647],[2797,1892],[-1865,398],[-2315,1642],[-2186,598],[-964,-274],[225,-1170],[3086,-1841],[129,-896],[-1736,-125],[900,-1866],[32,-3758],[289,-1070],[2701,-2141],[-1029,-1692],[-2893,-1966],[-1093,-1692],[739,-1593],[-836,-597],[-2636,2140],[-3215,597],[-322,-721],[1704,-1294],[-225,-1494],[-1832,-1418],[-3183,-1817],[-2219,-1767],[-1061,-149],[-2572,-3235],[-964,-1718],[-804,-99],[-2122,1493],[-1190,-224],[-2475,-1195],[-1897,-1244],[-2090,622],[-2186,-273],[-1961,497],[-1254,1493],[-4276,249]],[[582991,3154804],[257,274],[257,-299],[-289,-25],[-225,50]],[[584791,3157442],[-96,-373],[-1286,-299],[-772,-746],[64,771],[-1446,1120],[418,622],[2057,-995],[740,74],[321,-174]],[[548654,3161648],[2250,672],[1222,1443],[225,2091],[1640,1792],[2925,-324],[1190,-1045],[-514,-1394],[418,-2613],[1575,-1468],[-643,-1593],[257,-2090],[-450,-1991],[-675,-125],[-1350,2116],[-1479,597],[-2122,-324],[-1447,175],[-2154,2264],[-868,1817]],[[772,1987148],[-33,34169],[-32,36186],[-32,38649],[0,33696],[-32,36185],[-32,36185],[-32,36186],[-32,36185],[-33,36185],[0,36210],[-32,36185],[-32,36210],[-32,36185],[0,18093],[0,20606],[64,24016],[-32,27748],[-32,36161],[-32,36185],[-32,10104],[-32,33273],[0,21726],[-33,53283]],[[2914729,408788],[-4855,-1767],[-45847,5226],[-4212,-746],[-12763,1443],[-12218,1742],[-11156,1344],[-12346,1170],[-12860,1095],[-18937,1916],[3215,20009],[3054,-374],[3183,18516],[-27199,2165],[1929,3235],[2218,15306],[2122,13314],[225,1916],[-2090,175],[-1414,995],[-3248,249],[322,1792],[-2637,224],[-289,-1842],[-23309,1767],[-16236,1244],[2668,17346],[-2090,349],[-45557,3210],[-29611,2116],[2604,17644],[-50991,2812],[-32,-124],[-21220,1170],[-5884,597],[-9966,846],[-47584,3484],[-3761,-21303],[-27618,2290],[-160,149],[-8392,523],[-16332,1319],[-2765,0],[-804,-4803],[-6430,497],[-579,-3384],[-7427,945],[-6494,573],[-30479,2140],[-4148,25],[-49866,3957],[-12281,1070],[1382,8238],[-1961,149]],[[2333603,540737],[611,9307],[-225,2439],[386,299],[546,8362],[547,6844],[0,3086],[418,945],[514,4505],[2026,15280],[1864,12419],[8295,-498],[1222,99],[5626,-547],[579,3832],[64,1892],[611,1443],[965,5625],[643,323],[-2508,4480],[-4244,1244],[-5048,4803],[-1575,2987],[-193,1916],[-932,1070],[1447,572],[8777,4331],[7330,1543],[2026,11871],[4179,24140],[-15657,1319],[4951,28545],[-129,472],[1704,9706],[-4919,-149],[-10320,647],[5466,36857],[17811,-1443],[900,5798],[2090,12792],[2958,16699],[12571,-1170],[3183,15778],[-4598,423],[1833,10702],[193,-25],[3054,17794],[2026,12742],[-2380,174],[3601,18341],[611,3584],[997,7192],[707,3484],[1383,8462],[1575,10452],[2540,15604],[547,2613],[739,846],[-96,1145]],[[1257515,4087306],[0,224]],[[1259187,4088078],[-1222,-2762],[-450,1990]],[[1190673,4140464],[65,-746],[-1576,-1767],[515,-1394],[-2476,-647]],[[1183632,4135711],[-4211,25]],[[1179421,4135736],[-2926,-722],[-3151,-1866]],[[1173344,4133148],[-321,-1319]],[[1253786,4129688],[-579,-1368]],[[1253207,4128320],[-2604,846],[-1447,921]],[[1249156,4130087],[-1093,-423],[-1061,-1270],[-1158,249],[-2186,-448],[-4051,-1319],[-1768,822]],[[1237839,4127698],[-1736,-299],[-2219,323],[-1704,-821],[-1479,-1394],[-836,150]],[[1229865,4125657],[-1189,1642]],[[1228676,4127299],[32,1095],[-1029,1145],[-1865,1095]],[[1225814,4130634],[-4115,-299],[-707,1145],[-1319,672]],[[1219673,4132152],[-3568,473],[-2444,1792]],[[1213661,4134417],[-386,1120]],[[1213275,4135537],[290,2339],[-1543,-75],[-772,971]],[[1211250,4138772],[547,1593]],[[1211797,4140365],[-2862,1642]],[[1208935,4142007],[-3858,-348],[-1768,995],[-1254,1145],[-4148,797],[-2025,1144],[-1672,423],[-2283,-124]],[[1257708,4089646],[386,-50],[418,-498]],[[1258512,4089098],[-161,-647]],[[1257386,4089049],[0,224],[33,348],[289,25]],[[1206427,4156317],[-1028,846],[-547,299]],[[1255715,4128096],[-290,-50]],[[1255425,4128046],[1318,1742]],[[1256743,4129788],[-64,-747],[-96,-224],[-868,-721]],[[4855352,752671],[-1704,-4280],[-3858,-10826],[-1704,-5400],[-2893,-11124],[-836,-4605],[-289,-6296],[643,-4803],[1896,-4629],[2026,-2837],[1543,-1568],[1543,-697],[2605,-547],[2475,1717],[1479,-75],[836,623],[2572,-871],[-418,-1568],[675,-1394],[-932,-1742],[-1736,-5948],[-2572,-9532],[-579,-4031],[-997,-5127]],[[4855127,667111],[-4404,747],[-322,448],[611,2787],[-4437,647],[2026,1767],[964,1593],[290,2314],[-1994,-348],[-4019,622],[-2057,1095],[161,1219],[1575,1767],[1318,150],[-964,1617],[-3441,399],[-610,-2813],[-1672,199],[-2476,-373],[-1993,25],[-7073,747],[-450,1144],[-2862,473],[-3311,-398],[-6495,697],[-418,-2016],[-6012,772],[-418,-1842],[-2926,373],[-96,-473],[-4405,498],[-1447,-1543],[-1607,-373],[-2894,-50],[-1125,-771],[-2411,-249],[-2283,-1792],[32,-1891],[-1865,771],[-2797,299],[-514,-2165],[-5144,-1817],[-2347,-1294],[-708,672],[-2572,-1319],[-2475,-847],[-354,-1667],[-4051,299],[-643,921],[321,1418],[-1543,1717],[-1704,1120],[322,1468],[-4855,523]],[[4423406,806775],[-1318,771],[-1640,175],[-2379,-1294],[-3472,1269],[-3215,323],[-4148,1643],[-3601,1966],[-8487,1319],[-2572,99],[1446,3783],[-1318,946],[707,1070],[-3118,1817],[1029,2140],[-2733,50],[-1093,896],[-2026,-498],[-1029,647],[-1253,1916],[-2669,324],[-2218,1169],[-2765,-124],[-1190,-1269],[-3665,-1170],[-1479,174],[-1318,1120],[-6623,747],[-1929,-523],[-2412,1095],[-2379,-448],[-868,573],[-2540,-548],[-1254,324],[-2250,-548],[-2862,-13090],[-2925,-125],[-1576,1220],[129,1244],[-1158,1394],[-1286,149],[-1479,-1418],[-160,-797],[2604,-1120],[289,-1319],[-1318,-1319],[772,-547],[2315,572],[2379,-697],[321,-1045],[-1897,-4405],[933,-2190],[-1929,-2115],[-2669,-1493],[514,-2066],[-1800,-547],[-289,-2688],[-1093,-722],[-1897,274],[-290,-722],[258,-2364],[-1576,-423],[-27778,-1543],[-8713,896],[-2122,-1518],[-2701,74],[-5144,-3459],[290,-1045],[1832,-1369],[-354,-1568],[-996,-473],[-4405,-3758],[-1382,-1816],[-3151,-1867],[-3537,1245],[-2765,-274],[-1575,647],[-8391,921],[-31122,3111],[-3055,149],[-2411,821],[-7781,1020],[33,-1343],[-643,-3559],[-2315,-2016],[-322,-1145],[2122,-1020],[2604,522],[193,-1368],[-771,-1518],[514,-498],[-11446,-1468]],[[4206645,767131],[-1607,373],[-2058,2489],[-2636,-747],[-3472,-125],[-2669,274],[-2443,622],[-5337,1991],[-1769,1494],[-611,2862],[-2089,2488],[321,1568],[-2926,3011],[-1511,3982],[-1865,921],[193,921],[-7008,-1518],[-3987,970],[-5562,-771],[-1833,323],[-2058,1693],[-2025,224],[-2604,-1046],[128,-1095],[-803,-1667],[-17458,-9208],[-19162,1866],[-2926,5077],[1447,1518],[193,946],[-900,747],[-2380,846],[547,896],[-1254,2563],[-2122,1792],[-1093,2364],[-2154,224],[-5755,-99],[-2958,223],[-1350,-199],[-1897,-1045],[-1704,100],[-3955,2712],[-3665,374],[-2861,547],[-2894,149],[547,1593],[-450,1493],[-1222,1991],[-129,1618],[3408,3534],[354,1493],[1414,2140],[33,2165],[-1704,1792],[-451,2240],[515,1568],[2315,921],[1897,1717],[546,1891],[1222,1941],[-1125,1618],[-5241,4928],[-2250,846],[-451,1617],[-4083,1693],[-2733,2588],[2476,572],[-4115,3684],[771,1841],[1190,1145],[3086,224],[2155,2389],[-901,1518],[-257,3161],[450,3036],[-4726,1618],[-2058,2638],[1061,2588],[1704,1617],[1447,324],[64,1294],[2283,1966],[64,772],[-1607,622],[-1029,1667],[-450,3036],[-13568,1369],[-6687,398],[-1897,2290],[-4823,1319],[-2925,-299],[-2637,-547],[-2314,298],[-2573,-323],[-4372,-921],[-2251,1170],[-4308,1169],[-2668,1892],[-3698,5525],[-643,199],[-11542,1617],[-1640,-647],[-1253,-1219]],[[1330947,4524540],[-900,2065],[-1897,2141],[1222,1468],[418,1369],[-418,1941],[12089,-10253],[20126,13936],[-2186,772],[-1318,-374],[-1190,946],[804,1742],[1479,697],[-1029,896],[-772,1568],[3248,149],[2186,572],[4823,2464],[1478,-522],[997,224],[836,-971],[1961,-125],[2090,747],[3119,-1344],[1157,-25],[2669,971],[2250,1742],[868,-149],[2251,1443],[4469,25],[3569,2713],[1221,74],[1318,996],[2122,373],[1447,921],[933,1219],[1157,2514],[450,1692],[1029,224],[354,2539],[996,746],[3248,1643],[1607,1518],[1704,821],[1993,3335],[740,3111],[1254,448],[1350,1916],[611,-523],[2894,1643],[578,796],[-2122,1916],[-193,1593],[772,2389],[1479,2539],[1382,1244],[1190,2115],[-161,1518],[-643,1394],[9903,-995],[4276,-175],[11253,722],[96,-2314],[4405,-75],[-1093,-3907],[-1254,-647],[32,-1444],[-900,-1020],[-2862,-995],[-3215,-2190],[-1961,323],[-1801,-373],[-1382,298],[-1383,-597],[-2057,-1991],[6398,-4280],[-17169,-26953],[225,-9880],[3537,-2214],[386,-598],[-708,-1244],[1512,-647],[1961,-373],[418,-1220],[-2540,50],[-2090,-398],[-2540,1344],[1768,1418],[-64,672],[-3344,249],[322,-995],[-386,-1344],[1640,-1071],[-225,-1294],[-1447,25],[-1479,-2463],[-1447,49],[-3954,-995]],[[1320273,4526581],[-321,1368],[32,1294],[257,1469],[2508,1568],[386,-1170],[-1061,-1593],[-1415,299],[-643,-1045],[97,-1220],[1671,-846],[2380,124],[996,-497],[-546,-1170],[-2283,-324],[-997,399],[-1061,1344]],[[1402515,4563463],[643,-349],[1415,398],[418,-99],[-129,-523],[-707,-50],[-675,-373],[-836,348],[-1125,-547],[-129,597],[514,573],[611,25]],[[1400168,4563139],[-161,-199],[-257,75],[193,199],[225,-75]],[[1390362,4565080],[32,-846],[-868,-796],[-128,423],[643,249],[321,970]],[[1400200,4564707],[-225,-25],[65,124],[128,25],[32,-124]],[[1460194,4565877],[-1286,771],[32,896],[9677,16002],[-10835,5624],[354,946],[1768,996],[1126,24],[643,971],[1382,174],[2026,1245],[964,24],[997,-1368],[1318,-299],[1736,1394],[1158,-697],[-258,-1120],[2122,-373],[1576,1468],[675,-722],[0,-1568],[1993,224],[997,-423],[-64,-1344],[803,-622],[1576,25],[2250,-1468],[-1479,-996],[-1704,-1941],[997,-921],[-771,-721],[-1865,-473],[-1511,-1543],[-225,-971],[-2219,-2463],[-868,-1593],[-2636,423],[-965,-1444],[-1254,-3932],[-868,-1891],[-900,149],[-1961,-2588],[-1543,-846],[-1222,-1344],[-2958,-448],[-1415,523],[-2186,-523],[2829,1045],[354,921],[1640,797]],[[2877595,44821],[-33373,0],[-29450,0],[-55492,25],[-26557,0],[-53081,-25],[-42471,0],[-37166,0],[-53081,0],[-53081,0],[-53114,0],[-28132,0],[-51537,0],[-53981,0],[-52213,0],[-30126,0],[-53692,0],[-48901,0],[-36941,0]],[[2034215,380118],[2411,13813],[30222,-2514],[2990,17222],[23438,-1942],[803,175],[3762,21925],[37424,-3285],[41667,-3634],[7073,-547],[3858,423],[1447,-846],[30865,-2464],[2701,16052],[803,2563],[1126,4828],[24949,-1966],[2732,17645],[1865,5400],[3472,10701],[23053,-1966],[23888,-1916],[5980,36086],[-5402,448],[1929,12617],[3730,23593],[7748,-622],[515,-872],[2507,-273],[3023,647],[8809,-672]],[[1175434,3511579],[900,1643],[1479,174],[1897,6047],[1350,1045],[-450,548],[322,4928],[-418,2214],[-1415,3833],[-1865,2613],[-5015,4380],[-2154,2588],[225,1095],[-1061,1245],[-836,-747],[-1415,2290],[-900,2239],[0,1568],[-1318,374],[-3183,4828],[-4180,7540],[-1286,2912],[290,1394],[-643,373],[-450,3609],[-1094,5499],[-3054,8810],[-1833,5724]],[[1148556,3593854],[-225,6421],[-900,5948]],[[1147431,3606223],[-2380,8138]],[[1137142,3665777],[2862,7764],[3215,9557],[1125,2638],[2926,6221]],[[1147270,3691957],[1607,2738],[579,1518],[2669,4256]],[[1152125,3700469],[675,597],[2668,4828]],[[1155468,3705894],[2958,6719]],[[1158426,3712613],[997,3858],[514,3011]],[[1158908,3728864],[-900,1966],[-739,2887],[353,573]],[[1216008,3704326],[1929,-2663]],[[4889722,425860],[4244,-50],[353,4928],[41764,8387],[23020,4629],[8038,1692],[1993,-149],[1093,448],[3280,-1991],[1704,-1892],[2379,-1941],[2379,-1095],[4501,-1269],[3408,-249],[1865,299],[3311,-1344],[2605,74],[578,598],[2862,-374],[-225,-1443],[1125,-796],[-1640,-921],[-4051,-5052],[-1672,-2788],[-3922,-7416],[-3472,-6868],[-4308,-8960],[-1833,-4106],[-2733,-6744],[-1318,-4107],[-3151,-11522],[-1447,-6993],[-289,-2489],[96,-2488],[-835,-2514],[-1158,-498],[-321,-1493]],[[1685314,1958081],[-32,-448],[-15593,1095],[-33084,-19885],[-15689,-9432],[-9228,-5500],[-192,-1269],[-1608,-946],[-1157,423],[-14533,-9457],[-3440,2962],[-25849,-15728],[-8134,6968],[-6848,6072],[-19323,-11771],[-19741,-11921],[7877,-6744],[-21508,-13140],[1607,14260],[-29418,1916],[-643,-199],[-21702,1369],[-1414,-11498],[-36202,1419],[-14790,547],[386,4032],[515,3235],[-34466,2688],[1190,11298],[-22024,1917],[-29386,622]],[[3781933,1418464],[354,1244],[-675,672],[-33,1991],[-1446,1667],[-2315,324],[-1222,1891],[-2861,2140],[1189,1195]],[[4891008,230525],[-2540,-896],[-3633,2240],[-3698,-523],[-1671,-2389],[32,-1095],[964,-1219],[193,-1419],[-4501,-1369],[1704,-1344],[-450,-647],[1318,-1344],[-1543,-1194],[-2958,448],[-739,-1444],[-3087,-671],[0,-1892],[-2411,25],[-900,-1344],[-2315,50],[-322,-1643],[1736,-1592],[-1093,-1469],[-2025,-1443],[-1222,124],[-386,-1543],[-1415,-2165],[-1093,-522],[-4469,746],[-6301,821],[-1125,1095],[-1737,896],[-5208,548],[-1350,747],[-2187,-1095],[-2443,920],[-2669,423],[-3890,-821],[-2218,398],[-2283,-74],[-2025,846],[-1994,-374],[-1736,1120],[-1607,448],[-4566,-423],[-2636,-25],[-1833,-522],[-1897,249],[-1575,-722],[-3505,1493],[-1897,149],[-3633,1295],[-1929,74],[-3568,2514],[-3537,921],[-3954,-473],[-1994,522],[-1575,-323],[-1704,398],[-1833,-2066],[-1575,-647],[-2379,598],[-2476,-2290],[-193,-1642],[-1447,124],[-2990,-1767],[-64,-2115],[-1543,-747],[-3505,-99],[-3761,1816],[-1383,174],[-5658,-1592],[-515,-672],[1190,-797],[-1704,-1319],[-1801,-74],[-1446,796],[-1994,373],[-1061,1021],[-1961,697],[-2508,2040],[-932,-298],[-2251,945],[-1575,-696],[-3119,2140],[-1993,-274],[-1286,498],[-643,1418],[-2218,-373],[-1769,1070],[-128,2066],[-1962,1568],[-2700,448],[-3408,-872],[-2797,299],[-1415,1244],[-2251,921],[-1382,1294],[-611,1270],[418,1070],[-836,1219],[-1093,349],[-450,2687],[-4115,-1841],[-1190,-1120],[-739,-1892],[610,-2214],[836,-1767],[-1607,-1543],[-2444,-3111],[-1286,-597],[-1832,-2688],[-1576,1269],[-739,1842],[-2669,796],[-3247,-224],[354,1344],[-1897,-573],[-1608,598],[-1672,1891],[-1704,149],[-2475,1170],[-97,1045],[1190,971],[-129,2812],[1254,1742],[32,1817],[1158,1593],[-2444,1045],[-2314,249],[-1897,2215],[-2090,647],[-2669,-797],[-2636,-423],[-1640,174]],[[4659618,230400],[257,1767],[1254,647],[-1414,2240],[-1801,1294],[-1961,324],[-289,-1319],[-1929,373],[160,772],[-3504,572],[-257,1394],[2379,1070],[2443,3086],[-739,946],[0,1368],[-4855,-149],[-2733,2240],[-1672,2638],[1479,2389],[-2668,1543],[-932,970],[-193,2190],[-901,1220],[643,2887],[-2572,473],[-1479,1169],[-803,1419],[-1640,597],[-804,921],[97,1717],[-1029,1394],[289,1070],[2926,1817],[-1190,2389],[483,2289],[-1833,249],[-2636,846],[-965,647],[-3022,896],[1607,2514],[-225,1294],[-1864,1866],[578,1344],[-2411,1618],[-2540,3011],[997,3260],[0,2165],[1800,1693],[-257,1219],[2026,1170]],[[4564452,446068],[-290,1170],[2444,1120],[997,4454],[-3215,-1518],[868,4405],[578,1817],[1061,-100],[65,2116],[643,2663],[-3666,423],[997,1443],[-193,821],[1125,921],[1190,50],[97,1070],[932,946],[-64,945],[1093,847],[-2219,871],[-1543,3260],[611,796],[-3955,423],[-418,-771],[-2347,-2141],[-1639,-1119],[-2894,199],[322,896],[-1254,1493],[-1383,373],[-707,1369],[932,572],[1093,1917],[2187,671],[2057,-622],[1769,-1169],[546,821],[-2025,1667],[3086,398],[2154,-647],[708,3186],[3279,-324],[129,797],[2314,1120],[3151,721],[740,747],[1543,224],[2411,1618],[997,4678],[-5048,548],[-1736,-1892],[-9099,946],[-2250,-75],[-1865,-1418],[-1672,99],[-771,797],[-2379,373],[900,4181],[2508,523],[1221,1294],[1158,50],[2732,1368],[965,1792],[-14950,5674],[-2540,1170],[2154,2066],[354,1667],[2122,1145],[1639,1418],[1158,1693],[1640,373],[3890,2563],[868,1568],[1704,473],[-354,821],[1286,6147],[1929,-2712],[7395,-697],[0,1294],[2443,821],[1769,1394],[-10449,1070],[1382,7192],[-2218,174],[225,1021],[8327,-822],[707,971],[-1093,995],[-997,-99],[-2957,1070],[-2187,224],[-160,1344],[-3730,398],[675,3136],[-4404,473],[-547,647],[2154,697],[-1061,746],[2154,1369],[-1414,597],[-3151,-896],[64,2190],[-1350,-497],[-2926,895],[-2058,-348],[225,1145],[-3761,274],[-2347,796],[-483,1568],[-1414,249],[771,1070],[97,1393],[3601,3410],[1543,821],[-418,2489],[322,1617],[1929,1593],[-868,1369],[-2926,-299]],[[4547187,567191],[1093,3061],[1800,2141],[2380,1344],[1639,0],[3537,1567],[-322,-1144],[1029,-772],[5144,-547],[-1414,1592],[-258,4380],[-803,1718],[514,2314],[1640,-174],[771,3559],[-5144,547],[740,3086],[-1833,3111],[1254,1120],[-129,1817],[772,1219],[-1768,697],[-900,1020],[-1383,-672],[-2636,1692],[-32,3634],[418,896],[1671,1095],[547,1020],[-4212,398],[579,3111],[-3183,174],[-450,-1020],[1286,-547],[-740,-1220],[-3247,-672],[-1029,1742],[1415,921],[-1447,697],[-482,1194],[-1383,1394],[-1478,772],[-2187,1991],[-2604,-822],[-1608,896],[547,647],[-3858,871],[-1897,1444],[-64,1169],[-2219,871],[-64,1817],[-772,2514],[515,1244],[1961,1344],[2894,1020],[2765,50],[2089,697],[676,796],[3761,1269],[193,1295],[2315,-150],[1029,1568],[-547,1145],[2444,3185],[-1769,3435],[2380,970],[1575,1220],[-1286,547],[-450,1668],[-1768,945],[-290,996],[1576,2140],[-226,1419],[-771,945],[-225,1693],[-643,398],[-547,2488],[708,374],[-1351,1344],[1222,1119],[514,1295],[-1382,821],[96,1891],[-643,1095],[2605,1543],[803,1618],[-1254,1518],[1029,1891],[2797,125],[1672,-797],[1383,623],[257,1169],[1800,-522],[772,746],[1543,-199]],[[4687750,645858],[290,-1767],[-676,-1095],[3248,-299],[-836,-746],[160,-1145],[1094,-1916],[771,-498],[-1479,-7814],[-3761,-3136],[257,-299],[-6462,-5375],[1125,74],[-32,-1717],[675,-995],[-1929,-1394],[-193,-1518],[579,-722],[2990,-497],[932,199],[2508,-1046],[2090,-1194],[835,-996],[-482,-647],[1608,-2588],[-1029,-647],[321,-1145],[2412,-1692],[1704,-224],[1286,-921],[771,-1518],[4727,-398],[739,-622],[2379,-100],[1801,-498],[2122,648],[675,-1419],[1447,-1518],[2411,1219],[2668,-99],[1865,-971],[515,-4156],[1125,-1145],[2122,-597],[64,-796]],[[4547187,567191],[-675,-1493],[-2090,996],[-2604,522],[-2187,-871],[-2089,100],[-1833,-1991],[-3151,-672],[-1254,-1269],[-5626,-2041],[-2154,99],[-2122,1593],[-2186,249],[643,2140],[1382,224],[386,1046],[1447,547],[1575,1369],[-225,4007],[-1350,1319],[1157,672],[579,1144],[2476,2091],[-6527,622],[-997,871],[-1929,-373],[-1575,348],[-1222,-597],[-1254,821],[450,1344],[1672,-149],[643,1368],[1993,-348],[2926,1344],[1415,1493],[-997,1344],[1447,1991],[2701,-25],[385,1443],[-996,1344],[-1093,25],[-1029,1543],[-129,2563],[708,1195],[-515,2314],[-3922,349],[450,2538],[-1736,-696],[-965,-896],[-1575,-200],[-1769,-1070],[-675,-1070],[-3858,398],[-1447,498],[-2572,2414],[-3183,-1617],[-385,-1792],[-3215,199],[-2347,-1045],[-579,-2887],[-900,-75],[-386,-1866],[-12346,1169],[-547,-25],[-2443,-2289],[-64,-1220],[-1158,-1592],[-1961,-1369],[-3022,-1145],[-1479,-1294],[64,-1120],[-1286,-1145],[-354,-1219],[515,-1045],[-579,-2713],[-1415,-523],[-1639,-1368],[-257,-1394],[-13922,-4554],[-128,-1294],[-1544,-971],[-1318,-1493],[-2861,-1668],[-1801,-2165],[-2411,-946],[-1061,274],[-2186,-1070],[-2862,1145],[-2572,-1991],[-4372,-1369],[-4051,-821],[-2379,-25],[-1833,498],[-2508,-374],[-2250,573],[-2347,-821],[-3183,896],[-2765,1468],[-1576,-25],[-1704,1543],[-932,174],[-772,1269],[-2539,1195],[-1094,-75],[-2636,1344],[-1222,1518],[-2122,-846],[-2443,-274],[-1350,498]],[[4389584,563956],[-1704,1443],[-1126,100],[-2829,1991],[-2572,-473],[-3279,2091],[-1319,-150],[-2411,1145],[-418,722],[-3151,0],[-707,995],[-1575,548],[-1415,-224],[-1800,2613],[-322,2240],[-1190,871],[161,970],[-1768,423],[-1286,1369],[-868,1593],[-2058,1020],[-289,1518],[-2894,2439],[-1125,-174],[-1640,572],[-836,1593],[-1382,249],[-1608,2464],[-803,448],[1639,1418],[-1350,1294],[-289,1369],[546,697],[-129,1842],[643,1468],[-1607,224],[-2701,-274],[-643,921],[-3665,124],[-1382,1543],[-1962,498],[-2122,-672],[-707,-821],[-2990,-373],[-4565,970],[-3151,324],[-1961,1095],[-3473,1518],[-900,50],[-579,1368],[-257,2862],[-1575,921],[1254,1991],[-1061,1692],[1318,1966],[-322,1120],[-3761,722],[-2476,946],[-1061,1567],[-771,200],[4919,2563],[643,3310],[-386,995],[-4276,3783],[-3183,1220],[-1993,1717],[-2090,-622],[-1093,1966],[-1704,149],[-1801,1219],[-1897,374],[-900,2364],[-2283,174],[-2958,1568],[290,597],[-1061,1294],[-1479,249],[-965,1568],[-1479,-1145],[-1414,-149],[-611,1095],[-2251,1717],[-1125,2290],[-2090,995],[-2315,2290],[-289,871],[225,2215],[-2636,298],[-2476,-1294],[-1800,-249],[-2508,523],[-2026,1319],[-1543,1443],[225,2190],[-1511,50],[-1672,1244],[-2636,-1095],[-2508,1444],[-1029,946],[-2089,896],[-2572,3235],[1253,1593],[-1511,1393],[65,797],[1543,1244],[-225,473],[-8295,846],[-33630,3210],[-32,75],[12217,20531],[1961,8586],[4116,18168],[739,2289],[-22473,2066],[-16011,-374],[-1093,15978],[1575,-125],[1447,-722],[16236,5675],[1029,2687],[5305,623],[2218,-249],[-354,2588],[5530,2240],[1511,-523],[1640,-2090],[4373,-1942],[2475,324],[997,-423],[2797,1269],[1029,1244],[-418,1867],[-1093,896],[-257,1170],[964,3210],[-2508,2414],[-578,1418],[-2251,349],[-1768,-921],[-965,597],[-2604,-2289],[-1833,-797],[-1671,-248],[-1351,1493],[-2893,572],[-1415,-75],[-1543,1095],[-1576,274],[-1093,1269],[-1897,847]],[[4323128,255710],[-579,3932],[2379,4828],[-1221,1270],[900,1617],[2186,125],[2508,-424],[771,2265],[129,249],[482,846],[3247,1294],[6720,-622],[3601,18441],[9484,-896],[2315,11274],[10932,-1170],[12249,-1169],[739,99],[14468,-1294],[161,99],[9645,-995],[258,199],[8873,-771],[3119,-100],[5401,-1045],[1543,-1319],[1383,-373],[2218,721],[2379,-3111],[1897,-1916],[4083,2066],[-1704,1145],[2605,2563],[1254,-50],[2925,-1468],[515,2190],[34948,-3758],[257,896],[-3183,4330],[579,1493],[3150,-1194],[933,4131],[16590,-1767],[836,3111],[7266,-772],[-1222,2937],[9388,-971],[482,2141],[15754,-1693],[2508,598],[5048,2936],[0,647],[2829,1195],[10417,-1095],[1254,-921],[96,-921],[-1029,-572],[-128,-1120],[2122,-1170],[450,-921],[2154,75],[3311,-373],[675,423],[5563,174],[2379,324],[932,672],[1704,-697],[2604,-100],[579,2638],[4340,-846],[2637,0],[3247,-771],[3537,-1568],[1929,-1369],[3665,896]],[[4659618,230400],[-1254,-1070],[-2540,-124],[-932,323],[-3054,-572],[-1222,-1394],[482,-1219],[-1029,-672],[-932,-1493],[-964,-100],[-2122,-1642],[-933,-1693],[515,-1244],[-2733,-572],[-1543,522],[-3023,-472],[-1543,622],[-1125,-1195],[225,-1369],[-1029,-821],[-32,-2489],[2251,-2787],[-643,-1145],[-1737,-1319],[-2925,-1393],[-708,-1270],[-1736,-1269],[-579,-1269],[-2089,-1593],[-2187,797],[-1157,-324],[-3086,199],[-2765,1220],[-4727,-1693],[-1993,349],[-1222,-423],[-1704,398],[-1993,-50],[-1479,821],[-2058,199],[-675,-1542],[-4276,-2539],[-1125,-946],[-450,-1592],[-836,-747],[-1511,-99],[-4855,522],[-2026,-2513],[-1446,-623],[-2219,-2040],[-3151,-1593],[-353,-1394],[-2283,-1518],[-739,-1841],[-965,-50],[-1318,-1892],[-1415,-1070],[-1029,772],[-2121,572],[-869,1394],[-3086,498],[-1575,522],[-1254,-1145],[-6945,1494],[-2668,-498],[-611,-846],[-2637,-324],[-1382,-771],[-2122,-2439],[-2411,-423],[-1929,-1693],[-3248,-895],[-1639,298],[-5048,-1319],[-2315,-74],[-1286,-473],[-3247,522],[-322,-1991],[-611,-547],[97,-1593],[-2379,-1418],[-1479,49],[-3054,-1144],[-579,-1021],[-2604,-2016],[-5370,-2662],[322,-772],[-1061,-995],[-5209,-722],[-2797,846],[-964,-224],[-1383,2165],[386,1469],[-997,1916],[-3022,-423],[-1093,-1120],[-4630,-2414],[901,-1966],[-1318,-1767],[-290,-1419],[997,-746],[-579,-2638],[1254,-1294],[-514,-1145],[835,-846],[1351,-224],[1029,-1245],[2990,-224],[3150,-2140],[772,-2464],[1222,-721],[-965,-1618],[579,-2041],[900,-1219],[-1157,-1543],[289,-971],[3054,-2911],[611,-996],[-128,-2563],[1318,-747],[900,-1393],[1704,-1643],[2122,473],[3472,-548],[2412,374],[1864,-921],[-128,-1195],[2572,-2264],[3472,696],[1543,-1418],[-1093,-1369],[579,-1543],[1768,-2016],[1286,-846],[-1511,-1642],[-2958,-822],[-2636,-1816],[-3729,-1568],[1221,-498],[515,-1642],[-2187,-1767],[97,-1319],[-1543,-971],[482,-3982],[-740,-1095],[1576,-846],[-868,-1618],[-1126,-472],[161,-1170],[997,-946],[-868,-1543],[418,-1767],[-611,-1095],[-386,-3235],[-2122,-921],[-1254,224],[-578,-1418],[-1351,-324],[418,-1593],[-1061,-1468],[2637,-1120],[932,-871],[1157,796],[2572,847],[451,-747],[-1126,-946],[643,-1468],[-2379,-1394],[418,-995],[-1029,-672],[-1511,-3534],[-2122,-971],[-1993,-2986],[-2926,-448],[-611,1244],[515,946],[-1061,1070],[-1029,-821],[-3697,-1991],[-3505,-871],[-1254,-1618],[-2411,-597],[-1543,498],[-1447,-597],[-4694,-598],[-3054,-796],[-1512,-772],[-2122,-273],[258,1120],[-1093,1169],[-1962,747],[-3858,921],[-932,-498],[-3601,971],[-868,-448],[-3183,-100],[-1125,1095],[-1801,622],[-4051,-423],[-2379,-1095],[-900,-1792],[128,-846],[-707,-2140],[1511,-2663],[-1254,-1394],[-128,-2090],[-1576,-1220],[-1607,-572],[-3987,1045],[-482,1021],[900,1269],[-2476,1319],[-4340,-1045],[-1318,-971],[-2090,-124],[-1736,-822],[-2186,349],[1029,1991],[-161,2414],[-3376,746],[-1447,1269],[-289,1046],[-1190,746],[-2122,374],[-353,1493],[-2090,3484],[450,946],[-1350,473],[-97,920],[-1543,2688],[675,647],[64,1767],[-2411,1120],[-1222,-398],[-1028,-1195],[-1994,-547],[-707,1070],[-1479,-125],[-1222,-1667],[-161,-921],[-1993,-1568],[-3054,-149],[-386,-1045],[-2379,-1742],[-965,-1867],[-2829,523],[-2411,-1593],[-2701,-1418],[-1897,99],[-2283,-1269],[-96,-1170],[-1125,-796],[-2347,1617],[-2894,-622],[-1704,672],[-2090,-398],[-514,-597],[-4212,-846],[-1768,-1294],[-1961,-1967],[-2733,-24],[-1190,597],[-5980,-2763],[-1061,-99],[-257,-1842],[-932,-2314],[-1672,-1419],[514,-945],[-1736,-1394],[-2829,-1070],[-708,-1543],[-1543,-324],[-3601,-3210]],[[4855127,667111],[-514,-2041],[-482,-4355],[0,-1916],[964,-1568],[2219,-2065],[-643,-1867],[-933,-6570],[-32,-3808],[257,-2040],[1158,-3086],[-257,-1867],[96,-4106],[611,-1891],[579,-3360],[1093,-2165],[1350,-598],[2926,-2115],[2572,-672],[2443,423],[-643,-5898],[-321,-6023],[128,-2264],[772,-5002],[-386,-1195],[868,-4430],[772,-1692],[2347,-672],[0,-1443],[707,-1245],[-2797,-323],[-2347,-1717],[-1736,-6670],[-225,-1444],[482,-4006],[97,-3036],[610,-3086],[2347,-6919],[2380,-6445]],[[4861750,638168],[-417,-199],[-740,398],[354,125],[803,-324]],[[4085726,309764],[7234,35115],[2283,-274],[2668,12842],[-932,970],[675,7093],[2379,11597],[-225,25],[3280,16052],[4469,4728],[3890,921],[-97,324],[2058,2638],[1318,2737],[4051,3285],[3183,4380],[3151,3086],[2990,747],[10674,-9557],[11381,1668],[7781,1294],[64,-5176],[-96,-4256],[12153,-1717],[2636,-722],[3537,622],[7362,523],[1029,522],[9903,-1070],[2121,-1095],[9260,2962],[-1511,2016],[1061,796],[64,1468],[1897,1245],[1029,3558],[-2251,1892],[1865,8586],[-450,49],[-1447,2987],[-321,2339],[160,2116],[-160,2986],[739,4803],[2958,13787],[6494,-647],[1544,448],[17072,-1642],[3890,522],[6269,-597],[-1511,-3683],[9099,-971],[14404,-1393],[13567,-1344],[933,14708],[546,5923],[1608,-175],[2604,12245],[257,1916],[3569,16649],[36298,-17669],[1897,9083],[-932,100],[2154,9755],[-3215,349],[1254,5201],[-451,423],[1737,8188],[2861,-299],[418,2041],[675,-50],[-1382,4206],[-772,946],[386,1841],[5851,-597],[-578,-2738],[4758,-497],[225,1095],[9227,-896],[290,1493],[4244,-547],[2089,1592],[7524,-746],[450,1891],[-1061,125],[546,2787],[2251,-199],[675,2911],[-739,100],[1639,7914],[4984,-523],[1318,6844],[2347,597],[4790,-497],[1447,6868],[2958,-298],[611,1767],[2636,249],[3344,647],[2283,746],[-965,1444],[257,1194],[3955,5226],[-1125,1344],[-547,3659],[-1672,547],[-1125,1419],[-997,0],[-868,1219],[-2604,1468],[354,1618]],[[1322202,4524515],[-30157,-50],[-111435,-75],[-214028,150],[483,155193],[81727,38226],[78544,36807],[49030,24588],[111724,52138],[18777,2488],[104490,14111],[37423,1568],[108766,4504],[52053,2215],[26813,29043],[52760,0],[-2604,2762],[-1351,2638],[-514,2813],[161,2339],[1382,3584],[1222,1617],[2379,2140],[2411,1444],[1962,871],[3697,1145],[2861,497],[4566,249],[3022,-323],[3408,-971],[3054,-1518],[1351,-946],[2829,-3011],[1415,-3061],[353,-1866],[-96,-2315],[-740,-2737],[-868,-1718],[-1575,-1991],[-740,-1642],[53596,37330],[96452,8287],[57325,-13165],[87354,-20034],[1189,-86605],[-2990,-2091],[-3986,75],[-3408,-1244],[-1126,-1369],[-4565,-996],[-129,-1119],[-5079,-896],[-1254,-548],[-3473,-3658],[386,-1966],[-1286,-797],[-3954,-15205],[-676,-1046],[-3890,-423],[-1254,-1244],[-17490,-12916],[-900,-1220],[-5112,-7914],[-13889,-12667],[804,-1443],[-1640,-3858],[-96,-1294],[-997,-2737],[-1801,-2788],[97,-672],[-1672,-1592],[-514,-1095],[-2122,-2116],[578,-1543],[-482,-572],[-6816,-2514],[933,-1119],[-2444,-3485],[193,-1667],[-1929,-1891],[643,-1991],[-579,-249],[1254,-2887],[-257,-946],[-1993,-2389],[-676,-1219],[-964,323],[-1061,-1393],[1061,-871],[-900,-1270],[-933,-5649],[193,-1667],[-1736,-1444],[1350,-2712],[-160,-1917],[-772,-597],[2122,-2265],[-2990,-1866],[161,-4853],[1286,-1120],[-1383,-1842],[579,-2911],[-997,-224],[161,-1319],[804,-174],[643,-2763],[-868,-995],[932,-1170],[257,-2638],[-1157,-1095],[-3119,-324],[-2411,-771],[707,-1618],[1736,-1792],[-771,-1269],[-3151,-348],[-772,-1941],[451,-1245],[1189,-149],[64,-1966],[-2540,-1269],[290,-1319],[2025,-1170],[740,-2240],[-97,-1717],[-996,-1070],[-1126,-299],[161,-3509],[2251,299],[-225,-2240],[-483,-1792],[1544,-1120],[128,-4230],[740,-1145],[-290,-921],[1833,-1817],[129,-1294],[-901,-473],[97,-1095],[2315,-1269],[289,-1518],[772,-1145],[1479,-896],[1221,-1518],[-321,-1194],[482,-1145],[1704,-2016],[-193,-1294],[933,-1394],[546,-1667],[1447,-796],[2058,-2862],[643,-1842],[192,-2215],[740,-373],[482,-1668],[-257,-1393],[1093,-274],[1704,-3534],[289,-1269],[2444,-4355],[128,-3310],[-160,-4281],[1029,-1070],[-65,-945],[1061,-871],[579,-1668],[1961,-1194],[450,-1519],[-225,-1343],[579,-2091],[1575,-1692],[-96,-2638],[-1093,-2663],[-772,-772],[900,-2015],[3923,-7715],[739,-2290],[-804,-3434],[1126,-1692],[932,-2688],[-1061,-1543],[-64,-2066],[514,-3434],[-64,-2066],[1157,-1692],[-64,-2265],[1029,-2513]],[[2003768,4906699],[-2283,523],[-4662,672],[-2797,771],[-2058,896],[-2315,1443],[-1993,1668],[-1800,2314],[-2508,4007],[-2829,-622],[-2990,-299],[-3666,174],[-4629,847],[-2154,597],[-4630,1841],[-3762,2638],[-1639,1767],[-1094,1618],[-964,2165],[-482,2688],[546,3608],[1254,2589],[2669,3160],[2732,1892],[2669,1194],[3504,871],[2444,224],[4083,-124],[4372,-871],[4887,-1693],[3859,-1966],[1575,-1219],[2540,-2738],[3890,1369],[2379,423],[5916,100],[2797,-324],[5080,-1493],[3472,-1817],[3955,-2787],[2057,-1692],[2412,-3111],[804,-1643],[1125,-3558],[418,-2091],[-65,-2240],[-739,-2712],[-2154,-3260],[-2733,-2489],[-3922,-2165],[-2187,-772],[-2925,-597],[-3537,-174],[-3922,398]],[[1947632,4791773],[2122,771],[1576,2066],[-772,1144],[-1511,473],[-2090,-323],[-2990,-1319],[-611,-1145],[997,-2016],[707,-199],[2572,548]],[[1856806,4873301],[1351,-174],[1253,821],[161,1120],[1447,747],[547,2215],[-2508,1393],[-418,-896],[-1350,-1020],[-1608,-274],[-2283,324],[-803,-772],[-515,-1667],[1640,-1916],[1254,-423],[1832,522]],[[1740195,4833781],[4855,1394],[-5241,522],[-2411,-1020],[965,-1194],[1832,298]],[[1539446,4796675],[128,1767],[-3440,573],[-2025,-299],[739,-1991],[2540,-672],[2058,622]],[[1379206,4708925],[900,2165],[3408,2016],[1286,1244],[129,996],[1286,2065],[2765,1021],[-161,1493],[2572,1642],[2411,2041],[708,25],[1061,2787],[1704,921],[514,1593],[836,970],[-289,1145],[-3698,1692],[-482,647],[225,1444],[-611,1244],[675,996],[-1189,697],[-643,1269],[-900,423],[-1897,-523],[-611,-722],[-1351,374],[-3054,2439],[-4726,149],[-2122,672],[-3022,2041],[-1254,248],[-1254,-1443],[-2154,-323],[-5852,348],[-3118,-373],[-2283,-1095],[-1961,-1742],[-1383,-1593],[-932,-4281],[-643,-1692],[-3408,-4679],[-2829,-1244],[-418,-946],[900,-1667],[1833,-1692],[1414,-2091],[1511,-722],[868,-970],[2476,-1419],[772,-2687],[1350,-25],[225,970],[2026,1021],[1125,-672],[3472,-473],[1994,-523],[2475,-1219],[1029,-50],[2058,-1070],[2765,-2987],[1253,-622],[2219,747]],[[1351813,4631204],[1383,-199],[2250,1170],[1222,-75],[1897,1319],[-96,2314],[1382,3161],[2251,1045],[-2187,2837],[-1575,573],[-2476,-598],[-964,-746],[-129,-996],[-1157,-1194],[-64,-1991],[-1222,-921],[-2926,871],[-1254,-1891],[-1350,-249],[-675,-2937],[996,-149],[579,-1294],[1093,249],[2315,-1568],[707,1269]],[[1346637,4780275],[804,2314],[1575,1543],[3280,1568],[-450,821],[-1672,-497],[-3215,1020],[-2669,-50],[-225,-497],[-3054,-946],[-129,-821],[2379,-1568],[1511,-3285],[1865,398]],[[1341461,4730029],[96,2040],[1061,1369],[2219,1792],[2990,75],[482,647],[-161,4355],[354,1916],[868,2066],[257,2837],[-1029,2887],[-739,1244],[-965,2738],[225,2165],[-482,1717],[-1961,348],[-2026,-672],[-2347,-298],[-2154,-573],[-2925,-398],[-2958,-1120],[-1962,-74],[-1253,-473],[-4759,1020],[129,-2464],[-1125,-1244],[-804,224],[-1318,-2190],[-1576,-1568],[-932,299],[-1125,-2141],[-1286,-1045],[482,-2065],[868,-1220],[-1543,-1667],[932,-423],[1061,-1543],[3151,-1021],[1607,-1717],[1704,1070],[2444,-746],[2122,-2190],[1254,-2688],[-483,-597],[1544,-1568],[2218,-299],[2733,1095],[1061,150],[2025,-573],[933,-1617],[1093,2140]],[[1552017,4722165],[-644,-249],[-610,-996],[1061,-423],[1800,373],[868,648],[32,472],[-868,299],[-1639,-124]],[[1551084,4737047],[-997,-423],[772,-274],[2058,348],[-1833,349]],[[1555971,4709796],[-1447,149],[-771,-224],[225,-273],[1993,348]],[[1632329,4760888],[-3504,-298],[868,-324],[964,-50],[3023,75],[675,149],[-2026,448]],[[1942167,4785899],[96,-597],[965,-299],[64,150],[-579,224],[97,696],[321,224],[900,-124],[-835,498],[-643,-224],[-386,-548]],[[1938373,4786596],[289,-174],[1061,124],[483,-547],[546,149],[97,349],[-804,920],[-611,349],[-1061,-50],[-804,373],[547,-572],[257,-921]],[[1784145,4896321],[-771,-945],[386,-125],[193,-448],[1253,523],[547,0],[-96,597],[-965,423],[-547,-25]],[[1873846,4966701],[-3472,920],[-2122,946],[-2797,1867],[-1865,1891],[-1350,2115],[-1029,3709],[32,1891],[772,2787],[932,1742],[1672,1991],[1640,1394],[2411,1468],[3922,1394],[2379,423],[2476,3335],[1575,1344],[2765,1642],[3248,1344],[2315,572],[4211,523],[4437,-249],[4373,-946],[3568,-1567],[3055,-2166],[1414,-1468],[1962,-2787],[707,-1717],[450,-2215],[-322,-3708],[-1189,-2663],[-1383,-2066],[-1446,-1518],[-2637,-1941],[-3054,-1493],[-2186,-772],[-4083,-746],[-4180,74],[-2829,-2513],[-2476,-1394],[-3955,-1294],[-4276,-473],[-3665,324]],[[1455693,4900975],[-2315,448],[-3762,1369],[-2315,1418],[-1961,1693],[-2025,2712],[-3087,7765],[-546,1842],[-193,2812],[353,1866],[1769,3484],[2572,2638],[2990,1742],[9613,1120],[10642,-3111],[10802,4704],[33405,4405],[11574,348],[23696,3460],[1800,-274],[2894,-846],[3986,-2165],[2058,-1742],[2090,-2813],[1575,-3957],[322,-3932],[-258,-1816],[-996,-2240],[-3183,-4903],[-3183,-2762],[-707,-2713],[-2090,-3310],[-1929,-1767],[-4726,-2812],[-3376,-1394],[-3248,-846],[-3954,-473],[-5273,299],[-3376,697],[-3601,1020],[-4854,-572],[-5273,199],[-7170,547],[-4726,-522],[-2315,49],[-3954,523],[-2219,548],[-2186,199],[-4180,796],[-8937,2787],[-4116,-2040],[-2604,-1842],[-2636,-1344],[-2154,-722],[-3987,-696],[-1736,-75],[-2990,199]],[[1502022,4915932],[1929,124],[579,573],[1447,-523],[2154,-50],[1864,448],[1897,-572],[3151,-448],[3376,971],[8231,1169],[1286,896],[835,2588],[1447,1319],[7909,2489],[1994,-299],[2154,100],[1125,547],[1897,1966],[-257,1543],[-1769,722],[-1511,-25],[-7298,498],[-3601,771],[-868,-472],[-3343,423],[-3280,-1145],[-2090,-50],[-2604,-796],[-2379,-1469],[-1157,-398],[-3762,672],[-2251,821],[-5176,0],[-1800,523],[-2894,1941],[-3086,274],[-4630,-1020],[-3569,-1643],[-1254,-1120],[-3215,-25],[-2893,-1642],[-290,-1170],[515,-1095],[-997,-1667],[354,-1269],[3375,-1568],[2347,-473],[676,-473],[5722,-1244],[2187,-50],[1286,-647],[3151,-622],[3086,597]],[[1460065,4914737],[2701,1568],[-1318,2713],[-868,722],[-2283,-672],[-965,-2116],[354,-1244],[1029,-1319],[-129,-995],[1479,1343]],[[1388755,4865337],[-6495,921],[-4630,1070],[-3279,349],[-6977,1493],[-6205,2041],[-3343,1692],[-2701,821],[-1993,921],[-3312,-946],[-3472,-348],[-5144,373],[-2894,821],[-4019,1967],[-2443,1990],[-1544,1966],[-1478,3410],[-290,2688],[643,3135],[1608,3037],[3697,3658],[2186,1543],[4180,1767],[5594,1219],[4566,448],[2925,-199],[2283,-423],[2669,-921],[2893,-1393],[4019,920],[5208,150],[5241,-772],[8488,-1493],[8102,-2066],[6655,-1443],[2669,-1070],[5915,-3758],[1961,-1792],[1962,-2912],[900,-2712],[-32,-3658],[-708,-2215],[-2057,-3236],[-3215,-2961],[-2733,-1717],[-4662,-1718],[-5241,-746],[-3182,-50],[-2315,149]],[[1374222,4935543],[-4661,721],[-2701,-74],[-3890,249],[-5177,647],[-6751,-498],[-5369,522],[-3055,-99],[-2411,249],[-3890,995],[-3023,324],[-2668,597],[-6462,2165],[-1994,821],[-3536,797],[-3730,1667],[-1832,1269],[-1865,1867],[-1640,2489],[-932,3086],[-1447,2563],[-321,1219],[15625,11946],[11413,4081],[9388,-473],[13922,2489],[6623,-846],[12314,-9606],[22762,-9034],[-353,-3011],[-676,-4132],[-1253,-3061],[-1511,-1966],[-3312,-2638],[-5691,-3384],[-3826,-1394],[-2958,-498],[-2861,-174],[-2251,125]],[[1371425,4950475],[3858,-224],[2219,771],[1607,1045],[65,996],[1639,1468],[901,1618],[-225,970],[-5112,1792],[-3569,498],[-1994,-373],[-1318,-1220],[-1350,274],[-2443,-473],[-997,1145],[-1961,1219],[-1254,1270],[-418,1468],[-1833,2140],[-4212,-722],[-1864,-945],[-3569,-299],[-1254,-1045],[-1704,-349],[-3215,-1543],[-9388,-2065],[-3215,-1070],[-97,-1344],[2508,-1892],[3087,-647],[1929,-49],[932,-523],[6945,-1070],[1286,25],[2893,-647],[4083,672],[1769,-523],[2250,224],[1544,-423],[3568,274],[772,-722],[3408,-398],[3729,697]],[[1143412,4855433],[-3505,746],[-2700,1045],[-3215,1991],[-2830,2912],[-1189,2066],[-772,2613],[-32,3559],[1222,3459],[1382,2016],[-3279,1767],[-2379,1966],[-2830,3011],[-1350,2115],[-804,2290],[-225,1866],[643,3733],[1736,3036],[4116,4405],[1671,1319],[2926,1618],[2733,946],[3922,3509],[1865,1219],[3762,1543],[2926,622],[2443,175],[2926,-100],[3954,-796],[3601,423],[4244,-324],[2315,-572],[2701,-1070],[3665,-2439],[1736,-1917],[1286,-2040],[997,-3012],[289,-3011],[-64,-2588],[-868,-3385],[-1994,-3683],[-2829,-3335],[-2540,-1991],[-4212,-2214],[1962,-2738],[1028,-2638],[193,-3260],[-289,-1842],[-772,-2240],[-1543,-2513],[-2379,-2663],[-3087,-2165],[-6462,-2663],[-2893,-622],[-4791,-299],[-2411,150]],[[1095989,4802947],[-2925,672],[-2187,846],[-2475,1368],[-2122,1693],[-1961,2364],[-1061,2190],[-483,1817],[-64,2339],[514,2787],[901,2215],[2540,3186],[3793,2712],[2894,1344],[3247,946],[3408,572],[2958,274],[5434,25],[3536,-622],[2765,-971],[1993,-1045],[2187,-1618],[1736,-1891],[1061,-1667],[1157,-3161],[-32,-3758],[-964,-2713],[-1061,-1692],[-2219,-2264],[-1704,-1245],[-3697,-2016],[-5594,-2040],[-2798,-623],[-4694,-348],[-4083,324]],[[3372814,2533659],[25270,-6645],[547,-572],[43500,-10975],[69124,-8736],[2379,-2115],[12796,-16027],[1061,-846],[16944,-2364],[2025,-747],[1672,-1294],[21541,-3335],[73304,-21004]],[[1242726,4109779],[-4373,-249],[-96,299]],[[1240121,4116424],[8199,4703]],[[1248320,4121127],[5369,4380]],[[3861474,2359651],[2315,-1368],[4147,-1394],[3730,-971],[4983,25],[933,-697],[7587,-3608],[10610,-4778],[3697,-1593],[2058,-224],[5466,-3932],[2604,-722],[3472,-299],[6205,-3011],[2315,125],[1961,-2763],[65,-2090],[4951,-5003],[2315,25],[1704,-1493],[1029,-2936],[3408,-2390],[2186,-721],[3762,149],[1189,-1120],[2347,-1369],[4212,-1120],[2733,-373],[643,-1244],[1929,-1170],[482,-2289],[4373,-3037],[1028,25],[933,-2439],[3118,-1493],[3151,-647],[2829,-323],[1994,-1718],[900,25],[3987,-3484],[4308,-1244],[2411,-2738],[161,-1667],[1607,-3186],[1512,-3708],[1157,-7267],[13375,-11099],[23631,-13489],[13599,-10800],[12925,-21502],[8970,-11473],[19773,-17097]]],"transform":{"scale":[0.0000031103406220681267,0.000004018220803644161],"translate":[137.9947,-29.1792]},"objects":{"qld_ldmg_boundaries_gda2020_simp200m":{"type":"GeometryCollection","geometries":[{"arcs":[[[0,1]],[[2,3,4,5,6,7,8,9,10,11,12,13,14,15,16,17,18,19,20,21,22,23,24,25,26]],[[27,28,29,30,31,32]]],"type":"MultiPolygon","properties":{"LGA Code":"250","Abbreviated Name":"Aurukun","LGA Name":"Aurukun Shire","Area Sq Km":7407.83,"LDMG Name":"Aurukun","Source Area Sq Km":7407.63443,"Police Region Name":"Far Northern Region","Police Region Code":"FNR","Police Region Short Name":"Far North","Region Slug":"far_north","Layer Id":"qld_ldmg_boundaries_gda2020_simp200m","Layer Group":"statewide","Layer Kind":"ldmg","Source":"Local government area boundaries - Queensland, Department of Natural Resources and Mines, Manufacturing and Regional and Rural Development; ASGS Edition 3 (2021) Local Government Areas, Australian Bureau of Statistics","Source URL":"https://www.data.qld.gov.au/dataset/local-government-area-boundaries-queensland","Licence":"CC BY 4.0","Licence URL":"https://creativecommons.org/licenses/by/4.0/","Dataset Date":"extract of 11/05/2026","Simplification Tolerance M":200,"Coordinate Precision Decimals":4,"CRS":"GDA2020 (EPSG:7844)","Modified":"Simplified and repackaged from the source dataset; see Source URL"},"id":"250"},{"arcs":[[33,34,35,36,37]],"type":"Polygon","properties":{"LGA Code":"300","Abbreviated Name":"Balonne","LGA Name":"Balonne Shire","Area Sq Km":31074.87,"LDMG Name":"Balonne","Source Area Sq Km":31074.95046,"Police Region Name":"Southern Region","Police Region Code":"SR","Police Region Short Name":"Southern","Region Slug":"southern","Layer Id":"qld_ldmg_boundaries_gda2020_simp200m","Layer Group":"statewide","Layer Kind":"ldmg","Source":"Local government area boundaries - Queensland, Department of Natural Resources and Mines, Manufacturing and Regional and Rural Development; ASGS Edition 3 (2021) Local Government Areas, Australian Bureau of Statistics","Source URL":"https://www.data.qld.gov.au/dataset/local-government-area-boundaries-queensland","Licence":"CC BY 4.0","Licence URL":"https://creativecommons.org/licenses/by/4.0/","Dataset Date":"extract of 11/05/2026","Simplification Tolerance M":200,"Coordinate Precision Decimals":4,"CRS":"GDA2020 (EPSG:7844)","Modified":"Simplified and repackaged from the source dataset; see Source URL"},"id":"300"},{"arcs":[[38,39,40,41,42,43]],"type":"Polygon","properties":{"LGA Code":"370","Abbreviated Name":"Banana","LGA Name":"Banana Shire","Area Sq Km":28548.59,"LDMG Name":"Banana","Source Area Sq Km":28548.93438,"Police Region Name":"Central Region","Police Region Code":"CR","Police Region Short Name":"Central","Region Slug":"central","Layer Id":"qld_ldmg_boundaries_gda2020_simp200m","Layer Group":"statewide","Layer Kind":"ldmg","Source":"Local government area boundaries - Queensland, Department of Natural Resources and Mines, Manufacturing and Regional and Rural Development; ASGS Edition 3 (2021) Local Government Areas, Australian Bureau of Statistics","Source URL":"https://www.data.qld.gov.au/dataset/local-government-area-boundaries-queensland","Licence":"CC BY 4.0","Licence URL":"https://creativecommons.org/licenses/by/4.0/","Dataset Date":"extract of 11/05/2026","Simplification Tolerance M":200,"Coordinate Precision Decimals":4,"CRS":"GDA2020 (EPSG:7844)","Modified":"Simplified and repackaged from the source dataset; see Source URL"},"id":"370"},{"arcs":[[44,45,46,47,48,49,50]],"type":"Polygon","properties":{"LGA Code":"410","Abbreviated Name":"Barcaldine","LGA Name":"Barcaldine Regional","Area Sq Km":53438.41,"LDMG Name":"Barcaldine","Source Area Sq Km":53439.35687,"Police Region Name":"Central Region","Police Region Code":"CR","Police Region Short Name":"Central","Region Slug":"central","Layer Id":"qld_ldmg_boundaries_gda2020_simp200m","Layer Group":"statewide","Layer Kind":"ldmg","Source":"Local government area boundaries - Queensland, Department of Natural Resources and Mines, Manufacturing and Regional and Rural Development; ASGS Edition 3 (2021) Local Government Areas, Australian Bureau of Statistics","Source URL":"https://www.data.qld.gov.au/dataset/local-government-area-boundaries-queensland","Licence":"CC BY 4.0","Licence URL":"https://creativecommons.org/licenses/by/4.0/","Dataset Date":"extract of 11/05/2026","Simplification Tolerance M":200,"Coordinate Precision Decimals":4,"CRS":"GDA2020 (EPSG:7844)","Modified":"Simplified and repackaged from the source dataset; see Source URL"},"id":"410"},{"arcs":[[51,52,53,54,55,56]],"type":"Polygon","properties":{"LGA Code":"450","Abbreviated Name":"Barcoo","LGA Name":"Barcoo Shire","Area Sq Km":62255.67,"LDMG Name":"Barcoo","Source Area Sq Km":62255.69923,"Police Region Name":"Central Region","Police Region Code":"CR","Police Region Short Name":"Central","Region Slug":"central","Layer Id":"qld_ldmg_boundaries_gda2020_simp200m","Layer Group":"statewide","Layer Kind":"ldmg","Source":"Local government area boundaries - Queensland, Department of Natural Resources and Mines, Manufacturing and Regional and Rural Development; ASGS Edition 3 (2021) Local Government Areas, Australian Bureau of Statistics","Source URL":"https://www.data.qld.gov.au/dataset/local-government-area-boundaries-queensland","Licence":"CC BY 4.0","Licence URL":"https://creativecommons.org/licenses/by/4.0/","Dataset Date":"extract of 11/05/2026","Simplification Tolerance M":200,"Coordinate Precision Decimals":4,"CRS":"GDA2020 (EPSG:7844)","Modified":"Simplified and repackaged from the source dataset; see Source URL"},"id":"450"},{"arcs":[[-51,57,58,59,60]],"type":"Polygon","properties":{"LGA Code":"760","Abbreviated Name":"Blackall-Tambo","LGA Name":"Blackall-Tambo Regional","Area Sq Km":30580.45,"LDMG Name":"Blackall-Tambo","Source Area Sq Km":30580.25956,"Police Region Name":"Central Region","Police Region Code":"CR","Police Region Short Name":"Central","Region Slug":"central","Layer Id":"qld_ldmg_boundaries_gda2020_simp200m","Layer Group":"statewide","Layer Kind":"ldmg","Source":"Local government area boundaries - Queensland, Department of Natural Resources and Mines, Manufacturing and Regional and Rural Development; ASGS Edition 3 (2021) Local Government Areas, Australian Bureau of Statistics","Source URL":"https://www.data.qld.gov.au/dataset/local-government-area-boundaries-queensland","Licence":"CC BY 4.0","Licence URL":"https://creativecommons.org/licenses/by/4.0/","Dataset Date":"extract of 11/05/2026","Simplification Tolerance M":200,"Coordinate Precision Decimals":4,"CRS":"GDA2020 (EPSG:7844)","Modified":"Simplified and repackaged from the source dataset; see Source URL"},"id":"760"},{"arcs":[[61,62,63,64,65]],"type":"Polygon","properties":{"LGA Code":"900","Abbreviated Name":"Boulia","LGA Name":"Boulia Shire","Area Sq Km":60946.78,"LDMG Name":"Boulia","Source Area Sq Km":60946.43985,"Police Region Name":"Northern Region","Police Region Code":"NR","Police Region Short Name":"Northern","Region Slug":"northern","Layer Id":"qld_ldmg_boundaries_gda2020_simp200m","Layer Group":"statewide","Layer Kind":"ldmg","Source":"Local government area boundaries - Queensland, Department of Natural Resources and Mines, Manufacturing and Regional and Rural Development; ASGS Edition 3 (2021) Local Government Areas, Australian Bureau of Statistics","Source URL":"https://www.data.qld.gov.au/dataset/local-government-area-boundaries-queensland","Licence":"CC BY 4.0","Licence URL":"https://creativecommons.org/licenses/by/4.0/","Dataset Date":"extract of 11/05/2026","Simplification Tolerance M":200,"Coordinate Precision Decimals":4,"CRS":"GDA2020 (EPSG:7844)","Modified":"Simplified and repackaged from the source dataset; see Source URL"},"id":"900"},{"arcs":[[[66]],[[67]],[[68]],[[69]],[[70,71,72,73,74,75]]],"type":"MultiPolygon","properties":{"LGA Code":"1000","Abbreviated Name":"Brisbane","LGA Name":"Brisbane City","Area Sq Km":1377.86,"LDMG Name":"Brisbane","Source Area Sq Km":1378.04081,"Police Region Name":"Brisbane Region","Police Region Code":"BR","Police Region Short Name":"Brisbane","Region Slug":"brisbane","Layer Id":"qld_ldmg_boundaries_gda2020_simp200m","Layer Group":"statewide","Layer Kind":"ldmg","Source":"Local government area boundaries - Queensland, Department of Natural Resources and Mines, Manufacturing and Regional and Rural Development; ASGS Edition 3 (2021) Local Government Areas, Australian Bureau of Statistics","Source URL":"https://www.data.qld.gov.au/dataset/local-government-area-boundaries-queensland","Licence":"CC BY 4.0","Licence URL":"https://creativecommons.org/licenses/by/4.0/","Dataset Date":"extract of 11/05/2026","Simplification Tolerance M":200,"Coordinate Precision Decimals":4,"CRS":"GDA2020 (EPSG:7844)","Modified":"Simplified and repackaged from the source dataset; see Source URL"},"id":"1000"},{"arcs":[[76,77,78,79,80,81],[82]],"type":"Polygon","properties":{"LGA Code":"1950","Abbreviated Name":"Burke","LGA Name":"Burke Shire","Area Sq Km":40166.92,"LDMG Name":"Burke","Source Area Sq Km":40167.14113,"Police Region Name":"Northern Region","Police Region Code":"NR","Police Region Short Name":"Northern","Region Slug":"northern","Layer Id":"qld_ldmg_boundaries_gda2020_simp200m","Layer Group":"statewide","Layer Kind":"ldmg","Source":"Local government area boundaries - Queensland, Department of Natural Resources and Mines, Manufacturing and Regional and Rural Development; ASGS Edition 3 (2021) Local Government Areas, Australian Bureau of Statistics","Source URL":"https://www.data.qld.gov.au/dataset/local-government-area-boundaries-queensland","Licence":"CC BY 4.0","Licence URL":"https://creativecommons.org/licenses/by/4.0/","Dataset Date":"extract of 11/05/2026","Simplification Tolerance M":200,"Coordinate Precision Decimals":4,"CRS":"GDA2020 (EPSG:7844)","Modified":"Simplified and repackaged from the source dataset; see Source URL"},"id":"1950"},{"arcs":[[83,84,85,86,87],[88],[89],[90]],"type":"Polygon","properties":{"LGA Code":"2080","Abbreviated Name":"Cairns","LGA Name":"Cairns Regional","Area Sq Km":6480.68,"LDMG Name":"Cairns","Source Area Sq Km":6793.95232,"Police Region Name":"Far Northern Region","Police Region Code":"FNR","Police Region Short Name":"Far North","Region Slug":"far_north","Layer Id":"qld_ldmg_boundaries_gda2020_simp200m","Layer Group":"statewide","Layer Kind":"ldmg","Source":"Local government area boundaries - Queensland, Department of Natural Resources and Mines, Manufacturing and Regional and Rural Development; ASGS Edition 3 (2021) Local Government Areas, Australian Bureau of Statistics","Source URL":"https://www.data.qld.gov.au/dataset/local-government-area-boundaries-queensland","Licence":"CC BY 4.0","Licence URL":"https://creativecommons.org/licenses/by/4.0/","Dataset Date":"extract of 11/05/2026","Simplification Tolerance M":200,"Coordinate Precision Decimals":4,"CRS":"GDA2020 (EPSG:7844)","Modified":"Simplified and repackaged from the source dataset; see Source URL"},"id":"2080"},{"arcs":[[[91,92,93,94,95,96,97,-80]],[[98]],[[99,100,101,102]]],"type":"MultiPolygon","properties":{"LGA Code":"2250","Abbreviated Name":"Carpentaria","LGA Name":"Carpentaria Shire","Area Sq Km":64182.71,"LDMG Name":"Carpentaria","Source Area Sq Km":64182.80075,"Police Region Name":"Northern Region","Police Region Code":"NR","Police Region Short Name":"Northern","Region Slug":"northern","Layer Id":"qld_ldmg_boundaries_gda2020_simp200m","Layer Group":"statewide","Layer Kind":"ldmg","Source":"Local government area boundaries - Queensland, Department of Natural Resources and Mines, Manufacturing and Regional and Rural Development; ASGS Edition 3 (2021) Local Government Areas, Australian Bureau of Statistics","Source URL":"https://www.data.qld.gov.au/dataset/local-government-area-boundaries-queensland","Licence":"CC BY 4.0","Licence URL":"https://creativecommons.org/licenses/by/4.0/","Dataset Date":"extract of 11/05/2026","Simplification Tolerance M":200,"Coordinate Precision Decimals":4,"CRS":"GDA2020 (EPSG:7844)","Modified":"Simplified and repackaged from the source dataset; see Source URL"},"id":"2250"},{"arcs":[[-88,103,104,105]],"type":"Polygon","properties":{"LGA Code":"2260","Abbreviated Name":"Cassowary Coast","LGA Name":"Cassowary Coast Regional","Area Sq Km":15768.83,"LDMG Name":"Cassowary Coast","Source Area Sq Km":15768.54737,"Police Region Name":"Far Northern Region","Police Region Code":"FNR","Police Region Short Name":"Far North","Region Slug":"far_north","Layer Id":"qld_ldmg_boundaries_gda2020_simp200m","Layer Group":"statewide","Layer Kind":"ldmg","Source":"Local government area boundaries - Queensland, Department of Natural Resources and Mines, Manufacturing and Regional and Rural Development; ASGS Edition 3 (2021) Local Government Areas, Australian Bureau of Statistics","Source URL":"https://www.data.qld.gov.au/dataset/local-government-area-boundaries-queensland","Licence":"CC BY 4.0","Licence URL":"https://creativecommons.org/licenses/by/4.0/","Dataset Date":"extract of 11/05/2026","Simplification Tolerance M":200,"Coordinate Precision Decimals":4,"CRS":"GDA2020 (EPSG:7844)","Modified":"Simplified and repackaged from the source dataset; see Source URL"},"id":"2260"},{"arcs":[[106,107,-58,-50,108,109,110,111,112,-42],[113],[114],[115],[116],[117]],"type":"Polygon","properties":{"LGA Code":"2270","Abbreviated Name":"Central Highlands","LGA Name":"Central Highlands Regional","Area Sq Km":59791.62,"LDMG Name":"Central Highlands","Source Area Sq Km":59789.95085,"Police Region Name":"Central Region","Police Region Code":"CR","Police Region Short Name":"Central","Region Slug":"central","Layer Id":"qld_ldmg_boundaries_gda2020_simp200m","Layer Group":"statewide","Layer Kind":"ldmg","Source":"Local government area boundaries - Queensland, Department of Natural Resources and Mines, Manufacturing and Regional and Rural Development; ASGS Edition 3 (2021) Local Government Areas, Australian Bureau of Statistics","Source URL":"https://www.data.qld.gov.au/dataset/local-government-area-boundaries-queensland","Licence":"CC BY 4.0","Licence URL":"https://creativecommons.org/licenses/by/4.0/","Dataset Date":"extract of 11/05/2026","Simplification Tolerance M":200,"Coordinate Precision Decimals":4,"CRS":"GDA2020 (EPSG:7844)","Modified":"Simplified and repackaged from the source dataset; see Source URL"},"id":"2270"},{"arcs":[[-48,118,119,120,121,122,123,124,125]],"type":"Polygon","properties":{"LGA Code":"2310","Abbreviated Name":"Charters Towers","LGA Name":"Charters Towers Regional","Area Sq Km":68329.23,"LDMG Name":"Charters Towers","Source Area Sq Km":68329.4967,"Police Region Name":"Northern Region","Police Region Code":"NR","Police Region Short Name":"Northern","Region Slug":"northern","Layer Id":"qld_ldmg_boundaries_gda2020_simp200m","Layer Group":"statewide","Layer Kind":"ldmg","Source":"Local government area boundaries - Queensland, Department of Natural Resources and Mines, Manufacturing and Regional and Rural Development; ASGS Edition 3 (2021) Local Government Areas, Australian Bureau of Statistics","Source URL":"https://www.data.qld.gov.au/dataset/local-government-area-boundaries-queensland","Licence":"CC BY 4.0","Licence URL":"https://creativecommons.org/licenses/by/4.0/","Dataset Date":"extract of 11/05/2026","Simplification Tolerance M":200,"Coordinate Precision Decimals":4,"CRS":"GDA2020 (EPSG:7844)","Modified":"Simplified and repackaged from the source dataset; see Source URL"},"id":"2310"},{"arcs":[[126]],"type":"Polygon","properties":{"LGA Code":"2330","Abbreviated Name":"Cherbourg Aboriginal","LGA Name":"Cherbourg Aboriginal Shire","Area Sq Km":31.58,"LDMG Name":"Cherbourg","Source Area Sq Km":31.7648,"Police Region Name":"North Coast Region","Police Region Code":"NCR","Police Region Short Name":"North Coast","Region Slug":"north_coast","Layer Id":"qld_ldmg_boundaries_gda2020_simp200m","Layer Group":"statewide","Layer Kind":"ldmg","Source":"Local government area boundaries - Queensland, Department of Natural Resources and Mines, Manufacturing and Regional and Rural Development; ASGS Edition 3 (2021) Local Government Areas, Australian Bureau of Statistics","Source URL":"https://www.data.qld.gov.au/dataset/local-government-area-boundaries-queensland","Licence":"CC BY 4.0","Licence URL":"https://creativecommons.org/licenses/by/4.0/","Dataset Date":"extract of 11/05/2026","Simplification Tolerance M":200,"Coordinate Precision Decimals":4,"CRS":"GDA2020 (EPSG:7844)","Modified":"Simplified and repackaged from the source dataset; see Source URL"},"id":"2330"},{"arcs":[[-65,127,-81,-98,128,129]],"type":"Polygon","properties":{"LGA Code":"2450","Abbreviated Name":"Cloncurry","LGA Name":"Cloncurry Shire","Area Sq Km":48000.27,"LDMG Name":"Cloncurry","Source Area Sq Km":48000.46473,"Police Region Name":"Northern Region","Police Region Code":"NR","Police Region Short Name":"Northern","Region Slug":"northern","Layer Id":"qld_ldmg_boundaries_gda2020_simp200m","Layer Group":"statewide","Layer Kind":"ldmg","Source":"Local government area boundaries - Queensland, Department of Natural Resources and Mines, Manufacturing and Regional and Rural Development; ASGS Edition 3 (2021) Local Government Areas, Australian Bureau of Statistics","Source URL":"https://www.data.qld.gov.au/dataset/local-government-area-boundaries-queensland","Licence":"CC BY 4.0","Licence URL":"https://creativecommons.org/licenses/by/4.0/","Dataset Date":"extract of 11/05/2026","Simplification Tolerance M":200,"Coordinate Precision Decimals":4,"CRS":"GDA2020 (EPSG:7844)","Modified":"Simplified and repackaged from the source dataset; see Source URL"},"id":"2450"},{"arcs":[[[130,-2,131,-23,132,133,134,-20,135,-18,136,-33,137,-31,138,139,140,141,142,143,144,145,146,147,148,149,150,151,152,153,154,155,156,-94,157,-102,158,159,-25],[237],[238],[239],[240],[241],[242],[243],[244],[245],[246],[247],[248],[249],[250,251,252],[253,254,255,256],[257,258],[259,260,261,262],[263,264,265],[266],[267],[268,269,270],[271,272],[273,274,275],[276,277,278,279,280,281],[282,283],[284,285,286],[287,288],[289,290,291],[292],[293,294,295,296,297],[298,299,300,301]],[[160,161,-6]],[[-14,162]],[[163,-16]],[[164,-27,165,166]],[[167,168]],[[169]],[[170,171]],[[172,173]],[[174]],[[175]],[[176]],[[177]],[[178]],[[179]],[[180]],[[181]],[[182]],[[183]],[[184]],[[185,186]],[[187]],[[188]],[[189]],[[190]],[[191,192]],[[193]],[[196]],[[197]],[[198]],[[199]],[[200,201,202,203,204]],[[206,207]],[[208]],[[209]],[[210]],[[211]],[[212]],[[213]],[[214]],[[215]],[[216]],[[217]],[[218]],[[219]],[[220,221]],[[222]],[[223,224]],[[225]],[[226]],[[227]],[[228]],[[229]],[[230]],[[231]],[[232]],[[233]],[[234]],[[235]],[[236]],[[302]],[[303]],[[304,305]],[[306]],[[307]],[[308]],[[309]],[[310]],[[311]],[[312]],[[313]],[[314]],[[315]],[[316]],[[317]],[[318]],[[319]],[[320]],[[321]],[[322,323,324,325]],[[326]],[[327,328]],[[329]],[[330]],[[331]],[[332]],[[333]]],"type":"MultiPolygon","properties":{"LGA Code":"2500","Abbreviated Name":"Cook","LGA Name":"Cook Shire","Area Sq Km":149854.71,"LDMG Name":"Cook","Source Area Sq Km":183345.89922,"Police Region Name":"Far Northern Region","Police Region Code":"FNR","Police Region Short Name":"Far North","Region Slug":"far_north","Layer Id":"qld_ldmg_boundaries_gda2020_simp200m","Layer Group":"statewide","Layer Kind":"ldmg","Source":"Local government area boundaries - Queensland, Department of Natural Resources and Mines, Manufacturing and Regional and Rural Development; ASGS Edition 3 (2021) Local Government Areas, Australian Bureau of Statistics","Source URL":"https://www.data.qld.gov.au/dataset/local-government-area-boundaries-queensland","Licence":"CC BY 4.0","Licence URL":"https://creativecommons.org/licenses/by/4.0/","Dataset Date":"extract of 11/05/2026","Simplification Tolerance M":200,"Coordinate Precision Decimals":4,"CRS":"GDA2020 (EPSG:7844)","Modified":"Simplified and repackaged from the source dataset; see Source URL"},"id":"2500"},{"arcs":[[-53,334,335,336]],"type":"Polygon","properties":{"LGA Code":"1750","Abbreviated Name":"Bulloo","LGA Name":"Bulloo Shire","Area Sq Km":73234.53,"LDMG Name":"Bulloo","Source Area Sq Km":73234.89394,"Police Region Name":"Southern Region","Police Region Code":"SR","Police Region Short Name":"Southern","Region Slug":"southern","Layer Id":"qld_ldmg_boundaries_gda2020_simp200m","Layer Group":"statewide","Layer Kind":"ldmg","Source":"Local government area boundaries - Queensland, Department of Natural Resources and Mines, Manufacturing and Regional and Rural Development; ASGS Edition 3 (2021) Local Government Areas, Australian Bureau of Statistics","Source URL":"https://www.data.qld.gov.au/dataset/local-government-area-boundaries-queensland","Licence":"CC BY 4.0","Licence URL":"https://creativecommons.org/licenses/by/4.0/","Dataset Date":"extract of 11/05/2026","Simplification Tolerance M":200,"Coordinate Precision Decimals":4,"CRS":"GDA2020 (EPSG:7844)","Modified":"Simplified and repackaged from the source dataset; see Source URL"},"id":"1750"},{"arcs":[[337,338,339,340]],"type":"Polygon","properties":{"LGA Code":"1820","Abbreviated Name":"Bundaberg","LGA Name":"Bundaberg Regional","Area Sq Km":12403.96,"LDMG Name":"Bundaberg","Source Area Sq Km":12403.99881,"Police Region Name":"North Coast Region","Police Region Code":"NCR","Police Region Short Name":"North Coast","Region Slug":"north_coast","Layer Id":"qld_ldmg_boundaries_gda2020_simp200m","Layer Group":"statewide","Layer Kind":"ldmg","Source":"Local government area boundaries - Queensland, Department of Natural Resources and Mines, Manufacturing and Regional and Rural Development; ASGS Edition 3 (2021) Local Government Areas, Australian Bureau of Statistics","Source URL":"https://www.data.qld.gov.au/dataset/local-government-area-boundaries-queensland","Licence":"CC BY 4.0","Licence URL":"https://creativecommons.org/licenses/by/4.0/","Dataset Date":"extract of 11/05/2026","Simplification Tolerance M":200,"Coordinate Precision Decimals":4,"CRS":"GDA2020 (EPSG:7844)","Modified":"Simplified and repackaged from the source dataset; see Source URL"},"id":"1820"},{"arcs":[[-124,341,342,343]],"type":"Polygon","properties":{"LGA Code":"1900","Abbreviated Name":"Burdekin","LGA Name":"Burdekin Shire","Area Sq Km":15647.17,"LDMG Name":"Burdekin","Source Area Sq Km":15646.50249,"Police Region Name":"Northern Region","Police Region Code":"NR","Police Region Short Name":"Northern","Region Slug":"northern","Layer Id":"qld_ldmg_boundaries_gda2020_simp200m","Layer Group":"statewide","Layer Kind":"ldmg","Source":"Local government area boundaries - Queensland, Department of Natural Resources and Mines, Manufacturing and Regional and Rural Development; ASGS Edition 3 (2021) Local Government Areas, Australian Bureau of Statistics","Source URL":"https://www.data.qld.gov.au/dataset/local-government-area-boundaries-queensland","Licence":"CC BY 4.0","Licence URL":"https://creativecommons.org/licenses/by/4.0/","Dataset Date":"extract of 11/05/2026","Simplification Tolerance M":200,"Coordinate Precision Decimals":4,"CRS":"GDA2020 (EPSG:7844)","Modified":"Simplified and repackaged from the source dataset; see Source URL"},"id":"1900"},{"arcs":[[-96,344,345,346]],"type":"Polygon","properties":{"LGA Code":"2600","Abbreviated Name":"Croydon","LGA Name":"Croydon Shire","Area Sq Km":29508.85,"LDMG Name":"Croydon","Source Area Sq Km":29509.30461,"Police Region Name":"Far Northern Region","Police Region Code":"FNR","Police Region Short Name":"Far North","Region Slug":"far_north","Layer Id":"qld_ldmg_boundaries_gda2020_simp200m","Layer Group":"statewide","Layer Kind":"ldmg","Source":"Local government area boundaries - Queensland, Department of Natural Resources and Mines, Manufacturing and Regional and Rural Development; ASGS Edition 3 (2021) Local Government Areas, Australian Bureau of Statistics","Source URL":"https://www.data.qld.gov.au/dataset/local-government-area-boundaries-queensland","Licence":"CC BY 4.0","Licence URL":"https://creativecommons.org/licenses/by/4.0/","Dataset Date":"extract of 11/05/2026","Simplification Tolerance M":200,"Coordinate Precision Decimals":4,"CRS":"GDA2020 (EPSG:7844)","Modified":"Simplified and repackaged from the source dataset; see Source URL"},"id":"2600"},{"arcs":[[-55,347,-62,348]],"type":"Polygon","properties":{"LGA Code":"2750","Abbreviated Name":"Diamantina","LGA Name":"Diamantina Shire","Area Sq Km":94665.38,"LDMG Name":"Diamantina","Source Area Sq Km":94665.36485,"Police Region Name":"Northern Region","Police Region Code":"NR","Police Region Short Name":"Northern","Region Slug":"northern","Layer Id":"qld_ldmg_boundaries_gda2020_simp200m","Layer Group":"statewide","Layer Kind":"ldmg","Source":"Local government area boundaries - Queensland, Department of Natural Resources and Mines, Manufacturing and Regional and Rural Development; ASGS Edition 3 (2021) Local Government Areas, Australian Bureau of Statistics","Source URL":"https://www.data.qld.gov.au/dataset/local-government-area-boundaries-queensland","Licence":"CC BY 4.0","Licence URL":"https://creativecommons.org/licenses/by/4.0/","Dataset Date":"extract of 11/05/2026","Simplification Tolerance M":200,"Coordinate Precision Decimals":4,"CRS":"GDA2020 (EPSG:7844)","Modified":"Simplified and repackaged from the source dataset; see Source URL"},"id":"2750"},{"arcs":[[[-78,349]],[[-83]]],"type":"MultiPolygon","properties":{"LGA Code":"2770","Abbreviated Name":"Doomadgee Aboriginal","LGA Name":"Doomadgee Aboriginal Shire","Area Sq Km":1803.3,"LDMG Name":"Doomadgee","Source Area Sq Km":1803.36842,"Police Region Name":"Northern Region","Police Region Code":"NR","Police Region Short Name":"Northern","Region Slug":"northern","Layer Id":"qld_ldmg_boundaries_gda2020_simp200m","Layer Group":"statewide","Layer Kind":"ldmg","Source":"Local government area boundaries - Queensland, Department of Natural Resources and Mines, Manufacturing and Regional and Rural Development; ASGS Edition 3 (2021) Local Government Areas, Australian Bureau of Statistics","Source URL":"https://www.data.qld.gov.au/dataset/local-government-area-boundaries-queensland","Licence":"CC BY 4.0","Licence URL":"https://creativecommons.org/licenses/by/4.0/","Dataset Date":"extract of 11/05/2026","Simplification Tolerance M":200,"Coordinate Precision Decimals":4,"CRS":"GDA2020 (EPSG:7844)","Modified":"Simplified and repackaged from the source dataset; see Source URL"},"id":"2770"},{"arcs":[[-86,350,-156,351,-154,352],[353]],"type":"Polygon","properties":{"LGA Code":"2810","Abbreviated Name":"Douglas","LGA Name":"Douglas Shire","Area Sq Km":7300.01,"LDMG Name":"Douglas","Source Area Sq Km":7319.75437,"Police Region Name":"Far Northern Region","Police Region Code":"FNR","Police Region Short Name":"Far North","Region Slug":"far_north","Layer Id":"qld_ldmg_boundaries_gda2020_simp200m","Layer Group":"statewide","Layer Kind":"ldmg","Source":"Local government area boundaries - Queensland, Department of Natural Resources and Mines, Manufacturing and Regional and Rural Development; ASGS Edition 3 (2021) Local Government Areas, Australian Bureau of Statistics","Source URL":"https://www.data.qld.gov.au/dataset/local-government-area-boundaries-queensland","Licence":"CC BY 4.0","Licence URL":"https://creativecommons.org/licenses/by/4.0/","Dataset Date":"extract of 11/05/2026","Simplification Tolerance M":200,"Coordinate Precision Decimals":4,"CRS":"GDA2020 (EPSG:7844)","Modified":"Simplified and repackaged from the source dataset; see Source URL"},"id":"2810"},{"arcs":[[-120,354,355,-345,356,357]],"type":"Polygon","properties":{"LGA Code":"3100","Abbreviated Name":"Etheridge","LGA Name":"Etheridge Shire","Area Sq Km":39224.62,"LDMG Name":"Etheridge","Source Area Sq Km":39224.47706,"Police Region Name":"Far Northern Region","Police Region Code":"FNR","Police Region Short Name":"Far North","Region Slug":"far_north","Layer Id":"qld_ldmg_boundaries_gda2020_simp200m","Layer Group":"statewide","Layer Kind":"ldmg","Source":"Local government area boundaries - Queensland, Department of Natural Resources and Mines, Manufacturing and Regional and Rural Development; ASGS Edition 3 (2021) Local Government Areas, Australian Bureau of Statistics","Source URL":"https://www.data.qld.gov.au/dataset/local-government-area-boundaries-queensland","Licence":"CC BY 4.0","Licence URL":"https://creativecommons.org/licenses/by/4.0/","Dataset Date":"extract of 11/05/2026","Simplification Tolerance M":200,"Coordinate Precision Decimals":4,"CRS":"GDA2020 (EPSG:7844)","Modified":"Simplified and repackaged from the source dataset; see Source URL"},"id":"3100"},{"arcs":[[-47,358,359,-355,-119]],"type":"Polygon","properties":{"LGA Code":"3200","Abbreviated Name":"Flinders","LGA Name":"Flinders Shire","Area Sq Km":41227.25,"LDMG Name":"Flinders","Source Area Sq Km":41226.82747,"Police Region Name":"Northern Region","Police Region Code":"NR","Police Region Short Name":"Northern","Region Slug":"northern","Layer Id":"qld_ldmg_boundaries_gda2020_simp200m","Layer Group":"statewide","Layer Kind":"ldmg","Source":"Local government area boundaries - Queensland, Department of Natural Resources and Mines, Manufacturing and Regional and Rural Development; ASGS Edition 3 (2021) Local Government Areas, Australian Bureau of Statistics","Source URL":"https://www.data.qld.gov.au/dataset/local-government-area-boundaries-queensland","Licence":"CC BY 4.0","Licence URL":"https://creativecommons.org/licenses/by/4.0/","Dataset Date":"extract of 11/05/2026","Simplification Tolerance M":200,"Coordinate Precision Decimals":4,"CRS":"GDA2020 (EPSG:7844)","Modified":"Simplified and repackaged from the source dataset; see Source URL"},"id":"3200"},{"arcs":[[-341,360,361,362]],"type":"Polygon","properties":{"LGA Code":"3220","Abbreviated Name":"Fraser Coast","LGA Name":"Fraser Coast Regional","Area Sq Km":7996.2,"LDMG Name":"Fraser Coast","Source Area Sq Km":7995.76593,"Police Region Name":"North Coast Region","Police Region Code":"NCR","Police Region Short Name":"North Coast","Region Slug":"north_coast","Layer Id":"qld_ldmg_boundaries_gda2020_simp200m","Layer Group":"statewide","Layer Kind":"ldmg","Source":"Local government area boundaries - Queensland, Department of Natural Resources and Mines, Manufacturing and Regional and Rural Development; ASGS Edition 3 (2021) Local Government Areas, Australian Bureau of Statistics","Source URL":"https://www.data.qld.gov.au/dataset/local-government-area-boundaries-queensland","Licence":"CC BY 4.0","Licence URL":"https://creativecommons.org/licenses/by/4.0/","Dataset Date":"extract of 11/05/2026","Simplification Tolerance M":200,"Coordinate Precision Decimals":4,"CRS":"GDA2020 (EPSG:7844)","Modified":"Simplified and repackaged from the source dataset; see Source URL"},"id":"3220"},{"arcs":[[-44,363,364,365,-339,366]],"type":"Polygon","properties":{"LGA Code":"3360","Abbreviated Name":"Gladstone","LGA Name":"Gladstone Regional","Area Sq Km":34864.93,"LDMG Name":"Gladstone","Source Area Sq Km":34865.48449,"Police Region Name":"Central Region","Police Region Code":"CR","Police Region Short Name":"Central","Region Slug":"central","Layer Id":"qld_ldmg_boundaries_gda2020_simp200m","Layer Group":"statewide","Layer Kind":"ldmg","Source":"Local government area boundaries - Queensland, Department of Natural Resources and Mines, Manufacturing and Regional and Rural Development; ASGS Edition 3 (2021) Local Government Areas, Australian Bureau of Statistics","Source URL":"https://www.data.qld.gov.au/dataset/local-government-area-boundaries-queensland","Licence":"CC BY 4.0","Licence URL":"https://creativecommons.org/licenses/by/4.0/","Dataset Date":"extract of 11/05/2026","Simplification Tolerance M":200,"Coordinate Precision Decimals":4,"CRS":"GDA2020 (EPSG:7844)","Modified":"Simplified and repackaged from the source dataset; see Source URL"},"id":"3360"},{"arcs":[[367,368,369,370]],"type":"Polygon","properties":{"LGA Code":"3430","Abbreviated Name":"Gold Coast","LGA Name":"Gold Coast City","Area Sq Km":1376.73,"LDMG Name":"Gold Coast","Source Area Sq Km":1376.56555,"Police Region Name":"South Eastern Region","Police Region Code":"SER","Police Region Short Name":"South East","Region Slug":"south_east","Layer Id":"qld_ldmg_boundaries_gda2020_simp200m","Layer Group":"statewide","Layer Kind":"ldmg","Source":"Local government area boundaries - Queensland, Department of Natural Resources and Mines, Manufacturing and Regional and Rural Development; ASGS Edition 3 (2021) Local Government Areas, Australian Bureau of Statistics","Source URL":"https://www.data.qld.gov.au/dataset/local-government-area-boundaries-queensland","Licence":"CC BY 4.0","Licence URL":"https://creativecommons.org/licenses/by/4.0/","Dataset Date":"extract of 11/05/2026","Simplification Tolerance M":200,"Coordinate Precision Decimals":4,"CRS":"GDA2020 (EPSG:7844)","Modified":"Simplified and repackaged from the source dataset; see Source URL"},"id":"3430"},{"arcs":[[-35,371,372,373,374]],"type":"Polygon","properties":{"LGA Code":"3610","Abbreviated Name":"Goondiwindi","LGA Name":"Goondiwindi Regional","Area Sq Km":19281.48,"LDMG Name":"Goondiwindi","Source Area Sq Km":19280.68984,"Police Region Name":"Southern Region","Police Region Code":"SR","Police Region Short Name":"Southern","Region Slug":"southern","Layer Id":"qld_ldmg_boundaries_gda2020_simp200m","Layer Group":"statewide","Layer Kind":"ldmg","Source":"Local government area boundaries - Queensland, Department of Natural Resources and Mines, Manufacturing and Regional and Rural Development; ASGS Edition 3 (2021) Local Government Areas, Australian Bureau of Statistics","Source URL":"https://www.data.qld.gov.au/dataset/local-government-area-boundaries-queensland","Licence":"CC BY 4.0","Licence URL":"https://creativecommons.org/licenses/by/4.0/","Dataset Date":"extract of 11/05/2026","Simplification Tolerance M":200,"Coordinate Precision Decimals":4,"CRS":"GDA2020 (EPSG:7844)","Modified":"Simplified and repackaged from the source dataset; see Source URL"},"id":"3610"},{"arcs":[[-362,375,376,377,378,379,380]],"type":"Polygon","properties":{"LGA Code":"3620","Abbreviated Name":"Gympie","LGA Name":"Gympie Regional","Area Sq Km":6936.31,"LDMG Name":"Gympie","Source Area Sq Km":6936.26533,"Police Region Name":"North Coast Region","Police Region Code":"NCR","Police Region Short Name":"North Coast","Region Slug":"north_coast","Layer Id":"qld_ldmg_boundaries_gda2020_simp200m","Layer Group":"statewide","Layer Kind":"ldmg","Source":"Local government area boundaries - Queensland, Department of Natural Resources and Mines, Manufacturing and Regional and Rural Development; ASGS Edition 3 (2021) Local Government Areas, Australian Bureau of Statistics","Source URL":"https://www.data.qld.gov.au/dataset/local-government-area-boundaries-queensland","Licence":"CC BY 4.0","Licence URL":"https://creativecommons.org/licenses/by/4.0/","Dataset Date":"extract of 11/05/2026","Simplification Tolerance M":200,"Coordinate Precision Decimals":4,"CRS":"GDA2020 (EPSG:7844)","Modified":"Simplified and repackaged from the source dataset; see Source URL"},"id":"3620"},{"arcs":[[381,382,-122,383,-105],[384],[385],[386],[387],[388],[389],[390],[391],[392],[393]],"type":"Polygon","properties":{"LGA Code":"3800","Abbreviated Name":"Hinchinbrook","LGA Name":"Hinchinbrook Shire","Area Sq Km":11387.64,"LDMG Name":"Hinchinbrook","Source Area Sq Km":11385.08266,"Police Region Name":"Northern Region","Police Region Code":"NR","Police Region Short Name":"Northern","Region Slug":"northern","Layer Id":"qld_ldmg_boundaries_gda2020_simp200m","Layer Group":"statewide","Layer Kind":"ldmg","Source":"Local government area boundaries - Queensland, Department of Natural Resources and Mines, Manufacturing and Regional and Rural Development; ASGS Edition 3 (2021) Local Government Areas, Australian Bureau of Statistics","Source URL":"https://www.data.qld.gov.au/dataset/local-government-area-boundaries-queensland","Licence":"CC BY 4.0","Licence URL":"https://creativecommons.org/licenses/by/4.0/","Dataset Date":"extract of 11/05/2026","Simplification Tolerance M":200,"Coordinate Precision Decimals":4,"CRS":"GDA2020 (EPSG:7844)","Modified":"Simplified and repackaged from the source dataset; see Source URL"},"id":"3800"},{"arcs":[[-238],[-237]],"type":"Polygon","properties":{"LGA Code":"3830","Abbreviated Name":"Hope Vale Aboriginal","LGA Name":"Hope Vale Aboriginal Shire","Area Sq Km":1112.08,"LDMG Name":"Hope Vale","Source Area Sq Km":1111.07585,"Police Region Name":"Far Northern Region","Police Region Code":"FNR","Police Region Short Name":"Far North","Region Slug":"far_north","Layer Id":"qld_ldmg_boundaries_gda2020_simp200m","Layer Group":"statewide","Layer Kind":"ldmg","Source":"Local government area boundaries - Queensland, Department of Natural Resources and Mines, Manufacturing and Regional and Rural Development; ASGS Edition 3 (2021) Local Government Areas, Australian Bureau of Statistics","Source URL":"https://www.data.qld.gov.au/dataset/local-government-area-boundaries-queensland","Licence":"CC BY 4.0","Licence URL":"https://creativecommons.org/licenses/by/4.0/","Dataset Date":"extract of 11/05/2026","Simplification Tolerance M":200,"Coordinate Precision Decimals":4,"CRS":"GDA2020 (EPSG:7844)","Modified":"Simplified and repackaged from the source dataset; see Source URL"},"id":"3830"},{"arcs":[[-72,394,395,396,397]],"type":"Polygon","properties":{"LGA Code":"3960","Abbreviated Name":"Ipswich","LGA Name":"Ipswich City","Area Sq Km":1092.7,"LDMG Name":"Ipswich","Source Area Sq Km":1093.15869,"Police Region Name":"Southern Region","Police Region Code":"SR","Police Region Short Name":"Southern","Region Slug":"southern","Layer Id":"qld_ldmg_boundaries_gda2020_simp200m","Layer Group":"statewide","Layer Kind":"ldmg","Source":"Local government area boundaries - Queensland, Department of Natural Resources and Mines, Manufacturing and Regional and Rural Development; ASGS Edition 3 (2021) Local Government Areas, Australian Bureau of Statistics","Source URL":"https://www.data.qld.gov.au/dataset/local-government-area-boundaries-queensland","Licence":"CC BY 4.0","Licence URL":"https://creativecommons.org/licenses/by/4.0/","Dataset Date":"extract of 11/05/2026","Simplification Tolerance M":200,"Coordinate Precision Decimals":4,"CRS":"GDA2020 (EPSG:7844)","Modified":"Simplified and repackaged from the source dataset; see Source URL"},"id":"3960"},{"arcs":[[-49,-126,398,399,400,401,-109]],"type":"Polygon","properties":{"LGA Code":"3980","Abbreviated Name":"Isaac","LGA Name":"Isaac Regional","Area Sq Km":82587.93,"LDMG Name":"Isaac","Source Area Sq Km":82596.00469,"Police Region Name":"Central Region","Police Region Code":"CR","Police Region Short Name":"Central","Region Slug":"central","Layer Id":"qld_ldmg_boundaries_gda2020_simp200m","Layer Group":"statewide","Layer Kind":"ldmg","Source":"Local government area boundaries - Queensland, Department of Natural Resources and Mines, Manufacturing and Regional and Rural Development; ASGS Edition 3 (2021) Local Government Areas, Australian Bureau of Statistics","Source URL":"https://www.data.qld.gov.au/dataset/local-government-area-boundaries-queensland","Licence":"CC BY 4.0","Licence URL":"https://creativecommons.org/licenses/by/4.0/","Dataset Date":"extract of 11/05/2026","Simplification Tolerance M":200,"Coordinate Precision Decimals":4,"CRS":"GDA2020 (EPSG:7844)","Modified":"Simplified and repackaged from the source dataset; see Source URL"},"id":"3980"},{"arcs":[[-93,402,-103,-158]],"type":"Polygon","properties":{"LGA Code":"4420","Abbreviated Name":"Kowanyama Aboriginal","LGA Name":"Kowanyama Aboriginal Shire","Area Sq Km":2524.46,"LDMG Name":"Kowanyama","Source Area Sq Km":2524.88628,"Police Region Name":"Far Northern Region","Police Region Code":"FNR","Police Region Short Name":"Far North","Region Slug":"far_north","Layer Id":"qld_ldmg_boundaries_gda2020_simp200m","Layer Group":"statewide","Layer Kind":"ldmg","Source":"Local government area boundaries - Queensland, Department of Natural Resources and Mines, Manufacturing and Regional and Rural Development; ASGS Edition 3 (2021) Local Government Areas, Australian Bureau of Statistics","Source URL":"https://www.data.qld.gov.au/dataset/local-government-area-boundaries-queensland","Licence":"CC BY 4.0","Licence URL":"https://creativecommons.org/licenses/by/4.0/","Dataset Date":"extract of 11/05/2026","Simplification Tolerance M":200,"Coordinate Precision Decimals":4,"CRS":"GDA2020 (EPSG:7844)","Modified":"Simplified and repackaged from the source dataset; see Source URL"},"id":"4420"},{"arcs":[[-110,-402,403,-365,404]],"type":"Polygon","properties":{"LGA Code":"4530","Abbreviated Name":"Livingstone","LGA Name":"Livingstone Shire","Area Sq Km":46964.73,"LDMG Name":"Livingstone","Source Area Sq Km":46965.607,"Police Region Name":"Central Region","Police Region Code":"CR","Police Region Short Name":"Central","Region Slug":"central","Layer Id":"qld_ldmg_boundaries_gda2020_simp200m","Layer Group":"statewide","Layer Kind":"ldmg","Source":"Local government area boundaries - Queensland, Department of Natural Resources and Mines, Manufacturing and Regional and Rural Development; ASGS Edition 3 (2021) Local Government Areas, Australian Bureau of Statistics","Source URL":"https://www.data.qld.gov.au/dataset/local-government-area-boundaries-queensland","Licence":"CC BY 4.0","Licence URL":"https://creativecommons.org/licenses/by/4.0/","Dataset Date":"extract of 11/05/2026","Simplification Tolerance M":200,"Coordinate Precision Decimals":4,"CRS":"GDA2020 (EPSG:7844)","Modified":"Simplified and repackaged from the source dataset; see Source URL"},"id":"4530"},{"arcs":[[[-239]],[[-240]],[[-241]],[[-242]],[[-243]],[[-244]],[[405,406,-252]],[[-256,407,-254,408]],[[-266,409,410]],[[411,412,-274]],[[413,414,-277,415,416,-280]],[[417,-284]],[[-285,418,419]],[[-289,420]],[[-290,421,422]],[[-293]],[[423,-296,424,425,-298]],[[-301,426,-299,427]],[[428,429]]],"type":"MultiPolygon","properties":{"LGA Code":"4570","Abbreviated Name":"Lockhart River Aboriginal","LGA Name":"Lockhart River Aboriginal Shire","Area Sq Km":3602.42,"LDMG Name":"Lockhart River","Source Area Sq Km":3601.0738,"Police Region Name":"Far Northern Region","Police Region Code":"FNR","Police Region Short Name":"Far North","Region Slug":"far_north","Layer Id":"qld_ldmg_boundaries_gda2020_simp200m","Layer Group":"statewide","Layer Kind":"ldmg","Source":"Local government area boundaries - Queensland, Department of Natural Resources and Mines, Manufacturing and Regional and Rural Development; ASGS Edition 3 (2021) Local Government Areas, Australian Bureau of Statistics","Source URL":"https://www.data.qld.gov.au/dataset/local-government-area-boundaries-queensland","Licence":"CC BY 4.0","Licence URL":"https://creativecommons.org/licenses/by/4.0/","Dataset Date":"extract of 11/05/2026","Simplification Tolerance M":200,"Coordinate Precision Decimals":4,"CRS":"GDA2020 (EPSG:7844)","Modified":"Simplified and repackaged from the source dataset; see Source URL"},"id":"4570"},{"arcs":[[-397,430,431,432,433]],"type":"Polygon","properties":{"LGA Code":"4580","Abbreviated Name":"Lockyer Valley","LGA Name":"Lockyer Valley Regional","Area Sq Km":2268.43,"LDMG Name":"Lockyer Valley","Source Area Sq Km":2269.27913,"Police Region Name":"Southern Region","Police Region Code":"SR","Police Region Short Name":"Southern","Region Slug":"southern","Layer Id":"qld_ldmg_boundaries_gda2020_simp200m","Layer Group":"statewide","Layer Kind":"ldmg","Source":"Local government area boundaries - Queensland, Department of Natural Resources and Mines, Manufacturing and Regional and Rural Development; ASGS Edition 3 (2021) Local Government Areas, Australian Bureau of Statistics","Source URL":"https://www.data.qld.gov.au/dataset/local-government-area-boundaries-queensland","Licence":"CC BY 4.0","Licence URL":"https://creativecommons.org/licenses/by/4.0/","Dataset Date":"extract of 11/05/2026","Simplification Tolerance M":200,"Coordinate Precision Decimals":4,"CRS":"GDA2020 (EPSG:7844)","Modified":"Simplified and repackaged from the source dataset; see Source URL"},"id":"4580"},{"arcs":[[-71,434,-369,435,-395]],"type":"Polygon","properties":{"LGA Code":"4590","Abbreviated Name":"Logan","LGA Name":"Logan City","Area Sq Km":957.69,"LDMG Name":"Logan","Source Area Sq Km":957.87316,"Police Region Name":"South Eastern Region","Police Region Code":"SER","Police Region Short Name":"South East","Region Slug":"south_east","Layer Id":"qld_ldmg_boundaries_gda2020_simp200m","Layer Group":"statewide","Layer Kind":"ldmg","Source":"Local government area boundaries - Queensland, Department of Natural Resources and Mines, Manufacturing and Regional and Rural Development; ASGS Edition 3 (2021) Local Government Areas, Australian Bureau of Statistics","Source URL":"https://www.data.qld.gov.au/dataset/local-government-area-boundaries-queensland","Licence":"CC BY 4.0","Licence URL":"https://creativecommons.org/licenses/by/4.0/","Dataset Date":"extract of 11/05/2026","Simplification Tolerance M":200,"Coordinate Precision Decimals":4,"CRS":"GDA2020 (EPSG:7844)","Modified":"Simplified and repackaged from the source dataset; see Source URL"},"id":"4590"},{"arcs":[[-45,-61,436,-57,437]],"type":"Polygon","properties":{"LGA Code":"4710","Abbreviated Name":"Longreach","LGA Name":"Longreach Regional","Area Sq Km":40561.36,"LDMG Name":"Longreach","Source Area Sq Km":40561.49399,"Police Region Name":"Central Region","Police Region Code":"CR","Police Region Short Name":"Central","Region Slug":"central","Layer Id":"qld_ldmg_boundaries_gda2020_simp200m","Layer Group":"statewide","Layer Kind":"ldmg","Source":"Local government area boundaries - Queensland, Department of Natural Resources and Mines, Manufacturing and Regional and Rural Development; ASGS Edition 3 (2021) Local Government Areas, Australian Bureau of Statistics","Source URL":"https://www.data.qld.gov.au/dataset/local-government-area-boundaries-queensland","Licence":"CC BY 4.0","Licence URL":"https://creativecommons.org/licenses/by/4.0/","Dataset Date":"extract of 11/05/2026","Simplification Tolerance M":200,"Coordinate Precision Decimals":4,"CRS":"GDA2020 (EPSG:7844)","Modified":"Simplified and repackaged from the source dataset; see Source URL"},"id":"4710"},{"arcs":[[438,439,-400]],"type":"Polygon","properties":{"LGA Code":"4770","Abbreviated Name":"Mackay","LGA Name":"Mackay Regional","Area Sq Km":34367.43,"LDMG Name":"Mackay","Source Area Sq Km":34366.07648,"Police Region Name":"Central Region","Police Region Code":"CR","Police Region Short Name":"Central","Region Slug":"central","Layer Id":"qld_ldmg_boundaries_gda2020_simp200m","Layer Group":"statewide","Layer Kind":"ldmg","Source":"Local government area boundaries - Queensland, Department of Natural Resources and Mines, Manufacturing and Regional and Rural Development; ASGS Edition 3 (2021) Local Government Areas, Australian Bureau of Statistics","Source URL":"https://www.data.qld.gov.au/dataset/local-government-area-boundaries-queensland","Licence":"CC BY 4.0","Licence URL":"https://creativecommons.org/licenses/by/4.0/","Dataset Date":"extract of 11/05/2026","Simplification Tolerance M":200,"Coordinate Precision Decimals":4,"CRS":"GDA2020 (EPSG:7844)","Modified":"Simplified and repackaged from the source dataset; see Source URL"},"id":"4770"},{"arcs":[[[-146,440,441,442,443,-324,444,445,446,447,-148,448]],[[-245]],[[-246]]],"type":"MultiPolygon","properties":{"LGA Code":"4830","Abbreviated Name":"Mapoon Aboriginal","LGA Name":"Mapoon Aboriginal Shire","Area Sq Km":488.41,"LDMG Name":"Mapoon","Source Area Sq Km":488.08186,"Police Region Name":"Far Northern Region","Police Region Code":"FNR","Police Region Short Name":"Far North","Region Slug":"far_north","Layer Id":"qld_ldmg_boundaries_gda2020_simp200m","Layer Group":"statewide","Layer Kind":"ldmg","Source":"Local government area boundaries - Queensland, Department of Natural Resources and Mines, Manufacturing and Regional and Rural Development; ASGS Edition 3 (2021) Local Government Areas, Australian Bureau of Statistics","Source URL":"https://www.data.qld.gov.au/dataset/local-government-area-boundaries-queensland","Licence":"CC BY 4.0","Licence URL":"https://creativecommons.org/licenses/by/4.0/","Dataset Date":"extract of 11/05/2026","Simplification Tolerance M":200,"Coordinate Precision Decimals":4,"CRS":"GDA2020 (EPSG:7844)","Modified":"Simplified and repackaged from the source dataset; see Source URL"},"id":"4830"},{"arcs":[[-38,449,450,-107,-41,451]],"type":"Polygon","properties":{"LGA Code":"4860","Abbreviated Name":"Maranoa","LGA Name":"Maranoa Regional","Area Sq Km":58713.27,"LDMG Name":"Maranoa","Source Area Sq Km":58712.43381,"Police Region Name":"Southern Region","Police Region Code":"SR","Police Region Short Name":"Southern","Region Slug":"southern","Layer Id":"qld_ldmg_boundaries_gda2020_simp200m","Layer Group":"statewide","Layer Kind":"ldmg","Source":"Local government area boundaries - Queensland, Department of Natural Resources and Mines, Manufacturing and Regional and Rural Development; ASGS Edition 3 (2021) Local Government Areas, Australian Bureau of Statistics","Source URL":"https://www.data.qld.gov.au/dataset/local-government-area-boundaries-queensland","Licence":"CC BY 4.0","Licence URL":"https://creativecommons.org/licenses/by/4.0/","Dataset Date":"extract of 11/05/2026","Simplification Tolerance M":200,"Coordinate Precision Decimals":4,"CRS":"GDA2020 (EPSG:7844)","Modified":"Simplified and repackaged from the source dataset; see Source URL"},"id":"4860"},{"arcs":[[-85,452,-357,-95,-157,-351]],"type":"Polygon","properties":{"LGA Code":"4880","Abbreviated Name":"Mareeba","LGA Name":"Mareeba Shire","Area Sq Km":53366.21,"LDMG Name":"Mareeba","Source Area Sq Km":53366.40077,"Police Region Name":"Far Northern Region","Police Region Code":"FNR","Police Region Short Name":"Far North","Region Slug":"far_north","Layer Id":"qld_ldmg_boundaries_gda2020_simp200m","Layer Group":"statewide","Layer Kind":"ldmg","Source":"Local government area boundaries - Queensland, Department of Natural Resources and Mines, Manufacturing and Regional and Rural Development; ASGS Edition 3 (2021) Local Government Areas, Australian Bureau of Statistics","Source URL":"https://www.data.qld.gov.au/dataset/local-government-area-boundaries-queensland","Licence":"CC BY 4.0","Licence URL":"https://creativecommons.org/licenses/by/4.0/","Dataset Date":"extract of 11/05/2026","Simplification Tolerance M":200,"Coordinate Precision Decimals":4,"CRS":"GDA2020 (EPSG:7844)","Modified":"Simplified and repackaged from the source dataset; see Source URL"},"id":"4880"},{"arcs":[[-97,-347,453,454,-129]],"type":"Polygon","properties":{"LGA Code":"4800","Abbreviated Name":"McKinlay","LGA Name":"McKinlay Shire","Area Sq Km":40733.21,"LDMG Name":"McKinlay","Source Area Sq Km":40732.91399,"Police Region Name":"Northern Region","Police Region Code":"NR","Police Region Short Name":"Northern","Region Slug":"northern","Layer Id":"qld_ldmg_boundaries_gda2020_simp200m","Layer Group":"statewide","Layer Kind":"ldmg","Source":"Local government area boundaries - Queensland, Department of Natural Resources and Mines, Manufacturing and Regional and Rural Development; ASGS Edition 3 (2021) Local Government Areas, Australian Bureau of Statistics","Source URL":"https://www.data.qld.gov.au/dataset/local-government-area-boundaries-queensland","Licence":"CC BY 4.0","Licence URL":"https://creativecommons.org/licenses/by/4.0/","Dataset Date":"extract of 11/05/2026","Simplification Tolerance M":200,"Coordinate Precision Decimals":4,"CRS":"GDA2020 (EPSG:7844)","Modified":"Simplified and repackaged from the source dataset; see Source URL"},"id":"4800"},{"arcs":[[455,456,457,-74],[458]],"type":"Polygon","properties":{"LGA Code":"5010","Abbreviated Name":"Moreton Bay","LGA Name":"Moreton Bay City","Area Sq Km":2071.08,"LDMG Name":"Moreton Bay","Source Area Sq Km":2071.09352,"Police Region Name":"Brisbane Region","Police Region Code":"BR","Police Region Short Name":"Brisbane","Region Slug":"brisbane","Layer Id":"qld_ldmg_boundaries_gda2020_simp200m","Layer Group":"statewide","Layer Kind":"ldmg","Source":"Local government area boundaries - Queensland, Department of Natural Resources and Mines, Manufacturing and Regional and Rural Development; ASGS Edition 3 (2021) Local Government Areas, Australian Bureau of Statistics","Source URL":"https://www.data.qld.gov.au/dataset/local-government-area-boundaries-queensland","Licence":"CC BY 4.0","Licence URL":"https://creativecommons.org/licenses/by/4.0/","Dataset Date":"extract of 11/05/2026","Simplification Tolerance M":200,"Coordinate Precision Decimals":4,"CRS":"GDA2020 (EPSG:7844)","Modified":"Simplified and repackaged from the source dataset; see Source URL"},"id":"5010"},{"arcs":[[[459]],[[460]],[[461]],[[462]],[[463]],[[464]],[[465]],[[466]],[[467]],[[468]],[[469]],[[470]],[[471]],[[472]],[[473]],[[474]],[[475]],[[476]],[[477]],[[478]],[[479]],[[480]],[[481]],[[482]],[[483]],[[484]],[[485]],[[486]],[[487]],[[488]],[[489]],[[490]],[[491]],[[492]],[[493]],[[494]],[[495]]],"type":"MultiPolygon","properties":{"LGA Code":"5250","Abbreviated Name":"Mornington","LGA Name":"Mornington Shire","Area Sq Km":1213.17,"LDMG Name":"Mornington","Source Area Sq Km":1212.20294,"Police Region Name":"Northern Region","Police Region Code":"NR","Police Region Short Name":"Northern","Region Slug":"northern","Layer Id":"qld_ldmg_boundaries_gda2020_simp200m","Layer Group":"statewide","Layer Kind":"ldmg","Source":"Local government area boundaries - Queensland, Department of Natural Resources and Mines, Manufacturing and Regional and Rural Development; ASGS Edition 3 (2021) Local Government Areas, Australian Bureau of Statistics","Source URL":"https://www.data.qld.gov.au/dataset/local-government-area-boundaries-queensland","Licence":"CC BY 4.0","Licence URL":"https://creativecommons.org/licenses/by/4.0/","Dataset Date":"extract of 11/05/2026","Simplification Tolerance M":200,"Coordinate Precision Decimals":4,"CRS":"GDA2020 (EPSG:7844)","Modified":"Simplified and repackaged from the source dataset; see Source URL"},"id":"5250"},{"arcs":[[-64,496,-82,-128]],"type":"Polygon","properties":{"LGA Code":"5300","Abbreviated Name":"Mount Isa","LGA Name":"Mount Isa City","Area Sq Km":43209.55,"LDMG Name":"Mount Isa","Source Area Sq Km":43209.77211,"Police Region Name":"Northern Region","Police Region Code":"NR","Police Region Short Name":"Northern","Region Slug":"northern","Layer Id":"qld_ldmg_boundaries_gda2020_simp200m","Layer Group":"statewide","Layer Kind":"ldmg","Source":"Local government area boundaries - Queensland, Department of Natural Resources and Mines, Manufacturing and Regional and Rural Development; ASGS Edition 3 (2021) Local Government Areas, Australian Bureau of Statistics","Source URL":"https://www.data.qld.gov.au/dataset/local-government-area-boundaries-queensland","Licence":"CC BY 4.0","Licence URL":"https://creativecommons.org/licenses/by/4.0/","Dataset Date":"extract of 11/05/2026","Simplification Tolerance M":200,"Coordinate Precision Decimals":4,"CRS":"GDA2020 (EPSG:7844)","Modified":"Simplified and repackaged from the source dataset; see Source URL"},"id":"5300"},{"arcs":[[-59,-108,-451,497,498]],"type":"Polygon","properties":{"LGA Code":"5600","Abbreviated Name":"Murweh","LGA Name":"Murweh Shire","Area Sq Km":40698.46,"LDMG Name":"Murweh","Source Area Sq Km":40698.93007,"Police Region Name":"Southern Region","Police Region Code":"SR","Police Region Short Name":"Southern","Region Slug":"southern","Layer Id":"qld_ldmg_boundaries_gda2020_simp200m","Layer Group":"statewide","Layer Kind":"ldmg","Source":"Local government area boundaries - Queensland, Department of Natural Resources and Mines, Manufacturing and Regional and Rural Development; ASGS Edition 3 (2021) Local Government Areas, Australian Bureau of Statistics","Source URL":"https://www.data.qld.gov.au/dataset/local-government-area-boundaries-queensland","Licence":"CC BY 4.0","Licence URL":"https://creativecommons.org/licenses/by/4.0/","Dataset Date":"extract of 11/05/2026","Simplification Tolerance M":200,"Coordinate Precision Decimals":4,"CRS":"GDA2020 (EPSG:7844)","Modified":"Simplified and repackaged from the source dataset; see Source URL"},"id":"5600"},{"arcs":[[[-24,-132,-1,-131]],[[-19,-136]],[[499,-133,-22,500]],[[-32,-138]],[[501,-224,502,503,504,-144]],[[505,506,507,508,509,510,511,512,513,514,515,516,517,-142]],[[-449,-147]],[[-248]],[[-249]],[[-250]],[[518,519,-260,520]],[[-267]],[[-268]],[[521,-272]],[[522,523,524]]],"type":"MultiPolygon","properties":{"LGA Code":"5670","Abbreviated Name":"Napranum Aboriginal","LGA Name":"Napranum Aboriginal Shire","Area Sq Km":1984.08,"LDMG Name":"Napranum","Source Area Sq Km":1984.46369,"Police Region Name":"Far Northern Region","Police Region Code":"FNR","Police Region Short Name":"Far North","Region Slug":"far_north","Layer Id":"qld_ldmg_boundaries_gda2020_simp200m","Layer Group":"statewide","Layer Kind":"ldmg","Source":"Local government area boundaries - Queensland, Department of Natural Resources and Mines, Manufacturing and Regional and Rural Development; ASGS Edition 3 (2021) Local Government Areas, Australian Bureau of Statistics","Source URL":"https://www.data.qld.gov.au/dataset/local-government-area-boundaries-queensland","Licence":"CC BY 4.0","Licence URL":"https://creativecommons.org/licenses/by/4.0/","Dataset Date":"extract of 11/05/2026","Simplification Tolerance M":200,"Coordinate Precision Decimals":4,"CRS":"GDA2020 (EPSG:7844)","Modified":"Simplified and repackaged from the source dataset; see Source URL"},"id":"5670"},{"arcs":[[-377,525,526]],"type":"Polygon","properties":{"LGA Code":"5740","Abbreviated Name":"Noosa","LGA Name":"Noosa Shire","Area Sq Km":869.6,"LDMG Name":"Noosa","Source Area Sq Km":870.10279,"Police Region Name":"North Coast Region","Police Region Code":"NCR","Police Region Short Name":"North Coast","Region Slug":"north_coast","Layer Id":"qld_ldmg_boundaries_gda2020_simp200m","Layer Group":"statewide","Layer Kind":"ldmg","Source":"Local government area boundaries - Queensland, Department of Natural Resources and Mines, Manufacturing and Regional and Rural Development; ASGS Edition 3 (2021) Local Government Areas, Australian Bureau of Statistics","Source URL":"https://www.data.qld.gov.au/dataset/local-government-area-boundaries-queensland","Licence":"CC BY 4.0","Licence URL":"https://creativecommons.org/licenses/by/4.0/","Dataset Date":"extract of 11/05/2026","Simplification Tolerance M":200,"Coordinate Precision Decimals":4,"CRS":"GDA2020 (EPSG:7844)","Modified":"Simplified and repackaged from the source dataset; see Source URL"},"id":"5740"},{"arcs":[[-39,-367,-338,-363,-381,527,528]],"type":"Polygon","properties":{"LGA Code":"5760","Abbreviated Name":"North Burnett","LGA Name":"North Burnett Regional","Area Sq Km":19670.43,"LDMG Name":"North Burnett","Source Area Sq Km":19670.52276,"Police Region Name":"North Coast Region","Police Region Code":"NCR","Police Region Short Name":"North Coast","Region Slug":"north_coast","Layer Id":"qld_ldmg_boundaries_gda2020_simp200m","Layer Group":"statewide","Layer Kind":"ldmg","Source":"Local government area boundaries - Queensland, Department of Natural Resources and Mines, Manufacturing and Regional and Rural Development; ASGS Edition 3 (2021) Local Government Areas, Australian Bureau of Statistics","Source URL":"https://www.data.qld.gov.au/dataset/local-government-area-boundaries-queensland","Licence":"CC BY 4.0","Licence URL":"https://creativecommons.org/licenses/by/4.0/","Dataset Date":"extract of 11/05/2026","Simplification Tolerance M":200,"Coordinate Precision Decimals":4,"CRS":"GDA2020 (EPSG:7844)","Modified":"Simplified and repackaged from the source dataset; see Source URL"},"id":"5760"},{"arcs":[[[529,-151]],[[530]],[[531]],[[532]],[[533]],[[534]],[[535]]],"type":"MultiPolygon","properties":{"LGA Code":"5780","Abbreviated Name":"Northern Peninsula Area","LGA Name":"Northern Peninsula Area Regional","Area Sq Km":1020.64,"LDMG Name":"Northern Peninsula","Source Area Sq Km":1020.79758,"Police Region Name":"Far Northern Region","Police Region Code":"FNR","Police Region Short Name":"Far North","Region Slug":"far_north","Layer Id":"qld_ldmg_boundaries_gda2020_simp200m","Layer Group":"statewide","Layer Kind":"ldmg","Source":"Local government area boundaries - Queensland, Department of Natural Resources and Mines, Manufacturing and Regional and Rural Development; ASGS Edition 3 (2021) Local Government Areas, Australian Bureau of Statistics","Source URL":"https://www.data.qld.gov.au/dataset/local-government-area-boundaries-queensland","Licence":"CC BY 4.0","Licence URL":"https://creativecommons.org/licenses/by/4.0/","Dataset Date":"extract of 11/05/2026","Simplification Tolerance M":200,"Coordinate Precision Decimals":4,"CRS":"GDA2020 (EPSG:7844)","Modified":"Simplified and repackaged from the source dataset; see Source URL"},"id":"5780"},{"arcs":[[[-385]],[[-386]],[[-387]],[[-388]],[[-389]],[[-390]],[[-391]],[[-392]],[[-393]],[[-394]]],"type":"MultiPolygon","properties":{"LGA Code":"5790","Abbreviated Name":"Palm Island Aboriginal","LGA Name":"Palm Island Aboriginal Shire","Area Sq Km":68.16,"LDMG Name":"Palm Island","Source Area Sq Km":69.29859,"Police Region Name":"Northern Region","Police Region Code":"NR","Police Region Short Name":"Northern","Region Slug":"northern","Layer Id":"qld_ldmg_boundaries_gda2020_simp200m","Layer Group":"statewide","Layer Kind":"ldmg","Source":"Local government area boundaries - Queensland, Department of Natural Resources and Mines, Manufacturing and Regional and Rural Development; ASGS Edition 3 (2021) Local Government Areas, Australian Bureau of Statistics","Source URL":"https://www.data.qld.gov.au/dataset/local-government-area-boundaries-queensland","Licence":"CC BY 4.0","Licence URL":"https://creativecommons.org/licenses/by/4.0/","Dataset Date":"extract of 11/05/2026","Simplification Tolerance M":200,"Coordinate Precision Decimals":4,"CRS":"GDA2020 (EPSG:7844)","Modified":"Simplified and repackaged from the source dataset; see Source URL"},"id":"5790"},{"arcs":[[-37,536,-336,537,-498,-450]],"type":"Polygon","properties":{"LGA Code":"5800","Abbreviated Name":"Paroo","LGA Name":"Paroo Shire","Area Sq Km":47628.77,"LDMG Name":"Paroo","Source Area Sq Km":47628.47582,"Police Region Name":"Southern Region","Police Region Code":"SR","Police Region Short Name":"Southern","Region Slug":"southern","Layer Id":"qld_ldmg_boundaries_gda2020_simp200m","Layer Group":"statewide","Layer Kind":"ldmg","Source":"Local government area boundaries - Queensland, Department of Natural Resources and Mines, Manufacturing and Regional and Rural Development; ASGS Edition 3 (2021) Local Government Areas, Australian Bureau of Statistics","Source URL":"https://www.data.qld.gov.au/dataset/local-government-area-boundaries-queensland","Licence":"CC BY 4.0","Licence URL":"https://creativecommons.org/licenses/by/4.0/","Dataset Date":"extract of 11/05/2026","Simplification Tolerance M":200,"Coordinate Precision Decimals":4,"CRS":"GDA2020 (EPSG:7844)","Modified":"Simplified and repackaged from the source dataset; see Source URL"},"id":"5800"},{"arcs":[[-101,538,-168,539,540,-172,-174,541,542,543,544,545,-208,546,-167,547,-159]],"type":"Polygon","properties":{"LGA Code":"6070","Abbreviated Name":"Pormpuraaw Aboriginal","LGA Name":"Pormpuraaw Aboriginal Shire","Area Sq Km":4382.81,"LDMG Name":"Pormpuraaw","Source Area Sq Km":4383.08325,"Police Region Name":"Far Northern Region","Police Region Code":"FNR","Police Region Short Name":"Far North","Region Slug":"far_north","Layer Id":"qld_ldmg_boundaries_gda2020_simp200m","Layer Group":"statewide","Layer Kind":"ldmg","Source":"Local government area boundaries - Queensland, Department of Natural Resources and Mines, Manufacturing and Regional and Rural Development; ASGS Edition 3 (2021) Local Government Areas, Australian Bureau of Statistics","Source URL":"https://www.data.qld.gov.au/dataset/local-government-area-boundaries-queensland","Licence":"CC BY 4.0","Licence URL":"https://creativecommons.org/licenses/by/4.0/","Dataset Date":"extract of 11/05/2026","Simplification Tolerance M":200,"Coordinate Precision Decimals":4,"CRS":"GDA2020 (EPSG:7844)","Modified":"Simplified and repackaged from the source dataset; see Source URL"},"id":"6070"},{"arcs":[[-52,-437,-60,-499,-538,-335]],"type":"Polygon","properties":{"LGA Code":"6150","Abbreviated Name":"Quilpie","LGA Name":"Quilpie Shire","Area Sq Km":67456.57,"LDMG Name":"Quilpie","Source Area Sq Km":67456.57279,"Police Region Name":"Southern Region","Police Region Code":"SR","Police Region Short Name":"Southern","Region Slug":"southern","Layer Id":"qld_ldmg_boundaries_gda2020_simp200m","Layer Group":"statewide","Layer Kind":"ldmg","Source":"Local government area boundaries - Queensland, Department of Natural Resources and Mines, Manufacturing and Regional and Rural Development; ASGS Edition 3 (2021) Local Government Areas, Australian Bureau of Statistics","Source URL":"https://www.data.qld.gov.au/dataset/local-government-area-boundaries-queensland","Licence":"CC BY 4.0","Licence URL":"https://creativecommons.org/licenses/by/4.0/","Dataset Date":"extract of 11/05/2026","Simplification Tolerance M":200,"Coordinate Precision Decimals":4,"CRS":"GDA2020 (EPSG:7844)","Modified":"Simplified and repackaged from the source dataset; see Source URL"},"id":"6150"},{"arcs":[[-76,548,-370,-435]],"type":"Polygon","properties":{"LGA Code":"6250","Abbreviated Name":"Redland","LGA Name":"Redland City","Area Sq Km":907.42,"LDMG Name":"Redland","Source Area Sq Km":907.3914,"Police Region Name":"Brisbane Region","Police Region Code":"BR","Police Region Short Name":"Brisbane","Region Slug":"brisbane","Layer Id":"qld_ldmg_boundaries_gda2020_simp200m","Layer Group":"statewide","Layer Kind":"ldmg","Source":"Local government area boundaries - Queensland, Department of Natural Resources and Mines, Manufacturing and Regional and Rural Development; ASGS Edition 3 (2021) Local Government Areas, Australian Bureau of Statistics","Source URL":"https://www.data.qld.gov.au/dataset/local-government-area-boundaries-queensland","Licence":"CC BY 4.0","Licence URL":"https://creativecommons.org/licenses/by/4.0/","Dataset Date":"extract of 11/05/2026","Simplification Tolerance M":200,"Coordinate Precision Decimals":4,"CRS":"GDA2020 (EPSG:7844)","Modified":"Simplified and repackaged from the source dataset; see Source URL"},"id":"6250"},{"arcs":[[-346,-356,-360,549,-454]],"type":"Polygon","properties":{"LGA Code":"6300","Abbreviated Name":"Richmond","LGA Name":"Richmond Shire","Area Sq Km":26584.2,"LDMG Name":"Richmond","Source Area Sq Km":26584.37452,"Police Region Name":"Northern Region","Police Region Code":"NR","Police Region Short Name":"Northern","Region Slug":"northern","Layer Id":"qld_ldmg_boundaries_gda2020_simp200m","Layer Group":"statewide","Layer Kind":"ldmg","Source":"Local government area boundaries - Queensland, Department of Natural Resources and Mines, Manufacturing and Regional and Rural Development; ASGS Edition 3 (2021) Local Government Areas, Australian Bureau of Statistics","Source URL":"https://www.data.qld.gov.au/dataset/local-government-area-boundaries-queensland","Licence":"CC BY 4.0","Licence URL":"https://creativecommons.org/licenses/by/4.0/","Dataset Date":"extract of 11/05/2026","Simplification Tolerance M":200,"Coordinate Precision Decimals":4,"CRS":"GDA2020 (EPSG:7844)","Modified":"Simplified and repackaged from the source dataset; see Source URL"},"id":"6300"},{"arcs":[[-43,-113,550,-111,-405,-364]],"type":"Polygon","properties":{"LGA Code":"6370","Abbreviated Name":"Rockhampton","LGA Name":"Rockhampton Regional","Area Sq Km":6573.26,"LDMG Name":"Rockhampton","Source Area Sq Km":6573.09479,"Police Region Name":"Central Region","Police Region Code":"CR","Police Region Short Name":"Central","Region Slug":"central","Layer Id":"qld_ldmg_boundaries_gda2020_simp200m","Layer Group":"statewide","Layer Kind":"ldmg","Source":"Local government area boundaries - Queensland, Department of Natural Resources and Mines, Manufacturing and Regional and Rural Development; ASGS Edition 3 (2021) Local Government Areas, Australian Bureau of Statistics","Source URL":"https://www.data.qld.gov.au/dataset/local-government-area-boundaries-queensland","Licence":"CC BY 4.0","Licence URL":"https://creativecommons.org/licenses/by/4.0/","Dataset Date":"extract of 11/05/2026","Simplification Tolerance M":200,"Coordinate Precision Decimals":4,"CRS":"GDA2020 (EPSG:7844)","Modified":"Simplified and repackaged from the source dataset; see Source URL"},"id":"6370"},{"arcs":[[-368,551,552,-431,-396,-436]],"type":"Polygon","properties":{"LGA Code":"6510","Abbreviated Name":"Scenic Rim","LGA Name":"Scenic Rim Regional","Area Sq Km":4243.51,"LDMG Name":"Scenic Rim","Source Area Sq Km":4242.95511,"Police Region Name":"South Eastern Region","Police Region Code":"SER","Police Region Short Name":"South East","Region Slug":"south_east","Layer Id":"qld_ldmg_boundaries_gda2020_simp200m","Layer Group":"statewide","Layer Kind":"ldmg","Source":"Local government area boundaries - Queensland, Department of Natural Resources and Mines, Manufacturing and Regional and Rural Development; ASGS Edition 3 (2021) Local Government Areas, Australian Bureau of Statistics","Source URL":"https://www.data.qld.gov.au/dataset/local-government-area-boundaries-queensland","Licence":"CC BY 4.0","Licence URL":"https://creativecommons.org/licenses/by/4.0/","Dataset Date":"extract of 11/05/2026","Simplification Tolerance M":200,"Coordinate Precision Decimals":4,"CRS":"GDA2020 (EPSG:7844)","Modified":"Simplified and repackaged from the source dataset; see Source URL"},"id":"6510"},{"arcs":[[-73,-398,-434,553,554,-379,555,-456]],"type":"Polygon","properties":{"LGA Code":"6580","Abbreviated Name":"Somerset","LGA Name":"Somerset Regional","Area Sq Km":5373.87,"LDMG Name":"Somerset","Source Area Sq Km":5373.65012,"Police Region Name":"Southern Region","Police Region Code":"SR","Police Region Short Name":"Southern","Region Slug":"southern","Layer Id":"qld_ldmg_boundaries_gda2020_simp200m","Layer Group":"statewide","Layer Kind":"ldmg","Source":"Local government area boundaries - Queensland, Department of Natural Resources and Mines, Manufacturing and Regional and Rural Development; ASGS Edition 3 (2021) Local Government Areas, Australian Bureau of Statistics","Source URL":"https://www.data.qld.gov.au/dataset/local-government-area-boundaries-queensland","Licence":"CC BY 4.0","Licence URL":"https://creativecommons.org/licenses/by/4.0/","Dataset Date":"extract of 11/05/2026","Simplification Tolerance M":200,"Coordinate Precision Decimals":4,"CRS":"GDA2020 (EPSG:7844)","Modified":"Simplified and repackaged from the source dataset; see Source URL"},"id":"6580"},{"arcs":[[-380,-555,556,557,-528],[-127]],"type":"Polygon","properties":{"LGA Code":"6630","Abbreviated Name":"South Burnett","LGA Name":"South Burnett Regional","Area Sq Km":8379.78,"LDMG Name":"South Burnett","Source Area Sq Km":8378.58755,"Police Region Name":"North Coast Region","Police Region Code":"NCR","Police Region Short Name":"North Coast","Region Slug":"north_coast","Layer Id":"qld_ldmg_boundaries_gda2020_simp200m","Layer Group":"statewide","Layer Kind":"ldmg","Source":"Local government area boundaries - Queensland, Department of Natural Resources and Mines, Manufacturing and Regional and Rural Development; ASGS Edition 3 (2021) Local Government Areas, Australian Bureau of Statistics","Source URL":"https://www.data.qld.gov.au/dataset/local-government-area-boundaries-queensland","Licence":"CC BY 4.0","Licence URL":"https://creativecommons.org/licenses/by/4.0/","Dataset Date":"extract of 11/05/2026","Simplification Tolerance M":200,"Coordinate Precision Decimals":4,"CRS":"GDA2020 (EPSG:7844)","Modified":"Simplified and repackaged from the source dataset; see Source URL"},"id":"6630"},{"arcs":[[-374,558,-432,-553,559]],"type":"Polygon","properties":{"LGA Code":"6660","Abbreviated Name":"Southern Downs","LGA Name":"Southern Downs Regional","Area Sq Km":7089.04,"LDMG Name":"Southern Downs","Source Area Sq Km":7088.86614,"Police Region Name":"Southern Region","Police Region Code":"SR","Police Region Short Name":"Southern","Region Slug":"southern","Layer Id":"qld_ldmg_boundaries_gda2020_simp200m","Layer Group":"statewide","Layer Kind":"ldmg","Source":"Local government area boundaries - Queensland, Department of Natural Resources and Mines, Manufacturing and Regional and Rural Development; ASGS Edition 3 (2021) Local Government Areas, Australian Bureau of Statistics","Source URL":"https://www.data.qld.gov.au/dataset/local-government-area-boundaries-queensland","Licence":"CC BY 4.0","Licence URL":"https://creativecommons.org/licenses/by/4.0/","Dataset Date":"extract of 11/05/2026","Simplification Tolerance M":200,"Coordinate Precision Decimals":4,"CRS":"GDA2020 (EPSG:7844)","Modified":"Simplified and repackaged from the source dataset; see Source URL"},"id":"6660"},{"arcs":[[[-527,560,-457,-556,-378]],[[-459]],[[561]]],"type":"MultiPolygon","properties":{"LGA Code":"6720","Abbreviated Name":"Sunshine Coast","LGA Name":"Sunshine Coast Regional","Area Sq Km":2287.2,"LDMG Name":"Sunshine Coast","Source Area Sq Km":2286.58942,"Police Region Name":"North Coast Region","Police Region Code":"NCR","Police Region Short Name":"North Coast","Region Slug":"north_coast","Layer Id":"qld_ldmg_boundaries_gda2020_simp200m","Layer Group":"statewide","Layer Kind":"ldmg","Source":"Local government area boundaries - Queensland, Department of Natural Resources and Mines, Manufacturing and Regional and Rural Development; ASGS Edition 3 (2021) Local Government Areas, Australian Bureau of Statistics","Source URL":"https://www.data.qld.gov.au/dataset/local-government-area-boundaries-queensland","Licence":"CC BY 4.0","Licence URL":"https://creativecommons.org/licenses/by/4.0/","Dataset Date":"extract of 11/05/2026","Simplification Tolerance M":200,"Coordinate Precision Decimals":4,"CRS":"GDA2020 (EPSG:7844)","Modified":"Simplified and repackaged from the source dataset; see Source URL"},"id":"6720"},{"arcs":[[-84,-106,-384,-121,-358,-453]],"type":"Polygon","properties":{"LGA Code":"6820","Abbreviated Name":"Tablelands","LGA Name":"Tablelands Regional","Area Sq Km":11379.77,"LDMG Name":"Tablelands","Source Area Sq Km":11380.91009,"Police Region Name":"Far Northern Region","Police Region Code":"FNR","Police Region Short Name":"Far North","Region Slug":"far_north","Layer Id":"qld_ldmg_boundaries_gda2020_simp200m","Layer Group":"statewide","Layer Kind":"ldmg","Source":"Local government area boundaries - Queensland, Department of Natural Resources and Mines, Manufacturing and Regional and Rural Development; ASGS Edition 3 (2021) Local Government Areas, Australian Bureau of Statistics","Source URL":"https://www.data.qld.gov.au/dataset/local-government-area-boundaries-queensland","Licence":"CC BY 4.0","Licence URL":"https://creativecommons.org/licenses/by/4.0/","Dataset Date":"extract of 11/05/2026","Simplification Tolerance M":200,"Coordinate Precision Decimals":4,"CRS":"GDA2020 (EPSG:7844)","Modified":"Simplified and repackaged from the source dataset; see Source URL"},"id":"6820"},{"arcs":[[-373,562,-557,-554,-433,-559]],"type":"Polygon","properties":{"LGA Code":"6910","Abbreviated Name":"Toowoomba","LGA Name":"Toowoomba Regional","Area Sq Km":12976.45,"LDMG Name":"Toowoomba","Source Area Sq Km":12976.35649,"Police Region Name":"Southern Region","Police Region Code":"SR","Police Region Short Name":"Southern","Region Slug":"southern","Layer Id":"qld_ldmg_boundaries_gda2020_simp200m","Layer Group":"statewide","Layer Kind":"ldmg","Source":"Local government area boundaries - Queensland, Department of Natural Resources and Mines, Manufacturing and Regional and Rural Development; ASGS Edition 3 (2021) Local Government Areas, Australian Bureau of Statistics","Source URL":"https://www.data.qld.gov.au/dataset/local-government-area-boundaries-queensland","Licence":"CC BY 4.0","Licence URL":"https://creativecommons.org/licenses/by/4.0/","Dataset Date":"extract of 11/05/2026","Simplification Tolerance M":200,"Coordinate Precision Decimals":4,"CRS":"GDA2020 (EPSG:7844)","Modified":"Simplified and repackaged from the source dataset; see Source URL"},"id":"6910"},{"arcs":[[[563,-152,-530,-150],[-531],[-532],[-533],[-534],[-535],[-536],[565],[566],[567],[568],[569],[570],[571],[572],[573],[574],[575],[576],[577],[578],[579]],[[564]],[[580]],[[581],[582],[583]],[[584]],[[585],[586]],[[587]],[[588]]],"type":"MultiPolygon","properties":{"LGA Code":"6950","Abbreviated Name":"Torres","LGA Name":"Torres Shire","Area Sq Km":48351.13,"LDMG Name":"Torres Strait","Source Area Sq Km":49425.01129,"Police Region Name":"Far Northern Region","Police Region Code":"FNR","Police Region Short Name":"Far North","Region Slug":"far_north","Layer Id":"qld_ldmg_boundaries_gda2020_simp200m","Layer Group":"statewide","Layer Kind":"ldmg","Source":"Local government area boundaries - Queensland, Department of Natural Resources and Mines, Manufacturing and Regional and Rural Development; ASGS Edition 3 (2021) Local Government Areas, Australian Bureau of Statistics","Source URL":"https://www.data.qld.gov.au/dataset/local-government-area-boundaries-queensland","Licence":"CC BY 4.0","Licence URL":"https://creativecommons.org/licenses/by/4.0/","Dataset Date":"extract of 11/05/2026","Simplification Tolerance M":200,"Coordinate Precision Decimals":4,"CRS":"GDA2020 (EPSG:7844)","Modified":"Simplified and repackaged from the source dataset; see Source URL"},"id":"6950"},{"arcs":[[[-566]],[[-567]],[[-568]],[[-569]],[[-570]],[[-571]],[[-572]],[[-573]],[[-574]],[[-575]],[[-576]],[[-577]],[[-578]],[[-579]],[[-580]],[[-583]],[[-584]],[[-587]]],"type":"MultiPolygon","properties":{"LGA Code":"6960","Abbreviated Name":"Torres Strait Island","LGA Name":"Torres Strait Island Regional","Area Sq Km":480.01,"LDMG Name":"Torres Strait","Source Area Sq Km":480.90875,"Police Region Name":"Far Northern Region","Police Region Code":"FNR","Police Region Short Name":"Far North","Region Slug":"far_north","Layer Id":"qld_ldmg_boundaries_gda2020_simp200m","Layer Group":"statewide","Layer Kind":"ldmg","Source":"Local government area boundaries - Queensland, Department of Natural Resources and Mines, Manufacturing and Regional and Rural Development; ASGS Edition 3 (2021) Local Government Areas, Australian Bureau of Statistics","Source URL":"https://www.data.qld.gov.au/dataset/local-government-area-boundaries-queensland","Licence":"CC BY 4.0","Licence URL":"https://creativecommons.org/licenses/by/4.0/","Dataset Date":"extract of 11/05/2026","Simplification Tolerance M":200,"Coordinate Precision Decimals":4,"CRS":"GDA2020 (EPSG:7844)","Modified":"Simplified and repackaged from the source dataset; see Source URL"},"id":"6960"},{"arcs":[[-123,-383,589,-342]],"type":"Polygon","properties":{"LGA Code":"7010","Abbreviated Name":"Townsville","LGA Name":"Townsville City","Area Sq Km":12110.11,"LDMG Name":"Townsville","Source Area Sq Km":12107.9537,"Police Region Name":"Northern Region","Police Region Code":"NR","Police Region Short Name":"Northern","Region Slug":"northern","Layer Id":"qld_ldmg_boundaries_gda2020_simp200m","Layer Group":"statewide","Layer Kind":"ldmg","Source":"Local government area boundaries - Queensland, Department of Natural Resources and Mines, Manufacturing and Regional and Rural Development; ASGS Edition 3 (2021) Local Government Areas, Australian Bureau of Statistics","Source URL":"https://www.data.qld.gov.au/dataset/local-government-area-boundaries-queensland","Licence":"CC BY 4.0","Licence URL":"https://creativecommons.org/licenses/by/4.0/","Dataset Date":"extract of 11/05/2026","Simplification Tolerance M":200,"Coordinate Precision Decimals":4,"CRS":"GDA2020 (EPSG:7844)","Modified":"Simplified and repackaged from the source dataset; see Source URL"},"id":"7010"},{"arcs":[[[-140,590,-305,591,592]],[[-247]]],"type":"MultiPolygon","properties":{"LGA Code":"7300","Abbreviated Name":"Weipa","LGA Name":"Weipa Town","Area Sq Km":12.21,"LDMG Name":"Weipa","Source Area Sq Km":12.41756,"Police Region Name":"Far Northern Region","Police Region Code":"FNR","Police Region Short Name":"Far North","Region Slug":"far_north","Layer Id":"qld_ldmg_boundaries_gda2020_simp200m","Layer Group":"statewide","Layer Kind":"ldmg","Source":"Local government area boundaries - Queensland, Department of Natural Resources and Mines, Manufacturing and Regional and Rural Development; ASGS Edition 3 (2021) Local Government Areas, Australian Bureau of Statistics","Source URL":"https://www.data.qld.gov.au/dataset/local-government-area-boundaries-queensland","Licence":"CC BY 4.0","Licence URL":"https://creativecommons.org/licenses/by/4.0/","Dataset Date":"extract of 11/05/2026","Simplification Tolerance M":200,"Coordinate Precision Decimals":4,"CRS":"GDA2020 (EPSG:7844)","Modified":"Simplified and repackaged from the source dataset; see Source URL"},"id":"7300"},{"arcs":[[-34,-452,-40,-529,-558,-563,-372]],"type":"Polygon","properties":{"LGA Code":"7310","Abbreviated Name":"Western Downs","LGA Name":"Western Downs Regional","Area Sq Km":37942.35,"LDMG Name":"Western Downs","Source Area Sq Km":37943.32474,"Police Region Name":"Southern Region","Police Region Code":"SR","Police Region Short Name":"Southern","Region Slug":"southern","Layer Id":"qld_ldmg_boundaries_gda2020_simp200m","Layer Group":"statewide","Layer Kind":"ldmg","Source":"Local government area boundaries - Queensland, Department of Natural Resources and Mines, Manufacturing and Regional and Rural Development; ASGS Edition 3 (2021) Local Government Areas, Australian Bureau of Statistics","Source URL":"https://www.data.qld.gov.au/dataset/local-government-area-boundaries-queensland","Licence":"CC BY 4.0","Licence URL":"https://creativecommons.org/licenses/by/4.0/","Dataset Date":"extract of 11/05/2026","Simplification Tolerance M":200,"Coordinate Precision Decimals":4,"CRS":"GDA2020 (EPSG:7844)","Modified":"Simplified and repackaged from the source dataset; see Source URL"},"id":"7310"},{"arcs":[[-125,-344,593,-439,-399]],"type":"Polygon","properties":{"LGA Code":"7340","Abbreviated Name":"Whitsunday","LGA Name":"Whitsunday Regional","Area Sq Km":40779.45,"LDMG Name":"Whitsunday","Source Area Sq Km":40779.62806,"Police Region Name":"Central Region","Police Region Code":"CR","Police Region Short Name":"Central","Region Slug":"central","Layer Id":"qld_ldmg_boundaries_gda2020_simp200m","Layer Group":"statewide","Layer Kind":"ldmg","Source":"Local government area boundaries - Queensland, Department of Natural Resources and Mines, Manufacturing and Regional and Rural Development; ASGS Edition 3 (2021) Local Government Areas, Australian Bureau of Statistics","Source URL":"https://www.data.qld.gov.au/dataset/local-government-area-boundaries-queensland","Licence":"CC BY 4.0","Licence URL":"https://creativecommons.org/licenses/by/4.0/","Dataset Date":"extract of 11/05/2026","Simplification Tolerance M":200,"Coordinate Precision Decimals":4,"CRS":"GDA2020 (EPSG:7844)","Modified":"Simplified and repackaged from the source dataset; see Source URL"},"id":"7340"},{"arcs":[[-46,-438,-56,-349,-66,-130,-455,-550,-359]],"type":"Polygon","properties":{"LGA Code":"7400","Abbreviated Name":"Winton","LGA Name":"Winton Shire","Area Sq Km":53810.04,"LDMG Name":"Winton","Source Area Sq Km":53810.28734,"Police Region Name":"Central Region","Police Region Code":"CR","Police Region Short Name":"Central","Region Slug":"central","Layer Id":"qld_ldmg_boundaries_gda2020_simp200m","Layer Group":"statewide","Layer Kind":"ldmg","Source":"Local government area boundaries - Queensland, Department of Natural Resources and Mines, Manufacturing and Regional and Rural Development; ASGS Edition 3 (2021) Local Government Areas, Australian Bureau of Statistics","Source URL":"https://www.data.qld.gov.au/dataset/local-government-area-boundaries-queensland","Licence":"CC BY 4.0","Licence URL":"https://creativecommons.org/licenses/by/4.0/","Dataset Date":"extract of 11/05/2026","Simplification Tolerance M":200,"Coordinate Precision Decimals":4,"CRS":"GDA2020 (EPSG:7844)","Modified":"Simplified and repackaged from the source dataset; see Source URL"},"id":"7400"},{"arcs":[[[-551,-112]],[[-114]],[[-115]],[[-116]],[[-117]]],"type":"MultiPolygon","properties":{"LGA Code":"7550","Abbreviated Name":"Woorabinda Aboriginal","LGA Name":"Woorabinda Aboriginal Shire","Area Sq Km":392.8,"LDMG Name":"Woorabinda","Source Area Sq Km":393.03009,"Police Region Name":"Central Region","Police Region Code":"CR","Police Region Short Name":"Central","Region Slug":"central","Layer Id":"qld_ldmg_boundaries_gda2020_simp200m","Layer Group":"statewide","Layer Kind":"ldmg","Source":"Local government area boundaries - Queensland, Department of Natural Resources and Mines, Manufacturing and Regional and Rural Development; ASGS Edition 3 (2021) Local Government Areas, Australian Bureau of Statistics","Source URL":"https://www.data.qld.gov.au/dataset/local-government-area-boundaries-queensland","Licence":"CC BY 4.0","Licence URL":"https://creativecommons.org/licenses/by/4.0/","Dataset Date":"extract of 11/05/2026","Simplification Tolerance M":200,"Coordinate Precision Decimals":4,"CRS":"GDA2020 (EPSG:7844)","Modified":"Simplified and repackaged from the source dataset; see Source URL"},"id":"7550"},{"arcs":[[[-155,-352]],[[-354]]],"type":"MultiPolygon","properties":{"LGA Code":"7570","Abbreviated Name":"Wujal Wujal Aboriginal","LGA Name":"Wujal Wujal Aboriginal Shire","Area Sq Km":11.73,"LDMG Name":"Wujal Wujal","Source Area Sq Km":11.73487,"Police Region Name":"Far Northern Region","Police Region Code":"FNR","Police Region Short Name":"Far North","Region Slug":"far_north","Layer Id":"qld_ldmg_boundaries_gda2020_simp200m","Layer Group":"statewide","Layer Kind":"ldmg","Source":"Local government area boundaries - Queensland, Department of Natural Resources and Mines, Manufacturing and Regional and Rural Development; ASGS Edition 3 (2021) Local Government Areas, Australian Bureau of Statistics","Source URL":"https://www.data.qld.gov.au/dataset/local-government-area-boundaries-queensland","Licence":"CC BY 4.0","Licence URL":"https://creativecommons.org/licenses/by/4.0/","Dataset Date":"extract of 11/05/2026","Simplification Tolerance M":200,"Coordinate Precision Decimals":4,"CRS":"GDA2020 (EPSG:7844)","Modified":"Simplified and repackaged from the source dataset; see Source URL"},"id":"7570"},{"arcs":[[[-89]],[[-90]],[[-91]]],"type":"MultiPolygon","properties":{"LGA Code":"7600","Abbreviated Name":"Yarrabah Aboriginal","LGA Name":"Yarrabah Aboriginal Shire","Area Sq Km":156.02,"LDMG Name":"Yarrabah","Source Area Sq Km":155.9889,"Police Region Name":"Far Northern Region","Police Region Code":"FNR","Police Region Short Name":"Far North","Region Slug":"far_north","Layer Id":"qld_ldmg_boundaries_gda2020_simp200m","Layer Group":"statewide","Layer Kind":"ldmg","Source":"Local government area boundaries - Queensland, Department of Natural Resources and Mines, Manufacturing and Regional and Rural Development; ASGS Edition 3 (2021) Local Government Areas, Australian Bureau of Statistics","Source URL":"https://www.data.qld.gov.au/dataset/local-government-area-boundaries-queensland","Licence":"CC BY 4.0","Licence URL":"https://creativecommons.org/licenses/by/4.0/","Dataset Date":"extract of 11/05/2026","Simplification Tolerance M":200,"Coordinate Precision Decimals":4,"CRS":"GDA2020 (EPSG:7844)","Modified":"Simplified and repackaged from the source dataset; see Source URL"},"id":"7600"}]}}}