{"type":"FeatureCollection","name":"qld_north_coast_ldmg_boundaries_gda2020_simp20","crs":{"type":"name","properties":{"name":"urn:ogc:def:crs:EPSG::7844"}},"features":[{"type":"Feature","geometry":{"type":"Polygon","coordinates":[[[152.27361,-25.43129],[152.29036,-25.41738],[152.29058,-25.41597],[152.29247,-25.41555],[152.29862,-25.41022],[152.29909,-25.40813],[152.30799,-25.40641],[152.31147,-25.40662],[152.31236,-25.40533],[152.3158,-25.40735],[152.32,-25.40748],[152.32095,-25.40656],[152.32122,-25.40426],[152.32397,-25.40162],[152.32696,-25.40165],[152.3357,-25.39219],[152.33411,-25.38936],[152.33671,-25.38592],[152.33456,-25.38254],[152.347,-25.37508],[152.34802,-25.37521],[152.34834,-25.37314],[152.35124,-25.37092],[152.35244,-25.36822],[152.35451,-25.3661],[152.35901,-25.36647],[152.36439,-25.36348],[152.37038,-25.36392],[152.37303,-25.36297],[152.3735,-25.35723],[152.37028,-25.3558],[152.37221,-25.35306],[152.37951,-25.35686],[152.37971,-25.35558],[152.38468,-25.35619],[152.40615,-25.33453],[152.40949,-25.31269],[152.41557,-25.29055],[152.44101,-25.24857],[152.44899,-25.23341],[152.4512,-25.23063],[152.45065,-25.22831],[152.45926,-25.22382],[152.46434,-25.21976],[152.46684,-25.21568],[152.46879,-25.21507],[152.47383,-25.21678],[152.48282,-25.21713],[152.48868,-25.21354],[152.48942,-25.21277],[152.4934,-25.21013],[152.49442,-25.20967],[152.49543,-25.20955],[152.50105,-25.21084],[152.50128,-25.21069],[152.5039,-25.20891],[152.5096,-25.20922],[152.51017,-25.20943],[152.51217,-25.21294],[152.51182,-25.21452],[152.51025,-25.21577],[152.5106,-25.21656],[152.51127,-25.21765],[152.5117,-25.21834],[152.51197,-25.21877],[152.51699,-25.22131],[152.51728,-25.2212],[152.51792,-25.22096],[152.51907,-25.22053],[152.52429,-25.21535],[152.52587,-25.21046],[152.53038,-25.21079],[152.53349,-25.2127],[152.53575,-25.2116],[152.53843,-25.21221],[152.53998,-25.21037],[152.54716,-25.20676],[152.54797,-25.20533],[152.54821,-25.20301],[152.54723,-25.19956],[152.54198,-25.19376],[152.54421,-25.18823],[152.54693,-25.18577],[152.55196,-25.18333],[152.55239,-25.18312],[152.55263,-25.18281],[152.55643,-25.17777],[152.55846,-25.17508],[152.56,-25.17367],[152.56698,-25.16901],[152.57267,-25.16775],[152.57791,-25.16864],[152.58403,-25.17202],[152.58793,-25.17328],[152.59993,-25.17255],[152.60474,-25.17315],[152.60783,-25.17412],[152.609,-25.17471],[152.61406,-25.17954],[152.62402,-25.18143],[153.02522,-25.18196],[153.03134,-25.17685],[153.05786,-25.16518],[153.0597,-25.16437],[153.06414,-25.16152],[153.07572,-25.15411],[153.07845,-25.15236],[153.0881,-25.1447],[153.11322,-25.12478],[153.1279,-25.11427],[153.12903,-25.11346],[153.13493,-25.10812],[153.13473,-25.10789],[153.15989,-25.08437],[153.16901,-25.07383],[153.16917,-25.07365],[153.16945,-25.07325],[153.20032,-25.03245],[153.21363,-25.01127],[153.22109,-24.99779],[153.22595,-24.98464],[153.22709,-24.9834],[153.22741,-24.97827],[153.22679,-24.97481],[153.23096,-24.96114],[153.23168,-24.95706],[153.23283,-24.9505],[153.23375,-24.94525],[153.23369,-24.9415],[153.23357,-24.93424],[153.23353,-24.9315],[153.23261,-24.92821],[153.23066,-24.92118],[153.23044,-24.92039],[153.23026,-24.92004],[153.2256,-24.91099],[153.21258,-24.89234],[153.19295,-24.86014],[153.19181,-24.85827],[153.18311,-24.84634],[153.17925,-24.84203],[153.17724,-24.83978],[153.17576,-24.83813],[153.16715,-24.83036],[153.1644,-24.82832],[153.16148,-24.82614],[153.1596,-24.82475],[153.1586,-24.82422],[153.14642,-24.81778],[153.1452,-24.81714],[153.13807,-24.81499],[153.13627,-24.81476],[153.13474,-24.81456],[153.13277,-24.81431],[153.12888,-24.81465],[153.1204,-24.81745],[153.11832,-24.81704],[153.11757,-24.81511],[153.12221,-24.80629],[153.12371,-24.80358],[153.12904,-24.79642],[153.15207,-24.77426],[153.15246,-24.77381],[153.15784,-24.76769],[153.1666,-24.75464],[153.17423,-24.74592],[153.18669,-24.73514],[153.21159,-24.71678],[153.23169,-24.70647],[153.2416,-24.70187],[153.25132,-24.69767],[153.25302,-24.69749],[153.25576,-24.69778],[153.26369,-24.69993],[153.26482,-24.70028],[153.26482,-24.70024],[153.26281,-24.68045],[153.22556,-24.51599],[152.88437,-24.51533],[152.06206,-24.51597],[152.05686,-24.52138],[152.05025,-24.52523],[152.04318,-24.52758],[152.03156,-24.52998],[152.02838,-24.52952],[152.02684,-24.52827],[152.01683,-24.51591],[152.01428,-24.51439],[152.01071,-24.51375],[151.9987,-24.51558],[151.99811,-24.5177],[151.99608,-24.52016],[151.99284,-24.52213],[151.99282,-24.52495],[151.99054,-24.52727],[151.99073,-24.5283],[151.99641,-24.53395],[151.99641,-24.53498],[151.99531,-24.53636],[151.99179,-24.53664],[151.9906,-24.53646],[151.9895,-24.53478],[151.98633,-24.53661],[151.98735,-24.53849],[151.9914,-24.53859],[151.99329,-24.54005],[151.99309,-24.54106],[151.99158,-24.54167],[151.99006,-24.54056],[151.98804,-24.54034],[151.9853,-24.54186],[151.98515,-24.54358],[151.98723,-24.54346],[151.98788,-24.54415],[151.9871,-24.54934],[151.98456,-24.55097],[151.98184,-24.5495],[151.98405,-24.55358],[151.97906,-24.55526],[151.97681,-24.55699],[151.97443,-24.5633],[151.96898,-24.56902],[151.96844,-24.57064],[151.97025,-24.57421],[151.96816,-24.57648],[151.96869,-24.58042],[151.96609,-24.58104],[151.96379,-24.58522],[151.95923,-24.58734],[151.97311,-24.58935],[151.97466,-24.58881],[151.97678,-24.58981],[151.9887,-24.5913],[151.9857,-24.61133],[151.96005,-24.60844],[151.96133,-24.61295],[151.95838,-24.61427],[151.95842,-24.61627],[151.96135,-24.61664],[151.96459,-24.62363],[151.96582,-24.62472],[151.96454,-24.63294],[151.96054,-24.63092],[151.95935,-24.64093],[151.9626,-24.64185],[151.97135,-24.64066],[151.98301,-24.64457],[151.98848,-24.64342],[151.99322,-24.64457],[151.99615,-24.64425],[151.99538,-24.64931],[151.9875,-24.64829],[151.98638,-24.65548],[151.99426,-24.6565],[151.99083,-24.68087],[151.9606,-24.67648],[151.96155,-24.67906],[151.96021,-24.6811],[151.96071,-24.68515],[151.96003,-24.6863],[151.96066,-24.68791],[151.95977,-24.68932],[151.96092,-24.69558],[151.96211,-24.6969],[151.96222,-24.70286],[151.96107,-24.70333],[151.95346,-24.702],[151.95289,-24.70449],[151.9476,-24.70505],[151.94239,-24.70763],[151.93723,-24.70773],[151.93515,-24.7086],[151.93193,-24.70801],[151.92861,-24.70879],[151.92637,-24.71465],[151.92319,-24.71887],[151.92348,-24.72011],[151.92129,-24.7234],[151.92169,-24.72504],[151.9194,-24.72842],[151.91911,-24.73263],[151.92323,-24.73866],[151.92026,-24.74008],[151.91247,-24.74038],[151.90739,-24.74246],[151.89897,-24.7444],[151.89698,-24.74425],[151.89462,-24.74184],[151.89258,-24.74255],[151.8903,-24.74605],[151.89308,-24.74981],[151.89392,-24.75375],[151.89152,-24.75504],[151.88821,-24.75842],[151.88684,-24.76094],[151.88633,-24.76465],[151.88419,-24.76873],[151.88017,-24.7714],[151.87538,-24.77616],[151.87206,-24.77557],[151.87047,-24.77719],[151.86689,-24.77765],[151.86517,-24.78014],[151.86524,-24.78399],[151.86263,-24.78616],[151.85524,-24.78618],[151.85347,-24.78693],[151.8492,-24.78652],[151.8461,-24.79076],[151.8428,-24.79205],[151.83967,-24.79009],[151.84057,-24.78847],[151.83972,-24.78758],[151.84187,-24.78193],[151.84161,-24.77921],[151.83905,-24.77854],[151.83846,-24.77662],[151.83138,-24.7733],[151.82965,-24.77419],[151.82818,-24.77362],[151.8278,-24.77206],[151.82621,-24.77213],[151.82584,-24.77149],[151.82662,-24.77022],[151.82536,-24.7686],[151.8143,-24.76607],[151.81147,-24.75921],[151.80607,-24.75577],[151.80395,-24.7499],[151.80089,-24.74622],[151.79846,-24.74461],[151.7922,-24.74277],[151.78886,-24.74069],[151.75079,-24.73584],[151.74526,-24.77174],[151.74514,-24.76982],[151.74328,-24.76572],[151.72834,-24.75541],[151.72209,-24.74508],[151.71995,-24.73513],[151.7159,-24.73374],[151.71198,-24.73041],[151.70944,-24.7262],[151.70232,-24.71918],[151.69865,-24.71361],[151.69419,-24.71148],[151.68775,-24.71058],[151.68534,-24.70911],[151.68248,-24.70151],[151.67953,-24.69695],[151.67709,-24.69539],[151.67157,-24.69797],[151.66844,-24.70295],[151.66533,-24.7055],[151.66077,-24.70732],[151.65391,-24.70707],[151.65089,-24.70879],[151.6449,-24.71455],[151.64494,-24.71569],[151.64721,-24.71657],[151.64941,-24.71524],[151.65065,-24.71534],[151.6516,-24.71622],[151.6525,-24.72309],[151.65192,-24.72459],[151.64504,-24.72928],[151.63902,-24.73039],[151.63743,-24.72773],[151.63452,-24.72513],[151.63168,-24.72467],[151.62661,-24.72212],[151.62567,-24.71955],[151.62366,-24.71872],[151.61981,-24.71353],[151.61785,-24.71262],[151.61716,-24.7108],[151.61433,-24.70871],[151.61327,-24.70821],[151.61141,-24.70885],[151.60871,-24.70699],[151.60872,-24.70479],[151.60588,-24.70523],[151.60125,-24.70176],[151.59769,-24.70121],[151.59532,-24.6998],[151.58015,-24.7043],[151.57618,-24.70196],[151.56923,-24.71018],[151.56533,-24.71048],[151.56077,-24.70312],[151.55901,-24.70266],[151.55588,-24.69974],[151.55267,-24.69829],[151.54359,-24.70058],[151.54216,-24.69888],[151.54015,-24.69885],[151.533,-24.6957],[151.53119,-24.69624],[151.52648,-24.69185],[151.52654,-24.68981],[151.5252,-24.68847],[151.5241,-24.68446],[151.52254,-24.68235],[151.52057,-24.68128],[151.51973,-24.67588],[151.5161,-24.67365],[151.51472,-24.67157],[151.51457,-24.66976],[151.51619,-24.66756],[151.51617,-24.66572],[151.51841,-24.66444],[151.52439,-24.66579],[151.52671,-24.66785],[151.52774,-24.6612],[151.53244,-24.66044],[151.53328,-24.6556],[151.53557,-24.65439],[151.53852,-24.64805],[151.54161,-24.6456],[151.53834,-24.64079],[151.54052,-24.63212],[151.54212,-24.63069],[151.54215,-24.62826],[151.54056,-24.62677],[151.54032,-24.62411],[151.54215,-24.62068],[151.5423,-24.61744],[151.53704,-24.61407],[151.53544,-24.61431],[151.53593,-24.61023],[151.53372,-24.60743],[151.52776,-24.60317],[151.52588,-24.60065],[151.52381,-24.59987],[151.52012,-24.60014],[151.51717,-24.59868],[151.51348,-24.60056],[151.51057,-24.5969],[151.5079,-24.59617],[151.50484,-24.59356],[151.50635,-24.58876],[151.50919,-24.58634],[151.50824,-24.58165],[151.50496,-24.57823],[151.50052,-24.57649],[151.49791,-24.57643],[151.4969,-24.57239],[151.49823,-24.57117],[151.4941,-24.56713],[151.49026,-24.56588],[151.48823,-24.56228],[151.48984,-24.56135],[151.48812,-24.55967],[151.48831,-24.55745],[151.48511,-24.55223],[151.48683,-24.55007],[151.48696,-24.54866],[151.48906,-24.548],[151.48844,-24.54454],[151.48671,-24.54112],[151.48359,-24.53837],[151.47755,-24.53598],[151.47317,-24.53737],[151.47061,-24.53658],[151.46628,-24.53945],[151.46793,-24.54101],[151.46852,-24.54331],[151.46575,-24.55128],[151.46628,-24.55377],[151.46404,-24.55729],[151.46368,-24.55999],[151.45847,-24.56588],[151.45699,-24.57058],[151.45465,-24.571],[151.45276,-24.57044],[151.44901,-24.56783],[151.44072,-24.56479],[151.43879,-24.56295],[151.43345,-24.56346],[151.43376,-24.56632],[151.43564,-24.57107],[151.43885,-24.57487],[151.44234,-24.57688],[151.4419,-24.57774],[151.43316,-24.59158],[151.43052,-24.59364],[151.42448,-24.59579],[151.41571,-24.59504],[151.41068,-24.5966],[151.41038,-24.60501],[151.40976,-24.6071],[151.40831,-24.60814],[151.40766,-24.60981],[151.40855,-24.613],[151.40685,-24.61538],[151.40353,-24.61521],[151.40215,-24.61652],[151.39795,-24.61713],[151.39493,-24.61488],[151.39095,-24.61468],[151.38463,-24.60833],[151.38143,-24.61218],[151.37878,-24.61331],[151.37596,-24.61293],[151.37399,-24.60975],[151.37225,-24.60878],[151.3712,-24.60914],[151.37043,-24.61084],[151.36832,-24.61099],[151.36704,-24.61217],[151.36636,-24.61534],[151.36516,-24.61738],[151.3634,-24.61849],[151.3613,-24.62346],[151.36034,-24.62474],[151.35846,-24.62522],[151.35784,-24.63059],[151.35686,-24.63176],[151.35433,-24.63246],[151.35297,-24.63498],[151.35138,-24.63536],[151.34946,-24.63765],[151.34522,-24.64349],[151.34529,-24.64632],[151.34385,-24.64676],[151.3418,-24.64931],[151.34289,-24.65107],[151.34714,-24.6587],[151.34903,-24.664],[151.34911,-24.66768],[151.35109,-24.67023],[151.35512,-24.67264],[151.36013,-24.67871],[151.3587,-24.68052],[151.35231,-24.6836],[151.35145,-24.68716],[151.34849,-24.69156],[151.34476,-24.70017],[151.34488,-24.70595],[151.34397,-24.70742],[151.34866,-24.71398],[151.34767,-24.71606],[151.34632,-24.71766],[151.34461,-24.71825],[151.34305,-24.72099],[151.34451,-24.72258],[151.34545,-24.72591],[151.34819,-24.72849],[151.35265,-24.73063],[151.35703,-24.73071],[151.36783,-24.7191],[151.36636,-24.71066],[151.37241,-24.71216],[151.37426,-24.71037],[151.37701,-24.70962],[151.37808,-24.71015],[151.38112,-24.70727],[151.38561,-24.70699],[151.38823,-24.70522],[151.39181,-24.70426],[151.39317,-24.70212],[151.39692,-24.70265],[151.40141,-24.69873],[151.41187,-24.695],[151.41747,-24.69671],[151.42077,-24.69905],[151.42466,-24.69817],[151.42904,-24.70254],[151.43083,-24.70702],[151.42986,-24.71189],[151.43323,-24.71767],[151.43513,-24.71871],[151.44075,-24.72904],[151.43954,-24.73084],[151.44121,-24.73291],[151.44045,-24.73534],[151.44284,-24.7366],[151.44326,-24.73866],[151.4414,-24.73986],[151.45318,-24.77545],[151.45091,-24.7792],[151.44595,-24.77764],[151.44091,-24.77926],[151.43832,-24.77913],[151.43656,-24.77769],[151.43488,-24.77878],[151.42818,-24.78031],[151.42621,-24.77828],[151.42063,-24.77764],[151.41866,-24.77827],[151.41876,-24.7805],[151.42052,-24.78371],[151.42204,-24.78426],[151.42519,-24.78945],[151.42703,-24.79104],[151.42433,-24.79168],[151.42257,-24.79335],[151.42264,-24.79554],[151.42417,-24.7978],[151.42423,-24.79956],[151.4306,-24.80297],[151.43034,-24.80698],[151.4283,-24.81161],[151.42599,-24.81455],[151.4263,-24.81729],[151.42723,-24.81817],[151.42711,-24.82026],[151.43208,-24.82392],[151.43398,-24.82732],[151.43371,-24.83558],[151.43702,-24.8373],[151.439,-24.83732],[151.44263,-24.83964],[151.44584,-24.83929],[151.45094,-24.84612],[151.45706,-24.85036],[151.46047,-24.84894],[151.46234,-24.85098],[151.4658,-24.84988],[151.46831,-24.85139],[151.46959,-24.84968],[151.47198,-24.85091],[151.47276,-24.85059],[151.47449,-24.8481],[151.47458,-24.84628],[151.47602,-24.84464],[151.47873,-24.8442],[151.47979,-24.84111],[151.48453,-24.84242],[151.48599,-24.84782],[151.49045,-24.85027],[151.49211,-24.85044],[151.49336,-24.8495],[151.49517,-24.85006],[151.49802,-24.84818],[151.49948,-24.84854],[151.50161,-24.84775],[151.5026,-24.84619],[151.50528,-24.84478],[151.50843,-24.84425],[151.51173,-24.84261],[151.51511,-24.83931],[151.51961,-24.84107],[151.52079,-24.83912],[151.52515,-24.8382],[151.52511,-24.83589],[151.52826,-24.83293],[151.52834,-24.83152],[151.53615,-24.8356],[151.53922,-24.83452],[151.54054,-24.83298],[151.54566,-24.83264],[151.5502,-24.8356],[151.55068,-24.83928],[151.54968,-24.84019],[151.54926,-24.84264],[151.55084,-24.84498],[151.55176,-24.8452],[151.55197,-24.84638],[151.55778,-24.85125],[151.5569,-24.85205],[151.5578,-24.85459],[151.55652,-24.8562],[151.55655,-24.85953],[151.55766,-24.86031],[151.55968,-24.85975],[151.56315,-24.86082],[151.56528,-24.86255],[151.56552,-24.86515],[151.56864,-24.87047],[151.568,-24.87238],[151.56563,-24.87372],[151.56562,-24.8759],[151.56887,-24.88004],[151.56934,-24.88168],[151.57415,-24.88109],[151.57607,-24.8835],[151.57624,-24.88539],[151.57543,-24.8868],[151.57635,-24.89227],[151.57622,-24.89246],[151.57294,-24.89723],[151.57487,-24.90141],[151.57409,-24.90717],[151.57489,-24.90782],[151.57505,-24.91146],[151.57274,-24.91354],[151.57278,-24.91476],[151.5705,-24.91612],[151.57087,-24.91903],[151.56924,-24.92491],[151.57229,-24.93159],[151.56777,-24.93305],[151.56715,-24.93753],[151.56244,-24.93955],[151.55822,-24.93944],[151.55742,-24.94103],[151.54699,-24.94173],[151.54469,-24.9452],[151.54163,-24.94605],[151.53966,-24.95014],[151.53793,-24.94986],[151.53253,-24.94526],[151.53047,-24.94538],[151.52547,-24.95237],[151.52534,-24.95415],[151.52682,-24.95661],[151.52391,-24.9608],[151.52403,-24.96304],[151.5278,-24.96757],[151.53047,-24.96888],[151.53059,-24.96983],[151.53347,-24.97195],[151.53411,-24.97329],[151.53064,-24.98137],[151.53206,-24.98379],[151.53217,-24.98848],[151.53563,-24.99211],[151.54212,-24.99286],[151.54793,-24.99979],[151.55127,-25.00157],[151.55184,-25.00498],[151.556,-25.0097],[151.55504,-25.01423],[151.55929,-25.01817],[151.55807,-25.01964],[151.55799,-25.02143],[151.55934,-25.02434],[151.55816,-25.02596],[151.55604,-25.03734],[151.55703,-25.03855],[151.55638,-25.04242],[151.55728,-25.04434],[151.55635,-25.04744],[151.56457,-25.04972],[151.56384,-25.05372],[151.56122,-25.05913],[151.55958,-25.06069],[151.55502,-25.06976],[151.55277,-25.07239],[151.55186,-25.07801],[151.55023,-25.08184],[151.54718,-25.08471],[151.54433,-25.0861],[151.54088,-25.09],[151.5401,-25.09213],[151.54394,-25.09568],[151.55505,-25.09877],[151.55919,-25.10294],[151.56159,-25.09917],[151.56513,-25.10119],[151.57083,-25.10239],[151.5748,-25.1003],[151.57674,-25.10077],[151.57868,-25.099],[151.58441,-25.10022],[151.58619,-25.09873],[151.58833,-25.09857],[151.58999,-25.09873],[151.59309,-25.10098],[151.59876,-25.10264],[151.59956,-25.10053],[151.60794,-25.10326],[151.60917,-25.10306],[151.60998,-25.10533],[151.60915,-25.10763],[151.60876,-25.11461],[151.6098,-25.11582],[151.61275,-25.11473],[151.61764,-25.11486],[151.61901,-25.11737],[151.6212,-25.11768],[151.62196,-25.11257],[151.64955,-25.116],[151.65324,-25.09172],[151.65595,-25.09286],[151.65729,-25.09429],[151.66266,-25.09451],[151.66374,-25.09271],[151.66323,-25.08865],[151.66748,-25.08745],[151.67147,-25.08765],[151.67362,-25.08577],[151.67445,-25.08395],[151.67693,-25.08382],[151.67775,-25.08793],[151.68277,-25.09015],[151.69182,-25.08324],[151.69523,-25.0867],[151.69551,-25.09024],[151.69457,-25.0921],[151.69869,-25.09172],[151.70054,-25.09296],[151.7088,-25.09087],[151.7102,-25.09153],[151.71388,-25.09028],[151.71233,-25.08721],[151.71867,-25.08289],[151.72662,-25.08393],[151.72881,-25.08147],[151.72913,-25.07891],[151.73377,-25.08125],[151.73716,-25.08147],[151.73779,-25.07547],[151.74291,-25.07385],[151.77329,-25.11031],[151.7777,-25.10884],[151.7799,-25.11398],[151.78346,-25.11533],[151.78492,-25.12296],[151.78469,-25.12522],[151.78199,-25.13071],[151.78479,-25.13476],[151.78489,-25.14524],[151.78667,-25.14667],[151.78761,-25.14975],[151.78656,-25.15151],[151.78584,-25.15663],[151.78666,-25.15805],[151.78991,-25.15784],[151.79444,-25.15919],[151.79448,-25.16244],[151.80085,-25.16461],[151.80281,-25.16861],[151.80421,-25.17544],[151.80665,-25.17526],[151.80939,-25.17263],[151.81246,-25.17291],[151.81928,-25.18299],[151.82101,-25.18332],[151.82355,-25.18682],[151.82754,-25.18267],[151.83058,-25.18181],[151.83549,-25.18364],[151.83874,-25.18256],[151.8433,-25.18416],[151.84856,-25.18363],[151.84916,-25.18139],[151.85163,-25.17903],[151.85268,-25.17672],[151.85049,-25.17461],[151.85069,-25.17065],[151.85211,-25.16912],[151.84872,-25.15995],[151.85019,-25.15489],[151.85384,-25.14911],[151.85573,-25.14771],[151.85621,-25.1444],[151.8601,-25.14243],[151.86482,-25.14481],[151.86453,-25.14773],[151.86891,-25.14755],[151.87,-25.15057],[151.87809,-25.15252],[151.88554,-25.14967],[151.88708,-25.14534],[151.89095,-25.14214],[151.89323,-25.14246],[151.89531,-25.14175],[151.8971,-25.14252],[151.90187,-25.14144],[151.9064,-25.14657],[151.91624,-25.14865],[151.91641,-25.14903],[151.91687,-25.15005],[151.91535,-25.15216],[151.91537,-25.1541],[151.91726,-25.1567],[151.91946,-25.15807],[151.92015,-25.1596],[151.92424,-25.15917],[151.93136,-25.17515],[151.92813,-25.17416],[151.92659,-25.17485],[151.9252,-25.17911],[151.92329,-25.18021],[151.92121,-25.17932],[151.91801,-25.17543],[151.91657,-25.17626],[151.91548,-25.18004],[151.91029,-25.18438],[151.90762,-25.19178],[151.91463,-25.19475],[151.91558,-25.19569],[151.91567,-25.19869],[151.9107,-25.20104],[151.90779,-25.20081],[151.90496,-25.19799],[151.90358,-25.19818],[151.90252,-25.20237],[151.89707,-25.21005],[151.90479,-25.21386],[151.9039,-25.21502],[151.90437,-25.21651],[151.90352,-25.21826],[151.90424,-25.22052],[151.90168,-25.22446],[151.90365,-25.22877],[151.90006,-25.23058],[151.90039,-25.23241],[151.89736,-25.23207],[151.89524,-25.23421],[151.89213,-25.23419],[151.88784,-25.23781],[151.88716,-25.23931],[151.88421,-25.23995],[151.88348,-25.24299],[151.88127,-25.24368],[151.88348,-25.25182],[151.87986,-25.25379],[151.88113,-25.25704],[151.87925,-25.26603],[151.87407,-25.26876],[151.87249,-25.27318],[151.88064,-25.27613],[151.88307,-25.28087],[151.88421,-25.28124],[151.88647,-25.284],[151.88876,-25.28501],[151.89136,-25.28812],[151.88883,-25.28946],[151.88809,-25.29145],[151.88713,-25.29171],[151.88704,-25.29387],[151.88479,-25.29505],[151.88204,-25.29496],[151.87903,-25.29346],[151.87837,-25.29196],[151.87598,-25.29167],[151.87328,-25.29383],[151.8711,-25.29371],[151.87127,-25.29766],[151.87228,-25.29996],[151.87388,-25.30127],[151.87265,-25.3022],[151.86237,-25.3004],[151.86116,-25.30196],[151.86485,-25.30544],[151.86369,-25.30712],[151.86506,-25.30967],[151.86428,-25.31344],[151.86834,-25.32124],[151.86694,-25.32315],[151.86759,-25.32516],[151.86695,-25.32724],[151.86417,-25.33112],[151.86332,-25.3316],[151.8612,-25.33062],[151.85999,-25.3313],[151.85998,-25.33335],[151.86113,-25.33444],[151.86095,-25.33722],[151.8616,-25.3379],[151.8637,-25.33731],[151.86604,-25.33889],[151.86857,-25.34314],[151.87091,-25.34052],[151.87386,-25.3394],[151.87802,-25.33982],[151.88053,-25.34147],[151.88112,-25.3459],[151.87917,-25.35073],[151.87852,-25.35472],[151.87857,-25.35665],[151.88058,-25.36033],[151.88372,-25.36132],[151.88809,-25.36019],[151.89558,-25.35399],[151.89897,-25.35277],[151.90257,-25.35271],[151.91174,-25.35605],[151.91379,-25.35588],[151.91593,-25.35426],[151.91952,-25.3476],[151.92385,-25.3431],[151.93565,-25.32347],[151.9377,-25.31651],[151.94276,-25.30429],[151.94732,-25.29593],[151.95149,-25.29167],[151.9596,-25.28651],[151.96532,-25.28076],[151.96825,-25.2796],[151.97358,-25.27932],[151.98038,-25.28107],[151.98478,-25.2828],[151.99688,-25.29091],[152.00356,-25.2929],[152.01,-25.28954],[152.01267,-25.28568],[152.01375,-25.27898],[152.01256,-25.27406],[152.01912,-25.27496],[152.02556,-25.27316],[152.02738,-25.27459],[152.03077,-25.27474],[152.03243,-25.27722],[152.0368,-25.27923],[152.03884,-25.28159],[152.03818,-25.28424],[152.04583,-25.28634],[152.04742,-25.28615],[152.04909,-25.28771],[152.05132,-25.2951],[152.05564,-25.29602],[152.05681,-25.30154],[152.05977,-25.30751],[152.06792,-25.31433],[152.0738,-25.31458],[152.07693,-25.32118],[152.07952,-25.31897],[152.08465,-25.31825],[152.08524,-25.3145],[152.08852,-25.31357],[152.08958,-25.31241],[152.09056,-25.31312],[152.09142,-25.31554],[152.09388,-25.31674],[152.09679,-25.32016],[152.09748,-25.32224],[152.10119,-25.3242],[152.10271,-25.32662],[152.10602,-25.3279],[152.10746,-25.32692],[152.12434,-25.32709],[152.12556,-25.32928],[152.13192,-25.33345],[152.13182,-25.33405],[152.13989,-25.33628],[152.14145,-25.33819],[152.14361,-25.33672],[152.15171,-25.33724],[152.15456,-25.3364],[152.16105,-25.33599],[152.16434,-25.33679],[152.16744,-25.33594],[152.16843,-25.33881],[152.17091,-25.34058],[152.17236,-25.34397],[152.17246,-25.34665],[152.17104,-25.34905],[152.17114,-25.35171],[152.17322,-25.35586],[152.17377,-25.36001],[152.17038,-25.36543],[152.17104,-25.36798],[152.18135,-25.37744],[152.18173,-25.37957],[152.18374,-25.38127],[152.18893,-25.38263],[152.19937,-25.39454],[152.20275,-25.39491],[152.20542,-25.3919],[152.20963,-25.3901],[152.21461,-25.39012],[152.21861,-25.38739],[152.22381,-25.39384],[152.22603,-25.39459],[152.22732,-25.39364],[152.22836,-25.39448],[152.22882,-25.39648],[152.23424,-25.4001],[152.23901,-25.39915],[152.24516,-25.40016],[152.24857,-25.40217],[152.24944,-25.40143],[152.25422,-25.40206],[152.25431,-25.40376],[152.25905,-25.40682],[152.26209,-25.41218],[152.26534,-25.41323],[152.27218,-25.41864],[152.27361,-25.43129]]]},"properties":{"LGA Code":"1820","Abbreviated Name":"Bundaberg","LGA Name":"Bundaberg Regional","Area Sq Km":12403.99881,"LDMG Name":"Bundaberg","Police Region Name":"North Coast Region","Police Region Code":"NCR","Police Region Short Name":"North Coast"}},{"type":"Feature","geometry":{"type":"Polygon","coordinates":[[[151.89753,-26.29368],[151.89034,-26.29594],[151.88791,-26.29809],[151.88618,-26.30162],[151.88753,-26.30248],[151.96697,-26.31189],[151.9688,-26.31893],[151.97343,-26.31642],[151.97882,-26.31505],[151.97806,-26.3142],[151.97645,-26.31447],[151.97752,-26.31313],[151.97148,-26.31242],[151.97333,-26.31071],[151.97314,-26.3096],[151.97432,-26.30894],[151.9747,-26.30732],[151.9703,-26.30713],[151.97019,-26.30578],[151.97458,-26.29749],[151.9763,-26.2974],[151.97631,-26.29547],[151.97776,-26.29293],[151.97641,-26.29156],[151.97204,-26.28903],[151.96878,-26.29124],[151.96714,-26.29485],[151.96616,-26.29506],[151.96425,-26.29438],[151.96394,-26.29293],[151.96135,-26.29262],[151.95966,-26.29144],[151.95958,-26.28995],[151.95817,-26.28812],[151.96386,-26.27734],[151.96884,-26.27618],[151.96935,-26.27112],[151.9705,-26.2692],[151.96713,-26.26732],[151.9632,-26.26831],[151.9593,-26.26741],[151.95392,-26.26204],[151.95349,-26.2629],[151.95456,-26.27006],[151.95334,-26.27277],[151.94633,-26.27417],[151.94514,-26.27511],[151.94145,-26.27249],[151.93868,-26.27243],[151.93824,-26.27133],[151.93945,-26.27078],[151.94311,-26.265],[151.94717,-26.26233],[151.9455,-26.26091],[151.94481,-26.26091],[151.94149,-26.2575],[151.94015,-26.25636],[151.93633,-26.25948],[151.93688,-26.26227],[151.93476,-26.26401],[151.93184,-26.26472],[151.9281,-26.26288],[151.92533,-26.26244],[151.92424,-26.25821],[151.92288,-26.2573],[151.92216,-26.25686],[151.92175,-26.25696],[151.92098,-26.25727],[151.91552,-26.26533],[151.91402,-26.2653],[151.91407,-26.26754],[151.91751,-26.27404],[151.91645,-26.28021],[151.91417,-26.28095],[151.91115,-26.27982],[151.90592,-26.27628],[151.90363,-26.27651],[151.90192,-26.27814],[151.90071,-26.27956],[151.90014,-26.28228],[151.89782,-26.29339],[151.89778,-26.2936],[151.89753,-26.29368]]]},"properties":{"LGA Code":"2330","Abbreviated Name":"Cherbourg Aboriginal","LGA Name":"Cherbourg Aboriginal Shire","Area Sq Km":31.7648,"LDMG Name":"Cherbourg","Police Region Name":"North Coast Region","Police Region Code":"NCR","Police Region Short Name":"North Coast"}},{"type":"Feature","geometry":{"type":"Polygon","coordinates":[[[152.27361,-25.43129],[152.27252,-25.43222],[152.26205,-25.459],[152.2609,-25.45911],[152.26017,-25.46186],[152.26361,-25.47036],[152.26244,-25.47116],[152.26195,-25.47646],[152.26847,-25.48173],[152.27161,-25.48159],[152.2734,-25.48312],[152.27444,-25.4877],[152.27637,-25.49056],[152.27071,-25.48984],[152.26859,-25.5035],[152.27433,-25.50451],[152.27268,-25.50631],[152.27329,-25.50792],[152.27218,-25.50938],[152.27206,-25.51265],[152.27059,-25.51339],[152.27073,-25.5147],[152.2693,-25.51537],[152.26996,-25.52116],[152.26898,-25.52267],[152.26349,-25.52162],[152.25802,-25.52235],[152.25557,-25.52107],[152.25232,-25.52134],[152.2482,-25.51962],[152.24747,-25.51717],[152.24628,-25.51676],[152.24472,-25.51763],[152.23934,-25.51521],[152.23621,-25.51728],[152.23543,-25.51579],[152.23321,-25.51502],[152.23026,-25.5193],[152.2289,-25.51857],[152.22727,-25.51453],[152.21498,-25.51296],[152.21544,-25.51389],[152.21479,-25.51602],[152.21573,-25.52007],[152.20999,-25.52096],[152.20704,-25.51862],[152.20121,-25.51967],[152.19838,-25.51845],[152.19362,-25.51915],[152.1915,-25.52132],[152.18852,-25.52205],[152.1865,-25.52099],[152.17945,-25.52302],[152.17958,-25.52571],[152.1788,-25.52747],[152.17936,-25.52914],[152.17759,-25.53174],[152.17628,-25.5319],[152.17531,-25.53454],[152.17566,-25.53568],[152.17344,-25.5386],[152.16886,-25.54194],[152.16579,-25.54728],[152.1662,-25.54924],[152.16395,-25.55309],[152.16309,-25.55968],[152.16416,-25.56034],[152.16336,-25.56319],[152.16416,-25.56498],[152.16379,-25.57248],[152.16465,-25.57434],[152.16243,-25.57682],[152.1543,-25.58307],[152.15191,-25.584],[152.14832,-25.58367],[152.14593,-25.5843],[152.14356,-25.58263],[152.1404,-25.58528],[152.13982,-25.58702],[152.13797,-25.58652],[152.12961,-25.58761],[152.13009,-25.59104],[152.12505,-25.59219],[152.12424,-25.59586],[152.12166,-25.59528],[152.11845,-25.59785],[152.11556,-25.59681],[152.11151,-25.59844],[152.10998,-25.60351],[152.1117,-25.6071],[152.1122,-25.61097],[152.11592,-25.61539],[152.1146,-25.61716],[152.11542,-25.62315],[152.11206,-25.62681],[152.10875,-25.62599],[152.10426,-25.62902],[152.09639,-25.63047],[152.09265,-25.63239],[152.09075,-25.63644],[152.08756,-25.63577],[152.08161,-25.63175],[152.07878,-25.62903],[152.07718,-25.62611],[152.07185,-25.6234],[152.0715,-25.62217],[152.06344,-25.62169],[152.06033,-25.62406],[152.05944,-25.62629],[152.05591,-25.62755],[152.05507,-25.62574],[152.05566,-25.62472],[152.05408,-25.62325],[152.05302,-25.61877],[152.05078,-25.61803],[152.05078,-25.61676],[152.05274,-25.61593],[152.05071,-25.61352],[152.04867,-25.61322],[152.04666,-25.61155],[152.04592,-25.61305],[152.04635,-25.61581],[152.04442,-25.6151],[152.0415,-25.61956],[152.0418,-25.62552],[152.03967,-25.63197],[152.03827,-25.64264],[152.03657,-25.64376],[152.03521,-25.64369],[152.02985,-25.64215],[152.02835,-25.64409],[152.02707,-25.65042],[152.02536,-25.65084],[152.02344,-25.65258],[152.02271,-25.65436],[152.01873,-25.65726],[152.01866,-25.65898],[152.0148,-25.66308],[152.01385,-25.66293],[152.01252,-25.66507],[152.01117,-25.66499],[152.01141,-25.66995],[152.01247,-25.67139],[152.01098,-25.67399],[152.0123,-25.67622],[152.01492,-25.67774],[152.01774,-25.68096],[152.01529,-25.68603],[152.01541,-25.68816],[152.0164,-25.68978],[152.01501,-25.69233],[152.01586,-25.69421],[152.01495,-25.70197],[152.01562,-25.70374],[152.01408,-25.7087],[152.00984,-25.71369],[152.0049,-25.71773],[152.00305,-25.71779],[151.99667,-25.71149],[151.99146,-25.71347],[151.98906,-25.71352],[151.98829,-25.71469],[151.98273,-25.71295],[151.98101,-25.71318],[151.9821,-25.71531],[151.98248,-25.72393],[151.98334,-25.72431],[151.98229,-25.72604],[151.98235,-25.729],[151.98033,-25.72953],[151.98083,-25.73206],[151.98023,-25.7334],[151.99004,-25.73634],[151.99067,-25.73546],[151.99285,-25.73682],[151.99531,-25.73713],[151.99659,-25.73983],[151.99621,-25.74188],[151.99765,-25.74668],[151.99906,-25.74796],[151.99649,-25.75084],[151.99669,-25.75533],[151.99573,-25.75748],[151.99657,-25.75887],[151.99748,-25.76472],[151.99639,-25.76671],[151.99775,-25.77101],[151.99837,-25.77157],[152.00166,-25.77222],[152.00317,-25.77654],[152.00732,-25.77984],[152.00819,-25.78245],[152.0108,-25.78285],[152.01434,-25.78522],[152.01854,-25.78644],[152.02111,-25.78898],[152.02917,-25.78704],[152.03897,-25.79019],[152.0386,-25.7935],[152.03535,-25.79521],[152.03636,-25.79834],[152.03455,-25.80063],[152.036,-25.80382],[152.03423,-25.80641],[152.02908,-25.81018],[152.02854,-25.81165],[152.02933,-25.81951],[152.03057,-25.8207],[152.03176,-25.82056],[152.03146,-25.82587],[152.02895,-25.82937],[152.03056,-25.83328],[152.03019,-25.83469],[152.03156,-25.83689],[152.031,-25.84044],[152.03264,-25.84181],[152.03229,-25.84323],[152.02945,-25.8452],[152.02865,-25.85005],[152.03318,-25.85222],[152.03534,-25.85183],[152.03661,-25.85238],[152.03842,-25.85128],[152.04452,-25.85246],[152.04527,-25.85123],[152.04918,-25.85183],[152.05073,-25.85571],[152.04799,-25.86231],[152.04995,-25.86766],[152.04715,-25.86784],[152.04679,-25.8696],[152.04532,-25.87065],[152.04494,-25.87363],[152.04321,-25.87505],[152.04743,-25.87853],[152.05753,-25.88294],[152.05899,-25.88639],[152.06235,-25.88527],[152.06395,-25.88573],[152.06606,-25.88488],[152.06847,-25.88498],[152.07105,-25.88358],[152.0702,-25.88147],[152.07246,-25.87996],[152.07289,-25.8774],[152.08067,-25.87499],[152.08164,-25.87309],[152.0836,-25.87271],[152.08501,-25.87141],[152.09012,-25.87283],[152.09355,-25.87108],[152.094,-25.87173],[152.09585,-25.87169],[152.09626,-25.87067],[152.10024,-25.86781],[152.10217,-25.86411],[152.10205,-25.86216],[152.10326,-25.86164],[152.10639,-25.86235],[152.1092,-25.85962],[152.1111,-25.85932],[152.11329,-25.8572],[152.11484,-25.85758],[152.11531,-25.85961],[152.11696,-25.86024],[152.11717,-25.86212],[152.11497,-25.86494],[152.11567,-25.86699],[152.11469,-25.86941],[152.11601,-25.87235],[152.11763,-25.87278],[152.11623,-25.87481],[152.11677,-25.87656],[152.1195,-25.87882],[152.1199,-25.88157],[152.12187,-25.88193],[152.12305,-25.88593],[152.12727,-25.88656],[152.13013,-25.88569],[152.13105,-25.87992],[152.13017,-25.87775],[152.13338,-25.87348],[152.13667,-25.87417],[152.13727,-25.8773],[152.14015,-25.87816],[152.1433,-25.88039],[152.14619,-25.88373],[152.14949,-25.88328],[152.15261,-25.88403],[152.15964,-25.8787],[152.16503,-25.88118],[152.16938,-25.88193],[152.16946,-25.88743],[152.23128,-25.89465],[152.23149,-25.89364],[152.3307,-25.90752],[152.33339,-25.89211],[152.3408,-25.89361],[152.34557,-25.86331],[152.37496,-25.86702],[152.37621,-25.87185],[152.37751,-25.8739],[152.38092,-25.87492],[152.38666,-25.87261],[152.38783,-25.86704],[152.38672,-25.86309],[152.41159,-25.86594],[152.41087,-25.87036],[152.42259,-25.87194],[152.42072,-25.88296],[152.44603,-25.88647],[152.44614,-25.89265],[152.44889,-25.8916],[152.4635,-25.89371],[152.46481,-25.89858],[152.46827,-25.89951],[152.47027,-25.89861],[152.47387,-25.8993],[152.47483,-25.90236],[152.47575,-25.90306],[152.4749,-25.9054],[152.49689,-25.90832],[152.50101,-25.90582],[152.50606,-25.90647],[152.50585,-25.9078],[152.54544,-25.91288],[152.54657,-25.91666],[152.54961,-25.91808],[152.55058,-25.92048],[152.54867,-25.93007],[152.55042,-25.93161],[152.55787,-25.93249],[152.55964,-25.92109],[152.56815,-25.92201],[152.56735,-25.92476],[152.56366,-25.92844],[152.56571,-25.93344],[152.568,-25.93372],[152.5668,-25.94308],[152.60056,-25.94762],[152.6003,-25.94914],[152.60233,-25.94942],[152.60102,-25.95509],[152.61435,-25.95691],[152.61113,-25.97325],[152.62187,-25.97469],[152.62108,-25.98143],[152.65501,-25.98607],[152.65712,-25.98014],[152.65628,-25.97809],[152.66501,-25.97924],[152.66784,-25.96158],[152.67394,-25.96245],[152.67536,-25.95372],[152.66976,-25.9529],[152.67229,-25.93807],[152.6883,-25.94028],[152.69455,-25.93601],[152.69448,-25.93292],[152.70403,-25.92761],[152.704,-25.92325],[152.70751,-25.91951],[152.70807,-25.91631],[152.70911,-25.91657],[152.71119,-25.91535],[152.71349,-25.91538],[152.7158,-25.9143],[152.71791,-25.91536],[152.72015,-25.91242],[152.72312,-25.9132],[152.72756,-25.91242],[152.72908,-25.91304],[152.73492,-25.91195],[152.73495,-25.91191],[152.73587,-25.91073],[152.73658,-25.90982],[152.73727,-25.90949],[152.73851,-25.90917],[152.73851,-25.90891],[152.7385,-25.90189],[152.74047,-25.89915],[152.74158,-25.89877],[152.74143,-25.89685],[152.74426,-25.89548],[152.74336,-25.89292],[152.74414,-25.89167],[152.74353,-25.89013],[152.74415,-25.88822],[152.74623,-25.88699],[152.74768,-25.88718],[152.74876,-25.88594],[152.75086,-25.88731],[152.751,-25.8874],[152.75197,-25.88667],[152.75194,-25.88289],[152.75151,-25.88116],[152.75069,-25.87785],[152.75066,-25.87773],[152.75061,-25.87771],[152.7502,-25.87751],[152.74672,-25.87587],[152.74774,-25.87489],[152.74754,-25.8741],[152.74445,-25.87456],[152.74162,-25.87731],[152.74093,-25.88002],[152.7408,-25.88004],[152.74025,-25.87916],[152.73886,-25.87393],[152.73455,-25.8728],[152.734,-25.86957],[152.73666,-25.86686],[152.73623,-25.86528],[152.73389,-25.86699],[152.73206,-25.86618],[152.72882,-25.86749],[152.72876,-25.8674],[152.72753,-25.86314],[152.72496,-25.86112],[152.7251,-25.85972],[152.72282,-25.85817],[152.72261,-25.85697],[152.71869,-25.85266],[152.72466,-25.84674],[152.71947,-25.84546],[152.71234,-25.84572],[152.71258,-25.84409],[152.71454,-25.84294],[152.71251,-25.84229],[152.71428,-25.83996],[152.72893,-25.84418],[152.73604,-25.84736],[152.73523,-25.84236],[152.99208,-25.88178],[152.99359,-25.88109],[152.995,-25.87866],[153.00517,-25.87615],[153.01911,-25.86681],[153.02634,-25.86007],[153.03661,-25.85585],[153.03786,-25.85384],[153.03864,-25.84634],[153.03495,-25.83332],[153.03445,-25.82466],[153.03659,-25.81561],[153.03975,-25.80746],[153.04427,-25.80075],[153.06322,-25.80064],[153.0753,-25.8022],[153.07602,-25.79432],[153.07796,-25.79233],[153.08125,-25.78607],[153.0883,-25.7609],[153.08761,-25.74948],[153.08178,-25.72834],[153.07849,-25.70998],[153.07703,-25.68644],[153.07767,-25.67352],[153.08157,-25.65007],[153.08923,-25.61688],[153.09838,-25.58842],[153.0988,-25.58484],[153.09982,-25.5841],[153.10525,-25.56733],[153.12772,-25.51017],[153.15325,-25.45013],[153.16816,-25.41802],[153.16943,-25.41363],[153.19165,-25.36313],[153.19983,-25.34733],[153.2121,-25.31908],[153.22184,-25.29982],[153.22228,-25.29621],[153.22398,-25.29528],[153.22895,-25.28561],[153.25782,-25.22467],[153.26776,-25.20577],[153.30027,-25.13476],[153.3016,-25.12998],[153.30437,-25.12601],[153.323,-25.08519],[153.33998,-25.05108],[153.35136,-25.03014],[153.3558,-25.01861],[153.358,-25.00863],[153.36034,-25.0058],[153.35926,-25.0055],[153.35702,-25.00639],[153.35483,-25.00477],[153.35284,-25.00072],[153.3518,-24.99643],[153.35097,-24.9913],[153.35221,-24.98946],[153.35162,-24.98955],[153.35037,-24.98695],[153.35044,-24.98516],[153.35119,-24.98442],[153.35045,-24.98367],[153.35132,-24.98159],[153.35,-24.98061],[153.35063,-24.96831],[153.35194,-24.96751],[153.35124,-24.96692],[153.35165,-24.96568],[153.35011,-24.96403],[153.35063,-24.96338],[153.34969,-24.96245],[153.34915,-24.96463],[153.34672,-24.96561],[153.34287,-24.96515],[153.34282,-24.96608],[153.3419,-24.96624],[153.33464,-24.96592],[153.32514,-24.96389],[153.3163,-24.95915],[153.29897,-24.94506],[153.29134,-24.93654],[153.28471,-24.92572],[153.27942,-24.91534],[153.27438,-24.90126],[153.27174,-24.89753],[153.2679,-24.88621],[153.26458,-24.87258],[153.26128,-24.85141],[153.25967,-24.81895],[153.26187,-24.77072],[153.26713,-24.71096],[153.26703,-24.70465],[153.26538,-24.70039],[153.26482,-24.70024],[153.26482,-24.70028],[153.26369,-24.69993],[153.25576,-24.69778],[153.25302,-24.69749],[153.25132,-24.69767],[153.2416,-24.70187],[153.23169,-24.70647],[153.21159,-24.71678],[153.18669,-24.73514],[153.17423,-24.74592],[153.1666,-24.75464],[153.15784,-24.76769],[153.15246,-24.77381],[153.15207,-24.77426],[153.12904,-24.79642],[153.12371,-24.80358],[153.12221,-24.80629],[153.11757,-24.81511],[153.11832,-24.81704],[153.1204,-24.81745],[153.12888,-24.81465],[153.13277,-24.81431],[153.13474,-24.81456],[153.13627,-24.81476],[153.13807,-24.81499],[153.1452,-24.81714],[153.14642,-24.81778],[153.1586,-24.82422],[153.1596,-24.82475],[153.16148,-24.82614],[153.1644,-24.82832],[153.16715,-24.83036],[153.17576,-24.83813],[153.17724,-24.83978],[153.17925,-24.84203],[153.18311,-24.84634],[153.19181,-24.85827],[153.19295,-24.86014],[153.21258,-24.89234],[153.2256,-24.91099],[153.23026,-24.92004],[153.23044,-24.92039],[153.23066,-24.92118],[153.23261,-24.92821],[153.23353,-24.9315],[153.23357,-24.93424],[153.23369,-24.9415],[153.23375,-24.94525],[153.23283,-24.9505],[153.23168,-24.95706],[153.23096,-24.96114],[153.22679,-24.97481],[153.22741,-24.97827],[153.22709,-24.9834],[153.22595,-24.98464],[153.22109,-24.99779],[153.21363,-25.01127],[153.20032,-25.03245],[153.16945,-25.07325],[153.16917,-25.07365],[153.16901,-25.07383],[153.15989,-25.08437],[153.13473,-25.10789],[153.13493,-25.10812],[153.12903,-25.11346],[153.1279,-25.11427],[153.11322,-25.12478],[153.0881,-25.1447],[153.07845,-25.15236],[153.07572,-25.15411],[153.06414,-25.16152],[153.0597,-25.16437],[153.05786,-25.16518],[153.03134,-25.17685],[153.02522,-25.18196],[152.62402,-25.18143],[152.61406,-25.17954],[152.609,-25.17471],[152.60783,-25.17412],[152.60474,-25.17315],[152.59993,-25.17255],[152.58793,-25.17328],[152.58403,-25.17202],[152.57791,-25.16864],[152.57267,-25.16775],[152.56698,-25.16901],[152.56,-25.17367],[152.55846,-25.17508],[152.55643,-25.17777],[152.55263,-25.18281],[152.55239,-25.18312],[152.55196,-25.18333],[152.54693,-25.18577],[152.54421,-25.18823],[152.54198,-25.19376],[152.54723,-25.19956],[152.54821,-25.20301],[152.54797,-25.20533],[152.54716,-25.20676],[152.53998,-25.21037],[152.53843,-25.21221],[152.53575,-25.2116],[152.53349,-25.2127],[152.53038,-25.21079],[152.52587,-25.21046],[152.52429,-25.21535],[152.51907,-25.22053],[152.51792,-25.22096],[152.51728,-25.2212],[152.51699,-25.22131],[152.51197,-25.21877],[152.5117,-25.21834],[152.51127,-25.21765],[152.5106,-25.21656],[152.51025,-25.21577],[152.51182,-25.21452],[152.51217,-25.21294],[152.51017,-25.20943],[152.5096,-25.20922],[152.5039,-25.20891],[152.50128,-25.21069],[152.50105,-25.21084],[152.49543,-25.20955],[152.49442,-25.20967],[152.4934,-25.21013],[152.48942,-25.21277],[152.48868,-25.21354],[152.48282,-25.21713],[152.47383,-25.21678],[152.46879,-25.21507],[152.46684,-25.21568],[152.46434,-25.21976],[152.45926,-25.22382],[152.45065,-25.22831],[152.4512,-25.23063],[152.44899,-25.23341],[152.44101,-25.24857],[152.41557,-25.29055],[152.40949,-25.31269],[152.40615,-25.33453],[152.38468,-25.35619],[152.37971,-25.35558],[152.37951,-25.35686],[152.37221,-25.35306],[152.37028,-25.3558],[152.3735,-25.35723],[152.37303,-25.36297],[152.37038,-25.36392],[152.36439,-25.36348],[152.35901,-25.36647],[152.35451,-25.3661],[152.35244,-25.36822],[152.35124,-25.37092],[152.34834,-25.37314],[152.34802,-25.37521],[152.347,-25.37508],[152.33456,-25.38254],[152.33671,-25.38592],[152.33411,-25.38936],[152.3357,-25.39219],[152.32696,-25.40165],[152.32397,-25.40162],[152.32122,-25.40426],[152.32095,-25.40656],[152.32,-25.40748],[152.3158,-25.40735],[152.31236,-25.40533],[152.31147,-25.40662],[152.30799,-25.40641],[152.29909,-25.40813],[152.29862,-25.41022],[152.29247,-25.41555],[152.29058,-25.41597],[152.29036,-25.41738],[152.27361,-25.43129]]]},"properties":{"LGA Code":"3220","Abbreviated Name":"Fraser Coast","LGA Name":"Fraser Coast Regional","Area Sq Km":7995.76593,"LDMG Name":"Fraser Coast","Police Region Name":"North Coast Region","Police Region Code":"NCR","Police Region Short Name":"North Coast"}},{"type":"Feature","geometry":{"type":"Polygon","coordinates":[[[151.99775,-25.77101],[151.995,-25.77367],[151.99288,-25.77362],[151.99182,-25.77279],[151.9903,-25.77368],[151.98907,-25.77733],[151.9878,-25.77717],[151.98635,-25.77856],[151.98898,-25.78318],[151.98487,-25.79066],[151.98467,-25.79368],[151.98591,-25.79599],[151.9854,-25.79775],[151.98614,-25.80107],[151.98377,-25.80339],[151.98272,-25.80801],[151.9802,-25.80871],[151.98025,-25.81089],[151.97881,-25.81351],[151.97708,-25.81344],[151.9769,-25.81259],[151.97321,-25.8107],[151.97196,-25.81247],[151.97143,-25.81486],[151.97198,-25.81643],[151.97066,-25.81796],[151.96873,-25.82288],[151.97002,-25.8239],[151.96854,-25.82623],[151.97018,-25.83045],[151.96625,-25.83172],[151.96292,-25.83391],[151.9593,-25.83303],[151.9552,-25.84248],[151.95081,-25.84543],[151.94989,-25.84847],[151.94816,-25.85069],[151.94428,-25.85076],[151.94035,-25.85351],[151.93958,-25.85504],[151.93765,-25.85597],[151.93599,-25.86094],[151.93455,-25.86269],[151.93044,-25.8629],[151.92845,-25.86746],[151.92126,-25.86785],[151.91273,-25.87248],[151.90319,-25.8703],[151.89701,-25.86671],[151.89571,-25.8652],[151.89468,-25.86185],[151.89197,-25.85892],[151.89247,-25.85532],[151.89104,-25.85196],[151.8924,-25.84894],[151.89134,-25.84455],[151.88904,-25.84232],[151.88403,-25.84341],[151.88214,-25.84203],[151.88054,-25.8347],[151.87706,-25.83307],[151.87891,-25.83105],[151.87901,-25.82826],[151.87625,-25.82755],[151.87232,-25.82028],[151.87067,-25.81871],[151.87227,-25.8186],[151.87449,-25.81513],[151.87357,-25.81357],[151.86884,-25.8116],[151.86685,-25.80997],[151.8635,-25.81138],[151.86072,-25.81101],[151.86038,-25.81019],[151.86264,-25.80678],[151.86237,-25.80454],[151.8606,-25.8031],[151.8592,-25.80635],[151.85566,-25.80538],[151.85316,-25.80676],[151.85057,-25.80486],[151.8494,-25.80554],[151.84776,-25.80416],[151.84578,-25.80391],[151.84026,-25.79826],[151.83628,-25.79634],[151.83426,-25.79694],[151.83155,-25.7966],[151.82898,-25.79449],[151.82851,-25.79304],[151.82947,-25.79221],[151.82874,-25.78478],[151.82637,-25.78286],[151.8183,-25.78693],[151.81295,-25.78499],[151.81254,-25.78245],[151.81358,-25.78007],[151.81267,-25.77805],[151.81275,-25.77579],[151.81132,-25.77088],[151.80829,-25.76667],[151.81055,-25.76339],[151.81046,-25.76232],[151.80576,-25.75934],[151.80432,-25.75969],[151.80035,-25.75694],[151.79963,-25.7586],[151.79929,-25.7587],[151.79879,-25.75885],[151.79824,-25.75901],[151.79526,-25.75781],[151.79401,-25.75745],[151.79193,-25.75728],[151.79094,-25.75757],[151.78992,-25.75853],[151.78939,-25.76141],[151.79115,-25.76769],[151.7906,-25.7708],[151.78823,-25.77229],[151.77954,-25.77354],[151.7751,-25.77784],[151.77699,-25.78194],[151.78076,-25.7861],[151.78079,-25.78942],[151.77579,-25.78975],[151.7676,-25.78743],[151.76289,-25.79857],[151.75728,-25.8022],[151.75698,-25.8027],[151.75734,-25.8038],[151.75869,-25.80569],[151.7639,-25.80596],[151.76497,-25.81042],[151.76859,-25.81154],[151.77222,-25.81139],[151.77473,-25.81435],[151.77168,-25.8215],[151.76626,-25.8235],[151.7648,-25.82587],[151.76682,-25.8328],[151.76636,-25.83946],[151.76982,-25.84327],[151.7705,-25.84762],[151.76709,-25.85449],[151.76751,-25.85644],[151.76963,-25.85728],[151.76936,-25.85983],[151.77282,-25.86201],[151.77372,-25.86459],[151.77566,-25.87298],[151.77569,-25.87819],[151.77412,-25.88445],[151.77564,-25.88862],[151.77906,-25.89157],[151.78047,-25.89425],[151.78046,-25.89694],[151.7793,-25.90039],[151.77599,-25.90604],[151.77633,-25.9126],[151.77898,-25.91549],[151.78079,-25.91559],[151.78298,-25.91378],[151.78496,-25.91481],[151.7847,-25.91676],[151.7831,-25.9176],[151.77909,-25.91861],[151.77651,-25.91795],[151.77601,-25.91847],[151.77772,-25.92105],[151.77717,-25.92272],[151.77274,-25.92556],[151.76989,-25.9291],[151.76397,-25.93161],[151.76289,-25.93287],[151.76278,-25.9364],[151.76079,-25.93755],[151.75903,-25.93838],[151.75404,-25.93704],[151.75304,-25.93738],[151.75316,-25.9365],[151.75287,-25.93691],[151.75288,-25.9374],[151.75289,-25.93785],[151.75298,-25.93927],[151.75568,-25.94584],[151.75442,-25.94694],[151.7639,-25.9497],[151.8118,-25.95537],[151.81405,-25.95564],[151.80639,-26.00566],[151.81823,-26.00693],[151.81773,-26.01027],[151.81599,-26.01224],[151.81524,-26.01471],[151.8109,-26.01765],[151.81096,-26.02058],[151.83185,-26.02297],[151.83439,-26.00746],[151.83926,-26.00916],[151.91228,-26.01864],[151.9122,-26.01634],[151.93917,-26.02002],[151.93825,-26.02646],[151.93657,-26.02914],[151.93893,-26.02988],[151.94136,-26.03443],[151.94284,-26.03574],[151.94382,-26.03852],[151.9477,-26.04286],[151.94736,-26.04567],[151.94536,-26.04894],[151.94545,-26.05181],[151.94449,-26.05266],[151.94322,-26.05185],[151.9354,-26.05449],[151.93538,-26.05842],[151.93729,-26.06045],[151.94037,-26.06185],[151.93531,-26.09203],[151.9846,-26.09886],[151.98323,-26.10245],[151.97864,-26.10835],[151.97443,-26.10884],[151.97013,-26.11331],[151.96723,-26.11354],[151.96725,-26.11556],[151.96041,-26.11473],[151.95267,-26.117],[151.95682,-26.12916],[151.96107,-26.1293],[151.96477,-26.13138],[151.97537,-26.13338],[151.97578,-26.14273],[151.97657,-26.14543],[151.9757,-26.15207],[151.97891,-26.15559],[151.97606,-26.17373],[151.99053,-26.17567],[152.00191,-26.18819],[152.00079,-26.19373],[152.00246,-26.19364],[152.00348,-26.19515],[152.00547,-26.19516],[152.01048,-26.19878],[152.00965,-26.20153],[152.0109,-26.20461],[152.01068,-26.20605],[152.00964,-26.20691],[152.00777,-26.21194],[152.00344,-26.2164],[152.00259,-26.21871],[152.00493,-26.21678],[152.0089,-26.22851],[152.0203,-26.22543],[152.02941,-26.2364],[152.03195,-26.23556],[152.04005,-26.2453],[152.05202,-26.23715],[152.05431,-26.23945],[152.05656,-26.23945],[152.05831,-26.2425],[152.05971,-26.24338],[152.06137,-26.24297],[152.06152,-26.2512],[152.06419,-26.26053],[152.06375,-26.26181],[152.06519,-26.26458],[152.06583,-26.274],[152.06699,-26.27541],[152.07082,-26.27656],[152.07383,-26.28157],[152.07847,-26.28523],[152.0787,-26.28567],[152.07915,-26.2865],[152.07936,-26.28689],[152.08006,-26.29548],[152.07904,-26.29777],[152.07627,-26.30081],[152.07334,-26.32362],[152.07157,-26.32823],[152.07055,-26.32903],[152.07007,-26.33158],[152.06804,-26.33187],[152.06415,-26.33994],[152.06373,-26.34275],[152.06254,-26.34393],[152.05794,-26.34477],[152.05079,-26.35388],[152.00882,-26.34902],[152.00922,-26.35255],[152.01176,-26.35156],[152.01352,-26.35244],[152.01222,-26.35549],[152.00875,-26.35725],[152.00835,-26.35849],[152.00722,-26.35762],[152.00657,-26.35898],[152.00471,-26.3595],[152.0045,-26.36094],[152.00345,-26.36061],[152.00054,-26.36261],[152.00401,-26.36703],[152.00345,-26.36821],[152.00394,-26.37499],[152.0066,-26.3751],[152.01026,-26.37247],[152.01256,-26.37376],[152.01171,-26.37508],[152.0662,-26.38156],[152.06879,-26.38313],[152.07248,-26.35945],[152.07468,-26.36105],[152.07827,-26.36153],[152.07921,-26.36354],[152.08394,-26.3637],[152.08526,-26.36531],[152.08812,-26.36617],[152.09105,-26.36987],[152.09466,-26.37186],[152.09624,-26.37397],[152.09983,-26.37351],[152.10742,-26.37535],[152.11014,-26.37873],[152.11204,-26.3777],[152.12042,-26.3778],[152.11959,-26.384],[152.12274,-26.38372],[152.12343,-26.3847],[152.12171,-26.38843],[152.12163,-26.3936],[152.12999,-26.39768],[152.13428,-26.39724],[152.13665,-26.39981],[152.13984,-26.40122],[152.14083,-26.40693],[152.14253,-26.40685],[152.14843,-26.40165],[152.14937,-26.40244],[152.14963,-26.40456],[152.15184,-26.40519],[152.15307,-26.40915],[152.15746,-26.41126],[152.15792,-26.41336],[152.1596,-26.4157],[152.16708,-26.41648],[152.16657,-26.42226],[152.16909,-26.42534],[152.1692,-26.42646],[152.17082,-26.42747],[152.1709,-26.42767],[152.17138,-26.42886],[152.17177,-26.42982],[152.17174,-26.42986],[152.17038,-26.43169],[152.17218,-26.43333],[152.17175,-26.43632],[152.17364,-26.43849],[152.16745,-26.47565],[152.1674,-26.47579],[152.16748,-26.47604],[152.16858,-26.47749],[152.17157,-26.4781],[152.17355,-26.48111],[152.17404,-26.48143],[152.178,-26.48402],[152.17904,-26.4847],[152.17909,-26.4847],[152.18168,-26.48444],[152.18443,-26.48602],[152.18949,-26.49208],[152.1948,-26.49557],[152.19748,-26.5002],[152.19943,-26.50141],[152.20003,-26.50308],[152.20172,-26.5039],[152.20502,-26.5075],[152.20659,-26.51108],[152.20758,-26.5118],[152.20918,-26.51181],[152.2125,-26.51274],[152.21319,-26.51304],[152.2134,-26.51299],[152.21402,-26.51283],[152.21466,-26.51267],[152.21476,-26.51248],[152.21809,-26.50624],[152.22129,-26.50391],[152.22802,-26.50717],[152.22864,-26.50809],[152.2309,-26.50717],[152.23261,-26.50408],[152.23176,-26.50042],[152.23279,-26.49912],[152.23272,-26.49744],[152.23208,-26.49525],[152.22927,-26.49265],[152.23506,-26.4888],[152.23777,-26.48942],[152.24134,-26.4877],[152.24387,-26.48792],[152.24559,-26.48557],[152.24964,-26.48438],[152.25183,-26.48534],[152.25325,-26.48442],[152.2562,-26.47849],[152.25926,-26.47646],[152.25974,-26.47138],[152.26221,-26.46886],[152.26797,-26.46889],[152.27305,-26.46426],[152.27381,-26.45349],[152.2767,-26.45407],[152.27863,-26.45265],[152.2844,-26.45235],[152.28546,-26.45288],[152.28909,-26.45664],[152.29419,-26.45874],[152.29608,-26.46079],[152.29633,-26.46207],[152.29755,-26.46269],[152.29746,-26.46497],[152.30064,-26.4644],[152.30188,-26.46561],[152.30258,-26.46516],[152.3046,-26.46605],[152.30526,-26.46679],[152.30449,-26.46881],[152.31137,-26.47239],[152.31255,-26.47631],[152.31551,-26.48076],[152.31775,-26.48053],[152.31934,-26.4786],[152.31965,-26.47698],[152.32335,-26.47681],[152.32558,-26.47517],[152.33039,-26.47526],[152.33447,-26.47275],[152.33925,-26.47158],[152.34066,-26.46924],[152.34402,-26.4679],[152.34692,-26.46919],[152.35011,-26.46929],[152.35116,-26.46768],[152.3561,-26.46517],[152.36063,-26.46625],[152.36441,-26.46313],[152.37077,-26.46243],[152.37244,-26.46293],[152.37313,-26.46824],[152.37658,-26.47006],[152.37706,-26.47223],[152.3868,-26.47217],[152.39038,-26.47593],[152.39275,-26.47371],[152.39938,-26.47079],[152.40164,-26.47196],[152.40323,-26.47387],[152.40773,-26.47106],[152.40815,-26.46851],[152.41046,-26.4655],[152.41258,-26.46419],[152.42125,-26.46717],[152.4251,-26.46415],[152.43019,-26.4637],[152.43167,-26.46451],[152.43521,-26.46282],[152.43679,-26.45974],[152.44344,-26.45985],[152.43935,-26.4858],[152.44558,-26.4866],[152.44618,-26.48602],[152.44563,-26.48493],[152.44711,-26.48368],[152.44824,-26.48398],[152.44495,-26.50468],[152.44167,-26.50697],[152.43896,-26.51133],[152.43866,-26.51295],[152.43967,-26.51725],[152.43895,-26.51989],[152.437,-26.52036],[152.43549,-26.52379],[152.43517,-26.52855],[152.43631,-26.53213],[152.43586,-26.53743],[152.43663,-26.53848],[152.43707,-26.53845],[152.4382,-26.53839],[152.43874,-26.53512],[152.44315,-26.53278],[152.44262,-26.53036],[152.44348,-26.52772],[152.44649,-26.52859],[152.44959,-26.53076],[152.44847,-26.53778],[152.44694,-26.53803],[152.44516,-26.54406],[152.4431,-26.54435],[152.44085,-26.54587],[152.44354,-26.54622],[152.44286,-26.55052],[152.44179,-26.55102],[152.44127,-26.55261],[152.44135,-26.55602],[152.44021,-26.55691],[152.45083,-26.5584],[152.44905,-26.56977],[152.45855,-26.57098],[152.45696,-26.58092],[152.51922,-26.58838],[152.51993,-26.58847],[152.52237,-26.58645],[152.52032,-26.58429],[152.51929,-26.5816],[152.51519,-26.57766],[152.51465,-26.57424],[152.51271,-26.5717],[152.51155,-26.56746],[152.55409,-26.5725],[152.55449,-26.57368],[152.55685,-26.57553],[152.56041,-26.58183],[152.56249,-26.58321],[152.56497,-26.58368],[152.56947,-26.58246],[152.57195,-26.58374],[152.57521,-26.58402],[152.57523,-26.58403],[152.57652,-26.58414],[152.57929,-26.58087],[152.58232,-26.58107],[152.58308,-26.57981],[152.58795,-26.57973],[152.58902,-26.58243],[152.592,-26.58429],[152.59441,-26.58472],[152.59975,-26.58107],[152.60269,-26.57796],[152.60462,-26.57837],[152.60588,-26.57969],[152.60632,-26.58428],[152.61319,-26.58285],[152.61867,-26.5843],[152.62437,-26.58264],[152.62604,-26.58216],[152.62945,-26.58376],[152.63054,-26.58337],[152.63576,-26.58511],[152.638,-26.58455],[152.63844,-26.58564],[152.64367,-26.58624],[152.64826,-26.58775],[152.65105,-26.59006],[152.65265,-26.59023],[152.65359,-26.59282],[152.66027,-26.59709],[152.66295,-26.59734],[152.66544,-26.59626],[152.66684,-26.59678],[152.66997,-26.5961],[152.67048,-26.59679],[152.67297,-26.59629],[152.67328,-26.59726],[152.68049,-26.5977],[152.68142,-26.59087],[152.6829,-26.58927],[152.68101,-26.58393],[152.68127,-26.5825],[152.68262,-26.58204],[152.68366,-26.57878],[152.68603,-26.57701],[152.69497,-26.57555],[152.69472,-26.57389],[152.69542,-26.57383],[152.69473,-26.57177],[152.69563,-26.57039],[152.69494,-26.56787],[152.70076,-26.56519],[152.70659,-26.55982],[152.70844,-26.55989],[152.71056,-26.55657],[152.70956,-26.55415],[152.71048,-26.5525],[152.71157,-26.55263],[152.71226,-26.54622],[152.71442,-26.54571],[152.71468,-26.54634],[152.72845,-26.53696],[152.7334,-26.54299],[152.73765,-26.54024],[152.74514,-26.54961],[152.74648,-26.54984],[152.74983,-26.54724],[152.75186,-26.54934],[152.75205,-26.54953],[152.75279,-26.54958],[152.75414,-26.54967],[152.75455,-26.5497],[152.756,-26.54879],[152.7557,-26.54641],[152.75871,-26.54288],[152.75811,-26.54188],[152.75626,-26.54258],[152.75511,-26.54214],[152.75836,-26.53661],[152.762,-26.53642],[152.76397,-26.54043],[152.76486,-26.53859],[152.76716,-26.53733],[152.76737,-26.53701],[152.76783,-26.53632],[152.76919,-26.53425],[152.76934,-26.53288],[152.76942,-26.53217],[152.76952,-26.53121],[152.7687,-26.52969],[152.7677,-26.52786],[152.7674,-26.5273],[152.7639,-26.52585],[152.7631,-26.52552],[152.76274,-26.52537],[152.76193,-26.52533],[152.75982,-26.525],[152.76209,-26.51064],[152.7437,-26.50814],[152.74345,-26.5075],[152.74343,-26.50701],[152.74519,-26.50431],[152.74393,-26.50274],[152.7452,-26.50152],[152.74494,-26.49893],[152.74944,-26.49754],[152.74963,-26.49748],[152.75245,-26.49287],[152.75264,-26.49113],[152.75784,-26.48765],[152.76145,-26.48687],[152.76186,-26.48333],[152.76556,-26.48249],[152.76512,-26.47951],[152.76667,-26.47774],[152.76512,-26.47566],[152.76476,-26.47518],[152.76327,-26.47492],[152.76091,-26.4745],[152.76065,-26.47445],[152.76054,-26.47451],[152.75858,-26.47559],[152.75681,-26.47444],[152.75662,-26.47403],[152.75824,-26.4712],[152.75739,-26.47002],[152.75762,-26.46843],[152.76443,-26.46935],[152.76547,-26.4636],[152.76858,-26.4646],[152.76752,-26.46604],[152.76721,-26.46839],[152.76801,-26.47025],[152.78862,-26.47303],[152.78921,-26.46944],[152.79531,-26.43255],[152.79606,-26.4322],[152.79116,-26.4318],[152.79322,-26.41725],[152.79639,-26.41911],[152.79622,-26.41636],[152.79693,-26.41575],[152.79267,-26.40861],[152.79345,-26.40689],[152.78934,-26.40352],[152.78564,-26.40323],[152.78153,-26.4045],[152.77869,-26.40355],[152.7779,-26.40244],[152.77912,-26.39531],[152.769,-26.39391],[152.77041,-26.38579],[152.76843,-26.38551],[152.77071,-26.37261],[152.76879,-26.37109],[152.76735,-26.3712],[152.76752,-26.37165],[152.76882,-26.37145],[152.7683,-26.37275],[152.7653,-26.37237],[152.76428,-26.37314],[152.76418,-26.37462],[152.76301,-26.37491],[152.76522,-26.36229],[152.76753,-26.36267],[152.77089,-26.34384],[152.77199,-26.34402],[152.77208,-26.34573],[152.78099,-26.34945],[152.79262,-26.35138],[152.79718,-26.32488],[152.79838,-26.32493],[152.79953,-26.31832],[152.80259,-26.31785],[152.80316,-26.31459],[152.80645,-26.30856],[152.80805,-26.29935],[152.82536,-26.24822],[152.82272,-26.23982],[152.82768,-26.23891],[152.82524,-26.22359],[152.83026,-26.2205],[152.83092,-26.21611],[152.85005,-26.21839],[152.85303,-26.19844],[152.86991,-26.20077],[152.86982,-26.19927],[152.87644,-26.20124],[152.88481,-26.2072],[152.89257,-26.21656],[152.89126,-26.21847],[152.89627,-26.21918],[152.89766,-26.21054],[152.90364,-26.21133],[152.90432,-26.20711],[152.92289,-26.20956],[152.9226,-26.19874],[152.92926,-26.19695],[152.93386,-26.19665],[152.93989,-26.1984],[152.94406,-26.19679],[152.94531,-26.19207],[152.94777,-26.1909],[152.95733,-26.18997],[152.95836,-26.18763],[152.96073,-26.18553],[152.9608,-26.18176],[152.96513,-26.18025],[152.966,-26.17452],[152.96895,-26.16807],[152.96951,-26.1645],[152.97188,-26.16481],[152.97467,-26.14715],[152.97254,-26.14519],[152.97384,-26.13711],[153.09653,-26.15476],[153.1139,-26.10231],[153.1418,-26.02948],[153.15198,-26.00665],[153.17965,-25.95009],[153.18719,-25.93657],[153.18839,-25.9364],[153.18888,-25.93714],[153.19134,-25.93642],[153.19151,-25.93258],[153.19098,-25.93085],[153.18865,-25.92971],[153.18744,-25.92767],[153.1865,-25.92755],[153.18675,-25.92696],[153.18282,-25.92797],[153.17519,-25.94559],[153.17582,-25.94657],[153.16874,-25.94978],[153.15659,-25.94996],[153.14498,-25.9476],[153.13224,-25.94226],[153.11996,-25.93391],[153.11019,-25.92452],[153.10304,-25.91568],[153.0949,-25.90335],[153.09061,-25.8987],[153.0871,-25.89214],[153.08149,-25.8766],[153.07641,-25.85299],[153.07262,-25.81687],[153.07154,-25.81365],[153.06971,-25.81137],[153.0753,-25.8022],[153.06322,-25.80064],[153.04427,-25.80075],[153.03975,-25.80746],[153.03659,-25.81561],[153.03445,-25.82466],[153.03495,-25.83332],[153.03864,-25.84634],[153.03786,-25.85384],[153.03661,-25.85585],[153.02634,-25.86007],[153.01911,-25.86681],[153.00517,-25.87615],[152.995,-25.87866],[152.99359,-25.88109],[152.99208,-25.88178],[152.73523,-25.84236],[152.73604,-25.84736],[152.72893,-25.84418],[152.71428,-25.83996],[152.71251,-25.84229],[152.71454,-25.84294],[152.71258,-25.84409],[152.71234,-25.84572],[152.71947,-25.84546],[152.72466,-25.84674],[152.71869,-25.85266],[152.72261,-25.85697],[152.72282,-25.85817],[152.7251,-25.85972],[152.72496,-25.86112],[152.72753,-25.86314],[152.72876,-25.8674],[152.72882,-25.86749],[152.73206,-25.86618],[152.73389,-25.86699],[152.73623,-25.86528],[152.73666,-25.86686],[152.734,-25.86957],[152.73455,-25.8728],[152.73886,-25.87393],[152.74025,-25.87916],[152.7408,-25.88004],[152.74093,-25.88002],[152.74162,-25.87731],[152.74445,-25.87456],[152.74754,-25.8741],[152.74774,-25.87489],[152.74672,-25.87587],[152.7502,-25.87751],[152.75061,-25.87771],[152.75066,-25.87773],[152.75069,-25.87785],[152.75151,-25.88116],[152.75194,-25.88289],[152.75197,-25.88667],[152.751,-25.8874],[152.75086,-25.88731],[152.74876,-25.88594],[152.74768,-25.88718],[152.74623,-25.88699],[152.74415,-25.88822],[152.74353,-25.89013],[152.74414,-25.89167],[152.74336,-25.89292],[152.74426,-25.89548],[152.74143,-25.89685],[152.74158,-25.89877],[152.74047,-25.89915],[152.7385,-25.90189],[152.73851,-25.90891],[152.73851,-25.90917],[152.73727,-25.90949],[152.73658,-25.90982],[152.73587,-25.91073],[152.73495,-25.91191],[152.73492,-25.91195],[152.72908,-25.91304],[152.72756,-25.91242],[152.72312,-25.9132],[152.72015,-25.91242],[152.71791,-25.91536],[152.7158,-25.9143],[152.71349,-25.91538],[152.71119,-25.91535],[152.70911,-25.91657],[152.70807,-25.91631],[152.70751,-25.91951],[152.704,-25.92325],[152.70403,-25.92761],[152.69448,-25.93292],[152.69455,-25.93601],[152.6883,-25.94028],[152.67229,-25.93807],[152.66976,-25.9529],[152.67536,-25.95372],[152.67394,-25.96245],[152.66784,-25.96158],[152.66501,-25.97924],[152.65628,-25.97809],[152.65712,-25.98014],[152.65501,-25.98607],[152.62108,-25.98143],[152.62187,-25.97469],[152.61113,-25.97325],[152.61435,-25.95691],[152.60102,-25.95509],[152.60233,-25.94942],[152.6003,-25.94914],[152.60056,-25.94762],[152.5668,-25.94308],[152.568,-25.93372],[152.56571,-25.93344],[152.56366,-25.92844],[152.56735,-25.92476],[152.56815,-25.92201],[152.55964,-25.92109],[152.55787,-25.93249],[152.55042,-25.93161],[152.54867,-25.93007],[152.55058,-25.92048],[152.54961,-25.91808],[152.54657,-25.91666],[152.54544,-25.91288],[152.50585,-25.9078],[152.50606,-25.90647],[152.50101,-25.90582],[152.49689,-25.90832],[152.4749,-25.9054],[152.47575,-25.90306],[152.47483,-25.90236],[152.47387,-25.8993],[152.47027,-25.89861],[152.46827,-25.89951],[152.46481,-25.89858],[152.4635,-25.89371],[152.44889,-25.8916],[152.44614,-25.89265],[152.44603,-25.88647],[152.42072,-25.88296],[152.42259,-25.87194],[152.41087,-25.87036],[152.41159,-25.86594],[152.38672,-25.86309],[152.38783,-25.86704],[152.38666,-25.87261],[152.38092,-25.87492],[152.37751,-25.8739],[152.37621,-25.87185],[152.37496,-25.86702],[152.34557,-25.86331],[152.3408,-25.89361],[152.33339,-25.89211],[152.3307,-25.90752],[152.23149,-25.89364],[152.23128,-25.89465],[152.16946,-25.88743],[152.16938,-25.88193],[152.16503,-25.88118],[152.15964,-25.8787],[152.15261,-25.88403],[152.14949,-25.88328],[152.14619,-25.88373],[152.1433,-25.88039],[152.14015,-25.87816],[152.13727,-25.8773],[152.13667,-25.87417],[152.13338,-25.87348],[152.13017,-25.87775],[152.13105,-25.87992],[152.13013,-25.88569],[152.12727,-25.88656],[152.12305,-25.88593],[152.12187,-25.88193],[152.1199,-25.88157],[152.1195,-25.87882],[152.11677,-25.87656],[152.11623,-25.87481],[152.11763,-25.87278],[152.11601,-25.87235],[152.11469,-25.86941],[152.11567,-25.86699],[152.11497,-25.86494],[152.11717,-25.86212],[152.11696,-25.86024],[152.11531,-25.85961],[152.11484,-25.85758],[152.11329,-25.8572],[152.1111,-25.85932],[152.1092,-25.85962],[152.10639,-25.86235],[152.10326,-25.86164],[152.10205,-25.86216],[152.10217,-25.86411],[152.10024,-25.86781],[152.09626,-25.87067],[152.09585,-25.87169],[152.094,-25.87173],[152.09355,-25.87108],[152.09012,-25.87283],[152.08501,-25.87141],[152.0836,-25.87271],[152.08164,-25.87309],[152.08067,-25.87499],[152.07289,-25.8774],[152.07246,-25.87996],[152.0702,-25.88147],[152.07105,-25.88358],[152.06847,-25.88498],[152.06606,-25.88488],[152.06395,-25.88573],[152.06235,-25.88527],[152.05899,-25.88639],[152.05753,-25.88294],[152.04743,-25.87853],[152.04321,-25.87505],[152.04494,-25.87363],[152.04532,-25.87065],[152.04679,-25.8696],[152.04715,-25.86784],[152.04995,-25.86766],[152.04799,-25.86231],[152.05073,-25.85571],[152.04918,-25.85183],[152.04527,-25.85123],[152.04452,-25.85246],[152.03842,-25.85128],[152.03661,-25.85238],[152.03534,-25.85183],[152.03318,-25.85222],[152.02865,-25.85005],[152.02945,-25.8452],[152.03229,-25.84323],[152.03264,-25.84181],[152.031,-25.84044],[152.03156,-25.83689],[152.03019,-25.83469],[152.03056,-25.83328],[152.02895,-25.82937],[152.03146,-25.82587],[152.03176,-25.82056],[152.03057,-25.8207],[152.02933,-25.81951],[152.02854,-25.81165],[152.02908,-25.81018],[152.03423,-25.80641],[152.036,-25.80382],[152.03455,-25.80063],[152.03636,-25.79834],[152.03535,-25.79521],[152.0386,-25.7935],[152.03897,-25.79019],[152.02917,-25.78704],[152.02111,-25.78898],[152.01854,-25.78644],[152.01434,-25.78522],[152.0108,-25.78285],[152.00819,-25.78245],[152.00732,-25.77984],[152.00317,-25.77654],[152.00166,-25.77222],[151.99837,-25.77157],[151.99775,-25.77101]]]},"properties":{"LGA Code":"3620","Abbreviated Name":"Gympie","LGA Name":"Gympie Regional","Area Sq Km":6936.26533,"LDMG Name":"Gympie","Police Region Name":"North Coast Region","Police Region Code":"NCR","Police Region Short Name":"North Coast"}},{"type":"Feature","geometry":{"type":"Polygon","coordinates":[[[152.78921,-26.46944],[152.80429,-26.47149],[152.8033,-26.47736],[152.80857,-26.48186],[152.81185,-26.48787],[152.81336,-26.4888],[152.81241,-26.49449],[152.81402,-26.49748],[152.81693,-26.49875],[152.81814,-26.49821],[152.82697,-26.49939],[152.82814,-26.4927],[152.83507,-26.48816],[152.83584,-26.48926],[152.84381,-26.48404],[152.84596,-26.48669],[152.85035,-26.48469],[152.85062,-26.48318],[152.8533,-26.48149],[152.85945,-26.47906],[152.86125,-26.47692],[152.86189,-26.47472],[152.86497,-26.47613],[152.86649,-26.47229],[152.86934,-26.4742],[152.87086,-26.46546],[152.87956,-26.4667],[152.88014,-26.46899],[152.88544,-26.46982],[152.88626,-26.46515],[152.88528,-26.46223],[152.8877,-26.4588],[152.88911,-26.45878],[152.89241,-26.455],[152.89536,-26.45512],[152.89992,-26.45403],[152.90335,-26.45087],[152.90847,-26.45162],[152.90844,-26.44933],[152.91239,-26.45074],[152.91297,-26.44746],[152.91739,-26.44918],[152.92021,-26.45245],[152.92185,-26.44304],[152.93559,-26.44503],[152.93587,-26.44311],[152.94502,-26.44459],[152.94627,-26.43717],[152.96257,-26.43935],[152.96499,-26.44027],[152.96633,-26.43222],[152.98704,-26.43509],[152.98602,-26.43332],[152.99582,-26.43469],[152.99515,-26.43367],[152.9956,-26.43236],[152.99676,-26.43344],[153.00576,-26.4353],[153.00714,-26.43994],[153.0242,-26.44235],[153.02499,-26.44436],[153.02452,-26.4452],[153.02913,-26.4429],[153.03533,-26.44303],[153.04302,-26.44148],[153.04816,-26.44235],[153.05014,-26.43105],[153.06082,-26.43256],[153.06139,-26.43502],[153.06351,-26.43678],[153.06403,-26.4384],[153.06201,-26.43984],[153.05908,-26.44001],[153.05649,-26.44331],[153.05428,-26.44858],[153.05431,-26.45169],[153.05557,-26.4532],[153.06073,-26.45615],[153.06425,-26.45649],[153.06761,-26.45784],[153.07324,-26.45862],[153.07942,-26.45721],[153.08009,-26.45804],[153.07997,-26.46038],[153.07646,-26.46478],[153.07849,-26.46654],[153.07553,-26.47288],[153.06916,-26.48003],[153.07422,-26.48219],[153.07424,-26.48134],[153.08298,-26.48256],[153.08105,-26.49384],[153.0821,-26.49558],[153.08966,-26.49723],[153.09285,-26.49894],[153.09369,-26.49822],[153.09582,-26.49859],[153.10253,-26.45049],[153.11495,-26.39675],[153.11564,-26.39574],[153.11728,-26.39602],[153.11702,-26.39248],[153.11906,-26.39277],[153.11862,-26.39187],[153.11964,-26.39171],[153.11994,-26.39074],[153.11836,-26.39085],[153.11549,-26.38933],[153.11491,-26.38664],[153.11562,-26.38273],[153.1166,-26.38025],[153.11914,-26.38017],[153.11881,-26.37943],[153.11976,-26.37919],[153.11604,-26.37642],[153.11201,-26.37927],[153.11036,-26.37904],[153.10774,-26.37713],[153.10575,-26.37964],[153.101,-26.37945],[153.09722,-26.38235],[153.0963,-26.38438],[153.09471,-26.38456],[153.09288,-26.38649],[153.08863,-26.38531],[153.08678,-26.38434],[153.08684,-26.38362],[153.08651,-26.3844],[153.08516,-26.38412],[153.0809,-26.38084],[153.08043,-26.38125],[153.07179,-26.36872],[153.06767,-26.35956],[153.06343,-26.34501],[153.06138,-26.32566],[153.06229,-26.30041],[153.06438,-26.28486],[153.06975,-26.25665],[153.08069,-26.20983],[153.09653,-26.15476],[152.97384,-26.13711],[152.97254,-26.14519],[152.97467,-26.14715],[152.97188,-26.16481],[152.96951,-26.1645],[152.96895,-26.16807],[152.966,-26.17452],[152.96513,-26.18025],[152.9608,-26.18176],[152.96073,-26.18553],[152.95836,-26.18763],[152.95733,-26.18997],[152.94777,-26.1909],[152.94531,-26.19207],[152.94406,-26.19679],[152.93989,-26.1984],[152.93386,-26.19665],[152.92926,-26.19695],[152.9226,-26.19874],[152.92289,-26.20956],[152.90432,-26.20711],[152.90364,-26.21133],[152.89766,-26.21054],[152.89627,-26.21918],[152.89126,-26.21847],[152.89257,-26.21656],[152.88481,-26.2072],[152.87644,-26.20124],[152.86982,-26.19927],[152.86991,-26.20077],[152.85303,-26.19844],[152.85005,-26.21839],[152.83092,-26.21611],[152.83026,-26.2205],[152.82524,-26.22359],[152.82768,-26.23891],[152.82272,-26.23982],[152.82536,-26.24822],[152.80805,-26.29935],[152.80645,-26.30856],[152.80316,-26.31459],[152.80259,-26.31785],[152.79953,-26.31832],[152.79838,-26.32493],[152.79718,-26.32488],[152.79262,-26.35138],[152.78099,-26.34945],[152.77208,-26.34573],[152.77199,-26.34402],[152.77089,-26.34384],[152.76753,-26.36267],[152.76522,-26.36229],[152.76301,-26.37491],[152.76418,-26.37462],[152.76428,-26.37314],[152.7653,-26.37237],[152.7683,-26.37275],[152.76882,-26.37145],[152.76752,-26.37165],[152.76735,-26.3712],[152.76879,-26.37109],[152.77071,-26.37261],[152.76843,-26.38551],[152.77041,-26.38579],[152.769,-26.39391],[152.77912,-26.39531],[152.7779,-26.40244],[152.77869,-26.40355],[152.78153,-26.4045],[152.78564,-26.40323],[152.78934,-26.40352],[152.79345,-26.40689],[152.79267,-26.40861],[152.79693,-26.41575],[152.79622,-26.41636],[152.79639,-26.41911],[152.79322,-26.41725],[152.79116,-26.4318],[152.79606,-26.4322],[152.79531,-26.43255],[152.78921,-26.46944]]]},"properties":{"LGA Code":"5740","Abbreviated Name":"Noosa","LGA Name":"Noosa Shire","Area Sq Km":870.10279,"LDMG Name":"Noosa","Police Region Name":"North Coast Region","Police Region Code":"NCR","Police Region Short Name":"North Coast"}},{"type":"Feature","geometry":{"type":"Polygon","coordinates":[[[150.43705,-25.60643],[150.44096,-25.60155],[150.44615,-25.5989],[150.48399,-25.60622],[150.49553,-25.62838],[150.50381,-25.63598],[150.51717,-25.64071],[150.52177,-25.64304],[150.52419,-25.64537],[150.54039,-25.64113],[150.54584,-25.64035],[150.55297,-25.64159],[150.56124,-25.63937],[150.57029,-25.63819],[150.58533,-25.64345],[150.58786,-25.6463],[150.59124,-25.65268],[150.59949,-25.65272],[150.65417,-25.65977],[150.65593,-25.67306],[150.65884,-25.67868],[150.66381,-25.68116],[150.66357,-25.68426],[150.65654,-25.69222],[150.65629,-25.69744],[150.65181,-25.69868],[150.64651,-25.70522],[150.64316,-25.71565],[150.64792,-25.72456],[150.64961,-25.72618],[150.66428,-25.73273],[150.66388,-25.74315],[150.6629,-25.74491],[150.66367,-25.75764],[150.66845,-25.75825],[150.66544,-25.76173],[150.66646,-25.76374],[150.65983,-25.77333],[150.65022,-25.77424],[150.64645,-25.77875],[150.64413,-25.78453],[150.64413,-25.78619],[150.65689,-25.80096],[150.64924,-25.8033],[150.65771,-25.81369],[150.67041,-25.82046],[150.67177,-25.827],[150.67875,-25.83036],[150.69513,-25.85022],[150.69709,-25.85085],[150.6987,-25.85574],[150.69476,-25.86448],[150.69307,-25.8721],[150.68945,-25.87717],[150.68717,-25.87905],[150.68003,-25.88274],[150.67838,-25.88902],[150.67832,-25.89327],[150.67979,-25.89803],[150.68392,-25.90178],[150.68506,-25.90517],[150.685,-25.91386],[150.68426,-25.91703],[150.68064,-25.92249],[150.67951,-25.92849],[150.67673,-25.9331],[150.66889,-25.94265],[150.6693,-25.94921],[150.67312,-25.95722],[150.67454,-25.96323],[150.67276,-25.96957],[150.68176,-25.9702],[150.69351,-25.97299],[150.70206,-25.97392],[150.71442,-25.98484],[150.71966,-25.98515],[150.72563,-25.98101],[150.72982,-25.98016],[150.73898,-25.98109],[150.75695,-25.98073],[150.76364,-25.98159],[150.765,-25.98675],[150.76665,-25.98784],[150.76696,-25.99109],[150.77049,-25.99136],[150.77115,-25.9925],[150.77042,-25.99485],[150.77363,-25.99832],[150.77746,-26.0086],[150.77678,-26.00842],[150.77582,-26.01222],[150.77912,-26.01523],[150.78316,-26.0156],[150.78599,-26.01864],[150.78541,-26.02238],[150.78165,-26.02603],[150.78092,-26.02848],[150.78586,-26.0395],[150.78854,-26.04316],[150.78982,-26.04891],[150.84957,-26.05639],[150.90393,-26.01938],[150.90636,-26.0127],[150.90597,-26.00831],[150.91406,-26.00409],[150.92042,-26.00502],[150.92683,-26.0118],[150.93254,-26.0131],[150.93295,-26.01162],[150.93851,-26.01262],[150.94255,-26.01104],[150.94981,-26.01003],[150.96217,-26.01386],[150.98399,-26.00779],[150.98342,-26.01148],[150.98919,-26.01523],[150.9939,-26.0312],[151.00302,-26.04328],[151.00205,-26.04959],[151.0085,-26.05958],[151.00898,-26.06766],[151.01037,-26.07115],[151.01588,-26.0771],[151.0325,-26.08507],[151.04011,-26.08759],[151.04651,-26.08757],[151.04838,-26.08866],[151.05421,-26.0887],[151.05612,-26.0903],[151.05917,-26.08822],[151.06736,-26.08521],[151.06814,-26.08749],[151.07221,-26.09187],[151.07382,-26.09519],[151.07777,-26.0958],[151.07876,-26.09666],[151.11436,-26.09078],[151.1139,-26.08899],[151.11291,-26.08896],[151.11264,-26.08781],[151.1146,-26.08459],[151.11405,-26.08357],[151.11524,-26.0826],[151.11411,-26.0809],[151.11524,-26.07987],[151.11447,-26.07735],[151.11634,-26.07706],[151.11624,-26.07646],[151.10654,-26.07932],[151.09992,-26.07525],[151.10091,-26.07055],[151.10813,-26.06246],[151.10843,-26.05626],[151.11028,-26.04821],[151.10999,-26.04281],[151.13422,-26.04692],[151.13859,-26.04943],[151.1417,-26.05022],[151.15115,-26.05076],[151.26834,-26.06587],[151.27414,-26.06696],[151.27899,-26.06963],[151.28669,-26.06996],[151.2876,-26.06852],[151.29856,-26.07346],[151.30843,-26.06596],[151.31273,-26.05871],[151.31289,-26.057],[151.31426,-26.05563],[151.31559,-26.05551],[151.32641,-26.04358],[151.32951,-26.0417],[151.33194,-26.04138],[151.33035,-26.03895],[151.33065,-26.03537],[151.32491,-26.02993],[151.32395,-26.02568],[151.34001,-26.01179],[151.34673,-26.01144],[151.34836,-26.01209],[151.35504,-26.00596],[151.38206,-26.00958],[151.46854,-26.0034],[151.47003,-26.00234],[151.47324,-26.00211],[151.47259,-25.99215],[151.47353,-25.98925],[151.47589,-25.98882],[151.47942,-25.9904],[151.48136,-25.98982],[151.48275,-25.98746],[151.48439,-25.97959],[151.48373,-25.97673],[151.48872,-25.97501],[151.48989,-25.97345],[151.48777,-25.96513],[151.49197,-25.96336],[151.49603,-25.9602],[151.50205,-25.95167],[151.50232,-25.94925],[151.49909,-25.94291],[151.50071,-25.93961],[151.50498,-25.92525],[151.50395,-25.92098],[151.49661,-25.91816],[151.49084,-25.9204],[151.48817,-25.92006],[151.48701,-25.91828],[151.48717,-25.91648],[151.48811,-25.91469],[151.49107,-25.91299],[151.49168,-25.91037],[151.48936,-25.907],[151.48257,-25.90365],[151.4821,-25.90124],[151.48651,-25.8964],[151.48717,-25.89435],[151.49118,-25.89494],[151.49278,-25.89669],[151.49246,-25.89822],[151.49493,-25.89861],[151.49423,-25.89948],[151.49477,-25.90046],[151.49444,-25.90547],[151.49761,-25.9066],[151.49913,-25.90864],[151.49938,-25.91053],[151.50384,-25.91097],[151.50469,-25.9107],[151.5047,-25.90932],[151.50716,-25.91113],[151.50738,-25.9099],[151.50836,-25.90987],[151.51727,-25.85729],[151.51972,-25.85566],[151.52157,-25.85617],[151.52431,-25.85508],[151.52819,-25.85637],[151.53095,-25.85453],[151.53357,-25.85405],[151.53606,-25.85418],[151.53877,-25.85651],[151.54616,-25.85466],[151.54672,-25.85525],[151.5493,-25.85524],[151.55176,-25.85779],[151.55182,-25.85877],[151.55371,-25.85911],[151.55973,-25.85698],[151.56447,-25.85843],[151.56946,-25.85796],[151.57248,-25.85917],[151.57847,-25.85914],[151.58027,-25.86003],[151.58443,-25.86448],[151.58904,-25.86518],[151.60037,-25.86051],[151.60144,-25.85732],[151.6041,-25.85542],[151.61475,-25.85415],[151.61607,-25.85719],[151.61959,-25.8596],[151.62788,-25.86093],[151.63085,-25.86526],[151.63184,-25.86859],[151.63503,-25.87121],[151.63813,-25.87109],[151.64132,-25.86921],[151.64471,-25.8728],[151.65324,-25.87304],[151.65005,-25.88156],[151.65966,-25.88886],[151.65754,-25.89317],[151.66158,-25.89695],[151.65705,-25.91216],[151.66802,-25.91307],[151.69147,-25.91791],[151.70101,-25.9247],[151.70949,-25.92963],[151.71562,-25.93241],[151.72556,-25.93368],[151.73085,-25.93538],[151.73435,-25.9387],[151.73641,-25.93877],[151.74376,-25.9336],[151.74737,-25.93474],[151.75001,-25.93443],[151.75316,-25.9365],[151.75304,-25.93738],[151.75404,-25.93704],[151.75903,-25.93838],[151.76079,-25.93755],[151.76278,-25.9364],[151.76289,-25.93287],[151.76397,-25.93161],[151.76989,-25.9291],[151.77274,-25.92556],[151.77717,-25.92272],[151.77772,-25.92105],[151.77601,-25.91847],[151.77651,-25.91795],[151.77909,-25.91861],[151.7831,-25.9176],[151.7847,-25.91676],[151.78496,-25.91481],[151.78298,-25.91378],[151.78079,-25.91559],[151.77898,-25.91549],[151.77633,-25.9126],[151.77599,-25.90604],[151.7793,-25.90039],[151.78046,-25.89694],[151.78047,-25.89425],[151.77906,-25.89157],[151.77564,-25.88862],[151.77412,-25.88445],[151.77569,-25.87819],[151.77566,-25.87298],[151.77372,-25.86459],[151.77282,-25.86201],[151.76936,-25.85983],[151.76963,-25.85728],[151.76751,-25.85644],[151.76709,-25.85449],[151.7705,-25.84762],[151.76982,-25.84327],[151.76636,-25.83946],[151.76682,-25.8328],[151.7648,-25.82587],[151.76626,-25.8235],[151.77168,-25.8215],[151.77473,-25.81435],[151.77222,-25.81139],[151.76859,-25.81154],[151.76497,-25.81042],[151.7639,-25.80596],[151.75869,-25.80569],[151.75734,-25.8038],[151.75698,-25.8027],[151.75728,-25.8022],[151.76289,-25.79857],[151.7676,-25.78743],[151.77579,-25.78975],[151.78079,-25.78942],[151.78076,-25.7861],[151.77699,-25.78194],[151.7751,-25.77784],[151.77954,-25.77354],[151.78823,-25.77229],[151.7906,-25.7708],[151.79115,-25.76769],[151.78939,-25.76141],[151.78992,-25.75853],[151.79094,-25.75757],[151.79193,-25.75728],[151.79401,-25.75745],[151.79526,-25.75781],[151.79824,-25.75901],[151.79879,-25.75885],[151.79929,-25.7587],[151.79963,-25.7586],[151.80035,-25.75694],[151.80432,-25.75969],[151.80576,-25.75934],[151.81046,-25.76232],[151.81055,-25.76339],[151.80829,-25.76667],[151.81132,-25.77088],[151.81275,-25.77579],[151.81267,-25.77805],[151.81358,-25.78007],[151.81254,-25.78245],[151.81295,-25.78499],[151.8183,-25.78693],[151.82637,-25.78286],[151.82874,-25.78478],[151.82947,-25.79221],[151.82851,-25.79304],[151.82898,-25.79449],[151.83155,-25.7966],[151.83426,-25.79694],[151.83628,-25.79634],[151.84026,-25.79826],[151.84578,-25.80391],[151.84776,-25.80416],[151.8494,-25.80554],[151.85057,-25.80486],[151.85316,-25.80676],[151.85566,-25.80538],[151.8592,-25.80635],[151.8606,-25.8031],[151.86237,-25.80454],[151.86264,-25.80678],[151.86038,-25.81019],[151.86072,-25.81101],[151.8635,-25.81138],[151.86685,-25.80997],[151.86884,-25.8116],[151.87357,-25.81357],[151.87449,-25.81513],[151.87227,-25.8186],[151.87067,-25.81871],[151.87232,-25.82028],[151.87625,-25.82755],[151.87901,-25.82826],[151.87891,-25.83105],[151.87706,-25.83307],[151.88054,-25.8347],[151.88214,-25.84203],[151.88403,-25.84341],[151.88904,-25.84232],[151.89134,-25.84455],[151.8924,-25.84894],[151.89104,-25.85196],[151.89247,-25.85532],[151.89197,-25.85892],[151.89468,-25.86185],[151.89571,-25.8652],[151.89701,-25.86671],[151.90319,-25.8703],[151.91273,-25.87248],[151.92126,-25.86785],[151.92845,-25.86746],[151.93044,-25.8629],[151.93455,-25.86269],[151.93599,-25.86094],[151.93765,-25.85597],[151.93958,-25.85504],[151.94035,-25.85351],[151.94428,-25.85076],[151.94816,-25.85069],[151.94989,-25.84847],[151.95081,-25.84543],[151.9552,-25.84248],[151.9593,-25.83303],[151.96292,-25.83391],[151.96625,-25.83172],[151.97018,-25.83045],[151.96854,-25.82623],[151.97002,-25.8239],[151.96873,-25.82288],[151.97066,-25.81796],[151.97198,-25.81643],[151.97143,-25.81486],[151.97196,-25.81247],[151.97321,-25.8107],[151.9769,-25.81259],[151.97708,-25.81344],[151.97881,-25.81351],[151.98025,-25.81089],[151.9802,-25.80871],[151.98272,-25.80801],[151.98377,-25.80339],[151.98614,-25.80107],[151.9854,-25.79775],[151.98591,-25.79599],[151.98467,-25.79368],[151.98487,-25.79066],[151.98898,-25.78318],[151.98635,-25.77856],[151.9878,-25.77717],[151.98907,-25.77733],[151.9903,-25.77368],[151.99182,-25.77279],[151.99288,-25.77362],[151.995,-25.77367],[151.99775,-25.77101],[151.99639,-25.76671],[151.99748,-25.76472],[151.99657,-25.75887],[151.99573,-25.75748],[151.99669,-25.75533],[151.99649,-25.75084],[151.99906,-25.74796],[151.99765,-25.74668],[151.99621,-25.74188],[151.99659,-25.73983],[151.99531,-25.73713],[151.99285,-25.73682],[151.99067,-25.73546],[151.99004,-25.73634],[151.98023,-25.7334],[151.98083,-25.73206],[151.98033,-25.72953],[151.98235,-25.729],[151.98229,-25.72604],[151.98334,-25.72431],[151.98248,-25.72393],[151.9821,-25.71531],[151.98101,-25.71318],[151.98273,-25.71295],[151.98829,-25.71469],[151.98906,-25.71352],[151.99146,-25.71347],[151.99667,-25.71149],[152.00305,-25.71779],[152.0049,-25.71773],[152.00984,-25.71369],[152.01408,-25.7087],[152.01562,-25.70374],[152.01495,-25.70197],[152.01586,-25.69421],[152.01501,-25.69233],[152.0164,-25.68978],[152.01541,-25.68816],[152.01529,-25.68603],[152.01774,-25.68096],[152.01492,-25.67774],[152.0123,-25.67622],[152.01098,-25.67399],[152.01247,-25.67139],[152.01141,-25.66995],[152.01117,-25.66499],[152.01252,-25.66507],[152.01385,-25.66293],[152.0148,-25.66308],[152.01866,-25.65898],[152.01873,-25.65726],[152.02271,-25.65436],[152.02344,-25.65258],[152.02536,-25.65084],[152.02707,-25.65042],[152.02835,-25.64409],[152.02985,-25.64215],[152.03521,-25.64369],[152.03657,-25.64376],[152.03827,-25.64264],[152.03967,-25.63197],[152.0418,-25.62552],[152.0415,-25.61956],[152.04442,-25.6151],[152.04635,-25.61581],[152.04592,-25.61305],[152.04666,-25.61155],[152.04867,-25.61322],[152.05071,-25.61352],[152.05274,-25.61593],[152.05078,-25.61676],[152.05078,-25.61803],[152.05302,-25.61877],[152.05408,-25.62325],[152.05566,-25.62472],[152.05507,-25.62574],[152.05591,-25.62755],[152.05944,-25.62629],[152.06033,-25.62406],[152.06344,-25.62169],[152.0715,-25.62217],[152.07185,-25.6234],[152.07718,-25.62611],[152.07878,-25.62903],[152.08161,-25.63175],[152.08756,-25.63577],[152.09075,-25.63644],[152.09265,-25.63239],[152.09639,-25.63047],[152.10426,-25.62902],[152.10875,-25.62599],[152.11206,-25.62681],[152.11542,-25.62315],[152.1146,-25.61716],[152.11592,-25.61539],[152.1122,-25.61097],[152.1117,-25.6071],[152.10998,-25.60351],[152.11151,-25.59844],[152.11556,-25.59681],[152.11845,-25.59785],[152.12166,-25.59528],[152.12424,-25.59586],[152.12505,-25.59219],[152.13009,-25.59104],[152.12961,-25.58761],[152.13797,-25.58652],[152.13982,-25.58702],[152.1404,-25.58528],[152.14356,-25.58263],[152.14593,-25.5843],[152.14832,-25.58367],[152.15191,-25.584],[152.1543,-25.58307],[152.16243,-25.57682],[152.16465,-25.57434],[152.16379,-25.57248],[152.16416,-25.56498],[152.16336,-25.56319],[152.16416,-25.56034],[152.16309,-25.55968],[152.16395,-25.55309],[152.1662,-25.54924],[152.16579,-25.54728],[152.16886,-25.54194],[152.17344,-25.5386],[152.17566,-25.53568],[152.17531,-25.53454],[152.17628,-25.5319],[152.17759,-25.53174],[152.17936,-25.52914],[152.1788,-25.52747],[152.17958,-25.52571],[152.17945,-25.52302],[152.1865,-25.52099],[152.18852,-25.52205],[152.1915,-25.52132],[152.19362,-25.51915],[152.19838,-25.51845],[152.20121,-25.51967],[152.20704,-25.51862],[152.20999,-25.52096],[152.21573,-25.52007],[152.21479,-25.51602],[152.21544,-25.51389],[152.21498,-25.51296],[152.22727,-25.51453],[152.2289,-25.51857],[152.23026,-25.5193],[152.23321,-25.51502],[152.23543,-25.51579],[152.23621,-25.51728],[152.23934,-25.51521],[152.24472,-25.51763],[152.24628,-25.51676],[152.24747,-25.51717],[152.2482,-25.51962],[152.25232,-25.52134],[152.25557,-25.52107],[152.25802,-25.52235],[152.26349,-25.52162],[152.26898,-25.52267],[152.26996,-25.52116],[152.2693,-25.51537],[152.27073,-25.5147],[152.27059,-25.51339],[152.27206,-25.51265],[152.27218,-25.50938],[152.27329,-25.50792],[152.27268,-25.50631],[152.27433,-25.50451],[152.26859,-25.5035],[152.27071,-25.48984],[152.27637,-25.49056],[152.27444,-25.4877],[152.2734,-25.48312],[152.27161,-25.48159],[152.26847,-25.48173],[152.26195,-25.47646],[152.26244,-25.47116],[152.26361,-25.47036],[152.26017,-25.46186],[152.2609,-25.45911],[152.26205,-25.459],[152.27252,-25.43222],[152.27361,-25.43129],[152.27218,-25.41864],[152.26534,-25.41323],[152.26209,-25.41218],[152.25905,-25.40682],[152.25431,-25.40376],[152.25422,-25.40206],[152.24944,-25.40143],[152.24857,-25.40217],[152.24516,-25.40016],[152.23901,-25.39915],[152.23424,-25.4001],[152.22882,-25.39648],[152.22836,-25.39448],[152.22732,-25.39364],[152.22603,-25.39459],[152.22381,-25.39384],[152.21861,-25.38739],[152.21461,-25.39012],[152.20963,-25.3901],[152.20542,-25.3919],[152.20275,-25.39491],[152.19937,-25.39454],[152.18893,-25.38263],[152.18374,-25.38127],[152.18173,-25.37957],[152.18135,-25.37744],[152.17104,-25.36798],[152.17038,-25.36543],[152.17377,-25.36001],[152.17322,-25.35586],[152.17114,-25.35171],[152.17104,-25.34905],[152.17246,-25.34665],[152.17236,-25.34397],[152.17091,-25.34058],[152.16843,-25.33881],[152.16744,-25.33594],[152.16434,-25.33679],[152.16105,-25.33599],[152.15456,-25.3364],[152.15171,-25.33724],[152.14361,-25.33672],[152.14145,-25.33819],[152.13989,-25.33628],[152.13182,-25.33405],[152.13192,-25.33345],[152.12556,-25.32928],[152.12434,-25.32709],[152.10746,-25.32692],[152.10602,-25.3279],[152.10271,-25.32662],[152.10119,-25.3242],[152.09748,-25.32224],[152.09679,-25.32016],[152.09388,-25.31674],[152.09142,-25.31554],[152.09056,-25.31312],[152.08958,-25.31241],[152.08852,-25.31357],[152.08524,-25.3145],[152.08465,-25.31825],[152.07952,-25.31897],[152.07693,-25.32118],[152.0738,-25.31458],[152.06792,-25.31433],[152.05977,-25.30751],[152.05681,-25.30154],[152.05564,-25.29602],[152.05132,-25.2951],[152.04909,-25.28771],[152.04742,-25.28615],[152.04583,-25.28634],[152.03818,-25.28424],[152.03884,-25.28159],[152.0368,-25.27923],[152.03243,-25.27722],[152.03077,-25.27474],[152.02738,-25.27459],[152.02556,-25.27316],[152.01912,-25.27496],[152.01256,-25.27406],[152.01375,-25.27898],[152.01267,-25.28568],[152.01,-25.28954],[152.00356,-25.2929],[151.99688,-25.29091],[151.98478,-25.2828],[151.98038,-25.28107],[151.97358,-25.27932],[151.96825,-25.2796],[151.96532,-25.28076],[151.9596,-25.28651],[151.95149,-25.29167],[151.94732,-25.29593],[151.94276,-25.30429],[151.9377,-25.31651],[151.93565,-25.32347],[151.92385,-25.3431],[151.91952,-25.3476],[151.91593,-25.35426],[151.91379,-25.35588],[151.91174,-25.35605],[151.90257,-25.35271],[151.89897,-25.35277],[151.89558,-25.35399],[151.88809,-25.36019],[151.88372,-25.36132],[151.88058,-25.36033],[151.87857,-25.35665],[151.87852,-25.35472],[151.87917,-25.35073],[151.88112,-25.3459],[151.88053,-25.34147],[151.87802,-25.33982],[151.87386,-25.3394],[151.87091,-25.34052],[151.86857,-25.34314],[151.86604,-25.33889],[151.8637,-25.33731],[151.8616,-25.3379],[151.86095,-25.33722],[151.86113,-25.33444],[151.85998,-25.33335],[151.85999,-25.3313],[151.8612,-25.33062],[151.86332,-25.3316],[151.86417,-25.33112],[151.86695,-25.32724],[151.86759,-25.32516],[151.86694,-25.32315],[151.86834,-25.32124],[151.86428,-25.31344],[151.86506,-25.30967],[151.86369,-25.30712],[151.86485,-25.30544],[151.86116,-25.30196],[151.86237,-25.3004],[151.87265,-25.3022],[151.87388,-25.30127],[151.87228,-25.29996],[151.87127,-25.29766],[151.8711,-25.29371],[151.87328,-25.29383],[151.87598,-25.29167],[151.87837,-25.29196],[151.87903,-25.29346],[151.88204,-25.29496],[151.88479,-25.29505],[151.88704,-25.29387],[151.88713,-25.29171],[151.88809,-25.29145],[151.88883,-25.28946],[151.89136,-25.28812],[151.88876,-25.28501],[151.88647,-25.284],[151.88421,-25.28124],[151.88307,-25.28087],[151.88064,-25.27613],[151.87249,-25.27318],[151.87407,-25.26876],[151.87925,-25.26603],[151.88113,-25.25704],[151.87986,-25.25379],[151.88348,-25.25182],[151.88127,-25.24368],[151.88348,-25.24299],[151.88421,-25.23995],[151.88716,-25.23931],[151.88784,-25.23781],[151.89213,-25.23419],[151.89524,-25.23421],[151.89736,-25.23207],[151.90039,-25.23241],[151.90006,-25.23058],[151.90365,-25.22877],[151.90168,-25.22446],[151.90424,-25.22052],[151.90352,-25.21826],[151.90437,-25.21651],[151.9039,-25.21502],[151.90479,-25.21386],[151.89707,-25.21005],[151.90252,-25.20237],[151.90358,-25.19818],[151.90496,-25.19799],[151.90779,-25.20081],[151.9107,-25.20104],[151.91567,-25.19869],[151.91558,-25.19569],[151.91463,-25.19475],[151.90762,-25.19178],[151.91029,-25.18438],[151.91548,-25.18004],[151.91657,-25.17626],[151.91801,-25.17543],[151.92121,-25.17932],[151.92329,-25.18021],[151.9252,-25.17911],[151.92659,-25.17485],[151.92813,-25.17416],[151.93136,-25.17515],[151.92424,-25.15917],[151.92015,-25.1596],[151.91946,-25.15807],[151.91726,-25.1567],[151.91537,-25.1541],[151.91535,-25.15216],[151.91687,-25.15005],[151.91641,-25.14903],[151.91624,-25.14865],[151.9064,-25.14657],[151.90187,-25.14144],[151.8971,-25.14252],[151.89531,-25.14175],[151.89323,-25.14246],[151.89095,-25.14214],[151.88708,-25.14534],[151.88554,-25.14967],[151.87809,-25.15252],[151.87,-25.15057],[151.86891,-25.14755],[151.86453,-25.14773],[151.86482,-25.14481],[151.8601,-25.14243],[151.85621,-25.1444],[151.85573,-25.14771],[151.85384,-25.14911],[151.85019,-25.15489],[151.84872,-25.15995],[151.85211,-25.16912],[151.85069,-25.17065],[151.85049,-25.17461],[151.85268,-25.17672],[151.85163,-25.17903],[151.84916,-25.18139],[151.84856,-25.18363],[151.8433,-25.18416],[151.83874,-25.18256],[151.83549,-25.18364],[151.83058,-25.18181],[151.82754,-25.18267],[151.82355,-25.18682],[151.82101,-25.18332],[151.81928,-25.18299],[151.81246,-25.17291],[151.80939,-25.17263],[151.80665,-25.17526],[151.80421,-25.17544],[151.80281,-25.16861],[151.80085,-25.16461],[151.79448,-25.16244],[151.79444,-25.15919],[151.78991,-25.15784],[151.78666,-25.15805],[151.78584,-25.15663],[151.78656,-25.15151],[151.78761,-25.14975],[151.78667,-25.14667],[151.78489,-25.14524],[151.78479,-25.13476],[151.78199,-25.13071],[151.78469,-25.12522],[151.78492,-25.12296],[151.78346,-25.11533],[151.7799,-25.11398],[151.7777,-25.10884],[151.77329,-25.11031],[151.74291,-25.07385],[151.73779,-25.07547],[151.73716,-25.08147],[151.73377,-25.08125],[151.72913,-25.07891],[151.72881,-25.08147],[151.72662,-25.08393],[151.71867,-25.08289],[151.71233,-25.08721],[151.71388,-25.09028],[151.7102,-25.09153],[151.7088,-25.09087],[151.70054,-25.09296],[151.69869,-25.09172],[151.69457,-25.0921],[151.69551,-25.09024],[151.69523,-25.0867],[151.69182,-25.08324],[151.68277,-25.09015],[151.67775,-25.08793],[151.67693,-25.08382],[151.67445,-25.08395],[151.67362,-25.08577],[151.67147,-25.08765],[151.66748,-25.08745],[151.66323,-25.08865],[151.66374,-25.09271],[151.66266,-25.09451],[151.65729,-25.09429],[151.65595,-25.09286],[151.65324,-25.09172],[151.64955,-25.116],[151.62196,-25.11257],[151.6212,-25.11768],[151.61901,-25.11737],[151.61764,-25.11486],[151.61275,-25.11473],[151.6098,-25.11582],[151.60876,-25.11461],[151.60915,-25.10763],[151.60998,-25.10533],[151.60917,-25.10306],[151.60794,-25.10326],[151.59956,-25.10053],[151.59876,-25.10264],[151.59309,-25.10098],[151.58999,-25.09873],[151.58833,-25.09857],[151.58619,-25.09873],[151.58441,-25.10022],[151.57868,-25.099],[151.57674,-25.10077],[151.5748,-25.1003],[151.57083,-25.10239],[151.56513,-25.10119],[151.56159,-25.09917],[151.55919,-25.10294],[151.55505,-25.09877],[151.54394,-25.09568],[151.5401,-25.09213],[151.54088,-25.09],[151.54433,-25.0861],[151.54718,-25.08471],[151.55023,-25.08184],[151.55186,-25.07801],[151.55277,-25.07239],[151.55502,-25.06976],[151.55958,-25.06069],[151.56122,-25.05913],[151.56384,-25.05372],[151.56457,-25.04972],[151.55635,-25.04744],[151.55728,-25.04434],[151.55638,-25.04242],[151.55703,-25.03855],[151.55604,-25.03734],[151.55816,-25.02596],[151.55934,-25.02434],[151.55799,-25.02143],[151.55807,-25.01964],[151.55929,-25.01817],[151.55504,-25.01423],[151.556,-25.0097],[151.55184,-25.00498],[151.55127,-25.00157],[151.54793,-24.99979],[151.54212,-24.99286],[151.53563,-24.99211],[151.53217,-24.98848],[151.53206,-24.98379],[151.53064,-24.98137],[151.53411,-24.97329],[151.53347,-24.97195],[151.53059,-24.96983],[151.53047,-24.96888],[151.5278,-24.96757],[151.52403,-24.96304],[151.52391,-24.9608],[151.52682,-24.95661],[151.52534,-24.95415],[151.52547,-24.95237],[151.53047,-24.94538],[151.53253,-24.94526],[151.53793,-24.94986],[151.53966,-24.95014],[151.54163,-24.94605],[151.54469,-24.9452],[151.54699,-24.94173],[151.55742,-24.94103],[151.55822,-24.93944],[151.56244,-24.93955],[151.56715,-24.93753],[151.56777,-24.93305],[151.57229,-24.93159],[151.56924,-24.92491],[151.57087,-24.91903],[151.5705,-24.91612],[151.57278,-24.91476],[151.57274,-24.91354],[151.57505,-24.91146],[151.57489,-24.90782],[151.57409,-24.90717],[151.57487,-24.90141],[151.57294,-24.89723],[151.57622,-24.89246],[151.57635,-24.89227],[151.57543,-24.8868],[151.57624,-24.88539],[151.57607,-24.8835],[151.57415,-24.88109],[151.56934,-24.88168],[151.56887,-24.88004],[151.56562,-24.8759],[151.56563,-24.87372],[151.568,-24.87238],[151.56864,-24.87047],[151.56552,-24.86515],[151.56528,-24.86255],[151.56315,-24.86082],[151.55968,-24.85975],[151.55766,-24.86031],[151.55655,-24.85953],[151.55652,-24.8562],[151.5578,-24.85459],[151.5569,-24.85205],[151.55778,-24.85125],[151.55197,-24.84638],[151.55176,-24.8452],[151.55084,-24.84498],[151.54926,-24.84264],[151.54968,-24.84019],[151.55068,-24.83928],[151.5502,-24.8356],[151.54566,-24.83264],[151.54054,-24.83298],[151.53922,-24.83452],[151.53615,-24.8356],[151.52834,-24.83152],[151.52826,-24.83293],[151.52511,-24.83589],[151.52515,-24.8382],[151.52079,-24.83912],[151.51961,-24.84107],[151.51511,-24.83931],[151.51173,-24.84261],[151.50843,-24.84425],[151.50528,-24.84478],[151.5026,-24.84619],[151.50161,-24.84775],[151.49948,-24.84854],[151.49802,-24.84818],[151.49517,-24.85006],[151.49336,-24.8495],[151.49211,-24.85044],[151.49045,-24.85027],[151.48599,-24.84782],[151.48453,-24.84242],[151.47979,-24.84111],[151.47873,-24.8442],[151.47602,-24.84464],[151.47458,-24.84628],[151.47449,-24.8481],[151.47276,-24.85059],[151.47198,-24.85091],[151.46959,-24.84968],[151.46831,-24.85139],[151.4658,-24.84988],[151.46234,-24.85098],[151.46047,-24.84894],[151.45706,-24.85036],[151.45094,-24.84612],[151.44584,-24.83929],[151.44263,-24.83964],[151.439,-24.83732],[151.43702,-24.8373],[151.43371,-24.83558],[151.43398,-24.82732],[151.43208,-24.82392],[151.42711,-24.82026],[151.42723,-24.81817],[151.4263,-24.81729],[151.42599,-24.81455],[151.4283,-24.81161],[151.43034,-24.80698],[151.4306,-24.80297],[151.42423,-24.79956],[151.42417,-24.7978],[151.42264,-24.79554],[151.42257,-24.79335],[151.42433,-24.79168],[151.42703,-24.79104],[151.42519,-24.78945],[151.42204,-24.78426],[151.42052,-24.78371],[151.41876,-24.7805],[151.41866,-24.77827],[151.42063,-24.77764],[151.42621,-24.77828],[151.42818,-24.78031],[151.43488,-24.77878],[151.43656,-24.77769],[151.43832,-24.77913],[151.44091,-24.77926],[151.44595,-24.77764],[151.45091,-24.7792],[151.45318,-24.77545],[151.4414,-24.73986],[151.44326,-24.73866],[151.44284,-24.7366],[151.44045,-24.73534],[151.44121,-24.73291],[151.43954,-24.73084],[151.44075,-24.72904],[151.43513,-24.71871],[151.43323,-24.71767],[151.42986,-24.71189],[151.43083,-24.70702],[151.42904,-24.70254],[151.42466,-24.69817],[151.42077,-24.69905],[151.41747,-24.69671],[151.41187,-24.695],[151.40141,-24.69873],[151.39692,-24.70265],[151.39317,-24.70212],[151.39181,-24.70426],[151.38823,-24.70522],[151.38561,-24.70699],[151.38112,-24.70727],[151.37808,-24.71015],[151.37701,-24.70962],[151.37426,-24.71037],[151.37241,-24.71216],[151.36636,-24.71066],[151.36783,-24.7191],[151.35703,-24.73071],[151.35265,-24.73063],[151.34819,-24.72849],[151.34545,-24.72591],[151.34451,-24.72258],[151.34305,-24.72099],[151.34461,-24.71825],[151.34632,-24.71766],[151.34767,-24.71606],[151.34866,-24.71398],[151.34397,-24.70742],[151.34488,-24.70595],[151.34476,-24.70017],[151.34849,-24.69156],[151.35145,-24.68716],[151.35231,-24.6836],[151.3587,-24.68052],[151.36013,-24.67871],[151.35512,-24.67264],[151.35109,-24.67023],[151.34911,-24.66768],[151.34903,-24.664],[151.34714,-24.6587],[151.34289,-24.65107],[151.3418,-24.64931],[151.33607,-24.64539],[151.33274,-24.64485],[151.32697,-24.64548],[151.32279,-24.6442],[151.32117,-24.64579],[151.32126,-24.64713],[151.31962,-24.64703],[151.31766,-24.6481],[151.31534,-24.64724],[151.31286,-24.64968],[151.31104,-24.64981],[151.3093,-24.65244],[151.31031,-24.65655],[151.30813,-24.658],[151.30691,-24.65789],[151.30711,-24.66086],[151.3059,-24.66217],[151.30653,-24.66654],[151.30229,-24.66827],[151.29731,-24.66768],[151.29374,-24.66014],[151.29176,-24.65754],[151.28114,-24.65474],[151.27793,-24.65568],[151.27704,-24.65408],[151.27475,-24.6538],[151.27362,-24.65608],[151.27213,-24.65617],[151.26695,-24.65379],[151.2654,-24.65532],[151.26415,-24.65992],[151.25567,-24.66246],[151.25364,-24.66598],[151.25121,-24.6628],[151.25011,-24.65964],[151.2489,-24.659],[151.24745,-24.65652],[151.24733,-24.6537],[151.24584,-24.65225],[151.24389,-24.65306],[151.2432,-24.65463],[151.24129,-24.65475],[151.24056,-24.6538],[151.23736,-24.65327],[151.23611,-24.6504],[151.23103,-24.64603],[151.23141,-24.64516],[151.23012,-24.64246],[151.23072,-24.64038],[151.23024,-24.63899],[151.22759,-24.63763],[151.22707,-24.63848],[151.2243,-24.63862],[151.22014,-24.63385],[151.21728,-24.63389],[151.21596,-24.63524],[151.21352,-24.63584],[151.21109,-24.63539],[151.20948,-24.63747],[151.20625,-24.63818],[151.20645,-24.64031],[151.20267,-24.64142],[151.19925,-24.64393],[151.19474,-24.64253],[151.19407,-24.6407],[151.19421,-24.63991],[151.19322,-24.63505],[151.19832,-24.6298],[151.20444,-24.62785],[151.20773,-24.62459],[151.21021,-24.62544],[151.21604,-24.62452],[151.22353,-24.62774],[151.2278,-24.62872],[151.22897,-24.62776],[151.23019,-24.62791],[151.21867,-24.58608],[151.2191,-24.585],[151.22125,-24.58456],[151.21954,-24.58375],[151.22066,-24.57955],[151.21847,-24.57548],[151.22143,-24.5717],[151.22358,-24.57173],[151.2257,-24.56846],[151.2259,-24.56699],[151.22438,-24.56417],[151.22838,-24.53723],[151.22797,-24.5327],[151.22974,-24.53074],[151.2293,-24.5277],[151.22658,-24.53002],[151.2246,-24.53048],[151.22135,-24.52958],[151.21861,-24.531],[151.20917,-24.53273],[151.2057,-24.53119],[151.20207,-24.53126],[151.20046,-24.53374],[151.19952,-24.53981],[151.19703,-24.54088],[151.19056,-24.54089],[151.19,-24.54192],[151.1852,-24.54267],[151.18374,-24.54206],[151.17902,-24.54304],[151.17871,-24.54408],[151.17353,-24.54544],[151.16896,-24.54971],[151.16541,-24.55058],[151.16161,-24.55003],[151.15748,-24.547],[151.15633,-24.54482],[151.15684,-24.54125],[151.15291,-24.53773],[151.15311,-24.53477],[151.15427,-24.53213],[151.15227,-24.52693],[151.15298,-24.5236],[151.15588,-24.52168],[151.15406,-24.51274],[151.15578,-24.51016],[151.15544,-24.50758],[151.15814,-24.50443],[151.15881,-24.49993],[151.16144,-24.49886],[151.16162,-24.49326],[151.1643,-24.48676],[151.16886,-24.48454],[151.16916,-24.47903],[151.16681,-24.47643],[151.16431,-24.47562],[151.15865,-24.46859],[151.1542,-24.46545],[151.15338,-24.46061],[151.14903,-24.45945],[151.14746,-24.46037],[151.14364,-24.45906],[151.13787,-24.45562],[151.13564,-24.46042],[151.13354,-24.46116],[151.13414,-24.46375],[151.13287,-24.46481],[151.12408,-24.4668],[151.12248,-24.46834],[151.12032,-24.46788],[151.11923,-24.46676],[151.11814,-24.46706],[151.11662,-24.46874],[151.11487,-24.47461],[151.1137,-24.47452],[151.11099,-24.4721],[151.10698,-24.47022],[151.10609,-24.46249],[151.09977,-24.45844],[151.09837,-24.45431],[151.09806,-24.45028],[151.09326,-24.44351],[151.09151,-24.44364],[151.08987,-24.441],[151.08028,-24.43919],[151.07597,-24.43913],[151.07198,-24.43791],[151.07079,-24.43641],[151.06971,-24.43257],[151.06692,-24.43186],[151.0665,-24.43012],[151.06429,-24.42945],[151.06338,-24.42753],[151.061,-24.42614],[151.05745,-24.42755],[151.05486,-24.42023],[151.05243,-24.42017],[151.05126,-24.41737],[151.04947,-24.41708],[151.04604,-24.41406],[151.04592,-24.41347],[151.04534,-24.41053],[151.04455,-24.40652],[151.04784,-24.40167],[151.04724,-24.39846],[151.04515,-24.39539],[151.04442,-24.39431],[151.04139,-24.39599],[151.03927,-24.39296],[151.03696,-24.39207],[151.0334,-24.39271],[151.0296,-24.39214],[151.02832,-24.3941],[151.02541,-24.39445],[151.02176,-24.39378],[151.02078,-24.39534],[151.01684,-24.39698],[151.00502,-24.39455],[151.00425,-24.39657],[151.00226,-24.39846],[151.00065,-24.3989],[150.99945,-24.40599],[150.99312,-24.40964],[150.99224,-24.41121],[150.9927,-24.41415],[150.99193,-24.41651],[150.99387,-24.41901],[150.99418,-24.42421],[150.99305,-24.43559],[150.99321,-24.4427],[150.9881,-24.44693],[150.98786,-24.45137],[150.98873,-24.45618],[150.98845,-24.45844],[150.98742,-24.46215],[150.9863,-24.46326],[150.9856,-24.4698],[150.98313,-24.47184],[150.98304,-24.47198],[150.9822,-24.47529],[150.98367,-24.47655],[150.9829,-24.47868],[150.97868,-24.48123],[150.97952,-24.48304],[150.97954,-24.49139],[150.97431,-24.49539],[150.97072,-24.49592],[150.96984,-24.49726],[150.96994,-24.5025],[150.96896,-24.50402],[150.96404,-24.50701],[150.96376,-24.50846],[150.96515,-24.5105],[150.96379,-24.51465],[150.96597,-24.52063],[150.96653,-24.5268],[150.96843,-24.52938],[150.96788,-24.53342],[150.97094,-24.53615],[150.97271,-24.53675],[150.98143,-24.54918],[150.97472,-24.54894],[150.96983,-24.55229],[150.9701,-24.5569],[150.96905,-24.56113],[150.97004,-24.56469],[150.96981,-24.56966],[150.97257,-24.57253],[150.97354,-24.5748],[150.97278,-24.57635],[150.96904,-24.57858],[150.96622,-24.57775],[150.96365,-24.57595],[150.96129,-24.57643],[150.944,-24.56974],[150.93222,-24.5672],[150.9127,-24.56132],[150.90949,-24.56164],[150.90729,-24.55995],[150.88075,-24.552],[150.87911,-24.55661],[150.87285,-24.55526],[150.8712,-24.55557],[150.87015,-24.55761],[150.86808,-24.55849],[150.86744,-24.55987],[150.86179,-24.55972],[150.85569,-24.5583],[150.85326,-24.55574],[150.85269,-24.55159],[150.8509,-24.54917],[150.84915,-24.55116],[150.84737,-24.55986],[150.84619,-24.56161],[150.84475,-24.56196],[150.84154,-24.56],[150.83891,-24.55944],[150.83757,-24.55781],[150.83385,-24.55962],[150.82993,-24.56001],[150.82949,-24.55514],[150.82757,-24.55395],[150.82624,-24.55474],[150.81913,-24.60394],[150.82496,-24.60547],[150.82601,-24.60639],[150.82579,-24.60758],[150.83321,-24.61349],[150.83605,-24.61479],[150.83871,-24.61811],[150.84373,-24.61977],[150.84905,-24.61992],[150.85139,-24.62231],[150.85561,-24.62282],[150.85749,-24.62556],[150.86761,-24.63102],[150.88276,-24.62516],[150.88973,-24.63181],[150.89764,-24.63052],[150.89964,-24.63308],[150.89822,-24.63686],[150.89967,-24.63832],[150.9008,-24.64235],[150.91113,-24.6504],[150.91057,-24.65208],[150.90764,-24.65329],[150.90495,-24.65814],[150.90196,-24.66161],[150.90081,-24.66166],[150.89754,-24.66497],[150.89556,-24.66514],[150.89647,-24.66777],[150.8942,-24.6688],[150.88947,-24.67817],[150.88771,-24.67719],[150.8843,-24.67741],[150.88332,-24.67826],[150.88371,-24.68087],[150.88226,-24.68376],[150.88158,-24.68805],[150.87802,-24.68915],[150.8749,-24.69626],[150.8754,-24.69884],[150.87903,-24.70071],[150.87724,-24.70955],[150.87556,-24.71363],[150.87637,-24.71596],[150.87393,-24.71996],[150.87399,-24.72112],[150.873,-24.72179],[150.87003,-24.7214],[150.86517,-24.72439],[150.85843,-24.72238],[150.8546,-24.72379],[150.82869,-24.71803],[150.79059,-24.71193],[150.78349,-24.714],[150.78166,-24.71565],[150.77828,-24.71621],[150.77444,-24.7142],[150.76688,-24.70744],[150.75973,-24.70379],[150.74682,-24.70244],[150.73928,-24.69899],[150.73247,-24.69786],[150.72811,-24.69876],[150.7247,-24.70156],[150.70914,-24.70369],[150.69945,-24.70213],[150.68945,-24.70245],[150.67975,-24.69901],[150.66681,-24.70374],[150.66314,-24.70275],[150.65589,-24.69321],[150.64184,-24.69592],[150.63833,-24.70015],[150.63691,-24.70935],[150.62212,-24.70921],[150.61137,-24.71162],[150.58653,-24.73146],[150.60183,-24.78963],[150.60598,-24.79851],[150.6035,-24.80109],[150.59819,-24.83568],[150.59472,-24.83826],[150.59178,-24.84527],[150.58609,-24.84554],[150.58561,-24.84798],[150.58086,-24.84738],[150.55862,-24.8996],[150.55658,-24.91466],[150.55823,-24.92352],[150.54241,-24.95892],[150.53959,-24.96068],[150.54635,-24.97736],[150.55326,-24.98623],[150.54772,-25.00936],[150.54789,-25.01569],[150.54919,-25.02095],[150.54994,-25.03777],[150.54971,-25.04481],[150.54832,-25.0514],[150.54862,-25.05992],[150.55424,-25.07256],[150.55578,-25.0795],[150.55811,-25.08332],[150.55787,-25.08791],[150.55631,-25.09049],[150.55648,-25.09408],[150.55909,-25.09717],[150.56599,-25.10123],[150.57881,-25.11241],[150.57012,-25.11533],[150.56533,-25.12391],[150.56062,-25.12696],[150.55663,-25.13377],[150.55904,-25.14192],[150.56203,-25.14556],[150.56144,-25.1501],[150.56196,-25.15204],[150.55759,-25.156],[150.55748,-25.16162],[150.55139,-25.16472],[150.53104,-25.16485],[150.51853,-25.17049],[150.51269,-25.17152],[150.50824,-25.17356],[150.49806,-25.18657],[150.50226,-25.19264],[150.48641,-25.19496],[150.47781,-25.19076],[150.47136,-25.1905],[150.47217,-25.19582],[150.47006,-25.19877],[150.47206,-25.2026],[150.47321,-25.20994],[150.47438,-25.21207],[150.47641,-25.22161],[150.4752,-25.23085],[150.47455,-25.23279],[150.47152,-25.23425],[150.46466,-25.24182],[150.46506,-25.24806],[150.46167,-25.25678],[150.45433,-25.2575],[150.45221,-25.26357],[150.45856,-25.27799],[150.45431,-25.28101],[150.44356,-25.28189],[150.44222,-25.2885],[150.44638,-25.29242],[150.44613,-25.29841],[150.44846,-25.30304],[150.44177,-25.31663],[150.44089,-25.31712],[150.4426,-25.32059],[150.43752,-25.32541],[150.42664,-25.32396],[150.41653,-25.33082],[150.41846,-25.33597],[150.41795,-25.34697],[150.4194,-25.34973],[150.41547,-25.35642],[150.40648,-25.36204],[150.40731,-25.36522],[150.41794,-25.36991],[150.41754,-25.37242],[150.41398,-25.37211],[150.41183,-25.37682],[150.40692,-25.37852],[150.39552,-25.39041],[150.40445,-25.39762],[150.39911,-25.40277],[150.40189,-25.41396],[150.39366,-25.4162],[150.39086,-25.41879],[150.39965,-25.42799],[150.40477,-25.43138],[150.39784,-25.44733],[150.3756,-25.46134],[150.37473,-25.47183],[150.36913,-25.47623],[150.37009,-25.48068],[150.37599,-25.48277],[150.37463,-25.48937],[150.37672,-25.49044],[150.3854,-25.48796],[150.38775,-25.4948],[150.38531,-25.5021],[150.38915,-25.50312],[150.39771,-25.50058],[150.40166,-25.50336],[150.40274,-25.50772],[150.39181,-25.52001],[150.39425,-25.5268],[150.39212,-25.5315],[150.4043,-25.53719],[150.40259,-25.54148],[150.40238,-25.54847],[150.40326,-25.55176],[150.41016,-25.56139],[150.41248,-25.56757],[150.40799,-25.58023],[150.40608,-25.58257],[150.40383,-25.58371],[150.40101,-25.59361],[150.40205,-25.59862],[150.40701,-25.59641],[150.41041,-25.59612],[150.41421,-25.59712],[150.41521,-25.60129],[150.42649,-25.60275],[150.43705,-25.60643]]]},"properties":{"LGA Code":"5760","Abbreviated Name":"North Burnett","LGA Name":"North Burnett Regional","Area Sq Km":19670.52276,"LDMG Name":"North Burnett","Police Region Name":"North Coast Region","Police Region Code":"NCR","Police Region Short Name":"North Coast"}},{"type":"Feature","geometry":{"type":"Polygon","coordinates":[[[151.75316,-25.9365],[151.75001,-25.93443],[151.74737,-25.93474],[151.74376,-25.9336],[151.73641,-25.93877],[151.73435,-25.9387],[151.73085,-25.93538],[151.72556,-25.93368],[151.71562,-25.93241],[151.70949,-25.92963],[151.70101,-25.9247],[151.69147,-25.91791],[151.66802,-25.91307],[151.65705,-25.91216],[151.66158,-25.89695],[151.65754,-25.89317],[151.65966,-25.88886],[151.65005,-25.88156],[151.65324,-25.87304],[151.64471,-25.8728],[151.64132,-25.86921],[151.63813,-25.87109],[151.63503,-25.87121],[151.63184,-25.86859],[151.63085,-25.86526],[151.62788,-25.86093],[151.61959,-25.8596],[151.61607,-25.85719],[151.61475,-25.85415],[151.6041,-25.85542],[151.60144,-25.85732],[151.60037,-25.86051],[151.58904,-25.86518],[151.58443,-25.86448],[151.58027,-25.86003],[151.57847,-25.85914],[151.57248,-25.85917],[151.56946,-25.85796],[151.56447,-25.85843],[151.55973,-25.85698],[151.55371,-25.85911],[151.55182,-25.85877],[151.55176,-25.85779],[151.5493,-25.85524],[151.54672,-25.85525],[151.54616,-25.85466],[151.53877,-25.85651],[151.53606,-25.85418],[151.53357,-25.85405],[151.53095,-25.85453],[151.52819,-25.85637],[151.52431,-25.85508],[151.52157,-25.85617],[151.51972,-25.85566],[151.51727,-25.85729],[151.50836,-25.90987],[151.50738,-25.9099],[151.50716,-25.91113],[151.5047,-25.90932],[151.50469,-25.9107],[151.50384,-25.91097],[151.49938,-25.91053],[151.49913,-25.90864],[151.49761,-25.9066],[151.49444,-25.90547],[151.49477,-25.90046],[151.49423,-25.89948],[151.49493,-25.89861],[151.49246,-25.89822],[151.49278,-25.89669],[151.49118,-25.89494],[151.48717,-25.89435],[151.48651,-25.8964],[151.4821,-25.90124],[151.48257,-25.90365],[151.48936,-25.907],[151.49168,-25.91037],[151.49107,-25.91299],[151.48811,-25.91469],[151.48717,-25.91648],[151.48701,-25.91828],[151.48817,-25.92006],[151.49084,-25.9204],[151.49661,-25.91816],[151.50395,-25.92098],[151.50498,-25.92525],[151.50071,-25.93961],[151.49909,-25.94291],[151.50232,-25.94925],[151.50205,-25.95167],[151.49603,-25.9602],[151.49197,-25.96336],[151.48777,-25.96513],[151.48989,-25.97345],[151.48872,-25.97501],[151.48373,-25.97673],[151.48439,-25.97959],[151.48275,-25.98746],[151.48136,-25.98982],[151.47942,-25.9904],[151.47589,-25.98882],[151.47353,-25.98925],[151.47259,-25.99215],[151.47324,-26.00211],[151.47003,-26.00234],[151.46854,-26.0034],[151.38206,-26.00958],[151.35504,-26.00596],[151.34836,-26.01209],[151.34673,-26.01144],[151.34001,-26.01179],[151.32395,-26.02568],[151.32491,-26.02993],[151.33065,-26.03537],[151.33035,-26.03895],[151.33194,-26.04138],[151.32951,-26.0417],[151.32641,-26.04358],[151.31559,-26.05551],[151.31426,-26.05563],[151.31289,-26.057],[151.31273,-26.05871],[151.30843,-26.06596],[151.29856,-26.07346],[151.2876,-26.06852],[151.28669,-26.06996],[151.27899,-26.06963],[151.27414,-26.06696],[151.26834,-26.06587],[151.15115,-26.05076],[151.1417,-26.05022],[151.13859,-26.04943],[151.13422,-26.04692],[151.10999,-26.04281],[151.11028,-26.04821],[151.10843,-26.05626],[151.10813,-26.06246],[151.10091,-26.07055],[151.09992,-26.07525],[151.10654,-26.07932],[151.11624,-26.07646],[151.11634,-26.07706],[151.11447,-26.07735],[151.11524,-26.07987],[151.11411,-26.0809],[151.11524,-26.0826],[151.11405,-26.08357],[151.1146,-26.08459],[151.11264,-26.08781],[151.11291,-26.08896],[151.1139,-26.08899],[151.11436,-26.09078],[151.07876,-26.09666],[151.08211,-26.09961],[151.08466,-26.10009],[151.08812,-26.10517],[151.08995,-26.10615],[151.09296,-26.10626],[151.09661,-26.10852],[151.09783,-26.11074],[151.10216,-26.11038],[151.10379,-26.11169],[151.10724,-26.11133],[151.10812,-26.11273],[151.11117,-26.11266],[151.11542,-26.1187],[151.11783,-26.11882],[151.12057,-26.11772],[151.1237,-26.11485],[151.12385,-26.11372],[151.12629,-26.1145],[151.13445,-26.10528],[151.1354,-26.10749],[151.13739,-26.1077],[151.14291,-26.10397],[151.14988,-26.10541],[151.15167,-26.10771],[151.15173,-26.11109],[151.15954,-26.12079],[151.15956,-26.12409],[151.15789,-26.12926],[151.15906,-26.13181],[151.15655,-26.13372],[151.1565,-26.13603],[151.1573,-26.13837],[151.15949,-26.13953],[151.1607,-26.14198],[151.16201,-26.14951],[151.15879,-26.15452],[151.15005,-26.15964],[151.14702,-26.15786],[151.1424,-26.1598],[151.13929,-26.15917],[151.1257,-26.15143],[151.12533,-26.14997],[151.12266,-26.14838],[151.12059,-26.14296],[151.11587,-26.14085],[151.09871,-26.14987],[151.09983,-26.16027],[151.09289,-26.15934],[151.07641,-26.16177],[151.07324,-26.17257],[151.04384,-26.18594],[151.04249,-26.18577],[151.0416,-26.18694],[151.02274,-26.19543],[151.01948,-26.19391],[151.01824,-26.19249],[151.01327,-26.19205],[151.01672,-26.25621],[151.06652,-26.25472],[151.13639,-26.26305],[151.13409,-26.27223],[151.11545,-26.37939],[151.07734,-26.46253],[151.20773,-26.47875],[151.20842,-26.48066],[151.20364,-26.48575],[151.2034,-26.4889],[151.20517,-26.49093],[151.20498,-26.49182],[151.20805,-26.49454],[151.20417,-26.50093],[151.20456,-26.50297],[151.20614,-26.50361],[151.21225,-26.51395],[151.21871,-26.51747],[151.22238,-26.5182],[151.22188,-26.52133],[151.22297,-26.52248],[151.22748,-26.52436],[151.22969,-26.52711],[151.23425,-26.52561],[151.23539,-26.52354],[151.23786,-26.52265],[151.24101,-26.52642],[151.24312,-26.52769],[151.24669,-26.52652],[151.24778,-26.5279],[151.24818,-26.5337],[151.24713,-26.5367],[151.24974,-26.54234],[151.2519,-26.54251],[151.25432,-26.54424],[151.25765,-26.54821],[151.26382,-26.54892],[151.26598,-26.54988],[151.26897,-26.54832],[151.27156,-26.54888],[151.27657,-26.54522],[151.27772,-26.54277],[151.27932,-26.54368],[151.28218,-26.5434],[151.28336,-26.54246],[151.28394,-26.54372],[151.28754,-26.54488],[151.28682,-26.55382],[151.2877,-26.55733],[151.2949,-26.56648],[151.29716,-26.56863],[151.30139,-26.57053],[151.30488,-26.57966],[151.30748,-26.58191],[151.31031,-26.5826],[151.30998,-26.58451],[151.31192,-26.58658],[151.312,-26.58904],[151.3138,-26.591],[151.31563,-26.58989],[151.31818,-26.59041],[151.3228,-26.58579],[151.32454,-26.58703],[151.32604,-26.59079],[151.32584,-26.59208],[151.32852,-26.59383],[151.33036,-26.59313],[151.33162,-26.59622],[151.33369,-26.59834],[151.33277,-26.6007],[151.33349,-26.60164],[151.34199,-26.60696],[151.34984,-26.60818],[151.35008,-26.6121],[151.3519,-26.61719],[151.35783,-26.6187],[151.36343,-26.6236],[151.36869,-26.62425],[151.37109,-26.62782],[151.36959,-26.6308],[151.37113,-26.63199],[151.37515,-26.63133],[151.37863,-26.62958],[151.38314,-26.6333],[151.38478,-26.63648],[151.38756,-26.63721],[151.38869,-26.63831],[151.39302,-26.63778],[151.39476,-26.63879],[151.39467,-26.64135],[151.39926,-26.64521],[151.4028,-26.65103],[151.40804,-26.65659],[151.40811,-26.65684],[151.40924,-26.66063],[151.40719,-26.67394],[151.3919,-26.6842],[151.39434,-26.68496],[151.39713,-26.68895],[151.39764,-26.69127],[151.40526,-26.69511],[151.40771,-26.69436],[151.41074,-26.69686],[151.417,-26.69795],[151.41803,-26.70249],[151.4162,-26.70758],[151.41387,-26.71037],[151.41438,-26.7131],[151.41664,-26.7143],[151.41719,-26.71717],[151.41325,-26.7252],[151.41817,-26.72886],[151.41898,-26.74038],[151.42079,-26.74594],[151.42359,-26.74611],[151.42524,-26.74841],[151.42654,-26.74805],[151.43157,-26.75208],[151.4344,-26.75215],[151.43627,-26.75434],[151.44055,-26.75657],[151.45033,-26.75791],[151.45575,-26.76007],[151.45944,-26.75971],[151.4645,-26.7618],[151.46915,-26.75996],[151.4738,-26.76034],[151.47602,-26.75699],[151.47962,-26.75686],[151.48263,-26.75428],[151.48998,-26.7572],[151.49225,-26.75949],[151.49296,-26.76247],[151.49375,-26.76279],[151.49762,-26.76322],[151.49956,-26.76215],[151.5044,-26.76297],[151.50641,-26.76669],[151.51058,-26.76705],[151.51484,-26.76556],[151.51981,-26.76655],[151.52011,-26.76794],[151.51883,-26.76905],[151.51782,-26.77237],[151.51823,-26.77984],[151.51652,-26.78256],[151.51744,-26.78806],[151.52111,-26.79137],[151.52164,-26.79326],[151.51646,-26.79904],[151.51933,-26.8013],[151.52397,-26.81075],[151.52826,-26.81172],[151.53093,-26.81807],[151.53596,-26.82042],[151.53953,-26.81968],[151.54385,-26.82392],[151.54554,-26.8276],[151.54845,-26.82949],[151.54827,-26.83282],[151.54939,-26.83558],[151.55344,-26.83899],[151.55579,-26.83972],[151.55751,-26.84234],[151.55746,-26.84409],[151.55848,-26.84607],[151.56245,-26.8516],[151.56799,-26.85325],[151.56774,-26.85809],[151.57125,-26.86066],[151.57133,-26.86607],[151.5726,-26.86859],[151.57218,-26.8697],[151.57412,-26.87238],[151.57421,-26.87517],[151.57714,-26.87868],[151.57739,-26.87985],[151.58223,-26.87928],[151.58659,-26.88122],[151.58728,-26.88186],[151.58722,-26.88378],[151.58926,-26.88551],[151.59258,-26.88464],[151.59578,-26.88563],[151.59905,-26.88548],[151.60041,-26.88835],[151.60384,-26.89106],[151.60685,-26.89155],[151.60795,-26.89296],[151.61201,-26.89243],[151.61692,-26.89652],[151.61702,-26.89886],[151.61921,-26.89867],[151.62017,-26.90029],[151.62222,-26.90079],[151.6302,-26.89886],[151.63896,-26.9069],[151.64247,-26.9073],[151.64495,-26.91103],[151.64792,-26.91294],[151.64983,-26.91385],[151.65278,-26.91497],[151.65962,-26.91395],[151.66365,-26.91143],[151.66424,-26.91018],[151.66622,-26.91056],[151.67,-26.91674],[151.67322,-26.91816],[151.67414,-26.92007],[151.67818,-26.92212],[151.68164,-26.92182],[151.68951,-26.9266],[151.6919,-26.93171],[151.69484,-26.93237],[151.69733,-26.93619],[151.70007,-26.93858],[151.70498,-26.93845],[151.71364,-26.94436],[151.71938,-26.94593],[151.72281,-26.94764],[151.72448,-26.94784],[151.72556,-26.94768],[151.73236,-26.94426],[151.73784,-26.94699],[151.74215,-26.94683],[151.74561,-26.94552],[151.75264,-26.94778],[151.75871,-26.94736],[151.76351,-26.94545],[151.77129,-26.9441],[151.78152,-26.94028],[151.78579,-26.93795],[151.79288,-26.93061],[151.80184,-26.93519],[151.80519,-26.93232],[151.80865,-26.93091],[151.81185,-26.93202],[151.81932,-26.92808],[151.82015,-26.92732],[151.82455,-26.91994],[151.83379,-26.9129],[151.83801,-26.90683],[151.84258,-26.90309],[151.84237,-26.90026],[151.84365,-26.89854],[151.84319,-26.89766],[151.8865,-26.87935],[151.88612,-26.87769],[151.88766,-26.87334],[151.89271,-26.86801],[151.89678,-26.86621],[151.89748,-26.85885],[151.89865,-26.85529],[151.89696,-26.85111],[151.89862,-26.84914],[151.89809,-26.84622],[151.90212,-26.84158],[151.90193,-26.83711],[151.90652,-26.8319],[151.90586,-26.83155],[151.91589,-26.82734],[151.91895,-26.82297],[151.922,-26.82179],[151.9225,-26.82029],[151.92412,-26.81931],[151.92473,-26.81635],[151.92564,-26.81538],[151.92577,-26.81048],[151.93312,-26.80137],[151.93513,-26.80121],[151.97346,-26.8059],[151.97459,-26.79772],[151.97746,-26.79813],[151.9793,-26.78654],[151.98662,-26.78232],[151.98866,-26.78355],[151.9966,-26.78305],[151.99779,-26.77591],[152.0077,-26.76939],[152.01579,-26.77918],[152.0172,-26.77798],[152.01859,-26.77816],[152.02056,-26.77896],[152.02018,-26.78113],[152.03219,-26.78272],[152.03303,-26.77755],[152.03516,-26.77823],[152.03935,-26.77401],[152.04115,-26.77464],[152.0447,-26.77329],[152.04654,-26.77394],[152.04773,-26.76971],[152.05312,-26.76689],[152.05169,-26.7771],[152.06388,-26.7785],[152.06548,-26.78778],[152.06327,-26.79264],[152.06393,-26.79726],[152.05966,-26.79911],[152.06349,-26.80268],[152.06371,-26.80289],[152.06371,-26.8037],[152.0641,-26.80547],[152.06527,-26.80725],[152.0664,-26.80856],[152.06724,-26.80914],[152.07032,-26.80918],[152.07218,-26.81107],[152.07273,-26.81163],[152.07344,-26.81464],[152.07219,-26.82038],[152.07048,-26.82189],[152.06851,-26.81945],[152.06626,-26.81935],[152.06376,-26.8203],[152.06247,-26.82425],[152.05951,-26.82804],[152.05967,-26.82869],[152.06143,-26.83039],[152.06231,-26.83433],[152.06236,-26.83454],[152.06139,-26.83644],[152.06035,-26.83742],[152.05795,-26.83967],[152.05306,-26.84152],[152.0489,-26.84515],[152.04222,-26.84378],[152.04139,-26.84524],[152.04149,-26.84851],[152.04067,-26.84916],[152.03546,-26.84864],[152.03352,-26.85022],[152.03442,-26.85487],[152.03799,-26.85753],[152.04182,-26.85492],[152.0467,-26.85627],[152.04971,-26.85439],[152.05273,-26.85476],[152.05399,-26.85745],[152.0557,-26.85843],[152.07614,-26.86083],[152.07215,-26.86588],[152.06855,-26.86876],[152.06859,-26.87101],[152.06651,-26.87406],[152.06291,-26.87663],[152.06512,-26.8808],[152.06716,-26.88136],[152.06798,-26.88386],[152.06704,-26.88577],[152.06694,-26.88868],[152.06775,-26.89834],[152.06385,-26.90058],[152.06255,-26.90377],[152.05888,-26.90489],[152.05734,-26.90976],[152.05304,-26.91068],[152.05109,-26.91896],[152.05779,-26.92026],[152.06444,-26.92666],[152.07112,-26.92711],[152.07773,-26.92386],[152.07969,-26.92079],[152.08093,-26.92198],[152.08859,-26.91892],[152.08808,-26.91707],[152.08937,-26.91607],[152.0917,-26.91618],[152.09253,-26.91385],[152.10235,-26.91106],[152.10802,-26.90314],[152.11451,-26.90352],[152.11992,-26.90187],[152.1213,-26.89998],[152.12489,-26.90024],[152.12943,-26.9021],[152.13586,-26.90611],[152.13797,-26.90006],[152.13851,-26.89618],[152.14143,-26.88778],[152.14696,-26.87922],[152.15444,-26.87375],[152.15954,-26.87378],[152.16515,-26.87059],[152.16705,-26.86707],[152.17046,-26.86754],[152.16951,-26.87212],[152.17265,-26.87523],[152.18866,-26.87737],[152.18895,-26.8756],[152.18426,-26.87101],[152.18345,-26.86564],[152.18425,-26.86172],[152.18345,-26.85339],[152.18425,-26.85116],[152.18104,-26.84655],[152.18255,-26.83724],[152.18771,-26.83791],[152.19009,-26.82359],[152.17412,-26.82143],[152.17435,-26.81574],[152.17605,-26.81212],[152.17639,-26.80905],[152.17228,-26.80292],[152.17316,-26.80091],[152.17225,-26.80056],[152.17162,-26.79781],[152.17052,-26.79682],[152.17366,-26.79529],[152.17309,-26.79363],[152.17456,-26.79198],[152.17417,-26.7847],[152.17545,-26.78298],[152.17905,-26.78374],[152.17663,-26.77976],[152.17114,-26.77703],[152.16826,-26.77295],[152.16731,-26.77414],[152.16615,-26.77402],[152.16396,-26.77556],[152.16262,-26.77516],[152.1613,-26.77351],[152.15947,-26.77298],[152.15579,-26.7688],[152.156,-26.75995],[152.15834,-26.75694],[152.15551,-26.75331],[152.15666,-26.751],[152.15905,-26.74983],[152.16034,-26.74719],[152.16216,-26.74617],[152.16391,-26.7421],[152.15075,-26.74052],[152.15265,-26.728],[152.14725,-26.72841],[152.14226,-26.72713],[152.1402,-26.72819],[152.14043,-26.72996],[152.14127,-26.7314],[152.1459,-26.73417],[152.14542,-26.73678],[152.14398,-26.7382],[152.13754,-26.73911],[152.13289,-26.74119],[152.1297,-26.73424],[152.13407,-26.73185],[152.13406,-26.73046],[152.12961,-26.72766],[152.12808,-26.72294],[152.12596,-26.72109],[152.12377,-26.71731],[152.11923,-26.7142],[152.1189,-26.71294],[152.1172,-26.71191],[152.11642,-26.70993],[152.11362,-26.70694],[152.11242,-26.70616],[152.10432,-26.70952],[152.10234,-26.70955],[152.10383,-26.70889],[152.10151,-26.70792],[152.09913,-26.70557],[152.09978,-26.70433],[152.10135,-26.70501],[152.101,-26.70327],[152.0911,-26.70061],[152.08446,-26.69689],[152.08311,-26.69399],[152.0828,-26.68892],[152.07563,-26.68539],[152.07578,-26.67848],[152.0734,-26.6684],[152.07398,-26.6649],[152.07503,-26.6634],[152.07868,-26.66182],[152.08148,-26.65768],[152.0897,-26.654],[152.09866,-26.65373],[152.10578,-26.65063],[152.1073,-26.64774],[152.10966,-26.64682],[152.11108,-26.64705],[152.11533,-26.64492],[152.11621,-26.64331],[152.11824,-26.64346],[152.11898,-26.64265],[152.11964,-26.63739],[152.12306,-26.63821],[152.12675,-26.63796],[152.12957,-26.64019],[152.13082,-26.63877],[152.12978,-26.6363],[152.13,-26.63165],[152.12832,-26.62711],[152.13586,-26.61431],[152.13252,-26.60507],[152.13011,-26.60243],[152.13043,-26.60046],[152.13785,-26.59656],[152.13802,-26.59551],[152.13966,-26.59419],[152.14178,-26.59513],[152.14317,-26.59277],[152.14268,-26.59167],[152.13865,-26.58951],[152.13772,-26.58818],[152.1381,-26.58672],[152.13726,-26.58276],[152.13484,-26.58047],[152.13178,-26.57904],[152.13089,-26.57499],[152.13253,-26.57029],[152.13581,-26.56636],[152.13578,-26.5608],[152.13506,-26.56074],[152.13268,-26.55686],[152.13199,-26.5501],[152.12996,-26.54848],[152.12989,-26.54514],[152.12837,-26.54225],[152.12832,-26.53849],[152.13046,-26.53702],[152.13035,-26.53543],[152.12854,-26.53458],[152.12633,-26.53157],[152.12699,-26.52815],[152.12948,-26.52792],[152.13014,-26.52715],[152.13031,-26.52426],[152.13169,-26.52194],[152.12743,-26.5186],[152.12773,-26.51098],[152.12564,-26.50938],[152.12575,-26.50657],[152.12956,-26.50487],[152.13377,-26.5004],[152.13385,-26.49833],[152.13603,-26.49515],[152.13595,-26.49449],[152.1358,-26.49327],[152.13554,-26.49117],[152.13393,-26.49042],[152.13238,-26.48776],[152.13263,-26.48583],[152.13559,-26.48022],[152.13793,-26.47886],[152.14431,-26.47971],[152.14951,-26.48286],[152.15143,-26.4805],[152.15383,-26.48037],[152.1546,-26.47572],[152.15534,-26.47501],[152.15733,-26.47527],[152.16024,-26.47779],[152.16306,-26.47478],[152.16636,-26.47466],[152.16728,-26.47569],[152.1674,-26.47579],[152.16745,-26.47565],[152.17364,-26.43849],[152.17175,-26.43632],[152.17218,-26.43333],[152.17038,-26.43169],[152.17174,-26.42986],[152.17177,-26.42982],[152.17138,-26.42886],[152.1709,-26.42767],[152.17082,-26.42747],[152.1692,-26.42646],[152.16909,-26.42534],[152.16657,-26.42226],[152.16708,-26.41648],[152.1596,-26.4157],[152.15792,-26.41336],[152.15746,-26.41126],[152.15307,-26.40915],[152.15184,-26.40519],[152.14963,-26.40456],[152.14937,-26.40244],[152.14843,-26.40165],[152.14253,-26.40685],[152.14083,-26.40693],[152.13984,-26.40122],[152.13665,-26.39981],[152.13428,-26.39724],[152.12999,-26.39768],[152.12163,-26.3936],[152.12171,-26.38843],[152.12343,-26.3847],[152.12274,-26.38372],[152.11959,-26.384],[152.12042,-26.3778],[152.11204,-26.3777],[152.11014,-26.37873],[152.10742,-26.37535],[152.09983,-26.37351],[152.09624,-26.37397],[152.09466,-26.37186],[152.09105,-26.36987],[152.08812,-26.36617],[152.08526,-26.36531],[152.08394,-26.3637],[152.07921,-26.36354],[152.07827,-26.36153],[152.07468,-26.36105],[152.07248,-26.35945],[152.06879,-26.38313],[152.0662,-26.38156],[152.01171,-26.37508],[152.01256,-26.37376],[152.01026,-26.37247],[152.0066,-26.3751],[152.00394,-26.37499],[152.00345,-26.36821],[152.00401,-26.36703],[152.00054,-26.36261],[152.00345,-26.36061],[152.0045,-26.36094],[152.00471,-26.3595],[152.00657,-26.35898],[152.00722,-26.35762],[152.00835,-26.35849],[152.00875,-26.35725],[152.01222,-26.35549],[152.01352,-26.35244],[152.01176,-26.35156],[152.00922,-26.35255],[152.00882,-26.34902],[152.05079,-26.35388],[152.05794,-26.34477],[152.06254,-26.34393],[152.06373,-26.34275],[152.06415,-26.33994],[152.06804,-26.33187],[152.07007,-26.33158],[152.07055,-26.32903],[152.07157,-26.32823],[152.07334,-26.32362],[152.07627,-26.30081],[152.07904,-26.29777],[152.08006,-26.29548],[152.07936,-26.28689],[152.07915,-26.2865],[152.0787,-26.28567],[152.07847,-26.28523],[152.07383,-26.28157],[152.07082,-26.27656],[152.06699,-26.27541],[152.06583,-26.274],[152.06519,-26.26458],[152.06375,-26.26181],[152.06419,-26.26053],[152.06152,-26.2512],[152.06137,-26.24297],[152.05971,-26.24338],[152.05831,-26.2425],[152.05656,-26.23945],[152.05431,-26.23945],[152.05202,-26.23715],[152.04005,-26.2453],[152.03195,-26.23556],[152.02941,-26.2364],[152.0203,-26.22543],[152.0089,-26.22851],[152.00493,-26.21678],[152.00259,-26.21871],[152.00344,-26.2164],[152.00777,-26.21194],[152.00964,-26.20691],[152.01068,-26.20605],[152.0109,-26.20461],[152.00965,-26.20153],[152.01048,-26.19878],[152.00547,-26.19516],[152.00348,-26.19515],[152.00246,-26.19364],[152.00079,-26.19373],[152.00191,-26.18819],[151.99053,-26.17567],[151.97606,-26.17373],[151.97891,-26.15559],[151.9757,-26.15207],[151.97657,-26.14543],[151.97578,-26.14273],[151.97537,-26.13338],[151.96477,-26.13138],[151.96107,-26.1293],[151.95682,-26.12916],[151.95267,-26.117],[151.96041,-26.11473],[151.96725,-26.11556],[151.96723,-26.11354],[151.97013,-26.11331],[151.97443,-26.10884],[151.97864,-26.10835],[151.98323,-26.10245],[151.9846,-26.09886],[151.93531,-26.09203],[151.94037,-26.06185],[151.93729,-26.06045],[151.93538,-26.05842],[151.9354,-26.05449],[151.94322,-26.05185],[151.94449,-26.05266],[151.94545,-26.05181],[151.94536,-26.04894],[151.94736,-26.04567],[151.9477,-26.04286],[151.94382,-26.03852],[151.94284,-26.03574],[151.94136,-26.03443],[151.93893,-26.02988],[151.93657,-26.02914],[151.93825,-26.02646],[151.93917,-26.02002],[151.9122,-26.01634],[151.91228,-26.01864],[151.83926,-26.00916],[151.83439,-26.00746],[151.83185,-26.02297],[151.81096,-26.02058],[151.8109,-26.01765],[151.81524,-26.01471],[151.81599,-26.01224],[151.81773,-26.01027],[151.81823,-26.00693],[151.80639,-26.00566],[151.81405,-25.95564],[151.8118,-25.95537],[151.7639,-25.9497],[151.75442,-25.94694],[151.75568,-25.94584],[151.75298,-25.93927],[151.75289,-25.93785],[151.75288,-25.9374],[151.75287,-25.93691],[151.75316,-25.9365]],[[151.89753,-26.29368],[151.89778,-26.2936],[151.89782,-26.29339],[151.90014,-26.28228],[151.90071,-26.27956],[151.90192,-26.27814],[151.90363,-26.27651],[151.90592,-26.27628],[151.91115,-26.27982],[151.91417,-26.28095],[151.91645,-26.28021],[151.91751,-26.27404],[151.91407,-26.26754],[151.91402,-26.2653],[151.91552,-26.26533],[151.92098,-26.25727],[151.92175,-26.25696],[151.92216,-26.25686],[151.92288,-26.2573],[151.92424,-26.25821],[151.92533,-26.26244],[151.9281,-26.26288],[151.93184,-26.26472],[151.93476,-26.26401],[151.93688,-26.26227],[151.93633,-26.25948],[151.94015,-26.25636],[151.94149,-26.2575],[151.94481,-26.26091],[151.9455,-26.26091],[151.94717,-26.26233],[151.94311,-26.265],[151.93945,-26.27078],[151.93824,-26.27133],[151.93868,-26.27243],[151.94145,-26.27249],[151.94514,-26.27511],[151.94633,-26.27417],[151.95334,-26.27277],[151.95456,-26.27006],[151.95349,-26.2629],[151.95392,-26.26204],[151.9593,-26.26741],[151.9632,-26.26831],[151.96713,-26.26732],[151.9705,-26.2692],[151.96935,-26.27112],[151.96884,-26.27618],[151.96386,-26.27734],[151.95817,-26.28812],[151.95958,-26.28995],[151.95966,-26.29144],[151.96135,-26.29262],[151.96394,-26.29293],[151.96425,-26.29438],[151.96616,-26.29506],[151.96714,-26.29485],[151.96878,-26.29124],[151.97204,-26.28903],[151.97641,-26.29156],[151.97776,-26.29293],[151.97631,-26.29547],[151.9763,-26.2974],[151.97458,-26.29749],[151.97019,-26.30578],[151.9703,-26.30713],[151.9747,-26.30732],[151.97432,-26.30894],[151.97314,-26.3096],[151.97333,-26.31071],[151.97148,-26.31242],[151.97752,-26.31313],[151.97645,-26.31447],[151.97806,-26.3142],[151.97882,-26.31505],[151.97343,-26.31642],[151.9688,-26.31893],[151.96697,-26.31189],[151.88753,-26.30248],[151.88618,-26.30162],[151.88791,-26.29809],[151.89034,-26.29594],[151.89753,-26.29368]]]},"properties":{"LGA Code":"6630","Abbreviated Name":"South Burnett","LGA Name":"South Burnett Regional","Area Sq Km":8378.58755,"LDMG Name":"South Burnett","Police Region Name":"North Coast Region","Police Region Code":"NCR","Police Region Short Name":"North Coast"}},{"type":"Feature","geometry":{"type":"MultiPolygon","coordinates":[[[[152.57523,-26.58403],[152.57652,-26.59224],[152.57502,-26.59299],[152.57402,-26.59546],[152.58415,-26.59668],[152.58384,-26.59793],[152.58148,-26.59967],[152.58138,-26.60051],[152.58202,-26.60433],[152.58537,-26.61202],[152.58395,-26.61354],[152.58779,-26.61398],[152.58321,-26.64537],[152.57147,-26.65796],[152.57229,-26.65924],[152.5522,-26.68084],[152.55372,-26.68184],[152.5551,-26.68067],[152.55628,-26.68068],[152.55557,-26.68236],[152.55561,-26.68741],[152.55789,-26.68878],[152.55805,-26.68974],[152.55768,-26.6914],[152.55458,-26.69539],[152.55171,-26.69703],[152.55209,-26.70068],[152.55111,-26.70309],[152.5517,-26.70436],[152.55132,-26.70703],[152.55366,-26.70589],[152.55476,-26.7075],[152.55708,-26.70503],[152.55788,-26.70688],[152.56125,-26.7078],[152.56508,-26.70721],[152.56853,-26.70869],[152.57023,-26.71066],[152.57616,-26.7131],[152.57738,-26.71484],[152.57727,-26.71597],[152.57937,-26.71619],[152.58203,-26.72023],[152.58044,-26.72302],[152.58119,-26.72376],[152.58125,-26.72582],[152.58297,-26.72712],[152.58327,-26.73083],[152.58552,-26.73324],[152.58683,-26.73345],[152.5823,-26.7358],[152.58331,-26.74042],[152.59083,-26.7472],[152.59614,-26.74813],[152.5979,-26.74917],[152.60011,-26.75179],[152.60073,-26.75495],[152.60246,-26.75787],[152.60887,-26.75804],[152.6087,-26.75899],[152.60957,-26.7594],[152.61097,-26.75857],[152.61725,-26.75946],[152.6187,-26.75982],[152.61947,-26.76204],[152.62136,-26.76288],[152.62376,-26.76329],[152.62523,-26.76225],[152.62689,-26.76236],[152.6325,-26.76438],[152.63536,-26.76219],[152.63909,-26.76176],[152.6423,-26.7645],[152.64123,-26.76749],[152.64352,-26.77039],[152.64434,-26.77373],[152.6511,-26.77139],[152.65427,-26.76819],[152.65657,-26.76841],[152.6573,-26.76926],[152.66147,-26.76913],[152.66732,-26.77299],[152.66846,-26.78203],[152.66773,-26.7847],[152.6689,-26.78974],[152.6716,-26.7912],[152.67212,-26.79239],[152.67161,-26.79357],[152.67602,-26.79596],[152.67782,-26.79567],[152.67896,-26.79674],[152.67911,-26.79961],[152.67919,-26.79987],[152.67998,-26.80162],[152.67922,-26.79986],[152.6988,-26.80297],[152.698,-26.80336],[152.69813,-26.80554],[152.69552,-26.8079],[152.69645,-26.80912],[152.70944,-26.8111],[152.72099,-26.80855],[152.72223,-26.8068],[152.72663,-26.81146],[152.72639,-26.81418],[152.72747,-26.81603],[152.72908,-26.81662],[152.73297,-26.81494],[152.73517,-26.81124],[152.73363,-26.80729],[152.73918,-26.80801],[152.73988,-26.80979],[152.74213,-26.81015],[152.74678,-26.8151],[152.7486,-26.81643],[152.74949,-26.81628],[152.75308,-26.79734],[152.75716,-26.80034],[152.75919,-26.80304],[152.7611,-26.79235],[152.76692,-26.79331],[152.77103,-26.79594],[152.77646,-26.79553],[152.7775,-26.79663],[152.7795,-26.79712],[152.77714,-26.80955],[152.77865,-26.81027],[152.78082,-26.81003],[152.78437,-26.81245],[152.78937,-26.80962],[152.78861,-26.81296],[152.79004,-26.81322],[152.78851,-26.81805],[152.78648,-26.82035],[152.78674,-26.82225],[152.79127,-26.82515],[152.79209,-26.82708],[152.80102,-26.82631],[152.8049,-26.82415],[152.80544,-26.82499],[152.80702,-26.82514],[152.80669,-26.82695],[152.80796,-26.8278],[152.81206,-26.8281],[152.81247,-26.82813],[152.81264,-26.83101],[152.81433,-26.83344],[152.8181,-26.83632],[152.81815,-26.8402],[152.8196,-26.842],[152.81988,-26.84375],[152.82448,-26.84937],[152.82905,-26.85021],[152.83186,-26.85327],[152.83207,-26.85641],[152.83858,-26.85501],[152.84395,-26.85758],[152.84805,-26.85815],[152.84856,-26.85511],[152.85404,-26.85585],[152.8532,-26.85621],[152.85171,-26.86518],[152.85834,-26.86607],[152.85748,-26.87122],[152.86948,-26.87286],[152.86679,-26.88891],[152.85549,-26.88737],[152.85428,-26.89456],[152.85653,-26.89487],[152.85534,-26.90189],[152.86118,-26.90274],[152.85947,-26.91129],[152.87545,-26.91351],[152.87265,-26.93032],[152.86828,-26.9336],[152.86791,-26.93577],[152.86365,-26.93488],[152.86074,-26.93599],[152.86136,-26.93627],[152.85806,-26.95619],[152.87401,-26.95831],[152.88552,-26.95594],[152.89116,-26.96074],[152.89313,-26.95948],[152.89844,-26.95802],[152.90372,-26.95388],[152.91329,-26.95396],[152.91727,-26.95469],[152.91973,-26.9555],[152.91955,-26.95658],[152.92151,-26.96063],[152.92352,-26.96008],[152.92639,-26.9609],[152.92725,-26.96216],[152.9295,-26.96195],[152.93278,-26.96335],[152.93504,-26.96311],[152.9376,-26.96439],[152.93861,-26.96384],[152.94015,-26.96496],[152.94351,-26.96511],[152.9459,-26.96656],[152.9491,-26.96573],[152.95196,-26.96616],[152.95319,-26.96835],[152.9558,-26.96904],[152.96254,-26.97295],[152.96315,-26.97484],[152.96664,-26.97879],[152.97502,-26.97437],[152.97718,-26.97959],[152.97814,-26.98025],[152.97409,-26.98235],[152.97559,-26.98467],[152.98035,-26.9822],[152.98514,-26.98471],[152.98843,-26.98312],[152.99167,-26.98452],[152.99427,-26.98409],[153.00297,-26.98477],[153.0116,-26.97898],[153.01686,-26.97905],[153.01795,-26.97836],[153.0174,-26.97714],[153.01894,-26.97611],[153.01911,-26.976],[153.01778,-26.97478],[153.01772,-26.97423],[153.01846,-26.96634],[153.04277,-26.96945],[153.04963,-26.97504],[153.05275,-26.97514],[153.05523,-26.98057],[153.06009,-26.97996],[153.06634,-26.9837],[153.07785,-26.97582],[153.07987,-26.96967],[153.08017,-26.96444],[153.07932,-26.96035],[153.08363,-26.95809],[153.08675,-26.95465],[153.08704,-26.95186],[153.14696,-26.93732],[153.13177,-26.88077],[153.13049,-26.87252],[153.12864,-26.84534],[153.12928,-26.83707],[153.13359,-26.81473],[153.13182,-26.8096],[153.13293,-26.80778],[153.13466,-26.81025],[153.13712,-26.80712],[153.13964,-26.80653],[153.1393,-26.80617],[153.14275,-26.80272],[153.14325,-26.80346],[153.1452,-26.80235],[153.15,-26.80278],[153.1508,-26.80173],[153.14846,-26.79714],[153.14852,-26.79132],[153.14335,-26.78992],[153.1408,-26.78837],[153.14132,-26.7856],[153.13855,-26.78218],[153.13837,-26.77848],[153.13658,-26.77393],[153.13677,-26.7662],[153.13606,-26.76397],[153.13733,-26.75921],[153.13445,-26.72998],[153.13746,-26.6821],[153.13897,-26.68027],[153.13884,-26.67935],[153.13558,-26.67956],[153.13461,-26.68046],[153.13235,-26.67844],[153.13195,-26.68013],[153.13381,-26.68178],[153.13,-26.68375],[153.12691,-26.68346],[153.1223,-26.68137],[153.11899,-26.67759],[153.11775,-26.67771],[153.11282,-26.67263],[153.10858,-26.67017],[153.10463,-26.65883],[153.10364,-26.65342],[153.10362,-26.64762],[153.10146,-26.64044],[153.10124,-26.62379],[153.10204,-26.61641],[153.09839,-26.60404],[153.09754,-26.59399],[153.09852,-26.56948],[153.1006,-26.55407],[153.10172,-26.5479],[153.10263,-26.54673],[153.09861,-26.54228],[153.09764,-26.54001],[153.09653,-26.53958],[153.0957,-26.53796],[153.09607,-26.53582],[153.09451,-26.53503],[153.09276,-26.53204],[153.09323,-26.51925],[153.0919,-26.51781],[153.09357,-26.51751],[153.09423,-26.50683],[153.09582,-26.49859],[153.09369,-26.49822],[153.09285,-26.49894],[153.08966,-26.49723],[153.0821,-26.49558],[153.08105,-26.49384],[153.08298,-26.48256],[153.07424,-26.48134],[153.07422,-26.48219],[153.06916,-26.48003],[153.07553,-26.47288],[153.07849,-26.46654],[153.07646,-26.46478],[153.07997,-26.46038],[153.08009,-26.45804],[153.07942,-26.45721],[153.07324,-26.45862],[153.06761,-26.45784],[153.06425,-26.45649],[153.06073,-26.45615],[153.05557,-26.4532],[153.05431,-26.45169],[153.05428,-26.44858],[153.05649,-26.44331],[153.05908,-26.44001],[153.06201,-26.43984],[153.06403,-26.4384],[153.06351,-26.43678],[153.06139,-26.43502],[153.06082,-26.43256],[153.05014,-26.43105],[153.04816,-26.44235],[153.04302,-26.44148],[153.03533,-26.44303],[153.02913,-26.4429],[153.02452,-26.4452],[153.02499,-26.44436],[153.0242,-26.44235],[153.00714,-26.43994],[153.00576,-26.4353],[152.99676,-26.43344],[152.9956,-26.43236],[152.99515,-26.43367],[152.99582,-26.43469],[152.98602,-26.43332],[152.98704,-26.43509],[152.96633,-26.43222],[152.96499,-26.44027],[152.96257,-26.43935],[152.94627,-26.43717],[152.94502,-26.44459],[152.93587,-26.44311],[152.93559,-26.44503],[152.92185,-26.44304],[152.92021,-26.45245],[152.91739,-26.44918],[152.91297,-26.44746],[152.91239,-26.45074],[152.90844,-26.44933],[152.90847,-26.45162],[152.90335,-26.45087],[152.89992,-26.45403],[152.89536,-26.45512],[152.89241,-26.455],[152.88911,-26.45878],[152.8877,-26.4588],[152.88528,-26.46223],[152.88626,-26.46515],[152.88544,-26.46982],[152.88014,-26.46899],[152.87956,-26.4667],[152.87086,-26.46546],[152.86934,-26.4742],[152.86649,-26.47229],[152.86497,-26.47613],[152.86189,-26.47472],[152.86125,-26.47692],[152.85945,-26.47906],[152.8533,-26.48149],[152.85062,-26.48318],[152.85035,-26.48469],[152.84596,-26.48669],[152.84381,-26.48404],[152.83584,-26.48926],[152.83507,-26.48816],[152.82814,-26.4927],[152.82697,-26.49939],[152.81814,-26.49821],[152.81693,-26.49875],[152.81402,-26.49748],[152.81241,-26.49449],[152.81336,-26.4888],[152.81185,-26.48787],[152.80857,-26.48186],[152.8033,-26.47736],[152.80429,-26.47149],[152.78921,-26.46944],[152.78862,-26.47303],[152.76801,-26.47025],[152.76721,-26.46839],[152.76752,-26.46604],[152.76858,-26.4646],[152.76547,-26.4636],[152.76443,-26.46935],[152.75762,-26.46843],[152.75739,-26.47002],[152.75824,-26.4712],[152.75662,-26.47403],[152.75681,-26.47444],[152.75858,-26.47559],[152.76054,-26.47451],[152.76065,-26.47445],[152.76091,-26.4745],[152.76327,-26.47492],[152.76476,-26.47518],[152.76512,-26.47566],[152.76667,-26.47774],[152.76512,-26.47951],[152.76556,-26.48249],[152.76186,-26.48333],[152.76145,-26.48687],[152.75784,-26.48765],[152.75264,-26.49113],[152.75245,-26.49287],[152.74963,-26.49748],[152.74944,-26.49754],[152.74494,-26.49893],[152.7452,-26.50152],[152.74393,-26.50274],[152.74519,-26.50431],[152.74343,-26.50701],[152.74345,-26.5075],[152.7437,-26.50814],[152.76209,-26.51064],[152.75982,-26.525],[152.76193,-26.52533],[152.76274,-26.52537],[152.7631,-26.52552],[152.7639,-26.52585],[152.7674,-26.5273],[152.7677,-26.52786],[152.7687,-26.52969],[152.76952,-26.53121],[152.76942,-26.53217],[152.76934,-26.53288],[152.76919,-26.53425],[152.76783,-26.53632],[152.76737,-26.53701],[152.76716,-26.53733],[152.76486,-26.53859],[152.76397,-26.54043],[152.762,-26.53642],[152.75836,-26.53661],[152.75511,-26.54214],[152.75626,-26.54258],[152.75811,-26.54188],[152.75871,-26.54288],[152.7557,-26.54641],[152.756,-26.54879],[152.75455,-26.5497],[152.75414,-26.54967],[152.75279,-26.54958],[152.75205,-26.54953],[152.75186,-26.54934],[152.74983,-26.54724],[152.74648,-26.54984],[152.74514,-26.54961],[152.73765,-26.54024],[152.7334,-26.54299],[152.72845,-26.53696],[152.71468,-26.54634],[152.71442,-26.54571],[152.71226,-26.54622],[152.71157,-26.55263],[152.71048,-26.5525],[152.70956,-26.55415],[152.71056,-26.55657],[152.70844,-26.55989],[152.70659,-26.55982],[152.70076,-26.56519],[152.69494,-26.56787],[152.69563,-26.57039],[152.69473,-26.57177],[152.69542,-26.57383],[152.69472,-26.57389],[152.69497,-26.57555],[152.68603,-26.57701],[152.68366,-26.57878],[152.68262,-26.58204],[152.68127,-26.5825],[152.68101,-26.58393],[152.6829,-26.58927],[152.68142,-26.59087],[152.68049,-26.5977],[152.67328,-26.59726],[152.67297,-26.59629],[152.67048,-26.59679],[152.66997,-26.5961],[152.66684,-26.59678],[152.66544,-26.59626],[152.66295,-26.59734],[152.66027,-26.59709],[152.65359,-26.59282],[152.65265,-26.59023],[152.65105,-26.59006],[152.64826,-26.58775],[152.64367,-26.58624],[152.63844,-26.58564],[152.638,-26.58455],[152.63576,-26.58511],[152.63054,-26.58337],[152.62945,-26.58376],[152.62604,-26.58216],[152.62437,-26.58264],[152.61867,-26.5843],[152.61319,-26.58285],[152.60632,-26.58428],[152.60588,-26.57969],[152.60462,-26.57837],[152.60269,-26.57796],[152.59975,-26.58107],[152.59441,-26.58472],[152.592,-26.58429],[152.58902,-26.58243],[152.58795,-26.57973],[152.58308,-26.57981],[152.58232,-26.58107],[152.57929,-26.58087],[152.57652,-26.58414],[152.57523,-26.58403]]],[[[152.84695,-26.88745],[152.84621,-26.89183],[152.85312,-26.89263],[152.85159,-26.89124],[152.85132,-26.88933],[152.8521,-26.88905],[152.8519,-26.88812],[152.85345,-26.88693],[152.85333,-26.88621],[152.8517,-26.88557],[152.85061,-26.88586],[152.84998,-26.88724],[152.84695,-26.88745]]],[[[153.11284,-26.61412],[153.11509,-26.61566],[153.11636,-26.61494],[153.11391,-26.61362],[153.11284,-26.61412]]]]},"properties":{"LGA Code":"6720","Abbreviated Name":"Sunshine Coast","LGA Name":"Sunshine Coast Regional","Area Sq Km":2286.58942,"LDMG Name":"Sunshine Coast","Police Region Name":"North Coast Region","Police Region Code":"NCR","Police Region Short Name":"North Coast"}}]}