{"type":"FeatureCollection","name":"qld_far_north_ldmg_boundaries_gda2020_simp20","crs":{"type":"name","properties":{"name":"urn:ogc:def:crs:EPSG::7844"}},"features":[{"type":"Feature","geometry":{"type":"MultiPolygon","coordinates":[[[[141.84689,-12.94277],[141.74387,-12.99923],[141.84126,-13.3072],[141.81335,-13.35692],[141.75225,-13.35692],[141.75327,-13.28714],[141.69209,-13.24027],[141.69628,-13.26182],[141.69636,-13.26578],[141.69382,-13.27845],[141.69044,-13.28776],[141.68597,-13.2969],[141.68105,-13.30535],[141.66444,-13.3251],[141.65441,-13.33911],[141.63443,-13.36383],[141.63075,-13.36656],[141.61741,-13.40009],[141.60786,-13.43107],[141.60429,-13.43983],[141.59422,-13.45847],[141.58438,-13.47238],[141.57769,-13.47969],[141.5606,-13.49416],[141.55382,-13.50367],[141.53918,-13.53435],[141.53346,-13.55039],[141.52421,-13.57194],[141.5088,-13.63255],[141.50423,-13.6675],[141.50214,-13.70304],[141.49844,-13.72844],[141.49095,-13.76795],[141.47868,-13.80803],[141.4702,-13.84703],[141.46826,-13.86466],[141.46762,-13.88736],[141.4683,-13.90361],[141.47061,-13.9286],[141.47357,-13.93927],[141.47632,-13.9459],[141.47811,-13.94876],[141.48107,-13.95018],[141.48591,-13.95567],[141.49314,-13.9694],[141.49859,-13.97777],[141.5082,-13.98861],[141.51275,-13.99555],[141.51675,-13.99996],[141.55945,-14.04169],[141.57254,-14.05731],[141.58237,-14.07276],[141.58933,-14.08774],[141.59434,-14.10227],[141.59654,-14.10545],[141.59648,-14.10988],[141.59904,-14.11665],[141.59949,-14.12015],[141.59888,-14.13487],[141.5929,-14.15871],[141.59327,-14.16007],[141.59637,-14.1625],[141.5976,-14.16212],[141.6031,-14.16614],[141.60471,-14.17027],[141.60549,-14.17856],[141.61055,-14.18219],[141.6129,-14.1822],[141.6143,-14.18381],[141.61426,-14.18605],[141.61175,-14.19039],[141.61165,-14.19317],[141.61279,-14.19547],[141.61902,-14.20043],[141.62155,-14.20392],[141.62662,-14.20813],[141.62524,-14.21069],[141.6254,-14.21323],[141.6245,-14.21492],[141.62318,-14.21535],[141.62141,-14.21405],[141.61942,-14.21441],[141.62229,-14.21609],[141.6249,-14.22029],[141.62316,-14.22331],[141.62058,-14.22418],[141.62015,-14.22746],[141.62317,-14.22874],[141.626,-14.22532],[141.62814,-14.22479],[141.62893,-14.22677],[141.6275,-14.22972],[141.63018,-14.2317],[141.63097,-14.23364],[141.62927,-14.23564],[141.63017,-14.23658],[141.62999,-14.23802],[141.63277,-14.23626],[141.63463,-14.23913],[141.63646,-14.23833],[141.63734,-14.2397],[141.63664,-14.24151],[141.63738,-14.24248],[141.64001,-14.24274],[141.64162,-14.24203],[141.64172,-14.23847],[141.64,-14.23728],[141.63959,-14.23544],[141.64098,-14.23342],[141.64316,-14.23365],[141.64578,-14.23875],[141.65011,-14.24078],[141.65194,-14.23966],[141.65274,-14.23618],[141.6548,-14.23487],[141.6561,-14.23502],[141.6617,-14.2406],[141.66385,-14.23917],[141.66525,-14.23912],[141.66592,-14.24096],[141.66448,-14.24249],[141.66518,-14.24326],[141.66649,-14.24469],[141.66895,-14.2474],[141.66876,-14.25078],[141.66916,-14.25081],[141.6707,-14.25091],[141.67121,-14.25109],[141.67212,-14.249],[141.67258,-14.24966],[141.67178,-14.25096],[141.67328,-14.25308],[141.67522,-14.25295],[141.67587,-14.25453],[141.67869,-14.25658],[141.68129,-14.25997],[141.68718,-14.26142],[141.68821,-14.26258],[141.68743,-14.26438],[141.69019,-14.26675],[141.69146,-14.26751],[141.69589,-14.26764],[141.69976,-14.26622],[141.70209,-14.2663],[141.70689,-14.27026],[141.70968,-14.27409],[141.7155,-14.27755],[141.71602,-14.27894],[141.71777,-14.28001],[141.72202,-14.27899],[141.72858,-14.27952],[141.73023,-14.27782],[141.73067,-14.27502],[141.72938,-14.27344],[141.73079,-14.27311],[141.7321,-14.27419],[141.7364,-14.27347],[141.74119,-14.27639],[141.74169,-14.27579],[141.7429,-14.27777],[141.74399,-14.27781],[141.74982,-14.27443],[141.75181,-14.27566],[141.75467,-14.27956],[141.75642,-14.28042],[141.75943,-14.28039],[141.76332,-14.28393],[141.76989,-14.28766],[141.77191,-14.29111],[141.77686,-14.29445],[141.7823,-14.30469],[141.78583,-14.30563],[141.79073,-14.30565],[141.79791,-14.30922],[141.80025,-14.31491],[141.80653,-14.32063],[141.80987,-14.32199],[141.81012,-14.32695],[141.81143,-14.32898],[141.81119,-14.33879],[141.81317,-14.34168],[141.81913,-14.34522],[141.82755,-14.34702],[141.8362,-14.35148],[141.83822,-14.3493],[141.83934,-14.34949],[141.84073,-14.35165],[141.84346,-14.36081],[141.8462,-14.3655],[141.85444,-14.3731],[141.8561,-14.37379],[141.85648,-14.37761],[141.85482,-14.38373],[141.85566,-14.38654],[141.85566,-14.38655],[141.85581,-14.3877],[141.85375,-14.38992],[141.85014,-14.392],[141.84916,-14.40143],[141.85695,-14.40357],[141.86501,-14.40733],[141.86829,-14.41019],[141.87051,-14.41444],[141.87408,-14.4163],[141.87454,-14.4221],[141.87764,-14.4261],[141.88043,-14.42831],[141.89101,-14.43093],[141.89445,-14.43246],[141.90058,-14.43282],[141.90487,-14.43433],[141.90635,-14.43376],[141.90825,-14.43123],[141.91067,-14.4309],[141.91387,-14.43244],[141.91712,-14.43192],[141.92838,-14.43315],[141.93598,-14.43487],[141.93953,-14.43454],[141.94315,-14.43586],[141.94752,-14.43535],[141.95384,-14.43674],[141.9572,-14.43828],[141.96015,-14.44114],[141.96513,-14.45517],[141.97028,-14.46145],[141.97345,-14.46173],[141.97618,-14.46358],[141.9803,-14.46396],[141.98496,-14.46553],[141.99509,-14.46382],[141.99945,-14.46384],[142.00547,-14.40612],[142.00822,-14.35151],[141.98084,-14.35016],[141.9775,-14.19265],[141.99207,-13.99883],[141.92519,-13.82053],[141.93758,-13.73326],[141.96064,-13.71055],[142.04447,-13.5693],[142.1,-13.34556],[142.11423,-13.28823],[142.1,-13.22315],[142.1,-13.22314],[142.1,-13.05925],[142.16431,-12.78182],[142.16781,-12.76637],[142.168,-12.76552],[142.16806,-12.76528],[142.10884,-12.74072],[142.00866,-12.85914],[141.9123,-12.7495],[141.91222,-12.74941],[141.90953,-12.75736],[141.84689,-12.94277]]],[[[141.76597,-12.80946],[141.83837,-12.68871],[141.83391,-12.68803],[141.828,-12.6885],[141.82453,-12.69455],[141.81925,-12.70055],[141.81738,-12.70758],[141.81258,-12.71308],[141.81127,-12.71757],[141.81118,-12.72202],[141.80914,-12.72666],[141.79884,-12.74268],[141.79258,-12.74946],[141.79337,-12.74564],[141.79442,-12.74564],[141.79537,-12.74446],[141.79763,-12.73826],[141.79839,-12.73505],[141.7969,-12.73337],[141.79913,-12.73372],[141.80202,-12.73035],[141.80211,-12.72885],[141.80326,-12.72898],[141.80558,-12.72421],[141.80472,-12.72316],[141.80762,-12.71788],[141.80777,-12.71226],[141.80673,-12.71197],[141.80329,-12.71801],[141.80326,-12.72024],[141.80122,-12.72415],[141.80281,-12.71753],[141.80246,-12.71499],[141.80367,-12.71426],[141.80472,-12.71054],[141.80587,-12.70987],[141.80771,-12.70329],[141.80857,-12.70214],[141.81045,-12.70214],[141.81178,-12.69922],[141.80952,-12.69703],[141.80956,-12.69556],[141.81006,-12.69222],[141.81277,-12.68523],[141.81798,-12.68106],[141.82192,-12.6823],[141.82504,-12.68558],[141.82676,-12.68536],[141.82822,-12.67963],[141.8279,-12.67759],[141.82351,-12.67296],[141.82053,-12.67216],[141.80789,-12.67732],[141.80676,-12.67889],[141.80634,-12.68211],[141.80428,-12.68227],[141.80294,-12.70507],[141.79973,-12.71585],[141.79859,-12.72253],[141.78847,-12.74726],[141.77747,-12.77734],[141.77363,-12.78252],[141.77,-12.79899],[141.76597,-12.80946]]],[[[142.16862,-12.56588],[142.1674,-12.56591],[142.16563,-12.56552],[142.16211,-12.56608],[142.15999,-12.56878],[142.15911,-12.56892],[142.15795,-12.56741],[142.15864,-12.5642],[142.15681,-12.56285],[142.15593,-12.56274],[142.1531,-12.56547],[142.15172,-12.56552],[142.15021,-12.56431],[142.14923,-12.56102],[142.1455,-12.56129],[142.14298,-12.56298],[142.13988,-12.5607],[142.13453,-12.56166],[142.12906,-12.56738],[142.18515,-12.61154],[142.17167,-12.5634],[142.17154,-12.56341],[142.16955,-12.56351],[142.16939,-12.56459],[142.16939,-12.5646],[142.16892,-12.56568],[142.16863,-12.56588],[142.16862,-12.56588]]]]},"properties":{"LGA Code":"250","Abbreviated Name":"Aurukun","LGA Name":"Aurukun Shire","Area Sq Km":7407.63443,"LDMG Name":"Aurukun","Police Region Name":"Far Northern Region","Police Region Code":"FNR","Police Region Short Name":"Far North"}},{"type":"Feature","geometry":{"type":"Polygon","coordinates":[[[145.83513,-17.49736],[145.83733,-17.49717],[145.83959,-17.49769],[145.84019,-17.49899],[145.84146,-17.49949],[145.85028,-17.50013],[145.85579,-17.50226],[145.85781,-17.50538],[145.86096,-17.50596],[145.86682,-17.50467],[145.8708,-17.50197],[145.87322,-17.50226],[145.87483,-17.50131],[145.87616,-17.4993],[145.87962,-17.49693],[145.87981,-17.49546],[145.88124,-17.49448],[145.88045,-17.49342],[145.88228,-17.49052],[145.88451,-17.48998],[145.88639,-17.49173],[145.88995,-17.48998],[145.89118,-17.49035],[145.89365,-17.4896],[145.89513,-17.48752],[145.89335,-17.48477],[145.89457,-17.48129],[145.89973,-17.4777],[145.90382,-17.4763],[145.90605,-17.48014],[145.91112,-17.48394],[145.91363,-17.48494],[145.91622,-17.48911],[145.91722,-17.49452],[145.91838,-17.49627],[145.91871,-17.50102],[145.9217,-17.50031],[145.92832,-17.50392],[145.93,-17.50321],[145.93068,-17.50097],[145.93217,-17.50063],[145.9341,-17.49708],[145.93532,-17.49649],[145.93688,-17.49413],[145.94029,-17.49455],[145.94511,-17.49248],[145.94726,-17.49313],[145.9504,-17.49139],[145.94994,-17.48926],[145.95052,-17.48722],[145.94761,-17.48697],[145.9484,-17.47926],[145.94747,-17.47917],[145.9497,-17.4566],[145.95364,-17.45696],[145.95549,-17.44547],[145.95928,-17.4484],[145.96328,-17.4485],[145.96363,-17.4495],[145.96562,-17.44968],[145.96608,-17.44498],[145.97815,-17.44607],[145.97824,-17.44517],[145.99351,-17.44656],[145.99369,-17.44474],[146.0226,-17.44743],[146.02222,-17.45116],[146.03161,-17.452],[146.03105,-17.44948],[146.03662,-17.44945],[146.03891,-17.44497],[146.03945,-17.44218],[146.04222,-17.44134],[146.04142,-17.43845],[146.04037,-17.43773],[146.03825,-17.43811],[146.03511,-17.43434],[146.03388,-17.43066],[146.0359,-17.43274],[146.04067,-17.42853],[146.0415,-17.42876],[146.04141,-17.43074],[146.04303,-17.43259],[146.04594,-17.43301],[146.04715,-17.42231],[146.04437,-17.41928],[146.04738,-17.41761],[146.0541,-17.41586],[146.0569,-17.41312],[146.05825,-17.41303],[146.05782,-17.41132],[146.05627,-17.40966],[146.05801,-17.40941],[146.05818,-17.40785],[146.05925,-17.4084],[146.05864,-17.41056],[146.06103,-17.41006],[146.06022,-17.40781],[146.06131,-17.40775],[146.06179,-17.409],[146.0625,-17.40793],[146.06134,-17.40725],[146.06184,-17.40545],[146.06072,-17.40611],[146.05993,-17.40572],[146.06017,-17.40473],[146.05924,-17.40326],[146.06063,-17.40378],[146.06144,-17.40237],[146.07193,-17.40341],[146.08506,-17.40286],[146.56017,-17.40152],[146.56067,-17.38705],[146.56304,-17.37868],[146.56295,-17.37383],[146.562,-17.37269],[146.55883,-17.37144],[146.54264,-17.34913],[146.54255,-17.34483],[146.53447,-17.32096],[146.5418,-17.31623],[146.55135,-17.30732],[146.55524,-17.3053],[146.55713,-17.30202],[146.55573,-17.29659],[146.55503,-17.29625],[146.54848,-17.27837],[146.54955,-17.27657],[146.55002,-17.27341],[146.54946,-17.26752],[146.54477,-17.25734],[146.5403,-17.25541],[146.54467,-17.21099],[146.54962,-17.20399],[146.55234,-17.19778],[146.55295,-17.1945],[146.55098,-17.18342],[146.54817,-17.17764],[146.54653,-17.17628],[146.51431,-17.09718],[146.46942,-17.04663],[146.47133,-17.03861],[146.47077,-17.03194],[146.46947,-17.03035],[146.52431,-16.99413],[146.52677,-16.99414],[146.52912,-16.99166],[146.52926,-16.99007],[146.52608,-16.9878],[146.52303,-16.98791],[146.48844,-16.96701],[146.48786,-16.966],[146.45983,-16.94839],[146.45681,-16.93651],[146.45228,-16.92599],[146.45074,-16.92463],[146.44933,-16.92473],[146.40701,-16.86955],[146.4063,-16.86729],[146.35716,-16.85446],[146.3574,-16.85231],[146.35531,-16.84779],[146.35642,-16.83072],[146.36001,-16.81396],[146.35818,-16.81128],[146.35784,-16.80761],[146.35572,-16.80296],[146.28431,-16.7823],[146.28396,-16.78072],[146.28115,-16.7789],[146.2805,-16.73809],[146.28134,-16.73515],[146.27795,-16.73073],[146.27444,-16.72913],[146.27056,-16.72878],[146.25958,-16.69845],[145.63354,-16.69845],[145.62913,-16.70533],[145.61708,-16.71586],[145.61675,-16.71571],[145.61702,-16.71594],[145.61972,-16.7183],[145.62246,-16.71935],[145.62311,-16.72105],[145.63131,-16.72464],[145.63247,-16.72763],[145.63083,-16.73108],[145.63355,-16.73613],[145.63547,-16.73613],[145.63641,-16.73769],[145.63926,-16.73697],[145.64163,-16.73762],[145.64328,-16.73886],[145.64411,-16.74069],[145.64763,-16.74229],[145.64534,-16.74526],[145.64486,-16.74765],[145.64241,-16.74872],[145.64187,-16.75096],[145.64334,-16.75308],[145.64514,-16.75401],[145.64913,-16.76171],[145.64858,-16.76877],[145.65037,-16.77239],[145.65174,-16.77298],[145.65226,-16.77739],[145.65175,-16.7794],[145.65257,-16.78101],[145.652,-16.78366],[145.65617,-16.79217],[145.65621,-16.79429],[145.65449,-16.79754],[145.65395,-16.80322],[145.65492,-16.80646],[145.65971,-16.81235],[145.66031,-16.81711],[145.66508,-16.81878],[145.66595,-16.81978],[145.66479,-16.82463],[145.66539,-16.82945],[145.6638,-16.83303],[145.66399,-16.83421],[145.65988,-16.83815],[145.6694,-16.84533],[145.66865,-16.84722],[145.66659,-16.84686],[145.66235,-16.84811],[145.65992,-16.84616],[145.65619,-16.8477],[145.65379,-16.8497],[145.65218,-16.8493],[145.64393,-16.85302],[145.64679,-16.85464],[145.6491,-16.85745],[145.65488,-16.85859],[145.65881,-16.86337],[145.6605,-16.86341],[145.66617,-16.86656],[145.66611,-16.86889],[145.6643,-16.86984],[145.66189,-16.86976],[145.66093,-16.87225],[145.65402,-16.87486],[145.65186,-16.87773],[145.65111,-16.88054],[145.65605,-16.87958],[145.65796,-16.8799],[145.6596,-16.88122],[145.66333,-16.88104],[145.66405,-16.88426],[145.66576,-16.88426],[145.66928,-16.88965],[145.6733,-16.89198],[145.67364,-16.89405],[145.67151,-16.89846],[145.67138,-16.90137],[145.66805,-16.90961],[145.66391,-16.91254],[145.66086,-16.91689],[145.66347,-16.92033],[145.66155,-16.92873],[145.65745,-16.93033],[145.65626,-16.93338],[145.65668,-16.93443],[145.65366,-16.93806],[145.65001,-16.94442],[145.65191,-16.95039],[145.65075,-16.95214],[145.65102,-16.95509],[145.64987,-16.95685],[145.65082,-16.95985],[145.65038,-16.96134],[145.65124,-16.96277],[145.65039,-16.96555],[145.65121,-16.9695],[145.65221,-16.97086],[145.65354,-16.9706],[145.65435,-16.9715],[145.65413,-16.97367],[145.65481,-16.97467],[145.65213,-16.97512],[145.65136,-16.97743],[145.64792,-16.97873],[145.64423,-16.98335],[145.63967,-16.9857],[145.63707,-16.99609],[145.63417,-16.99736],[145.63297,-17.00331],[145.63033,-17.00463],[145.6301,-17.00679],[145.63217,-17.00882],[145.63193,-17.01297],[145.63423,-17.01747],[145.6368,-17.02043],[145.63971,-17.02192],[145.63828,-17.02283],[145.63831,-17.02526],[145.63553,-17.03187],[145.63206,-17.03354],[145.6306,-17.0371],[145.62702,-17.03895],[145.62358,-17.0423],[145.62363,-17.04323],[145.62002,-17.04439],[145.61885,-17.04477],[145.61787,-17.04585],[145.61485,-17.04989],[145.6146,-17.05147],[145.61576,-17.05219],[145.61803,-17.05749],[145.61967,-17.05873],[145.61964,-17.05963],[145.6164,-17.06324],[145.61727,-17.06452],[145.61669,-17.06696],[145.61564,-17.06757],[145.61666,-17.06861],[145.6182,-17.06916],[145.61937,-17.06905],[145.62265,-17.06773],[145.62524,-17.07057],[145.62612,-17.07081],[145.62754,-17.06958],[145.62854,-17.06998],[145.6323,-17.07252],[145.63223,-17.07429],[145.63318,-17.07526],[145.63299,-17.07752],[145.62877,-17.08144],[145.62749,-17.08365],[145.62358,-17.08562],[145.62378,-17.08797],[145.62237,-17.08962],[145.62454,-17.09094],[145.6239,-17.09677],[145.63049,-17.09886],[145.63162,-17.1016],[145.63717,-17.10321],[145.63934,-17.10585],[145.63653,-17.10906],[145.6377,-17.11327],[145.63961,-17.11402],[145.63941,-17.11859],[145.64216,-17.12244],[145.64658,-17.12404],[145.64974,-17.1237],[145.65263,-17.12445],[145.65539,-17.12644],[145.65467,-17.13431],[145.65587,-17.13532],[145.6542,-17.13905],[145.6555,-17.14027],[145.65661,-17.14543],[145.65917,-17.1467],[145.65881,-17.15148],[145.66119,-17.15438],[145.66385,-17.15371],[145.66504,-17.15487],[145.66963,-17.15438],[145.67087,-17.15643],[145.67053,-17.15827],[145.67314,-17.16091],[145.67515,-17.16155],[145.67492,-17.16411],[145.67327,-17.16457],[145.67272,-17.16609],[145.67301,-17.1691],[145.67173,-17.16926],[145.67013,-17.17176],[145.70448,-17.1746],[145.70409,-17.21246],[145.7131,-17.21336],[145.72061,-17.23177],[145.75634,-17.24845],[145.76135,-17.23863],[145.76382,-17.23881],[145.77078,-17.2362],[145.77269,-17.23717],[145.77399,-17.24037],[145.77415,-17.24078],[145.77406,-17.24115],[145.77268,-17.24658],[145.77314,-17.24876],[145.77404,-17.25056],[145.77485,-17.25191],[145.77584,-17.25278],[145.77929,-17.25548],[145.77934,-17.2559],[145.7795,-17.25713],[145.77971,-17.25871],[145.77891,-17.26103],[145.77945,-17.26291],[145.78264,-17.26332],[145.78527,-17.26903],[145.78559,-17.26972],[145.78528,-17.27183],[145.78529,-17.2796],[145.78854,-17.28113],[145.79046,-17.28068],[145.79279,-17.28789],[145.79477,-17.29059],[145.79801,-17.29292],[145.80052,-17.29652],[145.79967,-17.29889],[145.80033,-17.3014],[145.79447,-17.30437],[145.79538,-17.30825],[145.79726,-17.30944],[145.79784,-17.31171],[145.79068,-17.31268],[145.78487,-17.31932],[145.78514,-17.32084],[145.78767,-17.32163],[145.78799,-17.32328],[145.78754,-17.32602],[145.78648,-17.32741],[145.78673,-17.33321],[145.78488,-17.33594],[145.78371,-17.34003],[145.7817,-17.34151],[145.78096,-17.34437],[145.78081,-17.34528],[145.7828,-17.3477],[145.78167,-17.34961],[145.78128,-17.35437],[145.78966,-17.36324],[145.79189,-17.36485],[145.79453,-17.36544],[145.80153,-17.37018],[145.80313,-17.37371],[145.81014,-17.38039],[145.81181,-17.38367],[145.81379,-17.38462],[145.81437,-17.38609],[145.81746,-17.38822],[145.82126,-17.39391],[145.82125,-17.39405],[145.82121,-17.39473],[145.82119,-17.39507],[145.81833,-17.3993],[145.82168,-17.40485],[145.82182,-17.40825],[145.82471,-17.41334],[145.82372,-17.42149],[145.82555,-17.42375],[145.82632,-17.42785],[145.82854,-17.43001],[145.82963,-17.43378],[145.8321,-17.43758],[145.83226,-17.44693],[145.83418,-17.45009],[145.83582,-17.44811],[145.83672,-17.44928],[145.83713,-17.45297],[145.83992,-17.45416],[145.83748,-17.47612],[145.83461,-17.47627],[145.83676,-17.48261],[145.83513,-17.49736]],[[145.89556,-16.88751],[145.89346,-16.88389],[145.8937,-16.88245],[145.8957,-16.88506],[145.89609,-16.88697],[145.89556,-16.88751]],[[145.90021,-16.99354],[145.9003,-16.99332],[145.90169,-16.99402],[145.90021,-16.99354]],[[145.93804,-16.912],[145.93792,-16.91261],[145.93048,-16.92373],[145.9292,-16.9282],[145.9333,-16.93409],[145.93546,-16.94146],[145.93438,-16.9473],[145.93255,-16.94946],[145.93015,-16.95075],[145.92874,-16.95102],[145.9272,-16.94986],[145.92644,-16.95008],[145.92642,-16.95125],[145.91426,-16.96386],[145.90303,-16.97766],[145.90446,-16.97511],[145.90257,-16.9715],[145.90483,-16.96962],[145.90584,-16.96704],[145.90589,-16.96641],[145.90541,-16.96563],[145.9064,-16.96488],[145.90582,-16.96457],[145.90501,-16.96413],[145.90533,-16.9648],[145.90623,-16.96494],[145.90584,-16.96507],[145.90527,-16.96564],[145.90578,-16.96659],[145.90531,-16.96747],[145.90531,-16.96814],[145.90397,-16.96977],[145.90372,-16.96987],[145.90303,-16.97093],[145.90247,-16.97012],[145.90239,-16.9716],[145.90267,-16.97292],[145.90412,-16.97531],[145.90046,-16.98165],[145.90099,-16.98338],[145.8981,-16.98847],[145.89807,-16.99044],[145.89937,-16.99165],[145.89662,-16.99633],[145.89846,-17.00361],[145.90066,-17.00584],[145.89853,-17.006],[145.89714,-17.00697],[145.89422,-17.00379],[145.89363,-17.00429],[145.89308,-17.00571],[145.8933,-17.0063],[145.89215,-17.00606],[145.8921,-17.00709],[145.89093,-17.00789],[145.88847,-17.00752],[145.88841,-17.00701],[145.88834,-17.00647],[145.88798,-17.00713],[145.88837,-17.00763],[145.88901,-17.0077],[145.88851,-17.0095],[145.88875,-17.00915],[145.88904,-17.00787],[145.88978,-17.00824],[145.89085,-17.00805],[145.89223,-17.00713],[145.89218,-17.0063],[145.89336,-17.0065],[145.89345,-17.00557],[145.89431,-17.00594],[145.8937,-17.00465],[145.8942,-17.00403],[145.89738,-17.00777],[145.89878,-17.00811],[145.89936,-17.00688],[145.90064,-17.00772],[145.89928,-17.00822],[145.89651,-17.01441],[145.89037,-17.03178],[145.89046,-17.03231],[145.89144,-17.0304],[145.88918,-17.04694],[145.88961,-17.05596],[145.89132,-17.06347],[145.89238,-17.06542],[145.8971,-17.06708],[145.90093,-17.07409],[145.90402,-17.07647],[145.90749,-17.0817],[145.91042,-17.08312],[145.91279,-17.0867],[145.91642,-17.08777],[145.91873,-17.0932],[145.92198,-17.10744],[145.92627,-17.11214],[145.92755,-17.11562],[145.92922,-17.1176],[145.93252,-17.11837],[145.93408,-17.12041],[145.93716,-17.12185],[145.93886,-17.12416],[145.94049,-17.12456],[145.94551,-17.12861],[145.94852,-17.12999],[145.95047,-17.13433],[145.95145,-17.14202],[145.95289,-17.14571],[145.95038,-17.14924],[145.95192,-17.14852],[145.95173,-17.15313],[145.95298,-17.15802],[145.95523,-17.1604],[145.95577,-17.16283],[145.96512,-17.16935],[145.96483,-17.17049],[145.92462,-17.16645],[145.92524,-17.16257],[145.92439,-17.16073],[145.92528,-17.1591],[145.92175,-17.15532],[145.9207,-17.15132],[145.91669,-17.14393],[145.91314,-17.14123],[145.91147,-17.13664],[145.91116,-17.13144],[145.90642,-17.12622],[145.9053,-17.1263],[145.90425,-17.12267],[145.89876,-17.1174],[145.89306,-17.10642],[145.89244,-17.10362],[145.8944,-17.10302],[145.89541,-17.10137],[145.88561,-17.09585],[145.88152,-17.09191],[145.88134,-17.08892],[145.88002,-17.08779],[145.88082,-17.08655],[145.87896,-17.08423],[145.87715,-17.07763],[145.87114,-17.0689],[145.86852,-17.0612],[145.86734,-17.06085],[145.86552,-17.05725],[145.86338,-17.05645],[145.86431,-17.05088],[145.86641,-17.0491],[145.86581,-17.04648],[145.85962,-17.03888],[145.85815,-17.03438],[145.8556,-17.03178],[145.85401,-17.02829],[145.85252,-17.0278],[145.85297,-17.0246],[145.85791,-17.02274],[145.85372,-17.01715],[145.85318,-17.01502],[145.85417,-17.01131],[145.85778,-17.0085],[145.85648,-17.00623],[145.85304,-17.00356],[145.85475,-16.99851],[145.85485,-16.99525],[145.85756,-16.99207],[145.85801,-16.98618],[145.85454,-16.98016],[145.85297,-16.9791],[145.8545,-16.97463],[145.85621,-16.97256],[145.8589,-16.9712],[145.85882,-16.96955],[145.86181,-16.96253],[145.86107,-16.95933],[145.86263,-16.95679],[145.86444,-16.95084],[145.86197,-16.94393],[145.85374,-16.93561],[145.85184,-16.9319],[145.84878,-16.93049],[145.84829,-16.9295],[145.84775,-16.92641],[145.84858,-16.92447],[145.85448,-16.91919],[145.85191,-16.917],[145.85181,-16.91546],[145.84979,-16.91246],[145.84583,-16.90927],[145.8435,-16.90472],[145.84052,-16.90333],[145.83724,-16.89916],[145.83723,-16.89818],[145.85192,-16.89414],[145.84773,-16.88505],[145.85024,-16.88408],[145.84967,-16.88186],[145.8506,-16.87923],[145.85324,-16.87951],[145.8545,-16.88156],[145.85798,-16.8841],[145.86335,-16.89137],[145.86331,-16.89256],[145.86218,-16.89356],[145.86459,-16.89615],[145.86172,-16.89864],[145.86217,-16.90043],[145.86131,-16.9016],[145.86224,-16.90366],[145.86761,-16.90615],[145.87448,-16.90755],[145.88157,-16.9074],[145.8868,-16.90612],[145.8883,-16.9067],[145.89896,-16.9024],[145.89942,-16.90128],[145.89732,-16.89937],[145.89672,-16.89696],[145.89727,-16.89533],[145.89871,-16.8953],[145.90054,-16.89643],[145.90221,-16.89611],[145.90407,-16.89753],[145.90637,-16.89733],[145.90826,-16.89603],[145.9106,-16.89274],[145.91467,-16.8899],[145.9162,-16.88713],[145.91737,-16.88603],[145.91836,-16.88613],[145.92105,-16.88329],[145.91941,-16.87559],[145.91867,-16.87738],[145.91827,-16.87595],[145.91782,-16.87682],[145.91763,-16.8763],[145.91899,-16.87321],[145.91669,-16.86896],[145.91557,-16.8649],[145.91844,-16.86417],[145.92382,-16.86642],[145.92729,-16.86545],[145.92834,-16.86584],[145.92929,-16.8683],[145.93448,-16.87337],[145.93458,-16.87547],[145.93561,-16.87583],[145.93558,-16.87692],[145.93799,-16.87772],[145.94317,-16.88187],[145.94382,-16.88509],[145.94635,-16.89006],[145.94818,-16.89168],[145.94979,-16.8919],[145.95107,-16.89152],[145.95125,-16.88983],[145.95359,-16.88996],[145.95504,-16.89244],[145.9544,-16.89351],[145.95569,-16.89381],[145.95786,-16.89674],[145.95724,-16.8974],[145.95548,-16.89643],[145.95464,-16.89722],[145.95541,-16.90108],[145.95677,-16.90343],[145.95647,-16.9052],[145.94921,-16.90748],[145.94627,-16.90599],[145.94483,-16.90686],[145.94364,-16.90628],[145.93991,-16.91064],[145.93765,-16.9121],[145.93536,-16.91541],[145.93668,-16.91396],[145.93804,-16.912]]]},"properties":{"LGA Code":"2080","Abbreviated Name":"Cairns","LGA Name":"Cairns Regional","Area Sq Km":6793.95232,"LDMG Name":"Cairns","Police Region Name":"Far Northern Region","Police Region Code":"FNR","Police Region Short Name":"Far North"}},{"type":"Feature","geometry":{"type":"Polygon","coordinates":[[[145.83513,-17.49736],[145.83388,-17.50863],[145.71609,-17.49696],[145.72376,-17.50613],[145.72007,-17.51003],[145.72378,-17.51371],[145.72172,-17.52167],[145.72439,-17.52626],[145.72467,-17.53034],[145.72833,-17.53155],[145.73097,-17.53363],[145.73121,-17.53841],[145.73319,-17.5403],[145.73772,-17.54089],[145.73998,-17.54269],[145.74053,-17.54645],[145.73992,-17.55089],[145.73333,-17.55703],[145.73059,-17.55823],[145.7275,-17.55842],[145.72446,-17.55654],[145.72235,-17.55722],[145.71775,-17.55426],[145.71551,-17.5543],[145.71041,-17.55842],[145.70736,-17.55682],[145.69733,-17.65203],[145.69639,-17.65224],[145.69669,-17.65355],[145.69584,-17.65529],[145.69425,-17.65594],[145.69568,-17.65966],[145.69546,-17.66102],[145.69236,-17.66361],[145.68605,-17.66213],[145.68262,-17.6654],[145.67879,-17.66654],[145.67922,-17.66867],[145.67846,-17.67054],[145.68085,-17.67144],[145.68099,-17.67424],[145.68305,-17.67756],[145.6824,-17.6788],[145.68034,-17.67586],[145.67888,-17.67605],[145.67761,-17.67756],[145.67441,-17.67607],[145.67329,-17.66912],[145.67384,-17.66737],[145.67322,-17.66654],[145.6719,-17.66722],[145.66812,-17.66573],[145.66052,-17.66888],[145.65967,-17.66683],[145.65441,-17.66301],[145.65473,-17.65806],[145.64073,-17.65677],[145.64534,-17.66491],[145.64436,-17.6663],[145.64589,-17.66806],[145.64848,-17.66813],[145.65085,-17.67048],[145.65099,-17.67214],[145.65349,-17.67219],[145.65676,-17.67548],[145.65937,-17.67584],[145.66144,-17.67956],[145.65789,-17.68317],[145.65801,-17.68449],[145.65659,-17.68603],[145.65671,-17.68699],[145.65975,-17.68805],[145.66016,-17.68932],[145.65849,-17.69345],[145.65665,-17.69369],[145.65511,-17.69653],[145.65349,-17.69716],[145.65187,-17.69981],[145.64953,-17.69955],[145.64866,-17.70067],[145.64346,-17.70172],[145.64295,-17.70468],[145.64104,-17.70712],[145.64332,-17.70966],[145.64342,-17.71134],[145.64764,-17.7178],[145.64726,-17.72184],[145.64839,-17.72345],[145.65143,-17.72507],[145.65151,-17.72687],[145.57704,-17.74077],[145.57256,-17.7829],[145.57967,-17.78364],[145.58068,-17.78612],[145.57965,-17.79116],[145.58501,-17.79053],[145.59104,-17.79547],[145.5974,-17.79398],[145.59976,-17.79488],[145.60262,-17.79388],[145.60365,-17.79524],[145.60554,-17.79576],[145.6088,-17.7945],[145.61011,-17.79578],[145.61001,-17.79979],[145.61385,-17.80135],[145.61548,-17.80077],[145.61784,-17.79814],[145.62205,-17.79747],[145.62441,-17.79827],[145.62717,-17.80063],[145.63159,-17.80124],[145.6323,-17.80346],[145.63392,-17.80438],[145.63431,-17.80613],[145.63624,-17.80645],[145.63826,-17.80799],[145.6393,-17.80666],[145.63841,-17.80419],[145.64235,-17.80258],[145.64344,-17.80544],[145.6454,-17.80645],[145.64633,-17.80852],[145.65546,-17.81584],[145.65812,-17.82004],[145.65861,-17.82345],[145.65721,-17.82657],[145.65294,-17.82765],[145.65312,-17.83142],[145.65195,-17.83372],[145.65236,-17.83546],[145.65176,-17.83669],[145.6531,-17.84031],[145.65338,-17.84395],[145.65267,-17.84674],[145.65363,-17.84962],[145.65472,-17.8496],[145.65367,-17.85255],[145.65522,-17.85517],[145.6542,-17.85753],[145.65545,-17.85922],[145.65494,-17.86234],[145.65554,-17.86393],[145.65731,-17.86435],[145.6609,-17.86317],[145.66403,-17.86365],[145.66524,-17.86424],[145.66804,-17.8684],[145.67182,-17.87022],[145.67351,-17.87422],[145.67289,-17.87762],[145.67567,-17.88082],[145.67495,-17.88163],[145.67531,-17.88251],[145.67915,-17.88617],[145.68013,-17.8914],[145.68171,-17.89493],[145.68382,-17.89634],[145.68437,-17.89801],[145.68382,-17.89975],[145.68481,-17.90239],[145.6835,-17.90495],[145.68086,-17.90709],[145.68071,-17.91066],[145.68062,-17.91263],[145.68034,-17.91917],[145.68587,-17.92534],[145.68395,-17.92623],[145.68296,-17.92769],[145.68409,-17.93011],[145.68306,-17.93136],[145.68126,-17.93149],[145.68111,-17.93265],[145.67969,-17.93379],[145.68063,-17.93656],[145.68004,-17.93731],[145.68188,-17.94005],[145.67922,-17.94303],[145.67898,-17.94557],[145.67752,-17.94648],[145.67595,-17.94579],[145.67404,-17.94781],[145.66998,-17.94845],[145.66529,-17.94603],[145.6636,-17.94627],[145.66227,-17.94695],[145.66209,-17.94877],[145.66003,-17.94839],[145.65775,-17.95312],[145.65878,-17.95467],[145.6584,-17.9562],[145.65681,-17.95737],[145.65192,-17.95734],[145.65232,-17.95898],[145.65092,-17.95925],[145.65078,-17.96013],[145.65207,-17.96172],[145.65008,-17.96283],[145.65011,-17.96355],[145.65187,-17.9661],[145.65442,-17.9676],[145.65276,-17.97006],[145.65319,-17.97142],[145.65098,-17.9719],[145.64982,-17.9738],[145.64583,-17.97208],[145.64555,-17.97373],[145.64246,-17.97608],[145.64101,-17.97558],[145.64077,-17.97964],[145.63887,-17.9796],[145.63893,-17.98075],[145.63758,-17.98202],[145.63769,-17.98572],[145.64034,-17.98824],[145.63888,-17.98883],[145.63799,-17.99041],[145.63893,-17.99159],[145.63824,-17.99522],[145.63553,-17.99501],[145.63403,-17.99673],[145.63083,-17.99726],[145.62875,-17.99922],[145.62546,-18.00043],[145.62552,-18.00382],[145.62337,-18.00795],[145.62346,-18.00821],[145.62379,-18.00914],[145.62404,-18.00985],[145.62548,-18.01024],[145.62303,-18.01455],[145.62363,-18.01851],[145.6222,-18.02115],[145.62646,-18.02194],[145.62724,-18.02274],[145.62856,-18.02228],[145.63128,-18.023],[145.63266,-18.02398],[145.63338,-18.02627],[145.63602,-18.02805],[145.63794,-18.02765],[145.6398,-18.02845],[145.64424,-18.02718],[145.64652,-18.02799],[145.65024,-18.02752],[145.65348,-18.02942],[145.65396,-18.03154],[145.64946,-18.03366],[145.64934,-18.0351],[145.64825,-18.03615],[145.65019,-18.03865],[145.65073,-18.04536],[145.64989,-18.048],[145.65253,-18.04995],[145.6511,-18.05219],[145.6526,-18.05391],[145.65284,-18.05563],[145.64672,-18.05816],[145.64703,-18.0624],[145.64595,-18.06452],[145.64457,-18.06538],[145.64439,-18.06705],[145.64277,-18.06762],[145.64391,-18.06905],[145.64331,-18.07169],[145.64409,-18.07261],[145.64319,-18.07416],[145.64398,-18.07531],[145.64338,-18.07789],[145.64284,-18.07743],[145.64188,-18.07869],[145.64194,-18.08145],[145.64338,-18.0823],[145.64302,-18.08328],[145.64463,-18.08512],[145.64548,-18.08609],[145.6477,-18.08643],[145.64836,-18.08792],[145.6501,-18.08792],[145.65347,-18.08993],[145.65551,-18.09165],[145.65599,-18.09308],[145.65941,-18.0944],[145.66175,-18.09342],[145.66283,-18.09417],[145.66644,-18.10191],[145.6677,-18.10294],[145.67118,-18.0999],[145.6755,-18.10299],[145.67946,-18.10293],[145.67952,-18.10035],[145.68276,-18.09564],[145.68527,-18.09323],[145.68803,-18.09306],[145.68911,-18.09202],[145.69038,-18.09524],[145.6929,-18.09529],[145.69674,-18.09913],[145.70208,-18.1005],[145.70412,-18.10004],[145.70508,-18.10125],[145.70371,-18.1032],[145.70593,-18.10583],[145.70743,-18.10922],[145.70576,-18.11449],[145.7072,-18.11656],[145.7051,-18.11708],[145.7042,-18.11811],[145.70376,-18.12038],[145.70517,-18.12298],[145.70438,-18.12383],[145.70428,-18.12716],[145.70145,-18.12793],[145.70072,-18.12884],[145.70308,-18.13254],[145.70232,-18.13638],[145.70386,-18.13863],[145.70353,-18.14109],[145.70207,-18.14286],[145.70145,-18.14528],[145.69921,-18.14725],[145.69941,-18.14891],[145.69845,-18.15038],[145.693,-18.15168],[145.69043,-18.15118],[145.6896,-18.15266],[145.68799,-18.15315],[145.68858,-18.15481],[145.68678,-18.15518],[145.68602,-18.15678],[145.68429,-18.15764],[145.68308,-18.16102],[145.68346,-18.16306],[145.68319,-18.16321],[145.68329,-18.16476],[145.68404,-18.16621],[145.68474,-18.16756],[145.68517,-18.16839],[145.68693,-18.16897],[145.68931,-18.16976],[145.69324,-18.17106],[145.69617,-18.1751],[145.69926,-18.17652],[145.70183,-18.17676],[145.70524,-18.17898],[145.70582,-18.17887],[145.70602,-18.17663],[145.70917,-18.17369],[145.70933,-18.17246],[145.71087,-18.17209],[145.71579,-18.16668],[145.72151,-18.16747],[145.72337,-18.16637],[145.72427,-18.16661],[145.72466,-18.16784],[145.72646,-18.16772],[145.73106,-18.16132],[145.73196,-18.16163],[145.73324,-18.16077],[145.73485,-18.15678],[145.73694,-18.15795],[145.73934,-18.15746],[145.741,-18.15942],[145.7437,-18.15985],[145.75153,-18.15654],[145.75248,-18.15736],[145.75247,-18.15868],[145.75768,-18.16441],[145.76167,-18.16512],[145.76273,-18.16685],[145.76482,-18.16767],[145.76624,-18.17049],[145.76767,-18.17085],[145.76855,-18.17395],[145.77033,-18.17523],[145.77192,-18.17278],[145.77572,-18.17654],[145.78002,-18.17887],[145.78307,-18.17958],[145.78444,-18.18085],[145.78567,-18.18477],[145.78721,-18.18621],[145.78684,-18.18787],[145.7876,-18.1904],[145.78698,-18.19178],[145.78234,-18.19421],[145.781,-18.19689],[145.77919,-18.1982],[145.78022,-18.20325],[145.78152,-18.2055],[145.78319,-18.20655],[145.78607,-18.2116],[145.78712,-18.21506],[145.79163,-18.21574],[145.79294,-18.2173],[145.79279,-18.22045],[145.79565,-18.2226],[145.79516,-18.22386],[145.79317,-18.2247],[145.79262,-18.22619],[145.79316,-18.23245],[145.79424,-18.2328],[145.79551,-18.23178],[145.79813,-18.23387],[145.80065,-18.23366],[145.79967,-18.23566],[145.80044,-18.23733],[145.80443,-18.24055],[145.80513,-18.24328],[145.80727,-18.24559],[145.80504,-18.25088],[145.80396,-18.25162],[145.80396,-18.25581],[145.80475,-18.25793],[145.80139,-18.26207],[145.8005,-18.26397],[145.80056,-18.26643],[145.79948,-18.26804],[145.80182,-18.26896],[145.80297,-18.27091],[145.80537,-18.27153],[145.80778,-18.27371],[145.81169,-18.28145],[145.81176,-18.28467],[145.81518,-18.28569],[145.81483,-18.28839],[145.81579,-18.29074],[145.81568,-18.29453],[145.81292,-18.29482],[145.8128,-18.29631],[145.81106,-18.29672],[145.80824,-18.29954],[145.80987,-18.30252],[145.80963,-18.30458],[145.80585,-18.30643],[145.80255,-18.30574],[145.79547,-18.30862],[145.7906,-18.30565],[145.78663,-18.30422],[145.71814,-18.35694],[145.72078,-18.36251],[145.72196,-18.3636],[145.72729,-18.36495],[145.733,-18.36818],[145.73523,-18.36944],[145.74187,-18.37176],[145.74481,-18.37416],[145.74575,-18.3755],[145.74803,-18.38061],[145.74792,-18.38363],[145.74602,-18.38948],[145.74608,-18.39299],[145.74667,-18.39454],[145.74702,-18.39547],[145.7471,-18.39568],[145.74726,-18.39565],[145.75209,-18.39483],[145.75746,-18.3958],[145.75753,-18.39582],[145.75747,-18.39575],[145.76134,-18.39358],[145.76602,-18.39768],[145.76984,-18.39965],[145.77251,-18.39825],[145.77569,-18.39894],[145.77983,-18.39698],[145.78006,-18.39675],[145.78083,-18.39598],[145.78122,-18.39558],[145.78145,-18.394],[145.78255,-18.39423],[145.78785,-18.40236],[145.78994,-18.40329],[145.79243,-18.40336],[145.79537,-18.40116],[145.79556,-18.39973],[145.79373,-18.39751],[145.79444,-18.39613],[145.79337,-18.39318],[145.79482,-18.39198],[145.7939,-18.38997],[145.79486,-18.38938],[145.79832,-18.39019],[145.79926,-18.38987],[145.79985,-18.38782],[145.80376,-18.38739],[145.8069,-18.38599],[145.80487,-18.38072],[145.80675,-18.37815],[145.80864,-18.37771],[145.80934,-18.37889],[145.8113,-18.37828],[145.81319,-18.37988],[145.81576,-18.38356],[145.81579,-18.38588],[145.81931,-18.38686],[145.81825,-18.39519],[145.81597,-18.39794],[145.81942,-18.40384],[145.82562,-18.40702],[145.82897,-18.4068],[145.82945,-18.40415],[145.83283,-18.40213],[145.83885,-18.40624],[145.84768,-18.40468],[145.85078,-18.40596],[145.85672,-18.40569],[145.8625,-18.40421],[145.86536,-18.40429],[145.86555,-18.40233],[145.87094,-18.40253],[145.8713,-18.40047],[145.87349,-18.40001],[145.8771,-18.40233],[145.87761,-18.40319],[145.87703,-18.4052],[145.87964,-18.40744],[145.88289,-18.4049],[145.88648,-18.40462],[145.8904,-18.40139],[145.89111,-18.39991],[145.89471,-18.39793],[145.89723,-18.39757],[145.89871,-18.39544],[145.9016,-18.39306],[145.90443,-18.39201],[145.90864,-18.38794],[145.90871,-18.38528],[145.9132,-18.38135],[145.91466,-18.37905],[145.91655,-18.37795],[145.91897,-18.37817],[145.92195,-18.37648],[145.92482,-18.37424],[145.92701,-18.37103],[145.92996,-18.36949],[145.93344,-18.37047],[145.94733,-18.36431],[145.9618,-18.39442],[145.97412,-18.39593],[145.97524,-18.39679],[145.97981,-18.39527],[145.98359,-18.39711],[145.98976,-18.3956],[145.99198,-18.39377],[146.00098,-18.39355],[146.00464,-18.39131],[146.00815,-18.3914],[146.01121,-18.38863],[146.01477,-18.38969],[146.01827,-18.38967],[146.02049,-18.38947],[146.02221,-18.38829],[146.02361,-18.3902],[146.02741,-18.39188],[146.0288,-18.39076],[146.0322,-18.38994],[146.03552,-18.38765],[146.04336,-18.39314],[146.04421,-18.39569],[146.04645,-18.39667],[146.04748,-18.39408],[146.04924,-18.39263],[146.0526,-18.39506],[146.0576,-18.39652],[146.0605,-18.3986],[146.06459,-18.39936],[146.06928,-18.40217],[146.07311,-18.40309],[146.07416,-18.40335],[146.07465,-18.4032],[146.07823,-18.40211],[146.07958,-18.4017],[146.08516,-18.40123],[146.08631,-18.40382],[146.0926,-18.41161],[146.10027,-18.41522],[146.10055,-18.41694],[146.09767,-18.42179],[146.09871,-18.42763],[146.10124,-18.43081],[146.10162,-18.43267],[146.09737,-18.43639],[146.0957,-18.43916],[146.09354,-18.44014],[146.09199,-18.44679],[146.09142,-18.44783],[146.09166,-18.44819],[146.09378,-18.45134],[146.10012,-18.45117],[146.10432,-18.45349],[146.10697,-18.45995],[146.10732,-18.46317],[146.10916,-18.46501],[146.11088,-18.46946],[146.11412,-18.47248],[146.11793,-18.47268],[146.12036,-18.47438],[146.11716,-18.4745],[146.11414,-18.47713],[146.11417,-18.47799],[146.11848,-18.48001],[146.12003,-18.48289],[146.12198,-18.48447],[146.1218,-18.48627],[146.1207,-18.48729],[146.11667,-18.48939],[146.11729,-18.49125],[146.11532,-18.49481],[146.1171,-18.49668],[146.11712,-18.50132],[146.12039,-18.50673],[146.12173,-18.50786],[146.12625,-18.50804],[146.12814,-18.51008],[146.13062,-18.51097],[146.13756,-18.51225],[146.1406,-18.51451],[146.14671,-18.51702],[146.15589,-18.51879],[146.16086,-18.51735],[146.16225,-18.51796],[146.16429,-18.51765],[146.1674,-18.51571],[146.16888,-18.51828],[146.17488,-18.5213],[146.17956,-18.52468],[146.18017,-18.52898],[146.18277,-18.532],[146.18519,-18.53193],[146.1872,-18.53332],[146.18639,-18.53001],[146.19095,-18.52833],[146.19145,-18.5268],[146.19073,-18.52362],[146.19404,-18.52207],[146.1961,-18.52014],[146.1966,-18.52104],[146.19941,-18.5218],[146.20693,-18.51649],[146.2104,-18.50817],[146.22416,-18.49405],[146.2299,-18.48954],[146.23774,-18.49173],[146.25109,-18.49243],[146.27698,-18.49746],[146.29716,-18.49848],[147.0011,-18.49844],[147.0011,-18.58177],[147.59941,-18.58177],[147.55697,-18.48424],[147.55565,-18.47441],[147.55229,-18.4609],[147.53068,-18.4349],[147.46257,-18.4047],[147.39749,-18.26501],[147.39482,-18.26148],[147.3959,-18.25828],[147.39539,-18.25615],[147.39334,-18.25572],[147.3829,-18.25815],[147.04334,-18.18536],[147.0405,-18.18197],[147.03709,-18.18095],[146.97815,-18.1256],[146.97259,-18.12187],[146.96858,-18.12175],[146.9019,-18.06445],[146.90331,-18.05903],[146.90249,-18.05609],[146.89883,-18.05247],[146.89681,-18.05133],[146.88761,-18.04963],[146.88513,-18.04771],[146.88336,-18.03979],[146.88195,-18.03776],[146.87393,-18.03176],[146.87132,-18.02882],[146.87156,-18.02667],[146.875,-18.02498],[146.87841,-18.02182],[146.87901,-18.01843],[146.87713,-18.01639],[146.86755,-18.01831],[146.86189,-18.01864],[146.84784,-18.00816],[146.84996,-18.005],[146.85001,-17.99999],[146.85198,-17.99999],[146.84922,-17.99254],[146.84722,-17.99062],[146.84084,-17.98915],[146.83695,-17.9871],[146.83434,-17.98767],[146.80114,-17.96269],[146.80256,-17.9611],[146.80304,-17.95545],[146.80211,-17.94042],[146.80318,-17.93589],[146.7999,-17.9255],[146.79753,-17.92074],[146.79648,-17.91973],[146.79435,-17.91983],[146.79317,-17.92096],[146.74671,-17.8776],[146.74437,-17.86459],[146.73873,-17.85192],[146.73543,-17.85023],[146.68764,-17.78118],[146.68789,-17.77722],[146.68625,-17.76751],[146.6865,-17.7631],[146.68497,-17.75835],[146.72158,-17.67442],[146.72087,-17.66921],[146.71852,-17.66604],[146.70836,-17.64219],[146.68427,-17.58099],[146.55994,-17.43837],[146.55913,-17.43656],[146.55915,-17.43091],[146.55434,-17.42219],[146.55353,-17.41711],[146.55909,-17.40626],[146.56017,-17.40152],[146.08506,-17.40286],[146.07193,-17.40341],[146.06144,-17.40237],[146.06063,-17.40378],[146.05924,-17.40326],[146.06017,-17.40473],[146.05993,-17.40572],[146.06072,-17.40611],[146.06184,-17.40545],[146.06134,-17.40725],[146.0625,-17.40793],[146.06179,-17.409],[146.06131,-17.40775],[146.06022,-17.40781],[146.06103,-17.41006],[146.05864,-17.41056],[146.05925,-17.4084],[146.05818,-17.40785],[146.05801,-17.40941],[146.05627,-17.40966],[146.05782,-17.41132],[146.05825,-17.41303],[146.0569,-17.41312],[146.0541,-17.41586],[146.04738,-17.41761],[146.04437,-17.41928],[146.04715,-17.42231],[146.04594,-17.43301],[146.04303,-17.43259],[146.04141,-17.43074],[146.0415,-17.42876],[146.04067,-17.42853],[146.0359,-17.43274],[146.03388,-17.43066],[146.03511,-17.43434],[146.03825,-17.43811],[146.04037,-17.43773],[146.04142,-17.43845],[146.04222,-17.44134],[146.03945,-17.44218],[146.03891,-17.44497],[146.03662,-17.44945],[146.03105,-17.44948],[146.03161,-17.452],[146.02222,-17.45116],[146.0226,-17.44743],[145.99369,-17.44474],[145.99351,-17.44656],[145.97824,-17.44517],[145.97815,-17.44607],[145.96608,-17.44498],[145.96562,-17.44968],[145.96363,-17.4495],[145.96328,-17.4485],[145.95928,-17.4484],[145.95549,-17.44547],[145.95364,-17.45696],[145.9497,-17.4566],[145.94747,-17.47917],[145.9484,-17.47926],[145.94761,-17.48697],[145.95052,-17.48722],[145.94994,-17.48926],[145.9504,-17.49139],[145.94726,-17.49313],[145.94511,-17.49248],[145.94029,-17.49455],[145.93688,-17.49413],[145.93532,-17.49649],[145.9341,-17.49708],[145.93217,-17.50063],[145.93068,-17.50097],[145.93,-17.50321],[145.92832,-17.50392],[145.9217,-17.50031],[145.91871,-17.50102],[145.91838,-17.49627],[145.91722,-17.49452],[145.91622,-17.48911],[145.91363,-17.48494],[145.91112,-17.48394],[145.90605,-17.48014],[145.90382,-17.4763],[145.89973,-17.4777],[145.89457,-17.48129],[145.89335,-17.48477],[145.89513,-17.48752],[145.89365,-17.4896],[145.89118,-17.49035],[145.88995,-17.48998],[145.88639,-17.49173],[145.88451,-17.48998],[145.88228,-17.49052],[145.88045,-17.49342],[145.88124,-17.49448],[145.87981,-17.49546],[145.87962,-17.49693],[145.87616,-17.4993],[145.87483,-17.50131],[145.87322,-17.50226],[145.8708,-17.50197],[145.86682,-17.50467],[145.86096,-17.50596],[145.85781,-17.50538],[145.85579,-17.50226],[145.85028,-17.50013],[145.84146,-17.49949],[145.84019,-17.49899],[145.83959,-17.49769],[145.83733,-17.49717],[145.83513,-17.49736]]]},"properties":{"LGA Code":"2260","Abbreviated Name":"Cassowary Coast","LGA Name":"Cassowary Coast Regional","Area Sq Km":15768.54737,"LDMG Name":"Cassowary Coast","Police Region Name":"Far Northern Region","Police Region Code":"FNR","Police Region Short Name":"Far North"}},{"type":"Feature","geometry":{"type":"MultiPolygon","coordinates":[[[[142.16862,-12.56588],[142.16863,-12.56588],[142.16892,-12.56568],[142.16939,-12.5646],[142.16939,-12.56459],[142.16955,-12.56351],[142.17154,-12.56341],[142.17167,-12.5634],[142.17175,-12.56368],[142.17236,-12.56446],[142.17196,-12.56296],[142.169,-12.5632],[142.16827,-12.56578],[142.16615,-12.56502],[142.16091,-12.56556],[142.15991,-12.56822],[142.15924,-12.56829],[142.15856,-12.56771],[142.15934,-12.5644],[142.15771,-12.56281],[142.15611,-12.56233],[142.15288,-12.56518],[142.15203,-12.56516],[142.15083,-12.56417],[142.1502,-12.56085],[142.14514,-12.56097],[142.14299,-12.56264],[142.14057,-12.56022],[142.13489,-12.56093],[142.12754,-12.56729],[142.12389,-12.57435],[142.12281,-12.57507],[142.12089,-12.57429],[142.12055,-12.56998],[142.11861,-12.5678],[142.1153,-12.56771],[142.11094,-12.56931],[142.10707,-12.56457],[142.10215,-12.56226],[142.10095,-12.56246],[142.10043,-12.56649],[142.1,-12.56641],[142.1,-12.68198],[142.16193,-12.6355],[142.19343,-12.61805],[142.18617,-12.61528],[142.18515,-12.61154],[142.12906,-12.56738],[142.13453,-12.56166],[142.13988,-12.5607],[142.14298,-12.56298],[142.1455,-12.56129],[142.14923,-12.56102],[142.15021,-12.56431],[142.15172,-12.56552],[142.1531,-12.56547],[142.15593,-12.56274],[142.15681,-12.56285],[142.15864,-12.5642],[142.15795,-12.56741],[142.15911,-12.56892],[142.15999,-12.56878],[142.16211,-12.56608],[142.16563,-12.56552],[142.1674,-12.56591],[142.16862,-12.56588]]],[[[142.16806,-12.76528],[142.168,-12.76552],[142.16781,-12.76637],[142.16431,-12.78182],[142.1,-13.05925],[142.1,-13.22314],[142.1,-13.22315],[142.11423,-13.28823],[142.1,-13.34556],[142.1,-14.79972],[142.1,-14.79973],[142.11535,-14.82139],[142.14148,-14.90449],[142.13421,-14.98558],[142.12777,-14.98958],[142.12613,-14.99262],[142.12145,-14.99656],[142.11972,-14.99973],[142.11418,-15.00452],[142.11084,-15.00897],[142.11331,-15.01005],[142.11472,-15.00724],[142.11742,-15.00524],[142.11976,-14.99996],[142.12591,-14.99382],[142.13469,-14.98912],[142.12582,-15.10029],[142.1,-15.17134],[142.1,-15.20113],[142.24008,-15.42313],[142.65006,-15.46049],[142.66737,-15.3114],[142.97235,-15.33307],[142.9596,-15.47932],[142.90311,-15.47468],[142.89043,-15.6196],[142.77982,-15.61313],[142.77008,-15.75244],[142.70634,-15.74766],[142.69584,-15.89653],[142.63054,-15.95452],[142.62198,-16.01691],[142.6257,-16.01755],[142.63093,-16.02059],[142.63652,-16.02794],[142.64121,-16.03796],[142.64881,-16.05012],[142.65611,-16.05771],[142.66031,-16.06084],[142.67005,-16.06561],[142.68011,-16.06947],[142.68839,-16.07042],[142.69862,-16.07041],[142.70608,-16.07403],[142.71095,-16.07936],[142.72004,-16.08234],[142.72421,-16.08588],[142.73057,-16.08946],[142.73536,-16.08695],[142.7391,-16.08328],[142.74301,-16.08245],[142.74553,-16.07835],[142.75231,-16.07822],[142.77223,-16.07456],[142.78528,-16.07744],[142.79216,-16.08088],[142.80314,-16.07933],[142.82001,-16.07918],[142.83711,-16.08006],[142.85568,-16.08492],[142.87437,-16.0865],[142.89678,-16.0842],[142.90462,-16.08471],[142.92472,-16.07688],[142.9406,-16.07587],[142.95566,-16.0766],[142.98592,-16.08331],[143.00404,-16.09501],[143.01143,-16.09661],[143.01546,-16.09316],[143.02072,-16.09187],[143.02512,-16.0953],[143.0311,-16.10207],[143.04273,-16.11295],[143.05433,-16.11342],[143.06083,-16.10984],[143.07318,-16.10814],[143.10429,-16.10209],[143.11306,-16.10513],[143.14059,-16.10289],[143.14829,-16.10427],[143.1686,-16.10146],[143.18435,-16.09639],[143.19331,-16.10195],[143.22309,-16.10751],[143.23688,-16.10503],[143.24861,-16.10076],[143.25529,-16.09399],[143.2617,-16.09328],[143.26781,-16.09394],[143.27554,-16.09233],[143.29028,-16.08395],[143.29874,-16.08315],[143.30329,-16.07624],[143.32237,-16.06664],[143.34076,-16.05516],[143.35578,-16.0479],[143.3658,-16.04446],[143.37632,-16.04311],[143.39023,-16.04252],[143.40201,-16.04545],[143.41207,-16.05574],[143.41859,-16.05411],[143.421,-16.05463],[143.42726,-16.05142],[143.4276,-16.04898],[143.43086,-16.04469],[143.43716,-16.046],[143.43978,-16.05059],[143.4463,-16.05481],[143.45131,-16.05489],[143.45678,-16.05614],[143.46545,-16.05477],[143.46941,-16.05545],[143.47032,-16.05835],[143.46545,-16.06332],[143.46537,-16.06861],[143.47476,-16.07096],[143.48052,-16.07443],[143.48435,-16.07922],[143.48904,-16.08088],[143.4946,-16.08059],[143.49756,-16.08256],[143.50126,-16.08667],[143.51764,-16.08883],[143.52092,-16.09098],[143.52569,-16.09231],[143.52804,-16.09428],[143.53007,-16.09408],[143.53327,-16.09069],[143.53972,-16.08839],[143.54555,-16.08869],[143.54709,-16.08587],[143.55493,-16.08097],[143.55962,-16.07917],[143.56371,-16.07894],[143.57296,-16.08112],[143.57604,-16.08072],[143.57993,-16.07853],[143.58428,-16.0772],[143.58879,-16.07962],[143.59484,-16.07911],[143.60103,-16.07518],[143.60652,-16.07711],[143.60944,-16.0766],[143.61243,-16.07813],[143.61353,-16.0768],[143.61423,-16.07396],[143.61573,-16.07233],[143.61771,-16.07263],[143.62168,-16.07726],[143.62579,-16.07757],[143.63187,-16.07546],[143.63837,-16.07649],[143.64207,-16.07904],[143.64358,-16.08554],[143.64194,-16.08981],[143.63903,-16.09277],[143.63892,-16.09443],[143.64221,-16.09538],[143.64505,-16.10298],[143.65248,-16.10667],[143.65455,-16.10938],[143.65472,-16.11356],[143.65741,-16.118],[143.6599,-16.11966],[143.66605,-16.1164],[143.66994,-16.11824],[143.67202,-16.12116],[143.67254,-16.12336],[143.67669,-16.12453],[143.68004,-16.12644],[143.68264,-16.12446],[143.68489,-16.12553],[143.68561,-16.12707],[143.68713,-16.12796],[143.68951,-16.12762],[143.69203,-16.13065],[143.69533,-16.1298],[143.697,-16.13124],[143.69884,-16.13094],[143.7037,-16.13426],[143.71242,-16.13339],[143.71454,-16.13507],[143.71498,-16.13918],[143.71743,-16.14187],[143.71754,-16.14475],[143.72168,-16.14914],[143.72231,-16.152],[143.72569,-16.15396],[143.73295,-16.15401],[143.73573,-16.15577],[143.73858,-16.1555],[143.74204,-16.15782],[143.74651,-16.15718],[143.75129,-16.15959],[143.7522,-16.16326],[143.75574,-16.16307],[143.75807,-16.16533],[143.76131,-16.16314],[143.7626,-16.16093],[143.76461,-16.16075],[143.76658,-16.1628],[143.77356,-16.16443],[143.77601,-16.16167],[143.7764,-16.15963],[143.7757,-16.15826],[143.77895,-16.15676],[143.78609,-16.15847],[143.79093,-16.15715],[143.79374,-16.15933],[143.79496,-16.15768],[143.79739,-16.15634],[143.79935,-16.15624],[143.80279,-16.15758],[143.8088,-16.15419],[143.81161,-16.14796],[143.81362,-16.14576],[143.81841,-16.1442],[143.82015,-16.13963],[143.82208,-16.13746],[143.82512,-16.1368],[143.83172,-16.13242],[143.83629,-16.13396],[143.8381,-16.13368],[143.83913,-16.13476],[143.84256,-16.13508],[143.84379,-16.13673],[143.85132,-16.13714],[143.85397,-16.13572],[143.85343,-16.12958],[143.8596,-16.1239],[143.86443,-16.12231],[143.86691,-16.1198],[143.86928,-16.11664],[143.87141,-16.11039],[143.87134,-16.10813],[143.874,-16.10609],[143.87988,-16.10629],[143.88095,-16.10892],[143.88036,-16.11093],[143.89054,-16.11588],[143.89032,-16.11836],[143.8913,-16.11964],[143.89822,-16.1165],[143.89938,-16.12083],[143.9027,-16.12224],[143.90278,-16.12725],[143.90962,-16.12797],[143.91078,-16.13208],[143.91494,-16.13641],[143.91789,-16.13555],[143.92093,-16.13264],[143.92912,-16.12993],[143.93383,-16.12657],[143.93464,-16.12428],[143.93443,-16.12035],[143.94059,-16.1144],[143.94886,-16.11219],[143.94894,-16.10975],[143.95009,-16.10846],[143.9597,-16.11173],[143.96559,-16.11622],[143.9662,-16.11935],[143.9682,-16.11846],[143.96944,-16.11898],[143.97215,-16.11645],[143.97354,-16.11606],[143.98184,-16.12054],[143.98657,-16.12226],[143.98907,-16.12205],[143.99119,-16.12409],[143.99668,-16.12445],[144.00615,-16.12844],[144.01028,-16.1316],[144.01599,-16.13867],[144.01844,-16.13964],[144.01985,-16.13894],[144.02257,-16.1392],[144.02696,-16.14178],[144.03172,-16.14185],[144.03714,-16.14415],[144.04102,-16.14707],[144.04386,-16.14749],[144.04388,-16.14749],[144.04823,-16.14721],[144.05058,-16.14167],[144.05186,-16.14123],[144.05323,-16.1426],[144.05685,-16.14361],[144.05856,-16.14294],[144.06192,-16.13878],[144.06783,-16.1357],[144.07015,-16.13056],[144.07807,-16.1316],[144.08257,-16.13079],[144.08466,-16.1288],[144.08636,-16.12887],[144.08853,-16.132],[144.09293,-16.13472],[144.09549,-16.13366],[144.09633,-16.13066],[144.09728,-16.13026],[144.09827,-16.13055],[144.09813,-16.1337],[144.1003,-16.13709],[144.10055,-16.13934],[144.1029,-16.13992],[144.106,-16.14485],[144.10719,-16.14432],[144.10758,-16.14318],[144.11069,-16.14381],[144.11368,-16.14299],[144.11413,-16.14057],[144.11563,-16.14013],[144.11781,-16.14186],[144.11627,-16.14927],[144.11942,-16.17241],[144.11861,-16.17619],[144.12002,-16.17703],[144.12093,-16.18276],[144.12261,-16.18442],[144.13035,-16.18376],[144.13595,-16.18526],[144.13673,-16.187],[144.13782,-16.19713],[144.13723,-16.1989],[144.13797,-16.19996],[144.14118,-16.20043],[144.14211,-16.20222],[144.14175,-16.20418],[144.1449,-16.21167],[144.14464,-16.21308],[144.14582,-16.2161],[144.14885,-16.21934],[144.15109,-16.22476],[144.15322,-16.22486],[144.15478,-16.22813],[144.15736,-16.22973],[144.15865,-16.23203],[144.16103,-16.24274],[144.16115,-16.24448],[144.16014,-16.24552],[144.16037,-16.24777],[144.16665,-16.25154],[144.16827,-16.25078],[144.16813,-16.25406],[144.16887,-16.25499],[144.17625,-16.25525],[144.17702,-16.25895],[144.17586,-16.26049],[144.17603,-16.26241],[144.17788,-16.26472],[144.1779,-16.26664],[144.17993,-16.26402],[144.18326,-16.2639],[144.18462,-16.26534],[144.18501,-16.27055],[144.18683,-16.26588],[144.19511,-16.26191],[144.19918,-16.264],[144.20659,-16.26397],[144.21149,-16.26742],[144.21238,-16.27177],[144.21521,-16.27519],[144.2183,-16.27431],[144.21941,-16.27858],[144.22267,-16.28201],[144.21778,-16.28684],[144.22018,-16.29048],[144.22581,-16.29016],[144.22711,-16.29141],[144.22604,-16.29572],[144.22794,-16.30914],[144.22472,-16.31248],[144.22738,-16.31409],[144.2271,-16.31546],[144.2256,-16.31658],[144.22623,-16.31883],[144.22896,-16.31787],[144.23125,-16.31959],[144.2331,-16.32277],[144.23354,-16.32622],[144.23526,-16.32825],[144.24225,-16.33015],[144.24473,-16.33543],[144.24357,-16.33687],[144.2446,-16.33743],[144.24478,-16.34186],[144.24716,-16.34383],[144.25254,-16.34189],[144.25793,-16.33782],[144.2595,-16.33529],[144.2611,-16.33643],[144.26298,-16.33652],[144.26644,-16.33538],[144.26743,-16.33438],[144.26687,-16.33099],[144.26788,-16.32881],[144.27279,-16.32485],[144.27644,-16.32334],[144.28025,-16.32648],[144.28605,-16.33332],[144.29281,-16.33767],[144.29472,-16.33728],[144.29835,-16.33849],[144.30138,-16.33758],[144.30319,-16.33517],[144.30272,-16.3335],[144.30414,-16.33305],[144.30609,-16.32975],[144.30892,-16.32943],[144.31257,-16.32728],[144.31505,-16.33016],[144.31756,-16.33079],[144.31837,-16.32949],[144.3167,-16.32372],[144.31729,-16.32088],[144.31993,-16.31688],[144.32361,-16.31376],[144.32535,-16.30622],[144.32815,-16.29873],[144.33014,-16.29697],[144.33384,-16.29127],[144.33521,-16.29028],[144.34,-16.29016],[144.34448,-16.28577],[144.35424,-16.29022],[144.36313,-16.30035],[144.36836,-16.30403],[144.37123,-16.30514],[144.37822,-16.31038],[144.38246,-16.31043],[144.38678,-16.31316],[144.38639,-16.31475],[144.389,-16.32051],[144.38988,-16.32456],[144.3934,-16.32825],[144.39922,-16.33044],[144.40372,-16.33458],[144.4068,-16.34117],[144.40588,-16.34625],[144.407,-16.34768],[144.41292,-16.34838],[144.41521,-16.3499],[144.41746,-16.34895],[144.42051,-16.34906],[144.42138,-16.34746],[144.42484,-16.34711],[144.42694,-16.34471],[144.4284,-16.34524],[144.42945,-16.34254],[144.43124,-16.34209],[144.43215,-16.34061],[144.43362,-16.34047],[144.43676,-16.34224],[144.4381,-16.34222],[144.4398,-16.33984],[144.44228,-16.33944],[144.44446,-16.33786],[144.4457,-16.33572],[144.45076,-16.3315],[144.45333,-16.3331],[144.45463,-16.33312],[144.45732,-16.33574],[144.46623,-16.3382],[144.47092,-16.33669],[144.47597,-16.34483],[144.47897,-16.34541],[144.48226,-16.34847],[144.48607,-16.3493],[144.48853,-16.34737],[144.49408,-16.34854],[144.49564,-16.35063],[144.4957,-16.35213],[144.50005,-16.35543],[144.50143,-16.35557],[144.50374,-16.3532],[144.50681,-16.35457],[144.50755,-16.35368],[144.50934,-16.3537],[144.51292,-16.35013],[144.515,-16.34933],[144.51889,-16.34973],[144.51989,-16.34778],[144.52128,-16.34713],[144.52515,-16.34035],[144.52459,-16.33584],[144.52108,-16.33379],[144.52024,-16.3297],[144.51838,-16.32603],[144.51894,-16.32353],[144.51552,-16.32384],[144.51137,-16.32156],[144.50972,-16.31675],[144.51044,-16.3148],[144.5141,-16.31426],[144.51493,-16.3125],[144.51461,-16.30908],[144.51745,-16.30645],[144.51973,-16.30589],[144.52118,-16.30332],[144.52941,-16.29831],[144.5344,-16.29888],[144.5375,-16.29774],[144.5392,-16.29819],[144.54156,-16.30128],[144.54403,-16.30158],[144.5458,-16.30333],[144.55034,-16.30099],[144.5531,-16.30114],[144.55762,-16.29986],[144.55775,-16.2957],[144.5585,-16.29414],[144.56162,-16.29167],[144.56401,-16.29224],[144.5709,-16.29005],[144.57574,-16.28971],[144.57821,-16.29056],[144.58087,-16.29503],[144.58188,-16.29876],[144.58482,-16.30072],[144.58758,-16.30138],[144.59189,-16.30406],[144.59502,-16.30401],[144.59745,-16.30494],[144.6005,-16.30737],[144.60587,-16.30811],[144.61293,-16.31142],[144.61546,-16.31287],[144.6176,-16.31614],[144.61967,-16.31714],[144.62026,-16.31896],[144.62603,-16.32015],[144.62759,-16.32174],[144.63438,-16.31848],[144.64272,-16.3172],[144.64477,-16.32002],[144.65301,-16.323],[144.65496,-16.32553],[144.67883,-16.33267],[144.68392,-16.32764],[144.68973,-16.32396],[144.69103,-16.3212],[144.69069,-16.3187],[144.69259,-16.31503],[144.69341,-16.30642],[144.69257,-16.30298],[144.68994,-16.29782],[144.6897,-16.29495],[144.69526,-16.27877],[144.695,-16.26994],[144.69762,-16.26569],[144.70523,-16.26763],[144.71046,-16.26625],[144.71235,-16.26017],[144.71233,-16.25294],[144.7172,-16.25133],[144.73006,-16.25888],[144.73161,-16.26049],[144.76171,-16.26251],[144.76469,-16.26709],[144.76494,-16.27179],[144.7709,-16.27545],[144.77245,-16.27901],[144.7733,-16.28371],[144.77141,-16.29059],[144.77142,-16.29392],[144.78488,-16.30261],[144.78881,-16.30616],[144.80381,-16.32568],[144.80362,-16.32714],[144.80758,-16.33375],[144.80856,-16.33788],[144.8171,-16.33856],[144.82088,-16.3444],[144.81998,-16.34851],[144.82316,-16.35209],[144.82232,-16.35338],[144.82412,-16.35535],[144.82417,-16.35721],[144.82556,-16.35919],[144.8296,-16.35915],[144.83135,-16.3599],[144.83539,-16.36344],[144.83697,-16.36185],[144.83736,-16.35907],[144.83654,-16.35515],[144.83762,-16.35429],[144.83781,-16.35094],[144.84024,-16.34991],[144.84285,-16.35213],[144.84621,-16.35305],[144.84868,-16.35597],[144.8506,-16.35536],[144.84948,-16.35302],[144.85108,-16.35328],[144.85286,-16.35039],[144.85699,-16.34622],[144.85508,-16.34573],[144.85405,-16.34344],[144.85737,-16.33985],[144.85797,-16.34007],[144.8578,-16.33596],[144.85971,-16.3351],[144.86019,-16.33163],[144.86224,-16.32969],[144.86387,-16.33057],[144.8678,-16.32889],[144.86887,-16.32577],[144.86991,-16.3254],[144.86996,-16.32444],[144.87332,-16.32317],[144.87281,-16.32082],[144.87464,-16.31977],[144.87654,-16.3202],[144.87797,-16.32344],[144.8799,-16.32538],[144.88186,-16.32982],[144.88192,-16.33502],[144.88407,-16.33982],[144.88428,-16.3423],[144.88765,-16.34649],[144.89102,-16.34583],[144.89346,-16.34111],[144.90167,-16.33677],[144.90169,-16.33493],[144.90331,-16.3336],[144.90257,-16.32907],[144.90506,-16.32748],[144.90598,-16.32759],[144.9086,-16.3306],[144.90955,-16.33351],[144.91081,-16.33453],[144.91425,-16.33263],[144.91743,-16.3349],[144.92023,-16.3336],[144.92345,-16.3372],[144.92489,-16.33718],[144.92636,-16.33823],[144.92762,-16.34086],[144.93101,-16.3413],[144.9326,-16.34319],[144.93939,-16.34593],[144.94155,-16.34519],[144.94118,-16.34336],[144.94433,-16.33995],[144.94372,-16.33675],[144.94678,-16.33676],[144.94868,-16.33762],[144.95427,-16.3361],[144.95541,-16.3378],[144.9565,-16.33685],[144.95987,-16.3383],[144.96176,-16.33821],[144.96505,-16.33428],[144.96611,-16.33386],[144.96767,-16.33475],[144.97157,-16.33196],[144.97178,-16.33029],[144.97079,-16.32835],[144.97128,-16.32669],[144.97524,-16.32615],[144.9756,-16.32501],[144.97786,-16.3237],[144.9805,-16.32466],[144.98061,-16.3209],[144.99133,-16.31685],[144.99134,-16.31684],[144.99369,-16.31504],[144.99371,-16.31279],[144.99371,-16.31276],[144.99234,-16.30698],[144.99247,-16.30363],[144.98795,-16.30099],[144.9866,-16.29737],[144.9846,-16.29468],[144.98513,-16.29092],[144.98427,-16.28738],[144.9833,-16.28643],[144.97844,-16.28529],[144.97806,-16.28301],[144.97582,-16.27961],[144.9769,-16.27688],[144.98174,-16.27253],[144.9829,-16.27018],[144.98633,-16.26896],[144.9866,-16.26625],[144.99491,-16.26366],[144.99821,-16.25882],[144.99206,-16.25618],[144.99175,-16.25476],[144.9925,-16.25304],[144.99723,-16.25076],[144.9983,-16.24952],[145.00045,-16.24601],[145.00019,-16.24122],[145.00084,-16.23971],[145.00253,-16.23822],[145.00427,-16.23787],[145.00676,-16.23262],[145.01163,-16.22647],[145.01158,-16.22492],[145.02105,-16.22087],[145.01639,-16.21737],[145.00951,-16.20983],[145.01029,-16.20902],[145.01218,-16.2091],[145.01363,-16.20773],[145.01589,-16.20318],[145.01189,-16.2009],[145.00414,-16.2004],[145.00403,-16.19716],[145.00501,-16.196],[145.00486,-16.19498],[145.00238,-16.193],[144.99064,-16.19375],[144.98919,-16.19335],[144.98719,-16.19122],[144.98585,-16.18862],[144.98432,-16.18009],[144.98556,-16.17667],[144.98518,-16.17486],[144.98999,-16.17085],[144.99045,-16.16838],[144.99512,-16.16775],[144.98747,-16.16125],[144.98942,-16.15884],[144.99023,-16.15863],[144.99024,-16.15862],[144.99793,-16.15659],[145.00551,-16.14852],[145.00825,-16.14752],[145.00887,-16.14622],[145.01201,-16.14782],[145.01525,-16.14826],[145.01741,-16.1507],[145.02279,-16.15102],[145.02784,-16.15443],[145.03173,-16.15509],[145.03472,-16.1575],[145.0382,-16.15771],[145.03938,-16.16082],[145.04393,-16.1631],[145.04861,-16.15911],[145.04733,-16.15726],[145.04781,-16.15556],[145.05249,-16.15614],[145.0538,-16.15543],[145.05617,-16.14984],[145.05938,-16.15068],[145.05972,-16.14929],[145.05625,-16.14406],[145.05603,-16.14302],[145.05707,-16.14113],[145.05912,-16.14011],[145.05983,-16.13842],[145.06304,-16.13719],[145.06444,-16.13707],[145.06665,-16.1383],[145.06857,-16.13674],[145.07106,-16.13829],[145.07204,-16.13675],[145.07384,-16.13392],[145.07351,-16.12921],[145.07458,-16.12921],[145.07609,-16.12739],[145.07725,-16.12343],[145.07953,-16.1234],[145.08362,-16.12006],[145.0848,-16.11821],[145.08264,-16.11078],[145.08294,-16.10596],[145.08229,-16.10468],[145.08425,-16.10142],[145.08659,-16.10031],[145.08809,-16.09613],[145.09069,-16.0939],[145.09157,-16.0868],[145.09085,-16.08287],[145.08944,-16.08183],[145.0895,-16.08077],[145.09065,-16.07769],[145.09299,-16.076],[145.09047,-16.06946],[145.09125,-16.06794],[145.09046,-16.06575],[145.09135,-16.06203],[145.08849,-16.05964],[145.0874,-16.05703],[145.09058,-16.0523],[145.0896,-16.04921],[145.0914,-16.04697],[145.09107,-16.04427],[145.08741,-16.03871],[145.08478,-16.03744],[145.08059,-16.02812],[145.07737,-16.02774],[145.07442,-16.02893],[145.07155,-16.02694],[145.07039,-16.02385],[145.07144,-16.0223],[145.07066,-16.01478],[145.07205,-16.01304],[145.06845,-16.00216],[145.06972,-16.00054],[145.06998,-15.99347],[145.07112,-15.99081],[145.07535,-15.98696],[145.07778,-15.98151],[145.07774,-15.97426],[145.07316,-15.96727],[145.07406,-15.96603],[145.08417,-15.96043],[145.09509,-15.95667],[145.0996,-15.95275],[145.10233,-15.9526],[145.10311,-15.94681],[145.10491,-15.9462],[145.11085,-15.94668],[145.11334,-15.94562],[145.11679,-15.94603],[145.12102,-15.94726],[145.12645,-15.95092],[145.12777,-15.95028],[145.12932,-15.95062],[145.13004,-15.95208],[145.13199,-15.95172],[145.1342,-15.95358],[145.13582,-15.95337],[145.13667,-15.95219],[145.13591,-15.94981],[145.13641,-15.94388],[145.13457,-15.93763],[145.13879,-15.93395],[145.14033,-15.9304],[145.14284,-15.92957],[145.14571,-15.92738],[145.14849,-15.92767],[145.15149,-15.92959],[145.15249,-15.92906],[145.15363,-15.92961],[145.15755,-15.92753],[145.1611,-15.92341],[145.16288,-15.92326],[145.16787,-15.92724],[145.17727,-15.93272],[145.18483,-15.92933],[145.19016,-15.93202],[145.19296,-15.93285],[145.19469,-15.93244],[145.19556,-15.93471],[145.19735,-15.93489],[145.19925,-15.93393],[145.20189,-15.93478],[145.20612,-15.93307],[145.20595,-15.93173],[145.20782,-15.9299],[145.20877,-15.9298],[145.21051,-15.93192],[145.21146,-15.93193],[145.21223,-15.92735],[145.21432,-15.92434],[145.2135,-15.92266],[145.21562,-15.92166],[145.21757,-15.92226],[145.22273,-15.91902],[145.22748,-15.91894],[145.23068,-15.92012],[145.23104,-15.92209],[145.23003,-15.9232],[145.23377,-15.9221],[145.23748,-15.91943],[145.24032,-15.91961],[145.24428,-15.91873],[145.24628,-15.9175],[145.24769,-15.92096],[145.24848,-15.92854],[145.25276,-15.93063],[145.25512,-15.93309],[145.28274,-15.90297],[145.28562,-15.90292],[145.28756,-15.90683],[145.2851,-15.90815],[145.28506,-15.90971],[145.28297,-15.91014],[145.2827,-15.9105],[145.28247,-15.91091],[145.28372,-15.91211],[145.28302,-15.91267],[145.283,-15.91268],[145.28223,-15.91329],[145.28224,-15.91329],[145.28401,-15.91335],[145.2846,-15.91522],[145.28552,-15.91566],[145.28294,-15.91649],[145.28412,-15.91869],[145.28528,-15.91869],[145.28593,-15.91965],[145.28507,-15.92053],[145.28758,-15.92159],[145.2872,-15.92287],[145.291,-15.92211],[145.289,-15.92592],[145.29163,-15.9257],[145.29268,-15.92451],[145.2929,-15.92472],[145.29392,-15.92568],[145.29393,-15.92569],[145.29422,-15.92596],[145.29419,-15.92601],[145.29431,-15.92617],[145.29353,-15.92707],[145.29263,-15.92848],[145.29385,-15.92877],[145.29422,-15.92974],[145.29439,-15.92976],[145.29666,-15.92877],[145.29918,-15.92889],[145.30131,-15.92768],[145.30233,-15.92965],[145.3009,-15.92984],[145.30089,-15.93046],[145.30336,-15.93109],[145.30318,-15.93243],[145.30673,-15.93245],[145.30814,-15.93396],[145.30858,-15.93532],[145.30759,-15.93651],[145.30795,-15.93729],[145.31183,-15.93637],[145.31197,-15.93311],[145.31607,-15.93351],[145.31652,-15.93332],[145.31658,-15.9333],[145.31673,-15.93304],[145.31587,-15.92923],[145.31667,-15.9284],[145.31824,-15.92854],[145.32038,-15.93144],[145.31981,-15.93265],[145.31802,-15.9325],[145.31876,-15.93619],[145.3262,-15.93696],[145.32547,-15.94304],[145.32547,-15.94305],[145.32655,-15.94335],[145.32896,-15.94537],[145.33291,-15.94671],[145.33434,-15.94985],[145.33595,-15.95046],[145.33705,-15.94914],[145.33563,-15.94723],[145.3362,-15.94288],[145.33832,-15.94129],[145.34326,-15.94002],[145.34506,-15.93859],[145.34629,-15.93455],[145.34614,-15.93228],[145.34821,-15.93016],[145.36123,-15.92211],[145.36613,-15.92069],[145.36779,-15.91499],[145.50001,-15.91499],[145.62387,-15.91341],[145.82429,-15.91315],[145.81814,-15.88127],[145.81908,-15.87424],[145.81746,-15.86843],[145.81711,-15.8575],[145.82842,-15.83072],[145.82797,-15.82406],[145.82291,-15.81455],[145.81678,-15.78186],[145.81407,-15.77634],[145.79661,-15.75437],[145.79594,-15.7484],[145.79647,-15.73888],[145.79902,-15.73466],[145.80295,-15.73281],[145.80625,-15.72921],[145.80731,-15.71847],[145.80615,-15.70783],[145.81391,-15.66247],[145.81592,-15.65689],[145.81457,-15.65277],[145.81729,-15.63693],[145.80549,-15.61298],[145.80375,-15.598],[145.79417,-15.57902],[145.80031,-15.56258],[145.79894,-15.55685],[145.80476,-15.54599],[145.80608,-15.5362],[145.80055,-15.52051],[145.80594,-15.51087],[145.81105,-15.49134],[145.81041,-15.47683],[145.81114,-15.47234],[145.80205,-15.44704],[145.80398,-15.4414],[145.80459,-15.42938],[145.80309,-15.42144],[145.79236,-15.40244],[145.78678,-15.36803],[145.78403,-15.35792],[145.78345,-15.34821],[145.78182,-15.34075],[145.77992,-15.33517],[145.76703,-15.31481],[145.76607,-15.30663],[145.76383,-15.30248],[145.76088,-15.30069],[145.75616,-15.28817],[145.75672,-15.28095],[145.7551,-15.27632],[145.75469,-15.26595],[145.75314,-15.26078],[145.74876,-15.25527],[145.74853,-15.23332],[145.74957,-15.23082],[145.74899,-15.21803],[145.7523,-15.20795],[145.7526,-15.20334],[145.74297,-15.19834],[145.73982,-15.19423],[145.73828,-15.18678],[145.73922,-15.17915],[145.74181,-15.17378],[145.74225,-15.17024],[145.74112,-15.16626],[145.73477,-15.16057],[145.73313,-15.15447],[145.73544,-15.14644],[145.73596,-15.14135],[145.73336,-15.13733],[145.72546,-15.11532],[145.72873,-15.09435],[145.73655,-15.08019],[145.73568,-15.06834],[145.73041,-15.06017],[145.72827,-15.05296],[145.72936,-15.04845],[145.729,-15.0447],[145.72654,-15.0423],[145.72063,-15.03907],[145.71683,-15.03353],[145.71366,-15.01413],[145.71592,-15.00972],[145.71778,-14.99842],[145.71641,-14.98911],[145.71828,-14.98385],[145.71594,-14.97174],[145.71103,-14.96887],[145.70426,-14.95273],[145.71663,-14.9206],[145.72456,-14.91168],[145.73295,-14.88226],[145.73329,-14.86631],[145.73189,-14.85216],[145.72686,-14.83397],[145.72745,-14.8259],[145.7242,-14.81915],[145.72463,-14.81229],[145.71838,-14.78428],[145.71735,-14.77571],[145.71449,-14.767],[145.71177,-14.74504],[145.70719,-14.74378],[145.70462,-14.73915],[145.70446,-14.72464],[145.70057,-14.7187],[145.69942,-14.70576],[145.69546,-14.69891],[145.68476,-14.69036],[145.68148,-14.68936],[145.67873,-14.6765],[145.67573,-14.67447],[145.67261,-14.67578],[145.66798,-14.67198],[145.66571,-14.6594],[145.65388,-14.64649],[145.65197,-14.63431],[145.64726,-14.62505],[145.63756,-14.62293],[145.63386,-14.61803],[145.62847,-14.60716],[145.62573,-14.59511],[145.62788,-14.5918],[145.62648,-14.58197],[145.61812,-14.57477],[145.61064,-14.56698],[145.60988,-14.55599],[145.60001,-14.54529],[145.59502,-14.54366],[145.592,-14.53734],[145.59188,-14.53518],[145.58898,-14.53112],[145.58108,-14.52355],[145.57807,-14.52209],[145.57459,-14.52208],[145.56147,-14.50625],[145.56113,-14.50128],[145.55184,-14.49144],[145.5494,-14.48671],[145.54662,-14.48387],[145.53803,-14.47563],[145.5335,-14.47269],[145.52851,-14.47167],[145.52248,-14.4727],[145.5117,-14.46255],[145.51027,-14.45713],[145.50171,-14.44645],[145.48833,-14.43389],[145.48513,-14.43173],[145.47234,-14.42943],[145.46738,-14.42758],[145.45173,-14.42815],[145.45022,-14.42883],[145.44814,-14.43154],[145.4274,-14.42685],[145.42695,-14.4245],[145.42256,-14.42022],[145.42142,-14.42015],[145.40493,-14.39262],[145.40489,-14.38695],[145.40247,-14.38193],[145.39945,-14.37882],[145.3847,-14.37066],[145.37835,-14.37104],[145.37311,-14.36905],[145.35904,-14.35597],[145.35096,-14.35349],[145.33817,-14.34589],[145.31726,-14.34633],[145.30537,-14.34358],[145.2955,-14.34363],[145.29274,-14.34247],[145.28872,-14.33691],[145.28796,-14.33456],[145.27769,-14.33563],[145.27631,-14.3365],[145.27209,-14.33311],[145.272,-14.33134],[145.26632,-14.32585],[145.26406,-14.32501],[145.2591,-14.32021],[145.25645,-14.31703],[145.25307,-14.30884],[145.24719,-14.30417],[145.24137,-14.30102],[145.21672,-14.29615],[145.21238,-14.2946],[145.20705,-14.29449],[145.20323,-14.29326],[145.2016,-14.29376],[145.18918,-14.28996],[145.18756,-14.28804],[145.18255,-14.28583],[145.16819,-14.28216],[145.16689,-14.28019],[145.1617,-14.27765],[145.1556,-14.27665],[145.14491,-14.27739],[145.144,-14.27821],[145.13219,-14.27577],[145.13068,-14.27229],[145.12619,-14.26983],[145.11686,-14.2618],[145.1136,-14.26187],[145.10624,-14.25797],[145.09582,-14.25415],[145.0869,-14.25389],[145.08068,-14.25197],[145.07668,-14.24885],[145.07108,-14.24169],[145.06316,-14.23657],[145.06069,-14.23403],[145.05639,-14.23184],[145.05255,-14.23162],[145.04036,-14.23302],[145.02914,-14.23227],[145.02762,-14.23123],[145.02235,-14.23035],[145.02091,-14.2308],[145.01661,-14.22972],[145.01559,-14.22813],[145.01408,-14.22744],[145.00585,-14.2271],[144.99961,-14.2255],[144.99381,-14.22695],[144.9893,-14.22684],[144.98661,-14.22763],[144.98557,-14.22874],[144.962,-14.22435],[144.96027,-14.22285],[144.95801,-14.22254],[144.95188,-14.21724],[144.95005,-14.21041],[144.94578,-14.20671],[144.94474,-14.2024],[144.94317,-14.19957],[144.9321,-14.19316],[144.92716,-14.19191],[144.91854,-14.19701],[144.91504,-14.19748],[144.91387,-14.19832],[144.9073,-14.19542],[144.9074,-14.1939],[144.90625,-14.19247],[144.90002,-14.19029],[144.89675,-14.18998],[144.89005,-14.19105],[144.88333,-14.19],[144.86694,-14.18209],[144.86667,-14.17769],[144.86267,-14.16608],[144.86152,-14.16401],[144.85496,-14.15935],[144.84968,-14.14913],[144.84166,-14.14058],[144.83921,-14.13895],[144.81077,-14.12489],[144.80891,-14.12258],[144.80518,-14.12026],[144.80409,-14.11379],[144.80107,-14.10593],[144.78641,-14.0883],[144.78522,-14.07855],[144.7814,-14.06643],[144.77839,-14.06217],[144.77775,-14.05552],[144.77612,-14.05413],[144.77615,-14.05138],[144.77792,-14.04979],[144.77996,-14.04569],[144.77845,-14.0435],[144.77848,-14.04132],[144.77978,-14.03961],[144.77945,-14.03732],[144.78262,-14.03248],[144.78563,-14.02944],[144.78737,-14.02599],[144.78755,-14.01913],[144.78582,-14.01624],[144.78011,-14.01138],[144.77591,-14.0094],[144.76901,-14.0075],[144.75845,-14.00706],[144.75342,-14.00575],[144.74609,-13.99984],[144.74182,-13.99871],[144.73412,-13.99395],[144.7325,-13.99176],[144.72021,-13.98935],[144.71867,-13.99037],[144.69721,-13.99051],[144.69441,-13.98865],[144.69439,-13.97903],[144.69127,-13.97464],[144.69013,-13.97097],[144.67872,-13.96273],[144.67493,-13.95467],[144.67544,-13.95055],[144.67384,-13.94664],[144.6701,-13.94523],[144.6672,-13.94211],[144.65177,-13.92071],[144.61559,-13.91958],[144.60521,-13.91432],[144.60207,-13.91634],[144.60122,-13.9235],[144.5974,-13.92658],[144.5894,-13.92967],[144.58844,-13.93164],[144.5889,-13.93287],[144.57487,-13.95783],[144.57308,-13.95734],[144.5707,-13.96151],[144.54074,-13.97195],[144.53916,-13.97077],[144.5295,-13.96965],[144.51183,-13.97136],[144.50503,-13.9701],[144.5031,-13.97067],[144.50125,-13.97293],[144.47386,-13.9769],[144.46496,-13.9719],[144.46314,-13.96989],[144.45646,-13.96573],[144.44955,-13.96485],[144.44745,-13.96535],[144.42832,-13.95454],[144.4281,-13.95255],[144.42633,-13.95011],[144.4212,-13.94779],[144.40613,-13.93524],[144.39957,-13.93338],[144.39414,-13.93392],[144.38659,-13.93732],[144.365,-13.92364],[144.36416,-13.91376],[144.36132,-13.91066],[144.36148,-13.9046],[144.35518,-13.88409],[144.33847,-13.86197],[144.32314,-13.84522],[144.30661,-13.83141],[144.30196,-13.81519],[144.29426,-13.8049],[144.28543,-13.80147],[144.27424,-13.79001],[144.27446,-13.78267],[144.26317,-13.7665],[144.25973,-13.75478],[144.26044,-13.74767],[144.25632,-13.73868],[144.23996,-13.7257],[144.23289,-13.72375],[144.22439,-13.71618],[144.21214,-13.71094],[144.19478,-13.69596],[144.18849,-13.69391],[144.18771,-13.69057],[144.18273,-13.68153],[144.1729,-13.67492],[144.16482,-13.6663],[144.16188,-13.64747],[144.1578,-13.64434],[144.11242,-13.62061],[144.1091,-13.616],[144.10626,-13.60231],[144.11013,-13.58255],[144.10779,-13.57018],[144.11583,-13.55594],[144.11649,-13.54627],[144.11419,-13.54358],[144.10839,-13.5461],[144.10001,-13.54578],[144.09623,-13.54376],[144.09334,-13.53856],[144.09103,-13.53205],[144.09021,-13.52534],[144.09087,-13.51993],[144.09519,-13.51248],[144.09583,-13.50927],[144.09517,-13.50653],[144.09235,-13.50555],[144.08366,-13.50537],[144.07442,-13.50403],[144.06982,-13.49792],[144.06739,-13.49723],[144.06492,-13.49386],[144.06424,-13.4901],[144.06062,-13.48311],[144.06058,-13.48098],[144.06382,-13.47624],[144.07147,-13.46871],[144.07338,-13.46329],[144.0734,-13.45659],[144.0727,-13.45434],[144.07106,-13.45292],[144.06961,-13.45345],[144.06591,-13.45716],[144.0634,-13.45658],[144.05689,-13.4576],[144.05585,-13.45851],[144.0532,-13.46539],[144.0509,-13.46753],[144.03159,-13.47663],[144.0164,-13.47475],[144.01582,-13.4734],[144.01202,-13.47069],[144.00417,-13.46198],[144.00001,-13.4613],[143.98546,-13.44334],[143.98654,-13.43601],[143.98556,-13.43441],[143.98442,-13.42846],[143.98511,-13.42557],[143.9876,-13.42234],[143.99141,-13.42098],[143.9929,-13.41797],[143.99315,-13.4146],[143.99195,-13.4104],[143.98415,-13.39592],[143.98387,-13.39148],[143.97226,-13.37687],[143.97116,-13.36645],[143.97008,-13.36393],[143.96765,-13.36227],[143.96874,-13.35753],[143.97611,-13.35188],[143.97894,-13.34452],[143.98462,-13.3375],[143.99449,-13.33405],[143.99549,-13.33056],[143.99457,-13.32638],[143.99354,-13.32513],[143.98858,-13.32254],[143.98556,-13.31764],[143.98545,-13.30851],[143.97971,-13.29902],[143.97254,-13.29273],[143.9675,-13.29249],[143.95799,-13.28855],[143.95215,-13.28317],[143.95549,-13.27605],[143.95582,-13.27214],[143.95231,-13.26491],[143.95437,-13.25907],[143.95914,-13.25813],[143.96134,-13.25599],[143.96514,-13.25493],[143.96893,-13.25217],[143.97673,-13.24861],[143.97882,-13.2441],[143.98142,-13.23482],[143.98119,-13.23285],[143.98013,-13.23144],[143.97761,-13.23004],[143.96986,-13.22068],[143.96661,-13.20991],[143.96912,-13.19961],[143.96777,-13.19684],[143.96242,-13.1901],[143.95863,-13.17512],[143.95093,-13.16369],[143.95044,-13.1572],[143.95116,-13.15393],[143.95355,-13.15057],[143.96861,-13.13308],[143.98017,-13.11749],[143.98205,-13.11403],[143.98231,-13.1063],[143.97905,-13.09706],[143.97553,-13.09573],[143.9625,-13.08596],[143.96218,-13.08234],[143.96656,-13.07106],[143.96603,-13.05519],[143.96511,-13.05296],[143.96301,-13.05133],[143.96023,-13.05088],[143.95449,-13.05321],[143.95115,-13.05749],[143.94721,-13.06697],[143.94272,-13.07036],[143.90572,-13.06902],[143.90425,-13.06715],[143.90195,-13.06691],[143.88118,-13.04695],[143.87953,-13.04467],[143.8782,-13.03532],[143.87666,-13.03168],[143.86596,-13.02248],[143.86285,-13.01429],[143.86095,-13.0052],[143.86175,-12.99773],[143.85967,-12.9947],[143.8525,-12.9887],[143.84711,-12.98279],[143.84611,-12.98041],[143.84252,-12.97901],[143.83597,-12.97474],[143.83785,-12.96955],[143.83976,-12.96737],[143.83966,-12.96423],[143.83539,-12.95813],[143.83265,-12.95609],[143.8311,-12.95279],[143.83222,-12.95163],[143.83164,-12.94735],[143.83267,-12.94221],[143.8344,-12.93821],[143.83096,-12.92909],[143.83105,-12.92611],[143.83207,-12.92344],[143.83187,-12.9218],[143.83018,-12.92056],[143.83132,-12.91912],[143.82527,-12.9053],[143.82337,-12.89894],[143.82786,-12.88722],[143.8298,-12.87647],[143.82987,-12.87134],[143.82875,-12.86897],[143.83108,-12.86592],[143.83527,-12.86594],[143.84538,-12.86245],[143.85534,-12.8516],[143.85604,-12.84873],[143.85521,-12.84001],[143.85117,-12.82339],[143.84554,-12.81798],[143.83967,-12.81466],[143.83603,-12.80988],[143.829,-12.80512],[143.82112,-12.79844],[143.81918,-12.79841],[143.81487,-12.79623],[143.81068,-12.78916],[143.81267,-12.78409],[143.81538,-12.7713],[143.81688,-12.76734],[143.81552,-12.75853],[143.81724,-12.75674],[143.83025,-12.75314],[143.83376,-12.75046],[143.8343,-12.74861],[143.83381,-12.74668],[143.825,-12.74059],[143.82073,-12.73649],[143.81881,-12.73254],[143.81757,-12.73154],[143.81607,-12.73174],[143.81406,-12.72872],[143.81652,-12.72145],[143.81539,-12.71467],[143.81412,-12.71343],[143.81522,-12.71061],[143.81868,-12.7061],[143.82545,-12.70156],[143.84245,-12.70141],[143.84692,-12.70254],[143.85062,-12.70244],[143.85257,-12.70153],[143.86191,-12.69207],[143.86228,-12.6862],[143.85238,-12.67441],[143.85117,-12.6675],[143.85129,-12.66132],[143.84759,-12.65594],[143.84564,-12.64973],[143.84478,-12.64888],[143.84798,-12.63733],[143.84775,-12.63552],[143.83624,-12.62537],[143.83217,-12.62325],[143.82959,-12.62034],[143.82505,-12.61457],[143.82415,-12.60439],[143.81431,-12.59413],[143.8088,-12.58976],[143.80755,-12.58422],[143.8049,-12.58478],[143.8013,-12.57987],[143.80109,-12.57803],[143.79684,-12.57586],[143.79892,-12.5606],[143.79787,-12.55498],[143.8005,-12.53515],[143.80095,-12.52209],[143.79736,-12.51691],[143.79219,-12.50333],[143.78533,-12.49644],[143.77877,-12.48839],[143.77831,-12.48624],[143.77613,-12.48443],[143.77372,-12.48036],[143.77338,-12.47547],[143.77558,-12.47209],[143.77323,-12.46593],[143.76825,-12.45658],[143.7643,-12.45201],[143.75768,-12.43627],[143.75323,-12.42767],[143.75324,-12.42214],[143.76321,-12.41548],[143.76377,-12.41616],[143.76826,-12.41572],[143.77,-12.41245],[143.76965,-12.41053],[143.78592,-12.40012],[143.78752,-12.40047],[143.78856,-12.39956],[143.79019,-12.38839],[143.78836,-12.38737],[143.78725,-12.37559],[143.79143,-12.37241],[143.7923,-12.36968],[143.79589,-12.36414],[143.81251,-12.35443],[143.82465,-12.35037],[143.82689,-12.34752],[143.82914,-12.34619],[143.83248,-12.34598],[143.83537,-12.34436],[143.83645,-12.3435],[143.83596,-12.34082],[143.83722,-12.3352],[143.84031,-12.33414],[143.84685,-12.33438],[143.84974,-12.33258],[143.8522,-12.33287],[143.85276,-12.33521],[143.85424,-12.337],[143.86441,-12.34119],[143.86649,-12.34289],[143.86819,-12.34871],[143.86928,-12.34983],[143.87428,-12.35099],[143.8765,-12.34976],[143.87946,-12.34655],[143.88117,-12.34204],[143.87526,-12.3322],[143.87396,-12.32584],[143.87483,-12.32128],[143.88374,-12.3171],[143.8925,-12.31787],[143.8935,-12.31685],[143.89317,-12.31286],[143.88652,-12.30503],[143.88606,-12.3026],[143.88749,-12.29971],[143.8901,-12.29868],[143.89739,-12.29875],[143.9028,-12.3007],[143.90571,-12.29981],[143.90609,-12.2945],[143.9076,-12.29068],[143.92174,-12.27829],[143.926,-12.27558],[143.92843,-12.27296],[143.9299,-12.2726],[143.93885,-12.26419],[143.94055,-12.25973],[143.94024,-12.25858],[143.9316,-12.25466],[143.92983,-12.25267],[143.92994,-12.24966],[143.92811,-12.24266],[143.92838,-12.24036],[143.93096,-12.23632],[143.93217,-12.22713],[143.93359,-12.22367],[143.93633,-12.21998],[143.94781,-12.21779],[143.9511,-12.21273],[143.9505,-12.21131],[143.94684,-12.20948],[143.96884,-12.10014],[143.97147,-12.09945],[143.97401,-12.09712],[143.97433,-12.09573],[143.9703,-12.09133],[143.96583,-12.08277],[143.96498,-12.07768],[143.96826,-12.07491],[143.97899,-12.07138],[143.98058,-12.0645],[143.98056,-12.06089],[143.97823,-12.05749],[143.97665,-12.05696],[143.97459,-12.05187],[143.97317,-12.0448],[143.97531,-12.04098],[143.97747,-12.03964],[143.98175,-12.03953],[143.98409,-12.03602],[143.9827,-12.03297],[143.99912,-11.9695],[144.00073,-11.96983],[144.00348,-11.96857],[144.00794,-11.96437],[144.0109,-11.96289],[144.0182,-11.9555],[144.01877,-11.95381],[144.01807,-11.95088],[144.01033,-11.94324],[144.02766,-11.84183],[144.03546,-11.8427],[144.04083,-11.83894],[144.05127,-11.83933],[144.05403,-11.83887],[144.05803,-11.83659],[144.06866,-11.83517],[144.0798,-11.83477],[144.08484,-11.83361],[144.08768,-11.83077],[144.09065,-11.8293],[144.09178,-11.82534],[144.09314,-11.82341],[144.09232,-11.81969],[144.08816,-11.81598],[144.08609,-11.81192],[144.08217,-11.80856],[144.08212,-11.79941],[144.08359,-11.79624],[144.08288,-11.79399],[144.07423,-11.78477],[144.07295,-11.78003],[144.06201,-11.77162],[144.05986,-11.75572],[144.06087,-11.75096],[144.06451,-11.74597],[144.06724,-11.74392],[144.07652,-11.74478],[144.07858,-11.74364],[144.08696,-11.74359],[144.09648,-11.74636],[144.10001,-11.74997],[144.10001,-11.72034],[144.09793,-11.71733],[144.09756,-11.71462],[144.0948,-11.7126],[144.08414,-11.71086],[144.07471,-11.70515],[144.0683,-11.70541],[144.06312,-11.70351],[144.06106,-11.70353],[144.05099,-11.70606],[144.03549,-11.70141],[144.02823,-11.69421],[144.03004,-11.69081],[144.03082,-11.68539],[144.02422,-11.67108],[144.01903,-11.66422],[144.05168,-11.6008],[144.05453,-11.60079],[144.05693,-11.59885],[144.05693,-11.59671],[144.05083,-11.59189],[144.06615,-11.52019],[144.06911,-11.52075],[144.08011,-11.51933],[144.08365,-11.51717],[144.08682,-11.51207],[144.08804,-11.50563],[144.08761,-11.4888],[144.08237,-11.46985],[144.0822,-11.46286],[144.08046,-11.45858],[144.08046,-11.45688],[144.08227,-11.45382],[144.08203,-11.45213],[144.08031,-11.45011],[144.07525,-11.44765],[144.07089,-11.44416],[144.06846,-11.44282],[144.06665,-11.44317],[144.05928,-11.437],[144.05078,-11.43207],[144.03757,-11.4213],[144.03435,-11.41815],[144.02395,-11.40227],[144.02109,-11.39969],[144.01832,-11.39903],[144.01707,-11.40017],[143.96588,-11.37263],[143.96712,-11.36731],[143.96496,-11.35015],[143.96591,-11.33208],[143.96797,-11.33037],[143.96989,-11.32686],[143.97124,-11.32167],[143.99891,-11.2934],[144.03116,-11.28816],[144.03311,-11.28726],[144.03447,-11.28804],[144.03596,-11.28769],[144.04664,-11.29339],[144.04974,-11.29666],[144.05261,-11.29778],[144.05513,-11.29753],[144.06093,-11.29186],[144.06294,-11.28281],[144.06874,-11.27465],[144.07257,-11.26458],[144.07368,-11.25758],[144.07409,-11.24662],[144.07644,-11.23734],[144.07501,-11.22684],[144.07234,-11.21895],[144.0722,-11.21523],[144.069,-11.21208],[144.06544,-11.18827],[144.06657,-11.1842],[144.06643,-11.18183],[144.06353,-11.17314],[144.0626,-11.17247],[144.0619,-11.16683],[144.06428,-11.16388],[144.0645,-11.16094],[144.06643,-11.15958],[144.06675,-11.1545],[144.06868,-11.14951],[144.0755,-11.14202],[144.07812,-11.14043],[144.07902,-11.13761],[144.08198,-11.1342],[144.08186,-11.13194],[144.07988,-11.12699],[144.06183,-11.10663],[144.06154,-11.09432],[144.0574,-11.08903],[144.05563,-11.08011],[144.0522,-11.07754],[144.05206,-11.07336],[144.04953,-11.07145],[144.0495,-11.06433],[144.048,-11.06208],[144.04785,-11.05395],[144.04251,-11.03805],[144.03215,-11.02285],[144.02952,-11.02208],[144.02653,-11.0196],[144.01368,-11.01289],[144.01263,-11.00431],[144.01468,-11.00328],[144.02873,-11.00107],[144.03445,-11.0024],[144.03982,-11.00203],[144.04405,-11.00077],[144.04488,-10.99861],[142.40182,-10.9986],[142.40185,-10.99863],[142.40186,-10.99863],[142.4055,-10.99915],[142.40328,-11.00219],[142.40195,-11.00181],[142.40093,-11.00248],[142.40208,-11.00446],[142.40049,-11.00693],[142.39704,-11.00885],[142.39644,-11.01024],[142.39252,-11.01035],[142.39374,-11.01269],[142.39186,-11.01266],[142.38894,-11.01554],[142.39247,-11.01997],[142.36543,-11.04332],[142.36527,-11.0537],[142.36795,-11.07109],[142.37335,-11.08731],[142.37183,-11.11996],[142.35636,-11.14121],[142.35482,-11.15246],[142.36066,-11.16545],[142.36304,-11.16828],[142.37258,-11.19666],[142.12665,-11.22397],[142.12877,-11.22222],[142.1309,-11.21572],[142.13303,-11.21608],[142.13609,-11.21156],[142.14157,-11.19536],[142.14617,-11.167],[142.14828,-11.13486],[142.14942,-11.13123],[142.15096,-11.1295],[142.15226,-11.12876],[142.15369,-11.12954],[142.15548,-11.13528],[142.15306,-11.15401],[142.15469,-11.15807],[142.15302,-11.16727],[142.15309,-11.17238],[142.15101,-11.17549],[142.15164,-11.17654],[142.15024,-11.17809],[142.1489,-11.18247],[142.14853,-11.1878],[142.15051,-11.1899],[142.15053,-11.19111],[142.15003,-11.1916],[142.14916,-11.19046],[142.14785,-11.19057],[142.14884,-11.19128],[142.14874,-11.19222],[142.14606,-11.19195],[142.14598,-11.19385],[142.14725,-11.19365],[142.14777,-11.19447],[142.14509,-11.19685],[142.1451,-11.19939],[142.14429,-11.20051],[142.1474,-11.20012],[142.14927,-11.19823],[142.15201,-11.19724],[142.15357,-11.19526],[142.15657,-11.19516],[142.15642,-11.19248],[142.15929,-11.19335],[142.15911,-11.19218],[142.15992,-11.19126],[142.1586,-11.19032],[142.16017,-11.18971],[142.15829,-11.18727],[142.15927,-11.18751],[142.15974,-11.18601],[142.16215,-11.18759],[142.16293,-11.18668],[142.16234,-11.18631],[142.16345,-11.18425],[142.16306,-11.18353],[142.16442,-11.18214],[142.16402,-11.18127],[142.16308,-11.18259],[142.16149,-11.18214],[142.1632,-11.18058],[142.16185,-11.18032],[142.16068,-11.17883],[142.16175,-11.17821],[142.16188,-11.17931],[142.16299,-11.17951],[142.16313,-11.17838],[142.16369,-11.1803],[142.16446,-11.17984],[142.16475,-11.17824],[142.1638,-11.17514],[142.16572,-11.17603],[142.16616,-11.17471],[142.16505,-11.17393],[142.16592,-11.17429],[142.16674,-11.1729],[142.16508,-11.17272],[142.16465,-11.172],[142.16672,-11.17143],[142.16486,-11.16966],[142.16242,-11.17121],[142.16351,-11.16899],[142.15801,-11.16624],[142.15748,-11.16196],[142.15871,-11.16187],[142.15944,-11.16324],[142.15905,-11.16113],[142.16002,-11.16109],[142.15937,-11.1604],[142.1609,-11.16034],[142.16067,-11.16152],[142.16225,-11.16052],[142.16349,-11.16199],[142.16125,-11.16308],[142.16055,-11.16563],[142.16161,-11.16594],[142.1644,-11.16919],[142.16813,-11.16838],[142.16846,-11.16785],[142.16743,-11.16713],[142.16891,-11.16632],[142.16598,-11.16474],[142.16688,-11.16371],[142.16887,-11.16536],[142.16964,-11.16322],[142.16856,-11.16295],[142.16934,-11.16205],[142.16745,-11.16049],[142.16782,-11.15978],[142.16613,-11.15968],[142.16751,-11.15913],[142.16734,-11.15802],[142.16839,-11.15943],[142.17056,-11.15975],[142.16959,-11.1589],[142.17005,-11.15759],[142.16948,-11.1561],[142.17075,-11.15688],[142.17099,-11.15579],[142.17174,-11.15563],[142.16873,-11.15273],[142.1719,-11.15318],[142.17125,-11.15176],[142.16987,-11.15142],[142.17217,-11.15093],[142.17189,-11.14961],[142.17029,-11.15001],[142.17147,-11.14878],[142.17048,-11.1482],[142.17274,-11.14798],[142.17224,-11.14526],[142.17301,-11.1445],[142.17106,-11.14328],[142.1708,-11.14147],[142.17168,-11.14116],[142.173,-11.14221],[142.1734,-11.14173],[142.17245,-11.1407],[142.17262,-11.13947],[142.1714,-11.13917],[142.17225,-11.13882],[142.16833,-11.13741],[142.17213,-11.13654],[142.17335,-11.1376],[142.17306,-11.1359],[142.1723,-11.13546],[142.17281,-11.13492],[142.17111,-11.13441],[142.17225,-11.13391],[142.17169,-11.13296],[142.17345,-11.13257],[142.17101,-11.13189],[142.17029,-11.13312],[142.16971,-11.13254],[142.16721,-11.1328],[142.16675,-11.13235],[142.16876,-11.13224],[142.17027,-11.13118],[142.16706,-11.1292],[142.1647,-11.12942],[142.1645,-11.13127],[142.16388,-11.12991],[142.16444,-11.1271],[142.16572,-11.12902],[142.16637,-11.12827],[142.16805,-11.12921],[142.16982,-11.12839],[142.17102,-11.13063],[142.17349,-11.13098],[142.1711,-11.12986],[142.17292,-11.12967],[142.17319,-11.12755],[142.17434,-11.12818],[142.17492,-11.12765],[142.17289,-11.12612],[142.17161,-11.12612],[142.17229,-11.12453],[142.17331,-11.12422],[142.17232,-11.12356],[142.17185,-11.12182],[142.17359,-11.1209],[142.17097,-11.11933],[142.16938,-11.12065],[142.16957,-11.11948],[142.16808,-11.11901],[142.16789,-11.12036],[142.16575,-11.12124],[142.1652,-11.12304],[142.16463,-11.12112],[142.16773,-11.11971],[142.1678,-11.11805],[142.16641,-11.1173],[142.16482,-11.11954],[142.16304,-11.11965],[142.16239,-11.1187],[142.16278,-11.11762],[142.16383,-11.11829],[142.16498,-11.11763],[142.16518,-11.115],[142.16326,-11.11497],[142.16416,-11.11441],[142.16416,-11.1134],[142.16587,-11.11495],[142.16739,-11.11507],[142.16676,-11.1162],[142.16804,-11.11693],[142.16817,-11.11819],[142.16999,-11.11729],[142.17141,-11.1177],[142.17026,-11.11607],[142.17115,-11.11385],[142.17011,-11.11371],[142.16847,-11.11207],[142.16646,-11.1123],[142.16665,-11.11031],[142.16734,-11.11176],[142.16901,-11.11164],[142.17039,-11.11342],[142.17162,-11.11327],[142.1723,-11.11424],[142.17263,-11.11317],[142.17338,-11.11356],[142.17434,-11.11263],[142.17601,-11.11248],[142.17518,-11.11215],[142.17595,-11.11041],[142.17485,-11.11121],[142.17315,-11.11116],[142.17184,-11.1096],[142.17338,-11.10924],[142.17272,-11.10897],[142.17326,-11.10669],[142.17263,-11.10609],[142.17524,-11.10544],[142.17422,-11.10475],[142.17499,-11.1029],[142.17152,-11.10511],[142.17136,-11.1045],[142.17004,-11.10555],[142.1679,-11.10515],[142.16732,-11.10654],[142.1651,-11.1064],[142.16447,-11.10554],[142.16609,-11.10614],[142.16791,-11.1047],[142.16971,-11.1044],[142.16963,-11.10238],[142.16772,-11.10149],[142.1708,-11.09827],[142.16967,-11.09785],[142.16934,-11.09579],[142.16833,-11.09585],[142.16792,-11.09426],[142.16982,-11.09196],[142.17064,-11.09223],[142.1711,-11.08986],[142.17219,-11.09047],[142.17278,-11.09004],[142.17112,-11.08542],[142.17021,-11.08627],[142.169,-11.08497],[142.16901,-11.08373],[142.16618,-11.08389],[142.16733,-11.0833],[142.16704,-11.08216],[142.16956,-11.08225],[142.17291,-11.07472],[142.17354,-11.0743],[142.17409,-11.07539],[142.17488,-11.07371],[142.17418,-11.07165],[142.17493,-11.0687],[142.17418,-11.06824],[142.17369,-11.06908],[142.1724,-11.06879],[142.17243,-11.06605],[142.17097,-11.06622],[142.17135,-11.06921],[142.16973,-11.07134],[142.16561,-11.07054],[142.16527,-11.06918],[142.16356,-11.06799],[142.16371,-11.06894],[142.16274,-11.06922],[142.16365,-11.06966],[142.16323,-11.07049],[142.16445,-11.07046],[142.16457,-11.07117],[142.16347,-11.07201],[142.1642,-11.07278],[142.16547,-11.07221],[142.16527,-11.07345],[142.1663,-11.07369],[142.16625,-11.07451],[142.1657,-11.07537],[142.16478,-11.07384],[142.16284,-11.07405],[142.16222,-11.07325],[142.16164,-11.07401],[142.16375,-11.07516],[142.16352,-11.07585],[142.16231,-11.0755],[142.16246,-11.07657],[142.16142,-11.07644],[142.16173,-11.07797],[142.16677,-11.07861],[142.16437,-11.08027],[142.16277,-11.07951],[142.1606,-11.07993],[142.16041,-11.08607],[142.16104,-11.08811],[142.15821,-11.09478],[142.15995,-11.09692],[142.16224,-11.09709],[142.16228,-11.09956],[142.16332,-11.09977],[142.16255,-11.10207],[142.16149,-11.10185],[142.16124,-11.1047],[142.1604,-11.10373],[142.15958,-11.10465],[142.1593,-11.10985],[142.16104,-11.10984],[142.1558,-11.11467],[142.15495,-11.1167],[142.15629,-11.12003],[142.15953,-11.12272],[142.16057,-11.12491],[142.16097,-11.12445],[142.16084,-11.1254],[142.1552,-11.12004],[142.15437,-11.11826],[142.15355,-11.11467],[142.15409,-11.11165],[142.15101,-11.10757],[142.15006,-11.105],[142.14873,-11.09589],[142.14935,-11.09432],[142.15466,-11.09414],[142.15692,-11.09074],[142.15724,-11.08808],[142.15562,-11.08018],[142.15642,-11.07975],[142.15656,-11.07648],[142.15815,-11.07267],[142.16006,-11.06389],[142.15937,-11.05572],[142.16145,-11.05153],[142.16289,-11.05126],[142.16307,-11.05286],[142.16479,-11.05221],[142.16464,-11.05094],[142.16284,-11.05028],[142.16364,-11.0473],[142.16289,-11.0465],[142.1632,-11.04396],[142.16469,-11.04402],[142.16547,-11.04676],[142.16782,-11.04802],[142.16784,-11.0511],[142.16998,-11.05386],[142.16804,-11.05548],[142.16735,-11.0576],[142.16966,-11.05992],[142.16864,-11.0619],[142.1667,-11.06215],[142.16898,-11.06375],[142.16832,-11.06536],[142.16707,-11.06515],[142.16725,-11.06641],[142.16844,-11.06586],[142.16898,-11.06683],[142.17217,-11.06454],[142.17403,-11.06535],[142.17401,-11.06432],[142.1712,-11.06048],[142.17174,-11.05969],[142.1737,-11.0616],[142.1757,-11.06075],[142.18091,-11.06331],[142.18178,-11.06214],[142.18133,-11.06032],[142.18325,-11.05938],[142.18525,-11.06325],[142.18233,-11.0655],[142.18352,-11.0661],[142.18536,-11.06441],[142.18564,-11.06543],[142.18484,-11.06601],[142.1858,-11.06611],[142.18615,-11.0678],[142.18452,-11.06823],[142.1829,-11.07015],[142.18521,-11.06851],[142.18649,-11.06914],[142.18652,-11.07051],[142.18536,-11.07134],[142.18594,-11.07392],[142.18493,-11.07457],[142.18821,-11.07576],[142.18915,-11.07303],[142.18815,-11.0735],[142.18806,-11.07229],[142.19016,-11.06987],[142.18928,-11.06369],[142.18687,-11.05885],[142.18717,-11.05785],[142.1861,-11.05678],[142.18652,-11.05465],[142.18522,-11.05379],[142.18299,-11.05453],[142.1813,-11.05232],[142.17907,-11.05166],[142.17768,-11.04882],[142.17403,-11.05042],[142.17246,-11.04878],[142.17231,-11.04705],[142.17029,-11.04573],[142.17144,-11.04505],[142.17342,-11.04589],[142.17356,-11.04491],[142.17692,-11.044],[142.17737,-11.04438],[142.17658,-11.04576],[142.17918,-11.04572],[142.17917,-11.0446],[142.18005,-11.04436],[142.18206,-11.04574],[142.1838,-11.04426],[142.18337,-11.04344],[142.18489,-11.04339],[142.18594,-11.04131],[142.18192,-11.04216],[142.1811,-11.04162],[142.18299,-11.03764],[142.18182,-11.03604],[142.18327,-11.03579],[142.18097,-11.03352],[142.1848,-11.03365],[142.18378,-11.03117],[142.1823,-11.03112],[142.18101,-11.02952],[142.17987,-11.03138],[142.178,-11.03179],[142.17866,-11.03235],[142.17841,-11.03555],[142.17938,-11.03831],[142.17857,-11.0405],[142.17641,-11.03853],[142.17429,-11.03792],[142.17438,-11.03891],[142.17325,-11.03909],[142.17391,-11.0409],[142.17283,-11.04194],[142.17116,-11.0404],[142.17092,-11.04167],[142.16789,-11.04243],[142.16111,-11.03676],[142.16315,-11.03384],[142.1662,-11.03359],[142.16851,-11.02965],[142.16819,-11.02815],[142.16418,-11.02664],[142.16265,-11.0244],[142.15974,-11.02423],[142.16074,-11.02238],[142.16275,-11.02332],[142.16588,-11.02086],[142.16592,-11.0172],[142.16482,-11.01513],[142.1638,-11.01468],[142.16279,-11.01606],[142.16224,-11.01586],[142.16127,-11.01439],[142.1619,-11.01326],[142.16151,-11.01226],[142.15938,-11.01159],[142.15774,-11.0129],[142.15814,-11.01147],[142.15717,-11.01098],[142.15576,-11.01198],[142.15505,-11.01136],[142.15054,-11.01178],[142.14897,-11.01319],[142.15057,-11.01296],[142.15116,-11.01468],[142.15179,-11.01358],[142.15476,-11.01427],[142.15436,-11.016],[142.15193,-11.01648],[142.15493,-11.01886],[142.15644,-11.01855],[142.15655,-11.0193],[142.15551,-11.0199],[142.15812,-11.02042],[142.15903,-11.01954],[142.15959,-11.01986],[142.15868,-11.02124],[142.156,-11.02175],[142.15603,-11.0229],[142.15515,-11.02348],[142.15451,-11.02173],[142.15271,-11.02357],[142.15409,-11.02516],[142.154,-11.02907],[142.15462,-11.03013],[142.15972,-11.03101],[142.15918,-11.03173],[142.15716,-11.03143],[142.15673,-11.03282],[142.15731,-11.03343],[142.1527,-11.03704],[142.14964,-11.04154],[142.15167,-11.04639],[142.15132,-11.04748],[142.14933,-11.04774],[142.15171,-11.04833],[142.15326,-11.05291],[142.14951,-11.05191],[142.15098,-11.05334],[142.15057,-11.05394],[142.15225,-11.05391],[142.15266,-11.05456],[142.15061,-11.05466],[142.1506,-11.05945],[142.15149,-11.06017],[142.15453,-11.05954],[142.1521,-11.06137],[142.15122,-11.06346],[142.15244,-11.06443],[142.15391,-11.0642],[142.15417,-11.06582],[142.15275,-11.06799],[142.15417,-11.0672],[142.15332,-11.06976],[142.15464,-11.07026],[142.15277,-11.07111],[142.15023,-11.07055],[142.15166,-11.07257],[142.15014,-11.0735],[142.15014,-11.07351],[142.15031,-11.07468],[142.15031,-11.07469],[142.15065,-11.07566],[142.15115,-11.0763],[142.15116,-11.07631],[142.15146,-11.0764],[142.15174,-11.07649],[142.15306,-11.07547],[142.15329,-11.07619],[142.15207,-11.08208],[142.14888,-11.08149],[142.14897,-11.08007],[142.14827,-11.08061],[142.14827,-11.0806],[142.14822,-11.08065],[142.14834,-11.07972],[142.14835,-11.0797],[142.14867,-11.07736],[142.14866,-11.07733],[142.14852,-11.07657],[142.14851,-11.07652],[142.14464,-11.06112],[142.14635,-11.05101],[142.14563,-11.04292],[142.14562,-11.04288],[142.14489,-11.04033],[142.14488,-11.04028],[142.13822,-11.02057],[142.13418,-10.9986],[142.1,-10.99864],[142.1,-12.27899],[142.22005,-12.27843],[142.20453,-12.29587],[142.12878,-12.39173],[142.12974,-12.38888],[142.12974,-12.38887],[142.12962,-12.38867],[142.1296,-12.38863],[142.12924,-12.38837],[142.12785,-12.38919],[142.12754,-12.38937],[142.1267,-12.38987],[142.12669,-12.38987],[142.12614,-12.3902],[142.12373,-12.39052],[142.12069,-12.38763],[142.12069,-12.38762],[142.12036,-12.38731],[142.12047,-12.38666],[142.12089,-12.38415],[142.12287,-12.3803],[142.12267,-12.37845],[142.12266,-12.37843],[142.1195,-12.37082],[142.12309,-12.37018],[142.12389,-12.36724],[142.12234,-12.36472],[142.11484,-12.36199],[142.11313,-12.35632],[142.11286,-12.35215],[142.10671,-12.34926],[142.10393,-12.34556],[142.10387,-12.34112],[142.11019,-12.33812],[142.11201,-12.33556],[142.11345,-12.33143],[142.11361,-12.32865],[142.11222,-12.32555],[142.1081,-12.3226],[142.10671,-12.32057],[142.10703,-12.31934],[142.11228,-12.31436],[142.11345,-12.31174],[142.11158,-12.30023],[142.10987,-12.29702],[142.10789,-12.2952],[142.10398,-12.29435],[142.1,-12.29249],[142.1,-12.29321],[142.10861,-12.29659],[142.11144,-12.30262],[142.11241,-12.31204],[142.10565,-12.32002],[142.10682,-12.32287],[142.1106,-12.32515],[142.1119,-12.32689],[142.11269,-12.33108],[142.10965,-12.33747],[142.10332,-12.3401],[142.10266,-12.34106],[142.10297,-12.34498],[142.1036,-12.347],[142.10618,-12.35013],[142.11184,-12.35245],[142.11218,-12.35642],[142.11452,-12.36309],[142.11924,-12.3649],[142.12127,-12.36495],[142.1225,-12.36651],[142.12268,-12.36935],[142.11822,-12.37037],[142.122,-12.38024],[142.11972,-12.38408],[142.11924,-12.38691],[142.11987,-12.38865],[142.12335,-12.39104],[142.12606,-12.39091],[142.12893,-12.38885],[142.12618,-12.39819],[142.13216,-12.40302],[142.13682,-12.40135],[142.14366,-12.40269],[142.14751,-12.40223],[142.14932,-12.39896],[142.14911,-12.39682],[142.14649,-12.39587],[142.14662,-12.39359],[142.14754,-12.39272],[142.15282,-12.39298],[142.16177,-12.39619],[142.16414,-12.39515],[142.16802,-12.39028],[142.17117,-12.38849],[142.17614,-12.38783],[142.17822,-12.38593],[142.18975,-12.38661],[142.19284,-12.38448],[142.19292,-12.3823],[142.19621,-12.37911],[142.19679,-12.37548],[142.19757,-12.37485],[142.20089,-12.37474],[142.20602,-12.37632],[142.21019,-12.38082],[142.21394,-12.37861],[142.2196,-12.37861],[142.22164,-12.37725],[142.22435,-12.3812],[142.226,-12.38046],[142.2303,-12.37609],[142.23701,-12.37442],[142.23933,-12.37429],[142.24317,-12.37738],[142.24583,-12.37711],[142.24848,-12.37238],[142.25157,-12.36982],[142.25328,-12.36932],[142.25295,-12.3725],[142.2543,-12.37322],[142.25701,-12.37167],[142.26182,-12.36719],[142.26466,-12.36992],[142.26477,-12.37451],[142.26601,-12.37668],[142.27006,-12.37779],[142.27589,-12.3769],[142.27789,-12.37872],[142.27828,-12.38164],[142.27665,-12.38605],[142.27735,-12.38845],[142.28044,-12.38946],[142.28634,-12.3874],[142.28663,-12.39204],[142.2894,-12.39364],[142.29321,-12.39435],[142.29508,-12.40034],[142.29873,-12.40349],[142.30411,-12.40511],[142.30449,-12.41553],[142.30358,-12.42047],[142.30481,-12.42299],[142.3086,-12.42729],[142.30529,-12.42915],[142.30471,-12.43049],[142.30513,-12.43165],[142.30789,-12.43204],[142.30949,-12.43334],[142.30891,-12.4405],[142.31111,-12.44481],[142.31279,-12.44598],[142.31776,-12.44616],[142.32,-12.44308],[142.32105,-12.43884],[142.32247,-12.43837],[142.32563,-12.43976],[142.327,-12.44358],[142.33068,-12.44705],[142.33063,-12.45518],[142.33247,-12.45548],[142.33509,-12.45211],[142.33785,-12.45195],[142.34109,-12.44897],[142.34233,-12.44913],[142.34143,-12.45832],[142.34669,-12.4648],[142.34408,-12.46661],[142.34338,-12.46966],[142.34606,-12.47086],[142.35064,-12.47042],[142.35783,-12.47466],[142.35932,-12.47804],[142.36125,-12.47945],[142.36775,-12.48286],[142.37362,-12.48474],[142.37612,-12.49072],[142.37446,-12.49291],[142.3741,-12.49551],[142.37594,-12.49701],[142.37914,-12.49573],[142.37967,-12.49638],[142.37936,-12.49977],[142.38262,-12.50254],[142.38515,-12.50801],[142.38855,-12.51038],[142.39384,-12.5131],[142.39781,-12.51306],[142.3992,-12.5151],[142.40453,-12.51875],[142.40699,-12.51981],[142.40976,-12.51991],[142.41121,-12.51862],[142.41194,-12.5147],[142.41434,-12.5142],[142.41563,-12.51289],[142.4139,-12.50938],[142.4146,-12.50231],[142.41784,-12.50189],[142.42303,-12.50477],[142.42505,-12.50688],[142.42752,-12.50646],[142.42889,-12.50449],[142.42848,-12.49528],[142.43095,-12.49493],[142.43287,-12.49324],[142.43576,-12.49312],[142.43669,-12.49441],[142.43659,-12.49612],[142.43795,-12.49714],[142.43953,-12.49562],[142.44146,-12.4892],[142.44309,-12.48785],[142.44832,-12.49198],[142.45098,-12.49248],[142.45545,-12.49183],[142.45548,-12.49493],[142.45657,-12.49596],[142.46207,-12.49453],[142.46496,-12.49607],[142.4672,-12.49867],[142.46919,-12.49804],[142.4719,-12.49562],[142.47314,-12.49217],[142.47794,-12.49411],[142.48267,-12.4934],[142.48521,-12.49113],[142.48526,-12.48741],[142.48656,-12.48577],[142.56953,-12.61663],[142.56575,-12.66179],[142.19236,-12.63805],[142.19481,-12.6471],[142.16806,-12.76528]],[[143.37519,-13.30347],[143.37415,-13.30251],[143.36922,-13.30046],[143.36835,-13.29915],[143.37014,-13.29654],[143.36867,-13.29434],[143.36517,-13.29217],[143.36219,-13.2916],[143.35586,-13.28748],[143.35328,-13.28399],[143.35142,-13.28393],[143.3488,-13.28507],[143.34622,-13.28388],[143.34372,-13.28426],[143.33686,-13.28228],[143.33375,-13.28382],[143.33013,-13.28357],[143.32964,-13.28474],[143.32818,-13.28549],[143.32688,-13.29065],[143.32361,-13.29006],[143.32163,-13.28858],[143.32004,-13.28957],[143.32022,-13.2881],[143.31828,-13.28165],[143.31794,-13.2782],[143.31851,-13.27751],[143.31787,-13.27683],[143.32016,-13.27721],[143.32533,-13.27464],[143.3304,-13.26934],[143.33801,-13.26667],[143.33958,-13.26512],[143.34383,-13.26519],[143.34326,-13.26148],[143.34371,-13.26023],[143.34562,-13.25887],[143.34541,-13.25747],[143.34272,-13.2559],[143.3415,-13.25379],[143.34224,-13.25081],[143.34418,-13.25011],[143.3439,-13.24809],[143.25731,-13.24074],[143.24112,-13.25108],[143.25165,-13.13822],[143.24791,-13.13675],[143.24224,-13.13765],[143.2347,-13.13349],[143.22831,-13.13201],[143.22384,-13.1358],[143.21751,-13.13709],[143.21319,-13.13883],[143.21054,-13.13881],[143.20683,-13.13568],[143.20023,-13.13624],[143.19688,-13.13576],[143.196,-13.13874],[143.192,-13.13692],[143.1899,-13.1369],[143.18861,-13.14016],[143.18246,-13.13782],[143.18123,-13.13967],[143.17726,-13.1389],[143.17381,-13.14343],[143.17104,-13.14473],[143.16825,-13.14496],[143.16372,-13.1435],[143.15223,-13.14603],[143.14379,-13.14486],[143.1387,-13.1393],[143.13372,-13.14068],[143.12796,-13.13975],[143.12472,-13.14141],[143.12224,-13.1415],[143.11433,-13.14925],[143.10965,-13.15043],[143.10311,-13.14869],[143.10001,-13.14666],[143.098,-13.14682],[143.09533,-13.1493],[143.09311,-13.14783],[143.08849,-13.14658],[143.08083,-13.13611],[143.07726,-13.13433],[143.07523,-13.13194],[143.06962,-13.1301],[143.06456,-13.12716],[143.05716,-13.12518],[143.0527,-13.12605],[143.04945,-13.12573],[143.04518,-13.12716],[143.03937,-13.12627],[143.03235,-13.12904],[143.0278,-13.12757],[143.02396,-13.13113],[143.0201,-13.13228],[143.01351,-13.12871],[143.0081,-13.1296],[143.00578,-13.12917],[142.99857,-13.12488],[142.99475,-13.12095],[142.99188,-13.11945],[142.988,-13.11915],[142.98387,-13.12036],[142.9805,-13.12044],[142.97815,-13.11743],[142.97991,-13.11622],[142.89359,-12.99284],[142.95809,-12.94689],[142.95713,-12.94584],[142.95565,-12.94717],[142.95279,-12.9472],[142.95153,-12.94585],[142.95221,-12.94413],[142.95077,-12.93964],[142.95303,-12.93565],[142.95228,-12.9342],[142.95246,-12.93178],[142.94926,-12.92643],[142.95027,-12.92515],[142.95248,-12.92506],[142.95165,-12.92069],[142.95248,-12.91886],[142.95515,-12.91666],[142.95448,-12.91472],[142.95642,-12.91367],[142.95719,-12.91226],[142.95774,-12.9073],[142.96038,-12.9062],[142.96128,-12.8986],[142.96057,-12.89718],[142.95741,-12.89621],[142.95396,-12.89382],[142.95121,-12.89074],[142.94871,-12.8901],[142.94875,-12.88572],[142.9475,-12.88392],[142.947,-12.88115],[142.94725,-12.8802],[142.95085,-12.87823],[142.94896,-12.87805],[142.94533,-12.87926],[142.94339,-12.87909],[142.94161,-12.87783],[142.94058,-12.87864],[142.93457,-12.87791],[142.9328,-12.87593],[142.93447,-12.87354],[142.93438,-12.87156],[142.9309,-12.86992],[142.92922,-12.87029],[142.92477,-12.8647],[142.91807,-12.86201],[142.91829,-12.86052],[142.92034,-12.85798],[142.92065,-12.85594],[142.9199,-12.85431],[142.92109,-12.85015],[142.91869,-12.84678],[142.91635,-12.84499],[142.91661,-12.83811],[142.91552,-12.83764],[142.91476,-12.83588],[142.91189,-12.83425],[142.91152,-12.83157],[142.90904,-12.82758],[142.90733,-12.82699],[142.90687,-12.82479],[142.90241,-12.82381],[142.90214,-12.82117],[142.89894,-12.81991],[142.8989,-12.81854],[142.89761,-12.81676],[142.8856,-12.81233],[142.88352,-12.80681],[142.88344,-12.80554],[142.88488,-12.80453],[142.88627,-12.80086],[142.89041,-12.79922],[142.89332,-12.78979],[142.89686,-12.78569],[142.89931,-12.78497],[142.90086,-12.78622],[142.90548,-12.78713],[142.91272,-12.78665],[142.92162,-12.78382],[142.92392,-12.7856],[142.92517,-12.78905],[142.92675,-12.78237],[142.93138,-12.77707],[142.93171,-12.77467],[142.93264,-12.77386],[142.92804,-12.76712],[142.92209,-12.76641],[142.92101,-12.76254],[142.92213,-12.76147],[142.92421,-12.75603],[142.92215,-12.74769],[142.9248,-12.74311],[142.92628,-12.73861],[142.93002,-12.73499],[142.93176,-12.72655],[142.93062,-12.72293],[142.92804,-12.7208],[142.92783,-12.71611],[142.92326,-12.70868],[142.92015,-12.70516],[142.92168,-12.69996],[142.92569,-12.69365],[142.93053,-12.69255],[142.93666,-12.6952],[142.94358,-12.69287],[142.94365,-12.69108],[143.02812,-12.69777],[143.03213,-12.69094],[143.0324,-12.68564],[143.03448,-12.68414],[143.03822,-12.68358],[143.0387,-12.68265],[143.03789,-12.68157],[143.0381,-12.68033],[143.03952,-12.67901],[143.0418,-12.67431],[143.04158,-12.66508],[143.04228,-12.66356],[143.04614,-12.65974],[143.0503,-12.65861],[143.05307,-12.65913],[143.05725,-12.65806],[143.05772,-12.65465],[143.05642,-12.65284],[143.05657,-12.65131],[143.05824,-12.65024],[143.06414,-12.64922],[143.06614,-12.64664],[143.06529,-12.64404],[143.0661,-12.64145],[143.07333,-12.64208],[143.07577,-12.64101],[143.0762,-12.64007],[143.07378,-12.63191],[143.07378,-12.62912],[143.07102,-12.62573],[143.07135,-12.62234],[143.06991,-12.61637],[143.06973,-12.61195],[143.07108,-12.60785],[143.07536,-12.60532],[143.07653,-12.60307],[143.07838,-12.59402],[143.07885,-12.58669],[143.08224,-12.58361],[143.08182,-12.57946],[143.08466,-12.57776],[143.0841,-12.57415],[143.08444,-12.57188],[143.08444,-12.57185],[143.08456,-12.57104],[143.08457,-12.57099],[143.08464,-12.57048],[143.08581,-12.56686],[143.08625,-12.5664],[143.08625,-12.56639],[143.0872,-12.5654],[143.08738,-12.56521],[143.08833,-12.56567],[143.08834,-12.56567],[143.09335,-12.56808],[143.09991,-12.56697],[143.10356,-12.57009],[143.10809,-12.57139],[143.11505,-12.5753],[143.11794,-12.57471],[143.12027,-12.57227],[143.12374,-12.5726],[143.12585,-12.57182],[143.12864,-12.56975],[143.12986,-12.56823],[143.13012,-12.56641],[143.13153,-12.56512],[143.13395,-12.56553],[143.13622,-12.56764],[143.14246,-12.56905],[143.14859,-12.5607],[143.14973,-12.56234],[143.15448,-12.56402],[143.15976,-12.55846],[143.16268,-12.55643],[143.16332,-12.55676],[143.16282,-12.55827],[143.16381,-12.55977],[143.16846,-12.5609],[143.1684,-12.56445],[143.17071,-12.56851],[143.17392,-12.5706],[143.17637,-12.57061],[143.17716,-12.57027],[143.17918,-12.56098],[143.17865,-12.55646],[143.18368,-12.55402],[143.18509,-12.55187],[143.18637,-12.55142],[143.1863,-12.55572],[143.1875,-12.55956],[143.18759,-12.56281],[143.18661,-12.56527],[143.18682,-12.56793],[143.18401,-12.57051],[143.18468,-12.57279],[143.18313,-12.57845],[143.18416,-12.57998],[143.18368,-12.58064],[143.18167,-12.58059],[143.181,-12.58148],[143.18132,-12.58343],[143.18006,-12.58487],[143.18069,-12.58788],[143.17917,-12.58929],[143.17947,-12.59147],[143.17408,-12.59288],[143.17393,-12.5939],[143.17607,-12.59641],[143.17822,-12.59709],[143.18007,-12.5997],[143.18094,-12.602],[143.17992,-12.6031],[143.17959,-12.60542],[143.18346,-12.61037],[143.18613,-12.61223],[143.18912,-12.61017],[143.18853,-12.60886],[143.18959,-12.60864],[143.19014,-12.61053],[143.19317,-12.6147],[143.1953,-12.61477],[143.19688,-12.61737],[143.19545,-12.61842],[143.19513,-12.62011],[143.19709,-12.62165],[143.1965,-12.62399],[143.2002,-12.62815],[143.20029,-12.63404],[143.19896,-12.63739],[143.20182,-12.64469],[143.20457,-12.64436],[143.20789,-12.64226],[143.20893,-12.64276],[143.20959,-12.64495],[143.21154,-12.64344],[143.21293,-12.64457],[143.21498,-12.64241],[143.21591,-12.64382],[143.21641,-12.64303],[143.21761,-12.64306],[143.2166,-12.64156],[143.21759,-12.64125],[143.21894,-12.64144],[143.2202,-12.6436],[143.22226,-12.64516],[143.22275,-12.64671],[143.2213,-12.64828],[143.22202,-12.65172],[143.2168,-12.66116],[143.21688,-12.66191],[143.2179,-12.66159],[143.21979,-12.66271],[143.2195,-12.66623],[143.221,-12.66849],[143.21965,-12.66969],[143.22028,-12.67228],[143.21926,-12.67457],[143.22239,-12.67799],[143.22145,-12.68271],[143.21983,-12.68612],[143.21773,-12.68759],[143.21409,-12.68951],[143.21143,-12.68917],[143.20926,-12.69052],[143.20668,-12.69493],[143.2074,-12.69702],[143.20929,-12.69776],[143.20956,-12.70241],[143.21225,-12.70475],[143.21366,-12.7096],[143.20787,-12.70862],[143.20583,-12.71026],[143.20129,-12.70809],[143.19877,-12.71023],[143.19578,-12.71696],[143.19441,-12.71812],[143.19364,-12.7209],[143.19161,-12.72306],[143.1904,-12.72627],[143.18823,-12.72799],[143.1883,-12.73127],[143.18902,-12.73242],[143.18861,-12.73511],[143.19096,-12.73968],[143.19022,-12.74066],[143.19291,-12.74485],[143.19335,-12.74727],[143.19655,-12.74894],[143.19797,-12.75207],[143.20183,-12.75325],[143.20202,-12.75661],[143.20294,-12.75846],[143.20252,-12.76156],[143.2041,-12.76176],[143.20645,-12.76462],[143.20855,-12.76352],[143.21045,-12.76411],[143.21161,-12.76355],[143.21167,-12.76563],[143.21288,-12.76636],[143.213,-12.76835],[143.21603,-12.76868],[143.21758,-12.77523],[143.21884,-12.77605],[143.21645,-12.77936],[143.21649,-12.78143],[143.21849,-12.78168],[143.2189,-12.78307],[143.21658,-12.79065],[143.21965,-12.7916],[143.2223,-12.7966],[143.22092,-12.79761],[143.22025,-12.80406],[143.22242,-12.80669],[143.22429,-12.81098],[143.22691,-12.81102],[143.22915,-12.81346],[143.22984,-12.82003],[143.23079,-12.82255],[143.2282,-12.82775],[143.22911,-12.8283],[143.23066,-12.82753],[143.23345,-12.82876],[143.23333,-12.83048],[143.23154,-12.83265],[143.23143,-12.83633],[143.22979,-12.8385],[143.22991,-12.84027],[143.23135,-12.84245],[143.23083,-12.84741],[143.22957,-12.84778],[143.22933,-12.85132],[143.22951,-12.85237],[143.23119,-12.85355],[143.23255,-12.85935],[143.23411,-12.86058],[143.23393,-12.86237],[143.23288,-12.86308],[143.23082,-12.86755],[143.23292,-12.87126],[143.2353,-12.87306],[143.24066,-12.87217],[143.24167,-12.87033],[143.24444,-12.87035],[143.24625,-12.86916],[143.24581,-12.86782],[143.24655,-12.86695],[143.24768,-12.86679],[143.24915,-12.86778],[143.24951,-12.86992],[143.25729,-12.85353],[143.28247,-12.8337],[143.31449,-12.83678],[143.31413,-12.83134],[143.31238,-12.83031],[143.31133,-12.8253],[143.30648,-12.82009],[143.3076,-12.82077],[143.308,-12.81948],[143.30908,-12.82003],[143.30922,-12.81941],[143.31072,-12.82153],[143.31158,-12.82075],[143.31232,-12.82125],[143.31415,-12.82056],[143.31191,-12.81809],[143.30774,-12.81699],[143.30955,-12.81476],[143.30937,-12.81324],[143.30039,-12.80401],[143.29983,-12.80137],[143.29582,-12.79682],[143.29418,-12.77525],[143.29501,-12.7754],[143.29944,-12.77176],[143.30336,-12.77246],[143.3079,-12.77827],[143.30966,-12.78157],[143.30981,-12.78375],[143.3114,-12.78466],[143.32932,-12.7704],[143.33882,-12.72651],[143.38549,-12.72452],[143.38392,-12.73169],[143.38193,-12.75045],[143.37866,-12.75566],[143.37288,-12.76143],[143.37154,-12.76156],[143.36937,-12.76866],[143.36636,-12.77409],[143.36467,-12.77951],[143.36306,-12.78155],[143.36145,-12.79117],[143.35727,-12.80149],[143.35715,-12.82278],[143.35948,-12.83533],[143.3587,-12.83616],[143.35542,-12.83448],[143.355,-12.83489],[143.35502,-12.83632],[143.35672,-12.83683],[143.3566,-12.84022],[143.35745,-12.84163],[143.35773,-12.84522],[143.35399,-12.85168],[143.35302,-12.85628],[143.35265,-12.86225],[143.35358,-12.86452],[143.35407,-12.87085],[143.35015,-12.88907],[143.35062,-12.89124],[143.35331,-12.89364],[143.35411,-12.8933],[143.35351,-12.89607],[143.35528,-12.89551],[143.35716,-12.89749],[143.35825,-12.89733],[143.35732,-12.8948],[143.35884,-12.89103],[143.36658,-12.89135],[143.3701,-12.89554],[143.37654,-12.90062],[143.37714,-12.90305],[143.37652,-12.9063],[143.37312,-12.91157],[143.37082,-12.9191],[143.36831,-12.92039],[143.36699,-12.92029],[143.36251,-12.91694],[143.3608,-12.91624],[143.35803,-12.91656],[143.35559,-12.9213],[143.35571,-12.92623],[143.35665,-12.92799],[143.35731,-12.91971],[143.3584,-12.91767],[143.35944,-12.91732],[143.36158,-12.91805],[143.36579,-12.92157],[143.37008,-12.92158],[143.37184,-12.92014],[143.37756,-12.92391],[143.38252,-12.92502],[143.38609,-12.92458],[143.38882,-12.92664],[143.3914,-12.93079],[143.39353,-12.93629],[143.3928,-12.93902],[143.38766,-12.94476],[143.38864,-12.95261],[143.38949,-12.94815],[143.38847,-12.94542],[143.39063,-12.94395],[143.39583,-12.94909],[143.3955,-12.95298],[143.39463,-12.9546],[143.39286,-12.95513],[143.39264,-12.95809],[143.39766,-12.96682],[143.40155,-12.96813],[143.40196,-12.97018],[143.40126,-12.97386],[143.40177,-12.97468],[143.40232,-12.97457],[143.40164,-12.97391],[143.40287,-12.96865],[143.40137,-12.96661],[143.39804,-12.96454],[143.3959,-12.95927],[143.39758,-12.94895],[143.39477,-12.94256],[143.39589,-12.93741],[143.395,-12.93169],[143.39537,-12.93107],[143.39722,-12.9315],[143.39888,-12.93408],[143.40336,-12.93787],[143.40526,-12.93809],[143.41298,-12.93576],[143.41641,-12.93655],[143.41718,-12.93759],[143.41794,-12.93997],[143.41694,-12.9435],[143.41698,-12.94914],[143.41643,-12.95003],[143.40877,-12.95382],[143.40783,-12.95524],[143.41628,-12.95181],[143.41707,-12.95087],[143.41831,-12.94815],[143.41923,-12.93881],[143.41787,-12.93615],[143.41444,-12.9339],[143.40642,-12.93549],[143.40275,-12.93495],[143.40124,-12.93381],[143.40281,-12.92932],[143.40836,-12.92888],[143.41454,-12.92628],[143.41662,-12.92381],[143.41762,-12.92019],[143.41648,-12.91669],[143.41448,-12.91437],[143.40558,-12.9098],[143.40649,-12.90188],[143.40443,-12.89872],[143.40263,-12.89743],[143.39801,-12.88819],[143.39848,-12.88483],[143.39994,-12.88297],[143.40662,-12.88814],[143.41103,-12.88958],[143.41379,-12.89344],[143.41359,-12.89148],[143.41198,-12.88897],[143.40458,-12.88539],[143.40127,-12.88257],[143.4018,-12.87922],[143.40942,-12.88604],[143.41921,-12.89052],[143.41755,-12.88863],[143.41024,-12.88576],[143.40258,-12.87796],[143.40168,-12.87384],[143.4058,-12.86712],[143.41455,-12.86632],[143.42205,-12.8629],[143.42372,-12.86319],[143.4277,-12.86104],[143.42965,-12.857],[143.43368,-12.8543],[143.44935,-12.84892],[143.45221,-12.85244],[143.4532,-12.85249],[143.45493,-12.85518],[143.45685,-12.85573],[143.45973,-12.85994],[143.46417,-12.86231],[143.47354,-12.86476],[143.47387,-12.86542],[143.47746,-12.86507],[143.4775,-12.86433],[143.47842,-12.86458],[143.48202,-12.8629],[143.48239,-12.86368],[143.48452,-12.8629],[143.48532,-12.86364],[143.48841,-12.86277],[143.49024,-12.86337],[143.49047,-12.86224],[143.49938,-12.85974],[143.50012,-12.86009],[143.50008,-12.85941],[143.50573,-12.85689],[143.51312,-12.85091],[143.51502,-12.85043],[143.51427,-12.84941],[143.51592,-12.84755],[143.51695,-12.84444],[143.52577,-12.84312],[143.52663,-12.844],[143.53065,-12.84369],[143.53228,-12.84272],[143.53354,-12.83893],[143.53443,-12.83909],[143.53556,-12.84104],[143.53814,-12.84047],[143.53894,-12.84172],[143.54009,-12.84156],[143.54192,-12.84363],[143.54425,-12.84327],[143.54297,-12.84445],[143.54259,-12.84664],[143.54107,-12.84754],[143.53503,-12.85535],[143.53085,-12.86208],[143.53008,-12.86703],[143.53059,-12.86821],[143.53313,-12.8696],[143.53258,-12.87099],[143.53133,-12.87131],[143.51199,-12.90237],[143.50849,-12.91758],[143.50347,-12.92433],[143.5009,-12.92939],[143.49773,-12.94911],[143.49774,-12.9526],[143.50033,-12.95804],[143.50131,-12.95878],[143.50797,-12.95931],[143.5115,-12.9603],[143.51221,-12.96121],[143.51046,-12.97162],[143.50414,-12.98513],[143.50409,-12.98663],[143.50524,-12.99019],[143.50762,-12.99298],[143.51044,-12.99246],[143.51102,-12.99332],[143.50988,-13.00095],[143.51106,-13.00197],[143.51239,-13.00653],[143.51458,-13.00812],[143.51302,-13.01374],[143.5117,-13.02592],[143.50748,-13.03232],[143.50591,-13.03705],[143.50654,-13.04051],[143.51047,-13.04546],[143.51262,-13.0469],[143.51216,-13.05125],[143.51051,-13.05466],[143.51243,-13.05633],[143.51291,-13.05868],[143.51271,-13.06129],[143.50926,-13.06729],[143.50648,-13.07586],[143.50301,-13.10527],[143.50216,-13.12426],[143.50596,-13.14644],[143.50503,-13.14793],[143.50553,-13.15063],[143.50642,-13.15244],[143.50823,-13.15268],[143.50802,-13.15517],[143.50872,-13.15605],[143.50998,-13.15574],[143.5151,-13.16515],[143.51922,-13.1697],[143.52181,-13.17883],[143.51888,-13.18539],[143.51746,-13.19406],[143.51818,-13.2059],[143.51661,-13.21861],[143.51671,-13.25821],[143.51983,-13.2702],[143.52249,-13.27569],[143.52283,-13.28404],[143.52169,-13.29197],[143.52443,-13.30418],[143.52501,-13.31915],[143.52693,-13.32736],[143.52991,-13.3321],[143.53128,-13.33265],[143.53551,-13.34164],[143.53791,-13.35004],[143.54011,-13.35292],[143.55895,-13.36733],[143.57213,-13.37268],[143.57981,-13.37356],[143.5818,-13.37565],[143.58217,-13.38258],[143.58464,-13.38428],[143.5851,-13.39656],[143.58741,-13.40494],[143.58889,-13.40685],[143.58936,-13.40899],[143.59129,-13.41096],[143.59554,-13.41292],[143.59596,-13.41386],[143.59407,-13.41471],[143.59125,-13.41782],[143.59359,-13.42145],[143.59132,-13.42278],[143.58588,-13.42132],[143.58021,-13.422],[143.5776,-13.4202],[143.57241,-13.42019],[143.57055,-13.41937],[143.57027,-13.41681],[143.56649,-13.41506],[143.56318,-13.41564],[143.55775,-13.42034],[143.5539,-13.41876],[143.55215,-13.42152],[143.55419,-13.42308],[143.55215,-13.42547],[143.55035,-13.42621],[143.54886,-13.42561],[143.54599,-13.42218],[143.54332,-13.42306],[143.53957,-13.42097],[143.53589,-13.4211],[143.53459,-13.42322],[143.53238,-13.42425],[143.53177,-13.42593],[143.52942,-13.42723],[143.5294,-13.43044],[143.52689,-13.43125],[143.52508,-13.43363],[143.52194,-13.43578],[143.5191,-13.44133],[143.51693,-13.43904],[143.51105,-13.43851],[143.51079,-13.43711],[143.51222,-13.43685],[143.5128,-13.4359],[143.51265,-13.43511],[143.51118,-13.43459],[143.51115,-13.43321],[143.50582,-13.43389],[143.50598,-13.4295],[143.50535,-13.42828],[143.50358,-13.42744],[143.50188,-13.42792],[143.49929,-13.42524],[143.49538,-13.42546],[143.49473,-13.42571],[143.49462,-13.42756],[143.49719,-13.4387],[143.49622,-13.44258],[143.4983,-13.44674],[143.49634,-13.45024],[143.49754,-13.45152],[143.31674,-13.48552],[143.31425,-13.48087],[143.31054,-13.47875],[143.31196,-13.476],[143.31156,-13.47136],[143.31245,-13.46982],[143.314,-13.46969],[143.31439,-13.46529],[143.32078,-13.4598],[143.32432,-13.4542],[143.32383,-13.45292],[143.32529,-13.44763],[143.32388,-13.4456],[143.32099,-13.44509],[143.31976,-13.44324],[143.32035,-13.43766],[143.32296,-13.43805],[143.32411,-13.43933],[143.32625,-13.43885],[143.32815,-13.44008],[143.32983,-13.43777],[143.33238,-13.43738],[143.33399,-13.43309],[143.33619,-13.43066],[143.33976,-13.42935],[143.34067,-13.42731],[143.34417,-13.42524],[143.34463,-13.42323],[143.34683,-13.42168],[143.34689,-13.41558],[143.34751,-13.41417],[143.35055,-13.41343],[143.35248,-13.41452],[143.35447,-13.41319],[143.35725,-13.41043],[143.35737,-13.40775],[143.36099,-13.406],[143.3627,-13.40354],[143.36447,-13.40265],[143.36435,-13.39866],[143.36262,-13.39805],[143.36531,-13.39675],[143.36521,-13.3956],[143.3665,-13.39378],[143.36562,-13.39274],[143.36548,-13.38966],[143.36666,-13.3861],[143.36537,-13.38497],[143.36652,-13.38378],[143.3668,-13.38215],[143.36518,-13.38173],[143.36396,-13.37971],[143.36676,-13.37415],[143.36755,-13.37397],[143.36864,-13.37068],[143.37241,-13.37017],[143.37365,-13.36787],[143.37742,-13.36646],[143.37688,-13.36364],[143.37881,-13.36174],[143.37925,-13.36022],[143.38032,-13.3595],[143.37961,-13.35693],[143.38287,-13.34676],[143.38525,-13.34506],[143.38833,-13.34411],[143.3864,-13.34143],[143.3875,-13.3397],[143.38777,-13.33721],[143.39124,-13.3365],[143.38954,-13.33145],[143.38823,-13.33142],[143.38796,-13.33008],[143.38521,-13.32735],[143.38006,-13.32749],[143.38017,-13.32569],[143.37914,-13.32486],[143.37967,-13.32223],[143.37868,-13.32019],[143.37975,-13.30878],[143.37584,-13.30407],[143.37519,-13.30347]],[[143.61134,-12.98496],[143.61323,-12.98424],[143.61288,-12.98557],[143.61108,-12.98506],[143.61133,-12.98497],[143.61134,-12.98496]],[[143.381,-12.90346],[143.38029,-12.89849],[143.38395,-12.88761],[143.39022,-12.88505],[143.39216,-12.88547],[143.39261,-12.88688],[143.391,-12.89482],[143.39151,-12.89696],[143.39404,-12.89933],[143.39623,-12.90022],[143.40211,-12.90052],[143.40419,-12.91206],[143.40842,-12.91517],[143.4124,-12.91495],[143.41405,-12.91579],[143.41627,-12.91934],[143.41604,-12.92194],[143.41398,-12.925],[143.40267,-12.92834],[143.39987,-12.92967],[143.39368,-12.92796],[143.38991,-12.92267],[143.3872,-12.92051],[143.3767,-12.92046],[143.37482,-12.91835],[143.3747,-12.91585],[143.37562,-12.91408],[143.38025,-12.91008],[143.38091,-12.90543],[143.38093,-12.905],[143.381,-12.90348],[143.381,-12.90346]],[[143.39916,-12.8769],[143.40002,-12.87818],[143.39972,-12.88057],[143.39727,-12.88588],[143.39708,-12.88693],[143.3972,-12.88783],[143.40109,-12.8966],[143.39971,-12.89713],[143.3976,-12.89694],[143.39605,-12.8968],[143.3956,-12.89676],[143.39543,-12.89663],[143.39336,-12.89507],[143.39377,-12.89325],[143.39456,-12.89394],[143.39542,-12.89316],[143.39641,-12.88967],[143.39555,-12.88176],[143.39363,-12.87869],[143.39373,-12.87778],[143.39378,-12.8773],[143.39472,-12.87702],[143.399,-12.87667],[143.39915,-12.8769],[143.39916,-12.8769]],[[143.37707,-12.88409],[143.37791,-12.88593],[143.37757,-12.88925],[143.37614,-12.89376],[143.37454,-12.89598],[143.37174,-12.89535],[143.36717,-12.89052],[143.35966,-12.88855],[143.35908,-12.88805],[143.35948,-12.88653],[143.36388,-12.88572],[143.36555,-12.88291],[143.36814,-12.88221],[143.37334,-12.88227],[143.37688,-12.88368],[143.37706,-12.88409],[143.37707,-12.88409]],[[143.60469,-12.88768],[143.60438,-12.88737],[143.60247,-12.88548],[143.60316,-12.88446],[143.6041,-12.88527],[143.6041,-12.88528],[143.60429,-12.88544],[143.60441,-12.88614],[143.60442,-12.88617],[143.60465,-12.88746],[143.60469,-12.88768]],[[143.54851,-12.88514],[143.54858,-12.88531],[143.54872,-12.88564],[143.54812,-12.88602],[143.54812,-12.88603],[143.54583,-12.88749],[143.54651,-12.88446],[143.54838,-12.88483],[143.54851,-12.88514]],[[143.54936,-12.88571],[143.54971,-12.8855],[143.55008,-12.88527],[143.55036,-12.88584],[143.55019,-12.88581],[143.55019,-12.88582],[143.54985,-12.88577],[143.54936,-12.88571]],[[143.59828,-12.88333],[143.59863,-12.88372],[143.59708,-12.88559],[143.59615,-12.88454],[143.5979,-12.88355],[143.59791,-12.88355],[143.59828,-12.88333]],[[143.39006,-12.8785],[143.39051,-12.87901],[143.39051,-12.87902],[143.39121,-12.87982],[143.39112,-12.88083],[143.39101,-12.88209],[143.38356,-12.88375],[143.38327,-12.88359],[143.38245,-12.88314],[143.38155,-12.88265],[143.37919,-12.87834],[143.37971,-12.87714],[143.38687,-12.87685],[143.38968,-12.87806],[143.39006,-12.8785]],[[143.36886,-12.87688],[143.36912,-12.87704],[143.36913,-12.87705],[143.37451,-12.88053],[143.37506,-12.8815],[143.36982,-12.88082],[143.36787,-12.87871],[143.36784,-12.87832],[143.36783,-12.87831],[143.36775,-12.87744],[143.36859,-12.8767],[143.36886,-12.87688]],[[143.39034,-12.87484],[143.38921,-12.87333],[143.389,-12.86577],[143.39198,-12.86477],[143.3977,-12.86508],[143.40091,-12.86935],[143.40008,-12.87293],[143.39731,-12.87572],[143.3931,-12.87628],[143.39153,-12.87546],[143.39034,-12.87484]],[[143.38142,-12.8663],[143.38195,-12.8662],[143.38611,-12.86541],[143.38756,-12.86612],[143.38783,-12.87007],[143.38783,-12.87012],[143.38805,-12.87331],[143.38789,-12.87346],[143.38714,-12.87417],[143.38304,-12.87486],[143.37831,-12.87382],[143.37732,-12.87218],[143.37712,-12.86963],[143.37765,-12.86923],[143.37765,-12.86922],[143.37955,-12.86775],[143.37964,-12.86769],[143.38142,-12.8663]],[[143.27465,-12.79106],[143.27712,-12.78068],[143.28382,-12.78744],[143.28544,-12.79113],[143.28873,-12.79356],[143.29128,-12.79885],[143.29572,-12.8024],[143.29856,-12.80311],[143.30161,-12.8076],[143.30101,-12.8098],[143.30287,-12.81215],[143.30283,-12.81532],[143.30892,-12.81853],[143.28985,-12.8214],[143.28575,-12.82366],[143.2776,-12.8133],[143.2902,-12.80415],[143.27465,-12.79106]],[[143.41,-12.7802],[143.4114,-12.78019],[143.4129,-12.78154],[143.40995,-12.78067],[143.41,-12.7802]],[[143.40087,-12.76776],[143.39918,-12.76623],[143.39726,-12.76015],[143.39655,-12.75633],[143.39758,-12.75386],[143.39871,-12.75531],[143.40143,-12.75602],[143.40275,-12.75877],[143.40191,-12.76366],[143.40307,-12.76607],[143.40126,-12.76746],[143.40087,-12.76776]],[[143.40593,-12.75889],[143.40517,-12.75962],[143.40402,-12.75863],[143.40548,-12.75695],[143.40593,-12.75889]],[[143.39468,-12.74924],[143.39587,-12.74813],[143.39684,-12.74934],[143.39588,-12.75073],[143.39468,-12.74924]],[[143.39529,-12.74202],[143.39474,-12.74241],[143.39464,-12.74182],[143.39529,-12.74202]],[[145.22971,-14.83173],[145.22977,-14.83185],[145.23123,-14.8347],[145.22971,-14.83508],[145.22604,-14.84432],[145.22155,-14.85715],[145.21852,-14.86892],[145.2189,-14.87644],[145.22061,-14.88036],[145.21934,-14.88087],[145.22763,-14.89061],[145.22921,-14.89099],[145.22933,-14.88998],[145.23098,-14.89156],[145.23601,-14.89846],[145.24274,-14.90174],[145.24375,-14.90699],[145.24205,-14.90889],[145.24382,-14.90914],[145.24417,-14.90967],[145.24723,-14.91426],[145.25122,-14.9166],[145.2602,-14.92476],[145.26228,-14.9252],[145.26456,-14.92716],[145.26551,-14.93127],[145.2731,-14.93804],[145.27386,-14.94158],[145.27645,-14.94405],[145.28088,-14.95493],[145.2836,-14.95613],[145.29005,-14.96188],[145.29346,-14.96207],[145.29706,-14.9634],[145.30352,-14.96209],[145.30713,-14.96303],[145.3101,-14.96032],[145.31121,-14.95644],[145.31079,-14.95556],[145.31276,-14.95494],[145.31459,-14.95323],[145.31902,-14.95405],[145.32167,-14.9557],[145.32477,-14.95646],[145.3319,-14.9558],[145.33315,-14.95518],[145.33317,-14.95516],[145.33391,-14.95462],[145.33432,-14.95197],[145.33799,-14.94893],[145.33862,-14.94716],[145.34046,-14.94552],[145.34767,-14.94545],[145.35197,-14.95298],[145.35096,-14.95614],[145.35171,-14.95696],[145.35127,-14.96228],[145.35039,-14.96297],[145.3514,-14.9655],[145.3502,-14.96879],[145.349,-14.96879],[145.35418,-14.98068],[145.35418,-14.98296],[145.35281,-14.98341],[145.35533,-14.98741],[145.35089,-14.98251],[145.34735,-14.98466],[145.31381,-15.01635],[145.29556,-15.03577],[145.28901,-15.04349],[145.27809,-15.05963],[145.26312,-15.08536],[145.26039,-15.09425],[145.2522,-15.10533],[145.24666,-15.11445],[145.24206,-15.12513],[145.23792,-15.13873],[145.23653,-15.13897],[145.23544,-15.1367],[145.23285,-15.13579],[145.22702,-15.13712],[145.22497,-15.13472],[145.22258,-15.13734],[145.22623,-15.14127],[145.22906,-15.14125],[145.23113,-15.14012],[145.23327,-15.14032],[145.23463,-15.14323],[145.23909,-15.14766],[145.23958,-15.14902],[145.24028,-15.15253],[145.23966,-15.1569],[145.23623,-15.16454],[145.23543,-15.16955],[145.23677,-15.1771],[145.23849,-15.17834],[145.2381,-15.17936],[145.2395,-15.18021],[145.23865,-15.19394],[145.23927,-15.19846],[145.24099,-15.20299],[145.24824,-15.21203],[145.24972,-15.21991],[145.25533,-15.23012],[145.25518,-15.23309],[145.25611,-15.23706],[145.26001,-15.24666],[145.26703,-15.25578],[145.27165,-15.25869],[145.29666,-15.25952],[145.31013,-15.26108],[145.31014,-15.26108],[145.31174,-15.2606],[145.31175,-15.2606],[145.31296,-15.25983],[145.31593,-15.25937],[145.31749,-15.25773],[145.32068,-15.25718],[145.32341,-15.2557],[145.327,-15.25024],[145.32895,-15.24868],[145.32856,-15.24767],[145.32996,-15.24525],[145.33035,-15.24237],[145.32942,-15.23808],[145.33176,-15.23106],[145.33378,-15.22849],[145.33956,-15.22661],[145.34299,-15.22903],[145.34486,-15.23316],[145.34517,-15.23714],[145.344,-15.24159],[145.34478,-15.24408],[145.34361,-15.24642],[145.34384,-15.24767],[145.34618,-15.25087],[145.34728,-15.2511],[145.35008,-15.25391],[145.35086,-15.25617],[145.35273,-15.25812],[145.35414,-15.26405],[145.35383,-15.27021],[145.35453,-15.27192],[145.35734,-15.27387],[145.35739,-15.27573],[145.35741,-15.27644],[145.35679,-15.27754],[145.35453,-15.27777],[145.35024,-15.27605],[145.34408,-15.27754],[145.34291,-15.27652],[145.3433,-15.27551],[145.34174,-15.27481],[145.3316,-15.27832],[145.31366,-15.29025],[145.29082,-15.31037],[145.28637,-15.31645],[145.28333,-15.32409],[145.28372,-15.32929],[145.28427,-15.33002],[145.28606,-15.3301],[145.287,-15.33477],[145.28817,-15.33516],[145.28926,-15.33696],[145.29479,-15.34078],[145.29721,-15.34117],[145.29807,-15.34226],[145.29791,-15.34405],[145.29674,-15.3446],[145.29659,-15.34834],[145.2955,-15.35053],[145.29113,-15.35505],[145.28544,-15.36386],[145.28551,-15.36542],[145.28785,-15.3701],[145.28692,-15.37252],[145.28785,-15.37314],[145.28817,-15.37595],[145.28692,-15.37821],[145.28255,-15.38234],[145.27686,-15.38375],[145.27156,-15.38858],[145.26134,-15.39895],[145.25206,-15.41065],[145.24816,-15.41627],[145.24707,-15.42196],[145.24216,-15.43186],[145.23873,-15.44338],[145.21485,-15.41487],[145.20245,-15.42464],[145.19797,-15.42517],[145.19689,-15.42358],[145.19312,-15.42299],[145.19326,-15.42189],[145.19233,-15.42086],[145.19388,-15.42],[145.19323,-15.41844],[145.19372,-15.41786],[145.19586,-15.41744],[145.19556,-15.41917],[145.19693,-15.41929],[145.19764,-15.41791],[145.19684,-15.41655],[145.18831,-15.41618],[145.18714,-15.41768],[145.17738,-15.41688],[145.17686,-15.42279],[145.1848,-15.42345],[145.1827,-15.42565],[145.17266,-15.42483],[145.17208,-15.43127],[145.16588,-15.43076],[145.16696,-15.4184],[145.155,-15.41743],[145.15522,-15.41492],[145.13828,-15.41351],[145.13796,-15.4172],[145.12612,-15.41622],[145.12601,-15.41743],[145.11274,-15.41635],[145.11248,-15.4193],[145.10045,-15.4183],[145.10178,-15.4031],[145.11113,-15.40386],[145.1113,-15.40186],[145.15098,-15.40525],[145.15133,-15.40138],[145.14721,-15.40103],[145.1454,-15.39901],[145.14877,-15.3621],[145.12376,-15.35997],[145.12061,-15.3946],[145.0811,-15.39136],[145.08047,-15.39841],[145.06368,-15.39701],[145.06506,-15.38159],[145.05013,-15.38034],[145.04875,-15.39573],[145.04652,-15.39453],[145.04413,-15.39471],[145.04319,-15.39424],[145.0427,-15.394],[145.04156,-15.3918],[145.04155,-15.39178],[145.03801,-15.38647],[145.04,-15.38337],[145.03937,-15.38145],[145.03506,-15.37661],[145.0325,-15.37588],[145.03253,-15.37392],[145.03124,-15.37084],[145.03347,-15.3699],[145.03329,-15.3681],[145.03227,-15.36697],[145.03677,-15.36485],[145.03678,-15.36336],[145.03459,-15.36148],[145.03638,-15.36031],[145.03856,-15.35636],[145.0396,-15.35589],[145.04088,-15.34219],[145.05789,-15.34376],[145.061,-15.3118],[145.04031,-15.30991],[145.03987,-15.31441],[145.03877,-15.3143],[145.03932,-15.30918],[145.03628,-15.30888],[145.03772,-15.29549],[145.02823,-15.29421],[145.03097,-15.26878],[145.05721,-15.2714],[145.05832,-15.26092],[145.07723,-15.26071],[145.07935,-15.25903],[145.08019,-15.25977],[145.08631,-15.1394],[145.08924,-15.14019],[145.08904,-15.14257],[145.08725,-15.14477],[145.08893,-15.15262],[145.09136,-15.15198],[145.09211,-15.14885],[145.09282,-15.14845],[145.09485,-15.15067],[145.09595,-15.14905],[145.09833,-15.14902],[145.09961,-15.14817],[145.10459,-15.1506],[145.10588,-15.14935],[145.10806,-15.14998],[145.10911,-15.1489],[145.11048,-15.14952],[145.11106,-15.15078],[145.11425,-15.1481],[145.11777,-15.15036],[145.11828,-15.14893],[145.12207,-15.14891],[145.12299,-15.14777],[145.12539,-15.14769],[145.12531,-15.14958],[145.12902,-15.15158],[145.13033,-15.1502],[145.12984,-15.1476],[145.13244,-15.14433],[145.13571,-15.14612],[145.13762,-15.14363],[145.13916,-15.14357],[145.13976,-15.14458],[145.14167,-15.14473],[145.14149,-15.14697],[145.14364,-15.14848],[145.14455,-15.14793],[145.14434,-15.14693],[145.14701,-15.14548],[145.14637,-15.14441],[145.14685,-15.14378],[145.15057,-15.14469],[145.15333,-15.14328],[145.15574,-15.14412],[145.16111,-15.14172],[145.16774,-15.1417],[145.16846,-15.14224],[145.16979,-15.14106],[145.17038,-15.14351],[145.17208,-15.14454],[145.17348,-15.14201],[145.17586,-15.14203],[145.17743,-15.14093],[145.17614,-15.13727],[145.17805,-15.13501],[145.17793,-15.13268],[145.1766,-15.13216],[145.17659,-15.13061],[145.17899,-15.13059],[145.18188,-15.12884],[145.18523,-15.12845],[145.18564,-15.12621],[145.1878,-15.12437],[145.18669,-15.12293],[145.18378,-15.12293],[145.18354,-15.1195],[145.16233,-15.11755],[145.16547,-15.0852],[145.16358,-15.08323],[145.16155,-15.08321],[145.16132,-15.08146],[145.159,-15.08139],[145.15725,-15.08326],[145.15512,-15.08342],[145.15385,-15.08513],[145.15324,-15.08431],[145.15154,-15.08539],[145.15124,-15.0864],[145.1521,-15.08753],[145.15029,-15.08887],[145.15108,-15.09174],[145.15054,-15.09337],[145.14823,-15.09302],[145.14671,-15.09368],[145.14723,-15.0947],[145.14466,-15.0959],[145.14564,-15.09619],[145.14506,-15.09739],[145.14188,-15.09671],[145.141,-15.09587],[145.14168,-15.09482],[145.13913,-15.0948],[145.13854,-15.09359],[145.13931,-15.09268],[145.13919,-15.08771],[145.13787,-15.07588],[145.13523,-15.06972],[145.13644,-15.05684],[145.16123,-15.05903],[145.16916,-14.98515],[145.12899,-14.98089],[145.14434,-14.83932],[145.14084,-14.8321],[145.14256,-14.83192],[145.14465,-14.83293],[145.1518,-14.83281],[145.15528,-14.83527],[145.15945,-14.83458],[145.16261,-14.83628],[145.16596,-14.8409],[145.16666,-14.84103],[145.16704,-14.83995],[145.17324,-14.84179],[145.17349,-14.84267],[145.17425,-14.84204],[145.18045,-14.84362],[145.18563,-14.84198],[145.18671,-14.84115],[145.18633,-14.83964],[145.18936,-14.83774],[145.19512,-14.83723],[145.19828,-14.83894],[145.21972,-14.83749],[145.22288,-14.83641],[145.22541,-14.83034],[145.22931,-14.83169],[145.22971,-14.83173]]],[[[145.20037,-15.40774],[145.20055,-15.40708],[145.20045,-15.40583],[145.20162,-15.40319],[145.19952,-15.40328],[145.19998,-15.40144],[145.20119,-15.4019],[145.20212,-15.40005],[145.20048,-15.39868],[145.19906,-15.39877],[145.19798,-15.40054],[145.19591,-15.4008],[145.19594,-15.40194],[145.19497,-15.40263],[145.19461,-15.4011],[145.19336,-15.40054],[145.19277,-15.40117],[145.19064,-15.39968],[145.18994,-15.40046],[145.18801,-15.40016],[145.18896,-15.38495],[145.17703,-15.38395],[145.17612,-15.39434],[145.17203,-15.39531],[145.17136,-15.39386],[145.16926,-15.39426],[145.16946,-15.39265],[145.16758,-15.39067],[145.16352,-15.39247],[145.15961,-15.39067],[145.15943,-15.39365],[145.15793,-15.39352],[145.15668,-15.39125],[145.15747,-15.38259],[145.15109,-15.38205],[145.15044,-15.38925],[145.15236,-15.39096],[145.15192,-15.3926],[145.15285,-15.3937],[145.15396,-15.39279],[145.15627,-15.3927],[145.15509,-15.40564],[145.20037,-15.40774]]]]},"properties":{"LGA Code":"2500","Abbreviated Name":"Cook","LGA Name":"Cook Shire","Area Sq Km":183345.89922,"LDMG Name":"Cook","Police Region Name":"Far Northern Region","Police Region Code":"FNR","Police Region Short Name":"Far North"}},{"type":"Feature","geometry":{"type":"Polygon","coordinates":[[[142.37437,-19.40037],[142.39531,-19.40226],[142.39669,-19.38841],[142.60478,-19.40321],[142.59213,-19.5466],[142.60956,-19.54776],[142.60224,-19.62005],[142.60068,-19.63551],[143.24971,-19.6899],[143.25674,-19.6818],[143.25928,-19.68143],[143.26396,-19.68456],[143.27006,-19.6942],[143.27212,-19.69601],[143.27497,-19.69644],[143.27966,-19.69418],[143.28544,-19.68954],[143.28719,-19.68724],[143.28851,-19.68424],[143.28883,-19.67239],[143.28958,-19.6697],[143.29838,-19.65635],[143.30582,-19.63947],[143.31067,-19.63324],[143.31718,-19.62846],[143.33301,-19.6211],[143.33668,-19.61669],[143.33921,-19.60961],[143.34194,-19.60559],[143.34615,-19.6037],[143.35139,-19.60433],[143.36769,-19.61271],[143.37285,-19.61387],[143.38308,-19.61257],[143.39428,-19.59676],[143.39473,-19.58628],[143.39396,-19.57661],[143.39508,-19.57508],[143.39798,-19.57523],[143.40093,-19.57297],[143.40289,-19.57017],[143.41317,-19.56437],[143.417,-19.56711],[143.42565,-19.56513],[143.42777,-19.56311],[143.42995,-19.56316],[143.43407,-19.5653],[143.44383,-19.56601],[143.44734,-19.55878],[143.45374,-19.55594],[143.45733,-19.54957],[143.45811,-19.54667],[143.46186,-19.54494],[143.46632,-19.53996],[143.48988,-19.53089],[143.49329,-19.52838],[143.50143,-19.52442],[143.50623,-19.52013],[143.5094,-19.51599],[143.51316,-19.50533],[143.51275,-19.49905],[143.5111,-19.49155],[143.50768,-19.48392],[143.4998,-19.48561],[143.48633,-19.48553],[143.47979,-19.48068],[143.47742,-19.47892],[143.47006,-19.47191],[143.45846,-19.45589],[143.45122,-19.44742],[143.4491,-19.44094],[143.44913,-19.43544],[143.45048,-19.42757],[143.45202,-19.42322],[143.45221,-19.4185],[143.45092,-19.41573],[143.44693,-19.41196],[143.44327,-19.40553],[143.44291,-19.38879],[143.44171,-19.38138],[143.43906,-19.37454],[143.43458,-19.3681],[143.42289,-19.3568],[143.42173,-19.35171],[143.4223,-19.34236],[143.41781,-19.3282],[143.41214,-19.31898],[143.40708,-19.31451],[143.40197,-19.3126],[143.39575,-19.31153],[143.38975,-19.30901],[143.38611,-19.30385],[143.38158,-19.28996],[143.37809,-19.28818],[143.38014,-19.28144],[143.3803,-19.27826],[143.38363,-19.27472],[143.39559,-19.26938],[143.39646,-19.26691],[143.39453,-19.26026],[143.39505,-19.25701],[143.3967,-19.25609],[143.4015,-19.25542],[143.40446,-19.25247],[143.40561,-19.2494],[143.40567,-19.24648],[143.40388,-19.24155],[143.39849,-19.23595],[143.39864,-19.22892],[143.39538,-19.22121],[143.39228,-19.21815],[143.39011,-19.21398],[143.38815,-19.2045],[143.38607,-19.20051],[143.38194,-19.19536],[143.3789,-19.1935],[143.37441,-19.19247],[143.37332,-19.18867],[143.37148,-19.18588],[143.36765,-19.1834],[143.35071,-19.18556],[143.34248,-19.18969],[143.33579,-19.18981],[143.32876,-19.19336],[143.32579,-19.19296],[143.32392,-19.19137],[143.32443,-19.18898],[143.32723,-19.18492],[143.3269,-19.18354],[143.31881,-19.1814],[143.31653,-19.17852],[143.3142,-19.1777],[143.30995,-19.17367],[143.30866,-19.17098],[143.31044,-19.1681],[143.31183,-19.16246],[143.31142,-19.16039],[143.3072,-19.15945],[143.29055,-19.16074],[143.28692,-19.15723],[143.28561,-19.15111],[143.28652,-19.14298],[143.29113,-19.13054],[143.28602,-19.11704],[143.28202,-19.11009],[143.27727,-19.10425],[143.27301,-19.09279],[143.26263,-19.08051],[143.26306,-19.07752],[143.26629,-19.07441],[143.26799,-19.07135],[143.26826,-19.06732],[143.26533,-19.06074],[143.26288,-19.05743],[143.2603,-19.05566],[143.25606,-19.05583],[143.25243,-19.05298],[143.24908,-19.05507],[143.24432,-19.05523],[143.24113,-19.05753],[143.23574,-19.05418],[143.22697,-19.05462],[143.22553,-19.0515],[143.22106,-19.05069],[143.22234,-19.04708],[143.21345,-19.04146],[143.21086,-19.03887],[143.21001,-19.03621],[143.21189,-19.01738],[143.21022,-19.0136],[143.2098,-19.00962],[143.2046,-19.00662],[143.2,-19.00246],[143.19549,-19.00326],[143.19344,-19.0025],[143.19049,-18.98957],[143.18859,-18.9891],[143.18536,-18.98966],[143.18072,-18.98773],[143.16848,-18.9857],[143.16589,-18.98439],[143.16555,-18.98224],[143.16668,-18.97528],[143.16445,-18.97481],[143.15875,-18.97116],[143.15725,-18.96751],[143.15638,-18.96089],[143.15242,-18.95145],[143.14664,-18.94776],[143.14309,-18.93778],[143.13136,-18.93263],[143.11934,-18.93216],[143.1121,-18.92293],[143.10391,-18.91981],[143.07066,-18.92117],[143.06212,-18.91972],[143.05811,-18.91752],[143.04977,-18.91832],[143.04303,-18.92174],[143.03668,-18.9274],[143.0245,-18.92604],[143.01497,-18.92642],[142.99868,-18.93319],[142.97794,-18.93107],[142.96558,-18.92565],[142.95069,-18.91459],[142.93851,-18.90252],[142.92484,-18.88413],[142.90283,-18.85884],[142.90155,-18.85596],[142.89608,-18.83354],[142.88609,-18.81438],[142.88222,-18.80579],[142.87997,-18.80082],[142.87975,-18.80033],[142.88005,-18.79789],[142.88849,-18.78595],[142.88749,-18.77846],[142.89074,-18.77158],[142.88885,-18.76222],[142.89247,-18.75468],[142.89673,-18.75181],[142.90216,-18.75279],[142.90292,-18.75154],[142.88883,-18.73269],[142.89076,-18.72505],[142.89211,-18.72329],[142.89187,-18.72005],[142.88999,-18.71604],[142.89312,-18.70918],[142.88884,-18.70381],[142.88791,-18.70045],[142.8841,-18.6979],[142.85647,-18.68949],[142.85106,-18.68703],[142.84777,-18.67934],[142.84109,-18.67472],[142.83697,-18.6691],[142.84018,-18.66206],[142.84145,-18.65708],[142.84089,-18.65422],[142.83452,-18.64684],[142.8344,-18.63998],[142.83659,-18.6364],[142.84071,-18.63286],[142.84872,-18.6294],[142.84997,-18.62614],[142.85148,-18.62533],[142.85413,-18.62558],[142.85567,-18.62374],[142.85797,-18.61838],[142.85805,-18.61489],[142.85424,-18.60962],[142.85498,-18.60644],[142.85152,-18.59849],[142.85433,-18.59182],[142.85231,-18.58588],[142.84806,-18.58436],[142.84623,-18.58154],[142.84096,-18.57782],[142.83548,-18.57709],[142.8334,-18.58158],[142.82923,-18.58278],[142.81491,-18.57405],[142.81127,-18.56755],[142.80625,-18.56473],[142.80362,-18.56458],[142.80216,-18.56548],[142.7989,-18.57105],[142.79576,-18.57371],[142.79232,-18.58218],[142.78568,-18.58503],[142.78029,-18.58491],[142.77807,-18.58375],[142.77801,-18.58229],[142.78275,-18.5782],[142.78467,-18.57524],[142.78472,-18.57195],[142.78232,-18.56797],[142.78365,-18.56143],[142.78635,-18.55373],[142.78555,-18.5506],[142.78352,-18.54689],[142.78016,-18.54441],[142.77285,-18.53966],[142.76586,-18.53679],[142.76339,-18.53494],[142.76163,-18.52966],[142.74928,-18.51797],[142.74714,-18.51389],[142.74301,-18.51328],[142.73239,-18.51373],[142.71467,-18.52105],[142.71143,-18.51763],[142.71026,-18.51743],[142.69825,-18.52308],[142.69165,-18.52791],[142.68741,-18.52841],[142.68229,-18.52821],[142.67527,-18.52487],[142.66816,-18.52497],[142.6613,-18.52232],[142.65613,-18.52443],[142.65171,-18.52485],[142.64734,-18.52697],[142.64088,-18.52645],[142.6374,-18.52503],[142.63867,-18.52103],[142.64254,-18.51743],[142.64839,-18.5137],[142.6453,-18.50797],[142.64523,-18.50376],[142.6478,-18.5015],[142.64786,-18.49919],[142.64523,-18.49647],[142.64336,-18.49574],[142.64347,-18.48442],[142.64424,-18.48221],[142.6409,-18.47561],[142.63906,-18.46681],[142.63424,-18.45847],[142.62785,-18.45506],[142.62363,-18.45505],[142.61907,-18.45743],[142.61451,-18.45638],[142.61214,-18.45401],[142.60939,-18.45283],[142.60599,-18.44503],[142.60274,-18.44195],[142.59653,-18.43906],[142.58475,-18.43193],[142.57947,-18.4312],[142.56433,-18.43256],[142.55922,-18.43235],[142.55882,-18.42698],[142.55418,-18.42653],[142.55368,-18.43121],[142.54345,-18.4255],[142.54326,-18.42207],[142.54148,-18.41942],[142.53423,-18.41374],[142.51983,-18.4088],[142.51419,-18.40416],[142.51399,-18.40106],[142.5154,-18.39414],[142.51675,-18.39125],[142.51932,-18.38893],[142.52182,-18.38076],[142.52053,-18.36791],[142.52433,-18.35951],[142.52354,-18.35385],[142.52217,-18.35146],[142.5104,-18.34303],[142.50116,-18.33388],[142.49535,-18.33066],[142.4858,-18.31857],[142.48461,-18.31513],[142.48591,-18.29333],[142.48715,-18.28474],[142.48958,-18.27671],[142.49143,-18.26697],[142.49206,-18.26009],[142.49008,-18.25724],[142.48422,-18.25594],[142.47673,-18.25172],[142.47222,-18.24819],[142.46808,-18.24359],[142.46387,-18.23141],[142.4638,-18.22257],[142.46548,-18.21781],[142.47243,-18.21098],[142.62547,-18.08108],[142.54546,-17.99115],[142.50433,-17.94938],[142.47405,-17.91373],[142.4983,-17.89346],[142.48244,-17.87562],[142.3823,-17.8714],[142.24424,-17.7129],[142.26774,-17.49176],[142.17836,-17.56622],[142.05778,-17.43426],[142.01226,-17.47119],[141.89773,-17.33074],[141.78534,-17.42239],[141.83673,-17.48247],[141.72564,-17.46951],[141.72874,-17.43294],[141.5764,-17.42037],[141.57272,-17.4584],[141.42227,-17.4438],[141.40659,-17.60993],[141.38216,-17.60801],[141.37819,-17.6766],[141.43825,-17.6798],[141.43297,-17.74932],[141.41336,-17.76161],[141.40775,-17.76325],[141.4041,-17.76333],[141.40089,-17.7609],[141.39859,-17.75685],[141.39342,-17.75322],[141.388,-17.75182],[141.38293,-17.75136],[141.37832,-17.75275],[141.37444,-17.75208],[141.36207,-17.75552],[141.35934,-17.75443],[141.35916,-17.74491],[141.35091,-17.74324],[141.33881,-17.74446],[141.33245,-17.73812],[141.33003,-17.73355],[141.32829,-17.73321],[141.31686,-17.73668],[141.30441,-17.89894],[141.46825,-17.91041],[141.46608,-17.93897],[141.39314,-17.93476],[141.3883,-18.00659],[141.39195,-18.0061],[141.39507,-18.00403],[141.40022,-18.00397],[141.39519,-18.0571],[141.28172,-18.04672],[141.28378,-18.02322],[141.19988,-18.01542],[141.19207,-18.1133],[141.14685,-18.11041],[141.14046,-18.11266],[141.14062,-18.11467],[141.13799,-18.11743],[141.13634,-18.12231],[141.13406,-18.12526],[141.13459,-18.12724],[141.1341,-18.12917],[141.13596,-18.13245],[141.13457,-18.1347],[141.13487,-18.13772],[141.13887,-18.14495],[141.1394,-18.14954],[141.14315,-18.15714],[141.14225,-18.16088],[141.14411,-18.16626],[141.14333,-18.16955],[141.13789,-18.17973],[141.13702,-18.18886],[141.13878,-18.19135],[141.14451,-18.19556],[141.14505,-18.19399],[141.14733,-18.19293],[141.15195,-18.19485],[141.15492,-18.19498],[141.15745,-18.19602],[141.16069,-18.20253],[141.16268,-18.20463],[141.16794,-18.2037],[141.17004,-18.20713],[141.1752,-18.20901],[141.18125,-18.21325],[141.18123,-18.21684],[141.18463,-18.22028],[141.18477,-18.22289],[141.18564,-18.22294],[141.18697,-18.22498],[141.18586,-18.22652],[141.18659,-18.22998],[141.19033,-18.23355],[141.19063,-18.23851],[141.18873,-18.24284],[141.19014,-18.24785],[141.19372,-18.25364],[141.20086,-18.25263],[141.20422,-18.25488],[141.20574,-18.26158],[141.20939,-18.26279],[141.21057,-18.26444],[141.21011,-18.26576],[141.21136,-18.27032],[141.21067,-18.27412],[141.21315,-18.27866],[141.21078,-18.28236],[141.21303,-18.28495],[141.21226,-18.28796],[141.21683,-18.29103],[141.21987,-18.29426],[141.21837,-18.29718],[141.22095,-18.30088],[141.22036,-18.30186],[141.21805,-18.30224],[141.22015,-18.3085],[141.21922,-18.3121],[141.21746,-18.31446],[141.22066,-18.31655],[141.22198,-18.31959],[141.22195,-18.32069],[141.22023,-18.32236],[141.22192,-18.32282],[141.2233,-18.32464],[141.22319,-18.3297],[141.22575,-18.3292],[141.22645,-18.33107],[141.22973,-18.33189],[141.23172,-18.33531],[141.235,-18.33465],[141.23788,-18.33593],[141.24005,-18.34357],[141.24194,-18.34638],[141.24591,-18.34885],[141.2493,-18.34968],[141.24976,-18.35048],[141.24993,-18.35366],[141.253,-18.36009],[141.25226,-18.36176],[141.25447,-18.36403],[141.26177,-18.36526],[141.26613,-18.36877],[141.26745,-18.37784],[141.27261,-18.3868],[141.27482,-18.38874],[141.2815,-18.39122],[141.28383,-18.39823],[141.28304,-18.39926],[141.28254,-18.40515],[141.28266,-18.40672],[141.28391,-18.40807],[141.28385,-18.40963],[141.28064,-18.41601],[141.28104,-18.41752],[141.28324,-18.41752],[141.2863,-18.42011],[141.28936,-18.42151],[141.29237,-18.42512],[141.30075,-18.42646],[141.30205,-18.42764],[141.30262,-18.42954],[141.30133,-18.43748],[141.3048,-18.44779],[141.30079,-18.45028],[141.30102,-18.45574],[141.29499,-18.45975],[141.29492,-18.46168],[141.2965,-18.46342],[141.29487,-18.46506],[141.29383,-18.46759],[141.29678,-18.47043],[141.29864,-18.47552],[141.29602,-18.47818],[141.29419,-18.47829],[141.29286,-18.47995],[141.29447,-18.48399],[141.29295,-18.48507],[141.29483,-18.48719],[141.29584,-18.48988],[141.29934,-18.49293],[141.29901,-18.49647],[141.29775,-18.4996],[141.29043,-18.5002],[141.29025,-18.50239],[141.28789,-18.50281],[141.28476,-18.50539],[141.28488,-18.50858],[141.28637,-18.50948],[141.28514,-18.51216],[141.28631,-18.51688],[141.28366,-18.51872],[141.28621,-18.52288],[141.28556,-18.52594],[141.28629,-18.52813],[141.28553,-18.53],[141.28824,-18.54122],[141.28811,-18.54642],[141.28931,-18.54771],[141.29226,-18.54857],[141.29383,-18.55138],[141.29587,-18.55228],[141.29741,-18.55585],[141.29868,-18.55648],[141.29872,-18.56033],[141.30029,-18.56332],[141.29812,-18.56776],[141.29681,-18.56763],[141.2967,-18.56593],[141.29349,-18.56593],[141.29171,-18.56657],[141.2908,-18.56857],[141.2912,-18.56969],[141.29324,-18.57027],[141.29358,-18.5752],[141.29213,-18.57788],[141.29458,-18.5852],[141.29611,-18.58732],[141.2995,-18.58797],[141.30013,-18.59314],[141.30159,-18.59366],[141.30217,-18.59515],[141.30164,-18.6022],[141.30274,-18.60658],[141.30099,-18.60734],[141.2987,-18.61141],[141.3037,-18.61258],[141.30556,-18.61404],[141.30567,-18.61511],[141.31064,-18.61718],[141.31497,-18.62043],[141.36996,-18.62545],[141.36402,-18.68141],[141.62239,-18.70758],[141.69196,-18.7136],[141.66815,-18.96968],[141.63621,-18.96711],[141.62013,-19.11457],[141.6089,-19.1134],[141.60933,-19.11999],[141.6132,-19.12419],[141.61329,-19.12596],[141.61139,-19.12851],[141.61124,-19.12998],[141.61283,-19.13221],[141.61125,-19.13387],[141.6113,-19.13518],[141.61277,-19.13776],[141.61675,-19.13844],[141.61683,-19.14041],[141.61534,-19.14273],[141.61705,-19.14477],[141.61802,-19.14372],[141.62006,-19.14557],[141.62107,-19.14556],[141.6207,-19.14816],[141.62124,-19.1489],[141.62369,-19.14869],[141.62373,-19.15053],[141.62698,-19.15015],[141.62787,-19.1504],[141.62812,-19.15047],[141.62846,-19.15056],[141.62902,-19.15187],[141.6312,-19.15182],[141.63309,-19.15472],[141.63586,-19.15566],[141.63962,-19.15468],[141.64613,-19.15771],[141.65826,-19.15715],[141.66177,-19.15968],[141.66444,-19.1584],[141.669,-19.15908],[141.67871,-19.15546],[141.68084,-19.15546],[141.68608,-19.15724],[141.69037,-19.15612],[141.69161,-19.15643],[141.69411,-19.15914],[141.69735,-19.16001],[141.69702,-19.16084],[141.69796,-19.16235],[141.69926,-19.16314],[141.70416,-19.17072],[141.70899,-19.17273],[141.71114,-19.17632],[141.71552,-19.17906],[141.72661,-19.17965],[141.72901,-19.17904],[141.73453,-19.18399],[141.73913,-19.18511],[141.74127,-19.18687],[141.74449,-19.19173],[141.74622,-19.19268],[141.75322,-19.19315],[141.75701,-19.19162],[141.75875,-19.19269],[141.76216,-19.1918],[141.77107,-19.07818],[141.93115,-19.08964],[141.94148,-18.97844],[142.12673,-18.99338],[142.12914,-18.96953],[142.17658,-18.97214],[142.15943,-19.14201],[142.23508,-19.14952],[142.23644,-19.13603],[142.35228,-19.14747],[142.35384,-19.12259],[142.40069,-19.12652],[142.37437,-19.40037]]]},"properties":{"LGA Code":"2600","Abbreviated Name":"Croydon","LGA Name":"Croydon Shire","Area Sq Km":29509.30461,"LDMG Name":"Croydon","Police Region Name":"Far Northern Region","Police Region Code":"FNR","Police Region Short Name":"Far North"}},{"type":"Feature","geometry":{"type":"Polygon","coordinates":[[[146.25958,-16.69845],[146.25849,-16.69493],[146.25898,-16.69267],[146.25642,-16.68679],[146.25466,-16.68519],[146.25163,-16.68416],[146.16645,-16.60898],[146.16717,-16.60785],[146.16683,-16.6057],[146.1652,-16.60422],[146.16366,-16.60444],[146.13249,-16.52924],[146.13331,-16.52845],[146.13296,-16.52653],[146.13075,-16.52425],[146.12829,-16.52368],[146.10327,-16.48863],[146.10269,-16.48637],[146.10093,-16.48513],[146.08358,-16.42829],[146.08355,-16.4261],[146.08241,-16.42413],[146.05436,-16.40328],[146.05403,-16.40057],[146.05078,-16.3949],[146.04939,-16.39455],[146.04891,-16.39512],[145.92242,-16.33422],[145.92201,-16.32472],[145.91865,-16.3186],[145.91409,-16.31632],[145.89099,-16.24497],[145.89791,-16.24139],[145.90097,-16.23846],[145.90986,-16.21771],[145.91131,-16.20947],[145.91117,-16.19285],[145.90632,-16.18321],[145.90306,-16.18252],[145.89991,-16.17923],[145.89524,-16.17784],[145.89082,-16.17454],[145.88836,-16.17419],[145.86508,-16.11494],[145.86863,-16.10919],[145.87066,-16.10004],[145.87057,-16.09688],[145.86964,-16.09517],[145.86279,-16.08632],[145.86373,-16.06507],[145.86633,-16.06385],[145.87023,-16.05471],[145.86936,-16.04385],[145.86361,-16.02731],[145.85839,-16.02062],[145.8478,-16.01095],[145.84138,-15.99327],[145.84014,-15.98265],[145.83598,-15.97651],[145.83168,-15.97411],[145.83064,-15.97185],[145.82865,-15.97036],[145.82884,-15.9602],[145.83096,-15.95647],[145.83192,-15.95264],[145.83236,-15.93817],[145.82429,-15.91315],[145.62387,-15.91341],[145.50001,-15.91499],[145.36779,-15.91499],[145.36613,-15.92069],[145.36123,-15.92211],[145.34821,-15.93016],[145.34614,-15.93228],[145.34629,-15.93455],[145.34506,-15.93859],[145.34326,-15.94002],[145.33832,-15.94129],[145.3362,-15.94288],[145.33563,-15.94723],[145.33705,-15.94914],[145.33595,-15.95046],[145.33434,-15.94985],[145.33291,-15.94671],[145.32896,-15.94537],[145.32655,-15.94335],[145.32547,-15.94305],[145.32547,-15.94304],[145.32406,-15.94264],[145.32377,-15.94275],[145.32226,-15.94335],[145.32173,-15.94356],[145.32169,-15.94366],[145.31983,-15.9487],[145.31959,-15.94934],[145.32032,-15.95584],[145.31975,-15.95874],[145.31716,-15.96104],[145.3162,-15.96183],[145.31531,-15.96206],[145.31091,-15.96274],[145.31139,-15.96125],[145.31421,-15.9621],[145.31713,-15.96102],[145.31304,-15.95608],[145.31545,-15.95332],[145.31226,-15.94822],[145.31581,-15.94589],[145.31425,-15.94529],[145.31564,-15.9441],[145.31643,-15.94472],[145.31676,-15.94412],[145.31595,-15.94249],[145.31733,-15.94276],[145.31585,-15.94028],[145.31709,-15.93952],[145.31695,-15.93838],[145.31876,-15.93619],[145.31802,-15.9325],[145.31981,-15.93265],[145.32038,-15.93144],[145.31824,-15.92854],[145.31667,-15.9284],[145.31587,-15.92923],[145.31673,-15.93304],[145.31658,-15.9333],[145.31652,-15.93332],[145.31607,-15.93351],[145.31197,-15.93311],[145.31183,-15.93637],[145.30795,-15.93729],[145.30759,-15.93651],[145.30858,-15.93532],[145.30814,-15.93396],[145.30673,-15.93245],[145.30318,-15.93243],[145.30336,-15.93109],[145.30089,-15.93046],[145.3009,-15.92984],[145.30233,-15.92965],[145.30131,-15.92768],[145.29918,-15.92889],[145.29666,-15.92877],[145.29439,-15.92976],[145.29422,-15.92974],[145.29385,-15.92877],[145.29263,-15.92848],[145.29353,-15.92707],[145.29431,-15.92617],[145.29419,-15.92601],[145.29422,-15.92596],[145.29393,-15.92569],[145.29392,-15.92568],[145.2929,-15.92472],[145.29268,-15.92451],[145.29163,-15.9257],[145.289,-15.92592],[145.291,-15.92211],[145.2872,-15.92287],[145.28758,-15.92159],[145.28507,-15.92053],[145.28593,-15.91965],[145.28528,-15.91869],[145.28412,-15.91869],[145.28294,-15.91649],[145.28552,-15.91566],[145.2846,-15.91522],[145.28401,-15.91335],[145.28224,-15.91329],[145.28223,-15.91329],[145.283,-15.91268],[145.28302,-15.91267],[145.28372,-15.91211],[145.28247,-15.91091],[145.2827,-15.9105],[145.28297,-15.91014],[145.28506,-15.90971],[145.2851,-15.90815],[145.28756,-15.90683],[145.28562,-15.90292],[145.28274,-15.90297],[145.25512,-15.93309],[145.25276,-15.93063],[145.24848,-15.92854],[145.24769,-15.92096],[145.24628,-15.9175],[145.24428,-15.91873],[145.24032,-15.91961],[145.23748,-15.91943],[145.23377,-15.9221],[145.23003,-15.9232],[145.23104,-15.92209],[145.23068,-15.92012],[145.22748,-15.91894],[145.22273,-15.91902],[145.21757,-15.92226],[145.21562,-15.92166],[145.2135,-15.92266],[145.21432,-15.92434],[145.21223,-15.92735],[145.21146,-15.93193],[145.21051,-15.93192],[145.20877,-15.9298],[145.20782,-15.9299],[145.20595,-15.93173],[145.20612,-15.93307],[145.20189,-15.93478],[145.19925,-15.93393],[145.19735,-15.93489],[145.19556,-15.93471],[145.19469,-15.93244],[145.19296,-15.93285],[145.19016,-15.93202],[145.18483,-15.92933],[145.17727,-15.93272],[145.16787,-15.92724],[145.16288,-15.92326],[145.1611,-15.92341],[145.15755,-15.92753],[145.15363,-15.92961],[145.15249,-15.92906],[145.15149,-15.92959],[145.14849,-15.92767],[145.14571,-15.92738],[145.14284,-15.92957],[145.14033,-15.9304],[145.13879,-15.93395],[145.13457,-15.93763],[145.13641,-15.94388],[145.13591,-15.94981],[145.13667,-15.95219],[145.13582,-15.95337],[145.1342,-15.95358],[145.13199,-15.95172],[145.13004,-15.95208],[145.12932,-15.95062],[145.12777,-15.95028],[145.12645,-15.95092],[145.12102,-15.94726],[145.11679,-15.94603],[145.11334,-15.94562],[145.11085,-15.94668],[145.10491,-15.9462],[145.10311,-15.94681],[145.10233,-15.9526],[145.0996,-15.95275],[145.09509,-15.95667],[145.08417,-15.96043],[145.07406,-15.96603],[145.07316,-15.96727],[145.07774,-15.97426],[145.07778,-15.98151],[145.07535,-15.98696],[145.07112,-15.99081],[145.06998,-15.99347],[145.06972,-16.00054],[145.06845,-16.00216],[145.07205,-16.01304],[145.07066,-16.01478],[145.07144,-16.0223],[145.07039,-16.02385],[145.07155,-16.02694],[145.07442,-16.02893],[145.07737,-16.02774],[145.08059,-16.02812],[145.08478,-16.03744],[145.08741,-16.03871],[145.09107,-16.04427],[145.0914,-16.04697],[145.0896,-16.04921],[145.09058,-16.0523],[145.0874,-16.05703],[145.08849,-16.05964],[145.09135,-16.06203],[145.09046,-16.06575],[145.09125,-16.06794],[145.09047,-16.06946],[145.09299,-16.076],[145.09065,-16.07769],[145.0895,-16.08077],[145.08944,-16.08183],[145.09085,-16.08287],[145.09157,-16.0868],[145.09069,-16.0939],[145.08809,-16.09613],[145.08659,-16.10031],[145.08425,-16.10142],[145.08229,-16.10468],[145.08294,-16.10596],[145.08264,-16.11078],[145.0848,-16.11821],[145.08362,-16.12006],[145.07953,-16.1234],[145.07725,-16.12343],[145.07609,-16.12739],[145.07458,-16.12921],[145.07351,-16.12921],[145.07384,-16.13392],[145.07204,-16.13675],[145.07106,-16.13829],[145.06857,-16.13674],[145.06665,-16.1383],[145.06444,-16.13707],[145.06304,-16.13719],[145.05983,-16.13842],[145.05912,-16.14011],[145.05707,-16.14113],[145.05603,-16.14302],[145.05625,-16.14406],[145.05972,-16.14929],[145.05938,-16.15068],[145.05617,-16.14984],[145.0538,-16.15543],[145.05249,-16.15614],[145.04781,-16.15556],[145.04733,-16.15726],[145.04861,-16.15911],[145.04393,-16.1631],[145.03938,-16.16082],[145.0382,-16.15771],[145.03472,-16.1575],[145.03173,-16.15509],[145.02784,-16.15443],[145.02279,-16.15102],[145.01741,-16.1507],[145.01525,-16.14826],[145.01201,-16.14782],[145.00887,-16.14622],[145.00825,-16.14752],[145.00551,-16.14852],[144.99793,-16.15659],[144.99024,-16.15862],[144.99023,-16.15863],[144.98942,-16.15884],[144.98747,-16.16125],[144.99512,-16.16775],[144.99045,-16.16838],[144.98999,-16.17085],[144.98518,-16.17486],[144.98556,-16.17667],[144.98432,-16.18009],[144.98585,-16.18862],[144.98719,-16.19122],[144.98919,-16.19335],[144.99064,-16.19375],[145.00238,-16.193],[145.00486,-16.19498],[145.00501,-16.196],[145.00403,-16.19716],[145.00414,-16.2004],[145.01189,-16.2009],[145.01589,-16.20318],[145.01363,-16.20773],[145.01218,-16.2091],[145.01029,-16.20902],[145.00951,-16.20983],[145.01639,-16.21737],[145.02109,-16.22082],[145.02616,-16.22438],[145.02088,-16.22639],[145.02032,-16.22901],[145.02481,-16.23132],[145.03358,-16.23063],[145.05438,-16.24077],[145.05403,-16.24298],[145.06175,-16.24898],[145.05871,-16.2509],[145.05788,-16.25473],[145.05521,-16.25925],[145.05962,-16.26198],[145.06097,-16.26399],[145.06447,-16.26212],[145.07341,-16.26503],[145.07935,-16.26804],[145.08073,-16.26654],[145.08397,-16.26538],[145.08461,-16.26366],[145.08678,-16.26294],[145.09628,-16.26444],[145.10092,-16.26647],[145.10118,-16.2685],[145.10192,-16.26897],[145.10714,-16.26872],[145.10864,-16.27142],[145.10752,-16.27377],[145.10859,-16.27549],[145.11215,-16.27478],[145.11251,-16.27623],[145.11652,-16.2796],[145.12028,-16.28016],[145.12158,-16.28253],[145.1228,-16.28312],[145.12563,-16.28223],[145.13363,-16.28627],[145.13386,-16.29061],[145.13133,-16.29613],[145.13137,-16.30276],[145.12969,-16.30405],[145.1308,-16.30511],[145.13378,-16.30563],[145.13569,-16.30804],[145.13846,-16.30812],[145.13767,-16.31349],[145.13639,-16.31544],[145.13762,-16.31827],[145.13629,-16.31954],[145.1359,-16.32471],[145.1364,-16.32537],[145.13561,-16.32681],[145.13674,-16.32928],[145.13896,-16.33094],[145.13872,-16.33162],[145.14061,-16.33242],[145.13975,-16.33396],[145.14007,-16.33537],[145.1423,-16.33659],[145.1428,-16.33789],[145.14196,-16.34356],[145.14047,-16.3441],[145.1403,-16.34655],[145.1449,-16.35077],[145.15148,-16.34897],[145.15368,-16.35092],[145.15681,-16.34915],[145.15897,-16.34905],[145.15908,-16.35018],[145.16344,-16.35446],[145.16644,-16.35886],[145.169,-16.35954],[145.17012,-16.36235],[145.17433,-16.36755],[145.17444,-16.37062],[145.17199,-16.37229],[145.17352,-16.37511],[145.17324,-16.37604],[145.17488,-16.37742],[145.17849,-16.38341],[145.18893,-16.39182],[145.19043,-16.39396],[145.19329,-16.39497],[145.19545,-16.39466],[145.20047,-16.39837],[145.2027,-16.39868],[145.20615,-16.39669],[145.20874,-16.39744],[145.21067,-16.39925],[145.21401,-16.39989],[145.21596,-16.40688],[145.2156,-16.41042],[145.21386,-16.41194],[145.21303,-16.4143],[145.20869,-16.41648],[145.2088,-16.41998],[145.21843,-16.42366],[145.22226,-16.42687],[145.22175,-16.42908],[145.22284,-16.43002],[145.22509,-16.43027],[145.22584,-16.4315],[145.22556,-16.43353],[145.22627,-16.43505],[145.22545,-16.43633],[145.22667,-16.43914],[145.22827,-16.44014],[145.22857,-16.44207],[145.23586,-16.44591],[145.24041,-16.44558],[145.24091,-16.44668],[145.24016,-16.44938],[145.24194,-16.45099],[145.2443,-16.45746],[145.24423,-16.46158],[145.24265,-16.46219],[145.24295,-16.46432],[145.25228,-16.46429],[145.25696,-16.46744],[145.25943,-16.46824],[145.26767,-16.46577],[145.26975,-16.46653],[145.26929,-16.47044],[145.26828,-16.47137],[145.26883,-16.47248],[145.26576,-16.47185],[145.26273,-16.4751],[145.26365,-16.47801],[145.26047,-16.47814],[145.25953,-16.47901],[145.2579,-16.48219],[145.25845,-16.48457],[145.26501,-16.48797],[145.26872,-16.48864],[145.26946,-16.49011],[145.26436,-16.49334],[145.26317,-16.49678],[145.26418,-16.49952],[145.26573,-16.49999],[145.26809,-16.4994],[145.26917,-16.50011],[145.27201,-16.49939],[145.27643,-16.50064],[145.2761,-16.50291],[145.27195,-16.50427],[145.27265,-16.51042],[145.2739,-16.51255],[145.28038,-16.51543],[145.28057,-16.51644],[145.27918,-16.51806],[145.27955,-16.51859],[145.2819,-16.51947],[145.28335,-16.51863],[145.28473,-16.51919],[145.28434,-16.52124],[145.28633,-16.52243],[145.28667,-16.52435],[145.28796,-16.52498],[145.28986,-16.52782],[145.29017,-16.52979],[145.29719,-16.53107],[145.29724,-16.5329],[145.29488,-16.5346],[145.29573,-16.53675],[145.29735,-16.53703],[145.29878,-16.53839],[145.30272,-16.53751],[145.30468,-16.53548],[145.30499,-16.53289],[145.30714,-16.53115],[145.30931,-16.53111],[145.3116,-16.53245],[145.3114,-16.53379],[145.31326,-16.53615],[145.32009,-16.53813],[145.31978,-16.54085],[145.32631,-16.54183],[145.32666,-16.54504],[145.32582,-16.55179],[145.33007,-16.55161],[145.33558,-16.54678],[145.34562,-16.54746],[145.34714,-16.54822],[145.34935,-16.55152],[145.35202,-16.55174],[145.35193,-16.55533],[145.35465,-16.5564],[145.35819,-16.55317],[145.35933,-16.55308],[145.36062,-16.54999],[145.36285,-16.54864],[145.36291,-16.54664],[145.362,-16.54575],[145.36328,-16.54407],[145.36295,-16.54325],[145.36721,-16.53968],[145.3675,-16.53661],[145.37206,-16.53294],[145.37356,-16.51909],[145.38431,-16.52018],[145.38538,-16.51035],[145.40415,-16.51225],[145.40905,-16.51894],[145.4095,-16.51859],[145.41066,-16.51996],[145.40774,-16.52226],[145.41148,-16.52669],[145.4103,-16.52762],[145.41339,-16.53128],[145.41553,-16.5296],[145.43322,-16.55196],[145.43187,-16.56881],[145.43933,-16.56967],[145.44559,-16.57534],[145.44483,-16.57847],[145.44232,-16.57876],[145.4444,-16.59373],[145.44279,-16.59449],[145.44252,-16.59588],[145.44146,-16.59605],[145.44183,-16.59863],[145.4491,-16.59936],[145.44856,-16.60446],[145.43586,-16.60356],[145.43783,-16.60585],[145.44,-16.60579],[145.44378,-16.60893],[145.44379,-16.61015],[145.44926,-16.61058],[145.44717,-16.64353],[145.45491,-16.64437],[145.458,-16.64884],[145.46154,-16.64768],[145.46409,-16.64925],[145.46971,-16.64897],[145.47008,-16.64828],[145.46902,-16.6465],[145.47254,-16.6446],[145.48584,-16.64163],[145.48744,-16.6417],[145.49072,-16.64502],[145.49519,-16.64199],[145.49882,-16.64184],[145.50178,-16.64058],[145.50612,-16.6372],[145.50742,-16.63506],[145.51169,-16.63152],[145.51347,-16.63128],[145.51473,-16.62974],[145.51713,-16.63019],[145.52269,-16.62307],[145.52986,-16.62341],[145.53037,-16.62585],[145.52587,-16.62858],[145.52398,-16.6317],[145.5211,-16.63404],[145.5226,-16.63906],[145.52258,-16.64183],[145.52401,-16.64515],[145.52378,-16.64642],[145.51998,-16.64878],[145.5213,-16.65363],[145.51937,-16.65659],[145.52179,-16.65895],[145.52161,-16.6603],[145.51711,-16.66024],[145.51373,-16.66466],[145.51368,-16.6657],[145.51522,-16.66596],[145.51492,-16.66864],[145.51705,-16.67096],[145.51809,-16.67326],[145.51793,-16.67499],[145.52241,-16.67153],[145.52653,-16.67141],[145.53019,-16.67541],[145.53479,-16.67722],[145.53783,-16.67698],[145.54391,-16.68702],[145.55145,-16.69251],[145.55718,-16.69217],[145.56537,-16.69375],[145.56853,-16.69679],[145.57185,-16.69744],[145.57551,-16.70118],[145.58244,-16.70152],[145.58655,-16.70589],[145.59145,-16.70691],[145.59532,-16.70912],[145.59753,-16.70881],[145.60081,-16.71002],[145.6031,-16.71111],[145.60569,-16.71457],[145.60893,-16.71522],[145.6154,-16.71508],[145.61581,-16.71507],[145.61636,-16.71552],[145.61702,-16.71594],[145.61675,-16.71571],[145.61708,-16.71586],[145.62913,-16.70533],[145.63354,-16.69845],[146.25958,-16.69845]],[[145.29378,-15.99515],[145.29165,-15.99451],[145.29001,-15.99262],[145.28708,-15.9929],[145.2889,-15.98528],[145.28752,-15.98092],[145.29597,-15.98043],[145.29943,-15.97787],[145.2998,-15.97661],[145.29574,-15.9724],[145.29528,-15.97032],[145.29743,-15.96828],[145.30233,-15.96679],[145.30422,-15.96438],[145.30415,-15.96073],[145.30622,-15.96175],[145.30844,-15.96176],[145.31032,-15.9634],[145.31586,-15.96294],[145.31954,-15.96002],[145.32074,-15.95696],[145.32867,-15.95779],[145.33098,-15.95419],[145.33199,-15.9556],[145.33384,-15.95606],[145.33529,-15.95461],[145.33714,-15.95444],[145.33785,-15.95262],[145.33685,-15.95039],[145.3378,-15.94769],[145.33891,-15.9483],[145.33963,-15.95006],[145.33873,-15.95128],[145.34048,-15.9525],[145.33976,-15.95346],[145.34326,-15.95591],[145.34242,-15.96016],[145.33286,-15.96532],[145.33181,-15.96666],[145.3296,-15.96742],[145.3268,-15.96727],[145.32381,-15.96996],[145.32296,-15.96993],[145.31891,-15.97571],[145.31697,-15.97658],[145.31412,-15.98012],[145.31296,-15.9833],[145.30875,-15.98265],[145.30768,-15.98569],[145.30615,-15.98677],[145.3052,-15.98878],[145.30241,-15.98853],[145.30167,-15.99021],[145.29709,-15.99132],[145.29631,-15.99247],[145.29668,-15.99351],[145.29378,-15.99515]]]},"properties":{"LGA Code":"2810","Abbreviated Name":"Douglas","LGA Name":"Douglas Shire","Area Sq Km":7319.75437,"LDMG Name":"Douglas","Police Region Name":"Far Northern Region","Police Region Code":"FNR","Police Region Short Name":"Far North"}},{"type":"Feature","geometry":{"type":"Polygon","coordinates":[[[144.74114,-18.31745],[144.74737,-18.2548],[144.75207,-18.21628],[144.75186,-18.21597],[144.74682,-18.20845],[144.73397,-18.17559],[144.72216,-18.15952],[144.71576,-18.15329],[144.71044,-18.15083],[144.69683,-18.1396],[144.68935,-18.12857],[144.68557,-18.12426],[144.66686,-18.10844],[144.66089,-18.10539],[144.6562,-18.10169],[144.65399,-18.09817],[144.63964,-18.08481],[144.63029,-18.06876],[144.62516,-18.0624],[144.61593,-18.05471],[144.60362,-18.04688],[144.50251,-18.03571],[144.50056,-18.03475],[144.50049,-18.0334],[144.49879,-18.03191],[144.49552,-18.03205],[144.49485,-18.02902],[144.49354,-18.02836],[144.49275,-18.02544],[144.48952,-18.02186],[144.48744,-18.01767],[144.48497,-18.01769],[144.48228,-18.0189],[144.48128,-18.0207],[144.47861,-18.02157],[144.47656,-18.01959],[144.47699,-18.01782],[144.47625,-18.01533],[144.47556,-18.01554],[144.47564,-18.01436],[144.47322,-18.01328],[144.46997,-18.01705],[144.4559,-18.05523],[144.43957,-18.04278],[144.43379,-18.03617],[144.42665,-18.03094],[144.42182,-18.02507],[144.41555,-18.01973],[144.40609,-18.00089],[144.4005,-17.99457],[144.39543,-17.98504],[144.39092,-17.98401],[144.38393,-17.9796],[144.37528,-17.97682],[144.37278,-17.97459],[144.36792,-17.97601],[144.36519,-17.97511],[144.36411,-17.97274],[144.36127,-17.97368],[144.35929,-17.97205],[144.35891,-17.96742],[144.35688,-17.96586],[144.35699,-17.96382],[144.35533,-17.96262],[144.35381,-17.96009],[144.35318,-17.95843],[144.35377,-17.95703],[144.35268,-17.956],[144.35227,-17.95372],[144.34943,-17.95172],[144.34758,-17.95212],[144.34458,-17.94949],[144.34312,-17.9461],[144.34157,-17.94529],[144.33756,-17.9454],[144.3368,-17.94637],[144.33763,-17.94897],[144.33462,-17.94704],[144.33171,-17.9472],[144.32961,-17.94548],[144.32664,-17.9467],[144.3244,-17.94549],[144.32188,-17.94714],[144.32239,-17.95111],[144.32188,-17.95244],[144.32389,-17.95486],[144.32365,-17.9576],[144.32097,-17.96105],[144.31539,-17.96188],[144.31328,-17.96306],[144.31153,-17.96778],[144.31,-17.96855],[144.30837,-17.96758],[144.30488,-17.96828],[144.14255,-17.95433],[143.97064,-17.756],[143.9764,-17.68082],[143.83332,-17.67017],[143.82704,-17.66252],[143.81988,-17.65903],[143.80789,-17.65857],[143.7937,-17.65367],[143.78565,-17.65309],[143.77364,-17.64809],[143.76025,-17.63857],[143.75598,-17.63814],[143.74815,-17.63912],[143.74066,-17.64662],[143.73891,-17.6532],[143.73128,-17.65444],[143.72766,-17.6525],[143.7205,-17.6454],[143.71775,-17.64496],[143.71528,-17.6469],[143.71008,-17.64483],[143.70162,-17.63733],[143.68987,-17.6329],[143.68453,-17.62814],[143.68278,-17.61313],[143.68171,-17.61126],[143.67849,-17.61005],[143.67433,-17.61682],[143.67066,-17.62032],[143.65926,-17.62242],[143.65327,-17.62512],[143.65084,-17.63291],[143.64204,-17.63944],[143.64217,-17.64214],[143.63271,-17.6418],[143.62833,-17.63997],[143.62345,-17.63594],[143.61733,-17.63408],[143.60818,-17.62631],[143.6055,-17.62679],[143.60369,-17.62068],[143.60006,-17.61806],[143.59287,-17.61519],[143.58935,-17.6155],[143.58133,-17.62188],[143.57989,-17.63948],[143.57313,-17.64695],[143.56351,-17.64644],[143.55106,-17.65131],[143.54695,-17.65759],[143.53783,-17.65787],[143.52355,-17.6555],[143.51581,-17.64667],[143.51424,-17.64311],[143.51379,-17.63774],[143.51253,-17.63536],[143.50529,-17.63328],[143.49771,-17.62428],[143.49184,-17.62288],[143.48793,-17.62335],[143.48055,-17.62194],[143.47731,-17.61647],[143.48033,-17.61341],[143.47851,-17.61054],[143.47692,-17.60982],[143.46303,-17.61191],[143.45756,-17.61157],[143.45418,-17.60542],[143.45374,-17.601],[143.44096,-17.59093],[143.43973,-17.58743],[143.43378,-17.58435],[143.42396,-17.58303],[143.42112,-17.58514],[143.41611,-17.58055],[143.41318,-17.57647],[143.40705,-17.57596],[143.40148,-17.57133],[143.39873,-17.56996],[143.39451,-17.56021],[143.38941,-17.55964],[143.38148,-17.55061],[143.36971,-17.55102],[143.36036,-17.55646],[143.35681,-17.55688],[143.34922,-17.55431],[143.34215,-17.55379],[143.3387,-17.54922],[143.32984,-17.54164],[143.33018,-17.5335],[143.32941,-17.53216],[143.32858,-17.52377],[143.3228,-17.52143],[143.31723,-17.52056],[143.31102,-17.52063],[143.30675,-17.52556],[143.30224,-17.52634],[143.29823,-17.52963],[143.28964,-17.52802],[143.27817,-17.51857],[143.27276,-17.51845],[143.2685,-17.51583],[143.25504,-17.5128],[143.25186,-17.5149],[143.24771,-17.51536],[143.23596,-17.51513],[143.22862,-17.51358],[143.22199,-17.51808],[143.21349,-17.51655],[143.21101,-17.5212],[143.2127,-17.53689],[143.20685,-17.54382],[143.20514,-17.55291],[143.19919,-17.55665],[143.19506,-17.5576],[143.1879,-17.55768],[143.18568,-17.55336],[143.17848,-17.55455],[143.17508,-17.55673],[143.17211,-17.56047],[143.16306,-17.56039],[143.15866,-17.55805],[143.14385,-17.56132],[143.13752,-17.55985],[143.12706,-17.55915],[143.12477,-17.56469],[143.10923,-17.56477],[143.10153,-17.55934],[143.08181,-17.54789],[143.07328,-17.54391],[143.07084,-17.54498],[143.06962,-17.55128],[143.06644,-17.55385],[143.05514,-17.55585],[143.04962,-17.5512],[143.04815,-17.54827],[143.03976,-17.54525],[143.03086,-17.54091],[143.01913,-17.53715],[143.01517,-17.54505],[143.00694,-17.55011],[143.00323,-17.54725],[142.98598,-17.54652],[142.98356,-17.54853],[142.9806,-17.54495],[142.97675,-17.54625],[142.97165,-17.58375],[142.96326,-17.58472],[142.95271,-17.59047],[142.94174,-17.59028],[142.94035,-17.59218],[142.93801,-17.59132],[142.93242,-17.59102],[142.92628,-17.5952],[142.9234,-17.59587],[142.91802,-17.60321],[142.91074,-17.60505],[142.89647,-17.60648],[142.89477,-17.60803],[142.8922,-17.60864],[142.89027,-17.61172],[142.88557,-17.6137],[142.88311,-17.61331],[142.88103,-17.61404],[142.87821,-17.61342],[142.87583,-17.61526],[142.87098,-17.61472],[142.86562,-17.61224],[142.86177,-17.61387],[142.85625,-17.61363],[142.85424,-17.61512],[142.85244,-17.61837],[142.84668,-17.61895],[142.84022,-17.62307],[142.83607,-17.62475],[142.83622,-17.6281],[142.83349,-17.63101],[142.82614,-17.63184],[142.82245,-17.63082],[142.81702,-17.62775],[142.81481,-17.62713],[142.81254,-17.62756],[142.81023,-17.62911],[142.80465,-17.63545],[142.79599,-17.64071],[142.79427,-17.64072],[142.7923,-17.63951],[142.78609,-17.63839],[142.78479,-17.63752],[142.76937,-17.6406],[142.76156,-17.63878],[142.75881,-17.63987],[142.75266,-17.64427],[142.75045,-17.64429],[142.74737,-17.64314],[142.74568,-17.63992],[142.73671,-17.63783],[142.73415,-17.63926],[142.73039,-17.64447],[142.728,-17.64443],[142.72462,-17.64352],[142.72264,-17.64172],[142.72182,-17.63925],[142.71885,-17.63651],[142.71024,-17.635],[142.69701,-17.63623],[142.68687,-17.63444],[142.68145,-17.63178],[142.67948,-17.63174],[142.67562,-17.63195],[142.66774,-17.63548],[142.66483,-17.63927],[142.65874,-17.64432],[142.65569,-17.64564],[142.65126,-17.64415],[142.63972,-17.64342],[142.63754,-17.63991],[142.63258,-17.64066],[142.62987,-17.63939],[142.6241,-17.63979],[142.62154,-17.64163],[142.61455,-17.6414],[142.60898,-17.6435],[142.60173,-17.64197],[142.59659,-17.64342],[142.5893,-17.64401],[142.58499,-17.64281],[142.5803,-17.63979],[142.57401,-17.64284],[142.56624,-17.64473],[142.56405,-17.64663],[142.56038,-17.64783],[142.55657,-17.64739],[142.5554,-17.64658],[142.55227,-17.64707],[142.54513,-17.65136],[142.5347,-17.65168],[142.52527,-17.6534],[142.50662,-17.65278],[142.50434,-17.65174],[142.49967,-17.6516],[142.49697,-17.65073],[142.49117,-17.64725],[142.48455,-17.64783],[142.48154,-17.6472],[142.47654,-17.64359],[142.47192,-17.64157],[142.46857,-17.63695],[142.46272,-17.63364],[142.4573,-17.63156],[142.45332,-17.63247],[142.44867,-17.62651],[142.44583,-17.62429],[142.43959,-17.61084],[142.43605,-17.6089],[142.43061,-17.60373],[142.43024,-17.60256],[142.42685,-17.60158],[142.42478,-17.60242],[142.42109,-17.60162],[142.41842,-17.59799],[142.41419,-17.58926],[142.41221,-17.58769],[142.40926,-17.58688],[142.40813,-17.58383],[142.41023,-17.57717],[142.40917,-17.57471],[142.40645,-17.57237],[142.40486,-17.57239],[142.40143,-17.56547],[142.39996,-17.55724],[142.40092,-17.55536],[142.40055,-17.5543],[142.39723,-17.5535],[142.39568,-17.55139],[142.39422,-17.54476],[142.39261,-17.54241],[142.39213,-17.53636],[142.38765,-17.52698],[142.37969,-17.52056],[142.37492,-17.51401],[142.37447,-17.51148],[142.37578,-17.50677],[142.3725,-17.50179],[142.36899,-17.50034],[142.36221,-17.50292],[142.35501,-17.50026],[142.35365,-17.49786],[142.3552,-17.49185],[142.35426,-17.48998],[142.34221,-17.48435],[142.33381,-17.48482],[142.32892,-17.4865],[142.32163,-17.48655],[142.31725,-17.48322],[142.30996,-17.48363],[142.30763,-17.48293],[142.30322,-17.48426],[142.29969,-17.48746],[142.29456,-17.49055],[142.28994,-17.49505],[142.28657,-17.49619],[142.27112,-17.49529],[142.26779,-17.49231],[142.2678,-17.49182],[142.26774,-17.49176],[142.24424,-17.7129],[142.3823,-17.8714],[142.48244,-17.87562],[142.4983,-17.89346],[142.47405,-17.91373],[142.50433,-17.94938],[142.54546,-17.99115],[142.62547,-18.08108],[142.47243,-18.21098],[142.46548,-18.21781],[142.4638,-18.22257],[142.46387,-18.23141],[142.46808,-18.24359],[142.47222,-18.24819],[142.47673,-18.25172],[142.48422,-18.25594],[142.49008,-18.25724],[142.49206,-18.26009],[142.49143,-18.26697],[142.48958,-18.27671],[142.48715,-18.28474],[142.48591,-18.29333],[142.48461,-18.31513],[142.4858,-18.31857],[142.49535,-18.33066],[142.50116,-18.33388],[142.5104,-18.34303],[142.52217,-18.35146],[142.52354,-18.35385],[142.52433,-18.35951],[142.52053,-18.36791],[142.52182,-18.38076],[142.51932,-18.38893],[142.51675,-18.39125],[142.5154,-18.39414],[142.51399,-18.40106],[142.51419,-18.40416],[142.51983,-18.4088],[142.53423,-18.41374],[142.54148,-18.41942],[142.54326,-18.42207],[142.54345,-18.4255],[142.55368,-18.43121],[142.55418,-18.42653],[142.55882,-18.42698],[142.55922,-18.43235],[142.56433,-18.43256],[142.57947,-18.4312],[142.58475,-18.43193],[142.59653,-18.43906],[142.60274,-18.44195],[142.60599,-18.44503],[142.60939,-18.45283],[142.61214,-18.45401],[142.61451,-18.45638],[142.61907,-18.45743],[142.62363,-18.45505],[142.62785,-18.45506],[142.63424,-18.45847],[142.63906,-18.46681],[142.6409,-18.47561],[142.64424,-18.48221],[142.64347,-18.48442],[142.64336,-18.49574],[142.64523,-18.49647],[142.64786,-18.49919],[142.6478,-18.5015],[142.64523,-18.50376],[142.6453,-18.50797],[142.64839,-18.5137],[142.64254,-18.51743],[142.63867,-18.52103],[142.6374,-18.52503],[142.64088,-18.52645],[142.64734,-18.52697],[142.65171,-18.52485],[142.65613,-18.52443],[142.6613,-18.52232],[142.66816,-18.52497],[142.67527,-18.52487],[142.68229,-18.52821],[142.68741,-18.52841],[142.69165,-18.52791],[142.69825,-18.52308],[142.71026,-18.51743],[142.71143,-18.51763],[142.71467,-18.52105],[142.73239,-18.51373],[142.74301,-18.51328],[142.74714,-18.51389],[142.74928,-18.51797],[142.76163,-18.52966],[142.76339,-18.53494],[142.76586,-18.53679],[142.77285,-18.53966],[142.78016,-18.54441],[142.78352,-18.54689],[142.78555,-18.5506],[142.78635,-18.55373],[142.78365,-18.56143],[142.78232,-18.56797],[142.78472,-18.57195],[142.78467,-18.57524],[142.78275,-18.5782],[142.77801,-18.58229],[142.77807,-18.58375],[142.78029,-18.58491],[142.78568,-18.58503],[142.79232,-18.58218],[142.79576,-18.57371],[142.7989,-18.57105],[142.80216,-18.56548],[142.80362,-18.56458],[142.80625,-18.56473],[142.81127,-18.56755],[142.81491,-18.57405],[142.82923,-18.58278],[142.8334,-18.58158],[142.83548,-18.57709],[142.84096,-18.57782],[142.84623,-18.58154],[142.84806,-18.58436],[142.85231,-18.58588],[142.85433,-18.59182],[142.85152,-18.59849],[142.85498,-18.60644],[142.85424,-18.60962],[142.85805,-18.61489],[142.85797,-18.61838],[142.85567,-18.62374],[142.85413,-18.62558],[142.85148,-18.62533],[142.84997,-18.62614],[142.84872,-18.6294],[142.84071,-18.63286],[142.83659,-18.6364],[142.8344,-18.63998],[142.83452,-18.64684],[142.84089,-18.65422],[142.84145,-18.65708],[142.84018,-18.66206],[142.83697,-18.6691],[142.84109,-18.67472],[142.84777,-18.67934],[142.85106,-18.68703],[142.85647,-18.68949],[142.8841,-18.6979],[142.88791,-18.70045],[142.88884,-18.70381],[142.89312,-18.70918],[142.88999,-18.71604],[142.89187,-18.72005],[142.89211,-18.72329],[142.89076,-18.72505],[142.88883,-18.73269],[142.90292,-18.75154],[142.90216,-18.75279],[142.89673,-18.75181],[142.89247,-18.75468],[142.88885,-18.76222],[142.89074,-18.77158],[142.88749,-18.77846],[142.88849,-18.78595],[142.88005,-18.79789],[142.87975,-18.80033],[142.87997,-18.80082],[142.88222,-18.80579],[142.88609,-18.81438],[142.89608,-18.83354],[142.90155,-18.85596],[142.90283,-18.85884],[142.92484,-18.88413],[142.93851,-18.90252],[142.95069,-18.91459],[142.96558,-18.92565],[142.97794,-18.93107],[142.99868,-18.93319],[143.01497,-18.92642],[143.0245,-18.92604],[143.03668,-18.9274],[143.04303,-18.92174],[143.04977,-18.91832],[143.05811,-18.91752],[143.06212,-18.91972],[143.07066,-18.92117],[143.10391,-18.91981],[143.1121,-18.92293],[143.11934,-18.93216],[143.13136,-18.93263],[143.14309,-18.93778],[143.14664,-18.94776],[143.15242,-18.95145],[143.15638,-18.96089],[143.15725,-18.96751],[143.15875,-18.97116],[143.16445,-18.97481],[143.16668,-18.97528],[143.16555,-18.98224],[143.16589,-18.98439],[143.16848,-18.9857],[143.18072,-18.98773],[143.18536,-18.98966],[143.18859,-18.9891],[143.19049,-18.98957],[143.19344,-19.0025],[143.19549,-19.00326],[143.2,-19.00246],[143.2046,-19.00662],[143.2098,-19.00962],[143.21022,-19.0136],[143.21189,-19.01738],[143.21001,-19.03621],[143.21086,-19.03887],[143.21345,-19.04146],[143.22234,-19.04708],[143.22106,-19.05069],[143.22553,-19.0515],[143.22697,-19.05462],[143.23574,-19.05418],[143.24113,-19.05753],[143.24432,-19.05523],[143.24908,-19.05507],[143.25243,-19.05298],[143.25606,-19.05583],[143.2603,-19.05566],[143.26288,-19.05743],[143.26533,-19.06074],[143.26826,-19.06732],[143.26799,-19.07135],[143.26629,-19.07441],[143.26306,-19.07752],[143.26263,-19.08051],[143.27301,-19.09279],[143.27727,-19.10425],[143.28202,-19.11009],[143.28602,-19.11704],[143.29113,-19.13054],[143.28652,-19.14298],[143.28561,-19.15111],[143.28692,-19.15723],[143.29055,-19.16074],[143.3072,-19.15945],[143.31142,-19.16039],[143.31183,-19.16246],[143.31044,-19.1681],[143.30866,-19.17098],[143.30995,-19.17367],[143.3142,-19.1777],[143.31653,-19.17852],[143.31881,-19.1814],[143.3269,-19.18354],[143.32723,-19.18492],[143.32443,-19.18898],[143.32392,-19.19137],[143.32579,-19.19296],[143.32876,-19.19336],[143.33579,-19.18981],[143.34248,-19.18969],[143.35071,-19.18556],[143.36765,-19.1834],[143.37148,-19.18588],[143.37332,-19.18867],[143.37441,-19.19247],[143.3789,-19.1935],[143.38194,-19.19536],[143.38607,-19.20051],[143.38815,-19.2045],[143.39011,-19.21398],[143.39228,-19.21815],[143.39538,-19.22121],[143.39864,-19.22892],[143.39849,-19.23595],[143.40388,-19.24155],[143.40567,-19.24648],[143.40561,-19.2494],[143.40446,-19.25247],[143.4015,-19.25542],[143.3967,-19.25609],[143.39505,-19.25701],[143.39453,-19.26026],[143.39646,-19.26691],[143.39559,-19.26938],[143.38363,-19.27472],[143.3803,-19.27826],[143.38014,-19.28144],[143.37809,-19.28818],[143.38158,-19.28996],[143.38611,-19.30385],[143.38975,-19.30901],[143.39575,-19.31153],[143.40197,-19.3126],[143.40708,-19.31451],[143.41214,-19.31898],[143.41781,-19.3282],[143.4223,-19.34236],[143.42173,-19.35171],[143.42289,-19.3568],[143.43458,-19.3681],[143.43906,-19.37454],[143.44171,-19.38138],[143.44291,-19.38879],[143.44327,-19.40553],[143.44693,-19.41196],[143.45092,-19.41573],[143.45221,-19.4185],[143.45202,-19.42322],[143.45048,-19.42757],[143.44913,-19.43544],[143.4491,-19.44094],[143.45122,-19.44742],[143.45846,-19.45589],[143.47006,-19.47191],[143.47742,-19.47892],[143.47979,-19.48068],[143.48633,-19.48553],[143.4998,-19.48561],[143.50768,-19.48392],[143.51378,-19.48002],[143.53551,-19.47183],[143.54955,-19.47656],[143.56528,-19.48562],[143.57977,-19.49688],[143.58323,-19.50155],[143.59054,-19.50724],[143.59642,-19.51664],[143.60055,-19.52179],[143.60539,-19.53031],[143.61899,-19.55993],[143.64667,-19.58381],[143.65406,-19.58747],[143.67747,-19.59714],[143.68226,-19.59699],[143.71516,-19.58534],[143.73416,-19.58995],[143.77572,-19.60575],[143.79699,-19.61755],[143.82447,-19.63042],[143.85184,-19.63703],[143.89601,-19.63385],[143.92509,-19.63075],[143.93805,-19.62727],[143.94746,-19.62197],[143.95569,-19.61957],[143.96733,-19.6205],[143.97652,-19.62293],[143.98815,-19.62175],[144.00034,-19.62212],[144.00389,-19.62129],[144.01425,-19.61491],[144.02891,-19.59784],[144.04477,-19.58355],[144.05426,-19.57055],[144.05623,-19.57009],[144.06062,-19.57083],[144.07198,-19.57456],[144.08895,-19.57821],[144.10357,-19.57966],[144.11272,-19.57614],[144.11717,-19.57175],[144.12406,-19.57186],[144.13929,-19.56557],[144.14702,-19.56569],[144.1569,-19.5676],[144.17221,-19.57644],[144.17293,-19.58315],[144.17469,-19.58843],[144.17997,-19.59441],[144.18697,-19.59738],[144.19702,-19.59977],[144.20653,-19.60374],[144.21231,-19.61005],[144.22645,-19.61871],[144.23154,-19.61592],[144.23889,-19.60854],[144.24805,-19.59419],[144.25509,-19.58553],[144.26186,-19.58293],[144.26577,-19.5798],[144.27324,-19.57593],[144.27945,-19.57602],[144.28402,-19.5745],[144.28519,-19.57328],[144.29571,-19.56643],[144.30256,-19.49736],[144.34487,-19.50149],[144.35174,-19.4239],[144.36956,-19.43007],[144.38746,-19.43072],[144.45079,-19.44124],[144.47051,-19.44789],[144.47738,-19.3709],[144.59085,-19.38411],[144.59781,-19.31903],[144.61741,-19.32091],[144.61899,-19.30603],[144.62247,-19.29728],[144.62971,-19.28841],[144.7501,-19.18075],[144.77112,-19.20466],[144.8314,-19.15984],[144.82385,-19.15683],[144.81051,-19.15583],[144.80438,-19.15722],[144.79443,-19.16218],[144.77435,-19.14795],[144.71528,-19.01682],[144.69974,-19.00514],[144.69931,-19.00391],[144.69798,-18.99598],[144.70751,-18.93592],[144.72139,-18.92124],[144.79031,-18.87103],[144.74539,-18.81802],[144.80843,-18.76958],[144.80723,-18.76843],[144.80756,-18.76448],[144.80463,-18.76174],[144.80469,-18.75998],[144.80676,-18.75727],[144.80591,-18.75231],[144.80524,-18.75149],[144.80163,-18.7509],[144.80065,-18.74959],[144.80058,-18.74774],[144.80258,-18.74568],[144.80248,-18.74437],[144.79884,-18.73966],[144.79205,-18.73319],[144.78902,-18.73293],[144.78675,-18.73398],[144.78338,-18.73718],[144.77754,-18.74068],[144.77253,-18.73661],[144.76828,-18.73089],[144.76545,-18.72855],[144.758,-18.72853],[144.75648,-18.72761],[144.75562,-18.72525],[144.7534,-18.72454],[144.75096,-18.72506],[144.74516,-18.72185],[144.74389,-18.71247],[144.74656,-18.7092],[144.74688,-18.70752],[144.7417,-18.70266],[144.78709,-18.66127],[144.76415,-18.63845],[144.65163,-18.62655],[144.65997,-18.56861],[144.67615,-18.42342],[144.67774,-18.31095],[144.74114,-18.31745]]]},"properties":{"LGA Code":"3100","Abbreviated Name":"Etheridge","LGA Name":"Etheridge Shire","Area Sq Km":39224.47706,"LDMG Name":"Etheridge","Police Region Name":"Far Northern Region","Police Region Code":"FNR","Police Region Short Name":"Far North"}},{"type":"Feature","geometry":{"type":"Polygon","coordinates":[[[145.22971,-14.83173],[145.22931,-14.83169],[145.22541,-14.83034],[145.22288,-14.83641],[145.21972,-14.83749],[145.19828,-14.83894],[145.19512,-14.83723],[145.18936,-14.83774],[145.18633,-14.83964],[145.18671,-14.84115],[145.18563,-14.84198],[145.18045,-14.84362],[145.17425,-14.84204],[145.17349,-14.84267],[145.17324,-14.84179],[145.16704,-14.83995],[145.16666,-14.84103],[145.16596,-14.8409],[145.16261,-14.83628],[145.15945,-14.83458],[145.15528,-14.83527],[145.1518,-14.83281],[145.14465,-14.83293],[145.14256,-14.83192],[145.14084,-14.8321],[145.14434,-14.83932],[145.12899,-14.98089],[145.16916,-14.98515],[145.16123,-15.05903],[145.13644,-15.05684],[145.13523,-15.06972],[145.13787,-15.07588],[145.13919,-15.08771],[145.13931,-15.09268],[145.13854,-15.09359],[145.13913,-15.0948],[145.14168,-15.09482],[145.141,-15.09587],[145.14188,-15.09671],[145.14506,-15.09739],[145.14564,-15.09619],[145.14466,-15.0959],[145.14723,-15.0947],[145.14671,-15.09368],[145.14823,-15.09302],[145.15054,-15.09337],[145.15108,-15.09174],[145.15029,-15.08887],[145.1521,-15.08753],[145.15124,-15.0864],[145.15154,-15.08539],[145.15324,-15.08431],[145.15385,-15.08513],[145.15512,-15.08342],[145.15725,-15.08326],[145.159,-15.08139],[145.16132,-15.08146],[145.16155,-15.08321],[145.16358,-15.08323],[145.16547,-15.0852],[145.16233,-15.11755],[145.18354,-15.1195],[145.18378,-15.12293],[145.18669,-15.12293],[145.1878,-15.12437],[145.18564,-15.12621],[145.18523,-15.12845],[145.18188,-15.12884],[145.17899,-15.13059],[145.17659,-15.13061],[145.1766,-15.13216],[145.17793,-15.13268],[145.17805,-15.13501],[145.17614,-15.13727],[145.17743,-15.14093],[145.17586,-15.14203],[145.17348,-15.14201],[145.17208,-15.14454],[145.17038,-15.14351],[145.16979,-15.14106],[145.16846,-15.14224],[145.16774,-15.1417],[145.16111,-15.14172],[145.15574,-15.14412],[145.15333,-15.14328],[145.15057,-15.14469],[145.14685,-15.14378],[145.14637,-15.14441],[145.14701,-15.14548],[145.14434,-15.14693],[145.14455,-15.14793],[145.14364,-15.14848],[145.14149,-15.14697],[145.14167,-15.14473],[145.13976,-15.14458],[145.13916,-15.14357],[145.13762,-15.14363],[145.13571,-15.14612],[145.13244,-15.14433],[145.12984,-15.1476],[145.13033,-15.1502],[145.12902,-15.15158],[145.12531,-15.14958],[145.12539,-15.14769],[145.12299,-15.14777],[145.12207,-15.14891],[145.11828,-15.14893],[145.11777,-15.15036],[145.11425,-15.1481],[145.11106,-15.15078],[145.11048,-15.14952],[145.10911,-15.1489],[145.10806,-15.14998],[145.10588,-15.14935],[145.10459,-15.1506],[145.09961,-15.14817],[145.09833,-15.14902],[145.09595,-15.14905],[145.09485,-15.15067],[145.09282,-15.14845],[145.09211,-15.14885],[145.09136,-15.15198],[145.08893,-15.15262],[145.08725,-15.14477],[145.08904,-15.14257],[145.08924,-15.14019],[145.08631,-15.1394],[145.08019,-15.25977],[145.07935,-15.25903],[145.07723,-15.26071],[145.05832,-15.26092],[145.05721,-15.2714],[145.03097,-15.26878],[145.02823,-15.29421],[145.03772,-15.29549],[145.03628,-15.30888],[145.03932,-15.30918],[145.03877,-15.3143],[145.03987,-15.31441],[145.04031,-15.30991],[145.061,-15.3118],[145.05789,-15.34376],[145.04088,-15.34219],[145.0396,-15.35589],[145.03856,-15.35636],[145.03638,-15.36031],[145.03459,-15.36148],[145.03678,-15.36336],[145.03677,-15.36485],[145.03227,-15.36697],[145.03329,-15.3681],[145.03347,-15.3699],[145.03124,-15.37084],[145.03253,-15.37392],[145.0325,-15.37588],[145.03506,-15.37661],[145.03937,-15.38145],[145.04,-15.38337],[145.03801,-15.38647],[145.04155,-15.39178],[145.04156,-15.3918],[145.0427,-15.394],[145.04319,-15.39424],[145.04413,-15.39471],[145.04652,-15.39453],[145.04875,-15.39573],[145.05013,-15.38034],[145.06506,-15.38159],[145.06368,-15.39701],[145.08047,-15.39841],[145.0811,-15.39136],[145.12061,-15.3946],[145.12376,-15.35997],[145.14877,-15.3621],[145.1454,-15.39901],[145.14721,-15.40103],[145.15133,-15.40138],[145.15098,-15.40525],[145.1113,-15.40186],[145.11113,-15.40386],[145.10178,-15.4031],[145.10045,-15.4183],[145.11248,-15.4193],[145.11274,-15.41635],[145.12601,-15.41743],[145.12612,-15.41622],[145.13796,-15.4172],[145.13828,-15.41351],[145.15522,-15.41492],[145.155,-15.41743],[145.16696,-15.4184],[145.16588,-15.43076],[145.17208,-15.43127],[145.17266,-15.42483],[145.1827,-15.42565],[145.1848,-15.42345],[145.17686,-15.42279],[145.17738,-15.41688],[145.18714,-15.41768],[145.18831,-15.41618],[145.19684,-15.41655],[145.19764,-15.41791],[145.19693,-15.41929],[145.19556,-15.41917],[145.19586,-15.41744],[145.19372,-15.41786],[145.19323,-15.41844],[145.19388,-15.42],[145.19233,-15.42086],[145.19326,-15.42189],[145.19312,-15.42299],[145.19689,-15.42358],[145.19797,-15.42517],[145.20245,-15.42464],[145.21485,-15.41487],[145.23873,-15.44338],[145.24216,-15.43186],[145.24707,-15.42196],[145.24816,-15.41627],[145.25206,-15.41065],[145.26134,-15.39895],[145.27156,-15.38858],[145.27686,-15.38375],[145.28255,-15.38234],[145.28692,-15.37821],[145.28817,-15.37595],[145.28785,-15.37314],[145.28692,-15.37252],[145.28785,-15.3701],[145.28551,-15.36542],[145.28544,-15.36386],[145.29113,-15.35505],[145.2955,-15.35053],[145.29659,-15.34834],[145.29674,-15.3446],[145.29791,-15.34405],[145.29807,-15.34226],[145.29721,-15.34117],[145.29479,-15.34078],[145.28926,-15.33696],[145.28817,-15.33516],[145.287,-15.33477],[145.28606,-15.3301],[145.28427,-15.33002],[145.28372,-15.32929],[145.28333,-15.32409],[145.28637,-15.31645],[145.29082,-15.31037],[145.31366,-15.29025],[145.3316,-15.27832],[145.34174,-15.27481],[145.3433,-15.27551],[145.34291,-15.27652],[145.34408,-15.27754],[145.35024,-15.27605],[145.35453,-15.27777],[145.35679,-15.27754],[145.35741,-15.27644],[145.35739,-15.27573],[145.35734,-15.27387],[145.35453,-15.27192],[145.35383,-15.27021],[145.35414,-15.26405],[145.35273,-15.25812],[145.35086,-15.25617],[145.35008,-15.25391],[145.34728,-15.2511],[145.34618,-15.25087],[145.34384,-15.24767],[145.34361,-15.24642],[145.34478,-15.24408],[145.344,-15.24159],[145.34517,-15.23714],[145.34486,-15.23316],[145.34299,-15.22903],[145.33956,-15.22661],[145.33378,-15.22849],[145.33176,-15.23106],[145.32942,-15.23808],[145.33035,-15.24237],[145.32996,-15.24525],[145.32856,-15.24767],[145.32895,-15.24868],[145.327,-15.25024],[145.32341,-15.2557],[145.32068,-15.25718],[145.31749,-15.25773],[145.31593,-15.25937],[145.31296,-15.25983],[145.31175,-15.2606],[145.31174,-15.2606],[145.31014,-15.26108],[145.31013,-15.26108],[145.29666,-15.25952],[145.27165,-15.25869],[145.26703,-15.25578],[145.26001,-15.24666],[145.25611,-15.23706],[145.25518,-15.23309],[145.25533,-15.23012],[145.24972,-15.21991],[145.24824,-15.21203],[145.24099,-15.20299],[145.23927,-15.19846],[145.23865,-15.19394],[145.2395,-15.18021],[145.2381,-15.17936],[145.23849,-15.17834],[145.23677,-15.1771],[145.23543,-15.16955],[145.23623,-15.16454],[145.23966,-15.1569],[145.24028,-15.15253],[145.23958,-15.14902],[145.23909,-15.14766],[145.23463,-15.14323],[145.23327,-15.14032],[145.23113,-15.14012],[145.22906,-15.14125],[145.22623,-15.14127],[145.22258,-15.13734],[145.22497,-15.13472],[145.22702,-15.13712],[145.23285,-15.13579],[145.23544,-15.1367],[145.23653,-15.13897],[145.23792,-15.13873],[145.24206,-15.12513],[145.24666,-15.11445],[145.2522,-15.10533],[145.26039,-15.09425],[145.26312,-15.08536],[145.27809,-15.05963],[145.28901,-15.04349],[145.29556,-15.03577],[145.31381,-15.01635],[145.34735,-14.98466],[145.35089,-14.98251],[145.35533,-14.98741],[145.35281,-14.98341],[145.35418,-14.98296],[145.35418,-14.98068],[145.349,-14.96879],[145.3502,-14.96879],[145.3514,-14.9655],[145.35039,-14.96297],[145.35127,-14.96228],[145.35171,-14.95696],[145.35096,-14.95614],[145.35197,-14.95298],[145.34767,-14.94545],[145.34046,-14.94552],[145.33862,-14.94716],[145.33799,-14.94893],[145.33432,-14.95197],[145.33391,-14.95462],[145.33317,-14.95516],[145.33315,-14.95518],[145.3319,-14.9558],[145.32477,-14.95646],[145.32167,-14.9557],[145.31902,-14.95405],[145.31459,-14.95323],[145.31276,-14.95494],[145.31079,-14.95556],[145.31121,-14.95644],[145.3101,-14.96032],[145.30713,-14.96303],[145.30352,-14.96209],[145.29706,-14.9634],[145.29346,-14.96207],[145.29005,-14.96188],[145.2836,-14.95613],[145.28088,-14.95493],[145.27645,-14.94405],[145.27386,-14.94158],[145.2731,-14.93804],[145.26551,-14.93127],[145.26456,-14.92716],[145.26228,-14.9252],[145.2602,-14.92476],[145.25122,-14.9166],[145.24723,-14.91426],[145.24417,-14.90967],[145.24382,-14.90914],[145.24205,-14.90889],[145.24375,-14.90699],[145.24274,-14.90174],[145.23601,-14.89846],[145.23098,-14.89156],[145.22933,-14.88998],[145.22921,-14.89099],[145.22763,-14.89061],[145.21934,-14.88087],[145.22061,-14.88036],[145.2189,-14.87644],[145.21852,-14.86892],[145.22155,-14.85715],[145.22604,-14.84432],[145.22971,-14.83508],[145.23123,-14.8347],[145.22977,-14.83185],[145.22971,-14.83173]],[[145.20037,-15.40774],[145.15509,-15.40564],[145.15627,-15.3927],[145.15396,-15.39279],[145.15285,-15.3937],[145.15192,-15.3926],[145.15236,-15.39096],[145.15044,-15.38925],[145.15109,-15.38205],[145.15747,-15.38259],[145.15668,-15.39125],[145.15793,-15.39352],[145.15943,-15.39365],[145.15961,-15.39067],[145.16352,-15.39247],[145.16758,-15.39067],[145.16946,-15.39265],[145.16926,-15.39426],[145.17136,-15.39386],[145.17203,-15.39531],[145.17612,-15.39434],[145.17703,-15.38395],[145.18896,-15.38495],[145.18801,-15.40016],[145.18994,-15.40046],[145.19064,-15.39968],[145.19277,-15.40117],[145.19336,-15.40054],[145.19461,-15.4011],[145.19497,-15.40263],[145.19594,-15.40194],[145.19591,-15.4008],[145.19798,-15.40054],[145.19906,-15.39877],[145.20048,-15.39868],[145.20212,-15.40005],[145.20119,-15.4019],[145.19998,-15.40144],[145.19952,-15.40328],[145.20162,-15.40319],[145.20045,-15.40583],[145.20055,-15.40708],[145.20037,-15.40774]]]},"properties":{"LGA Code":"3830","Abbreviated Name":"Hope Vale Aboriginal","LGA Name":"Hope Vale Aboriginal Shire","Area Sq Km":1111.07585,"LDMG Name":"Hope Vale","Police Region Name":"Far Northern Region","Police Region Code":"FNR","Police Region Short Name":"Far North"}},{"type":"Feature","geometry":{"type":"Polygon","coordinates":[[[142.1,-15.20113],[142.1,-15.17134],[142.12582,-15.10029],[142.13469,-14.98912],[142.12591,-14.99382],[142.11976,-14.99996],[142.11742,-15.00524],[142.11472,-15.00724],[142.11331,-15.01005],[142.11202,-15.01639],[142.1139,-15.02003],[142.11273,-15.02202],[142.11038,-15.02308],[142.09935,-15.03364],[142.10005,-15.03516],[142.09888,-15.03974],[142.08659,-15.04739],[142.07891,-15.05819],[142.07744,-15.05907],[142.07459,-15.05816],[142.0706,-15.06051],[142.06407,-15.06893],[142.05732,-15.07121],[142.05597,-15.07438],[142.05274,-15.07749],[142.04823,-15.0769],[142.03931,-15.07872],[142.03532,-15.07814],[142.03074,-15.08119],[142.02611,-15.08248],[142.02476,-15.08177],[142.01836,-15.08717],[142.01461,-15.08787],[142.01302,-15.08905],[142.01402,-15.09157],[142.00076,-15.09398],[141.99548,-15.09251],[141.98978,-15.08626],[141.98596,-15.08867],[141.98335,-15.0894],[141.97753,-15.09409],[141.97079,-15.09632],[141.96662,-15.09955],[141.96111,-15.10131],[141.95606,-15.10495],[141.95415,-15.10465],[141.94571,-15.10671],[141.94077,-15.1065],[141.93689,-15.112],[141.93354,-15.11426],[141.92821,-15.11483],[141.92527,-15.11131],[141.92018,-15.11052],[141.91514,-15.11093],[141.91385,-15.11218],[141.91336,-15.11454],[141.91214,-15.11605],[141.91003,-15.11507],[141.90415,-15.1165],[141.90125,-15.11501],[141.89864,-15.11659],[141.89639,-15.11499],[141.89191,-15.11628],[141.88835,-15.11889],[141.88633,-15.11876],[141.88371,-15.12143],[141.88094,-15.1199],[141.88091,-15.11989],[141.87473,-15.12233],[141.87146,-15.12621],[141.86621,-15.12461],[141.86024,-15.1273],[141.85799,-15.1264],[141.85478,-15.12662],[141.85172,-15.12615],[141.84824,-15.12737],[141.84669,-15.12677],[141.84622,-15.12611],[141.84462,-15.1264],[141.84387,-15.12529],[141.84356,-15.12668],[141.83831,-15.12998],[141.83456,-15.1305],[141.83231,-15.13152],[141.8312,-15.13302],[141.82379,-15.1364],[141.82159,-15.13588],[141.8182,-15.13242],[141.81729,-15.1324],[141.81558,-15.1343],[141.81156,-15.13454],[141.80865,-15.13694],[141.80502,-15.13781],[141.80548,-15.14027],[141.80455,-15.14203],[141.80114,-15.14189],[141.79449,-15.14453],[141.79158,-15.14403],[141.78994,-15.14671],[141.7876,-15.14679],[141.78653,-15.14602],[141.785,-15.1425],[141.7827,-15.14067],[141.77761,-15.13998],[141.77742,-15.14109],[141.77505,-15.14208],[141.7721,-15.14028],[141.76835,-15.14273],[141.76575,-15.14235],[141.76334,-15.1386],[141.76337,-15.14059],[141.7607,-15.14113],[141.7602,-15.14082],[141.76123,-15.13879],[141.76077,-15.13822],[141.75836,-15.13971],[141.75794,-15.14147],[141.75863,-15.14178],[141.75675,-15.14235],[141.75675,-15.14338],[141.7561,-15.14243],[141.75438,-15.143],[141.75286,-15.14552],[141.75016,-15.1443],[141.74924,-15.14118],[141.74789,-15.14021],[141.74654,-15.14101],[141.74595,-15.14215],[141.74713,-15.1453],[141.74678,-15.14828],[141.74491,-15.15015],[141.74124,-15.14985],[141.73823,-15.14564],[141.73108,-15.14522],[141.73009,-15.14442],[141.73016,-15.14167],[141.72323,-15.13971],[141.72142,-15.13613],[141.72139,-15.13314],[141.71972,-15.13398],[141.72041,-15.13021],[141.71833,-15.1278],[141.71693,-15.12828],[141.71739,-15.12705],[141.7207,-15.12453],[141.72011,-15.1219],[141.71167,-15.12169],[141.7088,-15.11853],[141.70926,-15.11546],[141.71132,-15.11279],[141.71835,-15.11228],[141.71677,-15.10997],[141.71389,-15.11022],[141.70983,-15.11237],[141.70821,-15.11173],[141.70645,-15.1078],[141.70429,-15.10947],[141.70148,-15.10938],[141.7002,-15.10713],[141.70068,-15.10397],[141.69873,-15.10155],[141.6958,-15.10033],[141.68997,-15.10207],[141.68843,-15.10418],[141.68809,-15.10807],[141.68601,-15.11032],[141.67421,-15.11182],[141.67262,-15.11099],[141.66664,-15.10232],[141.65884,-15.09489],[141.65487,-15.09203],[141.64931,-15.08999],[141.64682,-15.08775],[141.64688,-15.08664],[141.64452,-15.08366],[141.64336,-15.07885],[141.64531,-15.07055],[141.64495,-15.07057],[141.63695,-15.08999],[141.63701,-15.09206],[141.63807,-15.09304],[141.63964,-15.09805],[141.63839,-15.09987],[141.63523,-15.10177],[141.63318,-15.10455],[141.63245,-15.10338],[141.62966,-15.10528],[141.62952,-15.10865],[141.63933,-15.13087],[141.63898,-15.12781],[141.63025,-15.1092],[141.63033,-15.10552],[141.63232,-15.10456],[141.6322,-15.10862],[141.63527,-15.11119],[141.63676,-15.11425],[141.63986,-15.12268],[141.64067,-15.12915],[141.63728,-15.14497],[141.63552,-15.14966],[141.63021,-15.15711],[141.63278,-15.15887],[141.63301,-15.16083],[141.62764,-15.16749],[141.62837,-15.16473],[141.63159,-15.16194],[141.63243,-15.16018],[141.63017,-15.15926],[141.62948,-15.15757],[141.62776,-15.15859],[141.62674,-15.16138],[141.62307,-15.16474],[141.61956,-15.16958],[141.59847,-15.18891],[141.59495,-15.19418],[141.59393,-15.19843],[141.58392,-15.20423],[141.58131,-15.20716],[141.58009,-15.21276],[141.58071,-15.21718],[141.58025,-15.23088],[141.57804,-15.24897],[141.57194,-15.28284],[141.56677,-15.29971],[141.56664,-15.30236],[141.56017,-15.31319],[141.54706,-15.33156],[141.54348,-15.33781],[141.53934,-15.34874],[141.5395,-15.35288],[141.54037,-15.35388],[141.54261,-15.35463],[141.54199,-15.35036],[141.54068,-15.34949],[141.54096,-15.34877],[141.54476,-15.34824],[141.54242,-15.34762],[141.54174,-15.34569],[141.54345,-15.3395],[141.54563,-15.33716],[141.54709,-15.33722],[141.54896,-15.33999],[141.5493,-15.34445],[141.54815,-15.34743],[141.54709,-15.34681],[141.54759,-15.34563],[141.54585,-15.34554],[141.5461,-15.34326],[141.54787,-15.33993],[141.54678,-15.33775],[141.54504,-15.33822],[141.5433,-15.34292],[141.5451,-15.3446],[141.5475,-15.34918],[141.548,-15.35466],[141.54607,-15.35609],[141.54526,-15.35914],[141.54149,-15.36275],[141.53623,-15.37427],[141.53551,-15.37776],[141.53853,-15.37611],[141.5394,-15.37704],[141.54037,-15.37614],[141.54021,-15.37738],[141.53738,-15.37716],[141.53442,-15.38081],[141.52206,-15.41281],[141.5131,-15.43345],[141.49763,-15.47635],[141.49304,-15.48391],[141.48589,-15.49303],[141.48365,-15.49739],[141.48497,-15.49922],[141.48723,-15.49978],[141.48774,-15.49957],[141.49152,-15.49689],[141.49194,-15.49061],[141.49197,-15.49015],[141.49228,-15.48976],[141.49424,-15.48723],[141.4947,-15.48664],[141.49675,-15.48529],[141.49723,-15.48497],[141.49738,-15.48487],[141.4991,-15.48505],[141.49923,-15.48527],[141.50105,-15.48832],[141.5022,-15.4888],[141.50248,-15.49141],[141.50734,-15.49219],[141.50933,-15.49366],[141.50715,-15.49415],[141.50865,-15.49465],[141.50715,-15.49615],[141.50423,-15.49596],[141.49937,-15.50194],[141.49345,-15.50617],[141.49226,-15.509],[141.49258,-15.51526],[141.49345,-15.51626],[141.49607,-15.51644],[141.49607,-15.51009],[141.49675,-15.50897],[141.49725,-15.50867],[141.50242,-15.50561],[141.5051,-15.50729],[141.50759,-15.51308],[141.50703,-15.51439],[141.50267,-15.51619],[141.5031,-15.51912],[141.50448,-15.52068],[141.5064,-15.52167],[141.50983,-15.52198],[141.51213,-15.51962],[141.51357,-15.51937],[141.51475,-15.51987],[141.51606,-15.52261],[141.51867,-15.52273],[141.51979,-15.52584],[141.52185,-15.52678],[141.5282,-15.52678],[141.52827,-15.52472],[141.52764,-15.52149],[141.52365,-15.52261],[141.52216,-15.52118],[141.52241,-15.51638],[141.52172,-15.51283],[141.52228,-15.51071],[141.5239,-15.51047],[141.52716,-15.51317],[141.53137,-15.51382],[141.53195,-15.51361],[141.53201,-15.51157],[141.53092,-15.5099],[141.5307,-15.50956],[141.53098,-15.50928],[141.53369,-15.50649],[141.53503,-15.50681],[141.53553,-15.50693],[141.53665,-15.50811],[141.53654,-15.50917],[141.53497,-15.5102],[141.53533,-15.51289],[141.53609,-15.51331],[141.53853,-15.51077],[141.54308,-15.51241],[141.54801,-15.51118],[141.54899,-15.51094],[141.54937,-15.51084],[141.55028,-15.51141],[141.55195,-15.51245],[141.55114,-15.51518],[141.55168,-15.51731],[141.55287,-15.51854],[141.55369,-15.51754],[141.55917,-15.51689],[141.56048,-15.51744],[141.56084,-15.51867],[141.55916,-15.52084],[141.55732,-15.52056],[141.5569,-15.52329],[141.55788,-15.52752],[141.55747,-15.52863],[141.5543,-15.53042],[141.55282,-15.53303],[141.5533,-15.53605],[141.55628,-15.53811],[141.55852,-15.53705],[141.55821,-15.53569],[141.5555,-15.53551],[141.55509,-15.53445],[141.55621,-15.53278],[141.55657,-15.52998],[141.55741,-15.52947],[141.55927,-15.53034],[141.55956,-15.53331],[141.56162,-15.53482],[141.5631,-15.53474],[141.56539,-15.53047],[141.56764,-15.53086],[141.5687,-15.53192],[141.56924,-15.52999],[141.5712,-15.52843],[141.57145,-15.52776],[141.56958,-15.5268],[141.56924,-15.52539],[141.57183,-15.52035],[141.57303,-15.51962],[141.57632,-15.52124],[141.57674,-15.52218],[141.57428,-15.52253],[141.5737,-15.52368],[141.5742,-15.52605],[141.57936,-15.52607],[141.58014,-15.52545],[141.5803,-15.52364],[141.57907,-15.52249],[141.58161,-15.51926],[141.58368,-15.51872],[141.58449,-15.5207],[141.58757,-15.52176],[141.58842,-15.52097],[141.58961,-15.52235],[141.59017,-15.52135],[141.59292,-15.52072],[141.59388,-15.52305],[141.59586,-15.52482],[141.59765,-15.52447],[141.59884,-15.52922],[141.60423,-15.5354],[141.60698,-15.53561],[141.60983,-15.53342],[141.61092,-15.53441],[141.61102,-15.53568],[141.61417,-15.53755],[141.61733,-15.53644],[141.62076,-15.53861],[141.62342,-15.53849],[141.62618,-15.54044],[141.62753,-15.54269],[141.62745,-15.54398],[141.62895,-15.54278],[141.63349,-15.54165],[141.63761,-15.54196],[141.63901,-15.54111],[141.64145,-15.54111],[141.6449,-15.54169],[141.64701,-15.54078],[141.64917,-15.54201],[141.97258,-15.56913],[141.99534,-15.45347],[141.99415,-15.45055],[141.99174,-15.44761],[141.98386,-15.44221],[141.98201,-15.43717],[141.97294,-15.42881],[141.96904,-15.42196],[141.96503,-15.41909],[141.95781,-15.41746],[141.95613,-15.41363],[141.95555,-15.4099],[141.95351,-15.40734],[141.951,-15.40585],[141.9441,-15.40412],[141.94023,-15.39763],[141.93966,-15.39439],[141.93995,-15.39268],[141.94018,-15.39137],[141.9403,-15.39065],[141.94087,-15.38995],[141.94396,-15.38613],[141.9488,-15.38451],[141.94971,-15.38331],[141.95646,-15.38017],[141.95972,-15.37218],[141.96212,-15.36907],[141.96308,-15.36553],[141.96707,-15.35898],[141.967,-15.35579],[141.97571,-15.35776],[141.98412,-15.36245],[141.99579,-15.36475],[142.0012,-15.36806],[142.01228,-15.373],[142.01411,-15.37433],[142.01611,-15.3776],[142.01895,-15.37951],[142.02454,-15.3788],[142.09313,-15.19024],[142.1,-15.20113]]]},"properties":{"LGA Code":"4420","Abbreviated Name":"Kowanyama Aboriginal","LGA Name":"Kowanyama Aboriginal Shire","Area Sq Km":2524.88628,"LDMG Name":"Kowanyama","Police Region Name":"Far Northern Region","Police Region Code":"FNR","Police Region Short Name":"Far North"}},{"type":"Feature","geometry":{"type":"MultiPolygon","coordinates":[[[[143.37519,-13.30347],[143.37584,-13.30407],[143.37975,-13.30878],[143.37868,-13.32019],[143.37967,-13.32223],[143.37914,-13.32486],[143.38017,-13.32569],[143.38006,-13.32749],[143.38521,-13.32735],[143.38796,-13.33008],[143.38823,-13.33142],[143.38954,-13.33145],[143.39124,-13.3365],[143.38777,-13.33721],[143.3875,-13.3397],[143.3864,-13.34143],[143.38833,-13.34411],[143.38525,-13.34506],[143.38287,-13.34676],[143.37961,-13.35693],[143.38032,-13.3595],[143.37925,-13.36022],[143.37881,-13.36174],[143.37688,-13.36364],[143.37742,-13.36646],[143.37365,-13.36787],[143.37241,-13.37017],[143.36864,-13.37068],[143.36755,-13.37397],[143.36676,-13.37415],[143.36396,-13.37971],[143.36518,-13.38173],[143.3668,-13.38215],[143.36652,-13.38378],[143.36537,-13.38497],[143.36666,-13.3861],[143.36548,-13.38966],[143.36562,-13.39274],[143.3665,-13.39378],[143.36521,-13.3956],[143.36531,-13.39675],[143.36262,-13.39805],[143.36435,-13.39866],[143.36447,-13.40265],[143.3627,-13.40354],[143.36099,-13.406],[143.35737,-13.40775],[143.35725,-13.41043],[143.35447,-13.41319],[143.35248,-13.41452],[143.35055,-13.41343],[143.34751,-13.41417],[143.34689,-13.41558],[143.34683,-13.42168],[143.34463,-13.42323],[143.34417,-13.42524],[143.34067,-13.42731],[143.33976,-13.42935],[143.33619,-13.43066],[143.33399,-13.43309],[143.33238,-13.43738],[143.32983,-13.43777],[143.32815,-13.44008],[143.32625,-13.43885],[143.32411,-13.43933],[143.32296,-13.43805],[143.32035,-13.43766],[143.31976,-13.44324],[143.32099,-13.44509],[143.32388,-13.4456],[143.32529,-13.44763],[143.32383,-13.45292],[143.32432,-13.4542],[143.32078,-13.4598],[143.31439,-13.46529],[143.314,-13.46969],[143.31245,-13.46982],[143.31156,-13.47136],[143.31196,-13.476],[143.31054,-13.47875],[143.31425,-13.48087],[143.31674,-13.48552],[143.49754,-13.45152],[143.49634,-13.45024],[143.4983,-13.44674],[143.49622,-13.44258],[143.49719,-13.4387],[143.49462,-13.42756],[143.49473,-13.42571],[143.49538,-13.42546],[143.49929,-13.42524],[143.50188,-13.42792],[143.50358,-13.42744],[143.50535,-13.42828],[143.50598,-13.4295],[143.50582,-13.43389],[143.51115,-13.43321],[143.51118,-13.43459],[143.51265,-13.43511],[143.5128,-13.4359],[143.51222,-13.43685],[143.51079,-13.43711],[143.51105,-13.43851],[143.51693,-13.43904],[143.5191,-13.44133],[143.52194,-13.43578],[143.52508,-13.43363],[143.52689,-13.43125],[143.5294,-13.43044],[143.52942,-13.42723],[143.53177,-13.42593],[143.53238,-13.42425],[143.53459,-13.42322],[143.53589,-13.4211],[143.53957,-13.42097],[143.54332,-13.42306],[143.54599,-13.42218],[143.54886,-13.42561],[143.55035,-13.42621],[143.55215,-13.42547],[143.55419,-13.42308],[143.55215,-13.42152],[143.5539,-13.41876],[143.55775,-13.42034],[143.56318,-13.41564],[143.56649,-13.41506],[143.57027,-13.41681],[143.57055,-13.41937],[143.57241,-13.42019],[143.5776,-13.4202],[143.58021,-13.422],[143.58588,-13.42132],[143.59132,-13.42278],[143.59359,-13.42145],[143.59125,-13.41782],[143.59407,-13.41471],[143.59596,-13.41386],[143.59554,-13.41292],[143.59129,-13.41096],[143.58936,-13.40899],[143.58889,-13.40685],[143.58741,-13.40494],[143.5851,-13.39656],[143.58464,-13.38428],[143.58217,-13.38258],[143.5818,-13.37565],[143.57981,-13.37356],[143.57213,-13.37268],[143.55895,-13.36733],[143.54011,-13.35292],[143.53791,-13.35004],[143.53551,-13.34164],[143.53128,-13.33265],[143.52991,-13.3321],[143.52693,-13.32736],[143.52501,-13.31915],[143.52443,-13.30418],[143.52169,-13.29197],[143.52283,-13.28404],[143.52249,-13.27569],[143.51983,-13.2702],[143.51671,-13.25821],[143.51661,-13.21861],[143.51818,-13.2059],[143.51746,-13.19406],[143.51888,-13.18539],[143.52181,-13.17883],[143.51922,-13.1697],[143.5151,-13.16515],[143.50998,-13.15574],[143.50872,-13.15605],[143.50802,-13.15517],[143.50823,-13.15268],[143.50642,-13.15244],[143.50553,-13.15063],[143.50503,-13.14793],[143.50596,-13.14644],[143.50216,-13.12426],[143.50301,-13.10527],[143.50648,-13.07586],[143.50926,-13.06729],[143.51271,-13.06129],[143.51291,-13.05868],[143.51243,-13.05633],[143.51051,-13.05466],[143.51216,-13.05125],[143.51262,-13.0469],[143.51047,-13.04546],[143.50654,-13.04051],[143.50591,-13.03705],[143.50748,-13.03232],[143.5117,-13.02592],[143.51302,-13.01374],[143.51458,-13.00812],[143.51239,-13.00653],[143.51106,-13.00197],[143.50988,-13.00095],[143.51102,-12.99332],[143.51044,-12.99246],[143.50762,-12.99298],[143.50524,-12.99019],[143.50409,-12.98663],[143.50414,-12.98513],[143.51046,-12.97162],[143.51221,-12.96121],[143.5115,-12.9603],[143.50797,-12.95931],[143.50131,-12.95878],[143.50033,-12.95804],[143.49774,-12.9526],[143.49773,-12.94911],[143.5009,-12.92939],[143.50347,-12.92433],[143.50849,-12.91758],[143.51199,-12.90237],[143.53133,-12.87131],[143.53258,-12.87099],[143.53313,-12.8696],[143.53059,-12.86821],[143.53008,-12.86703],[143.53085,-12.86208],[143.53503,-12.85535],[143.54107,-12.84754],[143.54259,-12.84664],[143.54297,-12.84445],[143.54425,-12.84327],[143.54192,-12.84363],[143.54009,-12.84156],[143.53894,-12.84172],[143.53814,-12.84047],[143.53556,-12.84104],[143.53443,-12.83909],[143.53354,-12.83893],[143.53228,-12.84272],[143.53065,-12.84369],[143.52663,-12.844],[143.52577,-12.84312],[143.51695,-12.84444],[143.51592,-12.84755],[143.51427,-12.84941],[143.51502,-12.85043],[143.51312,-12.85091],[143.50573,-12.85689],[143.50008,-12.85941],[143.50012,-12.86009],[143.49938,-12.85974],[143.49047,-12.86224],[143.49024,-12.86337],[143.48841,-12.86277],[143.48532,-12.86364],[143.48452,-12.8629],[143.48239,-12.86368],[143.48202,-12.8629],[143.47842,-12.86458],[143.4775,-12.86433],[143.47746,-12.86507],[143.47387,-12.86542],[143.47354,-12.86476],[143.46417,-12.86231],[143.45973,-12.85994],[143.45685,-12.85573],[143.45493,-12.85518],[143.4532,-12.85249],[143.45221,-12.85244],[143.44935,-12.84892],[143.43368,-12.8543],[143.42965,-12.857],[143.4277,-12.86104],[143.42372,-12.86319],[143.42205,-12.8629],[143.41455,-12.86632],[143.4058,-12.86712],[143.40168,-12.87384],[143.40258,-12.87796],[143.41024,-12.88576],[143.41755,-12.88863],[143.41921,-12.89052],[143.40942,-12.88604],[143.4018,-12.87922],[143.40127,-12.88257],[143.40458,-12.88539],[143.41198,-12.88897],[143.41359,-12.89148],[143.41379,-12.89344],[143.41103,-12.88958],[143.40662,-12.88814],[143.39994,-12.88297],[143.39848,-12.88483],[143.39801,-12.88819],[143.40263,-12.89743],[143.40443,-12.89872],[143.40649,-12.90188],[143.40558,-12.9098],[143.41448,-12.91437],[143.41648,-12.91669],[143.41762,-12.92019],[143.41662,-12.92381],[143.41454,-12.92628],[143.40836,-12.92888],[143.40281,-12.92932],[143.40124,-12.93381],[143.40275,-12.93495],[143.40642,-12.93549],[143.41444,-12.9339],[143.41787,-12.93615],[143.41923,-12.93881],[143.41831,-12.94815],[143.41707,-12.95087],[143.41628,-12.95181],[143.40783,-12.95524],[143.40877,-12.95382],[143.41643,-12.95003],[143.41698,-12.94914],[143.41694,-12.9435],[143.41794,-12.93997],[143.41718,-12.93759],[143.41641,-12.93655],[143.41298,-12.93576],[143.40526,-12.93809],[143.40336,-12.93787],[143.39888,-12.93408],[143.39722,-12.9315],[143.39537,-12.93107],[143.395,-12.93169],[143.39589,-12.93741],[143.39477,-12.94256],[143.39758,-12.94895],[143.3959,-12.95927],[143.39804,-12.96454],[143.40137,-12.96661],[143.40287,-12.96865],[143.40164,-12.97391],[143.40232,-12.97457],[143.40177,-12.97468],[143.40126,-12.97386],[143.40196,-12.97018],[143.40155,-12.96813],[143.39766,-12.96682],[143.39264,-12.95809],[143.39286,-12.95513],[143.39463,-12.9546],[143.3955,-12.95298],[143.39583,-12.94909],[143.39063,-12.94395],[143.38847,-12.94542],[143.38949,-12.94815],[143.38864,-12.95261],[143.38766,-12.94476],[143.3928,-12.93902],[143.39353,-12.93629],[143.3914,-12.93079],[143.38882,-12.92664],[143.38609,-12.92458],[143.38252,-12.92502],[143.37756,-12.92391],[143.37184,-12.92014],[143.37008,-12.92158],[143.36579,-12.92157],[143.36158,-12.91805],[143.35944,-12.91732],[143.3584,-12.91767],[143.35731,-12.91971],[143.35665,-12.92799],[143.35571,-12.92623],[143.35559,-12.9213],[143.35803,-12.91656],[143.3608,-12.91624],[143.36251,-12.91694],[143.36699,-12.92029],[143.36831,-12.92039],[143.37082,-12.9191],[143.37312,-12.91157],[143.37652,-12.9063],[143.37714,-12.90305],[143.37654,-12.90062],[143.3701,-12.89554],[143.36658,-12.89135],[143.35884,-12.89103],[143.35732,-12.8948],[143.35825,-12.89733],[143.35716,-12.89749],[143.35528,-12.89551],[143.35351,-12.89607],[143.35411,-12.8933],[143.35331,-12.89364],[143.35062,-12.89124],[143.35015,-12.88907],[143.35407,-12.87085],[143.35358,-12.86452],[143.35265,-12.86225],[143.35302,-12.85628],[143.35399,-12.85168],[143.35773,-12.84522],[143.35745,-12.84163],[143.3566,-12.84022],[143.35672,-12.83683],[143.35502,-12.83632],[143.355,-12.83489],[143.35542,-12.83448],[143.3587,-12.83616],[143.35948,-12.83533],[143.35715,-12.82278],[143.35727,-12.80149],[143.36145,-12.79117],[143.36306,-12.78155],[143.36467,-12.77951],[143.36636,-12.77409],[143.36937,-12.76866],[143.37154,-12.76156],[143.37288,-12.76143],[143.37866,-12.75566],[143.38193,-12.75045],[143.38392,-12.73169],[143.38549,-12.72452],[143.33882,-12.72651],[143.32932,-12.7704],[143.3114,-12.78466],[143.30981,-12.78375],[143.30966,-12.78157],[143.3079,-12.77827],[143.30336,-12.77246],[143.29944,-12.77176],[143.29501,-12.7754],[143.29418,-12.77525],[143.29582,-12.79682],[143.29983,-12.80137],[143.30039,-12.80401],[143.30937,-12.81324],[143.30955,-12.81476],[143.30774,-12.81699],[143.31191,-12.81809],[143.31415,-12.82056],[143.31232,-12.82125],[143.31158,-12.82075],[143.31072,-12.82153],[143.30922,-12.81941],[143.30908,-12.82003],[143.308,-12.81948],[143.3076,-12.82077],[143.30648,-12.82009],[143.31133,-12.8253],[143.31238,-12.83031],[143.31413,-12.83134],[143.31449,-12.83678],[143.28247,-12.8337],[143.25729,-12.85353],[143.24951,-12.86992],[143.24915,-12.86778],[143.24768,-12.86679],[143.24655,-12.86695],[143.24581,-12.86782],[143.24625,-12.86916],[143.24444,-12.87035],[143.24167,-12.87033],[143.24066,-12.87217],[143.2353,-12.87306],[143.23292,-12.87126],[143.23082,-12.86755],[143.23288,-12.86308],[143.23393,-12.86237],[143.23411,-12.86058],[143.23255,-12.85935],[143.23119,-12.85355],[143.22951,-12.85237],[143.22933,-12.85132],[143.22957,-12.84778],[143.23083,-12.84741],[143.23135,-12.84245],[143.22991,-12.84027],[143.22979,-12.8385],[143.23143,-12.83633],[143.23154,-12.83265],[143.23333,-12.83048],[143.23345,-12.82876],[143.23066,-12.82753],[143.22911,-12.8283],[143.2282,-12.82775],[143.23079,-12.82255],[143.22984,-12.82003],[143.22915,-12.81346],[143.22691,-12.81102],[143.22429,-12.81098],[143.22242,-12.80669],[143.22025,-12.80406],[143.22092,-12.79761],[143.2223,-12.7966],[143.21965,-12.7916],[143.21658,-12.79065],[143.2189,-12.78307],[143.21849,-12.78168],[143.21649,-12.78143],[143.21645,-12.77936],[143.21884,-12.77605],[143.21758,-12.77523],[143.21603,-12.76868],[143.213,-12.76835],[143.21288,-12.76636],[143.21167,-12.76563],[143.21161,-12.76355],[143.21045,-12.76411],[143.20855,-12.76352],[143.20645,-12.76462],[143.2041,-12.76176],[143.20252,-12.76156],[143.20294,-12.75846],[143.20202,-12.75661],[143.20183,-12.75325],[143.19797,-12.75207],[143.19655,-12.74894],[143.19335,-12.74727],[143.19291,-12.74485],[143.19022,-12.74066],[143.19096,-12.73968],[143.18861,-12.73511],[143.18902,-12.73242],[143.1883,-12.73127],[143.18823,-12.72799],[143.1904,-12.72627],[143.19161,-12.72306],[143.19364,-12.7209],[143.19441,-12.71812],[143.19578,-12.71696],[143.19877,-12.71023],[143.20129,-12.70809],[143.20583,-12.71026],[143.20787,-12.70862],[143.21366,-12.7096],[143.21225,-12.70475],[143.20956,-12.70241],[143.20929,-12.69776],[143.2074,-12.69702],[143.20668,-12.69493],[143.20926,-12.69052],[143.21143,-12.68917],[143.21409,-12.68951],[143.21773,-12.68759],[143.21983,-12.68612],[143.22145,-12.68271],[143.22239,-12.67799],[143.21926,-12.67457],[143.22028,-12.67228],[143.21965,-12.66969],[143.221,-12.66849],[143.2195,-12.66623],[143.21979,-12.66271],[143.2179,-12.66159],[143.21688,-12.66191],[143.2168,-12.66116],[143.22202,-12.65172],[143.2213,-12.64828],[143.22275,-12.64671],[143.22226,-12.64516],[143.2202,-12.6436],[143.21894,-12.64144],[143.21759,-12.64125],[143.2166,-12.64156],[143.21761,-12.64306],[143.21641,-12.64303],[143.21591,-12.64382],[143.21498,-12.64241],[143.21293,-12.64457],[143.21154,-12.64344],[143.20959,-12.64495],[143.20893,-12.64276],[143.20789,-12.64226],[143.20457,-12.64436],[143.20182,-12.64469],[143.19896,-12.63739],[143.20029,-12.63404],[143.2002,-12.62815],[143.1965,-12.62399],[143.19709,-12.62165],[143.19513,-12.62011],[143.19545,-12.61842],[143.19688,-12.61737],[143.1953,-12.61477],[143.19317,-12.6147],[143.19014,-12.61053],[143.18959,-12.60864],[143.18853,-12.60886],[143.18912,-12.61017],[143.18613,-12.61223],[143.18346,-12.61037],[143.17959,-12.60542],[143.17992,-12.6031],[143.18094,-12.602],[143.18007,-12.5997],[143.17822,-12.59709],[143.17607,-12.59641],[143.17393,-12.5939],[143.17408,-12.59288],[143.17947,-12.59147],[143.17917,-12.58929],[143.18069,-12.58788],[143.18006,-12.58487],[143.18132,-12.58343],[143.181,-12.58148],[143.18167,-12.58059],[143.18368,-12.58064],[143.18416,-12.57998],[143.18313,-12.57845],[143.18468,-12.57279],[143.18401,-12.57051],[143.18682,-12.56793],[143.18661,-12.56527],[143.18759,-12.56281],[143.1875,-12.55956],[143.1863,-12.55572],[143.18637,-12.55142],[143.18509,-12.55187],[143.18368,-12.55402],[143.17865,-12.55646],[143.17918,-12.56098],[143.17716,-12.57027],[143.17637,-12.57061],[143.17392,-12.5706],[143.17071,-12.56851],[143.1684,-12.56445],[143.16846,-12.5609],[143.16381,-12.55977],[143.16282,-12.55827],[143.16332,-12.55676],[143.16268,-12.55643],[143.15976,-12.55846],[143.15448,-12.56402],[143.14973,-12.56234],[143.14859,-12.5607],[143.14246,-12.56905],[143.13622,-12.56764],[143.13395,-12.56553],[143.13153,-12.56512],[143.13012,-12.56641],[143.12986,-12.56823],[143.12864,-12.56975],[143.12585,-12.57182],[143.12374,-12.5726],[143.12027,-12.57227],[143.11794,-12.57471],[143.11505,-12.5753],[143.10809,-12.57139],[143.10356,-12.57009],[143.09991,-12.56697],[143.09335,-12.56808],[143.08834,-12.56567],[143.08833,-12.56567],[143.08738,-12.56521],[143.0872,-12.5654],[143.08625,-12.56639],[143.08625,-12.5664],[143.08581,-12.56686],[143.08464,-12.57048],[143.08457,-12.57099],[143.08456,-12.57104],[143.08444,-12.57185],[143.08444,-12.57188],[143.0841,-12.57415],[143.08466,-12.57776],[143.08182,-12.57946],[143.08224,-12.58361],[143.07885,-12.58669],[143.07838,-12.59402],[143.07653,-12.60307],[143.07536,-12.60532],[143.07108,-12.60785],[143.06973,-12.61195],[143.06991,-12.61637],[143.07135,-12.62234],[143.07102,-12.62573],[143.07378,-12.62912],[143.07378,-12.63191],[143.0762,-12.64007],[143.07577,-12.64101],[143.07333,-12.64208],[143.0661,-12.64145],[143.06529,-12.64404],[143.06614,-12.64664],[143.06414,-12.64922],[143.05824,-12.65024],[143.05657,-12.65131],[143.05642,-12.65284],[143.05772,-12.65465],[143.05725,-12.65806],[143.05307,-12.65913],[143.0503,-12.65861],[143.04614,-12.65974],[143.04228,-12.66356],[143.04158,-12.66508],[143.0418,-12.67431],[143.03952,-12.67901],[143.0381,-12.68033],[143.03789,-12.68157],[143.0387,-12.68265],[143.03822,-12.68358],[143.03448,-12.68414],[143.0324,-12.68564],[143.03213,-12.69094],[143.02812,-12.69777],[142.94365,-12.69108],[142.94358,-12.69287],[142.93666,-12.6952],[142.93053,-12.69255],[142.92569,-12.69365],[142.92168,-12.69996],[142.92015,-12.70516],[142.92326,-12.70868],[142.92783,-12.71611],[142.92804,-12.7208],[142.93062,-12.72293],[142.93176,-12.72655],[142.93002,-12.73499],[142.92628,-12.73861],[142.9248,-12.74311],[142.92215,-12.74769],[142.92421,-12.75603],[142.92213,-12.76147],[142.92101,-12.76254],[142.92209,-12.76641],[142.92804,-12.76712],[142.93264,-12.77386],[142.93171,-12.77467],[142.93138,-12.77707],[142.92675,-12.78237],[142.92517,-12.78905],[142.92392,-12.7856],[142.92162,-12.78382],[142.91272,-12.78665],[142.90548,-12.78713],[142.90086,-12.78622],[142.89931,-12.78497],[142.89686,-12.78569],[142.89332,-12.78979],[142.89041,-12.79922],[142.88627,-12.80086],[142.88488,-12.80453],[142.88344,-12.80554],[142.88352,-12.80681],[142.8856,-12.81233],[142.89761,-12.81676],[142.8989,-12.81854],[142.89894,-12.81991],[142.90214,-12.82117],[142.90241,-12.82381],[142.90687,-12.82479],[142.90733,-12.82699],[142.90904,-12.82758],[142.91152,-12.83157],[142.91189,-12.83425],[142.91476,-12.83588],[142.91552,-12.83764],[142.91661,-12.83811],[142.91635,-12.84499],[142.91869,-12.84678],[142.92109,-12.85015],[142.9199,-12.85431],[142.92065,-12.85594],[142.92034,-12.85798],[142.91829,-12.86052],[142.91807,-12.86201],[142.92477,-12.8647],[142.92922,-12.87029],[142.9309,-12.86992],[142.93438,-12.87156],[142.93447,-12.87354],[142.9328,-12.87593],[142.93457,-12.87791],[142.94058,-12.87864],[142.94161,-12.87783],[142.94339,-12.87909],[142.94533,-12.87926],[142.94896,-12.87805],[142.95085,-12.87823],[142.94725,-12.8802],[142.947,-12.88115],[142.9475,-12.88392],[142.94875,-12.88572],[142.94871,-12.8901],[142.95121,-12.89074],[142.95396,-12.89382],[142.95741,-12.89621],[142.96057,-12.89718],[142.96128,-12.8986],[142.96038,-12.9062],[142.95774,-12.9073],[142.95719,-12.91226],[142.95642,-12.91367],[142.95448,-12.91472],[142.95515,-12.91666],[142.95248,-12.91886],[142.95165,-12.92069],[142.95248,-12.92506],[142.95027,-12.92515],[142.94926,-12.92643],[142.95246,-12.93178],[142.95228,-12.9342],[142.95303,-12.93565],[142.95077,-12.93964],[142.95221,-12.94413],[142.95153,-12.94585],[142.95279,-12.9472],[142.95565,-12.94717],[142.95713,-12.94584],[142.95809,-12.94689],[142.89359,-12.99284],[142.97991,-13.11622],[142.97815,-13.11743],[142.9805,-13.12044],[142.98387,-13.12036],[142.988,-13.11915],[142.99188,-13.11945],[142.99475,-13.12095],[142.99857,-13.12488],[143.00578,-13.12917],[143.0081,-13.1296],[143.01351,-13.12871],[143.0201,-13.13228],[143.02396,-13.13113],[143.0278,-13.12757],[143.03235,-13.12904],[143.03937,-13.12627],[143.04518,-13.12716],[143.04945,-13.12573],[143.0527,-13.12605],[143.05716,-13.12518],[143.06456,-13.12716],[143.06962,-13.1301],[143.07523,-13.13194],[143.07726,-13.13433],[143.08083,-13.13611],[143.08849,-13.14658],[143.09311,-13.14783],[143.09533,-13.1493],[143.098,-13.14682],[143.10001,-13.14666],[143.10311,-13.14869],[143.10965,-13.15043],[143.11433,-13.14925],[143.12224,-13.1415],[143.12472,-13.14141],[143.12796,-13.13975],[143.13372,-13.14068],[143.1387,-13.1393],[143.14379,-13.14486],[143.15223,-13.14603],[143.16372,-13.1435],[143.16825,-13.14496],[143.17104,-13.14473],[143.17381,-13.14343],[143.17726,-13.1389],[143.18123,-13.13967],[143.18246,-13.13782],[143.18861,-13.14016],[143.1899,-13.1369],[143.192,-13.13692],[143.196,-13.13874],[143.19688,-13.13576],[143.20023,-13.13624],[143.20683,-13.13568],[143.21054,-13.13881],[143.21319,-13.13883],[143.21751,-13.13709],[143.22384,-13.1358],[143.22831,-13.13201],[143.2347,-13.13349],[143.24224,-13.13765],[143.24791,-13.13675],[143.25165,-13.13822],[143.24112,-13.25108],[143.25731,-13.24074],[143.3439,-13.24809],[143.34418,-13.25011],[143.34224,-13.25081],[143.3415,-13.25379],[143.34272,-13.2559],[143.34541,-13.25747],[143.34562,-13.25887],[143.34371,-13.26023],[143.34326,-13.26148],[143.34383,-13.26519],[143.33958,-13.26512],[143.33801,-13.26667],[143.3304,-13.26934],[143.32533,-13.27464],[143.32016,-13.27721],[143.31787,-13.27683],[143.31851,-13.27751],[143.31794,-13.2782],[143.31828,-13.28165],[143.32022,-13.2881],[143.32004,-13.28957],[143.32163,-13.28858],[143.32361,-13.29006],[143.32688,-13.29065],[143.32818,-13.28549],[143.32964,-13.28474],[143.33013,-13.28357],[143.33375,-13.28382],[143.33686,-13.28228],[143.34372,-13.28426],[143.34622,-13.28388],[143.3488,-13.28507],[143.35142,-13.28393],[143.35328,-13.28399],[143.35586,-13.28748],[143.36219,-13.2916],[143.36517,-13.29217],[143.36867,-13.29434],[143.37014,-13.29654],[143.36835,-13.29915],[143.36922,-13.30046],[143.37415,-13.30251],[143.37519,-13.30347]]],[[[143.61134,-12.98496],[143.61133,-12.98497],[143.61108,-12.98506],[143.61288,-12.98557],[143.61323,-12.98424],[143.61134,-12.98496]]],[[[143.381,-12.90346],[143.381,-12.90348],[143.38093,-12.905],[143.38091,-12.90543],[143.38025,-12.91008],[143.37562,-12.91408],[143.3747,-12.91585],[143.37482,-12.91835],[143.3767,-12.92046],[143.3872,-12.92051],[143.38991,-12.92267],[143.39368,-12.92796],[143.39987,-12.92967],[143.40267,-12.92834],[143.41398,-12.925],[143.41604,-12.92194],[143.41627,-12.91934],[143.41405,-12.91579],[143.4124,-12.91495],[143.40842,-12.91517],[143.40419,-12.91206],[143.40211,-12.90052],[143.39623,-12.90022],[143.39404,-12.89933],[143.39151,-12.89696],[143.391,-12.89482],[143.39261,-12.88688],[143.39216,-12.88547],[143.39022,-12.88505],[143.38395,-12.88761],[143.38029,-12.89849],[143.381,-12.90346]]],[[[143.39916,-12.8769],[143.39915,-12.8769],[143.399,-12.87667],[143.39472,-12.87702],[143.39378,-12.8773],[143.39373,-12.87778],[143.39363,-12.87869],[143.39555,-12.88176],[143.39641,-12.88967],[143.39542,-12.89316],[143.39456,-12.89394],[143.39377,-12.89325],[143.39336,-12.89507],[143.39543,-12.89663],[143.3956,-12.89676],[143.39605,-12.8968],[143.3976,-12.89694],[143.39971,-12.89713],[143.40109,-12.8966],[143.3972,-12.88783],[143.39708,-12.88693],[143.39727,-12.88588],[143.39972,-12.88057],[143.40002,-12.87818],[143.39916,-12.8769]]],[[[143.37707,-12.88409],[143.37706,-12.88409],[143.37688,-12.88368],[143.37334,-12.88227],[143.36814,-12.88221],[143.36555,-12.88291],[143.36388,-12.88572],[143.35948,-12.88653],[143.35908,-12.88805],[143.35966,-12.88855],[143.36717,-12.89052],[143.37174,-12.89535],[143.37454,-12.89598],[143.37614,-12.89376],[143.37757,-12.88925],[143.37791,-12.88593],[143.37707,-12.88409]]],[[[143.60469,-12.88768],[143.60465,-12.88746],[143.60442,-12.88617],[143.60441,-12.88614],[143.60429,-12.88544],[143.6041,-12.88528],[143.6041,-12.88527],[143.60316,-12.88446],[143.60247,-12.88548],[143.60438,-12.88737],[143.60469,-12.88768]]],[[[143.54851,-12.88514],[143.54838,-12.88483],[143.54651,-12.88446],[143.54583,-12.88749],[143.54812,-12.88603],[143.54812,-12.88602],[143.54872,-12.88564],[143.54858,-12.88531],[143.54851,-12.88514]]],[[[143.54936,-12.88571],[143.54985,-12.88577],[143.55019,-12.88582],[143.55019,-12.88581],[143.55036,-12.88584],[143.55008,-12.88527],[143.54971,-12.8855],[143.54936,-12.88571]]],[[[143.59828,-12.88333],[143.59791,-12.88355],[143.5979,-12.88355],[143.59615,-12.88454],[143.59708,-12.88559],[143.59863,-12.88372],[143.59828,-12.88333]]],[[[143.39006,-12.8785],[143.38968,-12.87806],[143.38687,-12.87685],[143.37971,-12.87714],[143.37919,-12.87834],[143.38155,-12.88265],[143.38245,-12.88314],[143.38327,-12.88359],[143.38356,-12.88375],[143.39101,-12.88209],[143.39112,-12.88083],[143.39121,-12.87982],[143.39051,-12.87902],[143.39051,-12.87901],[143.39006,-12.8785]]],[[[143.36886,-12.87688],[143.36859,-12.8767],[143.36775,-12.87744],[143.36783,-12.87831],[143.36784,-12.87832],[143.36787,-12.87871],[143.36982,-12.88082],[143.37506,-12.8815],[143.37451,-12.88053],[143.36913,-12.87705],[143.36912,-12.87704],[143.36886,-12.87688]]],[[[143.39034,-12.87484],[143.39153,-12.87546],[143.3931,-12.87628],[143.39731,-12.87572],[143.40008,-12.87293],[143.40091,-12.86935],[143.3977,-12.86508],[143.39198,-12.86477],[143.389,-12.86577],[143.38921,-12.87333],[143.39034,-12.87484]]],[[[143.38142,-12.8663],[143.37964,-12.86769],[143.37955,-12.86775],[143.37765,-12.86922],[143.37765,-12.86923],[143.37712,-12.86963],[143.37732,-12.87218],[143.37831,-12.87382],[143.38304,-12.87486],[143.38714,-12.87417],[143.38789,-12.87346],[143.38805,-12.87331],[143.38783,-12.87012],[143.38783,-12.87007],[143.38756,-12.86612],[143.38611,-12.86541],[143.38195,-12.8662],[143.38142,-12.8663]]],[[[143.27465,-12.79106],[143.2902,-12.80415],[143.2776,-12.8133],[143.28575,-12.82366],[143.28985,-12.8214],[143.30892,-12.81853],[143.30283,-12.81532],[143.30287,-12.81215],[143.30101,-12.8098],[143.30161,-12.8076],[143.29856,-12.80311],[143.29572,-12.8024],[143.29128,-12.79885],[143.28873,-12.79356],[143.28544,-12.79113],[143.28382,-12.78744],[143.27712,-12.78068],[143.27465,-12.79106]]],[[[143.41,-12.7802],[143.40995,-12.78067],[143.4129,-12.78154],[143.4114,-12.78019],[143.41,-12.7802]]],[[[143.40087,-12.76776],[143.40126,-12.76746],[143.40307,-12.76607],[143.40191,-12.76366],[143.40275,-12.75877],[143.40143,-12.75602],[143.39871,-12.75531],[143.39758,-12.75386],[143.39655,-12.75633],[143.39726,-12.76015],[143.39918,-12.76623],[143.40087,-12.76776]]],[[[143.40593,-12.75889],[143.40548,-12.75695],[143.40402,-12.75863],[143.40517,-12.75962],[143.40593,-12.75889]]],[[[143.39468,-12.74924],[143.39588,-12.75073],[143.39684,-12.74934],[143.39587,-12.74813],[143.39468,-12.74924]]],[[[143.39529,-12.74202],[143.39464,-12.74182],[143.39474,-12.74241],[143.39529,-12.74202]]]]},"properties":{"LGA Code":"4570","Abbreviated Name":"Lockhart River Aboriginal","LGA Name":"Lockhart River Aboriginal Shire","Area Sq Km":3601.0738,"LDMG Name":"Lockhart River","Police Region Name":"Far Northern Region","Police Region Code":"FNR","Police Region Short Name":"Far North"}},{"type":"Feature","geometry":{"type":"MultiPolygon","coordinates":[[[[142.1,-12.27899],[142.07552,-12.2791],[142.07958,-12.28578],[142.08236,-12.28803],[142.08578,-12.28921],[142.09526,-12.29028],[142.1,-12.29249],[142.10398,-12.29435],[142.10789,-12.2952],[142.10987,-12.29702],[142.11158,-12.30023],[142.11345,-12.31174],[142.11228,-12.31436],[142.10703,-12.31934],[142.10671,-12.32057],[142.1081,-12.3226],[142.11222,-12.32555],[142.11361,-12.32865],[142.11345,-12.33143],[142.11201,-12.33556],[142.11019,-12.33812],[142.10387,-12.34112],[142.10393,-12.34556],[142.10671,-12.34926],[142.11286,-12.35215],[142.11313,-12.35632],[142.11484,-12.36199],[142.12234,-12.36472],[142.12389,-12.36724],[142.12309,-12.37018],[142.1195,-12.37082],[142.12266,-12.37843],[142.12267,-12.37845],[142.12287,-12.3803],[142.12089,-12.38415],[142.12047,-12.38666],[142.12036,-12.38731],[142.12069,-12.38762],[142.12069,-12.38763],[142.12373,-12.39052],[142.12614,-12.3902],[142.12669,-12.38987],[142.1267,-12.38987],[142.12754,-12.38937],[142.12785,-12.38919],[142.12924,-12.38837],[142.1296,-12.38863],[142.12962,-12.38867],[142.12974,-12.38887],[142.12974,-12.38888],[142.12878,-12.39173],[142.20453,-12.29587],[142.22005,-12.27843],[142.1,-12.27899]]],[[[141.84917,-12.24082],[141.84871,-12.19382],[141.87015,-12.18664],[141.91049,-12.16332],[141.91146,-12.16365],[141.91487,-12.15917],[141.91628,-12.15951],[141.9177,-12.15753],[141.91601,-12.15627],[141.91786,-12.15624],[141.91789,-12.15512],[141.92011,-12.15766],[141.9211,-12.15733],[141.9213,-12.15608],[141.92275,-12.15614],[141.92382,-12.15343],[141.92596,-12.15141],[141.92502,-12.15053],[141.92287,-12.15236],[141.9213,-12.1516],[141.91947,-12.15268],[141.91745,-12.15249],[141.9204,-12.14967],[141.92367,-12.14855],[141.91884,-12.14896],[141.92124,-12.14694],[141.91745,-12.14769],[141.91777,-12.14618],[141.92205,-12.14549],[141.92269,-12.1446],[141.92155,-12.14378],[141.92456,-12.14212],[141.92363,-12.14152],[141.92077,-12.14317],[141.91783,-12.14337],[141.9171,-12.14469],[141.91499,-12.14366],[141.916,-12.14265],[141.92098,-12.14088],[141.92193,-12.13906],[141.92098,-12.1383],[141.92092,-12.13704],[141.91607,-12.14006],[141.91203,-12.14076],[141.91186,-12.13984],[141.9174,-12.13736],[141.91878,-12.13515],[141.92205,-12.13445],[141.9242,-12.13651],[141.9269,-12.13509],[141.92603,-12.13351],[141.92218,-12.13218],[141.92004,-12.13199],[141.91852,-12.13344],[141.91752,-12.13294],[141.91833,-12.13155],[141.92054,-12.13042],[141.92004,-12.13004],[141.91443,-12.13111],[141.91953,-12.12701],[141.9213,-12.12619],[141.923,-12.12739],[141.92508,-12.12588],[141.9247,-12.12405],[141.92306,-12.12405],[141.92521,-12.12254],[141.92502,-12.12096],[141.92382,-12.11976],[141.92174,-12.12012],[141.92207,-12.1254],[141.9199,-12.12533],[141.91171,-12.12954],[141.90902,-12.12783],[141.91074,-12.12604],[141.91493,-12.12455],[141.91525,-12.12254],[141.91425,-12.12403],[141.90995,-12.12518],[141.90853,-12.12459],[141.91004,-12.12133],[141.91176,-12.12245],[141.91624,-12.1211],[141.91562,-12.11869],[141.91172,-12.11964],[141.9172,-12.11512],[141.92136,-12.11705],[141.92262,-12.11875],[141.92351,-12.11655],[141.92294,-12.11466],[141.91816,-12.11424],[141.9178,-12.11315],[141.92275,-12.11232],[141.92199,-12.10753],[141.9206,-12.1045],[141.9181,-12.10888],[141.91842,-12.11113],[141.91542,-12.11537],[141.91187,-12.11769],[141.90911,-12.1176],[141.9119,-12.11503],[141.91266,-12.11352],[141.91173,-12.11304],[141.90654,-12.11762],[141.90572,-12.11705],[141.90371,-12.11763],[141.90812,-12.11251],[141.90251,-12.11421],[141.90188,-12.11365],[141.91186,-12.10762],[141.91123,-12.10573],[141.90194,-12.11157],[141.90245,-12.10974],[141.9078,-12.10552],[141.90783,-12.10437],[141.90272,-12.10714],[141.90186,-12.10387],[141.90755,-12.10059],[141.90404,-12.1016],[141.90316,-12.09989],[141.9059,-12.09592],[141.91275,-12.0935],[141.91502,-12.09155],[141.90806,-12.09245],[141.90753,-12.0916],[141.91395,-12.08908],[141.91027,-12.08706],[141.91092,-12.08615],[141.91368,-12.08631],[141.91438,-12.08464],[141.91353,-12.07531],[141.91275,-12.07522],[141.91249,-12.0735],[141.91269,-12.06803],[141.91376,-12.06514],[141.91368,-12.0613],[141.91412,-12.05895],[141.91461,-12.0598],[141.91526,-12.05419],[141.9172,-12.05093],[141.9176,-12.04641],[141.91838,-12.04546],[141.91797,-12.04196],[141.91387,-12.03189],[141.90813,-12.02372],[141.90857,-12.01885],[141.90556,-12.01876],[141.90233,-12.01697],[141.89916,-12.01331],[141.89843,-12.01074],[141.89511,-12.00635],[141.89099,-12.00253],[141.89103,-11.99859],[141.89016,-11.99537],[141.89067,-11.99435],[141.88642,-11.98994],[141.88582,-11.98707],[141.88579,-11.98457],[141.88784,-11.98259],[141.88798,-11.97906],[141.88976,-11.97422],[141.89468,-11.96674],[141.89937,-11.96164],[141.90467,-11.95747],[141.90683,-11.95674],[141.90688,-11.95776],[141.90893,-11.95711],[141.90863,-11.95462],[141.9066,-11.9535],[141.89462,-11.95422],[141.88781,-11.95215],[141.8823,-11.95334],[141.87576,-11.95838],[141.85007,-11.98626],[141.83944,-12.0107],[141.83263,-12.02041],[141.82664,-12.02639],[141.82191,-12.0337],[141.81933,-12.03521],[141.81649,-12.03963],[141.80634,-12.06024],[141.79436,-12.0907],[141.74209,-12.20835],[141.73818,-12.21623],[141.73471,-12.22109],[141.72715,-12.22903],[141.72904,-12.22966],[141.73452,-12.22884],[141.7402,-12.22424],[141.74329,-12.2238],[141.74638,-12.22197],[141.74802,-12.22203],[141.74909,-12.22336],[141.75678,-12.22664],[141.76151,-12.22752],[141.76536,-12.22992],[141.77235,-12.22512],[141.77563,-12.2214],[141.78465,-12.223],[141.78547,-12.22404],[141.78714,-12.22],[141.78805,-12.22076],[141.78862,-12.22426],[141.78966,-12.22523],[141.78433,-12.22549],[141.78727,-12.22741],[141.78572,-12.22782],[141.78632,-12.22854],[141.79266,-12.23236],[141.79877,-12.23488],[141.80044,-12.23758],[141.80461,-12.23994],[141.81365,-12.23452],[141.8199,-12.23357],[141.8238,-12.23181],[141.82765,-12.23269],[141.82746,-12.23515],[141.82601,-12.23754],[141.82008,-12.23811],[141.81836,-12.24016],[141.84917,-12.24082]]],[[[141.96107,-12.1804],[141.96762,-12.15254],[141.94931,-12.08569],[141.96827,-12.06576],[141.98626,-12.05921],[142.00409,-12.12807],[142.01129,-12.12175],[142.0059,-12.09305],[142.02192,-12.08063],[142.04639,-12.11247],[142.04257,-12.06337],[142.07088,-12.04011],[142.06493,-12.0073],[142.08745,-11.99668],[142.09665,-11.98909],[142.09068,-11.98941],[142.0838,-11.98841],[142.08076,-11.9912],[142.07735,-11.9909],[142.07564,-11.99234],[142.07505,-11.9941],[142.07281,-11.99394],[142.07067,-11.99242],[142.07299,-11.99028],[142.07446,-11.99153],[142.07811,-11.98703],[142.07361,-11.98707],[142.07481,-11.98975],[142.07361,-11.98908],[142.07223,-11.98962],[142.07156,-11.98855],[142.06902,-11.98895],[142.06906,-11.98801],[142.07062,-11.98681],[142.06969,-11.98578],[142.06621,-11.98458],[142.06505,-11.98458],[142.06474,-11.98565],[142.06041,-11.98422],[142.06175,-11.98739],[142.06001,-11.98765],[142.05845,-11.98378],[142.05689,-11.98369],[142.05827,-11.98672],[142.05667,-11.98734],[142.05506,-11.98476],[142.05203,-11.986],[142.05444,-11.98895],[142.0535,-11.98984],[142.04963,-11.98685],[142.04896,-11.98801],[142.04789,-11.98801],[142.04967,-11.9906],[142.04753,-11.99002],[142.04503,-11.99104],[142.04517,-11.99251],[142.04334,-11.99514],[142.04298,-11.99769],[142.04343,-11.99893],[142.04606,-11.99853],[142.04615,-11.99965],[142.04392,-12.00058],[142.04329,-12.00188],[142.04196,-12.00139],[142.042,-12.0103],[142.04013,-12.01677],[142.04022,-12.02435],[142.03811,-12.03512],[142.03876,-12.03598],[142.03748,-12.03766],[142.03851,-12.03972],[142.03718,-12.04055],[142.03938,-12.04367],[142.03557,-12.04209],[142.0346,-12.04601],[142.03734,-12.04793],[142.03317,-12.04912],[142.03333,-12.05032],[142.03508,-12.05077],[142.03505,-12.0516],[142.03339,-12.05224],[142.0336,-12.0536],[142.03115,-12.05791],[142.03176,-12.05893],[142.03053,-12.05929],[142.02402,-12.06837],[142.02271,-12.07099],[142.02319,-12.07216],[142.02131,-12.07726],[142.01259,-12.07658],[142.00973,-12.07778],[142.00712,-12.08459],[142.00497,-12.08612],[142.00546,-12.09048],[142.00408,-12.09179],[142.00179,-12.09172],[142.00124,-12.08764],[142.00013,-12.08702],[142.00034,-12.08418],[141.9989,-12.0801],[142.00082,-12.07899],[141.99726,-12.07301],[141.99476,-12.07154],[141.99462,-12.07034],[141.9965,-12.06927],[141.99432,-12.06661],[141.99342,-12.0612],[141.98715,-12.0579],[141.98341,-12.05783],[141.98016,-12.05631],[141.98013,-12.05531],[141.97836,-12.05493],[141.97864,-12.0532],[141.97046,-12.04653],[141.96966,-12.0468],[141.96422,-12.04403],[141.96364,-12.04493],[141.96422,-12.04693],[141.96175,-12.04607],[141.96071,-12.04683],[141.95909,-12.04524],[141.9578,-12.04742],[141.95905,-12.04849],[141.95851,-12.04892],[141.96036,-12.05155],[141.9561,-12.05144],[141.94875,-12.05884],[141.94615,-12.06004],[141.94781,-12.06274],[141.94991,-12.06351],[141.95047,-12.06455],[141.94406,-12.06325],[141.9438,-12.0649],[141.93791,-12.06873],[141.93758,-12.07022],[141.94083,-12.07307],[141.93849,-12.07335],[141.93666,-12.0724],[141.93466,-12.07291],[141.93478,-12.0745],[141.93661,-12.07544],[141.93436,-12.07591],[141.93383,-12.07926],[141.9311,-12.0826],[141.93073,-12.08417],[141.93427,-12.08497],[141.93572,-12.08282],[141.93738,-12.08534],[141.93529,-12.08516],[141.93439,-12.08594],[141.93574,-12.08622],[141.93509,-12.08749],[141.93591,-12.08892],[141.93971,-12.08798],[141.94044,-12.08898],[141.94252,-12.08622],[141.94337,-12.08781],[141.94525,-12.08822],[141.94437,-12.08941],[141.94489,-12.09118],[141.9441,-12.09175],[141.94616,-12.09419],[141.94652,-12.09684],[141.94593,-12.09808],[141.94412,-12.09864],[141.94837,-12.10225],[141.94777,-12.10442],[141.95009,-12.10694],[141.95012,-12.11096],[141.95188,-12.11701],[141.95639,-12.12598],[141.96085,-12.13098],[141.95957,-12.14029],[141.95989,-12.14426],[141.95474,-12.14437],[141.95968,-12.14594],[141.9604,-12.14744],[141.9596,-12.14763],[141.96145,-12.15294],[141.96543,-12.15448],[141.96486,-12.15628],[141.96459,-12.1551],[141.96374,-12.15486],[141.96168,-12.15554],[141.9618,-12.15465],[141.96031,-12.1542],[141.95931,-12.15289],[141.95797,-12.15421],[141.95702,-12.15273],[141.9558,-12.15316],[141.9578,-12.15597],[141.95758,-12.15649],[141.95522,-12.15616],[141.95703,-12.15922],[141.95611,-12.15965],[141.95442,-12.15871],[141.95467,-12.1598],[141.95341,-12.16005],[141.95297,-12.16095],[141.95166,-12.1601],[141.95133,-12.15891],[141.95041,-12.15951],[141.94958,-12.1591],[141.94832,-12.16078],[141.94644,-12.15833],[141.94562,-12.15824],[141.94832,-12.16241],[141.94803,-12.16446],[141.94624,-12.16308],[141.94668,-12.16614],[141.94357,-12.16308],[141.94325,-12.16507],[141.94228,-12.16399],[141.94098,-12.1672],[141.93015,-12.16664],[141.9289,-12.16934],[141.9279,-12.1691],[141.92783,-12.16717],[141.92547,-12.16839],[141.96107,-12.1804]]]]},"properties":{"LGA Code":"4830","Abbreviated Name":"Mapoon Aboriginal","LGA Name":"Mapoon Aboriginal Shire","Area Sq Km":488.08186,"LDMG Name":"Mapoon","Police Region Name":"Far Northern Region","Police Region Code":"FNR","Police Region Short Name":"Far North"}},{"type":"Feature","geometry":{"type":"Polygon","coordinates":[[[145.61702,-16.71594],[145.61636,-16.71552],[145.61581,-16.71507],[145.6154,-16.71508],[145.60893,-16.71522],[145.60569,-16.71457],[145.6031,-16.71111],[145.60081,-16.71002],[145.59753,-16.70881],[145.59532,-16.70912],[145.59145,-16.70691],[145.58655,-16.70589],[145.58244,-16.70152],[145.57551,-16.70118],[145.57185,-16.69744],[145.56853,-16.69679],[145.56537,-16.69375],[145.55718,-16.69217],[145.55145,-16.69251],[145.54391,-16.68702],[145.53783,-16.67698],[145.53479,-16.67722],[145.53019,-16.67541],[145.52653,-16.67141],[145.52241,-16.67153],[145.51793,-16.67499],[145.51809,-16.67326],[145.51705,-16.67096],[145.51492,-16.66864],[145.51522,-16.66596],[145.51368,-16.6657],[145.51373,-16.66466],[145.51711,-16.66024],[145.52161,-16.6603],[145.52179,-16.65895],[145.51937,-16.65659],[145.5213,-16.65363],[145.51998,-16.64878],[145.52378,-16.64642],[145.52401,-16.64515],[145.52258,-16.64183],[145.5226,-16.63906],[145.5211,-16.63404],[145.52398,-16.6317],[145.52587,-16.62858],[145.53037,-16.62585],[145.52986,-16.62341],[145.52269,-16.62307],[145.51713,-16.63019],[145.51473,-16.62974],[145.51347,-16.63128],[145.51169,-16.63152],[145.50742,-16.63506],[145.50612,-16.6372],[145.50178,-16.64058],[145.49882,-16.64184],[145.49519,-16.64199],[145.49072,-16.64502],[145.48744,-16.6417],[145.48584,-16.64163],[145.47254,-16.6446],[145.46902,-16.6465],[145.47008,-16.64828],[145.46971,-16.64897],[145.46409,-16.64925],[145.46154,-16.64768],[145.458,-16.64884],[145.45491,-16.64437],[145.44717,-16.64353],[145.44926,-16.61058],[145.44379,-16.61015],[145.44378,-16.60893],[145.44,-16.60579],[145.43783,-16.60585],[145.43586,-16.60356],[145.44856,-16.60446],[145.4491,-16.59936],[145.44183,-16.59863],[145.44146,-16.59605],[145.44252,-16.59588],[145.44279,-16.59449],[145.4444,-16.59373],[145.44232,-16.57876],[145.44483,-16.57847],[145.44559,-16.57534],[145.43933,-16.56967],[145.43187,-16.56881],[145.43322,-16.55196],[145.41553,-16.5296],[145.41339,-16.53128],[145.4103,-16.52762],[145.41148,-16.52669],[145.40774,-16.52226],[145.41066,-16.51996],[145.4095,-16.51859],[145.40905,-16.51894],[145.40415,-16.51225],[145.38538,-16.51035],[145.38431,-16.52018],[145.37356,-16.51909],[145.37206,-16.53294],[145.3675,-16.53661],[145.36721,-16.53968],[145.36295,-16.54325],[145.36328,-16.54407],[145.362,-16.54575],[145.36291,-16.54664],[145.36285,-16.54864],[145.36062,-16.54999],[145.35933,-16.55308],[145.35819,-16.55317],[145.35465,-16.5564],[145.35193,-16.55533],[145.35202,-16.55174],[145.34935,-16.55152],[145.34714,-16.54822],[145.34562,-16.54746],[145.33558,-16.54678],[145.33007,-16.55161],[145.32582,-16.55179],[145.32666,-16.54504],[145.32631,-16.54183],[145.31978,-16.54085],[145.32009,-16.53813],[145.31326,-16.53615],[145.3114,-16.53379],[145.3116,-16.53245],[145.30931,-16.53111],[145.30714,-16.53115],[145.30499,-16.53289],[145.30468,-16.53548],[145.30272,-16.53751],[145.29878,-16.53839],[145.29735,-16.53703],[145.29573,-16.53675],[145.29488,-16.5346],[145.29724,-16.5329],[145.29719,-16.53107],[145.29017,-16.52979],[145.28986,-16.52782],[145.28796,-16.52498],[145.28667,-16.52435],[145.28633,-16.52243],[145.28434,-16.52124],[145.28473,-16.51919],[145.28335,-16.51863],[145.2819,-16.51947],[145.27955,-16.51859],[145.27918,-16.51806],[145.28057,-16.51644],[145.28038,-16.51543],[145.2739,-16.51255],[145.27265,-16.51042],[145.27195,-16.50427],[145.2761,-16.50291],[145.27643,-16.50064],[145.27201,-16.49939],[145.26917,-16.50011],[145.26809,-16.4994],[145.26573,-16.49999],[145.26418,-16.49952],[145.26317,-16.49678],[145.26436,-16.49334],[145.26946,-16.49011],[145.26872,-16.48864],[145.26501,-16.48797],[145.25845,-16.48457],[145.2579,-16.48219],[145.25953,-16.47901],[145.26047,-16.47814],[145.26365,-16.47801],[145.26273,-16.4751],[145.26576,-16.47185],[145.26883,-16.47248],[145.26828,-16.47137],[145.26929,-16.47044],[145.26975,-16.46653],[145.26767,-16.46577],[145.25943,-16.46824],[145.25696,-16.46744],[145.25228,-16.46429],[145.24295,-16.46432],[145.24265,-16.46219],[145.24423,-16.46158],[145.2443,-16.45746],[145.24194,-16.45099],[145.24016,-16.44938],[145.24091,-16.44668],[145.24041,-16.44558],[145.23586,-16.44591],[145.22857,-16.44207],[145.22827,-16.44014],[145.22667,-16.43914],[145.22545,-16.43633],[145.22627,-16.43505],[145.22556,-16.43353],[145.22584,-16.4315],[145.22509,-16.43027],[145.22284,-16.43002],[145.22175,-16.42908],[145.22226,-16.42687],[145.21843,-16.42366],[145.2088,-16.41998],[145.20869,-16.41648],[145.21303,-16.4143],[145.21386,-16.41194],[145.2156,-16.41042],[145.21596,-16.40688],[145.21401,-16.39989],[145.21067,-16.39925],[145.20874,-16.39744],[145.20615,-16.39669],[145.2027,-16.39868],[145.20047,-16.39837],[145.19545,-16.39466],[145.19329,-16.39497],[145.19043,-16.39396],[145.18893,-16.39182],[145.17849,-16.38341],[145.17488,-16.37742],[145.17324,-16.37604],[145.17352,-16.37511],[145.17199,-16.37229],[145.17444,-16.37062],[145.17433,-16.36755],[145.17012,-16.36235],[145.169,-16.35954],[145.16644,-16.35886],[145.16344,-16.35446],[145.15908,-16.35018],[145.15897,-16.34905],[145.15681,-16.34915],[145.15368,-16.35092],[145.15148,-16.34897],[145.1449,-16.35077],[145.1403,-16.34655],[145.14047,-16.3441],[145.14196,-16.34356],[145.1428,-16.33789],[145.1423,-16.33659],[145.14007,-16.33537],[145.13975,-16.33396],[145.14061,-16.33242],[145.13872,-16.33162],[145.13896,-16.33094],[145.13674,-16.32928],[145.13561,-16.32681],[145.1364,-16.32537],[145.1359,-16.32471],[145.13629,-16.31954],[145.13762,-16.31827],[145.13639,-16.31544],[145.13767,-16.31349],[145.13846,-16.30812],[145.13569,-16.30804],[145.13378,-16.30563],[145.1308,-16.30511],[145.12969,-16.30405],[145.13137,-16.30276],[145.13133,-16.29613],[145.13386,-16.29061],[145.13363,-16.28627],[145.12563,-16.28223],[145.1228,-16.28312],[145.12158,-16.28253],[145.12028,-16.28016],[145.11652,-16.2796],[145.11251,-16.27623],[145.11215,-16.27478],[145.10859,-16.27549],[145.10752,-16.27377],[145.10864,-16.27142],[145.10714,-16.26872],[145.10192,-16.26897],[145.10118,-16.2685],[145.10092,-16.26647],[145.09628,-16.26444],[145.08678,-16.26294],[145.08461,-16.26366],[145.08397,-16.26538],[145.08073,-16.26654],[145.07935,-16.26804],[145.07341,-16.26503],[145.06447,-16.26212],[145.06097,-16.26399],[145.05962,-16.26198],[145.05521,-16.25925],[145.05788,-16.25473],[145.05871,-16.2509],[145.06175,-16.24898],[145.05403,-16.24298],[145.05438,-16.24077],[145.03358,-16.23063],[145.02481,-16.23132],[145.02032,-16.22901],[145.02088,-16.22639],[145.02616,-16.22438],[145.02109,-16.22082],[145.01639,-16.21737],[145.02105,-16.22087],[145.01158,-16.22492],[145.01163,-16.22647],[145.00676,-16.23262],[145.00427,-16.23787],[145.00253,-16.23822],[145.00084,-16.23971],[145.00019,-16.24122],[145.00045,-16.24601],[144.9983,-16.24952],[144.99723,-16.25076],[144.9925,-16.25304],[144.99175,-16.25476],[144.99206,-16.25618],[144.99821,-16.25882],[144.99491,-16.26366],[144.9866,-16.26625],[144.98633,-16.26896],[144.9829,-16.27018],[144.98174,-16.27253],[144.9769,-16.27688],[144.97582,-16.27961],[144.97806,-16.28301],[144.97844,-16.28529],[144.9833,-16.28643],[144.98427,-16.28738],[144.98513,-16.29092],[144.9846,-16.29468],[144.9866,-16.29737],[144.98795,-16.30099],[144.99247,-16.30363],[144.99234,-16.30698],[144.99371,-16.31276],[144.99371,-16.31279],[144.99369,-16.31504],[144.99134,-16.31684],[144.99133,-16.31685],[144.98061,-16.3209],[144.9805,-16.32466],[144.97786,-16.3237],[144.9756,-16.32501],[144.97524,-16.32615],[144.97128,-16.32669],[144.97079,-16.32835],[144.97178,-16.33029],[144.97157,-16.33196],[144.96767,-16.33475],[144.96611,-16.33386],[144.96505,-16.33428],[144.96176,-16.33821],[144.95987,-16.3383],[144.9565,-16.33685],[144.95541,-16.3378],[144.95427,-16.3361],[144.94868,-16.33762],[144.94678,-16.33676],[144.94372,-16.33675],[144.94433,-16.33995],[144.94118,-16.34336],[144.94155,-16.34519],[144.93939,-16.34593],[144.9326,-16.34319],[144.93101,-16.3413],[144.92762,-16.34086],[144.92636,-16.33823],[144.92489,-16.33718],[144.92345,-16.3372],[144.92023,-16.3336],[144.91743,-16.3349],[144.91425,-16.33263],[144.91081,-16.33453],[144.90955,-16.33351],[144.9086,-16.3306],[144.90598,-16.32759],[144.90506,-16.32748],[144.90257,-16.32907],[144.90331,-16.3336],[144.90169,-16.33493],[144.90167,-16.33677],[144.89346,-16.34111],[144.89102,-16.34583],[144.88765,-16.34649],[144.88428,-16.3423],[144.88407,-16.33982],[144.88192,-16.33502],[144.88186,-16.32982],[144.8799,-16.32538],[144.87797,-16.32344],[144.87654,-16.3202],[144.87464,-16.31977],[144.87281,-16.32082],[144.87332,-16.32317],[144.86996,-16.32444],[144.86991,-16.3254],[144.86887,-16.32577],[144.8678,-16.32889],[144.86387,-16.33057],[144.86224,-16.32969],[144.86019,-16.33163],[144.85971,-16.3351],[144.8578,-16.33596],[144.85797,-16.34007],[144.85737,-16.33985],[144.85405,-16.34344],[144.85508,-16.34573],[144.85699,-16.34622],[144.85286,-16.35039],[144.85108,-16.35328],[144.84948,-16.35302],[144.8506,-16.35536],[144.84868,-16.35597],[144.84621,-16.35305],[144.84285,-16.35213],[144.84024,-16.34991],[144.83781,-16.35094],[144.83762,-16.35429],[144.83654,-16.35515],[144.83736,-16.35907],[144.83697,-16.36185],[144.83539,-16.36344],[144.83135,-16.3599],[144.8296,-16.35915],[144.82556,-16.35919],[144.82417,-16.35721],[144.82412,-16.35535],[144.82232,-16.35338],[144.82316,-16.35209],[144.81998,-16.34851],[144.82088,-16.3444],[144.8171,-16.33856],[144.80856,-16.33788],[144.80758,-16.33375],[144.80362,-16.32714],[144.80381,-16.32568],[144.78881,-16.30616],[144.78488,-16.30261],[144.77142,-16.29392],[144.77141,-16.29059],[144.7733,-16.28371],[144.77245,-16.27901],[144.7709,-16.27545],[144.76494,-16.27179],[144.76469,-16.26709],[144.76171,-16.26251],[144.73161,-16.26049],[144.73006,-16.25888],[144.7172,-16.25133],[144.71233,-16.25294],[144.71235,-16.26017],[144.71046,-16.26625],[144.70523,-16.26763],[144.69762,-16.26569],[144.695,-16.26994],[144.69526,-16.27877],[144.6897,-16.29495],[144.68994,-16.29782],[144.69257,-16.30298],[144.69341,-16.30642],[144.69259,-16.31503],[144.69069,-16.3187],[144.69103,-16.3212],[144.68973,-16.32396],[144.68392,-16.32764],[144.67883,-16.33267],[144.65496,-16.32553],[144.65301,-16.323],[144.64477,-16.32002],[144.64272,-16.3172],[144.63438,-16.31848],[144.62759,-16.32174],[144.62603,-16.32015],[144.62026,-16.31896],[144.61967,-16.31714],[144.6176,-16.31614],[144.61546,-16.31287],[144.61293,-16.31142],[144.60587,-16.30811],[144.6005,-16.30737],[144.59745,-16.30494],[144.59502,-16.30401],[144.59189,-16.30406],[144.58758,-16.30138],[144.58482,-16.30072],[144.58188,-16.29876],[144.58087,-16.29503],[144.57821,-16.29056],[144.57574,-16.28971],[144.5709,-16.29005],[144.56401,-16.29224],[144.56162,-16.29167],[144.5585,-16.29414],[144.55775,-16.2957],[144.55762,-16.29986],[144.5531,-16.30114],[144.55034,-16.30099],[144.5458,-16.30333],[144.54403,-16.30158],[144.54156,-16.30128],[144.5392,-16.29819],[144.5375,-16.29774],[144.5344,-16.29888],[144.52941,-16.29831],[144.52118,-16.30332],[144.51973,-16.30589],[144.51745,-16.30645],[144.51461,-16.30908],[144.51493,-16.3125],[144.5141,-16.31426],[144.51044,-16.3148],[144.50972,-16.31675],[144.51137,-16.32156],[144.51552,-16.32384],[144.51894,-16.32353],[144.51838,-16.32603],[144.52024,-16.3297],[144.52108,-16.33379],[144.52459,-16.33584],[144.52515,-16.34035],[144.52128,-16.34713],[144.51989,-16.34778],[144.51889,-16.34973],[144.515,-16.34933],[144.51292,-16.35013],[144.50934,-16.3537],[144.50755,-16.35368],[144.50681,-16.35457],[144.50374,-16.3532],[144.50143,-16.35557],[144.50005,-16.35543],[144.4957,-16.35213],[144.49564,-16.35063],[144.49408,-16.34854],[144.48853,-16.34737],[144.48607,-16.3493],[144.48226,-16.34847],[144.47897,-16.34541],[144.47597,-16.34483],[144.47092,-16.33669],[144.46623,-16.3382],[144.45732,-16.33574],[144.45463,-16.33312],[144.45333,-16.3331],[144.45076,-16.3315],[144.4457,-16.33572],[144.44446,-16.33786],[144.44228,-16.33944],[144.4398,-16.33984],[144.4381,-16.34222],[144.43676,-16.34224],[144.43362,-16.34047],[144.43215,-16.34061],[144.43124,-16.34209],[144.42945,-16.34254],[144.4284,-16.34524],[144.42694,-16.34471],[144.42484,-16.34711],[144.42138,-16.34746],[144.42051,-16.34906],[144.41746,-16.34895],[144.41521,-16.3499],[144.41292,-16.34838],[144.407,-16.34768],[144.40588,-16.34625],[144.4068,-16.34117],[144.40372,-16.33458],[144.39922,-16.33044],[144.3934,-16.32825],[144.38988,-16.32456],[144.389,-16.32051],[144.38639,-16.31475],[144.38678,-16.31316],[144.38246,-16.31043],[144.37822,-16.31038],[144.37123,-16.30514],[144.36836,-16.30403],[144.36313,-16.30035],[144.35424,-16.29022],[144.34448,-16.28577],[144.34,-16.29016],[144.33521,-16.29028],[144.33384,-16.29127],[144.33014,-16.29697],[144.32815,-16.29873],[144.32535,-16.30622],[144.32361,-16.31376],[144.31993,-16.31688],[144.31729,-16.32088],[144.3167,-16.32372],[144.31837,-16.32949],[144.31756,-16.33079],[144.31505,-16.33016],[144.31257,-16.32728],[144.30892,-16.32943],[144.30609,-16.32975],[144.30414,-16.33305],[144.30272,-16.3335],[144.30319,-16.33517],[144.30138,-16.33758],[144.29835,-16.33849],[144.29472,-16.33728],[144.29281,-16.33767],[144.28605,-16.33332],[144.28025,-16.32648],[144.27644,-16.32334],[144.27279,-16.32485],[144.26788,-16.32881],[144.26687,-16.33099],[144.26743,-16.33438],[144.26644,-16.33538],[144.26298,-16.33652],[144.2611,-16.33643],[144.2595,-16.33529],[144.25793,-16.33782],[144.25254,-16.34189],[144.24716,-16.34383],[144.24478,-16.34186],[144.2446,-16.33743],[144.24357,-16.33687],[144.24473,-16.33543],[144.24225,-16.33015],[144.23526,-16.32825],[144.23354,-16.32622],[144.2331,-16.32277],[144.23125,-16.31959],[144.22896,-16.31787],[144.22623,-16.31883],[144.2256,-16.31658],[144.2271,-16.31546],[144.22738,-16.31409],[144.22472,-16.31248],[144.22794,-16.30914],[144.22604,-16.29572],[144.22711,-16.29141],[144.22581,-16.29016],[144.22018,-16.29048],[144.21778,-16.28684],[144.22267,-16.28201],[144.21941,-16.27858],[144.2183,-16.27431],[144.21521,-16.27519],[144.21238,-16.27177],[144.21149,-16.26742],[144.20659,-16.26397],[144.19918,-16.264],[144.19511,-16.26191],[144.18683,-16.26588],[144.18501,-16.27055],[144.18462,-16.26534],[144.18326,-16.2639],[144.17993,-16.26402],[144.1779,-16.26664],[144.17788,-16.26472],[144.17603,-16.26241],[144.17586,-16.26049],[144.17702,-16.25895],[144.17625,-16.25525],[144.16887,-16.25499],[144.16813,-16.25406],[144.16827,-16.25078],[144.16665,-16.25154],[144.16037,-16.24777],[144.16014,-16.24552],[144.16115,-16.24448],[144.16103,-16.24274],[144.15865,-16.23203],[144.15736,-16.22973],[144.15478,-16.22813],[144.15322,-16.22486],[144.15109,-16.22476],[144.14885,-16.21934],[144.14582,-16.2161],[144.14464,-16.21308],[144.1449,-16.21167],[144.14175,-16.20418],[144.14211,-16.20222],[144.14118,-16.20043],[144.13797,-16.19996],[144.13723,-16.1989],[144.13782,-16.19713],[144.13673,-16.187],[144.13595,-16.18526],[144.13035,-16.18376],[144.12261,-16.18442],[144.12093,-16.18276],[144.12002,-16.17703],[144.11861,-16.17619],[144.11942,-16.17241],[144.11627,-16.14927],[144.11781,-16.14186],[144.11563,-16.14013],[144.11413,-16.14057],[144.11368,-16.14299],[144.11069,-16.14381],[144.10758,-16.14318],[144.10719,-16.14432],[144.106,-16.14485],[144.1029,-16.13992],[144.10055,-16.13934],[144.1003,-16.13709],[144.09813,-16.1337],[144.09827,-16.13055],[144.09728,-16.13026],[144.09633,-16.13066],[144.09549,-16.13366],[144.09293,-16.13472],[144.08853,-16.132],[144.08636,-16.12887],[144.08466,-16.1288],[144.08257,-16.13079],[144.07807,-16.1316],[144.07015,-16.13056],[144.06783,-16.1357],[144.06192,-16.13878],[144.05856,-16.14294],[144.05685,-16.14361],[144.05323,-16.1426],[144.05186,-16.14123],[144.05058,-16.14167],[144.04823,-16.14721],[144.04388,-16.14749],[144.04386,-16.14749],[144.04102,-16.14707],[144.03714,-16.14415],[144.03172,-16.14185],[144.02696,-16.14178],[144.02257,-16.1392],[144.01985,-16.13894],[144.01844,-16.13964],[144.01599,-16.13867],[144.01028,-16.1316],[144.00615,-16.12844],[143.99668,-16.12445],[143.99119,-16.12409],[143.98907,-16.12205],[143.98657,-16.12226],[143.98184,-16.12054],[143.97354,-16.11606],[143.97215,-16.11645],[143.96944,-16.11898],[143.9682,-16.11846],[143.9662,-16.11935],[143.96559,-16.11622],[143.9597,-16.11173],[143.95009,-16.10846],[143.94894,-16.10975],[143.94886,-16.11219],[143.94059,-16.1144],[143.93443,-16.12035],[143.93464,-16.12428],[143.93383,-16.12657],[143.92912,-16.12993],[143.92093,-16.13264],[143.91789,-16.13555],[143.91494,-16.13641],[143.91078,-16.13208],[143.90962,-16.12797],[143.90278,-16.12725],[143.9027,-16.12224],[143.89938,-16.12083],[143.89822,-16.1165],[143.8913,-16.11964],[143.89032,-16.11836],[143.89054,-16.11588],[143.88036,-16.11093],[143.88095,-16.10892],[143.87988,-16.10629],[143.874,-16.10609],[143.87134,-16.10813],[143.87141,-16.11039],[143.86928,-16.11664],[143.86691,-16.1198],[143.86443,-16.12231],[143.8596,-16.1239],[143.85343,-16.12958],[143.85397,-16.13572],[143.85132,-16.13714],[143.84379,-16.13673],[143.84256,-16.13508],[143.83913,-16.13476],[143.8381,-16.13368],[143.83629,-16.13396],[143.83172,-16.13242],[143.82512,-16.1368],[143.82208,-16.13746],[143.82015,-16.13963],[143.81841,-16.1442],[143.81362,-16.14576],[143.81161,-16.14796],[143.8088,-16.15419],[143.80279,-16.15758],[143.79935,-16.15624],[143.79739,-16.15634],[143.79496,-16.15768],[143.79374,-16.15933],[143.79093,-16.15715],[143.78609,-16.15847],[143.77895,-16.15676],[143.7757,-16.15826],[143.7764,-16.15963],[143.77601,-16.16167],[143.77356,-16.16443],[143.76658,-16.1628],[143.76461,-16.16075],[143.7626,-16.16093],[143.76131,-16.16314],[143.75807,-16.16533],[143.75574,-16.16307],[143.7522,-16.16326],[143.75129,-16.15959],[143.74651,-16.15718],[143.74204,-16.15782],[143.73858,-16.1555],[143.73573,-16.15577],[143.73295,-16.15401],[143.72569,-16.15396],[143.72231,-16.152],[143.72168,-16.14914],[143.71754,-16.14475],[143.71743,-16.14187],[143.71498,-16.13918],[143.71454,-16.13507],[143.71242,-16.13339],[143.7037,-16.13426],[143.69884,-16.13094],[143.697,-16.13124],[143.69533,-16.1298],[143.69203,-16.13065],[143.68951,-16.12762],[143.68713,-16.12796],[143.68561,-16.12707],[143.68489,-16.12553],[143.68264,-16.12446],[143.68004,-16.12644],[143.67669,-16.12453],[143.67254,-16.12336],[143.67202,-16.12116],[143.66994,-16.11824],[143.66605,-16.1164],[143.6599,-16.11966],[143.65741,-16.118],[143.65472,-16.11356],[143.65455,-16.10938],[143.65248,-16.10667],[143.64505,-16.10298],[143.64221,-16.09538],[143.63892,-16.09443],[143.63903,-16.09277],[143.64194,-16.08981],[143.64358,-16.08554],[143.64207,-16.07904],[143.63837,-16.07649],[143.63187,-16.07546],[143.62579,-16.07757],[143.62168,-16.07726],[143.61771,-16.07263],[143.61573,-16.07233],[143.61423,-16.07396],[143.61353,-16.0768],[143.61243,-16.07813],[143.60944,-16.0766],[143.60652,-16.07711],[143.60103,-16.07518],[143.59484,-16.07911],[143.58879,-16.07962],[143.58428,-16.0772],[143.57993,-16.07853],[143.57604,-16.08072],[143.57296,-16.08112],[143.56371,-16.07894],[143.55962,-16.07917],[143.55493,-16.08097],[143.54709,-16.08587],[143.54555,-16.08869],[143.53972,-16.08839],[143.53327,-16.09069],[143.53007,-16.09408],[143.52804,-16.09428],[143.52569,-16.09231],[143.52092,-16.09098],[143.51764,-16.08883],[143.50126,-16.08667],[143.49756,-16.08256],[143.4946,-16.08059],[143.48904,-16.08088],[143.48435,-16.07922],[143.48052,-16.07443],[143.47476,-16.07096],[143.46537,-16.06861],[143.46545,-16.06332],[143.47032,-16.05835],[143.46941,-16.05545],[143.46545,-16.05477],[143.45678,-16.05614],[143.45131,-16.05489],[143.4463,-16.05481],[143.43978,-16.05059],[143.43716,-16.046],[143.43086,-16.04469],[143.4276,-16.04898],[143.42726,-16.05142],[143.421,-16.05463],[143.41859,-16.05411],[143.41207,-16.05574],[143.40201,-16.04545],[143.39023,-16.04252],[143.37632,-16.04311],[143.3658,-16.04446],[143.35578,-16.0479],[143.34076,-16.05516],[143.32237,-16.06664],[143.30329,-16.07624],[143.29874,-16.08315],[143.29028,-16.08395],[143.27554,-16.09233],[143.26781,-16.09394],[143.2617,-16.09328],[143.25529,-16.09399],[143.24861,-16.10076],[143.23688,-16.10503],[143.22309,-16.10751],[143.19331,-16.10195],[143.18435,-16.09639],[143.1686,-16.10146],[143.14829,-16.10427],[143.14059,-16.10289],[143.11306,-16.10513],[143.10429,-16.10209],[143.07318,-16.10814],[143.06083,-16.10984],[143.05433,-16.11342],[143.04273,-16.11295],[143.0311,-16.10207],[143.02512,-16.0953],[143.02072,-16.09187],[143.01546,-16.09316],[143.01143,-16.09661],[143.00404,-16.09501],[142.98592,-16.08331],[142.95566,-16.0766],[142.9406,-16.07587],[142.92472,-16.07688],[142.90462,-16.08471],[142.89678,-16.0842],[142.87437,-16.0865],[142.85568,-16.08492],[142.83711,-16.08006],[142.82001,-16.07918],[142.80314,-16.07933],[142.79216,-16.08088],[142.78528,-16.07744],[142.77223,-16.07456],[142.75231,-16.07822],[142.74553,-16.07835],[142.74301,-16.08245],[142.7391,-16.08328],[142.73536,-16.08695],[142.73057,-16.08946],[142.72421,-16.08588],[142.72004,-16.08234],[142.71095,-16.07936],[142.71993,-16.08655],[142.73462,-16.10247],[142.74232,-16.10952],[142.74223,-16.11201],[142.69899,-16.1732],[142.63723,-16.13241],[142.59615,-16.19065],[142.5467,-16.55811],[142.50804,-16.97215],[142.42143,-17.08743],[142.4242,-17.08879],[142.42751,-17.09233],[142.42735,-17.09361],[142.42874,-17.09601],[142.43215,-17.0981],[142.43387,-17.09822],[142.43591,-17.10084],[142.44017,-17.10124],[142.44517,-17.10503],[142.45135,-17.10584],[142.45593,-17.10832],[142.45884,-17.11608],[142.46232,-17.11823],[142.46277,-17.11951],[142.46166,-17.12229],[142.46374,-17.12475],[142.46674,-17.12618],[142.46728,-17.12898],[142.46846,-17.13068],[142.4735,-17.13441],[142.4742,-17.13651],[142.47779,-17.13899],[142.48591,-17.1423],[142.48696,-17.14579],[142.48924,-17.14755],[142.49522,-17.14999],[142.49921,-17.15465],[142.50221,-17.15629],[142.50527,-17.1605],[142.50831,-17.16214],[142.51298,-17.17045],[142.51629,-17.17166],[142.51962,-17.17166],[142.52195,-17.17525],[142.5351,-17.17682],[142.54069,-17.17551],[142.4016,-17.35525],[142.3406,-17.28622],[142.17502,-17.43241],[142.18431,-17.43788],[142.19333,-17.44048],[142.20597,-17.44234],[142.21722,-17.44183],[142.22545,-17.44558],[142.22937,-17.4502],[142.22957,-17.45166],[142.23857,-17.4574],[142.24469,-17.45787],[142.2514,-17.46283],[142.25246,-17.46576],[142.259,-17.47125],[142.26234,-17.47771],[142.26299,-17.48058],[142.26786,-17.48726],[142.26774,-17.49176],[142.2678,-17.49182],[142.26779,-17.49231],[142.27112,-17.49529],[142.28657,-17.49619],[142.28994,-17.49505],[142.29456,-17.49055],[142.29969,-17.48746],[142.30322,-17.48426],[142.30763,-17.48293],[142.30996,-17.48363],[142.31725,-17.48322],[142.32163,-17.48655],[142.32892,-17.4865],[142.33381,-17.48482],[142.34221,-17.48435],[142.35426,-17.48998],[142.3552,-17.49185],[142.35365,-17.49786],[142.35501,-17.50026],[142.36221,-17.50292],[142.36899,-17.50034],[142.3725,-17.50179],[142.37578,-17.50677],[142.37447,-17.51148],[142.37492,-17.51401],[142.37969,-17.52056],[142.38765,-17.52698],[142.39213,-17.53636],[142.39261,-17.54241],[142.39422,-17.54476],[142.39568,-17.55139],[142.39723,-17.5535],[142.40055,-17.5543],[142.40092,-17.55536],[142.39996,-17.55724],[142.40143,-17.56547],[142.40486,-17.57239],[142.40645,-17.57237],[142.40917,-17.57471],[142.41023,-17.57717],[142.40813,-17.58383],[142.40926,-17.58688],[142.41221,-17.58769],[142.41419,-17.58926],[142.41842,-17.59799],[142.42109,-17.60162],[142.42478,-17.60242],[142.42685,-17.60158],[142.43024,-17.60256],[142.43061,-17.60373],[142.43605,-17.6089],[142.43959,-17.61084],[142.44583,-17.62429],[142.44867,-17.62651],[142.45332,-17.63247],[142.4573,-17.63156],[142.46272,-17.63364],[142.46857,-17.63695],[142.47192,-17.64157],[142.47654,-17.64359],[142.48154,-17.6472],[142.48455,-17.64783],[142.49117,-17.64725],[142.49697,-17.65073],[142.49967,-17.6516],[142.50434,-17.65174],[142.50662,-17.65278],[142.52527,-17.6534],[142.5347,-17.65168],[142.54513,-17.65136],[142.55227,-17.64707],[142.5554,-17.64658],[142.55657,-17.64739],[142.56038,-17.64783],[142.56405,-17.64663],[142.56624,-17.64473],[142.57401,-17.64284],[142.5803,-17.63979],[142.58499,-17.64281],[142.5893,-17.64401],[142.59659,-17.64342],[142.60173,-17.64197],[142.60898,-17.6435],[142.61455,-17.6414],[142.62154,-17.64163],[142.6241,-17.63979],[142.62987,-17.63939],[142.63258,-17.64066],[142.63754,-17.63991],[142.63972,-17.64342],[142.65126,-17.64415],[142.65569,-17.64564],[142.65874,-17.64432],[142.66483,-17.63927],[142.66774,-17.63548],[142.67562,-17.63195],[142.67948,-17.63174],[142.68145,-17.63178],[142.68687,-17.63444],[142.69701,-17.63623],[142.71024,-17.635],[142.71885,-17.63651],[142.72182,-17.63925],[142.72264,-17.64172],[142.72462,-17.64352],[142.728,-17.64443],[142.73039,-17.64447],[142.73415,-17.63926],[142.73671,-17.63783],[142.74568,-17.63992],[142.74737,-17.64314],[142.75045,-17.64429],[142.75266,-17.64427],[142.75881,-17.63987],[142.76156,-17.63878],[142.76937,-17.6406],[142.78479,-17.63752],[142.78609,-17.63839],[142.7923,-17.63951],[142.79427,-17.64072],[142.79599,-17.64071],[142.80465,-17.63545],[142.81023,-17.62911],[142.81254,-17.62756],[142.81481,-17.62713],[142.81702,-17.62775],[142.82245,-17.63082],[142.82614,-17.63184],[142.83349,-17.63101],[142.83622,-17.6281],[142.83607,-17.62475],[142.84022,-17.62307],[142.84668,-17.61895],[142.85244,-17.61837],[142.85424,-17.61512],[142.85625,-17.61363],[142.86177,-17.61387],[142.86562,-17.61224],[142.87098,-17.61472],[142.87583,-17.61526],[142.87821,-17.61342],[142.88103,-17.61404],[142.88311,-17.61331],[142.88557,-17.6137],[142.89027,-17.61172],[142.8922,-17.60864],[142.89477,-17.60803],[142.89647,-17.60648],[142.91074,-17.60505],[142.91802,-17.60321],[142.9234,-17.59587],[142.92628,-17.5952],[142.93242,-17.59102],[142.93801,-17.59132],[142.94035,-17.59218],[142.94174,-17.59028],[142.95271,-17.59047],[142.96326,-17.58472],[142.97165,-17.58375],[142.97675,-17.54625],[142.9806,-17.54495],[142.98356,-17.54853],[142.98598,-17.54652],[143.00323,-17.54725],[143.00694,-17.55011],[143.01517,-17.54505],[143.01913,-17.53715],[143.03086,-17.54091],[143.03976,-17.54525],[143.04815,-17.54827],[143.04962,-17.5512],[143.05514,-17.55585],[143.06644,-17.55385],[143.06962,-17.55128],[143.07084,-17.54498],[143.07328,-17.54391],[143.08181,-17.54789],[143.10153,-17.55934],[143.10923,-17.56477],[143.12477,-17.56469],[143.12706,-17.55915],[143.13752,-17.55985],[143.14385,-17.56132],[143.15866,-17.55805],[143.16306,-17.56039],[143.17211,-17.56047],[143.17508,-17.55673],[143.17848,-17.55455],[143.18568,-17.55336],[143.1879,-17.55768],[143.19506,-17.5576],[143.19919,-17.55665],[143.20514,-17.55291],[143.20685,-17.54382],[143.2127,-17.53689],[143.21101,-17.5212],[143.21349,-17.51655],[143.22199,-17.51808],[143.22862,-17.51358],[143.23596,-17.51513],[143.24771,-17.51536],[143.25186,-17.5149],[143.25504,-17.5128],[143.2685,-17.51583],[143.27276,-17.51845],[143.27817,-17.51857],[143.28964,-17.52802],[143.29823,-17.52963],[143.30224,-17.52634],[143.30675,-17.52556],[143.31102,-17.52063],[143.31723,-17.52056],[143.3228,-17.52143],[143.32858,-17.52377],[143.32941,-17.53216],[143.33018,-17.5335],[143.32984,-17.54164],[143.3387,-17.54922],[143.34215,-17.55379],[143.34922,-17.55431],[143.35681,-17.55688],[143.36036,-17.55646],[143.36971,-17.55102],[143.38148,-17.55061],[143.38941,-17.55964],[143.39451,-17.56021],[143.39873,-17.56996],[143.40148,-17.57133],[143.40705,-17.57596],[143.41318,-17.57647],[143.41611,-17.58055],[143.42112,-17.58514],[143.42396,-17.58303],[143.43378,-17.58435],[143.43973,-17.58743],[143.44096,-17.59093],[143.45374,-17.601],[143.45418,-17.60542],[143.45756,-17.61157],[143.46303,-17.61191],[143.47692,-17.60982],[143.47851,-17.61054],[143.48033,-17.61341],[143.47731,-17.61647],[143.48055,-17.62194],[143.48793,-17.62335],[143.49184,-17.62288],[143.49771,-17.62428],[143.50529,-17.63328],[143.51253,-17.63536],[143.51379,-17.63774],[143.51424,-17.64311],[143.51581,-17.64667],[143.52355,-17.6555],[143.53783,-17.65787],[143.54695,-17.65759],[143.55106,-17.65131],[143.56351,-17.64644],[143.57313,-17.64695],[143.57989,-17.63948],[143.58133,-17.62188],[143.58935,-17.6155],[143.59287,-17.61519],[143.60006,-17.61806],[143.60369,-17.62068],[143.6055,-17.62679],[143.60818,-17.62631],[143.61733,-17.63408],[143.62345,-17.63594],[143.62833,-17.63997],[143.63271,-17.6418],[143.64217,-17.64214],[143.64204,-17.63944],[143.65084,-17.63291],[143.65327,-17.62512],[143.65926,-17.62242],[143.67066,-17.62032],[143.67433,-17.61682],[143.67849,-17.61005],[143.68171,-17.61126],[143.68278,-17.61313],[143.68453,-17.62814],[143.68987,-17.6329],[143.70162,-17.63733],[143.71008,-17.64483],[143.71528,-17.6469],[143.71775,-17.64496],[143.7205,-17.6454],[143.72766,-17.6525],[143.73128,-17.65444],[143.73891,-17.6532],[143.74066,-17.64662],[143.74815,-17.63912],[143.75598,-17.63814],[143.76025,-17.63857],[143.77364,-17.64809],[143.78565,-17.65309],[143.7937,-17.65367],[143.80789,-17.65857],[143.81988,-17.65903],[143.82704,-17.66252],[143.83332,-17.67017],[143.9764,-17.68082],[143.97064,-17.756],[144.14255,-17.95433],[144.30488,-17.96828],[144.30837,-17.96758],[144.31,-17.96855],[144.31153,-17.96778],[144.31328,-17.96306],[144.31539,-17.96188],[144.32097,-17.96105],[144.32365,-17.9576],[144.32389,-17.95486],[144.32188,-17.95244],[144.32239,-17.95111],[144.32188,-17.94714],[144.3244,-17.94549],[144.32664,-17.9467],[144.32961,-17.94548],[144.33171,-17.9472],[144.33462,-17.94704],[144.33763,-17.94897],[144.3368,-17.94637],[144.33756,-17.9454],[144.34157,-17.94529],[144.34312,-17.9461],[144.34458,-17.94949],[144.34758,-17.95212],[144.34943,-17.95172],[144.35227,-17.95372],[144.35268,-17.956],[144.35377,-17.95703],[144.35318,-17.95843],[144.35381,-17.96009],[144.35533,-17.96262],[144.35699,-17.96382],[144.35688,-17.96586],[144.35891,-17.96742],[144.35929,-17.97205],[144.36127,-17.97368],[144.36411,-17.97274],[144.36519,-17.97511],[144.36792,-17.97601],[144.37278,-17.97459],[144.37528,-17.97682],[144.38393,-17.9796],[144.39092,-17.98401],[144.39543,-17.98504],[144.4005,-17.99457],[144.40609,-18.00089],[144.41555,-18.01973],[144.42182,-18.02507],[144.42665,-18.03094],[144.43379,-18.03617],[144.43957,-18.04278],[144.4559,-18.05523],[144.46997,-18.01705],[144.47322,-18.01328],[144.47564,-18.01436],[144.47556,-18.01554],[144.47625,-18.01533],[144.47699,-18.01782],[144.47656,-18.01959],[144.47861,-18.02157],[144.48128,-18.0207],[144.48228,-18.0189],[144.48497,-18.01769],[144.48744,-18.01767],[144.48952,-18.02186],[144.49275,-18.02544],[144.49354,-18.02836],[144.49485,-18.02902],[144.49552,-18.03205],[144.49879,-18.03191],[144.50049,-18.0334],[144.50056,-18.03475],[144.50251,-18.03571],[144.60362,-18.04688],[144.61593,-18.05471],[144.62516,-18.0624],[144.63029,-18.06876],[144.63964,-18.08481],[144.65399,-18.09817],[144.6562,-18.10169],[144.66089,-18.10539],[144.66686,-18.10844],[144.68557,-18.12426],[144.68935,-18.12857],[144.69683,-18.1396],[144.71044,-18.15083],[144.71576,-18.15329],[144.72216,-18.15952],[144.73397,-18.17559],[144.74682,-18.20845],[144.75186,-18.21597],[144.75207,-18.21628],[144.76231,-18.12952],[144.78979,-18.10886],[144.80367,-18.10962],[144.80238,-18.12693],[144.81487,-18.13235],[144.81313,-18.13554],[144.81303,-18.13755],[144.81359,-18.13763],[144.81222,-18.14586],[144.81375,-18.14609],[144.83805,-18.13959],[144.8521,-18.1257],[144.85739,-18.12667],[144.86636,-18.10545],[144.86785,-18.09532],[144.86761,-18.08859],[144.87139,-18.07732],[144.87055,-18.072],[144.86724,-18.06347],[144.86801,-18.05586],[144.87084,-18.04843],[144.86759,-18.0469],[144.86981,-18.03454],[144.87056,-18.02432],[144.87263,-18.02445],[144.87269,-18.02354],[144.87065,-18.02288],[144.87008,-18.01806],[144.8652,-18.01001],[144.8773,-17.91251],[144.89098,-17.82248],[144.89922,-17.67502],[144.97272,-17.68159],[144.9703,-17.67926],[144.97122,-17.67552],[144.97096,-17.67087],[144.96894,-17.67033],[144.96821,-17.6689],[144.96894,-17.66375],[144.97204,-17.66414],[144.97301,-17.66096],[144.97526,-17.65906],[144.9759,-17.65754],[144.97409,-17.6464],[144.97332,-17.6451],[144.97357,-17.64364],[144.97992,-17.63964],[144.97916,-17.63663],[144.98002,-17.63337],[144.98256,-17.63061],[144.98572,-17.63039],[144.98691,-17.62952],[144.98946,-17.63026],[144.9904,-17.62905],[144.99229,-17.62078],[144.99353,-17.61929],[144.99276,-17.61712],[144.99167,-17.61637],[144.99163,-17.61479],[144.9937,-17.60986],[144.99438,-17.60611],[144.99794,-17.60398],[145.00048,-17.60545],[145.00279,-17.61041],[145.00854,-17.61025],[145.00994,-17.61162],[145.02084,-17.61523],[145.03412,-17.60634],[145.0408,-17.60505],[145.04975,-17.6011],[145.04983,-17.57955],[145.05063,-17.57724],[145.0544,-17.57288],[145.05778,-17.56539],[145.06492,-17.56321],[145.07115,-17.5633],[145.07502,-17.56166],[145.08515,-17.55968],[145.09355,-17.5536],[145.09582,-17.55405],[145.10047,-17.5527],[145.10307,-17.55124],[145.1047,-17.5488],[145.10597,-17.54844],[145.10851,-17.54963],[145.1114,-17.54977],[145.11131,-17.5477],[145.11493,-17.54224],[145.11648,-17.54111],[145.11617,-17.53651],[145.12029,-17.53841],[145.12414,-17.53649],[145.12599,-17.53711],[145.12734,-17.53639],[145.128,-17.53437],[145.1293,-17.53398],[145.13162,-17.53588],[145.13275,-17.53546],[145.13382,-17.53618],[145.13395,-17.53541],[145.13768,-17.53574],[145.13767,-17.53484],[145.13925,-17.53381],[145.1412,-17.53483],[145.14307,-17.53478],[145.1447,-17.53351],[145.14657,-17.53488],[145.14722,-17.5371],[145.15103,-17.53696],[145.1515,-17.53814],[145.15348,-17.53899],[145.15821,-17.53652],[145.1613,-17.53196],[145.16778,-17.52806],[145.17425,-17.52583],[145.17499,-17.52443],[145.17744,-17.52352],[145.18211,-17.51921],[145.18297,-17.51786],[145.1831,-17.51512],[145.18524,-17.51466],[145.18896,-17.5148],[145.19657,-17.51818],[145.19757,-17.51959],[145.2057,-17.52012],[145.20626,-17.52138],[145.21073,-17.52425],[145.21859,-17.52595],[145.21941,-17.52893],[145.22434,-17.52891],[145.22387,-17.52338],[145.22592,-17.52063],[145.22522,-17.51947],[145.22195,-17.51864],[145.22138,-17.51736],[145.22222,-17.51464],[145.22185,-17.50698],[145.22961,-17.50548],[145.22876,-17.50093],[145.22622,-17.49958],[145.22834,-17.49881],[145.22857,-17.49731],[145.22689,-17.49193],[145.22546,-17.491],[145.22496,-17.48915],[145.22741,-17.48756],[145.22906,-17.4828],[145.22861,-17.46499],[145.23748,-17.45748],[145.2456,-17.449],[145.24946,-17.44626],[145.25025,-17.43873],[145.24608,-17.43143],[145.25337,-17.42409],[145.25569,-17.42068],[145.259,-17.42147],[145.26397,-17.41872],[145.26224,-17.41609],[145.25891,-17.41417],[145.25863,-17.41295],[145.26036,-17.41146],[145.26524,-17.4115],[145.26738,-17.41226],[145.26924,-17.41493],[145.27102,-17.41585],[145.27787,-17.41497],[145.28442,-17.41118],[145.29012,-17.41238],[145.29548,-17.41106],[145.30553,-17.41098],[145.30732,-17.40596],[145.31066,-17.40347],[145.3112,-17.40016],[145.31007,-17.39568],[145.30889,-17.39434],[145.31083,-17.39205],[145.31053,-17.38981],[145.31257,-17.38899],[145.32038,-17.39136],[145.32639,-17.39078],[145.3281,-17.38985],[145.33174,-17.39037],[145.33476,-17.38991],[145.33645,-17.38828],[145.33893,-17.38743],[145.34335,-17.38254],[145.34779,-17.38233],[145.35007,-17.38491],[145.35393,-17.38608],[145.35497,-17.38466],[145.35895,-17.38444],[145.35988,-17.38233],[145.35885,-17.3797],[145.36086,-17.37566],[145.36028,-17.37234],[145.35806,-17.36978],[145.36076,-17.36545],[145.36746,-17.36388],[145.37163,-17.36414],[145.38621,-17.35621],[145.38917,-17.35375],[145.39412,-17.35434],[145.39758,-17.35305],[145.39938,-17.345],[145.40437,-17.34379],[145.40563,-17.33962],[145.40847,-17.33614],[145.40883,-17.33296],[145.40786,-17.33199],[145.41133,-17.32955],[145.41353,-17.32945],[145.41681,-17.33217],[145.41812,-17.33463],[145.4203,-17.33178],[145.42038,-17.33134],[145.42046,-17.33087],[145.42049,-17.33067],[145.41775,-17.32822],[145.4166,-17.32523],[145.41745,-17.32314],[145.4211,-17.31963],[145.41922,-17.31533],[145.4218,-17.31324],[145.42079,-17.31051],[145.42106,-17.30922],[145.42638,-17.30617],[145.42833,-17.30629],[145.4321,-17.30815],[145.43371,-17.30772],[145.43619,-17.30577],[145.43717,-17.3018],[145.43489,-17.2966],[145.43184,-17.29368],[145.43264,-17.29182],[145.43233,-17.29062],[145.4291,-17.28741],[145.42584,-17.28644],[145.42408,-17.28342],[145.4258,-17.27693],[145.4288,-17.27667],[145.42943,-17.27462],[145.42956,-17.27421],[145.42798,-17.27107],[145.42522,-17.26916],[145.42455,-17.26579],[145.42583,-17.2613],[145.42495,-17.25638],[145.4207,-17.24925],[145.42028,-17.24641],[145.41733,-17.24361],[145.41668,-17.24184],[145.41944,-17.23782],[145.4175,-17.23469],[145.41735,-17.23267],[145.42069,-17.23176],[145.42004,-17.22959],[145.41823,-17.22916],[145.41801,-17.22427],[145.41358,-17.22165],[145.41255,-17.21808],[145.4123,-17.21785],[145.41115,-17.21444],[145.41091,-17.21299],[145.41058,-17.21276],[145.40889,-17.2116],[145.40756,-17.21223],[145.41376,-17.15362],[145.41125,-17.15298],[145.40812,-17.1501],[145.40175,-17.14999],[145.39827,-17.14746],[145.39835,-17.14583],[145.3953,-17.14237],[145.39178,-17.14088],[145.38999,-17.13751],[145.38441,-17.13759],[145.38384,-17.13739],[145.38105,-17.13426],[145.38042,-17.13128],[145.38299,-17.10829],[145.38677,-17.10862],[145.38554,-17.10318],[145.38723,-17.10196],[145.38893,-17.09714],[145.39508,-17.0918],[145.39531,-17.08931],[145.41274,-17.09045],[145.41168,-17.10178],[145.43634,-17.1039],[145.4296,-17.1113],[145.42673,-17.12117],[145.43842,-17.12209],[145.4379,-17.12756],[145.44268,-17.12939],[145.44316,-17.13173],[145.44149,-17.13322],[145.44167,-17.13602],[145.43983,-17.13623],[145.43691,-17.1383],[145.4375,-17.1399],[145.44031,-17.14218],[145.44015,-17.14313],[145.44223,-17.14584],[145.44294,-17.14955],[145.45441,-17.15066],[145.45176,-17.14502],[145.45637,-17.1455],[145.45591,-17.13949],[145.45823,-17.13638],[145.48099,-17.13854],[145.48228,-17.14092],[145.48227,-17.14284],[145.48611,-17.14317],[145.4901,-17.14527],[145.4961,-17.14687],[145.49838,-17.15029],[145.4977,-17.15784],[145.49998,-17.16156],[145.50136,-17.16261],[145.50763,-17.16343],[145.50755,-17.16465],[145.51045,-17.16824],[145.5133,-17.16968],[145.51914,-17.16463],[145.51925,-17.16331],[145.52159,-17.16151],[145.52658,-17.16061],[145.52722,-17.15987],[145.5251,-17.15549],[145.52653,-17.15349],[145.52706,-17.15],[145.52988,-17.14658],[145.53024,-17.1438],[145.53109,-17.14348],[145.53532,-17.14662],[145.53729,-17.14437],[145.5396,-17.145],[145.5402,-17.14614],[145.54805,-17.14677],[145.55008,-17.14478],[145.55125,-17.14175],[145.55308,-17.13966],[145.55102,-17.13707],[145.55109,-17.13597],[145.55803,-17.13495],[145.56083,-17.13578],[145.56262,-17.13825],[145.56414,-17.13784],[145.56683,-17.13854],[145.5678,-17.13492],[145.56898,-17.13354],[145.57131,-17.13343],[145.57248,-17.13287],[145.57382,-17.13224],[145.57424,-17.13204],[145.57543,-17.13047],[145.57404,-17.12844],[145.57523,-17.12172],[145.57358,-17.11821],[145.57533,-17.11751],[145.57598,-17.11169],[145.57189,-17.11037],[145.57001,-17.10887],[145.5695,-17.10595],[145.57091,-17.10551],[145.5746,-17.0989],[145.57866,-17.09537],[145.57982,-17.09341],[145.58113,-17.09269],[145.58285,-17.09376],[145.58929,-17.09232],[145.59004,-17.09043],[145.59196,-17.09074],[145.59441,-17.08942],[145.6005,-17.0916],[145.60078,-17.09378],[145.60252,-17.09446],[145.60846,-17.09001],[145.61399,-17.09097],[145.61574,-17.08997],[145.61849,-17.0902],[145.62005,-17.09118],[145.62226,-17.08949],[145.62378,-17.08797],[145.62358,-17.08562],[145.62749,-17.08365],[145.62877,-17.08144],[145.63299,-17.07752],[145.63318,-17.07526],[145.63223,-17.07429],[145.6323,-17.07252],[145.62854,-17.06998],[145.62754,-17.06958],[145.62612,-17.07081],[145.62524,-17.07057],[145.62265,-17.06773],[145.61937,-17.06905],[145.6182,-17.06916],[145.61666,-17.06861],[145.61564,-17.06757],[145.61669,-17.06696],[145.61727,-17.06452],[145.6164,-17.06324],[145.61964,-17.05963],[145.61967,-17.05873],[145.61803,-17.05749],[145.61576,-17.05219],[145.6146,-17.05147],[145.61485,-17.04989],[145.61787,-17.04585],[145.61885,-17.04477],[145.62002,-17.04439],[145.62363,-17.04323],[145.62358,-17.0423],[145.62702,-17.03895],[145.6306,-17.0371],[145.63206,-17.03354],[145.63553,-17.03187],[145.63831,-17.02526],[145.63828,-17.02283],[145.63971,-17.02192],[145.6368,-17.02043],[145.63423,-17.01747],[145.63193,-17.01297],[145.63217,-17.00882],[145.6301,-17.00679],[145.63033,-17.00463],[145.63297,-17.00331],[145.63417,-16.99736],[145.63707,-16.99609],[145.63967,-16.9857],[145.64423,-16.98335],[145.64792,-16.97873],[145.65136,-16.97743],[145.65213,-16.97512],[145.65481,-16.97467],[145.65413,-16.97367],[145.65435,-16.9715],[145.65354,-16.9706],[145.65221,-16.97086],[145.65121,-16.9695],[145.65039,-16.96555],[145.65124,-16.96277],[145.65038,-16.96134],[145.65082,-16.95985],[145.64987,-16.95685],[145.65102,-16.95509],[145.65075,-16.95214],[145.65191,-16.95039],[145.65001,-16.94442],[145.65366,-16.93806],[145.65668,-16.93443],[145.65626,-16.93338],[145.65745,-16.93033],[145.66155,-16.92873],[145.66347,-16.92033],[145.66086,-16.91689],[145.66391,-16.91254],[145.66805,-16.90961],[145.67138,-16.90137],[145.67151,-16.89846],[145.67364,-16.89405],[145.6733,-16.89198],[145.66928,-16.88965],[145.66576,-16.88426],[145.66405,-16.88426],[145.66333,-16.88104],[145.6596,-16.88122],[145.65796,-16.8799],[145.65605,-16.87958],[145.65111,-16.88054],[145.65186,-16.87773],[145.65402,-16.87486],[145.66093,-16.87225],[145.66189,-16.86976],[145.6643,-16.86984],[145.66611,-16.86889],[145.66617,-16.86656],[145.6605,-16.86341],[145.65881,-16.86337],[145.65488,-16.85859],[145.6491,-16.85745],[145.64679,-16.85464],[145.64393,-16.85302],[145.65218,-16.8493],[145.65379,-16.8497],[145.65619,-16.8477],[145.65992,-16.84616],[145.66235,-16.84811],[145.66659,-16.84686],[145.66865,-16.84722],[145.6694,-16.84533],[145.65988,-16.83815],[145.66399,-16.83421],[145.6638,-16.83303],[145.66539,-16.82945],[145.66479,-16.82463],[145.66595,-16.81978],[145.66508,-16.81878],[145.66031,-16.81711],[145.65971,-16.81235],[145.65492,-16.80646],[145.65395,-16.80322],[145.65449,-16.79754],[145.65621,-16.79429],[145.65617,-16.79217],[145.652,-16.78366],[145.65257,-16.78101],[145.65175,-16.7794],[145.65226,-16.77739],[145.65174,-16.77298],[145.65037,-16.77239],[145.64858,-16.76877],[145.64913,-16.76171],[145.64514,-16.75401],[145.64334,-16.75308],[145.64187,-16.75096],[145.64241,-16.74872],[145.64486,-16.74765],[145.64534,-16.74526],[145.64763,-16.74229],[145.64411,-16.74069],[145.64328,-16.73886],[145.64163,-16.73762],[145.63926,-16.73697],[145.63641,-16.73769],[145.63547,-16.73613],[145.63355,-16.73613],[145.63083,-16.73108],[145.63247,-16.72763],[145.63131,-16.72464],[145.62311,-16.72105],[145.62246,-16.71935],[145.61972,-16.7183],[145.61702,-16.71594]]]},"properties":{"LGA Code":"4880","Abbreviated Name":"Mareeba","LGA Name":"Mareeba Shire","Area Sq Km":53366.40077,"LDMG Name":"Mareeba","Police Region Name":"Far Northern Region","Police Region Code":"FNR","Police Region Short Name":"Far North"}},{"type":"Feature","geometry":{"type":"MultiPolygon","coordinates":[[[[141.9123,-12.7495],[141.9145,-12.74322],[141.91163,-12.74501],[141.91032,-12.75018],[141.90704,-12.7524],[141.90601,-12.75404],[141.90617,-12.76189],[141.90736,-12.76355],[141.90953,-12.75736],[141.91222,-12.74941],[141.9123,-12.7495]]],[[[142.16806,-12.76528],[142.19481,-12.6471],[142.19236,-12.63805],[142.56575,-12.66179],[142.56953,-12.61663],[142.48656,-12.48577],[142.48526,-12.48741],[142.48521,-12.49113],[142.48267,-12.4934],[142.47794,-12.49411],[142.47314,-12.49217],[142.4719,-12.49562],[142.46919,-12.49804],[142.4672,-12.49867],[142.46496,-12.49607],[142.46207,-12.49453],[142.45657,-12.49596],[142.45548,-12.49493],[142.45545,-12.49183],[142.45098,-12.49248],[142.44832,-12.49198],[142.44309,-12.48785],[142.44146,-12.4892],[142.43953,-12.49562],[142.43795,-12.49714],[142.43659,-12.49612],[142.43669,-12.49441],[142.43576,-12.49312],[142.43287,-12.49324],[142.43095,-12.49493],[142.42848,-12.49528],[142.42889,-12.50449],[142.42752,-12.50646],[142.42505,-12.50688],[142.42303,-12.50477],[142.41784,-12.50189],[142.4146,-12.50231],[142.4139,-12.50938],[142.41563,-12.51289],[142.41434,-12.5142],[142.41194,-12.5147],[142.41121,-12.51862],[142.40976,-12.51991],[142.40699,-12.51981],[142.40453,-12.51875],[142.3992,-12.5151],[142.39781,-12.51306],[142.39384,-12.5131],[142.38855,-12.51038],[142.38515,-12.50801],[142.38262,-12.50254],[142.37936,-12.49977],[142.37967,-12.49638],[142.37914,-12.49573],[142.37594,-12.49701],[142.3741,-12.49551],[142.37446,-12.49291],[142.37612,-12.49072],[142.37362,-12.48474],[142.36775,-12.48286],[142.36125,-12.47945],[142.35932,-12.47804],[142.35783,-12.47466],[142.35064,-12.47042],[142.34606,-12.47086],[142.34338,-12.46966],[142.34408,-12.46661],[142.34669,-12.4648],[142.34143,-12.45832],[142.34233,-12.44913],[142.34109,-12.44897],[142.33785,-12.45195],[142.33509,-12.45211],[142.33247,-12.45548],[142.33063,-12.45518],[142.33068,-12.44705],[142.327,-12.44358],[142.32563,-12.43976],[142.32247,-12.43837],[142.32105,-12.43884],[142.32,-12.44308],[142.31776,-12.44616],[142.31279,-12.44598],[142.31111,-12.44481],[142.30891,-12.4405],[142.30949,-12.43334],[142.30789,-12.43204],[142.30513,-12.43165],[142.30471,-12.43049],[142.30529,-12.42915],[142.3086,-12.42729],[142.30481,-12.42299],[142.30358,-12.42047],[142.30449,-12.41553],[142.30411,-12.40511],[142.29873,-12.40349],[142.29508,-12.40034],[142.29321,-12.39435],[142.2894,-12.39364],[142.28663,-12.39204],[142.28634,-12.3874],[142.28044,-12.38946],[142.27735,-12.38845],[142.27665,-12.38605],[142.27828,-12.38164],[142.27789,-12.37872],[142.27589,-12.3769],[142.27006,-12.37779],[142.26601,-12.37668],[142.26477,-12.37451],[142.26466,-12.36992],[142.26182,-12.36719],[142.25701,-12.37167],[142.2543,-12.37322],[142.25295,-12.3725],[142.25328,-12.36932],[142.25157,-12.36982],[142.24848,-12.37238],[142.24583,-12.37711],[142.24317,-12.37738],[142.23933,-12.37429],[142.23701,-12.37442],[142.2303,-12.37609],[142.226,-12.38046],[142.22435,-12.3812],[142.22164,-12.37725],[142.2196,-12.37861],[142.21394,-12.37861],[142.21019,-12.38082],[142.20602,-12.37632],[142.20089,-12.37474],[142.19757,-12.37485],[142.19679,-12.37548],[142.19621,-12.37911],[142.19292,-12.3823],[142.19284,-12.38448],[142.18975,-12.38661],[142.17822,-12.38593],[142.17614,-12.38783],[142.17117,-12.38849],[142.16802,-12.39028],[142.16414,-12.39515],[142.16177,-12.39619],[142.15282,-12.39298],[142.14754,-12.39272],[142.14662,-12.39359],[142.14649,-12.39587],[142.14911,-12.39682],[142.14932,-12.39896],[142.14751,-12.40223],[142.14366,-12.40269],[142.13682,-12.40135],[142.13216,-12.40302],[142.12618,-12.39819],[142.12893,-12.38885],[142.12606,-12.39091],[142.12335,-12.39104],[142.11987,-12.38865],[142.11924,-12.38691],[142.11972,-12.38408],[142.122,-12.38024],[142.11822,-12.37037],[142.12268,-12.36935],[142.1225,-12.36651],[142.12127,-12.36495],[142.11924,-12.3649],[142.11452,-12.36309],[142.11218,-12.35642],[142.11184,-12.35245],[142.10618,-12.35013],[142.1036,-12.347],[142.10297,-12.34498],[142.10266,-12.34106],[142.10332,-12.3401],[142.10965,-12.33747],[142.11269,-12.33108],[142.1119,-12.32689],[142.1106,-12.32515],[142.10682,-12.32287],[142.10565,-12.32002],[142.11241,-12.31204],[142.11144,-12.30262],[142.10861,-12.29659],[142.09395,-12.29085],[142.08171,-12.28927],[142.07818,-12.28674],[142.07372,-12.27911],[142.04059,-12.27925],[142.04127,-12.49821],[141.9965,-12.57246],[141.96712,-12.57027],[141.96909,-12.54196],[141.96328,-12.53313],[141.95156,-12.55338],[141.92214,-12.55712],[141.90995,-12.5753],[141.91251,-12.57526],[141.91501,-12.57146],[141.92032,-12.57058],[141.92193,-12.56891],[141.92199,-12.56605],[141.92476,-12.56298],[141.9327,-12.5602],[141.93757,-12.56001],[141.94256,-12.56141],[141.9434,-12.56753],[141.9534,-12.57961],[141.95736,-12.58632],[141.96171,-12.58549],[141.97322,-12.58738],[141.98483,-12.5905],[141.9897,-12.59038],[141.99581,-12.58781],[141.99715,-12.59366],[142.00182,-12.59692],[142.00436,-12.59764],[142.00676,-12.59618],[142.00876,-12.59338],[142.00987,-12.58936],[142.01288,-12.58604],[142.01791,-12.58444],[142.02227,-12.57494],[142.02634,-12.57307],[142.03049,-12.57293],[142.03322,-12.57385],[142.03584,-12.57879],[142.03792,-12.58029],[142.04106,-12.58034],[142.04378,-12.57888],[142.04554,-12.57567],[142.04743,-12.57421],[142.05263,-12.57302],[142.05755,-12.57347],[142.06044,-12.56991],[142.06233,-12.5692],[142.06571,-12.56942],[142.06999,-12.57394],[142.07204,-12.57428],[142.07421,-12.56892],[142.0806,-12.56849],[142.08565,-12.56352],[142.10043,-12.56649],[142.10095,-12.56246],[142.10215,-12.56226],[142.10707,-12.56457],[142.11094,-12.56931],[142.1153,-12.56771],[142.11861,-12.5678],[142.12055,-12.56998],[142.12089,-12.57429],[142.12281,-12.57507],[142.12389,-12.57435],[142.12754,-12.56729],[142.13489,-12.56093],[142.14057,-12.56022],[142.14299,-12.56264],[142.14514,-12.56097],[142.1502,-12.56085],[142.15083,-12.56417],[142.15203,-12.56516],[142.15288,-12.56518],[142.15611,-12.56233],[142.15771,-12.56281],[142.15934,-12.5644],[142.15856,-12.56771],[142.15924,-12.56829],[142.15991,-12.56822],[142.16091,-12.56556],[142.16615,-12.56502],[142.16827,-12.56578],[142.169,-12.5632],[142.17196,-12.56296],[142.17236,-12.56446],[142.17175,-12.56368],[142.17167,-12.5634],[142.18515,-12.61154],[142.18617,-12.61528],[142.19343,-12.61805],[142.16193,-12.6355],[142.09542,-12.68542],[141.96397,-12.7108],[142.00056,-12.77551],[142.01393,-12.73837],[142.05016,-12.74252],[142.05467,-12.76765],[142.0694,-12.78731],[142.10884,-12.74072],[142.16806,-12.76528]]],[[[141.81836,-12.24016],[141.8176,-12.24246],[141.81569,-12.24296],[141.80667,-12.25103],[141.80621,-12.25372],[141.8108,-12.25752],[141.81467,-12.25934],[141.82199,-12.25967],[141.82415,-12.26175],[141.82387,-12.26266],[141.82167,-12.26299],[141.82258,-12.26356],[141.82171,-12.26455],[141.82242,-12.26519],[141.82239,-12.26831],[141.82077,-12.26957],[141.81644,-12.26815],[141.81536,-12.26932],[141.81916,-12.27084],[141.82008,-12.27234],[141.82213,-12.27143],[141.82171,-12.2725],[141.82253,-12.27304],[141.82526,-12.27283],[141.82462,-12.27118],[141.82627,-12.26967],[141.82871,-12.27214],[141.82892,-12.27271],[141.8271,-12.27441],[141.82855,-12.27586],[141.82807,-12.27689],[141.82913,-12.27703],[141.82979,-12.27929],[141.82902,-12.28154],[141.82721,-12.28207],[141.82715,-12.28284],[141.82949,-12.28517],[141.82929,-12.28595],[141.82764,-12.28607],[141.82868,-12.28679],[141.82821,-12.28824],[141.82656,-12.28735],[141.82662,-12.28584],[141.82593,-12.28651],[141.82476,-12.28619],[141.82573,-12.28415],[141.8222,-12.28349],[141.8237,-12.28033],[141.82261,-12.27963],[141.82434,-12.2793],[141.82411,-12.27816],[141.82165,-12.27867],[141.82027,-12.27696],[141.81789,-12.27796],[141.81682,-12.27707],[141.81709,-12.27523],[141.81606,-12.27519],[141.8154,-12.27322],[141.81187,-12.27089],[141.81049,-12.26908],[141.80961,-12.26893],[141.8088,-12.26983],[141.80974,-12.27109],[141.80245,-12.27144],[141.80142,-12.26809],[141.79865,-12.26429],[141.79278,-12.26151],[141.79289,-12.25732],[141.79511,-12.24848],[141.79484,-12.24641],[141.79312,-12.24502],[141.78865,-12.24586],[141.78679,-12.24519],[141.78356,-12.24159],[141.77704,-12.24029],[141.77585,-12.2415],[141.7762,-12.24678],[141.7735,-12.25062],[141.77106,-12.24957],[141.77075,-12.24672],[141.76826,-12.24449],[141.76515,-12.24403],[141.76251,-12.2441],[141.75093,-12.24783],[141.74793,-12.24587],[141.74216,-12.2447],[141.73923,-12.24141],[141.73925,-12.23655],[141.73806,-12.23474],[141.73575,-12.23329],[141.73128,-12.23292],[141.7185,-12.23443],[141.71825,-12.23373],[141.71644,-12.23543],[141.71374,-12.24006],[141.70958,-12.25324],[141.70371,-12.26609],[141.70155,-12.2792],[141.70154,-12.2857],[141.69057,-12.32302],[141.68065,-12.35185],[141.66045,-12.40603],[141.64713,-12.43758],[141.62515,-12.48316],[141.6153,-12.50169],[141.61021,-12.51394],[141.60578,-12.52886],[141.59983,-12.54338],[141.59389,-12.55443],[141.59216,-12.56272],[141.63819,-12.47763],[141.63764,-12.47762],[141.63807,-12.47334],[141.64027,-12.47329],[141.64035,-12.47232],[141.63918,-12.47132],[141.64084,-12.47042],[141.63785,-12.46842],[141.64148,-12.46795],[141.64067,-12.46655],[141.6419,-12.46504],[141.6444,-12.46562],[141.64504,-12.4637],[141.64066,-12.46194],[141.64041,-12.46048],[141.64118,-12.45968],[141.64305,-12.46061],[141.64434,-12.46013],[141.64713,-12.4588],[141.64912,-12.45614],[141.64963,-12.45648],[141.65697,-12.44291],[141.68274,-12.4552],[141.70612,-12.45338],[141.72976,-12.44118],[141.77629,-12.46648],[141.79922,-12.43167],[141.84103,-12.38367],[141.8449,-12.33313],[141.73908,-12.30494],[141.73083,-12.3074],[141.73848,-12.29086],[141.84616,-12.31873],[141.84944,-12.26741],[141.84917,-12.24082],[141.81836,-12.24016]]],[[[141.74715,-12.47824],[141.74901,-12.47768],[141.74219,-12.47359],[141.74386,-12.47476],[141.74715,-12.47824]]],[[[141.69081,-12.47833],[141.69271,-12.4774],[141.69694,-12.47699],[141.69909,-12.4776],[141.70138,-12.47651],[141.70181,-12.47473],[141.70063,-12.47154],[141.70408,-12.46692],[141.71389,-12.46413],[141.71678,-12.46399],[141.7192,-12.46506],[141.72208,-12.46807],[141.72434,-12.46878],[141.72843,-12.46809],[141.73024,-12.46642],[141.7169,-12.4584],[141.69551,-12.46218],[141.69948,-12.4746],[141.68595,-12.47503],[141.68801,-12.47704],[141.69081,-12.47833]]],[[[141.64237,-12.57763],[141.64312,-12.57703],[141.64355,-12.57226],[141.64485,-12.57052],[141.64975,-12.56615],[141.6565,-12.56268],[141.66425,-12.56082],[141.6762,-12.561],[141.6825,-12.55997],[141.68705,-12.5602],[141.69445,-12.55797],[141.69532,-12.55723],[141.69338,-12.55195],[141.69563,-12.54983],[141.69825,-12.54488],[141.69792,-12.53982],[141.69446,-12.53226],[141.69345,-12.53332],[141.69349,-12.53447],[141.69006,-12.53431],[141.68745,-12.53179],[141.68376,-12.53077],[141.67726,-12.53184],[141.67371,-12.52868],[141.67097,-12.52748],[141.66694,-12.52896],[141.66359,-12.52915],[141.66102,-12.5277],[141.65651,-12.52223],[141.65443,-12.52111],[141.65378,-12.52153],[141.65264,-12.51989],[141.65308,-12.51654],[141.6573,-12.50577],[141.65123,-12.5046],[141.65063,-12.50275],[141.65332,-12.50364],[141.65597,-12.50142],[141.65779,-12.50098],[141.65727,-12.4991],[141.66184,-12.48874],[141.66157,-12.48731],[141.66026,-12.48616],[141.65981,-12.47892],[141.65726,-12.46966],[141.65801,-12.46679],[141.65716,-12.46557],[141.65836,-12.46335],[141.65402,-12.46152],[141.64551,-12.52003],[141.64237,-12.57763]]],[[[141.89946,-12.59182],[141.90114,-12.5914],[141.90278,-12.58949],[141.90384,-12.58671],[141.90359,-12.58478],[141.89954,-12.59082],[141.89946,-12.59182]]],[[[141.82321,-12.60213],[141.82385,-12.60002],[141.82676,-12.59827],[141.82794,-12.5957],[141.83253,-12.59313],[141.8354,-12.59303],[141.83939,-12.59437],[141.84269,-12.59282],[141.84563,-12.5936],[141.85034,-12.59651],[141.85487,-12.59407],[141.85657,-12.59412],[141.86292,-12.59124],[141.86814,-12.5904],[141.86971,-12.58941],[141.87318,-12.59058],[141.87665,-12.58532],[141.88001,-12.58361],[141.88447,-12.58731],[141.89259,-12.59073],[141.8935,-12.59257],[141.89457,-12.58404],[141.88424,-12.56725],[141.8724,-12.55976],[141.87339,-12.58841],[141.83752,-12.59267],[141.79579,-12.57586],[141.77051,-12.53404],[141.71854,-12.49924],[141.73649,-12.48141],[141.73857,-12.48079],[141.73716,-12.48005],[141.73406,-12.48015],[141.72933,-12.48217],[141.72383,-12.4832],[141.72146,-12.48836],[141.72057,-12.4924],[141.71782,-12.49648],[141.7161,-12.4971],[141.70864,-12.49587],[141.70765,-12.49468],[141.70637,-12.49476],[141.70239,-12.49703],[141.70099,-12.49616],[141.69949,-12.49874],[141.69684,-12.50096],[141.69679,-12.50343],[141.69483,-12.50693],[141.69251,-12.50815],[141.69179,-12.51007],[141.69267,-12.51536],[141.69363,-12.5154],[141.6959,-12.5175],[141.69829,-12.51743],[141.69996,-12.51911],[141.70216,-12.51984],[141.70335,-12.51948],[141.70617,-12.52045],[141.7085,-12.51901],[141.7105,-12.51921],[141.71433,-12.5207],[141.71614,-12.52291],[141.71967,-12.52497],[141.72651,-12.52619],[141.72649,-12.52697],[141.72973,-12.52849],[141.73348,-12.52851],[141.73648,-12.53067],[141.73735,-12.53306],[141.74294,-12.53711],[141.74957,-12.5369],[141.7502,-12.53617],[141.75197,-12.5376],[141.75493,-12.53568],[141.75664,-12.53738],[141.75731,-12.53697],[141.75754,-12.5381],[141.75886,-12.53817],[141.75841,-12.53886],[141.7604,-12.53854],[141.76017,-12.53934],[141.76149,-12.54081],[141.76382,-12.54233],[141.76348,-12.54477],[141.76412,-12.54574],[141.76206,-12.54874],[141.76269,-12.55116],[141.76574,-12.55302],[141.76846,-12.55232],[141.77025,-12.55309],[141.76922,-12.55771],[141.76662,-12.55893],[141.76641,-12.56016],[141.76842,-12.56168],[141.76868,-12.56517],[141.77352,-12.56916],[141.77412,-12.5712],[141.77717,-12.57341],[141.78334,-12.57388],[141.7877,-12.5758],[141.78877,-12.57546],[141.7937,-12.5796],[141.79308,-12.58147],[141.79403,-12.58177],[141.79399,-12.58252],[141.80408,-12.58244],[141.80737,-12.58142],[141.81318,-12.58583],[141.81642,-12.59039],[141.81652,-12.59352],[141.81782,-12.59448],[141.81627,-12.59482],[141.81725,-12.59653],[141.81653,-12.59785],[141.81898,-12.59799],[141.8189,-12.60024],[141.82012,-12.60018],[141.81966,-12.60111],[141.82321,-12.60213]]],[[[141.89722,-12.61749],[141.9056,-12.61113],[141.90267,-12.61068],[141.90053,-12.60504],[141.89844,-12.60353],[141.89812,-12.60728],[141.89722,-12.61749]]],[[[141.8997,-12.69074],[141.89879,-12.68564],[141.89544,-12.68494],[141.89164,-12.67989],[141.89396,-12.67245],[141.88222,-12.67206],[141.88471,-12.67859],[141.88465,-12.686],[141.8895,-12.68927],[141.8997,-12.69074]]],[[[141.90896,-12.69529],[141.91088,-12.69494],[141.91008,-12.69225],[141.90766,-12.69365],[141.90896,-12.69529]]],[[[141.90605,-12.75211],[141.9086,-12.75113],[141.90918,-12.7497],[141.90864,-12.74709],[141.90678,-12.74577],[141.90533,-12.74672],[141.90605,-12.75211]]],[[[141.89383,-12.76623],[141.8951,-12.75844],[141.89301,-12.75076],[141.89331,-12.74604],[141.89173,-12.74045],[141.8919,-12.73023],[141.88808,-12.73018],[141.8815,-12.72649],[141.88079,-12.72562],[141.88001,-12.71989],[141.87756,-12.71521],[141.88233,-12.74357],[141.89383,-12.76623]]],[[[141.76597,-12.80946],[141.76088,-12.82202],[141.75762,-12.82711],[141.75341,-12.8314],[141.80075,-12.83588],[141.80324,-12.74732],[141.76597,-12.80946]]],[[[141.84689,-12.94277],[141.87013,-12.87361],[141.8271,-12.87392],[141.80097,-12.91373],[141.84689,-12.94277]]]]},"properties":{"LGA Code":"5670","Abbreviated Name":"Napranum Aboriginal","LGA Name":"Napranum Aboriginal Shire","Area Sq Km":1984.46369,"LDMG Name":"Napranum","Police Region Name":"Far Northern Region","Police Region Code":"FNR","Police Region Short Name":"Far North"}},{"type":"Feature","geometry":{"type":"MultiPolygon","coordinates":[[[[142.40182,-10.9986],[142.40166,-10.9986],[142.40039,-10.99732],[142.40569,-10.99629],[142.40603,-10.99715],[142.4069,-10.99604],[142.4072,-10.99714],[142.40799,-10.99714],[142.41295,-10.99482],[142.41854,-10.99478],[142.42225,-10.98857],[142.42367,-10.9839],[142.42554,-10.98277],[142.42565,-10.98488],[142.42764,-10.98499],[142.42802,-10.98247],[142.42602,-10.98192],[142.42615,-10.98071],[142.42616,-10.98059],[142.42689,-10.98035],[142.4285,-10.98211],[142.42944,-10.98207],[142.42994,-10.98092],[142.42827,-10.97982],[142.42724,-10.97725],[142.42639,-10.97732],[142.42538,-10.97879],[142.42375,-10.97876],[142.42417,-10.97691],[142.423,-10.97479],[142.42278,-10.97014],[142.42287,-10.96965],[142.42425,-10.97052],[142.42364,-10.96869],[142.42466,-10.96775],[142.42356,-10.96731],[142.42355,-10.96628],[142.42187,-10.96422],[142.42426,-10.9638],[142.42423,-10.9652],[142.42609,-10.96465],[142.42596,-10.96659],[142.42776,-10.9671],[142.42831,-10.96563],[142.42716,-10.96355],[142.42812,-10.96307],[142.4292,-10.96409],[142.42982,-10.96378],[142.42955,-10.96538],[142.43114,-10.96677],[142.43008,-10.96862],[142.43221,-10.96602],[142.43377,-10.96714],[142.43454,-10.96969],[142.43147,-10.97001],[142.4304,-10.97084],[142.43158,-10.97116],[142.43109,-10.97183],[142.43177,-10.97258],[142.43135,-10.97343],[142.4301,-10.9732],[142.43069,-10.9747],[142.42847,-10.97548],[142.43094,-10.97725],[142.4332,-10.97724],[142.43368,-10.97908],[142.43637,-10.98087],[142.44,-10.98099],[142.44071,-10.97979],[142.44135,-10.97751],[142.4399,-10.97454],[142.44319,-10.97749],[142.4433,-10.98079],[142.44466,-10.97908],[142.45361,-10.97918],[142.45331,-10.97792],[142.45156,-10.97652],[142.45528,-10.97365],[142.4525,-10.97326],[142.45112,-10.97417],[142.45135,-10.97277],[142.44798,-10.97112],[142.44803,-10.97245],[142.44954,-10.97463],[142.44926,-10.97529],[142.44752,-10.97556],[142.44672,-10.97492],[142.44693,-10.97363],[142.44207,-10.97227],[142.44509,-10.9714],[142.44436,-10.97014],[142.44359,-10.97108],[142.4412,-10.97147],[142.43831,-10.97058],[142.43919,-10.96934],[142.44086,-10.96939],[142.43977,-10.96742],[142.43854,-10.96723],[142.44076,-10.96648],[142.44087,-10.96547],[142.43745,-10.96515],[142.43622,-10.96425],[142.44022,-10.96345],[142.43769,-10.96269],[142.43635,-10.9613],[142.43463,-10.96123],[142.43366,-10.96211],[142.43265,-10.96132],[142.43428,-10.95929],[142.43534,-10.95968],[142.42865,-10.95419],[142.42805,-10.91731],[142.429,-10.91749],[142.42804,-10.9168],[142.428,-10.91446],[142.48137,-10.8062],[142.46151,-10.78897],[142.46517,-10.7852],[142.46788,-10.78104],[142.47015,-10.77943],[142.47385,-10.77847],[142.47646,-10.7798],[142.47913,-10.77968],[142.4821,-10.77827],[142.48825,-10.77956],[142.49093,-10.778],[142.49708,-10.77145],[142.49816,-10.77082],[142.50086,-10.7711],[142.50268,-10.76824],[142.50706,-10.76679],[142.50986,-10.76274],[142.50899,-10.76026],[142.50976,-10.75689],[142.51374,-10.75431],[142.51534,-10.75148],[142.51519,-10.7464],[142.51709,-10.73862],[142.50337,-10.73833],[142.50308,-10.72902],[142.46808,-10.73188],[142.45479,-10.73119],[142.42397,-10.72722],[142.42365,-10.72845],[142.42604,-10.73278],[142.42628,-10.73989],[142.42282,-10.74739],[142.41879,-10.75199],[142.41671,-10.75571],[142.4139,-10.76262],[142.41151,-10.77221],[142.41244,-10.77366],[142.41207,-10.77857],[142.41871,-10.78625],[142.41692,-10.7895],[142.40788,-10.79611],[142.40603,-10.79397],[142.40182,-10.80167],[142.40107,-10.80237],[142.39826,-10.80256],[142.39486,-10.81816],[142.3894,-10.82939],[142.38435,-10.83243],[142.37648,-10.84112],[142.37396,-10.84183],[142.36933,-10.84526],[142.36652,-10.84598],[142.36529,-10.85786],[142.36128,-10.85998],[142.35915,-10.86921],[142.35871,-10.87113],[142.35715,-10.87482],[142.35634,-10.87676],[142.35587,-10.87786],[142.35309,-10.88193],[142.35236,-10.88234],[142.35012,-10.88359],[142.34905,-10.88507],[142.34463,-10.88667],[142.34259,-10.88647],[142.33854,-10.8905],[142.33509,-10.89054],[142.33108,-10.89523],[142.32875,-10.89637],[142.32358,-10.90175],[142.31572,-10.90191],[142.31205,-10.90113],[142.30969,-10.90178],[142.30267,-10.90758],[142.29972,-10.90709],[142.293,-10.91396],[142.28565,-10.91769],[142.28109,-10.91781],[142.27744,-10.91541],[142.27215,-10.91417],[142.27105,-10.91222],[142.26494,-10.91538],[142.26051,-10.9155],[142.25883,-10.91491],[142.25834,-10.91258],[142.25674,-10.91107],[142.25308,-10.91192],[142.24935,-10.9095],[142.23352,-10.91972],[142.22553,-10.92231],[142.21662,-10.92256],[142.21898,-10.92892],[142.22083,-10.9301],[142.2222,-10.93246],[142.22201,-10.93365],[142.2198,-10.93344],[142.21986,-10.93676],[142.21758,-10.93527],[142.21585,-10.93831],[142.21771,-10.93809],[142.21728,-10.93892],[142.21802,-10.94055],[142.21544,-10.94032],[142.21506,-10.94226],[142.21885,-10.9461],[142.2217,-10.94481],[142.22401,-10.9448],[142.22965,-10.9477],[142.16714,-11.00374],[142.12955,-10.96248],[142.12946,-10.9644],[142.13069,-10.96767],[142.13061,-10.97164],[142.12861,-10.97763],[142.1257,-10.9819],[142.13157,-10.99026],[142.1339,-10.99711],[142.13441,-10.9986],[142.13418,-10.9986],[142.13822,-11.02057],[142.14488,-11.04028],[142.14489,-11.04033],[142.14562,-11.04288],[142.14563,-11.04292],[142.14635,-11.05101],[142.14464,-11.06112],[142.14851,-11.07652],[142.14852,-11.07657],[142.14866,-11.07733],[142.14867,-11.07736],[142.14835,-11.0797],[142.14834,-11.07972],[142.14822,-11.08065],[142.14827,-11.0806],[142.14827,-11.08061],[142.14897,-11.08007],[142.14888,-11.08149],[142.15207,-11.08208],[142.15329,-11.07619],[142.15306,-11.07547],[142.15174,-11.07649],[142.15146,-11.0764],[142.15116,-11.07631],[142.15115,-11.0763],[142.15065,-11.07566],[142.15031,-11.07469],[142.15031,-11.07468],[142.15014,-11.07351],[142.15014,-11.0735],[142.15166,-11.07257],[142.15023,-11.07055],[142.15277,-11.07111],[142.15464,-11.07026],[142.15332,-11.06976],[142.15417,-11.0672],[142.15275,-11.06799],[142.15417,-11.06582],[142.15391,-11.0642],[142.15244,-11.06443],[142.15122,-11.06346],[142.1521,-11.06137],[142.15453,-11.05954],[142.15149,-11.06017],[142.1506,-11.05945],[142.15061,-11.05466],[142.15266,-11.05456],[142.15225,-11.05391],[142.15057,-11.05394],[142.15098,-11.05334],[142.14951,-11.05191],[142.15326,-11.05291],[142.15171,-11.04833],[142.14933,-11.04774],[142.15132,-11.04748],[142.15167,-11.04639],[142.14964,-11.04154],[142.1527,-11.03704],[142.15731,-11.03343],[142.15673,-11.03282],[142.15716,-11.03143],[142.15918,-11.03173],[142.15972,-11.03101],[142.15462,-11.03013],[142.154,-11.02907],[142.15409,-11.02516],[142.15271,-11.02357],[142.15451,-11.02173],[142.15515,-11.02348],[142.15603,-11.0229],[142.156,-11.02175],[142.15868,-11.02124],[142.15959,-11.01986],[142.15903,-11.01954],[142.15812,-11.02042],[142.15551,-11.0199],[142.15655,-11.0193],[142.15644,-11.01855],[142.15493,-11.01886],[142.15193,-11.01648],[142.15436,-11.016],[142.15476,-11.01427],[142.15179,-11.01358],[142.15116,-11.01468],[142.15057,-11.01296],[142.14897,-11.01319],[142.15054,-11.01178],[142.15505,-11.01136],[142.15576,-11.01198],[142.15717,-11.01098],[142.15814,-11.01147],[142.15774,-11.0129],[142.15938,-11.01159],[142.16151,-11.01226],[142.1619,-11.01326],[142.16127,-11.01439],[142.16224,-11.01586],[142.16279,-11.01606],[142.1638,-11.01468],[142.16482,-11.01513],[142.16592,-11.0172],[142.16588,-11.02086],[142.16275,-11.02332],[142.16074,-11.02238],[142.15974,-11.02423],[142.16265,-11.0244],[142.16418,-11.02664],[142.16819,-11.02815],[142.16851,-11.02965],[142.1662,-11.03359],[142.16315,-11.03384],[142.16111,-11.03676],[142.16789,-11.04243],[142.17092,-11.04167],[142.17116,-11.0404],[142.17283,-11.04194],[142.17391,-11.0409],[142.17325,-11.03909],[142.17438,-11.03891],[142.17429,-11.03792],[142.17641,-11.03853],[142.17857,-11.0405],[142.17938,-11.03831],[142.17841,-11.03555],[142.17866,-11.03235],[142.178,-11.03179],[142.17987,-11.03138],[142.18101,-11.02952],[142.1823,-11.03112],[142.18378,-11.03117],[142.1848,-11.03365],[142.18097,-11.03352],[142.18327,-11.03579],[142.18182,-11.03604],[142.18299,-11.03764],[142.1811,-11.04162],[142.18192,-11.04216],[142.18594,-11.04131],[142.18489,-11.04339],[142.18337,-11.04344],[142.1838,-11.04426],[142.18206,-11.04574],[142.18005,-11.04436],[142.17917,-11.0446],[142.17918,-11.04572],[142.17658,-11.04576],[142.17737,-11.04438],[142.17692,-11.044],[142.17356,-11.04491],[142.17342,-11.04589],[142.17144,-11.04505],[142.17029,-11.04573],[142.17231,-11.04705],[142.17246,-11.04878],[142.17403,-11.05042],[142.17768,-11.04882],[142.17907,-11.05166],[142.1813,-11.05232],[142.18299,-11.05453],[142.18522,-11.05379],[142.18652,-11.05465],[142.1861,-11.05678],[142.18717,-11.05785],[142.18687,-11.05885],[142.18928,-11.06369],[142.19016,-11.06987],[142.18806,-11.07229],[142.18815,-11.0735],[142.18915,-11.07303],[142.18821,-11.07576],[142.18493,-11.07457],[142.18594,-11.07392],[142.18536,-11.07134],[142.18652,-11.07051],[142.18649,-11.06914],[142.18521,-11.06851],[142.1829,-11.07015],[142.18452,-11.06823],[142.18615,-11.0678],[142.1858,-11.06611],[142.18484,-11.06601],[142.18564,-11.06543],[142.18536,-11.06441],[142.18352,-11.0661],[142.18233,-11.0655],[142.18525,-11.06325],[142.18325,-11.05938],[142.18133,-11.06032],[142.18178,-11.06214],[142.18091,-11.06331],[142.1757,-11.06075],[142.1737,-11.0616],[142.17174,-11.05969],[142.1712,-11.06048],[142.17401,-11.06432],[142.17403,-11.06535],[142.17217,-11.06454],[142.16898,-11.06683],[142.16844,-11.06586],[142.16725,-11.06641],[142.16707,-11.06515],[142.16832,-11.06536],[142.16898,-11.06375],[142.1667,-11.06215],[142.16864,-11.0619],[142.16966,-11.05992],[142.16735,-11.0576],[142.16804,-11.05548],[142.16998,-11.05386],[142.16784,-11.0511],[142.16782,-11.04802],[142.16547,-11.04676],[142.16469,-11.04402],[142.1632,-11.04396],[142.16289,-11.0465],[142.16364,-11.0473],[142.16284,-11.05028],[142.16464,-11.05094],[142.16479,-11.05221],[142.16307,-11.05286],[142.16289,-11.05126],[142.16145,-11.05153],[142.15937,-11.05572],[142.16006,-11.06389],[142.15815,-11.07267],[142.15656,-11.07648],[142.15642,-11.07975],[142.15562,-11.08018],[142.15724,-11.08808],[142.15692,-11.09074],[142.15466,-11.09414],[142.14935,-11.09432],[142.14873,-11.09589],[142.15006,-11.105],[142.15101,-11.10757],[142.15409,-11.11165],[142.15355,-11.11467],[142.15437,-11.11826],[142.1552,-11.12004],[142.16084,-11.1254],[142.16097,-11.12445],[142.16057,-11.12491],[142.15953,-11.12272],[142.15629,-11.12003],[142.15495,-11.1167],[142.1558,-11.11467],[142.16104,-11.10984],[142.1593,-11.10985],[142.15958,-11.10465],[142.1604,-11.10373],[142.16124,-11.1047],[142.16149,-11.10185],[142.16255,-11.10207],[142.16332,-11.09977],[142.16228,-11.09956],[142.16224,-11.09709],[142.15995,-11.09692],[142.15821,-11.09478],[142.16104,-11.08811],[142.16041,-11.08607],[142.1606,-11.07993],[142.16277,-11.07951],[142.16437,-11.08027],[142.16677,-11.07861],[142.16173,-11.07797],[142.16142,-11.07644],[142.16246,-11.07657],[142.16231,-11.0755],[142.16352,-11.07585],[142.16375,-11.07516],[142.16164,-11.07401],[142.16222,-11.07325],[142.16284,-11.07405],[142.16478,-11.07384],[142.1657,-11.07537],[142.16625,-11.07451],[142.1663,-11.07369],[142.16527,-11.07345],[142.16547,-11.07221],[142.1642,-11.07278],[142.16347,-11.07201],[142.16457,-11.07117],[142.16445,-11.07046],[142.16323,-11.07049],[142.16365,-11.06966],[142.16274,-11.06922],[142.16371,-11.06894],[142.16356,-11.06799],[142.16527,-11.06918],[142.16561,-11.07054],[142.16973,-11.07134],[142.17135,-11.06921],[142.17097,-11.06622],[142.17243,-11.06605],[142.1724,-11.06879],[142.17369,-11.06908],[142.17418,-11.06824],[142.17493,-11.0687],[142.17418,-11.07165],[142.17488,-11.07371],[142.17409,-11.07539],[142.17354,-11.0743],[142.17291,-11.07472],[142.16956,-11.08225],[142.16704,-11.08216],[142.16733,-11.0833],[142.16618,-11.08389],[142.16901,-11.08373],[142.169,-11.08497],[142.17021,-11.08627],[142.17112,-11.08542],[142.17278,-11.09004],[142.17219,-11.09047],[142.1711,-11.08986],[142.17064,-11.09223],[142.16982,-11.09196],[142.16792,-11.09426],[142.16833,-11.09585],[142.16934,-11.09579],[142.16967,-11.09785],[142.1708,-11.09827],[142.16772,-11.10149],[142.16963,-11.10238],[142.16971,-11.1044],[142.16791,-11.1047],[142.16609,-11.10614],[142.16447,-11.10554],[142.1651,-11.1064],[142.16732,-11.10654],[142.1679,-11.10515],[142.17004,-11.10555],[142.17136,-11.1045],[142.17152,-11.10511],[142.17499,-11.1029],[142.17422,-11.10475],[142.17524,-11.10544],[142.17263,-11.10609],[142.17326,-11.10669],[142.17272,-11.10897],[142.17338,-11.10924],[142.17184,-11.1096],[142.17315,-11.11116],[142.17485,-11.11121],[142.17595,-11.11041],[142.17518,-11.11215],[142.17601,-11.11248],[142.17434,-11.11263],[142.17338,-11.11356],[142.17263,-11.11317],[142.1723,-11.11424],[142.17162,-11.11327],[142.17039,-11.11342],[142.16901,-11.11164],[142.16734,-11.11176],[142.16665,-11.11031],[142.16646,-11.1123],[142.16847,-11.11207],[142.17011,-11.11371],[142.17115,-11.11385],[142.17026,-11.11607],[142.17141,-11.1177],[142.16999,-11.11729],[142.16817,-11.11819],[142.16804,-11.11693],[142.16676,-11.1162],[142.16739,-11.11507],[142.16587,-11.11495],[142.16416,-11.1134],[142.16416,-11.11441],[142.16326,-11.11497],[142.16518,-11.115],[142.16498,-11.11763],[142.16383,-11.11829],[142.16278,-11.11762],[142.16239,-11.1187],[142.16304,-11.11965],[142.16482,-11.11954],[142.16641,-11.1173],[142.1678,-11.11805],[142.16773,-11.11971],[142.16463,-11.12112],[142.1652,-11.12304],[142.16575,-11.12124],[142.16789,-11.12036],[142.16808,-11.11901],[142.16957,-11.11948],[142.16938,-11.12065],[142.17097,-11.11933],[142.17359,-11.1209],[142.17185,-11.12182],[142.17232,-11.12356],[142.17331,-11.12422],[142.17229,-11.12453],[142.17161,-11.12612],[142.17289,-11.12612],[142.17492,-11.12765],[142.17434,-11.12818],[142.17319,-11.12755],[142.17292,-11.12967],[142.1711,-11.12986],[142.17349,-11.13098],[142.17102,-11.13063],[142.16982,-11.12839],[142.16805,-11.12921],[142.16637,-11.12827],[142.16572,-11.12902],[142.16444,-11.1271],[142.16388,-11.12991],[142.1645,-11.13127],[142.1647,-11.12942],[142.16706,-11.1292],[142.17027,-11.13118],[142.16876,-11.13224],[142.16675,-11.13235],[142.16721,-11.1328],[142.16971,-11.13254],[142.17029,-11.13312],[142.17101,-11.13189],[142.17345,-11.13257],[142.17169,-11.13296],[142.17225,-11.13391],[142.17111,-11.13441],[142.17281,-11.13492],[142.1723,-11.13546],[142.17306,-11.1359],[142.17335,-11.1376],[142.17213,-11.13654],[142.16833,-11.13741],[142.17225,-11.13882],[142.1714,-11.13917],[142.17262,-11.13947],[142.17245,-11.1407],[142.1734,-11.14173],[142.173,-11.14221],[142.17168,-11.14116],[142.1708,-11.14147],[142.17106,-11.14328],[142.17301,-11.1445],[142.17224,-11.14526],[142.17274,-11.14798],[142.17048,-11.1482],[142.17147,-11.14878],[142.17029,-11.15001],[142.17189,-11.14961],[142.17217,-11.15093],[142.16987,-11.15142],[142.17125,-11.15176],[142.1719,-11.15318],[142.16873,-11.15273],[142.17174,-11.15563],[142.17099,-11.15579],[142.17075,-11.15688],[142.16948,-11.1561],[142.17005,-11.15759],[142.16959,-11.1589],[142.17056,-11.15975],[142.16839,-11.15943],[142.16734,-11.15802],[142.16751,-11.15913],[142.16613,-11.15968],[142.16782,-11.15978],[142.16745,-11.16049],[142.16934,-11.16205],[142.16856,-11.16295],[142.16964,-11.16322],[142.16887,-11.16536],[142.16688,-11.16371],[142.16598,-11.16474],[142.16891,-11.16632],[142.16743,-11.16713],[142.16846,-11.16785],[142.16813,-11.16838],[142.1644,-11.16919],[142.16161,-11.16594],[142.16055,-11.16563],[142.16125,-11.16308],[142.16349,-11.16199],[142.16225,-11.16052],[142.16067,-11.16152],[142.1609,-11.16034],[142.15937,-11.1604],[142.16002,-11.16109],[142.15905,-11.16113],[142.15944,-11.16324],[142.15871,-11.16187],[142.15748,-11.16196],[142.15801,-11.16624],[142.16351,-11.16899],[142.16242,-11.17121],[142.16486,-11.16966],[142.16672,-11.17143],[142.16465,-11.172],[142.16508,-11.17272],[142.16674,-11.1729],[142.16592,-11.17429],[142.16505,-11.17393],[142.16616,-11.17471],[142.16572,-11.17603],[142.1638,-11.17514],[142.16475,-11.17824],[142.16446,-11.17984],[142.16369,-11.1803],[142.16313,-11.17838],[142.16299,-11.17951],[142.16188,-11.17931],[142.16175,-11.17821],[142.16068,-11.17883],[142.16185,-11.18032],[142.1632,-11.18058],[142.16149,-11.18214],[142.16308,-11.18259],[142.16402,-11.18127],[142.16442,-11.18214],[142.16306,-11.18353],[142.16345,-11.18425],[142.16234,-11.18631],[142.16293,-11.18668],[142.16215,-11.18759],[142.15974,-11.18601],[142.15927,-11.18751],[142.15829,-11.18727],[142.16017,-11.18971],[142.1586,-11.19032],[142.15992,-11.19126],[142.15911,-11.19218],[142.15929,-11.19335],[142.15642,-11.19248],[142.15657,-11.19516],[142.15357,-11.19526],[142.15201,-11.19724],[142.14927,-11.19823],[142.1474,-11.20012],[142.14429,-11.20051],[142.1451,-11.19939],[142.14509,-11.19685],[142.14777,-11.19447],[142.14725,-11.19365],[142.14598,-11.19385],[142.14606,-11.19195],[142.14874,-11.19222],[142.14884,-11.19128],[142.14785,-11.19057],[142.14916,-11.19046],[142.15003,-11.1916],[142.15053,-11.19111],[142.15051,-11.1899],[142.14853,-11.1878],[142.1489,-11.18247],[142.15024,-11.17809],[142.15164,-11.17654],[142.15101,-11.17549],[142.15309,-11.17238],[142.15302,-11.16727],[142.15469,-11.15807],[142.15306,-11.15401],[142.15548,-11.13528],[142.15369,-11.12954],[142.15226,-11.12876],[142.15096,-11.1295],[142.14942,-11.13123],[142.14828,-11.13486],[142.14617,-11.167],[142.14157,-11.19536],[142.13609,-11.21156],[142.13303,-11.21608],[142.1309,-11.21572],[142.12877,-11.22222],[142.12665,-11.22397],[142.37258,-11.19666],[142.36304,-11.16828],[142.36066,-11.16545],[142.35482,-11.15246],[142.35636,-11.14121],[142.37183,-11.11996],[142.37335,-11.08731],[142.36795,-11.07109],[142.36527,-11.0537],[142.36543,-11.04332],[142.39247,-11.01997],[142.38894,-11.01554],[142.39186,-11.01266],[142.39374,-11.01269],[142.39252,-11.01035],[142.39644,-11.01024],[142.39704,-11.00885],[142.40049,-11.00693],[142.40208,-11.00446],[142.40093,-11.00248],[142.40195,-11.00181],[142.40328,-11.00219],[142.4055,-10.99915],[142.40186,-10.99863],[142.40185,-10.99863],[142.40182,-10.9986]]],[[[142.34913,-10.83732],[142.34984,-10.83716],[142.34973,-10.83669],[142.34928,-10.83676],[142.34913,-10.83732]]],[[[142.31662,-10.84235],[142.31935,-10.83911],[142.31918,-10.83572],[142.31816,-10.8396],[142.3162,-10.84061],[142.31662,-10.84235]]],[[[142.52142,-10.84365],[142.52821,-10.84152],[142.53263,-10.84362],[142.54176,-10.84183],[142.54704,-10.83481],[142.55036,-10.83302],[142.55648,-10.82256],[142.55736,-10.82198],[142.55816,-10.82334],[142.55932,-10.82317],[142.56088,-10.81723],[142.56241,-10.81447],[142.56223,-10.81194],[142.56327,-10.81093],[142.56374,-10.80505],[142.56788,-10.79569],[142.56715,-10.79556],[142.5676,-10.79442],[142.56888,-10.79404],[142.5709,-10.79523],[142.57242,-10.79364],[142.57347,-10.79457],[142.57604,-10.79466],[142.5766,-10.79558],[142.57798,-10.7952],[142.57795,-10.79588],[142.57924,-10.79612],[142.57964,-10.78967],[142.58291,-10.78442],[142.58539,-10.78414],[142.58892,-10.78135],[142.58887,-10.78049],[142.58633,-10.77865],[142.58787,-10.7748],[142.58936,-10.77285],[142.59058,-10.77259],[142.5905,-10.77102],[142.59205,-10.76927],[142.59351,-10.76966],[142.59485,-10.76908],[142.59498,-10.76804],[142.59715,-10.76785],[142.60035,-10.76507],[142.59731,-10.76302],[142.59791,-10.75889],[142.59992,-10.75731],[142.6005,-10.75553],[142.60175,-10.75495],[142.60349,-10.75221],[142.60625,-10.75223],[142.60994,-10.74997],[142.60712,-10.74897],[142.60496,-10.74665],[142.60277,-10.74654],[142.60007,-10.74312],[142.59788,-10.74231],[142.59572,-10.74322],[142.59368,-10.74264],[142.59267,-10.74016],[142.59322,-10.73577],[142.59156,-10.73415],[142.58735,-10.73363],[142.58351,-10.73492],[142.58267,-10.73064],[142.58357,-10.72818],[142.58293,-10.72563],[142.58148,-10.72535],[142.57656,-10.73118],[142.56935,-10.73131],[142.57012,-10.73031],[142.57053,-10.72457],[142.56642,-10.72249],[142.56483,-10.72553],[142.56211,-10.72828],[142.55944,-10.72811],[142.55774,-10.72685],[142.55644,-10.72373],[142.55795,-10.72026],[142.55498,-10.71934],[142.5546,-10.72126],[142.5521,-10.72106],[142.5447,-10.72669],[142.54143,-10.72666],[142.53856,-10.73141],[142.53498,-10.73123],[142.53304,-10.73364],[142.52964,-10.73561],[142.52893,-10.73888],[142.56263,-10.76153],[142.5325,-10.82584],[142.53299,-10.82679],[142.53239,-10.82944],[142.53309,-10.8306],[142.53637,-10.83249],[142.53639,-10.83492],[142.53336,-10.83627],[142.53132,-10.8357],[142.53084,-10.83786],[142.52954,-10.83645],[142.52659,-10.8363],[142.52466,-10.83533],[142.52687,-10.83782],[142.52883,-10.8374],[142.53024,-10.83944],[142.52736,-10.84103],[142.5212,-10.84215],[142.52059,-10.84289],[142.52142,-10.84365]]],[[[142.34923,-10.84427],[142.3497,-10.84351],[142.34895,-10.84316],[142.34841,-10.84395],[142.34923,-10.84427]]],[[[142.35391,-10.84704],[142.35739,-10.84483],[142.35996,-10.84617],[142.36212,-10.84469],[142.36433,-10.84455],[142.36474,-10.84244],[142.36341,-10.84199],[142.35904,-10.84361],[142.35702,-10.84224],[142.35508,-10.84229],[142.35353,-10.84458],[142.35391,-10.84704]]],[[[142.10764,-10.99737],[142.11572,-10.99554],[142.11671,-10.99293],[142.11638,-10.99143],[142.11412,-10.99057],[142.11303,-10.98912],[142.1084,-10.99012],[142.10277,-10.9888],[142.10069,-10.98647],[142.10042,-10.98155],[142.10188,-10.97909],[142.10189,-10.97761],[142.10383,-10.97739],[142.10546,-10.97869],[142.10678,-10.97861],[142.1073,-10.97581],[142.11008,-10.9722],[142.11346,-10.97232],[142.1123,-10.97113],[142.10904,-10.9707],[142.10947,-10.96992],[142.11171,-10.9692],[142.11476,-10.97233],[142.11585,-10.97189],[142.11346,-10.96915],[142.11061,-10.96751],[142.10796,-10.96805],[142.10165,-10.9732],[142.10027,-10.97972],[142.10027,-10.98591],[142.1016,-10.9916],[142.10454,-10.99581],[142.10764,-10.99737]]]]},"properties":{"LGA Code":"5780","Abbreviated Name":"Northern Peninsula Area","LGA Name":"Northern Peninsula Area Regional","Area Sq Km":1020.79758,"LDMG Name":"Northern Peninsula","Police Region Name":"Far Northern Region","Police Region Code":"FNR","Police Region Short Name":"Far North"}},{"type":"Feature","geometry":{"type":"MultiPolygon","coordinates":[[[[141.66518,-14.24326],[141.66398,-14.24212],[141.66155,-14.24207],[141.6554,-14.23546],[141.65305,-14.23737],[141.65269,-14.23967],[141.65401,-14.24002],[141.64955,-14.24144],[141.64568,-14.23964],[141.64288,-14.23439],[141.64143,-14.23385],[141.64016,-14.23581],[141.64106,-14.23735],[141.64205,-14.23692],[141.64224,-14.24177],[141.64093,-14.24335],[141.63812,-14.2435],[141.63633,-14.24269],[141.63631,-14.23887],[141.6352,-14.23935],[141.63568,-14.24084],[141.63498,-14.24171],[141.63394,-14.24147],[141.63362,-14.23785],[141.63259,-14.23701],[141.6315,-14.23731],[141.6309,-14.23885],[141.63149,-14.23879],[141.62998,-14.23983],[141.62905,-14.23864],[141.62938,-14.23636],[141.62861,-14.23694],[141.62669,-14.23649],[141.62583,-14.23403],[141.62584,-14.23384],[141.62679,-14.23481],[141.62687,-14.23634],[141.62754,-14.23632],[141.62777,-14.23449],[141.62878,-14.23414],[141.6264,-14.22887],[141.6244,-14.22794],[141.62254,-14.22943],[141.62022,-14.22847],[141.61949,-14.22712],[141.61975,-14.22427],[141.62234,-14.22312],[141.62428,-14.22055],[141.62174,-14.21637],[141.61869,-14.21609],[141.61778,-14.21495],[141.61967,-14.21189],[141.62076,-14.21145],[141.62263,-14.21184],[141.62443,-14.21344],[141.6255,-14.20871],[141.62027,-14.20513],[141.61121,-14.19581],[141.6106,-14.19029],[141.61236,-14.18532],[141.61031,-14.18412],[141.60717,-14.18394],[141.60457,-14.18239],[141.60329,-14.17991],[141.60228,-14.17269],[141.59966,-14.1708],[141.59618,-14.17308],[141.59421,-14.1763],[141.59652,-14.18785],[141.59928,-14.19581],[141.60249,-14.23349],[141.59784,-14.26114],[141.58861,-14.28814],[141.58313,-14.30131],[141.58031,-14.30747],[141.57946,-14.30762],[141.57819,-14.30988],[141.56994,-14.32702],[141.56807,-14.33312],[141.56312,-14.34409],[141.55052,-14.37973],[141.53158,-14.44925],[141.52677,-14.47711],[141.52608,-14.48862],[141.53553,-14.51796],[141.53821,-14.5299],[141.53841,-14.52817],[141.54519,-14.55906],[141.54902,-14.57117],[141.55323,-14.58931],[141.55552,-14.61154],[141.55474,-14.64797],[141.5636,-14.68861],[141.56643,-14.71254],[141.56724,-14.73122],[141.56774,-14.73313],[141.57062,-14.73344],[141.56769,-14.73646],[141.5671,-14.73826],[141.56946,-14.75241],[141.57302,-14.76636],[141.57393,-14.7653],[141.57536,-14.7654],[141.57539,-14.76599],[141.57373,-14.7661],[141.57518,-14.7754],[141.58474,-14.81079],[141.58949,-14.84735],[141.5901,-14.8489],[141.59198,-14.84913],[141.59075,-14.85161],[141.59056,-14.85448],[141.59464,-14.86619],[141.60765,-14.89645],[141.61618,-14.91389],[141.6175,-14.91589],[141.6214,-14.91736],[141.62156,-14.92373],[141.6227,-14.92786],[141.63284,-14.95205],[141.63398,-14.95166],[141.62885,-14.94187],[141.62925,-14.94107],[141.62991,-14.94147],[141.63314,-14.94529],[141.63383,-14.9446],[141.63031,-14.94017],[141.63053,-14.93904],[141.6314,-14.93886],[141.64093,-14.95482],[141.64015,-14.95484],[141.63514,-14.94764],[141.63421,-14.94743],[141.63399,-14.94833],[141.64065,-14.95867],[141.65354,-14.97294],[141.6591,-14.98062],[141.66213,-14.98679],[141.66646,-15.00224],[141.66783,-15.01113],[141.66682,-15.03094],[141.66823,-15.03307],[141.66712,-15.0353],[141.6653,-15.03567],[141.66404,-15.03727],[141.65812,-15.06158],[141.6535,-15.06226],[141.65106,-15.06734],[141.65052,-15.0785],[141.65132,-15.08151],[141.67067,-15.10356],[141.67391,-15.10996],[141.68589,-15.10923],[141.68694,-15.108],[141.68668,-15.10387],[141.68738,-15.10242],[141.69028,-15.09998],[141.69484,-15.09863],[141.69804,-15.09911],[141.70163,-15.10172],[141.7025,-15.10454],[141.70231,-15.10837],[141.70468,-15.10595],[141.70609,-15.10567],[141.70916,-15.10706],[141.70919,-15.11014],[141.7137,-15.10725],[141.7167,-15.10698],[141.71849,-15.10771],[141.7212,-15.11135],[141.72044,-15.11496],[141.7185,-15.1157],[141.71482,-15.11425],[141.71246,-15.11436],[141.71069,-15.11589],[141.71013,-15.11818],[141.71141,-15.12008],[141.71324,-15.12098],[141.71486,-15.12083],[141.71734,-15.11802],[141.71971,-15.11671],[141.72306,-15.11663],[141.72448,-15.11772],[141.72515,-15.12151],[141.72175,-15.12692],[141.72306,-15.13619],[141.72471,-15.1391],[141.72953,-15.13909],[141.73267,-15.14168],[141.73518,-15.1405],[141.73882,-15.14072],[141.74181,-15.13877],[141.74423,-15.14039],[141.74668,-15.13873],[141.74779,-15.13885],[141.74979,-15.14004],[141.74987,-15.14284],[141.75103,-15.14406],[141.75428,-15.14077],[141.75381,-15.13712],[141.7561,-15.13594],[141.75933,-15.13764],[141.76397,-15.13705],[141.76567,-15.1407],[141.76805,-15.14143],[141.77104,-15.13956],[141.77476,-15.14105],[141.77709,-15.13957],[141.78171,-15.13967],[141.78461,-15.14091],[141.78482,-15.14136],[141.7863,-15.14461],[141.78793,-15.14625],[141.78969,-15.14614],[141.79111,-15.14357],[141.79451,-15.1439],[141.80169,-15.14096],[141.80432,-15.14129],[141.80487,-15.13999],[141.80394,-15.13861],[141.80427,-15.13711],[141.80784,-15.13646],[141.81151,-15.13436],[141.81501,-15.13377],[141.81653,-15.13192],[141.81781,-15.13162],[141.81813,-15.13185],[141.82326,-15.13556],[141.8285,-15.13311],[141.83117,-15.13265],[141.83234,-15.13088],[141.83913,-15.12893],[141.84278,-15.12668],[141.84383,-15.12486],[141.84493,-15.12598],[141.84648,-15.12569],[141.84697,-15.12658],[141.847,-15.12663],[141.84708,-15.12664],[141.84855,-15.12691],[141.85248,-15.12574],[141.85475,-15.12627],[141.85513,-15.12636],[141.85548,-15.1263],[141.85817,-15.12584],[141.86034,-15.12711],[141.86223,-15.12517],[141.86628,-15.12431],[141.87129,-15.12554],[141.87406,-15.12202],[141.87704,-15.12123],[141.87939,-15.11946],[141.88143,-15.11965],[141.88389,-15.12074],[141.88589,-15.11854],[141.88796,-15.11832],[141.89178,-15.11575],[141.89667,-15.11413],[141.89793,-15.11445],[141.89859,-15.11566],[141.90154,-15.1144],[141.90382,-15.11594],[141.90828,-15.11531],[141.90988,-15.11436],[141.91192,-15.11527],[141.91256,-15.11257],[141.91467,-15.11076],[141.91493,-15.11054],[141.91629,-15.11047],[141.92097,-15.11021],[141.92166,-15.11017],[141.92311,-15.11055],[141.92602,-15.11131],[141.92687,-15.11153],[141.9296,-15.11422],[141.93387,-15.11362],[141.93699,-15.11095],[141.93966,-15.10644],[141.94235,-15.10441],[141.94668,-15.09832],[141.94982,-15.09659],[141.95102,-15.09719],[141.95235,-15.09614],[141.95289,-15.09422],[141.95548,-15.09502],[141.95818,-15.09237],[141.96008,-15.09206],[141.96289,-15.09316],[141.96629,-15.09107],[141.96885,-15.0916],[141.97418,-15.08823],[141.98085,-15.08934],[141.98372,-15.08893],[141.98952,-15.08526],[141.99282,-15.08431],[141.99628,-15.08723],[142.00362,-15.08783],[142.00916,-15.08496],[142.01157,-15.08204],[142.01473,-15.08123],[142.01823,-15.07827],[142.0229,-15.0778],[142.02455,-15.07699],[142.02544,-15.07552],[142.02674,-15.07553],[142.02771,-15.07416],[142.02922,-15.07437],[142.03101,-15.07279],[142.0364,-15.0707],[142.03762,-15.07084],[142.0407,-15.07348],[142.04318,-15.07365],[142.04697,-15.07056],[142.05223,-15.06987],[142.05776,-15.06841],[142.05871,-15.06807],[142.06013,-15.06582],[142.05954,-15.06237],[142.06175,-15.06002],[142.06554,-15.06007],[142.07313,-15.05465],[142.07531,-15.05427],[142.07735,-15.05178],[142.08106,-15.05084],[142.08625,-15.0459],[142.08693,-15.04211],[142.08843,-15.04105],[142.09027,-15.03722],[142.09269,-15.03564],[142.09306,-15.03134],[142.09624,-15.02747],[142.09942,-15.02525],[142.10123,-15.0226],[142.10153,-15.01974],[142.10497,-15.01819],[142.10604,-15.01519],[142.11084,-15.00897],[142.11418,-15.00452],[142.11972,-14.99973],[142.12145,-14.99656],[142.12613,-14.99262],[142.12777,-14.98958],[142.13421,-14.98558],[142.14148,-14.90449],[142.11535,-14.82139],[142.1,-14.79973],[142.1,-14.79972],[142.03548,-14.70866],[141.99378,-14.49928],[141.99938,-14.46429],[141.99515,-14.46427],[141.98493,-14.46598],[141.98017,-14.4644],[141.97601,-14.46401],[141.97332,-14.46217],[141.97012,-14.4619],[141.96471,-14.45535],[141.95979,-14.44143],[141.9569,-14.43864],[141.95369,-14.43717],[141.94747,-14.4358],[141.94306,-14.43632],[141.93949,-14.435],[141.93597,-14.43532],[141.92835,-14.4336],[141.91712,-14.43237],[141.91383,-14.4329],[141.91055,-14.43134],[141.90856,-14.43161],[141.90664,-14.43413],[141.90492,-14.4348],[141.90048,-14.43326],[141.89436,-14.43293],[141.89088,-14.43136],[141.88243,-14.42972],[141.87796,-14.42709],[141.87411,-14.42231],[141.87368,-14.41659],[141.87016,-14.41475],[141.86791,-14.4105],[141.86478,-14.40774],[141.85679,-14.404],[141.84882,-14.40183],[141.84971,-14.39181],[141.85046,-14.39074],[141.85348,-14.38954],[141.85566,-14.38655],[141.85566,-14.38654],[141.85482,-14.38373],[141.85648,-14.37761],[141.8561,-14.37379],[141.85444,-14.3731],[141.8462,-14.3655],[141.84346,-14.36081],[141.84073,-14.35165],[141.83934,-14.34949],[141.83822,-14.3493],[141.8362,-14.35148],[141.82755,-14.34702],[141.81913,-14.34522],[141.81317,-14.34168],[141.81119,-14.33879],[141.81143,-14.32898],[141.81012,-14.32695],[141.80987,-14.32199],[141.80653,-14.32063],[141.80025,-14.31491],[141.79791,-14.30922],[141.79073,-14.30565],[141.78583,-14.30563],[141.7823,-14.30469],[141.77686,-14.29445],[141.77191,-14.29111],[141.76989,-14.28766],[141.76332,-14.28393],[141.75943,-14.28039],[141.75642,-14.28042],[141.75467,-14.27956],[141.75181,-14.27566],[141.74982,-14.27443],[141.74399,-14.27781],[141.7429,-14.27777],[141.74169,-14.27579],[141.74119,-14.27639],[141.7364,-14.27347],[141.7321,-14.27419],[141.73079,-14.27311],[141.72938,-14.27344],[141.73067,-14.27502],[141.73023,-14.27782],[141.72858,-14.27952],[141.72202,-14.27899],[141.71777,-14.28001],[141.71602,-14.27894],[141.7155,-14.27755],[141.70968,-14.27409],[141.70689,-14.27026],[141.70209,-14.2663],[141.69976,-14.26622],[141.69589,-14.26764],[141.69146,-14.26751],[141.69019,-14.26675],[141.68743,-14.26438],[141.68821,-14.26258],[141.68718,-14.26142],[141.68129,-14.25997],[141.67869,-14.25658],[141.67587,-14.25453],[141.67522,-14.25295],[141.67328,-14.25308],[141.67178,-14.25096],[141.67258,-14.24966],[141.67212,-14.249],[141.67121,-14.25109],[141.6707,-14.25091],[141.66916,-14.25081],[141.66876,-14.25078],[141.66895,-14.2474],[141.66649,-14.24469],[141.66518,-14.24326]]],[[[141.88091,-15.11989],[141.88094,-15.1199],[141.88092,-15.11989],[141.88091,-15.11989]]]]},"properties":{"LGA Code":"6070","Abbreviated Name":"Pormpuraaw Aboriginal","LGA Name":"Pormpuraaw Aboriginal Shire","Area Sq Km":4383.08325,"LDMG Name":"Pormpuraaw","Police Region Name":"Far Northern Region","Police Region Code":"FNR","Police Region Short Name":"Far North"}},{"type":"Feature","geometry":{"type":"Polygon","coordinates":[[[145.62378,-17.08797],[145.62226,-17.08949],[145.62005,-17.09118],[145.61849,-17.0902],[145.61574,-17.08997],[145.61399,-17.09097],[145.60846,-17.09001],[145.60252,-17.09446],[145.60078,-17.09378],[145.6005,-17.0916],[145.59441,-17.08942],[145.59196,-17.09074],[145.59004,-17.09043],[145.58929,-17.09232],[145.58285,-17.09376],[145.58113,-17.09269],[145.57982,-17.09341],[145.57866,-17.09537],[145.5746,-17.0989],[145.57091,-17.10551],[145.5695,-17.10595],[145.57001,-17.10887],[145.57189,-17.11037],[145.57598,-17.11169],[145.57533,-17.11751],[145.57358,-17.11821],[145.57523,-17.12172],[145.57404,-17.12844],[145.57543,-17.13047],[145.57424,-17.13204],[145.57382,-17.13224],[145.57248,-17.13287],[145.57131,-17.13343],[145.56898,-17.13354],[145.5678,-17.13492],[145.56683,-17.13854],[145.56414,-17.13784],[145.56262,-17.13825],[145.56083,-17.13578],[145.55803,-17.13495],[145.55109,-17.13597],[145.55102,-17.13707],[145.55308,-17.13966],[145.55125,-17.14175],[145.55008,-17.14478],[145.54805,-17.14677],[145.5402,-17.14614],[145.5396,-17.145],[145.53729,-17.14437],[145.53532,-17.14662],[145.53109,-17.14348],[145.53024,-17.1438],[145.52988,-17.14658],[145.52706,-17.15],[145.52653,-17.15349],[145.5251,-17.15549],[145.52722,-17.15987],[145.52658,-17.16061],[145.52159,-17.16151],[145.51925,-17.16331],[145.51914,-17.16463],[145.5133,-17.16968],[145.51045,-17.16824],[145.50755,-17.16465],[145.50763,-17.16343],[145.50136,-17.16261],[145.49998,-17.16156],[145.4977,-17.15784],[145.49838,-17.15029],[145.4961,-17.14687],[145.4901,-17.14527],[145.48611,-17.14317],[145.48227,-17.14284],[145.48228,-17.14092],[145.48099,-17.13854],[145.45823,-17.13638],[145.45591,-17.13949],[145.45637,-17.1455],[145.45176,-17.14502],[145.45441,-17.15066],[145.44294,-17.14955],[145.44223,-17.14584],[145.44015,-17.14313],[145.44031,-17.14218],[145.4375,-17.1399],[145.43691,-17.1383],[145.43983,-17.13623],[145.44167,-17.13602],[145.44149,-17.13322],[145.44316,-17.13173],[145.44268,-17.12939],[145.4379,-17.12756],[145.43842,-17.12209],[145.42673,-17.12117],[145.4296,-17.1113],[145.43634,-17.1039],[145.41168,-17.10178],[145.41274,-17.09045],[145.39531,-17.08931],[145.39508,-17.0918],[145.38893,-17.09714],[145.38723,-17.10196],[145.38554,-17.10318],[145.38677,-17.10862],[145.38299,-17.10829],[145.38042,-17.13128],[145.38105,-17.13426],[145.38384,-17.13739],[145.38441,-17.13759],[145.38999,-17.13751],[145.39178,-17.14088],[145.3953,-17.14237],[145.39835,-17.14583],[145.39827,-17.14746],[145.40175,-17.14999],[145.40812,-17.1501],[145.41125,-17.15298],[145.41376,-17.15362],[145.40756,-17.21223],[145.40889,-17.2116],[145.41058,-17.21276],[145.41091,-17.21299],[145.41115,-17.21444],[145.4123,-17.21785],[145.41255,-17.21808],[145.41358,-17.22165],[145.41801,-17.22427],[145.41823,-17.22916],[145.42004,-17.22959],[145.42069,-17.23176],[145.41735,-17.23267],[145.4175,-17.23469],[145.41944,-17.23782],[145.41668,-17.24184],[145.41733,-17.24361],[145.42028,-17.24641],[145.4207,-17.24925],[145.42495,-17.25638],[145.42583,-17.2613],[145.42455,-17.26579],[145.42522,-17.26916],[145.42798,-17.27107],[145.42956,-17.27421],[145.42943,-17.27462],[145.4288,-17.27667],[145.4258,-17.27693],[145.42408,-17.28342],[145.42584,-17.28644],[145.4291,-17.28741],[145.43233,-17.29062],[145.43264,-17.29182],[145.43184,-17.29368],[145.43489,-17.2966],[145.43717,-17.3018],[145.43619,-17.30577],[145.43371,-17.30772],[145.4321,-17.30815],[145.42833,-17.30629],[145.42638,-17.30617],[145.42106,-17.30922],[145.42079,-17.31051],[145.4218,-17.31324],[145.41922,-17.31533],[145.4211,-17.31963],[145.41745,-17.32314],[145.4166,-17.32523],[145.41775,-17.32822],[145.42049,-17.33067],[145.42046,-17.33087],[145.42038,-17.33134],[145.4203,-17.33178],[145.41812,-17.33463],[145.41681,-17.33217],[145.41353,-17.32945],[145.41133,-17.32955],[145.40786,-17.33199],[145.40883,-17.33296],[145.40847,-17.33614],[145.40563,-17.33962],[145.40437,-17.34379],[145.39938,-17.345],[145.39758,-17.35305],[145.39412,-17.35434],[145.38917,-17.35375],[145.38621,-17.35621],[145.37163,-17.36414],[145.36746,-17.36388],[145.36076,-17.36545],[145.35806,-17.36978],[145.36028,-17.37234],[145.36086,-17.37566],[145.35885,-17.3797],[145.35988,-17.38233],[145.35895,-17.38444],[145.35497,-17.38466],[145.35393,-17.38608],[145.35007,-17.38491],[145.34779,-17.38233],[145.34335,-17.38254],[145.33893,-17.38743],[145.33645,-17.38828],[145.33476,-17.38991],[145.33174,-17.39037],[145.3281,-17.38985],[145.32639,-17.39078],[145.32038,-17.39136],[145.31257,-17.38899],[145.31053,-17.38981],[145.31083,-17.39205],[145.30889,-17.39434],[145.31007,-17.39568],[145.3112,-17.40016],[145.31066,-17.40347],[145.30732,-17.40596],[145.30553,-17.41098],[145.29548,-17.41106],[145.29012,-17.41238],[145.28442,-17.41118],[145.27787,-17.41497],[145.27102,-17.41585],[145.26924,-17.41493],[145.26738,-17.41226],[145.26524,-17.4115],[145.26036,-17.41146],[145.25863,-17.41295],[145.25891,-17.41417],[145.26224,-17.41609],[145.26397,-17.41872],[145.259,-17.42147],[145.25569,-17.42068],[145.25337,-17.42409],[145.24608,-17.43143],[145.25025,-17.43873],[145.24946,-17.44626],[145.2456,-17.449],[145.23748,-17.45748],[145.22861,-17.46499],[145.22906,-17.4828],[145.22741,-17.48756],[145.22496,-17.48915],[145.22546,-17.491],[145.22689,-17.49193],[145.22857,-17.49731],[145.22834,-17.49881],[145.22622,-17.49958],[145.22876,-17.50093],[145.22961,-17.50548],[145.22185,-17.50698],[145.22222,-17.51464],[145.22138,-17.51736],[145.22195,-17.51864],[145.22522,-17.51947],[145.22592,-17.52063],[145.22387,-17.52338],[145.22434,-17.52891],[145.21941,-17.52893],[145.21859,-17.52595],[145.21073,-17.52425],[145.20626,-17.52138],[145.2057,-17.52012],[145.19757,-17.51959],[145.19657,-17.51818],[145.18896,-17.5148],[145.18524,-17.51466],[145.1831,-17.51512],[145.18297,-17.51786],[145.18211,-17.51921],[145.17744,-17.52352],[145.17499,-17.52443],[145.17425,-17.52583],[145.16778,-17.52806],[145.1613,-17.53196],[145.15821,-17.53652],[145.15348,-17.53899],[145.1515,-17.53814],[145.15103,-17.53696],[145.14722,-17.5371],[145.14657,-17.53488],[145.1447,-17.53351],[145.14307,-17.53478],[145.1412,-17.53483],[145.13925,-17.53381],[145.13767,-17.53484],[145.13768,-17.53574],[145.13395,-17.53541],[145.13382,-17.53618],[145.13275,-17.53546],[145.13162,-17.53588],[145.1293,-17.53398],[145.128,-17.53437],[145.12734,-17.53639],[145.12599,-17.53711],[145.12414,-17.53649],[145.12029,-17.53841],[145.11617,-17.53651],[145.11648,-17.54111],[145.11493,-17.54224],[145.11131,-17.5477],[145.1114,-17.54977],[145.10851,-17.54963],[145.10597,-17.54844],[145.1047,-17.5488],[145.10307,-17.55124],[145.10047,-17.5527],[145.09582,-17.55405],[145.09355,-17.5536],[145.08515,-17.55968],[145.07502,-17.56166],[145.07115,-17.5633],[145.06492,-17.56321],[145.05778,-17.56539],[145.0544,-17.57288],[145.05063,-17.57724],[145.04983,-17.57955],[145.04975,-17.6011],[145.0408,-17.60505],[145.03412,-17.60634],[145.02084,-17.61523],[145.00994,-17.61162],[145.00854,-17.61025],[145.00279,-17.61041],[145.00048,-17.60545],[144.99794,-17.60398],[144.99438,-17.60611],[144.9937,-17.60986],[144.99163,-17.61479],[144.99167,-17.61637],[144.99276,-17.61712],[144.99353,-17.61929],[144.99229,-17.62078],[144.9904,-17.62905],[144.98946,-17.63026],[144.98691,-17.62952],[144.98572,-17.63039],[144.98256,-17.63061],[144.98002,-17.63337],[144.97916,-17.63663],[144.97992,-17.63964],[144.97357,-17.64364],[144.97332,-17.6451],[144.97409,-17.6464],[144.9759,-17.65754],[144.97526,-17.65906],[144.97301,-17.66096],[144.97204,-17.66414],[144.96894,-17.66375],[144.96821,-17.6689],[144.96894,-17.67033],[144.97096,-17.67087],[144.97122,-17.67552],[144.9703,-17.67926],[144.97272,-17.68159],[144.89922,-17.67502],[144.89098,-17.82248],[144.8773,-17.91251],[144.8652,-18.01001],[144.87008,-18.01806],[144.87065,-18.02288],[144.87269,-18.02354],[144.87263,-18.02445],[144.87056,-18.02432],[144.86981,-18.03454],[144.86759,-18.0469],[144.87084,-18.04843],[144.86801,-18.05586],[144.86724,-18.06347],[144.87055,-18.072],[144.87139,-18.07732],[144.86761,-18.08859],[144.86785,-18.09532],[144.86636,-18.10545],[144.85739,-18.12667],[144.8521,-18.1257],[144.83805,-18.13959],[144.81375,-18.14609],[144.81222,-18.14586],[144.81359,-18.13763],[144.81303,-18.13755],[144.81313,-18.13554],[144.81487,-18.13235],[144.80238,-18.12693],[144.80367,-18.10962],[144.78979,-18.10886],[144.76231,-18.12952],[144.75207,-18.21628],[144.74737,-18.2548],[144.74114,-18.31745],[144.74632,-18.32666],[144.74731,-18.33048],[144.76037,-18.35636],[144.77121,-18.3575],[144.77407,-18.35879],[144.78015,-18.35793],[144.7998,-18.35918],[144.81105,-18.36749],[144.81362,-18.36773],[144.81718,-18.37172],[144.82243,-18.36905],[144.82591,-18.3695],[144.83462,-18.3688],[144.84348,-18.37176],[144.84634,-18.37129],[144.84957,-18.36957],[144.85519,-18.36951],[144.85162,-18.39997],[144.84463,-18.40799],[144.83754,-18.44002],[144.84135,-18.45244],[144.83671,-18.49312],[144.88043,-18.49734],[144.87821,-18.51789],[144.92406,-18.52276],[144.92062,-18.51878],[144.91991,-18.51652],[144.92022,-18.51285],[144.92226,-18.50668],[144.92175,-18.50132],[144.95117,-18.50415],[144.9509,-18.50156],[144.94912,-18.50102],[144.94689,-18.49767],[144.94728,-18.49512],[144.95139,-18.48927],[144.95283,-18.48458],[144.95324,-18.48208],[144.9514,-18.47732],[144.95284,-18.47502],[144.95486,-18.47527],[144.95685,-18.48345],[144.95789,-18.48311],[144.96064,-18.4861],[144.96288,-18.4855],[144.96451,-18.48152],[144.96309,-18.47842],[144.96302,-18.4732],[144.96832,-18.46955],[144.96959,-18.46991],[144.97149,-18.47227],[144.97102,-18.47509],[144.97268,-18.47748],[144.97235,-18.47965],[144.97574,-18.48708],[144.97491,-18.48894],[144.97522,-18.49026],[144.97664,-18.49211],[144.98119,-18.49361],[144.98217,-18.49855],[144.98199,-18.50428],[144.98099,-18.50695],[145.04674,-18.51322],[145.05138,-18.51812],[145.05022,-18.52805],[145.05265,-18.53052],[145.05288,-18.53236],[145.05184,-18.5361],[145.05266,-18.53774],[145.05508,-18.53971],[145.05505,-18.54191],[145.05399,-18.54298],[145.05236,-18.5421],[145.05322,-18.54425],[145.05272,-18.54523],[145.05346,-18.54593],[145.05348,-18.54887],[145.05759,-18.54932],[145.0583,-18.5513],[145.06364,-18.55458],[145.06855,-18.55361],[145.07551,-18.55432],[145.07642,-18.55525],[145.07676,-18.55862],[145.07778,-18.55962],[145.07985,-18.56061],[145.08632,-18.55993],[145.09169,-18.56681],[145.09505,-18.56538],[145.09831,-18.56702],[145.10113,-18.56674],[145.10436,-18.56428],[145.10753,-18.56379],[145.11585,-18.55742],[145.1178,-18.55743],[145.11968,-18.55585],[145.12443,-18.55778],[145.12768,-18.55751],[145.12952,-18.55883],[145.12872,-18.55977],[145.12879,-18.55986],[145.13101,-18.56039],[145.13346,-18.56474],[145.13367,-18.56511],[145.13355,-18.56907],[145.13072,-18.57265],[145.13269,-18.57789],[145.13431,-18.57755],[145.13581,-18.57439],[145.13894,-18.57412],[145.13895,-18.57285],[145.14068,-18.57269],[145.14054,-18.5651],[145.14863,-18.55296],[145.15674,-18.54548],[145.15737,-18.53832],[145.15957,-18.53485],[145.17184,-18.52079],[145.17349,-18.51546],[145.17903,-18.51023],[145.18252,-18.51057],[145.18417,-18.49478],[145.17381,-18.49376],[145.17448,-18.4914],[145.17207,-18.48836],[145.17809,-18.47949],[145.18569,-18.48022],[145.182,-18.47246],[145.18231,-18.44917],[145.17997,-18.44661],[145.18286,-18.43247],[145.18378,-18.43192],[145.18062,-18.42838],[145.17818,-18.42744],[145.17747,-18.42505],[145.17206,-18.42331],[145.17163,-18.42105],[145.16908,-18.42014],[145.1642,-18.41495],[145.16172,-18.40697],[145.16262,-18.40291],[145.16085,-18.3998],[145.16373,-18.39521],[145.16165,-18.39346],[145.16134,-18.39083],[145.15468,-18.39286],[145.15217,-18.39178],[145.15155,-18.39352],[145.14962,-18.39385],[145.14623,-18.39214],[145.14405,-18.39191],[145.14309,-18.39061],[145.13955,-18.39081],[145.13861,-18.39017],[145.13811,-18.38803],[145.13434,-18.38509],[145.13288,-18.3797],[145.1331,-18.37794],[145.13548,-18.37735],[145.1322,-18.37048],[145.13396,-18.36628],[145.13443,-18.36199],[145.13736,-18.36252],[145.13879,-18.36165],[145.13904,-18.36076],[145.13756,-18.35992],[145.13831,-18.3584],[145.13987,-18.35781],[145.14272,-18.36042],[145.14546,-18.36126],[145.14615,-18.36266],[145.14951,-18.36521],[145.15274,-18.36396],[145.15561,-18.36464],[145.15797,-18.36266],[145.15718,-18.35807],[145.15775,-18.35581],[145.15996,-18.35366],[145.15881,-18.35184],[145.16112,-18.35096],[145.1623,-18.34874],[145.16391,-18.34986],[145.16375,-18.34918],[145.16663,-18.3467],[145.19443,-18.34949],[145.19522,-18.34774],[145.26788,-18.35502],[145.25994,-18.42732],[145.28645,-18.42998],[145.27917,-18.43953],[145.30175,-18.45518],[145.2968,-18.46403],[145.35726,-18.53573],[145.38346,-18.57021],[145.39004,-18.56504],[145.49453,-18.57643],[145.50125,-18.46185],[145.71632,-18.48838],[145.7169,-18.48785],[145.71588,-18.48539],[145.71428,-18.48368],[145.71432,-18.48025],[145.70806,-18.47088],[145.71258,-18.46785],[145.71505,-18.46837],[145.7201,-18.46724],[145.7251,-18.46834],[145.72519,-18.46619],[145.72879,-18.4656],[145.73088,-18.46412],[145.73239,-18.46174],[145.73117,-18.45994],[145.72924,-18.4535],[145.73184,-18.45405],[145.73612,-18.45731],[145.73783,-18.45281],[145.73786,-18.4529],[145.73839,-18.45157],[145.73903,-18.45015],[145.74216,-18.45122],[145.7442,-18.45053],[145.74701,-18.44547],[145.75073,-18.44304],[145.7522,-18.44063],[145.75497,-18.43846],[145.756,-18.43508],[145.75457,-18.43082],[145.75778,-18.42938],[145.75751,-18.42589],[145.76006,-18.42393],[145.75889,-18.42061],[145.75519,-18.41487],[145.75515,-18.40914],[145.75583,-18.40805],[145.76917,-18.40941],[145.76054,-18.40381],[145.75939,-18.40275],[145.7583,-18.40042],[145.75875,-18.39713],[145.75779,-18.39592],[145.75759,-18.39588],[145.75746,-18.3958],[145.75209,-18.39483],[145.74726,-18.39565],[145.7471,-18.39568],[145.74702,-18.39547],[145.74667,-18.39454],[145.74608,-18.39299],[145.74602,-18.38948],[145.74792,-18.38363],[145.74803,-18.38061],[145.74575,-18.3755],[145.74481,-18.37416],[145.74187,-18.37176],[145.73523,-18.36944],[145.733,-18.36818],[145.72729,-18.36495],[145.72196,-18.3636],[145.72078,-18.36251],[145.71814,-18.35694],[145.78663,-18.30422],[145.7906,-18.30565],[145.79547,-18.30862],[145.80255,-18.30574],[145.80585,-18.30643],[145.80963,-18.30458],[145.80987,-18.30252],[145.80824,-18.29954],[145.81106,-18.29672],[145.8128,-18.29631],[145.81292,-18.29482],[145.81568,-18.29453],[145.81579,-18.29074],[145.81483,-18.28839],[145.81518,-18.28569],[145.81176,-18.28467],[145.81169,-18.28145],[145.80778,-18.27371],[145.80537,-18.27153],[145.80297,-18.27091],[145.80182,-18.26896],[145.79948,-18.26804],[145.80056,-18.26643],[145.8005,-18.26397],[145.80139,-18.26207],[145.80475,-18.25793],[145.80396,-18.25581],[145.80396,-18.25162],[145.80504,-18.25088],[145.80727,-18.24559],[145.80513,-18.24328],[145.80443,-18.24055],[145.80044,-18.23733],[145.79967,-18.23566],[145.80065,-18.23366],[145.79813,-18.23387],[145.79551,-18.23178],[145.79424,-18.2328],[145.79316,-18.23245],[145.79262,-18.22619],[145.79317,-18.2247],[145.79516,-18.22386],[145.79565,-18.2226],[145.79279,-18.22045],[145.79294,-18.2173],[145.79163,-18.21574],[145.78712,-18.21506],[145.78607,-18.2116],[145.78319,-18.20655],[145.78152,-18.2055],[145.78022,-18.20325],[145.77919,-18.1982],[145.781,-18.19689],[145.78234,-18.19421],[145.78698,-18.19178],[145.7876,-18.1904],[145.78684,-18.18787],[145.78721,-18.18621],[145.78567,-18.18477],[145.78444,-18.18085],[145.78307,-18.17958],[145.78002,-18.17887],[145.77572,-18.17654],[145.77192,-18.17278],[145.77033,-18.17523],[145.76855,-18.17395],[145.76767,-18.17085],[145.76624,-18.17049],[145.76482,-18.16767],[145.76273,-18.16685],[145.76167,-18.16512],[145.75768,-18.16441],[145.75247,-18.15868],[145.75248,-18.15736],[145.75153,-18.15654],[145.7437,-18.15985],[145.741,-18.15942],[145.73934,-18.15746],[145.73694,-18.15795],[145.73485,-18.15678],[145.73324,-18.16077],[145.73196,-18.16163],[145.73106,-18.16132],[145.72646,-18.16772],[145.72466,-18.16784],[145.72427,-18.16661],[145.72337,-18.16637],[145.72151,-18.16747],[145.71579,-18.16668],[145.71087,-18.17209],[145.70933,-18.17246],[145.70917,-18.17369],[145.70602,-18.17663],[145.70582,-18.17887],[145.70524,-18.17898],[145.70183,-18.17676],[145.69926,-18.17652],[145.69617,-18.1751],[145.69324,-18.17106],[145.68931,-18.16976],[145.68693,-18.16897],[145.68517,-18.16839],[145.68474,-18.16756],[145.68404,-18.16621],[145.68329,-18.16476],[145.68319,-18.16321],[145.68346,-18.16306],[145.68308,-18.16102],[145.68429,-18.15764],[145.68602,-18.15678],[145.68678,-18.15518],[145.68858,-18.15481],[145.68799,-18.15315],[145.6896,-18.15266],[145.69043,-18.15118],[145.693,-18.15168],[145.69845,-18.15038],[145.69941,-18.14891],[145.69921,-18.14725],[145.70145,-18.14528],[145.70207,-18.14286],[145.70353,-18.14109],[145.70386,-18.13863],[145.70232,-18.13638],[145.70308,-18.13254],[145.70072,-18.12884],[145.70145,-18.12793],[145.70428,-18.12716],[145.70438,-18.12383],[145.70517,-18.12298],[145.70376,-18.12038],[145.7042,-18.11811],[145.7051,-18.11708],[145.7072,-18.11656],[145.70576,-18.11449],[145.70743,-18.10922],[145.70593,-18.10583],[145.70371,-18.1032],[145.70508,-18.10125],[145.70412,-18.10004],[145.70208,-18.1005],[145.69674,-18.09913],[145.6929,-18.09529],[145.69038,-18.09524],[145.68911,-18.09202],[145.68803,-18.09306],[145.68527,-18.09323],[145.68276,-18.09564],[145.67952,-18.10035],[145.67946,-18.10293],[145.6755,-18.10299],[145.67118,-18.0999],[145.6677,-18.10294],[145.66644,-18.10191],[145.66283,-18.09417],[145.66175,-18.09342],[145.65941,-18.0944],[145.65599,-18.09308],[145.65551,-18.09165],[145.65347,-18.08993],[145.6501,-18.08792],[145.64836,-18.08792],[145.6477,-18.08643],[145.64548,-18.08609],[145.64463,-18.08512],[145.64302,-18.08328],[145.64338,-18.0823],[145.64194,-18.08145],[145.64188,-18.07869],[145.64284,-18.07743],[145.64338,-18.07789],[145.64398,-18.07531],[145.64319,-18.07416],[145.64409,-18.07261],[145.64331,-18.07169],[145.64391,-18.06905],[145.64277,-18.06762],[145.64439,-18.06705],[145.64457,-18.06538],[145.64595,-18.06452],[145.64703,-18.0624],[145.64672,-18.05816],[145.65284,-18.05563],[145.6526,-18.05391],[145.6511,-18.05219],[145.65253,-18.04995],[145.64989,-18.048],[145.65073,-18.04536],[145.65019,-18.03865],[145.64825,-18.03615],[145.64934,-18.0351],[145.64946,-18.03366],[145.65396,-18.03154],[145.65348,-18.02942],[145.65024,-18.02752],[145.64652,-18.02799],[145.64424,-18.02718],[145.6398,-18.02845],[145.63794,-18.02765],[145.63602,-18.02805],[145.63338,-18.02627],[145.63266,-18.02398],[145.63128,-18.023],[145.62856,-18.02228],[145.62724,-18.02274],[145.62646,-18.02194],[145.6222,-18.02115],[145.62363,-18.01851],[145.62303,-18.01455],[145.62548,-18.01024],[145.62404,-18.00985],[145.62379,-18.00914],[145.62346,-18.00821],[145.62337,-18.00795],[145.62552,-18.00382],[145.62546,-18.00043],[145.62875,-17.99922],[145.63083,-17.99726],[145.63403,-17.99673],[145.63553,-17.99501],[145.63824,-17.99522],[145.63893,-17.99159],[145.63799,-17.99041],[145.63888,-17.98883],[145.64034,-17.98824],[145.63769,-17.98572],[145.63758,-17.98202],[145.63893,-17.98075],[145.63887,-17.9796],[145.64077,-17.97964],[145.64101,-17.97558],[145.64246,-17.97608],[145.64555,-17.97373],[145.64583,-17.97208],[145.64982,-17.9738],[145.65098,-17.9719],[145.65319,-17.97142],[145.65276,-17.97006],[145.65442,-17.9676],[145.65187,-17.9661],[145.65011,-17.96355],[145.65008,-17.96283],[145.65207,-17.96172],[145.65078,-17.96013],[145.65092,-17.95925],[145.65232,-17.95898],[145.65192,-17.95734],[145.65681,-17.95737],[145.6584,-17.9562],[145.65878,-17.95467],[145.65775,-17.95312],[145.66003,-17.94839],[145.66209,-17.94877],[145.66227,-17.94695],[145.6636,-17.94627],[145.66529,-17.94603],[145.66998,-17.94845],[145.67404,-17.94781],[145.67595,-17.94579],[145.67752,-17.94648],[145.67898,-17.94557],[145.67922,-17.94303],[145.68188,-17.94005],[145.68004,-17.93731],[145.68063,-17.93656],[145.67969,-17.93379],[145.68111,-17.93265],[145.68126,-17.93149],[145.68306,-17.93136],[145.68409,-17.93011],[145.68296,-17.92769],[145.68395,-17.92623],[145.68587,-17.92534],[145.68034,-17.91917],[145.68062,-17.91263],[145.68071,-17.91066],[145.68086,-17.90709],[145.6835,-17.90495],[145.68481,-17.90239],[145.68382,-17.89975],[145.68437,-17.89801],[145.68382,-17.89634],[145.68171,-17.89493],[145.68013,-17.8914],[145.67915,-17.88617],[145.67531,-17.88251],[145.67495,-17.88163],[145.67567,-17.88082],[145.67289,-17.87762],[145.67351,-17.87422],[145.67182,-17.87022],[145.66804,-17.8684],[145.66524,-17.86424],[145.66403,-17.86365],[145.6609,-17.86317],[145.65731,-17.86435],[145.65554,-17.86393],[145.65494,-17.86234],[145.65545,-17.85922],[145.6542,-17.85753],[145.65522,-17.85517],[145.65367,-17.85255],[145.65472,-17.8496],[145.65363,-17.84962],[145.65267,-17.84674],[145.65338,-17.84395],[145.6531,-17.84031],[145.65176,-17.83669],[145.65236,-17.83546],[145.65195,-17.83372],[145.65312,-17.83142],[145.65294,-17.82765],[145.65721,-17.82657],[145.65861,-17.82345],[145.65812,-17.82004],[145.65546,-17.81584],[145.64633,-17.80852],[145.6454,-17.80645],[145.64344,-17.80544],[145.64235,-17.80258],[145.63841,-17.80419],[145.6393,-17.80666],[145.63826,-17.80799],[145.63624,-17.80645],[145.63431,-17.80613],[145.63392,-17.80438],[145.6323,-17.80346],[145.63159,-17.80124],[145.62717,-17.80063],[145.62441,-17.79827],[145.62205,-17.79747],[145.61784,-17.79814],[145.61548,-17.80077],[145.61385,-17.80135],[145.61001,-17.79979],[145.61011,-17.79578],[145.6088,-17.7945],[145.60554,-17.79576],[145.60365,-17.79524],[145.60262,-17.79388],[145.59976,-17.79488],[145.5974,-17.79398],[145.59104,-17.79547],[145.58501,-17.79053],[145.57965,-17.79116],[145.58068,-17.78612],[145.57967,-17.78364],[145.57256,-17.7829],[145.57704,-17.74077],[145.65151,-17.72687],[145.65143,-17.72507],[145.64839,-17.72345],[145.64726,-17.72184],[145.64764,-17.7178],[145.64342,-17.71134],[145.64332,-17.70966],[145.64104,-17.70712],[145.64295,-17.70468],[145.64346,-17.70172],[145.64866,-17.70067],[145.64953,-17.69955],[145.65187,-17.69981],[145.65349,-17.69716],[145.65511,-17.69653],[145.65665,-17.69369],[145.65849,-17.69345],[145.66016,-17.68932],[145.65975,-17.68805],[145.65671,-17.68699],[145.65659,-17.68603],[145.65801,-17.68449],[145.65789,-17.68317],[145.66144,-17.67956],[145.65937,-17.67584],[145.65676,-17.67548],[145.65349,-17.67219],[145.65099,-17.67214],[145.65085,-17.67048],[145.64848,-17.66813],[145.64589,-17.66806],[145.64436,-17.6663],[145.64534,-17.66491],[145.64073,-17.65677],[145.65473,-17.65806],[145.65441,-17.66301],[145.65967,-17.66683],[145.66052,-17.66888],[145.66812,-17.66573],[145.6719,-17.66722],[145.67322,-17.66654],[145.67384,-17.66737],[145.67329,-17.66912],[145.67441,-17.67607],[145.67761,-17.67756],[145.67888,-17.67605],[145.68034,-17.67586],[145.6824,-17.6788],[145.68305,-17.67756],[145.68099,-17.67424],[145.68085,-17.67144],[145.67846,-17.67054],[145.67922,-17.66867],[145.67879,-17.66654],[145.68262,-17.6654],[145.68605,-17.66213],[145.69236,-17.66361],[145.69546,-17.66102],[145.69568,-17.65966],[145.69425,-17.65594],[145.69584,-17.65529],[145.69669,-17.65355],[145.69639,-17.65224],[145.69733,-17.65203],[145.70736,-17.55682],[145.71041,-17.55842],[145.71551,-17.5543],[145.71775,-17.55426],[145.72235,-17.55722],[145.72446,-17.55654],[145.7275,-17.55842],[145.73059,-17.55823],[145.73333,-17.55703],[145.73992,-17.55089],[145.74053,-17.54645],[145.73998,-17.54269],[145.73772,-17.54089],[145.73319,-17.5403],[145.73121,-17.53841],[145.73097,-17.53363],[145.72833,-17.53155],[145.72467,-17.53034],[145.72439,-17.52626],[145.72172,-17.52167],[145.72378,-17.51371],[145.72007,-17.51003],[145.72376,-17.50613],[145.71609,-17.49696],[145.83388,-17.50863],[145.83513,-17.49736],[145.83676,-17.48261],[145.83461,-17.47627],[145.83748,-17.47612],[145.83992,-17.45416],[145.83713,-17.45297],[145.83672,-17.44928],[145.83582,-17.44811],[145.83418,-17.45009],[145.83226,-17.44693],[145.8321,-17.43758],[145.82963,-17.43378],[145.82854,-17.43001],[145.82632,-17.42785],[145.82555,-17.42375],[145.82372,-17.42149],[145.82471,-17.41334],[145.82182,-17.40825],[145.82168,-17.40485],[145.81833,-17.3993],[145.82119,-17.39507],[145.82121,-17.39473],[145.82125,-17.39405],[145.82126,-17.39391],[145.81746,-17.38822],[145.81437,-17.38609],[145.81379,-17.38462],[145.81181,-17.38367],[145.81014,-17.38039],[145.80313,-17.37371],[145.80153,-17.37018],[145.79453,-17.36544],[145.79189,-17.36485],[145.78966,-17.36324],[145.78128,-17.35437],[145.78167,-17.34961],[145.7828,-17.3477],[145.78081,-17.34528],[145.78096,-17.34437],[145.7817,-17.34151],[145.78371,-17.34003],[145.78488,-17.33594],[145.78673,-17.33321],[145.78648,-17.32741],[145.78754,-17.32602],[145.78799,-17.32328],[145.78767,-17.32163],[145.78514,-17.32084],[145.78487,-17.31932],[145.79068,-17.31268],[145.79784,-17.31171],[145.79726,-17.30944],[145.79538,-17.30825],[145.79447,-17.30437],[145.80033,-17.3014],[145.79967,-17.29889],[145.80052,-17.29652],[145.79801,-17.29292],[145.79477,-17.29059],[145.79279,-17.28789],[145.79046,-17.28068],[145.78854,-17.28113],[145.78529,-17.2796],[145.78528,-17.27183],[145.78559,-17.26972],[145.78527,-17.26903],[145.78264,-17.26332],[145.77945,-17.26291],[145.77891,-17.26103],[145.77971,-17.25871],[145.7795,-17.25713],[145.77934,-17.2559],[145.77929,-17.25548],[145.77584,-17.25278],[145.77485,-17.25191],[145.77404,-17.25056],[145.77314,-17.24876],[145.77268,-17.24658],[145.77406,-17.24115],[145.77415,-17.24078],[145.77399,-17.24037],[145.77269,-17.23717],[145.77078,-17.2362],[145.76382,-17.23881],[145.76135,-17.23863],[145.75634,-17.24845],[145.72061,-17.23177],[145.7131,-17.21336],[145.70409,-17.21246],[145.70448,-17.1746],[145.67013,-17.17176],[145.67173,-17.16926],[145.67301,-17.1691],[145.67272,-17.16609],[145.67327,-17.16457],[145.67492,-17.16411],[145.67515,-17.16155],[145.67314,-17.16091],[145.67053,-17.15827],[145.67087,-17.15643],[145.66963,-17.15438],[145.66504,-17.15487],[145.66385,-17.15371],[145.66119,-17.15438],[145.65881,-17.15148],[145.65917,-17.1467],[145.65661,-17.14543],[145.6555,-17.14027],[145.6542,-17.13905],[145.65587,-17.13532],[145.65467,-17.13431],[145.65539,-17.12644],[145.65263,-17.12445],[145.64974,-17.1237],[145.64658,-17.12404],[145.64216,-17.12244],[145.63941,-17.11859],[145.63961,-17.11402],[145.6377,-17.11327],[145.63653,-17.10906],[145.63934,-17.10585],[145.63717,-17.10321],[145.63162,-17.1016],[145.63049,-17.09886],[145.6239,-17.09677],[145.62454,-17.09094],[145.62237,-17.08962],[145.62378,-17.08797]]]},"properties":{"LGA Code":"6820","Abbreviated Name":"Tablelands","LGA Name":"Tablelands Regional","Area Sq Km":11380.91009,"LDMG Name":"Tablelands","Police Region Name":"Far Northern Region","Police Region Code":"FNR","Police Region Short Name":"Far North"}},{"type":"Feature","geometry":{"type":"MultiPolygon","coordinates":[[[[142.13418,-10.9986],[142.13441,-10.9986],[142.1339,-10.99711],[142.13157,-10.99026],[142.1257,-10.9819],[142.12861,-10.97763],[142.13061,-10.97164],[142.13069,-10.96767],[142.12946,-10.9644],[142.12955,-10.96248],[142.16714,-11.00374],[142.22965,-10.9477],[142.22401,-10.9448],[142.2217,-10.94481],[142.21885,-10.9461],[142.21506,-10.94226],[142.21544,-10.94032],[142.21802,-10.94055],[142.21728,-10.93892],[142.21771,-10.93809],[142.21585,-10.93831],[142.21758,-10.93527],[142.21986,-10.93676],[142.2198,-10.93344],[142.22201,-10.93365],[142.2222,-10.93246],[142.22083,-10.9301],[142.21898,-10.92892],[142.21662,-10.92256],[142.22553,-10.92231],[142.23352,-10.91972],[142.24935,-10.9095],[142.25308,-10.91192],[142.25674,-10.91107],[142.25834,-10.91258],[142.25883,-10.91491],[142.26051,-10.9155],[142.26494,-10.91538],[142.27105,-10.91222],[142.27215,-10.91417],[142.27744,-10.91541],[142.28109,-10.91781],[142.28565,-10.91769],[142.293,-10.91396],[142.29972,-10.90709],[142.30267,-10.90758],[142.30969,-10.90178],[142.31205,-10.90113],[142.31572,-10.90191],[142.32358,-10.90175],[142.32875,-10.89637],[142.33108,-10.89523],[142.33509,-10.89054],[142.33854,-10.8905],[142.34259,-10.88647],[142.34463,-10.88667],[142.34905,-10.88507],[142.35012,-10.88359],[142.35236,-10.88234],[142.35309,-10.88193],[142.35587,-10.87786],[142.35634,-10.87676],[142.35715,-10.87482],[142.35871,-10.87113],[142.35915,-10.86921],[142.36128,-10.85998],[142.36529,-10.85786],[142.36652,-10.84598],[142.36933,-10.84526],[142.37396,-10.84183],[142.37648,-10.84112],[142.38435,-10.83243],[142.3894,-10.82939],[142.39486,-10.81816],[142.39826,-10.80256],[142.40107,-10.80237],[142.40182,-10.80167],[142.40603,-10.79397],[142.40788,-10.79611],[142.41692,-10.7895],[142.41871,-10.78625],[142.41207,-10.77857],[142.41244,-10.77366],[142.41151,-10.77221],[142.4139,-10.76262],[142.41671,-10.75571],[142.41879,-10.75199],[142.42282,-10.74739],[142.42628,-10.73989],[142.42604,-10.73278],[142.42365,-10.72845],[142.42397,-10.72722],[142.45479,-10.73119],[142.46808,-10.73188],[142.50308,-10.72902],[142.50337,-10.73833],[142.51709,-10.73862],[142.51519,-10.7464],[142.51534,-10.75148],[142.51374,-10.75431],[142.50976,-10.75689],[142.50899,-10.76026],[142.50986,-10.76274],[142.50706,-10.76679],[142.50268,-10.76824],[142.50086,-10.7711],[142.49816,-10.77082],[142.49708,-10.77145],[142.49093,-10.778],[142.48825,-10.77956],[142.4821,-10.77827],[142.47913,-10.77968],[142.47646,-10.7798],[142.47385,-10.77847],[142.47015,-10.77943],[142.46788,-10.78104],[142.46517,-10.7852],[142.46151,-10.78897],[142.48137,-10.8062],[142.428,-10.91446],[142.42804,-10.9168],[142.429,-10.91749],[142.42805,-10.91731],[142.42865,-10.95419],[142.43534,-10.95968],[142.43428,-10.95929],[142.43265,-10.96132],[142.43366,-10.96211],[142.43463,-10.96123],[142.43635,-10.9613],[142.43769,-10.96269],[142.44022,-10.96345],[142.43622,-10.96425],[142.43745,-10.96515],[142.44087,-10.96547],[142.44076,-10.96648],[142.43854,-10.96723],[142.43977,-10.96742],[142.44086,-10.96939],[142.43919,-10.96934],[142.43831,-10.97058],[142.4412,-10.97147],[142.44359,-10.97108],[142.44436,-10.97014],[142.44509,-10.9714],[142.44207,-10.97227],[142.44693,-10.97363],[142.44672,-10.97492],[142.44752,-10.97556],[142.44926,-10.97529],[142.44954,-10.97463],[142.44803,-10.97245],[142.44798,-10.97112],[142.45135,-10.97277],[142.45112,-10.97417],[142.4525,-10.97326],[142.45528,-10.97365],[142.45156,-10.97652],[142.45331,-10.97792],[142.45361,-10.97918],[142.44466,-10.97908],[142.4433,-10.98079],[142.44319,-10.97749],[142.4399,-10.97454],[142.44135,-10.97751],[142.44071,-10.97979],[142.44,-10.98099],[142.43637,-10.98087],[142.43368,-10.97908],[142.4332,-10.97724],[142.43094,-10.97725],[142.42847,-10.97548],[142.43069,-10.9747],[142.4301,-10.9732],[142.43135,-10.97343],[142.43177,-10.97258],[142.43109,-10.97183],[142.43158,-10.97116],[142.4304,-10.97084],[142.43147,-10.97001],[142.43454,-10.96969],[142.43377,-10.96714],[142.43221,-10.96602],[142.43008,-10.96862],[142.43114,-10.96677],[142.42955,-10.96538],[142.42982,-10.96378],[142.4292,-10.96409],[142.42812,-10.96307],[142.42716,-10.96355],[142.42831,-10.96563],[142.42776,-10.9671],[142.42596,-10.96659],[142.42609,-10.96465],[142.42423,-10.9652],[142.42426,-10.9638],[142.42187,-10.96422],[142.42355,-10.96628],[142.42356,-10.96731],[142.42466,-10.96775],[142.42364,-10.96869],[142.42425,-10.97052],[142.42287,-10.96965],[142.42278,-10.97014],[142.423,-10.97479],[142.42417,-10.97691],[142.42375,-10.97876],[142.42538,-10.97879],[142.42639,-10.97732],[142.42724,-10.97725],[142.42827,-10.97982],[142.42994,-10.98092],[142.42944,-10.98207],[142.4285,-10.98211],[142.42689,-10.98035],[142.42616,-10.98059],[142.42615,-10.98071],[142.42602,-10.98192],[142.42802,-10.98247],[142.42764,-10.98499],[142.42565,-10.98488],[142.42554,-10.98277],[142.42367,-10.9839],[142.42225,-10.98857],[142.41854,-10.99478],[142.41295,-10.99482],[142.40799,-10.99714],[142.4072,-10.99714],[142.4069,-10.99604],[142.40603,-10.99715],[142.40569,-10.99629],[142.40039,-10.99732],[142.40166,-10.9986],[142.40182,-10.9986],[144.04488,-10.99861],[144.0417,-10.98847],[144.0419,-10.97944],[144.03831,-10.97257],[144.03849,-10.96432],[144.03695,-10.95054],[144.03714,-10.94218],[144.03953,-10.9398],[144.04042,-10.93596],[144.03752,-10.92525],[144.03405,-10.91837],[144.03648,-10.90457],[144.03421,-10.89539],[144.02734,-10.87694],[144.02203,-10.86443],[144.0202,-10.86252],[144.01925,-10.85631],[144.02163,-10.85325],[144.02502,-10.84251],[144.02531,-10.83189],[144.02037,-10.82513],[144.01862,-10.81673],[144.01928,-10.8113],[144.01789,-10.80521],[144.01386,-10.80127],[144.01182,-10.80037],[144.01003,-10.7937],[144.00668,-10.79021],[144.00628,-10.78762],[144.00694,-10.78637],[144.00371,-10.78209],[144.00383,-10.75156],[144.00184,-10.74593],[143.99702,-10.73669],[143.99527,-10.72901],[143.99224,-10.72399],[143.99272,-10.72191],[143.98996,-10.7148],[143.98892,-10.71368],[143.98663,-10.71368],[143.98616,-10.71064],[143.98741,-10.70815],[143.98614,-10.70566],[143.98555,-10.70059],[143.98361,-10.69992],[143.98302,-10.69099],[143.98103,-10.6836],[143.97459,-10.67211],[143.97012,-10.66886],[143.96897,-10.66275],[143.96547,-10.65656],[143.96637,-10.65419],[143.96534,-10.64899],[143.96085,-10.64326],[143.95981,-10.64077],[143.95934,-10.63637],[143.96024,-10.63219],[143.95897,-10.63219],[143.95649,-10.62777],[143.95189,-10.62425],[143.94946,-10.61963],[143.94864,-10.61353],[143.9445,-10.60948],[143.94142,-10.60836],[143.94112,-10.60404],[143.94394,-10.60207],[143.94411,-10.59913],[143.94352,-10.59693],[143.93781,-10.58957],[143.93874,-10.58593],[143.9364,-10.58133],[143.9357,-10.57512],[143.9364,-10.57252],[143.93496,-10.56697],[143.93599,-10.56431],[143.9312,-10.55978],[143.93374,-10.54379],[143.92637,-10.54478],[143.92568,-10.53859],[143.92586,-10.53075],[143.92939,-10.52953],[143.93254,-10.52521],[143.93283,-10.51834],[143.93047,-10.50934],[143.92742,-10.50822],[143.92728,-10.50638],[143.92422,-10.50458],[143.92328,-10.49932],[143.93121,-10.49417],[143.93218,-10.48946],[143.93104,-10.48634],[143.92727,-10.48569],[143.92711,-10.4823],[143.92793,-10.48161],[143.92589,-10.48069],[143.92829,-10.47289],[143.93809,-10.47155],[143.94054,-10.46908],[143.94051,-10.46645],[143.93506,-10.45923],[143.93303,-10.45825],[143.9329,-10.45274],[143.94045,-10.44961],[143.94457,-10.44983],[143.95012,-10.44833],[143.95375,-10.44388],[143.95264,-10.43855],[143.95294,-10.43334],[143.95004,-10.42856],[143.95191,-10.42715],[143.95275,-10.42458],[143.95123,-10.41717],[143.9503,-10.41669],[143.95164,-10.41545],[143.95071,-10.41354],[143.94816,-10.41276],[143.94769,-10.40751],[143.95077,-10.40665],[143.94903,-10.39492],[143.95331,-10.38749],[143.9525,-10.38479],[143.9493,-10.383],[143.94918,-10.3672],[143.94992,-10.36491],[143.94878,-10.36354],[143.95379,-10.35872],[143.95551,-10.36031],[143.95761,-10.35824],[143.95809,-10.35596],[143.95629,-10.35196],[143.95403,-10.35144],[143.95147,-10.34687],[143.95388,-10.34452],[143.95439,-10.3368],[143.95289,-10.33516],[143.95022,-10.32591],[143.95558,-10.3201],[143.9561,-10.31779],[143.9564,-10.31555],[143.95505,-10.31337],[143.95795,-10.29069],[143.96074,-10.28557],[143.9606,-10.28397],[143.9574,-10.2821],[143.95863,-10.27894],[143.96066,-10.27654],[143.96368,-10.27777],[143.96619,-10.27598],[143.96581,-10.27291],[143.97202,-10.26335],[143.97281,-10.25951],[143.97117,-10.25638],[143.97194,-10.25465],[143.97384,-10.25312],[143.97322,-10.25218],[143.97091,-10.25233],[143.96887,-10.24794],[143.97072,-10.2469],[143.97025,-10.24108],[143.96868,-10.23894],[143.9747,-10.23132],[143.97412,-10.22458],[143.98173,-10.21062],[143.97883,-10.20606],[144.00001,-10.196],[144.00087,-10.19487],[144.00155,-10.19367],[144.0013,-10.19259],[144.00043,-10.19237],[144.00099,-10.19013],[143.9997,-10.18748],[144.00175,-10.18678],[144.00189,-10.18527],[144.00626,-10.179],[144.00835,-10.17822],[144.00891,-10.17597],[144.00795,-10.17462],[144.01162,-10.17084],[144.01313,-10.16816],[144.01282,-10.1655],[144.01504,-10.16264],[144.01836,-10.15432],[144.02025,-10.15179],[144.01993,-10.14956],[144.02155,-10.14328],[144.02377,-10.14184],[144.02357,-10.14008],[144.02183,-10.13813],[144.02586,-10.1366],[144.02578,-10.13408],[144.02333,-10.13297],[144.02278,-10.12897],[144.02522,-10.12794],[144.02524,-10.1262],[144.0269,-10.1226],[144.02536,-10.12026],[144.02442,-10.11684],[144.06586,-10.068],[144.06755,-10.06703],[144.0835,-10.03411],[144.08608,-10.03268],[144.08629,-10.02918],[144.1407,-9.97727],[144.14246,-9.97465],[144.14424,-9.97393],[144.14464,-9.97232],[144.15376,-9.9715],[144.15674,-9.97058],[144.15866,-9.96833],[144.17062,-9.90828],[144.17168,-9.90675],[144.17108,-9.90529],[144.17506,-9.90214],[144.17523,-9.90008],[144.17371,-9.89944],[144.17336,-9.89578],[144.18473,-9.87953],[144.18807,-9.87904],[144.18865,-9.87727],[144.1979,-9.8751],[144.20253,-9.8752],[144.20436,-9.87372],[144.20477,-9.86917],[144.21904,-9.86524],[144.22077,-9.86367],[144.22255,-9.85971],[144.2243,-9.85856],[144.22905,-9.8574],[144.23313,-9.85473],[144.24546,-9.85501],[144.25073,-9.85121],[144.25414,-9.84808],[144.25478,-9.84661],[144.25112,-9.4986],[143.80111,-9.36515],[143.5011,-9.3985],[143.33445,-9.54849],[143.33056,-9.54849],[143.33552,-9.54333],[143.3407,-9.53557],[143.34435,-9.52699],[143.34608,-9.51974],[143.34693,-9.5123],[143.34673,-9.50481],[143.34541,-9.49742],[143.343,-9.49032],[143.33954,-9.48365],[143.33513,-9.47756],[143.32985,-9.4722],[143.32383,-9.46767],[143.31191,-9.46207],[143.30457,-9.4603],[143.29705,-9.45965],[143.2793,-9.46172],[143.2628,-9.46808],[143.25505,-9.47292],[143.24932,-9.47787],[143.2444,-9.48361],[143.24039,-9.49001],[143.2374,-9.49694],[143.23549,-9.50424],[143.2347,-9.51174],[143.23519,-9.52121],[143.23686,-9.52863],[143.23963,-9.53572],[143.24345,-9.54231],[143.24862,-9.54849],[143.08445,-9.54849],[143.00112,-9.66516],[142.38446,-9.69849],[142.00113,-9.76516],[141.65356,-9.97466],[141.50112,-10.07353],[141.00257,-10.37496],[141.00112,-10.9986],[141.66682,-10.99919],[142.1,-10.99864],[142.13418,-10.9986]],[[142.34913,-10.83732],[142.34928,-10.83676],[142.34973,-10.83669],[142.34984,-10.83716],[142.34913,-10.83732]],[[142.31662,-10.84235],[142.3162,-10.84061],[142.31816,-10.8396],[142.31918,-10.83572],[142.31935,-10.83911],[142.31662,-10.84235]],[[142.52142,-10.84365],[142.52059,-10.84289],[142.5212,-10.84215],[142.52736,-10.84103],[142.53024,-10.83944],[142.52883,-10.8374],[142.52687,-10.83782],[142.52466,-10.83533],[142.52659,-10.8363],[142.52954,-10.83645],[142.53084,-10.83786],[142.53132,-10.8357],[142.53336,-10.83627],[142.53639,-10.83492],[142.53637,-10.83249],[142.53309,-10.8306],[142.53239,-10.82944],[142.53299,-10.82679],[142.5325,-10.82584],[142.56263,-10.76153],[142.52893,-10.73888],[142.52964,-10.73561],[142.53304,-10.73364],[142.53498,-10.73123],[142.53856,-10.73141],[142.54143,-10.72666],[142.5447,-10.72669],[142.5521,-10.72106],[142.5546,-10.72126],[142.55498,-10.71934],[142.55795,-10.72026],[142.55644,-10.72373],[142.55774,-10.72685],[142.55944,-10.72811],[142.56211,-10.72828],[142.56483,-10.72553],[142.56642,-10.72249],[142.57053,-10.72457],[142.57012,-10.73031],[142.56935,-10.73131],[142.57656,-10.73118],[142.58148,-10.72535],[142.58293,-10.72563],[142.58357,-10.72818],[142.58267,-10.73064],[142.58351,-10.73492],[142.58735,-10.73363],[142.59156,-10.73415],[142.59322,-10.73577],[142.59267,-10.74016],[142.59368,-10.74264],[142.59572,-10.74322],[142.59788,-10.74231],[142.60007,-10.74312],[142.60277,-10.74654],[142.60496,-10.74665],[142.60712,-10.74897],[142.60994,-10.74997],[142.60625,-10.75223],[142.60349,-10.75221],[142.60175,-10.75495],[142.6005,-10.75553],[142.59992,-10.75731],[142.59791,-10.75889],[142.59731,-10.76302],[142.60035,-10.76507],[142.59715,-10.76785],[142.59498,-10.76804],[142.59485,-10.76908],[142.59351,-10.76966],[142.59205,-10.76927],[142.5905,-10.77102],[142.59058,-10.77259],[142.58936,-10.77285],[142.58787,-10.7748],[142.58633,-10.77865],[142.58887,-10.78049],[142.58892,-10.78135],[142.58539,-10.78414],[142.58291,-10.78442],[142.57964,-10.78967],[142.57924,-10.79612],[142.57795,-10.79588],[142.57798,-10.7952],[142.5766,-10.79558],[142.57604,-10.79466],[142.57347,-10.79457],[142.57242,-10.79364],[142.5709,-10.79523],[142.56888,-10.79404],[142.5676,-10.79442],[142.56715,-10.79556],[142.56788,-10.79569],[142.56374,-10.80505],[142.56327,-10.81093],[142.56223,-10.81194],[142.56241,-10.81447],[142.56088,-10.81723],[142.55932,-10.82317],[142.55816,-10.82334],[142.55736,-10.82198],[142.55648,-10.82256],[142.55036,-10.83302],[142.54704,-10.83481],[142.54176,-10.84183],[142.53263,-10.84362],[142.52821,-10.84152],[142.52142,-10.84365]],[[142.34923,-10.84427],[142.34841,-10.84395],[142.34895,-10.84316],[142.3497,-10.84351],[142.34923,-10.84427]],[[142.35391,-10.84704],[142.35353,-10.84458],[142.35508,-10.84229],[142.35702,-10.84224],[142.35904,-10.84361],[142.36341,-10.84199],[142.36474,-10.84244],[142.36433,-10.84455],[142.36212,-10.84469],[142.35996,-10.84617],[142.35739,-10.84483],[142.35391,-10.84704]],[[142.10764,-10.99737],[142.10454,-10.99581],[142.1016,-10.9916],[142.10027,-10.98591],[142.10027,-10.97972],[142.10165,-10.9732],[142.10796,-10.96805],[142.11061,-10.96751],[142.11346,-10.96915],[142.11585,-10.97189],[142.11476,-10.97233],[142.11171,-10.9692],[142.10947,-10.96992],[142.10904,-10.9707],[142.1123,-10.97113],[142.11346,-10.97232],[142.11008,-10.9722],[142.1073,-10.97581],[142.10678,-10.97861],[142.10546,-10.97869],[142.10383,-10.97739],[142.10189,-10.97761],[142.10188,-10.97909],[142.10042,-10.98155],[142.10069,-10.98647],[142.10277,-10.9888],[142.1084,-10.99012],[142.11303,-10.98912],[142.11412,-10.99057],[142.11638,-10.99143],[142.11671,-10.99293],[142.11572,-10.99554],[142.10764,-10.99737]],[[143.54343,-9.51075],[143.54279,-9.50901],[143.54161,-9.50849],[143.54404,-9.50473],[143.54565,-9.50464],[143.54873,-9.50629],[143.54898,-9.50869],[143.54727,-9.50872],[143.54343,-9.51075]],[[143.7643,-9.59935],[143.76125,-9.59881],[143.76127,-9.5975],[143.75993,-9.59707],[143.75792,-9.59293],[143.75526,-9.58994],[143.75595,-9.58912],[143.75653,-9.58381],[143.75937,-9.58007],[143.76692,-9.58137],[143.76782,-9.58074],[143.76745,-9.58035],[143.76846,-9.58079],[143.77248,-9.58003],[143.77349,-9.57792],[143.77582,-9.57596],[143.77703,-9.57223],[143.77672,-9.57088],[143.77757,-9.57039],[143.77801,-9.57124],[143.78041,-9.57125],[143.77964,-9.57245],[143.78003,-9.57366],[143.78139,-9.57419],[143.7819,-9.57626],[143.78367,-9.57614],[143.78482,-9.57817],[143.7826,-9.58624],[143.78307,-9.58712],[143.78192,-9.58808],[143.78062,-9.58743],[143.78002,-9.58881],[143.77861,-9.58949],[143.77922,-9.5908],[143.77776,-9.59272],[143.77842,-9.59353],[143.77605,-9.59641],[143.77612,-9.5975],[143.77034,-9.59801],[143.76936,-9.59727],[143.7643,-9.59935]],[[143.4016,-9.75717],[143.39882,-9.75633],[143.39809,-9.75396],[143.3986,-9.75242],[143.40193,-9.74911],[143.40249,-9.7495],[143.40608,-9.7483],[143.42323,-9.74991],[143.40775,-9.7559],[143.4016,-9.75717]],[[142.77653,-9.90758],[142.77231,-9.90552],[142.76856,-9.90494],[142.76751,-9.90234],[142.76789,-9.90084],[142.7663,-9.89933],[142.76647,-9.89758],[142.76527,-9.89648],[142.76518,-9.89454],[142.76858,-9.8961],[142.76971,-9.89832],[142.77344,-9.89552],[142.77722,-9.89608],[142.77888,-9.89735],[142.7792,-9.89637],[142.78069,-9.89561],[142.78255,-9.89694],[142.78337,-9.89882],[142.78179,-9.90051],[142.78207,-9.9015],[142.78084,-9.9008],[142.78093,-9.90178],[142.78227,-9.90213],[142.78354,-9.905],[142.78139,-9.90485],[142.78165,-9.90608],[142.77653,-9.90758]],[[144.04455,-9.92698],[144.04388,-9.92615],[144.04228,-9.92621],[144.04169,-9.92527],[144.0392,-9.91807],[144.03942,-9.91624],[144.04122,-9.91339],[144.05343,-9.90722],[144.05693,-9.90695],[144.06164,-9.90883],[144.0637,-9.91166],[144.06405,-9.9134],[144.06172,-9.91845],[144.05931,-9.92156],[144.05242,-9.92482],[144.04455,-9.92698]],[[144.02944,-9.94797],[144.0279,-9.94578],[144.02459,-9.94625],[144.02375,-9.9456],[144.0229,-9.9441],[144.02291,-9.94188],[144.02119,-9.93961],[144.02373,-9.94109],[144.02703,-9.94095],[144.0289,-9.9423],[144.03143,-9.94604],[144.0311,-9.94737],[144.02944,-9.94797]],[[144.03876,-9.952],[144.03578,-9.95084],[144.03553,-9.94844],[144.03672,-9.94617],[144.03868,-9.94535],[144.04126,-9.94729],[144.03849,-9.94678],[144.03749,-9.94768],[144.03719,-9.95045],[144.03897,-9.95136],[144.03876,-9.952]],[[142.17744,-9.97264],[142.1752,-9.97066],[142.17535,-9.96829],[142.17296,-9.95965],[142.16527,-9.95309],[142.16469,-9.9509],[142.16596,-9.94967],[142.17443,-9.94685],[142.17643,-9.94386],[142.18183,-9.94362],[142.18266,-9.94442],[142.18511,-9.94271],[142.18679,-9.94268],[142.18859,-9.9432],[142.18781,-9.94499],[142.18978,-9.94652],[142.19157,-9.94529],[142.19413,-9.94794],[142.1941,-9.94736],[142.19554,-9.9476],[142.1968,-9.94498],[142.19749,-9.94611],[142.19943,-9.94593],[142.20082,-9.94916],[142.19995,-9.95082],[142.20095,-9.95069],[142.20076,-9.95288],[142.19899,-9.95361],[142.19819,-9.9523],[142.197,-9.952],[142.19126,-9.95498],[142.18506,-9.96293],[142.18336,-9.96849],[142.18374,-9.97102],[142.18115,-9.971],[142.1805,-9.97259],[142.17744,-9.97264]],[[143.06364,-10.0514],[143.06087,-10.05009],[143.07181,-10.04888],[143.07808,-10.05066],[143.076,-10.05133],[143.06364,-10.0514]],[[142.81838,-10.14746],[142.81599,-10.14644],[142.81906,-10.14474],[142.82119,-10.14472],[142.8248,-10.14605],[142.82334,-10.14687],[142.81838,-10.14746]],[[142.11059,-10.08494],[142.11269,-10.08255],[142.11427,-10.07917],[142.11396,-10.07398],[142.11525,-10.0723],[142.11366,-10.06998],[142.11398,-10.06925],[142.11984,-10.07231],[142.1257,-10.07311],[142.12895,-10.07476],[142.12869,-10.07359],[142.13147,-10.07251],[142.13283,-10.07238],[142.13336,-10.07333],[142.13581,-10.07205],[142.1374,-10.07249],[142.13696,-10.07188],[142.14062,-10.07133],[142.14226,-10.06998],[142.14345,-10.07168],[142.14503,-10.07182],[142.14583,-10.07278],[142.14562,-10.07369],[142.14342,-10.07481],[142.14278,-10.07692],[142.14539,-10.07867],[142.14617,-10.07805],[142.14565,-10.07702],[142.14793,-10.07712],[142.14575,-10.07663],[142.14534,-10.07731],[142.14563,-10.07842],[142.14315,-10.07702],[142.14363,-10.07503],[142.14602,-10.07369],[142.14634,-10.0729],[142.14554,-10.07141],[142.14312,-10.07086],[142.14505,-10.06852],[142.14438,-10.06715],[142.14578,-10.0677],[142.14579,-10.06842],[142.14623,-10.06824],[142.14615,-10.06753],[142.15013,-10.06682],[142.15096,-10.06809],[142.15026,-10.06863],[142.15107,-10.06866],[142.15111,-10.06669],[142.15486,-10.06555],[142.15522,-10.06666],[142.15559,-10.06635],[142.15557,-10.06611],[142.15597,-10.06548],[142.15718,-10.06582],[142.15745,-10.0668],[142.15739,-10.06567],[142.15994,-10.06436],[142.16232,-10.06449],[142.16232,-10.06411],[142.16156,-10.06411],[142.16206,-10.06376],[142.16473,-10.06607],[142.16346,-10.06345],[142.16403,-10.06158],[142.16522,-10.06119],[142.17007,-10.06182],[142.17095,-10.06257],[142.16866,-10.06517],[142.16891,-10.06812],[142.16962,-10.06435],[142.17107,-10.06397],[142.17385,-10.0615],[142.17696,-10.05963],[142.18093,-10.06103],[142.18225,-10.0598],[142.18321,-10.06097],[142.1846,-10.06607],[142.18458,-10.0686],[142.18294,-10.06804],[142.18235,-10.0705],[142.18492,-10.072],[142.184,-10.0766],[142.18484,-10.08205],[142.1873,-10.08804],[142.18813,-10.08858],[142.18974,-10.08801],[142.19021,-10.08981],[142.18914,-10.0906],[142.18928,-10.09264],[142.19311,-10.10648],[142.19195,-10.10819],[142.19262,-10.10925],[142.19171,-10.11102],[142.19221,-10.1116],[142.19165,-10.11138],[142.19202,-10.11471],[142.18921,-10.12284],[142.1893,-10.12671],[142.18841,-10.12796],[142.18887,-10.12977],[142.18788,-10.13164],[142.18836,-10.13412],[142.18754,-10.13423],[142.18931,-10.13585],[142.18904,-10.13776],[142.188,-10.13808],[142.18849,-10.14104],[142.18752,-10.14157],[142.18855,-10.14826],[142.18708,-10.15171],[142.1823,-10.15162],[142.18031,-10.1507],[142.18015,-10.14925],[142.17988,-10.15067],[142.17655,-10.15299],[142.1702,-10.15984],[142.16683,-10.16607],[142.16795,-10.16919],[142.16707,-10.17104],[142.16742,-10.17235],[142.16372,-10.18148],[142.16169,-10.17994],[142.16031,-10.17432],[142.15464,-10.17254],[142.15012,-10.17362],[142.14181,-10.17799],[142.13953,-10.17591],[142.1364,-10.17587],[142.13526,-10.17963],[142.13398,-10.17947],[142.13394,-10.17614],[142.13303,-10.17436],[142.13355,-10.17232],[142.13205,-10.1703],[142.13101,-10.17019],[142.13145,-10.16858],[142.13252,-10.16799],[142.1319,-10.16491],[142.12865,-10.15704],[142.12628,-10.15326],[142.11981,-10.14653],[142.11684,-10.1455],[142.11342,-10.14551],[142.11585,-10.14485],[142.11381,-10.1448],[142.11291,-10.14555],[142.11279,-10.14766],[142.11164,-10.14901],[142.1091,-10.14947],[142.1083,-10.14759],[142.10475,-10.14473],[142.10489,-10.1438],[142.10368,-10.14221],[142.09993,-10.14044],[142.0972,-10.14099],[142.09427,-10.13852],[142.09385,-10.13646],[142.09112,-10.13244],[142.08802,-10.13052],[142.09098,-10.12779],[142.09292,-10.12395],[142.09155,-10.1224],[142.09161,-10.12042],[142.09017,-10.11903],[142.08956,-10.11574],[142.0889,-10.11497],[142.08684,-10.11549],[142.08608,-10.11385],[142.08653,-10.11305],[142.0878,-10.11373],[142.0886,-10.11326],[142.08866,-10.11069],[142.09271,-10.10649],[142.09414,-10.10324],[142.09372,-10.10152],[142.09461,-10.10122],[142.09538,-10.09786],[142.09803,-10.09959],[142.10017,-10.09772],[142.10146,-10.09785],[142.10067,-10.09714],[142.10605,-10.08929],[142.10756,-10.08451],[142.10931,-10.0839],[142.11096,-10.08547],[142.11091,-10.08517],[142.11059,-10.08494]],[[142.82141,-10.21121],[142.81814,-10.20952],[142.82004,-10.20551],[142.82196,-10.20452],[142.82713,-10.20398],[142.82978,-10.20518],[142.82974,-10.20709],[142.82698,-10.20967],[142.82141,-10.21121]],[[142.82808,-10.25557],[142.82745,-10.25453],[142.82979,-10.25361],[142.83426,-10.25417],[142.82808,-10.25557]],[[142.25407,-10.12893],[142.25281,-10.12714],[142.25723,-10.12783],[142.25575,-10.13092],[142.25703,-10.13146],[142.25642,-10.13262],[142.25732,-10.13357],[142.2566,-10.1325],[142.25725,-10.13106],[142.25595,-10.13097],[142.25757,-10.12784],[142.25715,-10.12744],[142.25444,-10.12701],[142.25467,-10.12596],[142.25607,-10.12521],[142.25613,-10.12377],[142.25862,-10.12288],[142.26113,-10.12505],[142.25893,-10.12271],[142.26078,-10.12314],[142.2634,-10.12197],[142.26583,-10.11986],[142.26642,-10.11646],[142.26722,-10.11617],[142.27217,-10.1178],[142.28059,-10.12544],[142.2834,-10.12666],[142.28462,-10.12643],[142.28615,-10.1276],[142.2864,-10.12908],[142.28661,-10.12757],[142.29279,-10.12911],[142.29674,-10.12894],[142.3001,-10.12449],[142.30194,-10.12872],[142.30642,-10.13408],[142.31335,-10.13954],[142.31562,-10.13999],[142.31741,-10.13711],[142.31971,-10.13619],[142.32195,-10.13631],[142.32362,-10.13499],[142.32607,-10.13656],[142.32833,-10.14198],[142.32908,-10.14189],[142.33051,-10.14425],[142.3319,-10.1446],[142.33141,-10.14677],[142.32966,-10.14845],[142.33176,-10.15332],[142.33112,-10.15621],[142.33202,-10.15846],[142.33089,-10.15907],[142.33234,-10.16202],[142.33746,-10.16548],[142.33738,-10.16692],[142.34145,-10.16727],[142.34407,-10.16901],[142.34423,-10.1725],[142.3449,-10.17338],[142.34227,-10.17734],[142.34067,-10.18375],[142.34102,-10.18455],[142.3383,-10.18367],[142.33871,-10.18301],[142.33574,-10.18652],[142.33314,-10.19467],[142.33385,-10.19568],[142.33284,-10.19596],[142.33211,-10.19862],[142.32984,-10.1988],[142.3224,-10.20689],[142.3161,-10.21121],[142.31436,-10.21354],[142.31539,-10.21536],[142.31468,-10.21605],[142.3147,-10.22029],[142.31187,-10.22086],[142.31077,-10.22216],[142.30826,-10.22194],[142.30713,-10.22331],[142.30595,-10.22309],[142.30482,-10.22742],[142.30244,-10.23123],[142.30163,-10.23625],[142.30052,-10.23655],[142.29787,-10.24091],[142.29413,-10.24257],[142.29378,-10.24396],[142.29099,-10.24634],[142.28742,-10.24828],[142.28459,-10.25473],[142.28446,-10.25768],[142.28141,-10.25958],[142.28023,-10.25938],[142.2776,-10.26068],[142.27369,-10.25815],[142.26615,-10.24791],[142.26581,-10.24649],[142.26211,-10.24335],[142.26039,-10.2432],[142.25936,-10.24154],[142.25503,-10.24156],[142.2518,-10.23876],[142.24594,-10.236],[142.24517,-10.23446],[142.24524,-10.23572],[142.23148,-10.23316],[142.22728,-10.23009],[142.22483,-10.23102],[142.22144,-10.23373],[142.22027,-10.23805],[142.21928,-10.23925],[142.21805,-10.23905],[142.21737,-10.23795],[142.216,-10.23792],[142.21577,-10.23575],[142.21479,-10.23592],[142.21546,-10.23262],[142.21438,-10.23099],[142.2137,-10.2272],[142.20969,-10.22538],[142.20973,-10.22379],[142.20712,-10.22147],[142.206,-10.22151],[142.20326,-10.21758],[142.19841,-10.21451],[142.19481,-10.20908],[142.19383,-10.20559],[142.18868,-10.19982],[142.18598,-10.19362],[142.18558,-10.19175],[142.18665,-10.1901],[142.18636,-10.18946],[142.19203,-10.18692],[142.19373,-10.18722],[142.19307,-10.18648],[142.19624,-10.18369],[142.19962,-10.17541],[142.20118,-10.17395],[142.20227,-10.17394],[142.20203,-10.17289],[142.20579,-10.16659],[142.20799,-10.16716],[142.2086,-10.16823],[142.20786,-10.17029],[142.20957,-10.17136],[142.21202,-10.17121],[142.21259,-10.16842],[142.21693,-10.1686],[142.21905,-10.1699],[142.21722,-10.16847],[142.21257,-10.16819],[142.21051,-10.17116],[142.20895,-10.17021],[142.20878,-10.16909],[142.21135,-10.16391],[142.20885,-10.1668],[142.20613,-10.16492],[142.20582,-10.1627],[142.20837,-10.15845],[142.20971,-10.1579],[142.20938,-10.15737],[142.20945,-10.15798],[142.20817,-10.1582],[142.20805,-10.15725],[142.20918,-10.15636],[142.21122,-10.14167],[142.21216,-10.13931],[142.21417,-10.13768],[142.21503,-10.13547],[142.21716,-10.13305],[142.21762,-10.13331],[142.21824,-10.13151],[142.22169,-10.12785],[142.22308,-10.12819],[142.22373,-10.12673],[142.22879,-10.12337],[142.23095,-10.12329],[142.2317,-10.12406],[142.23192,-10.1234],[142.23502,-10.12236],[142.24155,-10.12182],[142.24467,-10.12198],[142.2439,-10.12379],[142.24557,-10.12193],[142.25291,-10.12316],[142.25458,-10.12478],[142.2539,-10.12669],[142.25278,-10.12693],[142.2525,-10.12735],[142.2539,-10.12895],[142.25313,-10.12982],[142.25305,-10.13048],[142.25381,-10.13089],[142.25311,-10.1301],[142.25381,-10.12951],[142.25407,-10.12893]],[[142.19706,-10.57515],[142.19509,-10.57472],[142.19485,-10.57197],[142.1917,-10.57131],[142.18993,-10.56881],[142.18691,-10.56983],[142.18552,-10.56927],[142.18478,-10.56806],[142.18557,-10.56644],[142.1848,-10.56478],[142.18165,-10.56399],[142.18212,-10.56183],[142.18014,-10.56155],[142.18176,-10.55908],[142.18259,-10.55575],[142.18544,-10.55572],[142.18369,-10.55415],[142.18374,-10.55225],[142.1858,-10.55037],[142.18819,-10.55123],[142.18914,-10.54709],[142.19069,-10.54639],[142.19264,-10.54305],[142.19915,-10.54691],[142.20121,-10.54709],[142.20269,-10.54594],[142.20472,-10.5434],[142.20415,-10.54084],[142.20546,-10.54003],[142.20596,-10.53831],[142.20509,-10.53496],[142.2072,-10.53118],[142.20907,-10.53036],[142.20814,-10.52789],[142.20931,-10.52614],[142.21171,-10.52501],[142.21194,-10.52364],[142.21409,-10.52279],[142.21329,-10.52185],[142.21378,-10.52094],[142.21465,-10.5207],[142.21634,-10.52207],[142.21973,-10.52118],[142.2211,-10.52254],[142.2238,-10.52307],[142.22677,-10.52685],[142.22705,-10.52858],[142.23142,-10.53606],[142.23072,-10.53729],[142.22707,-10.53705],[142.22581,-10.53882],[142.22431,-10.53902],[142.2236,-10.5404],[142.22171,-10.5492],[142.22002,-10.55184],[142.2205,-10.56071],[142.21879,-10.5635],[142.21577,-10.56433],[142.21468,-10.56624],[142.21214,-10.56655],[142.21029,-10.56589],[142.20838,-10.56695],[142.20789,-10.56901],[142.20532,-10.5705],[142.20218,-10.5707],[142.19963,-10.56974],[142.1983,-10.57377],[142.19706,-10.57515]]],[[[143.83445,-9.22316],[143.8477,-9.22133],[143.85834,-9.21705],[143.86773,-9.21049],[143.87648,-9.20043],[143.88578,-9.20093],[143.89321,-9.20018],[143.90045,-9.19836],[143.90734,-9.19549],[143.92144,-9.18621],[143.92674,-9.18082],[143.93118,-9.1747],[143.93701,-9.1629],[143.93951,-9.15383],[143.94026,-9.14264],[143.93883,-9.13187],[143.93511,-9.12166],[143.92838,-9.11079],[143.92221,-9.10394],[143.91358,-9.09715],[143.90206,-9.09165],[143.88512,-9.08813],[143.87142,-9.08885],[143.85777,-9.09245],[143.84773,-9.09785],[143.83781,-9.10581],[143.83109,-9.11427],[143.82654,-9.12327],[143.81547,-9.12626],[143.80695,-9.1306],[143.79804,-9.13779],[143.791,-9.14679],[143.78561,-9.15896],[143.78362,-9.17211],[143.78517,-9.18532],[143.79016,-9.19765],[143.79823,-9.20826],[143.80881,-9.21639],[143.82118,-9.22148],[143.83445,-9.22316]]],[[[142.27601,-9.34761],[142.29046,-9.34594],[142.30277,-9.34124],[142.31049,-9.33622],[142.32518,-9.32457],[142.33173,-9.31805],[142.33784,-9.30883],[142.34178,-9.2985],[142.34577,-9.26622],[142.27502,-9.22988],[142.23669,-9.19127],[142.21613,-9.18793],[142.17279,-9.19794],[142.14363,-9.196],[142.10807,-9.21239],[142.05946,-9.26044],[142.06111,-9.2671],[142.065,-9.27563],[142.06678,-9.28457],[142.06935,-9.29141],[142.07402,-9.29961],[142.08019,-9.30687],[142.08605,-9.31177],[142.09258,-9.31573],[142.09964,-9.31866],[142.10707,-9.32051],[142.13183,-9.33187],[142.14174,-9.33488],[142.15113,-9.33617],[142.15949,-9.3393],[142.16694,-9.34082],[142.18023,-9.34076],[142.18798,-9.34226],[142.19865,-9.34289],[142.21791,-9.34093],[142.23749,-9.344],[142.25447,-9.34415],[142.2625,-9.34609],[142.27601,-9.34761]],[[142.24873,-9.28989],[142.23815,-9.28827],[142.2364,-9.28491],[142.23681,-9.28292],[142.23366,-9.27851],[142.23277,-9.27805],[142.23181,-9.27812],[142.23318,-9.27853],[142.23629,-9.28337],[142.23572,-9.28539],[142.23312,-9.28771],[142.23139,-9.28703],[142.23184,-9.28624],[142.23071,-9.28556],[142.23057,-9.28615],[142.22759,-9.2863],[142.22641,-9.28406],[142.2264,-9.28564],[142.2246,-9.28647],[142.21985,-9.28481],[142.21277,-9.2857],[142.20728,-9.28359],[142.20594,-9.28508],[142.20505,-9.28506],[142.20116,-9.28416],[142.20013,-9.28317],[142.19995,-9.28461],[142.19457,-9.28628],[142.19378,-9.28551],[142.19057,-9.28546],[142.18522,-9.28305],[142.18397,-9.28379],[142.1816,-9.28376],[142.18078,-9.28299],[142.1801,-9.28344],[142.17773,-9.28231],[142.17566,-9.28242],[142.17404,-9.28135],[142.17181,-9.28186],[142.16965,-9.27951],[142.16915,-9.28041],[142.1674,-9.28061],[142.16603,-9.27952],[142.16482,-9.28008],[142.15998,-9.27949],[142.15713,-9.27744],[142.15363,-9.27671],[142.15326,-9.27739],[142.15108,-9.27716],[142.14154,-9.27456],[142.13506,-9.26902],[142.13323,-9.26483],[142.13403,-9.2616],[142.14397,-9.25734],[142.14447,-9.25633],[142.14829,-9.25656],[142.15062,-9.25537],[142.15371,-9.25528],[142.16146,-9.25215],[142.16253,-9.25243],[142.1644,-9.25126],[142.16818,-9.25117],[142.1705,-9.24932],[142.17319,-9.24899],[142.17675,-9.24696],[142.17793,-9.24554],[142.18331,-9.24358],[142.18317,-9.24281],[142.18675,-9.24166],[142.18672,-9.24436],[142.18321,-9.24899],[142.18368,-9.25191],[142.18357,-9.24944],[142.18693,-9.2454],[142.18848,-9.24142],[142.19167,-9.23937],[142.19476,-9.24096],[142.19418,-9.23967],[142.19151,-9.23814],[142.19238,-9.23722],[142.19479,-9.23743],[142.19495,-9.23688],[142.20049,-9.23622],[142.20265,-9.23706],[142.20347,-9.23597],[142.20823,-9.23417],[142.21074,-9.23131],[142.21677,-9.23119],[142.2223,-9.22932],[142.22377,-9.23261],[142.22489,-9.23329],[142.22378,-9.23482],[142.22597,-9.23425],[142.2281,-9.23786],[142.22939,-9.24379],[142.23334,-9.24893],[142.23941,-9.25383],[142.23861,-9.25487],[142.2425,-9.25841],[142.25011,-9.25648],[142.25163,-9.25802],[142.25429,-9.25764],[142.25685,-9.25481],[142.25685,-9.25355],[142.25835,-9.25274],[142.25942,-9.2538],[142.25938,-9.25276],[142.26459,-9.25116],[142.26962,-9.25158],[142.27566,-9.2532],[142.28619,-9.25761],[142.28758,-9.25913],[142.28942,-9.25861],[142.29253,-9.26223],[142.28954,-9.2708],[142.28781,-9.27254],[142.2868,-9.27501],[142.28436,-9.27668],[142.28413,-9.27758],[142.28263,-9.27733],[142.28431,-9.27928],[142.28417,-9.2807],[142.27921,-9.2849],[142.27677,-9.28535],[142.27522,-9.28698],[142.27226,-9.28804],[142.26461,-9.28755],[142.26413,-9.28603],[142.26267,-9.28723],[142.26358,-9.28777],[142.25716,-9.28602],[142.25429,-9.28843],[142.25215,-9.28895],[142.25074,-9.28899],[142.25033,-9.28754],[142.24873,-9.28989]]],[[[144.23928,-9.46457],[144.24847,-9.46415],[144.2576,-9.46211],[144.26454,-9.45929],[144.27255,-9.45444],[144.27975,-9.44839],[144.28577,-9.44122],[144.29071,-9.43339],[144.29358,-9.42655],[144.29568,-9.41755],[144.29607,-9.40674],[144.2952,-9.39995],[144.29177,-9.38568],[144.28952,-9.37901],[144.28547,-9.37108],[144.28131,-9.36487],[144.27628,-9.35935],[144.25668,-9.34237],[144.24554,-9.33668],[144.23603,-9.33356],[144.22557,-9.33218],[144.20889,-9.33272],[144.19966,-9.33499],[144.18939,-9.33992],[144.18155,-9.32888],[144.17242,-9.32082],[144.16296,-9.31531],[144.14937,-9.30932],[144.141,-9.3067],[144.13227,-9.30537],[144.12504,-9.30522],[144.1118,-9.30711],[144.09953,-9.31238],[144.08908,-9.32066],[144.08213,-9.32972],[144.07733,-9.33999],[144.07447,-9.35057],[144.07389,-9.35968],[144.07541,-9.37053],[144.07916,-9.38083],[144.08377,-9.38871],[144.09164,-9.3978],[144.10016,-9.40434],[144.11298,-9.41076],[144.11972,-9.41319],[144.13225,-9.41619],[144.13981,-9.41725],[144.14745,-9.41716],[144.15663,-9.41573],[144.1636,-9.41356],[144.17217,-9.43133],[144.17595,-9.43755],[144.18319,-9.44575],[144.19037,-9.45148],[144.1968,-9.45507],[144.20545,-9.45819],[144.21997,-9.46087],[144.22896,-9.46342],[144.23928,-9.46457]]],[[[142.53167,-9.48677],[142.54253,-9.48572],[142.55456,-9.48162],[142.56436,-9.47545],[142.57247,-9.46801],[142.57922,-9.46441],[142.58534,-9.45983],[142.60378,-9.46771],[142.61615,-9.47192],[142.6329,-9.47502],[142.64156,-9.47765],[142.65213,-9.4793],[142.66109,-9.47941],[142.67399,-9.47735],[142.69627,-9.47963],[142.71272,-9.48039],[142.72034,-9.47982],[142.72779,-9.47812],[142.74767,-9.48456],[142.76051,-9.48622],[142.77299,-9.48545],[142.78825,-9.48089],[142.7974,-9.47613],[142.80787,-9.46887],[142.81353,-9.46402],[142.81842,-9.4584],[142.82242,-9.45213],[142.82544,-9.44533],[142.82819,-9.43265],[142.83356,-9.42751],[142.8381,-9.42164],[142.84724,-9.40359],[142.85111,-9.39293],[142.85196,-9.38009],[142.8506,-9.36808],[142.84597,-9.3539],[142.83947,-9.34257],[142.83027,-9.3331],[142.81892,-9.32606],[142.81172,-9.32345],[142.80611,-9.32238],[142.73242,-9.33627],[142.69639,-9.33765],[142.5925,-9.35543],[142.55889,-9.37432],[142.52583,-9.36182],[142.49561,-9.3661],[142.48663,-9.37334],[142.47955,-9.38223],[142.47465,-9.39246],[142.47242,-9.40165],[142.47197,-9.41109],[142.47289,-9.41859],[142.48204,-9.45024],[142.48538,-9.4586],[142.4891,-9.46478],[142.49367,-9.47036],[142.5005,-9.47653],[142.50836,-9.48141],[142.51522,-9.48423],[142.52242,-9.48603],[142.53167,-9.48677]],[[142.65692,-9.4283],[142.64707,-9.42581],[142.6431,-9.42318],[142.6302,-9.42222],[142.62182,-9.41963],[142.61637,-9.41613],[142.60955,-9.41439],[142.6007,-9.40965],[142.59817,-9.40766],[142.59749,-9.40358],[142.60064,-9.39611],[142.59905,-9.39172],[142.59988,-9.38695],[142.60154,-9.38523],[142.60331,-9.38479],[142.6038,-9.38313],[142.60571,-9.38271],[142.60888,-9.38037],[142.61886,-9.38029],[142.62228,-9.37619],[142.62645,-9.37435],[142.62702,-9.37396],[142.62627,-9.3737],[142.62946,-9.37143],[142.6346,-9.36899],[142.64792,-9.36513],[142.65809,-9.36623],[142.66299,-9.36987],[142.66692,-9.37403],[142.67187,-9.37595],[142.68194,-9.3764],[142.68695,-9.37575],[142.69795,-9.38026],[142.70728,-9.38206],[142.71124,-9.38033],[142.71881,-9.37433],[142.72644,-9.37142],[142.73345,-9.37125],[142.74312,-9.36658],[142.75349,-9.36828],[142.75625,-9.36636],[142.76191,-9.36851],[142.76769,-9.36951],[142.77993,-9.37087],[142.79348,-9.37124],[142.79684,-9.37195],[142.8003,-9.37433],[142.80116,-9.38017],[142.80028,-9.38238],[142.79617,-9.38755],[142.79109,-9.39101],[142.78459,-9.39136],[142.78369,-9.39033],[142.77885,-9.38981],[142.75421,-9.39978],[142.75101,-9.40363],[142.75005,-9.40357],[142.75029,-9.40443],[142.74809,-9.40826],[142.74868,-9.40986],[142.74652,-9.41651],[142.74307,-9.41906],[142.73737,-9.41944],[142.73498,-9.42085],[142.72736,-9.42199],[142.72235,-9.42373],[142.71356,-9.42462],[142.713,-9.42575],[142.70753,-9.42767],[142.69671,-9.42577],[142.69248,-9.4237],[142.68954,-9.42368],[142.68921,-9.42476],[142.68821,-9.425],[142.68187,-9.42556],[142.67832,-9.42503],[142.67481,-9.42311],[142.67338,-9.42491],[142.67159,-9.42572],[142.66811,-9.42639],[142.66607,-9.42585],[142.66088,-9.42798],[142.65692,-9.4283]],[[142.53145,-9.43609],[142.53174,-9.43189],[142.52864,-9.42678],[142.52735,-9.42271],[142.529,-9.42017],[142.52913,-9.41715],[142.53114,-9.41328],[142.52974,-9.41288],[142.52967,-9.41382],[142.52894,-9.4116],[142.53035,-9.41064],[142.53329,-9.41217],[142.53535,-9.41088],[142.53756,-9.4106],[142.54031,-9.4135],[142.54311,-9.42009],[142.54659,-9.42062],[142.55145,-9.41962],[142.55169,-9.42053],[142.54915,-9.42302],[142.54661,-9.42318],[142.54271,-9.42544],[142.54026,-9.42859],[142.5396,-9.42814],[142.53717,-9.4294],[142.53739,-9.43015],[142.53534,-9.43045],[142.53531,-9.43298],[142.53335,-9.43532],[142.53145,-9.43609]]],[[[142.3214,-9.62983],[142.33133,-9.62962],[142.3441,-9.6276],[142.35261,-9.62475],[142.36207,-9.61968],[142.37064,-9.61278],[142.37854,-9.60375],[142.38331,-9.59629],[142.3876,-9.58618],[142.38948,-9.57717],[142.38967,-9.56797],[142.38769,-9.55706],[142.3843,-9.54822],[142.37931,-9.54018],[142.37428,-9.5345],[142.36041,-9.52267],[142.35429,-9.51841],[142.34409,-9.5138],[142.32687,-9.50931],[142.30168,-9.50102],[142.27712,-9.49535],[142.2608,-9.49214],[142.25184,-9.49161],[142.24095,-9.49284],[142.23033,-9.49618],[142.22133,-9.49058],[142.2147,-9.48755],[142.20591,-9.48516],[142.19683,-9.48437],[142.18264,-9.48624],[142.16699,-9.49049],[142.15848,-9.49416],[142.15224,-9.49817],[142.14667,-9.50304],[142.1381,-9.51289],[142.13386,-9.51912],[142.12996,-9.52768],[142.1274,-9.53851],[142.12696,-9.5475],[142.12857,-9.55817],[142.13239,-9.56844],[142.13722,-9.57628],[142.14478,-9.58434],[142.15232,-9.58967],[142.16441,-9.59495],[142.17756,-9.59704],[142.19134,-9.59597],[142.2034,-9.5918],[142.20962,-9.59551],[142.21804,-9.59884],[142.22843,-9.60561],[142.24949,-9.61444],[142.26595,-9.61906],[142.27959,-9.62124],[142.30068,-9.6269],[142.3214,-9.62983]]],[[[141.55859,-9.66955],[141.57536,-9.66804],[141.58761,-9.66358],[141.59945,-9.65725],[141.60557,-9.65302],[141.611,-9.64793],[141.61671,-9.64059],[141.6205,-9.63415],[141.62504,-9.62395],[141.62713,-9.61489],[141.62786,-9.60557],[141.62705,-9.59623],[141.62516,-9.58896],[141.62245,-9.58228],[141.61775,-9.57458],[141.62973,-9.56673],[141.63979,-9.55642],[141.6468,-9.54597],[141.65426,-9.52785],[141.65654,-9.51592],[141.65667,-9.50384],[141.65523,-9.48991],[141.65128,-9.47804],[141.64564,-9.46836],[141.63798,-9.46005],[141.62864,-9.45366],[141.6181,-9.44948],[141.605,-9.4477],[141.59188,-9.44935],[141.58142,-9.44644],[141.57048,-9.44577],[141.55921,-9.44731],[141.54858,-9.4513],[141.5421,-9.45524],[141.53629,-9.46009],[141.52408,-9.47424],[141.51237,-9.47994],[141.50378,-9.48706],[141.48853,-9.50754],[141.48504,-9.51429],[141.48262,-9.52149],[141.48117,-9.53087],[141.48131,-9.53846],[141.48309,-9.54778],[141.48661,-9.5566],[141.49059,-9.56308],[141.50087,-9.57619],[141.50746,-9.58222],[141.51493,-9.58704],[141.50931,-9.59847],[141.50647,-9.61258],[141.50747,-9.62681],[141.50932,-9.63384],[141.51218,-9.64052],[141.52052,-9.65245],[141.52583,-9.65749],[141.53184,-9.66177],[141.53848,-9.66528],[141.54557,-9.66778],[141.55859,-9.66955]]],[[[141.41631,-9.88122],[141.42722,-9.88047],[141.43801,-9.87788],[141.44444,-9.87543],[141.45833,-9.86826],[141.46847,-9.86104],[141.47513,-9.85458],[141.48069,-9.84691],[141.4847,-9.83834],[141.48728,-9.82731],[141.48748,-9.81787],[141.48589,-9.80856],[141.482,-9.798],[141.47713,-9.79001],[141.47086,-9.78305],[141.46178,-9.7764],[141.45323,-9.7725],[141.44224,-9.76998],[141.42721,-9.76999],[141.41431,-9.77156],[141.39868,-9.77581],[141.38636,-9.78273],[141.37718,-9.79084],[141.37019,-9.79971],[141.36538,-9.80989],[141.36243,-9.82461],[141.36251,-9.83586],[141.36512,-9.84681],[141.37116,-9.85848],[141.38,-9.86827],[141.39102,-9.87566],[141.40359,-9.87995],[141.41631,-9.88122]]]]},"properties":{"LGA Code":"6950","Abbreviated Name":"Torres","LGA Name":"Torres Shire","Area Sq Km":49425.01129,"LDMG Name":"Torres Strait","Police Region Name":"Far Northern Region","Police Region Code":"FNR","Police Region Short Name":"Far North"}},{"type":"Feature","geometry":{"type":"MultiPolygon","coordinates":[[[[143.54343,-9.51075],[143.54727,-9.50872],[143.54898,-9.50869],[143.54873,-9.50629],[143.54565,-9.50464],[143.54404,-9.50473],[143.54161,-9.50849],[143.54279,-9.50901],[143.54343,-9.51075]]],[[[143.7643,-9.59935],[143.76936,-9.59727],[143.77034,-9.59801],[143.77612,-9.5975],[143.77605,-9.59641],[143.77842,-9.59353],[143.77776,-9.59272],[143.77922,-9.5908],[143.77861,-9.58949],[143.78002,-9.58881],[143.78062,-9.58743],[143.78192,-9.58808],[143.78307,-9.58712],[143.7826,-9.58624],[143.78482,-9.57817],[143.78367,-9.57614],[143.7819,-9.57626],[143.78139,-9.57419],[143.78003,-9.57366],[143.77964,-9.57245],[143.78041,-9.57125],[143.77801,-9.57124],[143.77757,-9.57039],[143.77672,-9.57088],[143.77703,-9.57223],[143.77582,-9.57596],[143.77349,-9.57792],[143.77248,-9.58003],[143.76846,-9.58079],[143.76745,-9.58035],[143.76782,-9.58074],[143.76692,-9.58137],[143.75937,-9.58007],[143.75653,-9.58381],[143.75595,-9.58912],[143.75526,-9.58994],[143.75792,-9.59293],[143.75993,-9.59707],[143.76127,-9.5975],[143.76125,-9.59881],[143.7643,-9.59935]]],[[[143.4016,-9.75717],[143.40775,-9.7559],[143.42323,-9.74991],[143.40608,-9.7483],[143.40249,-9.7495],[143.40193,-9.74911],[143.3986,-9.75242],[143.39809,-9.75396],[143.39882,-9.75633],[143.4016,-9.75717]]],[[[142.77653,-9.90758],[142.78165,-9.90608],[142.78139,-9.90485],[142.78354,-9.905],[142.78227,-9.90213],[142.78093,-9.90178],[142.78084,-9.9008],[142.78207,-9.9015],[142.78179,-9.90051],[142.78337,-9.89882],[142.78255,-9.89694],[142.78069,-9.89561],[142.7792,-9.89637],[142.77888,-9.89735],[142.77722,-9.89608],[142.77344,-9.89552],[142.76971,-9.89832],[142.76858,-9.8961],[142.76518,-9.89454],[142.76527,-9.89648],[142.76647,-9.89758],[142.7663,-9.89933],[142.76789,-9.90084],[142.76751,-9.90234],[142.76856,-9.90494],[142.77231,-9.90552],[142.77653,-9.90758]]],[[[144.04455,-9.92698],[144.05242,-9.92482],[144.05931,-9.92156],[144.06172,-9.91845],[144.06405,-9.9134],[144.0637,-9.91166],[144.06164,-9.90883],[144.05693,-9.90695],[144.05343,-9.90722],[144.04122,-9.91339],[144.03942,-9.91624],[144.0392,-9.91807],[144.04169,-9.92527],[144.04228,-9.92621],[144.04388,-9.92615],[144.04455,-9.92698]]],[[[144.02944,-9.94797],[144.0311,-9.94737],[144.03143,-9.94604],[144.0289,-9.9423],[144.02703,-9.94095],[144.02373,-9.94109],[144.02119,-9.93961],[144.02291,-9.94188],[144.0229,-9.9441],[144.02375,-9.9456],[144.02459,-9.94625],[144.0279,-9.94578],[144.02944,-9.94797]]],[[[144.03876,-9.952],[144.03897,-9.95136],[144.03719,-9.95045],[144.03749,-9.94768],[144.03849,-9.94678],[144.04126,-9.94729],[144.03868,-9.94535],[144.03672,-9.94617],[144.03553,-9.94844],[144.03578,-9.95084],[144.03876,-9.952]]],[[[142.17744,-9.97264],[142.1805,-9.97259],[142.18115,-9.971],[142.18374,-9.97102],[142.18336,-9.96849],[142.18506,-9.96293],[142.19126,-9.95498],[142.197,-9.952],[142.19819,-9.9523],[142.19899,-9.95361],[142.20076,-9.95288],[142.20095,-9.95069],[142.19995,-9.95082],[142.20082,-9.94916],[142.19943,-9.94593],[142.19749,-9.94611],[142.1968,-9.94498],[142.19554,-9.9476],[142.1941,-9.94736],[142.19413,-9.94794],[142.19157,-9.94529],[142.18978,-9.94652],[142.18781,-9.94499],[142.18859,-9.9432],[142.18679,-9.94268],[142.18511,-9.94271],[142.18266,-9.94442],[142.18183,-9.94362],[142.17643,-9.94386],[142.17443,-9.94685],[142.16596,-9.94967],[142.16469,-9.9509],[142.16527,-9.95309],[142.17296,-9.95965],[142.17535,-9.96829],[142.1752,-9.97066],[142.17744,-9.97264]]],[[[143.06364,-10.0514],[143.076,-10.05133],[143.07808,-10.05066],[143.07181,-10.04888],[143.06087,-10.05009],[143.06364,-10.0514]]],[[[142.81838,-10.14746],[142.82334,-10.14687],[142.8248,-10.14605],[142.82119,-10.14472],[142.81906,-10.14474],[142.81599,-10.14644],[142.81838,-10.14746]]],[[[142.11059,-10.08494],[142.11091,-10.08517],[142.11096,-10.08547],[142.10931,-10.0839],[142.10756,-10.08451],[142.10605,-10.08929],[142.10067,-10.09714],[142.10146,-10.09785],[142.10017,-10.09772],[142.09803,-10.09959],[142.09538,-10.09786],[142.09461,-10.10122],[142.09372,-10.10152],[142.09414,-10.10324],[142.09271,-10.10649],[142.08866,-10.11069],[142.0886,-10.11326],[142.0878,-10.11373],[142.08653,-10.11305],[142.08608,-10.11385],[142.08684,-10.11549],[142.0889,-10.11497],[142.08956,-10.11574],[142.09017,-10.11903],[142.09161,-10.12042],[142.09155,-10.1224],[142.09292,-10.12395],[142.09098,-10.12779],[142.08802,-10.13052],[142.09112,-10.13244],[142.09385,-10.13646],[142.09427,-10.13852],[142.0972,-10.14099],[142.09993,-10.14044],[142.10368,-10.14221],[142.10489,-10.1438],[142.10475,-10.14473],[142.1083,-10.14759],[142.1091,-10.14947],[142.11164,-10.14901],[142.11279,-10.14766],[142.11291,-10.14555],[142.11381,-10.1448],[142.11585,-10.14485],[142.11342,-10.14551],[142.11684,-10.1455],[142.11981,-10.14653],[142.12628,-10.15326],[142.12865,-10.15704],[142.1319,-10.16491],[142.13252,-10.16799],[142.13145,-10.16858],[142.13101,-10.17019],[142.13205,-10.1703],[142.13355,-10.17232],[142.13303,-10.17436],[142.13394,-10.17614],[142.13398,-10.17947],[142.13526,-10.17963],[142.1364,-10.17587],[142.13953,-10.17591],[142.14181,-10.17799],[142.15012,-10.17362],[142.15464,-10.17254],[142.16031,-10.17432],[142.16169,-10.17994],[142.16372,-10.18148],[142.16742,-10.17235],[142.16707,-10.17104],[142.16795,-10.16919],[142.16683,-10.16607],[142.1702,-10.15984],[142.17655,-10.15299],[142.17988,-10.15067],[142.18015,-10.14925],[142.18031,-10.1507],[142.1823,-10.15162],[142.18708,-10.15171],[142.18855,-10.14826],[142.18752,-10.14157],[142.18849,-10.14104],[142.188,-10.13808],[142.18904,-10.13776],[142.18931,-10.13585],[142.18754,-10.13423],[142.18836,-10.13412],[142.18788,-10.13164],[142.18887,-10.12977],[142.18841,-10.12796],[142.1893,-10.12671],[142.18921,-10.12284],[142.19202,-10.11471],[142.19165,-10.11138],[142.19221,-10.1116],[142.19171,-10.11102],[142.19262,-10.10925],[142.19195,-10.10819],[142.19311,-10.10648],[142.18928,-10.09264],[142.18914,-10.0906],[142.19021,-10.08981],[142.18974,-10.08801],[142.18813,-10.08858],[142.1873,-10.08804],[142.18484,-10.08205],[142.184,-10.0766],[142.18492,-10.072],[142.18235,-10.0705],[142.18294,-10.06804],[142.18458,-10.0686],[142.1846,-10.06607],[142.18321,-10.06097],[142.18225,-10.0598],[142.18093,-10.06103],[142.17696,-10.05963],[142.17385,-10.0615],[142.17107,-10.06397],[142.16962,-10.06435],[142.16891,-10.06812],[142.16866,-10.06517],[142.17095,-10.06257],[142.17007,-10.06182],[142.16522,-10.06119],[142.16403,-10.06158],[142.16346,-10.06345],[142.16473,-10.06607],[142.16206,-10.06376],[142.16156,-10.06411],[142.16232,-10.06411],[142.16232,-10.06449],[142.15994,-10.06436],[142.15739,-10.06567],[142.15745,-10.0668],[142.15718,-10.06582],[142.15597,-10.06548],[142.15557,-10.06611],[142.15559,-10.06635],[142.15522,-10.06666],[142.15486,-10.06555],[142.15111,-10.06669],[142.15107,-10.06866],[142.15026,-10.06863],[142.15096,-10.06809],[142.15013,-10.06682],[142.14615,-10.06753],[142.14623,-10.06824],[142.14579,-10.06842],[142.14578,-10.0677],[142.14438,-10.06715],[142.14505,-10.06852],[142.14312,-10.07086],[142.14554,-10.07141],[142.14634,-10.0729],[142.14602,-10.07369],[142.14363,-10.07503],[142.14315,-10.07702],[142.14563,-10.07842],[142.14534,-10.07731],[142.14575,-10.07663],[142.14793,-10.07712],[142.14565,-10.07702],[142.14617,-10.07805],[142.14539,-10.07867],[142.14278,-10.07692],[142.14342,-10.07481],[142.14562,-10.07369],[142.14583,-10.07278],[142.14503,-10.07182],[142.14345,-10.07168],[142.14226,-10.06998],[142.14062,-10.07133],[142.13696,-10.07188],[142.1374,-10.07249],[142.13581,-10.07205],[142.13336,-10.07333],[142.13283,-10.07238],[142.13147,-10.07251],[142.12869,-10.07359],[142.12895,-10.07476],[142.1257,-10.07311],[142.11984,-10.07231],[142.11398,-10.06925],[142.11366,-10.06998],[142.11525,-10.0723],[142.11396,-10.07398],[142.11427,-10.07917],[142.11269,-10.08255],[142.11059,-10.08494]]],[[[142.82141,-10.21121],[142.82698,-10.20967],[142.82974,-10.20709],[142.82978,-10.20518],[142.82713,-10.20398],[142.82196,-10.20452],[142.82004,-10.20551],[142.81814,-10.20952],[142.82141,-10.21121]]],[[[142.82808,-10.25557],[142.83426,-10.25417],[142.82979,-10.25361],[142.82745,-10.25453],[142.82808,-10.25557]]],[[[142.25407,-10.12893],[142.25381,-10.12951],[142.25311,-10.1301],[142.25381,-10.13089],[142.25305,-10.13048],[142.25313,-10.12982],[142.2539,-10.12895],[142.2525,-10.12735],[142.25278,-10.12693],[142.2539,-10.12669],[142.25458,-10.12478],[142.25291,-10.12316],[142.24557,-10.12193],[142.2439,-10.12379],[142.24467,-10.12198],[142.24155,-10.12182],[142.23502,-10.12236],[142.23192,-10.1234],[142.2317,-10.12406],[142.23095,-10.12329],[142.22879,-10.12337],[142.22373,-10.12673],[142.22308,-10.12819],[142.22169,-10.12785],[142.21824,-10.13151],[142.21762,-10.13331],[142.21716,-10.13305],[142.21503,-10.13547],[142.21417,-10.13768],[142.21216,-10.13931],[142.21122,-10.14167],[142.20918,-10.15636],[142.20805,-10.15725],[142.20817,-10.1582],[142.20945,-10.15798],[142.20938,-10.15737],[142.20971,-10.1579],[142.20837,-10.15845],[142.20582,-10.1627],[142.20613,-10.16492],[142.20885,-10.1668],[142.21135,-10.16391],[142.20878,-10.16909],[142.20895,-10.17021],[142.21051,-10.17116],[142.21257,-10.16819],[142.21722,-10.16847],[142.21905,-10.1699],[142.21693,-10.1686],[142.21259,-10.16842],[142.21202,-10.17121],[142.20957,-10.17136],[142.20786,-10.17029],[142.2086,-10.16823],[142.20799,-10.16716],[142.20579,-10.16659],[142.20203,-10.17289],[142.20227,-10.17394],[142.20118,-10.17395],[142.19962,-10.17541],[142.19624,-10.18369],[142.19307,-10.18648],[142.19373,-10.18722],[142.19203,-10.18692],[142.18636,-10.18946],[142.18665,-10.1901],[142.18558,-10.19175],[142.18598,-10.19362],[142.18868,-10.19982],[142.19383,-10.20559],[142.19481,-10.20908],[142.19841,-10.21451],[142.20326,-10.21758],[142.206,-10.22151],[142.20712,-10.22147],[142.20973,-10.22379],[142.20969,-10.22538],[142.2137,-10.2272],[142.21438,-10.23099],[142.21546,-10.23262],[142.21479,-10.23592],[142.21577,-10.23575],[142.216,-10.23792],[142.21737,-10.23795],[142.21805,-10.23905],[142.21928,-10.23925],[142.22027,-10.23805],[142.22144,-10.23373],[142.22483,-10.23102],[142.22728,-10.23009],[142.23148,-10.23316],[142.24524,-10.23572],[142.24517,-10.23446],[142.24594,-10.236],[142.2518,-10.23876],[142.25503,-10.24156],[142.25936,-10.24154],[142.26039,-10.2432],[142.26211,-10.24335],[142.26581,-10.24649],[142.26615,-10.24791],[142.27369,-10.25815],[142.2776,-10.26068],[142.28023,-10.25938],[142.28141,-10.25958],[142.28446,-10.25768],[142.28459,-10.25473],[142.28742,-10.24828],[142.29099,-10.24634],[142.29378,-10.24396],[142.29413,-10.24257],[142.29787,-10.24091],[142.30052,-10.23655],[142.30163,-10.23625],[142.30244,-10.23123],[142.30482,-10.22742],[142.30595,-10.22309],[142.30713,-10.22331],[142.30826,-10.22194],[142.31077,-10.22216],[142.31187,-10.22086],[142.3147,-10.22029],[142.31468,-10.21605],[142.31539,-10.21536],[142.31436,-10.21354],[142.3161,-10.21121],[142.3224,-10.20689],[142.32984,-10.1988],[142.33211,-10.19862],[142.33284,-10.19596],[142.33385,-10.19568],[142.33314,-10.19467],[142.33574,-10.18652],[142.33871,-10.18301],[142.3383,-10.18367],[142.34102,-10.18455],[142.34067,-10.18375],[142.34227,-10.17734],[142.3449,-10.17338],[142.34423,-10.1725],[142.34407,-10.16901],[142.34145,-10.16727],[142.33738,-10.16692],[142.33746,-10.16548],[142.33234,-10.16202],[142.33089,-10.15907],[142.33202,-10.15846],[142.33112,-10.15621],[142.33176,-10.15332],[142.32966,-10.14845],[142.33141,-10.14677],[142.3319,-10.1446],[142.33051,-10.14425],[142.32908,-10.14189],[142.32833,-10.14198],[142.32607,-10.13656],[142.32362,-10.13499],[142.32195,-10.13631],[142.31971,-10.13619],[142.31741,-10.13711],[142.31562,-10.13999],[142.31335,-10.13954],[142.30642,-10.13408],[142.30194,-10.12872],[142.3001,-10.12449],[142.29674,-10.12894],[142.29279,-10.12911],[142.28661,-10.12757],[142.2864,-10.12908],[142.28615,-10.1276],[142.28462,-10.12643],[142.2834,-10.12666],[142.28059,-10.12544],[142.27217,-10.1178],[142.26722,-10.11617],[142.26642,-10.11646],[142.26583,-10.11986],[142.2634,-10.12197],[142.26078,-10.12314],[142.25893,-10.12271],[142.26113,-10.12505],[142.25862,-10.12288],[142.25613,-10.12377],[142.25607,-10.12521],[142.25467,-10.12596],[142.25444,-10.12701],[142.25715,-10.12744],[142.25757,-10.12784],[142.25595,-10.13097],[142.25725,-10.13106],[142.2566,-10.1325],[142.25732,-10.13357],[142.25642,-10.13262],[142.25703,-10.13146],[142.25575,-10.13092],[142.25723,-10.12783],[142.25281,-10.12714],[142.25407,-10.12893]]],[[[142.19706,-10.57515],[142.1983,-10.57377],[142.19963,-10.56974],[142.20218,-10.5707],[142.20532,-10.5705],[142.20789,-10.56901],[142.20838,-10.56695],[142.21029,-10.56589],[142.21214,-10.56655],[142.21468,-10.56624],[142.21577,-10.56433],[142.21879,-10.5635],[142.2205,-10.56071],[142.22002,-10.55184],[142.22171,-10.5492],[142.2236,-10.5404],[142.22431,-10.53902],[142.22581,-10.53882],[142.22707,-10.53705],[142.23072,-10.53729],[142.23142,-10.53606],[142.22705,-10.52858],[142.22677,-10.52685],[142.2238,-10.52307],[142.2211,-10.52254],[142.21973,-10.52118],[142.21634,-10.52207],[142.21465,-10.5207],[142.21378,-10.52094],[142.21329,-10.52185],[142.21409,-10.52279],[142.21194,-10.52364],[142.21171,-10.52501],[142.20931,-10.52614],[142.20814,-10.52789],[142.20907,-10.53036],[142.2072,-10.53118],[142.20509,-10.53496],[142.20596,-10.53831],[142.20546,-10.54003],[142.20415,-10.54084],[142.20472,-10.5434],[142.20269,-10.54594],[142.20121,-10.54709],[142.19915,-10.54691],[142.19264,-10.54305],[142.19069,-10.54639],[142.18914,-10.54709],[142.18819,-10.55123],[142.1858,-10.55037],[142.18374,-10.55225],[142.18369,-10.55415],[142.18544,-10.55572],[142.18259,-10.55575],[142.18176,-10.55908],[142.18014,-10.56155],[142.18212,-10.56183],[142.18165,-10.56399],[142.1848,-10.56478],[142.18557,-10.56644],[142.18478,-10.56806],[142.18552,-10.56927],[142.18691,-10.56983],[142.18993,-10.56881],[142.1917,-10.57131],[142.19485,-10.57197],[142.19509,-10.57472],[142.19706,-10.57515]]],[[[142.24873,-9.28989],[142.25033,-9.28754],[142.25074,-9.28899],[142.25215,-9.28895],[142.25429,-9.28843],[142.25716,-9.28602],[142.26358,-9.28777],[142.26267,-9.28723],[142.26413,-9.28603],[142.26461,-9.28755],[142.27226,-9.28804],[142.27522,-9.28698],[142.27677,-9.28535],[142.27921,-9.2849],[142.28417,-9.2807],[142.28431,-9.27928],[142.28263,-9.27733],[142.28413,-9.27758],[142.28436,-9.27668],[142.2868,-9.27501],[142.28781,-9.27254],[142.28954,-9.2708],[142.29253,-9.26223],[142.28942,-9.25861],[142.28758,-9.25913],[142.28619,-9.25761],[142.27566,-9.2532],[142.26962,-9.25158],[142.26459,-9.25116],[142.25938,-9.25276],[142.25942,-9.2538],[142.25835,-9.25274],[142.25685,-9.25355],[142.25685,-9.25481],[142.25429,-9.25764],[142.25163,-9.25802],[142.25011,-9.25648],[142.2425,-9.25841],[142.23861,-9.25487],[142.23941,-9.25383],[142.23334,-9.24893],[142.22939,-9.24379],[142.2281,-9.23786],[142.22597,-9.23425],[142.22378,-9.23482],[142.22489,-9.23329],[142.22377,-9.23261],[142.2223,-9.22932],[142.21677,-9.23119],[142.21074,-9.23131],[142.20823,-9.23417],[142.20347,-9.23597],[142.20265,-9.23706],[142.20049,-9.23622],[142.19495,-9.23688],[142.19479,-9.23743],[142.19238,-9.23722],[142.19151,-9.23814],[142.19418,-9.23967],[142.19476,-9.24096],[142.19167,-9.23937],[142.18848,-9.24142],[142.18693,-9.2454],[142.18357,-9.24944],[142.18368,-9.25191],[142.18321,-9.24899],[142.18672,-9.24436],[142.18675,-9.24166],[142.18317,-9.24281],[142.18331,-9.24358],[142.17793,-9.24554],[142.17675,-9.24696],[142.17319,-9.24899],[142.1705,-9.24932],[142.16818,-9.25117],[142.1644,-9.25126],[142.16253,-9.25243],[142.16146,-9.25215],[142.15371,-9.25528],[142.15062,-9.25537],[142.14829,-9.25656],[142.14447,-9.25633],[142.14397,-9.25734],[142.13403,-9.2616],[142.13323,-9.26483],[142.13506,-9.26902],[142.14154,-9.27456],[142.15108,-9.27716],[142.15326,-9.27739],[142.15363,-9.27671],[142.15713,-9.27744],[142.15998,-9.27949],[142.16482,-9.28008],[142.16603,-9.27952],[142.1674,-9.28061],[142.16915,-9.28041],[142.16965,-9.27951],[142.17181,-9.28186],[142.17404,-9.28135],[142.17566,-9.28242],[142.17773,-9.28231],[142.1801,-9.28344],[142.18078,-9.28299],[142.1816,-9.28376],[142.18397,-9.28379],[142.18522,-9.28305],[142.19057,-9.28546],[142.19378,-9.28551],[142.19457,-9.28628],[142.19995,-9.28461],[142.20013,-9.28317],[142.20116,-9.28416],[142.20505,-9.28506],[142.20594,-9.28508],[142.20728,-9.28359],[142.21277,-9.2857],[142.21985,-9.28481],[142.2246,-9.28647],[142.2264,-9.28564],[142.22641,-9.28406],[142.22759,-9.2863],[142.23057,-9.28615],[142.23071,-9.28556],[142.23184,-9.28624],[142.23139,-9.28703],[142.23312,-9.28771],[142.23572,-9.28539],[142.23629,-9.28337],[142.23318,-9.27853],[142.23181,-9.27812],[142.23277,-9.27805],[142.23366,-9.27851],[142.23681,-9.28292],[142.2364,-9.28491],[142.23815,-9.28827],[142.24873,-9.28989]]],[[[142.65692,-9.4283],[142.66088,-9.42798],[142.66607,-9.42585],[142.66811,-9.42639],[142.67159,-9.42572],[142.67338,-9.42491],[142.67481,-9.42311],[142.67832,-9.42503],[142.68187,-9.42556],[142.68821,-9.425],[142.68921,-9.42476],[142.68954,-9.42368],[142.69248,-9.4237],[142.69671,-9.42577],[142.70753,-9.42767],[142.713,-9.42575],[142.71356,-9.42462],[142.72235,-9.42373],[142.72736,-9.42199],[142.73498,-9.42085],[142.73737,-9.41944],[142.74307,-9.41906],[142.74652,-9.41651],[142.74868,-9.40986],[142.74809,-9.40826],[142.75029,-9.40443],[142.75005,-9.40357],[142.75101,-9.40363],[142.75421,-9.39978],[142.77885,-9.38981],[142.78369,-9.39033],[142.78459,-9.39136],[142.79109,-9.39101],[142.79617,-9.38755],[142.80028,-9.38238],[142.80116,-9.38017],[142.8003,-9.37433],[142.79684,-9.37195],[142.79348,-9.37124],[142.77993,-9.37087],[142.76769,-9.36951],[142.76191,-9.36851],[142.75625,-9.36636],[142.75349,-9.36828],[142.74312,-9.36658],[142.73345,-9.37125],[142.72644,-9.37142],[142.71881,-9.37433],[142.71124,-9.38033],[142.70728,-9.38206],[142.69795,-9.38026],[142.68695,-9.37575],[142.68194,-9.3764],[142.67187,-9.37595],[142.66692,-9.37403],[142.66299,-9.36987],[142.65809,-9.36623],[142.64792,-9.36513],[142.6346,-9.36899],[142.62946,-9.37143],[142.62627,-9.3737],[142.62702,-9.37396],[142.62645,-9.37435],[142.62228,-9.37619],[142.61886,-9.38029],[142.60888,-9.38037],[142.60571,-9.38271],[142.6038,-9.38313],[142.60331,-9.38479],[142.60154,-9.38523],[142.59988,-9.38695],[142.59905,-9.39172],[142.60064,-9.39611],[142.59749,-9.40358],[142.59817,-9.40766],[142.6007,-9.40965],[142.60955,-9.41439],[142.61637,-9.41613],[142.62182,-9.41963],[142.6302,-9.42222],[142.6431,-9.42318],[142.64707,-9.42581],[142.65692,-9.4283]]],[[[142.53145,-9.43609],[142.53335,-9.43532],[142.53531,-9.43298],[142.53534,-9.43045],[142.53739,-9.43015],[142.53717,-9.4294],[142.5396,-9.42814],[142.54026,-9.42859],[142.54271,-9.42544],[142.54661,-9.42318],[142.54915,-9.42302],[142.55169,-9.42053],[142.55145,-9.41962],[142.54659,-9.42062],[142.54311,-9.42009],[142.54031,-9.4135],[142.53756,-9.4106],[142.53535,-9.41088],[142.53329,-9.41217],[142.53035,-9.41064],[142.52894,-9.4116],[142.52967,-9.41382],[142.52974,-9.41288],[142.53114,-9.41328],[142.52913,-9.41715],[142.529,-9.42017],[142.52735,-9.42271],[142.52864,-9.42678],[142.53174,-9.43189],[142.53145,-9.43609]]]]},"properties":{"LGA Code":"6960","Abbreviated Name":"Torres Strait Island","LGA Name":"Torres Strait Island Regional","Area Sq Km":480.90875,"LDMG Name":"Torres Strait","Police Region Name":"Far Northern Region","Police Region Code":"FNR","Police Region Short Name":"Far North"}},{"type":"Feature","geometry":{"type":"MultiPolygon","coordinates":[[[[141.84635,-12.6662],[141.85933,-12.66449],[141.86001,-12.66516],[141.86138,-12.66382],[141.85838,-12.66158],[141.85767,-12.6598],[141.85568,-12.65959],[141.85458,-12.657],[141.85574,-12.65554],[141.86209,-12.65244],[141.86424,-12.6506],[141.86507,-12.6488],[141.86565,-12.64233],[141.87171,-12.64295],[141.87728,-12.64203],[141.88003,-12.64011],[141.89002,-12.64008],[141.89199,-12.61525],[141.89762,-12.60329],[141.89451,-12.60205],[141.89447,-12.60069],[141.89447,-12.60209],[141.89225,-12.60205],[141.89191,-12.60468],[141.87743,-12.6196],[141.8519,-12.63851],[141.8601,-12.63848],[141.85211,-12.64045],[141.85164,-12.64411],[141.86223,-12.64744],[141.85497,-12.65135],[141.85429,-12.65799],[141.8498,-12.65761],[141.84922,-12.65933],[141.84641,-12.66153],[141.84573,-12.66329],[141.84635,-12.6662]]],[[[141.9258,-12.68735],[141.92888,-12.6829],[141.93375,-12.68616],[141.93486,-12.68457],[141.92453,-12.67767],[141.92937,-12.67069],[141.92774,-12.66961],[141.92291,-12.67658],[141.91583,-12.67185],[141.91473,-12.67345],[141.9218,-12.67818],[141.9203,-12.68034],[141.92297,-12.68212],[141.92139,-12.6844],[141.9258,-12.68735]]]]},"properties":{"LGA Code":"7300","Abbreviated Name":"Weipa","LGA Name":"Weipa Town","Area Sq Km":12.41756,"LDMG Name":"Weipa","Police Region Name":"Far Northern Region","Police Region Code":"FNR","Police Region Short Name":"Far North"}},{"type":"Feature","geometry":{"type":"MultiPolygon","coordinates":[[[[145.31876,-15.93619],[145.31695,-15.93838],[145.31709,-15.93952],[145.31585,-15.94028],[145.31733,-15.94276],[145.31595,-15.94249],[145.31676,-15.94412],[145.31643,-15.94472],[145.31564,-15.9441],[145.31425,-15.94529],[145.31581,-15.94589],[145.31226,-15.94822],[145.31545,-15.95332],[145.31304,-15.95608],[145.31713,-15.96102],[145.31421,-15.9621],[145.31139,-15.96125],[145.31091,-15.96274],[145.31531,-15.96206],[145.3162,-15.96183],[145.31716,-15.96104],[145.31975,-15.95874],[145.32032,-15.95584],[145.31959,-15.94934],[145.31983,-15.9487],[145.32169,-15.94366],[145.32173,-15.94356],[145.32226,-15.94335],[145.32377,-15.94275],[145.32406,-15.94264],[145.32547,-15.94304],[145.3262,-15.93696],[145.31876,-15.93619]]],[[[145.29378,-15.99515],[145.29668,-15.99351],[145.29631,-15.99247],[145.29709,-15.99132],[145.30167,-15.99021],[145.30241,-15.98853],[145.3052,-15.98878],[145.30615,-15.98677],[145.30768,-15.98569],[145.30875,-15.98265],[145.31296,-15.9833],[145.31412,-15.98012],[145.31697,-15.97658],[145.31891,-15.97571],[145.32296,-15.96993],[145.32381,-15.96996],[145.3268,-15.96727],[145.3296,-15.96742],[145.33181,-15.96666],[145.33286,-15.96532],[145.34242,-15.96016],[145.34326,-15.95591],[145.33976,-15.95346],[145.34048,-15.9525],[145.33873,-15.95128],[145.33963,-15.95006],[145.33891,-15.9483],[145.3378,-15.94769],[145.33685,-15.95039],[145.33785,-15.95262],[145.33714,-15.95444],[145.33529,-15.95461],[145.33384,-15.95606],[145.33199,-15.9556],[145.33098,-15.95419],[145.32867,-15.95779],[145.32074,-15.95696],[145.31954,-15.96002],[145.31586,-15.96294],[145.31032,-15.9634],[145.30844,-15.96176],[145.30622,-15.96175],[145.30415,-15.96073],[145.30422,-15.96438],[145.30233,-15.96679],[145.29743,-15.96828],[145.29528,-15.97032],[145.29574,-15.9724],[145.2998,-15.97661],[145.29943,-15.97787],[145.29597,-15.98043],[145.28752,-15.98092],[145.2889,-15.98528],[145.28708,-15.9929],[145.29001,-15.99262],[145.29165,-15.99451],[145.29378,-15.99515]]]]},"properties":{"LGA Code":"7570","Abbreviated Name":"Wujal Wujal Aboriginal","LGA Name":"Wujal Wujal Aboriginal Shire","Area Sq Km":11.73487,"LDMG Name":"Wujal Wujal","Police Region Name":"Far Northern Region","Police Region Code":"FNR","Police Region Short Name":"Far North"}},{"type":"Feature","geometry":{"type":"MultiPolygon","coordinates":[[[[145.89556,-16.88751],[145.89609,-16.88697],[145.8957,-16.88506],[145.8937,-16.88245],[145.89346,-16.88389],[145.89556,-16.88751]]],[[[145.90021,-16.99354],[145.90169,-16.99402],[145.9003,-16.99332],[145.90021,-16.99354]]],[[[145.93804,-16.912],[145.93668,-16.91396],[145.93536,-16.91541],[145.93765,-16.9121],[145.93991,-16.91064],[145.94364,-16.90628],[145.94483,-16.90686],[145.94627,-16.90599],[145.94921,-16.90748],[145.95647,-16.9052],[145.95677,-16.90343],[145.95541,-16.90108],[145.95464,-16.89722],[145.95548,-16.89643],[145.95724,-16.8974],[145.95786,-16.89674],[145.95569,-16.89381],[145.9544,-16.89351],[145.95504,-16.89244],[145.95359,-16.88996],[145.95125,-16.88983],[145.95107,-16.89152],[145.94979,-16.8919],[145.94818,-16.89168],[145.94635,-16.89006],[145.94382,-16.88509],[145.94317,-16.88187],[145.93799,-16.87772],[145.93558,-16.87692],[145.93561,-16.87583],[145.93458,-16.87547],[145.93448,-16.87337],[145.92929,-16.8683],[145.92834,-16.86584],[145.92729,-16.86545],[145.92382,-16.86642],[145.91844,-16.86417],[145.91557,-16.8649],[145.91669,-16.86896],[145.91899,-16.87321],[145.91763,-16.8763],[145.91782,-16.87682],[145.91827,-16.87595],[145.91867,-16.87738],[145.91941,-16.87559],[145.92105,-16.88329],[145.91836,-16.88613],[145.91737,-16.88603],[145.9162,-16.88713],[145.91467,-16.8899],[145.9106,-16.89274],[145.90826,-16.89603],[145.90637,-16.89733],[145.90407,-16.89753],[145.90221,-16.89611],[145.90054,-16.89643],[145.89871,-16.8953],[145.89727,-16.89533],[145.89672,-16.89696],[145.89732,-16.89937],[145.89942,-16.90128],[145.89896,-16.9024],[145.8883,-16.9067],[145.8868,-16.90612],[145.88157,-16.9074],[145.87448,-16.90755],[145.86761,-16.90615],[145.86224,-16.90366],[145.86131,-16.9016],[145.86217,-16.90043],[145.86172,-16.89864],[145.86459,-16.89615],[145.86218,-16.89356],[145.86331,-16.89256],[145.86335,-16.89137],[145.85798,-16.8841],[145.8545,-16.88156],[145.85324,-16.87951],[145.8506,-16.87923],[145.84967,-16.88186],[145.85024,-16.88408],[145.84773,-16.88505],[145.85192,-16.89414],[145.83723,-16.89818],[145.83724,-16.89916],[145.84052,-16.90333],[145.8435,-16.90472],[145.84583,-16.90927],[145.84979,-16.91246],[145.85181,-16.91546],[145.85191,-16.917],[145.85448,-16.91919],[145.84858,-16.92447],[145.84775,-16.92641],[145.84829,-16.9295],[145.84878,-16.93049],[145.85184,-16.9319],[145.85374,-16.93561],[145.86197,-16.94393],[145.86444,-16.95084],[145.86263,-16.95679],[145.86107,-16.95933],[145.86181,-16.96253],[145.85882,-16.96955],[145.8589,-16.9712],[145.85621,-16.97256],[145.8545,-16.97463],[145.85297,-16.9791],[145.85454,-16.98016],[145.85801,-16.98618],[145.85756,-16.99207],[145.85485,-16.99525],[145.85475,-16.99851],[145.85304,-17.00356],[145.85648,-17.00623],[145.85778,-17.0085],[145.85417,-17.01131],[145.85318,-17.01502],[145.85372,-17.01715],[145.85791,-17.02274],[145.85297,-17.0246],[145.85252,-17.0278],[145.85401,-17.02829],[145.8556,-17.03178],[145.85815,-17.03438],[145.85962,-17.03888],[145.86581,-17.04648],[145.86641,-17.0491],[145.86431,-17.05088],[145.86338,-17.05645],[145.86552,-17.05725],[145.86734,-17.06085],[145.86852,-17.0612],[145.87114,-17.0689],[145.87715,-17.07763],[145.87896,-17.08423],[145.88082,-17.08655],[145.88002,-17.08779],[145.88134,-17.08892],[145.88152,-17.09191],[145.88561,-17.09585],[145.89541,-17.10137],[145.8944,-17.10302],[145.89244,-17.10362],[145.89306,-17.10642],[145.89876,-17.1174],[145.90425,-17.12267],[145.9053,-17.1263],[145.90642,-17.12622],[145.91116,-17.13144],[145.91147,-17.13664],[145.91314,-17.14123],[145.91669,-17.14393],[145.9207,-17.15132],[145.92175,-17.15532],[145.92528,-17.1591],[145.92439,-17.16073],[145.92524,-17.16257],[145.92462,-17.16645],[145.96483,-17.17049],[145.96512,-17.16935],[145.95577,-17.16283],[145.95523,-17.1604],[145.95298,-17.15802],[145.95173,-17.15313],[145.95192,-17.14852],[145.95038,-17.14924],[145.95289,-17.14571],[145.95145,-17.14202],[145.95047,-17.13433],[145.94852,-17.12999],[145.94551,-17.12861],[145.94049,-17.12456],[145.93886,-17.12416],[145.93716,-17.12185],[145.93408,-17.12041],[145.93252,-17.11837],[145.92922,-17.1176],[145.92755,-17.11562],[145.92627,-17.11214],[145.92198,-17.10744],[145.91873,-17.0932],[145.91642,-17.08777],[145.91279,-17.0867],[145.91042,-17.08312],[145.90749,-17.0817],[145.90402,-17.07647],[145.90093,-17.07409],[145.8971,-17.06708],[145.89238,-17.06542],[145.89132,-17.06347],[145.88961,-17.05596],[145.88918,-17.04694],[145.89144,-17.0304],[145.89046,-17.03231],[145.89037,-17.03178],[145.89651,-17.01441],[145.89928,-17.00822],[145.90064,-17.00772],[145.89936,-17.00688],[145.89878,-17.00811],[145.89738,-17.00777],[145.8942,-17.00403],[145.8937,-17.00465],[145.89431,-17.00594],[145.89345,-17.00557],[145.89336,-17.0065],[145.89218,-17.0063],[145.89223,-17.00713],[145.89085,-17.00805],[145.88978,-17.00824],[145.88904,-17.00787],[145.88875,-17.00915],[145.88851,-17.0095],[145.88901,-17.0077],[145.88837,-17.00763],[145.88798,-17.00713],[145.88834,-17.00647],[145.88841,-17.00701],[145.88847,-17.00752],[145.89093,-17.00789],[145.8921,-17.00709],[145.89215,-17.00606],[145.8933,-17.0063],[145.89308,-17.00571],[145.89363,-17.00429],[145.89422,-17.00379],[145.89714,-17.00697],[145.89853,-17.006],[145.90066,-17.00584],[145.89846,-17.00361],[145.89662,-16.99633],[145.89937,-16.99165],[145.89807,-16.99044],[145.8981,-16.98847],[145.90099,-16.98338],[145.90046,-16.98165],[145.90412,-16.97531],[145.90267,-16.97292],[145.90239,-16.9716],[145.90247,-16.97012],[145.90303,-16.97093],[145.90372,-16.96987],[145.90397,-16.96977],[145.90531,-16.96814],[145.90531,-16.96747],[145.90578,-16.96659],[145.90527,-16.96564],[145.90584,-16.96507],[145.90623,-16.96494],[145.90533,-16.9648],[145.90501,-16.96413],[145.90582,-16.96457],[145.9064,-16.96488],[145.90541,-16.96563],[145.90589,-16.96641],[145.90584,-16.96704],[145.90483,-16.96962],[145.90257,-16.9715],[145.90446,-16.97511],[145.90303,-16.97766],[145.91426,-16.96386],[145.92642,-16.95125],[145.92644,-16.95008],[145.9272,-16.94986],[145.92874,-16.95102],[145.93015,-16.95075],[145.93255,-16.94946],[145.93438,-16.9473],[145.93546,-16.94146],[145.9333,-16.93409],[145.9292,-16.9282],[145.93048,-16.92373],[145.93792,-16.91261],[145.93804,-16.912]]]]},"properties":{"LGA Code":"7600","Abbreviated Name":"Yarrabah Aboriginal","LGA Name":"Yarrabah Aboriginal Shire","Area Sq Km":155.9889,"LDMG Name":"Yarrabah","Police Region Name":"Far Northern Region","Police Region Code":"FNR","Police Region Short Name":"Far North"}}]}