{"type":"FeatureCollection","name":"qld_ddmg_boundaries_gda2020_simp200m","crs":{"type":"name","properties":{"name":"urn:ogc:def:crs:EPSG::7844"}},"features":[{"type":"Feature","geometry":{"type":"MultiPolygon","coordinates":[[[[152.7485,-27.3187],[152.7449,-27.319],[152.7392,-27.3233],[152.7249,-27.3222],[152.7196,-27.3234],[152.7173,-27.3306],[152.7102,-27.3325],[152.6957,-27.3428],[152.6908,-27.3436],[152.6842,-27.3488],[152.6797,-27.3723],[152.6864,-27.3732],[152.6905,-27.3701],[152.6923,-27.36],[152.6995,-27.361],[152.7003,-27.3561],[152.7069,-27.357],[152.7078,-27.3518],[152.7239,-27.354],[152.722,-27.3651],[152.7332,-27.3666],[152.7322,-27.3727],[152.7369,-27.3733],[152.733,-27.396],[152.7372,-27.3929],[152.7434,-27.3947],[152.7404,-27.4002],[152.7414,-27.4062],[152.7472,-27.4071],[152.7458,-27.4152],[152.7481,-27.4155],[152.7475,-27.4233],[152.7442,-27.4278],[152.7427,-27.4364],[152.746,-27.4368],[152.7472,-27.443],[152.7441,-27.4601],[152.7383,-27.4593],[152.7378,-27.4646],[152.7406,-27.4757],[152.7426,-27.4798],[152.7397,-27.4826],[152.738,-27.4946],[152.7305,-27.4972],[152.7397,-27.5053],[152.744,-27.5139],[152.7516,-27.5176],[152.7591,-27.5172],[152.7622,-27.5189],[152.7623,-27.524],[152.7557,-27.5234],[152.7498,-27.5249],[152.7455,-27.5341],[152.7403,-27.5589],[152.7403,-27.5642],[152.7432,-27.5671],[152.7491,-27.5653],[152.7538,-27.5683],[152.7674,-27.556],[152.7726,-27.5595],[152.7798,-27.5597],[152.7853,-27.5562],[152.7827,-27.5516],[152.7865,-27.5504],[152.7893,-27.5545],[152.8033,-27.5559],[152.8052,-27.5575],[152.8201,-27.5559],[152.8235,-27.5504],[152.8325,-27.5469],[152.8408,-27.5452],[152.8398,-27.5398],[152.8305,-27.5368],[152.8315,-27.5331],[152.8417,-27.5309],[152.8472,-27.5328],[152.8527,-27.5427],[152.8519,-27.5497],[152.8495,-27.5548],[152.849,-27.5646],[152.8534,-27.5744],[152.8557,-27.5825],[152.8564,-27.596],[152.8635,-27.5956],[152.8699,-27.581],[152.8765,-27.5799],[152.8916,-27.5931],[152.8946,-27.5995],[152.9008,-27.6024],[152.9038,-27.6056],[152.9122,-27.6065],[152.9155,-27.605],[152.9218,-27.6062],[152.9284,-27.6112],[152.9343,-27.6141],[152.9407,-27.6234],[152.9409,-27.6287],[152.9479,-27.6321],[152.9564,-27.6346],[152.9684,-27.6361],[152.9732,-27.6391],[152.9769,-27.6448],[152.9888,-27.6512],[152.9973,-27.6543],[153.012,-27.6571],[153.0163,-27.6569],[153.0372,-27.6602],[153.04,-27.654],[153.0588,-27.6568],[153.0677,-27.6511],[153.0781,-27.6519],[153.0954,-27.645],[153.0946,-27.6318],[153.0975,-27.6229],[153.0937,-27.6208],[153.0947,-27.6172],[153.1011,-27.6179],[153.106,-27.5931],[153.1219,-27.5953],[153.1231,-27.5874],[153.1564,-27.5918],[153.1598,-27.5958],[153.1714,-27.6033],[153.1733,-27.606],[153.1808,-27.6091],[153.1838,-27.6126],[153.1817,-27.6243],[153.1758,-27.6235],[153.1738,-27.6342],[153.1823,-27.6341],[153.1832,-27.6383],[153.1876,-27.6407],[153.1939,-27.6395],[153.207,-27.6412],[153.2087,-27.6451],[153.2388,-27.6492],[153.2389,-27.6473],[153.2549,-27.6496],[153.2545,-27.6528],[153.2625,-27.654],[153.2629,-27.6561],[153.2799,-27.6584],[153.2827,-27.6742],[153.281,-27.6832],[153.2823,-27.687],[153.2886,-27.6869],[153.2866,-27.6933],[153.2925,-27.692],[153.293,-27.6978],[153.301,-27.7087],[153.3089,-27.7105],[153.3171,-27.7077],[153.3207,-27.7051],[153.3278,-27.6958],[153.3387,-27.6969],[153.3545,-27.6909],[153.3592,-27.6912],[153.362,-27.7005],[153.3618,-27.7078],[153.3668,-27.7125],[153.3704,-27.7089],[153.3744,-27.7082],[153.3805,-27.7112],[153.3876,-27.7074],[153.392,-27.708],[153.3931,-27.7151],[153.4014,-27.7216],[153.4046,-27.7285],[153.4051,-27.7338],[153.4083,-27.7408],[153.4156,-27.7438],[153.4297,-27.7412],[153.4393,-27.7357],[153.4467,-27.7352],[153.4477,-27.7292],[153.4511,-27.7274],[153.4535,-27.7211],[153.454,-27.7019],[153.456,-27.6861],[153.4596,-27.6662],[153.4688,-27.6227],[153.4729,-27.6065],[153.4812,-27.5798],[153.4871,-27.5626],[153.5005,-27.5266],[153.5113,-27.499],[153.5235,-27.4692],[153.5287,-27.458],[153.5413,-27.4377],[153.5464,-27.434],[153.5429,-27.4308],[153.5436,-27.425],[153.5347,-27.4235],[153.5329,-27.4259],[153.5248,-27.4262],[153.5146,-27.4208],[153.5087,-27.422],[153.4981,-27.421],[153.4841,-27.4159],[153.4767,-27.4115],[153.4693,-27.4037],[153.464,-27.3961],[153.4538,-27.3881],[153.4504,-27.3899],[153.4442,-27.3893],[153.4192,-27.3961],[153.3476,-27.4147],[153.2177,-27.4484],[153.2166,-27.4682],[153.2054,-27.466],[153.1987,-27.4604],[153.1999,-27.457],[153.1926,-27.4521],[153.1933,-27.4576],[153.187,-27.4573],[153.1871,-27.4537],[153.1912,-27.4515],[153.194,-27.4448],[153.1864,-27.4449],[153.1816,-27.4423],[153.1767,-27.4338],[153.1817,-27.4329],[153.1848,-27.4259],[153.1936,-27.4226],[153.1886,-27.4131],[153.1884,-27.4083],[153.1832,-27.4008],[153.1761,-27.3985],[153.1686,-27.3993],[153.1677,-27.3939],[153.1839,-27.4001],[153.1904,-27.4077],[153.1932,-27.415],[153.1969,-27.4162],[153.1988,-27.4124],[153.1963,-27.4051],[153.1964,-27.3983],[153.1926,-27.3899],[153.1973,-27.3861],[153.1908,-27.374],[153.1883,-27.3728],[153.2022,-27.3529],[153.1888,-27.3454],[153.1739,-27.3669],[153.155,-27.3631],[153.1512,-27.3565],[153.1427,-27.3514],[153.1282,-27.3532],[153.1127,-27.3465],[153.1105,-27.3441],[153.0893,-27.3302],[153.087,-27.3237],[153.0768,-27.3174],[153.0708,-27.3073],[153.0691,-27.2956],[153.0688,-27.2876],[153.0668,-27.2815],[153.0496,-27.2787],[153.0408,-27.2795],[153.0375,-27.2818],[153.0351,-27.2867],[153.0366,-27.2929],[153.0355,-27.2971],[153.0309,-27.2984],[153.0146,-27.2885],[153.0124,-27.2961],[153.0072,-27.3012],[152.997,-27.3025],[152.9967,-27.3092],[153.0004,-27.3121],[153.0026,-27.3166],[153.0002,-27.3229],[152.9947,-27.3286],[152.9941,-27.3339],[152.9831,-27.3401],[152.9796,-27.346],[152.9793,-27.3498],[152.9826,-27.3532],[152.9874,-27.3547],[152.9878,-27.3595],[152.9817,-27.3586],[152.9807,-27.3641],[152.9831,-27.3681],[152.98,-27.3707],[152.9815,-27.3805],[152.9839,-27.3847],[152.9753,-27.392],[152.9781,-27.3946],[152.9769,-27.4007],[152.9659,-27.3968],[152.9592,-27.4001],[152.9589,-27.4028],[152.9526,-27.4059],[152.9446,-27.406],[152.9279,-27.3941],[152.917,-27.3942],[152.9151,-27.4057],[152.8993,-27.4036],[152.8972,-27.4173],[152.8769,-27.4143],[152.8745,-27.4114],[152.8648,-27.4178],[152.8612,-27.4224],[152.853,-27.4206],[152.8493,-27.4219],[152.8428,-27.4176],[152.8368,-27.4188],[152.8312,-27.4169],[152.8257,-27.4123],[152.8209,-27.4107],[152.8154,-27.4053],[152.8142,-27.4021],[152.8027,-27.3999],[152.7987,-27.4051],[152.7756,-27.4017],[152.7748,-27.3931],[152.7757,-27.3892],[152.7696,-27.3789],[152.7623,-27.3717],[152.7615,-27.3618],[152.7629,-27.3546],[152.7667,-27.3514],[152.772,-27.3499],[152.7719,-27.3432],[152.7676,-27.335],[152.7645,-27.3355],[152.7595,-27.3303],[152.7547,-27.3331],[152.7489,-27.3323],[152.7505,-27.3204],[152.7485,-27.3187]]],[[[153.3633,-27.0628],[153.3669,-27.0734],[153.3699,-27.0891],[153.3703,-27.1026],[153.369,-27.1134],[153.3624,-27.1333],[153.3627,-27.1391],[153.3664,-27.1481],[153.3702,-27.1608],[153.3733,-27.1752],[153.3723,-27.1807],[153.3671,-27.1921],[153.3652,-27.1989],[153.3661,-27.2025],[153.3742,-27.2168],[153.3768,-27.2271],[153.3776,-27.2366],[153.3838,-27.2503],[153.3987,-27.2755],[153.4055,-27.2951],[153.405,-27.2999],[153.422,-27.3312],[153.424,-27.3395],[153.4185,-27.3533],[153.4202,-27.3564],[153.4296,-27.3618],[153.4304,-27.3516],[153.435,-27.3417],[153.4388,-27.337],[153.4378,-27.3289],[153.4325,-27.3189],[153.4248,-27.3009],[153.42,-27.2803],[153.4173,-27.2594],[153.4171,-27.2276],[153.42,-27.1994],[153.4238,-27.1751],[153.4284,-27.1538],[153.4343,-27.1305],[153.446,-27.0903],[153.4574,-27.0558],[153.4626,-27.0424],[153.4672,-27.0335],[153.4682,-27.0286],[153.4623,-27.0282],[153.4572,-27.0244],[153.4526,-27.0247],[153.442,-27.031],[153.4306,-27.0344],[153.42,-27.0343],[153.4029,-27.0368],[153.3815,-27.0454],[153.3755,-27.0489],[153.3734,-27.0529],[153.3648,-27.06],[153.3633,-27.0628]]],[[[153.2358,-27.3347],[153.2375,-27.3446],[153.2455,-27.3497],[153.2562,-27.3495],[153.2602,-27.3451],[153.2649,-27.3334],[153.255,-27.3291],[153.2488,-27.3237],[153.2416,-27.328],[153.2358,-27.3347]]],[[[153.2234,-27.3902],[153.2244,-27.3936],[153.2358,-27.4013],[153.239,-27.4002],[153.2426,-27.3941],[153.243,-27.3895],[153.2406,-27.3785],[153.2335,-27.3742],[153.2278,-27.3813],[153.228,-27.3876],[153.2234,-27.3902]]],[[[153.2247,-27.419],[153.2317,-27.4277],[153.233,-27.4328],[153.2385,-27.4379],[153.2409,-27.4373],[153.2417,-27.4203],[153.239,-27.4179],[153.2247,-27.419]]]]},"properties":{"District Name":"Brisbane","DDMG Name":"Brisbane","Police Region Name":"Brisbane Region","Police Region Code":"BR","Police Region Short Name":"Brisbane","Region Slug":"brisbane","Layer Id":"qld_ddmg_boundaries_gda2020_simp200m","Layer Group":"statewide","Layer Kind":"ddmg","Source":"QPS Disaster Districts, Queensland Police Service, via the Queensland Government Open Data Portal","Source URL":"https://www.data.qld.gov.au/dataset/qps-disaster-districts","Licence":"CC BY 4.0","Licence URL":"https://creativecommons.org/licenses/by/4.0/","Dataset Date":"19/05/2025","Simplification Tolerance M":200,"Coordinate Precision Decimals":4,"CRS":"GDA2020 (EPSG:7844)","Generated":"2026-09-13"},"id":"Brisbane"},{"type":"Feature","geometry":{"type":"Polygon","coordinates":[[[153.2256,-24.516],[152.8844,-24.5153],[152.0845,-24.516],[152.0621,-24.516],[152.0569,-24.5214],[152.0469,-24.5265],[152.0316,-24.53],[152.025,-24.5263],[152.0168,-24.5159],[152.0107,-24.5137],[151.9987,-24.5156],[151.9932,-24.5218],[151.9905,-24.5273],[151.9966,-24.5346],[151.9953,-24.5364],[151.9866,-24.5363],[151.9891,-24.5403],[151.9871,-24.5493],[151.9841,-24.5536],[151.9768,-24.557],[151.9742,-24.5635],[151.9691,-24.5687],[151.9701,-24.5747],[151.9688,-24.5801],[151.9632,-24.5856],[151.9593,-24.5876],[151.9887,-24.5913],[151.9857,-24.6113],[151.9601,-24.6084],[151.9613,-24.6166],[151.9658,-24.6247],[151.9645,-24.6329],[151.9605,-24.6309],[151.9591,-24.6402],[151.9626,-24.6419],[151.9714,-24.6407],[151.9838,-24.6446],[151.9878,-24.6435],[151.9961,-24.6442],[151.9954,-24.6493],[151.9875,-24.6483],[151.9864,-24.6555],[151.9943,-24.6565],[151.9908,-24.6809],[151.9779,-24.6787],[151.9606,-24.6765],[151.9598,-24.6893],[151.9625,-24.701],[151.9611,-24.7033],[151.9535,-24.702],[151.9424,-24.7076],[151.9319,-24.708],[151.9279,-24.7118],[151.9232,-24.7189],[151.9194,-24.7284],[151.9191,-24.7326],[151.9232,-24.7387],[151.9125,-24.7404],[151.9074,-24.7425],[151.897,-24.7443],[151.8926,-24.7425],[151.8903,-24.746],[151.8939,-24.7538],[151.8882,-24.7584],[151.8842,-24.7687],[151.8754,-24.7762],[151.8669,-24.7777],[151.8652,-24.784],[151.861,-24.7866],[151.8492,-24.7865],[151.8461,-24.7908],[151.8397,-24.7901],[151.8419,-24.7819],[151.8385,-24.7766],[151.8314,-24.7733],[151.8254,-24.7686],[151.8143,-24.7661],[151.8115,-24.7592],[151.8061,-24.7558],[151.8039,-24.7499],[151.7985,-24.7446],[151.7878,-24.7405],[151.7508,-24.7358],[151.7451,-24.7698],[151.7433,-24.7657],[151.7283,-24.7554],[151.7221,-24.7451],[151.7207,-24.7362],[151.712,-24.7304],[151.7094,-24.7262],[151.7023,-24.7192],[151.6987,-24.7136],[151.6877,-24.7106],[151.6844,-24.7077],[151.6825,-24.7015],[151.6771,-24.6954],[151.6716,-24.698],[151.6684,-24.703],[151.6608,-24.7073],[151.6539,-24.7071],[151.6449,-24.7145],[151.6523,-24.7177],[151.6525,-24.7231],[151.645,-24.7293],[151.639,-24.7304],[151.6345,-24.7251],[151.6266,-24.7221],[151.6172,-24.7108],[151.6114,-24.7088],[151.6013,-24.7018],[151.5933,-24.6999],[151.5802,-24.7043],[151.5762,-24.702],[151.5692,-24.7102],[151.5653,-24.7105],[151.5617,-24.7041],[151.5527,-24.6983],[151.5436,-24.7006],[151.533,-24.6957],[151.5312,-24.6962],[151.5252,-24.6885],[151.5241,-24.6845],[151.5206,-24.6813],[151.5197,-24.6759],[151.5146,-24.6698],[151.5184,-24.6644],[151.5244,-24.6658],[151.5277,-24.6612],[151.5324,-24.6604],[151.5385,-24.648],[151.5416,-24.6456],[151.5383,-24.6408],[151.5421,-24.6283],[151.5403,-24.6241],[151.5423,-24.6174],[151.537,-24.6141],[151.5337,-24.6074],[151.5238,-24.5999],[151.5117,-24.5981],[151.5048,-24.5936],[151.5092,-24.5863],[151.5082,-24.5817],[151.505,-24.5782],[151.4971,-24.5749],[151.4982,-24.5712],[151.4903,-24.5659],[151.4883,-24.5574],[151.4851,-24.5522],[151.4891,-24.548],[151.4867,-24.5411],[151.4775,-24.536],[151.4706,-24.5366],[151.4667,-24.5394],[151.4685,-24.5433],[151.4637,-24.56],[151.4585,-24.5659],[151.457,-24.5706],[151.4528,-24.5704],[151.4388,-24.563],[151.4335,-24.5635],[151.4356,-24.5711],[151.4423,-24.5769],[151.4332,-24.5916],[151.4245,-24.5958],[151.4157,-24.595],[151.4107,-24.5966],[151.4098,-24.6071],[151.4068,-24.6154],[151.398,-24.6171],[151.3909,-24.6147],[151.3846,-24.6083],[151.3814,-24.6122],[151.376,-24.6129],[151.374,-24.6098],[151.367,-24.6122],[151.3613,-24.6235],[151.3585,-24.6252],[151.3578,-24.6306],[151.3514,-24.6354],[151.3418,-24.6493],[151.3361,-24.6454],[151.327,-24.6455],[151.3228,-24.6442],[151.3177,-24.6481],[151.3153,-24.6472],[151.3093,-24.6524],[151.3103,-24.6565],[151.3069,-24.6579],[151.3065,-24.6665],[151.3023,-24.6683],[151.2973,-24.6677],[151.2918,-24.6575],[151.2835,-24.6551],[151.2748,-24.6538],[151.2721,-24.6562],[151.2669,-24.6538],[151.2642,-24.6599],[151.2557,-24.6625],[151.2536,-24.666],[151.2475,-24.6565],[151.2374,-24.6533],[151.2303,-24.643],[151.2302,-24.639],[151.2243,-24.6386],[151.2201,-24.6339],[151.207,-24.6377],[151.2064,-24.6403],[151.1992,-24.6439],[151.1947,-24.6425],[151.1937,-24.6349],[151.1983,-24.6298],[151.2044,-24.6279],[151.2077,-24.6246],[151.216,-24.6245],[151.2235,-24.6277],[151.2302,-24.6279],[151.2187,-24.5861],[151.2207,-24.5795],[151.2185,-24.5755],[151.2236,-24.5717],[151.2259,-24.567],[151.2244,-24.5642],[151.2284,-24.5372],[151.228,-24.5327],[151.2213,-24.5296],[151.2092,-24.5327],[151.2021,-24.5313],[151.1995,-24.5398],[151.1837,-24.5421],[151.1735,-24.5454],[151.169,-24.5497],[151.1621,-24.5503],[151.1575,-24.547],[151.1568,-24.5413],[151.1529,-24.5377],[151.1543,-24.5321],[151.1523,-24.5269],[151.1559,-24.5217],[151.1541,-24.5127],[151.1554,-24.5076],[151.1614,-24.4989],[151.1616,-24.4933],[151.1643,-24.4868],[151.1689,-24.4845],[151.1692,-24.479],[151.1542,-24.4654],[151.1534,-24.4606],[151.1436,-24.4591],[151.1379,-24.4556],[151.1341,-24.4638],[151.1225,-24.4683],[151.1181,-24.4671],[151.1149,-24.4746],[151.107,-24.4702],[151.1061,-24.4625],[151.0998,-24.4584],[151.0981,-24.4503],[151.0899,-24.441],[151.072,-24.4379],[151.0697,-24.4326],[151.061,-24.4261],[151.0574,-24.4276],[151.0549,-24.4202],[151.0524,-24.4202],[151.0453,-24.4129],[151.0451,-24.4048],[151.0478,-24.4018],[151.0444,-24.3943],[151.0296,-24.3921],[151.0283,-24.3941],[151.0218,-24.3938],[151.0168,-24.397],[151.005,-24.3945],[151.0007,-24.3989],[150.9995,-24.406],[150.9931,-24.4096],[150.9919,-24.4165],[150.9942,-24.4242],[150.9932,-24.4427],[150.9881,-24.4469],[150.9887,-24.4562],[150.9863,-24.4633],[150.9856,-24.4698],[150.9829,-24.4721],[150.9829,-24.4787],[150.9795,-24.483],[150.9795,-24.4914],[150.9743,-24.4954],[150.9707,-24.4959],[150.969,-24.504],[150.9638,-24.5085],[150.9638,-24.5146],[150.966,-24.5206],[150.9679,-24.5334],[150.9727,-24.5368],[150.9814,-24.5492],[150.9747,-24.5489],[150.9698,-24.5523],[150.9691,-24.5611],[150.9698,-24.5697],[150.9728,-24.5764],[150.969,-24.5786],[150.944,-24.5697],[150.9322,-24.5672],[150.8808,-24.552],[150.8791,-24.5566],[150.8712,-24.5556],[150.8674,-24.5599],[150.8557,-24.5583],[150.8527,-24.5516],[150.8491,-24.5512],[150.8483,-24.5569],[150.8447,-24.562],[150.8378,-24.558],[150.8299,-24.56],[150.8261,-24.5555],[150.8188,-24.6035],[150.823,-24.6047],[150.8387,-24.6181],[150.849,-24.6199],[150.8556,-24.6228],[150.8575,-24.6256],[150.8676,-24.631],[150.8828,-24.6252],[150.8897,-24.6318],[150.8976,-24.6305],[150.8982,-24.6369],[150.9008,-24.6423],[150.9111,-24.6504],[150.9076,-24.6533],[150.902,-24.6616],[150.8942,-24.6688],[150.8903,-24.6759],[150.8843,-24.6774],[150.8816,-24.688],[150.878,-24.6891],[150.8749,-24.6963],[150.879,-24.7007],[150.8764,-24.716],[150.873,-24.7218],[150.8652,-24.7244],[150.8584,-24.7225],[150.8546,-24.7238],[150.8287,-24.718],[150.7906,-24.7119],[150.7817,-24.7156],[150.7761,-24.7154],[150.7669,-24.7074],[150.7597,-24.7038],[150.7468,-24.7024],[150.7369,-24.6983],[150.7311,-24.6979],[150.7247,-24.7016],[150.7091,-24.7037],[150.6995,-24.7021],[150.6894,-24.7024],[150.6797,-24.699],[150.6668,-24.7037],[150.6631,-24.7028],[150.6557,-24.6933],[150.6418,-24.6959],[150.6383,-24.7002],[150.6369,-24.7094],[150.6221,-24.7092],[150.6114,-24.7116],[150.587,-24.7305],[150.5865,-24.7315],[150.6018,-24.7896],[150.606,-24.7985],[150.6035,-24.8011],[150.5982,-24.8357],[150.5947,-24.8383],[150.5918,-24.8453],[150.5809,-24.8474],[150.5586,-24.8996],[150.5566,-24.9147],[150.5582,-24.9235],[150.5424,-24.9589],[150.5396,-24.9607],[150.5463,-24.9774],[150.5533,-24.9862],[150.5483,-25.0058],[150.5479,-25.0157],[150.5492,-25.0209],[150.5497,-25.0448],[150.5483,-25.0514],[150.5486,-25.0599],[150.5542,-25.0726],[150.5558,-25.0795],[150.5581,-25.0833],[150.5565,-25.0941],[150.5591,-25.0972],[150.566,-25.1012],[150.5788,-25.1124],[150.5701,-25.1153],[150.5653,-25.1239],[150.5606,-25.127],[150.5566,-25.1338],[150.559,-25.1419],[150.562,-25.1456],[150.562,-25.152],[150.5576,-25.156],[150.5575,-25.1616],[150.5514,-25.1647],[150.531,-25.1648],[150.5185,-25.1705],[150.5082,-25.1736],[150.4981,-25.1866],[150.5023,-25.1926],[150.4864,-25.195],[150.4778,-25.1908],[150.4714,-25.1905],[150.4722,-25.1958],[150.4701,-25.1988],[150.4721,-25.2026],[150.4764,-25.2216],[150.4746,-25.2328],[150.4715,-25.2342],[150.4647,-25.2418],[150.4651,-25.2481],[150.4617,-25.2568],[150.4543,-25.2575],[150.4522,-25.2636],[150.4586,-25.278],[150.4543,-25.281],[150.4436,-25.2819],[150.4422,-25.2885],[150.4464,-25.2924],[150.4461,-25.2984],[150.4485,-25.303],[150.4418,-25.3166],[150.4426,-25.3206],[150.4375,-25.3254],[150.4266,-25.324],[150.4165,-25.3308],[150.4185,-25.336],[150.4179,-25.347],[150.4194,-25.3497],[150.4155,-25.3564],[150.4065,-25.362],[150.4073,-25.3652],[150.4179,-25.3699],[150.414,-25.3721],[150.4118,-25.3768],[150.4069,-25.3785],[150.3955,-25.3904],[150.4045,-25.3976],[150.3991,-25.4028],[150.4019,-25.414],[150.3937,-25.4162],[150.3909,-25.4188],[150.3996,-25.428],[150.4048,-25.4314],[150.3978,-25.4473],[150.3756,-25.4613],[150.3747,-25.4718],[150.3691,-25.4762],[150.3701,-25.4807],[150.376,-25.4828],[150.3746,-25.4894],[150.3767,-25.4904],[150.3854,-25.488],[150.3878,-25.4948],[150.3853,-25.5021],[150.3892,-25.5031],[150.3977,-25.5006],[150.4017,-25.5034],[150.4027,-25.5077],[150.3918,-25.52],[150.3943,-25.5268],[150.3921,-25.5315],[150.4043,-25.5372],[150.4026,-25.5415],[150.4033,-25.5518],[150.4102,-25.5614],[150.4125,-25.5676],[150.408,-25.5802],[150.4038,-25.5837],[150.401,-25.5936],[150.402,-25.5986],[150.407,-25.5964],[150.4142,-25.5971],[150.4152,-25.6013],[150.4265,-25.6028],[150.4371,-25.6064],[150.441,-25.6015],[150.4461,-25.5989],[150.482,-25.6054],[150.484,-25.6062],[150.4955,-25.6284],[150.5038,-25.636],[150.5172,-25.6407],[150.5242,-25.6454],[150.5378,-25.6417],[150.5458,-25.6404],[150.553,-25.6416],[150.5612,-25.6394],[150.5703,-25.6382],[150.5853,-25.6435],[150.5912,-25.6527],[150.612,-25.6543],[150.6542,-25.6598],[150.6556,-25.672],[150.6588,-25.6787],[150.6638,-25.6812],[150.6636,-25.6843],[150.6565,-25.6922],[150.6563,-25.6974],[150.6518,-25.6987],[150.6465,-25.7052],[150.6432,-25.7156],[150.6496,-25.7262],[150.6643,-25.7327],[150.6629,-25.7449],[150.6637,-25.7576],[150.6665,-25.7637],[150.6598,-25.7733],[150.6502,-25.7742],[150.6465,-25.7788],[150.6441,-25.7862],[150.6569,-25.801],[150.6492,-25.8033],[150.6577,-25.8137],[150.6704,-25.8205],[150.6718,-25.827],[150.6788,-25.8304],[150.6951,-25.8502],[150.6987,-25.8567],[150.6948,-25.8645],[150.6931,-25.8721],[150.6872,-25.879],[150.68,-25.8827],[150.6784,-25.889],[150.6798,-25.898],[150.6851,-25.9052],[150.685,-25.9139],[150.6806,-25.9225],[150.6795,-25.9285],[150.6689,-25.9427],[150.6693,-25.9492],[150.6731,-25.9572],[150.6745,-25.9632],[150.6728,-25.9696],[150.6818,-25.9702],[150.6907,-25.9724],[150.7021,-25.9739],[150.7144,-25.9848],[150.7197,-25.9852],[150.7256,-25.981],[150.7298,-25.9802],[150.739,-25.9811],[150.7569,-25.9807],[150.7636,-25.9816],[150.767,-25.9911],[150.7736,-25.9983],[150.7775,-26.0086],[150.7758,-26.0122],[150.7832,-26.0156],[150.786,-26.0186],[150.7854,-26.0224],[150.7809,-26.0285],[150.79,-26.0489],[150.8496,-26.0564],[150.9039,-26.0194],[150.9064,-26.0127],[150.906,-26.0083],[150.9141,-26.0041],[150.9204,-26.005],[150.9268,-26.0118],[150.9325,-26.0131],[150.9498,-26.01],[150.9622,-26.0139],[150.984,-26.0078],[150.9834,-26.0115],[150.9892,-26.0152],[150.9939,-26.0312],[151.003,-26.0433],[151.002,-26.0496],[151.0085,-26.0596],[151.0104,-26.0711],[151.0159,-26.0771],[151.0325,-26.0851],[151.0401,-26.0876],[151.0484,-26.0887],[151.0592,-26.0882],[151.0674,-26.0852],[151.0738,-26.0952],[151.0788,-26.0967],[151.1144,-26.0908],[151.1128,-26.0888],[151.1152,-26.0827],[151.1146,-26.0772],[151.1065,-26.0793],[151.0999,-26.0752],[151.1009,-26.0706],[151.1081,-26.0625],[151.1101,-26.0482],[151.11,-26.0428],[151.1342,-26.0469],[151.1417,-26.0502],[151.1512,-26.0508],[151.248,-26.0633],[151.2741,-26.067],[151.279,-26.0696],[151.2876,-26.0685],[151.2986,-26.0735],[151.3084,-26.066],[151.3127,-26.0587],[151.3264,-26.0436],[151.3295,-26.0417],[151.3306,-26.0354],[151.3249,-26.0299],[151.324,-26.0257],[151.34,-26.0118],[151.3484,-26.0121],[151.355,-26.006],[151.3821,-26.0096],[151.4685,-26.0034],[151.4734,-26.0017],[151.4726,-25.9922],[151.4735,-25.9893],[151.4794,-25.9904],[151.4828,-25.9875],[151.4837,-25.9767],[151.4893,-25.9745],[151.4877,-25.9662],[151.496,-25.9602],[151.502,-25.9517],[151.4991,-25.9429],[151.505,-25.9252],[151.504,-25.921],[151.4966,-25.9182],[151.4894,-25.9205],[151.487,-25.9183],[151.4911,-25.913],[151.4902,-25.9077],[151.4821,-25.9032],[151.4826,-25.9],[151.4872,-25.8943],[151.4912,-25.8949],[151.4948,-25.9005],[151.4944,-25.9055],[151.4993,-25.9104],[151.5084,-25.9099],[151.5173,-25.8573],[151.5243,-25.8551],[151.5282,-25.8564],[151.5361,-25.8542],[151.5388,-25.8565],[151.5462,-25.8547],[151.5537,-25.8591],[151.5597,-25.857],[151.5803,-25.86],[151.5844,-25.8645],[151.589,-25.8652],[151.6004,-25.8605],[151.6041,-25.8554],[151.6127,-25.8549],[151.6196,-25.8596],[151.6279,-25.8609],[151.6318,-25.8686],[151.635,-25.8712],[151.6413,-25.8692],[151.6447,-25.8728],[151.6532,-25.873],[151.65,-25.8816],[151.6597,-25.8889],[151.6575,-25.8932],[151.6616,-25.897],[151.6571,-25.9122],[151.6651,-25.9126],[151.6915,-25.9179],[151.7027,-25.9258],[151.7156,-25.9324],[151.7256,-25.9337],[151.7364,-25.9388],[151.7438,-25.9336],[151.7489,-25.9343],[151.7569,-25.9381],[151.7628,-25.9364],[151.764,-25.9316],[151.7699,-25.9291],[151.7772,-25.9227],[151.7781,-25.915],[151.7763,-25.9126],[151.7763,-25.9048],[151.7793,-25.9004],[151.7805,-25.8942],[151.7756,-25.8886],[151.7741,-25.8845],[151.7757,-25.8782],[151.7756,-25.8713],[151.7728,-25.862],[151.7694,-25.8598],[151.7673,-25.8532],[151.7701,-25.8494],[151.7698,-25.8433],[151.7664,-25.8395],[151.7668,-25.8328],[151.7647,-25.8271],[151.7669,-25.8232],[151.7717,-25.8215],[151.7747,-25.8143],[151.773,-25.8118],[151.765,-25.8104],[151.7645,-25.8068],[151.7577,-25.8049],[151.7578,-25.8013],[151.7624,-25.7992],[151.7676,-25.7874],[151.7758,-25.7897],[151.7808,-25.7894],[151.7808,-25.7861],[151.7754,-25.7793],[151.7795,-25.7735],[151.7887,-25.7721],[151.791,-25.767],[151.7899,-25.7585],[151.8003,-25.7569],[151.8058,-25.7593],[151.8105,-25.7634],[151.8083,-25.7667],[151.8113,-25.7709],[151.8136,-25.7801],[151.813,-25.785],[151.8183,-25.7869],[151.8264,-25.7829],[151.8287,-25.7848],[151.829,-25.7945],[151.8403,-25.7983],[151.8458,-25.8039],[151.8626,-25.8068],[151.8745,-25.8151],[151.8723,-25.8203],[151.8763,-25.8276],[151.8771,-25.8331],[151.8805,-25.8347],[151.8821,-25.842],[151.889,-25.8423],[151.8924,-25.8489],[151.891,-25.852],[151.892,-25.8589],[151.8957,-25.8652],[151.9032,-25.8703],[151.9127,-25.8725],[151.9213,-25.8679],[151.9284,-25.8675],[151.9304,-25.8629],[151.9346,-25.8627],[151.9377,-25.856],[151.9443,-25.8508],[151.9482,-25.8507],[151.9508,-25.8454],[151.9552,-25.8425],[151.9593,-25.833],[151.9629,-25.8339],[151.9702,-25.8304],[151.9687,-25.8229],[151.972,-25.8164],[151.9732,-25.8107],[151.9788,-25.8135],[151.9861,-25.8011],[151.9847,-25.7937],[151.9855,-25.7888],[151.989,-25.7832],[151.9865,-25.7785],[151.9903,-25.7737],[151.995,-25.7737],[151.9977,-25.771],[151.9965,-25.7508],[151.9977,-25.7467],[151.9953,-25.7371],[151.9802,-25.7334],[151.9824,-25.729],[151.9821,-25.7153],[151.9883,-25.7147],[151.9967,-25.7115],[152.003,-25.7178],[152.0098,-25.7137],[152.0141,-25.7087],[152.0164,-25.6898],[152.0153,-25.686],[152.0176,-25.6802],[152.011,-25.674],[152.0125,-25.6651],[152.0187,-25.6573],[152.0271,-25.6504],[152.0299,-25.6422],[152.0383,-25.6426],[152.0415,-25.6196],[152.0459,-25.613],[152.0527,-25.6159],[152.0559,-25.6275],[152.0647,-25.6215],[152.0762,-25.6254],[152.0828,-25.6327],[152.0908,-25.6364],[152.0927,-25.6324],[152.1043,-25.629],[152.1088,-25.626],[152.1121,-25.6268],[152.1154,-25.6231],[152.1159,-25.6154],[152.1122,-25.611],[152.11,-25.6035],[152.1115,-25.5984],[152.1242,-25.5959],[152.125,-25.5922],[152.1301,-25.591],[152.1296,-25.5876],[152.1398,-25.587],[152.1459,-25.5843],[152.1543,-25.5831],[152.1646,-25.5743],[152.1631,-25.5597],[152.1658,-25.5473],[152.1689,-25.5419],[152.1757,-25.5357],[152.1794,-25.5291],[152.1794,-25.523],[152.1936,-25.5191],[152.2012,-25.5197],[152.207,-25.5186],[152.21,-25.521],[152.2157,-25.5201],[152.215,-25.513],[152.2273,-25.5145],[152.2303,-25.5193],[152.2332,-25.515],[152.2393,-25.5152],[152.2523,-25.5213],[152.2635,-25.5216],[152.269,-25.5227],[152.2693,-25.5154],[152.2721,-25.5127],[152.2727,-25.5063],[152.2686,-25.5035],[152.2707,-25.4898],[152.2744,-25.4877],[152.2734,-25.4831],[152.2685,-25.4817],[152.262,-25.4765],[152.2636,-25.4704],[152.2602,-25.4619],[152.262,-25.459],[152.2725,-25.4322],[152.2986,-25.4102],[152.2991,-25.4081],[152.308,-25.4064],[152.32,-25.4075],[152.324,-25.4016],[152.327,-25.4016],[152.3357,-25.3922],[152.3341,-25.3894],[152.3367,-25.3859],[152.3346,-25.3825],[152.347,-25.3751],[152.3545,-25.3661],[152.359,-25.3665],[152.3644,-25.3635],[152.373,-25.363],[152.3724,-25.353],[152.3847,-25.3562],[152.4062,-25.3345],[152.4095,-25.3127],[152.4158,-25.2901],[152.441,-25.2486],[152.449,-25.2334],[152.4506,-25.2283],[152.4593,-25.2238],[152.4688,-25.2151],[152.4738,-25.2168],[152.4834,-25.2169],[152.494,-25.2097],[152.5011,-25.2108],[152.5039,-25.2089],[152.5101,-25.2092],[152.5122,-25.2129],[152.512,-25.2188],[152.517,-25.2213],[152.5246,-25.2149],[152.5255,-25.2108],[152.5335,-25.2127],[152.5472,-25.2068],[152.5478,-25.2007],[152.542,-25.1938],[152.5442,-25.1882],[152.554,-25.1817],[152.5576,-25.1759],[152.562,-25.1718],[152.5689,-25.1684],[152.5779,-25.1686],[152.5864,-25.173],[152.6023,-25.1724],[152.6095,-25.175],[152.6141,-25.1795],[152.624,-25.1814],[152.8006,-25.1817],[152.8807,-25.1817],[153.0006,-25.1817],[153.0252,-25.182],[153.0313,-25.1769],[153.0517,-25.1683],[153.0628,-25.1627],[153.082,-25.1497],[153.0942,-25.1397],[153.1057,-25.1313],[153.1127,-25.1252],[153.129,-25.1135],[153.137,-25.1052],[153.1599,-25.0844],[153.1684,-25.0745],[153.1776,-25.0616],[153.2003,-25.0324],[153.209,-25.0188],[153.2221,-24.9957],[153.226,-24.9846],[153.2267,-24.9764],[153.2325,-24.9541],[153.2341,-24.9393],[153.2331,-24.929],[153.2304,-24.9204],[153.2256,-24.911],[153.2124,-24.8917],[153.1968,-24.8657],[153.1831,-24.8463],[153.1735,-24.836],[153.1649,-24.8286],[153.1558,-24.8223],[153.1477,-24.8182],[153.137,-24.8148],[153.1316,-24.8143],[153.1233,-24.8169],[153.1175,-24.8149],[153.1239,-24.8031],[153.129,-24.7964],[153.1521,-24.7743],[153.1572,-24.7685],[153.1655,-24.756],[153.1734,-24.7468],[153.1821,-24.7387],[153.2079,-24.7193],[153.2154,-24.7146],[153.2356,-24.7044],[153.2511,-24.6976],[153.2572,-24.6979],[153.2648,-24.7003],[153.2628,-24.6805],[153.2256,-24.516]]]},"properties":{"District Name":"Bundaberg","DDMG Name":"Bundaberg","Police Region Name":"North Coast Region","Police Region Code":"NCR","Police Region Short Name":"North Coast","Region Slug":"north_coast","Layer Id":"qld_ddmg_boundaries_gda2020_simp200m","Layer Group":"statewide","Layer Kind":"ddmg","Source":"QPS Disaster Districts, Queensland Police Service, via the Queensland Government Open Data Portal","Source URL":"https://www.data.qld.gov.au/dataset/qps-disaster-districts","Licence":"CC BY 4.0","Licence URL":"https://creativecommons.org/licenses/by/4.0/","Dataset Date":"19/05/2025","Simplification Tolerance M":200,"Coordinate Precision Decimals":4,"CRS":"GDA2020 (EPSG:7844)","Generated":"2026-09-13"},"id":"Bundaberg"},{"type":"Feature","geometry":{"type":"MultiPolygon","coordinates":[[[[145.1664,-16.3589],[145.169,-16.3595],[145.1748,-16.3696],[145.172,-16.3723],[145.1779,-16.3825],[145.1904,-16.394],[145.1954,-16.3947],[145.1994,-16.3981],[145.2062,-16.3967],[145.214,-16.3999],[145.2156,-16.4104],[145.213,-16.4143],[145.2085,-16.4169],[145.2088,-16.42],[145.2191,-16.4241],[145.2217,-16.4291],[145.2256,-16.4311],[145.2267,-16.4391],[145.2286,-16.4421],[145.2359,-16.4459],[145.2404,-16.4456],[145.2443,-16.4575],[145.2429,-16.4643],[145.2523,-16.4643],[145.2594,-16.4682],[145.2677,-16.4658],[145.2658,-16.4719],[145.2595,-16.479],[145.2585,-16.4846],[145.2695,-16.4901],[145.2644,-16.4933],[145.2648,-16.5],[145.272,-16.4994],[145.272,-16.5043],[145.2739,-16.5126],[145.2786,-16.5142],[145.2792,-16.5181],[145.2866,-16.5229],[145.2902,-16.5298],[145.2972,-16.5311],[145.295,-16.5342],[145.2982,-16.5381],[145.3027,-16.5375],[145.3071,-16.5312],[145.3111,-16.532],[145.3133,-16.5362],[145.3201,-16.5381],[145.3198,-16.5408],[145.3263,-16.5418],[145.3258,-16.5518],[145.3301,-16.5516],[145.3364,-16.5466],[145.3456,-16.5475],[145.3515,-16.5516],[145.3547,-16.5564],[145.3611,-16.5496],[145.363,-16.5432],[145.3672,-16.5397],[145.3675,-16.5366],[145.3721,-16.5329],[145.3736,-16.5191],[145.3843,-16.5202],[145.3854,-16.5104],[145.4041,-16.5123],[145.4107,-16.52],[145.4077,-16.5223],[145.4155,-16.5296],[145.4332,-16.552],[145.4319,-16.5688],[145.4393,-16.5697],[145.4449,-16.5744],[145.4423,-16.5788],[145.4444,-16.5937],[145.4418,-16.5986],[145.4491,-16.5994],[145.4486,-16.6045],[145.4365,-16.6033],[145.4438,-16.6101],[145.4493,-16.6106],[145.4472,-16.6435],[145.4549,-16.6444],[145.4588,-16.6488],[145.4697,-16.649],[145.4696,-16.6458],[145.4777,-16.6431],[145.4874,-16.6417],[145.4907,-16.645],[145.4952,-16.642],[145.5018,-16.6406],[145.5074,-16.6351],[145.5147,-16.6297],[145.5171,-16.6302],[145.5227,-16.6231],[145.5299,-16.6234],[145.5211,-16.634],[145.5238,-16.6464],[145.52,-16.6488],[145.5213,-16.6536],[145.5137,-16.6647],[145.5179,-16.675],[145.5224,-16.6715],[145.5265,-16.6714],[145.529,-16.6747],[145.5388,-16.678],[145.5439,-16.687],[145.5515,-16.6925],[145.5572,-16.6922],[145.5654,-16.6937],[145.5718,-16.6974],[145.5755,-16.7012],[145.5824,-16.7015],[145.5865,-16.7059],[145.6031,-16.7111],[145.6057,-16.7146],[145.6158,-16.7151],[145.6231,-16.721],[145.6313,-16.7246],[145.6308,-16.7311],[145.6335,-16.7361],[145.6393,-16.737],[145.6476,-16.7423],[145.6419,-16.751],[145.6451,-16.754],[145.6491,-16.7617],[145.6486,-16.7688],[145.6517,-16.773],[145.652,-16.7837],[145.6558,-16.7906],[145.6539,-16.8032],[145.6549,-16.8065],[145.6597,-16.8124],[145.6603,-16.8171],[145.666,-16.8198],[145.6654,-16.8295],[145.664,-16.8342],[145.6599,-16.8382],[145.6694,-16.8453],[145.6623,-16.8481],[145.6599,-16.8462],[145.6474,-16.8513],[145.6491,-16.8574],[145.6554,-16.859],[145.6588,-16.8634],[145.6661,-16.8662],[145.6661,-16.8689],[145.6553,-16.8741],[145.6509,-16.88],[145.6633,-16.881],[145.6693,-16.8896],[145.6736,-16.8941],[145.6681,-16.9096],[145.6609,-16.9169],[145.6635,-16.9203],[145.6615,-16.9287],[145.6575,-16.9303],[145.6499,-16.9453],[145.6518,-16.9501],[145.6499,-16.9568],[145.6512,-16.9695],[145.6544,-16.9715],[145.6514,-16.9774],[145.6397,-16.9857],[145.6371,-16.9961],[145.6336,-16.9986],[145.633,-17.0033],[145.6303,-17.0046],[145.6319,-17.013],[145.6347,-17.0183],[145.6396,-17.0216],[145.6355,-17.0319],[145.6215,-17.0444],[145.615,-17.049],[145.6196,-17.0596],[145.6164,-17.0632],[145.6173,-17.0692],[145.6226,-17.0677],[145.6323,-17.0725],[145.633,-17.0775],[145.6275,-17.0837],[145.6236,-17.0856],[145.6239,-17.0968],[145.6305,-17.0989],[145.6316,-17.1016],[145.6372,-17.1032],[145.6393,-17.1059],[145.6365,-17.1091],[145.6393,-17.1176],[145.6422,-17.1224],[145.6526,-17.1245],[145.6546,-17.1263],[145.6559,-17.1353],[145.6542,-17.1391],[145.6602,-17.1539],[145.6696,-17.1544],[145.6705,-17.1583],[145.6752,-17.1616],[145.6701,-17.1718],[145.7045,-17.1746],[145.7041,-17.2125],[145.7131,-17.2134],[145.7206,-17.2318],[145.7563,-17.2485],[145.7614,-17.2386],[145.7709,-17.2362],[145.7742,-17.2408],[145.7727,-17.2473],[145.775,-17.2521],[145.7793,-17.2555],[145.7794,-17.2629],[145.7826,-17.2633],[145.7857,-17.27],[145.7853,-17.2796],[145.7912,-17.2815],[145.7925,-17.2874],[145.8005,-17.2965],[145.8,-17.3018],[145.7949,-17.3037],[145.7973,-17.3121],[145.7907,-17.3127],[145.7856,-17.3183],[145.7877,-17.3216],[145.7867,-17.3332],[145.7808,-17.3453],[145.7826,-17.3481],[145.7812,-17.3533],[145.7919,-17.3649],[145.8015,-17.3702],[145.8118,-17.3837],[145.8178,-17.3887],[145.8213,-17.3939],[145.8183,-17.3993],[145.8215,-17.4044],[145.8243,-17.4123],[145.8236,-17.421],[145.8263,-17.4279],[145.8321,-17.4376],[145.8318,-17.4457],[145.8342,-17.4501],[145.8399,-17.4542],[145.8351,-17.4974],[145.8415,-17.4995],[145.8503,-17.5001],[145.8558,-17.5023],[145.858,-17.5055],[145.8665,-17.5048],[145.8748,-17.5013],[145.8786,-17.4982],[145.8823,-17.4905],[145.8864,-17.4917],[145.8926,-17.49],[145.8946,-17.4813],[145.9038,-17.4763],[145.9061,-17.4801],[145.9136,-17.4849],[145.9182,-17.4957],[145.9217,-17.5003],[145.93,-17.5032],[145.9365,-17.4944],[145.9403,-17.4945],[145.9504,-17.4914],[145.9476,-17.487],[145.9475,-17.4792],[145.9497,-17.4566],[145.9536,-17.457],[145.9555,-17.4455],[145.9593,-17.4484],[145.9656,-17.4497],[145.9661,-17.445],[145.9782,-17.4452],[145.9935,-17.4466],[145.9937,-17.4447],[146.0226,-17.4474],[146.0222,-17.4512],[146.0316,-17.452],[146.0366,-17.4495],[146.0407,-17.4379],[146.0351,-17.4343],[146.0384,-17.4301],[146.0459,-17.433],[146.0471,-17.4223],[146.0445,-17.419],[146.0541,-17.4159],[146.0625,-17.4079],[146.0614,-17.4024],[146.0719,-17.4034],[146.0851,-17.4029],[146.151,-17.4031],[146.5602,-17.4015],[146.5607,-17.387],[146.5634,-17.3756],[146.5588,-17.3714],[146.5426,-17.3491],[146.5418,-17.3438],[146.5345,-17.321],[146.5418,-17.3162],[146.5571,-17.302],[146.5485,-17.2784],[146.55,-17.2734],[146.5495,-17.2675],[146.5448,-17.2573],[146.5403,-17.2554],[146.5447,-17.211],[146.5496,-17.204],[146.5529,-17.1945],[146.551,-17.1834],[146.5465,-17.1763],[146.5143,-17.0972],[146.4694,-17.0466],[146.4713,-17.0386],[146.4695,-17.0303],[146.5243,-16.9941],[146.5291,-16.9917],[146.5284,-16.989],[146.523,-16.9879],[146.4884,-16.967],[146.4598,-16.9484],[146.4568,-16.9365],[146.4523,-16.926],[146.4493,-16.9247],[146.4049,-16.8669],[146.3572,-16.8545],[146.3553,-16.8478],[146.3564,-16.8307],[146.36,-16.814],[146.3557,-16.803],[146.2843,-16.7823],[146.2811,-16.7789],[146.2805,-16.7381],[146.2813,-16.7351],[146.2779,-16.7307],[146.2706,-16.7288],[146.2596,-16.6985],[146.259,-16.6927],[146.2564,-16.6868],[146.2516,-16.6842],[146.1664,-16.609],[146.1637,-16.6044],[146.1325,-16.5292],[146.133,-16.5265],[146.1283,-16.5237],[146.1149,-16.5043],[146.1009,-16.4851],[146.0836,-16.4283],[146.081,-16.4234],[146.0544,-16.4033],[146.0508,-16.3949],[146.0489,-16.3951],[145.9224,-16.3342],[145.922,-16.3247],[145.9186,-16.3186],[145.9141,-16.3163],[145.9024,-16.279],[145.891,-16.245],[145.901,-16.2385],[145.9105,-16.2155],[145.9113,-16.2095],[145.9115,-16.1945],[145.9072,-16.184],[145.8999,-16.1792],[145.8884,-16.1742],[145.8651,-16.1149],[145.8686,-16.1092],[145.8706,-16.0969],[145.8628,-16.0863],[145.8637,-16.0651],[145.8663,-16.0638],[145.8705,-16.0526],[145.8694,-16.0438],[145.8651,-16.0306],[145.8619,-16.0247],[145.854,-16.0163],[145.8478,-16.0109],[145.841,-15.9919],[145.8401,-15.9826],[145.836,-15.9765],[145.8286,-15.9704],[145.8288,-15.9602],[145.8319,-15.9526],[145.8324,-15.9382],[145.8243,-15.9132],[145.8181,-15.8813],[145.8191,-15.8742],[145.8175,-15.8684],[145.8171,-15.8575],[145.8284,-15.8307],[145.828,-15.8241],[145.8229,-15.8145],[145.8168,-15.7819],[145.8141,-15.7763],[145.7966,-15.7544],[145.7959,-15.7484],[145.7965,-15.7389],[145.799,-15.7347],[145.8063,-15.7292],[145.8073,-15.7185],[145.8061,-15.7078],[145.8139,-15.6625],[145.8159,-15.6569],[145.8146,-15.6528],[145.8173,-15.6369],[145.8153,-15.6339],[145.8055,-15.613],[145.8038,-15.598],[145.7942,-15.579],[145.8003,-15.5626],[145.7989,-15.5569],[145.8048,-15.546],[145.8061,-15.5362],[145.8006,-15.5205],[145.8059,-15.5109],[145.8111,-15.4913],[145.8104,-15.4867],[145.8111,-15.4723],[145.8083,-15.4634],[145.802,-15.447],[145.804,-15.4414],[145.8046,-15.4294],[145.8031,-15.4214],[145.7924,-15.4024],[145.7876,-15.375],[145.7868,-15.368],[145.784,-15.3579],[145.7835,-15.3482],[145.7799,-15.3352],[145.767,-15.3148],[145.7661,-15.3066],[145.7609,-15.3007],[145.7562,-15.2882],[145.7567,-15.281],[145.7551,-15.2763],[145.7547,-15.266],[145.7531,-15.2608],[145.7488,-15.2553],[145.7485,-15.2333],[145.7496,-15.2308],[145.749,-15.218],[145.7523,-15.208],[145.7526,-15.2033],[145.743,-15.1983],[145.7398,-15.1942],[145.7383,-15.1868],[145.7392,-15.1791],[145.7418,-15.1738],[145.7411,-15.1663],[145.7348,-15.1606],[145.7331,-15.1545],[145.736,-15.1414],[145.7334,-15.1373],[145.7255,-15.1153],[145.7287,-15.0944],[145.7366,-15.0802],[145.7357,-15.0683],[145.7304,-15.0602],[145.7283,-15.053],[145.729,-15.0447],[145.7206,-15.0391],[145.7168,-15.0335],[145.7137,-15.0141],[145.7159,-15.0097],[145.7178,-14.9984],[145.7164,-14.9891],[145.7183,-14.9839],[145.7159,-14.9717],[145.711,-14.9689],[145.7043,-14.9527],[145.7166,-14.9206],[145.7246,-14.9117],[145.728,-14.8986],[145.7329,-14.8823],[145.7333,-14.8663],[145.7319,-14.8522],[145.7269,-14.834],[145.7274,-14.8259],[145.7242,-14.8192],[145.7246,-14.8123],[145.7184,-14.7843],[145.7174,-14.7757],[145.7145,-14.767],[145.7118,-14.745],[145.7072,-14.7438],[145.7046,-14.7391],[145.7045,-14.7246],[145.7006,-14.7187],[145.6994,-14.7058],[145.6955,-14.6989],[145.6848,-14.6904],[145.6815,-14.6894],[145.6787,-14.6765],[145.6726,-14.6758],[145.668,-14.672],[145.6657,-14.6594],[145.6539,-14.6465],[145.652,-14.6343],[145.6473,-14.625],[145.6376,-14.6229],[145.6339,-14.618],[145.6285,-14.6072],[145.6257,-14.5951],[145.6279,-14.5918],[145.6265,-14.582],[145.6181,-14.5748],[145.6106,-14.567],[145.6099,-14.556],[145.6,-14.5453],[145.5958,-14.5442],[145.5911,-14.5335],[145.5811,-14.5235],[145.5746,-14.5221],[145.5615,-14.5062],[145.5611,-14.5013],[145.5518,-14.4914],[145.5494,-14.4867],[145.538,-14.4756],[145.5335,-14.4727],[145.5285,-14.4717],[145.5225,-14.4727],[145.5117,-14.4625],[145.5091,-14.4553],[145.5017,-14.4464],[145.4923,-14.4372],[145.4851,-14.4317],[145.4723,-14.4294],[145.4674,-14.4276],[145.4517,-14.4281],[145.4481,-14.4315],[145.4274,-14.4268],[145.4269,-14.4245],[145.4214,-14.4201],[145.4049,-14.3926],[145.4049,-14.3869],[145.3994,-14.3788],[145.3847,-14.3707],[145.3783,-14.371],[145.3731,-14.369],[145.359,-14.356],[145.351,-14.3535],[145.3382,-14.3459],[145.3173,-14.3463],[145.3054,-14.3436],[145.2955,-14.3436],[145.2927,-14.3425],[145.288,-14.3346],[145.2777,-14.3356],[145.2641,-14.325],[145.2564,-14.317],[145.2531,-14.3088],[145.2414,-14.301],[145.2167,-14.2961],[145.2124,-14.2946],[145.2016,-14.2938],[145.1892,-14.29],[145.1876,-14.288],[145.1774,-14.2841],[145.1682,-14.2822],[145.1617,-14.2776],[145.1556,-14.2766],[145.144,-14.2782],[145.1322,-14.2758],[145.1307,-14.2723],[145.1262,-14.2698],[145.1169,-14.2618],[145.1136,-14.2619],[145.1062,-14.258],[145.0958,-14.2541],[145.0869,-14.2539],[145.0807,-14.252],[145.0767,-14.2488],[145.0711,-14.2417],[145.0564,-14.2318],[145.0404,-14.233],[145.0291,-14.2323],[145.0166,-14.2297],[145.0141,-14.2274],[145.0058,-14.2271],[144.9996,-14.2255],[144.9893,-14.2268],[144.9856,-14.2287],[144.962,-14.2243],[144.958,-14.2225],[144.9519,-14.2172],[144.95,-14.2104],[144.9458,-14.2067],[144.9432,-14.1996],[144.9321,-14.1932],[144.9272,-14.1919],[144.9185,-14.197],[144.9139,-14.1983],[144.9073,-14.1954],[144.9062,-14.1925],[144.8967,-14.19],[144.89,-14.191],[144.8833,-14.19],[144.8669,-14.1821],[144.8667,-14.1777],[144.8615,-14.164],[144.855,-14.1593],[144.8497,-14.1491],[144.8417,-14.1406],[144.8302,-14.1341],[144.8108,-14.1249],[144.8052,-14.1203],[144.8041,-14.1138],[144.8011,-14.1059],[144.7931,-14.0971],[144.7864,-14.0883],[144.7852,-14.0785],[144.7814,-14.0664],[144.7784,-14.0622],[144.7761,-14.0514],[144.78,-14.0457],[144.7784,-14.0435],[144.7794,-14.0373],[144.7874,-14.026],[144.7875,-14.0191],[144.7801,-14.0114],[144.769,-14.0075],[144.7584,-14.0071],[144.7534,-14.0057],[144.7461,-13.9998],[144.7418,-13.9987],[144.7325,-13.9918],[144.7202,-13.9893],[144.7187,-13.9904],[144.6972,-13.9905],[144.6944,-13.9886],[144.6944,-13.979],[144.6901,-13.971],[144.6787,-13.9627],[144.6749,-13.9547],[144.6738,-13.9466],[144.6701,-13.9452],[144.6518,-13.9207],[144.6156,-13.9196],[144.6052,-13.9143],[144.6021,-13.9163],[144.6012,-13.9235],[144.5974,-13.9266],[144.5894,-13.9297],[144.5889,-13.9329],[144.5749,-13.9578],[144.5707,-13.9615],[144.5407,-13.9719],[144.5295,-13.9696],[144.5118,-13.9714],[144.5031,-13.9707],[144.5012,-13.9729],[144.4739,-13.9769],[144.465,-13.9719],[144.4565,-13.9657],[144.4474,-13.9653],[144.4283,-13.9545],[144.4263,-13.9501],[144.4212,-13.9478],[144.4061,-13.9352],[144.3996,-13.9334],[144.3941,-13.9339],[144.3866,-13.9373],[144.365,-13.9236],[144.3642,-13.9138],[144.3613,-13.9107],[144.3615,-13.9046],[144.3552,-13.8841],[144.3385,-13.862],[144.3231,-13.8452],[144.3066,-13.8314],[144.302,-13.8152],[144.2943,-13.8049],[144.2854,-13.8015],[144.2742,-13.79],[144.2745,-13.7827],[144.2632,-13.7665],[144.2597,-13.7548],[144.2604,-13.7477],[144.2563,-13.7387],[144.24,-13.7257],[144.2329,-13.7237],[144.2244,-13.7162],[144.2121,-13.7109],[144.1948,-13.696],[144.1885,-13.6939],[144.1877,-13.6906],[144.1827,-13.6815],[144.1729,-13.6749],[144.1648,-13.6663],[144.1619,-13.6475],[144.1578,-13.6443],[144.1124,-13.6206],[144.1091,-13.616],[144.1063,-13.6023],[144.1101,-13.5826],[144.1078,-13.5702],[144.1158,-13.5559],[144.1165,-13.5463],[144.1142,-13.5436],[144.1084,-13.5461],[144.1,-13.5458],[144.0962,-13.5438],[144.091,-13.532],[144.0909,-13.5199],[144.0952,-13.5125],[144.0952,-13.5065],[144.0744,-13.504],[144.0698,-13.4979],[144.0649,-13.4939],[144.0606,-13.4831],[144.0638,-13.4762],[144.0715,-13.4687],[144.0734,-13.4633],[144.0727,-13.4543],[144.0696,-13.4534],[144.0659,-13.4572],[144.0569,-13.4576],[144.0532,-13.4654],[144.0487,-13.4688],[144.0316,-13.4766],[144.0164,-13.4747],[144.0042,-13.462],[144,-13.4613],[143.9855,-13.4433],[143.9865,-13.436],[143.9844,-13.4285],[143.9876,-13.4223],[143.9914,-13.421],[143.9931,-13.4146],[143.9919,-13.4104],[143.9841,-13.3959],[143.9839,-13.3915],[143.9723,-13.3769],[143.9712,-13.3664],[143.9676,-13.3623],[143.9687,-13.3575],[143.9761,-13.3519],[143.9789,-13.3445],[143.9846,-13.3375],[143.9945,-13.334],[143.9955,-13.3306],[143.9935,-13.3251],[143.9886,-13.3225],[143.9856,-13.3176],[143.9854,-13.3085],[143.9797,-13.299],[143.9725,-13.2927],[143.9675,-13.2925],[143.958,-13.2885],[143.9521,-13.2832],[143.9555,-13.276],[143.9558,-13.2721],[143.9523,-13.2649],[143.9544,-13.2591],[143.9591,-13.2581],[143.9689,-13.2522],[143.9767,-13.2486],[143.9812,-13.2369],[143.9812,-13.2328],[143.9776,-13.23],[143.9699,-13.2207],[143.9666,-13.2099],[143.9691,-13.1996],[143.9624,-13.1901],[143.9586,-13.1751],[143.9509,-13.1637],[143.9504,-13.1572],[143.9535,-13.1506],[143.9634,-13.1394],[143.9745,-13.1255],[143.982,-13.114],[143.9823,-13.1063],[143.979,-13.0971],[143.9755,-13.0957],[143.9635,-13.0871],[143.9625,-13.0812],[143.9666,-13.0711],[143.966,-13.0552],[143.9602,-13.0509],[143.9545,-13.0532],[143.9511,-13.0575],[143.9472,-13.067],[143.9427,-13.0704],[143.9057,-13.069],[143.9019,-13.0669],[143.8812,-13.0469],[143.8795,-13.0447],[143.8782,-13.0353],[143.8767,-13.0317],[143.866,-13.0225],[143.8628,-13.0143],[143.8609,-13.0052],[143.8617,-12.9977],[143.848,-12.9836],[143.8461,-12.9804],[143.836,-12.9747],[143.8397,-12.9642],[143.8326,-12.9561],[143.8316,-12.9473],[143.8344,-12.9382],[143.831,-12.9291],[143.8319,-12.9218],[143.8253,-12.9053],[143.8234,-12.8989],[143.8279,-12.8872],[143.8298,-12.8765],[143.8287,-12.869],[143.8311,-12.8659],[143.8353,-12.8659],[143.8454,-12.8624],[143.8553,-12.8516],[143.8552,-12.84],[143.8512,-12.8234],[143.8455,-12.818],[143.8397,-12.8147],[143.836,-12.8099],[143.829,-12.8051],[143.8211,-12.7984],[143.8149,-12.7962],[143.8107,-12.7892],[143.8127,-12.7841],[143.8169,-12.7673],[143.8155,-12.7585],[143.8172,-12.7567],[143.8283,-12.754],[143.8327,-12.7516],[143.8338,-12.7467],[143.827,-12.7423],[143.8207,-12.7365],[143.8188,-12.7325],[143.8141,-12.7287],[143.8165,-12.7214],[143.8152,-12.7106],[143.8187,-12.7061],[143.8254,-12.7016],[143.8424,-12.7014],[143.8506,-12.7024],[143.8542,-12.7004],[143.8624,-12.6908],[143.8623,-12.6862],[143.8559,-12.6791],[143.8516,-12.6721],[143.8509,-12.66],[143.8476,-12.6559],[143.8454,-12.6453],[143.8477,-12.6355],[143.8362,-12.6254],[143.8322,-12.6232],[143.825,-12.6146],[143.8241,-12.6044],[143.8143,-12.5941],[143.8088,-12.5898],[143.8011,-12.578],[143.7968,-12.5759],[143.7989,-12.5606],[143.7979,-12.555],[143.7983,-12.5482],[143.8005,-12.5351],[143.8009,-12.5221],[143.7974,-12.5169],[143.7922,-12.5033],[143.7853,-12.4964],[143.7788,-12.4884],[143.7737,-12.4804],[143.7734,-12.4755],[143.7756,-12.4721],[143.7682,-12.4566],[143.7643,-12.452],[143.7577,-12.4363],[143.7532,-12.4277],[143.7532,-12.4221],[143.7632,-12.4155],[143.7683,-12.4157],[143.7696,-12.4105],[143.789,-12.3982],[143.7902,-12.3884],[143.7884,-12.3874],[143.7872,-12.3756],[143.7914,-12.3724],[143.7959,-12.3641],[143.8125,-12.3544],[143.8246,-12.3504],[143.8291,-12.3462],[143.8364,-12.3435],[143.8372,-12.3352],[143.8468,-12.3344],[143.8522,-12.3329],[143.8542,-12.337],[143.8665,-12.3429],[143.8682,-12.3487],[143.8743,-12.351],[143.8795,-12.3465],[143.8812,-12.342],[143.8753,-12.3322],[143.874,-12.3258],[143.8748,-12.3213],[143.8837,-12.3171],[143.8925,-12.3179],[143.8932,-12.3129],[143.8865,-12.305],[143.8875,-12.2997],[143.8974,-12.2987],[143.9028,-12.3007],[143.9057,-12.2998],[143.9076,-12.2907],[143.9217,-12.2783],[143.9299,-12.2726],[143.9388,-12.2642],[143.9402,-12.2586],[143.9316,-12.2547],[143.9281,-12.2427],[143.931,-12.2363],[143.9322,-12.2271],[143.9378,-12.2193],[143.9478,-12.2178],[143.9511,-12.2127],[143.9468,-12.2095],[143.9688,-12.1001],[143.9743,-12.0957],[143.9703,-12.0913],[143.9658,-12.0828],[143.965,-12.0777],[143.9683,-12.0749],[143.979,-12.0714],[143.9806,-12.0609],[143.9766,-12.057],[143.9732,-12.0448],[143.9775,-12.0396],[143.9835,-12.0375],[143.9827,-12.033],[143.9991,-11.9695],[144.0035,-11.9686],[144.0109,-11.9629],[144.0182,-11.9555],[144.0181,-11.9509],[144.0103,-11.9432],[144.0277,-11.8418],[144.0355,-11.8427],[144.0404,-11.8392],[144.054,-11.8389],[144.058,-11.8366],[144.0687,-11.8352],[144.0798,-11.8348],[144.0848,-11.8336],[144.0906,-11.8293],[144.0931,-11.8213],[144.0822,-11.8086],[144.0829,-11.794],[144.0742,-11.7848],[144.0732,-11.7805],[144.0614,-11.7702],[144.0599,-11.7557],[144.0602,-11.7522],[144.0672,-11.7439],[144.0765,-11.7448],[144.087,-11.7436],[144.0965,-11.7464],[144.1,-11.75],[144.1,-11.7203],[144.0976,-11.7146],[144.0948,-11.7126],[144.0863,-11.7115],[144.0747,-11.7051],[144.0683,-11.7054],[144.0611,-11.7035],[144.051,-11.7061],[144.0355,-11.7014],[144.0282,-11.6942],[144.0308,-11.6854],[144.0242,-11.6711],[144.019,-11.6642],[144.0517,-11.6008],[144.0545,-11.6008],[144.0569,-11.5967],[144.0508,-11.5919],[144.0661,-11.5202],[144.078,-11.52],[144.0836,-11.5172],[144.0868,-11.5121],[144.088,-11.5056],[144.0876,-11.4888],[144.0824,-11.4698],[144.0822,-11.4629],[144.0805,-11.4569],[144.0823,-11.4538],[144.0803,-11.4501],[144.0685,-11.4428],[144.0666,-11.4432],[144.0593,-11.437],[144.0508,-11.4321],[144.0343,-11.4181],[144.0312,-11.4125],[144.0211,-11.3997],[144.0171,-11.4002],[143.9659,-11.3726],[143.9669,-11.3701],[143.965,-11.3501],[143.9659,-11.3321],[143.9699,-11.3269],[143.9712,-11.3217],[143.9989,-11.2934],[144.0001,-11.2929],[144.036,-11.2877],[144.0466,-11.2934],[144.0526,-11.2978],[144.0561,-11.297],[144.0609,-11.2919],[144.0629,-11.2828],[144.0687,-11.2746],[144.0714,-11.2685],[144.0737,-11.2576],[144.0741,-11.2466],[144.0761,-11.2403],[144.075,-11.2268],[144.0719,-11.2145],[144.069,-11.2121],[144.0654,-11.1883],[144.0664,-11.1818],[144.0626,-11.1725],[144.0619,-11.1668],[144.0664,-11.1596],[144.0667,-11.1545],[144.0693,-11.1485],[144.0781,-11.1404],[144.0815,-11.1351],[144.0799,-11.127],[144.0618,-11.1066],[144.0615,-11.0943],[144.058,-11.0902],[144.0556,-11.0801],[144.0522,-11.0775],[144.0495,-11.0714],[144.0495,-11.0643],[144.0481,-11.0558],[144.0433,-11.0396],[144.0321,-11.0228],[144.0137,-11.0129],[144.0126,-11.0043],[144.0147,-11.0033],[144.0287,-11.0011],[144.0344,-11.0024],[144.0428,-11.0013],[144.0448,-10.9976],[144.0417,-10.9885],[144.0419,-10.9794],[144.0383,-10.9726],[144.0385,-10.9643],[144.0369,-10.9505],[144.0371,-10.9422],[144.0404,-10.936],[144.0375,-10.9252],[144.034,-10.9184],[144.0365,-10.9046],[144.0342,-10.8954],[144.022,-10.8644],[144.0192,-10.8563],[144.0216,-10.8532],[144.025,-10.8425],[144.0253,-10.8319],[144.0204,-10.8251],[144.0186,-10.8167],[144.0193,-10.8113],[144.0179,-10.8052],[144.0118,-10.8004],[144.01,-10.7937],[144.0067,-10.7902],[144.0069,-10.7864],[144.0037,-10.7821],[144.0042,-10.7649],[144.0038,-10.7516],[143.9962,-10.7341],[143.9953,-10.729],[143.99,-10.7148],[143.9866,-10.7137],[143.9874,-10.7081],[143.9859,-10.7014],[143.9836,-10.6999],[143.983,-10.691],[143.981,-10.6836],[143.9746,-10.6721],[143.9701,-10.6689],[143.9684,-10.6622],[143.9655,-10.6566],[143.9661,-10.6514],[143.9608,-10.6433],[143.9593,-10.6387],[143.9603,-10.6339],[143.9565,-10.6278],[143.9519,-10.6242],[143.9495,-10.6196],[143.9486,-10.6135],[143.9414,-10.6084],[143.9411,-10.604],[143.9439,-10.6021],[143.9435,-10.5969],[143.9378,-10.5896],[143.9387,-10.5859],[143.9364,-10.5813],[143.936,-10.5643],[143.9312,-10.5598],[143.9327,-10.5526],[143.9334,-10.5436],[143.9264,-10.5448],[143.9259,-10.5307],[143.9294,-10.5295],[143.9325,-10.5252],[143.9328,-10.5183],[143.9305,-10.5093],[143.9242,-10.5046],[143.9233,-10.4993],[143.9312,-10.4942],[143.931,-10.4863],[143.9273,-10.4857],[143.9259,-10.4807],[143.9283,-10.4729],[143.9381,-10.4715],[143.9405,-10.4664],[143.9351,-10.4592],[143.9329,-10.4527],[143.9404,-10.4496],[143.9501,-10.4483],[143.9537,-10.4439],[143.9529,-10.4333],[143.95,-10.4286],[143.9527,-10.4246],[143.9507,-10.4135],[143.9482,-10.4128],[143.9477,-10.4075],[143.9508,-10.4066],[143.949,-10.3949],[143.9533,-10.3875],[143.9493,-10.383],[143.9488,-10.3635],[143.9581,-10.356],[143.9515,-10.3469],[143.9539,-10.3445],[143.9544,-10.3368],[143.9502,-10.3259],[143.9556,-10.3201],[143.955,-10.3134],[143.9579,-10.2907],[143.9607,-10.2856],[143.9574,-10.2821],[143.9607,-10.2765],[143.9637,-10.2778],[143.9658,-10.2729],[143.972,-10.2633],[143.9728,-10.2595],[143.9689,-10.2479],[143.9707,-10.2469],[143.9687,-10.2389],[143.9747,-10.2313],[143.9741,-10.2246],[143.9817,-10.2106],[143.9788,-10.2061],[144,-10.196],[144.0015,-10.1937],[143.9997,-10.1875],[144.0063,-10.179],[144.0079,-10.1746],[144.0131,-10.1682],[144.0128,-10.1655],[144.0184,-10.1543],[144.0215,-10.1433],[144.0218,-10.1381],[144.0269,-10.1226],[144.0244,-10.1168],[144.0676,-10.0659],[144.0835,-10.0341],[144.0863,-10.0292],[144.1407,-9.9773],[144.1446,-9.9723],[144.1567,-9.9706],[144.1588,-9.9664],[144.1711,-9.9053],[144.1751,-9.9021],[144.1739,-9.8942],[144.1847,-9.8795],[144.1886,-9.8773],[144.2044,-9.8737],[144.2048,-9.8692],[144.219,-9.8652],[144.2225,-9.8597],[144.2331,-9.8547],[144.2455,-9.855],[144.2548,-9.8466],[144.2511,-9.4986],[143.9794,-9.4181],[143.8011,-9.3652],[143.5011,-9.3985],[143.3344,-9.5485],[143.3355,-9.5433],[143.3424,-9.5322],[143.3454,-9.5234],[143.3466,-9.516],[143.3469,-9.5067],[143.3458,-9.4992],[143.3405,-9.4853],[143.3326,-9.4748],[143.3222,-9.4667],[143.3137,-9.4627],[143.3064,-9.4606],[143.2933,-9.4597],[143.2811,-9.4613],[143.2659,-9.4666],[143.2521,-9.4753],[143.2444,-9.4836],[143.2404,-9.49],[143.2368,-9.4987],[143.2352,-9.5061],[143.2347,-9.5155],[143.2369,-9.5286],[143.2405,-9.5374],[143.2486,-9.5485],[143.0845,-9.5485],[143.0011,-9.6652],[142.8393,-9.6741],[142.5009,-9.6922],[142.3845,-9.6985],[142.0595,-9.7552],[142.0011,-9.7652],[141.6536,-9.9747],[141.5011,-10.0735],[141.2568,-10.2214],[141.0026,-10.375],[141.0011,-10.9986],[140.9993,-11.3033],[140.9956,-11.9585],[140.9983,-13.3391],[141.0011,-14.7652],[141.5515,-14.7645],[141.573,-14.7664],[141.5752,-14.7754],[141.5847,-14.8108],[141.5881,-14.8329],[141.5895,-14.8474],[141.5915,-14.8489],[141.5906,-14.8545],[141.5946,-14.8662],[141.6076,-14.8965],[141.6175,-14.9159],[141.6216,-14.9174],[141.6216,-14.9237],[141.6244,-14.9327],[141.6288,-14.9419],[141.6314,-14.9389],[141.6347,-14.9439],[141.634,-14.9483],[141.6407,-14.9587],[141.6563,-14.9763],[141.6621,-14.9868],[141.6665,-15.0022],[141.6678,-15.0111],[141.6668,-15.0309],[141.6682,-15.0331],[141.664,-15.0373],[141.6581,-15.0616],[141.6535,-15.0623],[141.6507,-15.0689],[141.6513,-15.0815],[141.6633,-15.0957],[141.6707,-15.1036],[141.6739,-15.11],[141.6847,-15.1096],[141.6867,-15.1039],[141.6903,-15.1],[141.6963,-15.0986],[141.7061,-15.1057],[141.7102,-15.11],[141.7137,-15.1073],[141.7185,-15.1077],[141.7208,-15.1102],[141.7194,-15.1156],[141.7125,-15.1144],[141.7101,-15.1182],[141.7149,-15.1208],[141.7197,-15.1167],[141.7252,-15.1198],[141.7217,-15.1269],[141.7242,-15.1391],[141.7284,-15.1389],[141.7321,-15.1417],[141.7424,-15.1388],[141.7543,-15.1408],[141.7561,-15.1359],[141.763,-15.1368],[141.7657,-15.1407],[141.771,-15.1396],[141.7748,-15.141],[141.7792,-15.1393],[141.784,-15.1405],[141.7863,-15.1446],[141.8049,-15.14],[141.8047,-15.1368],[141.8187,-15.1318],[141.8233,-15.1356],[141.8317,-15.1312],[141.8368,-15.13],[141.8432,-15.1254],[141.8496,-15.1269],[141.8525,-15.1257],[141.8582,-15.1258],[141.8663,-15.1243],[141.8711,-15.1256],[141.8729,-15.1229],[141.8794,-15.1195],[141.8839,-15.1207],[141.8918,-15.1158],[141.8973,-15.1141],[141.9038,-15.1159],[141.9124,-15.1147],[141.9143,-15.1108],[141.9192,-15.1099],[141.9256,-15.1109],[141.9296,-15.1142],[141.9339,-15.1136],[141.9467,-15.0983],[141.9549,-15.0951],[141.9582,-15.0924],[141.9629,-15.0932],[141.9689,-15.0916],[141.9742,-15.0882],[141.9847,-15.0886],[141.9928,-15.0843],[141.9956,-15.087],[142.0036,-15.0878],[142.0182,-15.0783],[142.0229,-15.0778],[142.031,-15.0728],[142.0372,-15.0706],[142.0432,-15.0736],[142.047,-15.0706],[142.0594,-15.0678],[142.0595,-15.0624],[142.0815,-15.0504],[142.0866,-15.0453],[142.0864,-15.0433],[142.0927,-15.0356],[142.0931,-15.0313],[142.1044,-15.0188],[142.1108,-15.009],[142.1133,-15.0101],[142.112,-15.0164],[142.1139,-15.02],[142.0993,-15.0336],[142.0989,-15.0397],[142.0866,-15.0474],[142.0789,-15.0582],[142.0746,-15.0582],[142.0706,-15.0605],[142.0641,-15.0689],[142.0573,-15.0712],[142.0527,-15.0775],[142.0482,-15.0769],[142.0393,-15.0787],[142.0353,-15.0781],[142.0307,-15.0812],[142.0248,-15.0818],[142.0184,-15.0872],[142.0146,-15.0879],[142.0124,-15.0914],[142.0008,-15.094],[141.9955,-15.0925],[141.9898,-15.0863],[141.9834,-15.0894],[141.9775,-15.0941],[141.9708,-15.0963],[141.9666,-15.0995],[141.9611,-15.1013],[141.9561,-15.1049],[141.9457,-15.1067],[141.9408,-15.1065],[141.9343,-15.114],[141.9282,-15.1148],[141.9253,-15.1113],[141.9202,-15.1105],[141.9138,-15.1122],[141.9128,-15.1157],[141.8996,-15.1164],[141.897,-15.115],[141.8919,-15.1163],[141.8837,-15.1214],[141.8802,-15.12],[141.8747,-15.1223],[141.8715,-15.1262],[141.8662,-15.1246],[141.8602,-15.1273],[141.8517,-15.1262],[141.8482,-15.1274],[141.8436,-15.1267],[141.8367,-15.1306],[141.8233,-15.1365],[141.8187,-15.1326],[141.8116,-15.1345],[141.805,-15.1378],[141.8054,-15.1409],[141.7952,-15.1444],[141.7865,-15.146],[141.7827,-15.1407],[141.7776,-15.14],[141.775,-15.1421],[141.7731,-15.1405],[141.7684,-15.1427],[141.7643,-15.1405],[141.7584,-15.1397],[141.7535,-15.1449],[141.746,-15.1422],[141.7466,-15.1489],[141.7412,-15.1499],[141.7382,-15.1456],[141.7311,-15.1452],[141.7306,-15.1422],[141.7232,-15.1397],[141.7204,-15.1302],[141.7174,-15.127],[141.7207,-15.1245],[141.7195,-15.1214],[141.7139,-15.1222],[141.71,-15.1205],[141.7098,-15.1124],[141.7064,-15.1078],[141.7015,-15.1094],[141.7007,-15.104],[141.6969,-15.1005],[141.6929,-15.1007],[141.6884,-15.1042],[141.686,-15.1103],[141.6742,-15.1118],[141.6666,-15.1023],[141.6549,-15.092],[141.6493,-15.09],[141.6445,-15.0837],[141.6434,-15.0788],[141.6453,-15.0704],[141.637,-15.09],[141.6398,-15.0971],[141.6384,-15.0999],[141.6323,-15.1046],[141.6322,-15.1086],[141.6353,-15.1112],[141.6399,-15.1227],[141.6407,-15.1292],[141.6373,-15.145],[141.6355,-15.1497],[141.6267,-15.1614],[141.6196,-15.1696],[141.6097,-15.1781],[141.5985,-15.1889],[141.5939,-15.1984],[141.5839,-15.2042],[141.5813,-15.2072],[141.5802,-15.2309],[141.5786,-15.2453],[141.5745,-15.2704],[141.5719,-15.2828],[141.5666,-15.3024],[141.5602,-15.3132],[141.5514,-15.3252],[141.5435,-15.3378],[141.549,-15.34],[141.5492,-15.3458],[141.5475,-15.3492],[141.548,-15.3547],[141.5415,-15.3628],[141.5362,-15.3743],[141.5354,-15.379],[141.5202,-15.4174],[141.5131,-15.4334],[141.4976,-15.4763],[141.493,-15.4839],[141.4859,-15.493],[141.4848,-15.4992],[141.4915,-15.4969],[141.493,-15.4881],[141.4997,-15.4855],[141.5025,-15.4914],[141.5073,-15.4922],[141.4994,-15.5019],[141.4922,-15.508],[141.4926,-15.5153],[141.4961,-15.5164],[141.4961,-15.5101],[141.5024,-15.5056],[141.5051,-15.5073],[141.507,-15.5144],[141.5027,-15.5162],[141.5031,-15.5191],[141.5098,-15.522],[141.5121,-15.5196],[141.5187,-15.5227],[141.5218,-15.5268],[141.5282,-15.5268],[141.5281,-15.522],[141.5222,-15.5212],[141.5217,-15.5128],[141.5319,-15.5136],[141.531,-15.5087],[141.5355,-15.5069],[141.5385,-15.5108],[141.5431,-15.5124],[141.5494,-15.5108],[141.5519,-15.5125],[141.5518,-15.5177],[141.5598,-15.5169],[141.5569,-15.5233],[141.5562,-15.5309],[141.5631,-15.5347],[141.5654,-15.5305],[141.5742,-15.5261],[141.5794,-15.5261],[141.5816,-15.5193],[141.5871,-15.5217],[141.5929,-15.5207],[141.5981,-15.5252],[141.5988,-15.5292],[141.6042,-15.5354],[141.6173,-15.5364],[141.6262,-15.5404],[141.6281,-15.5438],[141.639,-15.5411],[141.7992,-15.5547],[141.9726,-15.5691],[141.9953,-15.4535],[141.9917,-15.4476],[141.9839,-15.4422],[141.9825,-15.438],[141.9712,-15.4267],[141.969,-15.422],[141.9645,-15.4189],[141.9573,-15.4169],[141.956,-15.411],[141.951,-15.4059],[141.945,-15.4047],[141.9402,-15.3976],[141.9403,-15.3906],[141.944,-15.3861],[141.9565,-15.3802],[141.9631,-15.3655],[141.9683,-15.3556],[141.9757,-15.3578],[141.9841,-15.3624],[141.9958,-15.3647],[142.0012,-15.3681],[142.0123,-15.373],[142.0189,-15.3795],[142.0245,-15.3788],[142.0931,-15.1902],[142.1927,-15.3476],[142.2401,-15.4231],[142.5351,-15.4501],[142.6501,-15.4605],[142.6517,-15.443],[142.6674,-15.3114],[142.8392,-15.3237],[142.9724,-15.3331],[142.9596,-15.4793],[142.9031,-15.4747],[142.8904,-15.6196],[142.7798,-15.6131],[142.7701,-15.7524],[142.7063,-15.7477],[142.6958,-15.8965],[142.6305,-15.9545],[142.622,-16.0169],[142.6309,-16.0206],[142.6365,-16.0279],[142.6412,-16.038],[142.6488,-16.0501],[142.6603,-16.0608],[142.6718,-16.0665],[142.6801,-16.0695],[142.6884,-16.0704],[142.6986,-16.0704],[142.7061,-16.074],[142.711,-16.0794],[142.72,-16.0823],[142.7306,-16.0895],[142.7391,-16.0833],[142.743,-16.0824],[142.7455,-16.0783],[142.7523,-16.0782],[142.7722,-16.0746],[142.7853,-16.0774],[142.7922,-16.0809],[142.8031,-16.0793],[142.82,-16.0792],[142.8371,-16.0801],[142.8557,-16.0849],[142.8744,-16.0865],[142.8968,-16.0842],[142.9046,-16.0847],[142.9247,-16.0769],[142.9406,-16.0759],[142.9557,-16.0766],[142.9859,-16.0833],[143.004,-16.095],[143.0114,-16.0966],[143.0155,-16.0932],[143.0207,-16.0919],[143.0427,-16.113],[143.0543,-16.1134],[143.0608,-16.1098],[143.0732,-16.1081],[143.1043,-16.1021],[143.1131,-16.1051],[143.122,-16.1048],[143.1406,-16.1029],[143.1483,-16.1043],[143.1686,-16.1015],[143.1843,-16.0964],[143.1933,-16.1019],[143.2126,-16.1059],[143.2231,-16.1075],[143.2369,-16.105],[143.2486,-16.1008],[143.2546,-16.0943],[143.2617,-16.0933],[143.2678,-16.0939],[143.2755,-16.0923],[143.2903,-16.0839],[143.2987,-16.0832],[143.3033,-16.0762],[143.3224,-16.0666],[143.3408,-16.0552],[143.3558,-16.0479],[143.3658,-16.0445],[143.3763,-16.0431],[143.3902,-16.0425],[143.402,-16.0454],[143.4121,-16.0557],[143.421,-16.0546],[143.4273,-16.0514],[143.4309,-16.0447],[143.4372,-16.046],[143.4398,-16.0506],[143.4463,-16.0548],[143.4568,-16.0561],[143.4655,-16.0548],[143.4703,-16.0584],[143.4654,-16.0633],[143.4654,-16.0686],[143.4748,-16.071],[143.4805,-16.0744],[143.4843,-16.0792],[143.489,-16.0809],[143.4946,-16.0806],[143.5013,-16.0867],[143.5176,-16.0888],[143.5209,-16.091],[143.5301,-16.0941],[143.5333,-16.0907],[143.5397,-16.0884],[143.5456,-16.0887],[143.5471,-16.0859],[143.5549,-16.081],[143.5637,-16.0789],[143.573,-16.0811],[143.5843,-16.0772],[143.5888,-16.0796],[143.5948,-16.0791],[143.601,-16.0752],[143.6124,-16.0781],[143.6142,-16.074],[143.6177,-16.0726],[143.6217,-16.0773],[143.6258,-16.0776],[143.6319,-16.0755],[143.6384,-16.0765],[143.6421,-16.079],[143.6436,-16.0855],[143.639,-16.0928],[143.6422,-16.0954],[143.6451,-16.103],[143.6525,-16.1067],[143.6547,-16.1136],[143.6599,-16.1197],[143.666,-16.1164],[143.6699,-16.1182],[143.6725,-16.1234],[143.68,-16.1264],[143.6826,-16.1245],[143.692,-16.1307],[143.6953,-16.1298],[143.7037,-16.1343],[143.7124,-16.1334],[143.7175,-16.1447],[143.7257,-16.154],[143.733,-16.154],[143.742,-16.1578],[143.7465,-16.1572],[143.7513,-16.1596],[143.7522,-16.1633],[143.7581,-16.1653],[143.7646,-16.1608],[143.7666,-16.1628],[143.7736,-16.1644],[143.7757,-16.1583],[143.779,-16.1568],[143.7861,-16.1585],[143.7993,-16.1562],[143.8028,-16.1576],[143.8088,-16.1542],[143.8136,-16.1458],[143.8184,-16.1442],[143.8221,-16.1375],[143.8317,-16.1324],[143.8438,-16.1367],[143.8513,-16.1371],[143.854,-16.1357],[143.8534,-16.1296],[143.8596,-16.1239],[143.8644,-16.1223],[143.8693,-16.1166],[143.8713,-16.1081],[143.874,-16.1061],[143.8799,-16.1063],[143.8804,-16.1109],[143.8905,-16.1159],[143.8932,-16.1184],[143.8982,-16.1165],[143.8994,-16.1208],[143.9027,-16.1222],[143.9028,-16.1273],[143.9096,-16.128],[143.9108,-16.1321],[143.9149,-16.1364],[143.9209,-16.1326],[143.9291,-16.1299],[143.9338,-16.1266],[143.9344,-16.1203],[143.9406,-16.1144],[143.9489,-16.1122],[143.9501,-16.1085],[143.9597,-16.1117],[143.9656,-16.1162],[143.9662,-16.1194],[143.9735,-16.1161],[143.9775,-16.1187],[143.9912,-16.1241],[143.9967,-16.1244],[144.0062,-16.1284],[144.0103,-16.1316],[144.016,-16.1387],[144.0226,-16.1392],[144.027,-16.1418],[144.0317,-16.1419],[144.041,-16.1471],[144.0482,-16.1472],[144.0506,-16.1417],[144.0569,-16.1436],[144.0619,-16.1388],[144.0678,-16.1357],[144.0701,-16.1306],[144.0748,-16.1316],[144.0826,-16.1308],[144.0864,-16.1289],[144.0929,-16.1347],[144.0981,-16.1337],[144.1005,-16.1393],[144.1076,-16.1432],[144.1178,-16.1419],[144.1163,-16.1493],[144.1187,-16.1646],[144.1209,-16.1828],[144.1226,-16.1844],[144.1303,-16.1838],[144.1367,-16.187],[144.138,-16.2],[144.1418,-16.2042],[144.1458,-16.2161],[144.1511,-16.2248],[144.1574,-16.2297],[144.1595,-16.2343],[144.1612,-16.2445],[144.1604,-16.2478],[144.1642,-16.2495],[144.1681,-16.2541],[144.1762,-16.2553],[144.176,-16.2624],[144.1868,-16.2659],[144.1966,-16.2622],[144.1992,-16.264],[144.2066,-16.264],[144.2115,-16.2674],[144.2124,-16.2718],[144.2227,-16.282],[144.2178,-16.2868],[144.2202,-16.2905],[144.2258,-16.2902],[144.2279,-16.3091],[144.2247,-16.3125],[144.2256,-16.3166],[144.2313,-16.3196],[144.2335,-16.3262],[144.2378,-16.3294],[144.2422,-16.3301],[144.2447,-16.3354],[144.2448,-16.3419],[144.2472,-16.3438],[144.2525,-16.3419],[144.2595,-16.3353],[144.263,-16.3365],[144.2674,-16.3344],[144.2679,-16.3288],[144.2764,-16.3233],[144.2875,-16.3345],[144.2928,-16.3377],[144.3014,-16.3376],[144.3065,-16.3294],[144.3135,-16.3278],[144.3199,-16.3169],[144.3236,-16.3138],[144.3282,-16.2987],[144.3352,-16.2903],[144.34,-16.2902],[144.3445,-16.2858],[144.3528,-16.2893],[144.3583,-16.2941],[144.3631,-16.3004],[144.3782,-16.3104],[144.3825,-16.3104],[144.3864,-16.3148],[144.3899,-16.3246],[144.3934,-16.3283],[144.3992,-16.3304],[144.4063,-16.3393],[144.407,-16.3477],[144.4152,-16.3499],[144.4248,-16.3471],[144.4322,-16.3406],[144.4381,-16.3422],[144.4423,-16.3394],[144.4508,-16.3315],[144.4573,-16.3357],[144.4662,-16.3382],[144.4709,-16.3367],[144.4746,-16.3435],[144.4823,-16.3485],[144.4885,-16.3474],[144.4941,-16.3485],[144.4957,-16.3521],[144.5001,-16.3554],[144.5037,-16.3532],[144.5068,-16.3546],[144.515,-16.3493],[144.5189,-16.3497],[144.5251,-16.3404],[144.5251,-16.337],[144.5211,-16.3338],[144.518,-16.3232],[144.5114,-16.3216],[144.5097,-16.3168],[144.5141,-16.3143],[144.5146,-16.3091],[144.5212,-16.3033],[144.5294,-16.2983],[144.5392,-16.2982],[144.5458,-16.3033],[144.5503,-16.301],[144.5576,-16.2999],[144.5585,-16.2941],[144.5709,-16.29],[144.5772,-16.2899],[144.5819,-16.2988],[144.5919,-16.3041],[144.5974,-16.3049],[144.6005,-16.3074],[144.6059,-16.3081],[144.6155,-16.3129],[144.6203,-16.319],[144.6276,-16.3217],[144.6344,-16.3185],[144.6427,-16.3172],[144.6448,-16.32],[144.653,-16.323],[144.655,-16.3255],[144.6724,-16.3312],[144.6788,-16.3327],[144.6839,-16.3276],[144.6897,-16.324],[144.6934,-16.3104],[144.6926,-16.303],[144.6899,-16.2978],[144.6905,-16.2917],[144.6953,-16.2788],[144.695,-16.2699],[144.6976,-16.2657],[144.7052,-16.2676],[144.7105,-16.2663],[144.7123,-16.2602],[144.7123,-16.2529],[144.7172,-16.2513],[144.7316,-16.2605],[144.75,-16.2614],[144.7617,-16.2625],[144.7647,-16.2671],[144.7649,-16.2718],[144.7709,-16.2755],[144.7733,-16.2837],[144.7714,-16.2939],[144.7849,-16.3026],[144.8013,-16.3223],[144.8076,-16.3338],[144.8086,-16.3379],[144.8171,-16.3386],[144.8209,-16.3444],[144.82,-16.3485],[144.8232,-16.3521],[144.8256,-16.3592],[144.8296,-16.3591],[144.8365,-16.363],[144.8365,-16.3554],[144.8396,-16.3499],[144.8453,-16.3525],[144.8522,-16.3523],[144.8557,-16.3471],[144.8542,-16.3445],[144.8577,-16.3396],[144.8602,-16.3316],[144.8684,-16.3283],[144.87,-16.3244],[144.8762,-16.3199],[144.88,-16.3257],[144.8843,-16.3423],[144.8877,-16.3465],[144.891,-16.3458],[144.8935,-16.3411],[144.9017,-16.3368],[144.9027,-16.3288],[144.9057,-16.3275],[144.9108,-16.3345],[144.9141,-16.3326],[144.9202,-16.3336],[144.9276,-16.3409],[144.9387,-16.3459],[144.9443,-16.3399],[144.9544,-16.3361],[144.9618,-16.3382],[144.965,-16.3343],[144.9716,-16.332],[144.9709,-16.327],[144.9752,-16.3261],[144.9806,-16.3209],[144.9908,-16.3172],[144.9937,-16.315],[144.9925,-16.3036],[144.9879,-16.301],[144.9846,-16.2947],[144.9833,-16.2864],[144.9784,-16.2853],[144.9758,-16.2796],[144.9785,-16.2749],[144.9866,-16.2662],[144.9949,-16.2637],[144.9982,-16.2588],[144.9931,-16.257],[144.9925,-16.253],[144.9972,-16.2508],[145.0004,-16.246],[145.0002,-16.2412],[145.0049,-16.2358],[145.0116,-16.2249],[145.021,-16.2209],[145.0262,-16.2244],[145.0209,-16.2264],[145.0248,-16.2313],[145.0336,-16.2306],[145.0544,-16.2408],[145.054,-16.243],[145.0617,-16.249],[145.0587,-16.2509],[145.0552,-16.2592],[145.061,-16.264],[145.0645,-16.2621],[145.0734,-16.265],[145.0794,-16.268],[145.0868,-16.2629],[145.0963,-16.2644],[145.1028,-16.2692],[145.1071,-16.2687],[145.1093,-16.2757],[145.1165,-16.2796],[145.1203,-16.2802],[145.1336,-16.2863],[145.1338,-16.2909],[145.1316,-16.2946],[145.1308,-16.3051],[145.1379,-16.3092],[145.1363,-16.3195],[145.1367,-16.3293],[145.1406,-16.3324],[145.1423,-16.3366],[145.1421,-16.343],[145.1403,-16.3465],[145.1449,-16.3508],[145.152,-16.3491],[145.1591,-16.3502],[145.1648,-16.3568],[145.1664,-16.3589]]],[[[144.2429,-9.4646],[144.2522,-9.4635],[144.2662,-9.4584],[144.2784,-9.4497],[144.2869,-9.4397],[144.2907,-9.4334],[144.2954,-9.4194],[144.2961,-9.412],[144.2948,-9.3983],[144.2902,-9.3807],[144.2845,-9.3695],[144.2801,-9.3634],[144.2597,-9.3445],[144.2535,-9.3404],[144.2377,-9.334],[144.2273,-9.3323],[144.2127,-9.3323],[144.2015,-9.3344],[144.1894,-9.3399],[144.1827,-9.3302],[144.1766,-9.324],[144.1646,-9.3161],[144.1494,-9.3093],[144.134,-9.3055],[144.1231,-9.3053],[144.1155,-9.3062],[144.1029,-9.3105],[144.0948,-9.3156],[144.0853,-9.325],[144.0795,-9.3348],[144.0761,-9.3434],[144.0745,-9.3506],[144.0739,-9.3597],[144.0754,-9.3705],[144.0808,-9.3841],[144.0869,-9.3928],[144.0986,-9.4034],[144.113,-9.4108],[144.1197,-9.4132],[144.136,-9.4169],[144.1455,-9.4173],[144.153,-9.4164],[144.1636,-9.4136],[144.1739,-9.4345],[144.1782,-9.4404],[144.1889,-9.4504],[144.2002,-9.4565],[144.2055,-9.4582],[144.22,-9.4609],[144.229,-9.4634],[144.2429,-9.4646]]],[[[143.8344,-9.2232],[143.8477,-9.2213],[143.86,-9.2161],[143.8677,-9.2105],[143.8765,-9.2004],[143.8895,-9.2007],[143.8987,-9.1989],[143.9057,-9.1963],[143.9138,-9.1918],[143.9214,-9.1862],[143.9291,-9.1778],[143.933,-9.1714],[143.9377,-9.1611],[143.9403,-9.1463],[143.9396,-9.1354],[143.9351,-9.1217],[143.9284,-9.1108],[143.9222,-9.1039],[143.9166,-9.0992],[143.9055,-9.0929],[143.8919,-9.0891],[143.8781,-9.0881],[143.8684,-9.0894],[143.856,-9.0932],[143.8418,-9.1022],[143.8366,-9.1071],[143.8301,-9.1158],[143.8265,-9.1233],[143.8155,-9.1263],[143.8086,-9.1296],[143.7994,-9.1365],[143.792,-9.1452],[143.7868,-9.1553],[143.7847,-9.1627],[143.7836,-9.174],[143.7852,-9.1853],[143.7902,-9.1977],[143.7944,-9.204],[143.8056,-9.2144],[143.8139,-9.219],[143.8212,-9.2215],[143.8344,-9.2232]]],[[[142.5317,-9.4868],[142.5443,-9.4853],[142.5562,-9.4808],[142.5667,-9.4735],[142.5725,-9.468],[142.5853,-9.4598],[142.602,-9.4669],[142.6194,-9.4728],[142.6329,-9.475],[142.6398,-9.4772],[142.6539,-9.4794],[142.6611,-9.4794],[142.674,-9.4774],[142.7023,-9.4801],[142.7146,-9.4804],[142.7278,-9.4781],[142.7374,-9.4816],[142.7495,-9.485],[142.7659,-9.4862],[142.7747,-9.4851],[142.7915,-9.4794],[142.8079,-9.4689],[142.8161,-9.4613],[142.8224,-9.4521],[142.826,-9.4436],[142.8282,-9.4327],[142.8371,-9.4232],[142.8417,-9.4152],[142.8472,-9.4036],[142.8511,-9.3929],[142.8519,-9.3856],[142.8509,-9.3698],[142.8483,-9.3601],[142.8436,-9.3488],[142.8383,-9.3411],[142.8272,-9.3308],[142.8189,-9.3261],[142.8061,-9.3224],[142.7324,-9.3363],[142.6964,-9.3377],[142.5925,-9.3554],[142.5589,-9.3743],[142.5258,-9.3618],[142.4959,-9.3663],[142.4866,-9.3733],[142.4777,-9.3855],[142.4747,-9.3925],[142.472,-9.4054],[142.4726,-9.4167],[142.4774,-9.4328],[142.482,-9.4502],[142.4871,-9.4618],[142.4913,-9.4677],[142.5005,-9.4765],[142.51,-9.4822],[142.5243,-9.4863],[142.5317,-9.4868]]],[[[142.3214,-9.6298],[142.3313,-9.6296],[142.3424,-9.628],[142.3526,-9.6248],[142.3635,-9.6187],[142.372,-9.6114],[142.3796,-9.6023],[142.3857,-9.5914],[142.3881,-9.5844],[142.3898,-9.5698],[142.389,-9.5625],[142.3851,-9.5499],[142.3781,-9.5387],[142.3729,-9.5332],[142.3604,-9.5227],[142.3527,-9.5175],[142.3423,-9.5133],[142.3269,-9.5093],[142.3032,-9.5015],[142.2894,-9.4981],[142.2608,-9.4921],[142.2554,-9.4916],[142.2428,-9.4925],[142.2303,-9.4962],[142.2213,-9.4906],[142.2095,-9.4859],[142.2005,-9.4845],[142.1896,-9.4849],[142.167,-9.4905],[142.1537,-9.4971],[142.148,-9.5017],[142.1359,-9.5159],[142.1313,-9.5242],[142.1284,-9.5331],[142.1272,-9.5403],[142.1271,-9.5493],[142.1281,-9.5564],[142.1332,-9.5701],[142.1421,-9.5818],[142.1507,-9.5887],[142.1573,-9.5922],[142.1681,-9.5959],[142.1757,-9.597],[142.1859,-9.5968],[142.1931,-9.5956],[142.2034,-9.5918],[142.2096,-9.5955],[142.218,-9.5988],[142.2284,-9.6056],[142.246,-9.6132],[142.2676,-9.6195],[142.2796,-9.6212],[142.294,-9.6255],[142.316,-9.6295],[142.3214,-9.6298]]],[[[142.276,-9.3476],[142.2868,-9.3467],[142.2959,-9.3443],[142.306,-9.3393],[142.3237,-9.3257],[142.3293,-9.3208],[142.335,-9.3136],[142.3387,-9.3072],[142.3429,-9.2931],[142.3458,-9.2662],[142.275,-9.2299],[142.2367,-9.1913],[142.2161,-9.1879],[142.1728,-9.1979],[142.1436,-9.196],[142.1081,-9.2124],[142.0595,-9.2604],[142.0625,-9.2706],[142.065,-9.2756],[142.0673,-9.2863],[142.071,-9.2947],[142.0788,-9.3055],[142.0909,-9.3148],[142.0978,-9.318],[142.1071,-9.3205],[142.1117,-9.3231],[142.135,-9.333],[142.1511,-9.3362],[142.1577,-9.3387],[142.1669,-9.3408],[142.1802,-9.3408],[142.1862,-9.342],[142.2022,-9.3428],[142.2179,-9.3409],[142.2392,-9.3442],[142.2545,-9.3442],[142.261,-9.3458],[142.276,-9.3476]]],[[[141.5586,-9.6696],[141.5717,-9.6687],[141.5842,-9.6652],[141.5978,-9.6582],[141.6041,-9.6542],[141.611,-9.6479],[141.6167,-9.6406],[141.623,-9.6291],[141.6268,-9.6167],[141.6278,-9.6074],[141.6276,-9.5999],[141.6257,-9.5907],[141.6232,-9.5839],[141.6178,-9.5746],[141.6229,-9.5716],[141.6321,-9.5646],[141.6398,-9.5564],[141.6476,-9.5443],[141.6521,-9.5343],[141.6547,-9.5262],[141.6567,-9.5142],[141.6567,-9.5038],[141.6555,-9.4917],[141.652,-9.4797],[141.6467,-9.4699],[141.6394,-9.4613],[141.627,-9.4528],[141.6199,-9.45],[141.6107,-9.448],[141.6031,-9.4477],[141.5919,-9.4494],[141.5796,-9.4462],[141.5705,-9.4458],[141.5574,-9.4478],[141.5503,-9.4505],[141.5377,-9.4588],[141.5313,-9.4654],[141.5241,-9.4742],[141.5108,-9.481],[141.5038,-9.4871],[141.4981,-9.4939],[141.4896,-9.5059],[141.4843,-9.5161],[141.4813,-9.529],[141.4815,-9.5403],[141.4837,-9.5496],[141.4885,-9.5599],[141.4973,-9.572],[141.5047,-9.5799],[141.5149,-9.587],[141.5099,-9.5968],[141.5066,-9.6108],[141.5065,-9.6197],[141.5093,-9.6338],[141.513,-9.6421],[141.5218,-9.6538],[141.5334,-9.6627],[141.5474,-9.6682],[141.5586,-9.6696]]],[[[141.4163,-9.8812],[141.4309,-9.8798],[141.4429,-9.8761],[141.457,-9.8691],[141.4699,-9.8599],[141.4775,-9.8516],[141.4816,-9.8453],[141.4853,-9.8365],[141.4873,-9.8273],[141.4871,-9.8141],[141.4842,-9.8032],[141.4771,-9.79],[141.468,-9.7806],[141.455,-9.7732],[141.446,-9.7705],[141.4385,-9.7697],[141.4272,-9.77],[141.4161,-9.7712],[141.4055,-9.7735],[141.3954,-9.7773],[141.3864,-9.7827],[141.381,-9.7871],[141.3712,-9.7981],[141.3654,-9.8099],[141.3624,-9.8246],[141.3625,-9.8359],[141.3645,-9.845],[141.3691,-9.8553],[141.3786,-9.867],[141.391,-9.8757],[141.3999,-9.8791],[141.4163,-9.8812]]]]},"properties":{"District Name":"Cairns","DDMG Name":"Cairns","Police Region Name":"Far Northern Region","Police Region Code":"FNR","Police Region Short Name":"Far North","Region Slug":"far_north","Layer Id":"qld_ddmg_boundaries_gda2020_simp200m","Layer Group":"statewide","Layer Kind":"ddmg","Source":"QPS Disaster Districts, Queensland Police Service, via the Queensland Government Open Data Portal","Source URL":"https://www.data.qld.gov.au/dataset/qps-disaster-districts","Licence":"CC BY 4.0","Licence URL":"https://creativecommons.org/licenses/by/4.0/","Dataset Date":"19/05/2025","Simplification Tolerance M":200,"Coordinate Precision Decimals":4,"CRS":"GDA2020 (EPSG:7844)","Generated":"2026-09-13"},"id":"Cairns"},{"type":"Feature","geometry":{"type":"Polygon","coordinates":[[[140.9995,-26.9084],[140.9995,-27.1033],[140.9996,-27.1761],[140.9996,-27.2926],[140.9996,-27.3508],[140.9996,-27.4818],[140.9996,-27.5836],[140.9996,-27.6678],[140.9996,-27.8745],[140.9995,-28.0054],[140.9995,-28.1508],[140.9994,-28.5387],[140.9993,-28.7207],[140.9993,-28.8225],[140.9993,-28.9991],[141.1109,-28.9991],[141.2,-28.999],[141.374,-28.9991],[141.5,-28.999],[141.5909,-28.9989],[141.7,-28.9991],[141.8,-28.999],[141.9,-28.9991],[142.0189,-28.999],[142.1014,-28.999],[142.2,-28.999],[142.3,-28.9991],[142.4,-28.999],[142.5,-28.9991],[142.6,-28.999],[142.7,-28.999],[142.8,-28.999],[142.9108,-28.999],[143.0009,-28.9989],[143.1762,-28.999],[143.3072,-28.9991],[143.4519,-28.9991],[143.6,-28.999],[143.687,-28.9991],[143.8503,-28.9991],[143.9481,-28.9992],[144.0833,-28.9991],[144.25,-28.9991],[144.4085,-28.9991],[144.5127,-28.9991],[144.5953,-28.9991],[144.7474,-28.9991],[144.9144,-28.9991],[145.0081,-28.9991],[145.1705,-28.9991],[145.3384,-28.9991],[145.4987,-28.9991],[145.5862,-28.9991],[145.7514,-28.9991],[145.9165,-28.9991],[146.0816,-28.9991],[146.1972,-28.9991],[146.3293,-28.9991],[146.4944,-28.999],[146.5753,-28.999],[146.7496,-28.9991],[146.8412,-28.9991],[146.945,-28.9991],[146.9357,-28.9912],[146.9392,-28.9606],[146.945,-28.9191],[146.9493,-28.8903],[146.9527,-28.8614],[146.9474,-28.8608],[146.8633,-28.8543],[146.8655,-28.8409],[146.872,-28.8145],[146.8813,-28.7816],[146.8848,-28.7674],[146.8924,-28.7214],[146.9252,-28.7241],[146.928,-28.7023],[146.9384,-28.631],[146.9279,-28.6298],[146.9379,-28.5595],[146.9577,-28.5364],[146.9634,-28.5061],[146.9607,-28.4507],[146.9604,-28.4391],[146.9651,-28.4142],[146.96,-28.4129],[146.9679,-28.3602],[146.9157,-28.3541],[146.9263,-28.2822],[146.9321,-28.2607],[146.9491,-28.263],[146.9687,-28.1329],[146.9691,-28.1324],[146.9902,-27.9899],[147.0334,-27.9901],[147.0686,-27.9909],[147.105,-27.9948],[147.1085,-27.9732],[147.1196,-27.9282],[147.1242,-27.898],[147.1097,-27.8958],[147.118,-27.8574],[147.1095,-27.8248],[147.1081,-27.8178],[147.1172,-27.7614],[147.1167,-27.7553],[147.1212,-27.7139],[147.121,-27.7134],[147.1429,-27.5749],[147.0633,-27.5661],[147.0645,-27.5572],[147.0615,-27.5445],[147.054,-27.4852],[147.0527,-27.4761],[147.04,-27.4753],[147.043,-27.453],[147.0498,-27.4071],[147.0438,-27.4064],[147.0472,-27.3655],[147.0538,-27.3197],[147.0641,-27.2448],[147.0816,-27.1705],[147.0871,-27.1711],[147.0967,-27.0998],[147.0961,-27.0993],[147.0302,-27.0923],[147.0314,-27.0829],[147.0384,-27.0838],[147.0432,-27.0492],[147.0492,-27.0112],[147.0576,-27.0006],[147.0644,-26.9564],[147.134,-26.9621],[147.1339,-26.9615],[147.2058,-26.9674],[147.2142,-26.9098],[147.2198,-26.8746],[147.2213,-26.7869],[147.2214,-26.743],[147.2376,-26.6994],[147.2384,-26.6453],[147.2444,-26.602],[147.2491,-26.5952],[147.2463,-26.5811],[147.2426,-26.5775],[147.2099,-26.5738],[147.2162,-26.5287],[147.2312,-26.5192],[147.305,-26.5275],[147.3177,-26.4351],[147.3211,-26.4359],[147.3217,-26.4283],[147.3299,-26.3711],[147.3305,-26.3712],[147.3439,-26.2829],[147.3733,-26.2869],[147.3782,-26.2507],[147.3791,-26.2414],[147.3558,-26.2388],[147.3594,-26.2153],[147.3676,-26.1944],[147.3669,-26.1926],[147.37,-26.181],[147.3594,-26.1731],[147.3603,-26.164],[147.3593,-26.1556],[147.365,-26.1433],[147.3707,-26.1396],[147.3764,-26.1381],[147.3828,-26.1337],[147.4006,-26.1386],[147.4073,-26.1435],[147.4152,-26.138],[147.434,-26.1402],[147.4441,-26.1342],[147.4513,-26.0814],[147.4483,-26.0789],[147.4439,-26.0663],[147.441,-26.0648],[147.4416,-26.0592],[147.4496,-26.0517],[147.4498,-26.0416],[147.4476,-26.0281],[147.4482,-26.0174],[147.4418,-26.0134],[147.4422,-26.0102],[147.4534,-25.9917],[147.4547,-25.9804],[147.451,-25.9782],[147.4411,-25.9763],[147.436,-25.9766],[147.4283,-25.9746],[147.4247,-25.9712],[147.4114,-25.9708],[147.4071,-25.9736],[147.3977,-25.9689],[147.3709,-25.9422],[147.3647,-25.9397],[147.3597,-25.9399],[147.3562,-25.9376],[147.3515,-25.9286],[147.3393,-25.9323],[147.3334,-25.9321],[147.3259,-25.9285],[147.3132,-25.9274],[147.3106,-25.9224],[147.3033,-25.922],[147.2995,-25.9198],[147.2825,-25.915],[147.2806,-25.9131],[147.2862,-25.9036],[147.2843,-25.8961],[147.278,-25.884],[147.2795,-25.8792],[147.2752,-25.8764],[147.2763,-25.8585],[147.2758,-25.8358],[147.272,-25.8245],[147.2676,-25.8151],[147.2601,-25.8064],[147.2561,-25.7973],[147.2586,-25.792],[147.1602,-25.781],[147.1676,-25.721],[147.1793,-25.6292],[147.2608,-25.6378],[147.2855,-25.6405],[147.3049,-25.4954],[147.3559,-25.5011],[147.3728,-25.3743],[147.3845,-25.3755],[147.3931,-25.3542],[147.39,-25.3432],[147.3621,-25.3224],[147.3628,-25.3192],[147.361,-25.3002],[147.3592,-25.2907],[147.4858,-25.3051],[147.5412,-25.3116],[147.5543,-25.2191],[147.6552,-25.2308],[147.6754,-25.0802],[147.6488,-25.0767],[147.6592,-25.0045],[147.6835,-25.0074],[147.6999,-25.0117],[147.708,-25.0181],[147.7193,-25.0227],[147.7259,-25.0328],[147.7342,-25.0378],[147.7392,-25.0325],[147.7472,-25.0334],[147.7516,-25.0317],[147.7625,-25.0317],[147.7659,-25.0337],[147.7729,-25.0256],[147.7808,-25.0264],[147.7806,-25.0188],[147.7911,-25.0069],[147.7934,-24.997],[147.7995,-24.9942],[147.8043,-24.9866],[147.8079,-24.9771],[147.814,-24.9699],[147.8172,-24.9736],[147.8226,-24.9715],[147.8248,-24.9736],[147.8346,-24.97],[147.8417,-24.9645],[147.8495,-24.9651],[147.8533,-24.9628],[147.8542,-24.9582],[147.8609,-24.9543],[147.8717,-24.9537],[147.8707,-24.9458],[147.8793,-24.9402],[147.8877,-24.9363],[147.8947,-24.9396],[147.8982,-24.9376],[147.8948,-24.934],[147.8912,-24.9259],[147.8913,-24.9223],[147.8952,-24.9184],[147.9042,-24.9182],[147.9088,-24.9209],[147.9186,-24.9194],[147.9224,-24.9205],[147.9284,-24.9093],[147.9355,-24.9018],[147.9482,-24.8952],[147.9545,-24.8862],[147.9507,-24.8807],[147.9462,-24.8762],[147.9471,-24.873],[147.9415,-24.8702],[147.9424,-24.8676],[147.9379,-24.8616],[147.934,-24.8609],[147.9213,-24.8498],[147.9153,-24.8476],[147.9133,-24.8394],[147.9164,-24.8294],[147.9191,-24.8249],[147.9076,-24.8149],[147.9013,-24.8142],[147.8998,-24.8087],[147.8936,-24.8038],[147.8887,-24.797],[147.8752,-24.7883],[147.864,-24.7863],[147.8587,-24.7837],[147.8509,-24.7759],[147.8525,-24.7714],[147.8485,-24.7681],[147.8448,-24.7622],[147.8341,-24.7543],[147.8304,-24.7547],[147.8266,-24.7504],[147.8276,-24.7445],[147.8233,-24.735],[147.8173,-24.735],[147.8116,-24.7371],[147.8031,-24.7334],[147.8014,-24.7349],[147.7913,-24.7307],[147.7835,-24.7337],[147.7768,-24.739],[147.7718,-24.7375],[147.7703,-24.7332],[147.7632,-24.7289],[147.7568,-24.7284],[147.7518,-24.7306],[147.746,-24.7287],[147.7352,-24.7303],[147.7303,-24.733],[147.7244,-24.7409],[147.7199,-24.7429],[147.7161,-24.7502],[147.7105,-24.7533],[147.7049,-24.7531],[147.7021,-24.7604],[147.6935,-24.7611],[147.6868,-24.7647],[147.6818,-24.7731],[147.6794,-24.7736],[147.6734,-24.7701],[147.666,-24.771],[147.6515,-24.7711],[147.6466,-24.7732],[147.6444,-24.777],[147.6457,-24.7873],[147.6495,-24.7887],[147.6486,-24.7951],[147.6451,-24.8002],[147.6339,-24.8015],[147.6309,-24.8038],[147.6173,-24.8049],[147.6119,-24.8076],[147.608,-24.8116],[147.5922,-24.8182],[147.583,-24.8276],[147.5826,-24.8318],[147.5785,-24.836],[147.5707,-24.8358],[147.5592,-24.8331],[147.5583,-24.8192],[147.5503,-24.8211],[147.5424,-24.8175],[147.5402,-24.823],[147.5342,-24.8234],[147.524,-24.829],[147.5187,-24.8302],[147.5066,-24.8232],[147.5067,-24.829],[147.509,-24.8349],[147.5045,-24.8384],[147.5014,-24.8447],[147.4965,-24.847],[147.4917,-24.8657],[147.4885,-24.8736],[147.4859,-24.8758],[147.4764,-24.8782],[147.4563,-24.8787],[147.4343,-24.8809],[147.4197,-24.8814],[147.4132,-24.8805],[147.4059,-24.878],[147.3963,-24.8763],[147.3932,-24.8786],[147.3901,-24.8737],[147.381,-24.8708],[147.3725,-24.8718],[147.3698,-24.8767],[147.3633,-24.8771],[147.3611,-24.8752],[147.3498,-24.8755],[147.3416,-24.8713],[147.3256,-24.873],[147.3221,-24.8705],[147.3185,-24.8726],[147.3196,-24.8824],[147.3163,-24.8842],[147.3054,-24.885],[147.304,-24.8897],[147.2976,-24.8922],[147.2964,-24.8958],[147.2942,-24.9025],[147.2836,-24.919],[147.2795,-24.9192],[147.2763,-24.9253],[147.2775,-24.9403],[147.2829,-24.9498],[147.2783,-24.9569],[147.2707,-24.9571],[147.265,-24.9611],[147.2628,-24.9671],[147.2543,-24.9754],[147.2379,-24.9863],[147.233,-24.9871],[147.2269,-24.9803],[147.2209,-24.9804],[147.2062,-24.9913],[147.1814,-24.9929],[147.1674,-24.9892],[147.1611,-24.9821],[147.1555,-24.9816],[147.1597,-24.9731],[147.159,-24.9652],[147.1557,-24.9631],[147.1471,-24.9619],[147.1354,-24.9585],[147.1314,-24.9595],[147.127,-24.9636],[147.1194,-24.9675],[147.1166,-24.9734],[147.1118,-24.9783],[147.1103,-24.9826],[147.1121,-24.9902],[147.1089,-24.9953],[147.097,-25.0021],[147.0869,-25.0009],[147.0811,-24.9975],[147.0763,-24.9921],[147.0696,-24.9898],[147.065,-24.9899],[147.0589,-24.9966],[147.0934,-25.0691],[147.089,-25.07],[147.0479,-25.0653],[147.0313,-25.0775],[147.0074,-25.0752],[147.0028,-25.1071],[147.0073,-25.1119],[147.006,-25.1172],[147.0021,-25.1436],[147.0012,-25.1532],[146.9458,-25.148],[146.9385,-25.2097],[146.8986,-25.2078],[146.8795,-25.2209],[146.8632,-25.2499],[146.8565,-25.2607],[146.8494,-25.2672],[146.8443,-25.2745],[146.8438,-25.2791],[146.7968,-25.3149],[146.7431,-25.3536],[146.7396,-25.3547],[146.7385,-25.3479],[146.7469,-25.2798],[146.7531,-25.2315],[146.7582,-25.1882],[146.6486,-25.1761],[146.5863,-25.1694],[146.5754,-25.1743],[146.5679,-25.2397],[146.5738,-25.2477],[146.57,-25.2779],[146.5656,-25.3085],[146.5582,-25.3075],[146.5564,-25.3105],[146.4957,-25.3039],[146.501,-25.3105],[146.5098,-25.3351],[146.3657,-25.319],[146.3696,-25.2912],[146.3521,-25.2892],[146.3509,-25.29],[146.3032,-25.2844],[146.2925,-25.2823],[146.26,-25.2792],[146.2159,-25.2744],[146.2112,-25.31],[146.2074,-25.3403],[146.2006,-25.3902],[146.2106,-25.3913],[146.2081,-25.4039],[146.2077,-25.4148],[146.1931,-25.4982],[146.1923,-25.5065],[146.1827,-25.5054],[146.1724,-25.5882],[146.1357,-25.5858],[146.1342,-25.5853],[146.0976,-25.5831],[146.0379,-25.5767],[146.0378,-25.5762],[145.9712,-25.569],[145.9733,-25.5501],[145.973,-25.5272],[145.974,-25.5118],[145.9765,-25.4877],[145.9386,-25.4876],[145.9405,-25.491],[145.9422,-25.4994],[145.9389,-25.5273],[145.9394,-25.5335],[145.9348,-25.565],[145.968,-25.6355],[145.9641,-25.6382],[145.9683,-25.6701],[145.969,-25.701],[145.9638,-25.7108],[145.9453,-25.7207],[145.93,-25.7189],[145.92,-25.714],[145.8668,-25.7068],[145.8249,-25.7016],[145.8045,-25.6988],[145.7553,-25.6927],[145.746,-25.6918],[145.7451,-25.6817],[145.7416,-25.674],[145.7493,-25.6158],[145.6782,-25.6088],[145.674,-25.6086],[145.6722,-25.6124],[145.6654,-25.616],[145.6639,-25.6216],[145.6663,-25.6274],[145.664,-25.6291],[145.6607,-25.6416],[145.6568,-25.648],[145.6474,-25.6499],[145.6452,-25.655],[145.6382,-25.6596],[145.6362,-25.673],[145.6373,-25.6761],[145.6337,-25.6819],[145.6338,-25.6874],[145.6244,-25.6912],[145.6216,-25.6953],[145.6205,-25.7018],[145.613,-25.711],[145.605,-25.7165],[145.6043,-25.7246],[145.5986,-25.7321],[145.5988,-25.7388],[145.5964,-25.7415],[145.591,-25.7434],[145.5841,-25.7547],[145.4926,-25.7463],[145.5021,-25.6683],[145.5027,-25.6176],[145.508,-25.6224],[145.5279,-25.6239],[145.5383,-25.6035],[145.5437,-25.5503],[145.5472,-25.5186],[145.5493,-25.5168],[145.5498,-25.5096],[145.4623,-25.5036],[145.4596,-25.5038],[145.4536,-25.5003],[145.4474,-25.4996],[145.441,-25.4923],[145.4286,-25.4917],[145.4247,-25.4903],[145.4068,-25.4952],[145.3959,-25.4717],[145.35,-25.4495],[145.3262,-25.4463],[145.3167,-25.4595],[145.2962,-25.4651],[145.2878,-25.4828],[145.2498,-25.4786],[145.2533,-25.4505],[145.2717,-25.4523],[145.2841,-25.3579],[145.2834,-25.3587],[145.2044,-25.3501],[145.2036,-25.3491],[145.1223,-25.3399],[145.1126,-25.3359],[145.1068,-25.3382],[145.0966,-25.339],[145.0884,-25.3371],[145.0525,-25.3332],[145.056,-25.325],[145.0557,-25.321],[145.0594,-25.3135],[145.0601,-25.304],[145.0581,-25.3013],[145.0474,-25.2943],[145.0587,-25.288],[145.0614,-25.2841],[145.0614,-25.2758],[145.0332,-25.2732],[145.0322,-25.2718],[145.0137,-25.2714],[145.005,-25.2691],[144.9992,-25.27],[144.9835,-25.2685],[144.9737,-25.2701],[144.964,-25.2632],[144.9312,-25.261],[144.8955,-25.2593],[144.8893,-25.2586],[144.8824,-25.2558],[144.8802,-25.2585],[144.8695,-25.2579],[144.9309,-25.2132],[144.9407,-25.2093],[144.9387,-25.1971],[144.9461,-25.1914],[144.9587,-25.1884],[144.9614,-25.1853],[144.9714,-25.1828],[144.9818,-25.0988],[144.9865,-25.0603],[144.9909,-25.0113],[144.9844,-25.0142],[144.9757,-25.021],[144.9654,-25.026],[144.9598,-25.0318],[144.9419,-25.0339],[144.9333,-25.0326],[144.926,-25.0339],[144.9126,-25.0322],[144.9043,-25.0376],[144.8986,-25.0383],[144.8898,-25.029],[144.8888,-25.0238],[144.8847,-25.0199],[144.8746,-25.0195],[144.8623,-24.9998],[144.8468,-24.9902],[144.845,-24.9844],[144.8489,-24.975],[144.8497,-24.9695],[144.8536,-24.9597],[144.8575,-24.9469],[144.8584,-24.937],[144.853,-24.9268],[144.8606,-24.9191],[144.796,-24.913],[144.804,-24.8404],[144.6984,-24.8308],[144.7131,-24.7087],[144.7166,-24.6824],[144.6818,-24.6789],[144.6853,-24.6489],[144.6518,-24.6625],[144.6342,-24.8804],[144.6276,-24.9675],[144.4818,-25.0782],[144.4616,-25.0307],[144.3996,-25.1314],[144.3819,-25.1126],[144.2527,-25.2097],[144.225,-25.2555],[144.2163,-25.2644],[144.1973,-25.2952],[144.1725,-25.3343],[144.1577,-25.3581],[144.1557,-25.3709],[144.1617,-25.3753],[144.1688,-25.3943],[144.1621,-25.4121],[144.1505,-25.4333],[144.1216,-25.443],[144.1201,-25.4478],[144.121,-25.453],[144.1245,-25.4601],[144.125,-25.4645],[144.1202,-25.4741],[144.1116,-25.4787],[144.1143,-25.4996],[144.1126,-25.5035],[144.1055,-25.5102],[144.1065,-25.5144],[144.0965,-25.5226],[144.0907,-25.5335],[144.0844,-25.5341],[144.0722,-25.5417],[144.0708,-25.5579],[144.045,-25.5737],[144.0392,-25.5791],[144.0346,-25.5813],[144.0013,-25.5818],[144.0008,-25.583],[143.9738,-25.5518],[143.9222,-25.494],[143.8227,-25.4845],[143.8224,-25.4872],[143.7483,-25.4816],[143.7474,-25.4896],[143.7409,-25.4838],[143.7414,-25.476],[143.7451,-25.4689],[143.747,-25.4683],[143.7666,-25.4698],[143.7785,-25.4615],[143.7807,-25.4535],[143.7886,-25.4514],[143.7667,-25.4006],[143.7517,-25.3824],[143.7522,-25.3788],[143.7343,-25.3617],[143.7153,-25.3559],[143.7057,-25.3522],[143.7016,-25.3487],[143.7004,-25.3432],[143.6798,-25.3286],[143.6769,-25.3243],[143.6678,-25.322],[143.6619,-25.3162],[143.6501,-25.3116],[143.6449,-25.3067],[143.6381,-25.3047],[143.6274,-25.3112],[143.6208,-25.3126],[143.6177,-25.3104],[143.6148,-25.3044],[143.6081,-25.2991],[143.593,-25.2822],[143.5459,-25.3174],[143.4744,-25.371],[143.4416,-25.3684],[143.4373,-25.3739],[143.4361,-25.3833],[143.4393,-25.3866],[143.4349,-25.4207],[143.436,-25.4208],[143.43,-25.4806],[143.4256,-25.4865],[143.4301,-25.4956],[143.428,-25.4999],[143.4177,-25.5945],[143.4542,-25.5976],[143.4482,-25.6519],[143.3952,-25.6475],[143.3932,-25.6506],[143.3884,-25.6471],[143.3756,-25.6412],[143.3684,-25.6419],[143.364,-25.6387],[143.33,-25.6358],[143.2104,-25.6248],[143.2059,-25.665],[143.1986,-25.7373],[143.046,-25.7234],[142.9838,-25.7177],[142.9719,-25.8225],[142.9033,-25.8158],[142.8852,-25.8138],[142.8954,-25.7308],[142.9024,-25.6691],[142.8257,-25.6617],[142.7285,-25.6522],[142.7193,-25.6439],[142.7252,-25.6437],[142.7331,-25.6414],[142.7364,-25.6314],[142.7368,-25.6254],[142.7396,-25.6205],[142.5911,-25.6089],[142.5253,-25.6603],[142.5132,-25.6707],[142.5126,-25.6779],[142.4991,-25.6847],[142.4821,-25.6949],[142.4815,-25.6971],[142.4568,-25.7099],[142.4435,-25.7184],[142.4359,-25.7249],[142.4284,-25.725],[142.4168,-25.7291],[142.4074,-25.7299],[142.4037,-25.7329],[142.3813,-25.7389],[142.3787,-25.7501],[142.3633,-25.7551],[142.3575,-25.7536],[142.3374,-25.7568],[142.3186,-25.764],[142.3143,-25.7689],[142.3027,-25.776],[142.2869,-25.7815],[142.2759,-25.7815],[142.2287,-25.8213],[142.2145,-25.8297],[142.1985,-25.8294],[142.194,-25.8576],[142.1732,-25.8554],[142.1607,-25.9468],[142.1435,-26.0932],[142.1615,-26.196],[142.1574,-26.2014],[142.1564,-26.2055],[142.1464,-26.215],[142.143,-26.2163],[142.139,-26.2245],[142.1365,-26.2249],[142.1259,-26.2517],[142.124,-26.2585],[142.1262,-26.263],[142.1225,-26.2688],[142.1128,-26.2798],[142.1134,-26.2876],[142.1098,-26.293],[142.1108,-26.2978],[142.106,-26.3029],[142.0991,-26.3071],[142.0958,-26.3124],[142.096,-26.3164],[142.0918,-26.3283],[142.0845,-26.3389],[142.0811,-26.3423],[142.0807,-26.3597],[142.079,-26.3687],[142.0746,-26.3853],[142.0591,-26.3748],[142.0583,-26.3813],[141.8911,-26.3665],[141.8913,-26.3582],[141.7981,-26.3502],[141.7973,-26.3575],[141.7188,-26.3505],[141.7172,-26.359],[141.7123,-26.3665],[141.7065,-26.3787],[141.7042,-26.3867],[141.7077,-26.3983],[141.7069,-26.4025],[141.7101,-26.4118],[141.7118,-26.421],[141.7066,-26.4244],[141.7065,-26.429],[141.7118,-26.4342],[141.7164,-26.4439],[141.7149,-26.4496],[141.7116,-26.4492],[141.7154,-26.465],[141.7184,-26.4661],[141.7217,-26.483],[141.728,-26.4855],[141.7309,-26.4922],[141.7365,-26.4976],[141.7346,-26.5006],[141.7381,-26.5037],[141.7413,-26.5096],[141.7399,-26.5139],[141.7427,-26.5155],[141.7396,-26.5253],[141.7443,-26.5293],[141.7428,-26.5337],[141.7529,-26.5475],[141.7589,-26.5473],[141.7615,-26.5499],[141.7595,-26.5541],[141.7628,-26.56],[141.7692,-26.5656],[141.7715,-26.574],[141.7769,-26.5771],[141.7771,-26.5822],[141.7837,-26.59],[141.7856,-26.5997],[141.7905,-26.6004],[141.7905,-26.605],[141.7948,-26.6088],[141.7994,-26.6196],[141.8042,-26.6217],[141.808,-26.6273],[141.8114,-26.6275],[141.8131,-26.6319],[141.8116,-26.6421],[141.809,-26.6436],[141.8095,-26.6488],[141.805,-26.6595],[141.8114,-26.664],[141.8149,-26.6706],[141.8127,-26.6776],[141.8169,-26.6845],[141.8203,-26.6875],[141.823,-26.6969],[141.8274,-26.6947],[141.8312,-26.696],[141.8362,-26.6947],[141.8386,-26.7028],[141.8316,-26.7124],[141.8366,-26.7146],[141.839,-26.7186],[141.8368,-26.7221],[141.8324,-26.7226],[141.8353,-26.7297],[141.8315,-26.7344],[141.8342,-26.7375],[141.8308,-26.7402],[141.8259,-26.74],[141.824,-26.744],[141.8258,-26.7475],[141.7728,-26.7416],[141.7564,-26.7371],[141.7258,-26.734],[141.7097,-26.7348],[141.703,-26.7363],[141.6972,-26.7334],[141.6921,-26.7343],[141.6823,-26.7331],[141.6725,-26.7307],[141.6627,-26.7261],[141.6547,-26.729],[141.5839,-26.7219],[141.5435,-26.6766],[141.3961,-26.6625],[141.2547,-26.6633],[141.2541,-26.6777],[141.2169,-26.68],[141.1879,-26.9269],[141.1086,-26.9192],[140.9995,-26.9084]]]},"properties":{"District Name":"Charleville","DDMG Name":"Charleville","Police Region Name":"Southern Region","Police Region Code":"SR","Police Region Short Name":"Southern","Region Slug":"southern","Layer Id":"qld_ddmg_boundaries_gda2020_simp200m","Layer Group":"statewide","Layer Kind":"ddmg","Source":"QPS Disaster Districts, Queensland Police Service, via the Queensland Government Open Data Portal","Source URL":"https://www.data.qld.gov.au/dataset/qps-disaster-districts","Licence":"CC BY 4.0","Licence URL":"https://creativecommons.org/licenses/by/4.0/","Dataset Date":"19/05/2025","Simplification Tolerance M":200,"Coordinate Precision Decimals":4,"CRS":"GDA2020 (EPSG:7844)","Generated":"2026-09-13"},"id":"Charleville"},{"type":"Feature","geometry":{"type":"Polygon","coordinates":[[[150.4371,-25.6064],[150.4426,-25.6215],[150.4364,-25.6615],[150.4264,-25.6651],[150.4183,-25.6752],[150.4229,-25.6868],[150.4219,-25.694],[150.4343,-25.7338],[150.4296,-25.7372],[150.4263,-25.7745],[150.4181,-25.7894],[150.405,-25.7906],[150.3954,-25.796],[150.3929,-25.8015],[150.3868,-25.806],[150.3888,-25.8146],[150.3704,-25.8156],[150.3606,-25.8185],[150.3454,-25.8178],[150.3408,-25.8149],[150.3363,-25.7901],[150.2947,-25.78],[150.2818,-25.7785],[150.2791,-25.7961],[150.2733,-25.7959],[150.2579,-25.788],[150.2495,-25.7879],[150.2484,-25.7951],[150.2432,-25.7943],[150.2368,-25.7885],[150.2236,-25.7867],[150.214,-25.7843],[150.2074,-25.7846],[150.1745,-25.7801],[150.1805,-25.7949],[150.1806,-25.8052],[150.1786,-25.8052],[150.1738,-25.8115],[150.1648,-25.815],[150.1593,-25.8191],[150.1532,-25.8194],[150.141,-25.8225],[150.1288,-25.8184],[150.1148,-25.8112],[150.1043,-25.7957],[150.099,-25.7972],[150.0967,-25.7944],[150.0925,-25.8015],[150.0911,-25.8063],[150.0858,-25.8124],[150.0564,-25.8134],[150.0522,-25.8386],[150.0494,-25.841],[150.0454,-25.8396],[150.044,-25.8326],[150.0403,-25.8329],[150.0363,-25.8366],[150.0316,-25.8367],[150.0282,-25.8344],[150.0222,-25.8656],[150.0139,-25.8578],[150.0002,-25.8526],[149.9906,-25.8474],[149.9741,-25.848],[149.9683,-25.851],[149.962,-25.8507],[149.9548,-25.8416],[149.9509,-25.8401],[149.9382,-25.8405],[149.9327,-25.8397],[149.9282,-25.8321],[149.9197,-25.8269],[149.9153,-25.8221],[149.9067,-25.8173],[149.9037,-25.8191],[149.8968,-25.8176],[149.8935,-25.824],[149.8868,-25.8211],[149.883,-25.8296],[149.8502,-25.8377],[149.8387,-25.8376],[149.8273,-25.829],[149.8237,-25.8285],[149.8219,-25.8402],[149.8281,-25.841],[149.8231,-25.8497],[149.8137,-25.8533],[149.8074,-25.8521],[149.8035,-25.8487],[149.7981,-25.8485],[149.7938,-25.8508],[149.7876,-25.8583],[149.7709,-25.8525],[149.7663,-25.8594],[149.7835,-25.8911],[149.7719,-25.9066],[149.7668,-25.9051],[149.7544,-25.8824],[149.7357,-25.8495],[149.6921,-25.8689],[149.6816,-25.8723],[149.674,-25.8763],[149.6718,-25.8793],[149.6633,-25.8836],[149.6487,-25.8946],[149.5845,-25.8863],[149.584,-25.8866],[149.5751,-25.9445],[149.4768,-25.9336],[149.4833,-25.8918],[149.4027,-25.8828],[149.3979,-25.8762],[149.3822,-25.8889],[149.3744,-25.8904],[149.3646,-25.8979],[149.3629,-25.9047],[149.3555,-25.9066],[149.3553,-25.9096],[149.3479,-25.9149],[149.342,-25.9208],[149.3349,-25.9194],[149.3272,-25.9252],[149.3019,-25.9665],[149.2494,-25.9608],[149.2253,-25.9583],[149.1643,-25.9492],[149.1378,-25.9461],[149.1246,-25.9511],[149.1214,-25.9495],[149.1061,-25.9455],[149.0973,-25.9478],[149.1166,-25.9981],[149.122,-25.9977],[149.1233,-26.0011],[149.1301,-26.0012],[149.1295,-26.0131],[149.1244,-26.0185],[149.1325,-26.0397],[149.1352,-26.0439],[149.218,-26.0532],[149.217,-26.0684],[149.2121,-26.0754],[149.2176,-26.0926],[149.2206,-26.1154],[149.2045,-26.1276],[149.2038,-26.1385],[149.1983,-26.1483],[149.1901,-26.1535],[149.1837,-26.1621],[149.1748,-26.1629],[149.1786,-26.177],[149.1719,-26.1901],[149.1637,-26.1974],[149.1642,-26.211],[149.1621,-26.2309],[149.1628,-26.2387],[149.1594,-26.2461],[149.1545,-26.2509],[149.1621,-26.2596],[149.1668,-26.2839],[149.1596,-26.2967],[149.1533,-26.3052],[149.1562,-26.3081],[149.1733,-26.3106],[149.1801,-26.3134],[149.1841,-26.3219],[149.2061,-26.3065],[149.2163,-26.3038],[149.2725,-26.2995],[149.2774,-26.2946],[149.2815,-26.2931],[149.2827,-26.288],[149.2976,-26.2823],[149.3249,-26.284],[149.3413,-26.2902],[149.3498,-26.2913],[149.375,-26.2865],[149.4013,-26.2875],[149.3999,-26.2838],[149.4003,-26.2765],[149.4272,-26.291],[149.4339,-26.2978],[149.4433,-26.3029],[149.4628,-26.3103],[149.4642,-26.3115],[149.4757,-26.296],[149.4742,-26.2864],[149.512,-26.2905],[149.5114,-26.2948],[149.4937,-26.3019],[149.5077,-26.3086],[149.5121,-26.3231],[149.51,-26.327],[149.5034,-26.3332],[149.5049,-26.336],[149.516,-26.3355],[149.5281,-26.3335],[149.5311,-26.3341],[149.5391,-26.3296],[149.5434,-26.3309],[149.5466,-26.3277],[149.5502,-26.3326],[149.5561,-26.3331],[149.5622,-26.3313],[149.5654,-26.3325],[149.5693,-26.3032],[149.6146,-26.3081],[149.6139,-26.3034],[149.6229,-26.2987],[149.6434,-26.3007],[149.6487,-26.3071],[149.6738,-26.3098],[149.6757,-26.3064],[149.6866,-26.3076],[149.6914,-26.3111],[149.6984,-26.3099],[149.7016,-26.3117],[149.7093,-26.3062],[149.7079,-26.3048],[149.7183,-26.2908],[149.7723,-26.2978],[149.7723,-26.2974],[149.8165,-26.303],[149.8139,-26.3092],[149.8313,-26.3175],[149.8216,-26.3798],[149.8051,-26.3937],[149.7732,-26.4013],[149.7721,-26.3933],[149.758,-26.3891],[149.7508,-26.3901],[149.7462,-26.4187],[149.7317,-26.4168],[149.7283,-26.4373],[149.722,-26.4367],[149.704,-26.4525],[149.6854,-26.4651],[149.7276,-26.4705],[149.7142,-26.4814],[149.7075,-26.4905],[149.7045,-26.492],[149.7014,-26.4985],[149.7016,-26.5046],[149.6971,-26.5171],[149.7052,-26.5182],[149.7029,-26.5327],[149.7107,-26.5337],[149.7076,-26.553],[149.6981,-26.5509],[149.6957,-26.566],[149.7004,-26.5666],[149.6964,-26.5912],[149.6702,-26.5879],[149.6672,-26.6062],[149.7019,-26.6109],[149.6967,-26.6438],[149.6927,-26.6439],[149.692,-26.6486],[149.6712,-26.6685],[149.675,-26.6973],[149.676,-26.7264],[149.6737,-26.7407],[149.6698,-26.747],[149.6628,-26.7517],[149.6633,-26.7583],[149.6746,-26.7597],[149.6842,-26.7737],[149.5915,-26.8083],[149.5962,-26.8074],[149.602,-26.815],[149.6079,-26.8139],[149.6121,-26.8187],[149.5882,-26.8292],[149.6126,-26.8953],[149.6298,-26.9443],[149.6448,-26.9646],[149.663,-27.0064],[149.6621,-27.0102],[149.6671,-27.0145],[149.6672,-27.0224],[149.6645,-27.0295],[149.6542,-27.0304],[149.6465,-27.0284],[149.6417,-27.0244],[149.6282,-27.0292],[149.6168,-27.0313],[149.6152,-27.0333],[149.6159,-27.0427],[149.6303,-27.0425],[149.6368,-27.0437],[149.6346,-27.0496],[149.6259,-27.0559],[149.6316,-27.0628],[149.6322,-27.0691],[149.6417,-27.0749],[149.6452,-27.0733],[149.6462,-27.0683],[149.6507,-27.0673],[149.6598,-27.0677],[149.671,-27.0707],[149.6733,-27.0742],[149.6787,-27.0748],[149.5564,-27.1912],[149.5929,-27.222],[149.5651,-27.2484],[149.5524,-27.259],[149.5295,-27.2747],[149.5225,-27.2814],[149.5199,-27.2817],[149.5021,-27.2935],[149.4879,-27.3128],[149.4862,-27.3158],[149.4799,-27.3202],[149.4819,-27.33],[149.4732,-27.3431],[149.4584,-27.3669],[149.4568,-27.376],[149.4672,-27.3939],[149.4807,-27.4093],[149.4811,-27.4129],[149.4961,-27.4319],[149.4933,-27.4502],[149.4983,-27.4588],[149.4901,-27.519],[149.483,-27.5676],[149.479,-27.5928],[149.4753,-27.5957],[149.4711,-27.5958],[149.4696,-27.6021],[149.4665,-27.6049],[149.4618,-27.6044],[149.4546,-27.6165],[149.4541,-27.6227],[149.4514,-27.6227],[149.4421,-27.6343],[149.4381,-27.6366],[149.4713,-27.6404],[149.4661,-27.6722],[149.5081,-27.6778],[149.5059,-27.6926],[149.4958,-27.7538],[149.4273,-27.7455],[149.405,-27.7834],[149.4892,-27.7921],[149.4809,-27.8433],[149.4732,-27.8889],[149.4597,-27.9774],[149.4575,-27.9928],[149.4936,-27.9974],[149.4952,-27.9894],[149.5209,-27.989],[149.5341,-27.9863],[149.5315,-28.0023],[149.6273,-28.0146],[149.6316,-27.9871],[149.6679,-27.9914],[149.7865,-28.0064],[149.8352,-27.9926],[149.8848,-27.9796],[149.8669,-27.9595],[149.8571,-27.9547],[149.8553,-27.9506],[149.8971,-27.9407],[149.9051,-27.9746],[149.9323,-27.967],[150.0365,-27.9819],[150.0659,-27.9855],[150.0695,-27.9582],[150.1169,-27.9632],[150.1216,-27.9505],[150.1173,-27.9485],[150.1171,-27.9439],[150.1239,-27.9443],[150.1363,-27.9104],[150.1567,-27.9226],[150.2227,-27.8945],[150.2321,-27.9058],[150.2483,-27.9077],[150.2461,-27.8517],[150.2767,-27.8516],[150.2742,-27.8027],[150.3264,-27.8087],[150.3351,-27.7614],[150.3611,-27.7649],[150.3788,-27.7825],[150.3869,-27.7833],[150.3929,-27.7782],[150.3923,-27.7742],[150.3831,-27.7643],[150.3886,-27.7603],[150.4101,-27.7464],[150.439,-27.7681],[150.4396,-27.762],[150.4443,-27.7604],[150.4496,-27.7667],[150.4522,-27.7669],[150.4582,-27.7603],[150.489,-27.7879],[150.5137,-27.766],[150.5208,-27.7724],[150.575,-27.7793],[150.5923,-27.7899],[150.6036,-27.8061],[150.6212,-27.811],[150.6335,-27.8255],[150.6448,-27.8506],[150.6464,-27.8951],[150.6742,-27.9036],[150.6775,-27.9188],[150.694,-27.9331],[150.7027,-27.9345],[150.7252,-27.7934],[150.7323,-27.7945],[150.7406,-27.7429],[150.7377,-27.739],[150.7398,-27.7105],[150.7472,-27.6639],[150.7465,-27.6638],[150.7567,-27.5993],[150.7706,-27.5803],[150.7827,-27.5766],[150.7824,-27.5753],[150.7888,-27.5647],[150.7929,-27.5537],[150.8055,-27.5405],[150.8154,-27.5229],[150.8252,-27.5105],[150.8345,-27.5075],[150.8677,-27.5459],[150.9031,-27.5392],[150.9273,-27.534],[150.9275,-27.5548],[150.9272,-27.5719],[150.965,-27.5788],[150.9732,-27.5817],[150.9842,-27.5792],[151.0071,-27.5771],[151.0103,-27.575],[151.0411,-27.5793],[151.0477,-27.5837],[151.0765,-27.5718],[151.0718,-27.5637],[151.0751,-27.5605],[151.0753,-27.5546],[151.0812,-27.5496],[151.0844,-27.5353],[151.0774,-27.5277],[151.0832,-27.4932],[151.0818,-27.493],[151.0773,-27.481],[151.0763,-27.4716],[151.0768,-27.4631],[151.0763,-27.4511],[151.0786,-27.4318],[151.0878,-27.3764],[151.108,-27.379],[151.1128,-27.3772],[151.1659,-27.3838],[151.178,-27.3817],[151.1975,-27.3841],[151.1928,-27.3989],[151.2211,-27.4028],[151.2659,-27.4084],[151.3081,-27.4138],[151.311,-27.3547],[151.3127,-27.3309],[151.3177,-27.3316],[151.3258,-27.2824],[151.3266,-27.2747],[151.3377,-27.2078],[151.4506,-27.2788],[151.4565,-27.2423],[151.4536,-27.2419],[151.4603,-27.2027],[151.4503,-27.2013],[151.4542,-27.1804],[151.4528,-27.1787],[151.4582,-27.1458],[151.4671,-27.147],[151.4684,-27.1388],[151.4705,-27.139],[151.4662,-27.1221],[151.4638,-27.1183],[151.465,-27.1109],[151.4832,-27.1133],[151.4814,-27.1243],[151.4962,-27.1263],[151.4969,-27.1219],[151.5256,-27.1255],[151.5265,-27.1195],[151.5397,-27.1217],[151.5462,-27.1153],[151.5696,-27.1183],[151.571,-27.1107],[151.5677,-27.1102],[151.5694,-27.099],[151.5764,-27.0998],[151.5785,-27.0881],[151.5762,-27.0877],[151.5813,-27.0559],[151.5968,-27.058],[151.6009,-27.0305],[151.6082,-27.0281],[151.6231,-27.0301],[151.6276,-27.0025],[151.6368,-27.0037],[151.6387,-26.9966],[151.6469,-26.9956],[151.6573,-26.993],[151.6644,-26.99],[151.6614,-26.9842],[151.6622,-26.9794],[151.6745,-26.9584],[151.671,-26.953],[151.6693,-26.9383],[151.6641,-26.9361],[151.6606,-26.9304],[151.6575,-26.9304],[151.6548,-26.9255],[151.6467,-26.9196],[151.6478,-26.9131],[151.6425,-26.9073],[151.639,-26.9069],[151.6302,-26.8989],[151.6222,-26.9008],[151.612,-26.8924],[151.6079,-26.893],[151.6004,-26.8884],[151.5991,-26.8855],[151.5893,-26.8855],[151.5871,-26.8815],[151.5822,-26.8793],[151.5778,-26.8802],[151.5722,-26.8697],[151.5712,-26.8607],[151.5677,-26.8581],[151.568,-26.8533],[151.5625,-26.8516],[151.5585,-26.8461],[151.5558,-26.8397],[151.5494,-26.8356],[151.5485,-26.8295],[151.5395,-26.8197],[151.536,-26.8204],[151.5309,-26.8181],[151.5283,-26.8117],[151.524,-26.8107],[151.519,-26.8008],[151.5165,-26.799],[151.5216,-26.7933],[151.5174,-26.7881],[151.5165,-26.7826],[151.5182,-26.7798],[151.5178,-26.7724],[151.5198,-26.7665],[151.5148,-26.7656],[151.5064,-26.7667],[151.5044,-26.763],[151.493,-26.7625],[151.4887,-26.7563],[151.4826,-26.7543],[151.476,-26.757],[151.4738,-26.7603],[151.4645,-26.7618],[151.4503,-26.7579],[151.4405,-26.7566],[151.4344,-26.7522],[151.4236,-26.7461],[151.4208,-26.7459],[151.419,-26.7404],[151.4182,-26.7289],[151.4133,-26.7252],[151.4172,-26.7172],[151.4139,-26.7104],[151.418,-26.7025],[151.417,-26.698],[151.4053,-26.6951],[151.3976,-26.6913],[151.3943,-26.685],[151.3919,-26.6842],[151.4072,-26.6739],[151.4092,-26.6606],[151.408,-26.6566],[151.3947,-26.6414],[151.3848,-26.6365],[151.3786,-26.6296],[151.3721,-26.6321],[151.3687,-26.6242],[151.3634,-26.6236],[151.3578,-26.6187],[151.3519,-26.6172],[151.3491,-26.6077],[151.342,-26.607],[151.3328,-26.6007],[151.3337,-26.5983],[151.3304,-26.5931],[151.3258,-26.5921],[151.3228,-26.5858],[151.3182,-26.5904],[151.3138,-26.591],[151.3119,-26.5866],[151.3049,-26.5797],[151.3014,-26.5705],[151.2949,-26.5665],[151.2877,-26.5573],[151.2868,-26.5538],[151.2875,-26.5449],[151.2793,-26.5437],[151.2716,-26.5489],[151.266,-26.5499],[151.2582,-26.5478],[151.2519,-26.5425],[151.2471,-26.5367],[151.2478,-26.5279],[151.2431,-26.5277],[151.2379,-26.5227],[151.2297,-26.5271],[151.2219,-26.5213],[151.2187,-26.5175],[151.2122,-26.5139],[151.2042,-26.5009],[151.2081,-26.4945],[151.2034,-26.4889],[151.2036,-26.4857],[151.2084,-26.4807],[151.2077,-26.4788],[151.1819,-26.4754],[151.0773,-26.4625],[151.0772,-26.4622],[151.1152,-26.3797],[151.1213,-26.3452],[151.1341,-26.2722],[151.1364,-26.263],[151.0665,-26.2547],[151.0167,-26.2562],[151.0133,-26.192],[151.0182,-26.1925],[151.0227,-26.1954],[151.0732,-26.1726],[151.0764,-26.1618],[151.0929,-26.1593],[151.0998,-26.1603],[151.0987,-26.1499],[151.1159,-26.1409],[151.1206,-26.143],[151.1257,-26.1514],[151.1393,-26.1592],[151.147,-26.1579],[151.1501,-26.1596],[151.1588,-26.1545],[151.162,-26.1495],[151.1607,-26.142],[151.1573,-26.1384],[151.1565,-26.1337],[151.1595,-26.1208],[151.1517,-26.1111],[151.1499,-26.1054],[151.1429,-26.104],[151.1374,-26.1077],[151.1344,-26.1053],[151.1263,-26.1145],[151.1206,-26.1177],[151.1154,-26.1187],[151.1112,-26.1127],[151.1022,-26.1104],[151.0978,-26.1107],[151.093,-26.1063],[151.0881,-26.1052],[151.0847,-26.1001],[151.0788,-26.0967],[151.0738,-26.0952],[151.0674,-26.0852],[151.0592,-26.0882],[151.0484,-26.0887],[151.0401,-26.0876],[151.0325,-26.0851],[151.0159,-26.0771],[151.0104,-26.0711],[151.0085,-26.0596],[151.002,-26.0496],[151.003,-26.0433],[150.9939,-26.0312],[150.9892,-26.0152],[150.9834,-26.0115],[150.984,-26.0078],[150.9622,-26.0139],[150.9498,-26.01],[150.9325,-26.0131],[150.9268,-26.0118],[150.9204,-26.005],[150.9141,-26.0041],[150.906,-26.0083],[150.9064,-26.0127],[150.9039,-26.0194],[150.8496,-26.0564],[150.79,-26.0489],[150.7809,-26.0285],[150.7854,-26.0224],[150.786,-26.0186],[150.7832,-26.0156],[150.7758,-26.0122],[150.7775,-26.0086],[150.7736,-25.9983],[150.767,-25.9911],[150.7636,-25.9816],[150.7569,-25.9807],[150.739,-25.9811],[150.7298,-25.9802],[150.7256,-25.981],[150.7197,-25.9852],[150.7144,-25.9848],[150.7021,-25.9739],[150.6907,-25.9724],[150.6818,-25.9702],[150.6728,-25.9696],[150.6745,-25.9632],[150.6731,-25.9572],[150.6693,-25.9492],[150.6689,-25.9427],[150.6795,-25.9285],[150.6806,-25.9225],[150.685,-25.9139],[150.6851,-25.9052],[150.6798,-25.898],[150.6784,-25.889],[150.68,-25.8827],[150.6872,-25.879],[150.6931,-25.8721],[150.6948,-25.8645],[150.6987,-25.8567],[150.6951,-25.8502],[150.6788,-25.8304],[150.6718,-25.827],[150.6704,-25.8205],[150.6577,-25.8137],[150.6492,-25.8033],[150.6569,-25.801],[150.6441,-25.7862],[150.6465,-25.7788],[150.6502,-25.7742],[150.6598,-25.7733],[150.6665,-25.7637],[150.6637,-25.7576],[150.6629,-25.7449],[150.6643,-25.7327],[150.6496,-25.7262],[150.6432,-25.7156],[150.6465,-25.7052],[150.6518,-25.6987],[150.6563,-25.6974],[150.6565,-25.6922],[150.6636,-25.6843],[150.6638,-25.6812],[150.6588,-25.6787],[150.6556,-25.672],[150.6542,-25.6598],[150.612,-25.6543],[150.5912,-25.6527],[150.5853,-25.6435],[150.5703,-25.6382],[150.5612,-25.6394],[150.553,-25.6416],[150.5458,-25.6404],[150.5378,-25.6417],[150.5242,-25.6454],[150.5172,-25.6407],[150.5038,-25.636],[150.4955,-25.6284],[150.484,-25.6062],[150.482,-25.6054],[150.4461,-25.5989],[150.441,-25.6015],[150.4371,-25.6064]]]},"properties":{"District Name":"Dalby","DDMG Name":"Dalby","Police Region Name":"Southern Region","Police Region Code":"SR","Police Region Short Name":"Southern","Region Slug":"southern","Layer Id":"qld_ddmg_boundaries_gda2020_simp200m","Layer Group":"statewide","Layer Kind":"ddmg","Source":"QPS Disaster Districts, Queensland Police Service, via the Queensland Government Open Data Portal","Source URL":"https://www.data.qld.gov.au/dataset/qps-disaster-districts","Licence":"CC BY 4.0","Licence URL":"https://creativecommons.org/licenses/by/4.0/","Dataset Date":"19/05/2025","Simplification Tolerance M":200,"Coordinate Precision Decimals":4,"CRS":"GDA2020 (EPSG:7844)","Generated":"2026-09-13"},"id":"Dalby"},{"type":"Feature","geometry":{"type":"Polygon","coordinates":[[[153.2256,-24.516],[153.1448,-24.1731],[153.0416,-23.7317],[152.9087,-23.1651],[152.048,-23.1672],[151.6478,-23.1661],[151.2511,-23.1651],[151.0405,-23.3898],[151.0011,-23.4317],[150.9906,-23.4482],[150.9776,-23.474],[150.9682,-23.4991],[150.9132,-23.5452],[150.8685,-23.5767],[150.8641,-23.5875],[150.8628,-23.5937],[150.8611,-23.6122],[150.8592,-23.6162],[150.8551,-23.6181],[150.8501,-23.6163],[150.8434,-23.6118],[150.8364,-23.605],[150.8324,-23.6061],[150.8256,-23.6124],[150.8239,-23.6162],[150.8253,-23.6219],[150.8285,-23.6249],[150.8375,-23.6279],[150.84,-23.6319],[150.8341,-23.6342],[150.8259,-23.631],[150.8207,-23.6324],[150.8211,-23.6381],[150.8263,-23.6412],[150.8307,-23.6415],[150.8352,-23.6387],[150.8392,-23.6437],[150.8404,-23.6504],[150.8375,-23.6554],[150.8318,-23.6525],[150.8325,-23.6458],[150.8287,-23.6459],[150.8262,-23.6496],[150.8191,-23.6516],[150.8186,-23.6596],[150.8213,-23.6658],[150.8273,-23.6671],[150.8284,-23.6613],[150.8336,-23.659],[150.8347,-23.6713],[150.828,-23.6739],[150.8261,-23.6704],[150.819,-23.6714],[150.8168,-23.6733],[150.8231,-23.6771],[150.8285,-23.6828],[150.8187,-23.6842],[150.8193,-23.6804],[150.8157,-23.6756],[150.8112,-23.677],[150.8069,-23.6804],[150.8023,-23.6773],[150.8014,-23.682],[150.8072,-23.6817],[150.8083,-23.6855],[150.8034,-23.6876],[150.8054,-23.6913],[150.8102,-23.6931],[150.8156,-23.6985],[150.8184,-23.7034],[150.8162,-23.7062],[150.8113,-23.7033],[150.8028,-23.7079],[150.7993,-23.7135],[150.7926,-23.7164],[150.7909,-23.7198],[150.7912,-23.7279],[150.7824,-23.7362],[150.7765,-23.7376],[150.7723,-23.741],[150.7723,-23.7484],[150.7697,-23.7515],[150.7695,-23.7582],[150.7642,-23.7624],[150.7583,-23.7625],[150.7565,-23.7682],[150.7476,-23.7615],[150.7327,-23.7604],[150.7258,-23.7579],[150.7182,-23.7582],[150.7171,-23.7603],[150.7206,-23.7662],[150.713,-23.7734],[150.7061,-23.7781],[150.6958,-23.7807],[150.6885,-23.7797],[150.6816,-23.7816],[150.6793,-23.7845],[150.6799,-23.7961],[150.6722,-23.7991],[150.67,-23.8013],[150.6636,-23.7986],[150.662,-23.8012],[150.6558,-23.8026],[150.6515,-23.808],[150.6504,-23.815],[150.6542,-23.8186],[150.6598,-23.8194],[150.659,-23.8245],[150.6557,-23.824],[150.654,-23.8298],[150.6473,-23.8315],[150.6462,-23.8386],[150.6332,-23.8368],[150.6278,-23.8422],[150.6203,-23.8399],[150.6139,-23.84],[150.6069,-23.8379],[150.5983,-23.8276],[150.5921,-23.8276],[150.5881,-23.8249],[150.5819,-23.8289],[150.5675,-23.8249],[150.5639,-23.8266],[150.5551,-23.8236],[150.5438,-23.8275],[150.5443,-23.8379],[150.535,-23.841],[150.5336,-23.8495],[150.5208,-23.8519],[150.5092,-23.8481],[150.5025,-23.8498],[150.4953,-23.8448],[150.4919,-23.8495],[150.485,-23.8502],[150.4821,-23.8442],[150.4756,-23.8428],[150.4742,-23.8473],[150.4689,-23.8519],[150.46,-23.8469],[150.4612,-23.8399],[150.4563,-23.8381],[150.456,-23.8333],[150.4504,-23.8297],[150.448,-23.8233],[150.4379,-23.8228],[150.4338,-23.8203],[150.4265,-23.819],[150.4164,-23.8206],[150.4118,-23.8152],[150.4095,-23.8174],[150.4031,-23.8182],[150.3978,-23.8211],[150.3966,-23.8279],[150.3918,-23.8338],[150.3864,-23.8374],[150.3786,-23.837],[150.3708,-23.8335],[150.3647,-23.824],[150.3589,-23.8215],[150.3523,-23.8205],[150.3476,-23.8168],[150.3484,-23.8111],[150.3409,-23.8073],[150.3349,-23.8089],[150.3321,-23.8117],[150.3284,-23.824],[150.3217,-23.824],[150.3179,-23.8219],[150.3176,-23.8153],[150.3136,-23.8129],[150.3157,-23.7951],[150.3082,-23.7918],[150.3086,-23.7875],[150.3147,-23.7842],[150.3146,-23.7783],[150.3125,-23.7768],[150.3137,-23.7689],[150.3173,-23.7655],[150.311,-23.7635],[150.3085,-23.7595],[150.2895,-23.7582],[150.2928,-23.7517],[150.2878,-23.7442],[150.2846,-23.743],[150.2829,-23.734],[150.2766,-23.7313],[150.2796,-23.7236],[150.2767,-23.7197],[150.2705,-23.7191],[150.2663,-23.7129],[150.2577,-23.7091],[150.2535,-23.7045],[150.2564,-23.7004],[150.2607,-23.6978],[150.2642,-23.6984],[150.2682,-23.6913],[150.2564,-23.6841],[150.2563,-23.6803],[150.2529,-23.6768],[150.253,-23.6723],[150.2594,-23.6697],[150.2608,-23.6672],[150.2493,-23.6651],[150.2494,-23.6567],[150.2421,-23.6562],[150.2309,-23.6494],[150.2236,-23.6507],[150.2098,-23.649],[150.2092,-23.6528],[150.1999,-23.6516],[150.2003,-23.6485],[150.1892,-23.647],[150.1884,-23.6518],[150.1737,-23.6498],[150.1731,-23.6539],[150.1451,-23.6505],[150.1445,-23.6538],[150.1388,-23.6587],[150.1328,-23.6578],[150.1316,-23.6556],[150.124,-23.6517],[150.1173,-23.6559],[150.102,-23.6588],[150.098,-23.6581],[150.0908,-23.6611],[150.0881,-23.6661],[150.0805,-23.6664],[150.0757,-23.6751],[150.0739,-23.6756],[150.072,-23.6899],[150.0696,-23.6921],[150.067,-23.7123],[150.0477,-23.7096],[150.0473,-23.7123],[150.0338,-23.7108],[150.022,-23.7109],[150.0122,-23.7098],[150.0114,-23.7157],[149.9973,-23.7139],[150.005,-23.7403],[150.0023,-23.7459],[149.9979,-23.7467],[149.9936,-23.7519],[149.9902,-23.7513],[149.986,-23.7542],[149.9896,-23.765],[149.9943,-23.765],[149.9979,-23.7673],[149.9966,-23.7727],[150.0035,-23.7783],[150.0026,-23.7833],[150.0054,-23.7862],[150.0076,-23.7924],[150.0114,-23.7959],[150.0113,-23.806],[150.0135,-23.8142],[150.0197,-23.8198],[150.0252,-23.8225],[150.0287,-23.8287],[150.0343,-23.8306],[150.0402,-23.8375],[150.0497,-23.8384],[150.0528,-23.8403],[150.0525,-23.8495],[150.0557,-23.857],[150.0622,-23.8612],[150.0612,-23.8712],[150.0666,-23.8821],[150.0613,-23.8866],[150.0555,-23.8849],[150.053,-23.8907],[150.0498,-23.8935],[150.0513,-23.902],[149.987,-23.8987],[149.9273,-23.8889],[149.9235,-23.8935],[149.9237,-23.9037],[149.9252,-23.9095],[149.9213,-23.9122],[149.921,-23.9183],[149.9174,-23.9235],[149.9192,-23.9302],[149.9163,-23.9389],[149.9132,-23.9431],[149.9064,-23.9446],[149.9055,-23.9487],[149.8985,-23.951],[149.8939,-23.9591],[149.8838,-23.9592],[149.8816,-23.9629],[149.8725,-23.9673],[149.866,-23.9612],[149.8533,-23.9535],[149.8427,-23.9547],[149.8441,-23.9654],[149.8423,-23.9763],[149.8434,-23.9879],[149.8498,-23.9932],[149.8509,-23.9965],[149.8487,-24.0042],[149.844,-24.0048],[149.8334,-23.9985],[149.8247,-23.9971],[149.822,-23.9998],[149.821,-24.0074],[149.8115,-24.0174],[149.8066,-24.0273],[149.7978,-24.0422],[149.7922,-24.0558],[149.7908,-24.0646],[149.7944,-24.0724],[149.8062,-24.0807],[149.8169,-24.0839],[149.8226,-24.0875],[149.8332,-24.0914],[149.8353,-24.0963],[149.8355,-24.1022],[149.8326,-24.1082],[149.8348,-24.1123],[149.8333,-24.1167],[149.84,-24.1265],[149.8342,-24.1338],[149.8374,-24.1389],[149.8376,-24.1453],[149.8426,-24.1526],[149.8352,-24.1588],[149.8301,-24.165],[149.8269,-24.1656],[149.8205,-24.1629],[149.7681,-24.156],[149.6712,-24.1544],[149.655,-24.1623],[149.652,-24.1654],[149.6577,-24.1732],[149.6614,-24.1745],[149.6637,-24.1799],[149.6617,-24.1843],[149.6646,-24.1905],[149.6699,-24.1929],[149.674,-24.1977],[149.6715,-24.2045],[149.6747,-24.2143],[149.685,-24.223],[149.6809,-24.2268],[149.6795,-24.2407],[149.6837,-24.2424],[149.6848,-24.2469],[149.6917,-24.2507],[149.6941,-24.2629],[149.703,-24.263],[149.7066,-24.271],[149.7132,-24.278],[149.7347,-24.3151],[149.7354,-24.3188],[149.7404,-24.3247],[149.7408,-24.3288],[149.7445,-24.3369],[149.7426,-24.3405],[149.7437,-24.3531],[149.7484,-24.3551],[149.7577,-24.3896],[149.7509,-24.3989],[149.7532,-24.4029],[149.7525,-24.4082],[149.7581,-24.4102],[149.7578,-24.415],[149.7621,-24.4231],[149.7624,-24.4398],[149.7638,-24.4437],[149.7598,-24.4485],[149.767,-24.4645],[149.7691,-24.479],[149.7677,-24.4832],[149.7744,-24.4888],[149.7761,-24.4946],[149.7748,-24.4991],[149.7796,-24.5018],[149.7812,-24.5059],[149.7766,-24.5124],[149.7828,-24.52],[149.7857,-24.526],[149.7857,-24.5336],[149.7787,-24.5329],[149.7874,-24.5451],[149.7401,-24.5399],[149.7378,-24.5575],[149.7257,-24.5978],[149.7295,-24.6085],[149.7496,-24.6193],[149.7407,-24.634],[149.7374,-24.6345],[149.7343,-24.6569],[149.7302,-24.6613],[149.7265,-24.6682],[149.7045,-24.6924],[149.6905,-24.7112],[149.6813,-24.7158],[149.6717,-24.7246],[149.6649,-24.7351],[149.6583,-24.7413],[149.6489,-24.7518],[149.6368,-24.7597],[149.6216,-24.7658],[149.6217,-24.7731],[149.6194,-24.7775],[149.6097,-24.7846],[149.6061,-24.7907],[149.6048,-24.8009],[149.605,-24.8127],[149.6063,-24.8234],[149.6133,-24.8429],[149.6145,-24.8586],[149.6135,-24.8688],[149.6161,-24.8743],[149.6117,-24.883],[149.6109,-24.89],[149.6035,-24.8916],[149.596,-24.8892],[149.594,-24.8842],[149.5886,-24.8832],[149.5854,-24.8878],[149.5812,-24.8292],[149.5783,-24.7811],[149.5626,-24.7814],[149.5602,-24.7735],[149.5507,-24.7743],[149.5337,-24.7767],[149.5334,-24.7823],[149.5255,-24.7961],[149.5258,-24.7997],[149.516,-24.7976],[149.5112,-24.7999],[149.5064,-24.8057],[149.5007,-24.8237],[149.502,-24.8298],[149.5001,-24.8438],[149.4809,-24.8542],[149.4702,-24.8641],[149.4663,-24.8646],[149.4618,-24.8956],[149.4577,-24.9048],[149.4556,-24.9072],[149.4468,-24.9109],[149.4475,-24.9159],[149.4522,-24.9227],[149.4548,-24.9333],[149.4584,-24.9358],[149.4531,-24.9391],[149.4554,-24.9457],[149.4515,-24.9509],[149.4578,-24.9555],[149.4563,-24.9583],[149.4596,-24.9633],[149.4608,-24.979],[149.4529,-24.9886],[149.4499,-24.9937],[149.4501,-25.0013],[149.4423,-25.004],[149.438,-25.0017],[149.4292,-25.0003],[149.4242,-25.0031],[149.4172,-25.0045],[149.4117,-25.0086],[149.4076,-25.0075],[149.4004,-25.0001],[149.3998,-24.996],[149.3868,-24.9926],[149.3673,-24.9815],[149.3622,-24.9777],[149.357,-24.9845],[149.3507,-24.9828],[149.336,-24.9877],[149.3367,-24.9925],[149.3333,-25.0022],[149.3263,-25.0089],[149.3236,-25.0154],[149.3175,-25.017],[149.3103,-25.0069],[149.3035,-25.0056],[149.2932,-25.0019],[149.2826,-25.0076],[149.2806,-25.0115],[149.2826,-25.0177],[149.2799,-25.023],[149.2834,-25.0338],[149.2829,-25.0395],[149.2847,-25.053],[149.2817,-25.0604],[149.2744,-25.0638],[149.2656,-25.0604],[149.2475,-25.0561],[149.2414,-25.0506],[149.2316,-25.049],[149.2205,-25.0327],[149.2215,-25.027],[149.2177,-25.0174],[149.2122,-25.0148],[149.2069,-25.0153],[149.2041,-25.0133],[149.1956,-25.0126],[149.1865,-25.0085],[149.1832,-25.0053],[149.1858,-25.0199],[149.1885,-25.0227],[149.1893,-25.0291],[149.1946,-25.0355],[149.1888,-25.038],[149.1848,-25.0442],[149.1833,-25.0513],[149.1876,-25.0603],[149.1846,-25.0617],[149.1778,-25.0727],[149.1715,-25.0711],[149.1697,-25.0752],[149.1692,-25.0864],[149.172,-25.0903],[149.1695,-25.0949],[149.1629,-25.1],[149.1617,-25.1059],[149.1572,-25.1103],[149.1491,-25.1096],[149.1438,-25.1172],[149.1393,-25.1218],[149.1227,-25.1298],[149.1185,-25.1367],[149.1046,-25.1376],[149.0964,-25.1344],[149.0948,-25.1285],[149.0997,-25.1272],[149.0937,-25.1206],[149.0772,-25.1151],[149.0725,-25.1108],[149.0765,-25.1056],[149.0763,-25.1011],[149.0912,-25.0935],[149.0921,-25.0892],[149.0968,-25.0832],[149.0952,-25.0759],[149.0972,-25.0684],[149.0997,-25.0647],[149.101,-25.0584],[149.0952,-25.0498],[149.0967,-25.0433],[149.0925,-25.0336],[149.0873,-25.0294],[149.0899,-25.0205],[149.087,-25.0134],[149.0919,-25.0032],[149.0809,-25.0032],[149.0712,-25.0019],[149.0688,-24.9999],[149.0692,-24.9893],[149.0613,-24.985],[149.0556,-24.9737],[149.0555,-24.9671],[149.0521,-24.9562],[149.0486,-24.9491],[149.0497,-24.9431],[149.0464,-24.9374],[149.0418,-24.9328],[149.0407,-24.9193],[149.0493,-24.9171],[149.0477,-24.9086],[149.042,-24.9076],[149.041,-24.9025],[149.0373,-24.902],[149.0326,-24.8926],[149.0363,-24.8864],[149.0375,-24.8778],[149.0177,-24.8802],[149.013,-24.8799],[148.9985,-24.8743],[148.9927,-24.8731],[148.9894,-24.8702],[148.9859,-24.8622],[148.9779,-24.8602],[148.9741,-24.858],[148.9718,-24.8481],[148.9368,-24.8374],[148.8612,-24.8943],[148.8723,-24.8935],[148.8767,-24.8972],[148.877,-24.9093],[148.8613,-24.9284],[148.8529,-24.9321],[148.8481,-24.9279],[148.8439,-24.9334],[148.8374,-24.9361],[148.8306,-24.9514],[148.8314,-24.9535],[148.8268,-24.9606],[148.8273,-24.9692],[148.8309,-24.9755],[148.8243,-24.9891],[148.8296,-24.9929],[148.8268,-24.9985],[148.827,-25.0026],[148.8138,-25.0111],[148.8136,-25.0185],[148.816,-25.0215],[148.8161,-25.0293],[148.818,-25.0355],[148.8131,-25.0453],[148.8151,-25.0505],[148.8144,-25.0551],[148.8164,-25.0598],[148.8174,-25.0714],[148.8292,-25.0889],[148.8277,-25.091],[148.8317,-25.0957],[148.8331,-25.1029],[148.8369,-25.11],[148.8415,-25.1151],[148.8431,-25.1208],[148.847,-25.126],[148.855,-25.1313],[148.859,-25.1421],[148.8676,-25.1413],[148.8692,-25.1446],[148.8742,-25.1479],[148.8726,-25.1516],[148.8624,-25.1529],[148.8591,-25.1562],[148.8586,-25.1629],[148.861,-25.174],[148.8612,-25.1802],[148.863,-25.1834],[148.8685,-25.1851],[148.8758,-25.1953],[148.8803,-25.1998],[148.8817,-25.2045],[148.8794,-25.2089],[148.8843,-25.2155],[148.8796,-25.2276],[148.8812,-25.2284],[148.9221,-25.2318],[148.93,-25.2391],[148.9334,-25.2444],[148.9283,-25.2485],[148.9292,-25.2561],[148.9248,-25.2619],[148.9306,-25.268],[148.9334,-25.2683],[148.9389,-25.273],[148.9386,-25.2762],[148.9454,-25.2788],[148.9557,-25.2799],[148.9642,-25.3006],[148.9689,-25.304],[148.9727,-25.3037],[148.9754,-25.3093],[148.9792,-25.3109],[148.977,-25.3176],[148.9686,-25.3216],[148.9555,-25.3232],[148.9504,-25.3284],[148.9523,-25.3381],[148.9674,-25.3411],[148.9735,-25.3463],[148.9732,-25.3488],[148.9784,-25.356],[148.9766,-25.3625],[148.9783,-25.3722],[148.974,-25.3845],[148.9701,-25.3862],[148.9668,-25.3912],[148.9659,-25.3964],[148.9626,-25.4001],[148.9568,-25.4019],[148.9546,-25.415],[148.9604,-25.4121],[148.9642,-25.4134],[148.9601,-25.4301],[148.9615,-25.4321],[148.9587,-25.4435],[148.9553,-25.4457],[148.9535,-25.4571],[148.948,-25.4585],[148.9384,-25.4592],[149.0245,-25.5597],[148.9853,-25.5874],[148.9879,-25.5901],[148.9863,-25.5985],[148.987,-25.603],[148.9855,-25.6122],[148.992,-25.6187],[148.9955,-25.6147],[148.992,-25.6101],[148.9902,-25.6036],[148.9922,-25.6007],[149.0032,-25.6019],[149.0104,-25.6017],[149.0201,-25.6037],[149.0265,-25.6094],[149.0239,-25.6119],[149.0143,-25.6088],[149.0139,-25.6136],[149.0221,-25.6182],[149.0263,-25.6187],[149.0327,-25.627],[149.0375,-25.6284],[149.0385,-25.6316],[149.0327,-25.6384],[149.0349,-25.6423],[149.041,-25.6366],[149.0417,-25.6315],[149.045,-25.6284],[149.0445,-25.6243],[149.0479,-25.6229],[149.0605,-25.6268],[149.0606,-25.6323],[149.0523,-25.6371],[149.0485,-25.6432],[149.0499,-25.6488],[149.0529,-25.6501],[149.0605,-25.6462],[149.0605,-25.6515],[149.0541,-25.6616],[149.0535,-25.6643],[149.0564,-25.6698],[149.0399,-25.6757],[149.0315,-25.6727],[149.0194,-25.6815],[149.0157,-25.6817],[149.0095,-25.6931],[149.0014,-25.6974],[148.9958,-25.6976],[148.9812,-25.7083],[148.978,-25.7086],[148.9728,-25.7132],[148.9693,-25.7114],[148.9673,-25.7038],[148.9642,-25.6993],[148.957,-25.6929],[148.9494,-25.6928],[148.9426,-25.6855],[148.9383,-25.6879],[148.94,-25.6939],[148.9344,-25.6995],[148.9321,-25.6991],[148.9254,-25.7032],[148.9287,-25.7086],[148.9252,-25.7155],[148.9285,-25.7207],[148.9269,-25.7248],[148.9214,-25.7254],[148.9198,-25.7288],[148.9238,-25.7405],[148.9007,-25.7601],[148.9096,-25.7612],[148.9109,-25.7676],[148.945,-25.7712],[148.9636,-25.7927],[148.9683,-25.7897],[148.9769,-25.7876],[148.986,-25.7825],[148.9965,-25.7808],[149.013,-25.7746],[149.0217,-25.7688],[149.0312,-25.7685],[149.0312,-25.7756],[149.0254,-25.795],[149.0249,-25.7991],[149.0312,-25.8083],[149.044,-25.823],[149.0528,-25.8246],[149.0551,-25.8287],[149.0653,-25.8385],[149.0681,-25.8423],[149.0757,-25.8435],[149.0849,-25.8544],[149.0917,-25.8593],[149.0971,-25.8606],[149.1044,-25.8664],[149.1083,-25.8733],[149.0944,-25.9403],[149.0973,-25.9478],[149.1061,-25.9455],[149.1214,-25.9495],[149.1246,-25.9511],[149.1378,-25.9461],[149.1643,-25.9492],[149.2253,-25.9583],[149.2494,-25.9608],[149.3019,-25.9665],[149.3272,-25.9252],[149.3349,-25.9194],[149.342,-25.9208],[149.3479,-25.9149],[149.3553,-25.9096],[149.3555,-25.9066],[149.3629,-25.9047],[149.3646,-25.8979],[149.3744,-25.8904],[149.3822,-25.8889],[149.3979,-25.8762],[149.4027,-25.8828],[149.4833,-25.8918],[149.4768,-25.9336],[149.5751,-25.9445],[149.584,-25.8866],[149.5845,-25.8863],[149.6487,-25.8946],[149.6633,-25.8836],[149.6718,-25.8793],[149.674,-25.8763],[149.6816,-25.8723],[149.6921,-25.8689],[149.7357,-25.8495],[149.7544,-25.8824],[149.7668,-25.9051],[149.7719,-25.9066],[149.7835,-25.8911],[149.7663,-25.8594],[149.7709,-25.8525],[149.7876,-25.8583],[149.7938,-25.8508],[149.7981,-25.8485],[149.8035,-25.8487],[149.8074,-25.8521],[149.8137,-25.8533],[149.8231,-25.8497],[149.8281,-25.841],[149.8219,-25.8402],[149.8237,-25.8285],[149.8273,-25.829],[149.8387,-25.8376],[149.8502,-25.8377],[149.883,-25.8296],[149.8868,-25.8211],[149.8935,-25.824],[149.8968,-25.8176],[149.9037,-25.8191],[149.9067,-25.8173],[149.9153,-25.8221],[149.9197,-25.8269],[149.9282,-25.8321],[149.9327,-25.8397],[149.9382,-25.8405],[149.9509,-25.8401],[149.9548,-25.8416],[149.962,-25.8507],[149.9683,-25.851],[149.9741,-25.848],[149.9906,-25.8474],[150.0002,-25.8526],[150.0139,-25.8578],[150.0222,-25.8656],[150.0282,-25.8344],[150.0316,-25.8367],[150.0363,-25.8366],[150.0403,-25.8329],[150.044,-25.8326],[150.0454,-25.8396],[150.0494,-25.841],[150.0522,-25.8386],[150.0564,-25.8134],[150.0858,-25.8124],[150.0911,-25.8063],[150.0925,-25.8015],[150.0967,-25.7944],[150.099,-25.7972],[150.1043,-25.7957],[150.1148,-25.8112],[150.1288,-25.8184],[150.141,-25.8225],[150.1532,-25.8194],[150.1593,-25.8191],[150.1648,-25.815],[150.1738,-25.8115],[150.1786,-25.8052],[150.1806,-25.8052],[150.1805,-25.7949],[150.1745,-25.7801],[150.2074,-25.7846],[150.214,-25.7843],[150.2236,-25.7867],[150.2368,-25.7885],[150.2432,-25.7943],[150.2484,-25.7951],[150.2495,-25.7879],[150.2579,-25.788],[150.2733,-25.7959],[150.2791,-25.7961],[150.2818,-25.7785],[150.2947,-25.78],[150.3363,-25.7901],[150.3408,-25.8149],[150.3454,-25.8178],[150.3606,-25.8185],[150.3704,-25.8156],[150.3888,-25.8146],[150.3868,-25.806],[150.3929,-25.8015],[150.3954,-25.796],[150.405,-25.7906],[150.4181,-25.7894],[150.4263,-25.7745],[150.4296,-25.7372],[150.4343,-25.7338],[150.4219,-25.694],[150.4229,-25.6868],[150.4183,-25.6752],[150.4264,-25.6651],[150.4364,-25.6615],[150.4426,-25.6215],[150.4371,-25.6064],[150.4265,-25.6028],[150.4152,-25.6013],[150.4142,-25.5971],[150.407,-25.5964],[150.402,-25.5986],[150.401,-25.5936],[150.4038,-25.5837],[150.408,-25.5802],[150.4125,-25.5676],[150.4102,-25.5614],[150.4033,-25.5518],[150.4026,-25.5415],[150.4043,-25.5372],[150.3921,-25.5315],[150.3943,-25.5268],[150.3918,-25.52],[150.4027,-25.5077],[150.4017,-25.5034],[150.3977,-25.5006],[150.3892,-25.5031],[150.3853,-25.5021],[150.3878,-25.4948],[150.3854,-25.488],[150.3767,-25.4904],[150.3746,-25.4894],[150.376,-25.4828],[150.3701,-25.4807],[150.3691,-25.4762],[150.3747,-25.4718],[150.3756,-25.4613],[150.3978,-25.4473],[150.4048,-25.4314],[150.3996,-25.428],[150.3909,-25.4188],[150.3937,-25.4162],[150.4019,-25.414],[150.3991,-25.4028],[150.4045,-25.3976],[150.3955,-25.3904],[150.4069,-25.3785],[150.4118,-25.3768],[150.414,-25.3721],[150.4179,-25.3699],[150.4073,-25.3652],[150.4065,-25.362],[150.4155,-25.3564],[150.4194,-25.3497],[150.4179,-25.347],[150.4185,-25.336],[150.4165,-25.3308],[150.4266,-25.324],[150.4375,-25.3254],[150.4426,-25.3206],[150.4418,-25.3166],[150.4485,-25.303],[150.4461,-25.2984],[150.4464,-25.2924],[150.4422,-25.2885],[150.4436,-25.2819],[150.4543,-25.281],[150.4586,-25.278],[150.4522,-25.2636],[150.4543,-25.2575],[150.4617,-25.2568],[150.4651,-25.2481],[150.4647,-25.2418],[150.4715,-25.2342],[150.4746,-25.2328],[150.4764,-25.2216],[150.4721,-25.2026],[150.4701,-25.1988],[150.4722,-25.1958],[150.4714,-25.1905],[150.4778,-25.1908],[150.4864,-25.195],[150.5023,-25.1926],[150.4981,-25.1866],[150.5082,-25.1736],[150.5185,-25.1705],[150.531,-25.1648],[150.5514,-25.1647],[150.5575,-25.1616],[150.5576,-25.156],[150.562,-25.152],[150.562,-25.1456],[150.559,-25.1419],[150.5566,-25.1338],[150.5606,-25.127],[150.5653,-25.1239],[150.5701,-25.1153],[150.5788,-25.1124],[150.566,-25.1012],[150.5591,-25.0972],[150.5565,-25.0941],[150.5581,-25.0833],[150.5558,-25.0795],[150.5542,-25.0726],[150.5486,-25.0599],[150.5483,-25.0514],[150.5497,-25.0448],[150.5492,-25.0209],[150.5479,-25.0157],[150.5483,-25.0058],[150.5533,-24.9862],[150.5463,-24.9774],[150.5396,-24.9607],[150.5424,-24.9589],[150.5582,-24.9235],[150.5566,-24.9147],[150.5586,-24.8996],[150.5809,-24.8474],[150.5918,-24.8453],[150.5947,-24.8383],[150.5982,-24.8357],[150.6035,-24.8011],[150.606,-24.7985],[150.6018,-24.7896],[150.5865,-24.7315],[150.587,-24.7305],[150.6114,-24.7116],[150.6221,-24.7092],[150.6369,-24.7094],[150.6383,-24.7002],[150.6418,-24.6959],[150.6557,-24.6933],[150.6631,-24.7028],[150.6668,-24.7037],[150.6797,-24.699],[150.6894,-24.7024],[150.6995,-24.7021],[150.7091,-24.7037],[150.7247,-24.7016],[150.7311,-24.6979],[150.7369,-24.6983],[150.7468,-24.7024],[150.7597,-24.7038],[150.7669,-24.7074],[150.7761,-24.7154],[150.7817,-24.7156],[150.7906,-24.7119],[150.8287,-24.718],[150.8546,-24.7238],[150.8584,-24.7225],[150.8652,-24.7244],[150.873,-24.7218],[150.8764,-24.716],[150.879,-24.7007],[150.8749,-24.6963],[150.878,-24.6891],[150.8816,-24.688],[150.8843,-24.6774],[150.8903,-24.6759],[150.8942,-24.6688],[150.902,-24.6616],[150.9076,-24.6533],[150.9111,-24.6504],[150.9008,-24.6423],[150.8982,-24.6369],[150.8976,-24.6305],[150.8897,-24.6318],[150.8828,-24.6252],[150.8676,-24.631],[150.8575,-24.6256],[150.8556,-24.6228],[150.849,-24.6199],[150.8387,-24.6181],[150.823,-24.6047],[150.8188,-24.6035],[150.8261,-24.5555],[150.8299,-24.56],[150.8378,-24.558],[150.8447,-24.562],[150.8483,-24.5569],[150.8491,-24.5512],[150.8527,-24.5516],[150.8557,-24.5583],[150.8674,-24.5599],[150.8712,-24.5556],[150.8791,-24.5566],[150.8808,-24.552],[150.9322,-24.5672],[150.944,-24.5697],[150.969,-24.5786],[150.9728,-24.5764],[150.9698,-24.5697],[150.9691,-24.5611],[150.9698,-24.5523],[150.9747,-24.5489],[150.9814,-24.5492],[150.9727,-24.5368],[150.9679,-24.5334],[150.966,-24.5206],[150.9638,-24.5146],[150.9638,-24.5085],[150.969,-24.504],[150.9707,-24.4959],[150.9743,-24.4954],[150.9795,-24.4914],[150.9795,-24.483],[150.9829,-24.4787],[150.9829,-24.4721],[150.9856,-24.4698],[150.9863,-24.4633],[150.9887,-24.4562],[150.9881,-24.4469],[150.9932,-24.4427],[150.9942,-24.4242],[150.9919,-24.4165],[150.9931,-24.4096],[150.9995,-24.406],[151.0007,-24.3989],[151.005,-24.3945],[151.0168,-24.397],[151.0218,-24.3938],[151.0283,-24.3941],[151.0296,-24.3921],[151.0444,-24.3943],[151.0478,-24.4018],[151.0451,-24.4048],[151.0453,-24.4129],[151.0524,-24.4202],[151.0549,-24.4202],[151.0574,-24.4276],[151.061,-24.4261],[151.0697,-24.4326],[151.072,-24.4379],[151.0899,-24.441],[151.0981,-24.4503],[151.0998,-24.4584],[151.1061,-24.4625],[151.107,-24.4702],[151.1149,-24.4746],[151.1181,-24.4671],[151.1225,-24.4683],[151.1341,-24.4638],[151.1379,-24.4556],[151.1436,-24.4591],[151.1534,-24.4606],[151.1542,-24.4654],[151.1692,-24.479],[151.1689,-24.4845],[151.1643,-24.4868],[151.1616,-24.4933],[151.1614,-24.4989],[151.1554,-24.5076],[151.1541,-24.5127],[151.1559,-24.5217],[151.1523,-24.5269],[151.1543,-24.5321],[151.1529,-24.5377],[151.1568,-24.5413],[151.1575,-24.547],[151.1621,-24.5503],[151.169,-24.5497],[151.1735,-24.5454],[151.1837,-24.5421],[151.1995,-24.5398],[151.2021,-24.5313],[151.2092,-24.5327],[151.2213,-24.5296],[151.228,-24.5327],[151.2284,-24.5372],[151.2244,-24.5642],[151.2259,-24.567],[151.2236,-24.5717],[151.2185,-24.5755],[151.2207,-24.5795],[151.2187,-24.5861],[151.2302,-24.6279],[151.2235,-24.6277],[151.216,-24.6245],[151.2077,-24.6246],[151.2044,-24.6279],[151.1983,-24.6298],[151.1937,-24.6349],[151.1947,-24.6425],[151.1992,-24.6439],[151.2064,-24.6403],[151.207,-24.6377],[151.2201,-24.6339],[151.2243,-24.6386],[151.2302,-24.639],[151.2303,-24.643],[151.2374,-24.6533],[151.2475,-24.6565],[151.2536,-24.666],[151.2557,-24.6625],[151.2642,-24.6599],[151.2669,-24.6538],[151.2721,-24.6562],[151.2748,-24.6538],[151.2835,-24.6551],[151.2918,-24.6575],[151.2973,-24.6677],[151.3023,-24.6683],[151.3065,-24.6665],[151.3069,-24.6579],[151.3103,-24.6565],[151.3093,-24.6524],[151.3153,-24.6472],[151.3177,-24.6481],[151.3228,-24.6442],[151.327,-24.6455],[151.3361,-24.6454],[151.3418,-24.6493],[151.3514,-24.6354],[151.3578,-24.6306],[151.3585,-24.6252],[151.3613,-24.6235],[151.367,-24.6122],[151.374,-24.6098],[151.376,-24.6129],[151.3814,-24.6122],[151.3846,-24.6083],[151.3909,-24.6147],[151.398,-24.6171],[151.4068,-24.6154],[151.4098,-24.6071],[151.4107,-24.5966],[151.4157,-24.595],[151.4245,-24.5958],[151.4332,-24.5916],[151.4423,-24.5769],[151.4356,-24.5711],[151.4335,-24.5635],[151.4388,-24.563],[151.4528,-24.5704],[151.457,-24.5706],[151.4585,-24.5659],[151.4637,-24.56],[151.4685,-24.5433],[151.4667,-24.5394],[151.4706,-24.5366],[151.4775,-24.536],[151.4867,-24.5411],[151.4891,-24.548],[151.4851,-24.5522],[151.4883,-24.5574],[151.4903,-24.5659],[151.4982,-24.5712],[151.4971,-24.5749],[151.505,-24.5782],[151.5082,-24.5817],[151.5092,-24.5863],[151.5048,-24.5936],[151.5117,-24.5981],[151.5238,-24.5999],[151.5337,-24.6074],[151.537,-24.6141],[151.5423,-24.6174],[151.5403,-24.6241],[151.5421,-24.6283],[151.5383,-24.6408],[151.5416,-24.6456],[151.5385,-24.648],[151.5324,-24.6604],[151.5277,-24.6612],[151.5244,-24.6658],[151.5184,-24.6644],[151.5146,-24.6698],[151.5197,-24.6759],[151.5206,-24.6813],[151.5241,-24.6845],[151.5252,-24.6885],[151.5312,-24.6962],[151.533,-24.6957],[151.5436,-24.7006],[151.5527,-24.6983],[151.5617,-24.7041],[151.5653,-24.7105],[151.5692,-24.7102],[151.5762,-24.702],[151.5802,-24.7043],[151.5933,-24.6999],[151.6013,-24.7018],[151.6114,-24.7088],[151.6172,-24.7108],[151.6266,-24.7221],[151.6345,-24.7251],[151.639,-24.7304],[151.645,-24.7293],[151.6525,-24.7231],[151.6523,-24.7177],[151.6449,-24.7145],[151.6539,-24.7071],[151.6608,-24.7073],[151.6684,-24.703],[151.6716,-24.698],[151.6771,-24.6954],[151.6825,-24.7015],[151.6844,-24.7077],[151.6877,-24.7106],[151.6987,-24.7136],[151.7023,-24.7192],[151.7094,-24.7262],[151.712,-24.7304],[151.7207,-24.7362],[151.7221,-24.7451],[151.7283,-24.7554],[151.7433,-24.7657],[151.7451,-24.7698],[151.7508,-24.7358],[151.7878,-24.7405],[151.7985,-24.7446],[151.8039,-24.7499],[151.8061,-24.7558],[151.8115,-24.7592],[151.8143,-24.7661],[151.8254,-24.7686],[151.8314,-24.7733],[151.8385,-24.7766],[151.8419,-24.7819],[151.8397,-24.7901],[151.8461,-24.7908],[151.8492,-24.7865],[151.861,-24.7866],[151.8652,-24.784],[151.8669,-24.7777],[151.8754,-24.7762],[151.8842,-24.7687],[151.8882,-24.7584],[151.8939,-24.7538],[151.8903,-24.746],[151.8926,-24.7425],[151.897,-24.7443],[151.9074,-24.7425],[151.9125,-24.7404],[151.9232,-24.7387],[151.9191,-24.7326],[151.9194,-24.7284],[151.9232,-24.7189],[151.9279,-24.7118],[151.9319,-24.708],[151.9424,-24.7076],[151.9535,-24.702],[151.9611,-24.7033],[151.9625,-24.701],[151.9598,-24.6893],[151.9606,-24.6765],[151.9779,-24.6787],[151.9908,-24.6809],[151.9943,-24.6565],[151.9864,-24.6555],[151.9875,-24.6483],[151.9954,-24.6493],[151.9961,-24.6442],[151.9878,-24.6435],[151.9838,-24.6446],[151.9714,-24.6407],[151.9626,-24.6419],[151.9591,-24.6402],[151.9605,-24.6309],[151.9645,-24.6329],[151.9658,-24.6247],[151.9613,-24.6166],[151.9601,-24.6084],[151.9857,-24.6113],[151.9887,-24.5913],[151.9593,-24.5876],[151.9632,-24.5856],[151.9688,-24.5801],[151.9701,-24.5747],[151.9691,-24.5687],[151.9742,-24.5635],[151.9768,-24.557],[151.9841,-24.5536],[151.9871,-24.5493],[151.9891,-24.5403],[151.9866,-24.5363],[151.9953,-24.5364],[151.9966,-24.5346],[151.9905,-24.5273],[151.9932,-24.5218],[151.9987,-24.5156],[152.0107,-24.5137],[152.0168,-24.5159],[152.025,-24.5263],[152.0316,-24.53],[152.0469,-24.5265],[152.0569,-24.5214],[152.0621,-24.516],[152.0845,-24.516],[152.8844,-24.5153],[153.2256,-24.516]]]},"properties":{"District Name":"Gladstone","DDMG Name":"Gladstone","Police Region Name":"Central Region","Police Region Code":"CR","Police Region Short Name":"Central","Region Slug":"central","Layer Id":"qld_ddmg_boundaries_gda2020_simp200m","Layer Group":"statewide","Layer Kind":"ddmg","Source":"QPS Disaster Districts, Queensland Police Service, via the Queensland Government Open Data Portal","Source URL":"https://www.data.qld.gov.au/dataset/qps-disaster-districts","Licence":"CC BY 4.0","Licence URL":"https://creativecommons.org/licenses/by/4.0/","Dataset Date":"19/05/2025","Simplification Tolerance M":200,"Coordinate Precision Decimals":4,"CRS":"GDA2020 (EPSG:7844)","Generated":"2026-09-13"},"id":"Gladstone"},{"type":"Feature","geometry":{"type":"Polygon","coordinates":[[[153.2866,-27.6933],[153.2829,-27.695],[153.2725,-27.6968],[153.2671,-27.6925],[153.2533,-27.6917],[153.2536,-27.6962],[153.2432,-27.6974],[153.2346,-27.694],[153.2334,-27.696],[153.2361,-27.7041],[153.2326,-27.7054],[153.2333,-27.7112],[153.227,-27.7154],[153.2136,-27.7143],[153.2155,-27.7182],[153.2216,-27.7186],[153.2306,-27.7216],[153.2205,-27.7267],[153.2162,-27.7274],[153.2198,-27.7347],[153.2183,-27.7369],[153.2094,-27.7397],[153.2012,-27.74],[153.1975,-27.7466],[153.1973,-27.754],[153.1989,-27.759],[153.198,-27.7641],[153.1933,-27.7684],[153.1905,-27.7741],[153.193,-27.7794],[153.1842,-27.7889],[153.1824,-27.7945],[153.1701,-27.7994],[153.1694,-27.8036],[153.1762,-27.8084],[153.1778,-27.8143],[153.1833,-27.82],[153.1757,-27.8294],[153.1729,-27.8344],[153.1757,-27.8394],[153.1797,-27.8403],[153.182,-27.8485],[153.1811,-27.8539],[153.1889,-27.8551],[153.1854,-27.8737],[153.1863,-27.8812],[153.1833,-27.8913],[153.1807,-27.8951],[153.2121,-27.9001],[153.2154,-27.9027],[153.2126,-27.9179],[153.2157,-27.922],[153.2137,-27.9259],[153.2106,-27.9415],[153.2082,-27.9411],[153.2066,-27.9492],[153.2191,-27.9512],[153.2252,-27.9561],[153.2202,-27.9762],[153.2259,-27.9772],[153.2251,-27.9816],[153.2035,-27.9784],[153.2016,-27.9826],[153.2079,-27.9858],[153.2112,-27.9898],[153.2107,-27.993],[153.2205,-27.9944],[153.2209,-27.9997],[153.2176,-28.0082],[153.2389,-28.0112],[153.2363,-28.026],[153.2326,-28.0257],[153.2301,-28.0396],[153.2308,-28.0443],[153.2288,-28.0551],[153.2251,-28.0612],[153.219,-28.0613],[153.2162,-28.0657],[153.2134,-28.0803],[153.2295,-28.0828],[153.2324,-28.0853],[153.2296,-28.0896],[153.2275,-28.0972],[153.2299,-28.1],[153.2228,-28.1029],[153.2213,-28.1112],[153.2157,-28.1086],[153.2141,-28.1174],[153.206,-28.1163],[153.2025,-28.1171],[153.1973,-28.1472],[153.1945,-28.1574],[153.1985,-28.1628],[153.1925,-28.1735],[153.1911,-28.1791],[153.1877,-28.1801],[153.1843,-28.1929],[153.1935,-28.1916],[153.1927,-28.1965],[153.1886,-28.2033],[153.1907,-28.2097],[153.1949,-28.2143],[153.1951,-28.2203],[153.1986,-28.2267],[153.1976,-28.2313],[153.2,-28.2395],[153.2071,-28.2466],[153.2074,-28.2529],[153.2188,-28.2634],[153.2328,-28.2651],[153.2356,-28.2566],[153.2439,-28.2473],[153.2497,-28.2475],[153.2548,-28.2453],[153.264,-28.2435],[153.2691,-28.2386],[153.2742,-28.238],[153.2772,-28.2342],[153.2866,-28.2354],[153.2962,-28.2338],[153.3004,-28.238],[153.3048,-28.2397],[153.3146,-28.2372],[153.3169,-28.2385],[153.3257,-28.2359],[153.3298,-28.2369],[153.3319,-28.2461],[153.3391,-28.2505],[153.3459,-28.2484],[153.3573,-28.2493],[153.3647,-28.2473],[153.3722,-28.2427],[153.3875,-28.2364],[153.3905,-28.2327],[153.3909,-28.2279],[153.3976,-28.2189],[153.4057,-28.211],[153.4149,-28.2074],[153.4178,-28.2005],[153.4243,-28.1978],[153.4358,-28.1872],[153.4526,-28.181],[153.4571,-28.1805],[153.4585,-28.175],[153.4685,-28.1624],[153.4725,-28.1617],[153.477,-28.1569],[153.4815,-28.1582],[153.4859,-28.157],[153.5312,-28.1752],[153.5347,-28.1776],[153.5422,-28.1672],[153.5348,-28.1657],[153.5298,-28.1673],[153.5228,-28.1659],[153.514,-28.1608],[153.5071,-28.1554],[153.4988,-28.1464],[153.4862,-28.1268],[153.4823,-28.1277],[153.4776,-28.1257],[153.4677,-28.1104],[153.4597,-28.0906],[153.4517,-28.0868],[153.4451,-28.0701],[153.4369,-28.0372],[153.4323,-28.012],[153.4306,-27.9959],[153.4292,-27.971],[153.4301,-27.9631],[153.4304,-27.939],[153.4288,-27.9252],[153.4252,-27.9103],[153.4248,-27.8973],[153.4256,-27.8818],[153.4273,-27.8705],[153.4307,-27.8389],[153.4327,-27.8292],[153.4363,-27.8041],[153.4442,-27.7612],[153.4491,-27.7438],[153.4456,-27.7389],[153.4467,-27.7352],[153.4393,-27.7357],[153.4297,-27.7412],[153.4156,-27.7438],[153.4083,-27.7408],[153.4051,-27.7338],[153.4046,-27.7285],[153.4014,-27.7216],[153.3931,-27.7151],[153.392,-27.708],[153.3876,-27.7074],[153.3805,-27.7112],[153.3744,-27.7082],[153.3704,-27.7089],[153.3668,-27.7125],[153.3618,-27.7078],[153.362,-27.7005],[153.3592,-27.6912],[153.3545,-27.6909],[153.3387,-27.6969],[153.3278,-27.6958],[153.3207,-27.7051],[153.3171,-27.7077],[153.3089,-27.7105],[153.301,-27.7087],[153.293,-27.6978],[153.2925,-27.692],[153.2866,-27.6933]]]},"properties":{"District Name":"Gold Coast","DDMG Name":"Gold Coast","Police Region Name":"South Eastern Region","Police Region Code":"SER","Police Region Short Name":"South East","Region Slug":"south_east","Layer Id":"qld_ddmg_boundaries_gda2020_simp200m","Layer Group":"statewide","Layer Kind":"ddmg","Source":"QPS Disaster Districts, Queensland Police Service, via the Queensland Government Open Data Portal","Source URL":"https://www.data.qld.gov.au/dataset/qps-disaster-districts","Licence":"CC BY 4.0","Licence URL":"https://creativecommons.org/licenses/by/4.0/","Dataset Date":"19/05/2025","Simplification Tolerance M":200,"Coordinate Precision Decimals":4,"CRS":"GDA2020 (EPSG:7844)","Generated":"2026-09-13"},"id":"Gold Coast"},{"type":"Feature","geometry":{"type":"Polygon","coordinates":[[[151.0788,-26.0967],[151.0847,-26.1001],[151.0881,-26.1052],[151.093,-26.1063],[151.0978,-26.1107],[151.1022,-26.1104],[151.1112,-26.1127],[151.1154,-26.1187],[151.1206,-26.1177],[151.1263,-26.1145],[151.1344,-26.1053],[151.1374,-26.1077],[151.1429,-26.104],[151.1499,-26.1054],[151.1517,-26.1111],[151.1595,-26.1208],[151.1565,-26.1337],[151.1573,-26.1384],[151.1607,-26.142],[151.162,-26.1495],[151.1588,-26.1545],[151.1501,-26.1596],[151.147,-26.1579],[151.1393,-26.1592],[151.1257,-26.1514],[151.1206,-26.143],[151.1159,-26.1409],[151.0987,-26.1499],[151.0998,-26.1603],[151.0929,-26.1593],[151.0764,-26.1618],[151.0732,-26.1726],[151.0227,-26.1954],[151.0182,-26.1925],[151.0133,-26.192],[151.0167,-26.2562],[151.0665,-26.2547],[151.1364,-26.263],[151.1341,-26.2722],[151.1213,-26.3452],[151.1152,-26.3797],[151.0772,-26.4622],[151.0773,-26.4625],[151.1819,-26.4754],[151.2077,-26.4788],[151.2084,-26.4807],[151.2036,-26.4857],[151.2034,-26.4889],[151.2081,-26.4945],[151.2042,-26.5009],[151.2122,-26.5139],[151.2187,-26.5175],[151.2219,-26.5213],[151.2297,-26.5271],[151.2379,-26.5227],[151.2431,-26.5277],[151.2478,-26.5279],[151.2471,-26.5367],[151.2519,-26.5425],[151.2582,-26.5478],[151.266,-26.5499],[151.2716,-26.5489],[151.2793,-26.5437],[151.2875,-26.5449],[151.2868,-26.5538],[151.2877,-26.5573],[151.2949,-26.5665],[151.3014,-26.5705],[151.3049,-26.5797],[151.3119,-26.5866],[151.3138,-26.591],[151.3182,-26.5904],[151.3228,-26.5858],[151.3258,-26.5921],[151.3304,-26.5931],[151.3337,-26.5983],[151.3328,-26.6007],[151.342,-26.607],[151.3491,-26.6077],[151.3519,-26.6172],[151.3578,-26.6187],[151.3634,-26.6236],[151.3687,-26.6242],[151.3721,-26.6321],[151.3786,-26.6296],[151.3848,-26.6365],[151.3947,-26.6414],[151.408,-26.6566],[151.4092,-26.6606],[151.4072,-26.6739],[151.3919,-26.6842],[151.3943,-26.685],[151.3976,-26.6913],[151.4053,-26.6951],[151.417,-26.698],[151.418,-26.7025],[151.4139,-26.7104],[151.4172,-26.7172],[151.4133,-26.7252],[151.4182,-26.7289],[151.419,-26.7404],[151.4208,-26.7459],[151.4236,-26.7461],[151.4344,-26.7522],[151.4405,-26.7566],[151.4503,-26.7579],[151.4645,-26.7618],[151.4738,-26.7603],[151.476,-26.757],[151.4826,-26.7543],[151.4887,-26.7563],[151.493,-26.7625],[151.5044,-26.763],[151.5064,-26.7667],[151.5148,-26.7656],[151.5198,-26.7665],[151.5178,-26.7724],[151.5182,-26.7798],[151.5165,-26.7826],[151.5174,-26.7881],[151.5216,-26.7933],[151.5165,-26.799],[151.519,-26.8008],[151.524,-26.8107],[151.5283,-26.8117],[151.5309,-26.8181],[151.536,-26.8204],[151.5395,-26.8197],[151.5485,-26.8295],[151.5494,-26.8356],[151.5558,-26.8397],[151.5585,-26.8461],[151.5625,-26.8516],[151.568,-26.8533],[151.5677,-26.8581],[151.5712,-26.8607],[151.5722,-26.8697],[151.5778,-26.8802],[151.5822,-26.8793],[151.5871,-26.8815],[151.5893,-26.8855],[151.5991,-26.8855],[151.6004,-26.8884],[151.6079,-26.893],[151.612,-26.8924],[151.6222,-26.9008],[151.6302,-26.8989],[151.639,-26.9069],[151.6425,-26.9073],[151.6478,-26.9131],[151.652,-26.9151],[151.6596,-26.914],[151.6662,-26.9106],[151.67,-26.9167],[151.6782,-26.9221],[151.6816,-26.9218],[151.6895,-26.9266],[151.6919,-26.9317],[151.6948,-26.9324],[151.7001,-26.9386],[151.705,-26.9385],[151.7136,-26.9444],[151.7235,-26.948],[151.7308,-26.9447],[151.7378,-26.947],[151.7456,-26.9455],[151.7513,-26.9475],[151.7587,-26.9474],[151.7713,-26.9441],[151.7849,-26.9386],[151.7929,-26.9306],[151.8018,-26.9352],[151.8086,-26.9309],[151.8119,-26.932],[151.8194,-26.9282],[151.825,-26.9195],[151.8339,-26.9128],[151.838,-26.9068],[151.8428,-26.9029],[151.8432,-26.8977],[151.8865,-26.8794],[151.8873,-26.8738],[151.8924,-26.8683],[151.8968,-26.8662],[151.8986,-26.8553],[151.897,-26.8511],[151.8981,-26.8462],[151.9021,-26.8416],[151.9019,-26.8371],[151.9065,-26.8319],[151.9159,-26.8273],[151.922,-26.8218],[151.9256,-26.8154],[151.9258,-26.8105],[151.9334,-26.8013],[151.9351,-26.8012],[151.9735,-26.8059],[151.9747,-26.7984],[151.9775,-26.7981],[151.9793,-26.7865],[151.9866,-26.7823],[151.9966,-26.7831],[151.9978,-26.7759],[152.0077,-26.7694],[152.0157,-26.7791],[152.0202,-26.7811],[152.0322,-26.7827],[152.0343,-26.7784],[152.0398,-26.7741],[152.0447,-26.7733],[152.0477,-26.7697],[152.0531,-26.7669],[152.0517,-26.7771],[152.0639,-26.7785],[152.0655,-26.7878],[152.0633,-26.7926],[152.0637,-26.8029],[152.0669,-26.8091],[152.0703,-26.8092],[152.0734,-26.8146],[152.0722,-26.8204],[152.0638,-26.8203],[152.0593,-26.8283],[152.0624,-26.8337],[152.058,-26.8397],[152.0489,-26.8451],[152.0427,-26.8437],[152.0407,-26.8492],[152.0355,-26.8486],[152.0341,-26.854],[152.038,-26.8573],[152.0418,-26.8549],[152.0467,-26.8563],[152.0527,-26.8548],[152.0558,-26.8583],[152.0761,-26.8608],[152.0684,-26.8692],[152.0666,-26.8738],[152.063,-26.8765],[152.0672,-26.8818],[152.0679,-26.8979],[152.063,-26.9034],[152.0585,-26.9056],[152.0573,-26.9098],[152.053,-26.9107],[152.051,-26.9193],[152.0578,-26.9203],[152.0644,-26.9267],[152.0711,-26.9271],[152.0886,-26.9189],[152.0925,-26.9138],[152.1023,-26.9111],[152.108,-26.9031],[152.1145,-26.9035],[152.1213,-26.9],[152.1294,-26.9021],[152.1359,-26.9061],[152.138,-26.9001],[152.1414,-26.8878],[152.147,-26.8792],[152.1544,-26.8738],[152.1595,-26.8738],[152.1705,-26.8675],[152.1695,-26.8721],[152.1727,-26.8752],[152.1887,-26.8774],[152.1843,-26.871],[152.1835,-26.8534],[152.181,-26.8465],[152.1826,-26.8372],[152.1877,-26.8379],[152.1901,-26.8236],[152.1741,-26.8214],[152.1764,-26.809],[152.1707,-26.7965],[152.1746,-26.792],[152.1742,-26.7847],[152.1766,-26.7798],[152.1711,-26.777],[152.1683,-26.7729],[152.164,-26.7756],[152.1558,-26.7688],[152.1557,-26.7542],[152.157,-26.7506],[152.1622,-26.7462],[152.1639,-26.7421],[152.1508,-26.7405],[152.1526,-26.728],[152.1427,-26.7273],[152.1413,-26.7314],[152.1453,-26.7336],[152.143,-26.7385],[152.1329,-26.7412],[152.1297,-26.7342],[152.1341,-26.7305],[152.1296,-26.7277],[152.1281,-26.7229],[152.1238,-26.7173],[152.1192,-26.7142],[152.1124,-26.7062],[152.1043,-26.7095],[152.0993,-26.7059],[152.101,-26.7033],[152.089,-26.6998],[152.0831,-26.694],[152.0829,-26.6893],[152.076,-26.6858],[152.0758,-26.6785],[152.0734,-26.6684],[152.075,-26.6634],[152.0811,-26.658],[152.0901,-26.6539],[152.0987,-26.6537],[152.1052,-26.6509],[152.1073,-26.6477],[152.119,-26.6426],[152.1196,-26.6374],[152.1268,-26.638],[152.13,-26.6317],[152.1283,-26.6271],[152.1359,-26.6143],[152.1304,-26.6005],[152.1378,-26.5966],[152.1427,-26.5917],[152.1387,-26.5895],[152.1373,-26.5828],[152.1318,-26.579],[152.1309,-26.575],[152.1358,-26.5664],[152.1351,-26.5607],[152.1327,-26.5569],[152.132,-26.5501],[152.13,-26.5485],[152.1283,-26.5385],[152.1305,-26.537],[152.1263,-26.5316],[152.1301,-26.5271],[152.1317,-26.5219],[152.1274,-26.5186],[152.1277,-26.511],[152.1257,-26.5066],[152.1338,-26.5004],[152.1363,-26.4939],[152.1324,-26.4878],[152.1356,-26.4802],[152.1443,-26.4797],[152.1495,-26.4829],[152.1538,-26.4804],[152.1546,-26.4757],[152.1602,-26.4778],[152.1664,-26.4747],[152.1742,-26.4817],[152.1846,-26.4862],[152.1876,-26.4901],[152.1948,-26.4956],[152.1975,-26.5002],[152.2046,-26.507],[152.2074,-26.5117],[152.2153,-26.5122],[152.219,-26.5052],[152.2216,-26.5038],[152.2295,-26.508],[152.2326,-26.5041],[152.2321,-26.4952],[152.2293,-26.4927],[152.2351,-26.4888],[152.2439,-26.4879],[152.2456,-26.4856],[152.2533,-26.4844],[152.2562,-26.4785],[152.2593,-26.4765],[152.2597,-26.4714],[152.2622,-26.4689],[152.268,-26.4689],[152.273,-26.4643],[152.2738,-26.4535],[152.2844,-26.4524],[152.2891,-26.4566],[152.2942,-26.4587],[152.2973,-26.4622],[152.3053,-26.4668],[152.3045,-26.4688],[152.3114,-26.4724],[152.3155,-26.4808],[152.3196,-26.477],[152.3304,-26.4753],[152.3393,-26.4716],[152.344,-26.4679],[152.3501,-26.4693],[152.3561,-26.4652],[152.3606,-26.4663],[152.3644,-26.4631],[152.3708,-26.4624],[152.3731,-26.4682],[152.3771,-26.4722],[152.3868,-26.4722],[152.3904,-26.4759],[152.3994,-26.4708],[152.4032,-26.4739],[152.4077,-26.4711],[152.4126,-26.4642],[152.4213,-26.4672],[152.4251,-26.4642],[152.4352,-26.4628],[152.4368,-26.4597],[152.4435,-26.46],[152.4393,-26.4858],[152.4456,-26.4866],[152.4482,-26.484],[152.4449,-26.5047],[152.439,-26.5113],[152.4397,-26.5173],[152.4355,-26.5238],[152.4352,-26.5286],[152.4387,-26.5351],[152.4426,-26.5333],[152.4435,-26.5277],[152.4496,-26.5308],[152.4403,-26.5571],[152.4508,-26.5584],[152.449,-26.5698],[152.4585,-26.571],[152.457,-26.5809],[152.5199,-26.5885],[152.5224,-26.5865],[152.5152,-26.5777],[152.5115,-26.5675],[152.5541,-26.5725],[152.5604,-26.5818],[152.565,-26.5837],[152.5695,-26.5825],[152.5752,-26.584],[152.5793,-26.5809],[152.5879,-26.5797],[152.5922,-26.5844],[152.5955,-26.5841],[152.6025,-26.5779],[152.6059,-26.5797],[152.6063,-26.5843],[152.6122,-26.583],[152.6187,-26.5843],[152.6256,-26.582],[152.6358,-26.5851],[152.6437,-26.5862],[152.6526,-26.5902],[152.6536,-26.5928],[152.6603,-26.5971],[152.67,-26.5961],[152.6805,-26.5977],[152.6829,-26.5893],[152.681,-26.5839],[152.686,-26.577],[152.695,-26.5756],[152.6949,-26.5679],[152.7008,-26.5652],[152.7106,-26.5566],[152.7124,-26.5462],[152.7147,-26.5463],[152.7285,-26.537],[152.7334,-26.543],[152.7377,-26.5402],[152.7451,-26.5496],[152.7498,-26.5472],[152.7527,-26.5498],[152.7582,-26.5439],[152.7585,-26.5364],[152.7634,-26.5387],[152.7672,-26.5373],[152.7695,-26.5312],[152.7674,-26.5273],[152.7597,-26.525],[152.7621,-26.5106],[152.7437,-26.5082],[152.7448,-26.4993],[152.7493,-26.4978],[152.7524,-26.4914],[152.7616,-26.4837],[152.7656,-26.482],[152.7654,-26.4758],[152.7577,-26.4754],[152.7576,-26.4684],[152.7886,-26.473],[152.7953,-26.4326],[152.7912,-26.4318],[152.7935,-26.4179],[152.7964,-26.4191],[152.7934,-26.4069],[152.7893,-26.4035],[152.7815,-26.4045],[152.7779,-26.4024],[152.7791,-26.3953],[152.769,-26.3939],[152.7684,-26.3855],[152.7706,-26.3727],[152.7653,-26.3724],[152.7652,-26.3623],[152.7675,-26.3627],[152.7721,-26.3457],[152.7831,-26.35],[152.7926,-26.3514],[152.7972,-26.3249],[152.7995,-26.3183],[152.8064,-26.3086],[152.8081,-26.2994],[152.8254,-26.2482],[152.8227,-26.2401],[152.8277,-26.2389],[152.8252,-26.2236],[152.8303,-26.2205],[152.8309,-26.2161],[152.8501,-26.2184],[152.853,-26.1984],[152.8764,-26.2012],[152.8848,-26.2072],[152.8926,-26.2166],[152.8963,-26.2192],[152.8977,-26.2105],[152.9036,-26.2113],[152.9043,-26.2071],[152.9229,-26.2096],[152.9226,-26.1987],[152.9339,-26.1966],[152.9401,-26.1984],[152.9444,-26.1965],[152.9453,-26.1921],[152.9566,-26.19],[152.9608,-26.185],[152.9613,-26.1813],[152.9651,-26.1802],[152.9664,-26.1734],[152.9719,-26.1648],[152.9747,-26.1472],[152.9725,-26.1452],[152.9738,-26.1371],[153.0965,-26.1548],[153.1095,-26.1149],[153.1223,-26.0812],[153.1333,-26.0509],[153.146,-26.0207],[153.1612,-25.9874],[153.1762,-25.957],[153.1861,-25.9381],[153.1914,-25.9361],[153.1915,-25.9326],[153.1865,-25.9269],[153.1819,-25.9307],[153.1752,-25.9456],[153.1706,-25.9493],[153.1645,-25.9502],[153.1538,-25.9496],[153.145,-25.9476],[153.1322,-25.9423],[153.1183,-25.9325],[153.1091,-25.9233],[153.1041,-25.9171],[153.0949,-25.9033],[153.0908,-25.899],[153.0871,-25.8921],[153.0827,-25.8803],[153.0784,-25.8641],[153.0745,-25.8381],[153.0734,-25.8217],[153.0706,-25.8103],[153.0753,-25.8022],[153.0632,-25.8006],[153.0443,-25.8007],[153.0397,-25.8075],[153.0366,-25.8156],[153.0345,-25.8247],[153.035,-25.8333],[153.0386,-25.8463],[153.0366,-25.8559],[153.0263,-25.8601],[153.0191,-25.8668],[153.0052,-25.8761],[152.995,-25.8787],[152.9912,-25.8818],[152.8407,-25.8588],[152.8275,-25.8566],[152.7352,-25.8424],[152.736,-25.8474],[152.7289,-25.8442],[152.7181,-25.8415],[152.7129,-25.8414],[152.7122,-25.8456],[152.7195,-25.8455],[152.7235,-25.8473],[152.7187,-25.8527],[152.7292,-25.8678],[152.7335,-25.8672],[152.7344,-25.8728],[152.7445,-25.8746],[152.7505,-25.8775],[152.752,-25.8867],[152.7442,-25.8882],[152.7434,-25.8929],[152.7385,-25.9019],[152.7387,-25.9088],[152.7352,-25.9119],[152.7291,-25.913],[152.7201,-25.9124],[152.7077,-25.9168],[152.704,-25.9232],[152.704,-25.9276],[152.6945,-25.9329],[152.6945,-25.936],[152.6883,-25.9403],[152.6723,-25.9381],[152.6698,-25.9529],[152.6754,-25.9537],[152.6739,-25.9624],[152.6678,-25.9616],[152.665,-25.9792],[152.6571,-25.9801],[152.655,-25.9861],[152.6211,-25.9814],[152.6219,-25.9747],[152.6111,-25.9733],[152.6141,-25.9569],[152.601,-25.9551],[152.6023,-25.9494],[152.6006,-25.9476],[152.5668,-25.9431],[152.568,-25.9337],[152.5637,-25.9284],[152.5681,-25.922],[152.5596,-25.9211],[152.5579,-25.9325],[152.5487,-25.9301],[152.5506,-25.9217],[152.5454,-25.9129],[152.5059,-25.9078],[152.5004,-25.9058],[152.4969,-25.9083],[152.4749,-25.9054],[152.4727,-25.8989],[152.4648,-25.8986],[152.4635,-25.8937],[152.4489,-25.8916],[152.446,-25.8865],[152.4207,-25.883],[152.4226,-25.8719],[152.4109,-25.8704],[152.4116,-25.8659],[152.3898,-25.8631],[152.3867,-25.8726],[152.3809,-25.8749],[152.3775,-25.8739],[152.375,-25.867],[152.3456,-25.8633],[152.3408,-25.8936],[152.3334,-25.8921],[152.3307,-25.9075],[152.2634,-25.8978],[152.2316,-25.8937],[152.2313,-25.8947],[152.2057,-25.8914],[152.1695,-25.8874],[152.1694,-25.8819],[152.1596,-25.8787],[152.1526,-25.884],[152.1462,-25.8837],[152.1433,-25.8804],[152.1373,-25.8773],[152.1334,-25.8735],[152.1302,-25.8777],[152.1301,-25.8857],[152.1231,-25.8859],[152.1219,-25.8819],[152.1168,-25.8766],[152.1147,-25.8694],[152.1172,-25.8621],[152.1133,-25.8572],[152.1064,-25.8623],[152.102,-25.8622],[152.1002,-25.8678],[152.0901,-25.8728],[152.085,-25.8714],[152.0807,-25.875],[152.0729,-25.8774],[152.0711,-25.8836],[152.059,-25.8864],[152.0575,-25.8829],[152.0474,-25.8785],[152.0432,-25.8751],[152.0472,-25.8678],[152.0507,-25.8557],[152.0492,-25.8518],[152.0384,-25.8513],[152.0332,-25.8522],[152.0287,-25.8501],[152.0294,-25.8452],[152.0323,-25.8432],[152.0316,-25.8369],[152.0289,-25.8294],[152.0319,-25.8218],[152.0293,-25.8195],[152.0291,-25.8102],[152.036,-25.8038],[152.0353,-25.7952],[152.039,-25.7902],[152.0292,-25.787],[152.0219,-25.7892],[152.0185,-25.7864],[152.0082,-25.7824],[152.0032,-25.7765],[152.0017,-25.7722],[151.9977,-25.771],[151.995,-25.7737],[151.9903,-25.7737],[151.9865,-25.7785],[151.989,-25.7832],[151.9855,-25.7888],[151.9847,-25.7937],[151.9861,-25.8011],[151.9788,-25.8135],[151.9732,-25.8107],[151.972,-25.8164],[151.9687,-25.8229],[151.9702,-25.8304],[151.9629,-25.8339],[151.9593,-25.833],[151.9552,-25.8425],[151.9508,-25.8454],[151.9482,-25.8507],[151.9443,-25.8508],[151.9377,-25.856],[151.9346,-25.8627],[151.9304,-25.8629],[151.9284,-25.8675],[151.9213,-25.8679],[151.9127,-25.8725],[151.9032,-25.8703],[151.8957,-25.8652],[151.892,-25.8589],[151.891,-25.852],[151.8924,-25.8489],[151.889,-25.8423],[151.8821,-25.842],[151.8805,-25.8347],[151.8771,-25.8331],[151.8763,-25.8276],[151.8723,-25.8203],[151.8745,-25.8151],[151.8626,-25.8068],[151.8458,-25.8039],[151.8403,-25.7983],[151.829,-25.7945],[151.8287,-25.7848],[151.8264,-25.7829],[151.8183,-25.7869],[151.813,-25.785],[151.8136,-25.7801],[151.8113,-25.7709],[151.8083,-25.7667],[151.8105,-25.7634],[151.8058,-25.7593],[151.8003,-25.7569],[151.7899,-25.7585],[151.791,-25.767],[151.7887,-25.7721],[151.7795,-25.7735],[151.7754,-25.7793],[151.7808,-25.7861],[151.7808,-25.7894],[151.7758,-25.7897],[151.7676,-25.7874],[151.7624,-25.7992],[151.7578,-25.8013],[151.7577,-25.8049],[151.7645,-25.8068],[151.765,-25.8104],[151.773,-25.8118],[151.7747,-25.8143],[151.7717,-25.8215],[151.7669,-25.8232],[151.7647,-25.8271],[151.7668,-25.8328],[151.7664,-25.8395],[151.7698,-25.8433],[151.7701,-25.8494],[151.7673,-25.8532],[151.7694,-25.8598],[151.7728,-25.862],[151.7756,-25.8713],[151.7757,-25.8782],[151.7741,-25.8845],[151.7756,-25.8886],[151.7805,-25.8942],[151.7793,-25.9004],[151.7763,-25.9048],[151.7763,-25.9126],[151.7781,-25.915],[151.7772,-25.9227],[151.7699,-25.9291],[151.764,-25.9316],[151.7628,-25.9364],[151.7569,-25.9381],[151.7489,-25.9343],[151.7438,-25.9336],[151.7364,-25.9388],[151.7256,-25.9337],[151.7156,-25.9324],[151.7027,-25.9258],[151.6915,-25.9179],[151.6651,-25.9126],[151.6571,-25.9122],[151.6616,-25.897],[151.6575,-25.8932],[151.6597,-25.8889],[151.65,-25.8816],[151.6532,-25.873],[151.6447,-25.8728],[151.6413,-25.8692],[151.635,-25.8712],[151.6318,-25.8686],[151.6279,-25.8609],[151.6196,-25.8596],[151.6127,-25.8549],[151.6041,-25.8554],[151.6004,-25.8605],[151.589,-25.8652],[151.5844,-25.8645],[151.5803,-25.86],[151.5597,-25.857],[151.5537,-25.8591],[151.5462,-25.8547],[151.5388,-25.8565],[151.5361,-25.8542],[151.5282,-25.8564],[151.5243,-25.8551],[151.5173,-25.8573],[151.5084,-25.9099],[151.4993,-25.9104],[151.4944,-25.9055],[151.4948,-25.9005],[151.4912,-25.8949],[151.4872,-25.8943],[151.4826,-25.9],[151.4821,-25.9032],[151.4902,-25.9077],[151.4911,-25.913],[151.487,-25.9183],[151.4894,-25.9205],[151.4966,-25.9182],[151.504,-25.921],[151.505,-25.9252],[151.4991,-25.9429],[151.502,-25.9517],[151.496,-25.9602],[151.4877,-25.9662],[151.4893,-25.9745],[151.4837,-25.9767],[151.4828,-25.9875],[151.4794,-25.9904],[151.4735,-25.9893],[151.4726,-25.9922],[151.4734,-26.0017],[151.4685,-26.0034],[151.3821,-26.0096],[151.355,-26.006],[151.3484,-26.0121],[151.34,-26.0118],[151.324,-26.0257],[151.3249,-26.0299],[151.3306,-26.0354],[151.3295,-26.0417],[151.3264,-26.0436],[151.3127,-26.0587],[151.3084,-26.066],[151.2986,-26.0735],[151.2876,-26.0685],[151.279,-26.0696],[151.2741,-26.067],[151.248,-26.0633],[151.1512,-26.0508],[151.1417,-26.0502],[151.1342,-26.0469],[151.11,-26.0428],[151.1101,-26.0482],[151.1081,-26.0625],[151.1009,-26.0706],[151.0999,-26.0752],[151.1065,-26.0793],[151.1146,-26.0772],[151.1152,-26.0827],[151.1128,-26.0888],[151.1144,-26.0908],[151.0788,-26.0967]]]},"properties":{"District Name":"Gympie","DDMG Name":"Gympie","Police Region Name":"North Coast Region","Police Region Code":"NCR","Police Region Short Name":"North Coast","Region Slug":"north_coast","Layer Id":"qld_ddmg_boundaries_gda2020_simp200m","Layer Group":"statewide","Layer Kind":"ddmg","Source":"QPS Disaster Districts, Queensland Police Service, via the Queensland Government Open Data Portal","Source URL":"https://www.data.qld.gov.au/dataset/qps-disaster-districts","Licence":"CC BY 4.0","Licence URL":"https://creativecommons.org/licenses/by/4.0/","Dataset Date":"19/05/2025","Simplification Tolerance M":200,"Coordinate Precision Decimals":4,"CRS":"GDA2020 (EPSG:7844)","Generated":"2026-09-13"},"id":"Gympie"},{"type":"Feature","geometry":{"type":"Polygon","coordinates":[[[145.8351,-17.4974],[145.8339,-17.5086],[145.7161,-17.497],[145.7235,-17.5067],[145.7201,-17.51],[145.7238,-17.5137],[145.7217,-17.5217],[145.7247,-17.5303],[145.731,-17.5336],[145.7312,-17.5384],[145.74,-17.5427],[145.7399,-17.5509],[145.7306,-17.5582],[145.7223,-17.5572],[145.716,-17.5542],[145.7104,-17.5584],[145.7073,-17.5571],[145.6973,-17.652],[145.6942,-17.6563],[145.6956,-17.6607],[145.6919,-17.6636],[145.6861,-17.6621],[145.6786,-17.6671],[145.6808,-17.6714],[145.6807,-17.6762],[145.674,-17.6754],[145.6733,-17.6691],[145.6681,-17.6657],[145.6599,-17.6671],[145.6543,-17.6626],[145.6547,-17.6581],[145.6407,-17.6568],[145.6459,-17.6681],[145.6485,-17.6684],[145.6612,-17.6784],[145.6567,-17.687],[145.6602,-17.6893],[145.6528,-17.699],[145.6435,-17.7017],[145.641,-17.7071],[145.6476,-17.7178],[145.6473,-17.7218],[145.6515,-17.7269],[145.577,-17.7408],[145.5726,-17.7829],[145.5797,-17.7836],[145.5796,-17.7912],[145.5844,-17.7905],[145.591,-17.7955],[145.6026,-17.7939],[145.6103,-17.7965],[145.6139,-17.8013],[145.6178,-17.7981],[145.622,-17.7975],[145.6272,-17.8006],[145.6321,-17.8018],[145.6343,-17.8061],[145.6421,-17.8025],[145.6463,-17.8085],[145.6555,-17.8158],[145.6581,-17.82],[145.6572,-17.8266],[145.6532,-17.8272],[145.6518,-17.8367],[145.6531,-17.8403],[145.6527,-17.8467],[145.6546,-17.8512],[145.6555,-17.8639],[145.6652,-17.8642],[145.668,-17.8684],[145.6718,-17.8702],[145.6749,-17.8816],[145.6795,-17.8868],[145.6801,-17.8914],[145.6838,-17.8963],[145.6848,-17.9024],[145.6809,-17.9071],[145.6803,-17.9192],[145.6859,-17.9253],[145.6841,-17.9301],[145.6797,-17.9338],[145.6819,-17.94],[145.674,-17.9478],[145.669,-17.9482],[145.6653,-17.946],[145.66,-17.9484],[145.6568,-17.9574],[145.6519,-17.9573],[145.6501,-17.9628],[145.6538,-17.9681],[145.6498,-17.9738],[145.6458,-17.9721],[145.6408,-17.9796],[145.6376,-17.982],[145.6382,-17.9952],[145.6308,-17.9973],[145.6255,-18.0004],[145.6232,-18.0088],[145.6232,-18.0211],[145.6313,-18.023],[145.636,-18.028],[145.6497,-18.0276],[145.654,-18.0315],[145.6495,-18.0337],[145.6499,-18.048],[145.6528,-18.0556],[145.6467,-18.0582],[145.6473,-18.0617],[145.6446,-18.0654],[145.6419,-18.0814],[145.6477,-18.0864],[145.6594,-18.0944],[145.6618,-18.0934],[145.6677,-18.1029],[145.6712,-18.0999],[145.6755,-18.103],[145.6791,-18.1021],[145.6853,-18.0932],[145.6896,-18.0921],[145.6967,-18.0991],[145.7012,-18.1003],[145.707,-18.1075],[145.7076,-18.1104],[145.7038,-18.1204],[145.7043,-18.1272],[145.7007,-18.1288],[145.7031,-18.1325],[145.7039,-18.1386],[145.6985,-18.1504],[145.6904,-18.1512],[145.6886,-18.1548],[145.6836,-18.1586],[145.6833,-18.1648],[145.6852,-18.1684],[145.6932,-18.1711],[145.6962,-18.1751],[145.7058,-18.1789],[145.706,-18.1766],[145.7153,-18.1675],[145.7265,-18.1677],[145.7349,-18.1568],[145.7437,-18.1599],[145.7515,-18.1565],[145.7577,-18.1644],[145.7617,-18.1651],[145.7677,-18.1708],[145.7748,-18.1758],[145.7844,-18.1809],[145.7872,-18.1862],[145.787,-18.1918],[145.7823,-18.1942],[145.7798,-18.1993],[145.7802,-18.2033],[145.7832,-18.2065],[145.7871,-18.2151],[145.7929,-18.2173],[145.7924,-18.228],[145.802,-18.2389],[145.8044,-18.2406],[145.8071,-18.247],[145.804,-18.2516],[145.8047,-18.2579],[145.8005,-18.264],[145.803,-18.2709],[145.8089,-18.275],[145.8117,-18.2815],[145.8152,-18.2857],[145.8155,-18.2934],[145.8082,-18.2995],[145.8096,-18.3046],[145.8025,-18.3057],[145.7955,-18.3086],[145.7866,-18.3042],[145.7181,-18.3569],[145.722,-18.3636],[145.7273,-18.365],[145.7352,-18.3694],[145.7436,-18.3728],[145.7469,-18.3772],[145.7479,-18.3836],[145.7464,-18.3877],[145.7464,-18.3945],[145.7575,-18.3958],[145.7623,-18.3939],[145.769,-18.3995],[145.7757,-18.3989],[145.7825,-18.3942],[145.7878,-18.4024],[145.7924,-18.4034],[145.7954,-18.4012],[145.7937,-18.3975],[145.7939,-18.39],[145.8069,-18.386],[145.8049,-18.3807],[145.8068,-18.3781],[145.8113,-18.3783],[145.8193,-18.3869],[145.8182,-18.3952],[145.816,-18.3979],[145.8188,-18.4031],[145.8256,-18.407],[145.8328,-18.4021],[145.8388,-18.4062],[145.8477,-18.4047],[145.8567,-18.4057],[145.8656,-18.4023],[145.8709,-18.4025],[145.8735,-18.4],[145.8776,-18.4032],[145.8796,-18.4074],[145.8865,-18.4046],[145.8911,-18.3999],[145.8981,-18.3968],[145.9086,-18.3879],[145.9087,-18.3853],[145.9165,-18.378],[145.919,-18.3782],[145.9293,-18.3697],[145.9334,-18.3705],[145.9473,-18.3643],[145.9618,-18.3944],[145.9741,-18.3959],[145.9804,-18.3954],[145.9836,-18.3971],[145.992,-18.3938],[146.001,-18.3936],[146.0089,-18.3911],[146.0106,-18.3889],[146.0205,-18.3895],[146.0265,-18.3918],[146.0367,-18.3881],[146.0464,-18.3967],[146.0492,-18.3926],[146.0526,-18.3951],[146.0742,-18.4034],[146.085,-18.4008],[146.0926,-18.4116],[146.1003,-18.4152],[146.098,-18.4209],[146.0984,-18.4264],[146.1016,-18.4327],[146.0935,-18.4401],[146.0914,-18.4478],[146.0938,-18.4513],[146.1011,-18.4514],[146.1043,-18.4535],[146.1073,-18.4632],[146.1141,-18.4725],[146.1142,-18.478],[146.1185,-18.48],[146.122,-18.4845],[146.1167,-18.4894],[146.1154,-18.4952],[146.1171,-18.5013],[146.1217,-18.5079],[146.1381,-18.5125],[146.1473,-18.5171],[146.1559,-18.5188],[146.165,-18.5174],[146.1749,-18.5213],[146.1796,-18.5247],[146.1805,-18.5298],[146.1834,-18.5323],[146.1909,-18.5283],[146.1907,-18.5236],[146.1954,-18.5211],[146.1994,-18.5218],[146.2069,-18.5165],[146.2104,-18.5082],[146.2242,-18.4941],[146.2299,-18.4895],[146.2415,-18.4923],[146.2511,-18.4924],[146.277,-18.4975],[146.2972,-18.4985],[146.3975,-18.4986],[146.4849,-18.4987],[146.6345,-18.4988],[146.7368,-18.4988],[147.0011,-18.4984],[147.0011,-18.5818],[147.2813,-18.582],[147.5994,-18.5818],[147.557,-18.4842],[147.5556,-18.4744],[147.5523,-18.4609],[147.5307,-18.4349],[147.4626,-18.4047],[147.3975,-18.265],[147.3948,-18.2615],[147.3954,-18.2561],[147.3829,-18.2581],[147.2782,-18.2356],[147.1602,-18.21],[147.0433,-18.1854],[147.0371,-18.1809],[146.9794,-18.1274],[146.9752,-18.1232],[146.9686,-18.1217],[146.9019,-18.0644],[146.9025,-18.0561],[146.8968,-18.0513],[146.8876,-18.0496],[146.8844,-18.0463],[146.8834,-18.0398],[146.8793,-18.0353],[146.8739,-18.0318],[146.8716,-18.0267],[146.8784,-18.0218],[146.8767,-18.0162],[146.8619,-18.0186],[146.8478,-18.0082],[146.85,-18],[146.8492,-17.9925],[146.8472,-17.9906],[146.8343,-17.9877],[146.8011,-17.9627],[146.803,-17.9554],[146.8021,-17.9404],[146.8032,-17.9359],[146.7975,-17.9207],[146.7932,-17.921],[146.7467,-17.8776],[146.7444,-17.8646],[146.7387,-17.8519],[146.7354,-17.8502],[146.6876,-17.7812],[146.6879,-17.7772],[146.685,-17.7583],[146.7198,-17.6777],[146.7213,-17.6712],[146.7185,-17.666],[146.7084,-17.6422],[146.6843,-17.581],[146.6603,-17.5532],[146.5599,-17.4384],[146.5591,-17.4309],[146.5536,-17.42],[146.5544,-17.4146],[146.5591,-17.4063],[146.5602,-17.4015],[146.151,-17.4031],[146.0851,-17.4029],[146.0719,-17.4034],[146.0614,-17.4024],[146.0625,-17.4079],[146.0541,-17.4159],[146.0445,-17.419],[146.0471,-17.4223],[146.0459,-17.433],[146.0384,-17.4301],[146.0351,-17.4343],[146.0407,-17.4379],[146.0366,-17.4495],[146.0316,-17.452],[146.0222,-17.4512],[146.0226,-17.4474],[145.9937,-17.4447],[145.9935,-17.4466],[145.9782,-17.4452],[145.9661,-17.445],[145.9656,-17.4497],[145.9593,-17.4484],[145.9555,-17.4455],[145.9536,-17.457],[145.9497,-17.4566],[145.9475,-17.4792],[145.9476,-17.487],[145.9504,-17.4914],[145.9403,-17.4945],[145.9365,-17.4944],[145.93,-17.5032],[145.9217,-17.5003],[145.9182,-17.4957],[145.9136,-17.4849],[145.9061,-17.4801],[145.9038,-17.4763],[145.8946,-17.4813],[145.8926,-17.49],[145.8864,-17.4917],[145.8823,-17.4905],[145.8786,-17.4982],[145.8748,-17.5013],[145.8665,-17.5048],[145.858,-17.5055],[145.8558,-17.5023],[145.8503,-17.5001],[145.8415,-17.4995],[145.8351,-17.4974]]]},"properties":{"District Name":"Innisfail","DDMG Name":"Innisfail","Police Region Name":"Far Northern Region","Police Region Code":"FNR","Police Region Short Name":"Far North","Region Slug":"far_north","Layer Id":"qld_ddmg_boundaries_gda2020_simp200m","Layer Group":"statewide","Layer Kind":"ddmg","Source":"QPS Disaster Districts, Queensland Police Service, via the Queensland Government Open Data Portal","Source URL":"https://www.data.qld.gov.au/dataset/qps-disaster-districts","Licence":"CC BY 4.0","Licence URL":"https://creativecommons.org/licenses/by/4.0/","Dataset Date":"19/05/2025","Simplification Tolerance M":200,"Coordinate Precision Decimals":4,"CRS":"GDA2020 (EPSG:7844)","Generated":"2026-09-13"},"id":"Innisfail"},{"type":"Feature","geometry":{"type":"Polygon","coordinates":[[[152.7485,-27.3187],[152.7491,-27.3132],[152.756,-27.3098],[152.7568,-27.3007],[152.7522,-27.2954],[152.7456,-27.2934],[152.7393,-27.2937],[152.7351,-27.297],[152.7176,-27.2927],[152.7131,-27.2896],[152.7072,-27.2922],[152.7038,-27.2904],[152.7056,-27.2861],[152.7046,-27.277],[152.6905,-27.2744],[152.6869,-27.2749],[152.6836,-27.2716],[152.6816,-27.2638],[152.6818,-27.254],[152.6874,-27.249],[152.6927,-27.2404],[152.6909,-27.2359],[152.7002,-27.2302],[152.7022,-27.2263],[152.7005,-27.2198],[152.7042,-27.2088],[152.7017,-27.2043],[152.7035,-27.1992],[152.7123,-27.1887],[152.7163,-27.1866],[152.7186,-27.1827],[152.723,-27.1805],[152.729,-27.1732],[152.7334,-27.1706],[152.7291,-27.1638],[152.7393,-27.1509],[152.7348,-27.1417],[152.7305,-27.1259],[152.7281,-27.1219],[152.7301,-27.1184],[152.7303,-27.1087],[152.7335,-27.1074],[152.7345,-27.1023],[152.7262,-27.1032],[152.7181,-27.1022],[152.708,-27.0963],[152.6958,-27.0949],[152.6898,-27.0928],[152.6833,-27.0951],[152.6793,-27.0948],[152.6761,-27.089],[152.6869,-27.0833],[152.6856,-27.072],[152.6835,-27.0656],[152.6777,-27.0569],[152.695,-27.059],[152.6954,-27.0562],[152.6907,-27.0527],[152.6892,-27.0483],[152.6923,-27.0467],[152.6981,-27.0395],[152.6975,-27.0335],[152.7025,-27.0308],[152.7002,-27.0227],[152.7008,-27.0183],[152.6973,-27.016],[152.6971,-27.0095],[152.6911,-27.0045],[152.6871,-26.9969],[152.6833,-26.9921],[152.6865,-26.9847],[152.6868,-26.9796],[152.6799,-26.9784],[152.6802,-26.972],[152.6845,-26.9686],[152.6807,-26.9642],[152.6741,-26.9662],[152.6715,-26.9652],[152.6659,-26.969],[152.6677,-26.9591],[152.6518,-26.9538],[152.6533,-26.949],[152.6589,-26.9498],[152.6631,-26.9482],[152.6654,-26.9428],[152.67,-26.9371],[152.6697,-26.9293],[152.6783,-26.9184],[152.6823,-26.9151],[152.6874,-26.9136],[152.6622,-26.9101],[152.6674,-26.9041],[152.6675,-26.8962],[152.6786,-26.8978],[152.6789,-26.8956],[152.6886,-26.8969],[152.6893,-26.8889],[152.6873,-26.8864],[152.6866,-26.8776],[152.6802,-26.8694],[152.6759,-26.8661],[152.6776,-26.8636],[152.67,-26.8548],[152.6708,-26.845],[152.6668,-26.8403],[152.6674,-26.8361],[152.6727,-26.8344],[152.6785,-26.8303],[152.672,-26.8189],[152.679,-26.8164],[152.6813,-26.8099],[152.6788,-26.8088],[152.6792,-26.7999],[152.679,-26.7967],[152.6724,-26.7943],[152.6689,-26.7897],[152.6673,-26.773],[152.6615,-26.7691],[152.6532,-26.7687],[152.6457,-26.7736],[152.6412,-26.7675],[152.6391,-26.7618],[152.6325,-26.7644],[152.6269,-26.7624],[152.6195,-26.762],[152.6172,-26.7595],[152.6025,-26.7579],[152.6001,-26.7518],[152.5961,-26.7481],[152.5908,-26.7472],[152.5833,-26.7404],[152.5823,-26.7358],[152.5855,-26.7332],[152.5805,-26.7228],[152.582,-26.7202],[152.5794,-26.7162],[152.5729,-26.7114],[152.5651,-26.7072],[152.5622,-26.708],[152.5529,-26.706],[152.5511,-26.7031],[152.5517,-26.697],[152.5577,-26.6914],[152.5556,-26.6874],[152.5557,-26.6805],[152.5522,-26.6808],[152.5723,-26.6592],[152.5715,-26.658],[152.5832,-26.6454],[152.5878,-26.614],[152.5854,-26.612],[152.582,-26.6043],[152.5815,-26.5997],[152.5841,-26.5967],[152.574,-26.5955],[152.5761,-26.5911],[152.5752,-26.584],[152.5695,-26.5825],[152.565,-26.5837],[152.5604,-26.5818],[152.5541,-26.5725],[152.5115,-26.5675],[152.5152,-26.5777],[152.5224,-26.5865],[152.5199,-26.5885],[152.457,-26.5809],[152.4585,-26.571],[152.449,-26.5698],[152.4508,-26.5584],[152.4403,-26.5571],[152.4496,-26.5308],[152.4435,-26.5277],[152.4426,-26.5333],[152.4387,-26.5351],[152.4352,-26.5286],[152.4355,-26.5238],[152.4397,-26.5173],[152.439,-26.5113],[152.4449,-26.5047],[152.4482,-26.484],[152.4456,-26.4866],[152.4393,-26.4858],[152.4435,-26.46],[152.4368,-26.4597],[152.4352,-26.4628],[152.4251,-26.4642],[152.4213,-26.4672],[152.4126,-26.4642],[152.4077,-26.4711],[152.4032,-26.4739],[152.3994,-26.4708],[152.3904,-26.4759],[152.3868,-26.4722],[152.3771,-26.4722],[152.3731,-26.4682],[152.3708,-26.4624],[152.3644,-26.4631],[152.3606,-26.4663],[152.3561,-26.4652],[152.3501,-26.4693],[152.344,-26.4679],[152.3393,-26.4716],[152.3304,-26.4753],[152.3196,-26.477],[152.3155,-26.4808],[152.3114,-26.4724],[152.3045,-26.4688],[152.3053,-26.4668],[152.2973,-26.4622],[152.2942,-26.4587],[152.2891,-26.4566],[152.2844,-26.4524],[152.2738,-26.4535],[152.273,-26.4643],[152.268,-26.4689],[152.2622,-26.4689],[152.2597,-26.4714],[152.2593,-26.4765],[152.2562,-26.4785],[152.2533,-26.4844],[152.2456,-26.4856],[152.2439,-26.4879],[152.2351,-26.4888],[152.2293,-26.4927],[152.2321,-26.4952],[152.2326,-26.5041],[152.2295,-26.508],[152.2216,-26.5038],[152.219,-26.5052],[152.2153,-26.5122],[152.2074,-26.5117],[152.2046,-26.507],[152.1975,-26.5002],[152.1948,-26.4956],[152.1876,-26.4901],[152.1846,-26.4862],[152.1742,-26.4817],[152.1664,-26.4747],[152.1602,-26.4778],[152.1546,-26.4757],[152.1538,-26.4804],[152.1495,-26.4829],[152.1443,-26.4797],[152.1356,-26.4802],[152.1324,-26.4878],[152.1363,-26.4939],[152.1338,-26.5004],[152.1257,-26.5066],[152.1277,-26.511],[152.1274,-26.5186],[152.1317,-26.5219],[152.1301,-26.5271],[152.1263,-26.5316],[152.1305,-26.537],[152.1283,-26.5385],[152.13,-26.5485],[152.132,-26.5501],[152.1327,-26.5569],[152.1351,-26.5607],[152.1358,-26.5664],[152.1309,-26.575],[152.1318,-26.579],[152.1373,-26.5828],[152.1387,-26.5895],[152.1427,-26.5917],[152.1378,-26.5966],[152.1304,-26.6005],[152.1359,-26.6143],[152.1283,-26.6271],[152.13,-26.6317],[152.1268,-26.638],[152.1196,-26.6374],[152.119,-26.6426],[152.1073,-26.6477],[152.1052,-26.6509],[152.0987,-26.6537],[152.0901,-26.6539],[152.0811,-26.658],[152.075,-26.6634],[152.0734,-26.6684],[152.0758,-26.6785],[152.076,-26.6858],[152.0829,-26.6893],[152.0831,-26.694],[152.089,-26.6998],[152.101,-26.7033],[152.0993,-26.7059],[152.1043,-26.7095],[152.1124,-26.7062],[152.1192,-26.7142],[152.1238,-26.7173],[152.1281,-26.7229],[152.1296,-26.7277],[152.1341,-26.7305],[152.1297,-26.7342],[152.1329,-26.7412],[152.143,-26.7385],[152.1453,-26.7336],[152.1413,-26.7314],[152.1427,-26.7273],[152.1526,-26.728],[152.1508,-26.7405],[152.1639,-26.7421],[152.1622,-26.7462],[152.157,-26.7506],[152.1557,-26.7542],[152.1558,-26.7688],[152.164,-26.7756],[152.1683,-26.7729],[152.1711,-26.777],[152.1766,-26.7798],[152.1742,-26.7847],[152.1746,-26.792],[152.1707,-26.7965],[152.1764,-26.809],[152.1741,-26.8214],[152.1901,-26.8236],[152.1877,-26.8379],[152.1826,-26.8372],[152.181,-26.8465],[152.1835,-26.8534],[152.1843,-26.871],[152.1887,-26.8774],[152.1727,-26.8752],[152.1695,-26.8721],[152.1705,-26.8675],[152.1595,-26.8738],[152.1544,-26.8738],[152.147,-26.8792],[152.1414,-26.8878],[152.138,-26.9001],[152.1471,-26.8989],[152.1498,-26.9044],[152.1438,-26.9108],[152.1428,-26.9173],[152.1441,-26.9273],[152.1393,-26.9306],[152.1281,-26.9443],[152.1278,-26.9499],[152.1254,-26.9542],[152.1298,-26.9552],[152.1313,-26.9615],[152.1386,-26.9647],[152.1503,-26.9658],[152.1496,-26.9704],[152.156,-26.969],[152.1651,-26.9726],[152.1693,-26.9706],[152.1691,-26.9794],[152.1789,-26.9758],[152.1833,-26.9782],[152.1766,-26.9837],[152.1799,-26.9867],[152.1732,-26.9895],[152.1749,-26.9921],[152.1886,-26.994],[152.1865,-27.0066],[152.1981,-27.0082],[152.1986,-27.0136],[152.2054,-27.0145],[152.2146,-27.0188],[152.2177,-27.0184],[152.2211,-27.0224],[152.2189,-27.0263],[152.193,-27.023],[152.1923,-27.0271],[152.1992,-27.0278],[152.1949,-27.0567],[152.2274,-27.061],[152.2219,-27.0666],[152.2143,-27.0699],[152.2143,-27.0751],[152.1913,-27.0723],[152.1853,-27.0614],[152.1813,-27.0861],[152.1824,-27.0894],[152.1771,-27.0913],[152.1744,-27.0976],[152.1579,-27.1118],[152.1485,-27.1219],[152.1419,-27.1265],[152.1408,-27.1332],[152.1341,-27.1415],[152.142,-27.1462],[152.1885,-27.169],[152.1855,-27.1762],[152.177,-27.1817],[152.1734,-27.1819],[152.1696,-27.1871],[152.1618,-27.1892],[152.159,-27.206],[152.1664,-27.2075],[152.1688,-27.2107],[152.174,-27.2111],[152.1798,-27.2054],[152.1868,-27.2051],[152.2151,-27.2089],[152.2205,-27.2013],[152.2362,-27.2035],[152.2331,-27.2223],[152.2256,-27.2288],[152.2208,-27.2297],[152.2185,-27.2327],[152.2087,-27.2356],[152.2015,-27.2401],[152.2011,-27.2433],[152.1909,-27.242],[152.1887,-27.2548],[152.182,-27.2522],[152.1724,-27.2538],[152.1787,-27.2605],[152.177,-27.2638],[152.1715,-27.2591],[152.1651,-27.2566],[152.1583,-27.2593],[152.1549,-27.267],[152.152,-27.2693],[152.1542,-27.2748],[152.1585,-27.2763],[152.1624,-27.2823],[152.1614,-27.2859],[152.1704,-27.2867],[152.1755,-27.2822],[152.1828,-27.2736],[152.1841,-27.2705],[152.1964,-27.2722],[152.1945,-27.2754],[152.1993,-27.2885],[152.2062,-27.292],[152.2028,-27.2954],[152.203,-27.2992],[152.2001,-27.303],[152.1998,-27.3073],[152.1961,-27.3075],[152.1926,-27.3112],[152.1932,-27.3145],[152.1902,-27.3203],[152.2015,-27.322],[152.1995,-27.3327],[152.1993,-27.3412],[152.196,-27.3408],[152.1942,-27.3481],[152.1915,-27.3658],[152.2015,-27.3597],[152.1984,-27.3776],[152.1908,-27.3821],[152.1928,-27.3852],[152.2018,-27.3865],[152.2088,-27.3901],[152.2238,-27.3901],[152.2276,-27.3881],[152.261,-27.3926],[152.2582,-27.409],[152.2629,-27.4161],[152.2703,-27.414],[152.2788,-27.4094],[152.2831,-27.4015],[152.2913,-27.4002],[152.2943,-27.4273],[152.304,-27.4256],[152.3104,-27.4293],[152.3155,-27.3986],[152.3427,-27.402],[152.3439,-27.3993],[152.3647,-27.4021],[152.3734,-27.402],[152.3794,-27.4044],[152.3907,-27.4122],[152.4016,-27.415],[152.3995,-27.4284],[152.4141,-27.4302],[152.4134,-27.4348],[152.4091,-27.4366],[152.4357,-27.4401],[152.435,-27.4453],[152.4369,-27.451],[152.4359,-27.4579],[152.4454,-27.459],[152.4446,-27.4636],[152.4512,-27.4675],[152.4518,-27.4638],[152.4576,-27.4645],[152.4612,-27.4688],[152.4646,-27.4679],[152.473,-27.4739],[152.4791,-27.4818],[152.4721,-27.4868],[152.4777,-27.4963],[152.4751,-27.5026],[152.4749,-27.5081],[152.4993,-27.5117],[152.4923,-27.552],[152.4995,-27.5507],[152.5187,-27.552],[152.5174,-27.56],[152.5149,-27.5596],[152.5125,-27.5744],[152.5093,-27.5725],[152.5078,-27.5811],[152.5031,-27.5802],[152.497,-27.5829],[152.5044,-27.5959],[152.4879,-27.6034],[152.4875,-27.6068],[152.4819,-27.6124],[152.4805,-27.6171],[152.4724,-27.6279],[152.4691,-27.6384],[152.4637,-27.6434],[152.4653,-27.6473],[152.4627,-27.6543],[152.4593,-27.6538],[152.4577,-27.6624],[152.4503,-27.6532],[152.4478,-27.656],[152.4424,-27.6541],[152.4388,-27.6502],[152.4311,-27.6516],[152.4302,-27.6567],[152.423,-27.6546],[152.4184,-27.6579],[152.4132,-27.6573],[152.4125,-27.6614],[152.4226,-27.6637],[152.4191,-27.6685],[152.4158,-27.6671],[152.413,-27.6729],[152.4112,-27.6814],[152.403,-27.685],[152.3954,-27.6869],[152.3921,-27.69],[152.3907,-27.6978],[152.4135,-27.7009],[152.4123,-27.7082],[152.4091,-27.7077],[152.4068,-27.7203],[152.4101,-27.7208],[152.4049,-27.7504],[152.402,-27.7629],[152.3956,-27.7613],[152.3919,-27.7568],[152.3896,-27.7696],[152.3954,-27.7819],[152.4027,-27.7894],[152.4026,-27.7953],[152.4088,-27.7961],[152.4071,-27.8055],[152.3858,-27.8031],[152.3849,-27.8085],[152.3934,-27.8097],[152.392,-27.8177],[152.3987,-27.8186],[152.4007,-27.8247],[152.3949,-27.8309],[152.3948,-27.8341],[152.3984,-27.84],[152.4015,-27.8532],[152.4024,-27.8637],[152.4193,-27.8655],[152.4209,-27.8566],[152.4255,-27.8572],[152.4285,-27.8405],[152.4363,-27.8416],[152.4434,-27.8448],[152.4512,-27.802],[152.4623,-27.8025],[152.4639,-27.7938],[152.4672,-27.7892],[152.4674,-27.7831],[152.4812,-27.7851],[152.4819,-27.7816],[152.4945,-27.7834],[152.499,-27.7583],[152.5193,-27.7612],[152.5237,-27.7363],[152.523,-27.727],[152.5245,-27.722],[152.5295,-27.7176],[152.5421,-27.7183],[152.5618,-27.721],[152.562,-27.7165],[152.5807,-27.7191],[152.5798,-27.7236],[152.5982,-27.7263],[152.6058,-27.725],[152.6046,-27.7313],[152.6087,-27.7316],[152.6077,-27.7371],[152.6382,-27.7416],[152.6391,-27.7365],[152.656,-27.7383],[152.6554,-27.7414],[152.6686,-27.7433],[152.6675,-27.75],[152.6843,-27.7525],[152.6864,-27.7468],[152.7044,-27.7496],[152.7076,-27.7583],[152.7375,-27.7635],[152.7378,-27.7644],[152.758,-27.7674],[152.7627,-27.7729],[152.7607,-27.7853],[152.7821,-27.7882],[152.7866,-27.7909],[152.7856,-27.7962],[152.8025,-27.7984],[152.7998,-27.8145],[152.8056,-27.817],[152.8041,-27.8248],[152.8141,-27.8262],[152.8164,-27.8136],[152.8264,-27.815],[152.8265,-27.8075],[152.8244,-27.7938],[152.8183,-27.7849],[152.8114,-27.7868],[152.8033,-27.7856],[152.808,-27.7586],[152.8114,-27.7549],[152.8223,-27.7564],[152.823,-27.752],[152.8282,-27.7527],[152.8293,-27.7468],[152.8346,-27.7476],[152.8339,-27.7527],[152.836,-27.7557],[152.8435,-27.7553],[152.8568,-27.7573],[152.858,-27.7511],[152.8733,-27.7534],[152.8747,-27.7463],[152.8828,-27.7473],[152.8907,-27.7036],[152.9233,-27.7082],[152.9314,-27.6664],[152.9246,-27.6578],[152.9362,-27.6449],[152.9386,-27.64],[152.9409,-27.6287],[152.9407,-27.6234],[152.9343,-27.6141],[152.9284,-27.6112],[152.9218,-27.6062],[152.9155,-27.605],[152.9122,-27.6065],[152.9038,-27.6056],[152.9008,-27.6024],[152.8946,-27.5995],[152.8916,-27.5931],[152.8765,-27.5799],[152.8699,-27.581],[152.8635,-27.5956],[152.8564,-27.596],[152.8557,-27.5825],[152.8534,-27.5744],[152.849,-27.5646],[152.8495,-27.5548],[152.8519,-27.5497],[152.8527,-27.5427],[152.8472,-27.5328],[152.8417,-27.5309],[152.8315,-27.5331],[152.8305,-27.5368],[152.8398,-27.5398],[152.8408,-27.5452],[152.8325,-27.5469],[152.8235,-27.5504],[152.8201,-27.5559],[152.8052,-27.5575],[152.8033,-27.5559],[152.7893,-27.5545],[152.7865,-27.5504],[152.7827,-27.5516],[152.7853,-27.5562],[152.7798,-27.5597],[152.7726,-27.5595],[152.7674,-27.556],[152.7538,-27.5683],[152.7491,-27.5653],[152.7432,-27.5671],[152.7403,-27.5642],[152.7403,-27.5589],[152.7455,-27.5341],[152.7498,-27.5249],[152.7557,-27.5234],[152.7623,-27.524],[152.7622,-27.5189],[152.7591,-27.5172],[152.7516,-27.5176],[152.744,-27.5139],[152.7397,-27.5053],[152.7305,-27.4972],[152.738,-27.4946],[152.7397,-27.4826],[152.7426,-27.4798],[152.7406,-27.4757],[152.7378,-27.4646],[152.7383,-27.4593],[152.7441,-27.4601],[152.7472,-27.443],[152.746,-27.4368],[152.7427,-27.4364],[152.7442,-27.4278],[152.7475,-27.4233],[152.7481,-27.4155],[152.7458,-27.4152],[152.7472,-27.4071],[152.7414,-27.4062],[152.7404,-27.4002],[152.7434,-27.3947],[152.7372,-27.3929],[152.733,-27.396],[152.7369,-27.3733],[152.7322,-27.3727],[152.7332,-27.3666],[152.722,-27.3651],[152.7239,-27.354],[152.7078,-27.3518],[152.7069,-27.357],[152.7003,-27.3561],[152.6995,-27.361],[152.6923,-27.36],[152.6905,-27.3701],[152.6864,-27.3732],[152.6797,-27.3723],[152.6842,-27.3488],[152.6908,-27.3436],[152.6957,-27.3428],[152.7102,-27.3325],[152.7173,-27.3306],[152.7196,-27.3234],[152.7249,-27.3222],[152.7392,-27.3233],[152.7449,-27.319],[152.7485,-27.3187]]]},"properties":{"District Name":"Ipswich","DDMG Name":"Ipswich","Police Region Name":"Southern Region","Police Region Code":"SR","Police Region Short Name":"Southern","Region Slug":"southern","Layer Id":"qld_ddmg_boundaries_gda2020_simp200m","Layer Group":"statewide","Layer Kind":"ddmg","Source":"QPS Disaster Districts, Queensland Police Service, via the Queensland Government Open Data Portal","Source URL":"https://www.data.qld.gov.au/dataset/qps-disaster-districts","Licence":"CC BY 4.0","Licence URL":"https://creativecommons.org/licenses/by/4.0/","Dataset Date":"19/05/2025","Simplification Tolerance M":200,"Coordinate Precision Decimals":4,"CRS":"GDA2020 (EPSG:7844)","Generated":"2026-09-13"},"id":"Ipswich"},{"type":"Feature","geometry":{"type":"Polygon","coordinates":[[[152.9409,-27.6287],[152.9386,-27.64],[152.9362,-27.6449],[152.9246,-27.6578],[152.9314,-27.6664],[152.9233,-27.7082],[152.8907,-27.7036],[152.8828,-27.7473],[152.8747,-27.7463],[152.8733,-27.7534],[152.858,-27.7511],[152.8568,-27.7573],[152.8435,-27.7553],[152.836,-27.7557],[152.8339,-27.7527],[152.8346,-27.7476],[152.8293,-27.7468],[152.8282,-27.7527],[152.823,-27.752],[152.8223,-27.7564],[152.8114,-27.7549],[152.808,-27.7586],[152.8033,-27.7856],[152.8114,-27.7868],[152.8183,-27.7849],[152.8244,-27.7938],[152.8265,-27.8075],[152.8264,-27.815],[152.8164,-27.8136],[152.8141,-27.8262],[152.8041,-27.8248],[152.8056,-27.817],[152.7998,-27.8145],[152.8025,-27.7984],[152.7856,-27.7962],[152.7866,-27.7909],[152.7821,-27.7882],[152.7607,-27.7853],[152.7627,-27.7729],[152.758,-27.7674],[152.7378,-27.7644],[152.7375,-27.7635],[152.7076,-27.7583],[152.7044,-27.7496],[152.6864,-27.7468],[152.6843,-27.7525],[152.6675,-27.75],[152.6686,-27.7433],[152.6554,-27.7414],[152.656,-27.7383],[152.6391,-27.7365],[152.6382,-27.7416],[152.6077,-27.7371],[152.6087,-27.7316],[152.6046,-27.7313],[152.6058,-27.725],[152.5982,-27.7263],[152.5798,-27.7236],[152.5807,-27.7191],[152.562,-27.7165],[152.5618,-27.721],[152.5421,-27.7183],[152.5295,-27.7176],[152.5245,-27.722],[152.523,-27.727],[152.5237,-27.7363],[152.5193,-27.7612],[152.499,-27.7583],[152.4945,-27.7834],[152.4819,-27.7816],[152.4812,-27.7851],[152.4674,-27.7831],[152.4672,-27.7892],[152.4639,-27.7938],[152.4623,-27.8025],[152.4512,-27.802],[152.4434,-27.8448],[152.4363,-27.8416],[152.4285,-27.8405],[152.4255,-27.8572],[152.4209,-27.8566],[152.4193,-27.8655],[152.4024,-27.8637],[152.4018,-27.8665],[152.4053,-27.8712],[152.4061,-27.8771],[152.4116,-27.8833],[152.4107,-27.9012],[152.4041,-27.9057],[152.4056,-27.9191],[152.4106,-27.9267],[152.4105,-27.9342],[152.4159,-27.9446],[152.405,-27.9544],[152.4023,-27.959],[152.4018,-27.9714],[152.3946,-27.9775],[152.3891,-27.9741],[152.3828,-27.9788],[152.3836,-27.9837],[152.378,-27.9905],[152.378,-27.9992],[152.3749,-28.0123],[152.3813,-28.0208],[152.3828,-28.0244],[152.3903,-28.0309],[152.3885,-28.0363],[152.3943,-28.0438],[152.395,-28.049],[152.39,-28.0591],[152.3994,-28.0627],[152.4024,-28.0653],[152.4106,-28.0687],[152.4163,-28.0697],[152.4147,-28.0787],[152.4185,-28.0885],[152.4094,-28.0958],[152.4086,-28.1001],[152.4119,-28.1076],[152.4114,-28.1126],[152.4139,-28.1163],[152.419,-28.1187],[152.4215,-28.1244],[152.4261,-28.1291],[152.4341,-28.131],[152.4321,-28.1426],[152.4349,-28.1475],[152.4355,-28.1563],[152.4384,-28.1602],[152.4467,-28.1664],[152.4421,-28.176],[152.4473,-28.1866],[152.4558,-28.1956],[152.4709,-28.195],[152.4709,-28.2005],[152.4732,-28.2043],[152.4656,-28.2167],[152.4582,-28.221],[152.459,-28.2266],[152.4699,-28.2289],[152.4694,-28.232],[152.4754,-28.2335],[152.4763,-28.2282],[152.4824,-28.2295],[152.488,-28.2347],[152.4924,-28.2437],[152.4885,-28.2463],[152.4877,-28.2534],[152.4928,-28.2541],[152.501,-28.2524],[152.5093,-28.2492],[152.5158,-28.2518],[152.5217,-28.2607],[152.5289,-28.2617],[152.5365,-28.2659],[152.5329,-28.2723],[152.5328,-28.2796],[152.5289,-28.2866],[152.5293,-28.2979],[152.5256,-28.3018],[152.5259,-28.306],[152.5336,-28.3107],[152.5389,-28.3113],[152.5441,-28.3189],[152.5491,-28.3213],[152.555,-28.319],[152.5539,-28.3244],[152.564,-28.3235],[152.5723,-28.3267],[152.5746,-28.3341],[152.5795,-28.3392],[152.5852,-28.3284],[152.5892,-28.326],[152.5968,-28.3135],[152.6018,-28.3073],[152.5992,-28.3002],[152.5973,-28.2913],[152.5996,-28.2837],[152.6033,-28.2792],[152.6161,-28.2718],[152.6175,-28.2826],[152.6209,-28.284],[152.6235,-28.2889],[152.6222,-28.2932],[152.6241,-28.2983],[152.6284,-28.3035],[152.6354,-28.3072],[152.6398,-28.3122],[152.6485,-28.3134],[152.6591,-28.3099],[152.6675,-28.3117],[152.6736,-28.318],[152.674,-28.3263],[152.6795,-28.3306],[152.6864,-28.3291],[152.6884,-28.3348],[152.6924,-28.3368],[152.6986,-28.3357],[152.7083,-28.3443],[152.7132,-28.3415],[152.7202,-28.3453],[152.7231,-28.3441],[152.7309,-28.3523],[152.737,-28.3551],[152.7403,-28.3592],[152.7465,-28.3607],[152.751,-28.3639],[152.7566,-28.3636],[152.7619,-28.3583],[152.7582,-28.3551],[152.7598,-28.3524],[152.7774,-28.346],[152.7817,-28.3467],[152.7934,-28.354],[152.8043,-28.3536],[152.8091,-28.3506],[152.8093,-28.3421],[152.8186,-28.335],[152.8231,-28.3355],[152.8237,-28.3289],[152.8314,-28.3197],[152.8388,-28.3221],[152.8437,-28.3195],[152.8494,-28.3112],[152.8547,-28.3128],[152.8596,-28.3115],[152.8658,-28.3136],[152.8781,-28.3117],[152.8891,-28.3154],[152.9002,-28.3255],[152.9062,-28.3258],[152.9175,-28.331],[152.9234,-28.3316],[152.9343,-28.3376],[152.9392,-28.3347],[152.9451,-28.3357],[152.9508,-28.3336],[152.959,-28.3335],[152.9732,-28.3318],[152.9782,-28.3336],[152.9836,-28.3381],[152.9898,-28.3366],[152.9961,-28.34],[153.0032,-28.3397],[153.0101,-28.3413],[153.0222,-28.338],[153.0305,-28.3397],[153.0381,-28.3434],[153.0449,-28.339],[153.0491,-28.342],[153.0653,-28.3442],[153.0707,-28.3478],[153.0742,-28.3522],[153.0938,-28.3555],[153.1077,-28.3585],[153.1111,-28.3564],[153.1155,-28.3477],[153.1167,-28.3415],[153.1205,-28.342],[153.1268,-28.3362],[153.1302,-28.3303],[153.1248,-28.3239],[153.1258,-28.3173],[153.133,-28.3175],[153.1358,-28.3121],[153.1433,-28.3122],[153.1433,-28.3046],[153.1529,-28.3019],[153.1552,-28.2961],[153.1644,-28.2979],[153.1692,-28.2931],[153.1651,-28.2877],[153.1665,-28.2851],[153.1612,-28.2797],[153.1752,-28.2742],[153.1746,-28.2685],[153.1716,-28.2636],[153.1715,-28.2592],[153.1767,-28.2496],[153.1882,-28.2475],[153.1995,-28.2565],[153.2074,-28.2529],[153.2071,-28.2466],[153.2,-28.2395],[153.1976,-28.2313],[153.1986,-28.2267],[153.1951,-28.2203],[153.1949,-28.2143],[153.1907,-28.2097],[153.1886,-28.2033],[153.1927,-28.1965],[153.1935,-28.1916],[153.1843,-28.1929],[153.1877,-28.1801],[153.1911,-28.1791],[153.1925,-28.1735],[153.1985,-28.1628],[153.1945,-28.1574],[153.1973,-28.1472],[153.2025,-28.1171],[153.206,-28.1163],[153.2141,-28.1174],[153.2157,-28.1086],[153.2213,-28.1112],[153.2228,-28.1029],[153.2299,-28.1],[153.2275,-28.0972],[153.2296,-28.0896],[153.2324,-28.0853],[153.2295,-28.0828],[153.2134,-28.0803],[153.2162,-28.0657],[153.219,-28.0613],[153.2251,-28.0612],[153.2288,-28.0551],[153.2308,-28.0443],[153.2301,-28.0396],[153.2326,-28.0257],[153.2363,-28.026],[153.2389,-28.0112],[153.2176,-28.0082],[153.2209,-27.9997],[153.2205,-27.9944],[153.2107,-27.993],[153.2112,-27.9898],[153.2079,-27.9858],[153.2016,-27.9826],[153.2035,-27.9784],[153.2251,-27.9816],[153.2259,-27.9772],[153.2202,-27.9762],[153.2252,-27.9561],[153.2191,-27.9512],[153.2066,-27.9492],[153.2082,-27.9411],[153.2106,-27.9415],[153.2137,-27.9259],[153.2157,-27.922],[153.2126,-27.9179],[153.2154,-27.9027],[153.2121,-27.9001],[153.1807,-27.8951],[153.1833,-27.8913],[153.1863,-27.8812],[153.1854,-27.8737],[153.1889,-27.8551],[153.1811,-27.8539],[153.182,-27.8485],[153.1797,-27.8403],[153.1757,-27.8394],[153.1729,-27.8344],[153.1757,-27.8294],[153.1833,-27.82],[153.1778,-27.8143],[153.1762,-27.8084],[153.1694,-27.8036],[153.1701,-27.7994],[153.1824,-27.7945],[153.1842,-27.7889],[153.193,-27.7794],[153.1905,-27.7741],[153.1933,-27.7684],[153.198,-27.7641],[153.1989,-27.759],[153.1973,-27.754],[153.1975,-27.7466],[153.2012,-27.74],[153.2094,-27.7397],[153.2183,-27.7369],[153.2198,-27.7347],[153.2162,-27.7274],[153.2205,-27.7267],[153.2306,-27.7216],[153.2216,-27.7186],[153.2155,-27.7182],[153.2136,-27.7143],[153.227,-27.7154],[153.2333,-27.7112],[153.2326,-27.7054],[153.2361,-27.7041],[153.2334,-27.696],[153.2346,-27.694],[153.2432,-27.6974],[153.2536,-27.6962],[153.2533,-27.6917],[153.2671,-27.6925],[153.2725,-27.6968],[153.2829,-27.695],[153.2866,-27.6933],[153.2886,-27.6869],[153.2823,-27.687],[153.281,-27.6832],[153.2827,-27.6742],[153.2799,-27.6584],[153.2629,-27.6561],[153.2625,-27.654],[153.2545,-27.6528],[153.2549,-27.6496],[153.2389,-27.6473],[153.2388,-27.6492],[153.2087,-27.6451],[153.207,-27.6412],[153.1939,-27.6395],[153.1876,-27.6407],[153.1832,-27.6383],[153.1823,-27.6341],[153.1738,-27.6342],[153.1758,-27.6235],[153.1817,-27.6243],[153.1838,-27.6126],[153.1808,-27.6091],[153.1733,-27.606],[153.1714,-27.6033],[153.1598,-27.5958],[153.1564,-27.5918],[153.1231,-27.5874],[153.1219,-27.5953],[153.106,-27.5931],[153.1011,-27.6179],[153.0947,-27.6172],[153.0937,-27.6208],[153.0975,-27.6229],[153.0946,-27.6318],[153.0954,-27.645],[153.0781,-27.6519],[153.0677,-27.6511],[153.0588,-27.6568],[153.04,-27.654],[153.0372,-27.6602],[153.0163,-27.6569],[153.012,-27.6571],[152.9973,-27.6543],[152.9888,-27.6512],[152.9769,-27.6448],[152.9732,-27.6391],[152.9684,-27.6361],[152.9564,-27.6346],[152.9479,-27.6321],[152.9409,-27.6287]]]},"properties":{"District Name":"Logan","DDMG Name":"Logan","Police Region Name":"South Eastern Region","Police Region Code":"SER","Police Region Short Name":"South East","Region Slug":"south_east","Layer Id":"qld_ddmg_boundaries_gda2020_simp200m","Layer Group":"statewide","Layer Kind":"ddmg","Source":"QPS Disaster Districts, Queensland Police Service, via the Queensland Government Open Data Portal","Source URL":"https://www.data.qld.gov.au/dataset/qps-disaster-districts","Licence":"CC BY 4.0","Licence URL":"https://creativecommons.org/licenses/by/4.0/","Dataset Date":"19/05/2025","Simplification Tolerance M":200,"Coordinate Precision Decimals":4,"CRS":"GDA2020 (EPSG:7844)","Generated":"2026-09-13"},"id":"Logan"},{"type":"Feature","geometry":{"type":"Polygon","coordinates":[[[147.2964,-24.8958],[147.1366,-24.8828],[147.1389,-24.8489],[147.0894,-24.8464],[147.0916,-24.8141],[147.019,-24.8101],[146.9034,-24.8051],[146.8926,-24.7882],[146.8891,-24.7788],[146.8841,-24.7773],[146.879,-24.7735],[146.8801,-24.7664],[146.885,-24.7607],[146.8939,-24.7582],[146.8982,-24.7529],[146.9005,-24.7453],[146.907,-24.7443],[146.9123,-24.737],[146.9132,-24.7322],[146.9167,-24.7255],[146.9199,-24.7233],[146.9205,-24.7157],[146.9292,-24.7104],[146.9329,-24.7066],[146.942,-24.7043],[146.9399,-24.695],[146.9348,-24.6835],[146.9347,-24.6774],[146.931,-24.6728],[146.9257,-24.6698],[146.9192,-24.6607],[146.9118,-24.6572],[146.9128,-24.6537],[146.9083,-24.6477],[146.906,-24.6488],[146.8986,-24.6464],[146.8928,-24.6369],[146.8947,-24.6288],[146.8918,-24.6234],[146.8902,-24.6153],[146.8843,-24.6122],[146.8855,-24.607],[146.8831,-24.6008],[146.8785,-24.6013],[146.8759,-24.5977],[146.8685,-24.5934],[146.8693,-24.5884],[146.8661,-24.5859],[146.8569,-24.5899],[146.857,-24.5937],[146.8526,-24.6035],[146.8478,-24.6044],[146.8487,-24.6087],[146.8428,-24.6123],[146.8421,-24.6152],[146.8339,-24.6243],[146.8191,-24.626],[146.8136,-24.6365],[146.807,-24.6371],[146.8021,-24.6238],[146.8001,-24.6206],[146.7874,-24.6263],[146.7798,-24.6362],[146.7767,-24.6569],[146.7742,-24.6628],[146.7681,-24.6643],[146.7579,-24.6633],[146.7518,-24.6578],[146.7505,-24.6524],[146.7405,-24.6503],[146.7371,-24.6427],[146.7402,-24.6338],[146.7375,-24.6277],[146.7274,-24.628],[146.7214,-24.626],[146.7135,-24.6189],[146.6993,-24.6157],[146.6895,-24.6116],[146.6825,-24.6058],[146.6822,-24.6001],[146.6747,-24.597],[146.6668,-24.5908],[146.67,-24.5861],[146.6733,-24.5853],[146.6762,-24.5812],[146.6808,-24.5789],[146.6796,-24.5728],[146.6718,-24.5648],[146.6675,-24.5622],[146.6656,-24.5575],[146.6615,-24.5526],[146.6641,-24.548],[146.6583,-24.5391],[146.6494,-24.5291],[146.6459,-24.5233],[146.6482,-24.518],[146.6432,-24.5087],[146.6399,-24.5002],[146.6351,-24.4966],[146.6318,-24.4978],[146.6261,-24.4937],[146.6201,-24.4671],[146.6203,-24.4579],[146.6112,-24.4584],[146.6011,-24.4536],[146.5961,-24.453],[146.5957,-24.4459],[146.5897,-24.4435],[146.5891,-24.432],[146.5858,-24.4264],[146.574,-24.4167],[146.5725,-24.4128],[146.5811,-24.4115],[146.5872,-24.4152],[146.5912,-24.4148],[146.5959,-24.4172],[146.6037,-24.4156],[146.6092,-24.4132],[146.6178,-24.4118],[146.6271,-24.4032],[146.63,-24.4052],[146.6385,-24.4051],[146.6418,-24.3992],[146.6522,-24.4001],[146.6559,-24.4042],[146.6635,-24.4013],[146.6694,-24.3906],[146.6797,-24.3883],[146.682,-24.3803],[146.6862,-24.3752],[146.6905,-24.3749],[146.6932,-24.3794],[146.6972,-24.381],[146.7012,-24.378],[146.7127,-24.3776],[146.7217,-24.3849],[146.7211,-24.3971],[146.7294,-24.4188],[146.7469,-24.4071],[146.7593,-24.4039],[146.7665,-24.4055],[146.7702,-24.408],[146.7726,-24.4051],[146.7779,-24.4052],[146.7909,-24.4101],[146.7939,-24.4181],[146.7993,-24.4071],[146.8039,-24.4025],[146.8044,-24.3955],[146.8103,-24.3964],[146.8168,-24.3928],[146.814,-24.384],[146.816,-24.3757],[146.8282,-24.3724],[146.8413,-24.3718],[146.8447,-24.3695],[146.8545,-24.3719],[146.8593,-24.3686],[146.8663,-24.3683],[146.8672,-24.3605],[146.8728,-24.3585],[146.8739,-24.3489],[146.8794,-24.3443],[146.8756,-24.3371],[146.8793,-24.3329],[146.8852,-24.3307],[146.9057,-24.3255],[146.9125,-24.327],[146.9155,-24.3216],[146.9107,-24.3134],[146.9154,-24.3091],[146.9154,-24.3003],[146.918,-24.2953],[146.923,-24.2952],[146.9353,-24.29],[146.9364,-24.2845],[146.9352,-24.2792],[146.9403,-24.2781],[146.9399,-24.2749],[146.9326,-24.2758],[146.9264,-24.2673],[146.9297,-24.256],[146.9335,-24.2537],[146.9349,-24.2465],[146.937,-24.2431],[146.938,-24.2361],[146.9443,-24.2302],[146.9402,-24.2215],[146.9511,-24.2137],[146.9512,-24.209],[146.9545,-24.2024],[146.9544,-24.1995],[146.9491,-24.1952],[146.9496,-24.1877],[146.9524,-24.1826],[146.9526,-24.1779],[146.9574,-24.1693],[146.9753,-24.1732],[146.9892,-24.1686],[146.9999,-24.1566],[147.0286,-24.1407],[147.0287,-24.1377],[147.0374,-24.1323],[147.0375,-24.1258],[147.0505,-24.1187],[147.0621,-24.1163],[147.0737,-24.1178],[147.0787,-24.1137],[147.0811,-24.1144],[147.0896,-24.1045],[147.0955,-24.1006],[147.1103,-24.0933],[147.1187,-24.0929],[147.1218,-24.0945],[147.1272,-24.0921],[147.1331,-24.0915],[147.1415,-24.0856],[147.1488,-24.0859],[147.1564,-24.0925],[147.1656,-24.0924],[147.1834,-24.0858],[147.1811,-24.0376],[147.1851,-24.0017],[147.2012,-23.9959],[147.221,-23.9846],[147.2267,-23.9469],[147.2374,-23.9309],[147.239,-23.9083],[147.2414,-23.9032],[147.2413,-23.8981],[147.2367,-23.8918],[147.2337,-23.8814],[147.2359,-23.8764],[147.2372,-23.8643],[147.2388,-23.8623],[147.2349,-23.8548],[147.2366,-23.848],[147.2298,-23.8388],[147.2278,-23.8322],[147.2311,-23.8264],[147.2314,-23.8191],[147.238,-23.8108],[147.2359,-23.8049],[147.2302,-23.798],[147.2276,-23.7911],[147.2296,-23.7875],[147.2234,-23.7841],[147.2188,-23.784],[147.2113,-23.7782],[147.1997,-23.7733],[147.1989,-23.7657],[147.2009,-23.7597],[147.2,-23.7551],[147.195,-23.7457],[147.1984,-23.7412],[147.2005,-23.734],[147.2004,-23.7272],[147.1973,-23.725],[147.1932,-23.718],[147.1938,-23.7123],[147.1973,-23.7087],[147.195,-23.7003],[147.1984,-23.6915],[147.1956,-23.6845],[147.2095,-23.676],[147.2051,-23.6684],[147.2034,-23.6582],[147.2006,-23.6546],[147.2072,-23.6473],[147.2117,-23.6394],[147.2114,-23.6365],[147.2034,-23.6312],[147.2007,-23.6255],[147.2017,-23.621],[147.1971,-23.6127],[147.1981,-23.6062],[147.2071,-23.599],[147.2166,-23.594],[147.2191,-23.5868],[147.211,-23.5743],[147.2112,-23.572],[147.2174,-23.5685],[147.219,-23.5645],[147.2181,-23.5598],[147.2209,-23.5489],[147.2284,-23.5513],[147.2338,-23.5506],[147.2459,-23.5453],[147.25,-23.5419],[147.2553,-23.543],[147.2637,-23.5383],[147.2697,-23.5375],[147.2744,-23.5347],[147.2842,-23.5237],[147.2747,-23.5128],[147.2814,-23.502],[147.2809,-23.4893],[147.2792,-23.4805],[147.2735,-23.4744],[147.2733,-23.4692],[147.2633,-23.4614],[147.2599,-23.4698],[147.2545,-23.4629],[147.2223,-23.4478],[147.1609,-23.4279],[147.1644,-23.3963],[147.1549,-23.3954],[147.1549,-23.3908],[147.1585,-23.3721],[147.1602,-23.349],[147.1619,-23.3397],[147.158,-23.3316],[147.1587,-23.3262],[147.1522,-23.3257],[147.1493,-23.323],[147.1439,-23.3231],[147.0749,-23.3069],[147.079,-23.2798],[146.9779,-23.2637],[146.9763,-23.2633],[146.9397,-23.2603],[146.9508,-23.1798],[146.9508,-23.1741],[146.9543,-23.1383],[146.9554,-23.1345],[146.9582,-23.1089],[146.9487,-23.0974],[146.9499,-23.0906],[146.9421,-23.0787],[146.9436,-23.0682],[146.9419,-23.0604],[146.9306,-23.0629],[146.9233,-23.0685],[146.8743,-23.0837],[146.8721,-23.077],[146.8494,-23.08],[146.839,-23.0714],[146.8364,-23.0588],[146.7887,-23.0735],[146.7851,-23.071],[146.7852,-23.0606],[146.7832,-23.0576],[146.783,-23.0502],[146.7547,-23.0476],[146.765,-22.9576],[146.6884,-22.9306],[146.5899,-22.8883],[146.5754,-22.889],[146.5681,-22.8856],[146.5592,-22.8773],[146.5518,-22.8629],[146.5491,-22.848],[146.5463,-22.8393],[146.5382,-22.8269],[146.527,-22.8131],[146.5247,-22.8045],[146.525,-22.7993],[146.5287,-22.7928],[146.5412,-22.7882],[146.5484,-22.7782],[146.5487,-22.7679],[146.5533,-22.7619],[146.5598,-22.7502],[146.5583,-22.7425],[146.5484,-22.7325],[146.5446,-22.7255],[146.5432,-22.7199],[146.5448,-22.7135],[146.5681,-22.7048],[146.5701,-22.7025],[146.5607,-22.696],[146.5557,-22.6913],[146.5502,-22.6831],[146.5488,-22.678],[146.5436,-22.6801],[146.5412,-22.6781],[146.5444,-22.6738],[146.5388,-22.6642],[146.4687,-22.6575],[146.4484,-22.6458],[146.4181,-22.6027],[146.4087,-22.6894],[146.3853,-22.6872],[146.3838,-22.6856],[146.3371,-22.6802],[146.3213,-22.678],[146.318,-22.6859],[146.2592,-22.679],[146.2364,-22.6769],[146.2378,-22.6678],[146.2524,-22.6686],[146.2598,-22.5695],[146.2714,-22.5707],[146.279,-22.5032],[146.2692,-22.5084],[146.2755,-22.4625],[146.1138,-22.4468],[146.1089,-22.4456],[146.115,-22.3995],[146.122,-22.3482],[146.053,-22.3386],[146.0522,-22.3379],[146.0707,-22.2266],[146.0646,-22.1857],[146.0741,-22.1234],[146.0661,-22.1162],[146.0356,-22.105],[146.0308,-22.1042],[146.0066,-22.1009],[145.8802,-22.0848],[145.8804,-22.0803],[145.8418,-22.0756],[145.7693,-22.0664],[145.7698,-22.0475],[145.6174,-22.0369],[145.6274,-21.9244],[145.7249,-21.9382],[145.7351,-21.9272],[145.6859,-21.9158],[145.6968,-21.8755],[145.7083,-21.8765],[145.7287,-21.8168],[145.6458,-21.7975],[145.6632,-21.719],[145.6738,-21.7193],[145.6758,-21.6947],[145.6785,-21.6682],[145.5329,-21.6582],[145.5293,-21.7018],[145.4351,-21.692],[145.4185,-21.8461],[145.3705,-21.8405],[145.2622,-21.8285],[145.2545,-21.7937],[145.1662,-21.7849],[145.1642,-21.8039],[145.1848,-21.8202],[145.1807,-21.851],[145.1922,-21.8712],[145.1923,-21.8773],[145.1863,-21.8858],[145.1855,-21.8905],[145.1825,-21.8917],[145.184,-21.8975],[145.1829,-21.9008],[145.1858,-21.9038],[145.1526,-21.9005],[145.1528,-21.8987],[145.075,-21.8912],[145.074,-21.8995],[145.0843,-21.9102],[145.0822,-21.9426],[144.9563,-21.9303],[144.9505,-21.9906],[144.943,-22.0591],[144.8009,-22.0454],[144.7964,-22.0984],[144.753,-22.0943],[144.7523,-22.0948],[144.7463,-22.1481],[144.7469,-22.1484],[144.7398,-22.2117],[144.7235,-22.2021],[144.7172,-22.2038],[144.665,-22.1979],[144.6374,-22.1955],[144.5541,-22.1899],[144.5361,-22.1882],[144.5005,-22.1856],[144.5018,-22.1651],[144.3978,-22.157],[144.4028,-22.1133],[144.4133,-22.0981],[144.4172,-22.0617],[144.2685,-22.0479],[144.2701,-22.0326],[144.2634,-21.9974],[144.1803,-21.9895],[144.1833,-21.9549],[144.186,-21.9137],[144.1843,-21.9133],[144.1114,-21.9063],[144.1117,-21.9018],[144.0925,-21.8989],[144.0685,-21.8979],[144.0574,-21.8983],[144.0389,-21.8947],[144.0446,-21.8303],[143.9342,-21.8221],[143.9295,-21.82],[143.7821,-21.8111],[143.7818,-21.8141],[143.709,-21.8055],[143.6308,-21.7974],[143.6424,-21.7052],[143.6493,-21.6412],[143.6101,-21.6377],[143.5303,-21.6302],[143.45,-21.6229],[143.4483,-21.6246],[143.358,-21.616],[143.3577,-21.6142],[143.3299,-21.6115],[143.3292,-21.6087],[143.3318,-21.5769],[143.3398,-21.5064],[143.3498,-21.4127],[143.3595,-21.322],[143.2366,-21.3112],[143.2365,-21.313],[143.188,-21.3086],[143.0851,-21.3885],[143.0363,-21.4264],[143.0076,-21.4485],[143.007,-21.4536],[143.002,-21.4574],[142.9984,-21.4557],[142.9532,-21.4937],[142.9425,-21.4818],[142.8621,-21.545],[142.8368,-21.517],[142.8155,-21.4926],[142.7554,-21.5399],[142.694,-21.5878],[142.7185,-21.6149],[142.6516,-21.6677],[142.6566,-21.6104],[142.5651,-21.6027],[142.5631,-21.6035],[142.4956,-21.598],[142.4912,-21.6442],[142.3786,-21.6385],[142.3326,-21.6363],[142.3338,-21.6201],[142.3354,-21.6071],[142.2282,-21.5963],[142.2319,-21.5509],[142.1634,-21.5432],[142.072,-21.5407],[142.0709,-21.5632],[142.0694,-21.6047],[142.0647,-21.6043],[142.0645,-21.6084],[142.0692,-21.6104],[142.0675,-21.6535],[142.0661,-21.6977],[142.0574,-21.7548],[142.0483,-21.8158],[141.9392,-21.8072],[141.7404,-21.7914],[141.7389,-21.8072],[141.5792,-21.7943],[141.5826,-21.7581],[141.5081,-21.752],[141.4833,-21.9472],[141.3097,-21.9397],[141.2903,-21.978],[141.2884,-21.9839],[141.2846,-21.9888],[141.2842,-22.01],[141.2908,-22.0239],[141.2886,-22.0263],[141.2914,-22.0324],[141.2902,-22.0451],[141.2937,-22.054],[141.2943,-22.0619],[141.1986,-22.0552],[141.1827,-22.2494],[141.2285,-22.2979],[141.2537,-22.3216],[141.2457,-22.3354],[141.1533,-22.4076],[141.0797,-22.4656],[141.1305,-22.5214],[141.1989,-22.5975],[141.1456,-22.6333],[141.1339,-22.6213],[141.099,-22.6183],[141.0909,-22.6182],[141.0896,-22.6282],[141.0919,-22.6372],[141.0949,-22.6419],[141.1028,-22.6901],[141.104,-22.6918],[141.1173,-22.7027],[141.1229,-22.7492],[141.1204,-22.7522],[141.1145,-22.7745],[141.1223,-22.8045],[140.9991,-22.8984],[140.9899,-22.9],[140.988,-22.9122],[140.9892,-22.9132],[141.0227,-22.9233],[141.0464,-22.9476],[140.9792,-22.9998],[140.9246,-23.0444],[140.9402,-23.06],[140.947,-23.0678],[140.8222,-23.1615],[140.8294,-23.1702],[140.9441,-23.2911],[140.9751,-23.3251],[141.0019,-23.3529],[141.0314,-23.3838],[141.0338,-23.3841],[141.0472,-23.375],[141.1551,-23.2908],[141.2414,-23.3854],[141.2613,-23.4043],[141.2967,-23.4416],[141.3003,-23.4473],[141.306,-23.4514],[141.377,-23.5276],[141.3842,-23.5264],[141.3926,-23.5299],[141.3882,-23.5334],[141.4558,-23.6048],[141.531,-23.6894],[141.6038,-23.6975],[141.6794,-23.7055],[141.6804,-23.6909],[141.8288,-23.6918],[141.9879,-23.7063],[141.9892,-23.6924],[142.0058,-23.6939],[142.145,-23.7008],[142.1429,-23.7179],[142.1351,-23.7889],[142.1214,-23.9096],[142.1118,-23.9946],[142.1005,-24.0952],[142.0527,-24.1334],[142.0238,-24.1677],[141.9193,-24.0574],[141.8058,-24.1548],[141.8465,-24.195],[141.9314,-24.2785],[141.9647,-24.3108],[141.9221,-24.3433],[141.93,-24.3526],[141.8636,-24.4031],[141.9705,-24.5199],[141.9671,-24.5228],[141.9647,-24.5281],[141.956,-24.5341],[141.9484,-24.5364],[141.9363,-24.5384],[141.9305,-24.5375],[141.924,-24.5417],[141.9156,-24.5451],[141.9083,-24.5494],[141.9014,-24.556],[141.893,-24.5581],[141.8787,-24.56],[141.8731,-24.564],[141.8678,-24.5731],[141.8605,-24.5791],[141.8582,-24.5853],[141.8544,-24.5882],[141.843,-24.5943],[141.8396,-24.5984],[141.8295,-24.6037],[141.8225,-24.6122],[141.8115,-24.6192],[141.7969,-24.621],[141.7943,-24.623],[141.7886,-24.6219],[141.7733,-24.625],[141.77,-24.6296],[141.7631,-24.6332],[141.7461,-24.631],[141.7345,-24.6335],[141.7311,-24.6367],[141.7083,-24.631],[141.5231,-24.5836],[141.5233,-24.5793],[141.518,-24.5776],[141.4301,-24.4835],[141.3755,-24.4829],[141.3611,-24.6291],[141.2389,-24.7251],[141.2425,-24.686],[141.0845,-24.6742],[140.9616,-24.6735],[140.8387,-24.6689],[140.8367,-24.6946],[140.8831,-24.6982],[140.8722,-24.845],[140.811,-24.8407],[140.8051,-24.9481],[140.8024,-24.9862],[140.879,-24.9926],[140.8701,-25.087],[140.8571,-25.2261],[140.7148,-25.2138],[140.7012,-25.21],[140.6864,-25.3785],[140.6779,-25.4666],[140.775,-25.4743],[140.8253,-25.5249],[140.8343,-25.5087],[140.8389,-25.4982],[140.8372,-25.4948],[140.8446,-25.4881],[140.8599,-25.4833],[140.8675,-25.476],[140.8748,-25.4732],[140.8755,-25.4704],[140.881,-25.4675],[140.9115,-25.5246],[140.8969,-25.6789],[140.9228,-25.6805],[140.9209,-25.7146],[140.9377,-25.716],[140.9255,-25.838],[140.9096,-25.9964],[140.9994,-25.9964],[140.9994,-26.2739],[140.9995,-26.4048],[140.9994,-26.5212],[140.9994,-26.667],[140.9994,-26.7833],[140.9995,-26.9084],[141.1086,-26.9192],[141.1879,-26.9269],[141.2169,-26.68],[141.2541,-26.6777],[141.2547,-26.6633],[141.3961,-26.6625],[141.5435,-26.6766],[141.5839,-26.7219],[141.6547,-26.729],[141.6627,-26.7261],[141.6725,-26.7307],[141.6823,-26.7331],[141.6921,-26.7343],[141.6972,-26.7334],[141.703,-26.7363],[141.7097,-26.7348],[141.7258,-26.734],[141.7564,-26.7371],[141.7728,-26.7416],[141.8258,-26.7475],[141.824,-26.744],[141.8259,-26.74],[141.8308,-26.7402],[141.8342,-26.7375],[141.8315,-26.7344],[141.8353,-26.7297],[141.8324,-26.7226],[141.8368,-26.7221],[141.839,-26.7186],[141.8366,-26.7146],[141.8316,-26.7124],[141.8386,-26.7028],[141.8362,-26.6947],[141.8312,-26.696],[141.8274,-26.6947],[141.823,-26.6969],[141.8203,-26.6875],[141.8169,-26.6845],[141.8127,-26.6776],[141.8149,-26.6706],[141.8114,-26.664],[141.805,-26.6595],[141.8095,-26.6488],[141.809,-26.6436],[141.8116,-26.6421],[141.8131,-26.6319],[141.8114,-26.6275],[141.808,-26.6273],[141.8042,-26.6217],[141.7994,-26.6196],[141.7948,-26.6088],[141.7905,-26.605],[141.7905,-26.6004],[141.7856,-26.5997],[141.7837,-26.59],[141.7771,-26.5822],[141.7769,-26.5771],[141.7715,-26.574],[141.7692,-26.5656],[141.7628,-26.56],[141.7595,-26.5541],[141.7615,-26.5499],[141.7589,-26.5473],[141.7529,-26.5475],[141.7428,-26.5337],[141.7443,-26.5293],[141.7396,-26.5253],[141.7427,-26.5155],[141.7399,-26.5139],[141.7413,-26.5096],[141.7381,-26.5037],[141.7346,-26.5006],[141.7365,-26.4976],[141.7309,-26.4922],[141.728,-26.4855],[141.7217,-26.483],[141.7184,-26.4661],[141.7154,-26.465],[141.7116,-26.4492],[141.7149,-26.4496],[141.7164,-26.4439],[141.7118,-26.4342],[141.7065,-26.429],[141.7066,-26.4244],[141.7118,-26.421],[141.7101,-26.4118],[141.7069,-26.4025],[141.7077,-26.3983],[141.7042,-26.3867],[141.7065,-26.3787],[141.7123,-26.3665],[141.7172,-26.359],[141.7188,-26.3505],[141.7973,-26.3575],[141.7981,-26.3502],[141.8913,-26.3582],[141.8911,-26.3665],[142.0583,-26.3813],[142.0591,-26.3748],[142.0746,-26.3853],[142.079,-26.3687],[142.0807,-26.3597],[142.0811,-26.3423],[142.0845,-26.3389],[142.0918,-26.3283],[142.096,-26.3164],[142.0958,-26.3124],[142.0991,-26.3071],[142.106,-26.3029],[142.1108,-26.2978],[142.1098,-26.293],[142.1134,-26.2876],[142.1128,-26.2798],[142.1225,-26.2688],[142.1262,-26.263],[142.124,-26.2585],[142.1259,-26.2517],[142.1365,-26.2249],[142.139,-26.2245],[142.143,-26.2163],[142.1464,-26.215],[142.1564,-26.2055],[142.1574,-26.2014],[142.1615,-26.196],[142.1435,-26.0932],[142.1607,-25.9468],[142.1732,-25.8554],[142.194,-25.8576],[142.1985,-25.8294],[142.2145,-25.8297],[142.2287,-25.8213],[142.2759,-25.7815],[142.2869,-25.7815],[142.3027,-25.776],[142.3143,-25.7689],[142.3186,-25.764],[142.3374,-25.7568],[142.3575,-25.7536],[142.3633,-25.7551],[142.3787,-25.7501],[142.3813,-25.7389],[142.4037,-25.7329],[142.4074,-25.7299],[142.4168,-25.7291],[142.4284,-25.725],[142.4359,-25.7249],[142.4435,-25.7184],[142.4568,-25.7099],[142.4815,-25.6971],[142.4821,-25.6949],[142.4991,-25.6847],[142.5126,-25.6779],[142.5132,-25.6707],[142.5253,-25.6603],[142.5911,-25.6089],[142.7396,-25.6205],[142.7368,-25.6254],[142.7364,-25.6314],[142.7331,-25.6414],[142.7252,-25.6437],[142.7193,-25.6439],[142.7285,-25.6522],[142.8257,-25.6617],[142.9024,-25.6691],[142.8954,-25.7308],[142.8852,-25.8138],[142.9033,-25.8158],[142.9719,-25.8225],[142.9838,-25.7177],[143.046,-25.7234],[143.1986,-25.7373],[143.2059,-25.665],[143.2104,-25.6248],[143.33,-25.6358],[143.364,-25.6387],[143.3684,-25.6419],[143.3756,-25.6412],[143.3884,-25.6471],[143.3932,-25.6506],[143.3952,-25.6475],[143.4482,-25.6519],[143.4542,-25.5976],[143.4177,-25.5945],[143.428,-25.4999],[143.4301,-25.4956],[143.4256,-25.4865],[143.43,-25.4806],[143.436,-25.4208],[143.4349,-25.4207],[143.4393,-25.3866],[143.4361,-25.3833],[143.4373,-25.3739],[143.4416,-25.3684],[143.4744,-25.371],[143.5459,-25.3174],[143.593,-25.2822],[143.6081,-25.2991],[143.6148,-25.3044],[143.6177,-25.3104],[143.6208,-25.3126],[143.6274,-25.3112],[143.6381,-25.3047],[143.6449,-25.3067],[143.6501,-25.3116],[143.6619,-25.3162],[143.6678,-25.322],[143.6769,-25.3243],[143.6798,-25.3286],[143.7004,-25.3432],[143.7016,-25.3487],[143.7057,-25.3522],[143.7153,-25.3559],[143.7343,-25.3617],[143.7522,-25.3788],[143.7517,-25.3824],[143.7667,-25.4006],[143.7886,-25.4514],[143.7807,-25.4535],[143.7785,-25.4615],[143.7666,-25.4698],[143.747,-25.4683],[143.7451,-25.4689],[143.7414,-25.476],[143.7409,-25.4838],[143.7474,-25.4896],[143.7483,-25.4816],[143.8224,-25.4872],[143.8227,-25.4845],[143.9222,-25.494],[143.9738,-25.5518],[144.0008,-25.583],[144.0013,-25.5818],[144.0346,-25.5813],[144.0392,-25.5791],[144.045,-25.5737],[144.0708,-25.5579],[144.0722,-25.5417],[144.0844,-25.5341],[144.0907,-25.5335],[144.0965,-25.5226],[144.1065,-25.5144],[144.1055,-25.5102],[144.1126,-25.5035],[144.1143,-25.4996],[144.1116,-25.4787],[144.1202,-25.4741],[144.125,-25.4645],[144.1245,-25.4601],[144.121,-25.453],[144.1201,-25.4478],[144.1216,-25.443],[144.1505,-25.4333],[144.1621,-25.4121],[144.1688,-25.3943],[144.1617,-25.3753],[144.1557,-25.3709],[144.1577,-25.3581],[144.1725,-25.3343],[144.1973,-25.2952],[144.2163,-25.2644],[144.225,-25.2555],[144.2527,-25.2097],[144.3819,-25.1126],[144.3996,-25.1314],[144.4616,-25.0307],[144.4818,-25.0782],[144.6276,-24.9675],[144.6342,-24.8804],[144.6518,-24.6625],[144.6853,-24.6489],[144.6818,-24.6789],[144.7166,-24.6824],[144.7131,-24.7087],[144.6984,-24.8308],[144.804,-24.8404],[144.796,-24.913],[144.8606,-24.9191],[144.853,-24.9268],[144.8584,-24.937],[144.8575,-24.9469],[144.8536,-24.9597],[144.8497,-24.9695],[144.8489,-24.975],[144.845,-24.9844],[144.8468,-24.9902],[144.8623,-24.9998],[144.8746,-25.0195],[144.8847,-25.0199],[144.8888,-25.0238],[144.8898,-25.029],[144.8986,-25.0383],[144.9043,-25.0376],[144.9126,-25.0322],[144.926,-25.0339],[144.9333,-25.0326],[144.9419,-25.0339],[144.9598,-25.0318],[144.9654,-25.026],[144.9757,-25.021],[144.9844,-25.0142],[144.9909,-25.0113],[144.9865,-25.0603],[144.9818,-25.0988],[144.9714,-25.1828],[144.9614,-25.1853],[144.9587,-25.1884],[144.9461,-25.1914],[144.9387,-25.1971],[144.9407,-25.2093],[144.9309,-25.2132],[144.8695,-25.2579],[144.8802,-25.2585],[144.8824,-25.2558],[144.8893,-25.2586],[144.8955,-25.2593],[144.9312,-25.261],[144.964,-25.2632],[144.9737,-25.2701],[144.9835,-25.2685],[144.9992,-25.27],[145.005,-25.2691],[145.0137,-25.2714],[145.0322,-25.2718],[145.0332,-25.2732],[145.0614,-25.2758],[145.0614,-25.2841],[145.0587,-25.288],[145.0474,-25.2943],[145.0581,-25.3013],[145.0601,-25.304],[145.0594,-25.3135],[145.0557,-25.321],[145.056,-25.325],[145.0525,-25.3332],[145.0884,-25.3371],[145.0966,-25.339],[145.1068,-25.3382],[145.1126,-25.3359],[145.1223,-25.3399],[145.2036,-25.3491],[145.2044,-25.3501],[145.2834,-25.3587],[145.2841,-25.3579],[145.2717,-25.4523],[145.2533,-25.4505],[145.2498,-25.4786],[145.2878,-25.4828],[145.2962,-25.4651],[145.3167,-25.4595],[145.3262,-25.4463],[145.35,-25.4495],[145.3959,-25.4717],[145.4068,-25.4952],[145.4247,-25.4903],[145.4286,-25.4917],[145.441,-25.4923],[145.4474,-25.4996],[145.4536,-25.5003],[145.4596,-25.5038],[145.4623,-25.5036],[145.5498,-25.5096],[145.5493,-25.5168],[145.5472,-25.5186],[145.5437,-25.5503],[145.5383,-25.6035],[145.5279,-25.6239],[145.508,-25.6224],[145.5027,-25.6176],[145.5021,-25.6683],[145.4926,-25.7463],[145.5841,-25.7547],[145.591,-25.7434],[145.5964,-25.7415],[145.5988,-25.7388],[145.5986,-25.7321],[145.6043,-25.7246],[145.605,-25.7165],[145.613,-25.711],[145.6205,-25.7018],[145.6216,-25.6953],[145.6244,-25.6912],[145.6338,-25.6874],[145.6337,-25.6819],[145.6373,-25.6761],[145.6362,-25.673],[145.6382,-25.6596],[145.6452,-25.655],[145.6474,-25.6499],[145.6568,-25.648],[145.6607,-25.6416],[145.664,-25.6291],[145.6663,-25.6274],[145.6639,-25.6216],[145.6654,-25.616],[145.6722,-25.6124],[145.674,-25.6086],[145.6782,-25.6088],[145.7493,-25.6158],[145.7416,-25.674],[145.7451,-25.6817],[145.746,-25.6918],[145.7553,-25.6927],[145.8045,-25.6988],[145.8249,-25.7016],[145.8668,-25.7068],[145.92,-25.714],[145.93,-25.7189],[145.9453,-25.7207],[145.9638,-25.7108],[145.969,-25.701],[145.9683,-25.6701],[145.9641,-25.6382],[145.968,-25.6355],[145.9348,-25.565],[145.9394,-25.5335],[145.9389,-25.5273],[145.9422,-25.4994],[145.9405,-25.491],[145.9386,-25.4876],[145.9765,-25.4877],[145.974,-25.5118],[145.973,-25.5272],[145.9733,-25.5501],[145.9712,-25.569],[146.0378,-25.5762],[146.0379,-25.5767],[146.0976,-25.5831],[146.1342,-25.5853],[146.1357,-25.5858],[146.1724,-25.5882],[146.1827,-25.5054],[146.1923,-25.5065],[146.1931,-25.4982],[146.2077,-25.4148],[146.2081,-25.4039],[146.2106,-25.3913],[146.2006,-25.3902],[146.2074,-25.3403],[146.2112,-25.31],[146.2159,-25.2744],[146.26,-25.2792],[146.2925,-25.2823],[146.3032,-25.2844],[146.3509,-25.29],[146.3521,-25.2892],[146.3696,-25.2912],[146.3657,-25.319],[146.5098,-25.3351],[146.501,-25.3105],[146.4957,-25.3039],[146.5564,-25.3105],[146.5582,-25.3075],[146.5656,-25.3085],[146.57,-25.2779],[146.5738,-25.2477],[146.5679,-25.2397],[146.5754,-25.1743],[146.5863,-25.1694],[146.6486,-25.1761],[146.7582,-25.1882],[146.7531,-25.2315],[146.7469,-25.2798],[146.7385,-25.3479],[146.7396,-25.3547],[146.7431,-25.3536],[146.7968,-25.3149],[146.8438,-25.2791],[146.8443,-25.2745],[146.8494,-25.2672],[146.8565,-25.2607],[146.8632,-25.2499],[146.8795,-25.2209],[146.8986,-25.2078],[146.9385,-25.2097],[146.9458,-25.148],[147.0012,-25.1532],[147.0021,-25.1436],[147.006,-25.1172],[147.0073,-25.1119],[147.0028,-25.1071],[147.0074,-25.0752],[147.0313,-25.0775],[147.0479,-25.0653],[147.089,-25.07],[147.0934,-25.0691],[147.0589,-24.9966],[147.065,-24.9899],[147.0696,-24.9898],[147.0763,-24.9921],[147.0811,-24.9975],[147.0869,-25.0009],[147.097,-25.0021],[147.1089,-24.9953],[147.1121,-24.9902],[147.1103,-24.9826],[147.1118,-24.9783],[147.1166,-24.9734],[147.1194,-24.9675],[147.127,-24.9636],[147.1314,-24.9595],[147.1354,-24.9585],[147.1471,-24.9619],[147.1557,-24.9631],[147.159,-24.9652],[147.1597,-24.9731],[147.1555,-24.9816],[147.1611,-24.9821],[147.1674,-24.9892],[147.1814,-24.9929],[147.2062,-24.9913],[147.2209,-24.9804],[147.2269,-24.9803],[147.233,-24.9871],[147.2379,-24.9863],[147.2543,-24.9754],[147.2628,-24.9671],[147.265,-24.9611],[147.2707,-24.9571],[147.2783,-24.9569],[147.2829,-24.9498],[147.2775,-24.9403],[147.2763,-24.9253],[147.2795,-24.9192],[147.2836,-24.919],[147.2942,-24.9025],[147.2964,-24.8958]]]},"properties":{"District Name":"Longreach","DDMG Name":"Longreach","Police Region Name":"Central Region","Police Region Code":"CR","Police Region Short Name":"Central","Region Slug":"central","Layer Id":"qld_ddmg_boundaries_gda2020_simp200m","Layer Group":"statewide","Layer Kind":"ddmg","Source":"QPS Disaster Districts, Queensland Police Service, via the Queensland Government Open Data Portal","Source URL":"https://www.data.qld.gov.au/dataset/qps-disaster-districts","Licence":"CC BY 4.0","Licence URL":"https://creativecommons.org/licenses/by/4.0/","Dataset Date":"19/05/2025","Simplification Tolerance M":200,"Coordinate Precision Decimals":4,"CRS":"GDA2020 (EPSG:7844)","Generated":"2026-09-13"},"id":"Longreach"},{"type":"Feature","geometry":{"type":"Polygon","coordinates":[[[147.2545,-23.4629],[147.2497,-23.4553],[147.2515,-23.4476],[147.2571,-23.4437],[147.261,-23.4358],[147.2616,-23.4234],[147.2657,-23.4124],[147.2635,-23.405],[147.2652,-23.4008],[147.2664,-23.3888],[147.2652,-23.3847],[147.2754,-23.366],[147.2829,-23.3626],[147.2866,-23.353],[147.2861,-23.3369],[147.2831,-23.3314],[147.2876,-23.3261],[147.2935,-23.3239],[147.2949,-23.3202],[147.2878,-23.3089],[147.2823,-23.3047],[147.28,-23.2989],[147.2829,-23.2919],[147.284,-23.2837],[147.2875,-23.2791],[147.2823,-23.274],[147.2738,-23.2708],[147.2726,-23.2647],[147.2701,-23.2613],[147.2706,-23.2572],[147.2634,-23.2495],[147.2608,-23.2446],[147.2594,-23.2181],[147.2608,-23.2101],[147.2696,-23.2068],[147.2779,-23.1961],[147.287,-23.1936],[147.2982,-23.1954],[147.3116,-23.1927],[147.315,-23.1931],[147.3232,-23.1898],[147.3255,-23.1874],[147.3333,-23.1857],[147.3399,-23.1826],[147.3513,-23.1865],[147.354,-23.1904],[147.3624,-23.1803],[147.3678,-23.1788],[147.3711,-23.1758],[147.3726,-23.1706],[147.3834,-23.1653],[147.3912,-23.1561],[147.3946,-23.1473],[147.4006,-23.1469],[147.405,-23.1437],[147.4117,-23.1347],[147.4222,-23.1289],[147.4279,-23.129],[147.4351,-23.122],[147.4415,-23.1198],[147.4426,-23.1143],[147.4472,-23.1072],[147.4602,-23.0984],[147.4642,-23.0922],[147.4681,-23.0911],[147.4765,-23.0928],[147.4786,-23.0915],[147.487,-23.0788],[147.485,-23.0692],[147.4861,-23.0608],[147.4829,-23.0577],[147.486,-23.0523],[147.484,-23.0463],[147.4898,-23.0427],[147.4985,-23.0393],[147.5064,-23.0304],[147.5114,-23.0281],[147.5151,-23.0299],[147.5197,-23.0281],[147.4971,-23.0008],[147.5042,-22.9857],[147.553,-23.0092],[147.5546,-22.9975],[147.554,-22.9919],[147.5595,-22.9909],[147.5608,-22.9867],[147.5582,-22.9844],[147.555,-22.9773],[147.5605,-22.9717],[147.5627,-22.9676],[147.5682,-22.9617],[147.5733,-22.9605],[147.5827,-22.9605],[147.5879,-22.9223],[147.5968,-22.9234],[147.599,-22.9092],[147.6064,-22.9071],[147.6073,-22.9001],[147.6016,-22.8948],[147.613,-22.8961],[147.6193,-22.9018],[147.6184,-22.905],[147.6205,-22.9106],[147.6261,-22.9189],[147.6308,-22.9183],[147.6347,-22.9225],[147.6393,-22.9219],[147.6404,-22.9262],[147.6508,-22.9247],[147.6558,-22.9219],[147.6617,-22.9206],[147.6635,-22.9131],[147.6849,-22.912],[147.6943,-22.9146],[147.6998,-22.9088],[147.7016,-22.9015],[147.7004,-22.8948],[147.7037,-22.8906],[147.7024,-22.886],[147.7094,-22.8817],[147.7141,-22.8767],[147.7192,-22.8742],[147.7344,-22.864],[147.737,-22.8615],[147.7439,-22.8617],[147.7511,-22.8581],[147.7532,-22.8512],[147.7581,-22.8448],[147.7686,-22.8353],[147.7736,-22.827],[147.7821,-22.8196],[147.7865,-22.8143],[147.7881,-22.8074],[147.7941,-22.8005],[147.8119,-22.7884],[147.821,-22.7829],[147.8257,-22.7848],[147.8346,-22.7832],[147.8445,-22.7851],[147.8497,-22.7811],[147.8557,-22.7806],[147.8607,-22.7744],[147.8688,-22.7702],[147.8765,-22.7648],[147.8889,-22.7637],[147.8951,-22.7617],[147.9037,-22.7508],[147.9074,-22.7492],[147.9087,-22.7425],[147.912,-22.7389],[147.9148,-22.7294],[147.9107,-22.7231],[147.9128,-22.7187],[147.9197,-22.7173],[147.929,-22.7187],[147.9367,-22.7139],[147.9417,-22.713],[147.9553,-22.7067],[147.9657,-22.7059],[147.971,-22.7024],[147.9759,-22.7018],[147.9838,-22.7044],[147.9933,-22.6944],[147.9958,-22.6855],[147.9932,-22.6818],[147.9937,-22.677],[148.001,-22.6665],[148.0087,-22.6613],[148.0131,-22.6542],[148.0161,-22.6635],[148.0149,-22.6731],[148.0169,-22.6804],[148.0201,-22.6834],[148.0203,-22.6885],[148.0231,-22.6927],[148.036,-22.6958],[148.0444,-22.6966],[148.0505,-22.6992],[148.0554,-22.7055],[148.0608,-22.7099],[148.0602,-22.7176],[148.063,-22.7326],[148.0616,-22.7358],[148.0638,-22.7394],[148.0702,-22.7411],[148.0864,-22.7512],[148.0908,-22.7563],[148.1099,-22.767],[148.1134,-22.7663],[148.1327,-22.7689],[148.1435,-22.7648],[148.1467,-22.7765],[148.1498,-22.7796],[148.1693,-22.783],[148.176,-22.7902],[148.1847,-22.7892],[148.1869,-22.7865],[148.1964,-22.7811],[148.2129,-22.782],[148.2308,-22.7774],[148.2354,-22.7717],[148.2391,-22.7398],[148.243,-22.7416],[148.2485,-22.7382],[148.2535,-22.7397],[148.2636,-22.7391],[148.2699,-22.7336],[148.2774,-22.7335],[148.281,-22.7303],[148.2978,-22.732],[148.2988,-22.729],[148.3127,-22.7298],[148.3302,-22.7248],[148.3431,-22.7254],[148.3703,-22.7655],[148.3738,-22.7673],[148.3712,-22.7871],[148.3714,-22.7905],[148.3686,-22.7952],[148.3598,-22.8021],[148.3571,-22.8083],[148.354,-22.8098],[148.3463,-22.8081],[148.3385,-22.8114],[148.3324,-22.8183],[148.3305,-22.8276],[148.3264,-22.8327],[148.3227,-22.8332],[148.3123,-22.8418],[148.3094,-22.8464],[148.2995,-22.8543],[148.2971,-22.8546],[148.2903,-22.8669],[148.2848,-22.8683],[148.2826,-22.8748],[148.2792,-22.8788],[148.2805,-22.8858],[148.2904,-22.8996],[148.2872,-22.9047],[148.2887,-22.9079],[148.2982,-22.9096],[148.3045,-22.9181],[148.3127,-22.9314],[148.3251,-22.9498],[148.376,-22.9192],[148.4068,-22.9004],[148.449,-22.8736],[148.4581,-22.8675],[148.5007,-22.8726],[148.5419,-22.8773],[148.5411,-22.8845],[148.5411,-22.9197],[148.5402,-22.9234],[148.5468,-22.9306],[148.5526,-22.9422],[148.5495,-22.9471],[148.5427,-22.9508],[148.5447,-22.9547],[148.5426,-22.9594],[148.5503,-22.9572],[148.5542,-22.9745],[148.5621,-22.9757],[148.5728,-22.9689],[148.5768,-22.9685],[148.5819,-22.9731],[148.5845,-22.9785],[148.5869,-22.9873],[148.585,-23.0005],[148.5997,-23.0028],[148.5938,-23.0387],[148.5878,-23.0715],[148.5623,-23.1159],[148.5792,-23.1175],[148.6244,-23.149],[148.5652,-23.2219],[148.5825,-23.2339],[148.5122,-23.289],[148.5027,-23.3303],[148.5066,-23.3306],[148.5503,-23.3468],[148.5705,-23.3793],[148.5504,-23.4069],[148.573,-23.469],[148.5225,-23.5054],[148.5239,-23.5151],[148.5228,-23.5171],[148.524,-23.5275],[148.5228,-23.538],[148.5255,-23.5503],[148.5319,-23.5549],[148.5375,-23.556],[148.5456,-23.5526],[148.5504,-23.556],[148.5583,-23.5535],[148.5693,-23.5529],[148.5733,-23.5511],[148.5773,-23.5466],[148.5741,-23.5446],[148.5749,-23.537],[148.5778,-23.5324],[148.5859,-23.5315],[148.586,-23.5341],[148.5926,-23.5433],[148.6009,-23.5403],[148.6063,-23.5413],[148.6122,-23.5395],[148.6187,-23.5358],[148.6257,-23.525],[148.6259,-23.5202],[148.631,-23.5111],[148.6342,-23.5097],[148.6357,-23.4985],[148.634,-23.4786],[148.6366,-23.4756],[148.6428,-23.4774],[148.6542,-23.4761],[148.6692,-23.4591],[148.6785,-23.4494],[148.6997,-23.441],[148.706,-23.4343],[148.7047,-23.4314],[148.6889,-23.4297],[148.675,-23.4247],[148.673,-23.4195],[148.6783,-23.419],[148.6804,-23.4061],[148.6857,-23.403],[148.6953,-23.4018],[148.7005,-23.3964],[148.7114,-23.3876],[148.712,-23.3826],[148.706,-23.3744],[148.7047,-23.3643],[148.7118,-23.3537],[148.7167,-23.3513],[148.7211,-23.3523],[148.7294,-23.3486],[148.7367,-23.3484],[148.7447,-23.3672],[148.7475,-23.3791],[148.7503,-23.3807],[148.7646,-23.3807],[148.7709,-23.3787],[148.7764,-23.3722],[148.7777,-23.3668],[148.7782,-23.353],[148.7797,-23.3512],[148.7863,-23.3535],[148.7971,-23.3527],[148.7963,-23.3581],[148.7997,-23.3624],[148.8172,-23.3712],[148.8214,-23.3766],[148.8266,-23.3799],[148.8332,-23.3743],[148.8401,-23.3716],[148.8432,-23.3726],[148.851,-23.3684],[148.8648,-23.3571],[148.8686,-23.3516],[148.8699,-23.3315],[148.8696,-23.3212],[148.8667,-23.3153],[148.8618,-23.3138],[148.8559,-23.3095],[148.8523,-23.3036],[148.8453,-23.2888],[148.8467,-23.2839],[148.854,-23.2801],[148.8531,-23.2763],[148.8551,-23.2677],[148.8587,-23.2631],[148.8666,-23.2603],[148.8733,-23.2611],[148.873,-23.2547],[148.8781,-23.2486],[148.8872,-23.2566],[148.9057,-23.2642],[148.915,-23.2657],[148.9274,-23.2608],[148.9269,-23.256],[148.921,-23.2518],[148.9286,-23.2439],[148.9433,-23.2444],[148.9474,-23.2425],[148.9524,-23.223],[148.9489,-23.2226],[148.9475,-23.2177],[148.951,-23.2143],[148.9528,-23.209],[148.9588,-23.2038],[148.9632,-23.203],[148.9699,-23.2056],[148.9708,-23.203],[148.9665,-23.1995],[148.968,-23.1962],[148.9778,-23.1931],[148.9844,-23.1958],[148.9933,-23.1848],[148.9966,-23.1773],[149.0003,-23.172],[149.0066,-23.1668],[149.0074,-23.1531],[149.0057,-23.1494],[148.9927,-23.1471],[148.9879,-23.1424],[148.9916,-23.1317],[148.9869,-23.127],[148.9799,-23.1288],[148.9732,-23.1246],[148.9765,-23.1149],[148.977,-23.1103],[148.9733,-23.1083],[148.9713,-23.1026],[148.9727,-23.0982],[148.9782,-23.0926],[148.988,-23.0909],[149.0054,-23.0856],[149.0253,-23.0816],[149.0312,-23.0776],[149.0387,-23.0644],[149.0464,-23.0576],[149.0571,-23.058],[149.0725,-23.0596],[149.0796,-23.0614],[149.0889,-23.0608],[149.0924,-23.0591],[149.1014,-23.0586],[149.1119,-23.0558],[149.1172,-23.0563],[149.12,-23.0612],[149.1277,-23.0627],[149.1312,-23.0609],[149.1483,-23.0587],[149.1629,-23.0543],[149.1712,-23.0525],[149.1809,-23.0484],[149.1897,-23.0485],[149.1979,-23.0515],[149.204,-23.0473],[149.2065,-23.0437],[149.215,-23.0252],[149.2222,-23.0143],[149.228,-23.0071],[149.2318,-22.9999],[149.2347,-22.9905],[149.236,-22.983],[149.2392,-22.9765],[149.2447,-22.9729],[149.2531,-22.9742],[149.2769,-22.9616],[149.2791,-22.9621],[149.2872,-22.9559],[149.2881,-22.9482],[149.2839,-22.9461],[149.2867,-22.9402],[149.3039,-22.9258],[149.3057,-22.9179],[149.3092,-22.9102],[149.3143,-22.905],[149.3218,-22.9046],[149.3302,-22.8986],[149.3312,-22.8926],[149.3283,-22.8889],[149.3283,-22.8777],[149.3318,-22.8751],[149.3349,-22.8776],[149.3447,-22.8791],[149.3565,-22.876],[149.3682,-22.8769],[149.3984,-22.8572],[149.4132,-22.8575],[149.4222,-22.8458],[149.4347,-22.8279],[149.4337,-22.8138],[149.4362,-22.8094],[149.4302,-22.8063],[149.4304,-22.7926],[149.4271,-22.7764],[149.4288,-22.7694],[149.4359,-22.7683],[149.4404,-22.7654],[149.4457,-22.747],[149.4486,-22.7405],[149.435,-22.7288],[149.4313,-22.7186],[149.4323,-22.7137],[149.432,-22.7015],[149.4299,-22.6994],[149.4207,-22.6958],[149.4087,-22.6945],[149.405,-22.6882],[149.4037,-22.6807],[149.3962,-22.6853],[149.3907,-22.6852],[149.39,-22.682],[149.3855,-22.6755],[149.3856,-22.6731],[149.377,-22.6588],[149.3784,-22.6506],[149.3812,-22.6431],[149.3844,-22.6415],[149.3881,-22.6354],[149.3849,-22.632],[149.3882,-22.6238],[149.3886,-22.616],[149.3936,-22.6141],[149.3991,-22.6172],[149.3995,-22.6208],[149.4041,-22.6218],[149.4076,-22.6369],[149.4125,-22.6401],[149.417,-22.6456],[149.4243,-22.6474],[149.4302,-22.643],[149.4346,-22.6444],[149.4377,-22.6427],[149.4461,-22.6335],[149.4469,-22.6309],[149.4525,-22.6283],[149.4587,-22.6317],[149.4634,-22.5966],[149.4686,-22.5971],[149.4773,-22.6042],[149.4815,-22.6139],[149.4936,-22.6219],[149.4973,-22.6187],[149.5127,-22.6174],[149.5181,-22.6232],[149.5216,-22.6194],[149.5284,-22.6162],[149.5358,-22.6146],[149.5435,-22.6072],[149.5497,-22.6026],[149.5567,-22.602],[149.5597,-22.5976],[149.5657,-22.5935],[149.5751,-22.592],[149.5818,-22.5948],[149.5897,-22.5935],[149.5995,-22.5963],[149.6056,-22.5934],[149.6084,-22.5976],[149.6244,-22.5978],[149.6265,-22.5905],[149.6263,-22.583],[149.6289,-22.5815],[149.636,-22.5867],[149.6395,-22.5848],[149.6367,-22.5794],[149.6353,-22.5726],[149.6363,-22.5638],[149.6341,-22.5556],[149.6272,-22.5482],[149.6299,-22.5456],[149.6398,-22.5323],[149.6484,-22.5265],[149.6517,-22.5227],[149.6555,-22.505],[149.6601,-22.4993],[149.6676,-22.4978],[149.6769,-22.4983],[149.6853,-22.4931],[149.7004,-22.4788],[149.7112,-22.4692],[149.7276,-22.4603],[149.7388,-22.4529],[149.7721,-22.4215],[149.7847,-22.3953],[149.7853,-22.3846],[149.7851,-22.342],[149.7846,-22.188],[149.7837,-21.9826],[149.7834,-21.9001],[150.0281,-21.9021],[150.238,-21.9035],[150.6958,-21.9058],[150.9455,-21.9064],[151.0453,-21.9066],[151.9213,-21.9054],[152.6762,-21.9007],[152.6628,-21.8652],[152.6584,-21.8563],[152.6551,-21.8428],[152.6565,-21.836],[152.6551,-21.8225],[152.6523,-21.816],[152.6479,-21.8111],[152.6438,-21.8022],[152.6377,-21.7957],[152.6314,-21.7849],[152.6194,-21.7671],[152.6124,-21.7642],[152.604,-21.7535],[152.5977,-21.7405],[152.5858,-21.7187],[152.5757,-21.7056],[152.5675,-21.6877],[152.56,-21.6673],[152.5582,-21.6377],[152.5544,-21.5576],[152.5604,-21.55],[152.5672,-21.5374],[152.5666,-21.5222],[152.5678,-21.5091],[152.565,-21.493],[152.572,-21.4897],[152.577,-21.4824],[152.5813,-21.4574],[152.586,-21.4395],[152.5867,-21.4202],[152.5893,-21.3946],[152.5876,-21.3731],[152.5892,-21.3683],[152.5868,-21.3361],[152.5886,-21.3238],[152.589,-21.3152],[152.595,-21.3044],[152.6007,-21.292],[152.604,-21.2883],[152.6101,-21.2868],[152.614,-21.2795],[152.6273,-21.2643],[152.6399,-21.2516],[152.6535,-21.2365],[152.6629,-21.217],[152.6703,-21.1896],[152.6777,-21.1532],[152.6761,-21.1198],[152.6632,-21.0873],[152.6523,-21.065],[152.6387,-21.0442],[152.5959,-21.0267],[152.5495,-21.0196],[152.5028,-21.0148],[152.4514,-21.0091],[152.4005,-21.0047],[152.3522,-20.9932],[152.3093,-20.9827],[152.2762,-20.9725],[152.2361,-20.9621],[152.1836,-20.9368],[152.1479,-20.9048],[152.1173,-20.8799],[152.0906,-20.8546],[152.0745,-20.8576],[152.0552,-20.865],[152.0428,-20.8909],[152.0395,-20.9314],[152.0407,-20.9851],[152.051,-21.0148],[152.0727,-21.0544],[152.0936,-21.0868],[152.1161,-21.1265],[152.1205,-21.1602],[152.0957,-21.1877],[152.0428,-21.2084],[151.9963,-21.2134],[151.946,-21.2106],[151.8913,-21.2011],[151.8501,-21.1754],[151.8309,-21.139],[151.8076,-21.1103],[151.7685,-21.0676],[151.7292,-21.0448],[151.6837,-21.0305],[151.6366,-21.0085],[151.5981,-20.993],[151.5672,-20.9667],[151.5281,-20.9346],[151.4924,-20.914],[151.4418,-20.894],[151.4002,-20.8745],[151.3614,-20.8407],[151.3199,-20.8109],[151.2849,-20.7846],[151.2328,-20.7546],[151.1893,-20.7288],[151.1371,-20.7074],[151.091,-20.6882],[151.0345,-20.6659],[151.0064,-20.6487],[150.9622,-20.6198],[150.9274,-20.6047],[150.889,-20.5841],[150.8517,-20.5607],[150.8216,-20.5289],[150.8004,-20.5016],[150.7643,-20.4623],[150.7251,-20.4096],[150.6919,-20.3675],[150.6304,-20.2988],[150.6025,-20.2527],[150.5623,-20.1663],[150.52,-20.1229],[150.4465,-20.0687],[150.4049,-20.0241],[150.4013,-19.9949],[150.3966,-19.98],[150.3916,-19.9672],[150.3911,-19.9605],[150.3836,-19.9495],[150.3702,-19.9445],[150.3578,-19.9305],[150.355,-19.9306],[150.3488,-19.9237],[150.34,-19.9224],[150.3302,-19.9198],[150.3205,-19.9138],[150.3176,-19.904],[150.3144,-19.9041],[150.3008,-19.8919],[150.2993,-19.8827],[150.2933,-19.878],[150.2913,-19.873],[150.2828,-19.8715],[150.2697,-19.867],[150.2624,-19.8615],[150.2587,-19.857],[150.247,-19.8576],[150.2402,-19.8547],[150.2296,-19.8451],[150.2264,-19.8333],[150.2211,-19.8273],[150.2139,-19.8274],[150.1985,-19.8073],[150.1983,-19.7989],[150.1922,-19.7878],[150.185,-19.7883],[150.1657,-19.7762],[150.1549,-19.775],[150.1468,-19.7721],[150.1298,-19.7563],[150.1234,-19.7554],[150.1119,-19.749],[150.0789,-19.7298],[150.0553,-19.7153],[150.0524,-19.7125],[150.0369,-19.7126],[150.0253,-19.7087],[150.0124,-19.7031],[150.0052,-19.6976],[149.0011,-19.6984],[148.75,-19.6983],[148.5,-19.6983],[148.25,-19.6983],[148,-19.6983],[147.8387,-19.6984],[147.7178,-19.6983],[147.6713,-19.7926],[147.6634,-19.8109],[147.6078,-19.8001],[147.602,-19.7993],[147.5765,-19.8027],[147.5669,-19.809],[147.5476,-19.8112],[147.5453,-19.8137],[147.5408,-19.813],[147.5362,-19.8162],[147.5343,-19.8229],[147.5362,-19.8246],[147.5374,-19.833],[147.5294,-19.8358],[147.5262,-19.8395],[147.5215,-19.841],[147.5155,-19.8469],[147.5083,-19.8507],[147.511,-19.8579],[147.5098,-19.8734],[147.4914,-19.8714],[147.4855,-19.9235],[147.4868,-19.9308],[147.4844,-19.9328],[147.4789,-19.9816],[147.4799,-19.9817],[147.4671,-20.0958],[147.3916,-20.0881],[147.386,-20.0872],[147.3916,-20.0769],[147.3906,-20.0708],[147.3863,-20.0682],[147.3793,-20.0667],[147.3672,-20.0608],[147.3568,-20.0589],[147.3477,-20.0613],[147.3377,-20.0575],[147.3281,-20.0556],[147.3212,-20.0529],[147.3174,-20.0481],[147.3124,-20.0385],[147.3025,-20.0329],[147.2995,-20.0283],[147.2993,-20.0229],[147.3038,-20.0162],[147.3004,-20.0147],[147.2863,-20.0203],[147.279,-20.026],[147.2734,-20.0284],[147.2853,-20.046],[147.2939,-20.0647],[147.2947,-20.069],[147.2927,-20.0755],[147.2844,-20.089],[147.2809,-20.0976],[147.2752,-20.1147],[147.2748,-20.1258],[147.279,-20.1348],[147.2919,-20.1555],[147.2961,-20.166],[147.3006,-20.1825],[147.3019,-20.1926],[147.3076,-20.2116],[147.3092,-20.2217],[147.3113,-20.2621],[147.3106,-20.2742],[147.3083,-20.2861],[147.3002,-20.3052],[147.299,-20.3143],[147.3006,-20.3217],[147.306,-20.3334],[147.3105,-20.3499],[147.3144,-20.3603],[147.3208,-20.3715],[147.3316,-20.382],[147.3391,-20.3859],[147.3472,-20.3938],[147.3476,-20.4006],[147.345,-20.4133],[147.3424,-20.422],[147.3388,-20.4269],[147.3308,-20.4308],[147.3199,-20.4334],[147.3086,-20.4383],[147.3005,-20.4442],[147.2978,-20.4474],[147.2945,-20.4565],[147.2905,-20.4727],[147.2917,-20.4801],[147.3009,-20.4972],[147.301,-20.5038],[147.2993,-20.508],[147.2885,-20.5178],[147.2848,-20.5246],[147.2831,-20.5363],[147.2799,-20.544],[147.2795,-20.5524],[147.2745,-20.5572],[147.267,-20.5579],[147.2641,-20.5598],[147.258,-20.567],[147.2513,-20.5729],[147.2414,-20.5844],[147.2346,-20.584],[147.228,-20.5814],[147.2225,-20.5765],[147.2146,-20.5767],[147.2096,-20.5871],[147.1962,-20.5938],[147.1938,-20.5991],[147.1861,-20.6039],[147.1841,-20.6022],[147.1787,-20.6064],[147.178,-20.6186],[147.171,-20.6242],[147.1646,-20.6352],[147.1631,-20.643],[147.1595,-20.6492],[147.1561,-20.6517],[147.1486,-20.6518],[147.1331,-20.6411],[147.1242,-20.6377],[147.1118,-20.6359],[147.1057,-20.6368],[147.0987,-20.6408],[147.0958,-20.6438],[147.0864,-20.6522],[147.0805,-20.6533],[147.0733,-20.6489],[147.0651,-20.6304],[147.0581,-20.6257],[147.052,-20.6271],[147.0482,-20.6304],[147.0427,-20.6309],[147.0363,-20.6293],[147.0308,-20.6263],[147.0244,-20.6208],[147.0224,-20.6167],[147.0212,-20.6095],[147.0165,-20.6066],[147.0119,-20.606],[147.0022,-20.6093],[146.976,-20.6197],[146.9727,-20.6236],[146.9721,-20.6293],[146.9732,-20.6347],[146.9795,-20.6493],[146.9858,-20.6584],[146.9855,-20.6649],[146.9827,-20.6693],[146.9758,-20.6736],[146.9648,-20.676],[146.9613,-20.6844],[146.9609,-20.6887],[146.9645,-20.7023],[146.9656,-20.7144],[146.9649,-20.7213],[146.9623,-20.7292],[146.9621,-20.7384],[146.9601,-20.7418],[146.944,-20.752],[146.9391,-20.754],[146.9274,-20.7552],[146.9204,-20.7574],[146.917,-20.7615],[146.9155,-20.7747],[146.9137,-20.7808],[146.9099,-20.7867],[146.9012,-20.7903],[146.8882,-20.7913],[146.8762,-20.8012],[146.8713,-20.8017],[146.8659,-20.7969],[146.8616,-20.7965],[146.8562,-20.8035],[146.8518,-20.8129],[146.8528,-20.8191],[146.858,-20.8307],[146.8583,-20.8366],[146.8628,-20.8473],[146.861,-20.86],[146.8562,-20.8677],[146.8564,-20.8711],[146.866,-20.886],[146.8622,-20.8951],[146.8631,-20.9022],[146.8542,-20.9121],[146.8535,-20.9192],[146.8564,-20.9267],[146.8636,-20.9386],[146.866,-20.9465],[146.8669,-20.9552],[146.8733,-20.9695],[146.8764,-20.978],[146.876,-20.9841],[146.8779,-20.9908],[146.8837,-20.9976],[146.8823,-21.0058],[146.8691,-21.0208],[146.8638,-21.0252],[146.8604,-21.0312],[146.8599,-21.0409],[146.863,-21.0479],[146.8611,-21.059],[146.8612,-21.0642],[146.8537,-21.0725],[146.8555,-21.0775],[146.8549,-21.0845],[146.8521,-21.0946],[146.8488,-21.1009],[146.8532,-21.1081],[146.8595,-21.1149],[146.8617,-21.1189],[146.8618,-21.1334],[146.8626,-21.1378],[146.872,-21.1509],[146.8741,-21.1615],[146.8826,-21.1703],[146.8822,-21.1733],[146.868,-21.1834],[146.8659,-21.1881],[146.867,-21.1939],[146.8739,-21.2036],[146.8857,-21.2177],[146.8909,-21.2218],[146.8966,-21.2239],[146.907,-21.2242],[146.915,-21.2268],[146.9266,-21.2322],[146.932,-21.2384],[146.9497,-21.2396],[146.9571,-21.2469],[146.9605,-21.2521],[146.9597,-21.2626],[146.9656,-21.2748],[146.9661,-21.2787],[146.9633,-21.2947],[146.9566,-21.302],[146.9467,-21.3045],[146.9342,-21.3153],[146.9286,-21.3217],[146.9178,-21.3254],[146.9109,-21.3347],[146.9093,-21.3408],[146.9057,-21.3452],[146.9046,-21.3503],[146.8953,-21.3572],[146.8828,-21.3621],[146.8788,-21.3709],[146.8822,-21.3733],[146.8756,-21.3825],[146.8753,-21.3931],[146.8822,-21.4111],[146.8912,-21.4217],[146.8959,-21.4248],[146.8984,-21.4347],[146.905,-21.4363],[146.9098,-21.4411],[146.9118,-21.4538],[146.909,-21.4593],[146.9074,-21.466],[146.9013,-21.4705],[146.8964,-21.4763],[146.8841,-21.4878],[146.8771,-21.4957],[146.8722,-21.5047],[146.8666,-21.5105],[146.8663,-21.5138],[146.8691,-21.5193],[146.8704,-21.5262],[146.8664,-21.5309],[146.8612,-21.5332],[146.8565,-21.5408],[146.8492,-21.5482],[146.8494,-21.5538],[146.8472,-21.5609],[146.8354,-21.5736],[146.8351,-21.5794],[146.8386,-21.5847],[146.8328,-21.6051],[146.8351,-21.6142],[146.8341,-21.618],[146.8366,-21.6229],[146.8347,-21.632],[146.837,-21.6361],[146.8344,-21.6426],[146.8324,-21.6431],[146.7535,-21.6358],[146.6526,-21.6044],[146.6511,-21.5969],[146.6473,-21.5957],[146.6565,-21.5826],[146.4921,-21.567],[146.49,-21.5868],[146.4927,-21.5888],[146.4901,-21.6201],[146.4883,-21.6473],[146.4872,-21.6501],[146.4838,-21.6806],[146.4465,-21.6681],[146.3974,-21.6633],[146.3409,-21.5702],[146.3467,-21.5181],[146.1505,-21.5],[146.1323,-21.514],[146.0934,-21.5099],[146.0852,-21.5983],[146.0844,-21.6101],[146.0765,-21.7141],[146.0692,-21.8087],[146.1268,-21.8133],[146.1106,-21.8942],[146.1261,-21.8946],[146.1489,-21.8967],[146.2126,-21.9007],[146.2107,-21.9149],[146.2023,-22.0009],[146.2015,-22.0076],[146.1232,-22.0012],[146.0721,-21.9974],[146.0669,-22.0266],[146.0395,-22.0233],[146.0308,-22.1042],[146.0356,-22.105],[146.0661,-22.1162],[146.0741,-22.1234],[146.0646,-22.1857],[146.0707,-22.2266],[146.0522,-22.3379],[146.053,-22.3386],[146.122,-22.3482],[146.115,-22.3995],[146.1089,-22.4456],[146.1138,-22.4468],[146.2755,-22.4625],[146.2692,-22.5084],[146.279,-22.5032],[146.2714,-22.5707],[146.2598,-22.5695],[146.2524,-22.6686],[146.2378,-22.6678],[146.2364,-22.6769],[146.2592,-22.679],[146.318,-22.6859],[146.3213,-22.678],[146.3371,-22.6802],[146.3838,-22.6856],[146.3853,-22.6872],[146.4087,-22.6894],[146.4181,-22.6027],[146.4484,-22.6458],[146.4687,-22.6575],[146.5388,-22.6642],[146.5444,-22.6738],[146.5412,-22.6781],[146.5436,-22.6801],[146.5488,-22.678],[146.5502,-22.6831],[146.5557,-22.6913],[146.5607,-22.696],[146.5701,-22.7025],[146.5681,-22.7048],[146.5448,-22.7135],[146.5432,-22.7199],[146.5446,-22.7255],[146.5484,-22.7325],[146.5583,-22.7425],[146.5598,-22.7502],[146.5533,-22.7619],[146.5487,-22.7679],[146.5484,-22.7782],[146.5412,-22.7882],[146.5287,-22.7928],[146.525,-22.7993],[146.5247,-22.8045],[146.527,-22.8131],[146.5382,-22.8269],[146.5463,-22.8393],[146.5491,-22.848],[146.5518,-22.8629],[146.5592,-22.8773],[146.5681,-22.8856],[146.5754,-22.889],[146.5899,-22.8883],[146.6884,-22.9306],[146.765,-22.9576],[146.7547,-23.0476],[146.783,-23.0502],[146.7832,-23.0576],[146.7852,-23.0606],[146.7851,-23.071],[146.7887,-23.0735],[146.8364,-23.0588],[146.839,-23.0714],[146.8494,-23.08],[146.8721,-23.077],[146.8743,-23.0837],[146.9233,-23.0685],[146.9306,-23.0629],[146.9419,-23.0604],[146.9436,-23.0682],[146.9421,-23.0787],[146.9499,-23.0906],[146.9487,-23.0974],[146.9582,-23.1089],[146.9554,-23.1345],[146.9543,-23.1383],[146.9508,-23.1741],[146.9508,-23.1798],[146.9397,-23.2603],[146.9763,-23.2633],[146.9779,-23.2637],[147.079,-23.2798],[147.0749,-23.3069],[147.1439,-23.3231],[147.1493,-23.323],[147.1522,-23.3257],[147.1587,-23.3262],[147.158,-23.3316],[147.1619,-23.3397],[147.1602,-23.349],[147.1585,-23.3721],[147.1549,-23.3908],[147.1549,-23.3954],[147.1644,-23.3963],[147.1609,-23.4279],[147.2223,-23.4478],[147.2545,-23.4629]]]},"properties":{"District Name":"Mackay","DDMG Name":"Mackay","Police Region Name":"Central Region","Police Region Code":"CR","Police Region Short Name":"Central","Region Slug":"central","Layer Id":"qld_ddmg_boundaries_gda2020_simp200m","Layer Group":"statewide","Layer Kind":"ddmg","Source":"QPS Disaster Districts, Queensland Police Service, via the Queensland Government Open Data Portal","Source URL":"https://www.data.qld.gov.au/dataset/qps-disaster-districts","Licence":"CC BY 4.0","Licence URL":"https://creativecommons.org/licenses/by/4.0/","Dataset Date":"19/05/2025","Simplification Tolerance M":200,"Coordinate Precision Decimals":4,"CRS":"GDA2020 (EPSG:7844)","Generated":"2026-09-13"},"id":"Mackay"},{"type":"Feature","geometry":{"type":"Polygon","coordinates":[[[142.711,-16.0794],[142.7225,-16.0891],[142.7346,-16.1025],[142.7423,-16.1095],[142.7422,-16.112],[142.699,-16.1732],[142.6372,-16.1324],[142.5961,-16.1907],[142.5795,-16.3141],[142.5467,-16.5577],[142.5231,-16.8114],[142.508,-16.9721],[142.4214,-17.0874],[142.4275,-17.0923],[142.4287,-17.096],[142.4359,-17.1008],[142.4402,-17.1012],[142.4452,-17.105],[142.4513,-17.1058],[142.4559,-17.1083],[142.4588,-17.1161],[142.4623,-17.1182],[142.4617,-17.1223],[142.4667,-17.1262],[142.4673,-17.129],[142.4742,-17.1365],[142.4859,-17.1423],[142.487,-17.1458],[142.4936,-17.1489],[142.5053,-17.1605],[142.5083,-17.1621],[142.513,-17.1704],[142.5196,-17.1717],[142.522,-17.1752],[142.5351,-17.1768],[142.5407,-17.1755],[142.5011,-17.2267],[142.4016,-17.3553],[142.3406,-17.2862],[142.175,-17.4324],[142.1843,-17.4379],[142.1933,-17.4405],[142.206,-17.4423],[142.2172,-17.4418],[142.2254,-17.4456],[142.2296,-17.4517],[142.2386,-17.4574],[142.2447,-17.4579],[142.2514,-17.4628],[142.2525,-17.4658],[142.259,-17.4712],[142.263,-17.4806],[142.2679,-17.4873],[142.2677,-17.4918],[142.1784,-17.5662],[142.0578,-17.4343],[142.0123,-17.4712],[141.8977,-17.3307],[141.8909,-17.3364],[141.7853,-17.4224],[141.8367,-17.4825],[141.7256,-17.4695],[141.7287,-17.4329],[141.5764,-17.4204],[141.5727,-17.4584],[141.4223,-17.4438],[141.4137,-17.5348],[141.4066,-17.6099],[141.3822,-17.608],[141.3782,-17.6766],[141.4383,-17.6798],[141.433,-17.7493],[141.4219,-17.7557],[141.4134,-17.7616],[141.4041,-17.7633],[141.3986,-17.7569],[141.3934,-17.7532],[141.3829,-17.7514],[141.3744,-17.7521],[141.3621,-17.7555],[141.3593,-17.7544],[141.3596,-17.7465],[141.3574,-17.7441],[141.348,-17.7432],[141.3388,-17.7445],[141.3283,-17.7332],[141.3169,-17.7367],[141.3044,-17.8989],[141.4682,-17.9104],[141.4661,-17.939],[141.3931,-17.9348],[141.3921,-17.9479],[141.3883,-18.0066],[141.3951,-18.004],[141.4002,-18.004],[141.3952,-18.0571],[141.2817,-18.0467],[141.2838,-18.0232],[141.1999,-18.0154],[141.1921,-18.1133],[141.1468,-18.1104],[141.1405,-18.1127],[141.1363,-18.1223],[141.1341,-18.1253],[141.1359,-18.132],[141.1349,-18.1377],[141.1389,-18.145],[141.1394,-18.1495],[141.1432,-18.1571],[141.144,-18.1648],[141.1433,-18.1695],[141.1379,-18.1797],[141.137,-18.1889],[141.1445,-18.1956],[141.1473,-18.1929],[141.1575,-18.196],[141.1627,-18.2046],[141.1666,-18.2037],[141.17,-18.2071],[141.1801,-18.2119],[141.181,-18.2158],[141.1869,-18.2247],[141.1866,-18.23],[141.1897,-18.2323],[141.1906,-18.2385],[141.1894,-18.2464],[141.1937,-18.2536],[141.2015,-18.2528],[141.2047,-18.2554],[141.205,-18.2596],[141.2094,-18.2628],[141.2114,-18.2703],[141.2108,-18.2748],[141.2131,-18.2794],[141.2108,-18.2826],[141.2125,-18.2884],[141.2199,-18.2951],[141.2183,-18.302],[141.22,-18.3097],[141.2175,-18.3145],[141.2207,-18.3165],[141.2233,-18.3246],[141.2229,-18.3285],[141.2384,-18.3368],[141.2419,-18.3464],[141.2498,-18.3505],[141.2499,-18.3537],[141.2545,-18.364],[141.2618,-18.3653],[141.2661,-18.3688],[141.2674,-18.3778],[141.2694,-18.3821],[141.2748,-18.3887],[141.2815,-18.3912],[141.2838,-18.3982],[141.2825,-18.4052],[141.2839,-18.4096],[141.2806,-18.416],[141.2894,-18.4215],[141.2924,-18.4251],[141.3007,-18.4265],[141.3026,-18.4295],[141.3013,-18.4375],[141.3048,-18.4478],[141.3008,-18.4503],[141.301,-18.4557],[141.2961,-18.4585],[141.2965,-18.4634],[141.2938,-18.4676],[141.2986,-18.4755],[141.2929,-18.48],[141.2929,-18.4851],[141.2993,-18.4929],[141.2977,-18.4996],[141.2904,-18.5002],[141.2848,-18.5054],[141.2856,-18.5149],[141.2837,-18.5187],[141.2862,-18.5229],[141.2855,-18.53],[141.2882,-18.5412],[141.2881,-18.5464],[141.2923,-18.5486],[141.2987,-18.5565],[141.3003,-18.5633],[141.2967,-18.5659],[141.2917,-18.5666],[141.2936,-18.5752],[141.2921,-18.5779],[141.2946,-18.5852],[141.2999,-18.5887],[141.3022,-18.5952],[141.3016,-18.6022],[141.3028,-18.6055],[141.2992,-18.6098],[141.315,-18.6204],[141.37,-18.6255],[141.364,-18.6814],[141.5581,-18.7008],[141.6224,-18.7076],[141.692,-18.7136],[141.6814,-18.8263],[141.6682,-18.9697],[141.6362,-18.9671],[141.6201,-19.1146],[141.6089,-19.1134],[141.61,-19.1212],[141.6132,-19.1242],[141.6112,-19.13],[141.6128,-19.1378],[141.6167,-19.1384],[141.6153,-19.1427],[141.6214,-19.1459],[141.6237,-19.1505],[141.6285,-19.1506],[141.6359,-19.1557],[141.6396,-19.1547],[141.6439,-19.1572],[141.6583,-19.1571],[141.669,-19.1591],[141.6787,-19.1555],[141.6861,-19.1572],[141.6904,-19.1561],[141.6965,-19.1596],[141.7042,-19.1707],[141.709,-19.1727],[141.7155,-19.1791],[141.729,-19.179],[141.7345,-19.184],[141.7391,-19.1851],[141.7445,-19.1917],[141.7532,-19.1932],[141.7622,-19.1918],[141.7711,-19.0782],[141.9311,-19.0896],[141.9415,-18.9784],[142.1267,-18.9934],[142.1291,-18.9695],[142.1766,-18.9721],[142.1594,-19.142],[142.2351,-19.1495],[142.2364,-19.136],[142.3523,-19.1475],[142.3538,-19.1226],[142.4007,-19.1265],[142.3831,-19.3114],[142.3744,-19.4004],[142.3953,-19.4023],[142.3967,-19.3884],[142.5611,-19.4002],[142.6048,-19.4032],[142.5921,-19.5466],[142.6096,-19.5478],[142.6022,-19.62],[142.6007,-19.6355],[142.7936,-19.6518],[142.9745,-19.6669],[143.03,-19.6712],[143.1976,-19.6855],[143.2497,-19.6899],[143.2567,-19.6818],[143.2616,-19.6825],[143.2656,-19.6866],[143.2701,-19.6942],[143.275,-19.6964],[143.2854,-19.6895],[143.2885,-19.6842],[143.2896,-19.6697],[143.2984,-19.6563],[143.3058,-19.6395],[143.3107,-19.6332],[143.3172,-19.6285],[143.333,-19.6211],[143.3367,-19.6167],[143.3419,-19.6056],[143.3461,-19.6037],[143.3514,-19.6043],[143.3677,-19.6127],[143.3728,-19.6139],[143.3831,-19.6126],[143.3943,-19.5968],[143.3947,-19.5863],[143.394,-19.5766],[143.398,-19.5752],[143.4029,-19.5702],[143.4132,-19.5644],[143.417,-19.5671],[143.4299,-19.5632],[143.4341,-19.5653],[143.4438,-19.566],[143.4473,-19.5588],[143.4537,-19.5559],[143.4581,-19.5467],[143.4619,-19.5449],[143.4663,-19.54],[143.4899,-19.5309],[143.5014,-19.5244],[143.5094,-19.516],[143.5132,-19.5053],[143.5111,-19.4916],[143.5077,-19.4839],[143.5138,-19.48],[143.5233,-19.476],[143.5355,-19.4718],[143.5496,-19.4766],[143.5653,-19.4856],[143.5798,-19.4969],[143.5832,-19.5016],[143.5905,-19.5072],[143.6005,-19.5218],[143.6054,-19.5303],[143.6173,-19.5571],[143.619,-19.5599],[143.6467,-19.5838],[143.6541,-19.5875],[143.6775,-19.5971],[143.6823,-19.597],[143.7152,-19.5853],[143.7342,-19.5899],[143.752,-19.5963],[143.7757,-19.6057],[143.797,-19.6175],[143.8245,-19.6304],[143.8518,-19.637],[143.896,-19.6339],[143.9251,-19.6308],[143.938,-19.6273],[143.9475,-19.622],[143.9557,-19.6196],[143.9673,-19.6205],[143.9765,-19.6229],[143.9882,-19.6218],[144.0003,-19.6221],[144.0039,-19.6213],[144.0142,-19.6149],[144.0289,-19.5978],[144.0448,-19.5836],[144.0543,-19.5705],[144.0606,-19.5708],[144.072,-19.5746],[144.0889,-19.5782],[144.1036,-19.5797],[144.1127,-19.5761],[144.1172,-19.5717],[144.1241,-19.5719],[144.1393,-19.5656],[144.147,-19.5657],[144.1569,-19.5676],[144.1722,-19.5764],[144.1747,-19.5884],[144.18,-19.5944],[144.187,-19.5974],[144.197,-19.5998],[144.2065,-19.6037],[144.2123,-19.61],[144.2264,-19.6187],[144.2315,-19.6159],[144.2389,-19.6085],[144.248,-19.5942],[144.2551,-19.5855],[144.2619,-19.5829],[144.2732,-19.5759],[144.2795,-19.576],[144.2926,-19.569],[144.2957,-19.5664],[144.2994,-19.5306],[144.3026,-19.4974],[144.3449,-19.5015],[144.3517,-19.4239],[144.3696,-19.4301],[144.3875,-19.4307],[144.4508,-19.4412],[144.4705,-19.4479],[144.4774,-19.3709],[144.5908,-19.3841],[144.5978,-19.319],[144.6174,-19.3209],[144.619,-19.306],[144.6225,-19.2973],[144.6297,-19.2884],[144.7501,-19.1808],[144.7711,-19.2047],[144.8314,-19.1598],[144.8238,-19.1568],[144.8105,-19.1558],[144.8044,-19.1572],[144.7944,-19.1622],[144.7744,-19.148],[144.7153,-19.0168],[144.6997,-19.0051],[144.698,-18.996],[144.7075,-18.9359],[144.7214,-18.9212],[144.7903,-18.871],[144.7454,-18.818],[144.8084,-18.7696],[144.8076,-18.7645],[144.8046,-18.7617],[144.8068,-18.7573],[144.8059,-18.7523],[144.8016,-18.7509],[144.8025,-18.7444],[144.792,-18.7332],[144.7868,-18.734],[144.7775,-18.7407],[144.7725,-18.7366],[144.7654,-18.7285],[144.758,-18.7285],[144.7556,-18.7252],[144.751,-18.7251],[144.7452,-18.7218],[144.7439,-18.7125],[144.7469,-18.7075],[144.7417,-18.7027],[144.7871,-18.6613],[144.7641,-18.6384],[144.6516,-18.6266],[144.66,-18.5686],[144.6762,-18.4234],[144.6777,-18.311],[144.7411,-18.3174],[144.7463,-18.3267],[144.7473,-18.3305],[144.7604,-18.3564],[144.7712,-18.3575],[144.7741,-18.3588],[144.7801,-18.3579],[144.7998,-18.3592],[144.8172,-18.3717],[144.8224,-18.3691],[144.8346,-18.3688],[144.8435,-18.3718],[144.8496,-18.3696],[144.8552,-18.3695],[144.8516,-18.4],[144.8446,-18.408],[144.8375,-18.44],[144.8414,-18.4524],[144.8367,-18.4931],[144.8804,-18.4973],[144.8782,-18.5179],[144.9241,-18.5228],[144.9206,-18.5188],[144.9202,-18.5128],[144.9224,-18.505],[144.9217,-18.5013],[144.9512,-18.5042],[144.9469,-18.4977],[144.9514,-18.4893],[144.9532,-18.4821],[144.9514,-18.4773],[144.9549,-18.4753],[144.9562,-18.4819],[144.9606,-18.4861],[144.9645,-18.4815],[144.963,-18.4732],[144.9683,-18.4696],[144.9715,-18.4723],[144.9737,-18.4833],[144.9766,-18.4921],[144.9812,-18.4936],[144.9822,-18.4985],[144.981,-18.507],[145.0467,-18.5132],[145.0511,-18.5174],[145.0505,-18.5286],[145.0526,-18.5305],[145.0518,-18.5361],[145.0551,-18.5397],[145.0534,-18.5488],[145.0635,-18.5545],[145.0686,-18.5536],[145.076,-18.5546],[145.0798,-18.5606],[145.0858,-18.5598],[145.0905,-18.5661],[145.1011,-18.5667],[145.1075,-18.5638],[145.1159,-18.5574],[145.1199,-18.5558],[145.1277,-18.5575],[145.1334,-18.5643],[145.1335,-18.5691],[145.1308,-18.573],[145.1354,-18.5747],[145.1407,-18.5727],[145.1404,-18.5656],[145.1486,-18.553],[145.1567,-18.5455],[145.1574,-18.5383],[145.1596,-18.5348],[145.1718,-18.5208],[145.1726,-18.5168],[145.1774,-18.5113],[145.1825,-18.5106],[145.1842,-18.4948],[145.1738,-18.4938],[145.1721,-18.4884],[145.1781,-18.4795],[145.1857,-18.4802],[145.182,-18.4725],[145.1823,-18.4492],[145.18,-18.4466],[145.1832,-18.4313],[145.1775,-18.4251],[145.1721,-18.4233],[145.1642,-18.415],[145.1617,-18.4065],[145.1612,-18.3983],[145.1637,-18.3957],[145.1613,-18.3908],[145.1487,-18.3936],[145.1433,-18.3907],[145.1386,-18.3902],[145.1344,-18.3852],[145.133,-18.3781],[145.1352,-18.376],[145.1324,-18.3715],[145.1344,-18.362],[145.1376,-18.3625],[145.1401,-18.3579],[145.1483,-18.3645],[145.1558,-18.3645],[145.1589,-18.3523],[145.1666,-18.3467],[145.1944,-18.3495],[145.1952,-18.3477],[145.2679,-18.355],[145.2599,-18.4273],[145.2864,-18.43],[145.2792,-18.4395],[145.3017,-18.4552],[145.2968,-18.464],[145.3573,-18.5357],[145.3835,-18.5702],[145.39,-18.565],[145.4945,-18.5764],[145.5012,-18.4619],[145.6238,-18.477],[145.7163,-18.4884],[145.7143,-18.4802],[145.7081,-18.4709],[145.715,-18.4684],[145.7281,-18.4659],[145.7324,-18.4617],[145.7292,-18.4535],[145.7361,-18.4573],[145.7396,-18.45],[145.7442,-18.4505],[145.747,-18.4455],[145.755,-18.4385],[145.7545,-18.4311],[145.7578,-18.4294],[145.7601,-18.4239],[145.7551,-18.4143],[145.7558,-18.408],[145.7692,-18.4094],[145.7596,-18.4032],[145.7575,-18.3958],[145.7464,-18.3945],[145.7464,-18.3877],[145.7479,-18.3836],[145.7469,-18.3772],[145.7436,-18.3728],[145.7352,-18.3694],[145.7273,-18.365],[145.722,-18.3636],[145.7181,-18.3569],[145.7866,-18.3042],[145.7955,-18.3086],[145.8025,-18.3057],[145.8096,-18.3046],[145.8082,-18.2995],[145.8155,-18.2934],[145.8152,-18.2857],[145.8117,-18.2815],[145.8089,-18.275],[145.803,-18.2709],[145.8005,-18.264],[145.8047,-18.2579],[145.804,-18.2516],[145.8071,-18.247],[145.8044,-18.2406],[145.802,-18.2389],[145.7924,-18.228],[145.7929,-18.2173],[145.7871,-18.2151],[145.7832,-18.2065],[145.7802,-18.2033],[145.7798,-18.1993],[145.7823,-18.1942],[145.787,-18.1918],[145.7872,-18.1862],[145.7844,-18.1809],[145.7748,-18.1758],[145.7677,-18.1708],[145.7617,-18.1651],[145.7577,-18.1644],[145.7515,-18.1565],[145.7437,-18.1599],[145.7349,-18.1568],[145.7265,-18.1677],[145.7153,-18.1675],[145.706,-18.1766],[145.7058,-18.1789],[145.6962,-18.1751],[145.6932,-18.1711],[145.6852,-18.1684],[145.6833,-18.1648],[145.6836,-18.1586],[145.6886,-18.1548],[145.6904,-18.1512],[145.6985,-18.1504],[145.7039,-18.1386],[145.7031,-18.1325],[145.7007,-18.1288],[145.7043,-18.1272],[145.7038,-18.1204],[145.7076,-18.1104],[145.707,-18.1075],[145.7012,-18.1003],[145.6967,-18.0991],[145.6896,-18.0921],[145.6853,-18.0932],[145.6791,-18.1021],[145.6755,-18.103],[145.6712,-18.0999],[145.6677,-18.1029],[145.6618,-18.0934],[145.6594,-18.0944],[145.6477,-18.0864],[145.6419,-18.0814],[145.6446,-18.0654],[145.6473,-18.0617],[145.6467,-18.0582],[145.6528,-18.0556],[145.6499,-18.048],[145.6495,-18.0337],[145.654,-18.0315],[145.6497,-18.0276],[145.636,-18.028],[145.6313,-18.023],[145.6232,-18.0211],[145.6232,-18.0088],[145.6255,-18.0004],[145.6308,-17.9973],[145.6382,-17.9952],[145.6376,-17.982],[145.6408,-17.9796],[145.6458,-17.9721],[145.6498,-17.9738],[145.6538,-17.9681],[145.6501,-17.9628],[145.6519,-17.9573],[145.6568,-17.9574],[145.66,-17.9484],[145.6653,-17.946],[145.669,-17.9482],[145.674,-17.9478],[145.6819,-17.94],[145.6797,-17.9338],[145.6841,-17.9301],[145.6859,-17.9253],[145.6803,-17.9192],[145.6809,-17.9071],[145.6848,-17.9024],[145.6838,-17.8963],[145.6801,-17.8914],[145.6795,-17.8868],[145.6749,-17.8816],[145.6718,-17.8702],[145.668,-17.8684],[145.6652,-17.8642],[145.6555,-17.8639],[145.6546,-17.8512],[145.6527,-17.8467],[145.6531,-17.8403],[145.6518,-17.8367],[145.6532,-17.8272],[145.6572,-17.8266],[145.6581,-17.82],[145.6555,-17.8158],[145.6463,-17.8085],[145.6421,-17.8025],[145.6343,-17.8061],[145.6321,-17.8018],[145.6272,-17.8006],[145.622,-17.7975],[145.6178,-17.7981],[145.6139,-17.8013],[145.6103,-17.7965],[145.6026,-17.7939],[145.591,-17.7955],[145.5844,-17.7905],[145.5796,-17.7912],[145.5797,-17.7836],[145.5726,-17.7829],[145.577,-17.7408],[145.6515,-17.7269],[145.6473,-17.7218],[145.6476,-17.7178],[145.641,-17.7071],[145.6435,-17.7017],[145.6528,-17.699],[145.6602,-17.6893],[145.6567,-17.687],[145.6612,-17.6784],[145.6485,-17.6684],[145.6459,-17.6681],[145.6407,-17.6568],[145.6547,-17.6581],[145.6543,-17.6626],[145.6599,-17.6671],[145.6681,-17.6657],[145.6733,-17.6691],[145.674,-17.6754],[145.6807,-17.6762],[145.6808,-17.6714],[145.6786,-17.6671],[145.6861,-17.6621],[145.6919,-17.6636],[145.6956,-17.6607],[145.6942,-17.6563],[145.6973,-17.652],[145.7073,-17.5571],[145.7104,-17.5584],[145.716,-17.5542],[145.7223,-17.5572],[145.7306,-17.5582],[145.7399,-17.5509],[145.74,-17.5427],[145.7312,-17.5384],[145.731,-17.5336],[145.7247,-17.5303],[145.7217,-17.5217],[145.7238,-17.5137],[145.7201,-17.51],[145.7235,-17.5067],[145.7161,-17.497],[145.8339,-17.5086],[145.8351,-17.4974],[145.8399,-17.4542],[145.8342,-17.4501],[145.8318,-17.4457],[145.8321,-17.4376],[145.8263,-17.4279],[145.8236,-17.421],[145.8243,-17.4123],[145.8215,-17.4044],[145.8183,-17.3993],[145.8213,-17.3939],[145.8178,-17.3887],[145.8118,-17.3837],[145.8015,-17.3702],[145.7919,-17.3649],[145.7812,-17.3533],[145.7826,-17.3481],[145.7808,-17.3453],[145.7867,-17.3332],[145.7877,-17.3216],[145.7856,-17.3183],[145.7907,-17.3127],[145.7973,-17.3121],[145.7949,-17.3037],[145.8,-17.3018],[145.8005,-17.2965],[145.7925,-17.2874],[145.7912,-17.2815],[145.7853,-17.2796],[145.7857,-17.27],[145.7826,-17.2633],[145.7794,-17.2629],[145.7793,-17.2555],[145.775,-17.2521],[145.7727,-17.2473],[145.7742,-17.2408],[145.7709,-17.2362],[145.7614,-17.2386],[145.7563,-17.2485],[145.7206,-17.2318],[145.7131,-17.2134],[145.7041,-17.2125],[145.7045,-17.1746],[145.6701,-17.1718],[145.6752,-17.1616],[145.6705,-17.1583],[145.6696,-17.1544],[145.6602,-17.1539],[145.6542,-17.1391],[145.6559,-17.1353],[145.6546,-17.1263],[145.6526,-17.1245],[145.6422,-17.1224],[145.6393,-17.1176],[145.6365,-17.1091],[145.6393,-17.1059],[145.6372,-17.1032],[145.6316,-17.1016],[145.6305,-17.0989],[145.6239,-17.0968],[145.6236,-17.0856],[145.6275,-17.0837],[145.633,-17.0775],[145.6323,-17.0725],[145.6226,-17.0677],[145.6173,-17.0692],[145.6164,-17.0632],[145.6196,-17.0596],[145.615,-17.049],[145.6215,-17.0444],[145.6355,-17.0319],[145.6396,-17.0216],[145.6347,-17.0183],[145.6319,-17.013],[145.6303,-17.0046],[145.633,-17.0033],[145.6336,-16.9986],[145.6371,-16.9961],[145.6397,-16.9857],[145.6514,-16.9774],[145.6544,-16.9715],[145.6512,-16.9695],[145.6499,-16.9568],[145.6518,-16.9501],[145.6499,-16.9453],[145.6575,-16.9303],[145.6615,-16.9287],[145.6635,-16.9203],[145.6609,-16.9169],[145.6681,-16.9096],[145.6736,-16.8941],[145.6693,-16.8896],[145.6633,-16.881],[145.6509,-16.88],[145.6553,-16.8741],[145.6661,-16.8689],[145.6661,-16.8662],[145.6588,-16.8634],[145.6554,-16.859],[145.6491,-16.8574],[145.6474,-16.8513],[145.6599,-16.8462],[145.6623,-16.8481],[145.6694,-16.8453],[145.6599,-16.8382],[145.664,-16.8342],[145.6654,-16.8295],[145.666,-16.8198],[145.6603,-16.8171],[145.6597,-16.8124],[145.6549,-16.8065],[145.6539,-16.8032],[145.6558,-16.7906],[145.652,-16.7837],[145.6517,-16.773],[145.6486,-16.7688],[145.6491,-16.7617],[145.6451,-16.754],[145.6419,-16.751],[145.6476,-16.7423],[145.6393,-16.737],[145.6335,-16.7361],[145.6308,-16.7311],[145.6313,-16.7246],[145.6231,-16.721],[145.6158,-16.7151],[145.6057,-16.7146],[145.6031,-16.7111],[145.5865,-16.7059],[145.5824,-16.7015],[145.5755,-16.7012],[145.5718,-16.6974],[145.5654,-16.6937],[145.5572,-16.6922],[145.5515,-16.6925],[145.5439,-16.687],[145.5388,-16.678],[145.529,-16.6747],[145.5265,-16.6714],[145.5224,-16.6715],[145.5179,-16.675],[145.5137,-16.6647],[145.5213,-16.6536],[145.52,-16.6488],[145.5238,-16.6464],[145.5211,-16.634],[145.5299,-16.6234],[145.5227,-16.6231],[145.5171,-16.6302],[145.5147,-16.6297],[145.5074,-16.6351],[145.5018,-16.6406],[145.4952,-16.642],[145.4907,-16.645],[145.4874,-16.6417],[145.4777,-16.6431],[145.4696,-16.6458],[145.4697,-16.649],[145.4588,-16.6488],[145.4549,-16.6444],[145.4472,-16.6435],[145.4493,-16.6106],[145.4438,-16.6101],[145.4365,-16.6033],[145.4486,-16.6045],[145.4491,-16.5994],[145.4418,-16.5986],[145.4444,-16.5937],[145.4423,-16.5788],[145.4449,-16.5744],[145.4393,-16.5697],[145.4319,-16.5688],[145.4332,-16.552],[145.4155,-16.5296],[145.4077,-16.5223],[145.4107,-16.52],[145.4041,-16.5123],[145.3854,-16.5104],[145.3843,-16.5202],[145.3736,-16.5191],[145.3721,-16.5329],[145.3675,-16.5366],[145.3672,-16.5397],[145.363,-16.5432],[145.3611,-16.5496],[145.3547,-16.5564],[145.3515,-16.5516],[145.3456,-16.5475],[145.3364,-16.5466],[145.3301,-16.5516],[145.3258,-16.5518],[145.3263,-16.5418],[145.3198,-16.5408],[145.3201,-16.5381],[145.3133,-16.5362],[145.3111,-16.532],[145.3071,-16.5312],[145.3027,-16.5375],[145.2982,-16.5381],[145.295,-16.5342],[145.2972,-16.5311],[145.2902,-16.5298],[145.2866,-16.5229],[145.2792,-16.5181],[145.2786,-16.5142],[145.2739,-16.5126],[145.272,-16.5043],[145.272,-16.4994],[145.2648,-16.5],[145.2644,-16.4933],[145.2695,-16.4901],[145.2585,-16.4846],[145.2595,-16.479],[145.2658,-16.4719],[145.2677,-16.4658],[145.2594,-16.4682],[145.2523,-16.4643],[145.2429,-16.4643],[145.2443,-16.4575],[145.2404,-16.4456],[145.2359,-16.4459],[145.2286,-16.4421],[145.2267,-16.4391],[145.2256,-16.4311],[145.2217,-16.4291],[145.2191,-16.4241],[145.2088,-16.42],[145.2085,-16.4169],[145.213,-16.4143],[145.2156,-16.4104],[145.214,-16.3999],[145.2062,-16.3967],[145.1994,-16.3981],[145.1954,-16.3947],[145.1904,-16.394],[145.1779,-16.3825],[145.172,-16.3723],[145.1748,-16.3696],[145.169,-16.3595],[145.1664,-16.3589],[145.1648,-16.3568],[145.1591,-16.3502],[145.152,-16.3491],[145.1449,-16.3508],[145.1403,-16.3465],[145.1421,-16.343],[145.1423,-16.3366],[145.1406,-16.3324],[145.1367,-16.3293],[145.1363,-16.3195],[145.1379,-16.3092],[145.1308,-16.3051],[145.1316,-16.2946],[145.1338,-16.2909],[145.1336,-16.2863],[145.1203,-16.2802],[145.1165,-16.2796],[145.1093,-16.2757],[145.1071,-16.2687],[145.1028,-16.2692],[145.0963,-16.2644],[145.0868,-16.2629],[145.0794,-16.268],[145.0734,-16.265],[145.0645,-16.2621],[145.061,-16.264],[145.0552,-16.2592],[145.0587,-16.2509],[145.0617,-16.249],[145.054,-16.243],[145.0544,-16.2408],[145.0336,-16.2306],[145.0248,-16.2313],[145.0209,-16.2264],[145.0262,-16.2244],[145.021,-16.2209],[145.0116,-16.2249],[145.0049,-16.2358],[145.0002,-16.2412],[145.0004,-16.246],[144.9972,-16.2508],[144.9925,-16.253],[144.9931,-16.257],[144.9982,-16.2588],[144.9949,-16.2637],[144.9866,-16.2662],[144.9785,-16.2749],[144.9758,-16.2796],[144.9784,-16.2853],[144.9833,-16.2864],[144.9846,-16.2947],[144.9879,-16.301],[144.9925,-16.3036],[144.9937,-16.315],[144.9908,-16.3172],[144.9806,-16.3209],[144.9752,-16.3261],[144.9709,-16.327],[144.9716,-16.332],[144.965,-16.3343],[144.9618,-16.3382],[144.9544,-16.3361],[144.9443,-16.3399],[144.9387,-16.3459],[144.9276,-16.3409],[144.9202,-16.3336],[144.9141,-16.3326],[144.9108,-16.3345],[144.9057,-16.3275],[144.9027,-16.3288],[144.9017,-16.3368],[144.8935,-16.3411],[144.891,-16.3458],[144.8877,-16.3465],[144.8843,-16.3423],[144.88,-16.3257],[144.8762,-16.3199],[144.87,-16.3244],[144.8684,-16.3283],[144.8602,-16.3316],[144.8577,-16.3396],[144.8542,-16.3445],[144.8557,-16.3471],[144.8522,-16.3523],[144.8453,-16.3525],[144.8396,-16.3499],[144.8365,-16.3554],[144.8365,-16.363],[144.8296,-16.3591],[144.8256,-16.3592],[144.8232,-16.3521],[144.82,-16.3485],[144.8209,-16.3444],[144.8171,-16.3386],[144.8086,-16.3379],[144.8076,-16.3338],[144.8013,-16.3223],[144.7849,-16.3026],[144.7714,-16.2939],[144.7733,-16.2837],[144.7709,-16.2755],[144.7649,-16.2718],[144.7647,-16.2671],[144.7617,-16.2625],[144.75,-16.2614],[144.7316,-16.2605],[144.7172,-16.2513],[144.7123,-16.2529],[144.7123,-16.2602],[144.7105,-16.2663],[144.7052,-16.2676],[144.6976,-16.2657],[144.695,-16.2699],[144.6953,-16.2788],[144.6905,-16.2917],[144.6899,-16.2978],[144.6926,-16.303],[144.6934,-16.3104],[144.6897,-16.324],[144.6839,-16.3276],[144.6788,-16.3327],[144.6724,-16.3312],[144.655,-16.3255],[144.653,-16.323],[144.6448,-16.32],[144.6427,-16.3172],[144.6344,-16.3185],[144.6276,-16.3217],[144.6203,-16.319],[144.6155,-16.3129],[144.6059,-16.3081],[144.6005,-16.3074],[144.5974,-16.3049],[144.5919,-16.3041],[144.5819,-16.2988],[144.5772,-16.2899],[144.5709,-16.29],[144.5585,-16.2941],[144.5576,-16.2999],[144.5503,-16.301],[144.5458,-16.3033],[144.5392,-16.2982],[144.5294,-16.2983],[144.5212,-16.3033],[144.5146,-16.3091],[144.5141,-16.3143],[144.5097,-16.3168],[144.5114,-16.3216],[144.518,-16.3232],[144.5211,-16.3338],[144.5251,-16.337],[144.5251,-16.3404],[144.5189,-16.3497],[144.515,-16.3493],[144.5068,-16.3546],[144.5037,-16.3532],[144.5001,-16.3554],[144.4957,-16.3521],[144.4941,-16.3485],[144.4885,-16.3474],[144.4823,-16.3485],[144.4746,-16.3435],[144.4709,-16.3367],[144.4662,-16.3382],[144.4573,-16.3357],[144.4508,-16.3315],[144.4423,-16.3394],[144.4381,-16.3422],[144.4322,-16.3406],[144.4248,-16.3471],[144.4152,-16.3499],[144.407,-16.3477],[144.4063,-16.3393],[144.3992,-16.3304],[144.3934,-16.3283],[144.3899,-16.3246],[144.3864,-16.3148],[144.3825,-16.3104],[144.3782,-16.3104],[144.3631,-16.3004],[144.3583,-16.2941],[144.3528,-16.2893],[144.3445,-16.2858],[144.34,-16.2902],[144.3352,-16.2903],[144.3282,-16.2987],[144.3236,-16.3138],[144.3199,-16.3169],[144.3135,-16.3278],[144.3065,-16.3294],[144.3014,-16.3376],[144.2928,-16.3377],[144.2875,-16.3345],[144.2764,-16.3233],[144.2679,-16.3288],[144.2674,-16.3344],[144.263,-16.3365],[144.2595,-16.3353],[144.2525,-16.3419],[144.2472,-16.3438],[144.2448,-16.3419],[144.2447,-16.3354],[144.2422,-16.3301],[144.2378,-16.3294],[144.2335,-16.3262],[144.2313,-16.3196],[144.2256,-16.3166],[144.2247,-16.3125],[144.2279,-16.3091],[144.2258,-16.2902],[144.2202,-16.2905],[144.2178,-16.2868],[144.2227,-16.282],[144.2124,-16.2718],[144.2115,-16.2674],[144.2066,-16.264],[144.1992,-16.264],[144.1966,-16.2622],[144.1868,-16.2659],[144.176,-16.2624],[144.1762,-16.2553],[144.1681,-16.2541],[144.1642,-16.2495],[144.1604,-16.2478],[144.1612,-16.2445],[144.1595,-16.2343],[144.1574,-16.2297],[144.1511,-16.2248],[144.1458,-16.2161],[144.1418,-16.2042],[144.138,-16.2],[144.1367,-16.187],[144.1303,-16.1838],[144.1226,-16.1844],[144.1209,-16.1828],[144.1187,-16.1646],[144.1163,-16.1493],[144.1178,-16.1419],[144.1076,-16.1432],[144.1005,-16.1393],[144.0981,-16.1337],[144.0929,-16.1347],[144.0864,-16.1289],[144.0826,-16.1308],[144.0748,-16.1316],[144.0701,-16.1306],[144.0678,-16.1357],[144.0619,-16.1388],[144.0569,-16.1436],[144.0506,-16.1417],[144.0482,-16.1472],[144.041,-16.1471],[144.0317,-16.1419],[144.027,-16.1418],[144.0226,-16.1392],[144.016,-16.1387],[144.0103,-16.1316],[144.0062,-16.1284],[143.9967,-16.1244],[143.9912,-16.1241],[143.9775,-16.1187],[143.9735,-16.1161],[143.9662,-16.1194],[143.9656,-16.1162],[143.9597,-16.1117],[143.9501,-16.1085],[143.9489,-16.1122],[143.9406,-16.1144],[143.9344,-16.1203],[143.9338,-16.1266],[143.9291,-16.1299],[143.9209,-16.1326],[143.9149,-16.1364],[143.9108,-16.1321],[143.9096,-16.128],[143.9028,-16.1273],[143.9027,-16.1222],[143.8994,-16.1208],[143.8982,-16.1165],[143.8932,-16.1184],[143.8905,-16.1159],[143.8804,-16.1109],[143.8799,-16.1063],[143.874,-16.1061],[143.8713,-16.1081],[143.8693,-16.1166],[143.8644,-16.1223],[143.8596,-16.1239],[143.8534,-16.1296],[143.854,-16.1357],[143.8513,-16.1371],[143.8438,-16.1367],[143.8317,-16.1324],[143.8221,-16.1375],[143.8184,-16.1442],[143.8136,-16.1458],[143.8088,-16.1542],[143.8028,-16.1576],[143.7993,-16.1562],[143.7861,-16.1585],[143.779,-16.1568],[143.7757,-16.1583],[143.7736,-16.1644],[143.7666,-16.1628],[143.7646,-16.1608],[143.7581,-16.1653],[143.7522,-16.1633],[143.7513,-16.1596],[143.7465,-16.1572],[143.742,-16.1578],[143.733,-16.154],[143.7257,-16.154],[143.7175,-16.1447],[143.7124,-16.1334],[143.7037,-16.1343],[143.6953,-16.1298],[143.692,-16.1307],[143.6826,-16.1245],[143.68,-16.1264],[143.6725,-16.1234],[143.6699,-16.1182],[143.666,-16.1164],[143.6599,-16.1197],[143.6547,-16.1136],[143.6525,-16.1067],[143.6451,-16.103],[143.6422,-16.0954],[143.639,-16.0928],[143.6436,-16.0855],[143.6421,-16.079],[143.6384,-16.0765],[143.6319,-16.0755],[143.6258,-16.0776],[143.6217,-16.0773],[143.6177,-16.0726],[143.6142,-16.074],[143.6124,-16.0781],[143.601,-16.0752],[143.5948,-16.0791],[143.5888,-16.0796],[143.5843,-16.0772],[143.573,-16.0811],[143.5637,-16.0789],[143.5549,-16.081],[143.5471,-16.0859],[143.5456,-16.0887],[143.5397,-16.0884],[143.5333,-16.0907],[143.5301,-16.0941],[143.5209,-16.091],[143.5176,-16.0888],[143.5013,-16.0867],[143.4946,-16.0806],[143.489,-16.0809],[143.4843,-16.0792],[143.4805,-16.0744],[143.4748,-16.071],[143.4654,-16.0686],[143.4654,-16.0633],[143.4703,-16.0584],[143.4655,-16.0548],[143.4568,-16.0561],[143.4463,-16.0548],[143.4398,-16.0506],[143.4372,-16.046],[143.4309,-16.0447],[143.4273,-16.0514],[143.421,-16.0546],[143.4121,-16.0557],[143.402,-16.0454],[143.3902,-16.0425],[143.3763,-16.0431],[143.3658,-16.0445],[143.3558,-16.0479],[143.3408,-16.0552],[143.3224,-16.0666],[143.3033,-16.0762],[143.2987,-16.0832],[143.2903,-16.0839],[143.2755,-16.0923],[143.2678,-16.0939],[143.2617,-16.0933],[143.2546,-16.0943],[143.2486,-16.1008],[143.2369,-16.105],[143.2231,-16.1075],[143.2126,-16.1059],[143.1933,-16.1019],[143.1843,-16.0964],[143.1686,-16.1015],[143.1483,-16.1043],[143.1406,-16.1029],[143.122,-16.1048],[143.1131,-16.1051],[143.1043,-16.1021],[143.0732,-16.1081],[143.0608,-16.1098],[143.0543,-16.1134],[143.0427,-16.113],[143.0207,-16.0919],[143.0155,-16.0932],[143.0114,-16.0966],[143.004,-16.095],[142.9859,-16.0833],[142.9557,-16.0766],[142.9406,-16.0759],[142.9247,-16.0769],[142.9046,-16.0847],[142.8968,-16.0842],[142.8744,-16.0865],[142.8557,-16.0849],[142.8371,-16.0801],[142.82,-16.0792],[142.8031,-16.0793],[142.7922,-16.0809],[142.7853,-16.0774],[142.7722,-16.0746],[142.7523,-16.0782],[142.7455,-16.0783],[142.743,-16.0824],[142.7391,-16.0833],[142.7306,-16.0895],[142.72,-16.0823],[142.711,-16.0794]]]},"properties":{"District Name":"Mareeba","DDMG Name":"Mareeba","Police Region Name":"Far Northern Region","Police Region Code":"FNR","Police Region Short Name":"Far North","Region Slug":"far_north","Layer Id":"qld_ddmg_boundaries_gda2020_simp200m","Layer Group":"statewide","Layer Kind":"ddmg","Source":"QPS Disaster Districts, Queensland Police Service, via the Queensland Government Open Data Portal","Source URL":"https://www.data.qld.gov.au/dataset/qps-disaster-districts","Licence":"CC BY 4.0","Licence URL":"https://creativecommons.org/licenses/by/4.0/","Dataset Date":"19/05/2025","Simplification Tolerance M":200,"Coordinate Precision Decimals":4,"CRS":"GDA2020 (EPSG:7844)","Generated":"2026-09-13"},"id":"Mareeba"},{"type":"Feature","geometry":{"type":"Polygon","coordinates":[[[151.9977,-25.771],[152.0017,-25.7722],[152.0032,-25.7765],[152.0082,-25.7824],[152.0185,-25.7864],[152.0219,-25.7892],[152.0292,-25.787],[152.039,-25.7902],[152.0353,-25.7952],[152.036,-25.8038],[152.0291,-25.8102],[152.0293,-25.8195],[152.0319,-25.8218],[152.0289,-25.8294],[152.0316,-25.8369],[152.0323,-25.8432],[152.0294,-25.8452],[152.0287,-25.8501],[152.0332,-25.8522],[152.0384,-25.8513],[152.0492,-25.8518],[152.0507,-25.8557],[152.0472,-25.8678],[152.0432,-25.8751],[152.0474,-25.8785],[152.0575,-25.8829],[152.059,-25.8864],[152.0711,-25.8836],[152.0729,-25.8774],[152.0807,-25.875],[152.085,-25.8714],[152.0901,-25.8728],[152.1002,-25.8678],[152.102,-25.8622],[152.1064,-25.8623],[152.1133,-25.8572],[152.1172,-25.8621],[152.1147,-25.8694],[152.1168,-25.8766],[152.1219,-25.8819],[152.1231,-25.8859],[152.1301,-25.8857],[152.1302,-25.8777],[152.1334,-25.8735],[152.1373,-25.8773],[152.1433,-25.8804],[152.1462,-25.8837],[152.1526,-25.884],[152.1596,-25.8787],[152.1694,-25.8819],[152.1695,-25.8874],[152.2057,-25.8914],[152.2313,-25.8947],[152.2316,-25.8937],[152.2634,-25.8978],[152.3307,-25.9075],[152.3334,-25.8921],[152.3408,-25.8936],[152.3456,-25.8633],[152.375,-25.867],[152.3775,-25.8739],[152.3809,-25.8749],[152.3867,-25.8726],[152.3898,-25.8631],[152.4116,-25.8659],[152.4109,-25.8704],[152.4226,-25.8719],[152.4207,-25.883],[152.446,-25.8865],[152.4489,-25.8916],[152.4635,-25.8937],[152.4648,-25.8986],[152.4727,-25.8989],[152.4749,-25.9054],[152.4969,-25.9083],[152.5004,-25.9058],[152.5059,-25.9078],[152.5454,-25.9129],[152.5506,-25.9217],[152.5487,-25.9301],[152.5579,-25.9325],[152.5596,-25.9211],[152.5681,-25.922],[152.5637,-25.9284],[152.568,-25.9337],[152.5668,-25.9431],[152.6006,-25.9476],[152.6023,-25.9494],[152.601,-25.9551],[152.6141,-25.9569],[152.6111,-25.9733],[152.6219,-25.9747],[152.6211,-25.9814],[152.655,-25.9861],[152.6571,-25.9801],[152.665,-25.9792],[152.6678,-25.9616],[152.6739,-25.9624],[152.6754,-25.9537],[152.6698,-25.9529],[152.6723,-25.9381],[152.6883,-25.9403],[152.6945,-25.936],[152.6945,-25.9329],[152.704,-25.9276],[152.704,-25.9232],[152.7077,-25.9168],[152.7201,-25.9124],[152.7291,-25.913],[152.7352,-25.9119],[152.7387,-25.9088],[152.7385,-25.9019],[152.7434,-25.8929],[152.7442,-25.8882],[152.752,-25.8867],[152.7505,-25.8775],[152.7445,-25.8746],[152.7344,-25.8728],[152.7335,-25.8672],[152.7292,-25.8678],[152.7187,-25.8527],[152.7235,-25.8473],[152.7195,-25.8455],[152.7122,-25.8456],[152.7129,-25.8414],[152.7181,-25.8415],[152.7289,-25.8442],[152.736,-25.8474],[152.7352,-25.8424],[152.8275,-25.8566],[152.8407,-25.8588],[152.9912,-25.8818],[152.995,-25.8787],[153.0052,-25.8761],[153.0191,-25.8668],[153.0263,-25.8601],[153.0366,-25.8559],[153.0386,-25.8463],[153.035,-25.8333],[153.0345,-25.8247],[153.0366,-25.8156],[153.0397,-25.8075],[153.0443,-25.8007],[153.0632,-25.8006],[153.0753,-25.8022],[153.076,-25.7943],[153.0813,-25.7861],[153.0883,-25.7609],[153.0876,-25.7495],[153.0843,-25.7388],[153.0804,-25.7212],[153.0785,-25.7079],[153.0771,-25.69],[153.078,-25.6703],[153.0816,-25.6501],[153.0856,-25.632],[153.0941,-25.6017],[153.1051,-25.5689],[153.1255,-25.516],[153.1361,-25.4911],[153.1401,-25.4807],[153.1598,-25.4356],[153.1673,-25.4192],[153.1789,-25.392],[153.1946,-25.3572],[153.2034,-25.3392],[153.2121,-25.3191],[153.229,-25.2856],[153.2317,-25.2793],[153.2518,-25.2386],[153.2613,-25.2176],[153.2684,-25.2044],[153.3092,-25.1149],[153.314,-25.1056],[153.3227,-25.0858],[153.34,-25.0511],[153.3479,-25.0369],[153.3541,-25.0238],[153.3579,-25.0093],[153.3528,-25.0007],[153.3504,-24.9875],[153.3506,-24.9683],[153.3494,-24.9645],[153.3419,-24.9662],[153.3346,-24.9659],[153.3214,-24.9623],[153.3107,-24.9549],[153.299,-24.9451],[153.2895,-24.934],[153.2847,-24.9257],[153.2794,-24.9145],[153.2734,-24.8994],[153.2717,-24.8975],[153.2664,-24.8809],[153.2636,-24.8668],[153.261,-24.8488],[153.2597,-24.8189],[153.2602,-24.8028],[153.2619,-24.7707],[153.2648,-24.7352],[153.2669,-24.7148],[153.2671,-24.7053],[153.2648,-24.7003],[153.2572,-24.6979],[153.2511,-24.6976],[153.2356,-24.7044],[153.2154,-24.7146],[153.2079,-24.7193],[153.1821,-24.7387],[153.1734,-24.7468],[153.1655,-24.756],[153.1572,-24.7685],[153.1521,-24.7743],[153.129,-24.7964],[153.1239,-24.8031],[153.1175,-24.8149],[153.1233,-24.8169],[153.1316,-24.8143],[153.137,-24.8148],[153.1477,-24.8182],[153.1558,-24.8223],[153.1649,-24.8286],[153.1735,-24.836],[153.1831,-24.8463],[153.1968,-24.8657],[153.2124,-24.8917],[153.2256,-24.911],[153.2304,-24.9204],[153.2331,-24.929],[153.2341,-24.9393],[153.2325,-24.9541],[153.2267,-24.9764],[153.226,-24.9846],[153.2221,-24.9957],[153.209,-25.0188],[153.2003,-25.0324],[153.1776,-25.0616],[153.1684,-25.0745],[153.1599,-25.0844],[153.137,-25.1052],[153.129,-25.1135],[153.1127,-25.1252],[153.1057,-25.1313],[153.0942,-25.1397],[153.082,-25.1497],[153.0628,-25.1627],[153.0517,-25.1683],[153.0313,-25.1769],[153.0252,-25.182],[153.0006,-25.1817],[152.8807,-25.1817],[152.8006,-25.1817],[152.624,-25.1814],[152.6141,-25.1795],[152.6095,-25.175],[152.6023,-25.1724],[152.5864,-25.173],[152.5779,-25.1686],[152.5689,-25.1684],[152.562,-25.1718],[152.5576,-25.1759],[152.554,-25.1817],[152.5442,-25.1882],[152.542,-25.1938],[152.5478,-25.2007],[152.5472,-25.2068],[152.5335,-25.2127],[152.5255,-25.2108],[152.5246,-25.2149],[152.517,-25.2213],[152.512,-25.2188],[152.5122,-25.2129],[152.5101,-25.2092],[152.5039,-25.2089],[152.5011,-25.2108],[152.494,-25.2097],[152.4834,-25.2169],[152.4738,-25.2168],[152.4688,-25.2151],[152.4593,-25.2238],[152.4506,-25.2283],[152.449,-25.2334],[152.441,-25.2486],[152.4158,-25.2901],[152.4095,-25.3127],[152.4062,-25.3345],[152.3847,-25.3562],[152.3724,-25.353],[152.373,-25.363],[152.3644,-25.3635],[152.359,-25.3665],[152.3545,-25.3661],[152.347,-25.3751],[152.3346,-25.3825],[152.3367,-25.3859],[152.3341,-25.3894],[152.3357,-25.3922],[152.327,-25.4016],[152.324,-25.4016],[152.32,-25.4075],[152.308,-25.4064],[152.2991,-25.4081],[152.2986,-25.4102],[152.2725,-25.4322],[152.262,-25.459],[152.2602,-25.4619],[152.2636,-25.4704],[152.262,-25.4765],[152.2685,-25.4817],[152.2734,-25.4831],[152.2744,-25.4877],[152.2707,-25.4898],[152.2686,-25.5035],[152.2727,-25.5063],[152.2721,-25.5127],[152.2693,-25.5154],[152.269,-25.5227],[152.2635,-25.5216],[152.2523,-25.5213],[152.2393,-25.5152],[152.2332,-25.515],[152.2303,-25.5193],[152.2273,-25.5145],[152.215,-25.513],[152.2157,-25.5201],[152.21,-25.521],[152.207,-25.5186],[152.2012,-25.5197],[152.1936,-25.5191],[152.1794,-25.523],[152.1794,-25.5291],[152.1757,-25.5357],[152.1689,-25.5419],[152.1658,-25.5473],[152.1631,-25.5597],[152.1646,-25.5743],[152.1543,-25.5831],[152.1459,-25.5843],[152.1398,-25.587],[152.1296,-25.5876],[152.1301,-25.591],[152.125,-25.5922],[152.1242,-25.5959],[152.1115,-25.5984],[152.11,-25.6035],[152.1122,-25.611],[152.1159,-25.6154],[152.1154,-25.6231],[152.1121,-25.6268],[152.1088,-25.626],[152.1043,-25.629],[152.0927,-25.6324],[152.0908,-25.6364],[152.0828,-25.6327],[152.0762,-25.6254],[152.0647,-25.6215],[152.0559,-25.6275],[152.0527,-25.6159],[152.0459,-25.613],[152.0415,-25.6196],[152.0383,-25.6426],[152.0299,-25.6422],[152.0271,-25.6504],[152.0187,-25.6573],[152.0125,-25.6651],[152.011,-25.674],[152.0176,-25.6802],[152.0153,-25.686],[152.0164,-25.6898],[152.0141,-25.7087],[152.0098,-25.7137],[152.003,-25.7178],[151.9967,-25.7115],[151.9883,-25.7147],[151.9821,-25.7153],[151.9824,-25.729],[151.9802,-25.7334],[151.9953,-25.7371],[151.9977,-25.7467],[151.9965,-25.7508],[151.9977,-25.771]]]},"properties":{"District Name":"Maryborough","DDMG Name":"Maryborough","Police Region Name":"North Coast Region","Police Region Code":"NCR","Police Region Short Name":"North Coast","Region Slug":"north_coast","Layer Id":"qld_ddmg_boundaries_gda2020_simp200m","Layer Group":"statewide","Layer Kind":"ddmg","Source":"QPS Disaster Districts, Queensland Police Service, via the Queensland Government Open Data Portal","Source URL":"https://www.data.qld.gov.au/dataset/qps-disaster-districts","Licence":"CC BY 4.0","Licence URL":"https://creativecommons.org/licenses/by/4.0/","Dataset Date":"19/05/2025","Simplification Tolerance M":200,"Coordinate Precision Decimals":4,"CRS":"GDA2020 (EPSG:7844)","Generated":"2026-09-13"},"id":"Maryborough"},{"type":"Feature","geometry":{"type":"Polygon","coordinates":[[[153.0668,-27.2815],[153.0848,-27.2583],[153.0875,-27.2593],[153.0927,-27.2563],[153.1079,-27.2616],[153.1113,-27.2456],[153.1172,-27.2301],[153.1152,-27.227],[153.1164,-27.2166],[153.1191,-27.2123],[153.1163,-27.2086],[153.1167,-27.1983],[153.1126,-27.1905],[153.1032,-27.1998],[153.0971,-27.2031],[153.0875,-27.206],[153.0822,-27.2035],[153.0746,-27.2023],[153.0574,-27.1975],[153.0499,-27.1943],[153.0403,-27.1972],[153.0371,-27.1963],[153.032,-27.1893],[153.0295,-27.1802],[153.0305,-27.1738],[153.0354,-27.1672],[153.0354,-27.1626],[153.0405,-27.1587],[153.0415,-27.1538],[153.0485,-27.1442],[153.0564,-27.1265],[153.067,-27.1101],[153.0986,-27.093],[153.1062,-27.0884],[153.1203,-27.085],[153.13,-27.0869],[153.133,-27.0859],[153.1668,-27.0999],[153.1764,-27.1002],[153.1816,-27.0982],[153.1916,-27.0982],[153.1983,-27.0937],[153.2008,-27.0884],[153.2066,-27.0834],[153.2074,-27.0793],[153.2044,-27.067],[153.1987,-27.0561],[153.1908,-27.0454],[153.1798,-27.0269],[153.1691,-27.0049],[153.1613,-26.9854],[153.1576,-26.9742],[153.147,-26.9373],[153.087,-26.9519],[153.0868,-26.9547],[153.0793,-26.9607],[153.0799,-26.9697],[153.0775,-26.9763],[153.0663,-26.9837],[153.0593,-26.9799],[153.0551,-26.9804],[153.0533,-26.9758],[153.0496,-26.975],[153.0428,-26.9694],[153.0185,-26.9663],[153.0169,-26.9791],[153.0116,-26.979],[153.003,-26.9848],[152.9884,-26.9831],[152.9851,-26.9847],[152.9781,-26.9802],[152.975,-26.9744],[152.9666,-26.9788],[152.9613,-26.9725],[152.9534,-26.9684],[152.9516,-26.966],[152.9326,-26.9633],[152.9235,-26.9601],[152.9197,-26.9555],[152.9133,-26.954],[152.9037,-26.9539],[152.8984,-26.958],[152.8912,-26.9607],[152.8855,-26.9559],[152.874,-26.9583],[152.8581,-26.9562],[152.8614,-26.9363],[152.8683,-26.9336],[152.8725,-26.9302],[152.8755,-26.9135],[152.8595,-26.9113],[152.8612,-26.9027],[152.8553,-26.9019],[152.8543,-26.8946],[152.8555,-26.8874],[152.8668,-26.8889],[152.8695,-26.8729],[152.8575,-26.8712],[152.8583,-26.8661],[152.8517,-26.8652],[152.8532,-26.8562],[152.848,-26.8581],[152.8386,-26.855],[152.8324,-26.8561],[152.829,-26.8502],[152.8245,-26.8494],[152.8181,-26.8402],[152.8184,-26.8375],[152.8114,-26.8284],[152.8049,-26.8242],[152.801,-26.8263],[152.7921,-26.8271],[152.7867,-26.8223],[152.7886,-26.813],[152.7773,-26.8094],[152.7795,-26.7971],[152.771,-26.7959],[152.7669,-26.7933],[152.7611,-26.7924],[152.7592,-26.803],[152.7531,-26.7973],[152.7495,-26.8163],[152.7392,-26.808],[152.733,-26.8149],[152.7291,-26.8166],[152.7266,-26.8115],[152.721,-26.8085],[152.7091,-26.8111],[152.6965,-26.8091],[152.6988,-26.803],[152.6792,-26.7999],[152.6788,-26.8088],[152.6813,-26.8099],[152.679,-26.8164],[152.672,-26.8189],[152.6785,-26.8303],[152.6727,-26.8344],[152.6674,-26.8361],[152.6668,-26.8403],[152.6708,-26.845],[152.67,-26.8548],[152.6776,-26.8636],[152.6759,-26.8661],[152.6802,-26.8694],[152.6866,-26.8776],[152.6873,-26.8864],[152.6893,-26.8889],[152.6886,-26.8969],[152.6789,-26.8956],[152.6786,-26.8978],[152.6675,-26.8962],[152.6674,-26.9041],[152.6622,-26.9101],[152.6874,-26.9136],[152.6823,-26.9151],[152.6783,-26.9184],[152.6697,-26.9293],[152.67,-26.9371],[152.6654,-26.9428],[152.6631,-26.9482],[152.6589,-26.9498],[152.6533,-26.949],[152.6518,-26.9538],[152.6677,-26.9591],[152.6659,-26.969],[152.6715,-26.9652],[152.6741,-26.9662],[152.6807,-26.9642],[152.6845,-26.9686],[152.6802,-26.972],[152.6799,-26.9784],[152.6868,-26.9796],[152.6865,-26.9847],[152.6833,-26.9921],[152.6871,-26.9969],[152.6911,-27.0045],[152.6971,-27.0095],[152.6973,-27.016],[152.7008,-27.0183],[152.7002,-27.0227],[152.7025,-27.0308],[152.6975,-27.0335],[152.6981,-27.0395],[152.6923,-27.0467],[152.6892,-27.0483],[152.6907,-27.0527],[152.6954,-27.0562],[152.695,-27.059],[152.6777,-27.0569],[152.6835,-27.0656],[152.6856,-27.072],[152.6869,-27.0833],[152.6761,-27.089],[152.6793,-27.0948],[152.6833,-27.0951],[152.6898,-27.0928],[152.6958,-27.0949],[152.708,-27.0963],[152.7181,-27.1022],[152.7262,-27.1032],[152.7345,-27.1023],[152.7335,-27.1074],[152.7303,-27.1087],[152.7301,-27.1184],[152.7281,-27.1219],[152.7305,-27.1259],[152.7348,-27.1417],[152.7393,-27.1509],[152.7291,-27.1638],[152.7334,-27.1706],[152.729,-27.1732],[152.723,-27.1805],[152.7186,-27.1827],[152.7163,-27.1866],[152.7123,-27.1887],[152.7035,-27.1992],[152.7017,-27.2043],[152.7042,-27.2088],[152.7005,-27.2198],[152.7022,-27.2263],[152.7002,-27.2302],[152.6909,-27.2359],[152.6927,-27.2404],[152.6874,-27.249],[152.6818,-27.254],[152.6816,-27.2638],[152.6836,-27.2716],[152.6869,-27.2749],[152.6905,-27.2744],[152.7046,-27.277],[152.7056,-27.2861],[152.7038,-27.2904],[152.7072,-27.2922],[152.7131,-27.2896],[152.7176,-27.2927],[152.7351,-27.297],[152.7393,-27.2937],[152.7456,-27.2934],[152.7522,-27.2954],[152.7568,-27.3007],[152.756,-27.3098],[152.7491,-27.3132],[152.7485,-27.3187],[152.7505,-27.3204],[152.7489,-27.3323],[152.7547,-27.3331],[152.7595,-27.3303],[152.7645,-27.3355],[152.7676,-27.335],[152.7719,-27.3432],[152.772,-27.3499],[152.7667,-27.3514],[152.7629,-27.3546],[152.7615,-27.3618],[152.7623,-27.3717],[152.7696,-27.3789],[152.7757,-27.3892],[152.7748,-27.3931],[152.7756,-27.4017],[152.7987,-27.4051],[152.8027,-27.3999],[152.8142,-27.4021],[152.8154,-27.4053],[152.8209,-27.4107],[152.8257,-27.4123],[152.8312,-27.4169],[152.8368,-27.4188],[152.8428,-27.4176],[152.8493,-27.4219],[152.853,-27.4206],[152.8612,-27.4224],[152.8648,-27.4178],[152.8745,-27.4114],[152.8769,-27.4143],[152.8972,-27.4173],[152.8993,-27.4036],[152.9151,-27.4057],[152.917,-27.3942],[152.9279,-27.3941],[152.9446,-27.406],[152.9526,-27.4059],[152.9589,-27.4028],[152.9592,-27.4001],[152.9659,-27.3968],[152.9769,-27.4007],[152.9781,-27.3946],[152.9753,-27.392],[152.9839,-27.3847],[152.9815,-27.3805],[152.98,-27.3707],[152.9831,-27.3681],[152.9807,-27.3641],[152.9817,-27.3586],[152.9878,-27.3595],[152.9874,-27.3547],[152.9826,-27.3532],[152.9793,-27.3498],[152.9796,-27.346],[152.9831,-27.3401],[152.9941,-27.3339],[152.9947,-27.3286],[153.0002,-27.3229],[153.0026,-27.3166],[153.0004,-27.3121],[152.9967,-27.3092],[152.997,-27.3025],[153.0072,-27.3012],[153.0124,-27.2961],[153.0146,-27.2885],[153.0309,-27.2984],[153.0355,-27.2971],[153.0366,-27.2929],[153.0351,-27.2867],[153.0375,-27.2818],[153.0408,-27.2795],[153.0496,-27.2787],[153.0668,-27.2815]],[[152.847,-26.8875],[152.8507,-26.8867],[152.852,-26.892],[152.8462,-26.8918],[152.847,-26.8875]]]},"properties":{"District Name":"Moreton","DDMG Name":"Moreton","Police Region Name":"Brisbane Region","Police Region Code":"BR","Police Region Short Name":"Brisbane","Region Slug":"brisbane","Layer Id":"qld_ddmg_boundaries_gda2020_simp200m","Layer Group":"statewide","Layer Kind":"ddmg","Source":"QPS Disaster Districts, Queensland Police Service, via the Queensland Government Open Data Portal","Source URL":"https://www.data.qld.gov.au/dataset/qps-disaster-districts","Licence":"CC BY 4.0","Licence URL":"https://creativecommons.org/licenses/by/4.0/","Dataset Date":"19/05/2025","Simplification Tolerance M":200,"Coordinate Precision Decimals":4,"CRS":"GDA2020 (EPSG:7844)","Generated":"2026-09-13"},"id":"Moreton"},{"type":"Feature","geometry":{"type":"MultiPolygon","coordinates":[[[[141.4848,-15.4992],[141.4796,-15.5053],[141.4731,-15.5217],[141.4682,-15.5372],[141.4562,-15.5821],[141.4518,-15.6015],[141.4412,-15.645],[141.4362,-15.6612],[141.4355,-15.6684],[141.4305,-15.6952],[141.4265,-15.7119],[141.4253,-15.7198],[141.4234,-15.7396],[141.4203,-15.7834],[141.4199,-15.7931],[141.416,-15.8313],[141.4126,-15.8553],[141.4085,-15.8715],[141.4012,-15.8895],[141.3947,-15.9013],[141.3947,-15.9038],[141.3906,-15.9123],[141.3843,-15.9154],[141.3792,-15.9196],[141.38,-15.9257],[141.3877,-15.9454],[141.3934,-15.9641],[141.3942,-15.9693],[141.4035,-15.9985],[141.4106,-16.0244],[141.4162,-16.035],[141.4194,-16.0439],[141.4306,-16.0618],[141.433,-16.0727],[141.4306,-16.0834],[141.4237,-16.0997],[141.4096,-16.1271],[141.4006,-16.1433],[141.3906,-16.157],[141.3818,-16.1716],[141.3541,-16.2134],[141.3481,-16.2261],[141.3459,-16.2357],[141.3485,-16.2429],[141.3462,-16.257],[141.3425,-16.2755],[141.3368,-16.2892],[141.3366,-16.2931],[141.3266,-16.3242],[141.3268,-16.3278],[141.3211,-16.3456],[141.3184,-16.3524],[141.3129,-16.3608],[141.3063,-16.3745],[141.3009,-16.3831],[141.2995,-16.3934],[141.2906,-16.4008],[141.2882,-16.4082],[141.288,-16.4216],[141.2911,-16.4274],[141.3001,-16.4372],[141.3057,-16.4491],[141.3078,-16.4651],[141.307,-16.4735],[141.3044,-16.4843],[141.2931,-16.5046],[141.2896,-16.5133],[141.2827,-16.5277],[141.2746,-16.5433],[141.2743,-16.5528],[141.2699,-16.5603],[141.2659,-16.5534],[141.2599,-16.5527],[141.2536,-16.5552],[141.2501,-16.5592],[141.2439,-16.5724],[141.2439,-16.5753],[141.2385,-16.5804],[141.2358,-16.5869],[141.2346,-16.5981],[141.2312,-16.6082],[141.2271,-16.6252],[141.2233,-16.6521],[141.218,-16.6667],[141.2042,-16.6921],[141.2003,-16.6954],[141.1937,-16.7063],[141.1811,-16.7245],[141.1734,-16.7338],[141.154,-16.7555],[141.1433,-16.7666],[141.12,-16.787],[141.1107,-16.7939],[141.1011,-16.7988],[141.0965,-16.8001],[141.0901,-16.7989],[141.0906,-16.8028],[141.0972,-16.8025],[141.0967,-16.8078],[141.0914,-16.8088],[141.0848,-16.8059],[141.0823,-16.807],[141.078,-16.8196],[141.0767,-16.8418],[141.0737,-16.8513],[141.0684,-16.863],[141.0527,-16.8882],[141.0424,-16.9029],[141.0199,-16.9304],[141.01,-16.941],[141.0009,-16.9498],[140.9842,-16.9631],[140.9742,-16.9731],[140.9643,-16.9912],[140.9589,-16.9985],[140.9527,-17.0144],[140.9495,-17.0256],[140.9462,-17.0422],[140.948,-17.0485],[140.9515,-17.0507],[140.9501,-17.0628],[140.9537,-17.0745],[140.956,-17.0904],[140.953,-17.0973],[140.9554,-17.1006],[140.9553,-17.1049],[140.9489,-17.1448],[140.9502,-17.1518],[140.9472,-17.1556],[140.9394,-17.1745],[140.9395,-17.1866],[140.9317,-17.1902],[140.9242,-17.2012],[140.9236,-17.2077],[140.9256,-17.21],[140.9236,-17.2152],[140.9172,-17.225],[140.9138,-17.2323],[140.9104,-17.2504],[140.91,-17.2596],[140.9077,-17.278],[140.9051,-17.2798],[140.905,-17.2914],[140.9005,-17.3045],[140.8992,-17.3141],[140.8995,-17.3236],[140.8937,-17.343],[140.8935,-17.3494],[140.8895,-17.3602],[140.8884,-17.3679],[140.8841,-17.3748],[140.8836,-17.3818],[140.8749,-17.3926],[140.8727,-17.3937],[140.8633,-17.4062],[140.8618,-17.4096],[140.8516,-17.4231],[140.8462,-17.4369],[140.8345,-17.4482],[140.8274,-17.458],[140.8142,-17.4646],[140.8094,-17.4649],[140.7902,-17.4729],[140.7701,-17.478],[140.7701,-17.4819],[140.7594,-17.4877],[140.7442,-17.5018],[140.7403,-17.5105],[140.7372,-17.5146],[140.7333,-17.5161],[140.7292,-17.5134],[140.7235,-17.5136],[140.7133,-17.5092],[140.7109,-17.5096],[140.7064,-17.515],[140.7011,-17.518],[140.6926,-17.5197],[140.685,-17.5252],[140.6799,-17.5272],[140.6776,-17.5319],[140.6644,-17.5425],[140.6577,-17.5503],[140.6411,-17.566],[140.619,-17.5811],[140.6083,-17.5871],[140.6032,-17.5911],[140.5981,-17.5924],[140.5897,-17.5984],[140.5835,-17.5983],[140.5723,-17.6022],[140.5661,-17.6027],[140.5598,-17.6057],[140.5447,-17.6191],[140.5255,-17.63],[140.5067,-17.6365],[140.4875,-17.6424],[140.461,-17.6458],[140.4567,-17.6428],[140.4518,-17.6421],[140.4463,-17.646],[140.4345,-17.6498],[140.4264,-17.657],[140.4083,-17.666],[140.3884,-17.6751],[140.3665,-17.68],[140.3507,-17.6855],[140.3298,-17.6879],[140.3111,-17.6888],[140.3062,-17.6904],[140.2883,-17.694],[140.2834,-17.6956],[140.2775,-17.6951],[140.2685,-17.6962],[140.2628,-17.6985],[140.2557,-17.6973],[140.2489,-17.6981],[140.2288,-17.7029],[140.2167,-17.7077],[140.2101,-17.7035],[140.2046,-17.7031],[140.1892,-17.7059],[140.1831,-17.7082],[140.1737,-17.7086],[140.1618,-17.7116],[140.1597,-17.7137],[140.155,-17.712],[140.1421,-17.7141],[140.1238,-17.7189],[140.0899,-17.7232],[140.0448,-17.7223],[140.0305,-17.7213],[140.0068,-17.7162],[139.9926,-17.7119],[139.9825,-17.7062],[139.9728,-17.6997],[139.9577,-17.687],[139.9447,-17.6724],[139.9402,-17.6647],[139.9381,-17.659],[139.9386,-17.648],[139.935,-17.6456],[139.9444,-17.6409],[139.9422,-17.6351],[139.9353,-17.6297],[139.9209,-17.6225],[139.9073,-17.6181],[139.903,-17.6176],[139.8817,-17.611],[139.8475,-17.5962],[139.8437,-17.5958],[139.8417,-17.6015],[139.8454,-17.6052],[139.8338,-17.6054],[139.8341,-17.5967],[139.8392,-17.5922],[139.839,-17.588],[139.828,-17.578],[139.8264,-17.5735],[139.8189,-17.5695],[139.8097,-17.5738],[139.8014,-17.5724],[139.796,-17.5791],[139.7916,-17.5798],[139.7851,-17.5751],[139.7725,-17.5738],[139.7521,-17.5774],[139.7541,-17.5714],[139.7522,-17.5671],[139.7478,-17.5696],[139.7429,-17.569],[139.7383,-17.564],[139.7346,-17.5627],[139.731,-17.5573],[139.7198,-17.5528],[139.714,-17.5555],[139.7078,-17.5551],[139.7074,-17.5505],[139.6978,-17.5507],[139.6962,-17.5494],[139.6781,-17.5456],[139.6712,-17.5458],[139.6546,-17.5404],[139.6462,-17.5396],[139.6385,-17.5338],[139.6336,-17.5286],[139.6182,-17.5221],[139.6113,-17.5157],[139.6085,-17.5104],[139.6032,-17.5113],[139.6037,-17.5073],[139.5988,-17.5031],[139.5958,-17.4975],[139.5916,-17.4861],[139.5853,-17.4815],[139.5803,-17.4795],[139.575,-17.4807],[139.5699,-17.4772],[139.5661,-17.4781],[139.5634,-17.4746],[139.5529,-17.472],[139.5401,-17.4647],[139.5442,-17.4628],[139.5513,-17.4626],[139.5496,-17.4584],[139.5397,-17.448],[139.5317,-17.4406],[139.516,-17.4335],[139.5071,-17.4287],[139.4957,-17.417],[139.4771,-17.4041],[139.4636,-17.3982],[139.4495,-17.3951],[139.4417,-17.3888],[139.4222,-17.379],[139.4159,-17.3752],[139.4073,-17.3735],[139.3879,-17.3735],[139.3738,-17.3752],[139.361,-17.3756],[139.3499,-17.3751],[139.3386,-17.3756],[139.3339,-17.3718],[139.3193,-17.3663],[139.3083,-17.3641],[139.2968,-17.357],[139.2886,-17.3532],[139.2848,-17.3529],[139.2826,-17.3496],[139.2544,-17.3332],[139.2417,-17.3248],[139.2373,-17.3226],[139.2209,-17.307],[139.2166,-17.304],[139.2074,-17.2882],[139.2039,-17.285],[139.2014,-17.2719],[139.1961,-17.2601],[139.1879,-17.2462],[139.1825,-17.2321],[139.1739,-17.2162],[139.1691,-17.2041],[139.1671,-17.203],[139.1664,-17.1967],[139.1599,-17.1841],[139.1597,-17.1792],[139.1558,-17.1708],[139.1534,-17.1477],[139.151,-17.1339],[139.1486,-17.1281],[139.1483,-17.1219],[139.1461,-17.117],[139.1454,-17.1111],[139.1405,-17.0945],[139.1396,-17.0879],[139.1401,-17.0766],[139.1436,-17.0604],[139.1462,-17.0526],[139.1525,-17.0422],[139.1562,-17.03],[139.1475,-17.0253],[139.1402,-17.024],[139.1153,-17.0168],[139.1061,-17.0115],[139.0957,-17.0067],[139.0921,-17.0069],[139.0788,-16.991],[139.0696,-16.9728],[139.0454,-16.9563],[139.0386,-16.9479],[139.0342,-16.9377],[139.0334,-16.9305],[139.0312,-16.9285],[139.035,-16.9219],[139.0385,-16.9194],[139.0378,-16.9133],[139.0305,-16.9115],[139.0249,-16.9088],[139.0091,-16.8985],[139.0032,-16.8967],[138.9988,-16.9014],[138.9928,-16.8951],[138.9836,-16.8927],[138.9817,-16.8901],[138.9628,-16.8887],[138.9488,-16.8871],[138.9292,-16.8839],[138.9225,-16.8813],[138.9097,-16.8777],[138.889,-16.8791],[138.8819,-16.8781],[138.8716,-16.8754],[138.8471,-16.87],[138.8365,-16.8653],[138.8296,-16.8608],[138.8252,-16.8548],[138.8201,-16.8528],[138.8078,-16.8501],[138.7868,-16.8447],[138.7739,-16.8402],[138.7584,-16.833],[138.7528,-16.8277],[138.7365,-16.821],[138.7312,-16.8204],[138.728,-16.8169],[138.7124,-16.8125],[138.6906,-16.8049],[138.6701,-16.7953],[138.6643,-16.791],[138.655,-16.7794],[138.6508,-16.7761],[138.6377,-16.7723],[138.6338,-16.7721],[138.6291,-16.7691],[138.6262,-16.7713],[138.6093,-16.774],[138.6008,-16.7747],[138.5837,-16.7781],[138.5821,-16.7794],[138.5742,-16.7779],[138.5404,-16.7803],[138.5372,-16.7846],[138.5289,-16.7823],[138.5105,-16.782],[138.4911,-16.7798],[138.4866,-16.7808],[138.4845,-16.7844],[138.4771,-16.7837],[138.4644,-16.7785],[138.4589,-16.7782],[138.4536,-16.7729],[138.446,-16.7721],[138.4361,-16.7727],[138.4306,-16.7746],[138.4252,-16.7746],[138.4131,-16.7683],[138.4014,-16.7591],[138.3871,-16.7516],[138.3668,-16.7427],[138.3615,-16.7413],[138.3305,-16.7406],[138.33,-16.7447],[138.3195,-16.7476],[138.3145,-16.7438],[138.2971,-16.7387],[138.2881,-16.7338],[138.2734,-16.7209],[138.2677,-16.7189],[138.2394,-16.7126],[138.2249,-16.7086],[138.2056,-16.7019],[138.1954,-16.6976],[138.1795,-16.6897],[138.1698,-16.684],[138.1621,-16.6784],[138.1561,-16.68],[138.1571,-16.673],[138.1529,-16.6694],[138.1431,-16.6652],[138.1282,-16.6558],[138.115,-16.6484],[138.109,-16.642],[138.0956,-16.6304],[138.0856,-16.6203],[138.0811,-16.6204],[138.0813,-16.6156],[138.079,-16.6129],[138.06,-16.6006],[138.0505,-16.5832],[138.0441,-16.5761],[138.0391,-16.573],[138.0293,-16.5695],[138.0281,-16.5641],[138.0173,-16.5551],[138.0042,-16.5475],[137.9947,-16.5387],[137.9947,-16.6952],[137.9948,-16.8407],[137.9949,-16.9861],[137.995,-17.1315],[137.995,-17.2137],[137.995,-17.4508],[137.9953,-17.6563],[137.9954,-17.7858],[137.9955,-17.9311],[137.9956,-18.0765],[137.9956,-18.2073],[137.9957,-18.3964],[137.9957,-18.4837],[137.9958,-18.6174],[137.9959,-18.658],[137.996,-18.8034],[137.9961,-18.9487],[137.9962,-19.0602],[137.996,-19.1567],[137.996,-19.2395],[137.996,-19.3849],[137.9961,-19.5304],[137.9962,-19.6758],[137.9963,-19.7485],[137.9963,-19.894],[137.9964,-20.0394],[137.9965,-20.1848],[137.9966,-20.3302],[137.9967,-20.4756],[137.9968,-20.621],[137.9968,-20.7564],[137.9969,-20.839],[137.997,-20.9844],[137.997,-21.1298],[137.9971,-21.2751],[137.9972,-21.3478],[137.9972,-21.4932],[137.9974,-21.6385],[137.9975,-21.7693],[137.9976,-21.9094],[137.9976,-22.0019],[137.9977,-22.1472],[137.9978,-22.2893],[137.9979,-22.3797],[137.9979,-22.4523],[137.998,-22.5831],[137.998,-22.6557],[137.998,-22.7863],[137.9981,-22.8735],[137.9983,-22.9985],[137.9983,-23.0624],[137.9984,-23.1641],[137.9985,-23.3094],[137.9985,-23.4547],[137.9986,-23.5273],[137.9987,-23.6726],[137.9987,-23.7469],[137.9988,-23.8906],[137.9988,-24.0358],[137.9988,-24.1811],[137.9988,-24.3264],[137.9988,-24.399],[137.9988,-24.5443],[137.9989,-24.6169],[137.9989,-24.7622],[137.9989,-24.8348],[137.9989,-24.98],[137.9989,-25.1253],[137.9989,-25.2705],[137.9989,-25.4158],[137.9989,-25.561],[137.9989,-25.6336],[137.999,-25.7789],[137.999,-25.9242],[137.9991,-25.9968],[138.1059,-25.9968],[138.2666,-25.9968],[138.4272,-25.9968],[138.5879,-25.9968],[138.7486,-25.9967],[138.9093,-25.9967],[139.07,-25.9967],[139.2085,-25.9966],[139.3111,-25.9966],[139.3915,-25.9966],[139.4718,-25.9967],[139.5523,-25.9966],[139.6327,-25.9966],[139.7934,-25.9965],[139.8738,-25.9965],[140.0346,-25.9965],[140.115,-25.9965],[140.2758,-25.9965],[140.4366,-25.9965],[140.5974,-25.9965],[140.7582,-25.9964],[140.9096,-25.9964],[140.9255,-25.838],[140.9377,-25.716],[140.9209,-25.7146],[140.9228,-25.6805],[140.8969,-25.6789],[140.9115,-25.5246],[140.881,-25.4675],[140.8755,-25.4704],[140.8748,-25.4732],[140.8675,-25.476],[140.8599,-25.4833],[140.8446,-25.4881],[140.8372,-25.4948],[140.8389,-25.4982],[140.8343,-25.5087],[140.8253,-25.5249],[140.775,-25.4743],[140.6779,-25.4666],[140.6864,-25.3785],[140.7012,-25.21],[140.7148,-25.2138],[140.8571,-25.2261],[140.8701,-25.087],[140.879,-24.9926],[140.8024,-24.9862],[140.8051,-24.9481],[140.811,-24.8407],[140.8722,-24.845],[140.8831,-24.6982],[140.8367,-24.6946],[140.8387,-24.6689],[140.9616,-24.6735],[141.0845,-24.6742],[141.2425,-24.686],[141.2389,-24.7251],[141.3611,-24.6291],[141.3755,-24.4829],[141.4301,-24.4835],[141.518,-24.5776],[141.5233,-24.5793],[141.5231,-24.5836],[141.7083,-24.631],[141.7311,-24.6367],[141.7345,-24.6335],[141.7461,-24.631],[141.7631,-24.6332],[141.77,-24.6296],[141.7733,-24.625],[141.7886,-24.6219],[141.7943,-24.623],[141.7969,-24.621],[141.8115,-24.6192],[141.8225,-24.6122],[141.8295,-24.6037],[141.8396,-24.5984],[141.843,-24.5943],[141.8544,-24.5882],[141.8582,-24.5853],[141.8605,-24.5791],[141.8678,-24.5731],[141.8731,-24.564],[141.8787,-24.56],[141.893,-24.5581],[141.9014,-24.556],[141.9083,-24.5494],[141.9156,-24.5451],[141.924,-24.5417],[141.9305,-24.5375],[141.9363,-24.5384],[141.9484,-24.5364],[141.956,-24.5341],[141.9647,-24.5281],[141.9671,-24.5228],[141.9705,-24.5199],[141.8636,-24.4031],[141.93,-24.3526],[141.9221,-24.3433],[141.9647,-24.3108],[141.9314,-24.2785],[141.8465,-24.195],[141.8058,-24.1548],[141.9193,-24.0574],[142.0238,-24.1677],[142.0527,-24.1334],[142.1005,-24.0952],[142.1118,-23.9946],[142.1214,-23.9096],[142.1351,-23.7889],[142.1429,-23.7179],[142.145,-23.7008],[142.0058,-23.6939],[141.9892,-23.6924],[141.9879,-23.7063],[141.8288,-23.6918],[141.6804,-23.6909],[141.6794,-23.7055],[141.6038,-23.6975],[141.531,-23.6894],[141.4558,-23.6048],[141.3882,-23.5334],[141.3926,-23.5299],[141.3842,-23.5264],[141.377,-23.5276],[141.306,-23.4514],[141.3003,-23.4473],[141.2967,-23.4416],[141.2613,-23.4043],[141.2414,-23.3854],[141.1551,-23.2908],[141.0472,-23.375],[141.0338,-23.3841],[141.0314,-23.3838],[141.0019,-23.3529],[140.9751,-23.3251],[140.9441,-23.2911],[140.8294,-23.1702],[140.8222,-23.1615],[140.947,-23.0678],[140.9402,-23.06],[140.9246,-23.0444],[140.9792,-22.9998],[141.0464,-22.9476],[141.0227,-22.9233],[140.9892,-22.9132],[140.988,-22.9122],[140.9899,-22.9],[140.9991,-22.8984],[141.1223,-22.8045],[141.1145,-22.7745],[141.1204,-22.7522],[141.1229,-22.7492],[141.1173,-22.7027],[141.104,-22.6918],[141.1028,-22.6901],[141.0949,-22.6419],[141.0919,-22.6372],[141.0896,-22.6282],[141.0909,-22.6182],[141.099,-22.6183],[141.1339,-22.6213],[141.1456,-22.6333],[141.1989,-22.5975],[141.1305,-22.5214],[141.0797,-22.4656],[141.1533,-22.4076],[141.2457,-22.3354],[141.2537,-22.3216],[141.2285,-22.2979],[141.1827,-22.2494],[141.1986,-22.0552],[141.2943,-22.0619],[141.2937,-22.054],[141.2902,-22.0451],[141.2914,-22.0324],[141.2886,-22.0263],[141.2908,-22.0239],[141.2842,-22.01],[141.2846,-21.9888],[141.2884,-21.9839],[141.2903,-21.978],[141.3097,-21.9397],[141.4833,-21.9472],[141.5081,-21.752],[141.5826,-21.7581],[141.5792,-21.7943],[141.7389,-21.8072],[141.7404,-21.7914],[141.9392,-21.8072],[142.0483,-21.8158],[142.0574,-21.7548],[142.0661,-21.6977],[142.0675,-21.6535],[142.0692,-21.6104],[142.0645,-21.6084],[142.0647,-21.6043],[142.0694,-21.6047],[142.0709,-21.5632],[142.072,-21.5407],[142.0737,-21.5233],[142.0383,-21.5201],[142.0803,-21.4883],[142.0917,-21.3826],[142.064,-21.3799],[142.1377,-21.3235],[142.0473,-21.2243],[142.0577,-21.2165],[142.1577,-21.2347],[142.2499,-21.2362],[142.2553,-21.1697],[142.2224,-21.1674],[142.2316,-21.0701],[142.2324,-21.0703],[142.2378,-21.0141],[142.1991,-21.0108],[142.2031,-20.9875],[142.2919,-20.9949],[142.2956,-20.9526],[142.3019,-20.8842],[142.3209,-20.8862],[142.331,-20.7941],[142.3549,-20.7964],[142.3634,-20.7199],[142.3099,-20.7147],[142.3347,-20.6651],[142.3391,-20.6656],[142.3449,-20.6006],[142.3411,-20.6003],[142.3424,-20.5857],[142.3445,-20.5712],[142.3472,-20.5715],[142.3616,-20.5685],[142.3738,-20.4397],[142.3707,-20.4395],[142.3806,-20.334],[142.3358,-20.3303],[142.347,-20.2115],[142.3539,-20.1382],[142.3609,-20.0626],[142.3689,-19.9755],[142.3794,-19.8617],[142.3493,-19.8592],[142.363,-19.7255],[142.3752,-19.5999],[142.6022,-19.62],[142.6096,-19.5478],[142.5921,-19.5466],[142.6048,-19.4032],[142.5611,-19.4002],[142.3967,-19.3884],[142.3953,-19.4023],[142.3744,-19.4004],[142.3831,-19.3114],[142.4007,-19.1265],[142.3538,-19.1226],[142.3523,-19.1475],[142.2364,-19.136],[142.2351,-19.1495],[142.1594,-19.142],[142.1766,-18.9721],[142.1291,-18.9695],[142.1267,-18.9934],[141.9415,-18.9784],[141.9311,-19.0896],[141.7711,-19.0782],[141.7622,-19.1918],[141.7532,-19.1932],[141.7445,-19.1917],[141.7391,-19.1851],[141.7345,-19.184],[141.729,-19.179],[141.7155,-19.1791],[141.709,-19.1727],[141.7042,-19.1707],[141.6965,-19.1596],[141.6904,-19.1561],[141.6861,-19.1572],[141.6787,-19.1555],[141.669,-19.1591],[141.6583,-19.1571],[141.6439,-19.1572],[141.6396,-19.1547],[141.6359,-19.1557],[141.6285,-19.1506],[141.6237,-19.1505],[141.6214,-19.1459],[141.6153,-19.1427],[141.6167,-19.1384],[141.6128,-19.1378],[141.6112,-19.13],[141.6132,-19.1242],[141.61,-19.1212],[141.6089,-19.1134],[141.6201,-19.1146],[141.6362,-18.9671],[141.6682,-18.9697],[141.6814,-18.8263],[141.692,-18.7136],[141.6224,-18.7076],[141.5581,-18.7008],[141.364,-18.6814],[141.37,-18.6255],[141.315,-18.6204],[141.2992,-18.6098],[141.3028,-18.6055],[141.3016,-18.6022],[141.3022,-18.5952],[141.2999,-18.5887],[141.2946,-18.5852],[141.2921,-18.5779],[141.2936,-18.5752],[141.2917,-18.5666],[141.2967,-18.5659],[141.3003,-18.5633],[141.2987,-18.5565],[141.2923,-18.5486],[141.2881,-18.5464],[141.2882,-18.5412],[141.2855,-18.53],[141.2862,-18.5229],[141.2837,-18.5187],[141.2856,-18.5149],[141.2848,-18.5054],[141.2904,-18.5002],[141.2977,-18.4996],[141.2993,-18.4929],[141.2929,-18.4851],[141.2929,-18.48],[141.2986,-18.4755],[141.2938,-18.4676],[141.2965,-18.4634],[141.2961,-18.4585],[141.301,-18.4557],[141.3008,-18.4503],[141.3048,-18.4478],[141.3013,-18.4375],[141.3026,-18.4295],[141.3007,-18.4265],[141.2924,-18.4251],[141.2894,-18.4215],[141.2806,-18.416],[141.2839,-18.4096],[141.2825,-18.4052],[141.2838,-18.3982],[141.2815,-18.3912],[141.2748,-18.3887],[141.2694,-18.3821],[141.2674,-18.3778],[141.2661,-18.3688],[141.2618,-18.3653],[141.2545,-18.364],[141.2499,-18.3537],[141.2498,-18.3505],[141.2419,-18.3464],[141.2384,-18.3368],[141.2229,-18.3285],[141.2233,-18.3246],[141.2207,-18.3165],[141.2175,-18.3145],[141.22,-18.3097],[141.2183,-18.302],[141.2199,-18.2951],[141.2125,-18.2884],[141.2108,-18.2826],[141.2131,-18.2794],[141.2108,-18.2748],[141.2114,-18.2703],[141.2094,-18.2628],[141.205,-18.2596],[141.2047,-18.2554],[141.2015,-18.2528],[141.1937,-18.2536],[141.1894,-18.2464],[141.1906,-18.2385],[141.1897,-18.2323],[141.1866,-18.23],[141.1869,-18.2247],[141.181,-18.2158],[141.1801,-18.2119],[141.17,-18.2071],[141.1666,-18.2037],[141.1627,-18.2046],[141.1575,-18.196],[141.1473,-18.1929],[141.1445,-18.1956],[141.137,-18.1889],[141.1379,-18.1797],[141.1433,-18.1695],[141.144,-18.1648],[141.1432,-18.1571],[141.1394,-18.1495],[141.1389,-18.145],[141.1349,-18.1377],[141.1359,-18.132],[141.1341,-18.1253],[141.1363,-18.1223],[141.1405,-18.1127],[141.1468,-18.1104],[141.1921,-18.1133],[141.1999,-18.0154],[141.2838,-18.0232],[141.2817,-18.0467],[141.3952,-18.0571],[141.4002,-18.004],[141.3951,-18.004],[141.3883,-18.0066],[141.3921,-17.9479],[141.3931,-17.9348],[141.4661,-17.939],[141.4682,-17.9104],[141.3044,-17.8989],[141.3169,-17.7367],[141.3283,-17.7332],[141.3388,-17.7445],[141.348,-17.7432],[141.3574,-17.7441],[141.3596,-17.7465],[141.3593,-17.7544],[141.3621,-17.7555],[141.3744,-17.7521],[141.3829,-17.7514],[141.3934,-17.7532],[141.3986,-17.7569],[141.4041,-17.7633],[141.4134,-17.7616],[141.4219,-17.7557],[141.433,-17.7493],[141.4383,-17.6798],[141.3782,-17.6766],[141.3822,-17.608],[141.4066,-17.6099],[141.4137,-17.5348],[141.4223,-17.4438],[141.5727,-17.4584],[141.5764,-17.4204],[141.7287,-17.4329],[141.7256,-17.4695],[141.8367,-17.4825],[141.7853,-17.4224],[141.8909,-17.3364],[141.8977,-17.3307],[142.0123,-17.4712],[142.0578,-17.4343],[142.1784,-17.5662],[142.2677,-17.4918],[142.2679,-17.4873],[142.263,-17.4806],[142.259,-17.4712],[142.2525,-17.4658],[142.2514,-17.4628],[142.2447,-17.4579],[142.2386,-17.4574],[142.2296,-17.4517],[142.2254,-17.4456],[142.2172,-17.4418],[142.206,-17.4423],[142.1933,-17.4405],[142.1843,-17.4379],[142.175,-17.4324],[142.3406,-17.2862],[142.4016,-17.3553],[142.5011,-17.2267],[142.5407,-17.1755],[142.5351,-17.1768],[142.522,-17.1752],[142.5196,-17.1717],[142.513,-17.1704],[142.5083,-17.1621],[142.5053,-17.1605],[142.4936,-17.1489],[142.487,-17.1458],[142.4859,-17.1423],[142.4742,-17.1365],[142.4673,-17.129],[142.4667,-17.1262],[142.4617,-17.1223],[142.4623,-17.1182],[142.4588,-17.1161],[142.4559,-17.1083],[142.4513,-17.1058],[142.4452,-17.105],[142.4402,-17.1012],[142.4359,-17.1008],[142.4287,-17.096],[142.4275,-17.0923],[142.4214,-17.0874],[142.508,-16.9721],[142.5231,-16.8114],[142.5467,-16.5577],[142.5795,-16.3141],[142.5961,-16.1907],[142.6372,-16.1324],[142.699,-16.1732],[142.7422,-16.112],[142.7423,-16.1095],[142.7346,-16.1025],[142.7225,-16.0891],[142.711,-16.0794],[142.7061,-16.074],[142.6986,-16.0704],[142.6884,-16.0704],[142.6801,-16.0695],[142.6718,-16.0665],[142.6603,-16.0608],[142.6488,-16.0501],[142.6412,-16.038],[142.6365,-16.0279],[142.6309,-16.0206],[142.622,-16.0169],[142.6305,-15.9545],[142.6958,-15.8965],[142.7063,-15.7477],[142.7701,-15.7524],[142.7798,-15.6131],[142.8904,-15.6196],[142.9031,-15.4747],[142.9596,-15.4793],[142.9724,-15.3331],[142.8392,-15.3237],[142.6674,-15.3114],[142.6517,-15.443],[142.6501,-15.4605],[142.5351,-15.4501],[142.2401,-15.4231],[142.1927,-15.3476],[142.0931,-15.1902],[142.0245,-15.3788],[142.0189,-15.3795],[142.0123,-15.373],[142.0012,-15.3681],[141.9958,-15.3647],[141.9841,-15.3624],[141.9757,-15.3578],[141.9683,-15.3556],[141.9631,-15.3655],[141.9565,-15.3802],[141.944,-15.3861],[141.9403,-15.3906],[141.9402,-15.3976],[141.945,-15.4047],[141.951,-15.4059],[141.956,-15.411],[141.9573,-15.4169],[141.9645,-15.4189],[141.969,-15.422],[141.9712,-15.4267],[141.9825,-15.438],[141.9839,-15.4422],[141.9917,-15.4476],[141.9953,-15.4535],[141.9726,-15.5691],[141.7992,-15.5547],[141.639,-15.5411],[141.6281,-15.5438],[141.6262,-15.5404],[141.6173,-15.5364],[141.6042,-15.5354],[141.5988,-15.5292],[141.5981,-15.5252],[141.5929,-15.5207],[141.5871,-15.5217],[141.5816,-15.5193],[141.5794,-15.5261],[141.5742,-15.5261],[141.5654,-15.5305],[141.5631,-15.5347],[141.5562,-15.5309],[141.5569,-15.5233],[141.5598,-15.5169],[141.5518,-15.5177],[141.5519,-15.5125],[141.5494,-15.5108],[141.5431,-15.5124],[141.5385,-15.5108],[141.5355,-15.5069],[141.531,-15.5087],[141.5319,-15.5136],[141.5217,-15.5128],[141.5222,-15.5212],[141.5281,-15.522],[141.5282,-15.5268],[141.5218,-15.5268],[141.5187,-15.5227],[141.5121,-15.5196],[141.5098,-15.522],[141.5031,-15.5191],[141.5027,-15.5162],[141.507,-15.5144],[141.5051,-15.5073],[141.5024,-15.5056],[141.4961,-15.5101],[141.4961,-15.5164],[141.4926,-15.5153],[141.4922,-15.508],[141.4994,-15.5019],[141.5073,-15.4922],[141.5025,-15.4914],[141.4997,-15.4855],[141.493,-15.4881],[141.4915,-15.4969],[141.4848,-15.4992]]],[[[141.6507,-15.0689],[141.6453,-15.0704],[141.6434,-15.0788],[141.6445,-15.0837],[141.6493,-15.09],[141.6549,-15.092],[141.6666,-15.1023],[141.6742,-15.1118],[141.686,-15.1103],[141.6884,-15.1042],[141.6929,-15.1007],[141.6969,-15.1005],[141.7007,-15.104],[141.7015,-15.1094],[141.7064,-15.1078],[141.7098,-15.1124],[141.71,-15.1205],[141.7139,-15.1222],[141.7195,-15.1214],[141.7207,-15.1245],[141.7174,-15.127],[141.7204,-15.1302],[141.7232,-15.1397],[141.7306,-15.1422],[141.7311,-15.1452],[141.7382,-15.1456],[141.7412,-15.1499],[141.7466,-15.1489],[141.746,-15.1422],[141.7535,-15.1449],[141.7584,-15.1397],[141.7643,-15.1405],[141.7684,-15.1427],[141.7731,-15.1405],[141.775,-15.1421],[141.7776,-15.14],[141.7827,-15.1407],[141.7865,-15.146],[141.7952,-15.1444],[141.8054,-15.1409],[141.805,-15.1378],[141.8116,-15.1345],[141.8187,-15.1326],[141.8233,-15.1365],[141.8367,-15.1306],[141.8436,-15.1267],[141.8482,-15.1274],[141.8517,-15.1262],[141.8602,-15.1273],[141.8662,-15.1246],[141.8715,-15.1262],[141.8747,-15.1223],[141.8802,-15.12],[141.8837,-15.1214],[141.8919,-15.1163],[141.897,-15.115],[141.8996,-15.1164],[141.9128,-15.1157],[141.9138,-15.1122],[141.9202,-15.1105],[141.9253,-15.1113],[141.9282,-15.1148],[141.9343,-15.114],[141.9408,-15.1065],[141.9457,-15.1067],[141.9561,-15.1049],[141.9611,-15.1013],[141.9666,-15.0995],[141.9708,-15.0963],[141.9775,-15.0941],[141.9834,-15.0894],[141.9898,-15.0863],[141.9955,-15.0925],[142.0008,-15.094],[142.0124,-15.0914],[142.0146,-15.0879],[142.0184,-15.0872],[142.0248,-15.0818],[142.0307,-15.0812],[142.0353,-15.0781],[142.0393,-15.0787],[142.0482,-15.0769],[142.0527,-15.0775],[142.0573,-15.0712],[142.0641,-15.0689],[142.0706,-15.0605],[142.0746,-15.0582],[142.0789,-15.0582],[142.0866,-15.0474],[142.0989,-15.0397],[142.0993,-15.0336],[142.1139,-15.02],[142.112,-15.0164],[142.1133,-15.0101],[142.1108,-15.009],[142.1044,-15.0188],[142.0931,-15.0313],[142.0927,-15.0356],[142.0864,-15.0433],[142.0866,-15.0453],[142.0815,-15.0504],[142.0595,-15.0624],[142.0594,-15.0678],[142.047,-15.0706],[142.0432,-15.0736],[142.0372,-15.0706],[142.031,-15.0728],[142.0229,-15.0778],[142.0182,-15.0783],[142.0036,-15.0878],[141.9956,-15.087],[141.9928,-15.0843],[141.9847,-15.0886],[141.9742,-15.0882],[141.9689,-15.0916],[141.9629,-15.0932],[141.9582,-15.0924],[141.9549,-15.0951],[141.9467,-15.0983],[141.9339,-15.1136],[141.9296,-15.1142],[141.9256,-15.1109],[141.9192,-15.1099],[141.9143,-15.1108],[141.9124,-15.1147],[141.9038,-15.1159],[141.8973,-15.1141],[141.8918,-15.1158],[141.8839,-15.1207],[141.8794,-15.1195],[141.8729,-15.1229],[141.8711,-15.1256],[141.8663,-15.1243],[141.8582,-15.1258],[141.8525,-15.1257],[141.8496,-15.1269],[141.8432,-15.1254],[141.8368,-15.13],[141.8317,-15.1312],[141.8233,-15.1356],[141.8187,-15.1318],[141.8047,-15.1368],[141.8049,-15.14],[141.7863,-15.1446],[141.784,-15.1405],[141.7792,-15.1393],[141.7748,-15.141],[141.771,-15.1396],[141.7657,-15.1407],[141.763,-15.1368],[141.7561,-15.1359],[141.7543,-15.1408],[141.7424,-15.1388],[141.7321,-15.1417],[141.7284,-15.1389],[141.7242,-15.1391],[141.7217,-15.1269],[141.7252,-15.1198],[141.7197,-15.1167],[141.7149,-15.1208],[141.7101,-15.1182],[141.7125,-15.1144],[141.7194,-15.1156],[141.7208,-15.1102],[141.7185,-15.1077],[141.7137,-15.1073],[141.7102,-15.11],[141.7061,-15.1057],[141.6963,-15.0986],[141.6903,-15.1],[141.6867,-15.1039],[141.6847,-15.1096],[141.6739,-15.11],[141.6707,-15.1036],[141.6633,-15.0957],[141.6513,-15.0815],[141.6507,-15.0689]]],[[[139.8477,-16.664],[139.85,-16.6653],[139.8555,-16.6739],[139.8587,-16.6722],[139.8603,-16.6678],[139.8674,-16.6635],[139.8724,-16.6639],[139.8779,-16.6579],[139.886,-16.6528],[139.8768,-16.6493],[139.8747,-16.6452],[139.868,-16.6486],[139.8694,-16.6557],[139.8647,-16.6601],[139.8604,-16.6613],[139.8526,-16.6612],[139.8477,-16.664]]],[[[139.8256,-16.7034],[139.8321,-16.7033],[139.8396,-16.7004],[139.8337,-16.6975],[139.8256,-16.7034]]],[[[139.8031,-16.4881],[139.8071,-16.4945],[139.8095,-16.4911],[139.8031,-16.4881]]],[[[139.7012,-16.475],[139.7039,-16.4823],[139.7106,-16.4914],[139.7151,-16.4921],[139.7217,-16.4908],[139.7263,-16.4932],[139.7267,-16.4958],[139.7326,-16.5012],[139.734,-16.4932],[139.7332,-16.4848],[139.7352,-16.4784],[139.7303,-16.4725],[139.729,-16.462],[139.7306,-16.4564],[139.7269,-16.4522],[139.7178,-16.4509],[139.7127,-16.4581],[139.712,-16.4665],[139.7082,-16.4723],[139.7012,-16.475]]],[[[139.1605,-16.6098],[139.1618,-16.6172],[139.1594,-16.6235],[139.1534,-16.6295],[139.15,-16.6345],[139.1542,-16.639],[139.1584,-16.6489],[139.1588,-16.6583],[139.1625,-16.6661],[139.1665,-16.668],[139.1733,-16.6666],[139.1804,-16.6685],[139.1899,-16.667],[139.193,-16.6693],[139.1969,-16.6791],[139.1975,-16.6862],[139.1953,-16.6938],[139.199,-16.7075],[139.205,-16.7071],[139.2076,-16.6961],[139.2163,-16.6906],[139.2176,-16.6934],[139.2109,-16.6999],[139.2095,-16.708],[139.218,-16.7099],[139.2234,-16.715],[139.2264,-16.7234],[139.2265,-16.7277],[139.2293,-16.7327],[139.2327,-16.732],[139.2433,-16.7264],[139.2509,-16.7249],[139.2642,-16.7259],[139.2681,-16.7319],[139.2742,-16.7339],[139.281,-16.7328],[139.2882,-16.735],[139.2934,-16.7303],[139.3011,-16.7255],[139.3048,-16.7246],[139.3114,-16.7306],[139.3139,-16.7302],[139.3169,-16.7233],[139.3249,-16.7103],[139.3282,-16.7097],[139.3351,-16.7026],[139.345,-16.6953],[139.3507,-16.6896],[139.3514,-16.6836],[139.3461,-16.6784],[139.3471,-16.6755],[139.3571,-16.6779],[139.3653,-16.6865],[139.3679,-16.6841],[139.3656,-16.6777],[139.369,-16.6709],[139.378,-16.663],[139.3812,-16.6562],[139.3728,-16.6476],[139.3719,-16.6433],[139.3718,-16.6282],[139.369,-16.6207],[139.3744,-16.6202],[139.374,-16.6166],[139.3644,-16.6092],[139.3637,-16.6045],[139.3667,-16.6034],[139.3735,-16.6058],[139.3807,-16.6124],[139.3865,-16.614],[139.3778,-16.6216],[139.3843,-16.6242],[139.3935,-16.6361],[139.3993,-16.6375],[139.4033,-16.6413],[139.4092,-16.6513],[139.4091,-16.6542],[139.4161,-16.663],[139.4139,-16.6699],[139.4335,-16.6708],[139.4381,-16.6724],[139.4401,-16.67],[139.4485,-16.6674],[139.4486,-16.657],[139.4499,-16.6519],[139.4465,-16.6457],[139.4414,-16.6417],[139.4396,-16.6362],[139.4363,-16.6353],[139.4373,-16.631],[139.4475,-16.6285],[139.4554,-16.6283],[139.4604,-16.6301],[139.4653,-16.6291],[139.4719,-16.6178],[139.4718,-16.6137],[139.4664,-16.6064],[139.4712,-16.59],[139.4699,-16.5856],[139.4642,-16.5826],[139.4544,-16.5812],[139.4574,-16.5728],[139.4713,-16.5631],[139.4795,-16.5597],[139.4884,-16.5588],[139.4946,-16.563],[139.4953,-16.5678],[139.4992,-16.5717],[139.5005,-16.5762],[139.5063,-16.5767],[139.5064,-16.5687],[139.514,-16.5617],[139.5153,-16.5566],[139.514,-16.5464],[139.5124,-16.5447],[139.5039,-16.5445],[139.4983,-16.5466],[139.4908,-16.5476],[139.4833,-16.5459],[139.4799,-16.5403],[139.4725,-16.5325],[139.4696,-16.5317],[139.4702,-16.5265],[139.4762,-16.5207],[139.4807,-16.5214],[139.4809,-16.5246],[139.4927,-16.5238],[139.4994,-16.5156],[139.5041,-16.5128],[139.5088,-16.513],[139.5127,-16.5171],[139.5188,-16.5162],[139.5303,-16.5176],[139.5325,-16.5126],[139.5292,-16.5092],[139.5315,-16.5057],[139.5368,-16.5022],[139.5407,-16.495],[139.5423,-16.4882],[139.5603,-16.481],[139.562,-16.4844],[139.5578,-16.4872],[139.5592,-16.4931],[139.5626,-16.4963],[139.572,-16.4994],[139.5779,-16.5037],[139.5804,-16.5082],[139.5759,-16.5172],[139.5783,-16.5216],[139.5793,-16.5286],[139.5883,-16.5326],[139.588,-16.5422],[139.5928,-16.5465],[139.5921,-16.5517],[139.5949,-16.5553],[139.6153,-16.5414],[139.6233,-16.5382],[139.6276,-16.5341],[139.6337,-16.532],[139.6392,-16.5326],[139.6432,-16.5275],[139.6523,-16.5258],[139.6572,-16.5202],[139.6705,-16.5189],[139.6816,-16.5204],[139.6864,-16.5265],[139.6879,-16.5358],[139.7002,-16.5348],[139.7054,-16.5353],[139.7112,-16.5335],[139.7092,-16.5224],[139.701,-16.5187],[139.6978,-16.5157],[139.6995,-16.5118],[139.6988,-16.4977],[139.7018,-16.4898],[139.6982,-16.4796],[139.6933,-16.4776],[139.6906,-16.469],[139.6865,-16.4683],[139.6807,-16.4705],[139.6787,-16.4653],[139.6812,-16.4588],[139.6784,-16.4538],[139.6726,-16.4516],[139.6614,-16.4523],[139.6517,-16.451],[139.6432,-16.446],[139.6334,-16.4339],[139.6248,-16.4269],[139.6161,-16.4216],[139.6042,-16.4045],[139.5895,-16.4014],[139.5693,-16.3995],[139.5564,-16.3962],[139.5496,-16.3919],[139.5424,-16.3977],[139.537,-16.3991],[139.5381,-16.4047],[139.5352,-16.4097],[139.5271,-16.4143],[139.518,-16.4182],[139.4986,-16.4249],[139.4857,-16.4308],[139.4827,-16.4358],[139.4748,-16.4392],[139.4746,-16.4422],[139.4672,-16.4458],[139.4563,-16.4485],[139.445,-16.4492],[139.4301,-16.4486],[139.4226,-16.4464],[139.4005,-16.4482],[139.3868,-16.4525],[139.3797,-16.452],[139.3631,-16.4531],[139.359,-16.4593],[139.3604,-16.4607],[139.3722,-16.4646],[139.3703,-16.4687],[139.3599,-16.464],[139.356,-16.4581],[139.3476,-16.4626],[139.3331,-16.4661],[139.3254,-16.4652],[139.3157,-16.4612],[139.3095,-16.4613],[139.302,-16.465],[139.2981,-16.4686],[139.2904,-16.4789],[139.2788,-16.4853],[139.2636,-16.4947],[139.2554,-16.4973],[139.2483,-16.5022],[139.2412,-16.5053],[139.2433,-16.509],[139.2413,-16.5191],[139.2371,-16.5242],[139.2302,-16.5293],[139.2194,-16.5351],[139.2208,-16.5398],[139.213,-16.5506],[139.217,-16.5561],[139.2165,-16.5603],[139.21,-16.5712],[139.2002,-16.5795],[139.1911,-16.5851],[139.181,-16.5928],[139.1751,-16.5988],[139.1684,-16.603],[139.1605,-16.6098]]],[[[139.5954,-17.1119],[139.5971,-17.1138],[139.5986,-17.1293],[139.6058,-17.138],[139.6153,-17.1383],[139.6142,-17.1276],[139.6124,-17.122],[139.6139,-17.1176],[139.6199,-17.1077],[139.6295,-17.0902],[139.6336,-17.0858],[139.6345,-17.0813],[139.64,-17.0769],[139.6389,-17.073],[139.6342,-17.0659],[139.6262,-17.0619],[139.6239,-17.0668],[139.6259,-17.0731],[139.6251,-17.0784],[139.6215,-17.0808],[139.6193,-17.0872],[139.6137,-17.0928],[139.6157,-17.0991],[139.6151,-17.1053],[139.6058,-17.1112],[139.5954,-17.1119]]],[[[139.3939,-17.0825],[139.3965,-17.0926],[139.4006,-17.0989],[139.4009,-17.1059],[139.41,-17.1135],[139.4109,-17.1222],[139.4138,-17.1251],[139.4255,-17.1258],[139.4213,-17.1216],[139.4222,-17.1174],[139.4262,-17.1113],[139.4281,-17.1034],[139.4332,-17.1007],[139.4379,-17.1015],[139.4612,-17.0954],[139.474,-17.0959],[139.4774,-17.1003],[139.4751,-17.1073],[139.4766,-17.1131],[139.4824,-17.1162],[139.4952,-17.1151],[139.5027,-17.1171],[139.5082,-17.1203],[139.5102,-17.1161],[139.5149,-17.1117],[139.5198,-17.1048],[139.5369,-17.0996],[139.5498,-17.0987],[139.5522,-17.0996],[139.5598,-17.0949],[139.5673,-17.0924],[139.5745,-17.0919],[139.571,-17.0826],[139.5605,-17.0741],[139.5577,-17.0697],[139.5518,-17.0565],[139.5501,-17.0463],[139.555,-17.0397],[139.5568,-17.0345],[139.5487,-17.035],[139.5435,-17.0315],[139.5386,-17.0248],[139.5315,-17.0177],[139.5226,-17.011],[139.5094,-16.9972],[139.5063,-16.9924],[139.505,-16.9868],[139.4976,-16.9833],[139.4949,-16.9804],[139.4913,-16.9811],[139.4949,-16.9911],[139.4932,-16.9964],[139.4957,-17.0022],[139.4938,-17.0096],[139.4945,-17.0142],[139.4905,-17.02],[139.4836,-17.0264],[139.4761,-17.0285],[139.4739,-17.0318],[139.4648,-17.03],[139.4587,-17.0303],[139.4551,-17.0398],[139.4562,-17.0435],[139.4536,-17.054],[139.4467,-17.0601],[139.4344,-17.0662],[139.4238,-17.079],[139.4135,-17.0836],[139.4049,-17.0843],[139.3939,-17.0825]]],[[[139.5526,-17.1148],[139.5537,-17.1196],[139.5501,-17.1251],[139.5501,-17.1298],[139.5548,-17.1305],[139.5543,-17.1245],[139.5592,-17.1195],[139.5526,-17.1148]]],[[[139.4438,-16.6823],[139.4383,-16.6969],[139.4409,-16.6983],[139.4403,-16.7042],[139.4437,-16.7064],[139.4537,-16.7074],[139.4581,-16.7035],[139.4647,-16.6999],[139.466,-16.6933],[139.472,-16.6829],[139.476,-16.6803],[139.4754,-16.6761],[139.4714,-16.6698],[139.4657,-16.6686],[139.4631,-16.6711],[139.4527,-16.6749],[139.4481,-16.6804],[139.4438,-16.6823]]],[[[139.3649,-17.0693],[139.3655,-17.0718],[139.3807,-17.0753],[139.3864,-17.0734],[139.3736,-17.0685],[139.3649,-17.0693]]],[[[139.2606,-16.9905],[139.2627,-16.9948],[139.2616,-16.9986],[139.2712,-16.9988],[139.2738,-16.9968],[139.273,-16.9918],[139.2688,-16.9891],[139.2606,-16.9905]]],[[[139.2714,-16.2684],[139.2742,-16.275],[139.2776,-16.2696],[139.2714,-16.2684]]],[[[139.206,-17.0065],[139.2052,-17.0109],[139.2077,-17.0162],[139.2125,-17.0221],[139.2152,-17.0338],[139.2189,-17.0315],[139.224,-17.0319],[139.2276,-17.0405],[139.2309,-17.0448],[139.236,-17.0479],[139.2457,-17.0459],[139.2511,-17.0509],[139.2509,-17.056],[139.2643,-17.0546],[139.2526,-17.0465],[139.245,-17.0381],[139.2416,-17.0311],[139.2289,-17.0233],[139.2247,-17.0175],[139.2182,-17.0139],[139.2123,-17.0061],[139.206,-17.0065]]],[[[139.1451,-16.6944],[139.1441,-16.7014],[139.1398,-16.7094],[139.1402,-16.716],[139.143,-16.7191],[139.1464,-16.7308],[139.1422,-16.745],[139.1394,-16.7506],[139.14,-16.7543],[139.1465,-16.7497],[139.1527,-16.7482],[139.1617,-16.749],[139.1598,-16.7417],[139.1607,-16.7379],[139.1655,-16.7324],[139.1714,-16.7284],[139.1781,-16.7281],[139.1861,-16.7191],[139.185,-16.7127],[139.181,-16.7015],[139.1813,-16.6982],[139.1849,-16.6928],[139.1875,-16.6792],[139.1835,-16.6748],[139.177,-16.6725],[139.1708,-16.6718],[139.1514,-16.6866],[139.1451,-16.6944]]],[[[139.0933,-16.8153],[139.0947,-16.8194],[139.0908,-16.827],[139.0918,-16.835],[139.095,-16.8435],[139.104,-16.8342],[139.1129,-16.8305],[139.1151,-16.831],[139.1194,-16.8254],[139.1222,-16.8271],[139.129,-16.8238],[139.1334,-16.8255],[139.139,-16.8254],[139.1441,-16.827],[139.1493,-16.8206],[139.1461,-16.8159],[139.138,-16.811],[139.1345,-16.8017],[139.1308,-16.7991],[139.1263,-16.8025],[139.0933,-16.8153]]],[[[139.14,-16.7582],[139.1402,-16.7627],[139.146,-16.7629],[139.1431,-16.7567],[139.14,-16.7582]]],[[[139.0522,-16.8884],[139.0541,-16.8922],[139.0599,-16.8978],[139.0646,-16.8983],[139.069,-16.9039],[139.0719,-16.9021],[139.0686,-16.8935],[139.0598,-16.8886],[139.0577,-16.8851],[139.0522,-16.8884]]],[[[139.0572,-16.8701],[139.0591,-16.8761],[139.0661,-16.8722],[139.0652,-16.8654],[139.0632,-16.8646],[139.0572,-16.8701]]]]},"properties":{"District Name":"Mount Isa","DDMG Name":"Mount Isa","Police Region Name":"Northern Region","Police Region Code":"NR","Police Region Short Name":"Northern","Region Slug":"northern","Layer Id":"qld_ddmg_boundaries_gda2020_simp200m","Layer Group":"statewide","Layer Kind":"ddmg","Source":"QPS Disaster Districts, Queensland Police Service, via the Queensland Government Open Data Portal","Source URL":"https://www.data.qld.gov.au/dataset/qps-disaster-districts","Licence":"CC BY 4.0","Licence URL":"https://creativecommons.org/licenses/by/4.0/","Dataset Date":"19/05/2025","Simplification Tolerance M":200,"Coordinate Precision Decimals":4,"CRS":"GDA2020 (EPSG:7844)","Generated":"2026-09-13"},"id":"Mount Isa"},{"type":"Feature","geometry":{"type":"Polygon","coordinates":[[[147.9507,-24.8807],[147.9545,-24.8791],[147.9654,-24.8797],[147.9762,-24.8786],[147.9851,-24.8908],[147.9943,-24.9006],[148.0011,-24.8973],[148.0149,-24.8989],[148.0193,-24.9046],[148.0267,-24.9077],[148.0298,-24.9109],[148.0364,-24.9122],[148.0442,-24.9098],[148.0549,-24.9126],[148.0629,-24.9248],[148.0623,-24.93],[148.066,-24.9353],[148.0758,-24.9416],[148.0784,-24.9483],[148.0743,-24.9572],[148.0796,-24.9701],[148.0759,-24.9726],[148.0759,-24.9788],[148.0783,-24.9821],[148.0791,-24.988],[148.0839,-24.9965],[148.0834,-25.0008],[148.087,-25.0025],[148.0893,-25.009],[148.094,-25.0136],[148.1046,-25.0173],[148.1089,-25.0215],[148.1135,-25.0208],[148.1175,-25.0239],[148.1153,-25.0281],[148.1163,-25.0316],[148.1209,-25.035],[148.1213,-25.0414],[148.1274,-25.0448],[148.1339,-25.0431],[148.1448,-25.0613],[148.1496,-25.0613],[148.1605,-25.084],[148.1706,-25.0851],[148.1748,-25.0843],[148.1807,-25.0794],[148.1874,-25.0812],[148.1983,-25.0818],[148.2054,-25.0792],[148.2096,-25.0801],[148.2129,-25.0864],[148.2248,-25.0947],[148.2285,-25.0986],[148.2341,-25.1006],[148.2362,-25.1104],[148.2358,-25.1143],[148.2475,-25.1254],[148.2515,-25.1276],[148.2553,-25.1336],[148.2607,-25.1356],[148.2685,-25.1437],[148.2766,-25.1487],[148.2758,-25.153],[148.2841,-25.1588],[148.2908,-25.1611],[148.2943,-25.1657],[148.2916,-25.1749],[148.294,-25.1777],[148.2926,-25.1816],[148.2962,-25.1885],[148.3062,-25.2035],[148.3053,-25.2119],[148.3122,-25.2127],[148.326,-25.2102],[148.3299,-25.214],[148.3367,-25.218],[148.3475,-25.2204],[148.3517,-25.2295],[148.3574,-25.2313],[148.3605,-25.2348],[148.3687,-25.2313],[148.3785,-25.2356],[148.3786,-25.2398],[148.3836,-25.2452],[148.3929,-25.2429],[148.3995,-25.2439],[148.4075,-25.2542],[148.4078,-25.2583],[148.4138,-25.2599],[148.4207,-25.2495],[148.4258,-25.2487],[148.4298,-25.2513],[148.44,-25.2533],[148.4493,-25.2564],[148.4697,-25.2447],[148.4814,-25.243],[148.488,-25.2464],[148.5031,-25.2447],[148.5106,-25.2461],[148.5163,-25.2431],[148.525,-25.2445],[148.5309,-25.244],[148.5434,-25.2469],[148.548,-25.2518],[148.557,-25.2532],[148.5688,-25.2496],[148.5755,-25.2547],[148.5809,-25.2551],[148.5916,-25.2613],[148.5967,-25.2663],[148.5966,-25.2693],[148.6039,-25.2742],[148.6107,-25.2747],[148.613,-25.2765],[148.6257,-25.2799],[148.6374,-25.2794],[148.6438,-25.2842],[148.6491,-25.292],[148.661,-25.3067],[148.6667,-25.3104],[148.6699,-25.3056],[148.6734,-25.3053],[148.6773,-25.3007],[148.6788,-25.2916],[148.6826,-25.288],[148.6844,-25.2807],[148.6939,-25.2849],[148.7023,-25.2839],[148.7082,-25.2781],[148.7159,-25.2812],[148.7212,-25.2862],[148.7279,-25.2874],[148.7372,-25.2849],[148.7352,-25.2797],[148.7383,-25.2783],[148.7453,-25.2798],[148.7526,-25.2969],[148.7592,-25.3108],[148.7526,-25.3129],[148.7471,-25.3187],[148.7474,-25.3242],[148.7389,-25.3276],[148.7335,-25.3337],[148.7332,-25.3378],[148.7267,-25.3426],[148.7189,-25.3869],[148.7248,-25.3903],[148.7258,-25.4008],[148.7371,-25.4097],[148.7441,-25.4132],[148.7617,-25.4173],[148.7655,-25.4242],[148.7748,-25.4317],[148.7759,-25.4349],[148.7837,-25.4359],[148.7911,-25.4391],[148.798,-25.4454],[148.8044,-25.4408],[148.8091,-25.4407],[148.8138,-25.4438],[148.8124,-25.4463],[148.8151,-25.4524],[148.8247,-25.4541],[148.8336,-25.4604],[148.8638,-25.4652],[148.8729,-25.4617],[148.877,-25.4703],[148.9006,-25.473],[148.9052,-25.4719],[148.9073,-25.4679],[148.9192,-25.4681],[148.928,-25.4638],[148.935,-25.4656],[148.9384,-25.4592],[148.948,-25.4585],[148.9535,-25.4571],[148.9553,-25.4457],[148.9587,-25.4435],[148.9615,-25.4321],[148.9601,-25.4301],[148.9642,-25.4134],[148.9604,-25.4121],[148.9546,-25.415],[148.9568,-25.4019],[148.9626,-25.4001],[148.9659,-25.3964],[148.9668,-25.3912],[148.9701,-25.3862],[148.974,-25.3845],[148.9783,-25.3722],[148.9766,-25.3625],[148.9784,-25.356],[148.9732,-25.3488],[148.9735,-25.3463],[148.9674,-25.3411],[148.9523,-25.3381],[148.9504,-25.3284],[148.9555,-25.3232],[148.9686,-25.3216],[148.977,-25.3176],[148.9792,-25.3109],[148.9754,-25.3093],[148.9727,-25.3037],[148.9689,-25.304],[148.9642,-25.3006],[148.9557,-25.2799],[148.9454,-25.2788],[148.9386,-25.2762],[148.9389,-25.273],[148.9334,-25.2683],[148.9306,-25.268],[148.9248,-25.2619],[148.9292,-25.2561],[148.9283,-25.2485],[148.9334,-25.2444],[148.93,-25.2391],[148.9221,-25.2318],[148.8812,-25.2284],[148.8796,-25.2276],[148.8843,-25.2155],[148.8794,-25.2089],[148.8817,-25.2045],[148.8803,-25.1998],[148.8758,-25.1953],[148.8685,-25.1851],[148.863,-25.1834],[148.8612,-25.1802],[148.861,-25.174],[148.8586,-25.1629],[148.8591,-25.1562],[148.8624,-25.1529],[148.8726,-25.1516],[148.8742,-25.1479],[148.8692,-25.1446],[148.8676,-25.1413],[148.859,-25.1421],[148.855,-25.1313],[148.847,-25.126],[148.8431,-25.1208],[148.8415,-25.1151],[148.8369,-25.11],[148.8331,-25.1029],[148.8317,-25.0957],[148.8277,-25.091],[148.8292,-25.0889],[148.8174,-25.0714],[148.8164,-25.0598],[148.8144,-25.0551],[148.8151,-25.0505],[148.8131,-25.0453],[148.818,-25.0355],[148.8161,-25.0293],[148.816,-25.0215],[148.8136,-25.0185],[148.8138,-25.0111],[148.827,-25.0026],[148.8268,-24.9985],[148.8296,-24.9929],[148.8243,-24.9891],[148.8309,-24.9755],[148.8273,-24.9692],[148.8268,-24.9606],[148.8314,-24.9535],[148.8306,-24.9514],[148.8374,-24.9361],[148.8439,-24.9334],[148.8481,-24.9279],[148.8529,-24.9321],[148.8613,-24.9284],[148.877,-24.9093],[148.8767,-24.8972],[148.8723,-24.8935],[148.8612,-24.8943],[148.9368,-24.8374],[148.9718,-24.8481],[148.9741,-24.858],[148.9779,-24.8602],[148.9859,-24.8622],[148.9894,-24.8702],[148.9927,-24.8731],[148.9985,-24.8743],[149.013,-24.8799],[149.0177,-24.8802],[149.0375,-24.8778],[149.0363,-24.8864],[149.0326,-24.8926],[149.0373,-24.902],[149.041,-24.9025],[149.042,-24.9076],[149.0477,-24.9086],[149.0493,-24.9171],[149.0407,-24.9193],[149.0418,-24.9328],[149.0464,-24.9374],[149.0497,-24.9431],[149.0486,-24.9491],[149.0521,-24.9562],[149.0555,-24.9671],[149.0556,-24.9737],[149.0613,-24.985],[149.0692,-24.9893],[149.0688,-24.9999],[149.0712,-25.0019],[149.0809,-25.0032],[149.0919,-25.0032],[149.087,-25.0134],[149.0899,-25.0205],[149.0873,-25.0294],[149.0925,-25.0336],[149.0967,-25.0433],[149.0952,-25.0498],[149.101,-25.0584],[149.0997,-25.0647],[149.0972,-25.0684],[149.0952,-25.0759],[149.0968,-25.0832],[149.0921,-25.0892],[149.0912,-25.0935],[149.0763,-25.1011],[149.0765,-25.1056],[149.0725,-25.1108],[149.0772,-25.1151],[149.0937,-25.1206],[149.0997,-25.1272],[149.0948,-25.1285],[149.0964,-25.1344],[149.1046,-25.1376],[149.1185,-25.1367],[149.1227,-25.1298],[149.1393,-25.1218],[149.1438,-25.1172],[149.1491,-25.1096],[149.1572,-25.1103],[149.1617,-25.1059],[149.1629,-25.1],[149.1695,-25.0949],[149.172,-25.0903],[149.1692,-25.0864],[149.1697,-25.0752],[149.1715,-25.0711],[149.1778,-25.0727],[149.1846,-25.0617],[149.1876,-25.0603],[149.1833,-25.0513],[149.1848,-25.0442],[149.1888,-25.038],[149.1946,-25.0355],[149.1893,-25.0291],[149.1885,-25.0227],[149.1858,-25.0199],[149.1832,-25.0053],[149.1865,-25.0085],[149.1956,-25.0126],[149.2041,-25.0133],[149.2069,-25.0153],[149.2122,-25.0148],[149.2177,-25.0174],[149.2215,-25.027],[149.2205,-25.0327],[149.2316,-25.049],[149.2414,-25.0506],[149.2475,-25.0561],[149.2656,-25.0604],[149.2744,-25.0638],[149.2817,-25.0604],[149.2847,-25.053],[149.2829,-25.0395],[149.2834,-25.0338],[149.2799,-25.023],[149.2826,-25.0177],[149.2806,-25.0115],[149.2826,-25.0076],[149.2932,-25.0019],[149.3035,-25.0056],[149.3103,-25.0069],[149.3175,-25.017],[149.3236,-25.0154],[149.3263,-25.0089],[149.3333,-25.0022],[149.3367,-24.9925],[149.336,-24.9877],[149.3507,-24.9828],[149.357,-24.9845],[149.3622,-24.9777],[149.3673,-24.9815],[149.3868,-24.9926],[149.3998,-24.996],[149.4004,-25.0001],[149.4076,-25.0075],[149.4117,-25.0086],[149.4172,-25.0045],[149.4242,-25.0031],[149.4292,-25.0003],[149.438,-25.0017],[149.4423,-25.004],[149.4501,-25.0013],[149.4499,-24.9937],[149.4529,-24.9886],[149.4608,-24.979],[149.4596,-24.9633],[149.4563,-24.9583],[149.4578,-24.9555],[149.4515,-24.9509],[149.4554,-24.9457],[149.4531,-24.9391],[149.4584,-24.9358],[149.4548,-24.9333],[149.4522,-24.9227],[149.4475,-24.9159],[149.4468,-24.9109],[149.4556,-24.9072],[149.4577,-24.9048],[149.4618,-24.8956],[149.4663,-24.8646],[149.4702,-24.8641],[149.4809,-24.8542],[149.5001,-24.8438],[149.502,-24.8298],[149.5007,-24.8237],[149.5064,-24.8057],[149.5112,-24.7999],[149.516,-24.7976],[149.5258,-24.7997],[149.5255,-24.7961],[149.5334,-24.7823],[149.5337,-24.7767],[149.5507,-24.7743],[149.5602,-24.7735],[149.5626,-24.7814],[149.5783,-24.7811],[149.5812,-24.8292],[149.5854,-24.8878],[149.5886,-24.8832],[149.594,-24.8842],[149.596,-24.8892],[149.6035,-24.8916],[149.6109,-24.89],[149.6117,-24.883],[149.6161,-24.8743],[149.6135,-24.8688],[149.6145,-24.8586],[149.6133,-24.8429],[149.6063,-24.8234],[149.605,-24.8127],[149.6048,-24.8009],[149.6061,-24.7907],[149.6097,-24.7846],[149.6194,-24.7775],[149.6217,-24.7731],[149.6216,-24.7658],[149.6368,-24.7597],[149.6489,-24.7518],[149.6583,-24.7413],[149.6649,-24.7351],[149.6717,-24.7246],[149.6813,-24.7158],[149.6905,-24.7112],[149.7045,-24.6924],[149.7265,-24.6682],[149.7302,-24.6613],[149.7343,-24.6569],[149.7374,-24.6345],[149.7407,-24.634],[149.7496,-24.6193],[149.7295,-24.6085],[149.7257,-24.5978],[149.7378,-24.5575],[149.7401,-24.5399],[149.7874,-24.5451],[149.7787,-24.5329],[149.7857,-24.5336],[149.7857,-24.526],[149.7828,-24.52],[149.7766,-24.5124],[149.7812,-24.5059],[149.7796,-24.5018],[149.7748,-24.4991],[149.7761,-24.4946],[149.7744,-24.4888],[149.7677,-24.4832],[149.7691,-24.479],[149.767,-24.4645],[149.7598,-24.4485],[149.7638,-24.4437],[149.7624,-24.4398],[149.7621,-24.4231],[149.7578,-24.415],[149.7581,-24.4102],[149.7525,-24.4082],[149.7532,-24.4029],[149.7509,-24.3989],[149.7577,-24.3896],[149.7484,-24.3551],[149.7437,-24.3531],[149.7426,-24.3405],[149.7445,-24.3369],[149.7408,-24.3288],[149.7404,-24.3247],[149.7354,-24.3188],[149.7347,-24.3151],[149.7132,-24.278],[149.7066,-24.271],[149.703,-24.263],[149.6941,-24.2629],[149.6917,-24.2507],[149.6848,-24.2469],[149.6837,-24.2424],[149.6795,-24.2407],[149.6809,-24.2268],[149.685,-24.223],[149.6747,-24.2143],[149.6715,-24.2045],[149.674,-24.1977],[149.6699,-24.1929],[149.6646,-24.1905],[149.6617,-24.1843],[149.6637,-24.1799],[149.6614,-24.1745],[149.6577,-24.1732],[149.652,-24.1654],[149.655,-24.1623],[149.6712,-24.1544],[149.7681,-24.156],[149.8205,-24.1629],[149.8269,-24.1656],[149.8301,-24.165],[149.8352,-24.1588],[149.8426,-24.1526],[149.8376,-24.1453],[149.8374,-24.1389],[149.8342,-24.1338],[149.84,-24.1265],[149.8333,-24.1167],[149.8348,-24.1123],[149.8326,-24.1082],[149.8355,-24.1022],[149.8353,-24.0963],[149.8332,-24.0914],[149.8226,-24.0875],[149.8169,-24.0839],[149.8062,-24.0807],[149.7944,-24.0724],[149.7908,-24.0646],[149.7922,-24.0558],[149.7978,-24.0422],[149.8066,-24.0273],[149.8115,-24.0174],[149.821,-24.0074],[149.822,-23.9998],[149.8247,-23.9971],[149.8334,-23.9985],[149.844,-24.0048],[149.8487,-24.0042],[149.8509,-23.9965],[149.8498,-23.9932],[149.8434,-23.9879],[149.8423,-23.9763],[149.8441,-23.9654],[149.8427,-23.9547],[149.8533,-23.9535],[149.866,-23.9612],[149.8725,-23.9673],[149.8816,-23.9629],[149.8838,-23.9592],[149.8939,-23.9591],[149.8985,-23.951],[149.9055,-23.9487],[149.9064,-23.9446],[149.9132,-23.9431],[149.9163,-23.9389],[149.9192,-23.9302],[149.9174,-23.9235],[149.921,-23.9183],[149.9213,-23.9122],[149.9252,-23.9095],[149.9237,-23.9037],[149.9235,-23.8935],[149.9273,-23.8889],[149.987,-23.8987],[150.0513,-23.902],[150.0498,-23.8935],[150.053,-23.8907],[150.0555,-23.8849],[150.0613,-23.8866],[150.0666,-23.8821],[150.0612,-23.8712],[150.0622,-23.8612],[150.0557,-23.857],[150.0525,-23.8495],[150.0528,-23.8403],[150.0497,-23.8384],[150.0402,-23.8375],[150.0343,-23.8306],[150.0287,-23.8287],[150.0252,-23.8225],[150.0197,-23.8198],[150.0135,-23.8142],[150.0113,-23.806],[150.0114,-23.7959],[150.0076,-23.7924],[150.0054,-23.7862],[150.0026,-23.7833],[150.0035,-23.7783],[149.9966,-23.7727],[149.9979,-23.7673],[149.9943,-23.765],[149.9896,-23.765],[149.986,-23.7542],[149.9902,-23.7513],[149.9936,-23.7519],[149.9979,-23.7467],[150.0023,-23.7459],[150.005,-23.7403],[149.9973,-23.7139],[150.0114,-23.7157],[150.0122,-23.7098],[150.022,-23.7109],[150.0338,-23.7108],[150.0473,-23.7123],[150.0477,-23.7096],[150.067,-23.7123],[150.0696,-23.6921],[150.072,-23.6899],[150.0739,-23.6756],[150.0757,-23.6751],[150.0805,-23.6664],[150.0881,-23.6661],[150.0908,-23.6611],[150.098,-23.6581],[150.102,-23.6588],[150.1173,-23.6559],[150.124,-23.6517],[150.1316,-23.6556],[150.1328,-23.6578],[150.1388,-23.6587],[150.1445,-23.6538],[150.1451,-23.6505],[150.1731,-23.6539],[150.1737,-23.6498],[150.1884,-23.6518],[150.1892,-23.647],[150.2003,-23.6485],[150.1999,-23.6516],[150.2092,-23.6528],[150.2098,-23.649],[150.2236,-23.6507],[150.2309,-23.6494],[150.2421,-23.6562],[150.2494,-23.6567],[150.2493,-23.6651],[150.2608,-23.6672],[150.2594,-23.6697],[150.253,-23.6723],[150.2529,-23.6768],[150.2563,-23.6803],[150.2564,-23.6841],[150.2682,-23.6913],[150.2642,-23.6984],[150.2607,-23.6978],[150.2564,-23.7004],[150.2535,-23.7045],[150.2577,-23.7091],[150.2663,-23.7129],[150.2705,-23.7191],[150.2767,-23.7197],[150.2796,-23.7236],[150.2766,-23.7313],[150.2829,-23.734],[150.2846,-23.743],[150.2878,-23.7442],[150.2928,-23.7517],[150.2895,-23.7582],[150.3085,-23.7595],[150.311,-23.7635],[150.3173,-23.7655],[150.3137,-23.7689],[150.3125,-23.7768],[150.3146,-23.7783],[150.3147,-23.7842],[150.3086,-23.7875],[150.3082,-23.7918],[150.3157,-23.7951],[150.3136,-23.8129],[150.3176,-23.8153],[150.3179,-23.8219],[150.3217,-23.824],[150.3284,-23.824],[150.3321,-23.8117],[150.3349,-23.8089],[150.3409,-23.8073],[150.3484,-23.8111],[150.3476,-23.8168],[150.3523,-23.8205],[150.3589,-23.8215],[150.3647,-23.824],[150.3708,-23.8335],[150.3786,-23.837],[150.3864,-23.8374],[150.3918,-23.8338],[150.3966,-23.8279],[150.3978,-23.8211],[150.4031,-23.8182],[150.4095,-23.8174],[150.4118,-23.8152],[150.4164,-23.8206],[150.4265,-23.819],[150.4338,-23.8203],[150.4379,-23.8228],[150.448,-23.8233],[150.4504,-23.8297],[150.456,-23.8333],[150.4563,-23.8381],[150.4612,-23.8399],[150.46,-23.8469],[150.4689,-23.8519],[150.4742,-23.8473],[150.4756,-23.8428],[150.4821,-23.8442],[150.485,-23.8502],[150.4919,-23.8495],[150.4953,-23.8448],[150.5025,-23.8498],[150.5092,-23.8481],[150.5208,-23.8519],[150.5336,-23.8495],[150.535,-23.841],[150.5443,-23.8379],[150.5438,-23.8275],[150.5551,-23.8236],[150.5639,-23.8266],[150.5675,-23.8249],[150.5819,-23.8289],[150.5881,-23.8249],[150.5921,-23.8276],[150.5983,-23.8276],[150.6069,-23.8379],[150.6139,-23.84],[150.6203,-23.8399],[150.6278,-23.8422],[150.6332,-23.8368],[150.6462,-23.8386],[150.6473,-23.8315],[150.654,-23.8298],[150.6557,-23.824],[150.659,-23.8245],[150.6598,-23.8194],[150.6542,-23.8186],[150.6504,-23.815],[150.6515,-23.808],[150.6558,-23.8026],[150.662,-23.8012],[150.6636,-23.7986],[150.67,-23.8013],[150.6722,-23.7991],[150.6799,-23.7961],[150.6793,-23.7845],[150.6816,-23.7816],[150.6885,-23.7797],[150.6958,-23.7807],[150.7061,-23.7781],[150.713,-23.7734],[150.7206,-23.7662],[150.7171,-23.7603],[150.7182,-23.7582],[150.7258,-23.7579],[150.7327,-23.7604],[150.7476,-23.7615],[150.7565,-23.7682],[150.7583,-23.7625],[150.7642,-23.7624],[150.7695,-23.7582],[150.7697,-23.7515],[150.7723,-23.7484],[150.7723,-23.741],[150.7765,-23.7376],[150.7824,-23.7362],[150.7912,-23.7279],[150.7909,-23.7198],[150.7926,-23.7164],[150.7993,-23.7135],[150.8028,-23.7079],[150.8113,-23.7033],[150.8162,-23.7062],[150.8184,-23.7034],[150.8156,-23.6985],[150.8102,-23.6931],[150.8054,-23.6913],[150.8034,-23.6876],[150.8083,-23.6855],[150.8072,-23.6817],[150.8014,-23.682],[150.8023,-23.6773],[150.8069,-23.6804],[150.8112,-23.677],[150.8157,-23.6756],[150.8193,-23.6804],[150.8187,-23.6842],[150.8285,-23.6828],[150.8231,-23.6771],[150.8168,-23.6733],[150.819,-23.6714],[150.8261,-23.6704],[150.828,-23.6739],[150.8347,-23.6713],[150.8336,-23.659],[150.8284,-23.6613],[150.8273,-23.6671],[150.8213,-23.6658],[150.8186,-23.6596],[150.8191,-23.6516],[150.8262,-23.6496],[150.8287,-23.6459],[150.8325,-23.6458],[150.8318,-23.6525],[150.8375,-23.6554],[150.8404,-23.6504],[150.8392,-23.6437],[150.8352,-23.6387],[150.8307,-23.6415],[150.8263,-23.6412],[150.8211,-23.6381],[150.8207,-23.6324],[150.8259,-23.631],[150.8341,-23.6342],[150.84,-23.6319],[150.8375,-23.6279],[150.8285,-23.6249],[150.8253,-23.6219],[150.8239,-23.6162],[150.8256,-23.6124],[150.8324,-23.6061],[150.8364,-23.605],[150.8434,-23.6118],[150.8501,-23.6163],[150.8551,-23.6181],[150.8592,-23.6162],[150.8611,-23.6122],[150.8628,-23.5937],[150.8641,-23.5875],[150.8685,-23.5767],[150.9132,-23.5452],[150.9682,-23.4991],[150.9776,-23.474],[150.9906,-23.4482],[151.0011,-23.4317],[151.0405,-23.3898],[151.2511,-23.1651],[151.6478,-23.1661],[152.048,-23.1672],[152.9087,-23.1651],[152.8678,-22.9915],[152.7209,-22.364],[152.7231,-22.3577],[152.7337,-22.3448],[152.735,-22.3287],[152.7383,-22.319],[152.7374,-22.3134],[152.7388,-22.2872],[152.7435,-22.284],[152.7492,-22.2782],[152.7572,-22.268],[152.7614,-22.2574],[152.7657,-22.2503],[152.7667,-22.243],[152.7654,-22.2384],[152.7623,-22.2102],[152.7661,-22.1989],[152.7641,-22.1788],[152.7665,-22.1506],[152.7647,-22.1398],[152.7604,-22.1364],[152.7517,-22.116],[152.75,-22.0908],[152.7417,-22.0555],[152.7399,-22.0497],[152.734,-22.0145],[152.7357,-22.0077],[152.7342,-21.9999],[152.6762,-21.9007],[151.9213,-21.9054],[151.0453,-21.9066],[150.9455,-21.9064],[150.6958,-21.9058],[150.238,-21.9035],[150.0281,-21.9021],[149.7834,-21.9001],[149.7837,-21.9826],[149.7846,-22.188],[149.7851,-22.342],[149.7853,-22.3846],[149.7847,-22.3953],[149.7721,-22.4215],[149.7388,-22.4529],[149.7276,-22.4603],[149.7112,-22.4692],[149.7004,-22.4788],[149.6853,-22.4931],[149.6769,-22.4983],[149.6676,-22.4978],[149.6601,-22.4993],[149.6555,-22.505],[149.6517,-22.5227],[149.6484,-22.5265],[149.6398,-22.5323],[149.6299,-22.5456],[149.6272,-22.5482],[149.6341,-22.5556],[149.6363,-22.5638],[149.6353,-22.5726],[149.6367,-22.5794],[149.6395,-22.5848],[149.636,-22.5867],[149.6289,-22.5815],[149.6263,-22.583],[149.6265,-22.5905],[149.6244,-22.5978],[149.6084,-22.5976],[149.6056,-22.5934],[149.5995,-22.5963],[149.5897,-22.5935],[149.5818,-22.5948],[149.5751,-22.592],[149.5657,-22.5935],[149.5597,-22.5976],[149.5567,-22.602],[149.5497,-22.6026],[149.5435,-22.6072],[149.5358,-22.6146],[149.5284,-22.6162],[149.5216,-22.6194],[149.5181,-22.6232],[149.5127,-22.6174],[149.4973,-22.6187],[149.4936,-22.6219],[149.4815,-22.6139],[149.4773,-22.6042],[149.4686,-22.5971],[149.4634,-22.5966],[149.4587,-22.6317],[149.4525,-22.6283],[149.4469,-22.6309],[149.4461,-22.6335],[149.4377,-22.6427],[149.4346,-22.6444],[149.4302,-22.643],[149.4243,-22.6474],[149.417,-22.6456],[149.4125,-22.6401],[149.4076,-22.6369],[149.4041,-22.6218],[149.3995,-22.6208],[149.3991,-22.6172],[149.3936,-22.6141],[149.3886,-22.616],[149.3882,-22.6238],[149.3849,-22.632],[149.3881,-22.6354],[149.3844,-22.6415],[149.3812,-22.6431],[149.3784,-22.6506],[149.377,-22.6588],[149.3856,-22.6731],[149.3855,-22.6755],[149.39,-22.682],[149.3907,-22.6852],[149.3962,-22.6853],[149.4037,-22.6807],[149.405,-22.6882],[149.4087,-22.6945],[149.4207,-22.6958],[149.4299,-22.6994],[149.432,-22.7015],[149.4323,-22.7137],[149.4313,-22.7186],[149.435,-22.7288],[149.4486,-22.7405],[149.4457,-22.747],[149.4404,-22.7654],[149.4359,-22.7683],[149.4288,-22.7694],[149.4271,-22.7764],[149.4304,-22.7926],[149.4302,-22.8063],[149.4362,-22.8094],[149.4337,-22.8138],[149.4347,-22.8279],[149.4222,-22.8458],[149.4132,-22.8575],[149.3984,-22.8572],[149.3682,-22.8769],[149.3565,-22.876],[149.3447,-22.8791],[149.3349,-22.8776],[149.3318,-22.8751],[149.3283,-22.8777],[149.3283,-22.8889],[149.3312,-22.8926],[149.3302,-22.8986],[149.3218,-22.9046],[149.3143,-22.905],[149.3092,-22.9102],[149.3057,-22.9179],[149.3039,-22.9258],[149.2867,-22.9402],[149.2839,-22.9461],[149.2881,-22.9482],[149.2872,-22.9559],[149.2791,-22.9621],[149.2769,-22.9616],[149.2531,-22.9742],[149.2447,-22.9729],[149.2392,-22.9765],[149.236,-22.983],[149.2347,-22.9905],[149.2318,-22.9999],[149.228,-23.0071],[149.2222,-23.0143],[149.215,-23.0252],[149.2065,-23.0437],[149.204,-23.0473],[149.1979,-23.0515],[149.1897,-23.0485],[149.1809,-23.0484],[149.1712,-23.0525],[149.1629,-23.0543],[149.1483,-23.0587],[149.1312,-23.0609],[149.1277,-23.0627],[149.12,-23.0612],[149.1172,-23.0563],[149.1119,-23.0558],[149.1014,-23.0586],[149.0924,-23.0591],[149.0889,-23.0608],[149.0796,-23.0614],[149.0725,-23.0596],[149.0571,-23.058],[149.0464,-23.0576],[149.0387,-23.0644],[149.0312,-23.0776],[149.0253,-23.0816],[149.0054,-23.0856],[148.988,-23.0909],[148.9782,-23.0926],[148.9727,-23.0982],[148.9713,-23.1026],[148.9733,-23.1083],[148.977,-23.1103],[148.9765,-23.1149],[148.9732,-23.1246],[148.9799,-23.1288],[148.9869,-23.127],[148.9916,-23.1317],[148.9879,-23.1424],[148.9927,-23.1471],[149.0057,-23.1494],[149.0074,-23.1531],[149.0066,-23.1668],[149.0003,-23.172],[148.9966,-23.1773],[148.9933,-23.1848],[148.9844,-23.1958],[148.9778,-23.1931],[148.968,-23.1962],[148.9665,-23.1995],[148.9708,-23.203],[148.9699,-23.2056],[148.9632,-23.203],[148.9588,-23.2038],[148.9528,-23.209],[148.951,-23.2143],[148.9475,-23.2177],[148.9489,-23.2226],[148.9524,-23.223],[148.9474,-23.2425],[148.9433,-23.2444],[148.9286,-23.2439],[148.921,-23.2518],[148.9269,-23.256],[148.9274,-23.2608],[148.915,-23.2657],[148.9057,-23.2642],[148.8872,-23.2566],[148.8781,-23.2486],[148.873,-23.2547],[148.8733,-23.2611],[148.8666,-23.2603],[148.8587,-23.2631],[148.8551,-23.2677],[148.8531,-23.2763],[148.854,-23.2801],[148.8467,-23.2839],[148.8453,-23.2888],[148.8523,-23.3036],[148.8559,-23.3095],[148.8618,-23.3138],[148.8667,-23.3153],[148.8696,-23.3212],[148.8699,-23.3315],[148.8686,-23.3516],[148.8648,-23.3571],[148.851,-23.3684],[148.8432,-23.3726],[148.8401,-23.3716],[148.8332,-23.3743],[148.8266,-23.3799],[148.8214,-23.3766],[148.8172,-23.3712],[148.7997,-23.3624],[148.7963,-23.3581],[148.7971,-23.3527],[148.7863,-23.3535],[148.7797,-23.3512],[148.7782,-23.353],[148.7777,-23.3668],[148.7764,-23.3722],[148.7709,-23.3787],[148.7646,-23.3807],[148.7503,-23.3807],[148.7475,-23.3791],[148.7447,-23.3672],[148.7367,-23.3484],[148.7294,-23.3486],[148.7211,-23.3523],[148.7167,-23.3513],[148.7118,-23.3537],[148.7047,-23.3643],[148.706,-23.3744],[148.712,-23.3826],[148.7114,-23.3876],[148.7005,-23.3964],[148.6953,-23.4018],[148.6857,-23.403],[148.6804,-23.4061],[148.6783,-23.419],[148.673,-23.4195],[148.675,-23.4247],[148.6889,-23.4297],[148.7047,-23.4314],[148.706,-23.4343],[148.6997,-23.441],[148.6785,-23.4494],[148.6692,-23.4591],[148.6542,-23.4761],[148.6428,-23.4774],[148.6366,-23.4756],[148.634,-23.4786],[148.6357,-23.4985],[148.6342,-23.5097],[148.631,-23.5111],[148.6259,-23.5202],[148.6257,-23.525],[148.6187,-23.5358],[148.6122,-23.5395],[148.6063,-23.5413],[148.6009,-23.5403],[148.5926,-23.5433],[148.586,-23.5341],[148.5859,-23.5315],[148.5778,-23.5324],[148.5749,-23.537],[148.5741,-23.5446],[148.5773,-23.5466],[148.5733,-23.5511],[148.5693,-23.5529],[148.5583,-23.5535],[148.5504,-23.556],[148.5456,-23.5526],[148.5375,-23.556],[148.5319,-23.5549],[148.5255,-23.5503],[148.5228,-23.538],[148.524,-23.5275],[148.5228,-23.5171],[148.5239,-23.5151],[148.5225,-23.5054],[148.573,-23.469],[148.5504,-23.4069],[148.5705,-23.3793],[148.5503,-23.3468],[148.5066,-23.3306],[148.5027,-23.3303],[148.5122,-23.289],[148.5825,-23.2339],[148.5652,-23.2219],[148.6244,-23.149],[148.5792,-23.1175],[148.5623,-23.1159],[148.5878,-23.0715],[148.5938,-23.0387],[148.5997,-23.0028],[148.585,-23.0005],[148.5869,-22.9873],[148.5845,-22.9785],[148.5819,-22.9731],[148.5768,-22.9685],[148.5728,-22.9689],[148.5621,-22.9757],[148.5542,-22.9745],[148.5503,-22.9572],[148.5426,-22.9594],[148.5447,-22.9547],[148.5427,-22.9508],[148.5495,-22.9471],[148.5526,-22.9422],[148.5468,-22.9306],[148.5402,-22.9234],[148.5411,-22.9197],[148.5411,-22.8845],[148.5419,-22.8773],[148.5007,-22.8726],[148.4581,-22.8675],[148.449,-22.8736],[148.4068,-22.9004],[148.376,-22.9192],[148.3251,-22.9498],[148.3127,-22.9314],[148.3045,-22.9181],[148.2982,-22.9096],[148.2887,-22.9079],[148.2872,-22.9047],[148.2904,-22.8996],[148.2805,-22.8858],[148.2792,-22.8788],[148.2826,-22.8748],[148.2848,-22.8683],[148.2903,-22.8669],[148.2971,-22.8546],[148.2995,-22.8543],[148.3094,-22.8464],[148.3123,-22.8418],[148.3227,-22.8332],[148.3264,-22.8327],[148.3305,-22.8276],[148.3324,-22.8183],[148.3385,-22.8114],[148.3463,-22.8081],[148.354,-22.8098],[148.3571,-22.8083],[148.3598,-22.8021],[148.3686,-22.7952],[148.3714,-22.7905],[148.3712,-22.7871],[148.3738,-22.7673],[148.3703,-22.7655],[148.3431,-22.7254],[148.3302,-22.7248],[148.3127,-22.7298],[148.2988,-22.729],[148.2978,-22.732],[148.281,-22.7303],[148.2774,-22.7335],[148.2699,-22.7336],[148.2636,-22.7391],[148.2535,-22.7397],[148.2485,-22.7382],[148.243,-22.7416],[148.2391,-22.7398],[148.2354,-22.7717],[148.2308,-22.7774],[148.2129,-22.782],[148.1964,-22.7811],[148.1869,-22.7865],[148.1847,-22.7892],[148.176,-22.7902],[148.1693,-22.783],[148.1498,-22.7796],[148.1467,-22.7765],[148.1435,-22.7648],[148.1327,-22.7689],[148.1134,-22.7663],[148.1099,-22.767],[148.0908,-22.7563],[148.0864,-22.7512],[148.0702,-22.7411],[148.0638,-22.7394],[148.0616,-22.7358],[148.063,-22.7326],[148.0602,-22.7176],[148.0608,-22.7099],[148.0554,-22.7055],[148.0505,-22.6992],[148.0444,-22.6966],[148.036,-22.6958],[148.0231,-22.6927],[148.0203,-22.6885],[148.0201,-22.6834],[148.0169,-22.6804],[148.0149,-22.6731],[148.0161,-22.6635],[148.0131,-22.6542],[148.0087,-22.6613],[148.001,-22.6665],[147.9937,-22.677],[147.9932,-22.6818],[147.9958,-22.6855],[147.9933,-22.6944],[147.9838,-22.7044],[147.9759,-22.7018],[147.971,-22.7024],[147.9657,-22.7059],[147.9553,-22.7067],[147.9417,-22.713],[147.9367,-22.7139],[147.929,-22.7187],[147.9197,-22.7173],[147.9128,-22.7187],[147.9107,-22.7231],[147.9148,-22.7294],[147.912,-22.7389],[147.9087,-22.7425],[147.9074,-22.7492],[147.9037,-22.7508],[147.8951,-22.7617],[147.8889,-22.7637],[147.8765,-22.7648],[147.8688,-22.7702],[147.8607,-22.7744],[147.8557,-22.7806],[147.8497,-22.7811],[147.8445,-22.7851],[147.8346,-22.7832],[147.8257,-22.7848],[147.821,-22.7829],[147.8119,-22.7884],[147.7941,-22.8005],[147.7881,-22.8074],[147.7865,-22.8143],[147.7821,-22.8196],[147.7736,-22.827],[147.7686,-22.8353],[147.7581,-22.8448],[147.7532,-22.8512],[147.7511,-22.8581],[147.7439,-22.8617],[147.737,-22.8615],[147.7344,-22.864],[147.7192,-22.8742],[147.7141,-22.8767],[147.7094,-22.8817],[147.7024,-22.886],[147.7037,-22.8906],[147.7004,-22.8948],[147.7016,-22.9015],[147.6998,-22.9088],[147.6943,-22.9146],[147.6849,-22.912],[147.6635,-22.9131],[147.6617,-22.9206],[147.6558,-22.9219],[147.6508,-22.9247],[147.6404,-22.9262],[147.6393,-22.9219],[147.6347,-22.9225],[147.6308,-22.9183],[147.6261,-22.9189],[147.6205,-22.9106],[147.6184,-22.905],[147.6193,-22.9018],[147.613,-22.8961],[147.6016,-22.8948],[147.6073,-22.9001],[147.6064,-22.9071],[147.599,-22.9092],[147.5968,-22.9234],[147.5879,-22.9223],[147.5827,-22.9605],[147.5733,-22.9605],[147.5682,-22.9617],[147.5627,-22.9676],[147.5605,-22.9717],[147.555,-22.9773],[147.5582,-22.9844],[147.5608,-22.9867],[147.5595,-22.9909],[147.554,-22.9919],[147.5546,-22.9975],[147.553,-23.0092],[147.5042,-22.9857],[147.4971,-23.0008],[147.5197,-23.0281],[147.5151,-23.0299],[147.5114,-23.0281],[147.5064,-23.0304],[147.4985,-23.0393],[147.4898,-23.0427],[147.484,-23.0463],[147.486,-23.0523],[147.4829,-23.0577],[147.4861,-23.0608],[147.485,-23.0692],[147.487,-23.0788],[147.4786,-23.0915],[147.4765,-23.0928],[147.4681,-23.0911],[147.4642,-23.0922],[147.4602,-23.0984],[147.4472,-23.1072],[147.4426,-23.1143],[147.4415,-23.1198],[147.4351,-23.122],[147.4279,-23.129],[147.4222,-23.1289],[147.4117,-23.1347],[147.405,-23.1437],[147.4006,-23.1469],[147.3946,-23.1473],[147.3912,-23.1561],[147.3834,-23.1653],[147.3726,-23.1706],[147.3711,-23.1758],[147.3678,-23.1788],[147.3624,-23.1803],[147.354,-23.1904],[147.3513,-23.1865],[147.3399,-23.1826],[147.3333,-23.1857],[147.3255,-23.1874],[147.3232,-23.1898],[147.315,-23.1931],[147.3116,-23.1927],[147.2982,-23.1954],[147.287,-23.1936],[147.2779,-23.1961],[147.2696,-23.2068],[147.2608,-23.2101],[147.2594,-23.2181],[147.2608,-23.2446],[147.2634,-23.2495],[147.2706,-23.2572],[147.2701,-23.2613],[147.2726,-23.2647],[147.2738,-23.2708],[147.2823,-23.274],[147.2875,-23.2791],[147.284,-23.2837],[147.2829,-23.2919],[147.28,-23.2989],[147.2823,-23.3047],[147.2878,-23.3089],[147.2949,-23.3202],[147.2935,-23.3239],[147.2876,-23.3261],[147.2831,-23.3314],[147.2861,-23.3369],[147.2866,-23.353],[147.2829,-23.3626],[147.2754,-23.366],[147.2652,-23.3847],[147.2664,-23.3888],[147.2652,-23.4008],[147.2635,-23.405],[147.2657,-23.4124],[147.2616,-23.4234],[147.261,-23.4358],[147.2571,-23.4437],[147.2515,-23.4476],[147.2497,-23.4553],[147.2545,-23.4629],[147.2599,-23.4698],[147.2633,-23.4614],[147.2733,-23.4692],[147.2735,-23.4744],[147.2792,-23.4805],[147.2809,-23.4893],[147.2814,-23.502],[147.2747,-23.5128],[147.2842,-23.5237],[147.2744,-23.5347],[147.2697,-23.5375],[147.2637,-23.5383],[147.2553,-23.543],[147.25,-23.5419],[147.2459,-23.5453],[147.2338,-23.5506],[147.2284,-23.5513],[147.2209,-23.5489],[147.2181,-23.5598],[147.219,-23.5645],[147.2174,-23.5685],[147.2112,-23.572],[147.211,-23.5743],[147.2191,-23.5868],[147.2166,-23.594],[147.2071,-23.599],[147.1981,-23.6062],[147.1971,-23.6127],[147.2017,-23.621],[147.2007,-23.6255],[147.2034,-23.6312],[147.2114,-23.6365],[147.2117,-23.6394],[147.2072,-23.6473],[147.2006,-23.6546],[147.2034,-23.6582],[147.2051,-23.6684],[147.2095,-23.676],[147.1956,-23.6845],[147.1984,-23.6915],[147.195,-23.7003],[147.1973,-23.7087],[147.1938,-23.7123],[147.1932,-23.718],[147.1973,-23.725],[147.2004,-23.7272],[147.2005,-23.734],[147.1984,-23.7412],[147.195,-23.7457],[147.2,-23.7551],[147.2009,-23.7597],[147.1989,-23.7657],[147.1997,-23.7733],[147.2113,-23.7782],[147.2188,-23.784],[147.2234,-23.7841],[147.2296,-23.7875],[147.2276,-23.7911],[147.2302,-23.798],[147.2359,-23.8049],[147.238,-23.8108],[147.2314,-23.8191],[147.2311,-23.8264],[147.2278,-23.8322],[147.2298,-23.8388],[147.2366,-23.848],[147.2349,-23.8548],[147.2388,-23.8623],[147.2372,-23.8643],[147.2359,-23.8764],[147.2337,-23.8814],[147.2367,-23.8918],[147.2413,-23.8981],[147.2414,-23.9032],[147.239,-23.9083],[147.2374,-23.9309],[147.2267,-23.9469],[147.221,-23.9846],[147.2012,-23.9959],[147.1851,-24.0017],[147.1811,-24.0376],[147.1834,-24.0858],[147.1656,-24.0924],[147.1564,-24.0925],[147.1488,-24.0859],[147.1415,-24.0856],[147.1331,-24.0915],[147.1272,-24.0921],[147.1218,-24.0945],[147.1187,-24.0929],[147.1103,-24.0933],[147.0955,-24.1006],[147.0896,-24.1045],[147.0811,-24.1144],[147.0787,-24.1137],[147.0737,-24.1178],[147.0621,-24.1163],[147.0505,-24.1187],[147.0375,-24.1258],[147.0374,-24.1323],[147.0287,-24.1377],[147.0286,-24.1407],[146.9999,-24.1566],[146.9892,-24.1686],[146.9753,-24.1732],[146.9574,-24.1693],[146.9526,-24.1779],[146.9524,-24.1826],[146.9496,-24.1877],[146.9491,-24.1952],[146.9544,-24.1995],[146.9545,-24.2024],[146.9512,-24.209],[146.9511,-24.2137],[146.9402,-24.2215],[146.9443,-24.2302],[146.938,-24.2361],[146.937,-24.2431],[146.9349,-24.2465],[146.9335,-24.2537],[146.9297,-24.256],[146.9264,-24.2673],[146.9326,-24.2758],[146.9399,-24.2749],[146.9403,-24.2781],[146.9352,-24.2792],[146.9364,-24.2845],[146.9353,-24.29],[146.923,-24.2952],[146.918,-24.2953],[146.9154,-24.3003],[146.9154,-24.3091],[146.9107,-24.3134],[146.9155,-24.3216],[146.9125,-24.327],[146.9057,-24.3255],[146.8852,-24.3307],[146.8793,-24.3329],[146.8756,-24.3371],[146.8794,-24.3443],[146.8739,-24.3489],[146.8728,-24.3585],[146.8672,-24.3605],[146.8663,-24.3683],[146.8593,-24.3686],[146.8545,-24.3719],[146.8447,-24.3695],[146.8413,-24.3718],[146.8282,-24.3724],[146.816,-24.3757],[146.814,-24.384],[146.8168,-24.3928],[146.8103,-24.3964],[146.8044,-24.3955],[146.8039,-24.4025],[146.7993,-24.4071],[146.7939,-24.4181],[146.7909,-24.4101],[146.7779,-24.4052],[146.7726,-24.4051],[146.7702,-24.408],[146.7665,-24.4055],[146.7593,-24.4039],[146.7469,-24.4071],[146.7294,-24.4188],[146.7211,-24.3971],[146.7217,-24.3849],[146.7127,-24.3776],[146.7012,-24.378],[146.6972,-24.381],[146.6932,-24.3794],[146.6905,-24.3749],[146.6862,-24.3752],[146.682,-24.3803],[146.6797,-24.3883],[146.6694,-24.3906],[146.6635,-24.4013],[146.6559,-24.4042],[146.6522,-24.4001],[146.6418,-24.3992],[146.6385,-24.4051],[146.63,-24.4052],[146.6271,-24.4032],[146.6178,-24.4118],[146.6092,-24.4132],[146.6037,-24.4156],[146.5959,-24.4172],[146.5912,-24.4148],[146.5872,-24.4152],[146.5811,-24.4115],[146.5725,-24.4128],[146.574,-24.4167],[146.5858,-24.4264],[146.5891,-24.432],[146.5897,-24.4435],[146.5957,-24.4459],[146.5961,-24.453],[146.6011,-24.4536],[146.6112,-24.4584],[146.6203,-24.4579],[146.6201,-24.4671],[146.6261,-24.4937],[146.6318,-24.4978],[146.6351,-24.4966],[146.6399,-24.5002],[146.6432,-24.5087],[146.6482,-24.518],[146.6459,-24.5233],[146.6494,-24.5291],[146.6583,-24.5391],[146.6641,-24.548],[146.6615,-24.5526],[146.6656,-24.5575],[146.6675,-24.5622],[146.6718,-24.5648],[146.6796,-24.5728],[146.6808,-24.5789],[146.6762,-24.5812],[146.6733,-24.5853],[146.67,-24.5861],[146.6668,-24.5908],[146.6747,-24.597],[146.6822,-24.6001],[146.6825,-24.6058],[146.6895,-24.6116],[146.6993,-24.6157],[146.7135,-24.6189],[146.7214,-24.626],[146.7274,-24.628],[146.7375,-24.6277],[146.7402,-24.6338],[146.7371,-24.6427],[146.7405,-24.6503],[146.7505,-24.6524],[146.7518,-24.6578],[146.7579,-24.6633],[146.7681,-24.6643],[146.7742,-24.6628],[146.7767,-24.6569],[146.7798,-24.6362],[146.7874,-24.6263],[146.8001,-24.6206],[146.8021,-24.6238],[146.807,-24.6371],[146.8136,-24.6365],[146.8191,-24.626],[146.8339,-24.6243],[146.8421,-24.6152],[146.8428,-24.6123],[146.8487,-24.6087],[146.8478,-24.6044],[146.8526,-24.6035],[146.857,-24.5937],[146.8569,-24.5899],[146.8661,-24.5859],[146.8693,-24.5884],[146.8685,-24.5934],[146.8759,-24.5977],[146.8785,-24.6013],[146.8831,-24.6008],[146.8855,-24.607],[146.8843,-24.6122],[146.8902,-24.6153],[146.8918,-24.6234],[146.8947,-24.6288],[146.8928,-24.6369],[146.8986,-24.6464],[146.906,-24.6488],[146.9083,-24.6477],[146.9128,-24.6537],[146.9118,-24.6572],[146.9192,-24.6607],[146.9257,-24.6698],[146.931,-24.6728],[146.9347,-24.6774],[146.9348,-24.6835],[146.9399,-24.695],[146.942,-24.7043],[146.9329,-24.7066],[146.9292,-24.7104],[146.9205,-24.7157],[146.9199,-24.7233],[146.9167,-24.7255],[146.9132,-24.7322],[146.9123,-24.737],[146.907,-24.7443],[146.9005,-24.7453],[146.8982,-24.7529],[146.8939,-24.7582],[146.885,-24.7607],[146.8801,-24.7664],[146.879,-24.7735],[146.8841,-24.7773],[146.8891,-24.7788],[146.8926,-24.7882],[146.9034,-24.8051],[147.019,-24.8101],[147.0916,-24.8141],[147.0894,-24.8464],[147.1389,-24.8489],[147.1366,-24.8828],[147.2964,-24.8958],[147.2976,-24.8922],[147.304,-24.8897],[147.3054,-24.885],[147.3163,-24.8842],[147.3196,-24.8824],[147.3185,-24.8726],[147.3221,-24.8705],[147.3256,-24.873],[147.3416,-24.8713],[147.3498,-24.8755],[147.3611,-24.8752],[147.3633,-24.8771],[147.3698,-24.8767],[147.3725,-24.8718],[147.381,-24.8708],[147.3901,-24.8737],[147.3932,-24.8786],[147.3963,-24.8763],[147.4059,-24.878],[147.4132,-24.8805],[147.4197,-24.8814],[147.4343,-24.8809],[147.4563,-24.8787],[147.4764,-24.8782],[147.4859,-24.8758],[147.4885,-24.8736],[147.4917,-24.8657],[147.4965,-24.847],[147.5014,-24.8447],[147.5045,-24.8384],[147.509,-24.8349],[147.5067,-24.829],[147.5066,-24.8232],[147.5187,-24.8302],[147.524,-24.829],[147.5342,-24.8234],[147.5402,-24.823],[147.5424,-24.8175],[147.5503,-24.8211],[147.5583,-24.8192],[147.5592,-24.8331],[147.5707,-24.8358],[147.5785,-24.836],[147.5826,-24.8318],[147.583,-24.8276],[147.5922,-24.8182],[147.608,-24.8116],[147.6119,-24.8076],[147.6173,-24.8049],[147.6309,-24.8038],[147.6339,-24.8015],[147.6451,-24.8002],[147.6486,-24.7951],[147.6495,-24.7887],[147.6457,-24.7873],[147.6444,-24.777],[147.6466,-24.7732],[147.6515,-24.7711],[147.666,-24.771],[147.6734,-24.7701],[147.6794,-24.7736],[147.6818,-24.7731],[147.6868,-24.7647],[147.6935,-24.7611],[147.7021,-24.7604],[147.7049,-24.7531],[147.7105,-24.7533],[147.7161,-24.7502],[147.7199,-24.7429],[147.7244,-24.7409],[147.7303,-24.733],[147.7352,-24.7303],[147.746,-24.7287],[147.7518,-24.7306],[147.7568,-24.7284],[147.7632,-24.7289],[147.7703,-24.7332],[147.7718,-24.7375],[147.7768,-24.739],[147.7835,-24.7337],[147.7913,-24.7307],[147.8014,-24.7349],[147.8031,-24.7334],[147.8116,-24.7371],[147.8173,-24.735],[147.8233,-24.735],[147.8276,-24.7445],[147.8266,-24.7504],[147.8304,-24.7547],[147.8341,-24.7543],[147.8448,-24.7622],[147.8485,-24.7681],[147.8525,-24.7714],[147.8509,-24.7759],[147.8587,-24.7837],[147.864,-24.7863],[147.8752,-24.7883],[147.8887,-24.797],[147.8936,-24.8038],[147.8998,-24.8087],[147.9013,-24.8142],[147.9076,-24.8149],[147.9191,-24.8249],[147.9164,-24.8294],[147.9133,-24.8394],[147.9153,-24.8476],[147.9213,-24.8498],[147.934,-24.8609],[147.9379,-24.8616],[147.9424,-24.8676],[147.9415,-24.8702],[147.9471,-24.873],[147.9462,-24.8762],[147.9507,-24.8807]]]},"properties":{"District Name":"Rockhampton","DDMG Name":"Rockhampton","Police Region Name":"Central Region","Police Region Code":"CR","Police Region Short Name":"Central","Region Slug":"central","Layer Id":"qld_ddmg_boundaries_gda2020_simp200m","Layer Group":"statewide","Layer Kind":"ddmg","Source":"QPS Disaster Districts, Queensland Police Service, via the Queensland Government Open Data Portal","Source URL":"https://www.data.qld.gov.au/dataset/qps-disaster-districts","Licence":"CC BY 4.0","Licence URL":"https://creativecommons.org/licenses/by/4.0/","Dataset Date":"19/05/2025","Simplification Tolerance M":200,"Coordinate Precision Decimals":4,"CRS":"GDA2020 (EPSG:7844)","Generated":"2026-09-13"},"id":"Rockhampton"},{"type":"Feature","geometry":{"type":"Polygon","coordinates":[[[146.945,-28.9991],[147.0722,-28.9991],[147.2373,-28.9991],[147.3382,-28.9991],[147.4849,-28.9991],[147.5675,-28.9991],[147.7439,-28.9991],[147.8481,-28.9991],[147.9967,-28.9991],[148.0879,-28.9991],[148.2279,-28.9991],[148.3086,-28.9991],[148.4231,-28.9991],[148.5922,-28.9991],[148.7162,-28.9991],[148.8574,-28.999],[148.9581,-28.9991],[148.9629,-28.9965],[148.9653,-28.9911],[148.9711,-28.9853],[148.9723,-28.9782],[148.993,-28.9716],[148.9975,-28.9725],[149.0031,-28.9683],[149.0063,-28.9598],[149.0108,-28.96],[149.0112,-28.9556],[149.0179,-28.9583],[149.028,-28.9545],[149.0312,-28.9572],[149.0345,-28.9528],[149.0366,-28.9437],[149.0401,-28.9424],[149.0457,-28.9327],[149.043,-28.9266],[149.0471,-28.925],[149.0479,-28.917],[149.051,-28.9175],[149.055,-28.9119],[149.0584,-28.911],[149.0561,-28.9],[149.0542,-28.8934],[149.0481,-28.8864],[149.0438,-28.8926],[149.0165,-28.8622],[148.9817,-28.8203],[148.9912,-28.7603],[148.9751,-28.7591],[148.9834,-28.6927],[148.9873,-28.6635],[148.9479,-28.6599],[148.9196,-28.6569],[148.9237,-28.6211],[148.9277,-28.62],[148.9358,-28.5598],[148.9241,-28.5586],[148.9293,-28.5202],[148.9308,-28.5203],[148.9355,-28.4854],[148.9329,-28.4851],[148.9508,-28.3526],[148.9594,-28.2888],[149.0029,-28.2336],[149.0415,-28.186],[149.0757,-28.1893],[149.0752,-28.1931],[149.1432,-28.2002],[149.1454,-28.1991],[149.1887,-28.2037],[149.1892,-28.1998],[149.326,-28.2171],[149.3257,-28.2186],[149.4055,-28.2286],[149.4211,-28.1299],[149.4307,-28.0698],[149.4453,-28.0713],[149.4575,-27.9928],[149.4597,-27.9774],[149.4732,-27.8889],[149.4809,-27.8433],[149.4892,-27.7921],[149.405,-27.7834],[149.4273,-27.7455],[149.4958,-27.7538],[149.5059,-27.6926],[149.5081,-27.6778],[149.4661,-27.6722],[149.4713,-27.6404],[149.4381,-27.6366],[149.4421,-27.6343],[149.4514,-27.6227],[149.4541,-27.6227],[149.4546,-27.6165],[149.4618,-27.6044],[149.4665,-27.6049],[149.4696,-27.6021],[149.4711,-27.5958],[149.4753,-27.5957],[149.479,-27.5928],[149.483,-27.5676],[149.4901,-27.519],[149.4983,-27.4588],[149.4933,-27.4502],[149.4961,-27.4319],[149.4811,-27.4129],[149.4807,-27.4093],[149.4672,-27.3939],[149.4568,-27.376],[149.4584,-27.3669],[149.4732,-27.3431],[149.4819,-27.33],[149.4799,-27.3202],[149.4862,-27.3158],[149.4879,-27.3128],[149.5021,-27.2935],[149.5199,-27.2817],[149.5225,-27.2814],[149.5295,-27.2747],[149.5524,-27.259],[149.5651,-27.2484],[149.5929,-27.222],[149.5564,-27.1912],[149.6787,-27.0748],[149.6733,-27.0742],[149.671,-27.0707],[149.6598,-27.0677],[149.6507,-27.0673],[149.6462,-27.0683],[149.6452,-27.0733],[149.6417,-27.0749],[149.6322,-27.0691],[149.6316,-27.0628],[149.6259,-27.0559],[149.6346,-27.0496],[149.6368,-27.0437],[149.6303,-27.0425],[149.6159,-27.0427],[149.6152,-27.0333],[149.6168,-27.0313],[149.6282,-27.0292],[149.6417,-27.0244],[149.6465,-27.0284],[149.6542,-27.0304],[149.6645,-27.0295],[149.6672,-27.0224],[149.6671,-27.0145],[149.6621,-27.0102],[149.663,-27.0064],[149.6448,-26.9646],[149.6298,-26.9443],[149.6126,-26.8953],[149.5882,-26.8292],[149.6121,-26.8187],[149.6079,-26.8139],[149.602,-26.815],[149.5962,-26.8074],[149.5915,-26.8083],[149.6842,-26.7737],[149.6746,-26.7597],[149.6633,-26.7583],[149.6628,-26.7517],[149.6698,-26.747],[149.6737,-26.7407],[149.676,-26.7264],[149.675,-26.6973],[149.6712,-26.6685],[149.692,-26.6486],[149.6927,-26.6439],[149.6967,-26.6438],[149.7019,-26.6109],[149.6672,-26.6062],[149.6702,-26.5879],[149.6964,-26.5912],[149.7004,-26.5666],[149.6957,-26.566],[149.6981,-26.5509],[149.7076,-26.553],[149.7107,-26.5337],[149.7029,-26.5327],[149.7052,-26.5182],[149.6971,-26.5171],[149.7016,-26.5046],[149.7014,-26.4985],[149.7045,-26.492],[149.7075,-26.4905],[149.7142,-26.4814],[149.7276,-26.4705],[149.6854,-26.4651],[149.704,-26.4525],[149.722,-26.4367],[149.7283,-26.4373],[149.7317,-26.4168],[149.7462,-26.4187],[149.7508,-26.3901],[149.758,-26.3891],[149.7721,-26.3933],[149.7732,-26.4013],[149.8051,-26.3937],[149.8216,-26.3798],[149.8313,-26.3175],[149.8139,-26.3092],[149.8165,-26.303],[149.7723,-26.2974],[149.7723,-26.2978],[149.7183,-26.2908],[149.7079,-26.3048],[149.7093,-26.3062],[149.7016,-26.3117],[149.6984,-26.3099],[149.6914,-26.3111],[149.6866,-26.3076],[149.6757,-26.3064],[149.6738,-26.3098],[149.6487,-26.3071],[149.6434,-26.3007],[149.6229,-26.2987],[149.6139,-26.3034],[149.6146,-26.3081],[149.5693,-26.3032],[149.5654,-26.3325],[149.5622,-26.3313],[149.5561,-26.3331],[149.5502,-26.3326],[149.5466,-26.3277],[149.5434,-26.3309],[149.5391,-26.3296],[149.5311,-26.3341],[149.5281,-26.3335],[149.516,-26.3355],[149.5049,-26.336],[149.5034,-26.3332],[149.51,-26.327],[149.5121,-26.3231],[149.5077,-26.3086],[149.4937,-26.3019],[149.5114,-26.2948],[149.512,-26.2905],[149.4742,-26.2864],[149.4757,-26.296],[149.4642,-26.3115],[149.4628,-26.3103],[149.4433,-26.3029],[149.4339,-26.2978],[149.4272,-26.291],[149.4003,-26.2765],[149.3999,-26.2838],[149.4013,-26.2875],[149.375,-26.2865],[149.3498,-26.2913],[149.3413,-26.2902],[149.3249,-26.284],[149.2976,-26.2823],[149.2827,-26.288],[149.2815,-26.2931],[149.2774,-26.2946],[149.2725,-26.2995],[149.2163,-26.3038],[149.2061,-26.3065],[149.1841,-26.3219],[149.1801,-26.3134],[149.1733,-26.3106],[149.1562,-26.3081],[149.1533,-26.3052],[149.1596,-26.2967],[149.1668,-26.2839],[149.1621,-26.2596],[149.1545,-26.2509],[149.1594,-26.2461],[149.1628,-26.2387],[149.1621,-26.2309],[149.1642,-26.211],[149.1637,-26.1974],[149.1719,-26.1901],[149.1786,-26.177],[149.1748,-26.1629],[149.1837,-26.1621],[149.1901,-26.1535],[149.1983,-26.1483],[149.2038,-26.1385],[149.2045,-26.1276],[149.2206,-26.1154],[149.2176,-26.0926],[149.2121,-26.0754],[149.217,-26.0684],[149.218,-26.0532],[149.1352,-26.0439],[149.1325,-26.0397],[149.1244,-26.0185],[149.1295,-26.0131],[149.1301,-26.0012],[149.1233,-26.0011],[149.122,-25.9977],[149.1166,-25.9981],[149.0973,-25.9478],[149.0944,-25.9403],[149.1083,-25.8733],[149.1044,-25.8664],[149.0971,-25.8606],[149.0917,-25.8593],[149.0849,-25.8544],[149.0757,-25.8435],[149.0681,-25.8423],[149.0653,-25.8385],[149.0551,-25.8287],[149.0528,-25.8246],[149.044,-25.823],[149.0312,-25.8083],[149.0249,-25.7991],[149.0254,-25.795],[149.0312,-25.7756],[149.0312,-25.7685],[149.0217,-25.7688],[149.013,-25.7746],[148.9965,-25.7808],[148.986,-25.7825],[148.9769,-25.7876],[148.9683,-25.7897],[148.9636,-25.7927],[148.945,-25.7712],[148.9109,-25.7676],[148.9096,-25.7612],[148.9007,-25.7601],[148.9238,-25.7405],[148.9198,-25.7288],[148.9214,-25.7254],[148.9269,-25.7248],[148.9285,-25.7207],[148.9252,-25.7155],[148.9287,-25.7086],[148.9254,-25.7032],[148.9321,-25.6991],[148.9344,-25.6995],[148.94,-25.6939],[148.9383,-25.6879],[148.9426,-25.6855],[148.9494,-25.6928],[148.957,-25.6929],[148.9642,-25.6993],[148.9673,-25.7038],[148.9693,-25.7114],[148.9728,-25.7132],[148.978,-25.7086],[148.9812,-25.7083],[148.9958,-25.6976],[149.0014,-25.6974],[149.0095,-25.6931],[149.0157,-25.6817],[149.0194,-25.6815],[149.0315,-25.6727],[149.0399,-25.6757],[149.0564,-25.6698],[149.0535,-25.6643],[149.0541,-25.6616],[149.0605,-25.6515],[149.0605,-25.6462],[149.0529,-25.6501],[149.0499,-25.6488],[149.0485,-25.6432],[149.0523,-25.6371],[149.0606,-25.6323],[149.0605,-25.6268],[149.0479,-25.6229],[149.0445,-25.6243],[149.045,-25.6284],[149.0417,-25.6315],[149.041,-25.6366],[149.0349,-25.6423],[149.0327,-25.6384],[149.0385,-25.6316],[149.0375,-25.6284],[149.0327,-25.627],[149.0263,-25.6187],[149.0221,-25.6182],[149.0139,-25.6136],[149.0143,-25.6088],[149.0239,-25.6119],[149.0265,-25.6094],[149.0201,-25.6037],[149.0104,-25.6017],[149.0032,-25.6019],[148.9922,-25.6007],[148.9902,-25.6036],[148.992,-25.6101],[148.9955,-25.6147],[148.992,-25.6187],[148.9855,-25.6122],[148.987,-25.603],[148.9863,-25.5985],[148.9879,-25.5901],[148.9853,-25.5874],[149.0245,-25.5597],[148.9384,-25.4592],[148.935,-25.4656],[148.928,-25.4638],[148.9192,-25.4681],[148.9073,-25.4679],[148.9052,-25.4719],[148.9006,-25.473],[148.877,-25.4703],[148.8729,-25.4617],[148.8638,-25.4652],[148.8336,-25.4604],[148.8247,-25.4541],[148.8151,-25.4524],[148.8124,-25.4463],[148.8138,-25.4438],[148.8091,-25.4407],[148.8044,-25.4408],[148.798,-25.4454],[148.7911,-25.4391],[148.7837,-25.4359],[148.7759,-25.4349],[148.7748,-25.4317],[148.7655,-25.4242],[148.7617,-25.4173],[148.7441,-25.4132],[148.7371,-25.4097],[148.7258,-25.4008],[148.7248,-25.3903],[148.7189,-25.3869],[148.7267,-25.3426],[148.7332,-25.3378],[148.7335,-25.3337],[148.7389,-25.3276],[148.7474,-25.3242],[148.7471,-25.3187],[148.7526,-25.3129],[148.7592,-25.3108],[148.7526,-25.2969],[148.7453,-25.2798],[148.7383,-25.2783],[148.7352,-25.2797],[148.7372,-25.2849],[148.7279,-25.2874],[148.7212,-25.2862],[148.7159,-25.2812],[148.7082,-25.2781],[148.7023,-25.2839],[148.6939,-25.2849],[148.6844,-25.2807],[148.6826,-25.288],[148.6788,-25.2916],[148.6773,-25.3007],[148.6734,-25.3053],[148.6699,-25.3056],[148.6667,-25.3104],[148.661,-25.3067],[148.6491,-25.292],[148.6438,-25.2842],[148.6374,-25.2794],[148.6257,-25.2799],[148.613,-25.2765],[148.6107,-25.2747],[148.6039,-25.2742],[148.5966,-25.2693],[148.5967,-25.2663],[148.5916,-25.2613],[148.5809,-25.2551],[148.5755,-25.2547],[148.5688,-25.2496],[148.557,-25.2532],[148.548,-25.2518],[148.5434,-25.2469],[148.5309,-25.244],[148.525,-25.2445],[148.5163,-25.2431],[148.5106,-25.2461],[148.5031,-25.2447],[148.488,-25.2464],[148.4814,-25.243],[148.4697,-25.2447],[148.4493,-25.2564],[148.44,-25.2533],[148.4298,-25.2513],[148.4258,-25.2487],[148.4207,-25.2495],[148.4138,-25.2599],[148.4078,-25.2583],[148.4075,-25.2542],[148.3995,-25.2439],[148.3929,-25.2429],[148.3836,-25.2452],[148.3786,-25.2398],[148.3785,-25.2356],[148.3687,-25.2313],[148.3605,-25.2348],[148.3574,-25.2313],[148.3517,-25.2295],[148.3475,-25.2204],[148.3367,-25.218],[148.3299,-25.214],[148.326,-25.2102],[148.3122,-25.2127],[148.3053,-25.2119],[148.3062,-25.2035],[148.2962,-25.1885],[148.2926,-25.1816],[148.294,-25.1777],[148.2916,-25.1749],[148.2943,-25.1657],[148.2908,-25.1611],[148.2841,-25.1588],[148.2758,-25.153],[148.2766,-25.1487],[148.2685,-25.1437],[148.2607,-25.1356],[148.2553,-25.1336],[148.2515,-25.1276],[148.2475,-25.1254],[148.2358,-25.1143],[148.2362,-25.1104],[148.2341,-25.1006],[148.2285,-25.0986],[148.2248,-25.0947],[148.2129,-25.0864],[148.2096,-25.0801],[148.2054,-25.0792],[148.1983,-25.0818],[148.1874,-25.0812],[148.1807,-25.0794],[148.1748,-25.0843],[148.1706,-25.0851],[148.1605,-25.084],[148.1496,-25.0613],[148.1448,-25.0613],[148.1339,-25.0431],[148.1274,-25.0448],[148.1213,-25.0414],[148.1209,-25.035],[148.1163,-25.0316],[148.1153,-25.0281],[148.1175,-25.0239],[148.1135,-25.0208],[148.1089,-25.0215],[148.1046,-25.0173],[148.094,-25.0136],[148.0893,-25.009],[148.087,-25.0025],[148.0834,-25.0008],[148.0839,-24.9965],[148.0791,-24.988],[148.0783,-24.9821],[148.0759,-24.9788],[148.0759,-24.9726],[148.0796,-24.9701],[148.0743,-24.9572],[148.0784,-24.9483],[148.0758,-24.9416],[148.066,-24.9353],[148.0623,-24.93],[148.0629,-24.9248],[148.0549,-24.9126],[148.0442,-24.9098],[148.0364,-24.9122],[148.0298,-24.9109],[148.0267,-24.9077],[148.0193,-24.9046],[148.0149,-24.8989],[148.0011,-24.8973],[147.9943,-24.9006],[147.9851,-24.8908],[147.9762,-24.8786],[147.9654,-24.8797],[147.9545,-24.8791],[147.9507,-24.8807],[147.9545,-24.8862],[147.9482,-24.8952],[147.9355,-24.9018],[147.9284,-24.9093],[147.9224,-24.9205],[147.9186,-24.9194],[147.9088,-24.9209],[147.9042,-24.9182],[147.8952,-24.9184],[147.8913,-24.9223],[147.8912,-24.9259],[147.8948,-24.934],[147.8982,-24.9376],[147.8947,-24.9396],[147.8877,-24.9363],[147.8793,-24.9402],[147.8707,-24.9458],[147.8717,-24.9537],[147.8609,-24.9543],[147.8542,-24.9582],[147.8533,-24.9628],[147.8495,-24.9651],[147.8417,-24.9645],[147.8346,-24.97],[147.8248,-24.9736],[147.8226,-24.9715],[147.8172,-24.9736],[147.814,-24.9699],[147.8079,-24.9771],[147.8043,-24.9866],[147.7995,-24.9942],[147.7934,-24.997],[147.7911,-25.0069],[147.7806,-25.0188],[147.7808,-25.0264],[147.7729,-25.0256],[147.7659,-25.0337],[147.7625,-25.0317],[147.7516,-25.0317],[147.7472,-25.0334],[147.7392,-25.0325],[147.7342,-25.0378],[147.7259,-25.0328],[147.7193,-25.0227],[147.708,-25.0181],[147.6999,-25.0117],[147.6835,-25.0074],[147.6592,-25.0045],[147.6488,-25.0767],[147.6754,-25.0802],[147.6552,-25.2308],[147.5543,-25.2191],[147.5412,-25.3116],[147.4858,-25.3051],[147.3592,-25.2907],[147.361,-25.3002],[147.3628,-25.3192],[147.3621,-25.3224],[147.39,-25.3432],[147.3931,-25.3542],[147.3845,-25.3755],[147.3728,-25.3743],[147.3559,-25.5011],[147.3049,-25.4954],[147.2855,-25.6405],[147.2608,-25.6378],[147.1793,-25.6292],[147.1676,-25.721],[147.1602,-25.781],[147.2586,-25.792],[147.2561,-25.7973],[147.2601,-25.8064],[147.2676,-25.8151],[147.272,-25.8245],[147.2758,-25.8358],[147.2763,-25.8585],[147.2752,-25.8764],[147.2795,-25.8792],[147.278,-25.884],[147.2843,-25.8961],[147.2862,-25.9036],[147.2806,-25.9131],[147.2825,-25.915],[147.2995,-25.9198],[147.3033,-25.922],[147.3106,-25.9224],[147.3132,-25.9274],[147.3259,-25.9285],[147.3334,-25.9321],[147.3393,-25.9323],[147.3515,-25.9286],[147.3562,-25.9376],[147.3597,-25.9399],[147.3647,-25.9397],[147.3709,-25.9422],[147.3977,-25.9689],[147.4071,-25.9736],[147.4114,-25.9708],[147.4247,-25.9712],[147.4283,-25.9746],[147.436,-25.9766],[147.4411,-25.9763],[147.451,-25.9782],[147.4547,-25.9804],[147.4534,-25.9917],[147.4422,-26.0102],[147.4418,-26.0134],[147.4482,-26.0174],[147.4476,-26.0281],[147.4498,-26.0416],[147.4496,-26.0517],[147.4416,-26.0592],[147.441,-26.0648],[147.4439,-26.0663],[147.4483,-26.0789],[147.4513,-26.0814],[147.4441,-26.1342],[147.434,-26.1402],[147.4152,-26.138],[147.4073,-26.1435],[147.4006,-26.1386],[147.3828,-26.1337],[147.3764,-26.1381],[147.3707,-26.1396],[147.365,-26.1433],[147.3593,-26.1556],[147.3603,-26.164],[147.3594,-26.1731],[147.37,-26.181],[147.3669,-26.1926],[147.3676,-26.1944],[147.3594,-26.2153],[147.3558,-26.2388],[147.3791,-26.2414],[147.3782,-26.2507],[147.3733,-26.2869],[147.3439,-26.2829],[147.3305,-26.3712],[147.3299,-26.3711],[147.3217,-26.4283],[147.3211,-26.4359],[147.3177,-26.4351],[147.305,-26.5275],[147.2312,-26.5192],[147.2162,-26.5287],[147.2099,-26.5738],[147.2426,-26.5775],[147.2463,-26.5811],[147.2491,-26.5952],[147.2444,-26.602],[147.2384,-26.6453],[147.2376,-26.6994],[147.2214,-26.743],[147.2213,-26.7869],[147.2198,-26.8746],[147.2142,-26.9098],[147.2058,-26.9674],[147.1339,-26.9615],[147.134,-26.9621],[147.0644,-26.9564],[147.0576,-27.0006],[147.0492,-27.0112],[147.0432,-27.0492],[147.0384,-27.0838],[147.0314,-27.0829],[147.0302,-27.0923],[147.0961,-27.0993],[147.0967,-27.0998],[147.0871,-27.1711],[147.0816,-27.1705],[147.0641,-27.2448],[147.0538,-27.3197],[147.0472,-27.3655],[147.0438,-27.4064],[147.0498,-27.4071],[147.043,-27.453],[147.04,-27.4753],[147.0527,-27.4761],[147.054,-27.4852],[147.0615,-27.5445],[147.0645,-27.5572],[147.0633,-27.5661],[147.1429,-27.5749],[147.121,-27.7134],[147.1212,-27.7139],[147.1167,-27.7553],[147.1172,-27.7614],[147.1081,-27.8178],[147.1095,-27.8248],[147.118,-27.8574],[147.1097,-27.8958],[147.1242,-27.898],[147.1196,-27.9282],[147.1085,-27.9732],[147.105,-27.9948],[147.0686,-27.9909],[147.0334,-27.9901],[146.9902,-27.9899],[146.9691,-28.1324],[146.9687,-28.1329],[146.9491,-28.263],[146.9321,-28.2607],[146.9263,-28.2822],[146.9157,-28.3541],[146.9679,-28.3602],[146.96,-28.4129],[146.9651,-28.4142],[146.9604,-28.4391],[146.9607,-28.4507],[146.9634,-28.5061],[146.9577,-28.5364],[146.9379,-28.5595],[146.9279,-28.6298],[146.9384,-28.631],[146.928,-28.7023],[146.9252,-28.7241],[146.8924,-28.7214],[146.8848,-28.7674],[146.8813,-28.7816],[146.872,-28.8145],[146.8655,-28.8409],[146.8633,-28.8543],[146.9474,-28.8608],[146.9527,-28.8614],[146.9493,-28.8903],[146.945,-28.9191],[146.9392,-28.9606],[146.9357,-28.9912],[146.945,-28.9991]]]},"properties":{"District Name":"Roma","DDMG Name":"Roma","Police Region Name":"Southern Region","Police Region Code":"SR","Police Region Short Name":"Southern","Region Slug":"southern","Layer Id":"qld_ddmg_boundaries_gda2020_simp200m","Layer Group":"statewide","Layer Kind":"ddmg","Source":"QPS Disaster Districts, Queensland Police Service, via the Queensland Government Open Data Portal","Source URL":"https://www.data.qld.gov.au/dataset/qps-disaster-districts","Licence":"CC BY 4.0","Licence URL":"https://creativecommons.org/licenses/by/4.0/","Dataset Date":"19/05/2025","Simplification Tolerance M":200,"Coordinate Precision Decimals":4,"CRS":"GDA2020 (EPSG:7844)","Generated":"2026-09-13"},"id":"Roma"},{"type":"Feature","geometry":{"type":"MultiPolygon","coordinates":[[[[152.5752,-26.584],[152.5761,-26.5911],[152.574,-26.5955],[152.5841,-26.5967],[152.5815,-26.5997],[152.582,-26.6043],[152.5854,-26.612],[152.5878,-26.614],[152.5832,-26.6454],[152.5715,-26.658],[152.5723,-26.6592],[152.5522,-26.6808],[152.5557,-26.6805],[152.5556,-26.6874],[152.5577,-26.6914],[152.5517,-26.697],[152.5511,-26.7031],[152.5529,-26.706],[152.5622,-26.708],[152.5651,-26.7072],[152.5729,-26.7114],[152.5794,-26.7162],[152.582,-26.7202],[152.5805,-26.7228],[152.5855,-26.7332],[152.5823,-26.7358],[152.5833,-26.7404],[152.5908,-26.7472],[152.5961,-26.7481],[152.6001,-26.7518],[152.6025,-26.7579],[152.6172,-26.7595],[152.6195,-26.762],[152.6269,-26.7624],[152.6325,-26.7644],[152.6391,-26.7618],[152.6412,-26.7675],[152.6457,-26.7736],[152.6532,-26.7687],[152.6615,-26.7691],[152.6673,-26.773],[152.6689,-26.7897],[152.6724,-26.7943],[152.679,-26.7967],[152.6792,-26.7999],[152.6988,-26.803],[152.6965,-26.8091],[152.7091,-26.8111],[152.721,-26.8085],[152.7266,-26.8115],[152.7291,-26.8166],[152.733,-26.8149],[152.7392,-26.808],[152.7495,-26.8163],[152.7531,-26.7973],[152.7592,-26.803],[152.7611,-26.7924],[152.7669,-26.7933],[152.771,-26.7959],[152.7795,-26.7971],[152.7773,-26.8094],[152.7886,-26.813],[152.7867,-26.8223],[152.7921,-26.8271],[152.801,-26.8263],[152.8049,-26.8242],[152.8114,-26.8284],[152.8184,-26.8375],[152.8181,-26.8402],[152.8245,-26.8494],[152.829,-26.8502],[152.8324,-26.8561],[152.8386,-26.855],[152.848,-26.8581],[152.8532,-26.8562],[152.8517,-26.8652],[152.8583,-26.8661],[152.8575,-26.8712],[152.8695,-26.8729],[152.8668,-26.8889],[152.8555,-26.8874],[152.8543,-26.8946],[152.8553,-26.9019],[152.8612,-26.9027],[152.8595,-26.9113],[152.8755,-26.9135],[152.8725,-26.9302],[152.8683,-26.9336],[152.8614,-26.9363],[152.8581,-26.9562],[152.874,-26.9583],[152.8855,-26.9559],[152.8912,-26.9607],[152.8984,-26.958],[152.9037,-26.9539],[152.9133,-26.954],[152.9197,-26.9555],[152.9235,-26.9601],[152.9326,-26.9633],[152.9516,-26.966],[152.9534,-26.9684],[152.9613,-26.9725],[152.9666,-26.9788],[152.975,-26.9744],[152.9781,-26.9802],[152.9851,-26.9847],[152.9884,-26.9831],[153.003,-26.9848],[153.0116,-26.979],[153.0169,-26.9791],[153.0185,-26.9663],[153.0428,-26.9694],[153.0496,-26.975],[153.0533,-26.9758],[153.0551,-26.9804],[153.0593,-26.9799],[153.0663,-26.9837],[153.0775,-26.9763],[153.0799,-26.9697],[153.0793,-26.9607],[153.0868,-26.9547],[153.087,-26.9519],[153.147,-26.9373],[153.1396,-26.9114],[153.1323,-26.8836],[153.1304,-26.8712],[153.1301,-26.859],[153.1286,-26.8429],[153.1293,-26.8371],[153.1347,-26.8103],[153.142,-26.8034],[153.1507,-26.8021],[153.1485,-26.7971],[153.1485,-26.7913],[153.1412,-26.7886],[153.1388,-26.7818],[153.1361,-26.764],[153.1373,-26.7592],[153.1349,-26.7391],[153.1345,-26.73],[153.1355,-26.7058],[153.1375,-26.6821],[153.1303,-26.6837],[153.1219,-26.6811],[153.1154,-26.6749],[153.1086,-26.6702],[153.1052,-26.6615],[153.1034,-26.648],[153.1015,-26.6404],[153.1012,-26.6238],[153.102,-26.6164],[153.0984,-26.604],[153.0975,-26.5937],[153.0985,-26.5695],[153.1006,-26.5541],[153.1026,-26.5466],[153.0957,-26.5383],[153.0927,-26.532],[153.0927,-26.5243],[153.0942,-26.5068],[153.0967,-26.4938],[153.1007,-26.4618],[153.1051,-26.4402],[153.1152,-26.396],[153.1174,-26.3898],[153.1149,-26.387],[153.1169,-26.3801],[153.1082,-26.3772],[153.1056,-26.3797],[153.101,-26.3794],[153.0933,-26.3863],[153.0852,-26.3841],[153.0804,-26.3813],[153.0756,-26.375],[153.0693,-26.3636],[153.0634,-26.345],[153.0614,-26.3257],[153.0623,-26.3004],[153.0649,-26.2819],[153.0739,-26.2372],[153.0792,-26.2155],[153.0912,-26.172],[153.0965,-26.1548],[152.9738,-26.1371],[152.9725,-26.1452],[152.9747,-26.1472],[152.9719,-26.1648],[152.9664,-26.1734],[152.9651,-26.1802],[152.9613,-26.1813],[152.9608,-26.185],[152.9566,-26.19],[152.9453,-26.1921],[152.9444,-26.1965],[152.9401,-26.1984],[152.9339,-26.1966],[152.9226,-26.1987],[152.9229,-26.2096],[152.9043,-26.2071],[152.9036,-26.2113],[152.8977,-26.2105],[152.8963,-26.2192],[152.8926,-26.2166],[152.8848,-26.2072],[152.8764,-26.2012],[152.853,-26.1984],[152.8501,-26.2184],[152.8309,-26.2161],[152.8303,-26.2205],[152.8252,-26.2236],[152.8277,-26.2389],[152.8227,-26.2401],[152.8254,-26.2482],[152.8081,-26.2994],[152.8064,-26.3086],[152.7995,-26.3183],[152.7972,-26.3249],[152.7926,-26.3514],[152.7831,-26.35],[152.7721,-26.3457],[152.7675,-26.3627],[152.7652,-26.3623],[152.7653,-26.3724],[152.7706,-26.3727],[152.7684,-26.3855],[152.769,-26.3939],[152.7791,-26.3953],[152.7779,-26.4024],[152.7815,-26.4045],[152.7893,-26.4035],[152.7934,-26.4069],[152.7964,-26.4191],[152.7935,-26.4179],[152.7912,-26.4318],[152.7953,-26.4326],[152.7886,-26.473],[152.7576,-26.4684],[152.7577,-26.4754],[152.7654,-26.4758],[152.7656,-26.482],[152.7616,-26.4837],[152.7524,-26.4914],[152.7493,-26.4978],[152.7448,-26.4993],[152.7437,-26.5082],[152.7621,-26.5106],[152.7597,-26.525],[152.7674,-26.5273],[152.7695,-26.5312],[152.7672,-26.5373],[152.7634,-26.5387],[152.7585,-26.5364],[152.7582,-26.5439],[152.7527,-26.5498],[152.7498,-26.5472],[152.7451,-26.5496],[152.7377,-26.5402],[152.7334,-26.543],[152.7285,-26.537],[152.7147,-26.5463],[152.7124,-26.5462],[152.7106,-26.5566],[152.7008,-26.5652],[152.6949,-26.5679],[152.695,-26.5756],[152.686,-26.577],[152.681,-26.5839],[152.6829,-26.5893],[152.6805,-26.5977],[152.67,-26.5961],[152.6603,-26.5971],[152.6536,-26.5928],[152.6526,-26.5902],[152.6437,-26.5862],[152.6358,-26.5851],[152.6256,-26.582],[152.6187,-26.5843],[152.6122,-26.583],[152.6063,-26.5843],[152.6059,-26.5797],[152.6025,-26.5779],[152.5955,-26.5841],[152.5922,-26.5844],[152.5879,-26.5797],[152.5793,-26.5809],[152.5752,-26.584]]],[[[152.847,-26.8875],[152.8462,-26.8918],[152.852,-26.892],[152.8507,-26.8867],[152.847,-26.8875]]]]},"properties":{"District Name":"Sunshine Coast","DDMG Name":"Sunshine Coast","Police Region Name":"North Coast Region","Police Region Code":"NCR","Police Region Short Name":"North Coast","Region Slug":"north_coast","Layer Id":"qld_ddmg_boundaries_gda2020_simp200m","Layer Group":"statewide","Layer Kind":"ddmg","Source":"QPS Disaster Districts, Queensland Police Service, via the Queensland Government Open Data Portal","Source URL":"https://www.data.qld.gov.au/dataset/qps-disaster-districts","Licence":"CC BY 4.0","Licence URL":"https://creativecommons.org/licenses/by/4.0/","Dataset Date":"19/05/2025","Simplification Tolerance M":200,"Coordinate Precision Decimals":4,"CRS":"GDA2020 (EPSG:7844)","Generated":"2026-09-13"},"id":"Sunshine Coast"},{"type":"Feature","geometry":{"type":"Polygon","coordinates":[[[150.7027,-27.9345],[150.7085,-27.934],[150.7091,-27.9384],[150.7237,-27.9404],[150.735,-27.9485],[150.7356,-27.971],[150.742,-27.9756],[150.7509,-27.9698],[150.7592,-27.9768],[150.7606,-27.9832],[150.7673,-27.9842],[150.7951,-27.9925],[150.7965,-28.0042],[150.8052,-28.0149],[150.8314,-28.0302],[150.8267,-28.0391],[150.8256,-28.0542],[150.8364,-28.0651],[150.8519,-28.0598],[150.8567,-28.0691],[150.9429,-28.0799],[151.0557,-28.094],[151.0571,-28.1005],[151.0525,-28.1155],[151.05,-28.1166],[151.0492,-28.124],[151.0446,-28.1313],[151.0399,-28.1346],[151.0376,-28.1412],[151.0427,-28.1585],[151.0412,-28.1613],[151.0467,-28.1671],[151.0544,-28.1623],[151.0918,-28.1675],[151.0909,-28.1743],[151.1255,-28.1765],[151.1338,-28.172],[151.1402,-28.1727],[151.1435,-28.1694],[151.1733,-28.167],[151.1706,-28.182],[151.1852,-28.1838],[151.1943,-28.1756],[151.2016,-28.1784],[151.207,-28.1774],[151.2059,-28.1835],[151.2732,-28.1924],[151.2806,-28.1843],[151.2879,-28.1811],[151.2975,-28.183],[151.3024,-28.1802],[151.3095,-28.1723],[151.3179,-28.1734],[151.3211,-28.1777],[151.3281,-28.1794],[151.3377,-28.1788],[151.3424,-28.1767],[151.345,-28.1713],[151.3484,-28.1691],[151.3595,-28.166],[151.3647,-28.1606],[151.3665,-28.1562],[151.3764,-28.1541],[151.3813,-28.1575],[151.3918,-28.1602],[151.397,-28.1674],[151.4031,-28.1625],[151.41,-28.1631],[151.4234,-28.1558],[151.4373,-28.1541],[151.4411,-28.1517],[151.4393,-28.1359],[151.4467,-28.1165],[151.4429,-28.1114],[151.4457,-28.1049],[151.4525,-28.1044],[151.4603,-28.1061],[151.4634,-28.0944],[151.4701,-28.0889],[151.4747,-28.0874],[151.4956,-28.0899],[151.5068,-28.0158],[151.5363,-28.0194],[151.5435,-27.9741],[151.5775,-27.9788],[151.6156,-27.9835],[151.6179,-27.9831],[151.6629,-27.9883],[151.6634,-27.9879],[151.6934,-27.9919],[151.6942,-27.9911],[151.7218,-27.9942],[151.7315,-27.9946],[151.7483,-27.9988],[151.7531,-28.0041],[151.7574,-28.0056],[151.7643,-28.0027],[151.7717,-28.0152],[151.7776,-28.0229],[151.7903,-28.0146],[151.785,-28.01],[151.7931,-27.9997],[151.797,-27.9999],[151.8061,-28.0058],[151.8077,-27.997],[151.9164,-28.0121],[151.9172,-28.0085],[151.9073,-27.9911],[151.9091,-27.9851],[151.9189,-27.9899],[151.9218,-27.9733],[151.9734,-27.9804],[151.976,-27.9679],[151.9986,-27.971],[151.9948,-27.9592],[152.024,-27.9631],[152.0255,-27.9545],[152.0745,-27.9613],[152.0823,-27.9589],[152.098,-27.9471],[152.098,-27.9445],[152.1068,-27.9397],[152.1392,-27.9441],[152.1431,-27.9478],[152.1434,-27.9515],[152.1402,-27.9538],[152.1398,-27.9583],[152.1464,-27.963],[152.1478,-27.9667],[152.1545,-27.9664],[152.1648,-27.9679],[152.1669,-27.9662],[152.1842,-27.9655],[152.1916,-27.9642],[152.1945,-27.9615],[152.1998,-27.9643],[152.2079,-27.9647],[152.2097,-27.9541],[152.2232,-27.9575],[152.2314,-27.9575],[152.2415,-27.9606],[152.2525,-27.9669],[152.2585,-27.9724],[152.2691,-27.9701],[152.2772,-27.9697],[152.2864,-27.963],[152.2938,-27.9612],[152.2938,-27.9562],[152.2989,-27.9563],[152.3083,-27.9628],[152.3163,-27.9657],[152.3219,-27.9647],[152.3274,-27.9665],[152.3343,-27.9647],[152.3431,-27.9608],[152.3474,-27.9652],[152.3571,-27.9622],[152.3738,-27.9637],[152.3824,-27.966],[152.3891,-27.9741],[152.3946,-27.9775],[152.4018,-27.9714],[152.4023,-27.959],[152.405,-27.9544],[152.4159,-27.9446],[152.4105,-27.9342],[152.4106,-27.9267],[152.4056,-27.9191],[152.4041,-27.9057],[152.4107,-27.9012],[152.4116,-27.8833],[152.4061,-27.8771],[152.4053,-27.8712],[152.4018,-27.8665],[152.4024,-27.8637],[152.4015,-27.8532],[152.3984,-27.84],[152.3948,-27.8341],[152.3949,-27.8309],[152.4007,-27.8247],[152.3987,-27.8186],[152.392,-27.8177],[152.3934,-27.8097],[152.3849,-27.8085],[152.3858,-27.8031],[152.4071,-27.8055],[152.4088,-27.7961],[152.4026,-27.7953],[152.4027,-27.7894],[152.3954,-27.7819],[152.3896,-27.7696],[152.3919,-27.7568],[152.3956,-27.7613],[152.402,-27.7629],[152.4049,-27.7504],[152.4101,-27.7208],[152.4068,-27.7203],[152.4091,-27.7077],[152.4123,-27.7082],[152.4135,-27.7009],[152.3907,-27.6978],[152.3921,-27.69],[152.3954,-27.6869],[152.403,-27.685],[152.4112,-27.6814],[152.413,-27.6729],[152.4158,-27.6671],[152.4191,-27.6685],[152.4226,-27.6637],[152.4125,-27.6614],[152.4132,-27.6573],[152.4184,-27.6579],[152.423,-27.6546],[152.4302,-27.6567],[152.4311,-27.6516],[152.4388,-27.6502],[152.4424,-27.6541],[152.4478,-27.656],[152.4503,-27.6532],[152.4577,-27.6624],[152.4593,-27.6538],[152.4627,-27.6543],[152.4653,-27.6473],[152.4637,-27.6434],[152.4691,-27.6384],[152.4724,-27.6279],[152.4805,-27.6171],[152.4819,-27.6124],[152.4875,-27.6068],[152.4879,-27.6034],[152.5044,-27.5959],[152.497,-27.5829],[152.5031,-27.5802],[152.5078,-27.5811],[152.5093,-27.5725],[152.5125,-27.5744],[152.5149,-27.5596],[152.5174,-27.56],[152.5187,-27.552],[152.4995,-27.5507],[152.4923,-27.552],[152.4993,-27.5117],[152.4749,-27.5081],[152.4751,-27.5026],[152.4777,-27.4963],[152.4721,-27.4868],[152.4791,-27.4818],[152.473,-27.4739],[152.4646,-27.4679],[152.4612,-27.4688],[152.4576,-27.4645],[152.4518,-27.4638],[152.4512,-27.4675],[152.4446,-27.4636],[152.4454,-27.459],[152.4359,-27.4579],[152.4369,-27.451],[152.435,-27.4453],[152.4357,-27.4401],[152.4091,-27.4366],[152.4134,-27.4348],[152.4141,-27.4302],[152.3995,-27.4284],[152.4016,-27.415],[152.3907,-27.4122],[152.3794,-27.4044],[152.3734,-27.402],[152.3647,-27.4021],[152.3439,-27.3993],[152.3427,-27.402],[152.3155,-27.3986],[152.3104,-27.4293],[152.304,-27.4256],[152.2943,-27.4273],[152.2913,-27.4002],[152.2831,-27.4015],[152.2788,-27.4094],[152.2703,-27.414],[152.2629,-27.4161],[152.2582,-27.409],[152.261,-27.3926],[152.2276,-27.3881],[152.2238,-27.3901],[152.2088,-27.3901],[152.2018,-27.3865],[152.1928,-27.3852],[152.1908,-27.3821],[152.1984,-27.3776],[152.2015,-27.3597],[152.1915,-27.3658],[152.1942,-27.3481],[152.196,-27.3408],[152.1993,-27.3412],[152.1995,-27.3327],[152.2015,-27.322],[152.1902,-27.3203],[152.1932,-27.3145],[152.1926,-27.3112],[152.1961,-27.3075],[152.1998,-27.3073],[152.2001,-27.303],[152.203,-27.2992],[152.2028,-27.2954],[152.2062,-27.292],[152.1993,-27.2885],[152.1945,-27.2754],[152.1964,-27.2722],[152.1841,-27.2705],[152.1828,-27.2736],[152.1755,-27.2822],[152.1704,-27.2867],[152.1614,-27.2859],[152.1624,-27.2823],[152.1585,-27.2763],[152.1542,-27.2748],[152.152,-27.2693],[152.1549,-27.267],[152.1583,-27.2593],[152.1651,-27.2566],[152.1715,-27.2591],[152.177,-27.2638],[152.1787,-27.2605],[152.1724,-27.2538],[152.182,-27.2522],[152.1887,-27.2548],[152.1909,-27.242],[152.2011,-27.2433],[152.2015,-27.2401],[152.2087,-27.2356],[152.2185,-27.2327],[152.2208,-27.2297],[152.2256,-27.2288],[152.2331,-27.2223],[152.2362,-27.2035],[152.2205,-27.2013],[152.2151,-27.2089],[152.1868,-27.2051],[152.1798,-27.2054],[152.174,-27.2111],[152.1688,-27.2107],[152.1664,-27.2075],[152.159,-27.206],[152.1618,-27.1892],[152.1696,-27.1871],[152.1734,-27.1819],[152.177,-27.1817],[152.1855,-27.1762],[152.1885,-27.169],[152.142,-27.1462],[152.1341,-27.1415],[152.1408,-27.1332],[152.1419,-27.1265],[152.1485,-27.1219],[152.1579,-27.1118],[152.1744,-27.0976],[152.1771,-27.0913],[152.1824,-27.0894],[152.1813,-27.0861],[152.1853,-27.0614],[152.1913,-27.0723],[152.2143,-27.0751],[152.2143,-27.0699],[152.2219,-27.0666],[152.2274,-27.061],[152.1949,-27.0567],[152.1992,-27.0278],[152.1923,-27.0271],[152.193,-27.023],[152.2189,-27.0263],[152.2211,-27.0224],[152.2177,-27.0184],[152.2146,-27.0188],[152.2054,-27.0145],[152.1986,-27.0136],[152.1981,-27.0082],[152.1865,-27.0066],[152.1886,-26.994],[152.1749,-26.9921],[152.1732,-26.9895],[152.1799,-26.9867],[152.1766,-26.9837],[152.1833,-26.9782],[152.1789,-26.9758],[152.1691,-26.9794],[152.1693,-26.9706],[152.1651,-26.9726],[152.156,-26.969],[152.1496,-26.9704],[152.1503,-26.9658],[152.1386,-26.9647],[152.1313,-26.9615],[152.1298,-26.9552],[152.1254,-26.9542],[152.1278,-26.9499],[152.1281,-26.9443],[152.1393,-26.9306],[152.1441,-26.9273],[152.1428,-26.9173],[152.1438,-26.9108],[152.1498,-26.9044],[152.1471,-26.8989],[152.138,-26.9001],[152.1359,-26.9061],[152.1294,-26.9021],[152.1213,-26.9],[152.1145,-26.9035],[152.108,-26.9031],[152.1023,-26.9111],[152.0925,-26.9138],[152.0886,-26.9189],[152.0711,-26.9271],[152.0644,-26.9267],[152.0578,-26.9203],[152.051,-26.9193],[152.053,-26.9107],[152.0573,-26.9098],[152.0585,-26.9056],[152.063,-26.9034],[152.0679,-26.8979],[152.0672,-26.8818],[152.063,-26.8765],[152.0666,-26.8738],[152.0684,-26.8692],[152.0761,-26.8608],[152.0558,-26.8583],[152.0527,-26.8548],[152.0467,-26.8563],[152.0418,-26.8549],[152.038,-26.8573],[152.0341,-26.854],[152.0355,-26.8486],[152.0407,-26.8492],[152.0427,-26.8437],[152.0489,-26.8451],[152.058,-26.8397],[152.0624,-26.8337],[152.0593,-26.8283],[152.0638,-26.8203],[152.0722,-26.8204],[152.0734,-26.8146],[152.0703,-26.8092],[152.0669,-26.8091],[152.0637,-26.8029],[152.0633,-26.7926],[152.0655,-26.7878],[152.0639,-26.7785],[152.0517,-26.7771],[152.0531,-26.7669],[152.0477,-26.7697],[152.0447,-26.7733],[152.0398,-26.7741],[152.0343,-26.7784],[152.0322,-26.7827],[152.0202,-26.7811],[152.0157,-26.7791],[152.0077,-26.7694],[151.9978,-26.7759],[151.9966,-26.7831],[151.9866,-26.7823],[151.9793,-26.7865],[151.9775,-26.7981],[151.9747,-26.7984],[151.9735,-26.8059],[151.9351,-26.8012],[151.9334,-26.8013],[151.9258,-26.8105],[151.9256,-26.8154],[151.922,-26.8218],[151.9159,-26.8273],[151.9065,-26.8319],[151.9019,-26.8371],[151.9021,-26.8416],[151.8981,-26.8462],[151.897,-26.8511],[151.8986,-26.8553],[151.8968,-26.8662],[151.8924,-26.8683],[151.8873,-26.8738],[151.8865,-26.8794],[151.8432,-26.8977],[151.8428,-26.9029],[151.838,-26.9068],[151.8339,-26.9128],[151.825,-26.9195],[151.8194,-26.9282],[151.8119,-26.932],[151.8086,-26.9309],[151.8018,-26.9352],[151.7929,-26.9306],[151.7849,-26.9386],[151.7713,-26.9441],[151.7587,-26.9474],[151.7513,-26.9475],[151.7456,-26.9455],[151.7378,-26.947],[151.7308,-26.9447],[151.7235,-26.948],[151.7136,-26.9444],[151.705,-26.9385],[151.7001,-26.9386],[151.6948,-26.9324],[151.6919,-26.9317],[151.6895,-26.9266],[151.6816,-26.9218],[151.6782,-26.9221],[151.67,-26.9167],[151.6662,-26.9106],[151.6596,-26.914],[151.652,-26.9151],[151.6478,-26.9131],[151.6467,-26.9196],[151.6548,-26.9255],[151.6575,-26.9304],[151.6606,-26.9304],[151.6641,-26.9361],[151.6693,-26.9383],[151.671,-26.953],[151.6745,-26.9584],[151.6622,-26.9794],[151.6614,-26.9842],[151.6644,-26.99],[151.6573,-26.993],[151.6469,-26.9956],[151.6387,-26.9966],[151.6368,-27.0037],[151.6276,-27.0025],[151.6231,-27.0301],[151.6082,-27.0281],[151.6009,-27.0305],[151.5968,-27.058],[151.5813,-27.0559],[151.5762,-27.0877],[151.5785,-27.0881],[151.5764,-27.0998],[151.5694,-27.099],[151.5677,-27.1102],[151.571,-27.1107],[151.5696,-27.1183],[151.5462,-27.1153],[151.5397,-27.1217],[151.5265,-27.1195],[151.5256,-27.1255],[151.4969,-27.1219],[151.4962,-27.1263],[151.4814,-27.1243],[151.4832,-27.1133],[151.465,-27.1109],[151.4638,-27.1183],[151.4662,-27.1221],[151.4705,-27.139],[151.4684,-27.1388],[151.4671,-27.147],[151.4582,-27.1458],[151.4528,-27.1787],[151.4542,-27.1804],[151.4503,-27.2013],[151.4603,-27.2027],[151.4536,-27.2419],[151.4565,-27.2423],[151.4506,-27.2788],[151.3377,-27.2078],[151.3266,-27.2747],[151.3258,-27.2824],[151.3177,-27.3316],[151.3127,-27.3309],[151.311,-27.3547],[151.3081,-27.4138],[151.2659,-27.4084],[151.2211,-27.4028],[151.1928,-27.3989],[151.1975,-27.3841],[151.178,-27.3817],[151.1659,-27.3838],[151.1128,-27.3772],[151.108,-27.379],[151.0878,-27.3764],[151.0786,-27.4318],[151.0763,-27.4511],[151.0768,-27.4631],[151.0763,-27.4716],[151.0773,-27.481],[151.0818,-27.493],[151.0832,-27.4932],[151.0774,-27.5277],[151.0844,-27.5353],[151.0812,-27.5496],[151.0753,-27.5546],[151.0751,-27.5605],[151.0718,-27.5637],[151.0765,-27.5718],[151.0477,-27.5837],[151.0411,-27.5793],[151.0103,-27.575],[151.0071,-27.5771],[150.9842,-27.5792],[150.9732,-27.5817],[150.965,-27.5788],[150.9272,-27.5719],[150.9275,-27.5548],[150.9273,-27.534],[150.9031,-27.5392],[150.8677,-27.5459],[150.8345,-27.5075],[150.8252,-27.5105],[150.8154,-27.5229],[150.8055,-27.5405],[150.7929,-27.5537],[150.7888,-27.5647],[150.7824,-27.5753],[150.7827,-27.5766],[150.7706,-27.5803],[150.7567,-27.5993],[150.7465,-27.6638],[150.7472,-27.6639],[150.7398,-27.7105],[150.7377,-27.739],[150.7406,-27.7429],[150.7323,-27.7945],[150.7252,-27.7934],[150.7027,-27.9345]]]},"properties":{"District Name":"Toowoomba","DDMG Name":"Toowoomba","Police Region Name":"Southern Region","Police Region Code":"SR","Police Region Short Name":"Southern","Region Slug":"southern","Layer Id":"qld_ddmg_boundaries_gda2020_simp200m","Layer Group":"statewide","Layer Kind":"ddmg","Source":"QPS Disaster Districts, Queensland Police Service, via the Queensland Government Open Data Portal","Source URL":"https://www.data.qld.gov.au/dataset/qps-disaster-districts","Licence":"CC BY 4.0","Licence URL":"https://creativecommons.org/licenses/by/4.0/","Dataset Date":"19/05/2025","Simplification Tolerance M":200,"Coordinate Precision Decimals":4,"CRS":"GDA2020 (EPSG:7844)","Generated":"2026-09-13"},"id":"Toowoomba"},{"type":"Feature","geometry":{"type":"Polygon","coordinates":[[[145.7575,-18.3958],[145.7596,-18.4032],[145.7692,-18.4094],[145.7558,-18.408],[145.7551,-18.4143],[145.7601,-18.4239],[145.7578,-18.4294],[145.7545,-18.4311],[145.755,-18.4385],[145.747,-18.4455],[145.7442,-18.4505],[145.7396,-18.45],[145.7361,-18.4573],[145.7292,-18.4535],[145.7324,-18.4617],[145.7281,-18.4659],[145.715,-18.4684],[145.7081,-18.4709],[145.7143,-18.4802],[145.7163,-18.4884],[145.6238,-18.477],[145.5012,-18.4619],[145.4945,-18.5764],[145.39,-18.565],[145.3835,-18.5702],[145.3573,-18.5357],[145.2968,-18.464],[145.3017,-18.4552],[145.2792,-18.4395],[145.2864,-18.43],[145.2599,-18.4273],[145.2679,-18.355],[145.1952,-18.3477],[145.1944,-18.3495],[145.1666,-18.3467],[145.1589,-18.3523],[145.1558,-18.3645],[145.1483,-18.3645],[145.1401,-18.3579],[145.1376,-18.3625],[145.1344,-18.362],[145.1324,-18.3715],[145.1352,-18.376],[145.133,-18.3781],[145.1344,-18.3852],[145.1386,-18.3902],[145.1433,-18.3907],[145.1487,-18.3936],[145.1613,-18.3908],[145.1637,-18.3957],[145.1612,-18.3983],[145.1617,-18.4065],[145.1642,-18.415],[145.1721,-18.4233],[145.1775,-18.4251],[145.1832,-18.4313],[145.18,-18.4466],[145.1823,-18.4492],[145.182,-18.4725],[145.1857,-18.4802],[145.1781,-18.4795],[145.1721,-18.4884],[145.1738,-18.4938],[145.1842,-18.4948],[145.1825,-18.5106],[145.1774,-18.5113],[145.1726,-18.5168],[145.1718,-18.5208],[145.1596,-18.5348],[145.1574,-18.5383],[145.1567,-18.5455],[145.1486,-18.553],[145.1404,-18.5656],[145.1407,-18.5727],[145.1354,-18.5747],[145.1308,-18.573],[145.1335,-18.5691],[145.1334,-18.5643],[145.1277,-18.5575],[145.1199,-18.5558],[145.1159,-18.5574],[145.1075,-18.5638],[145.1011,-18.5667],[145.0905,-18.5661],[145.0858,-18.5598],[145.0798,-18.5606],[145.076,-18.5546],[145.0686,-18.5536],[145.0635,-18.5545],[145.0534,-18.5488],[145.0551,-18.5397],[145.0518,-18.5361],[145.0526,-18.5305],[145.0505,-18.5286],[145.0511,-18.5174],[145.0467,-18.5132],[144.981,-18.507],[144.9822,-18.4985],[144.9812,-18.4936],[144.9766,-18.4921],[144.9737,-18.4833],[144.9715,-18.4723],[144.9683,-18.4696],[144.963,-18.4732],[144.9645,-18.4815],[144.9606,-18.4861],[144.9562,-18.4819],[144.9549,-18.4753],[144.9514,-18.4773],[144.9532,-18.4821],[144.9514,-18.4893],[144.9469,-18.4977],[144.9512,-18.5042],[144.9217,-18.5013],[144.9224,-18.505],[144.9202,-18.5128],[144.9206,-18.5188],[144.9241,-18.5228],[144.8782,-18.5179],[144.8804,-18.4973],[144.8367,-18.4931],[144.8414,-18.4524],[144.8375,-18.44],[144.8446,-18.408],[144.8516,-18.4],[144.8552,-18.3695],[144.8496,-18.3696],[144.8435,-18.3718],[144.8346,-18.3688],[144.8224,-18.3691],[144.8172,-18.3717],[144.7998,-18.3592],[144.7801,-18.3579],[144.7741,-18.3588],[144.7712,-18.3575],[144.7604,-18.3564],[144.7473,-18.3305],[144.7463,-18.3267],[144.7411,-18.3174],[144.6777,-18.311],[144.6762,-18.4234],[144.66,-18.5686],[144.6516,-18.6266],[144.7641,-18.6384],[144.7871,-18.6613],[144.7417,-18.7027],[144.7469,-18.7075],[144.7439,-18.7125],[144.7452,-18.7218],[144.751,-18.7251],[144.7556,-18.7252],[144.758,-18.7285],[144.7654,-18.7285],[144.7725,-18.7366],[144.7775,-18.7407],[144.7868,-18.734],[144.792,-18.7332],[144.8025,-18.7444],[144.8016,-18.7509],[144.8059,-18.7523],[144.8068,-18.7573],[144.8046,-18.7617],[144.8076,-18.7645],[144.8084,-18.7696],[144.7454,-18.818],[144.7903,-18.871],[144.7214,-18.9212],[144.7075,-18.9359],[144.698,-18.996],[144.6997,-19.0051],[144.7153,-19.0168],[144.7744,-19.148],[144.7944,-19.1622],[144.8044,-19.1572],[144.8105,-19.1558],[144.8238,-19.1568],[144.8314,-19.1598],[144.7711,-19.2047],[144.7501,-19.1808],[144.6297,-19.2884],[144.6225,-19.2973],[144.619,-19.306],[144.6174,-19.3209],[144.5978,-19.319],[144.5908,-19.3841],[144.4774,-19.3709],[144.4705,-19.4479],[144.4508,-19.4412],[144.3875,-19.4307],[144.3696,-19.4301],[144.3517,-19.4239],[144.3449,-19.5015],[144.3026,-19.4974],[144.2994,-19.5306],[144.2957,-19.5664],[144.2926,-19.569],[144.2795,-19.576],[144.2732,-19.5759],[144.2619,-19.5829],[144.2551,-19.5855],[144.248,-19.5942],[144.2389,-19.6085],[144.2315,-19.6159],[144.2264,-19.6187],[144.2123,-19.61],[144.2065,-19.6037],[144.197,-19.5998],[144.187,-19.5974],[144.18,-19.5944],[144.1747,-19.5884],[144.1722,-19.5764],[144.1569,-19.5676],[144.147,-19.5657],[144.1393,-19.5656],[144.1241,-19.5719],[144.1172,-19.5717],[144.1127,-19.5761],[144.1036,-19.5797],[144.0889,-19.5782],[144.072,-19.5746],[144.0606,-19.5708],[144.0543,-19.5705],[144.0448,-19.5836],[144.0289,-19.5978],[144.0142,-19.6149],[144.0039,-19.6213],[144.0003,-19.6221],[143.9882,-19.6218],[143.9765,-19.6229],[143.9673,-19.6205],[143.9557,-19.6196],[143.9475,-19.622],[143.938,-19.6273],[143.9251,-19.6308],[143.896,-19.6339],[143.8518,-19.637],[143.8245,-19.6304],[143.797,-19.6175],[143.7757,-19.6057],[143.752,-19.5963],[143.7342,-19.5899],[143.7152,-19.5853],[143.6823,-19.597],[143.6775,-19.5971],[143.6541,-19.5875],[143.6467,-19.5838],[143.619,-19.5599],[143.6173,-19.5571],[143.6054,-19.5303],[143.6005,-19.5218],[143.5905,-19.5072],[143.5832,-19.5016],[143.5798,-19.4969],[143.5653,-19.4856],[143.5496,-19.4766],[143.5355,-19.4718],[143.5233,-19.476],[143.5138,-19.48],[143.5077,-19.4839],[143.5111,-19.4916],[143.5132,-19.5053],[143.5094,-19.516],[143.5014,-19.5244],[143.4899,-19.5309],[143.4663,-19.54],[143.4619,-19.5449],[143.4581,-19.5467],[143.4537,-19.5559],[143.4473,-19.5588],[143.4438,-19.566],[143.4341,-19.5653],[143.4299,-19.5632],[143.417,-19.5671],[143.4132,-19.5644],[143.4029,-19.5702],[143.398,-19.5752],[143.394,-19.5766],[143.3947,-19.5863],[143.3943,-19.5968],[143.3831,-19.6126],[143.3728,-19.6139],[143.3677,-19.6127],[143.3514,-19.6043],[143.3461,-19.6037],[143.3419,-19.6056],[143.3367,-19.6167],[143.333,-19.6211],[143.3172,-19.6285],[143.3107,-19.6332],[143.3058,-19.6395],[143.2984,-19.6563],[143.2896,-19.6697],[143.2885,-19.6842],[143.2854,-19.6895],[143.275,-19.6964],[143.2701,-19.6942],[143.2656,-19.6866],[143.2616,-19.6825],[143.2567,-19.6818],[143.2497,-19.6899],[143.1976,-19.6855],[143.03,-19.6712],[142.9745,-19.6669],[142.7936,-19.6518],[142.6007,-19.6355],[142.6022,-19.62],[142.3752,-19.5999],[142.363,-19.7255],[142.3493,-19.8592],[142.3794,-19.8617],[142.3689,-19.9755],[142.3609,-20.0626],[142.3539,-20.1382],[142.347,-20.2115],[142.3358,-20.3303],[142.3806,-20.334],[142.3707,-20.4395],[142.3738,-20.4397],[142.3616,-20.5685],[142.3472,-20.5715],[142.3445,-20.5712],[142.3424,-20.5857],[142.3411,-20.6003],[142.3449,-20.6006],[142.3391,-20.6656],[142.3347,-20.6651],[142.3099,-20.7147],[142.3634,-20.7199],[142.3549,-20.7964],[142.331,-20.7941],[142.3209,-20.8862],[142.3019,-20.8842],[142.2956,-20.9526],[142.2919,-20.9949],[142.2031,-20.9875],[142.1991,-21.0108],[142.2378,-21.0141],[142.2324,-21.0703],[142.2316,-21.0701],[142.2224,-21.1674],[142.2553,-21.1697],[142.2499,-21.2362],[142.1577,-21.2347],[142.0577,-21.2165],[142.0473,-21.2243],[142.1377,-21.3235],[142.064,-21.3799],[142.0917,-21.3826],[142.0803,-21.4883],[142.0383,-21.5201],[142.0737,-21.5233],[142.072,-21.5407],[142.1634,-21.5432],[142.2319,-21.5509],[142.2282,-21.5963],[142.3354,-21.6071],[142.3338,-21.6201],[142.3326,-21.6363],[142.3786,-21.6385],[142.4912,-21.6442],[142.4956,-21.598],[142.5631,-21.6035],[142.5651,-21.6027],[142.6566,-21.6104],[142.6516,-21.6677],[142.7185,-21.6149],[142.694,-21.5878],[142.7554,-21.5399],[142.8155,-21.4926],[142.8368,-21.517],[142.8621,-21.545],[142.9425,-21.4818],[142.9532,-21.4937],[142.9984,-21.4557],[143.002,-21.4574],[143.007,-21.4536],[143.0076,-21.4485],[143.0363,-21.4264],[143.0851,-21.3885],[143.188,-21.3086],[143.2365,-21.313],[143.2366,-21.3112],[143.3595,-21.322],[143.3498,-21.4127],[143.3398,-21.5064],[143.3318,-21.5769],[143.3292,-21.6087],[143.3299,-21.6115],[143.3577,-21.6142],[143.358,-21.616],[143.4483,-21.6246],[143.45,-21.6229],[143.5303,-21.6302],[143.6101,-21.6377],[143.6493,-21.6412],[143.6424,-21.7052],[143.6308,-21.7974],[143.709,-21.8055],[143.7818,-21.8141],[143.7821,-21.8111],[143.9295,-21.82],[143.9342,-21.8221],[144.0446,-21.8303],[144.0389,-21.8947],[144.0574,-21.8983],[144.0685,-21.8979],[144.0925,-21.8989],[144.1117,-21.9018],[144.1114,-21.9063],[144.1843,-21.9133],[144.186,-21.9137],[144.1833,-21.9549],[144.1803,-21.9895],[144.2634,-21.9974],[144.2701,-22.0326],[144.2685,-22.0479],[144.4172,-22.0617],[144.4133,-22.0981],[144.4028,-22.1133],[144.3978,-22.157],[144.5018,-22.1651],[144.5005,-22.1856],[144.5361,-22.1882],[144.5541,-22.1899],[144.6374,-22.1955],[144.665,-22.1979],[144.7172,-22.2038],[144.7235,-22.2021],[144.7398,-22.2117],[144.7469,-22.1484],[144.7463,-22.1481],[144.7523,-22.0948],[144.753,-22.0943],[144.7964,-22.0984],[144.8009,-22.0454],[144.943,-22.0591],[144.9505,-21.9906],[144.9563,-21.9303],[145.0822,-21.9426],[145.0843,-21.9102],[145.074,-21.8995],[145.075,-21.8912],[145.1528,-21.8987],[145.1526,-21.9005],[145.1858,-21.9038],[145.1829,-21.9008],[145.184,-21.8975],[145.1825,-21.8917],[145.1855,-21.8905],[145.1863,-21.8858],[145.1923,-21.8773],[145.1922,-21.8712],[145.1807,-21.851],[145.1848,-21.8202],[145.1642,-21.8039],[145.1662,-21.7849],[145.2545,-21.7937],[145.2622,-21.8285],[145.3705,-21.8405],[145.4185,-21.8461],[145.4351,-21.692],[145.5293,-21.7018],[145.5329,-21.6582],[145.6785,-21.6682],[145.6758,-21.6947],[145.6738,-21.7193],[145.6632,-21.719],[145.6458,-21.7975],[145.7287,-21.8168],[145.7083,-21.8765],[145.6968,-21.8755],[145.6859,-21.9158],[145.7351,-21.9272],[145.7249,-21.9382],[145.6274,-21.9244],[145.6174,-22.0369],[145.7698,-22.0475],[145.7693,-22.0664],[145.8418,-22.0756],[145.8804,-22.0803],[145.8802,-22.0848],[146.0066,-22.1009],[146.0308,-22.1042],[146.0395,-22.0233],[146.0669,-22.0266],[146.0721,-21.9974],[146.1232,-22.0012],[146.2015,-22.0076],[146.2023,-22.0009],[146.2107,-21.9149],[146.2126,-21.9007],[146.1489,-21.8967],[146.1261,-21.8946],[146.1106,-21.8942],[146.1268,-21.8133],[146.0692,-21.8087],[146.0765,-21.7141],[146.0844,-21.6101],[146.0852,-21.5983],[146.0934,-21.5099],[146.1323,-21.514],[146.1505,-21.5],[146.3467,-21.5181],[146.3409,-21.5702],[146.3974,-21.6633],[146.4465,-21.6681],[146.4838,-21.6806],[146.4872,-21.6501],[146.4883,-21.6473],[146.4901,-21.6201],[146.4927,-21.5888],[146.49,-21.5868],[146.4921,-21.567],[146.6565,-21.5826],[146.6473,-21.5957],[146.6511,-21.5969],[146.6526,-21.6044],[146.7535,-21.6358],[146.8324,-21.6431],[146.8344,-21.6426],[146.837,-21.6361],[146.8347,-21.632],[146.8366,-21.6229],[146.8341,-21.618],[146.8351,-21.6142],[146.8328,-21.6051],[146.8386,-21.5847],[146.8351,-21.5794],[146.8354,-21.5736],[146.8472,-21.5609],[146.8494,-21.5538],[146.8492,-21.5482],[146.8565,-21.5408],[146.8612,-21.5332],[146.8664,-21.5309],[146.8704,-21.5262],[146.8691,-21.5193],[146.8663,-21.5138],[146.8666,-21.5105],[146.8722,-21.5047],[146.8771,-21.4957],[146.8841,-21.4878],[146.8964,-21.4763],[146.9013,-21.4705],[146.9074,-21.466],[146.909,-21.4593],[146.9118,-21.4538],[146.9098,-21.4411],[146.905,-21.4363],[146.8984,-21.4347],[146.8959,-21.4248],[146.8912,-21.4217],[146.8822,-21.4111],[146.8753,-21.3931],[146.8756,-21.3825],[146.8822,-21.3733],[146.8788,-21.3709],[146.8828,-21.3621],[146.8953,-21.3572],[146.9046,-21.3503],[146.9057,-21.3452],[146.9093,-21.3408],[146.9109,-21.3347],[146.9178,-21.3254],[146.9286,-21.3217],[146.9342,-21.3153],[146.9467,-21.3045],[146.9566,-21.302],[146.9633,-21.2947],[146.9661,-21.2787],[146.9656,-21.2748],[146.9597,-21.2626],[146.9605,-21.2521],[146.9571,-21.2469],[146.9497,-21.2396],[146.932,-21.2384],[146.9266,-21.2322],[146.915,-21.2268],[146.907,-21.2242],[146.8966,-21.2239],[146.8909,-21.2218],[146.8857,-21.2177],[146.8739,-21.2036],[146.867,-21.1939],[146.8659,-21.1881],[146.868,-21.1834],[146.8822,-21.1733],[146.8826,-21.1703],[146.8741,-21.1615],[146.872,-21.1509],[146.8626,-21.1378],[146.8618,-21.1334],[146.8617,-21.1189],[146.8595,-21.1149],[146.8532,-21.1081],[146.8488,-21.1009],[146.8521,-21.0946],[146.8549,-21.0845],[146.8555,-21.0775],[146.8537,-21.0725],[146.8612,-21.0642],[146.8611,-21.059],[146.863,-21.0479],[146.8599,-21.0409],[146.8604,-21.0312],[146.8638,-21.0252],[146.8691,-21.0208],[146.8823,-21.0058],[146.8837,-20.9976],[146.8779,-20.9908],[146.876,-20.9841],[146.8764,-20.978],[146.8733,-20.9695],[146.8669,-20.9552],[146.866,-20.9465],[146.8636,-20.9386],[146.8564,-20.9267],[146.8535,-20.9192],[146.8542,-20.9121],[146.8631,-20.9022],[146.8622,-20.8951],[146.866,-20.886],[146.8564,-20.8711],[146.8562,-20.8677],[146.861,-20.86],[146.8628,-20.8473],[146.8583,-20.8366],[146.858,-20.8307],[146.8528,-20.8191],[146.8518,-20.8129],[146.8562,-20.8035],[146.8616,-20.7965],[146.8659,-20.7969],[146.8713,-20.8017],[146.8762,-20.8012],[146.8882,-20.7913],[146.9012,-20.7903],[146.9099,-20.7867],[146.9137,-20.7808],[146.9155,-20.7747],[146.917,-20.7615],[146.9204,-20.7574],[146.9274,-20.7552],[146.9391,-20.754],[146.944,-20.752],[146.9601,-20.7418],[146.9621,-20.7384],[146.9623,-20.7292],[146.9649,-20.7213],[146.9656,-20.7144],[146.9645,-20.7023],[146.9609,-20.6887],[146.9613,-20.6844],[146.9648,-20.676],[146.9758,-20.6736],[146.9827,-20.6693],[146.9855,-20.6649],[146.9858,-20.6584],[146.9795,-20.6493],[146.9732,-20.6347],[146.9721,-20.6293],[146.9727,-20.6236],[146.976,-20.6197],[147.0022,-20.6093],[147.0119,-20.606],[147.0165,-20.6066],[147.0212,-20.6095],[147.0224,-20.6167],[147.0244,-20.6208],[147.0308,-20.6263],[147.0363,-20.6293],[147.0427,-20.6309],[147.0482,-20.6304],[147.052,-20.6271],[147.0581,-20.6257],[147.0651,-20.6304],[147.0733,-20.6489],[147.0805,-20.6533],[147.0864,-20.6522],[147.0958,-20.6438],[147.0987,-20.6408],[147.1057,-20.6368],[147.1118,-20.6359],[147.1242,-20.6377],[147.1331,-20.6411],[147.1486,-20.6518],[147.1561,-20.6517],[147.1595,-20.6492],[147.1631,-20.643],[147.1646,-20.6352],[147.171,-20.6242],[147.178,-20.6186],[147.1787,-20.6064],[147.1841,-20.6022],[147.1861,-20.6039],[147.1938,-20.5991],[147.1962,-20.5938],[147.2096,-20.5871],[147.2146,-20.5767],[147.2225,-20.5765],[147.228,-20.5814],[147.2346,-20.584],[147.2414,-20.5844],[147.2513,-20.5729],[147.258,-20.567],[147.2641,-20.5598],[147.267,-20.5579],[147.2745,-20.5572],[147.2795,-20.5524],[147.2799,-20.544],[147.2831,-20.5363],[147.2848,-20.5246],[147.2885,-20.5178],[147.2993,-20.508],[147.301,-20.5038],[147.3009,-20.4972],[147.2917,-20.4801],[147.2905,-20.4727],[147.2945,-20.4565],[147.2978,-20.4474],[147.3005,-20.4442],[147.3086,-20.4383],[147.3199,-20.4334],[147.3308,-20.4308],[147.3388,-20.4269],[147.3424,-20.422],[147.345,-20.4133],[147.3476,-20.4006],[147.3472,-20.3938],[147.3391,-20.3859],[147.3316,-20.382],[147.3208,-20.3715],[147.3144,-20.3603],[147.3105,-20.3499],[147.306,-20.3334],[147.3006,-20.3217],[147.299,-20.3143],[147.3002,-20.3052],[147.3083,-20.2861],[147.3106,-20.2742],[147.3113,-20.2621],[147.3092,-20.2217],[147.3076,-20.2116],[147.3019,-20.1926],[147.3006,-20.1825],[147.2961,-20.166],[147.2919,-20.1555],[147.279,-20.1348],[147.2748,-20.1258],[147.2752,-20.1147],[147.2809,-20.0976],[147.2844,-20.089],[147.2927,-20.0755],[147.2947,-20.069],[147.2939,-20.0647],[147.2853,-20.046],[147.2734,-20.0284],[147.279,-20.026],[147.2863,-20.0203],[147.3004,-20.0147],[147.3038,-20.0162],[147.2993,-20.0229],[147.2995,-20.0283],[147.3025,-20.0329],[147.3124,-20.0385],[147.3174,-20.0481],[147.3212,-20.0529],[147.3281,-20.0556],[147.3377,-20.0575],[147.3477,-20.0613],[147.3568,-20.0589],[147.3672,-20.0608],[147.3793,-20.0667],[147.3863,-20.0682],[147.3906,-20.0708],[147.3916,-20.0769],[147.386,-20.0872],[147.3916,-20.0881],[147.4671,-20.0958],[147.4799,-19.9817],[147.4789,-19.9816],[147.4844,-19.9328],[147.4868,-19.9308],[147.4855,-19.9235],[147.4914,-19.8714],[147.5098,-19.8734],[147.511,-19.8579],[147.5083,-19.8507],[147.5155,-19.8469],[147.5215,-19.841],[147.5262,-19.8395],[147.5294,-19.8358],[147.5374,-19.833],[147.5362,-19.8246],[147.5343,-19.8229],[147.5362,-19.8162],[147.5408,-19.813],[147.5453,-19.8137],[147.5476,-19.8112],[147.5669,-19.809],[147.5765,-19.8027],[147.602,-19.7993],[147.6078,-19.8001],[147.6634,-19.8109],[147.6713,-19.7926],[147.7178,-19.6983],[147.8387,-19.6984],[148,-19.6983],[148.25,-19.6983],[148.5,-19.6983],[148.75,-19.6983],[149.0011,-19.6984],[150.0052,-19.6976],[149.9835,-19.6846],[149.9502,-19.6482],[149.8793,-19.6235],[149.8713,-19.6165],[149.8666,-19.6152],[149.8615,-19.6079],[149.6521,-19.4616],[149.6425,-19.4578],[149.4209,-19.3337],[149.3256,-19.2984],[149.0976,-19.214],[149.0306,-19.2006],[149.0254,-19.1954],[149.0191,-19.1924],[148.9664,-19.1829],[148.9631,-19.1795],[148.9233,-19.1151],[148.9159,-19.1066],[148.7009,-19.0715],[148.5656,-19.0274],[148.5639,-19.0251],[148.4334,-18.9808],[148.4263,-18.9734],[148.4182,-18.9722],[148.3815,-18.953],[148.3778,-18.9493],[148.3451,-18.9281],[148.1638,-18.851],[148.1175,-18.8351],[148.0664,-18.8376],[148.0309,-18.814],[147.984,-18.7948],[147.9547,-18.765],[147.9499,-18.7518],[147.9393,-18.7456],[147.9288,-18.7418],[147.8699,-18.6949],[147.854,-18.6892],[147.7247,-18.6546],[147.7121,-18.6488],[147.6151,-18.6093],[147.6116,-18.6028],[147.6058,-18.5965],[147.5994,-18.5818],[147.2813,-18.582],[147.0011,-18.5818],[147.0011,-18.4984],[146.7368,-18.4988],[146.6345,-18.4988],[146.4849,-18.4987],[146.3975,-18.4986],[146.2972,-18.4985],[146.277,-18.4975],[146.2511,-18.4924],[146.2415,-18.4923],[146.2299,-18.4895],[146.2242,-18.4941],[146.2104,-18.5082],[146.2069,-18.5165],[146.1994,-18.5218],[146.1954,-18.5211],[146.1907,-18.5236],[146.1909,-18.5283],[146.1834,-18.5323],[146.1805,-18.5298],[146.1796,-18.5247],[146.1749,-18.5213],[146.165,-18.5174],[146.1559,-18.5188],[146.1473,-18.5171],[146.1381,-18.5125],[146.1217,-18.5079],[146.1171,-18.5013],[146.1154,-18.4952],[146.1167,-18.4894],[146.122,-18.4845],[146.1185,-18.48],[146.1142,-18.478],[146.1141,-18.4725],[146.1073,-18.4632],[146.1043,-18.4535],[146.1011,-18.4514],[146.0938,-18.4513],[146.0914,-18.4478],[146.0935,-18.4401],[146.1016,-18.4327],[146.0984,-18.4264],[146.098,-18.4209],[146.1003,-18.4152],[146.0926,-18.4116],[146.085,-18.4008],[146.0742,-18.4034],[146.0526,-18.3951],[146.0492,-18.3926],[146.0464,-18.3967],[146.0367,-18.3881],[146.0265,-18.3918],[146.0205,-18.3895],[146.0106,-18.3889],[146.0089,-18.3911],[146.001,-18.3936],[145.992,-18.3938],[145.9836,-18.3971],[145.9804,-18.3954],[145.9741,-18.3959],[145.9618,-18.3944],[145.9473,-18.3643],[145.9334,-18.3705],[145.9293,-18.3697],[145.919,-18.3782],[145.9165,-18.378],[145.9087,-18.3853],[145.9086,-18.3879],[145.8981,-18.3968],[145.8911,-18.3999],[145.8865,-18.4046],[145.8796,-18.4074],[145.8776,-18.4032],[145.8735,-18.4],[145.8709,-18.4025],[145.8656,-18.4023],[145.8567,-18.4057],[145.8477,-18.4047],[145.8388,-18.4062],[145.8328,-18.4021],[145.8256,-18.407],[145.8188,-18.4031],[145.816,-18.3979],[145.8182,-18.3952],[145.8193,-18.3869],[145.8113,-18.3783],[145.8068,-18.3781],[145.8049,-18.3807],[145.8069,-18.386],[145.7939,-18.39],[145.7937,-18.3975],[145.7954,-18.4012],[145.7924,-18.4034],[145.7878,-18.4024],[145.7825,-18.3942],[145.7757,-18.3989],[145.769,-18.3995],[145.7623,-18.3939],[145.7575,-18.3958]]]},"properties":{"District Name":"Townsville","DDMG Name":"Townsville","Police Region Name":"Northern Region","Police Region Code":"NR","Police Region Short Name":"Northern","Region Slug":"northern","Layer Id":"qld_ddmg_boundaries_gda2020_simp200m","Layer Group":"statewide","Layer Kind":"ddmg","Source":"QPS Disaster Districts, Queensland Police Service, via the Queensland Government Open Data Portal","Source URL":"https://www.data.qld.gov.au/dataset/qps-disaster-districts","Licence":"CC BY 4.0","Licence URL":"https://creativecommons.org/licenses/by/4.0/","Dataset Date":"19/05/2025","Simplification Tolerance M":200,"Coordinate Precision Decimals":4,"CRS":"GDA2020 (EPSG:7844)","Generated":"2026-09-13"},"id":"Townsville"},{"type":"Feature","geometry":{"type":"Polygon","coordinates":[[[149.4575,-27.9928],[149.4453,-28.0713],[149.4307,-28.0698],[149.4211,-28.1299],[149.4055,-28.2286],[149.3257,-28.2186],[149.326,-28.2171],[149.1892,-28.1998],[149.1887,-28.2037],[149.1454,-28.1991],[149.1432,-28.2002],[149.0752,-28.1931],[149.0757,-28.1893],[149.0415,-28.186],[149.0029,-28.2336],[148.9594,-28.2888],[148.9508,-28.3526],[148.9329,-28.4851],[148.9355,-28.4854],[148.9308,-28.5203],[148.9293,-28.5202],[148.9241,-28.5586],[148.9358,-28.5598],[148.9277,-28.62],[148.9237,-28.6211],[148.9196,-28.6569],[148.9479,-28.6599],[148.9873,-28.6635],[148.9834,-28.6927],[148.9751,-28.7591],[148.9912,-28.7603],[148.9817,-28.8203],[149.0165,-28.8622],[149.0438,-28.8926],[149.0481,-28.8864],[149.0542,-28.8934],[149.0561,-28.9],[149.0577,-28.8936],[149.0637,-28.8873],[149.0546,-28.8862],[149.0592,-28.8794],[149.0635,-28.8785],[149.0664,-28.8728],[149.0706,-28.8716],[149.0723,-28.8638],[149.0753,-28.8592],[149.08,-28.8582],[149.08,-28.8435],[149.0861,-28.842],[149.0873,-28.838],[149.0977,-28.8318],[149.1034,-28.8344],[149.1091,-28.8331],[149.1131,-28.8299],[149.1181,-28.8332],[149.1213,-28.8316],[149.1279,-28.8355],[149.1308,-28.8296],[149.139,-28.8279],[149.1426,-28.8242],[149.1428,-28.8175],[149.1396,-28.8122],[149.1396,-28.8067],[149.1447,-28.8081],[149.1511,-28.8074],[149.1605,-28.8106],[149.1702,-28.8062],[149.1801,-28.7983],[149.1867,-28.7945],[149.1841,-28.7897],[149.1869,-28.7865],[149.1861,-28.782],[149.1923,-28.7804],[149.1884,-28.777],[149.1945,-28.7709],[149.2023,-28.7706],[149.2065,-28.7667],[149.2105,-28.7675],[149.2188,-28.7628],[149.2198,-28.7654],[149.2274,-28.7619],[149.2281,-28.7562],[149.2324,-28.7492],[149.2395,-28.7487],[149.2463,-28.7392],[149.2513,-28.7404],[149.2619,-28.7353],[149.2659,-28.7429],[149.2728,-28.7401],[149.2707,-28.7345],[149.2797,-28.7319],[149.2824,-28.7283],[149.2878,-28.7252],[149.2866,-28.7217],[149.293,-28.7143],[149.2937,-28.7113],[149.3012,-28.71],[149.3108,-28.7122],[149.3162,-28.7111],[149.3199,-28.706],[149.3278,-28.7051],[149.332,-28.7024],[149.3311,-28.6972],[149.336,-28.6982],[149.3456,-28.6965],[149.3477,-28.6909],[149.3526,-28.6907],[149.358,-28.6843],[149.3621,-28.685],[149.3633,-28.6892],[149.3713,-28.6879],[149.3756,-28.6926],[149.3811,-28.6899],[149.388,-28.6943],[149.3916,-28.6914],[149.3941,-28.6861],[149.3928,-28.6823],[149.3988,-28.6748],[149.4054,-28.6754],[149.4125,-28.6667],[149.413,-28.6623],[149.4189,-28.654],[149.4187,-28.6502],[149.4263,-28.6495],[149.4286,-28.6467],[149.4291,-28.6406],[149.4312,-28.6381],[149.429,-28.6322],[149.43,-28.6264],[149.4353,-28.6261],[149.4424,-28.621],[149.4389,-28.6158],[149.439,-28.6116],[149.4478,-28.6047],[149.4518,-28.6042],[149.456,-28.5954],[149.4625,-28.5933],[149.4754,-28.5938],[149.4802,-28.5902],[149.4819,-28.5844],[149.486,-28.5822],[149.4903,-28.5847],[149.4966,-28.5783],[149.5037,-28.578],[149.5118,-28.5761],[149.5195,-28.5813],[149.5251,-28.5795],[149.529,-28.5744],[149.5318,-28.5769],[149.5379,-28.575],[149.5496,-28.5767],[149.5566,-28.5788],[149.5608,-28.5756],[149.5724,-28.5719],[149.5748,-28.5741],[149.5798,-28.5726],[149.5844,-28.5746],[149.5932,-28.5761],[149.5976,-28.5788],[149.5975,-28.5883],[149.6028,-28.5865],[149.6061,-28.5919],[149.6055,-28.5983],[149.6103,-28.5974],[149.611,-28.6011],[149.6196,-28.5964],[149.6298,-28.5949],[149.6362,-28.5983],[149.6411,-28.5992],[149.6455,-28.6042],[149.6447,-28.6075],[149.6476,-28.6123],[149.6566,-28.6143],[149.6598,-28.6097],[149.664,-28.6123],[149.6634,-28.6173],[149.6694,-28.6202],[149.6729,-28.6267],[149.6694,-28.6307],[149.6799,-28.6328],[149.6969,-28.6315],[149.7024,-28.6339],[149.7068,-28.6303],[149.7033,-28.6263],[149.7073,-28.6228],[149.7034,-28.619],[149.7097,-28.6131],[149.7142,-28.6166],[149.718,-28.612],[149.7249,-28.6094],[149.7296,-28.6109],[149.7258,-28.6152],[149.7308,-28.6172],[149.7369,-28.6159],[149.7437,-28.6179],[149.7465,-28.612],[149.7555,-28.6116],[149.7642,-28.6147],[149.7757,-28.6133],[149.7798,-28.6102],[149.7841,-28.6144],[149.7866,-28.6118],[149.7977,-28.6104],[149.8033,-28.6076],[149.8142,-28.6082],[149.818,-28.6138],[149.8268,-28.6091],[149.8307,-28.6041],[149.8393,-28.6039],[149.8473,-28.6102],[149.8509,-28.6061],[149.8607,-28.6071],[149.8647,-28.6028],[149.8683,-28.6075],[149.8746,-28.6069],[149.878,-28.6121],[149.8868,-28.615],[149.8896,-28.6189],[149.8992,-28.6199],[149.9051,-28.6191],[149.9086,-28.6105],[149.9252,-28.6093],[149.9302,-28.6122],[149.9367,-28.6119],[149.9371,-28.6155],[149.9421,-28.6184],[149.9433,-28.6139],[149.9544,-28.6084],[149.9627,-28.6125],[149.9674,-28.6098],[149.979,-28.6084],[149.9876,-28.6014],[149.9929,-28.6008],[149.9945,-28.5944],[149.9978,-28.5955],[150.0088,-28.591],[150.013,-28.5837],[150.0235,-28.5823],[150.0269,-28.579],[150.0306,-28.5803],[150.0366,-28.586],[150.0446,-28.587],[150.0486,-28.5894],[150.0515,-28.5853],[150.0575,-28.5836],[150.0581,-28.579],[150.0638,-28.5775],[150.0717,-28.5791],[150.077,-28.5835],[150.0798,-28.5811],[150.087,-28.5807],[150.0932,-28.5773],[150.091,-28.5652],[150.0981,-28.5639],[150.1102,-28.5701],[150.1158,-28.5666],[150.1187,-28.5618],[150.1244,-28.5617],[150.1362,-28.5639],[150.1386,-28.5605],[150.1429,-28.5619],[150.1474,-28.5531],[150.1517,-28.5511],[150.1529,-28.5573],[150.1655,-28.5539],[150.1689,-28.5563],[150.17,-28.5607],[150.1827,-28.5591],[150.1786,-28.5635],[150.1918,-28.5666],[150.198,-28.5673],[150.2023,-28.5724],[150.2135,-28.5733],[150.2124,-28.5683],[150.2195,-28.5666],[150.2266,-28.5686],[150.2393,-28.5577],[150.2352,-28.5549],[150.2489,-28.5522],[150.2551,-28.5458],[150.2613,-28.5449],[150.2676,-28.5406],[150.2725,-28.5397],[150.2767,-28.5419],[150.2835,-28.5421],[150.2891,-28.5373],[150.2929,-28.5377],[150.3009,-28.5487],[150.3093,-28.5506],[150.3137,-28.5556],[150.3202,-28.5569],[150.3231,-28.5666],[150.3296,-28.5721],[150.3416,-28.575],[150.3501,-28.5748],[150.3493,-28.5828],[150.354,-28.5889],[150.3625,-28.5889],[150.3635,-28.5974],[150.368,-28.6011],[150.3638,-28.6056],[150.3645,-28.6089],[150.3695,-28.6098],[150.3686,-28.6134],[150.3702,-28.6211],[150.3789,-28.6269],[150.3871,-28.6265],[150.3851,-28.6322],[150.3917,-28.634],[150.3969,-28.629],[150.4022,-28.6273],[150.4089,-28.634],[150.4159,-28.6355],[150.4158,-28.6454],[150.412,-28.6478],[150.4144,-28.652],[150.4209,-28.6502],[150.4279,-28.6522],[150.4332,-28.6561],[150.4372,-28.6614],[150.4422,-28.6643],[150.453,-28.6659],[150.4575,-28.6642],[150.4601,-28.6688],[150.4658,-28.6663],[150.4733,-28.6607],[150.4797,-28.6641],[150.4839,-28.6622],[150.4863,-28.6573],[150.4922,-28.6592],[150.4994,-28.6594],[150.5041,-28.6612],[150.5139,-28.6623],[150.5193,-28.6601],[150.5208,-28.656],[150.5246,-28.6545],[150.5315,-28.6555],[150.5392,-28.6598],[150.5331,-28.6618],[150.5253,-28.6665],[150.5275,-28.6693],[150.5342,-28.6722],[150.538,-28.6709],[150.5515,-28.6715],[150.5544,-28.6643],[150.5483,-28.6596],[150.5499,-28.6559],[150.5559,-28.654],[150.5597,-28.6617],[150.5688,-28.6582],[150.5736,-28.6587],[150.5826,-28.6563],[150.6,-28.6651],[150.6005,-28.6713],[150.6104,-28.6717],[150.6185,-28.6734],[150.6199,-28.6695],[150.6264,-28.6693],[150.6269,-28.6729],[150.6329,-28.6768],[150.6389,-28.6677],[150.6423,-28.6649],[150.6586,-28.6591],[150.6702,-28.6538],[150.673,-28.6506],[150.6803,-28.6615],[150.6879,-28.6582],[150.6928,-28.6538],[150.7014,-28.6553],[150.7096,-28.6521],[150.7089,-28.6479],[150.713,-28.6451],[150.7243,-28.641],[150.7268,-28.6358],[150.7441,-28.6345],[150.7521,-28.6347],[150.7543,-28.6397],[150.7684,-28.6392],[150.7724,-28.645],[150.7825,-28.6455],[150.794,-28.6547],[150.8045,-28.6537],[150.8148,-28.6577],[150.8192,-28.6579],[150.8165,-28.6637],[150.8196,-28.6671],[150.8318,-28.6679],[150.8398,-28.6726],[150.8435,-28.6721],[150.8499,-28.6745],[150.8522,-28.6802],[150.8638,-28.6883],[150.8692,-28.6857],[150.8744,-28.6945],[150.8793,-28.6897],[150.8847,-28.6909],[150.8844,-28.695],[150.8903,-28.6953],[150.8941,-28.6887],[150.9049,-28.6874],[150.9079,-28.6889],[150.9114,-28.6954],[150.9196,-28.7007],[150.9243,-28.6988],[150.931,-28.7059],[150.9334,-28.7233],[150.9384,-28.7263],[150.9378,-28.7306],[150.9459,-28.7288],[150.9475,-28.7338],[150.9524,-28.7367],[150.9607,-28.7357],[150.9634,-28.7378],[150.9713,-28.7318],[150.9795,-28.7326],[150.9821,-28.7356],[150.9896,-28.7361],[151.0022,-28.7403],[151.0099,-28.7409],[151.0111,-28.7435],[151.0238,-28.7524],[151.0262,-28.7552],[151.0291,-28.7695],[151.0213,-28.7711],[151.0194,-28.7743],[151.0244,-28.7775],[151.0263,-28.7844],[151.0252,-28.794],[151.0333,-28.7939],[151.038,-28.7977],[151.0413,-28.7978],[151.041,-28.812],[151.0419,-28.8163],[151.0371,-28.8199],[151.0373,-28.8279],[151.043,-28.8331],[151.0392,-28.8365],[151.0436,-28.8402],[151.0464,-28.8452],[151.053,-28.8449],[151.0537,-28.8498],[151.0588,-28.8462],[151.0715,-28.8449],[151.0715,-28.8413],[151.0827,-28.8345],[151.0918,-28.8357],[151.0959,-28.8382],[151.1033,-28.8366],[151.1054,-28.8448],[151.1086,-28.8427],[151.1154,-28.8505],[151.1252,-28.8505],[151.1319,-28.8601],[151.1398,-28.8631],[151.1431,-28.8602],[151.1516,-28.8654],[151.1611,-28.8654],[151.1629,-28.87],[151.1712,-28.8774],[151.1723,-28.88],[151.1784,-28.8804],[151.184,-28.8782],[151.1996,-28.8842],[151.2068,-28.892],[151.207,-28.8983],[151.215,-28.9043],[151.2207,-28.9068],[151.2294,-28.9088],[151.2346,-28.9048],[151.2386,-28.9093],[151.2405,-28.9198],[151.2436,-28.9242],[151.2501,-28.9262],[151.2578,-28.932],[151.2634,-28.9319],[151.2676,-28.9362],[151.2747,-28.9386],[151.2759,-28.9427],[151.2816,-28.949],[151.2807,-28.9638],[151.2733,-28.9677],[151.2719,-28.9727],[151.2812,-28.9795],[151.2766,-28.9847],[151.2787,-28.9968],[151.2832,-29.0027],[151.2841,-29.0068],[151.2835,-29.0175],[151.274,-29.0246],[151.2718,-29.0307],[151.2764,-29.0357],[151.285,-29.0355],[151.2861,-29.0481],[151.2906,-29.0511],[151.2882,-29.057],[151.2857,-29.0575],[151.2858,-29.0648],[151.2751,-29.0764],[151.2746,-29.0818],[151.2781,-29.0844],[151.2791,-29.0991],[151.2829,-29.1053],[151.2875,-29.1086],[151.2918,-29.1141],[151.2949,-29.1127],[151.3011,-29.114],[151.3043,-29.1211],[151.3126,-29.1304],[151.3181,-29.1385],[151.3116,-29.143],[151.3093,-29.1466],[151.3096,-29.1536],[151.3123,-29.1574],[151.3119,-29.1612],[151.3156,-29.1661],[151.3223,-29.1667],[151.3349,-29.1748],[151.3387,-29.1792],[151.3532,-29.1757],[151.3585,-29.1723],[151.38,-29.177],[151.3876,-29.1751],[151.3954,-29.1773],[151.4021,-29.1713],[151.4025,-29.1658],[151.4055,-29.1629],[151.4099,-29.1539],[151.4165,-29.1492],[151.425,-29.149],[151.4295,-29.1463],[151.4324,-29.1401],[151.4475,-29.1308],[151.4542,-29.1244],[151.4578,-29.1171],[151.4629,-29.0983],[151.4767,-29.0913],[151.4847,-29.0896],[151.4872,-29.0876],[151.4934,-29.0718],[151.5028,-29.0699],[151.5024,-29.0655],[151.4972,-29.0628],[151.4903,-29.0573],[151.4941,-29.0474],[151.4973,-29.0422],[151.4951,-29.0303],[151.498,-29.0256],[151.4978,-29.0209],[151.5028,-29.0158],[151.5061,-29.0068],[151.5096,-29.005],[151.5163,-28.9969],[151.5211,-28.9956],[151.5233,-28.9894],[151.5321,-28.9851],[151.5375,-28.9795],[151.5359,-28.9757],[151.5411,-28.97],[151.544,-28.9607],[151.5448,-28.9533],[151.5481,-28.9529],[151.5667,-28.9418],[151.5704,-28.9442],[151.5789,-28.9441],[151.585,-28.9362],[151.5905,-28.931],[151.6036,-28.9276],[151.6052,-28.9252],[151.6117,-28.9236],[151.617,-28.9263],[151.626,-28.9238],[151.6333,-28.9303],[151.6368,-28.9271],[151.6371,-28.9224],[151.6442,-28.9173],[151.6501,-28.9177],[151.6585,-28.912],[151.666,-28.9056],[151.6748,-28.9077],[151.6778,-28.9002],[151.6852,-28.8932],[151.6864,-28.889],[151.6959,-28.8884],[151.7021,-28.8821],[151.7026,-28.8784],[151.7064,-28.8717],[151.711,-28.8712],[151.7132,-28.8755],[151.7194,-28.8733],[151.7226,-28.8685],[151.7264,-28.8669],[151.7339,-28.8714],[151.7337,-28.8785],[151.7316,-28.8811],[151.7364,-28.8919],[151.7367,-28.8956],[151.7409,-28.8975],[151.7395,-28.9013],[151.746,-28.9153],[151.7471,-28.9213],[151.7537,-28.9228],[151.7574,-28.9258],[151.7583,-28.93],[151.7628,-28.9351],[151.7733,-28.9381],[151.7738,-28.9478],[151.7706,-28.9558],[151.7774,-28.9572],[151.7828,-28.9539],[151.7893,-28.9534],[151.7934,-28.9495],[151.8069,-28.9453],[151.8146,-28.9506],[151.8118,-28.9557],[151.8133,-28.9598],[151.8257,-28.964],[151.8307,-28.9617],[151.8356,-28.9568],[151.836,-28.9484],[151.8399,-28.9428],[151.8352,-28.9321],[151.8374,-28.9235],[151.837,-28.9201],[151.8398,-28.9129],[151.8472,-28.9085],[151.8598,-28.9068],[151.8654,-28.9093],[151.8689,-28.9137],[151.8788,-28.9133],[151.8815,-28.9115],[151.8927,-28.9154],[151.8956,-28.9134],[151.9076,-28.9171],[151.9137,-28.9201],[151.9171,-28.9248],[151.9163,-28.9293],[151.9229,-28.9282],[151.9276,-28.9251],[151.9371,-28.9219],[151.9517,-28.9195],[151.9562,-28.9171],[151.961,-28.9191],[151.9685,-28.9167],[151.9724,-28.9102],[151.9833,-28.9067],[151.9948,-28.8987],[151.998,-28.8954],[152.0013,-28.8997],[151.9997,-28.9035],[152.0016,-28.9085],[152.0107,-28.9067],[152.0169,-28.8947],[152.0235,-28.8908],[152.0282,-28.8766],[152.0314,-28.8739],[152.0301,-28.8699],[152.0375,-28.8643],[152.0355,-28.8584],[152.039,-28.8546],[152.0376,-28.8516],[152.0296,-28.855],[152.026,-28.8582],[152.0231,-28.8547],[152.0149,-28.8502],[152.0182,-28.8443],[152.0169,-28.8379],[152.0211,-28.8366],[152.0229,-28.8309],[152.0268,-28.8318],[152.0334,-28.8281],[152.0346,-28.8151],[152.0365,-28.8107],[152.0352,-28.8036],[152.0379,-28.7974],[152.0348,-28.7936],[152.0343,-28.7889],[152.0378,-28.787],[152.0405,-28.7805],[152.0356,-28.7771],[152.0379,-28.7727],[152.0364,-28.7567],[152.0412,-28.7528],[152.0409,-28.7475],[152.0477,-28.7404],[152.0461,-28.7338],[152.0423,-28.7318],[152.0539,-28.7255],[152.0621,-28.7182],[152.0713,-28.7149],[152.076,-28.7083],[152.072,-28.7049],[152.0665,-28.6968],[152.0647,-28.6906],[152.0681,-28.6851],[152.0633,-28.6794],[152.0525,-28.6822],[152.0445,-28.6731],[152.0449,-28.6683],[152.0391,-28.6646],[152.0316,-28.6661],[152.0208,-28.6639],[152.0142,-28.6658],[152.0089,-28.6592],[152.0061,-28.6536],[152.002,-28.6506],[152.0024,-28.6403],[152.0005,-28.6363],[151.991,-28.6246],[151.9901,-28.6207],[151.9937,-28.6145],[151.9909,-28.6096],[151.9891,-28.6014],[151.9921,-28.5949],[151.9883,-28.592],[151.9859,-28.5821],[151.9761,-28.5735],[151.9668,-28.5726],[151.9636,-28.5676],[151.9594,-28.5667],[151.9568,-28.5633],[151.9584,-28.5587],[151.9545,-28.5535],[151.9563,-28.5429],[151.9532,-28.5399],[151.9541,-28.5342],[151.9582,-28.5271],[151.9554,-28.5192],[151.9698,-28.5095],[151.9732,-28.505],[151.9826,-28.5033],[151.9857,-28.511],[151.9845,-28.5169],[151.9888,-28.5256],[151.9918,-28.5247],[152.0005,-28.5281],[152.0167,-28.5252],[152.02,-28.5212],[152.019,-28.5181],[152.0357,-28.5074],[152.0438,-28.4993],[152.0456,-28.4952],[152.0551,-28.4906],[152.0597,-28.4908],[152.0671,-28.4851],[152.0668,-28.4787],[152.0687,-28.4765],[152.0697,-28.4685],[152.0798,-28.4706],[152.0838,-28.4687],[152.091,-28.4684],[152.1067,-28.4631],[152.1118,-28.4643],[152.1219,-28.4607],[152.1279,-28.4539],[152.1354,-28.4522],[152.142,-28.4424],[152.1463,-28.4393],[152.1545,-28.438],[152.1564,-28.4346],[152.1647,-28.4326],[152.1863,-28.4386],[152.1902,-28.434],[152.1951,-28.4361],[152.2047,-28.4381],[152.2074,-28.4437],[152.214,-28.446],[152.2172,-28.4491],[152.2216,-28.4448],[152.2257,-28.4372],[152.2287,-28.437],[152.231,-28.4296],[152.2381,-28.4235],[152.2392,-28.4179],[152.249,-28.4115],[152.2559,-28.4033],[152.2604,-28.4008],[152.2667,-28.3907],[152.2818,-28.3928],[152.2865,-28.3924],[152.2891,-28.3894],[152.2905,-28.383],[152.294,-28.3792],[152.3073,-28.369],[152.3094,-28.3628],[152.3158,-28.3636],[152.3204,-28.3669],[152.3266,-28.3667],[152.3319,-28.3683],[152.3357,-28.3666],[152.3419,-28.368],[152.3566,-28.3612],[152.3652,-28.3661],[152.3748,-28.3669],[152.3784,-28.3656],[152.3852,-28.3688],[152.3917,-28.3624],[152.3935,-28.3573],[152.3989,-28.3522],[152.4011,-28.3471],[152.4102,-28.3415],[152.4156,-28.3362],[152.4176,-28.3316],[152.4106,-28.3204],[152.4107,-28.3104],[152.4139,-28.3071],[152.4132,-28.3016],[152.4167,-28.2968],[152.4215,-28.2993],[152.4309,-28.2974],[152.4357,-28.2995],[152.4442,-28.2972],[152.4426,-28.2922],[152.4455,-28.2854],[152.4521,-28.2788],[152.4551,-28.2784],[152.458,-28.2724],[152.4612,-28.2697],[152.4597,-28.2648],[152.4635,-28.2592],[152.473,-28.2569],[152.4759,-28.2582],[152.4838,-28.2577],[152.4877,-28.2534],[152.4885,-28.2463],[152.4924,-28.2437],[152.488,-28.2347],[152.4824,-28.2295],[152.4763,-28.2282],[152.4754,-28.2335],[152.4694,-28.232],[152.4699,-28.2289],[152.459,-28.2266],[152.4582,-28.221],[152.4656,-28.2167],[152.4732,-28.2043],[152.4709,-28.2005],[152.4709,-28.195],[152.4558,-28.1956],[152.4473,-28.1866],[152.4421,-28.176],[152.4467,-28.1664],[152.4384,-28.1602],[152.4355,-28.1563],[152.4349,-28.1475],[152.4321,-28.1426],[152.4341,-28.131],[152.4261,-28.1291],[152.4215,-28.1244],[152.419,-28.1187],[152.4139,-28.1163],[152.4114,-28.1126],[152.4119,-28.1076],[152.4086,-28.1001],[152.4094,-28.0958],[152.4185,-28.0885],[152.4147,-28.0787],[152.4163,-28.0697],[152.4106,-28.0687],[152.4024,-28.0653],[152.3994,-28.0627],[152.39,-28.0591],[152.395,-28.049],[152.3943,-28.0438],[152.3885,-28.0363],[152.3903,-28.0309],[152.3828,-28.0244],[152.3813,-28.0208],[152.3749,-28.0123],[152.378,-27.9992],[152.378,-27.9905],[152.3836,-27.9837],[152.3828,-27.9788],[152.3891,-27.9741],[152.3824,-27.966],[152.3738,-27.9637],[152.3571,-27.9622],[152.3474,-27.9652],[152.3431,-27.9608],[152.3343,-27.9647],[152.3274,-27.9665],[152.3219,-27.9647],[152.3163,-27.9657],[152.3083,-27.9628],[152.2989,-27.9563],[152.2938,-27.9562],[152.2938,-27.9612],[152.2864,-27.963],[152.2772,-27.9697],[152.2691,-27.9701],[152.2585,-27.9724],[152.2525,-27.9669],[152.2415,-27.9606],[152.2314,-27.9575],[152.2232,-27.9575],[152.2097,-27.9541],[152.2079,-27.9647],[152.1998,-27.9643],[152.1945,-27.9615],[152.1916,-27.9642],[152.1842,-27.9655],[152.1669,-27.9662],[152.1648,-27.9679],[152.1545,-27.9664],[152.1478,-27.9667],[152.1464,-27.963],[152.1398,-27.9583],[152.1402,-27.9538],[152.1434,-27.9515],[152.1431,-27.9478],[152.1392,-27.9441],[152.1068,-27.9397],[152.098,-27.9445],[152.098,-27.9471],[152.0823,-27.9589],[152.0745,-27.9613],[152.0255,-27.9545],[152.024,-27.9631],[151.9948,-27.9592],[151.9986,-27.971],[151.976,-27.9679],[151.9734,-27.9804],[151.9218,-27.9733],[151.9189,-27.9899],[151.9091,-27.9851],[151.9073,-27.9911],[151.9172,-28.0085],[151.9164,-28.0121],[151.8077,-27.997],[151.8061,-28.0058],[151.797,-27.9999],[151.7931,-27.9997],[151.785,-28.01],[151.7903,-28.0146],[151.7776,-28.0229],[151.7717,-28.0152],[151.7643,-28.0027],[151.7574,-28.0056],[151.7531,-28.0041],[151.7483,-27.9988],[151.7315,-27.9946],[151.7218,-27.9942],[151.6942,-27.9911],[151.6934,-27.9919],[151.6634,-27.9879],[151.6629,-27.9883],[151.6179,-27.9831],[151.6156,-27.9835],[151.5775,-27.9788],[151.5435,-27.9741],[151.5363,-28.0194],[151.5068,-28.0158],[151.4956,-28.0899],[151.4747,-28.0874],[151.4701,-28.0889],[151.4634,-28.0944],[151.4603,-28.1061],[151.4525,-28.1044],[151.4457,-28.1049],[151.4429,-28.1114],[151.4467,-28.1165],[151.4393,-28.1359],[151.4411,-28.1517],[151.4373,-28.1541],[151.4234,-28.1558],[151.41,-28.1631],[151.4031,-28.1625],[151.397,-28.1674],[151.3918,-28.1602],[151.3813,-28.1575],[151.3764,-28.1541],[151.3665,-28.1562],[151.3647,-28.1606],[151.3595,-28.166],[151.3484,-28.1691],[151.345,-28.1713],[151.3424,-28.1767],[151.3377,-28.1788],[151.3281,-28.1794],[151.3211,-28.1777],[151.3179,-28.1734],[151.3095,-28.1723],[151.3024,-28.1802],[151.2975,-28.183],[151.2879,-28.1811],[151.2806,-28.1843],[151.2732,-28.1924],[151.2059,-28.1835],[151.207,-28.1774],[151.2016,-28.1784],[151.1943,-28.1756],[151.1852,-28.1838],[151.1706,-28.182],[151.1733,-28.167],[151.1435,-28.1694],[151.1402,-28.1727],[151.1338,-28.172],[151.1255,-28.1765],[151.0909,-28.1743],[151.0918,-28.1675],[151.0544,-28.1623],[151.0467,-28.1671],[151.0412,-28.1613],[151.0427,-28.1585],[151.0376,-28.1412],[151.0399,-28.1346],[151.0446,-28.1313],[151.0492,-28.124],[151.05,-28.1166],[151.0525,-28.1155],[151.0571,-28.1005],[151.0557,-28.094],[150.9429,-28.0799],[150.8567,-28.0691],[150.8519,-28.0598],[150.8364,-28.0651],[150.8256,-28.0542],[150.8267,-28.0391],[150.8314,-28.0302],[150.8052,-28.0149],[150.7965,-28.0042],[150.7951,-27.9925],[150.7673,-27.9842],[150.7606,-27.9832],[150.7592,-27.9768],[150.7509,-27.9698],[150.742,-27.9756],[150.7356,-27.971],[150.735,-27.9485],[150.7237,-27.9404],[150.7091,-27.9384],[150.7085,-27.934],[150.7027,-27.9345],[150.694,-27.9331],[150.6775,-27.9188],[150.6742,-27.9036],[150.6464,-27.8951],[150.6448,-27.8506],[150.6335,-27.8255],[150.6212,-27.811],[150.6036,-27.8061],[150.5923,-27.7899],[150.575,-27.7793],[150.5208,-27.7724],[150.5137,-27.766],[150.489,-27.7879],[150.4582,-27.7603],[150.4522,-27.7669],[150.4496,-27.7667],[150.4443,-27.7604],[150.4396,-27.762],[150.439,-27.7681],[150.4101,-27.7464],[150.3886,-27.7603],[150.3831,-27.7643],[150.3923,-27.7742],[150.3929,-27.7782],[150.3869,-27.7833],[150.3788,-27.7825],[150.3611,-27.7649],[150.3351,-27.7614],[150.3264,-27.8087],[150.2742,-27.8027],[150.2767,-27.8516],[150.2461,-27.8517],[150.2483,-27.9077],[150.2321,-27.9058],[150.2227,-27.8945],[150.1567,-27.9226],[150.1363,-27.9104],[150.1239,-27.9443],[150.1171,-27.9439],[150.1173,-27.9485],[150.1216,-27.9505],[150.1169,-27.9632],[150.0695,-27.9582],[150.0659,-27.9855],[150.0365,-27.9819],[149.9323,-27.967],[149.9051,-27.9746],[149.8971,-27.9407],[149.8553,-27.9506],[149.8571,-27.9547],[149.8669,-27.9595],[149.8848,-27.9796],[149.8352,-27.9926],[149.7865,-28.0064],[149.6679,-27.9914],[149.6316,-27.9871],[149.6273,-28.0146],[149.5315,-28.0023],[149.5341,-27.9863],[149.5209,-27.989],[149.4952,-27.9894],[149.4936,-27.9974],[149.4575,-27.9928]]]},"properties":{"District Name":"Warwick","DDMG Name":"Warwick","Police Region Name":"Southern Region","Police Region Code":"SR","Police Region Short Name":"Southern","Region Slug":"southern","Layer Id":"qld_ddmg_boundaries_gda2020_simp200m","Layer Group":"statewide","Layer Kind":"ddmg","Source":"QPS Disaster Districts, Queensland Police Service, via the Queensland Government Open Data Portal","Source URL":"https://www.data.qld.gov.au/dataset/qps-disaster-districts","Licence":"CC BY 4.0","Licence URL":"https://creativecommons.org/licenses/by/4.0/","Dataset Date":"19/05/2025","Simplification Tolerance M":200,"Coordinate Precision Decimals":4,"CRS":"GDA2020 (EPSG:7844)","Generated":"2026-09-13"},"id":"Warwick"}]}