{"type":"Topology","arcs":[[[96881,9446],[14,-34],[6,-78],[29,-52],[23,-20],[55,-25],[19,-24],[-2,-10],[137,-69],[14,-12],[66,-21],[13,3],[27,-16],[95,9],[46,-24],[24,-33],[122,-19],[96,106],[86,-37],[-90,-99],[16,-6],[23,-28],[1,-12],[-14,-23],[27,11],[7,-3],[-32,-24],[8,-26],[17,-16],[-1,-33],[16,-37],[-12,-19],[-22,3],[-28,49],[-37,29],[-96,31],[-19,-31],[-6,-1],[1,-1],[73,9],[7,-6],[31,-2],[41,-40],[6,-13],[-4,-11],[51,-58],[-11,-2],[-13,16],[-52,-20],[-20,20],[-7,-1],[20,-37],[-9,-4],[-9,-16],[-22,6],[-5,-7],[25,-38],[30,-15],[31,-4],[46,8],[3,-12],[-33,-13],[-4,-10],[-17,-9],[-4,-9],[-10,3],[-2,-16],[11,-9],[2,12],[0,-15],[10,-4],[19,12],[-6,29],[20,1],[8,-16],[20,-11],[-3,-8],[-12,0],[8,-9],[42,-28],[33,4],[-4,-8],[-41,-6],[84,-1],[8,99],[1455,294],[28,-2],[1,-5],[1,5],[33,8],[13,-3],[-4,-6],[56,-31],[72,-71],[60,-29],[87,-24],[78,-5],[27,7],[44,-21],[41,-10],[7,5],[34,2],[6,10],[27,-8],[24,4],[7,-6],[-8,-25],[23,-18],[0,-4],[-12,2],[12,-6],[-4,-6],[-16,6],[-5,-2],[8,-5],[-12,2],[-98,-126],[-169,-323],[-123,-263],[-58,-148],[-88,-309],[-26,-127],[-4,-107],[-10,-34],[-10,-12],[-19,-7],[-6,-29]],[[99323,7188],[-48,-3],[-90,-35],[-70,-4],[-7,0],[-6,2],[-27,11],[-15,26],[-5,9],[-8,36],[-6,9],[-14,19],[-35,22],[-14,8],[0,2],[-9,34],[-26,2],[-18,-15],[-20,-5],[-41,14],[-25,2],[-18,-20],[-14,-1],[-29,20],[0,42],[-19,42],[-4,3],[-25,0],[-93,-29],[-79,4],[-46,-46],[-22,-13],[-53,-14],[-28,1],[-23,8],[-45,43],[-9,40],[-20,-2],[-18,-9],[1,5],[0,2]],[[98295,7398],[3,1],[1,2],[1,1],[0,1],[0,8],[1,7],[-9,5],[23,-4],[2,5],[0,0],[-29,5],[-23,-2],[5,18],[-13,1],[11,45],[-12,2],[-2,6],[8,6],[-4,11],[8,11],[0,0],[-13,19],[2,26],[-115,9],[-2,11],[-51,6],[3,16],[-103,11],[-1,-10],[-194,21],[-16,6],[6,13],[-84,9],[-3,-10],[-38,4],[0,4],[-28,8],[2,18],[-62,2],[12,54],[38,-5],[13,59],[-18,17],[-49,15],[-12,14],[-74,38],[-23,19],[-58,6],[-32,-3],[-13,8],[-105,12],[-6,-2],[-7,-38],[-103,10],[0,0],[-31,-123],[-41,4],[-6,-18],[13,-2],[11,-8],[-5,-22],[-34,5],[-3,-14],[23,-14],[2,9],[8,-2],[-10,-44],[12,-2],[3,-12],[-16,-4],[6,-11],[-113,-34],[-35,5],[-18,-10],[-12,9],[-57,-28],[-120,14],[-19,-31],[-247,28],[-20,5],[-108,36],[-36,36],[-23,12],[-127,18],[-36,19],[-1,1],[-1,0],[-20,2],[-7,1]],[[96064,7719],[6,25],[-41,46],[-2,1],[-41,16],[-38,22],[-3,1],[-37,6],[-18,-7],[-24,0],[-12,10],[-24,-6],[-16,15],[-29,5],[-37,48],[-99,61],[-1,1],[-9,0],[-8,0],[-1,0],[-15,-8],[-49,-81],[-14,-4],[-19,5],[-1,2],[-14,89],[-37,70],[1,41],[20,43],[2,26],[-1,1],[-30,45],[-21,9],[-37,5],[-47,-13],[-7,-8],[2,-11],[61,-15],[8,-22],[-9,-6],[-24,-1],[-2,-1],[-63,-19],[-13,0],[0,0],[-3,-6],[-10,-15],[-11,-8],[-4,-1],[-34,-4],[-42,-4],[-18,0],[-12,8],[-25,4],[-6,0],[-8,1],[-8,0],[-15,-5],[-33,9],[-13,19],[-9,0],[-16,-10],[9,-4],[7,-18],[-15,0],[-8,-13],[-57,-1],[-14,15],[-20,2],[-71,-50],[-12,-1],[-4,-10],[-19,4],[-16,13],[-15,-11],[-9,0],[-12,2],[-16,13],[9,59],[12,45],[29,80],[4,5],[9,7],[11,4],[9,2],[3,0],[48,-8],[11,16],[1,1],[-14,21],[-62,0],[-41,14],[-35,48],[-3,4],[-1,1],[-53,37],[-2,5],[50,5],[9,35],[19,-2],[-11,7],[-7,18],[5,17],[15,-1],[5,18],[-18,2],[5,19],[8,2],[-30,-5],[8,8],[-6,9],[6,9],[-9,13],[0,18],[3,9],[38,-4],[21,96],[-13,1],[4,18],[-21,3],[9,42],[-21,2],[12,10],[28,9],[6,9],[0,32],[-15,1],[9,41],[-37,4],[-4,18],[-1,19],[11,3],[7,17],[-11,8],[-1,10],[-55,-24],[25,113],[-30,3],[7,30],[-73,8],[13,55],[-104,11],[-6,-26],[-42,4],[-5,-24],[-47,5],[-11,-50],[-22,2],[-5,-18],[-43,5],[29,117],[12,-2],[38,32],[24,-1],[93,52],[46,9],[11,14],[4,22],[24,7],[43,-11],[7,5],[52,-1],[36,22],[24,1],[-9,9]],[[94826,9269],[9,-8],[13,-9],[-11,-59],[37,-4],[7,24],[24,-10],[32,-26],[20,3],[26,-40],[2,-2],[1,-2],[-1,-3],[-6,-16],[7,-12],[-35,-7],[-24,-16],[-4,-27],[-14,-19],[18,-18],[-6,-18],[29,-29],[21,-10],[20,-1],[-3,-20],[14,-22],[13,-6],[-13,-21],[1,-38],[6,-5],[148,-18],[7,26],[12,6],[1,-1],[4,-1],[24,-9],[41,-2],[11,-4],[8,-15],[25,-20],[41,-15],[35,-23],[36,-10],[47,4],[34,-19],[15,0],[9,6],[41,-4],[20,-3],[3,22],[11,-1],[63,32],[15,-15],[131,-14],[13,68],[101,-11],[12,58],[40,-1],[24,4],[21,-17],[13,1],[9,-12],[16,-3],[32,-23],[44,-11],[-3,-7],[1,0],[10,-3],[16,4],[3,1],[4,9],[41,15],[1,13],[0,0],[3,3],[5,4],[1,0],[31,9],[42,-7],[26,-14],[3,1],[10,32],[-18,13],[10,11],[25,8],[21,17],[-17,22],[-6,25],[1,37],[16,-1],[5,17],[-20,3],[6,27],[40,-5],[-4,5],[9,5],[-11,8],[2,9],[-13,7],[-18,-2],[-1,10],[-20,7],[9,6],[-11,8],[15,5],[-4,10],[6,9],[12,2],[-5,5],[4,3],[11,2],[22,17],[33,7],[8,31],[17,23],[19,6],[4,14],[10,2],[1,15],[-22,42],[-6,-3],[8,-17],[-23,8],[9,42],[31,0],[18,15],[8,-3],[-9,-8],[17,0],[-1,-6],[43,2],[-34,21],[22,7],[16,40],[8,5],[21,-20],[25,-8],[40,-24],[32,-1],[13,15],[1,3],[-8,39],[1,3],[2,5],[5,9],[9,6],[12,8],[7,5],[7,0],[50,4],[111,-14]],[[97967,9181],[14,3],[23,30],[22,8],[17,16],[45,-29],[7,5],[20,-4],[7,-11],[27,-5],[5,-7],[-30,-58],[-35,-25],[-64,3],[-6,11],[-29,12],[-15,-1],[-7,19],[-1,33]],[[97896,8761],[91,6],[14,-8],[-2,-89],[-15,-3],[-29,20],[-14,31],[-45,43]],[[97887,8905],[18,11],[11,-1],[-7,18],[23,34],[27,19],[2,9],[13,-5],[3,-19],[23,-12],[13,-51],[-12,-42],[-13,-11],[-21,-5],[-70,35],[-10,20]],[[98786,10534],[10,14],[52,33],[28,28],[160,53],[109,14],[92,2],[73,21],[50,25],[10,16],[12,-6],[-10,-4],[31,-10],[2,-8],[17,-6],[37,3],[-1,-34],[-12,-8],[5,-11],[-5,-4],[-8,3],[-13,-19],[-64,-138],[-8,-6],[-33,-91],[-10,-3],[6,-7],[-113,-307],[-56,-254],[-16,-168],[2,-106],[16,-95],[42,-130],[40,-72],[58,-64],[-29,18],[12,-45],[-25,-22],[-28,-44],[-8,-57],[-33,-3],[-37,27],[13,-6],[16,-14],[24,2],[-18,13],[-23,6],[-12,18],[35,69],[-9,36],[-113,161],[4,26],[-47,100],[-93,121],[-40,68],[-16,87],[-62,95],[11,40],[33,57],[7,27],[-11,43],[-12,17],[0,24],[-50,111],[45,112],[9,54],[-3,67],[-19,78],[-23,37],[-1,16]],[[97901,23210],[239,-818],[13,-99],[-9,2]],[[98144,22295],[-60,10],[-19,1],[-35,-12],[-219,-83],[-160,-91],[-80,-54],[-83,-82],[-22,-26],[-33,-30],[-1,-1],[-3,-2],[-148,-110],[-33,-34],[-42,-58],[6,-11],[13,-2],[55,14],[43,0],[82,-20],[4,-1],[43,-20],[54,-26],[5,-2],[22,-17],[74,-54],[11,-8],[59,-64],[30,-32],[9,-10],[102,-133],[91,-105],[9,-11],[9,-20],[21,-48],[4,-11],[3,-23],[0,-9],[1,-6],[-6,-51],[-3,-9],[-38,-117],[2,-43],[-39,-72],[-133,-172],[-200,-205],[-1,-1],[-59,-53],[-198,-144],[-10,-6],[-358,-211],[-99,-45],[-161,-54],[-40,-25],[-2579,2],[-64,10],[-29,22],[-20,8],[-51,5],[-67,-4],[-65,23],[-34,4],[-36,-6],[-32,-14],[-29,-20],[-22,-29],[-63,-33],[-15,-27],[34,-29],[5,-29],[-6,-7],[-46,-18],[-10,-9],[-17,3],[-14,-5],[-20,9],[-29,2],[-11,-25],[-43,-29],[-38,15],[-9,12],[13,14],[-13,18],[-9,2],[-32,1],[-13,-10],[-50,5],[-72,-36],[-58,1],[-32,9],[-13,-3],[-16,-21],[-33,-20],[-55,-22],[4,-12],[-229,-296],[-39,-112],[-22,-109],[-138,-108],[-32,4],[-1,-7],[-47,19],[-12,-14],[20,-7],[-3,-28],[-17,-5],[-38,2],[-35,-15],[-29,2],[-21,-24],[-19,-11],[-2,-10],[-86,-37],[14,-17],[-17,-17],[10,-14],[-56,-47],[-19,0],[-18,-13],[-8,-16],[-27,1],[-22,10],[-6,-7],[-79,-7],[-3,-10],[-40,-27],[-12,-2],[-1,-7],[-115,-74],[-79,-147],[22,-43],[-8,-4],[-3,-26],[42,-26],[20,0],[12,-7],[6,-23],[13,-14],[-37,3],[-13,-68],[37,-5],[-11,-9],[4,-8],[-7,-7],[-1,-16],[-18,-14],[5,-29],[-7,-7],[-107,6],[-26,9],[-5,12],[-18,-2],[-34,12],[-20,-10],[-5,7],[-15,4],[-18,-21],[-9,3],[-11,20],[-79,8],[5,-35],[-37,-5],[-19,12],[-37,-5],[-18,6],[-31,-4],[-14,-10],[-19,-4],[-13,5],[-45,-10],[-1,-30],[-11,-13],[-9,-1],[-4,-19],[-14,-14],[-29,-17],[-18,-32],[-14,-24],[-5,-32],[7,-4],[-6,-14],[9,-55],[-39,-26],[-28,-18],[-8,-1],[-46,-5],[-15,8],[-20,-13],[-4,-8],[-66,-3],[4,-17],[-33,-6],[-5,-18],[-17,2],[-20,-12],[-19,5],[-26,-8],[-10,-26],[15,-37],[24,-22],[-9,-9],[5,-29],[-21,-18],[-22,4],[-28,-15],[-51,-8],[-24,-9],[-12,-20],[-21,3],[-30,15],[-3,2],[-34,31],[-34,13],[-2,7],[-52,2],[-20,-12],[-6,-11],[-22,-6],[-19,44],[-14,3],[0,6],[12,5],[-13,12],[-26,9],[-2,-21],[-12,4],[-19,-22],[2,-30],[-14,-32],[-9,-53],[-19,-6],[-35,8],[-9,-9],[-9,-32],[-11,-2],[-17,-18],[-25,-14],[-1,-9],[-24,-20],[-7,1],[-8,-11],[-9,0],[2,-24],[7,-7],[-10,-13],[43,-35],[-15,-25],[7,-19],[-9,-13],[5,-9],[-5,-39],[4,-8],[-10,-25],[-59,-45],[-12,0],[-41,31],[-49,-10],[-5,-6],[-47,8],[7,-11],[3,-43],[5,-2],[-6,-23],[-13,-3],[-1,-19],[97,-19],[15,-47],[9,-6],[-16,-15],[1,-22],[-6,-11],[11,-36],[-7,-10],[8,-20],[1,-1]],[[90009,16964],[0,0],[0,0],[-18,-13],[-20,4],[-10,-4],[-8,-19],[-17,-6],[17,-23],[-27,-37],[8,-52],[-15,-11],[-7,-23],[-16,-4],[-9,-24],[-11,1],[-25,13],[-8,-9],[0,-19],[-21,-32],[9,-5],[-10,-12],[11,-21],[-47,-17],[-23,4],[-27,-47],[-28,-15],[-17,-26],[-25,0],[-25,-14],[-17,-12],[-20,-34],[-27,-1],[-13,-22],[-46,-2],[-55,-23],[-61,11],[-40,17],[-15,25],[-17,14],[3,18],[-9,17],[9,15],[-7,22],[-15,11],[-32,-6],[-12,7],[-10,37],[-23,8],[12,10],[1,14],[-18,3],[-36,44],[10,1],[15,17],[-6,8],[-43,18],[-22,-7],[-18,2],[12,21],[-1,11],[-12,7],[-9,-16],[-22,5],[-16,-7],[-17,9],[-8,-3],[-23,8],[-35,28],[-26,10],[-30,-2],[-17,11],[-1,48],[-16,10],[-51,-20],[-35,9],[-2,13],[6,12],[-5,21],[-9,24],[-20,21],[14,22],[-65,27],[-5,-8],[-8,-2],[-44,8],[-10,-6],[-3,-14],[11,-32],[-4,-15],[-15,-8],[-56,-6],[-28,-21],[12,-21],[24,-20],[0,-17],[-32,-1],[-52,11],[-31,-55],[-32,-14],[-7,-9],[12,-13],[34,-1],[7,-22],[46,-5],[16,-15],[-19,-36],[-35,-9],[-9,-12],[13,-35],[-3,-33],[22,-19],[4,-22],[-22,-34],[3,-9],[14,-5],[-2,-12],[22,-11],[6,-13],[12,-42],[1,-26],[-11,-31],[10,-21],[22,-14],[9,-14],[-7,-30],[-21,-28],[2,-33],[17,-14],[11,-1],[14,9],[13,-5],[-2,-10],[-10,-4],[-26,-5],[-16,3],[8,-15],[-4,-8],[-28,-14],[-19,-18],[-38,-13],[-7,-6],[0,-17],[-13,-6],[-11,-4],[-39,5],[1,4],[-20,10],[-41,4],[-47,-25],[-13,0],[-23,17],[-98,14],[-39,14],[-116,59],[-151,24],[-70,4],[29,76],[-26,19],[14,21],[-62,37],[21,42],[-55,1],[-22,18],[-21,-9],[-20,-1],[-20,13],[-26,38],[-53,7],[-22,12],[-9,15],[-68,-6],[-17,-10],[-7,-16],[-73,-23],[-30,4],[-38,26],[-39,0],[-19,6],[-32,-2],[-31,7],[-38,-11],[-12,2],[-17,18],[-20,2],[-47,-9],[-18,12],[-16,0],[-34,-11],[-25,6],[-18,-5],[-12,2],[-15,-8],[-58,-261],[-6,-1],[-1,-6],[-16,9],[-6,-8],[-28,2],[-12,20],[-20,5],[3,35],[-16,2],[2,7],[-10,9],[-26,3],[-4,-10],[-29,-24],[3,-12],[44,-17],[15,-17],[-4,-13],[-19,-8],[-6,-9],[7,-18],[17,-2],[37,11],[47,-14],[7,-21],[-38,-88],[20,-31],[-1,-12],[-39,-43],[-53,-24],[14,-42],[-8,-8],[-32,-8],[4,-14],[-19,-51],[-13,-3],[-22,8],[-16,-2],[-6,-15],[5,-49],[-31,-7],[-556,-31],[-173,18],[-43,-30],[-54,1],[-103,-69],[6,-21],[37,-27],[-2,-18],[10,-12],[-35,-11],[-70,-59],[-17,-8],[-29,-44],[-63,-38],[-71,25],[-6,-7],[-49,1],[-31,14],[-38,5],[-814,78],[-48,17],[-155,20],[1,-27],[-13,-71],[-47,-40],[-6,-23],[42,-21],[63,14],[-12,-4],[5,-12],[-7,-6],[7,-8],[-16,-26],[11,-15],[-229,-29]],[[84102,15343],[-6,4],[-26,3],[-41,50],[-73,-25],[-12,8],[-91,5],[-48,13],[-107,39],[-36,30],[-9,17],[-3,41],[-41,49],[6,32],[-59,60],[-30,79],[-37,19],[4,18],[-141,-30],[-79,19],[-73,-13],[-35,5],[-3,-7],[-37,6],[-41,34],[-41,5],[-52,-21],[3,-22],[-16,-33],[-349,-185],[-384,38],[-9,28],[-17,18],[-32,55],[5,12],[24,19],[4,18],[-18,15],[-26,2],[-21,15],[6,19],[4,-1],[-24,51],[-21,18],[5,11],[-5,6],[-22,1],[-2,17],[-11,5],[-9,26],[-217,7],[-27,-4],[-38,-21],[-34,1],[-79,55],[-131,18],[-58,3],[12,32],[-10,30],[-24,40],[-3,32],[69,71],[7,30],[23,27],[5,16],[0,43],[-7,17],[-27,19],[-9,23],[0,21],[11,32],[46,18],[38,35],[11,38],[25,43],[-10,24],[-13,4],[-105,98],[-45,17],[-9,33],[-82,33],[-54,52],[49,12],[-82,73],[15,37],[24,23],[62,4],[43,48],[-7,10],[19,17],[-30,3],[-5,64],[6,8],[3,52],[-95,33],[-41,52],[22,52],[34,33],[28,6],[2,26],[45,40],[2,15],[-32,12],[-19,28],[-11,66],[-352,36],[-53,0],[-38,46],[-96,26],[-112,-17],[-46,6],[-35,-4],[-104,-21],[-45,23],[-86,24],[-53,38],[-74,110],[-243,36],[-34,-13],[-25,-24]],[[79977,17783],[-68,18],[-72,8],[-7,20],[-24,5],[-22,-1],[-32,-11],[-7,25],[19,49],[26,17],[29,63],[-15,31],[-44,48],[-4,51],[11,22],[-79,28],[14,23],[-16,34],[71,61],[-7,22],[-26,14],[-55,-13],[-24,5],[15,37],[-15,34],[-56,-13],[-13,6],[9,32],[-38,11],[-6,22],[35,22],[6,52],[143,70],[45,79],[-33,17],[-57,46],[18,13],[53,11],[-18,56],[35,25],[-58,36],[73,59],[32,9],[14,23],[23,-1],[2,12],[-68,24],[-5,15],[57,28],[26,34],[-10,13],[4,55],[-13,26],[65,34],[70,-7],[33,24],[-11,17],[48,70],[-15,23],[2,30],[-27,19],[9,33],[69,5],[27,15],[-40,71],[13,31],[47,3],[22,44],[-2,31],[44,37],[19,8],[4,9],[8,46],[-28,95],[-13,19],[14,15],[-5,26],[41,-1],[55,-21],[102,11],[-27,31],[66,64],[28,11],[38,5],[80,28],[131,0],[39,16],[1,28],[28,20],[0,32],[-19,18],[-15,41],[25,33],[31,16],[30,42],[56,15],[-82,55],[-44,21],[-17,15],[-1,18],[10,13],[1,23],[-15,19],[-10,34],[-36,63],[-2,42],[11,68],[-15,142],[36,115],[-44,44],[-44,83],[18,9],[102,176],[-11,44],[14,75],[142,260],[31,-3],[3,12],[37,1],[19,35],[22,13],[34,172],[16,13],[-27,44],[-98,290],[160,99],[69,12],[95,-1],[9,46],[22,21],[91,13],[46,-47],[24,-5],[83,23],[62,-17],[65,2],[62,-8],[100,11],[22,14],[28,4],[44,-5],[48,-18],[83,-6],[46,-19],[49,-33],[24,-10],[80,21],[245,-30],[166,-29],[25,7],[43,-10],[31,15],[26,1],[15,26],[-5,12],[22,64],[-23,9],[-4,13],[21,36],[22,5],[14,36],[-2,13],[28,5],[11,-5],[31,47],[14,5],[-6,13],[13,1],[28,17],[37,41],[19,6],[3,8],[-66,40],[-7,21],[-10,7],[10,19],[-13,12],[-51,-6],[-45,33],[-97,-29],[-65,27],[-13,14],[-27,2],[-15,12],[-34,1],[-32,8],[-17,17],[-66,36],[-6,10],[-37,8],[46,245],[8,3],[13,-5],[2,-25],[26,2],[24,9],[8,-8],[38,-12],[17,10],[11,43],[11,10],[12,-12],[3,-20],[16,-13],[39,-7],[37,-1],[24,21],[10,2],[41,-7],[10,23],[171,-39],[14,-9],[21,2],[201,-42],[111,-33],[15,2],[35,-13],[24,11],[5,8],[-7,11],[-17,14],[-5,43],[5,44],[31,16],[43,-1],[-56,62],[-31,17],[4,20],[-13,13],[-3,30],[-14,30],[9,21],[-9,10],[2,7],[37,22],[0,27],[5,6],[23,3],[34,20],[0,41],[-5,9],[27,13],[5,11],[-10,6],[4,16],[18,11],[5,33],[7,5],[8,30],[-6,16],[2,30],[33,21],[6,92],[-2,26],[-12,12],[2,27],[5,8],[41,18],[8,35],[23,12],[5,10],[76,-12],[25,8],[7,8],[42,-2],[8,10],[47,0],[15,-4],[14,-15],[19,8],[8,-9],[14,-28],[-21,-24],[5,-31],[27,-21],[11,-2],[8,-14],[15,0],[17,-36],[23,7],[15,-7],[6,-10],[14,-3],[3,-9],[18,-3],[14,-27],[115,-15],[11,-14],[11,1],[31,-34],[11,-40],[41,-20],[5,-39],[44,-21],[7,-1],[11,30],[10,8],[28,-6],[10,7],[57,10],[8,5],[-4,13],[14,4],[14,24],[62,-24],[10,5],[28,-6],[5,-24],[28,-16],[37,-35],[16,-4],[15,-13],[-2,-27],[-29,-11],[-18,-33],[-1,-27],[-17,-6],[-4,-22],[-17,-16],[2,-13],[-11,-12],[12,-45],[-19,-10],[-5,-16],[13,-26],[-8,-28],[25,-17],[-3,-18],[7,-11],[26,-15],[25,-3],[23,5],[29,21],[33,7],[2,5],[132,16],[6,30],[10,12],[24,1],[22,-8],[61,9],[17,7],[34,-2],[18,11],[2,-15],[-11,-10],[3,-22],[-26,-134],[8,-22],[-13,-16],[-14,0],[-19,-19],[14,-20],[-7,-21],[11,-4],[-14,-2],[-3,-5],[74,-209],[-15,-4],[-28,5],[-48,16],[-37,-4],[-16,4],[-21,-16],[-40,-10],[-32,-26],[9,-37],[11,-4],[18,-3],[22,12],[25,6],[-2,10],[21,4],[10,10],[16,-2],[24,10],[19,0],[26,-24],[22,5],[17,-7],[5,-35],[32,-22],[8,-14],[38,-7],[4,8],[13,4],[9,-7],[1,-14],[40,-47],[13,17],[55,13],[8,23],[9,7],[34,-11],[9,0],[8,11],[14,-1],[6,-8],[21,5],[68,-14],[36,-51],[32,-3],[27,9],[-4,22],[8,6],[-2,15],[22,7],[-6,20],[11,13],[12,1],[16,12],[15,-4],[23,5],[-1,6],[10,8],[27,-6],[37,3],[22,-3],[37,-19],[22,15],[0,14],[9,13],[49,42],[23,9],[4,27],[18,8],[13,25],[19,16],[5,16],[11,7],[11,-1],[5,9],[18,-3],[12,-16],[18,-2],[17,6],[21,19],[41,-32],[25,-1],[20,-11],[27,3],[8,7],[22,-1],[11,12],[-6,15],[17,24],[2,42],[33,8],[56,-4],[39,11],[17,10],[56,69],[3,4],[-23,10],[-20,19],[-14,38],[34,3],[12,-10],[54,-15],[24,-13],[27,0],[10,23],[33,29],[2,14],[15,17],[-4,13],[18,39],[-14,20],[28,14],[16,-4],[28,7],[39,-12],[20,-14],[11,-17],[4,-17],[-13,-3],[-12,-18],[20,-26],[-1,-11],[11,-8],[-10,-5],[13,-18],[25,-6],[26,-20],[-8,-6],[6,-20],[45,-9],[22,-17],[6,-24],[-19,-12],[-9,-24],[19,-13],[17,-3],[19,-19],[24,10],[19,-7],[37,-3],[64,-48],[-3,-20],[11,1],[33,-17],[-1,-16],[-11,-17],[11,-33],[-10,-7],[-14,-43],[21,-24],[-20,-12],[-19,-31],[-15,-7],[-5,-24],[-30,-3],[-7,-34],[-15,11],[-38,6],[-15,-6],[1,-9],[-11,-11],[10,-19],[23,-11],[6,-27],[22,-16],[16,-27],[0,-10],[30,-22],[12,3],[59,-16],[9,-8],[58,11],[52,-24],[29,-37],[25,2],[45,41],[26,-12],[97,22],[38,-9],[30,-18],[18,3],[0,-11],[18,-10],[18,1],[36,-24],[24,-26],[13,-4],[6,-13],[51,-15],[29,-26],[39,6],[44,23],[-2,42],[-6,4],[-22,-6],[-15,4],[0,6],[38,29],[20,8],[44,-1],[29,9],[20,13],[20,25],[36,12],[15,-7],[20,-23],[18,-38],[85,-22],[86,-84],[25,-16],[26,-7],[14,-50],[40,-51],[96,-52],[13,-30],[36,179],[244,-24],[78,-28],[19,-18],[14,-29],[35,-17],[18,-34],[71,-13],[8,-8],[-5,-6],[13,-3],[2,-8],[9,-3],[12,5],[45,-17],[4,-9],[16,-4],[2,-13],[-14,-41],[20,-10],[21,7],[20,21],[86,2],[17,10],[0,20],[11,12],[23,2],[10,8],[21,-3],[57,37],[26,52],[37,23],[-6,20],[-18,18],[15,18],[13,3],[15,-12],[13,0],[87,20],[50,1],[19,7],[-26,30],[1,21],[60,98],[88,6],[34,12],[34,3],[3,12],[57,-4],[-1,30],[-8,7],[-7,31],[6,7],[-3,34],[8,10],[-6,13],[194,-22],[22,121],[-50,5],[7,36],[51,-5],[5,25],[-50,4],[-35,-6],[-75,20],[-56,-6],[-21,4],[8,50],[26,-10],[8,41],[-29,40],[-19,2],[0,10],[19,7],[-8,22],[164,-14],[20,100],[-190,19],[30,11],[14,21],[17,3],[-3,19],[13,12],[-11,17],[3,8],[35,29],[15,31],[47,17],[-14,21],[17,-8],[17,8],[5,26],[-18,3],[1,9],[18,7],[22,-6],[10,3],[0,1],[1,1],[0,3],[-12,7],[-1,0],[-25,0],[-6,10],[20,9],[15,-9],[22,1],[7,7],[-36,37],[13,13],[0,14],[21,10],[17,22],[77,10],[40,-11],[64,-62],[30,-8],[120,23],[43,19],[33,27],[7479,0]],[[30315,65202],[-31,26],[-48,18],[-119,5],[-97,33],[-43,19],[-61,44],[-49,61],[-30,50],[-36,36],[-34,15],[-24,4],[56,310],[419,289],[68,741],[409,-24],[63,693],[711,-32],[81,721],[364,-23],[82,728],[-1961,108],[-111,-742],[-2635,186],[-945,1159],[-441,-938],[-36,-4],[-43,33],[-106,41],[-75,11],[-54,23],[-56,10],[1,-16],[-68,-105],[-81,-30],[-23,-22],[-1,-35],[25,-32],[61,-16],[13,-13],[14,-38],[47,-8],[26,-14],[25,-34],[58,-42],[12,-25],[50,-27],[24,-29],[-147,-576],[-2079,135],[-13,6],[-14,-4],[-73,0],[-39,-12],[-8,18],[-18,10],[-17,-1],[-22,11],[-21,-6],[-20,10],[-7,11],[-19,-11],[-17,1],[-35,31],[-8,24],[-11,-2],[-19,20],[-21,-8],[-8,7],[-6,-4],[-19,5],[-6,10],[-13,-2],[-16,-17],[8,-5],[-6,-12],[-33,0],[0,17],[16,2],[-24,13],[-8,-4],[-16,-25],[12,-15],[-12,-8],[-4,-10],[-21,8],[-15,-21],[-23,7],[-1,14],[-18,2],[-9,-22],[2,-5],[18,-1],[2,-7],[-15,-5],[-19,10],[-3,15],[10,13],[23,14],[-4,35],[12,-1],[11,10],[-11,9],[-35,-3],[-6,-5],[-8,12],[3,18],[-11,6],[-6,2],[-3,0],[-37,-7],[-30,8],[-15,-13],[-8,16],[11,10],[-15,7],[-4,1],[-9,-7],[-8,-7],[-2,-1],[1,-2],[7,-8],[-4,-11],[-27,3],[-21,13],[-10,-1],[-1,-52],[10,-7],[25,5],[4,-26],[-41,0],[-13,5],[-7,15],[-17,1],[-16,16],[-24,-13],[-35,6],[-8,8],[-3,15],[28,9],[3,6],[-16,29],[-17,8],[-36,-16],[-1,-4],[-4,-33],[-17,4],[-7,24],[0,9],[8,14],[38,21],[31,30],[19,-1],[9,7],[-9,2],[14,3],[-13,7],[-31,4],[-2,13],[-20,18],[0,1],[-13,0],[-23,-13],[-1,-1],[-11,-17],[-1,-28],[-24,-13],[-3,-1],[-8,1]],[[22442,68088],[-16,10],[90,105],[100,214],[137,262],[19,18],[18,-1],[1,6],[-6,-5],[-6,5],[-19,-8],[4,17],[34,58],[42,40],[-3,27],[-27,31],[11,24],[11,2],[7,-11],[-13,-28],[11,0],[-3,-6],[7,-3],[8,15],[-3,22],[-12,14],[-9,0],[-14,-12],[-11,-31],[4,-9],[15,-3],[-24,-3],[10,-29],[-14,4],[-7,25],[27,55],[149,176],[34,97],[39,169],[14,90],[-1,90],[8,28],[17,14],[64,29],[7,22],[23,26],[135,96],[46,41],[7,14],[11,5],[4,-9],[15,-4],[-26,-23],[-5,-14],[35,34],[-2,9],[-16,9],[34,37],[11,23],[22,79],[-5,32],[-20,42],[-10,16],[-20,12],[1,21],[-13,-5],[0,-18],[56,-93],[2,-15],[-63,110],[1,17],[18,10],[5,-6],[41,32],[-17,40],[51,97],[3,0]],[[23466,70223],[-13,-41],[22,-45],[78,-35],[50,-37],[38,-43],[10,-5],[76,8],[14,11],[2,20],[10,10],[37,9],[19,-6],[13,-12],[-4,-16],[9,-11],[18,-1],[14,9],[11,-20],[10,-3],[26,10],[19,2],[10,-12],[-45,-2],[-13,-14],[-3,-15],[18,-16],[54,-1],[4,-13],[-24,-18],[9,2],[13,-12],[-4,-19],[11,4],[0,-15],[11,-17],[45,-10],[0,-14],[6,-4],[46,-2],[19,-21],[24,-1],[12,9],[-2,36],[9,4],[9,-5],[6,-15],[17,-6],[10,12],[11,3],[4,-5],[0,6],[12,2],[-2,11],[16,7],[-1,-14],[18,2],[-1,10],[16,-18],[16,-2],[25,12],[19,-9],[15,5],[1,5],[33,-3],[15,-9],[9,-18],[22,-3],[11,13],[19,-2],[42,13],[22,-1],[6,9],[-3,12],[24,4],[18,12],[26,2],[17,9],[22,-17],[14,-3],[47,17],[22,13],[24,2],[34,16],[2,7],[5,-5],[10,1],[3,-3],[10,-3],[22,6],[55,-6],[39,14],[33,-8],[21,19],[40,12],[18,-7],[17,13],[13,-1],[23,13],[29,7],[14,-8],[17,8],[18,-8],[38,7],[14,-5],[19,26],[65,-2],[19,-18],[34,3],[22,12],[25,27],[32,-1],[66,9],[33,18],[35,9],[27,16],[43,11],[37,23],[42,16],[36,-31],[34,-8],[86,12],[-7,13],[10,6],[25,3],[41,27],[8,-3],[30,6],[30,15],[25,-3],[57,9],[30,-3],[20,16],[9,16],[43,11],[42,42],[26,12],[18,-5],[10,4],[49,54],[79,38],[8,23],[-5,8],[94,67],[-12,18],[8,32],[-16,5],[-31,-31],[-7,-14],[-22,-8],[-2,-14],[-11,-14],[-41,-30],[-3,-21],[-15,-8],[-22,-25],[-4,-18],[-33,-25],[-24,-5],[-13,-12],[-14,-2],[-49,-27],[-25,0],[-14,-11],[0,-23],[-5,-5],[-76,-13],[-24,-16],[-16,1],[-28,14],[-46,-18],[-9,1],[-31,-18],[-30,-3],[-94,-47],[-47,3],[-23,14],[-58,-23],[-61,4],[-35,-17],[-16,3],[-22,-11],[-30,4],[-18,-13],[-16,4],[-12,-15],[-8,3],[-20,-8],[-83,-76],[-27,-3],[-26,16],[-41,5],[-31,-5],[-11,-8],[-5,-14],[-13,5],[-39,-8],[-14,8],[-19,-7],[-13,8],[-69,-22],[-13,-11],[-16,6],[-13,0],[-34,-12],[-18,-18],[-32,6],[-26,-4],[-12,-10],[-14,7],[-37,0],[-25,-6],[-30,11],[-7,-10],[-24,-11],[-43,-9],[-8,-9],[-51,-15],[-29,19],[-14,-1],[-10,-9],[-22,-3],[-21,-10],[-26,-3],[1,-21],[-17,1],[-46,-14],[-22,1],[-9,-12],[-12,-1],[-16,23],[-24,10],[-29,0],[-15,-7],[-24,7],[-19,-9],[-16,4],[-11,18],[-29,-3],[-21,8],[-15,-5],[3,-19],[-21,-16],[-7,6],[-1,14],[-13,6],[-1,0],[-22,-8],[-15,8],[-19,-9],[-24,1],[-17,-5],[-19,12],[-31,0],[-4,3],[-15,57],[22,27],[-4,19],[-10,6],[-21,-1],[-31,-20],[-11,-1],[-20,14],[4,11],[11,8],[39,-7],[13,4],[4,18],[-17,18],[-31,2],[-29,-14],[0,15],[-20,7],[-24,-13],[-4,33],[-23,13],[-21,2],[-29,-7],[-19,-12],[-3,-28],[-7,-6],[-77,-3],[-20,32],[-125,109],[-3,47]],[[23501,70215],[2,24],[15,25],[30,4],[38,121],[20,9],[7,11],[-9,11],[6,99],[-8,44],[-28,77],[-20,30],[-35,39],[-83,71],[-42,56],[43,-37],[-61,79],[-7,-6],[23,-22],[-5,-4],[-20,19],[-7,-2],[33,-48],[-8,-2],[-65,120],[-10,39],[3,13],[-26,8],[-9,10],[-138,237],[-26,58],[9,27],[-12,1],[-4,8],[-31,182],[-61,176],[-9,46],[10,4],[-9,0],[-6,-5],[-139,9],[-3537,-3],[-36,13970],[36,4777],[9,3104],[3205,1500],[980,492],[2234,1043],[2464,332],[3963,166],[536,581],[1055,0],[-57,63],[-29,72],[2,85],[32,71],[57,60],[86,49],[107,32],[114,10],[95,-12],[77,-28],[72,-49],[51,-64],[24,-72],[-4,-74],[-15,-45],[-20,-34],[-33,-39],[-32,-25],[25,0],[1071,746],[1929,166],[2892,-664],[24,-1732],[-26,-23],[-34,-19],[-79,1],[-68,-24],[-23,-28],[-92,-19],[-2,-23],[-12,-7],[-30,0],[-59,-11],[-4,-9],[-22,-2],[-73,-81],[3,-18],[9,-3],[-1,-11],[-25,-15],[4,-7],[-7,-8],[-77,-299],[-12,-11],[-20,-5],[-58,-4],[-3,-8],[-11,-3],[-361,-272],[-2,-17],[-16,-7],[-103,-164],[-277,-248],[16,-29],[-11,-26],[-16,-5],[4,-20],[16,-6],[0,-12],[-26,-8],[13,-19],[-14,-7],[-9,-42],[-48,-68],[2,-14],[-33,-32],[6,-6],[-3,-12],[-14,-4],[-29,-38],[-13,-4],[8,-13],[0,-23],[-142,-56],[19,-23],[-49,-69],[3,-34],[-38,-38],[10,-10],[3,-29],[-12,-6],[13,-21],[15,0],[4,-4],[-17,-17],[10,-15],[-5,-19],[-40,-48],[3,-15],[-16,-9],[-20,6],[-21,-28],[21,-9],[1,-8],[-18,-25],[-19,-113],[9,-11],[-2,-11],[-3,-12],[-35,-29],[17,-46],[10,-8],[-3,-38],[-16,-12],[17,-23],[14,-2],[12,-20],[-3,-12],[-14,-10],[-11,8],[-32,-24],[7,-7],[-4,-90],[21,-9],[5,-13],[-28,-37],[12,-59],[-20,-4],[3,-26],[16,-4],[6,-9],[-8,-7],[6,-2],[9,-37],[-5,-13],[-12,-7],[19,-23],[-2,-26],[7,-27],[-24,-22],[-35,-8],[-27,2],[-48,-16],[1,-27],[13,-5],[35,-36],[0,-13],[-16,-13],[-63,-6],[-15,-39],[13,-5],[-5,-3],[1,-17],[24,-3],[7,-16],[-6,-23],[-51,-26],[6,-26],[20,-9],[1,-9],[19,-6],[15,-44],[-2,-35],[-20,-21],[-22,-6],[-2,-39],[5,-31],[47,5],[-16,-80],[31,-22],[-7,-14],[9,-27],[-4,-13],[4,-31],[15,-23],[-6,-18],[37,-37],[4,-11],[-1,-14],[-18,-10],[2,-22],[19,-5],[27,-20],[5,-31],[16,-23],[29,-17],[16,-22],[8,0],[-5,-21],[3,-22],[35,-41],[7,-26],[-6,-11],[23,-31],[7,-31],[29,-16],[41,-57],[13,-37],[4,-44],[12,-4],[12,-37],[-8,-13],[3,-15],[15,0],[7,-5],[17,-36],[-3,-10],[20,-25],[11,-38],[44,-74],[-1,-152],[21,-22],[-2,-19],[22,-17],[11,-33],[39,-24],[9,-31],[-4,-27],[11,-41],[32,-34],[-2,-53],[-22,-53],[-15,-16],[6,-31],[12,-9],[34,-62],[44,-92],[15,-46],[-16,-69],[22,-34],[19,-53],[-6,-19],[-15,-12],[7,-151],[23,-35],[-1,-44],[20,-57],[-32,-11],[-34,-2],[-37,7],[-91,-11],[-13,-5],[7,-43],[119,-50],[66,-75],[35,-79],[10,-87],[17,-10],[1,-21],[22,-13],[11,-44],[27,-26],[1,-62],[117,-101],[13,-36],[-19,-17],[-6,-14],[-60,-45],[-13,-25],[-2,-25],[-12,-7],[-2,-15],[-15,-14],[4,-28],[25,-47],[-6,-32],[23,-118],[20,-16],[27,-110],[-15,-46],[-2,-55],[-15,-54],[-17,-31],[-37,-40],[-13,-46],[-31,-25],[-23,-4],[-18,6],[-20,16],[-69,28],[-18,2],[-220,-30],[-178,-141],[-8,-26],[-26,-26],[-6,-90],[14,-85],[-8,-27],[329,-137],[8,6],[18,-3],[18,-13],[67,-79],[21,-16],[186,-109],[12,2],[16,-7],[71,-39],[-10,-32],[11,-22],[2,-34],[33,-95],[3,-84],[-8,-32],[-20,-25],[-23,-11],[-71,-7],[-19,3],[-98,-357],[39,-24],[0,-10],[-15,-10],[-19,0],[-210,-316],[34,-34],[42,-71],[-5,-27],[-11,-17],[46,-36],[100,-23],[65,12],[46,-9],[41,1],[61,-28],[68,-9],[17,-7],[4,-16],[13,-15],[0,-148],[-23,18],[-61,14],[-54,0],[-13,-6],[-60,4],[-17,-10],[-28,-31],[12,-96],[70,-42],[8,-24],[59,-50],[-10,-40],[2,-28],[25,-17],[14,-20],[32,-26],[-16,-41],[-38,-21],[-32,-6],[-140,-9],[-43,-13],[-67,2],[-35,-19],[-50,4],[-112,-505],[50,-38],[5,-14],[-51,-45],[-48,-29],[-28,-4],[-105,-316],[9,-15],[-15,-18],[-28,0],[-14,-7],[-13,-19],[22,-61],[10,-2],[15,-17],[0,-18],[-10,-34],[-69,-18],[-21,-14],[5,-25],[29,-43],[26,-22],[-18,-18],[-17,-4],[-142,-544],[24,-9],[4,-7],[-21,-25],[-74,-11],[-27,-36],[-8,-45],[-16,-20],[9,-62],[11,-10],[56,-19],[-9,-28],[-201,-132],[-10,-19],[-2,-26],[-19,-5],[-34,10],[-47,0],[-17,-5],[-9,-14],[3,-12],[42,-39],[3,-20],[-7,-5],[-56,4],[-57,-21],[-6,-23],[8,-32],[38,-49],[-11,-22],[-19,-16],[-14,-6],[-32,6],[-18,34],[-79,30],[-13,20],[-96,-12],[-8,-27],[3,-14],[-7,-4],[-19,-8],[-21,-1],[-29,-21],[-78,-20],[-107,-49],[-29,-41],[-26,-16],[7,-58],[11,-5],[-10,-56],[-17,-3],[-105,-51],[3,-10],[-12,-16],[-32,1],[-64,-33],[0,-28],[71,-121],[25,-23],[48,-77],[-15,-17],[3,-24],[29,-29],[3,-11],[86,-74],[34,-68],[23,-26],[-3,-65],[-17,-98],[7,-28],[-14,-76],[28,-11],[1,-9],[23,-25],[17,3],[8,-28],[99,-72],[6,-51],[29,-29],[116,-75],[-19,-67],[18,-35],[24,-27],[7,-65],[64,-59],[-3,-29],[-60,-47],[-36,-5],[-29,6],[-109,-1],[-43,-23],[-30,-36],[8,-6],[8,-34],[-16,-36],[13,-15],[17,-4],[13,-20],[27,-20],[57,-31],[3,-9],[-3,-9],[-23,-14],[-84,-18],[-11,-9],[9,-43],[-40,-109],[27,-35],[40,-11],[96,-57],[23,-24],[38,-16],[36,-27],[26,-83],[6,-43],[-5,-15],[-64,-54],[-65,-17],[-27,0],[-15,-15],[8,-12],[-1,-26],[-12,-53],[-29,-58],[51,-101],[-8,-7],[11,-6],[2,-8],[-7,-28],[22,-46],[-18,-45],[4,-22],[-8,-5],[10,-17],[18,-10],[27,-30],[1,-16],[-12,-11],[-12,-26],[65,-28],[6,-12],[35,-29],[36,-21],[23,-24],[-5,-37],[12,-46],[20,-40],[69,-46],[10,-18],[9,-47],[10,-11],[134,-99],[15,-2],[9,-9],[238,-7],[29,17],[25,47],[22,22],[36,11],[18,-2],[20,-19],[3,-79],[-28,-56],[2,-18],[84,-49],[22,-6],[21,-46],[-1,-39],[-12,-17],[-75,-78],[-97,-87],[-15,-17],[-4,-16],[3,-32],[49,-57],[25,-75],[43,-47],[-17,-51],[21,-54],[50,-46],[16,-7],[9,-17],[-31,-69],[-74,-31],[-24,-6],[-15,-10],[-30,-5],[-13,-29],[22,-36],[-2,-19],[-22,-36],[38,-27],[61,-19],[33,-1],[46,-32],[37,-47],[0,-45],[20,-25],[38,-19],[6,-21],[-6,-17],[-64,-17],[-36,-35],[-18,-37],[-48,-28],[-7,-24],[16,-8],[7,-12],[7,-52],[74,-73],[2,-22],[50,-72],[8,-21],[-11,-32],[-25,-6],[-16,-17],[-4,-14],[14,-38],[-7,-36],[93,-89],[27,-4],[78,-63],[98,-10],[124,46],[15,10],[24,39],[42,5],[16,-3],[33,21],[10,-7],[5,-44],[-13,-27],[-49,-38],[-21,-23],[28,-64],[16,-17],[16,-4],[29,-30],[134,-13],[0,-29],[-28,-37],[-4,-27],[5,-34],[34,-58],[24,-10],[54,-2],[37,13],[15,-13],[-4,-49],[-52,-70],[15,-62],[-25,-98],[18,-68],[22,-23],[291,-118],[27,-16],[18,-94],[52,-43],[64,-33],[32,-45],[5,-16],[40,-10],[112,-75],[78,-26],[55,-38],[45,-9],[106,-65],[26,-45],[-4,-35],[22,-59],[72,-80],[-1,-36],[72,-58],[57,-17],[49,-51],[30,-81],[106,-68],[99,-84],[107,-110],[41,-102],[-1,-30],[18,-15],[5,-50],[139,-68],[49,17],[34,3],[43,-9],[96,-63],[33,-11],[13,-22],[123,-54],[58,-2],[112,-56],[176,20],[12,11],[12,3],[44,-6],[114,8],[62,-5],[10,-6],[192,52],[16,21],[11,-3],[90,124],[4,16],[51,16],[25,15],[5,36],[20,10],[67,-26],[233,-6],[99,-107],[18,-15],[24,-7],[11,-20],[-4,-20],[25,-40],[73,-41],[7,-18],[20,-22],[1,-48],[18,-9],[138,0],[9,5],[79,-12],[11,-11],[49,-23],[28,-6],[47,-29],[32,-7],[68,-2],[44,-9],[27,-10],[37,-25],[11,-14],[-1,-34],[-51,-56],[2,-12],[-8,-19],[9,-11],[-24,-28],[0,-14],[10,-7],[4,-33],[20,-21],[24,-61],[8,-48],[94,-88],[20,-39],[7,-32],[36,-23],[182,-70],[68,-51],[34,-51],[42,-23],[7,-10],[26,-58],[2,-22],[105,-39],[43,-6],[64,4],[40,-11],[7,-14],[42,-15],[30,7],[56,25],[31,-6],[72,-32],[16,-36],[28,-18],[12,-34],[39,-26],[26,-9],[151,-22],[24,9],[29,0],[37,7],[40,-8],[53,-2],[17,-11],[70,-8],[10,-5],[72,-3],[103,5],[95,-49],[36,-35],[25,-16],[40,-9],[58,-2],[114,-38],[21,0],[60,-40],[29,-12],[10,-17],[75,-12],[6,4],[69,3],[39,-5],[34,-12],[8,-10],[92,-18],[32,-11],[11,-10],[80,-19],[69,-4],[186,-32],[76,-39],[21,-41],[17,-15],[32,-24],[15,-5],[36,-27],[1,-9],[27,-17],[75,10],[31,-39],[17,-6],[64,0],[76,-13],[135,2],[82,-38],[52,-12],[90,-66],[34,-9],[41,1],[94,-40],[29,-29],[7,-40],[106,-137],[35,-22],[3,-11],[133,-24],[23,17],[101,3],[114,-21],[21,-10],[86,-63],[55,-53],[9,-27],[69,-50],[39,5],[32,-5],[29,-15],[55,-41],[34,-38],[60,-49],[2,-24],[84,-79],[23,0],[19,-8],[51,-37],[18,-20],[21,-43],[32,-8],[63,-53],[5,-55],[102,-74],[9,-49],[-14,-17],[18,-60],[34,-54],[24,-24],[62,-11],[31,-46],[12,-60],[76,-65],[15,-62],[29,-19],[20,6],[20,-10],[17,-64],[21,-5],[69,-42],[26,-34],[7,-65],[25,-29],[1,-73],[17,-23],[29,-6],[17,-109],[19,-44],[47,-182],[-3,-34],[21,-33],[-4,-41],[32,-90],[9,-71],[-2,-79],[-54,-146],[-51,-45],[-79,-160],[43,-80],[32,-14],[15,-61],[-12,-26],[9,-46],[-12,-56],[-15,-22],[20,-97],[25,-27],[54,-28],[2,-19],[-7,-23],[14,-35],[34,-41],[5,-59],[-50,-71],[-21,-104],[51,-109],[16,-20],[-18,-66],[11,-30],[41,-29],[7,-19],[-3,-18],[-17,-27],[-6,-38],[10,-37],[21,-20],[61,-25],[-1,-23],[-22,-50],[-1,-186],[28,-27],[10,-26],[2,-51],[11,-23],[-4,-36],[31,-63],[19,-8],[14,-21],[6,-41],[83,-101],[12,-28],[14,-85],[18,-51],[36,-171],[69,-95],[10,-39],[-4,-60],[-13,-28],[59,-126],[-5,-71],[4,-24],[-33,-97],[-34,-48],[35,-78],[-8,-49],[-38,-54],[9,-28],[-39,-82],[61,-94],[11,-75],[76,-119],[-17,-79],[8,-20],[-12,-28],[-50,-226],[7,-53],[-7,-53],[-21,-18],[-25,-10],[-17,-21],[1,-77],[113,-109],[17,-27],[39,-163],[33,-48],[3,-33],[-73,-133],[2,-54],[11,-29],[-6,-35],[39,-159],[52,-124],[-3,-72],[-20,-38],[-1,-51],[20,-18],[27,-12],[27,-31],[8,-53],[41,-88],[68,-48],[34,-33],[37,-82],[6,-55],[-26,-45],[-16,-6],[-6,-106],[44,-44],[6,-24],[-13,-46],[-23,-28],[150,-295],[74,-25],[21,-17],[26,-7],[28,-53],[-7,-104],[-23,-47],[-38,-67],[-20,-15],[-44,-18],[148,-355],[30,-11],[21,-30],[3,-48],[813,-303],[12,1],[21,-28],[2,-13],[180,-104],[119,-304],[12,-6],[3,-11],[161,-175],[16,-3],[14,-11],[-3,-13],[201,-375],[10,1],[10,-7],[-2,-16],[547,-374],[31,-14],[16,-29],[-3,-11],[7,-18],[71,-151],[47,-9],[22,-22],[-5,-15],[4,-203],[18,-9],[2,-8],[459,-103],[14,-23],[2,-18],[12,-14],[-23,-83],[-7,-85],[13,-22],[-2,-11],[316,-64],[5,-11],[272,-275],[19,-6],[29,-52],[19,-60],[407,-196],[19,0],[21,-11],[-1,-8],[-15,-12],[-16,0],[-353,-181],[9,-7],[3,-34],[-12,-40],[289,-251],[207,-394],[28,-35],[13,-56],[-22,-47],[-31,-35],[-28,-221],[28,-9],[30,-51],[4,-29],[-10,-25],[56,-118],[-12,-16],[-25,-10],[-62,-44],[-47,-24],[52,-119],[1,-21],[104,-111],[26,-12],[1,-24],[-15,-42],[-4,-72]],[[55057,58621],[-3138,-9],[-67,5],[-6,-7],[-9,2],[5,-12],[12,1],[-3,-8],[7,-4],[-4,-5],[-3,6],[-7,0],[5,-11],[-15,-3],[3,11],[-6,3],[-1,-8],[-12,-1],[13,-17],[-9,-1],[-18,-13],[-62,-17],[18,-15],[-8,-54],[-19,2],[-15,21],[-31,-21],[-13,10],[8,-18],[21,-19],[20,-2],[5,-14],[-18,-4],[-18,-37],[-36,0],[4,-12],[-61,4],[3,19],[-186,13],[-1,-9],[-176,8],[-3,-24],[-13,1],[-2,5],[-26,1],[-24,14],[-12,-57],[-26,2],[-13,-151],[19,-2],[-1,-20],[-20,-9],[-14,3],[-31,-10],[-22,2],[-30,-32],[-10,-2],[-4,-11],[-11,-4],[-43,18],[-19,-5],[0,2],[-2,7],[-14,52],[-16,21],[-49,24],[-15,19],[-26,-7],[-33,-18],[-8,-17],[12,-14],[-11,-11],[0,0],[-3,0],[-43,-10],[-12,9],[-14,-3],[-17,-32],[-31,-22],[-41,-10],[-12,-7],[-36,-6],[-19,3],[0,0],[-14,16],[-36,10],[-56,3],[-22,10],[-19,1]],[[50397,58144],[10,73],[-13,32],[18,1],[16,109],[-18,6],[-9,24],[-10,-10],[-13,16],[-1,47],[-53,80],[6,40],[-19,26],[-1,16],[-21,28],[19,27],[-25,28],[-36,23],[-11,16],[-45,33],[-10,18],[-76,35],[-54,44],[2,23],[8,10],[-12,16],[37,56],[-2,29],[10,20],[-2,9],[-16,4],[-2,7],[37,33],[46,5],[-3,11],[-13,6],[-5,20],[37,14],[-4,13],[5,12],[-49,43],[-15,35],[-13,-2],[-20,8],[-1,52],[-16,29],[-21,2],[1,33],[-35,28],[-3,2],[-3,7],[-2,3],[-2,5],[8,42],[-21,13],[-43,-13],[-16,1],[-33,-49],[-229,83],[-48,92],[-58,4],[2,188],[-221,15],[11,12],[8,1],[-2,15],[4,7],[10,3],[2,12],[-30,17],[2,9],[-8,10],[-54,0],[-15,15],[2,23],[-17,7],[-7,25],[-8,6],[11,19],[-8,5],[5,39],[-18,10],[-39,2],[-28,8],[-18,19],[1,23],[-12,4],[-8,21],[18,16],[-13,13],[-36,8],[-7,13],[-43,11],[4,29],[-14,6],[9,9],[-1,11],[25,10],[36,31],[-5,25],[-30,14],[-15,-5],[-17,14],[-25,-8],[-20,9],[11,15],[-6,7],[21,22],[-33,36],[3,13],[27,23],[28,5],[22,22],[23,9],[10,18],[22,8],[18,33],[0,12],[9,4],[-19,8],[-16,15],[-15,22],[1,21],[-13,10],[1,10],[17,7],[8,30],[19,6],[17,52],[29,11],[24,23],[22,7],[5,11],[17,3],[-3,15],[-20,10],[-6,20],[6,14],[-9,28],[13,33],[-12,30],[43,50],[5,20],[26,8],[13,42],[-17,17],[19,22],[27,14],[36,78],[-2,10],[-26,12],[-23,27],[-11,0],[-4,16],[-24,-1],[-23,8],[-32,-5],[19,28],[44,13],[6,13],[27,4],[1,12],[-47,16],[-26,23],[-37,6],[-33,22],[53,19],[10,-2],[40,17],[15,-9],[41,4],[5,9],[-62,36],[27,20],[9,23],[-4,24],[7,25],[-36,13],[-4,23],[-30,30],[-7,16],[15,55],[-27,42],[-2,53],[-9,3],[-11,18],[3,35],[-25,39],[-21,15],[3,11],[16,6],[18,26],[-23,8],[-16,15],[-15,4],[-18,-4],[-6,8],[-13,0],[-17,25],[10,17],[-7,15],[-53,18],[-4,8],[-43,22],[-65,2],[-17,17],[-14,6],[-92,20],[-26,22],[-45,2],[-23,18],[-22,4],[-20,15],[-53,8],[-36,-2],[-49,27],[-39,50],[-20,-1],[-29,9],[-24,20],[-26,-1],[-29,-17],[-6,20],[-13,12],[2,13],[-10,1],[0,6],[22,22],[26,-3],[5,6],[-17,15],[13,14],[-9,25],[25,11],[1,7],[-19,55],[31,27],[29,14],[-3,12],[-46,2],[-36,-36],[-16,2],[-83,-54],[-42,-7],[-29,-15],[-21,17],[-10,0],[-86,-15],[-22,-9],[4,-12],[-36,-2],[-16,8],[-23,-6],[-20,23],[-50,4],[14,164],[-36,2],[0,6],[-24,16],[-14,-1],[-13,12],[82,-5],[4,26],[-47,3],[-2,13],[18,12],[-13,74],[16,2],[5,15],[-40,28],[-48,5],[9,84],[-114,111],[-14,-9],[-20,19],[8,4],[-24,22],[18,12],[-41,38],[-121,10],[-7,-49],[-69,5],[-10,-69],[-29,-18],[-2,-15],[-27,-18],[-6,-13],[5,-14],[-14,-7],[-8,-15],[-30,-17],[-18,6],[1,18],[-18,1],[-24,20],[-64,3],[-36,-24],[-27,-1],[3,50],[-42,5],[2,13],[-44,10],[-11,12],[1,7],[-15,6],[-14,0],[-14,-9],[-2,-12],[-12,-11],[-26,-4],[-19,8],[-6,11],[15,8],[0,9],[-45,7],[-25,36],[-12,6],[2,11],[-33,3],[5,15],[-42,15],[-8,10],[-4,31],[27,7],[2,11],[-29,6],[-50,-1],[-6,14],[7,17],[33,16],[-5,8],[-24,3],[-42,17],[-3,12],[10,16],[27,5],[-6,14],[19,16],[20,-3],[-4,6],[7,4],[3,20],[-14,3],[-53,-12],[-46,20],[-60,0],[-1,10],[10,3],[0,21],[-15,32],[-11,8],[1,19],[-29,-2],[-47,19],[-20,29],[5,6],[-2,18],[-5,6],[-22,6],[4,11],[-25,16],[-62,18],[-1,18],[28,11],[17,19],[2,18],[-13,34],[-50,16],[-22,-10],[-14,2],[-33,18],[-32,4],[-77,52],[-34,37],[-8,19],[16,8],[-1,15],[-34,40],[-16,4],[-48,48],[-34,-9],[-14,10],[-43,-9],[-29,21],[1,12],[9,3],[6,28],[-18,13],[4,14],[-12,4],[-20,24],[4,36],[8,7],[-7,14],[8,9],[5,27],[-18,1],[-12,12],[-26,7],[10,7],[0,33],[16,27],[-1,22],[-52,20],[-18,-4],[-8,3],[-8,11],[-24,3],[-26,17],[-2,7],[-23,-3],[-7,8],[7,12],[-9,13],[-34,-1],[-6,12],[-30,11],[-61,7],[-48,-25],[-96,29],[-22,-9],[-9,10],[-28,13],[17,23],[5,19],[20,10],[-50,29],[2,11],[-133,51],[-57,-4],[-29,12],[4,13],[34,10],[-33,17],[-61,-20],[1,-7],[-32,-31],[-16,-26],[-22,-9],[-2,-32],[-14,-17],[-37,-18],[-3,-15],[39,-13],[-21,-25],[-53,-12],[-2,-14],[-22,-6],[-8,-12],[-31,-21],[-7,-14],[17,-28],[38,-11],[5,-17],[-3,-19],[21,-31],[29,-13],[9,-48],[-10,-17],[-75,-21],[0,-19],[-17,5],[-17,-13],[-26,-2],[2,-26],[-25,-14],[-17,2],[-21,-20],[-34,7],[-7,-5],[-7,9],[-36,-8],[-32,5],[4,-16],[-20,-17],[2,-9],[-14,-4],[-43,14],[-11,9],[-21,2],[-8,13],[-19,5],[-21,18],[-18,-6],[-20,11],[-22,-9],[-15,19],[-22,16],[-16,-8],[4,-23],[-10,-6],[0,-9],[-53,-22],[-16,-24],[-21,-3],[-22,21],[-15,36],[0,26],[-13,22],[-22,26],[-12,2],[-12,-5],[4,-12],[-29,-13],[-7,-15],[-25,-9],[-11,5],[-13,-10],[-3,-17],[-12,-4],[1,-21],[-25,-17],[6,-11],[13,-2],[-38,-36],[-11,2],[8,-12],[-13,-3],[-16,15],[-21,4],[-17,11],[-16,-5],[-1,-17],[-7,-4],[3,-33],[-10,-8],[-26,17],[-37,4],[-21,29],[5,6],[-20,18],[6,21],[-25,29],[-55,3],[-6,21],[-25,33],[1,7],[-97,97],[-111,61],[12,51],[-6,23],[-10,18],[-38,18],[-2,23],[-19,23],[-193,10],[-93,46],[-31,-8],[0,-36],[-12,-30],[-34,-7],[-49,9],[-17,-21],[2,-44],[-36,-80],[24,-57],[-5,-43],[-12,-18],[2,-13],[-8,-14],[-38,-18],[-33,-25],[-153,36],[-13,12],[-52,15],[-14,14],[-53,-6],[-44,-17],[-10,8],[-37,6],[-4,9],[-43,29],[-181,53],[-19,10],[-23,41],[-16,4],[-31,-2],[-45,-11],[-15,3],[-20,-12],[-6,-29],[-46,-5],[-30,-12],[-11,9],[-16,1],[-15,16],[-63,-1],[-53,-25],[-9,-13],[-15,-3],[-18,-13],[-3,-25],[-24,-3],[-5,-10],[11,-24],[27,-11],[22,1],[-4,-12],[18,-39],[22,-10],[4,-22],[-41,-47],[-38,-2],[-23,-18],[-16,-4],[-20,7],[-15,-12],[-9,1],[-28,16],[-10,18],[-36,6],[-16,-10],[-24,4],[-21,16],[-19,2],[-33,41],[-30,-8],[-57,13],[-18,13],[-25,8],[-40,-32],[-30,-10],[-11,-12],[-38,8],[-18,-9],[-6,-14],[-10,3],[-13,-12],[-22,-2],[-6,-8],[-34,-4],[-15,8],[-38,3],[-7,7],[6,26],[-20,32],[-29,21],[-37,11],[-23,18],[-22,49],[2,8],[-28,14],[-27,0],[-63,31],[-34,19],[-57,50],[-63,22],[-28,-21],[-31,-1],[-9,-5],[-37,-37],[-29,-75],[-23,-15],[-17,-20],[-4,-14],[11,-29],[-6,-7],[-16,3],[-16,15],[-23,-11],[-18,-1],[-13,-17],[-9,-2],[3,-8],[-12,-12],[-19,-5],[-36,4],[-43,22],[-62,49],[-23,-7],[-32,-20],[-7,-11],[4,-17],[-6,-4],[-30,-6],[-15,6],[-10,-13],[-35,-20],[-34,-10],[-16,10],[-1,22],[-6,3],[7,7],[-16,27],[-45,9],[-11,10],[-3,17],[-12,16],[-14,9],[-18,-5],[-4,11],[12,12],[-17,8],[20,17],[-12,67],[7,21],[-8,7],[-37,-2],[-15,18],[31,24],[-21,17],[-7,21],[-20,-4],[-18,17],[-6,22],[-31,17],[-48,0],[-26,10],[-53,-20],[-12,-23],[-2,26],[-9,7],[-21,0],[-13,-13],[0,9],[-12,12],[-1,9],[7,8],[-5,18],[-47,2],[-4,21],[-11,-4],[-40,19],[4,25],[-15,53],[-8,11],[-17,8],[-10,17],[-14,0],[-14,27],[-20,16],[-29,78],[-21,3],[-5,5],[4,9],[-12,59],[-36,7],[-50,-3],[-11,8],[-5,29],[-10,4],[6,19],[-21,115],[10,37],[-14,8],[-9,-2],[-3,-12],[-19,-4],[-20,3],[-11,-8],[-20,24],[-15,3],[-15,28],[1,16],[-7,1],[-11,-17],[-17,-5],[-28,14],[-14,15],[-53,-13],[-51,5],[-15,-26],[-38,-15],[-22,-21],[-11,-3],[-32,12],[-8,-2],[-15,-28],[-30,-1],[-16,2],[-60,26],[-31,0],[-28,13],[-26,-2],[-16,5],[-37,35],[-26,16],[-61,19],[-36,2],[-13,10],[-16,-1],[-31,9],[-53,22],[-26,-14],[-21,-2],[-4,15],[-38,23],[-62,16],[-7,-6],[-1,-13],[-53,-11],[-39,-29],[-4,-31],[-31,-17],[-52,-13],[-20,-15],[-19,-4],[-26,21],[-8,21],[-44,3],[0,25],[-22,7],[-7,22],[-45,-16],[-6,7],[1,12],[-65,25],[4,10],[-7,13],[-38,1],[-17,-10],[-13,-43],[-15,-15],[-16,-13],[-31,-8],[-40,-28],[3,-31],[-17,-7],[-48,2],[-8,8],[-70,14],[-42,-22],[-20,-3],[-23,-34],[-31,-8],[-31,-42],[-39,-17],[-34,7],[-24,-15],[-18,11],[-31,-7],[-46,9],[-21,-8],[2,-17],[-15,-14],[-45,8],[-13,11],[-13,-1],[-8,-11],[-21,-11],[-15,11],[-23,-1],[-6,18],[-30,12],[-29,-3],[-22,12],[-19,-2],[-17,9],[-47,0],[-22,10],[-4,14],[-27,22],[0,15],[-16,13],[-3,21],[-13,8],[-56,-5],[-54,23],[-21,-5],[-17,16],[-15,-2],[-29,17],[-17,-10],[-48,16],[-16,25],[-25,9],[-40,-16],[-16,8],[-17,23],[-1,20],[-14,14],[-47,18],[-19,38],[-21,5],[30,44],[-10,32],[-23,13],[-42,5],[-39,-10],[-27,1],[-25,23],[-13,2],[-21,-29],[-19,7],[-19,-2],[-35,10],[-40,-20],[-39,-3],[-29,13],[-73,-20],[-59,11],[-27,-1],[-80,-34],[-10,-14],[-38,2],[-41,-12],[-20,-16],[-14,-2],[-66,28],[-106,10],[-43,31],[-35,-2],[-30,8],[-25,24],[-37,18],[-60,11],[0,27],[31,24],[-5,15],[-26,3],[-56,-7],[-67,7],[-42,21],[-17,23],[-40,6],[-21,-21],[-2,-12],[-41,-16],[-15,2],[-42,-8],[-65,52],[-75,14],[-157,-10],[-65,-17],[-96,-36],[-119,-57],[-122,-48],[-29,-34],[-55,-4],[-95,-42],[-49,-8],[-40,4],[-41,-4],[-43,-34],[-75,-21],[-89,-12],[-191,27],[-58,28],[-101,-25],[-131,-14],[-49,7],[-177,-12],[-56,16],[-280,-39],[-41,-18],[-75,3],[-142,105],[-33,-7],[-26,-17],[-48,8],[-116,58],[-195,33],[-97,4],[-102,-5],[-129,-39],[-50,3],[-144,-12],[-120,8],[-120,24],[-218,4],[-71,-8],[-44,17],[-84,15],[-128,-19],[-43,0],[-17,-21],[-25,-4],[-24,-18],[-31,-13],[-67,36],[-59,15]],[[21994,96052],[-82,6],[-81,21],[-71,37],[-57,49],[-34,49],[-21,63],[-1,56],[19,74],[31,50],[45,44],[59,41],[79,34],[101,21],[83,8],[96,0],[71,-12],[65,-24],[48,-29],[41,-34],[31,-40],[25,-53],[10,-46],[-1,-47],[-17,-55],[-26,-43],[-35,-38],[-43,-32],[-65,-36],[-131,-48],[-69,-13],[-70,-3]],[[40162,98125],[-89,6],[-151,26],[-97,34],[-46,28],[-47,41],[-79,119],[-104,-18],[-98,5],[-124,27],[-72,28],[-56,31],[-46,37],[-38,45],[-26,51],[-12,53],[3,55],[14,44],[29,51],[42,47],[65,43],[78,28],[84,12],[104,-5],[76,-18],[87,-31],[50,-23],[59,-40],[50,-55],[66,24],[60,12],[107,2],[67,-7],[61,-15],[72,-28],[126,-85],[59,-58],[41,-73],[27,-105],[-2,-54],[-14,-44],[-43,-66],[-37,-36],[-45,-32],[-95,-40],[-46,-10],[-60,-6]],[[22908,97105],[-83,9],[-89,30],[-72,46],[-54,60],[-30,68],[-7,71],[18,70],[37,57],[-48,24],[-43,30],[-91,97],[-19,35],[-14,46],[-2,47],[9,47],[38,70],[98,101],[65,41],[65,23],[79,71],[79,43],[68,20],[73,8],[70,-3],[67,-15],[85,8],[84,-9],[67,-20],[60,-32],[50,-41],[36,-49],[25,-59],[10,-69],[-1,-60],[-15,-60],[-48,-90],[-45,-52],[-65,-51],[-77,-39],[48,-72],[14,-45],[3,-37],[-4,-47],[-14,-45],[-53,-83],[-72,-62],[-115,-52],[-79,-22],[-108,-8]],[[37537,99327],[-85,8],[-80,26],[-68,40],[-52,53],[-32,61],[-10,66],[13,65],[35,61],[45,45],[47,30],[65,27],[71,15],[29,45],[44,42],[63,40],[65,26],[88,18],[88,4],[109,-18],[74,-27],[55,-34],[40,-34],[43,-54],[24,-51],[9,-53],[-5,-56],[-16,-45],[-37,-59],[-63,-57],[-91,-46],[-90,-24],[-108,-1],[-56,-50],[-60,-33],[-69,-21],[-85,-9]],[[27520,98707],[-139,18],[-109,1],[-126,15],[-124,-10],[-118,11],[-85,-1],[-226,45],[-159,56],[-93,24],[-80,44],[-40,36],[-30,41],[-63,154],[312,240],[229,81],[187,-10],[279,50],[132,-16],[246,-192],[455,-181],[-26,-161],[-25,-51],[-39,-46],[-42,-33],[-144,-83],[-79,-23],[-93,-9]],[[29163,98015],[-106,13],[-94,38],[-74,58],[-45,73],[-59,157],[-6,38],[3,47],[14,45],[32,51],[45,44],[58,36],[194,22],[213,-62],[216,94],[668,88],[231,7],[474,69],[82,-18],[73,-35],[59,-47],[42,-57],[30,-70],[9,-60],[-6,-64],[-25,-53],[-58,-90],[-64,-55],[-22,-71],[-41,-57],[-68,-52],[-67,-36],[-59,-24],[-98,-23],[-80,-3],[-83,8],[-127,32],[-97,-11],[-249,15],[-83,-10],[-58,0],[-231,37],[-198,60],[-83,-41],[-59,-41],[-56,-26],[-66,-19],[-81,-7]],[[27811,97303],[-133,14],[-329,62],[-135,44],[-67,34],[-94,35],[-78,-21],[-88,-5],[-85,10],[-77,27],[-58,32],[-39,34],[-32,39],[-24,51],[-10,45],[2,53],[17,54],[25,43],[82,80],[76,44],[55,18],[100,21],[92,10],[58,-4],[57,-12],[100,-43],[68,17],[70,6],[58,-3],[105,-16],[158,-28],[272,-64],[66,-23],[128,-80],[40,-36],[25,-32],[21,-44],[13,-54],[-1,-46],[-12,-45],[-28,-50],[-30,-37],[-51,-45],[-55,-35],[-61,-25],[-55,-14],[-82,-10],[-64,-1]],[[19314,11303],[1212,-92],[186,1229],[239,11],[4,72],[909,4],[947,-70],[260,-226],[455,-35],[52,14],[62,-23],[126,-18],[33,5],[37,-15],[20,-1],[24,9],[103,4],[197,-16],[105,-22],[345,-27],[-16,15],[6,17],[28,0],[-5,-5],[21,-2],[-6,9],[22,14],[-1,7],[-17,8],[2,8],[19,4],[19,-7],[5,4],[-5,9],[-23,12],[-14,22],[3,6],[32,5],[10,15],[-2,11],[-13,9],[-26,4],[-6,7],[43,45],[4,17],[-13,27],[-45,-10],[-16,9],[-28,-10],[-13,43],[-5,3],[-24,-5],[8,12],[-15,0],[10,14],[-27,29],[-2,8],[9,11],[12,-1],[7,10],[-12,6],[-5,14],[-18,19],[-17,4],[-24,15],[17,19],[-3,16],[14,11],[-2,37],[18,10],[8,48],[-6,17],[-17,9],[-16,-1],[4,5],[-7,9],[-6,-5],[-4,16],[-9,-4],[-12,5],[-2,10],[-13,0],[-6,18],[-14,16],[11,14],[-21,6],[-7,12],[-20,7],[-3,26],[-29,0],[1,15],[-12,11],[5,5],[-7,6],[1,11],[-14,7],[-12,12],[3,10],[-19,10],[5,11],[-7,15],[-13,-1],[-21,16],[-15,23],[0,19],[-41,28],[-20,23],[-1,6],[13,11],[0,10],[-17,13],[-26,5],[-13,-6],[-22,17],[-3,13],[-34,26],[-6,13],[10,22],[-31,20],[7,10],[-13,9],[21,7],[8,17],[-2,5],[-28,9],[12,5],[5,22],[-7,6],[-5,-5],[-5,3],[-2,19],[-23,12],[1,4],[16,2],[-11,6],[6,9],[-16,15],[1,10],[-6,5],[-23,-6],[1,9],[14,10],[-17,1],[-8,14],[-25,-17],[-4,7],[14,15],[-2,8],[-23,-1],[-6,9],[3,13],[-15,10],[5,4],[-8,6],[0,8],[11,-3],[-9,20],[4,9],[-7,8],[-19,5],[-8,11],[-2,13],[20,11],[-21,7],[-6,16],[-12,9],[5,12],[21,-2],[9,29],[-10,10],[3,8],[-12,9],[0,12],[-9,5],[1,20],[-16,-2],[-20,12],[8,15],[-7,2],[0,6],[28,9],[5,8],[-23,17],[20,4],[-8,25],[11,13],[-21,9],[-8,14],[-3,11],[8,0],[1,6],[-10,6],[7,8],[-11,8],[5,1],[-7,9],[5,4],[-6,0],[0,17],[-6,2],[7,10],[-7,0],[-3,6],[15,40],[37,61],[32,37],[10,42],[505,-34],[5,36],[599,-40],[-2,-41],[1075,-74],[6,33],[99,-53],[39,128],[3,86],[68,70],[28,59],[-2,20],[21,27],[45,20],[13,18],[17,8],[3,16],[-9,8],[18,18],[9,21],[-11,10],[5,5],[-5,7],[3,4],[8,-2],[2,8],[5,-6],[7,3],[-2,15],[20,7],[4,18],[10,3],[13,22],[18,9],[-12,29],[16,21],[-1,20],[19,23],[-3,18],[9,4],[26,46],[-5,7],[9,9],[-4,8],[48,27],[-5,10],[9,5],[4,12],[25,8],[8,16],[20,4],[18,19],[12,4],[8,12],[-4,5],[9,0],[-4,7],[16,8],[-5,4],[5,11],[10,3],[-115,512],[111,729],[80,455],[133,-11],[29,140],[103,-1],[91,42],[304,198],[71,-1],[101,28],[75,35],[27,25],[121,36],[130,15],[37,-7],[99,25],[16,55],[145,30],[23,16],[61,3],[74,21],[48,0],[49,33],[86,42],[159,64],[3,11],[197,84],[3,36],[501,308],[954,-58],[-17,-25],[-3,-29],[-22,-50],[-39,-11],[-29,5],[-20,-6],[59,-42],[1118,-84],[-111,-720],[557,-43],[77,521],[1381,-98],[76,561],[406,-29],[0,-5],[13,-1],[0,5],[568,-39],[28,-17],[47,4],[82,-29],[30,-18],[5,0],[3,20],[6,-5],[340,-21],[39,270],[-235,15],[66,471],[14,22],[-8,23],[-18,12],[-3,10],[28,29],[39,298],[-7,0],[28,170],[-20,17],[7,46],[25,13],[3,15],[210,-13],[763,442],[97,-85],[18,1],[2,-15],[23,-12],[19,-30],[20,-11],[42,7],[69,33],[44,-10],[33,-25],[76,-23],[37,-28],[40,-13],[19,1],[19,-21],[132,-73],[8,-28],[26,-17],[185,-47],[114,-85],[-3,-18],[96,-91],[141,-252],[-11,-7],[-39,-4],[-6,-31],[-9,-9],[-76,-41],[-138,4],[-21,-27],[-8,-40],[2,-7],[41,-28],[6,39],[476,-28],[2,14],[640,-47],[505,-443],[4,5],[65,1],[11,-5],[10,5],[127,2],[30,11],[28,22],[175,84],[-3,18],[12,62],[78,38],[28,-1],[13,4],[34,51],[18,6],[13,18],[22,8],[14,12],[-6,21],[8,11],[18,7],[-1,5],[29,18],[-14,116],[55,23],[-1,7],[18,15],[14,25],[-4,22],[-22,35],[-6,26],[10,24],[185,49],[75,105],[43,89],[-45,94],[-39,22],[13,64],[376,466],[56,45],[178,228],[831,483],[113,-94],[399,502],[130,-237],[937,551],[156,1518],[215,68],[-23,-149],[224,-18],[-117,-739],[679,-48],[-51,-361],[415,-30],[-49,-38],[35,-51],[-6,-49],[-50,-113],[-6,-27],[-24,-47],[11,-29],[99,-48],[80,-98],[65,-2],[26,-19],[7,-26],[56,-46],[37,3],[27,19],[26,8],[86,-8],[47,6],[55,-6],[116,10],[20,10],[16,19],[66,25],[56,34],[41,14],[-53,-404],[-13,-6],[-3,-22],[11,-4],[-17,-84],[-2,-32],[6,-8],[-8,-4],[-46,-294],[-64,-8],[-17,-15],[-81,-15],[-42,-21],[-6,-8],[13,-49],[-4,-14],[-37,-14],[-22,-3],[-395,-223],[69,-2],[0,8],[14,5],[44,-14],[12,3],[28,-6],[186,-7],[15,8],[38,-12],[62,-2],[15,10],[21,-12],[104,-5],[23,-17],[39,-17],[32,5],[14,12],[17,-9],[101,-8],[20,7],[23,-3],[11,-8],[39,-2],[8,12],[6,0],[8,-4],[-2,-4],[24,-8],[75,2],[6,-8],[181,-13],[5,-9],[-5,-32],[-17,-19],[-30,-17],[-21,1],[-22,-13],[69,-38],[13,-13],[-1,-44],[-27,-40],[2,-20],[-22,-41],[230,-19],[60,-10],[58,4],[38,11],[62,-20],[522,-45],[6,-5],[507,-43],[5,4],[-80,-470],[-118,9],[-23,-140],[245,-21],[54,88],[131,28],[62,66],[179,-21],[36,-22],[9,0],[223,-83],[71,-117],[115,24],[25,-7],[79,-3],[42,-36],[39,-4],[39,-17],[580,-29],[-3,-36],[-14,-9],[-57,-423],[-67,-101],[-128,8],[-34,23],[-3,-252],[-62,-388],[588,-42],[45,56],[63,13],[-13,10],[-1,33],[9,18],[27,20],[5,40],[51,27],[32,26],[16,20],[8,32],[18,21],[60,19],[-1,27],[22,20],[-6,25],[5,46],[8,20],[20,16],[19,2],[6,5],[-4,15],[11,8],[50,5],[31,18],[29,79],[19,13],[-16,29],[1,10],[9,17],[44,18],[11,19],[484,-36],[-30,-178],[-15,-23],[9,-11],[-13,-77],[22,-39],[6,-50],[1119,-111],[64,-24],[98,-9],[119,49],[34,49],[-5,154],[-27,159],[25,13],[-213,351],[29,157],[-3,31],[21,139],[-11,42],[-12,16],[244,0],[-21,-170],[0,-141],[-14,-94],[813,-70],[481,-25],[66,412],[62,-6],[99,457],[2,54],[16,63],[-64,5],[99,577],[492,-40],[375,-38],[8,4],[112,-10],[-24,-138],[925,-81],[-56,123],[-34,33],[390,-33],[12,15],[47,-5],[53,303],[-38,39],[48,326],[70,24],[1105,-93],[-135,-844],[16,15],[22,6],[346,192],[302,178],[2,23],[34,36],[45,33],[70,90],[-4,10],[14,3],[12,26],[9,4],[22,39],[6,0],[19,26],[123,65],[256,-9],[47,307],[356,-26],[31,179],[-6,12],[17,4],[-3,11],[-28,23],[29,159],[153,-11],[108,61],[263,-24],[29,4],[-222,361],[14,6],[23,25],[32,3],[14,-7],[14,0],[6,-2],[40,-29],[37,-17],[10,-2],[21,-5],[10,-1],[24,2],[90,45],[7,14],[-11,38],[9,21],[31,25],[18,29],[19,13],[30,7],[28,20],[26,5],[75,-17],[55,-6],[22,-11],[7,-15],[-3,-24],[-27,-42],[36,-3],[40,-35],[90,-18],[160,8],[95,54],[38,0],[39,-34],[31,5],[106,54],[21,20],[34,21],[14,30],[36,20],[25,-5],[25,6],[29,35],[-35,48],[-7,74],[8,20],[12,11],[26,0],[34,40],[2,11],[32,31],[5,30],[10,4]],[[59790,21320],[7,18],[24,2],[18,10],[8,24],[21,5],[56,-5],[15,13],[-7,49],[23,10],[12,-1],[10,-12],[49,3],[15,7],[28,-5],[11,4],[53,-21],[72,1],[15,-9],[17,-2],[24,4],[25,28],[47,1],[59,-14],[20,-25],[20,12],[150,-25],[365,16],[46,6],[31,16],[9,12],[43,121],[32,11],[19,32],[29,17],[2,8],[-20,35],[13,28],[30,-29],[38,-18],[33,6],[56,25],[39,-1],[9,5],[15,27],[12,0],[33,-18],[29,9],[28,1],[10,-21],[-8,-10],[4,-38],[8,-6],[116,-9],[26,21],[7,30],[26,13],[12,24],[17,1],[92,29],[35,24],[34,13],[88,6],[24,13],[28,-1],[19,12],[33,-5],[-1,10],[19,38],[-3,8],[-17,3],[-9,9],[-6,46],[14,19],[31,11],[93,0],[29,7],[19,-2],[45,-19],[53,53],[31,10],[55,4],[11,31],[7,5],[36,-1],[36,15],[15,13],[1,17],[38,17],[38,39],[31,14],[70,8],[12,-8],[25,-2],[51,13],[22,-5],[46,-21],[10,-21],[14,-7],[18,0],[43,26],[19,1],[31,13],[32,-6],[5,-9],[16,-5],[12,0],[11,7],[13,-1],[41,-17],[37,10],[40,-1],[1,0],[2,-4],[23,-42],[-6,-29],[13,-17],[11,-5],[24,2],[69,-39],[23,-20],[0,-9],[26,-17],[-10,-22],[8,-11],[28,-19],[7,1],[7,-10],[14,-1],[20,-12],[27,3],[38,-13],[21,4],[6,-15],[57,-26],[42,-40],[39,-24],[10,-28],[40,-3],[20,-8],[12,-14],[18,0],[3,-12],[21,-16],[-17,-22],[-20,-50],[12,-17],[1,-24],[38,-11],[82,-55],[25,-4],[29,-30],[-6,-13],[14,-10],[22,-4],[-6,-15],[21,-19],[7,-5]],[[63994,21394],[26,-27],[-2,-13],[-13,0],[-26,-31],[-12,-1],[-40,-23],[-29,-9],[-26,-26],[-20,-11],[-39,-56],[-37,6],[-50,-8],[-9,6],[-21,-4],[0,11],[-12,2],[-11,-8],[-17,7],[-18,-1],[-25,-20],[0,-18],[9,-6],[0,-10],[14,-24],[22,-18],[3,-14],[-25,4],[-46,17],[-22,-12],[-1,-9],[-12,-11],[-19,12],[-55,-28],[-8,-12],[19,-12],[-5,-15],[-69,-3],[-9,-12],[-42,-12],[-7,-8],[10,-11],[-19,-3],[-6,-8],[-29,-2],[-21,5],[-13,-5],[2,-7],[-35,-15],[-4,-13],[-26,7],[-33,-12],[-14,10],[-16,-7],[-11,4],[-8,-7],[-20,18],[-40,-36],[6,-8],[-21,-17],[-7,-22],[-24,-22],[-8,-16],[-39,-14],[-15,-49],[-67,-59],[1,-38],[-16,-5],[-34,9],[-24,-6],[11,-11],[-14,-15],[-13,1],[-6,-10],[-12,1],[-9,10],[-71,0],[-8,6],[-18,-6],[-1,-9],[-52,5],[-32,-27],[-11,2],[-42,23],[-43,50],[-72,23],[-53,32],[-105,22],[-156,14],[-68,-359],[172,-18],[-130,-749],[-649,58],[-84,-461],[-1170,104],[17,-78],[2,-79],[179,-104],[20,-54],[-55,-106],[-75,5],[-109,-631],[-327,29],[-126,-723],[-682,57],[-123,-756],[633,-55],[1,-9],[-17,-17],[8,-20],[17,-25],[49,-44],[53,-103],[3,-113],[-7,-89],[1,-5],[26,-9],[1,-9],[-11,-15],[14,-11],[27,-49],[12,-37],[-17,-12],[0,-17],[-15,-6],[-4,-12],[6,-13],[6,3],[40,-12],[16,1],[78,-24],[47,-2],[17,-25],[46,-3],[17,-7],[19,5],[24,-5],[23,-13],[38,-1],[79,18],[30,-44],[22,-12],[33,1],[40,-12],[181,-139],[25,-2],[26,-15],[28,13],[86,-2],[22,-17],[21,-5],[113,-10],[36,-13],[-8,-57],[-72,-92],[-3,-15],[41,-21],[-3,-53],[14,-67],[12,-20],[-15,-6],[1,-24],[-30,-16],[-5,-13],[-16,-9],[-4,-28],[19,-7],[28,-63],[19,-12],[-46,-263],[-65,-30],[-121,11],[-51,-27],[-43,24],[-114,25],[-41,-22],[-37,-8],[-36,-18],[-37,-61],[7,-42],[-6,-46],[68,-39],[6,-10],[-13,-16],[-13,-32],[4,-8],[-53,-105],[-22,-117],[149,-12],[-37,-227],[-189,20],[-90,-439],[-57,-322],[-21,3],[-1,-4],[-81,-456],[-476,42],[-94,-43],[-42,-229],[211,-18],[24,-18],[17,-70],[-29,-34],[-39,-216],[-5,-269],[-104,-217],[-11,-655],[-90,-462],[-909,55],[-43,-220],[-54,-53],[-70,-361],[-45,4],[-8,-46],[428,-38],[-62,-355],[-35,3],[-112,-370],[-109,-601],[-22,-203],[38,-4],[-63,-339],[82,-4],[56,-340],[20,-64],[-8,-44],[512,-44],[-141,-689],[-27,-209],[3,-30],[-59,-281],[64,-197],[-53,-191],[93,-11],[-30,-150],[-71,-224],[-23,-107],[-234,19],[-504,5],[-263,-1360],[-110,12],[-38,-107],[-67,-358],[335,-30],[-50,-263],[32,-6],[-31,-126],[20,-332],[-36,-150],[-128,-115],[-64,-350],[68,-6],[-85,-463],[-211,13],[-49,-229],[-110,-318],[-28,-114],[574,-36],[-109,-646],[39,-29],[21,-6],[0,-4]],[[57531,897],[-38218,0],[1,10406]],[[87773,11276],[-13,3],[-8,-32],[52,-30],[0,-8],[18,-16],[20,0],[22,-28],[34,-11],[8,-79],[25,-21],[-79,-105],[-5,-24],[19,-29],[-48,-15],[-119,-18],[-10,-34],[-60,5],[-28,-137],[-96,10],[-32,-13],[-15,1],[-26,-137],[-100,11],[-33,-159],[15,-2],[-13,-58],[-45,4],[-11,-56],[21,-2],[-9,-38],[-150,15],[-42,-32],[-85,11],[-6,-30],[-184,18],[-5,-22],[-95,10],[11,55],[-117,12],[-5,-49],[13,-7],[28,-84],[-13,1],[-9,-41],[-57,6],[-35,-164],[-15,-2],[24,-6],[-25,-104],[64,-7],[-43,-195],[19,-2],[-38,-182],[-726,354],[-92,-446],[-16,-71],[-5,0],[-15,-99],[-32,3],[-28,-412],[-2,0],[-741,73],[30,74],[-125,12],[-78,-11],[-342,33],[-30,-8],[-130,12],[-74,-371],[0,-103],[6,-46],[29,-60],[9,-1],[-37,-172],[45,-38],[-20,-71],[-39,-24],[0,-30],[-22,-16],[30,-40],[-185,-60],[-42,22],[-198,22],[-21,-11],[-147,-10],[-70,-12],[-53,14],[-244,34],[2,189],[-384,-59],[-213,191],[-60,-15],[-63,-62],[-64,-87],[-81,-66],[-26,-55],[-41,-53],[2,-6],[-78,-19],[-89,-94],[-66,-321],[5,-1],[-22,-106],[4,-5],[-6,-3],[-24,-118],[-14,-141],[19,-20],[-7,-32],[9,-8],[-2,-13],[-13,-12],[-40,-193],[-45,8],[-146,-704]],[[81684,6195],[-55,8],[-106,71],[-21,75],[-179,43],[-11,221],[-72,125],[-79,72],[-113,24],[-73,81],[-111,53],[-348,34],[-46,32],[-159,-109],[-198,138],[-22,-6],[0,-17],[-26,-11],[-15,7],[-16,22],[-10,4],[-20,-3],[-12,-7],[-1,-29],[-187,109],[-174,-89],[66,-60],[-2,-10],[-28,-12],[-11,-13],[-52,4],[-114,88],[-167,17],[-56,-235],[-335,29],[16,-243],[-197,-1],[14,-278],[-104,9],[-1,-3],[-59,60],[-425,-140],[-131,60],[-80,-168],[-44,2],[2,-23],[27,-10],[-30,-64],[-304,25],[-23,-135],[-859,92],[-175,-38],[-52,169],[-268,-50],[12,-20],[62,-24],[115,-100],[-632,-133],[-995,96],[-28,-137],[-616,61],[17,80],[-85,-14],[-165,-2],[-10,-40],[-232,24],[-78,-392]],[[73603,5514],[77,392],[102,516],[103,482],[-542,43],[144,189],[440,-41],[79,378],[-270,28],[33,158],[-214,22],[9,13],[20,-4],[2,16],[6,-4],[16,6],[-3,6],[9,7],[12,-8],[12,4],[-8,10],[11,19],[18,2],[13,8],[-11,11],[1,11],[8,1],[-3,6],[18,2],[-7,12],[25,14],[-8,9],[9,5],[2,11],[39,-4],[29,36],[-7,10],[39,-2],[13,18],[124,667],[-32,43],[18,91],[-97,95],[-2,17],[-87,77],[-66,89],[9,46],[152,183],[-13,49],[40,22],[103,111],[114,59],[17,1],[63,44],[129,67],[-5,3],[79,51],[7,-1],[179,132],[-235,153],[787,580],[-29,0],[-27,22],[-66,13],[-59,2],[-28,-5],[-8,-8],[-1,-20],[-9,-7],[-11,2],[-62,29],[-4,31],[-21,26],[-15,8],[3,9],[28,5],[25,18],[14,22],[-3,11],[-38,2],[-13,-30],[-14,8],[-3,21],[-11,10],[-18,-11],[-29,0],[-10,7],[1,41],[10,10],[122,23],[66,26],[14,-1],[7,-11],[-25,-8],[9,-16],[51,-9],[58,2],[22,38],[-5,18],[7,11],[-10,18],[-25,14],[6,19],[-117,208],[-97,101],[-108,245],[-159,328],[154,52],[-8,15],[-19,9],[-35,-8],[-30,24],[-8,15],[-21,-4],[-5,-11],[-7,12],[596,172],[-62,70],[-72,7],[-3,33],[45,23],[24,31],[15,72],[-6,144],[-25,144],[134,99],[5,23],[26,1],[33,163],[-223,24],[19,91],[168,-17],[26,123],[-30,3],[16,75],[61,-10],[19,96],[-50,5],[15,72],[-52,5],[4,20],[28,53],[-4,20],[7,9],[11,2],[2,22],[19,7],[43,45],[86,54],[-271,27],[119,63],[116,78],[41,-2],[21,102],[93,-10],[30,142],[46,5],[91,-21],[7,-39],[205,38],[106,69],[63,310],[-113,41],[17,31],[-631,60],[-67,-69],[10,-7],[-9,-31],[-21,14],[-20,-10],[-21,9],[-26,-3],[-1,-7],[-18,4],[-31,17],[-70,6],[-12,-17],[-50,4],[-8,-7],[-17,9],[-86,8],[-34,31],[-132,10],[-32,-13],[-11,1],[-15,-11],[4,-23],[-291,24],[-25,-146],[-20,6],[-39,-9],[-19,8],[-19,-5],[-23,24],[-21,-16],[-28,7],[-51,-23],[-20,3],[-77,-10],[-71,-2],[-12,2],[2,12],[21,20],[22,11],[13,19],[-28,72],[-63,25],[-26,-1],[-1,9],[113,36],[4,21],[-243,21],[-2,-25],[12,-23],[-74,-77],[-134,43],[-61,25],[-43,34],[-173,72],[-3,-37],[9,-18],[-168,5],[-162,-24],[-55,5],[-106,31],[-175,9],[-96,-28],[-7,-26],[-27,-7],[-31,-25],[-362,-21],[-65,-14],[-142,-76],[-25,42],[-44,14],[-110,12],[-19,15],[41,42],[46,64],[-30,121],[-49,43],[32,24],[22,37],[-5,39],[13,99],[-3,67],[53,37],[43,65],[-24,70],[57,4],[41,43],[53,26],[35,49],[4,54],[104,61],[-19,113],[-35,86],[31,35],[7,76],[-533,46],[-11,22],[-6,-1],[-52,105],[33,27],[3,59],[-17,-7],[-18,3],[-18,22],[-34,-2],[-124,250]],[[71365,16084],[31,11],[26,0],[119,-28],[43,15],[41,2],[1,8],[563,-61],[492,-40],[162,205],[16,2],[33,27],[47,-7],[22,9],[15,20],[48,27],[1,15],[22,0],[26,10],[11,33],[63,38],[50,7],[104,64],[18,-32],[527,-46],[-41,-209],[631,-54],[61,290],[414,-41],[93,55],[54,21],[15,15],[48,20],[68,17],[280,96],[200,-277],[32,-8],[75,78],[-110,158],[30,34],[106,-29],[22,11],[18,27],[12,0],[-1,6],[17,5],[35,-1],[25,-17],[41,-6],[15,3],[45,15],[11,20],[20,14],[1,10],[-40,3],[12,59],[23,-3],[73,-43],[74,0],[211,40],[25,43],[42,-15],[9,1],[12,39],[7,5],[10,-20],[25,3],[15,-8],[7,13],[56,-23],[27,-25],[56,-25],[28,-38],[117,-2],[26,-7],[46,-46],[23,-3],[17,1],[19,13],[19,3],[105,3],[62,-26],[88,-26],[18,-9],[36,-30],[35,177],[5,-25],[23,-9],[27,1],[24,18],[24,4],[9,-11],[2,-26],[13,-8],[15,3],[17,12],[-2,19],[9,10],[18,95],[190,5],[33,30],[33,60],[18,-15],[34,8],[68,-77],[89,-36],[83,-23],[74,18],[40,1],[35,21],[58,17],[31,32],[13,0],[-1,51],[-39,74],[212,-23],[42,2],[147,-21],[41,-29],[32,-5],[8,37],[55,-1],[98,-39],[38,-1],[17,88],[83,-8],[267,-50],[30,-124],[29,-14],[98,-4],[63,15],[118,5],[-13,43],[13,12],[26,10],[16,27],[62,27],[84,6],[53,74],[21,186],[30,17],[-79,198],[6,36],[-29,58],[52,50],[64,18],[40,199],[-36,75]],[[84102,15343],[21,-15],[17,-2],[22,-25],[31,-6],[24,-11],[7,-11],[28,2],[11,-7],[22,2],[6,-7],[19,0],[28,-30],[33,5],[21,20],[15,-4],[53,46],[6,-11],[13,-1],[35,19],[45,-8],[12,-11],[0,-17],[50,-48],[-11,-42],[8,-13],[-16,-10],[0,-11],[5,-12],[14,-5],[8,-13],[8,-37],[-21,-25],[-56,-26],[-19,9],[-30,-9],[-20,3],[-87,38],[-3,8],[-17,8],[-13,26],[-31,11],[-110,-45],[7,-52],[-44,5],[-106,-12],[-21,-54],[-324,-114],[-29,15],[-32,2],[22,-319],[320,7],[449,-41],[-134,-579],[-245,-414],[838,-81],[4,-9],[-30,-26],[-2,-15],[30,-28],[-25,-32],[2,-10],[11,-4],[39,-51],[41,-18],[24,-3],[-3,-16],[36,-15],[14,-14],[29,8],[8,10],[16,5],[33,-25],[23,5],[7,-6],[3,-29],[-7,-15],[17,-28],[29,-10],[22,-20],[53,-8],[20,8],[16,-3],[32,18],[8,13],[10,-5],[26,6],[4,-6],[23,-6],[-5,-44],[6,-18],[46,-45],[42,-21],[22,-45],[17,-11],[18,-4],[-2,-9],[25,-33],[11,6],[17,-3],[29,23],[12,-6],[8,-25],[17,-9],[12,4],[21,-26],[-5,-12],[4,-5],[55,-26],[50,-6],[14,-45],[38,-7],[36,-25],[34,-3],[15,-18],[-10,-15],[10,-6],[48,12],[29,-18],[11,-16],[25,-9],[28,3],[11,-5],[0,-13],[29,-19],[23,-29],[33,-28],[1,-1],[7,-19],[-13,-66],[-98,-51],[15,-4],[22,-32],[49,-19],[15,4],[20,-12],[40,-6],[7,-22],[-12,-26],[-15,-14],[3,-13],[15,-6],[3,-15],[-25,-39],[32,-19],[5,-57],[11,-28],[18,-1],[11,-11],[8,2],[33,-20],[18,-1],[12,-11],[27,-11],[63,-6],[35,-11],[24,2],[32,-11],[30,9],[30,-1],[14,16],[24,1],[19,13],[47,-15],[24,-28],[25,-2],[13,6],[31,-4],[13,-19],[27,-2],[27,8],[32,-5],[2,-7],[-15,-22],[3,-37],[-11,-14],[6,-27],[23,-17],[4,-9],[-34,-29],[17,-9],[32,-49],[27,-5],[17,-32],[33,-11],[23,3],[27,-21],[11,-18],[19,-10],[-1,-16],[7,-14],[41,-20],[17,-32],[26,-28],[36,-8],[-2,-24],[22,-13],[6,-45],[33,-50],[32,3],[28,-10],[4,-13],[13,-8],[22,4],[41,-4],[9,-15],[22,-13],[19,-2],[7,-7],[26,2],[32,-20],[1,-12],[14,1],[6,-8],[13,-2],[51,9],[57,-40],[22,-2],[16,-18],[19,-10],[13,-4]],[[71365,16084],[-18,37],[89,333],[-25,35],[-20,15],[-27,14],[-34,6],[-28,15],[-75,64],[-49,6],[-18,19],[-19,1],[-10,18],[-37,30],[-33,3],[25,9],[-6,8],[-57,8],[-103,92],[-20,27],[41,117],[0,35],[-34,3],[-28,-4],[-55,-29],[-106,-31],[-71,-9],[-55,-25],[-56,-10],[-30,-15],[-120,107],[-218,18],[-14,8],[5,24],[-57,5],[148,97],[-16,30],[8,24],[-19,7],[13,16],[33,1],[13,10],[-2,11],[-18,7],[-6,10],[26,41],[-20,18],[-2,10],[38,20],[20,0],[17,6],[-1,5],[20,17],[2,14],[-12,15],[4,13],[23,-1],[44,-36],[49,0],[46,-32],[20,-23],[12,-38],[23,-8],[34,22],[20,2],[94,53],[36,1],[44,15],[48,63],[24,2],[78,43],[53,-15],[106,29],[-17,18],[3,23],[37,46],[26,12],[1,2],[3,1],[1,6],[2,6],[0,3],[-3,0],[-19,1],[-7,0],[-55,-18],[-9,4],[-6,6],[-7,23],[12,20],[65,34],[6,13],[-6,14],[-81,20],[-17,-1],[-5,-6],[3,-21],[-24,-18],[-1,-22],[-19,-9],[-14,-17],[-3,-1],[-7,2],[-2,1],[-9,15],[38,34],[-1,12],[-37,10],[-34,39],[-58,13],[-29,15],[-8,11],[2,11],[9,2],[62,-15],[12,4],[2,15],[-39,22],[-62,9],[-117,5],[-14,-23],[12,-23],[23,-23],[-2,-14],[-14,-6],[-11,2],[-37,30],[9,45],[-4,26],[10,39],[-11,9],[-14,0],[261,142],[-554,501]],[[70344,18516],[97,10],[12,57],[21,11],[19,57],[-9,9],[26,84],[-24,6],[-38,-14],[14,65],[38,9],[21,18],[8,17],[-2,9],[16,13],[5,12],[25,9],[20,38],[20,7],[-12,16],[-12,48],[12,32],[-33,36],[2,13],[-39,26],[-98,15],[-10,17],[-2,31],[33,26],[47,3],[6,6],[31,-1],[54,20],[14,33],[-24,8],[-17,28],[-25,-2],[-30,17],[-54,103],[-67,6],[-44,13],[2,16],[-22,17],[-31,7],[-31,23],[-16,1],[10,7],[5,17],[23,12],[-6,38],[33,20],[-19,14],[-3,12],[-28,15],[-23,21],[-273,22],[30,60],[-6,16],[-18,5],[-7,12],[14,21],[-8,24],[-29,11],[0,11],[-47,51],[-38,10],[-9,15],[-1,30],[-16,55],[3,34],[12,3],[9,13],[66,7],[10,18],[-32,16],[-10,17],[-23,-6],[-32,2],[-26,54],[-51,26],[-26,26],[-5,22],[-28,24],[-30,43],[-10,36],[-25,23],[9,11],[-76,87],[-6,58],[-15,33],[7,13],[-13,26],[31,49],[-19,35],[8,27],[0,2],[-1,1],[-16,19],[5,14],[-4,23],[16,54],[2,10],[-2,7],[0,8],[17,2],[9,-8],[-14,-26],[-2,-35],[-14,-8],[12,-5],[4,-10],[10,2],[1,18],[18,22],[13,1],[15,10],[-1,21],[11,5],[7,23],[-31,7],[-2,7],[14,15],[-6,7],[33,50],[-23,31],[6,13],[-9,27],[21,32],[19,0],[3,4],[-14,3],[-5,10],[14,15],[30,62],[41,13],[22,-8],[6,14],[-12,2],[-3,17],[11,11],[4,-9],[31,-21],[54,19],[49,49],[-1,11],[49,22],[1,73],[-28,19],[-71,-5],[486,284],[225,-54],[15,-49],[24,-11],[31,-3],[25,-10],[18,-37],[21,-14],[68,-14],[62,-20],[56,0],[102,11],[-7,-43],[-17,-13],[-8,-18],[13,-18],[0,-12],[18,-17],[24,-2],[6,-26],[37,-5],[7,-19],[3,-23],[-56,-11],[8,-67],[29,-23],[22,-29],[-8,-29],[23,-36],[22,-54],[-3,-18],[13,-35],[-7,2],[34,-38],[51,-21],[-3,-53],[15,-10],[63,-7],[39,5],[32,-5],[-32,-51],[19,-35],[-17,-44],[33,-21],[19,-43],[9,-5],[-10,-33],[37,-43],[-8,-31],[-16,-18],[1,-23],[-14,-15],[14,-20],[-4,-16],[-30,-30],[-6,-21],[-59,-23],[-19,-1],[-17,-14],[1,-22],[-26,-26],[22,-7],[9,-14],[105,-28],[11,-17],[28,1],[13,-3],[2,-12],[24,1],[4,-7],[-8,-8],[-20,0],[-15,12],[-14,-5],[-14,3],[-3,-16],[6,-4],[-5,-6],[21,-14],[11,1],[8,-6],[20,4],[8,-14],[19,-9],[12,4],[1,15],[26,6],[9,-2],[6,-10],[-4,-3],[21,-7],[1,-1],[0,1],[-8,16],[27,34],[106,40],[26,19],[17,27],[21,15],[21,2],[30,-6],[8,4],[3,2],[18,16],[8,30],[39,21],[3,16],[17,11],[-18,19],[-3,22],[14,52],[1,1],[43,-6],[21,20],[8,21],[14,13],[20,7],[-2,16],[-11,0],[-15,29],[7,29],[29,37],[37,13],[8,9],[-21,4],[-21,19],[-5,31],[-21,20],[-8,43],[-21,4],[8,19],[8,1],[21,-16],[58,-20],[50,-3],[23,-11],[34,2],[35,-12],[10,-10],[-1,-19],[16,-19],[-7,-29],[72,-80],[56,-6],[46,-30],[116,-21],[37,-17],[15,-1],[52,18],[21,27],[-10,19],[6,17],[-9,41],[3,28],[-23,54],[19,30],[-14,27],[8,15],[72,33],[110,-25],[36,-44],[11,-6],[27,3],[12,5],[17,32],[45,33],[10,15],[12,33],[-3,32],[7,2],[23,-2],[64,17],[40,-8],[18,8],[15,25],[17,0],[23,-24],[119,-50],[91,-19],[-2,-24],[44,-31],[27,-6],[35,21],[29,8],[16,-1],[32,14],[57,-7],[27,-12],[17,9],[33,5],[-1,37],[6,11],[48,42],[18,30],[-5,57],[-26,37],[10,14],[-33,12],[-8,11],[24,18],[1,7],[-19,20],[4,13],[36,12],[-1,5],[-24,12],[-22,67],[-25,20],[-4,25],[64,24],[18,38],[14,14],[30,154],[11,5],[13,-2],[69,49],[124,52],[12,70],[-8,30],[36,90],[31,28],[31,12],[63,-11],[-2,18],[51,69],[1,27],[171,16],[15,-39],[101,2],[46,-531],[16,5],[4,17],[10,6],[25,-10],[13,-25],[23,-11],[52,2],[28,9],[4,18],[-6,13],[28,43],[-16,28],[6,50],[-8,78],[-45,98],[-8,53],[-1,58],[8,51],[23,30],[63,36],[14,22],[-1,36],[98,31],[78,38],[103,84],[44,52],[32,27],[88,40],[90,93],[46,34],[96,87],[24,34],[26,22],[20,111],[21,3],[58,73],[-130,54],[-24,53],[78,201],[14,88],[304,-27],[-56,61],[45,-3],[0,37],[-17,13],[-1,18],[-17,19],[-14,2],[-9,16],[29,32],[-10,21],[-25,4],[-6,9],[9,23],[-11,29],[-43,28],[8,20],[-6,46],[-10,18],[3,9],[-18,10],[1,14],[-29,55],[17,6],[9,18],[-9,20],[-2,83],[-28,40],[2,24],[-36,10],[5,26],[-15,20],[43,46],[-59,172],[-31,10],[-7,63],[12,18],[-23,40],[-3,21],[-32,29],[-5,18],[-122,164],[-14,9],[-1,12],[-30,29],[-13,6],[-23,40],[-57,0],[-12,26],[-4,35],[-44,19],[-7,22],[-27,9],[-3,16],[12,53],[20,9],[6,10],[-11,14],[-29,9],[-8,16],[-18,4],[-13,19],[2,14],[-10,16],[16,33],[-26,24],[-34,12],[-19,31],[13,22],[-14,27],[-24,7],[-37,38],[19,16],[104,39],[623,-8],[337,-34],[-4,-9],[46,-6],[20,4],[33,31],[45,26],[2,1],[-1,1],[-31,39],[-2,32],[-20,26],[7,10],[25,12],[5,14],[-43,49],[10,21],[-14,21],[18,30],[-5,40],[-9,14],[-19,9],[-49,10],[-37,18],[-86,23],[-65,41],[-7,7],[-6,10],[-3,12],[0,9],[13,51],[28,49],[60,80],[24,42],[68,57],[7,38],[9,8],[16,5],[32,-2],[93,-37],[21,4],[5,5],[2,2],[3,4],[2,39],[-40,25],[-8,14],[-5,49],[13,64],[-9,47],[37,4],[20,-11],[10,10],[81,-38],[37,-29],[35,5],[25,-12],[6,4],[-1,27],[13,15],[13,2],[34,-6],[14,3],[4,1],[9,19],[-4,10],[21,1],[4,10],[17,-4],[24,14],[3,2],[7,22],[43,6],[1,0],[19,21],[18,43],[-10,24],[-12,-2],[-4,4],[15,8],[8,19],[15,6],[2,31],[31,20],[-1,13],[-12,-2],[-3,11],[17,21],[-22,2],[4,28],[25,23],[383,-49],[413,-16],[8,11],[-17,31],[20,13],[6,22],[11,7],[25,-10],[12,2],[34,22],[-14,11],[1,13],[-22,31],[7,49],[-15,16],[-27,6],[-21,37],[2,45],[-20,10],[-61,4],[-38,35],[-36,9],[-22,31],[-35,14],[-8,11],[-32,16],[-15,41],[1,50],[-25,18],[-14,31],[-18,14],[6,25],[-44,28],[8,27],[-5,6],[-39,5],[-11,1],[0,16],[-12,11],[-9,26],[27,14],[22,-3],[27,27],[29,4],[17,27],[-49,131],[90,-8],[5,29],[226,-13],[2,14],[124,-13],[17,100],[16,11],[12,71],[16,5],[27,41],[9,4],[42,-2],[18,26],[33,10],[10,3],[26,-3],[91,12],[56,24],[13,-12],[29,-7],[6,-11],[41,-6],[37,25],[3,16],[180,-17],[4,21],[95,-10],[5,23],[72,-7],[-3,-15],[60,-6],[3,18],[89,-8],[2,11],[45,-4],[7,-9],[14,1],[19,-9],[9,7],[23,-24],[47,-3],[-4,-13],[9,-3],[-10,-13],[5,-12],[83,-16],[-1,-6],[-59,-14],[-1,-23],[22,-17],[1,-19],[19,-2],[1,-8],[41,-14],[15,-12],[-26,-35],[-22,3],[-28,-13],[-14,2],[-5,-23],[26,-11],[1,-12],[29,-5],[26,-14],[3,-13],[25,-17],[16,-5],[4,4],[20,-2],[18,-20],[-19,-38],[22,-11],[18,-3],[11,-13],[-2,-29],[23,-8],[4,-11],[21,-12],[7,-14],[21,-10],[12,2],[-1,-9],[-51,3],[-2,-19],[122,-7],[16,-19],[33,-2],[8,-8],[-24,-17],[-8,-40],[14,-7],[-9,-12],[10,-3],[0,-14],[-40,-17],[-8,-13],[6,-8],[-17,-11],[65,-6],[-14,-88],[25,-6],[1,-36],[20,-12],[5,0],[6,-1],[16,-3],[23,2],[28,68],[52,16],[49,-19],[-6,-28],[30,-19],[43,-5],[14,-10],[23,-3],[10,7],[13,-1],[-9,-21],[25,-31],[50,-18],[16,3],[35,-5],[11,11],[23,7],[8,15],[23,14],[-5,15],[13,19],[16,3],[18,12],[41,3],[15,11],[29,-27],[19,11],[18,-9],[45,6],[11,-6],[19,0],[26,-13],[49,3],[16,-5],[16,-32],[36,-18],[2,-23],[31,-10],[-7,-34],[7,-9],[20,-7],[0,-18],[30,9],[14,20],[20,2],[9,23],[22,3],[20,-10],[19,-30],[44,4],[-4,14],[25,9],[47,-25],[14,11],[103,-21],[22,9],[13,-5],[48,8],[9,42],[60,15],[1,25],[-8,12],[3,15],[17,3],[5,13],[20,-5],[20,8],[11,0],[19,-10],[11,4],[27,-9],[23,9],[92,-20],[22,17],[18,3],[26,-13],[16,8],[24,-9],[55,-51],[45,-10],[41,1],[42,-13],[7,0],[34,28],[83,-9],[7,35],[44,9],[10,28],[22,-2],[5,25],[-36,4],[3,15],[-27,3],[7,35],[9,1],[19,17],[-1,9],[40,7],[11,13],[40,-14],[14,12],[29,10],[13,-2],[9,12],[-7,25],[16,10],[-14,17],[15,14],[73,12],[18,-7],[66,13],[17,13],[9,-2],[7,10],[25,12],[7,12],[29,14],[-23,30],[7,10],[49,1],[83,-21],[11,4],[46,0],[20,-14],[-1,-8],[27,-5],[4,-10],[13,11],[7,22],[37,-1],[6,14],[27,6],[2,36],[17,14],[-8,17],[7,19],[23,0],[1,6],[12,4],[-8,7],[3,5],[35,2],[-1,9],[11,0],[10,12],[-8,8],[44,12],[5,21],[-6,20],[10,17],[10,-2],[22,18],[11,-1],[-2,23],[22,-6],[3,11],[16,5],[13,-4],[5,10],[23,12],[3,-9],[19,2],[5,-8],[16,14],[-18,24],[-36,29],[-4,12],[-25,-5],[-18,9],[9,12],[31,10],[-3,13],[-45,2],[-17,25],[23,-1],[33,-16],[24,17],[29,7],[20,-15],[-1,-28],[9,-4],[54,12],[2,5],[-77,42],[2,5],[49,10],[12,-3],[9,-15],[41,7],[-5,67],[-16,2],[-12,-6],[-19,-42],[-15,2],[-17,10],[-17,31],[3,40],[46,9],[15,19],[11,4],[16,-8],[-6,-29],[7,-11],[29,-3],[18,16],[-4,32],[-18,32],[-11,3],[-39,-16],[-34,10],[-25,17],[5,20],[18,9],[68,-18],[24,1],[14,10],[-7,17],[-52,13],[-35,20],[-9,29],[11,19],[43,31],[22,6],[92,-57],[32,-9],[27,10],[14,27],[14,107],[31,62],[288,157],[353,230],[60,124],[84,129],[68,82],[1606,1327],[5123,-11],[5533,11]],[[95865,29934],[2036,-6724]],[[99323,7188],[-8,-19],[23,-24],[2,-19],[-17,-25],[-26,-76],[-41,-181],[-64,-347],[-10,-116],[3,-65],[22,-74],[8,-40],[-4,-14],[28,4],[-30,-6],[0,-8],[25,0],[0,-5],[-16,0],[-1,-5],[-1,-115],[-6,0],[0,-19],[5,-114],[16,-112],[48,-188],[33,-99],[13,-9],[-6,-5],[34,-67],[15,-15],[24,-1],[16,-8],[2,-23],[9,6],[-5,-9],[38,-54],[7,-18],[62,-74],[37,-10],[14,1],[-3,8],[12,6],[-4,-13],[18,-23],[12,-2],[-4,-4],[10,-18],[63,-66],[60,-43],[78,-39],[59,-3],[30,12],[-7,-8],[45,-5],[11,13],[20,1],[15,10],[1,-6],[11,-4],[-67,-23],[-44,-43],[-23,12],[-291,91],[-21,-6],[-36,7],[-13,-6],[-16,-19],[-26,-3],[-11,-10],[-52,-53],[4,-15],[-14,-12],[-28,-3],[-44,-16],[-65,-14],[-73,-53],[-42,-14],[3,-9],[-22,-25],[-59,-18],[-52,-39],[-43,-45],[-10,-15],[7,-9],[-5,-10],[-14,-8],[-32,-5],[-23,-15],[-43,-12],[-48,-23],[-48,-9],[-74,4],[-43,-11],[-46,22],[-6,37],[-8,10],[-26,4],[-25,-9],[-32,-4],[-15,7],[-16,-1],[-47,-12],[-28,9],[-27,21],[-30,0],[-32,-8],[-45,9],[-15,-3],[-19,-19],[-33,-3],[-33,-24],[-87,-15],[-5,-5],[-20,4],[-17,-3],[-49,-42],[-11,-36],[-11,-11],[-92,9],[-46,29],[-26,23]],[[97784,4611],[-1,31],[-46,35],[-15,41],[6,23],[-23,32],[-1,30],[-27,23],[0,16],[-14,16],[6,14],[-4,4],[24,-8],[11,3],[-12,30],[7,15],[-60,-4],[17,29],[9,37],[32,-3],[-8,6],[9,12],[-6,13],[16,16],[4,17],[20,18],[-23,14],[-1,12],[-5,0],[16,36],[24,104],[-5,0],[8,53],[11,11],[21,-4],[2,8],[51,-6],[11,45],[36,-14],[9,41],[46,15],[-15,13],[13,39],[13,-2],[5,23],[-19,2],[0,10],[-103,13],[18,73],[24,-3],[1,7],[-4,15],[-22,9],[58,-6],[8,32],[16,-2],[13,54],[-14,23],[9,0],[16,70],[24,-2],[17,74],[-137,15],[21,42],[-2,27],[-64,7],[4,15],[-21,20],[-43,16],[-3,6],[1,3],[16,12],[139,-16],[5,22],[-37,5],[11,40],[8,5],[-5,7],[11,14],[-8,3],[3,20],[-10,1],[21,2],[-6,3],[8,5],[-7,10],[-1,1],[-11,5],[-1,11],[-14,15],[-5,-18],[-81,10],[11,41],[15,-2],[20,78],[7,-1],[6,20],[-16,13],[2,6],[-6,1],[18,76],[-24,2],[3,11],[-202,25],[17,18],[19,51],[0,30],[-6,7],[23,93],[-51,6],[6,26],[-9,1],[6,22],[-6,14],[-31,9],[1,11],[-19,14],[66,75],[-17,20],[-19,6],[-6,8],[9,6],[-12,14],[-44,24],[-2,15],[84,29],[15,31],[55,42],[-12,14],[-21,1],[-10,9],[6,6],[39,6],[0,25],[30,19],[5,25],[-10,25],[1,35],[20,19],[5,16],[36,5],[21,-4],[53,14],[9,11],[-22,38],[20,0],[22,14],[23,5],[7,-2],[0,-14],[7,-4],[25,17],[-13,11],[-63,16],[-34,1],[-17,15],[15,5],[80,-5],[13,15],[25,6],[-10,24],[28,13],[-17,25],[3,21],[12,-2],[47,-13],[48,1],[5,0],[11,4],[2,0],[0,0],[-1,23],[15,7],[18,-10],[54,0],[43,-24],[41,10],[19,1],[14,6],[9,3],[2,1]],[[90009,16964],[25,-6],[10,-22],[26,-16],[6,-13],[67,-20],[16,-13],[52,10],[63,-16],[-2,-16],[-21,-9],[6,-15],[-11,-12],[9,-16],[-48,-38],[5,-40],[16,-5],[1,-6],[-3,-20],[-17,-18],[17,-37],[-3,-18],[10,-7],[-2,-7],[-18,-9],[-5,-25],[29,-10],[22,-1],[11,5],[40,-6],[4,6],[26,-2],[10,-20],[-18,-33],[13,-26],[-18,-1],[-12,-14],[-3,-15],[-11,-7],[27,-17],[65,-22],[10,-17],[61,7],[16,7],[-5,10],[14,7],[3,13],[50,12],[6,10],[22,8],[33,-7],[22,9],[14,-3],[29,19],[12,18],[-1,10],[28,-1],[45,26],[10,-2],[3,-10],[10,-3],[2,-10],[-15,-14],[5,-10],[-6,-12],[8,-15],[11,-2],[-10,-10],[4,-9],[18,-11],[2,-14],[13,-1],[7,-20],[27,-3],[19,4],[6,29],[-6,11],[21,21],[21,-4],[4,-15],[38,-16],[19,-16],[41,-2],[46,27],[62,-16],[1,-28],[397,-36],[1,5],[638,-69],[17,77],[48,-7],[31,150],[189,-18],[16,-34],[22,-5],[37,11],[7,28],[-7,19],[160,-14],[-5,-22],[76,-8],[-12,-54],[162,-18],[1,-31],[18,6],[94,-11],[8,-24],[58,-4],[12,-18],[-5,-12],[141,-15],[27,13],[32,-3],[-1,-7],[254,-25],[8,-19],[19,-7],[6,-12],[-12,-48],[11,-8],[48,-4],[12,57],[54,-5],[-5,-14],[-24,-18],[14,-25],[14,-1],[-7,-47],[217,-22],[-2,-8],[13,-1],[-8,-28],[85,-9],[-20,-82],[69,-7],[-5,-34],[218,-23],[13,30],[-5,10],[56,-6],[18,88],[39,-4],[9,43],[-36,4],[17,74],[103,-11],[40,22],[-1,15],[62,26],[0,22],[22,19],[4,16],[49,10],[14,-6],[14,15],[58,-3],[39,6],[8,9],[15,6],[-2,34],[20,16],[-2,9],[19,7],[-5,13],[5,23],[29,12],[12,-8],[9,4],[-4,38],[-5,8],[-25,8],[5,9],[-19,-3],[-19,-13],[-1,-14],[-6,0],[-10,30],[-29,6],[-3,16],[18,14],[-3,8],[-17,-10],[-10,5],[-21,-6],[-8,21],[-57,52],[38,30],[-33,6],[-46,-1],[0,0],[2,8],[12,6],[-13,3],[12,12],[1,-1],[25,-5],[68,-15],[46,-16],[-6,25],[1648,-196],[5,1],[17,14],[65,12],[90,47],[46,33],[67,22],[8,9],[5,38],[-24,65],[-3,43],[34,85],[29,34],[122,0],[77,-7]],[[96935,16809],[-36,-46],[19,-27],[24,-180],[33,-118],[36,-77],[23,-33],[104,-109],[66,-54],[73,-43],[62,-25],[65,-17],[71,-8],[65,3],[41,15],[-4,5],[49,88],[26,5],[30,-28],[-1,-19],[-27,-1],[-48,-68],[-243,-395],[-180,-362],[-111,-261]],[[97072,15054],[-789,88],[-8,-41],[13,-9],[-18,-88],[-15,1],[-22,-50],[-6,-28],[-28,-8],[0,-18],[-22,-22],[-61,-5],[-16,-6],[-8,-23],[-27,-8],[-39,8],[-72,-10],[2,-54],[-120,12],[-4,-21],[-39,4],[-9,-43],[-32,4],[9,9],[-50,47],[-54,29],[-43,10],[1,-7],[-109,11],[-19,-99],[-123,11],[-4,-21],[-32,-16],[16,-76],[-32,-5],[17,-41],[-112,-255],[-10,-46],[-21,-30],[-4,-16],[-19,-2],[-8,-33],[-8,0],[-29,-132],[-75,10],[-57,18],[0,9],[-7,1],[-22,-94],[-15,2],[-14,-63],[15,13],[19,-2],[3,6],[-9,1],[9,1],[12,-8],[-14,-64],[12,-1],[-9,-41],[65,-7],[-7,-35],[5,-6],[18,-4],[26,6],[24,-1],[27,-17],[-5,-9],[27,-35],[-4,-17],[-20,9],[-13,-72],[31,-2],[-48,-203],[-132,13],[-5,10],[9,19],[-20,5],[-7,-29],[-44,5],[4,-14],[-11,-15],[13,-7],[14,6],[26,-4],[12,-13],[-10,-9],[3,-14],[-24,-5],[-2,-17],[-23,-4],[-34,-17],[-19,-32],[-30,-7],[1,-13],[-8,-6],[8,-8],[-11,-11],[0,-8],[120,-13],[-15,-71],[23,-3],[16,-6],[10,-2],[2,-3],[6,-9],[6,-8],[-1,-5],[0,-3],[-1,-7],[-6,-6],[-13,-11],[-15,-14],[-13,20],[-23,-1],[-21,-27],[19,1],[4,-5],[-19,-18],[2,-11],[-9,-5],[-3,0],[-9,1],[-5,0],[-1,1],[-13,10],[-21,-13],[-9,1],[-48,47],[-27,-14],[-32,30],[-89,-46],[-15,0],[-5,-32],[-7,1],[-6,-8],[7,-12],[-14,-17],[-12,1],[-37,-27],[-38,-13],[5,-13],[-6,-7],[2,-19],[-58,-7],[-15,-9],[-7,-16],[-8,-2],[10,-34],[-10,-8],[-5,-34],[-68,8],[-63,-5],[-42,21],[-7,13],[-28,13],[-63,10],[-3,6],[-14,-3],[-41,6],[-24,9],[-45,-11],[-35,7],[-44,-7],[-3,23],[-20,9],[-54,-34],[-35,11],[-6,14],[-56,-6],[-14,-12],[-4,-4],[-6,1],[-2,0]],[[93721,12918],[-37,7],[-29,-6],[-29,9],[-41,47],[-273,25],[23,-51],[46,-44],[-16,-10],[-404,38],[10,49],[-61,6],[11,57],[-68,7],[7,5],[0,17],[10,10],[4,21],[-17,2],[28,9],[11,30],[10,1],[7,35],[-39,15],[-6,-13],[4,-12],[-28,-11],[-4,-17],[-10,0],[-5,5],[-2,68],[9,17],[13,2],[5,14],[-5,29],[17,22],[21,11],[22,103],[-17,-5],[-1,-8],[-40,4],[27,129],[-43,1],[-10,-16],[-23,-8],[-9,4],[-33,-2],[-25,-15],[-56,15],[-28,-22],[-3,-13],[-29,-14],[-24,16],[-43,-15],[-15,-11],[-23,19],[-63,0],[-3,10],[-22,9],[-5,27],[-51,-1],[-25,-16],[-29,6],[-31,-13],[-7,-8],[-39,7],[-22,-6],[-9,-12],[-31,-6],[-26,-12],[-31,0],[-14,-8],[-24,-1],[-12,-18],[-15,-1],[-26,42],[-44,18],[5,10],[-5,3],[-25,9],[-21,-3],[1,11],[-22,20],[-32,10],[-24,19],[-44,1],[-12,-7],[-19,3],[-5,-54],[-32,-23],[-37,0],[-16,-12],[-3,-25],[-20,-11],[-19,-29],[-9,-5],[-14,5],[-26,-6],[-11,-12],[-16,2],[-23,-9],[-18,3],[-37,-19],[18,-13],[4,-11],[-6,-15],[6,-18],[-11,-15],[-15,-5],[-48,21],[-20,-12],[-18,-29],[-11,-4],[-45,9],[-10,18],[-48,36],[-17,23],[-35,18],[-32,30],[-18,8],[-16,-2],[-32,16],[-16,17],[-20,3],[-14,15],[-25,-1],[-15,-15],[-18,12],[-13,2],[-10,-27],[-15,-1],[-13,-11],[-54,20],[-20,0],[-15,-7],[-21,-38],[21,-17],[3,-20],[-14,-15],[-1,-11],[-27,-22],[-24,-8],[-1,-14],[13,-8],[-2,-38],[28,-17],[-10,-26],[-20,-5],[-5,-17],[26,-19],[1,-8],[-14,-7],[1,-19],[9,-14],[1,-17],[13,-8],[4,-34],[20,-19],[0,-28],[-21,-19],[-10,-24],[6,-20],[35,-19],[3,-26],[35,-23],[-9,-12],[-14,5],[-12,-12],[-47,-20],[-2,-9],[15,-14],[22,-46],[-49,-63],[11,-23],[-1,-23],[6,-12],[-8,-7],[-18,11],[-46,3],[-9,-31],[-13,1],[-5,-8],[-28,-11],[-24,-3],[-10,-14],[-36,-13],[-9,-3],[-57,-1],[-19,-6],[-33,-12],[-19,-20],[-28,-15],[-4,-8],[-1,-2],[13,-59],[0,-32],[46,-20],[3,-27],[4,-8],[6,-6],[40,-17],[64,-13],[2,-9],[-10,3],[-4,-6],[30,-16],[-10,-4],[65,17],[8,-4],[36,-36],[29,-15],[28,-28],[9,-24],[29,-14],[0,-7],[-28,-11],[21,-35],[29,10],[42,5],[9,7],[3,13],[-35,21],[-1,9],[13,5],[32,-6],[35,2],[-13,-63],[85,-8],[-11,-20],[-12,-5],[-8,-13],[-16,-6],[-7,-11],[18,-19],[-15,-14],[-1,-44],[44,-32],[8,-2],[28,13],[18,-20],[36,-14],[15,-20],[-23,4],[-8,-9],[2,-36],[-9,-8],[4,-8],[-21,-8],[17,-20],[-5,-10],[26,-31],[-13,-33],[-1,-28],[102,-11],[-15,-71],[-33,3],[-10,-46],[21,-23],[-5,-72],[5,-27],[30,-23],[-2,-9],[-103,11],[-20,15],[6,23],[-22,2],[-12,-17],[-36,-16],[-33,0],[-48,-27],[-36,-43],[-22,-57],[-1,-4]],[[90909,11344],[-12,-30],[-71,29],[-23,2],[-9,-10],[-34,-8],[-42,2],[-37,-40],[-63,-13],[-5,-12],[-23,-5],[3,-9],[-49,-15],[-8,6],[-13,-15],[-42,-16],[-43,2],[-43,32],[-43,6],[-1,0],[13,41],[28,5],[10,24],[23,6],[9,16],[25,11],[-5,48],[6,24],[-5,12],[-13,3],[-14,21],[23,13],[13,15],[0,11],[49,39],[-132,12],[-11,5],[-8,14],[-19,2],[-19,-10],[-32,7],[-24,-13],[-21,10],[-8,26],[12,8],[34,-2],[10,26],[43,-6],[26,18],[5,1],[6,3],[26,10],[19,16],[4,5],[-2,5],[-12,21],[-4,6],[-1,2],[20,17],[8,19],[31,4],[12,-12],[14,16],[5,20],[-8,18],[-12,10],[-22,0],[-4,4],[-6,5],[-7,6],[-1,3],[-2,9],[-1,5],[-25,18],[27,9],[-4,23],[14,24],[-10,46],[-78,7],[9,51],[-35,-14],[-7,-21],[-47,0],[-27,-21],[-13,3],[-6,-26],[-77,8],[3,11],[-13,4],[-18,-5],[-52,49],[-64,-33],[-7,-35],[-52,-3],[-13,6],[-47,-21],[-11,-57],[-19,2],[-7,-41],[-260,22],[-47,-45],[-1,-24],[-23,-32],[-20,-6],[-19,-22],[-65,-21],[5,-2],[-30,-25],[1,-23],[-26,-23],[4,-14],[-11,-10],[11,-21],[-12,-54],[-26,-9],[-33,-27],[-10,-21],[3,-9],[-279,-91],[-3,-27],[0,0],[-30,-18],[-27,-31],[0,0],[-59,-35],[-35,-41],[-1,-1],[-46,-18],[-21,6],[-43,-22],[-58,23],[-46,-36],[-27,-12],[-147,-35],[-39,-2],[-45,11],[-50,-7],[-35,13],[-47,-18],[-7,1],[-10,1],[-2,0],[-54,16],[-56,29],[-31,-1],[-34,31],[-19,4],[-15,25],[-51,24],[-22,-2],[-26,11],[-6,9],[-21,7],[-24,31],[-13,2],[-29,-19],[-44,-5],[-6,-1],[-13,7]],[[55057,58621],[-7,-24],[-35,-54],[5,-25],[31,-43],[5,-37],[799,-710],[155,-305],[65,-119],[15,-15],[5,-26],[-236,-418],[10,-24],[8,-90],[307,-343],[21,-9],[36,-63],[15,-65],[299,-215],[8,5],[13,1],[7,-5],[36,-76],[-7,-22],[6,-75],[-3,-28],[-9,-8],[214,-124],[16,2],[66,-17],[13,-10],[18,-37],[-13,0],[0,-25],[-14,-15],[91,-53],[98,12],[12,-10],[-4,-17],[-44,-25],[-2,-10],[69,-45],[9,-10],[11,-39],[16,-10],[72,-14],[24,-18],[5,-15],[-9,-27],[428,-285],[26,0],[36,-19],[379,-275],[22,-5],[18,-17],[2183,-363],[67,12],[13,-2],[3,-10],[-7,-16],[17,-18],[419,-695],[438,-150],[138,-130],[31,-116],[272,-485]],[[61737,52747],[-3845,0],[0,414],[-4525,0],[-130,5],[-166,25],[-86,4],[-51,11],[-36,-23],[-89,-70],[-22,-41],[-49,-27],[-21,8],[-34,-17],[1,-23],[-29,-9],[5,-16],[-13,7],[-15,-1],[-17,15],[-4,22],[-69,32],[-9,12],[-20,-9],[-22,1],[-31,-7],[-60,9],[-59,24],[-48,8],[-25,13],[-29,0],[-11,9],[-18,24],[-1,23],[-11,9],[13,18],[-4,9],[26,11],[8,14],[-23,22],[-27,10],[-1,4],[20,13],[20,1],[-15,9],[-25,1],[-21,15],[-11,22],[-12,9],[-19,48],[-27,12],[-41,-1],[-14,14],[13,42],[14,4],[38,33],[-19,25],[-6,29],[19,26],[-3,7],[-49,18],[-44,47],[-1,4],[-2,0],[-82,-9],[-54,20],[-23,2],[-73,30],[-18,-20],[-14,5],[-6,12],[-50,28],[-52,-21],[-25,8],[-9,10],[-25,-7],[-45,5],[-20,-14],[-22,1],[-24,-12],[-58,-1],[-14,-9],[-40,-7],[-24,9],[-30,-8],[-86,12],[-93,150],[-89,-31],[-23,5],[-18,-7],[-33,-28],[-47,-12],[-38,-31],[-1,-14],[-73,-48],[-39,-11],[-30,-24],[-23,-1],[-21,-13],[-17,11],[1,15],[-23,11],[-15,-2],[-2,-10],[-35,1],[-1,-10],[-55,-7],[-38,-1],[-20,6],[-57,-8],[-39,21],[-22,-10],[-3,-14],[-21,-1],[-40,16],[-22,30],[14,13],[7,42],[-22,5],[-1,11],[-16,18],[-12,8],[-13,-3],[-4,6],[-12,-2],[-13,-13],[14,-26],[-46,-9],[-10,-12],[-28,1],[6,-10],[-10,-6],[7,-14],[-4,-7],[12,-11],[-2,-7],[-19,-11],[-29,5],[-34,40],[-7,1],[-10,-14],[-27,-10],[-21,3],[-17,-7],[-41,23],[-7,5],[-3,0],[-8,0],[-6,0],[-14,-9],[0,0],[0,0]],[[49898,53672],[-35,5],[-31,-2],[-5,13],[-2,12],[12,48],[-22,33],[-2,2],[-6,3],[-30,12],[-73,28],[-34,6],[-25,34],[440,262],[57,-22],[45,14],[22,-3],[24,9],[2,11],[-11,14],[29,16],[1,8],[18,1],[-3,44],[-22,5],[-1,16],[-25,39],[-53,28],[12,30],[22,20],[-5,32],[21,30],[-14,11],[-4,14],[-26,16],[-5,8],[6,10],[-16,-1],[-17,11],[-15,-4],[-3,31],[19,18],[-18,11],[1,16],[-9,7],[-29,4],[-25,42],[-19,17],[-7,25],[21,20],[29,12],[4,7],[-2,20],[-10,8],[-8,19],[-56,22],[-24,18],[-11,-12],[-11,6],[-6,16],[-9,2],[-9,14],[-20,12],[-26,4],[-39,39],[-51,-16],[-17,2],[-11,10],[-15,-3],[-14,6],[-10,-20],[-14,-3],[-30,-32],[-11,0],[-8,7],[-12,-5],[-37,4],[-32,-27],[-10,-2],[-26,-33],[-22,11],[-36,9],[-19,20],[-19,7],[-6,-1],[-16,4],[-14,7],[-4,7],[-6,26],[7,17],[16,12],[12,2],[-4,8],[16,10],[16,-3],[35,7],[5,15],[15,10],[13,21],[2,12],[-10,11],[5,20],[-15,18],[23,8],[6,21],[-10,13],[3,11],[20,8],[-10,10],[11,27],[-24,30],[9,9],[-6,6],[-13,-2],[-35,7],[-24,19],[-17,0],[-8,16],[-24,-6],[-17,-12],[-20,-23],[-1,-13],[-25,0],[-28,15],[-22,-15],[-32,44],[-7,3],[-15,-5],[-22,7],[-16,16],[-55,23],[-5,5],[-5,10],[-9,4],[0,14],[9,4],[4,12],[-5,6],[5,26],[-8,7],[11,3],[17,23],[-2,21],[39,12],[-11,17],[9,12],[-17,9],[6,13],[-4,34],[-12,12],[7,13],[29,10],[-3,11],[-21,9],[-91,-2],[-17,8],[-13,17],[-59,9],[9,13],[-3,20],[15,21],[-10,6],[-3,4],[14,22],[-1,17],[35,16],[20,3],[10,8],[17,-1],[5,18],[-6,6],[15,11],[-17,12],[-1,19],[8,12],[13,0],[1,20],[9,-3],[20,12],[2,8],[26,-8],[7,9],[14,2],[-2,7],[10,12],[-27,21],[12,9],[-8,8],[10,5],[-3,9],[32,-1],[10,6],[2,8],[-6,8],[14,23],[14,-2],[1,9],[19,5],[30,-12],[26,3],[13,10],[10,-3],[9,4],[2,13],[17,15],[-12,13],[-2,18],[10,11],[18,7],[-7,12],[18,12],[-35,31],[4,25],[-2,7],[1,28],[26,23],[-7,13],[4,9],[-27,33],[-7,26],[-24,18],[2,8],[-18,16],[4,17],[-11,20],[-24,9],[-26,24],[-20,2],[-23,-6],[-11,2],[-4,8],[3,16],[-8,8],[6,12],[-9,13],[6,15],[-7,0],[-6,14],[3,32],[-9,18],[8,45],[27,5],[9,16],[-3,17],[-17,21],[-59,36],[-6,11],[-12,5],[-7,14],[-26,-8],[6,-12],[-6,-7],[-26,9],[-17,24],[-29,4],[-33,15],[-27,-3],[-25,-16],[-25,8],[1,20],[-9,6],[-21,-6],[-19,9],[-18,-5],[-15,5],[-41,-8],[-39,25],[-34,-3],[6,25],[-6,12],[-46,4],[29,209],[479,70],[-1,9],[-27,16],[3,20],[-43,53],[13,12],[3,15],[33,5],[6,6],[15,-2],[31,31],[11,1],[11,21],[-23,16],[31,32],[-13,19],[-17,1],[-21,17],[-16,0],[-1,8],[-15,12],[-16,0],[-10,9],[6,7],[-30,41],[90,-7],[-2,-24],[34,-20],[6,-10],[48,16],[25,-7],[8,3],[8,-47],[20,-8],[18,9],[13,-15],[4,6],[-13,17],[-1,14],[-15,4],[2,20],[25,6],[22,16],[40,-7],[20,12],[-8,26],[11,3],[3,15],[6,1],[65,474],[19,-8],[33,21],[14,0],[30,-15],[14,3],[19,-9],[20,1],[18,6],[42,31],[4,22],[-4,18],[-14,9],[-29,3],[-13,10],[-2,23],[-40,17],[-2,20],[-17,23],[13,40],[-24,18],[24,19],[-49,46],[757,-58],[8,56]],[[96064,7719],[7,-1],[-19,-67],[-3,-3],[-83,-75],[19,-26],[25,-17],[-52,-208],[-210,23],[-50,-218],[-52,5],[-9,-35],[-99,11],[-7,-30],[-86,9],[-2,-7],[-46,5],[-13,16],[4,25],[-34,4],[-7,-30],[-33,4],[-5,-22],[-70,7],[-2,-20],[-20,2],[-25,-88],[5,-1],[-10,-45],[52,-6],[3,12],[38,-6],[26,3],[0,-21],[25,-45],[2,-34],[-5,-8],[8,-4],[-9,-9],[15,-2],[-7,-27],[-64,7],[-15,-62],[-64,6],[10,39],[-64,8],[27,3],[17,82],[-109,11],[6,26],[-11,11],[-155,17],[13,62],[-30,27],[-324,46],[-22,43],[-115,13],[0,-18],[-15,-4],[3,-6],[-109,13],[7,33],[-85,10],[4,15],[-108,9],[-6,-25],[-197,22],[7,27],[-26,2],[7,31],[-46,6],[-2,-12],[-118,13],[5,22],[-121,14],[-1,-23],[-126,14],[0,-6],[-81,9],[1,3],[-31,-21],[-12,-29],[5,-46],[-28,-124],[-131,15],[-29,-126],[-81,9],[-4,-17],[-89,10],[-2,-30],[-21,-23],[-10,-44],[-15,-3],[-56,6],[-50,-213],[-49,5],[3,11],[-50,6],[-20,-84],[-29,3],[-11,-44],[-108,9],[-4,-14]],[[92606,6534],[3,14],[2,15],[-10,20],[3,17],[-2,4],[-11,26],[3,13],[-6,1],[-4,22],[-23,28],[1,17],[28,18],[9,13],[-8,23],[-5,7],[-43,5],[9,40],[-54,6],[1,4],[-16,2],[4,18],[15,-2],[1,5],[137,-12],[11,46],[-40,4],[7,29],[-53,38],[-40,61],[17,64],[25,-23],[40,-7],[53,209],[-22,3],[15,62],[20,-2],[8,36],[-147,16],[7,34],[24,20],[49,9],[52,18],[6,22],[9,5],[-5,5],[2,10],[11,-1],[7,30],[22,-7],[22,25],[-65,11],[5,20],[33,-3],[12,13],[3,16],[12,-12],[52,-11],[15,6],[-17,12],[1,6],[26,7],[15,-7],[18,9],[12,-18],[23,-3],[19,-9],[8,4],[2,9],[10,0],[19,-19],[3,-18],[21,-9],[8,45],[23,-3],[6,22],[10,7],[-10,25],[40,27],[1,16],[17,38],[41,38],[18,35],[19,10],[15,16],[3,5],[-9,3],[15,6],[-5,5],[107,38],[-48,64],[39,14],[30,-5],[10,43],[21,-9],[15,73],[16,-1],[8,39],[-116,7],[-53,-6],[45,200],[-163,19],[24,58],[-36,47],[43,15],[2,10],[-11,15],[-28,24],[-46,26],[-14,4],[-16,-5],[-23,22],[-37,4],[-4,-19],[-43,20],[5,22],[-61,6],[7,34],[-12,28],[4,26],[-171,18],[28,9],[4,22],[-93,9],[13,67],[-70,14],[-73,39],[-39,12],[-35,4],[-21,-5],[-133,14],[-8,-13],[-175,17],[-33,-153],[-40,18],[-63,-8],[-19,135],[-53,-7],[-8,-15],[-17,-13],[-3,-11],[-10,1],[-65,-31],[-27,-3],[-24,18],[5,8],[-11,9],[18,82],[-215,22],[-1,-8],[-6,5],[-34,-9],[-21,2],[-13,9],[-7,-12],[-15,0],[-24,3],[-44,18],[-58,6],[-7,-8],[-5,26],[14,0],[0,8],[33,11],[21,91],[-65,-32],[5,27],[8,8],[-6,0],[22,90],[21,-2],[6,42],[-4,1],[12,53],[-73,9],[20,27],[-8,18],[27,18],[13,-5],[11,6],[5,32],[10,0],[10,12],[-9,7],[3,8],[10,7],[-4,4],[16,6],[-31,7],[1,7],[-16,6],[4,16],[-21,10],[-1,20],[-12,18],[13,15],[-79,9],[-9,-4],[0,-12],[-14,-10],[1,-7],[-23,-9],[-25,-29],[-18,-10],[-28,-2],[-14,-10],[-11,4],[-5,12],[6,18],[-14,12],[-7,15],[-13,0],[-19,10],[-14,27],[19,12],[22,38],[27,14],[53,-11],[25,-21],[15,-4],[11,16],[-16,19],[-29,6],[5,9],[54,9],[51,-15],[14,64],[65,-6],[2,16],[17,4],[30,18],[63,15],[23,18],[23,1],[27,23],[21,9],[20,94],[-101,11],[-35,-38],[-225,19],[-17,-15],[-25,-1],[7,-9],[-9,-6],[-41,6],[-6,16],[-45,5],[18,85],[51,9],[24,26],[44,8],[7,9],[27,11],[5,20],[14,16],[-350,136],[44,42],[2,7],[-6,1],[9,7],[1,18],[11,-1],[3,15],[29,9],[-3,12],[20,6],[18,-3],[-13,8],[11,6],[0,15],[16,-2],[11,8],[-3,13],[40,10],[28,21],[13,2],[0,12],[18,4],[13,10],[15,0],[1,7],[-13,4],[-1,6],[16,5],[-3,14],[12,-4],[21,5],[-16,18],[9,1],[26,123],[39,-54],[150,-14],[9,-13],[14,-1],[3,0],[2,11],[-29,18],[0,13],[9,6],[19,-2],[24,12],[-20,17],[1,7],[8,-1],[7,-10],[15,-1],[17,5],[3,9],[-209,22],[28,143],[-44,4],[4,20],[167,-16],[7,3],[6,16],[-21,20],[-20,-2],[-60,22],[-43,4],[-3,27],[-75,8],[14,63],[-89,9],[-12,17],[45,10],[19,10],[13,-3],[-8,11],[-27,-6],[-31,10],[17,10],[30,-3],[10,10],[0,1],[-2,2],[-3,3],[-1,1],[-15,5],[-8,3],[-1,0],[-24,-2],[-19,-13],[-20,-3],[-3,9],[8,24],[-12,20],[-11,1],[-10,-20],[-56,18],[-29,-10],[-12,3],[8,15],[-3,8],[-98,11],[-25,10],[-9,32],[-14,4],[-6,-1],[-6,1],[14,19],[1,31],[45,45],[23,13],[4,10],[19,3],[20,19],[-14,2],[4,23],[-3,11],[3,41],[20,11],[-1,9],[19,11],[-17,28],[-26,-8],[-12,14],[-21,-12],[0,2],[-1,-2]],[[93721,12918],[1,0],[-1,-1],[8,-41],[-10,-3],[-6,-13],[65,-6],[-18,-19],[26,-57],[-9,-8],[25,-2],[-30,-156],[-75,-63],[5,-6],[-129,-108],[10,-5],[16,6],[-4,-33],[15,-12],[-22,-28],[-18,-8],[-3,-50],[15,6],[7,-8],[15,12],[5,-9],[22,-5],[25,3],[71,-29],[7,-15],[13,-1],[18,-20],[-11,-14],[6,-14],[11,-6],[2,-18],[22,-14],[-29,-11],[7,-23],[48,-34],[46,-10],[14,-13],[15,-30],[41,-1],[5,-7],[9,4],[40,-4],[26,-17],[36,3],[36,-10],[18,10],[24,3],[21,-14],[-7,-15],[15,-14],[5,-17],[44,12],[20,16],[46,-5],[38,-19],[7,-45],[-5,-14],[8,-25],[17,-7],[5,-14],[11,-4],[17,-5],[15,-5],[4,-15]],[[94392,11843],[2,-9],[-12,-13],[-1,-14],[5,-8],[17,-6],[-15,-32],[-25,-10],[-7,1],[-9,-3],[-3,-3],[6,-13],[30,5],[8,-6],[-17,-19],[14,-13],[-1,-9],[-19,-10],[-12,-7],[-5,-3],[-8,-2],[-28,-10],[-3,-17],[28,-23],[-9,-13],[3,-15],[-11,-7],[9,-5],[11,-24],[17,7],[7,-5],[0,-15],[15,-15],[-9,-17],[26,-13],[27,-31],[12,-1],[-4,-17],[-11,-2],[24,-7],[-3,-27],[13,-12],[4,-13],[-9,-6],[1,-21],[-62,7],[-3,-11],[-71,7],[3,-19],[-9,-32],[-40,-17],[174,-19],[-33,-7],[1,-11],[-29,-6],[2,-8],[-11,-17],[-22,5],[0,-9],[-20,-15],[-2,-10],[13,-19],[-9,-2],[-2,-17],[7,-6],[-22,-9],[-5,-14],[5,-4],[-22,2],[-1,-20],[-12,7],[6,-11],[-8,-6],[-11,7],[-7,-10],[-19,11],[-16,-5],[-15,-33],[40,7],[1,-12],[36,-12],[17,5],[11,-6],[3,-10],[-12,-14],[-23,-9],[1,-5],[11,-1],[1,-11],[43,19],[34,-4],[23,9],[32,-8],[-7,-5],[1,-10],[-14,-4],[2,-4],[-14,-8],[6,-15],[-11,-10],[18,-17],[28,8],[-3,-28],[20,0],[-8,-15],[-21,3],[2,-15],[-8,-3],[-3,-11],[34,-32],[18,-30],[36,-20],[-10,-16],[14,-5],[-3,-13],[23,-11],[-4,-22],[21,-11],[-12,-8],[11,-11],[-5,-11],[-26,-4],[-6,-9],[4,-30],[-9,-7],[9,-7],[-15,0],[-20,-20],[-23,-9],[1,-14],[10,-10],[-10,-10],[21,-5],[1,-8],[14,10],[6,-8],[-4,-9],[-113,10],[43,-51],[8,-24],[-10,-13],[11,-9],[9,-29],[-31,-19],[-35,-9],[-2,-2],[13,-25],[3,-4],[17,-5],[52,12],[39,-10],[40,0],[38,-7],[25,-8],[1,-6],[41,-7],[-2,-9],[52,-5],[2,9],[51,-5],[-6,-25],[-16,-1],[-4,-5],[-6,-36],[5,-11],[-13,-19],[16,-22],[1,-21],[15,-18],[11,-37],[-6,-5],[18,-7],[8,-32],[9,-2],[-16,-22],[-45,-31],[-5,-11],[29,-39],[-25,-5],[-1,-1],[1,-11],[-8,-9],[-15,1],[-20,-19],[-29,-12],[-14,-19],[-26,-11],[-7,-17],[-15,0],[-43,-49],[-3,-5],[12,-22],[4,-5],[-1,-1],[-1,-10],[-2,-10],[0,-1],[-20,-34],[11,-33],[-13,-19],[-30,-19],[-16,-1],[-14,-9],[10,-28],[1,-1],[-1,0],[-32,-35],[-38,-29],[-2,-40],[16,-20],[0,-28],[16,-11],[27,1],[4,0],[1,0],[3,-1],[84,-13],[2,-1],[2,-7],[1,-4],[1,-1],[-8,-14],[8,-17],[-12,-23],[3,-9],[60,15],[24,-16],[63,-10],[32,-12],[23,2],[21,15],[43,2],[21,-9],[30,0],[-2,-9],[23,-19],[-2,-32],[-6,-3],[5,-5],[-3,-2],[-7,-6],[-5,-5],[-31,-9],[-4,-18],[-9,-1]],[[97784,4611],[0,-1],[-19,-1],[-8,-12],[-24,-4],[-72,45],[-37,-6],[-17,-8],[-20,3],[-24,-46],[-10,-1],[2,-23],[18,-24],[-4,-8],[8,-20],[-90,-26],[7,-15],[27,-14],[-7,-18],[25,-21],[-10,-12],[-21,-12],[-23,9],[-36,0],[-8,-6],[-7,-23],[-67,-17],[5,-34],[-32,4],[-16,-4],[-18,-27],[-51,-1],[-6,-12],[5,-19],[34,-31],[-22,-30],[-10,-2],[1,-13],[-31,-14],[-24,3],[0,-11],[-9,-20],[-10,-8],[-4,-18],[-13,-17],[-17,0],[2,-5],[-8,-6],[-19,7],[-15,-4],[-26,5],[-59,18],[-18,-6],[-45,2],[-12,11],[-21,-1],[-17,9],[-6,12],[-22,8],[-12,10],[-38,2],[-10,6],[-29,-2],[-10,8],[-17,-3],[-27,15],[-44,-22],[-17,9],[-18,-1],[-14,11],[-34,1],[-19,7],[-78,-16],[-44,8],[-46,-2],[-40,17],[-40,-7],[-35,22],[-32,9],[-144,-9],[-36,-10],[-39,4],[-31,-14],[-70,30],[-51,6],[-45,20],[-55,5],[-42,37],[-69,23],[-14,18],[-32,-14],[-63,-5],[-39,10],[-32,-6],[-18,8],[-16,0],[-13,-22],[-24,-20],[-22,-10],[-9,-3],[-48,12],[-18,-15],[-1,-9],[-30,-22],[6,-16],[-10,-16],[-29,2],[-39,-21],[-6,-10],[-14,-4],[-2,-43],[-20,-4],[-11,-10],[-28,-2],[-12,5],[-30,-6],[-11,10],[-24,4],[-8,11],[-32,12],[-28,4],[-113,-33],[-10,-13],[23,-16],[-5,-9],[-26,-17],[-39,-2],[-28,16],[-40,8],[-21,20],[-19,9],[-6,-6],[-13,3],[-1,8],[-51,41],[-20,-6],[-45,19],[-34,-14],[-19,16],[-3,13],[-19,2],[-17,12],[-40,-6],[-26,10],[-13,28],[-44,-7],[-35,22],[-3,41],[-11,13],[-24,8],[-4,10],[-54,9],[-68,-17],[-11,6],[-16,-4],[-29,4],[-29,25],[-44,18],[-10,17],[-18,9],[-1,13],[-12,12],[9,22],[-16,24],[-22,7],[-2,28],[-10,12],[3,14],[-12,11],[-23,-24],[-48,-24],[-23,-22],[-15,-38],[29,-80],[-18,-11],[-15,-20],[6,-5],[-7,-18],[-17,-5],[-30,-34],[-26,-12],[-15,-17],[0,-13],[-22,-24],[-31,26],[-15,36],[-53,16],[-47,-2],[-13,-8],[-5,6],[7,27],[-38,-11],[-13,3],[-20,8],[-5,15],[-28,23],[-34,3],[-49,24],[-2,20],[24,20],[-3,56],[25,35],[1,36],[23,32],[-14,6],[-2,10],[-13,-3],[-20,8],[-46,5],[-20,19],[-16,0],[4,11],[-6,14],[-17,2],[-25,11],[-11,1],[-67,-21],[-61,-1]],[[93158,4608],[-1,30],[35,24],[-17,17],[-19,2],[4,20],[-22,8],[-14,18],[-39,7],[-6,-27],[-7,-2],[-31,10],[3,15],[-73,12],[-2,28],[13,13],[34,8],[12,20],[15,10],[5,15],[17,12],[-5,16],[-11,9],[1,26],[-7,4],[-43,-5],[-31,4],[-17,-5],[-33,25],[-18,5],[-2,14],[-27,33],[-7,8],[0,6],[30,53],[-1,13],[-42,12],[-29,26],[-7,27],[3,16],[-7,19],[-11,6],[12,57],[-50,10],[-30,23],[-13,27],[-36,14],[-14,13],[0,39],[-22,31],[16,30],[41,14],[8,11],[-13,36],[-11,13],[11,25],[-1,19],[-36,5],[-62,21],[-22,14],[-49,12],[33,52],[-9,12],[4,12],[-6,12],[-33,28],[13,26],[-47,30],[-10,19],[-42,40],[13,26],[7,86],[37,35],[-6,23],[23,18],[17,5]],[[92524,5998],[36,-17],[39,25],[5,3],[2,1],[-3,20],[10,28],[-5,15],[19,27],[21,8],[19,21],[30,16],[-7,21],[-11,8],[-3,17],[-14,6],[13,17],[-9,2],[-3,18],[-14,18],[4,18],[-22,2],[-6,24],[-4,43],[5,7],[40,15],[4,16],[-10,11],[7,21],[-7,23],[9,18],[-32,28],[-4,9],[-4,23],[-23,24]],[[19314,11303],[0,4539],[-578,0]],[[18736,15842],[181,1396],[-108,7],[12,169],[-166,8],[94,768],[-196,284],[-36,-14],[-4,-14],[-47,-14],[-29,-28],[-118,-32],[-45,-29],[-3,-4],[11,-17],[-71,-118],[-16,-15],[-324,252],[-624,38],[150,1277],[87,-19],[915,-61],[141,1162],[-493,32],[56,724],[393,-21],[71,730],[-299,18],[13,128],[790,-23],[790,-3],[1015,-59],[-23,-195],[786,478],[92,728],[351,-3],[565,-468],[34,-9],[-1,-21],[1337,-264],[22,15],[74,13],[66,-9],[24,4],[20,-6],[44,18],[21,23],[22,6],[30,-1],[58,11],[25,-6],[17,10],[106,12],[59,32],[44,42],[23,5],[24,18],[18,3],[22,21],[87,36],[11,8],[27,43],[35,18],[23,24],[11,21],[36,20],[146,20],[38,24],[6,9],[101,39],[25,17],[17,3],[37,-4],[78,10],[48,11],[43,20],[14,10],[15,26],[22,15],[-688,581],[428,251],[-51,47],[274,161],[-1022,777],[730,485],[672,-549],[185,171],[307,190],[287,1963],[-1002,42],[-9,-70],[-1022,73],[-954,4],[-6,-73],[-954,80],[-483,422],[-435,355],[28,17],[-54,18],[-46,-6],[-456,379],[-37,20],[-23,29],[-228,186],[-128,94],[-554,470],[-694,-419],[-86,-45],[-15,2],[-190,153],[-14,5],[-4,10],[-1091,895],[-46,43],[802,467],[-144,116],[351,222],[432,259],[-152,121],[-223,56],[3,22],[17,6],[-12,10],[4,23],[-28,11],[-3,7],[7,10],[10,1],[0,-12],[69,-5],[4,-4],[792,467],[-51,149],[38,111],[16,15],[-36,232],[-93,63],[-50,239],[-19,23],[-15,46],[8,49],[276,-15],[76,-60],[342,178],[-766,657],[1067,648],[51,69],[-161,117],[-295,242],[103,967],[615,-34],[-4,39],[-23,45],[7,13],[1,50],[8,7],[-26,23],[14,12],[-42,70],[2,105],[24,24],[12,30],[125,190],[1116,-37],[159,971],[479,-30],[-21,-180],[1026,-64],[10,79],[1979,-122],[115,588],[19,434],[-30,10],[2,21],[29,-2],[17,318]],[[26208,38019],[588,-12],[440,-38],[-23,-226],[689,-54],[-19,-146],[1020,-39],[28,230],[1035,-62],[-32,-285],[430,263],[-158,135],[781,473],[300,-260],[517,315],[68,-60],[291,189],[23,-8],[32,19],[4,25],[1160,696],[311,-21],[1,9],[790,-54],[-197,-1443],[186,-11],[2,-10],[580,-42],[11,8],[1281,-91],[-119,-778],[104,-8],[29,3],[15,-6],[823,-71],[1,14],[948,-44],[30,-10],[710,-41],[-37,-321],[119,-18],[225,-3],[124,-14],[-2,-23],[469,-34],[14,26],[13,-2],[-4,-27],[-12,0],[-37,-377],[534,-39],[43,-175],[-10,-76],[956,-69],[-22,-182],[-71,-75],[-32,-217],[668,-41],[-8,-102],[880,-49],[513,-41],[41,8],[104,-48],[81,582],[283,-18],[29,264],[914,-68],[19,142],[9,16],[-6,0],[63,483],[809,-61],[14,161],[-66,53],[6,42],[500,-38],[-1,-9],[213,-16],[-19,15],[7,16],[-9,29],[19,6],[5,23],[39,43],[-1,30],[-74,101],[27,153],[-133,81],[13,95],[568,-44],[49,-173],[1005,-88],[106,767],[606,-49],[23,217],[936,-49],[-30,-255],[-68,2],[-112,-391],[533,-96],[-131,-297],[-74,5],[-70,-201],[316,-57],[-66,-54],[-626,68],[-65,-560],[980,-52],[-3,-95],[714,-69],[-2,-22],[969,-97],[30,-4]],[[51685,35210],[196,-55],[52,-36],[-61,-310],[39,-204],[-118,-553],[448,-52],[-84,-485],[31,-6],[1040,-78],[-41,-228],[10,0],[9,9],[45,19],[-50,-338],[-74,5],[-48,-493],[-94,4],[-9,-45],[525,-45],[21,39],[402,-37],[9,-8],[150,-11],[61,431],[195,-214],[130,-58],[453,-34],[0,-15],[23,-12],[11,-20],[-20,-22],[0,-7],[15,-3],[16,13],[13,0],[13,-28],[24,-21],[12,-20],[93,-56],[-35,-20],[-98,-23],[-30,-11],[-10,-9],[8,-51],[19,-15],[9,-23],[61,-46],[10,-22],[-1,-17],[-26,-40],[-46,-48],[-1,-51],[-47,-50],[-80,-23],[-41,3],[0,-4],[37,-3],[-20,-28],[-2,-26],[13,-39],[11,-6],[63,-67],[29,-33],[0,-12],[20,-8],[13,-46],[10,-10],[16,-70],[53,-77],[37,-21],[15,-15],[18,-2],[28,-15],[27,-3],[63,8],[636,-212],[493,-134],[-67,-448],[186,-13],[-6,-20],[4,-17],[13,-15],[-1,-52],[23,-12],[307,73],[17,-63],[67,-43],[146,16],[14,-34],[314,76],[47,28],[73,12],[10,-17],[1,-21],[-9,-53],[49,-59],[-8,-34],[62,-57],[-26,-154],[-22,-199],[-71,-401],[235,-14],[660,-83],[-26,-135],[444,-80],[34,0],[19,-13],[42,-3],[-5,-26],[25,-41],[-11,-46],[5,-11],[-16,-104],[-23,-93],[0,-23],[61,-5],[-23,-157],[395,-99],[206,-75],[1,0]],[[59520,28452],[35,-34],[18,19],[4,22],[64,-39],[1,-25],[37,-31],[11,-43],[3,-64],[-43,-54],[61,-54],[-76,-62],[-55,-10],[-38,-20],[-16,-4],[-35,5],[-26,-16],[-93,-30],[-19,0],[-49,12],[-13,-3],[-5,-4],[11,-22],[-11,-26],[5,-33],[-9,-10],[-40,-17],[-1,-12],[51,-62],[-3,-25],[-12,-11],[-86,-37],[-33,-24],[-10,-15],[3,-17],[30,-41],[3,-12],[-9,-11],[17,-28],[51,-26],[3,-15],[-21,-18],[-9,-21],[-26,-25],[4,-2],[-20,-9],[18,-18],[14,-38],[-4,-13],[29,-38],[-6,-10],[-24,0],[-8,-9],[-35,-10],[-16,-13],[18,-35],[-5,-24],[-17,-20],[-2,-14],[11,-4],[6,-24],[-23,-17],[-4,-29],[27,-35],[19,-11],[1,-33],[-11,-7],[-2,-29],[-22,-23],[32,-46],[6,-23],[-13,-30],[5,-38],[74,-24],[16,-15],[33,-14],[29,-1],[40,-17],[-13,-18],[17,-34],[37,-34],[13,-30],[-42,-41],[-2,-36],[-17,-15],[-5,-14],[16,-20],[-3,-13],[12,-4],[14,-27],[18,-15],[2,-22],[-13,-12],[18,-17],[8,-20],[-11,-10],[-8,-60],[-14,-25],[19,-52],[29,-31],[1,-26],[-15,-25],[-11,-113],[-68,-79],[-37,-188],[-127,-56],[-104,-29],[-25,-179],[14,-239],[-114,-34],[-28,-2],[-31,2],[-49,33],[-47,1],[-54,-29],[-38,-3],[-35,-12],[-19,8],[-55,-2],[-133,-55],[-54,-50],[-16,3],[-32,-20],[-54,-3],[-20,11],[-75,-12],[-84,-36],[0,-32],[-56,-27],[-1,-15],[-184,-79],[-69,-60],[-89,-22],[-73,10],[-45,26],[-3,-33],[-25,-27],[-1,-23],[-18,-26],[1,-28],[-5,-9],[34,-21],[-5,-24],[5,-11],[-18,-9],[-3,-27],[-10,-9],[-25,-7],[-35,-23],[-2,-6],[12,-11],[1,-10],[18,-4],[0,-7],[-21,-15],[-7,-17],[-15,-2],[-6,-36],[-23,-42],[6,-6],[-20,-7],[-15,-14],[6,-4],[-15,-22],[9,-8],[-17,-17],[18,-14],[-2,-24],[24,-4],[41,6],[6,-1],[3,-17],[-33,-5],[-1,-14],[9,-12],[-8,-28],[-27,-8],[3,-14],[-32,5],[-23,-9],[-8,4],[-24,-4],[-16,-25],[5,-29],[-5,-15],[-31,-21],[31,-41],[-19,-27],[-44,7],[-16,-6],[-61,-10],[-12,-7],[-67,-8],[-26,-14],[-11,-12],[24,-36],[-13,-9],[2,-9],[-24,-5],[-2,-23],[-9,-12],[4,-13],[-36,-10],[-9,-18],[3,-21],[-45,-1],[-8,-13],[-23,-3],[-33,11],[-30,0],[-22,-11],[-23,1],[-17,-11],[-7,5],[-25,4],[-6,-6],[-6,4],[-40,-6],[-39,-10],[-10,-8],[3,-25],[-5,-8],[12,-25],[21,-1],[-15,-19],[-42,-17],[-38,4],[-8,-10],[5,-25],[-8,-13],[-22,-10],[-8,-21],[-26,-33],[-8,16],[-9,5],[-3,19],[-83,24],[-34,0],[-15,-14],[-25,12],[-46,8],[-79,-16],[-113,-58],[-53,108],[4,61],[-58,36],[-74,-2],[-26,-15],[-26,8],[-17,22],[-10,4],[-18,-5],[-6,-16],[-21,-9],[0,-33],[-15,-7],[-15,1],[-11,-7],[-40,-5],[-38,-54],[-23,-11],[-25,-3],[-24,20],[-67,5],[-18,-10],[-20,0],[17,-20],[-55,0],[-18,10],[-20,-19],[-21,-5],[-19,-19],[-36,-15],[-19,8],[-36,-12],[-50,-8],[-30,12],[-26,-2],[-12,12],[-27,6],[-28,-4],[-10,6],[-18,-8],[10,-19],[18,-6],[4,-10],[29,-17],[0,-12],[25,-4],[7,-6],[14,-22],[-4,-10],[13,-10],[-7,-6],[1,-15],[-10,-6],[11,-10],[23,-1],[16,-11],[2,-35],[17,-6],[16,3],[43,-17],[1,-21],[21,14],[64,2],[-8,-45],[17,-58],[13,-14],[-3,-23],[9,-12],[3,-26],[11,-12],[26,-8],[21,6],[31,-18],[14,-32],[26,-29],[13,-28],[-12,-7],[-3,-19],[16,-10],[7,-19],[25,-23],[32,-27],[20,-7],[0,-14],[17,-23],[-16,-9],[0,-14],[26,-24],[-10,-25],[22,1],[7,-11],[21,-2],[4,-11],[46,-28],[8,-31],[-5,-10],[-25,-1],[-18,-21],[-21,-4],[-21,-23],[39,-18],[12,-13],[48,-15],[8,-10],[-6,-19],[45,-28],[62,-21],[92,-16],[51,-35],[38,-10],[65,1],[12,-7],[6,-23],[-20,-45],[22,-37],[64,-10],[8,-27],[39,-28],[66,-5],[39,8],[16,29],[20,103],[49,49],[82,29],[54,-92],[32,12],[35,53],[96,8],[52,46],[5,14],[38,18],[-6,21],[31,5],[5,20],[15,11],[8,17],[0,20],[24,12],[35,8],[21,-13],[-6,-25],[48,-21],[17,-18],[15,-3],[14,5],[2,6],[-6,2],[5,10],[19,4],[-13,-30],[8,-23],[-9,-5],[0,-17],[22,-14],[15,-2],[7,-14],[6,-29],[19,-27],[0,-21],[-12,-19],[7,-17],[21,-18],[13,3],[7,-4],[-12,-12],[7,-8],[19,3],[22,-7],[11,9],[39,-36],[-10,-17],[19,-10],[26,-5],[42,-45],[48,-25],[10,-13],[1,-30],[32,-58],[14,-46],[-6,-7],[-53,-4],[-23,-19],[-56,-27],[-4,-38],[-28,-18],[-16,-26],[-5,-24],[-25,-30],[-9,-6],[-42,-5],[-15,-38],[-27,-26],[-58,-13],[-17,-8],[-14,-20],[-7,-35],[32,-19],[16,0],[17,-8],[22,-47],[69,-84],[1210,-44],[-14,-161],[318,-13],[-14,-168],[1027,-65]],[[51685,35210],[-30,4],[55,403],[177,-16],[33,145],[832,-51],[5,34],[66,499],[-656,31],[104,404],[-369,22],[102,1047],[53,440],[250,-20],[117,70],[1261,-90],[-37,-260],[363,-463],[316,-24],[239,-62],[22,152],[7,14],[29,291],[-18,10],[14,98],[1057,-77],[-60,-66],[25,-5],[9,-38],[649,-156],[507,-37],[13,3],[17,32],[-15,16],[12,50],[-16,25],[7,18],[-16,48],[28,76],[12,10],[-2,13],[-23,26],[2,31],[77,62],[14,35],[1,34],[29,14],[31,45],[31,18],[17,3],[5,12],[20,11],[-15,27],[7,8],[-3,8],[-15,19],[2,17],[16,10],[6,13],[14,6],[12,23],[34,35],[110,79],[-8,9],[25,10],[34,25],[8,-1],[19,25],[2,20],[19,28],[-14,63],[-30,24],[-42,8],[-17,49],[-30,12],[-38,45],[-20,11],[-23,39],[-2,17],[-19,34],[2,53],[43,46],[-24,18],[27,37],[75,21],[35,16],[30,22],[5,21],[25,26],[11,30],[44,47],[22,1],[22,14],[36,8],[26,27],[80,54],[64,12],[17,8],[25,28],[19,80],[-15,42],[-26,38],[5,53],[-23,26],[-47,36],[-15,4],[-63,-2],[-35,4],[-35,31],[-75,26],[-51,13],[-67,2],[-37,10],[-34,21],[-57,52],[-69,80],[0,15],[13,23],[91,51],[3,15],[-62,53],[-6,43],[-60,66],[-9,100],[-78,74],[-2,9],[21,32],[5,30],[13,20],[-4,17],[8,17],[-12,31],[5,9],[33,17],[13,20],[-4,16],[13,55],[-20,35],[3,48],[22,30],[34,22],[76,64],[15,25],[3,26],[-28,24],[-15,21],[-7,23],[3,30],[-61,113],[-12,63],[-56,79],[-18,38],[4,35],[57,49],[3,16],[-8,20],[24,45],[-64,79],[1,12],[31,38],[12,63],[-29,53],[-6,40],[-29,48],[-4,39],[25,38],[35,35],[28,-2],[24,-20],[31,-4],[21,8],[72,47],[79,2],[55,18],[31,44],[15,81],[22,21],[45,11],[91,10],[107,49],[19,16],[7,19],[0,35],[17,39],[4,35],[-6,60],[-24,68],[3,21],[23,42],[70,12],[31,12],[25,20],[9,23],[-5,30],[-50,52],[-30,66],[0,46],[21,19],[197,60],[53,7],[34,-9],[7,-7],[7,-36],[25,-30],[65,-33],[62,-8],[15,3],[35,20],[28,3],[26,-7],[34,-36],[37,-72],[37,-20],[21,-2],[27,6],[95,66],[29,10],[39,5],[80,-9],[57,-17],[100,-54],[48,1],[34,26],[21,56],[25,37],[29,29],[32,17],[2,48],[8,21],[29,12],[13,-8],[32,11],[17,13],[16,26],[85,34],[33,51],[15,7],[17,0],[19,-6],[35,-24],[42,-13],[44,-2],[146,122],[19,10],[48,3],[26,13],[8,53],[21,38],[11,59],[24,33],[69,49],[11,21],[0,33],[-60,85],[-7,19],[0,18],[25,80],[22,46],[17,16],[52,29],[72,24],[99,22],[37,22],[26,56],[18,83],[-4,15],[-25,23],[-85,41],[-44,32],[-39,44],[-29,48],[-43,112],[-41,76],[0,52],[56,108],[17,77],[-11,243],[-10,51],[-33,80],[-12,64],[-35,97],[-2,4],[-4,9],[-8,15],[-109,147],[-8,14],[-1,13],[2,26],[53,127],[3,5],[58,76],[13,32],[-5,22],[-56,92],[-76,88],[36,12],[47,29],[100,28],[4,-1],[8,-7],[-29,-33],[-1,-18],[3,-5],[3,-8],[2,-4],[14,-15],[71,-34],[43,-62],[51,-17],[61,-10],[64,-18],[67,12],[27,-2],[110,-38],[61,-12],[15,-13],[3,-25],[-36,-51],[521,-43],[82,568],[-6,0],[33,247],[5,6],[12,0],[6,35],[-14,1],[38,260],[118,-10],[8,77],[-26,2],[1,10],[12,7],[-4,17],[42,16],[9,12],[11,0],[21,19],[32,9],[23,19],[7,-1],[12,8],[1,-7],[13,0],[4,9],[10,2],[-2,32],[-9,4],[7,4],[-12,3],[-2,9],[8,14],[13,-1],[-1,12],[-12,-1],[4,9],[15,4],[12,12],[29,-5],[3,10],[13,4],[29,-3],[12,7],[51,4],[12,5],[12,-3],[3,6],[6,-5],[62,32],[164,17],[394,-58],[51,91],[299,469],[14703,4]],[[77201,47193],[46,-27],[158,-48],[100,1],[19,-14],[151,-72],[212,-96],[74,-32],[41,-4],[109,-79],[52,-14],[70,-6],[124,-61],[46,3],[40,-55],[1,-42],[99,-100],[46,0],[34,-30],[21,-58],[32,-27],[36,-21],[44,-14],[74,3],[24,-23],[47,-27],[85,-23],[54,-7],[13,-25],[39,-23],[9,-46],[88,-61],[20,0],[19,-48],[62,-30],[120,-19],[40,-35],[18,0],[79,-69],[87,-25],[47,-55],[4,-33],[62,-138],[24,-145],[267,-222],[472,-270],[272,-216],[259,-430],[179,-230],[395,-341],[214,-210],[251,-262],[233,-196],[136,-136],[193,-158],[240,-116],[247,-103],[224,-75],[464,-230],[996,-313],[614,-278],[492,-279],[249,-168],[268,-97],[324,-100],[230,-102],[450,-291],[247,-77],[303,-109],[293,-72],[253,-113],[251,-213],[149,-142],[124,-182],[265,-128],[351,-47],[323,-14],[300,25],[340,103],[159,137],[-28,168],[-145,197],[-134,161],[-140,198],[-66,147],[-8,268],[21,202],[80,128],[124,37],[104,15],[171,-126],[197,-124],[229,-159],[338,-126],[258,-52],[212,-50],[587,-110],[327,-22],[630,-52],[299,-35],[275,-87],[88,-104],[69,-111],[83,-162],[11,-166],[-48,-181],[-47,-136],[-61,-98],[-254,-214],[-25,-36],[-39,-8],[-22,-18],[-75,-115],[-14,-105],[15,-160],[-9,-24],[11,-107],[-18,-127],[-4,-96],[-30,-89],[-27,-124],[-33,-37],[-45,-16],[18,-81],[-8,-64],[4,-76],[-43,-63],[-39,-38],[36,-546],[48,-101],[53,-90],[65,-65],[117,-173],[54,-53],[45,-15],[118,-142],[39,-32],[26,-45],[28,-24],[18,-32],[9,-68],[-8,-33],[21,-68],[28,-44],[86,-177]],[[94370,36227],[-4852,-23],[-5631,-6],[-5189,15],[-2923,18],[13,-2412],[-4,-53],[-81,-131],[-214,-156],[-177,-81],[-167,-119],[-54,-26],[-60,3],[-48,-8],[-30,-29],[-24,-87],[-21,-19],[-56,-29],[-80,-79],[44,-37],[14,-41],[-6,-44],[9,-34],[18,-26],[-8,-9],[-15,-1],[-45,26],[-14,-3],[-2,-42],[-13,-15],[6,-21],[-87,2],[-15,-7],[-13,25],[-7,2],[-53,-16],[-46,15],[-59,-7],[-43,14],[-61,-7],[-24,-10],[-34,-32],[-44,-3],[-17,-14],[-39,-18],[-34,-28],[-83,-18],[-20,-22],[-11,-3],[-19,9],[-12,18],[-21,5],[-81,-9],[-24,-16],[-78,40],[-27,48],[-41,27],[-15,8],[-33,3],[-30,-175],[-41,17],[-7,-10],[-28,-3],[-5,-13],[-55,-46],[-20,-8],[-27,7],[-38,-22],[-29,11],[-9,-6],[-10,4],[-48,42],[-12,1],[-11,25],[5,18],[-9,6],[-8,26],[-29,5],[-3,18],[-13,9],[-22,6],[-32,-9],[-2,-39],[-24,-35],[23,-22],[-24,-31],[-21,-8],[-18,-37],[-9,-41],[56,-71],[-1,-12],[29,-32],[4,-16],[35,-1],[49,23],[11,-14],[-3,-23],[11,-6],[13,-26],[77,-6],[60,-18],[13,-10],[2,-61],[-7,-25],[24,-50],[88,-59],[-19,-32],[-34,-91],[-29,-15],[-46,-5],[-11,-11],[0,-24],[22,-81],[-2,-68],[11,-8],[28,-8],[-16,-21],[-4,-22],[9,-15],[1,-33],[-80,-94],[-58,-54],[-95,1],[-196,-100],[-73,7],[-76,-15],[-63,7],[-20,12],[-15,-2],[-7,-10],[-6,-35],[5,-21],[20,-24],[-7,-24],[-55,-30],[-48,-2],[-33,-26],[-22,-38],[-12,-40],[-117,-80],[-11,-21],[27,-10],[4,-7],[-10,-32],[-48,-29],[-21,0],[-142,-60],[-62,5],[-20,-6],[-16,-12],[-20,-32],[-8,-38],[-30,-65],[-97,-107],[-55,-93],[-16,-17],[-29,-17],[-4,-3],[-11,-1],[-7,-1],[-2,0],[-39,15],[-44,3],[-74,-23],[-135,-28],[-116,-12],[-29,-10],[-29,0],[-21,7],[-18,24],[-34,3],[-67,-14],[-58,-2],[-23,-9],[-59,-3],[-46,9],[-168,10],[-40,-23],[-57,-76],[-20,-14],[-146,-26],[-99,-24],[-64,-8],[-22,-9],[-26,-22],[-8,-22],[12,-28],[24,-10],[8,-16],[-14,-10],[-18,-45],[14,-13],[29,-8],[45,9],[25,-7],[5,-16],[-23,-58],[30,-19],[84,-12],[5,-4],[6,-35],[-6,-47],[-53,-38],[-32,-52],[-55,-54],[-53,13],[-19,-9],[-30,-4],[-15,-19],[27,-17],[-5,-13],[-29,11],[-24,1],[-27,-7],[-31,-23],[-11,-26],[-25,-22],[6,-15],[28,-6],[5,-10],[-18,-31],[-19,-56],[-26,-9],[-59,0],[-11,-4],[-16,9],[-28,-14],[-30,-29],[38,-20],[5,-12],[-7,-15],[-75,-22],[-59,8],[-119,38],[-30,23],[-13,21],[-16,-5],[-10,-17],[-21,-4],[-1,-9],[10,-13],[-5,-18],[-46,3],[-64,-21],[-23,-58],[4,-23],[-16,-10],[-29,-5],[-9,-19],[0,-3],[68,-105],[55,-26],[14,-4],[4,-4],[7,-9],[4,-4],[1,-6],[5,-39],[-9,-118],[-24,-28],[-88,-53],[-22,-13],[-24,-11],[-25,5],[-21,-4],[-60,-35],[-13,-2],[-62,49],[-50,15],[-54,23],[-21,21],[5,27],[-80,-3],[-27,13],[-15,-15],[-6,-81],[-19,-26],[-11,-8],[-3,-3],[-7,-6],[-20,-5],[-10,-1],[-43,-4],[-25,-2],[-35,2],[-18,8],[-21,68],[-53,87],[-42,-3],[-54,-19],[-28,5],[-21,-6],[-40,-33],[-17,-33],[9,-42],[39,-42],[3,-18],[-113,-78],[-37,-8],[-22,3],[-27,-9],[-16,-28],[-5,-42],[-11,-6],[-20,4],[-7,-9],[17,-18],[54,-16],[48,-11],[89,-6],[7,-13],[2,-2],[-3,-4],[-2,-2],[-4,-6],[-23,-18],[-145,-45],[-156,-133],[-74,-6],[-40,9],[-9,-3],[-8,-26],[11,-85],[-10,-56],[-25,-12],[-28,-40],[5,-14],[-6,-10],[-53,-58],[-4,-4],[-11,-3],[-57,-16],[-27,6],[-39,-15],[-22,-1],[-34,32],[-9,26],[-30,3],[-23,-9],[-9,-9],[-7,-10],[-7,-40],[19,-4],[2,-6],[-2,-2],[-6,-5],[-11,-12],[-19,-7],[-9,-3],[-5,-2],[-65,-2],[-56,-14],[-27,18],[-24,-11],[-32,-6],[-27,3],[-2,1],[-39,13],[-9,11],[-2,7],[-15,54],[8,52],[-9,52],[8,10],[-9,48],[324,182],[-145,309],[129,137],[-129,162],[-117,33],[-7,6],[-10,-1],[-147,42],[-26,2],[61,205],[452,275],[-111,59],[381,363],[-291,157],[-109,8],[165,221],[76,342],[-95,11],[13,66],[-9,11],[6,9],[-5,6],[-19,4],[-2,6],[13,12],[-22,10],[-3,5],[8,10],[-32,21],[-26,-2],[-69,-34],[-34,1],[-16,5],[-5,10],[-2,32],[-6,10],[-14,7],[6,13],[-4,14],[-39,-13],[-11,2],[14,24],[-14,18],[46,20],[19,25],[-38,56],[-43,36],[7,18],[-1,176],[5,35],[-538,49],[-330,-164],[-525,-245],[-173,200],[-61,8],[-10,16],[21,26],[-13,6],[-51,62],[-8,35],[-27,16],[12,9],[20,-6],[17,1],[14,32],[35,7],[44,62],[16,1],[63,39],[19,23],[34,24],[16,-1],[16,20],[24,2],[27,26],[12,46],[25,14],[14,20],[50,17],[19,-8],[31,-1],[20,8],[17,31],[31,16],[9,17],[16,1],[19,23],[-6,6],[21,110],[-22,9],[-175,200],[-38,3],[-32,-9],[-13,9],[-42,-2],[-4,-8],[-36,-6],[-14,-9],[-46,9],[-9,-10],[-51,5],[-7,-15],[-16,-5],[-92,13],[-23,-16],[-18,7],[-30,-7],[-12,-15],[-28,-13],[-65,-3],[-33,8],[-35,-17],[-25,9],[-24,-159],[-16,-6],[-13,-22],[-115,-23],[-106,4],[-61,-27],[-14,-13],[-49,-7],[-50,38],[-129,18],[-17,14],[-20,58],[-69,-20],[-125,13],[-28,-3],[-117,53],[-28,25],[-105,51],[-41,8],[-14,18],[9,16],[-18,74],[9,24],[-5,15],[-83,62],[-160,23],[-2,9],[-13,6],[5,14],[-8,18],[-21,15],[0,14],[-13,22],[7,48],[-19,46],[-28,-35],[-25,-9],[-25,-17],[-14,-21],[-23,-17],[-11,-18],[-2,-20],[17,-19],[-2,-21],[-11,-7],[-6,-20],[-34,-22],[-3,-15],[-12,-9],[-60,13],[-31,-3],[-34,-17],[-22,-1],[-8,-8],[-15,8],[-22,-3],[-19,-10],[-14,0],[-10,-11],[-16,3],[-21,-11],[-33,-5],[-40,-23],[-32,-3],[-44,7],[-44,-7],[-4,-5],[6,-5],[-16,-11],[8,-8],[-1,-12],[19,-12],[0,-17],[-9,-2],[-9,-28],[-20,-19],[-9,-33],[-33,-15],[-46,-47],[-16,0],[-24,-10],[-52,-1],[-16,-9],[-11,5],[-18,-5],[-67,-41],[-17,-2],[-32,-31],[-39,-2],[-27,-14],[-2,-6],[-17,6],[-51,3],[-57,-8],[-31,9],[-172,-87],[-39,-35],[-10,-34],[-15,-24],[-13,-2],[-42,-29],[-13,-1],[-24,-43],[-24,-7],[-13,-18],[-39,-27],[0,-9],[-31,-24],[-17,-36],[-32,-5],[-11,-11],[-44,1],[-118,-66],[-30,-9],[-29,-25],[-46,-22],[5,-4],[-6,-10],[10,-9],[-14,0],[3,-5],[-11,-16],[0,-23],[9,-10],[-7,-23],[-10,-4],[4,-10],[-13,-5],[7,-7],[-28,-9],[-1,-7],[-36,10],[-16,-10],[-8,13],[-27,11],[4,-14],[-23,10],[-13,-11],[-32,2],[-38,-6],[-6,4],[-12,-12],[-6,-29],[-34,-4],[-33,-14],[-16,8],[-4,-11],[-45,-5],[-5,21],[-33,-2],[-22,20],[-24,-5],[-9,2],[-8,24],[-12,5],[9,11],[-16,2],[-8,-10],[-2,24],[-13,14],[6,16],[15,5],[-34,2],[2,12],[-24,9],[-73,7],[37,-27],[-6,-35],[-47,-9],[-14,-72],[-58,6],[-36,-203],[-14,9],[-22,3],[-54,-5],[-31,-25],[-27,-33],[-24,-15],[1,-17],[34,-39],[-9,-17],[-30,-3],[-9,-6],[8,-28],[-11,-54],[-314,117],[-45,-75],[147,-138],[-22,-8],[-33,10],[-20,-5],[-54,-47],[-70,-22],[-34,-18],[-2,-9],[18,-25],[-7,-13],[-15,-8],[21,-16],[-7,-42],[16,-47],[-57,-64],[-14,-6],[-54,8],[-25,-5],[-26,-31],[-83,-44],[-30,-35],[-7,-27],[-41,-11],[-44,-35],[-39,0],[-67,-28],[-43,-45],[-29,-16],[-38,-2],[0,-12],[-13,-9],[-9,-23],[-13,-6],[-37,-40],[-32,-16],[-17,-1],[-21,-9],[-17,-33],[-13,-8],[-35,-8],[-54,-50],[-18,20],[-73,19],[-42,-16],[-51,-8],[-14,-12],[-53,-16],[-22,2],[-86,-14],[-75,10],[-48,-9],[-61,-58],[-56,-16],[-9,-39],[9,-133],[17,-24],[46,-39],[-4,-20],[12,-5],[2,-30],[10,-12],[55,-16],[23,-11],[11,-14],[-23,-23],[-1,-23],[-24,-53],[14,-29],[35,-21],[46,-56],[1,-11],[-48,-18],[-29,-23],[19,-31],[4,-80],[-7,-22],[-17,-26],[-22,-14],[-32,-6],[-4,-15],[-45,-67],[-11,-8],[8,-20],[-8,-28],[0,-32],[-11,-21],[14,-37],[-26,-54],[-4,-62],[-8,-23],[-17,-17],[-36,-19],[-12,-38],[10,-18],[21,-20]],[[49898,53672],[0,0],[2,-2],[7,-21],[1,-10],[3,-1],[62,-34],[-86,7],[-4,-34],[31,-45],[-16,-10],[2,-17],[-21,-7],[9,-21],[-6,-17],[-52,-35],[-18,-25],[-13,-4],[-20,6],[-19,-36],[-27,16],[-17,3],[21,-41],[-22,-18],[-3,-1],[-22,-3],[0,-11],[-32,6],[-33,-6],[-16,3],[-29,-15],[40,-47],[0,-17],[10,-9],[3,-15],[-1382,132],[-43,-570],[-672,57],[-42,-26],[-169,172],[-388,357],[31,44],[-145,78],[47,47],[-170,13],[51,360],[-467,36],[-5,-8],[-179,14],[-18,-16],[-10,5],[-7,-11],[-15,-4],[7,-9],[-14,-11],[-4,-11],[5,-23],[-15,-10],[-18,4],[-21,-7],[-62,37],[-15,-10],[10,-4],[-2,-5],[-9,-4],[-19,3],[-14,-43],[21,-34],[-16,-3],[-1,-9],[9,-26],[25,-15],[9,-14],[23,1],[6,-6],[36,-10],[12,2],[4,8],[16,-5],[43,10],[2,-13],[13,-9],[-18,-23],[11,-15],[-6,-20],[16,-40],[32,-26],[16,-4],[3,-12],[35,-8],[4,-12],[16,-5],[20,-18],[-6,-2],[-18,-71],[15,-12],[-2,-116],[23,-39],[-48,4],[-39,-44],[15,-16],[-4,-11],[67,-5],[-11,-79],[-22,2],[-36,-26],[-11,-27],[-93,-87],[-4,-36],[-52,-37],[-52,-60],[1,-38],[-11,-1],[0,-6],[-20,-2],[-10,-15],[-10,-3],[-13,27],[18,18],[1,20],[-17,23],[-13,1],[3,7],[-11,6],[-21,-1],[-31,10],[-12,-8],[-12,0],[-54,-32],[-20,-2],[-21,-13],[-18,-1],[-21,8],[-22,-7],[-34,34],[-42,-3],[-13,5],[-15,26],[-44,4],[-32,-5],[-34,16],[-5,10],[-26,2],[-8,34],[11,-4],[7,16],[-21,18],[5,28],[-15,12],[7,49],[-30,25],[-422,31],[7,42],[-6,24],[-29,8],[-9,9],[3,16],[-30,60],[3,14],[-21,13],[-34,-18],[1,-26],[9,-15],[-11,-20],[-14,-3],[-18,15],[-7,-2],[-12,41],[-13,1],[-10,-12],[12,-23],[-2,-13],[-10,-23],[-26,-29],[-3,-13],[15,-16],[11,-3],[2,-13],[-189,14],[3,-27],[-15,-49],[27,-31],[-295,25],[14,102],[-281,21],[30,202],[-24,62],[45,160],[45,39],[23,152],[-36,0],[-39,-11],[-57,15],[-79,-2],[-33,-13],[-23,20],[-17,1],[-72,41],[-126,7],[-39,-5],[-19,7],[-69,5],[-124,194],[-407,33],[-11,-560],[-104,-723],[-53,-288],[723,-60],[147,-113],[-291,-206],[33,-24],[-19,-25],[8,-47],[37,-16],[30,-1],[6,-11],[9,-5],[48,0],[78,-60],[59,33],[15,5],[19,-1],[67,-56],[1,-6],[-13,-10],[1,-10],[6,-6],[27,-7],[6,-25],[-14,-13],[0,-9],[19,-14],[-2,-19],[7,-6],[-405,-241],[289,-264],[-443,-250],[-89,-73],[-61,-299],[8,-39],[3,-7],[100,-58],[379,-652],[129,-71],[64,24],[40,7],[86,-5],[48,-15],[-387,-223],[-135,119],[-774,-536],[-47,-44],[-22,-43],[-10,-74],[-126,9],[-45,-324],[-729,66],[-45,-383],[-126,33],[-407,52],[-115,3],[-115,31],[-44,-386],[-272,20],[-44,-343],[-75,-40],[-30,-8],[-40,0],[-73,-34],[-43,-13],[-46,-43],[-58,-72],[-48,-37],[-32,-14],[-91,44],[-37,31],[-171,46],[-34,30],[-16,60],[-98,44],[-64,9],[-50,1],[-98,-31],[-44,0],[-28,-22],[-59,-17],[-94,7],[-154,30],[-39,7],[-17,3],[-7,-2],[-11,-5],[-4,-1],[-52,-59],[-102,-71],[-94,-85],[-67,-31],[-176,-9],[-59,13],[-75,4],[-53,-12],[-60,-26],[-83,-17],[-471,-32],[-176,33],[-177,64],[-136,59],[-268,79],[-122,23],[-211,-58],[-31,-1],[-198,66],[-178,119],[-87,147],[-96,115],[-47,29],[-22,23],[-93,56],[-101,45],[-91,23],[-139,-40],[-39,-20],[22,-38],[13,-68],[-24,-53],[-52,-42],[-74,-32],[-151,-46],[-29,-24],[-24,-9],[-28,-46],[-41,-14],[-23,-36],[-63,3],[-40,11],[-14,-10],[-55,-10],[-25,14],[-66,-29],[-32,-25],[-18,1],[-7,-8],[2,-100],[-72,-79],[-66,-6],[-33,5],[-105,42],[-34,3],[-27,-9],[-17,-20],[-17,-35],[-23,-22],[-102,-37],[-42,-24],[-31,-31],[-48,-84],[-56,-66],[-7,-73],[-9,-15],[-48,-34],[-30,-11],[-19,2],[-13,9],[-39,48],[-30,15],[-16,-2],[-46,-40],[-4171,271],[10,77]],[[29617,47579],[47,360],[-112,5],[81,714],[-1338,74],[-9,-69],[-134,9],[169,1363],[-301,20],[-10,-124],[-745,57],[-8,-67],[-487,37],[111,846],[-305,13],[-16,-119],[-1191,74],[-66,-553],[-1029,57],[-57,-566],[-22,-4],[-11,5],[-25,-7],[-45,2],[-45,38],[-30,5],[-35,25],[-87,0],[-28,13],[-14,18],[-31,10],[-40,42],[-4,11],[-21,5],[-16,13],[-35,-4],[-48,9],[-62,-18],[-29,4],[-18,-7],[-22,13],[-78,-3],[-42,15],[-24,-5],[-18,5],[-12,14],[-14,0],[-13,9],[-21,-2],[0,9],[-16,2],[-1,13],[-20,10],[-6,-6],[-11,11],[10,11],[-1,10],[-26,3],[-9,13],[10,15],[-9,18],[12,13],[-1,9],[-25,21],[-2,33],[72,-6],[103,734],[205,-13],[153,1274],[-447,30],[-1660,131],[38,278],[-354,25],[-60,27],[-12,12],[-32,6],[14,20],[12,4],[-7,22],[3,35],[-13,10],[-4,26],[-22,3],[-10,11],[-16,36],[10,13],[-2,25],[-14,3],[-2,5],[6,10],[11,3],[21,0],[1,-8],[8,-1],[14,22],[-10,15],[0,19],[-9,4],[-10,17],[-13,5],[-10,14],[-26,11],[0,25],[-17,56],[4,36],[-16,20],[17,10],[-7,23],[7,13],[-9,5],[-1,16],[20,13],[15,2],[2,11],[47,3],[8,15],[2,18],[-23,15],[-18,24],[9,5],[-10,20],[37,22],[-12,26],[-19,14],[18,21],[-11,8],[1,10],[39,20],[-2,27],[26,12],[-22,52],[8,39],[-4,10],[-8,6],[-54,6],[-19,18],[-40,20],[-14,0],[-2,8],[21,39],[-9,15],[8,34],[-15,35],[-43,12],[-14,10],[-33,45],[-9,45],[-28,17],[-47,6],[-14,12],[5,8],[-20,32],[-1,16],[-50,20],[-12,14],[-14,38],[-19,7],[-21,-4],[-13,17],[-21,4],[-4,10],[-17,-3],[1,25],[-20,12],[12,13],[-9,16],[-21,10],[18,30],[-14,31],[19,7],[-17,18],[10,15],[-49,31],[5,15],[-14,13],[15,18],[-16,23],[4,19],[-5,29],[-7,8],[-24,6],[-10,34],[-21,11],[-46,-5],[-23,29],[-9,25],[12,21],[-2,25],[-24,18],[-5,17],[8,7],[-15,11],[0,13],[-22,17],[0,18],[-39,21],[-33,9],[-14,17],[-34,-4],[-33,43],[-65,15],[-15,-5],[-3,-8],[-37,21],[-12,12],[6,46],[40,67],[-12,26],[6,19],[-24,38],[-4,23],[-25,36],[-3,17],[10,9],[-12,16],[-1,20],[15,14],[11,25],[17,13],[-1,10],[41,12],[290,-15],[50,487],[540,-38],[-13,-117],[729,-52],[32,264],[-33,0],[-20,-10],[-23,-3],[31,358],[469,-21],[14,142],[-1054,57],[80,808],[74,17],[11,-2],[16,-22],[40,-32],[78,6],[53,-8],[1,-47],[18,-6],[80,17],[25,-3],[29,7],[33,-3],[35,-6],[33,-19],[15,-20],[20,-12],[60,9],[126,61],[34,346],[-386,16],[25,341],[157,-9],[101,827],[967,-73],[24,189],[979,-62],[-20,-182],[714,-65],[-330,299],[722,456],[736,-699],[293,184],[775,-657],[574,371],[1,22],[-31,34],[-26,46],[-42,27],[-7,15],[-43,25],[-39,2],[-58,28],[-26,31],[-53,18],[-73,-2],[-81,9],[-58,13],[-60,27],[1065,728],[392,-344],[894,895],[-36,-7],[-85,8],[-15,18],[-42,6],[-30,41],[-20,9],[-19,21],[-20,8],[-25,23],[-39,12],[-14,9],[-7,17],[-52,17],[-60,41],[-11,22],[-20,8],[-13,12],[4,20],[-22,11],[-19,38],[-29,13],[-40,4],[-32,19],[-28,2],[-13,13],[-33,11],[-8,18],[-39,24],[557,574],[249,2061],[317,1829],[264,290],[397,-203],[278,304],[1,13],[-144,114],[-58,36]],[[98144,22295],[17,-5],[7,-22],[-1,-47],[-33,-278],[-14,-241],[11,-161],[21,-105],[21,-68],[25,-57],[17,-18],[32,-70],[34,-52],[43,-54],[49,-42],[111,-70],[57,-24],[61,-10],[47,-2],[6,6],[25,-3],[15,5],[4,11],[6,-4],[-3,-4],[11,-17],[-8,-4],[-4,-61],[8,-5],[-6,-27],[12,-12],[-8,-9],[5,-26],[20,-41],[14,-9],[21,3],[-15,-14],[-14,-49],[-28,-58],[-183,-274],[-119,-203],[-18,-20],[-9,-23],[-209,-354],[-64,-94],[-185,-303],[-32,-48],[-11,-5],[-3,-18],[-194,-315],[-316,-556],[-197,-374],[-77,-170],[-7,-4],[-61,-159],[-50,-165],[-25,-117],[-4,-64],[10,-117],[21,-92],[37,-105],[3,-63],[-44,-119],[-33,-41],[-5,-39]],[[94392,11843],[123,-16],[-4,-12],[-17,-12],[6,-6],[84,-10],[74,13],[8,8],[28,-23],[-2,-13],[7,-10],[11,-2],[25,8],[14,18],[-10,20],[36,-4],[4,-8],[15,-2],[30,-25],[5,-2],[12,-4],[23,94],[39,-28],[13,53],[37,-4],[26,-14],[35,2],[20,-7],[-15,-62],[23,-3],[23,-12],[32,14],[-5,-16],[10,-2],[-10,-24],[-13,-11],[1,-10],[30,-14],[5,-10],[57,4],[25,11],[14,-5],[-2,-9],[8,-4],[29,-2],[1,-14],[35,-27],[0,-19],[11,-18],[30,-28],[29,-4],[18,-15],[2,-16],[42,7],[34,-12],[26,-3],[4,15],[35,-4],[-5,-2],[-10,-44],[43,-5],[-6,-25],[77,-8],[-17,-80],[-73,7],[-7,-35],[14,-2],[-8,-35],[38,-4],[-11,-43],[103,-11],[-18,-83],[-28,-17],[-3,-11],[-27,5],[-19,-6],[-17,-100],[102,-11],[74,12],[37,-24],[46,14],[34,20],[87,-4],[16,-4],[12,-25],[13,2],[24,-10],[50,-5],[15,-6],[8,3],[46,-14],[39,2],[8,-11],[60,-23],[27,-29],[54,22],[20,-29],[-26,-10],[9,-12],[31,14],[31,-14],[21,8],[21,-7],[72,-1],[56,28],[34,0],[7,3],[-4,7],[11,4],[-8,6],[-2,13],[6,30],[156,-15],[44,-28],[20,0],[16,-28],[31,4],[41,-19],[74,39],[13,31],[-4,46],[26,10],[22,18],[2,14],[385,73]],[[97396,11159],[68,-184],[64,-140],[82,-126],[142,-173],[26,-55],[5,-41],[-7,-12],[-31,-18],[-19,-30],[-25,-17],[-28,-6],[-55,1],[-39,-10],[-56,2],[-217,69],[-19,-5],[-48,2],[-15,8],[-37,-4],[-65,-14],[-10,-16],[-26,-3],[-169,-71],[-35,-17],[-21,-19],[-8,-18],[-50,-60],[-40,-73],[-25,-20],[-20,-28],[4,-24],[-17,-3],[-26,-16],[0,-24],[-32,-32],[-6,-36],[16,-42],[40,-38],[26,1],[49,12],[48,-15],[160,-30],[19,-9],[26,-4],[-4,16],[26,-7],[28,6],[39,16],[14,12],[-11,17],[8,2],[11,-9],[23,14],[-16,3],[-24,-6],[6,8],[12,3],[28,-5],[15,7],[10,-5],[11,-33],[-7,-16],[10,-14],[-5,-25],[20,-15],[-18,-18],[2,-21],[-11,-17],[0,-18],[12,-14],[4,-16],[-16,-8],[-22,-46],[-14,-45],[5,-10],[-17,-33],[-26,-8],[-16,20],[-52,17],[-40,-18],[-15,6],[-24,-15],[-2,-10],[-88,-90]],[[95467,11407],[-4,-22],[44,-4],[-12,17],[13,15],[-10,3],[-11,-8],[-20,-1]],[[29617,47579],[0,0],[-1460,100],[-166,-1290],[193,-13],[-280,-2332],[288,-19],[-64,-525],[20,-1],[-77,-643],[-94,-13],[-17,2],[-22,-145],[24,-2],[-37,-323],[-28,2],[-160,-247],[344,-25],[-54,-381],[-154,11],[-65,-458],[-122,10],[-64,-551],[-571,36],[-26,-115],[249,-17],[-99,-763],[211,-11],[-34,-331],[-593,7],[-643,91],[-67,-39],[581,-494],[-473,-280],[178,-14],[-73,-526],[-271,-158],[228,-16],[-11,-87]],[[18736,15842],[-18708,-2],[-1,10059],[-27,37017],[61,-44],[84,-38],[51,-32],[25,-18],[-4,-16],[6,-6],[62,-17],[33,-16],[41,-35],[65,-90],[12,2],[106,-60],[15,-13],[-8,-16],[7,-8],[29,0],[177,-128],[11,-12],[-2,-11],[6,-6],[24,7],[13,-5],[110,-56],[93,-33],[23,-13],[4,-8],[-10,-9],[4,-23],[12,-6],[17,17],[9,-3],[50,-28],[117,-50],[172,-55],[158,-37],[206,-37],[123,-76],[42,-17],[112,-25],[22,-18],[40,2],[37,11],[4,21],[-11,10],[8,7],[17,-2],[5,-13],[22,-2],[12,12],[27,-15],[20,-2],[18,4],[93,-5],[210,-72],[34,-15],[76,-45],[77,-32],[35,0],[35,10],[91,2],[22,-3],[34,-26],[48,-5],[95,-28],[29,3],[6,16],[29,5],[125,-11],[130,-2],[41,-10],[12,18],[9,3],[217,12],[43,-9],[18,8],[110,17],[44,-2],[11,5],[45,2],[18,7],[46,5],[18,11],[13,-2],[18,-13],[93,-16],[30,-11],[72,-67],[38,-22],[71,-28],[123,-37],[178,-42],[17,-9],[3,-9],[34,-2],[94,-29],[11,-5],[28,-32],[3,5],[16,-2],[89,-33],[82,-22],[231,-45],[39,-22],[3,-12],[25,-6],[34,-23],[56,-18],[224,-41],[78,-4],[101,6],[125,-31],[87,-14],[212,-13],[14,-11],[24,8],[13,-13],[59,-12],[44,-34],[13,26],[20,-2],[28,-7],[118,-58],[66,-16],[10,-8],[-5,-23],[-23,-12],[-25,-33],[15,-10],[5,-35],[28,-51],[56,-51],[77,-36],[18,-16],[48,-21],[21,-22],[26,-10],[-20,-7],[19,-32],[39,-45],[48,-37],[3,-10],[9,-7],[36,-2],[113,-47],[221,-46],[42,-20],[-24,-60],[-40,-52],[-17,-39],[-22,-81],[-4,-56],[30,-98],[-4,-17],[12,0],[4,-30],[6,-3],[11,-32],[-3,-11],[-17,-10],[19,1],[15,-29],[32,-183],[25,-42],[1,-25],[42,-63],[4,-31],[13,-5],[30,-57],[-5,-10],[24,-21],[38,-52],[34,-70],[72,-98],[15,-30],[16,-65],[31,-25],[51,-70],[16,1],[11,-15],[106,-78],[282,-130],[23,-21],[47,-8],[71,-32],[16,-10],[-6,-17],[34,12],[94,-21],[84,-30],[10,-18],[8,12],[9,1],[172,-1],[124,10],[161,-4],[184,-73],[50,-31],[91,-15],[68,-21],[138,-73],[68,-54],[6,-10],[21,-3],[137,-50],[51,-37],[79,-68],[-4,-5],[-46,-1],[-26,-9],[9,-13],[19,-2],[54,-22],[68,-13],[17,-17],[36,3],[21,-16],[34,6],[52,-19],[29,-25],[19,-45],[19,-29],[31,-21],[-3,-19],[21,-3],[3,7],[10,0],[18,-26],[23,-19],[22,-13],[99,-32],[31,-26],[50,-29],[54,-4],[107,-27],[44,1],[116,-19],[11,-6],[22,2],[4,-9],[10,10],[25,-2],[6,-7],[-3,-17],[-13,-18],[24,-1],[4,19],[28,-11],[-3,10],[10,9],[17,4],[33,-12],[-14,-11],[11,6],[10,12],[27,-17],[15,-1],[23,-26],[24,-7],[22,-17],[7,-15],[18,10],[14,-6],[16,13],[12,0],[12,-21],[-12,-30],[26,-4],[15,9],[105,12],[65,-6],[42,-23],[28,3],[36,33],[14,3],[24,-8],[8,-12],[12,14],[64,18],[38,-20],[11,-23],[28,-29],[14,2],[32,-30],[-2,-13],[-33,-22],[-6,-25],[3,-19],[75,1],[-10,18],[-13,0],[1,5],[11,24],[25,-2],[220,-74],[251,-57],[118,-48],[39,-35],[-6,-8],[-60,-24],[23,-12],[-6,-29],[3,-26],[42,-66],[84,-73],[39,-27],[58,-36],[127,-61],[92,-21],[152,-26],[382,-9],[217,21],[118,24],[83,11],[30,-9],[14,11],[77,14],[60,3],[39,11],[99,14],[35,-2],[43,-21],[78,24],[129,24],[58,4],[31,-6],[37,11],[58,6],[38,-3],[15,9],[163,25],[120,4],[134,13],[101,27],[142,25],[244,89],[52,36],[75,19],[36,19],[15,4],[16,-7],[8,-12],[20,-3],[117,10],[53,7],[245,62],[123,54],[97,67],[40,15],[40,2],[73,19],[39,0],[54,30],[33,6],[33,20],[69,30],[142,75],[97,67],[52,50],[85,53],[15,23],[33,10],[49,28],[73,14],[44,36],[16,2],[66,-22],[36,1],[12,-11],[14,-3],[26,8],[9,-4],[35,68],[98,70],[69,29],[-13,10],[13,9],[129,26],[124,39],[31,2],[84,33],[46,49],[75,56],[35,68],[114,127],[21,20],[15,5],[56,54],[3,35],[32,43],[-5,4],[7,26],[26,53],[1,32],[38,97],[4,110],[10,-1],[7,22],[13,-2],[1,31],[13,14],[-2,9],[-13,2],[3,33],[17,9],[-4,13],[9,7],[13,67],[-6,25],[5,25],[10,9],[-3,22],[15,60],[62,84],[13,26],[-12,12],[-3,16],[7,16],[47,55],[51,18],[-1,60],[50,94],[7,0],[13,19],[-9,35],[42,199],[0,21],[-16,3],[1,13],[19,35],[-9,9],[2,28],[-8,42],[-23,58],[7,27],[-54,-26],[-42,9],[-26,-18],[-15,2],[34,27],[22,1],[17,-5],[10,-4],[3,-10],[51,24],[2,33],[-12,11],[-11,0],[-7,12],[-2,34],[29,97],[50,106],[35,36],[64,90],[64,50],[107,66],[123,97],[145,137],[65,73],[102,125],[34,59],[19,47],[8,110],[28,63],[16,5],[42,-14],[34,5],[4,26],[-43,-1],[-3,20],[7,15],[14,-5],[-3,-14],[23,-3],[91,31],[171,109],[107,82],[125,108],[50,47],[123,145],[25,16],[89,126],[34,73],[24,134],[49,135],[7,56],[18,32],[34,25],[0,15],[22,38],[41,47],[40,13],[39,-4],[13,-9],[-2,-19],[5,-6],[10,0],[28,38],[2,47],[118,192],[73,101],[17,54],[5,42],[-6,53],[-7,26],[-37,60],[-57,48],[-20,29],[1,67],[20,45],[53,29],[9,51],[112,153],[18,34],[36,88],[-1,18],[64,155],[2,19],[36,68],[39,163],[8,10],[-12,-1],[-11,6],[-2,21],[14,48],[39,63],[235,280],[63,68],[59,81],[90,136],[45,81],[15,54],[-16,54],[-72,89],[-20,44],[-36,53],[-105,274],[2,33],[-8,-7],[-36,93],[-50,99],[-5,30],[33,21],[41,15],[25,43],[0,12],[42,59],[48,89],[26,81],[22,119],[25,190],[34,366],[34,122],[37,169],[32,81],[96,313],[108,301],[43,81],[33,31],[8,-2]],[[23466,70223],[0,1],[34,7],[1,-16]],[[6798,61175],[35,16],[26,-26],[40,-12],[24,-53],[-17,-2],[-28,28],[-31,2],[-17,7],[0,13],[-20,8],[-2,12],[-10,7]],[[6830,61266],[42,28],[9,-5],[-1,-16],[9,-14],[-47,-23],[-12,30]],[[7062,61539],[11,11],[28,2],[129,37],[44,13],[32,18],[21,-13],[22,-47],[18,-13],[32,-9],[5,-16],[18,-10],[2,-8],[-13,-1],[-23,-22],[-33,8],[-35,-1],[-22,10],[-42,-17],[23,25],[-8,1],[-24,-27],[-17,8],[-28,-27],[-14,2],[-58,-18],[-36,-31],[1,-16],[6,1],[-6,-14],[-22,14],[-4,20],[-18,26],[4,26],[-8,12],[27,43],[-12,13]],[[7234,61316],[4,-6],[-1,-1],[-1,0],[-2,7]],[[7318,61660],[1,1],[-1,-2],[0,1]],[[7354,61666],[2,0],[-6,0],[4,0]],[[7395,62141],[40,39],[125,73],[69,-10],[38,-27],[-13,-60],[-26,-34],[-2,-17],[25,-56],[-1,-25],[8,-7],[-10,-16],[-9,2],[-22,-26],[-22,-7],[-31,1],[-55,-32],[-14,-15],[-5,-19],[11,-36],[-80,2],[-61,-33],[-1,27],[17,24],[27,70],[-17,50],[-23,24],[-5,19],[1,17],[29,37],[7,35]],[[7362,61823],[16,10],[31,-30],[-21,-6],[-22,2],[-7,9],[3,15]],[[7412,61488],[0,-1],[-1,0],[1,1]],[[7494,62562],[51,34],[43,20],[58,43],[103,53],[63,42],[47,67],[-2,8],[-22,12],[-4,15],[50,54],[-2,11],[-16,7],[106,49],[44,36],[13,50],[-13,19],[45,15],[46,25],[52,12],[173,79],[29,25],[20,26],[36,24],[38,13],[29,2],[73,-22],[49,-4],[93,17],[55,23],[7,-15],[18,-14],[22,-8],[11,-17],[9,2],[-10,22],[34,-23],[29,6],[-16,14],[-76,20],[-10,7],[14,22],[17,10],[148,2],[88,21],[120,11],[114,-16],[125,4],[53,9],[65,22],[5,8],[-4,7],[64,24],[8,8],[-2,10],[83,29],[145,39],[90,37],[19,25],[-7,27],[35,8],[27,17],[5,13],[14,-2],[8,6],[16,-18],[35,-14],[90,-14],[132,-9],[70,-14],[70,-69],[6,-16],[56,-26],[55,-35],[63,-60],[72,-28],[46,-4],[71,4],[38,-11],[17,-25],[-16,-32],[-30,3],[-10,3],[-11,14],[-4,-5],[21,-18],[43,-4],[4,-19],[38,11],[26,-4],[18,-42],[31,-10],[23,-51],[-19,-39],[9,-44],[-8,-12],[4,-15],[-12,-19],[1,-20],[13,5],[19,-2],[40,-16],[8,-12],[-5,-22],[15,-14],[-5,-8],[-49,-10],[-31,4],[-69,-5],[-7,9],[-3,37],[-13,19],[-18,11],[-53,8],[-104,-6],[-31,-28],[-67,-12],[-21,-24],[-32,5],[-39,-10],[-27,-21],[-52,-16],[-109,-61],[-27,-8],[-15,23],[9,17],[-18,19],[-18,9],[8,30],[-4,15],[-19,12],[-38,8],[-7,9],[1,26],[-18,26],[6,13],[21,11],[0,24],[-30,29],[-81,22],[-29,19],[3,14],[-6,10],[32,22],[-9,3],[11,15],[-5,23],[18,11],[-18,-2],[-7,16],[-18,12],[-10,-9],[24,-27],[0,-30],[-128,-42],[4,-10],[-15,-31],[25,24],[3,-13],[-33,-20],[-8,-14],[-44,-28],[-3,-13],[20,-10],[-14,-25],[-74,6],[-39,-4],[-12,5],[-13,15],[-31,2],[-30,-15],[-43,-40],[-22,-3],[-24,3],[-11,-9],[-5,8],[-14,-3],[-8,4],[8,4],[-1,8],[-29,3],[-15,-10],[-12,-1],[11,-13],[-4,-5],[-19,0],[-2,-10],[-22,-7],[-1,-10],[40,-3],[41,-32],[14,-26],[15,-8],[48,-9],[21,9],[27,-4],[36,11],[55,-1],[10,-9],[8,-50],[-10,-17],[2,-9],[-23,-12],[-30,-30],[3,-39],[-37,9],[-8,22],[-25,20],[-5,24],[-15,12],[-25,8],[-57,-4],[-53,-17],[-40,-20],[-33,-25],[-16,-3],[-19,-42],[63,-7],[37,-15],[8,-10],[0,-12],[-21,-50],[-12,-8],[0,-11],[2,-12],[38,-45],[-12,-27],[-35,-44],[-38,-3],[-27,10],[-48,-1],[-76,-18],[11,-4],[-7,-16],[24,-2],[9,-12],[1,-14],[32,-20],[22,-31],[-8,-25],[17,-21],[-12,8],[-5,-4],[0,-22],[-9,0],[8,-13],[-58,-14],[-9,-19],[-9,-4],[-5,11],[-23,10],[-116,-1],[-2,10],[15,17],[-1,12],[-23,18],[-8,0],[-14,25],[0,15],[-19,29],[-21,7],[1,7],[6,0],[-4,7],[-19,16],[-45,10],[-15,17],[5,3],[-35,3],[-10,7],[20,9],[-12,12],[-12,8],[-30,-4],[10,14],[-21,3],[24,23],[23,-3],[2,4],[19,2],[13,9],[0,12],[-16,-9],[-35,4],[-83,46],[-19,3],[-19,-6],[-4,-9],[8,-15],[62,-36],[-8,-11],[10,-7],[-36,-5],[20,-35],[3,-86],[12,-20],[27,-15],[22,-26],[-24,-26],[-58,-39],[-22,-34],[15,-32],[39,-18],[-20,-5],[-17,2],[-18,9],[-2,12],[-18,5],[-33,26],[-31,10],[-21,-2],[-13,4],[-1,-8],[-16,-4],[17,-7],[30,-26],[-13,-35],[-94,-55],[-44,-35],[-22,-3],[-51,-65],[-1,-22],[-29,-16],[-43,30],[-19,-1],[-29,-10],[-68,-41],[-44,15],[-7,-6],[-29,-2],[-41,8],[-28,32],[-32,5],[-54,0],[-49,-8],[-68,-28],[-26,-1],[-14,23],[-10,44],[-18,28],[-27,16],[-55,10],[15,47],[17,11],[46,9],[12,10],[-37,-4],[-9,5],[0,9],[29,15],[-14,9],[-71,-52],[-16,-55],[-21,2],[-13,7],[8,-11],[-9,-3],[-27,65],[2,32],[12,19],[-7,12],[-1,30],[-21,35],[-20,12],[21,14],[-47,-17],[-40,-5],[-41,10],[-52,-6],[-17,8],[-13,14],[-11,25],[-3,47],[-13,15],[-14,34],[-26,23],[72,70],[3,16],[-8,37]],[[7433,61699],[-3,-3],[1,1],[2,2]],[[7446,61738],[3,3],[12,2],[-1,-2],[-14,-3]],[[7501,61911],[8,0],[6,-18],[16,-18],[-25,21],[-5,15]],[[7716,60654],[30,2],[13,-15],[-12,5],[-31,8]],[[7786,60587],[8,5],[33,-3],[38,-38],[42,-18],[26,-30],[82,-39],[22,-34],[30,-27],[90,-51],[12,-24],[-27,-2],[-13,17],[-53,-5],[0,28],[-19,22],[-54,1],[-26,-8],[-21,9],[-31,28],[-8,23],[-19,21],[-29,1],[-27,-12],[-2,30],[-12,28],[-19,18],[-14,4],[2,8],[-16,26],[5,22]],[[8081,64453],[11,-1],[-3,-13],[-9,9],[1,5]],[[8137,60667],[23,16],[3,-7],[20,-6],[10,3],[24,-12],[20,3],[21,-18],[-28,7],[-8,-18],[-16,-7],[-2,-14],[-16,14],[-31,-2],[-9,-7],[-4,8],[6,24],[-13,16]],[[8207,64261],[22,0],[11,5],[-9,18],[11,2],[-3,-14],[10,-12],[-27,-37],[-7,26],[-8,12]],[[8263,64288],[5,-5],[-5,-1],[0,6]],[[8316,61894],[6,3],[8,-16],[32,-16],[0,-13],[-14,-2],[-12,18],[-19,4],[-1,22]],[[8783,60848],[6,2],[13,-9],[-3,-9],[-16,4],[0,12]],[[8808,60275],[60,3],[72,-21],[11,-11],[16,3],[-13,-4],[-34,-1],[-88,11],[-21,7],[-3,13]],[[8845,60610],[33,-24],[-1,-5],[-18,4],[-14,25]],[[8888,60466],[20,5],[11,28],[22,2],[-20,-3],[-11,-27],[-16,-7],[-6,2]],[[8895,62411],[22,28],[2,-24],[10,-14],[-10,-3],[-4,-16],[-18,-11],[-9,12],[13,12],[-6,16]],[[8994,60209],[104,-10],[88,27],[33,26],[-3,5],[37,23],[1,10],[58,20],[66,41],[16,52],[-7,18],[18,33],[-8,7],[9,7],[53,2],[29,-5],[1,-7],[20,3],[14,17],[48,10],[44,32],[26,29],[-5,23],[12,36],[10,5],[-25,19],[10,32],[-23,50],[3,8],[20,-5],[25,-19],[35,-8],[13,-33],[20,-24],[65,-55],[77,-47],[46,-35],[31,-33],[46,-20],[40,6],[-12,-27],[-9,-1],[-10,-24],[-12,-8],[11,-51],[56,-87],[68,-43],[17,-27],[31,-29],[-13,0],[-16,10],[-37,-7],[-10,4],[-45,-12],[-49,-23],[-15,4],[-67,-3],[-116,-23],[-33,-21],[-9,-21],[12,-6],[-10,-8],[-13,8],[-18,-8],[23,-18],[-36,-8],[-31,10],[-5,7],[-31,-1],[-17,11],[-50,-5],[-20,-14],[-10,3],[6,3],[-8,7],[-9,0],[-4,-10],[-8,12],[-8,-3],[5,14],[-5,5],[-8,-3],[-10,25],[14,39],[-5,12],[-17,12],[5,13],[-152,-24],[-79,-18],[-35,3],[-13,-13],[-9,4],[-11,-4],[6,-13],[-21,-8],[6,-7],[-3,-11],[-28,-34],[-4,-18],[27,-21],[-32,1],[-15,7],[-18,-7],[-29,17],[-5,44],[-31,23],[-28,10],[1,35],[-13,9],[-1,12],[-17,18],[-15,47]],[[9315,62201],[27,9],[17,19],[28,14],[5,-2],[-7,-9],[8,-10],[7,26],[30,5],[26,16],[9,0],[12,-12],[18,5],[23,-30],[4,-21],[-26,-13],[-27,-32],[-23,-56],[-79,-37],[-7,5],[-42,1],[-24,11],[2,31],[-19,8],[37,51],[1,21]],[[9374,62291],[33,-11],[-3,-8],[-23,3],[-7,16]],[[9405,62267],[7,3],[3,-2],[-3,-2],[-7,1]],[[9507,62558],[4,-2],[-3,-1],[-1,3]],[[10014,60048],[8,5],[17,-12],[22,8],[9,-3],[-13,-21],[-26,-20],[6,-3],[-12,-3],[0,-32],[-17,6],[-12,-5],[2,6],[-9,6],[10,7],[-7,12],[29,25],[-7,24]],[[10289,60063],[34,-2],[33,5],[57,26],[6,14],[-9,11],[10,8],[-13,32],[36,29],[3,11],[12,10],[-1,11],[24,12],[4,31],[-13,25],[12,22],[5,4],[18,-4],[32,-17],[32,-39],[5,-18],[-20,2],[-20,-31],[-1,-14],[-27,-21],[-103,-141],[-7,-25],[12,-19],[-1,-31],[11,-5],[-6,-23],[-31,10],[-36,-6],[2,9],[-9,11],[-41,8],[11,18],[-6,30],[5,11],[-9,36],[-11,10]],[[10969,63233],[46,13],[24,29],[4,42],[33,36],[54,-5],[24,-14],[4,-9],[-10,-28],[8,-52],[9,-14],[23,-15],[-13,-32],[5,-35],[-9,-47],[-13,-2],[-9,14],[-13,5],[-5,23],[-15,8],[-23,4],[-43,-7],[-27,8],[-37,41],[-17,37]],[[11624,63168],[7,2],[40,-20],[14,2],[6,-10],[-27,-7],[-15,-15],[1,16],[-29,22],[3,10]],[[11656,63096],[5,5],[5,-6],[-5,0],[-5,1]],[[11769,62096],[41,28],[45,-4],[5,-7],[-49,-17],[-42,0]],[[11873,62068],[1,0],[-2,-4],[1,4]],[[11880,62079],[3,0],[-3,-6],[0,6]],[[11911,62292],[31,14],[51,-1],[41,11],[17,17],[-10,35],[11,11],[13,3],[19,3],[14,-20],[67,-22],[-53,-16],[-27,-30],[-15,-5],[-33,2],[-45,-21],[-10,-22],[-24,-27],[3,19],[-7,13],[-29,29],[-14,7]],[[94370,36227],[373,-494],[9,-38],[-10,-34],[37,-175],[65,-205],[11,-125],[56,-102],[28,-17],[11,-27],[-15,-167],[13,-100],[-25,-56],[29,-163],[-7,-36],[-28,-36],[-27,-53],[-51,-50],[-37,-30],[-30,-15],[-9,-131],[6,-28],[-21,-48],[-9,-80],[-68,-64],[-14,-32],[1208,-3987]],[[70344,18516],[-4,-18],[16,-3],[-7,-4],[-27,-7],[-45,9],[-57,-22],[-76,2],[-13,-21],[-30,-5],[-152,13],[-26,44],[-59,-18],[-193,24],[-58,31],[-20,-3],[-42,11],[-17,31],[9,12],[-30,16],[-30,-1],[-24,-10],[-1,-15],[-17,2],[-44,32],[-47,16],[-29,-1],[-22,6],[-7,16],[-59,37],[-12,24],[-13,10],[-113,21],[-45,17],[-72,44],[-4,26],[13,12],[-16,15],[-37,8],[-1,8],[50,221],[42,24],[2,20],[35,31],[54,16],[-2,28],[11,9],[-6,10],[24,2],[7,8],[42,10],[-89,155],[-52,6],[-13,-6],[13,-26],[-18,-9],[-42,-3],[-22,7],[-21,-1],[-34,25],[-49,15],[-39,-29],[-27,-7],[-27,2],[-36,18],[-31,2],[0,-30],[-22,-9],[-17,-59],[-25,-23],[-23,-1],[-7,-20],[-14,-5],[-36,19],[-53,52],[-18,9],[-30,42],[-39,20],[-11,13],[-76,-3],[-81,17],[-16,9],[-57,-1],[-9,14],[-22,10],[-8,26],[-26,18],[-69,31],[-35,2],[-42,25],[-103,-20],[-31,9],[-30,25],[-57,12],[-61,-1],[-56,7],[-37,-14],[-48,6],[-97,-8],[-43,17],[-75,-9],[-130,-58],[-126,26],[-26,13],[-22,-2],[-17,-11],[-20,-38],[-18,-5],[-38,8],[-3,20],[-16,7],[-35,45],[-42,5],[-24,-9],[-21,2],[-15,-5],[-32,27],[-1,21],[-63,21],[-53,-17],[-19,17],[-37,9],[-13,31],[-14,14],[-69,12],[-12,13],[-33,7],[-24,19],[-89,-12],[-44,3],[5,42],[-38,50],[-31,17],[5,8],[-23,34],[9,20],[-15,14],[17,46],[9,6],[-31,17],[-59,12],[-1,8],[-37,20],[-8,12],[13,9],[-54,18],[2,7],[-50,40],[-35,11],[-24,29],[-64,36],[-10,15],[-27,16],[-3,9],[6,10],[-14,49],[-36,9],[-24,20],[-76,41],[-22,31],[-26,5],[-46,-13],[-70,3],[-43,9],[-38,-24],[-27,-4],[-34,6],[-31,-1],[-52,82],[-2,14],[-16,17],[-31,0],[-9,7],[-11,23],[-50,61],[-42,-9],[-29,7],[-10,10],[-3,32],[-36,25],[15,30],[-4,9],[-22,7],[-30,-4],[-19,7],[-8,14],[-68,19],[-31,22],[-14,33],[-24,9],[3,21],[-30,42],[-2,14],[-7,6],[4,10],[-16,16],[0,31],[24,12],[0,6],[-11,8],[-23,50],[26,44],[-14,16],[-3,18],[-77,43],[-9,15],[4,26],[-19,13],[-18,30],[1,9],[-16,9],[-69,13],[-50,-12],[-42,7],[-20,16],[-48,15],[-28,29],[-89,7],[-21,-12],[-23,-4],[-50,48],[-8,1],[-35,36],[-2,12],[-21,13],[-69,-6],[-55,4],[-39,-9],[-4,2],[2,-3]],[[73603,5514],[-95,8],[-162,-790],[-512,49],[1,8],[-879,86],[-3,-19],[-279,22],[-13,-5],[-438,36],[4,18],[-220,17],[-528,-512],[-170,-977],[17,-2],[-31,-173],[-9,0],[-34,-191],[76,-6],[-53,-299],[-25,-6],[-27,-178],[436,-33],[-79,-476],[104,-6],[-62,-298],[224,-209],[176,-151],[-2,5],[29,26],[39,-35],[13,-31],[-1,-1]],[[71100,1391],[-1,-12],[13,-9],[-6,-8],[11,-11],[-4,-18],[-20,-2],[-27,-29],[-14,7],[-6,-18],[-17,-3],[16,-8],[-1,-12],[-30,-12],[5,-15],[-7,-7],[21,-1],[0,-15],[-14,0],[2,-8],[-8,-5],[7,-5],[-3,-6],[-30,1],[9,-5],[-6,-3],[8,-8],[-35,-16],[-2,-10],[12,-5],[-20,-15],[9,-6],[-19,-20],[-10,-2],[-2,9],[-12,5],[-43,-13],[-11,-11],[-17,14],[-16,-6],[-17,11],[-23,-11],[4,-4],[20,1],[-7,-9],[-39,-3],[-2,-9],[7,-10],[-9,-14],[-27,-11],[-1,-7],[-16,-9],[-38,7],[-8,-15],[4,-8],[-28,9],[-16,-12],[-17,6],[-21,-1],[-14,-5],[-8,-11],[-18,2],[-7,-20],[3,-15],[-32,-2],[19,-12],[-11,-8],[-1,-8],[-24,-1],[14,-10],[-27,-19],[-21,-8],[-12940,0]],[[97072,15054],[-112,-303],[-76,-265],[-32,-157],[-4,-152],[13,-77],[28,-72],[36,-55],[43,-47],[31,-14],[10,3],[12,-9],[27,-6],[52,35],[31,-1],[13,13],[27,-11],[26,15],[24,-14],[-4,-5],[-16,-1],[-7,-12],[0,-33],[28,-7],[-8,-5],[3,-5],[-13,2],[1,-18],[-13,1],[-8,-19],[-74,-253],[-53,-281],[-4,-53],[-11,-1],[8,-7],[-3,-64],[22,-19],[3,-19],[39,-35],[-13,-37],[-14,-76],[-6,-133],[8,-47],[21,-54],[-4,-120],[14,-35],[11,-71],[24,-44],[24,-10],[68,-46],[45,-9],[23,10],[-13,8],[3,8],[14,-10],[7,5],[22,0],[-10,-13],[-5,-27],[-15,-211],[19,-146],[-8,-23],[3,-50],[12,-23],[1,-18],[18,-17],[-4,-14],[50,-15],[0,-29],[14,-22],[-5,-6],[-30,2],[-13,-5],[-3,4],[-52,-38],[-11,13],[-8,-10],[12,-25],[-28,-111],[-4,-41],[20,-177],[98,-281]],[[97176,12768],[7,2],[16,-7],[-8,-3],[-15,8]],[[92524,5998],[-43,43],[-17,-2],[-38,11],[-16,-2],[-50,9],[-41,1],[-30,-12],[-18,3],[-14,-6],[-28,21],[-57,-19],[-44,-9],[-36,9],[-36,-5],[-51,15],[-60,32],[-7,0],[-8,0],[-18,1],[-5,-3],[5,-22],[-48,-9],[-12,-15],[-24,-2],[-23,-17],[-45,7],[-7,-9],[-68,-11],[-39,27],[-70,31],[-36,5],[-29,11],[-41,5],[-21,-5],[-78,17],[-11,-53],[-52,2],[-34,14],[-31,-16],[-136,-6],[-24,-10],[-38,1],[-29,7],[-43,-2],[-9,19],[-42,23],[2,23],[21,11],[-2,18],[-18,8],[-7,11],[-208,22],[-56,-25],[-1,-12],[-48,-35],[-53,-24],[-50,-12],[-315,34],[-9,-43],[-188,20],[24,-59],[-145,16],[-16,-63],[-332,35],[-19,-82],[-63,24],[-12,-33],[64,-84],[-2,-18],[-702,76],[-10,-45],[-36,19],[-16,-1],[-7,12],[-30,-2],[-46,-48],[33,-23],[-82,-42],[-29,35],[-18,12],[-1,12],[-7,-3],[-16,6],[10,10],[-7,5],[-7,0],[3,-6],[-8,4],[-1,25],[-29,-3],[-19,-10],[-28,7],[-6,13],[-24,14],[-135,21],[-34,13],[-2,-12],[-177,16],[-5,-4],[-196,20],[-304,22],[-464,47],[-46,-226],[-190,18],[-72,-369],[-143,11],[-46,-18],[-15,-11],[-24,-67],[-49,13],[-44,-3],[-17,-32],[24,-25],[-19,-24],[6,-5],[-34,-68],[11,-78],[-25,-12],[-89,-9],[-30,-13],[-27,-3],[-29,-20],[-51,1],[-33,-22],[-33,35],[-67,14],[-32,16],[-17,-7],[-50,-3],[-8,-22],[-26,-24],[-50,-11],[-12,-8],[-26,-3],[-13,-7],[-17,-27],[-14,-7],[-16,-3],[-9,3],[-17,-6],[-22,5],[-13,-6],[-25,10],[-20,-1],[-4,12],[5,8],[-8,5],[-53,-3],[-15,5],[-17,-8],[-2,-10],[-27,-21],[-14,-2],[-17,-12],[-62,9],[-47,-16],[-47,-40],[-433,44],[7,31],[-26,-5],[-24,3],[-13,-7],[-2,14],[-16,4],[-25,-22],[-35,-8],[1,-11],[-94,9],[17,74],[-191,-12],[-21,-16],[-41,4],[-54,-23],[-223,10],[7,35],[-191,20],[-15,8],[-10,-5],[-25,3],[-49,-24],[-36,29],[10,14],[-33,86],[15,32],[30,17],[30,36],[5,37],[16,6],[7,27],[11,9],[12,38],[-9,33],[-1282,121],[-28,49],[-100,-27],[-70,55],[8,75],[35,42],[-174,79],[-55,52],[-9,59],[-179,41],[-43,5],[-9,32],[-53,35],[-58,-29],[-41,23],[-3,112],[-73,40],[-95,10],[-3,22],[-37,-3],[-1,0]],[[61737,52747],[42,-74],[37,-31],[22,-32],[705,-226],[831,-172],[102,-28],[379,-234],[67,-19],[68,-31],[31,-66],[188,-148],[302,-95],[228,-118],[328,13],[298,-79],[1166,-384],[226,-110],[7,-14],[236,-96],[12,3],[40,-9],[46,-36],[826,-215],[24,-17],[869,-220],[1383,-174],[47,-43],[256,-321],[21,-16],[339,-48],[40,-15],[34,-25],[431,-67],[2078,-596],[1424,-618],[61,-18],[1347,-729],[32,-36],[31,-6],[51,-35],[456,-123],[214,-181],[139,-65]],[[93158,4608],[-25,-21],[-50,-3],[-19,7],[-72,-17],[-15,-32],[11,-15],[-21,-13],[-18,-30],[-19,-2],[-19,-10],[-1,-7],[-38,-33],[-4,-15],[11,-27],[-8,-6],[-16,4],[-31,-9],[-31,10],[-20,1],[-15,-12],[-25,2],[-31,12],[-10,-6],[-12,-17],[4,-28],[-21,-17],[0,-49],[31,-26],[12,-21],[-6,-26],[-36,-22],[-4,-10],[-58,-28],[-15,-26],[-34,-25],[-12,-25],[-24,-18],[0,-7],[-29,-7],[-33,16],[-23,-7],[-61,4],[-55,25],[-95,-34],[-40,7],[-24,-9],[-34,8],[-40,-1],[-49,22],[-22,-1],[-13,-31],[-100,-61],[-20,-51],[-45,-7],[-77,10],[-9,7],[-10,-6],[-9,-18],[-12,0],[-20,-32],[-29,-13],[-22,-20],[-2,-16],[-20,-5],[-34,-22],[-29,-9],[2,-9],[-9,-19],[-18,-6],[-6,-14],[-22,-11],[-15,-37],[-19,-1],[-23,-23],[-3,-15],[-13,-14],[-15,-7],[-21,16],[-43,4],[-17,35],[-61,10],[-32,10],[-15,-6],[-10,-17],[-13,-2],[-61,20],[-41,3],[-24,9],[-30,-3],[-23,-6],[-13,-18],[-52,-6],[-13,-13],[-15,-3],[-42,-48],[-48,-9],[-39,-34],[-4,-9],[-24,1],[-34,-5],[-3,-5],[-58,6],[-8,-9],[-24,-7],[-12,2],[-1,-13],[-12,-5],[-18,6],[-22,-6],[-25,4],[-26,-9],[-27,3],[-9,10],[-11,-6],[-18,4],[-9,-29],[3,-11],[-12,-11],[2,-32],[-48,-29],[-29,1],[-62,-22],[-11,-21],[-23,-10],[-29,-30],[-56,-27],[-18,0],[-7,-12],[-23,-10],[-4,-4],[7,-16],[-21,-20],[-105,-14],[-17,9],[-28,0],[-11,8],[-19,-5],[-27,44],[-2,13],[9,21],[-14,15],[-5,18],[-31,2],[-30,-10],[-8,-6],[4,-7],[-26,-11],[-28,-23],[-38,-7],[-19,-17],[6,-31],[13,-8],[-12,-5],[-20,-59],[8,-13],[11,-2],[1,-15],[-15,-23],[3,-14],[24,-18],[-9,-31],[3,-7],[14,-10],[26,-5],[21,-24],[60,-5],[2,-7],[38,-17],[23,-19],[15,-49],[25,-14],[-21,-39],[13,-35],[20,-11],[-2,-13],[-23,-31],[6,-19],[32,-31],[6,-14],[9,-1],[14,-13],[12,-19],[3,-41],[-5,-11],[15,-7],[10,2],[19,-38],[17,-13],[-7,-15],[24,-4],[42,9],[70,-11],[48,8],[37,-19],[5,-13],[-8,-11],[11,-14],[17,-4],[24,-27],[37,12],[16,-4],[8,6],[29,-9],[10,-19],[-22,-28],[6,-5],[3,-30],[18,-17],[19,-7],[1,-12],[26,-17],[-30,-33],[-59,-16],[-53,-37],[-75,-31],[25,-10],[10,-33],[-25,-28],[-19,-7],[2,-29],[-16,-4],[-17,-16],[1,-19],[9,-13],[-7,-33],[9,-12],[-14,-22],[31,-16],[0,-9],[-17,-24],[-37,-19],[12,-1],[25,-31],[0,-10],[-17,-21],[0,-23],[8,-13],[-12,-22],[9,-2],[4,-11],[-16,-11],[-5,-40],[-30,-9],[-6,-9],[-31,4],[-13,-21],[1,-8],[-27,-6],[8,-37],[-21,-24],[3,-8],[15,2],[35,-16],[18,-18],[13,5],[10,15],[18,-2],[34,15],[9,-15],[-22,-19],[13,-30],[-23,-6],[-25,-21],[8,-20],[-20,-13],[-12,-33],[-16,-16],[3,-16],[-32,-15],[-19,-1],[-1,-20],[-17,-16],[-19,-33],[-38,-12],[-20,3],[-13,25],[11,18],[-21,22],[-11,3],[-10,-20],[-90,-52],[-18,6],[-23,-3],[-20,-15],[-18,-25],[-12,1],[-36,-13],[-31,10],[-29,-12],[-94,-12],[-61,-16],[-30,-15],[-42,-6],[-5,13],[9,9],[-21,24],[-86,27],[-20,-1],[-11,7],[-18,-10],[-72,20],[-21,-16],[-43,2],[-18,3],[-22,21],[-36,13],[-64,-4],[-47,-22],[-7,3],[-20,-24],[-8,-19],[-5,-55],[-7,-5],[9,-23],[21,-14],[0,-16],[-25,-28],[5,-10],[-8,-32],[-31,-24],[-32,-11],[-12,8],[-38,2],[-30,10],[-10,21],[22,9],[-3,16],[-28,4],[3,5],[-13,15],[-12,3],[-86,-21],[-27,-20],[-19,3],[-23,-6],[-34,-16],[-4,-9],[-40,16],[11,32],[9,8],[-2,48],[-12,-2],[-35,15],[-21,2],[-7,14],[-22,12],[9,19],[-27,8],[-5,12],[-25,-3],[-54,21],[12,4],[11,12],[-22,35],[1,8],[-21,26],[9,19],[-27,10],[-2,18],[-30,48],[-1,6],[13,13],[-4,11],[6,24],[-17,4],[-14,14],[-17,4],[-24,-7],[-1,-9],[-39,-23],[-21,-3],[-14,21],[-30,-2],[2,-9],[-13,-6],[-13,-18],[-4,-19],[-25,-12],[-16,0],[1,-20],[-40,2],[-6,6],[-14,-10],[-8,-21],[-48,-35],[-1,-18],[-12,-8],[-6,-12],[-56,11],[-74,-46],[-13,-3],[-6,-9],[-33,4],[-15,-4],[-45,-26],[-2,-23],[-11,-12],[-12,-4],[-15,17],[-32,15],[-58,-12],[-23,11],[-23,3],[-29,-9],[-11,-11],[-97,-23],[-22,-20],[-6,-15],[-10,-1],[-23,-24],[-13,-4],[-12,7],[-19,-6],[-35,15],[-119,-56],[-21,-1],[-6,-7],[5,-5],[-1,-16],[-18,-49],[-24,-13],[-14,-19],[9,-23],[-20,-9],[-16,-19],[-51,-18],[-17,-33],[-30,-6],[-47,-43],[-19,-6],[-22,-45],[-7,-7],[-9,1],[-16,-20],[2,-23],[-19,-24],[-1,-13],[15,-46],[-46,-71],[45,-32],[34,-13],[7,-9],[-5,-12],[-18,-14],[-20,11],[-22,-7],[7,-14],[-19,-17],[-28,-48],[-12,-8],[-55,-10],[-89,-35],[-8,-11],[-25,-83],[-32,-45],[-34,-23],[-97,-46],[-25,-35],[-31,-11],[-46,1],[-7,-9],[-36,-15],[-28,-44],[-19,-15],[-3,-28],[-51,-33],[-42,15],[-68,-9],[-71,14],[-19,8],[-29,1],[-34,-17],[-22,-1],[-73,-17],[-17,7],[-6,15],[-62,32],[-28,12],[-34,0],[-19,15],[-4,33],[-15,14],[-2,35],[15,17],[40,20],[1,5],[-25,30],[-64,54],[-5,23],[-15,13],[-21,7],[-48,-7],[-18,27],[-37,21],[-17,26],[-6,45],[6,18],[-29,23],[3,27],[18,9],[25,31],[24,15],[-1,36],[18,6],[15,29],[-30,18],[-3,40],[7,13],[-18,7],[-47,-1],[-30,26],[15,29],[52,25],[11,17],[-1,61],[-32,35],[-15,49],[2,11],[32,11],[3,8],[-65,41],[9,25],[45,14],[-3,22],[10,10],[1,47],[-37,31],[-7,21],[-56,16],[-7,15],[-46,1],[-49,30],[-51,14],[-12,17],[-11,53],[-26,22],[-6,1],[-16,-18],[-12,-3],[-56,10],[-37,13],[-51,29],[-1,32],[-46,38],[-101,30],[-35,-11],[-35,1],[-14,16],[-50,34],[-2,16],[-11,8],[-61,0],[-51,26],[-25,-14],[-51,15],[-43,47],[-63,0],[-8,13],[-35,26],[-10,1],[-8,-11],[-9,3],[-7,38],[-24,0],[-18,-9],[-41,15],[-50,4],[-29,-18],[-38,-13],[-5,-21],[-81,-6],[-33,-18],[-14,5],[12,11],[-3,8],[-17,7],[-22,-9],[-16,7],[-6,19],[-29,9],[2,9],[22,6],[2,11],[-37,26],[-4,11],[6,36],[30,13],[-9,28],[4,30],[8,13],[-10,20],[-22,0],[-28,18],[-59,2],[11,25],[0,33],[-16,30],[-31,14],[6,8],[58,4],[4,11],[-6,32],[-10,29],[-13,15],[-81,43],[-14,18],[-45,1],[-27,12],[-31,0],[-28,11],[-39,-1],[-25,18],[-58,3],[-46,-29],[-17,11],[-17,2],[-18,-9],[-18,2],[-32,14],[0,15],[-10,10],[-19,1],[-29,-13],[-2,28],[-37,16],[0,33],[-11,53],[-38,30],[-11,1],[-21,-9],[-28,11],[-26,15],[-25,35],[-20,6],[-62,-6],[-18,-14],[-6,-19],[-33,-4],[-9,4],[0,23],[-27,7],[-20,-22],[-20,-5],[-26,41],[-10,2],[-32,-12],[-72,40],[-2,12],[-19,20],[-35,8],[-27,-2],[-30,17],[-40,10],[-62,2],[-16,21],[17,13],[-2,12],[-25,-1],[-66,20],[-34,-1],[-6,-9],[-12,-2],[-89,53],[-68,3],[-31,32],[-82,-8],[-10,22],[-10,7],[-35,-8],[-11,6],[-108,-5],[-11,-6],[9,-5],[-2,-5],[-16,-11],[-90,-22],[-9,-11],[10,-15],[-5,-7],[-53,-16],[-60,7],[-27,-21],[-24,-6],[-17,-12],[-17,8],[-18,22],[1,18],[-18,8],[-20,-17],[-35,-13],[-150,-44],[-59,-59],[-35,21],[0,15],[-9,5],[-32,-1],[-16,-24],[-49,11],[-64,2],[-6,7],[9,11],[-6,13],[-118,46],[-14,0],[-37,-14],[-23,-3],[-8,5],[-12,-1],[-24,-10],[-1,-7],[-14,-2],[-7,3],[-20,34],[-18,8],[-19,-8],[-17,-16],[1,-8],[39,-23],[-8,-22],[-14,-14],[-29,5],[-15,-6],[-40,4],[-19,-7],[-49,15],[-11,10],[-1,9],[27,7],[17,12],[29,-4],[15,12],[-12,15],[-14,-2],[-29,11],[-13,-2],[-26,6],[-25,-8],[-12,-23],[-32,-8],[-63,5],[-30,9],[-46,1],[-38,10],[-16,-24],[-16,-8],[-35,2],[-17,13],[-48,-28],[-42,-13],[-7,3],[-10,24],[-23,-12],[-70,8],[-32,14],[-28,29],[-47,23],[-30,4],[-31,-10],[-20,9],[-6,13],[19,5],[6,7],[0,49],[-7,7],[-15,4],[-23,-3],[-28,15],[-2,9],[-17,10],[-30,-9],[-33,-25],[-27,1],[-18,11],[15,19],[-2,9],[-46,-6],[-32,21],[-29,9],[-10,38],[12,9],[-1,6],[-39,8],[-6,7],[3,9],[20,11],[9,26],[-35,7],[5,28],[-5,11],[-25,-4],[-26,3],[-22,12],[-15,28],[13,25],[-4,5],[-57,1],[-89,19],[-30,22],[-19,48],[-45,8],[-25,24],[-56,11],[-23,22],[-8,22],[-28,11],[-22,-2],[-38,-25],[-76,16],[-58,-26],[-47,-8],[-35,-31],[-29,-11],[-11,12],[-18,-9],[-25,1],[-1,-8],[25,-10],[-5,-12],[-15,1],[-27,18],[-13,3],[-1,-16],[25,-10],[-28,-22],[-6,-12],[-11,-5],[-46,10],[-11,-10],[-15,8],[-11,-1],[-9,-5],[8,-23],[-7,-7],[-28,9],[-30,-4],[-8,4],[-2,13],[-25,13],[-19,-3],[-21,6],[-17,-6],[3,-11],[-21,-15],[-34,20],[9,6],[27,-5],[-6,19],[-16,-3],[-38,11],[19,5],[1,7],[17,13],[-4,10],[-9,1],[-29,-15],[-17,7],[-14,-10],[2,-15],[-10,-3],[-9,34],[-13,6],[18,6],[-8,18],[-15,-3],[-5,-14],[-15,-9],[-14,7],[-11,-4],[-9,5],[-14,-8],[-11,3],[6,-8],[-5,-3],[-10,1],[-7,9],[5,10],[13,2],[-11,4],[7,7],[-8,3],[-33,-14],[5,-26],[-30,3],[3,-12],[-7,-9],[-12,8],[-14,1],[3,-22],[-5,-5],[-15,8],[8,5],[-7,14],[-22,-7],[-6,-10],[14,0],[1,-6],[-17,-5],[-13,4],[3,12],[-14,-1],[-12,-11],[-13,18],[-16,8],[-5,-15],[-29,5],[5,-9],[-7,-3],[-18,6],[17,-18],[-5,-10],[-23,2],[-2,-11],[-38,13],[-7,14],[-19,-6],[-26,14],[-31,-4],[-9,-6],[1,-17],[6,-15],[12,-10],[-7,-23],[-10,-5],[-9,3],[2,17],[-31,-2],[-1,-5],[19,-3],[-4,-15],[-14,-3],[-28,17],[-7,-21],[16,1],[2,-4],[-17,-10],[-19,4],[-14,11],[-1,7],[-16,-1],[3,17],[-19,-8],[4,-9],[-8,-5],[-5,14],[-13,3],[-8,-7],[-8,8],[-37,-7],[-6,-5],[2,-19],[-13,-4],[7,-10],[-34,6],[-15,-20],[-30,14],[12,15],[-2,6],[-15,1],[-2,-11],[-17,-9],[-7,4],[4,11],[-9,0],[-15,-15],[-13,14],[-21,-2],[-8,8],[8,4],[-2,5],[-24,7],[-10,-3],[-7,-12],[-16,-4],[-24,13],[-17,-2],[12,-14],[-28,-1],[15,-11],[-24,2],[-11,-23],[-11,-7],[-10,6],[-3,16],[-5,1],[-4,-9],[-23,-9],[14,-7],[-2,-5],[-29,7],[6,-12],[-5,-8],[-23,7],[-10,-31],[-54,-12],[15,-12],[-19,5],[-14,-6],[-5,-15],[-19,-3],[-8,-23],[-9,1],[-12,20],[-12,6],[-10,-2],[2,-9],[-17,8],[-23,-11],[-13,2],[0,-10],[-36,12],[3,11],[-20,-3],[-9,-7],[-14,8],[-14,-12],[6,-12],[-18,1],[-8,-8],[-15,3],[0,-19],[-7,-3],[-32,14],[-7,25],[-12,-1],[-5,-11],[-19,4],[-5,-7],[-17,14],[-14,-4],[1,12],[-22,-8],[-14,6],[-6,-3],[-8,10],[-6,-8],[-13,1],[-13,-6],[-4,3],[-20,-2],[6,-9],[-9,-10],[-7,-3],[-7,8],[-4,-10],[-14,-1],[3,-9],[14,-5],[-14,-8],[-27,1],[6,-10],[-4,-2],[-15,3],[1,11],[-16,2],[-8,15],[-20,-16],[-7,1],[-18,19],[28,5],[-4,7],[-26,1],[0,-9],[-17,10],[-9,-7],[-1,19],[-31,-10],[0,15],[-17,7],[-4,20],[-11,-5],[-2,-15],[-8,10],[-19,-10],[-10,11],[2,7],[-29,7],[6,-13],[-17,1],[1,-11],[-40,13],[-5,-8],[-17,1],[-6,-16],[-33,-8],[-36,34],[-51,0],[-12,-14],[-17,-1],[1,-11],[-31,0],[0,-11],[-13,-5],[-4,-9],[6,-11],[-7,-3],[-13,21],[-9,2],[-7,17],[-15,1],[-6,13],[-11,-8],[-42,0],[-11,-11],[-10,9],[-15,-12],[-18,1],[-7,-6],[-47,-2],[-1,-10],[-17,-3],[-2,11],[-17,-1],[-7,11],[-13,-5],[-3,-10],[-10,0],[-5,17],[-16,3],[-6,-11],[15,-3],[-8,-12],[-10,0],[-2,7],[-19,9],[0,-16],[-18,7],[-5,-8],[-15,4],[-13,-8],[-4,10],[-24,9],[5,9],[-10,0],[-7,-3],[5,-12],[-15,1],[-6,8],[-4,-8],[-7,6],[-10,-6],[-9,3],[-15,-17],[15,-5],[-9,-11],[-21,16],[0,10],[-17,-6],[-2,-5],[10,-5],[-7,-4],[-10,1],[-5,7],[-11,-9],[-15,16],[-12,-14],[-10,10],[-20,-2],[-2,12],[13,1],[-8,6],[15,1],[2,4],[-31,8],[-22,-1],[-5,-6],[19,-6],[-1,-6],[-30,7],[-9,-15],[-21,-10],[-9,9],[10,10],[-7,3],[-13,-11],[-7,7],[-18,-8],[-7,-16],[-13,6],[-3,-14],[16,-12],[9,9],[18,-1],[-19,-12],[-11,0],[4,-15],[-18,2],[6,-11],[15,5],[4,-5],[-14,-10],[11,-4],[-18,-18],[-24,4],[6,11],[-7,3],[-11,-15],[-15,11],[-10,-12],[-9,8],[-13,-12],[-4,17],[-10,3],[10,6],[-6,4],[-11,-5],[1,-17],[-8,1],[-9,15],[-12,-10],[-18,5],[-4,-13],[11,-4],[-12,-2],[-7,8],[-2,-11],[-9,6],[-1,12],[-11,-5],[-6,3],[-10,-11],[-7,7],[7,9],[-18,-11],[-20,4],[-4,7],[21,0],[1,8],[13,3],[-4,6],[-17,-4],[0,9],[29,-2],[2,14],[-18,1],[-7,6],[11,7],[-48,17],[7,10],[-7,8],[5,3],[-16,15],[-11,5],[-16,-11],[9,-7],[-7,-8],[-8,2],[-2,-8],[-17,13],[-18,-3],[-22,8],[2,8],[-11,2],[-9,14],[7,6],[-2,12],[-22,18],[0,5],[-9,-7],[-7,12],[-12,-8],[-11,1],[1,7],[-9,3],[1,11],[-10,-7],[-6,3],[-9,-10],[-2,15],[-23,-5],[-11,13],[-7,-8],[-10,2],[-20,-7],[3,-8],[-9,-5],[-19,1],[-31,-12],[-9,8],[5,10],[-28,-4],[-7,3],[1,11],[10,7],[-3,11],[-18,14],[17,6],[-17,9],[-6,-9],[-11,3],[-19,-9],[-5,24],[15,5],[-6,16],[-5,5],[-10,-2],[-12,14],[-27,3],[-17,13],[-18,-7],[-30,10],[-14,-6],[-9,7],[-14,-8],[-11,11],[-26,2],[-7,-13],[-10,8],[-8,-12],[-8,-1],[-6,5],[-14,-10],[-15,-3],[6,-11],[-7,-5],[-30,12],[5,-12],[-5,-5],[-17,20],[-16,-1],[-18,7],[-9,-6],[-7,8],[-20,2],[-10,0],[-6,-8],[-7,10],[-8,-10],[-14,-3],[-19,14],[-20,-7],[7,-10],[-14,-9],[-21,2],[-15,-11],[-8,6],[3,4],[-8,2],[-4,-6],[-9,3],[-3,-11],[-9,-1],[-5,10],[4,8],[-8,9],[-5,2],[-9,-7],[-14,9],[-13,-4],[-17,11],[3,-21],[-6,-11],[-23,15],[-13,-15],[-6,1],[4,11],[-24,-9],[-18,-23],[-16,2],[-12,11],[-17,-6],[-14,3],[9,-19],[-8,-3],[-3,-13],[-9,-8],[-7,16],[-7,2],[-2,-19],[-10,-11],[-14,0],[-11,7],[-11,-10],[-9,13],[-10,-11],[4,-13],[-18,17],[-14,0],[-4,9],[-20,-14],[-19,8],[-2,-17],[-19,6],[9,-21],[-11,-6],[-3,-20],[-8,-5],[-18,3],[-6,-9],[-18,1],[-4,-6],[8,-8],[-15,0],[-21,-13],[4,-11],[-6,-8],[17,-4],[-9,-12],[20,-3],[0,-4],[-32,-13],[-1,-8],[-16,-3],[-3,-7],[-15,0],[1,-9],[-17,10],[-3,-11],[-10,-5],[10,-5],[-8,-7],[30,-15],[-14,-8],[12,-6],[-20,0],[8,-12],[-11,2],[-1,-5],[12,-13],[-17,-1],[-5,-7],[7,-10],[-19,-1],[4,-12],[-6,-6],[-16,6],[-39,-9],[14,-13],[26,1],[2,-7],[-14,-6],[-26,8],[-7,-18],[10,-8],[-9,-15],[-20,3],[-18,-8],[8,-9],[-8,-5],[3,-4],[18,13],[5,-11],[-32,-13],[-18,-16],[-14,-2],[9,-5],[-2,-5],[-23,-4],[-18,7],[-17,-14],[-17,0],[4,-13],[-10,-10],[8,-10],[-1,-12],[-15,-24],[-23,-14],[-3,-9],[-14,6],[1,11],[-9,-2],[7,8],[-9,6],[-17,-3],[-1,5],[-10,-4],[-4,11],[-11,-8],[8,-7],[-16,-7],[-16,19],[-15,-4],[3,9],[-16,3],[-10,-7],[9,-15],[-13,-3],[-12,16],[-11,0],[-10,24],[-20,2],[-23,-14],[-2,-6],[-17,-2],[3,-11],[-8,-10],[-11,9],[-12,0],[-14,-17],[12,-7],[-5,-6],[-34,2],[-8,8],[-30,-17],[-31,5],[-11,-10],[20,-15],[-27,-14],[6,-11],[-24,2],[-14,-4],[-3,8],[-15,1],[-1,-15],[17,-1],[-26,-10],[0,-14],[-15,4],[8,7],[-12,8],[-10,-4],[4,-6],[-13,7],[-6,-4],[-2,5],[-6,-2],[5,-6],[-6,0],[-6,9],[-6,-8],[-17,2],[-23,15],[-7,0],[-2,-8],[-25,2],[-10,-9],[-10,1],[-8,-21],[-12,-7],[5,-9],[-13,-1],[-6,-10],[-12,-4],[8,-17],[-4,-8],[-15,7],[-16,-13],[7,-3],[-5,-5],[12,-7],[7,1],[1,-5],[-21,-7],[1,6],[-12,1],[-2,6],[-9,-15],[-8,2],[-4,8],[-11,-9],[-23,1],[-8,-6],[3,-10],[7,-3],[8,5],[3,-6],[-7,-2],[1,-11],[-13,-5],[-11,-12],[-19,0],[-6,16],[-16,-1],[1,7],[10,0],[-10,11],[5,5],[-12,1],[7,4],[-6,3],[-5,-8],[-9,1],[-21,-10],[4,-10],[-17,5],[-7,-19],[-10,6],[-1,7],[-5,-4],[-9,3],[-2,-9],[-14,9],[7,5],[-19,0],[2,-13],[-13,-1],[7,-8],[-25,-12],[15,-7],[-17,4],[-7,-12],[-9,5],[-9,-4],[-2,-11],[-13,6],[-7,-3],[-3,6],[-2,-14],[-13,5],[9,-24],[-8,-5],[-13,7],[1,-12],[11,-4],[-17,-3],[-1,-10],[7,-5],[-21,5],[1,-11],[-12,4],[6,-11],[-15,2],[-8,-9],[-7,2],[-6,14],[-18,-1],[-3,-5],[-10,3],[-2,-10],[-13,2],[1,-7],[-12,-10],[-19,13],[-5,-5],[7,-13],[-17,4],[-17,-10],[-15,6],[-12,-2],[-3,-6],[-19,0],[-7,-3],[0,-11],[-32,-6],[-1,-10],[18,-7],[8,-11],[-13,-7],[-28,0],[6,-21],[-19,-21],[19,-9],[-1,-9],[-24,-2],[3,-12],[-11,0],[-1,-7],[-14,-2],[-2,-21],[-23,2],[-25,-18],[-11,-1],[-4,-8],[-17,4],[-1,-8],[-24,8],[2,6],[-5,1],[-12,-7],[6,-5],[-9,-13],[-10,8],[-24,-2],[-5,7],[-19,4],[-19,-6],[1,14],[-13,-3],[5,-10],[-9,-5],[-7,8],[-11,-2],[12,7],[-11,6],[-8,-7],[-14,1],[-6,-9],[11,-9],[-5,-9],[-9,-2],[15,-8],[-10,-7],[12,-3],[1,6],[6,0],[6,-12],[-4,-8],[12,4],[3,-3],[-8,-12],[-10,4],[-9,-8],[21,-1],[-7,-10],[-25,-7],[2,-11],[-51,-8],[-3,-5],[10,-5],[-5,-4],[-22,3],[0,-19],[-14,3],[-9,9],[-13,-6],[-2,4],[7,3],[-10,7],[-5,-7],[-16,-2],[-5,5],[15,11],[-3,3],[-25,-8],[-23,5],[-5,-6],[11,2],[3,-6],[-8,-11],[-19,6],[-37,-27],[-4,25],[-11,6],[-12,-9],[-15,13],[-3,-14],[-19,3],[-20,-17],[-22,-6],[-4,-18],[-25,-6],[-11,6],[-3,-10],[7,-15],[-13,-24],[6,-32],[-31,-5],[-19,-23],[0,-12],[-14,-20],[3,-7],[-14,-7],[-12,3],[-19,-30],[-29,-4],[-26,-25],[-1,-11],[12,-3],[15,7],[13,-10],[14,4],[5,-11],[-21,-5],[-14,-11],[-6,-7],[19,-4],[-29,-27],[-1,1]]],"transform":{"scale":[0.0001555744557445574,0.00020091320913209128],"translate":[137.99465,-29.17927]},"objects":{"qld_ddmg_boundaries_gda2020_simp20":{"type":"GeometryCollection","geometries":[{"arcs":[[[0,1,2,3,4]],[[5]],[[6]],[[7]],[[8]]],"type":"MultiPolygon","properties":{"District Name":"Brisbane","DDMG Name":"Brisbane"}},{"arcs":[[9,10,11,12,13]],"type":"Polygon","properties":{"District Name":"Bundaberg","DDMG Name":"Bundaberg"}},{"arcs":[[[14,15,16,17,18,19]],[[20]],[[21]],[[22]],[[23]],[[24]],[[25]],[[26]]],"type":"MultiPolygon","properties":{"District Name":"Cairns","DDMG Name":"Cairns"}},{"arcs":[[27,28,29,30]],"type":"Polygon","properties":{"District Name":"Charleville","DDMG Name":"Charleville"}},{"arcs":[[31,32,33,34,-13,35]],"type":"Polygon","properties":{"District Name":"Dalby","DDMG Name":"Dalby"}},{"arcs":[[-35,36,37,38,-14]],"type":"Polygon","properties":{"District Name":"Gladstone","DDMG Name":"Gladstone"}},{"arcs":[[-2,39,40]],"type":"Polygon","properties":{"District Name":"Gold Coast","DDMG Name":"Gold Coast"}},{"arcs":[[-12,41,42,43,44,45,-36]],"type":"Polygon","properties":{"District Name":"Gympie","DDMG Name":"Gympie"}},{"arcs":[[-19,46,47,48]],"type":"Polygon","properties":{"District Name":"Innisfail","DDMG Name":"Innisfail"}},{"arcs":[[-4,49,50,-45,51,52]],"type":"Polygon","properties":{"District Name":"Ipswich","DDMG Name":"Ipswich"}},{"arcs":[[-41,53,54,55,-50,-3]],"type":"Polygon","properties":{"District Name":"Logan","DDMG Name":"Logan"}},{"arcs":[[-28,56,57,58,59,60]],"type":"Polygon","properties":{"District Name":"Longreach","DDMG Name":"Longreach"}},{"arcs":[[-60,61,62,63]],"type":"Polygon","properties":{"District Name":"Mackay","DDMG Name":"Mackay"}},{"arcs":[[-20,-49,64,65]],"type":"Polygon","properties":{"District Name":"Mareeba","DDMG Name":"Mareeba"}},{"arcs":[[-11,66,-42]],"type":"Polygon","properties":{"District Name":"Maryborough","DDMG Name":"Maryborough"}},{"arcs":[[-5,-53,67,68],[69]],"type":"Polygon","properties":{"District Name":"Moreton","DDMG Name":"Moreton"}},{"arcs":[[[-15,-66,70,-58,71]],[[-17,72]],[[73]],[[74]],[[75]],[[76]],[[77]],[[79]],[[80]],[[81]],[[82]],[[84]],[[85]],[[86]],[[87]],[[88]],[[89]],[[90]],[[91]],[[92]],[[93]],[[94]],[[95]],[[96]],[[97]],[[98]],[[99]],[[100]],[[101]],[[102]],[[103]],[[104]],[[105]],[[106]],[[107]],[[108]],[[109]],[[110]],[[111]]],"type":"MultiPolygon","properties":{"District Name":"Mount Isa","DDMG Name":"Mount Isa"}},{"arcs":[[-29,-61,-64,112,-38,113]],"type":"Polygon","properties":{"District Name":"Rockhampton","DDMG Name":"Rockhampton"}},{"arcs":[[-30,-114,-37,-34,114,115]],"type":"Polygon","properties":{"District Name":"Roma","DDMG Name":"Roma"}},{"arcs":[[[-44,116,-68,-52]],[[-70]],[[117]]],"type":"MultiPolygon","properties":{"District Name":"Sunshine Coast","DDMG Name":"Sunshine Coast"}},{"arcs":[[-32,-46,-51,-56,118]],"type":"Polygon","properties":{"District Name":"Toowoomba","DDMG Name":"Toowoomba"}},{"arcs":[[-62,-59,-71,-65,-48,119]],"type":"Polygon","properties":{"District Name":"Townsville","DDMG Name":"Townsville"}},{"arcs":[[-33,-119,-55,120,-115]],"type":"Polygon","properties":{"District Name":"Warwick","DDMG Name":"Warwick"}}]}}}