{"type":"Topology","arcs":[[[12818,63663],[949,1748]],[[13767,65411],[41,75],[1,-1]],[[13809,65485],[1461,-1033],[1518,1116]],[[16788,65568],[897,-232]],[[17685,65336],[-1,-2],[-2,-8],[-54,-145],[-974,-2616],[0,-1545],[0,0],[216,-613],[-216,-541]],[[16654,59866],[-842,-2109],[-1270,-1331],[-350,-214],[-187,-823],[1013,-1681],[-221,-1827],[51,-1484],[415,-13],[-42,-515],[-91,-544],[-66,0],[-154,-16],[-70,15],[-63,3],[-41,18],[-48,3],[-78,59],[-76,132],[-44,27],[-51,14],[-96,14],[-66,-5],[-55,12],[-54,-3],[-115,16],[-171,12],[-49,-5],[-49,14],[-36,-3],[-29,-23],[-22,-6],[-65,14],[-93,4],[-52,14],[-161,25],[-42,21],[-47,37],[-7,55],[-54,18],[-34,40],[-49,27],[-123,35],[-118,20],[15,89],[55,20],[31,21],[-2,11]],[[12951,50054],[0,0],[-13,26],[25,58],[-6,36],[-25,6],[-125,72],[-41,44],[-41,87],[-22,20],[-17,2],[-30,-21],[-131,42],[-128,17],[-90,34],[-30,27],[3,92],[-19,19],[-4,47],[-51,13],[-95,54],[-35,54],[-109,33],[-74,0],[-54,9],[-82,97],[-75,31],[-31,33],[-100,35],[-59,33],[-45,0],[-27,8],[-43,37],[-30,11],[-89,-31],[-16,0],[-18,19],[-8,-6],[-73,28],[-65,-7],[-20,10],[-21,-3],[20,-15],[-7,-26],[-25,-17],[-100,5],[-64,-9],[-26,10],[-8,13],[-89,33],[-42,36],[-73,37],[-35,1],[-59,-14],[-67,2],[-19,7],[-42,22],[12,17],[-16,11],[-89,14],[-39,32],[-43,19],[-10,15],[-29,-1],[-23,20],[12,12],[-7,6],[-14,-20],[-7,2],[-24,1],[-6,0],[3,32],[-37,26],[-20,13]],[[10064,51404],[-11,8],[22,14],[-10,17],[-21,0],[-33,-14],[-85,53],[-19,1],[-32,-12],[-12,-33],[-27,-10],[-66,19],[-40,48],[-33,2],[-21,-19],[6,-17],[26,-12],[-1,-33],[-24,-7],[-40,3],[-12,9],[11,17],[-13,13],[-28,-8],[-28,27],[-42,-16],[2,13],[-13,9],[26,19],[-12,18],[-41,19],[22,28],[-12,18],[-33,-5],[-43,-32],[-45,12],[6,31],[39,8],[27,29],[-40,39],[-43,16],[30,4],[26,-13],[21,4],[13,16],[-2,24],[21,24],[-77,40],[-39,33],[-94,47],[-17,21],[1,27],[38,41],[1,21],[-21,15],[-36,0],[-77,34],[-11,78],[-25,39],[-83,38],[-19,-3],[-47,22],[-5,13],[90,225],[9,139],[-6,33],[-39,64],[1,41],[-34,30],[-76,137],[-105,141],[-149,146],[-198,147],[-647,394],[-61,41],[-69,66],[-146,102],[-82,79],[-110,129],[-73,52],[-45,13],[-27,27],[-42,63],[-45,100],[-35,236],[-10,153],[10,214],[29,166],[129,368],[186,378],[113,372],[56,240],[32,335],[69,329],[234,571],[140,204],[86,151],[222,289],[103,90],[259,136],[101,69],[150,131],[152,176],[54,82],[145,292],[202,316],[56,26],[303,233],[152,132],[252,186],[74,80],[68,86],[51,88],[39,119],[-2,38],[-63,203],[927,-442],[-15,-658],[926,0],[423,469],[-1476,2903],[1561,532]],[[11592,64920],[61,99],[55,155],[58,49],[167,283],[153,233],[17,63],[49,102],[20,215],[31,1],[7,31],[17,15],[191,48],[46,-7],[66,-44],[5,-19],[-22,-54],[-26,-2],[-48,31],[-59,11],[-79,-39],[-41,-66],[-8,-31],[0,-14],[34,-21],[-20,-27],[-29,0],[-13,-11],[-28,-62],[-17,-7],[-16,-35],[-18,-7],[5,-23],[-24,-63],[31,37],[0,21],[52,57],[16,-3],[-2,-53],[-44,-50],[13,-9],[-35,-45],[-18,1],[-1,-14],[-44,-32],[-34,3],[23,-16],[-12,-30],[-34,-58],[-14,-11],[-16,0],[-12,-36],[95,63],[156,151],[31,44],[1,42],[20,42],[73,52],[28,67],[80,56],[53,57],[89,5],[68,-7],[-1097,-1138]],[[17740,67239],[204,-453]],[[17944,66786],[-850,416],[83,54],[81,9],[47,-22],[38,16],[57,3],[15,-31],[23,-12],[21,1],[42,26],[14,-1],[28,-13],[-11,-30],[18,-15],[13,2],[32,25],[53,5],[27,-3],[19,0],[0,0],[4,2],[7,10],[0,0],[3,10],[30,1],[2,0]],[[73261,20730],[25,139],[-33,59],[43,2],[37,207],[-42,11],[-6,35],[-14,11],[-25,-19],[-29,30],[-2,88],[-38,36],[-16,35],[-34,21],[-11,38],[-28,22],[15,77],[-44,48],[-2,32],[-51,52],[44,40],[0,3],[0,6],[1,2],[-58,53],[-47,20],[-9,14],[-30,9],[-25,31],[-106,63],[-24,33],[-106,45],[-40,6],[-34,15],[-127,83],[6,45],[17,18],[-30,23],[2,9],[11,27],[31,14],[17,38],[28,26],[-3,55],[16,13],[6,26],[-4,15],[-39,8],[-4,14],[88,62],[109,10],[-9,21],[-29,11],[-13,37],[88,28],[-10,23],[13,23],[-38,34],[-49,22],[-30,25],[-35,68],[-29,-4],[-50,14],[0,74],[5,19],[-5,7],[-40,54],[-48,4],[-8,17],[12,22],[-3,15],[-3,12],[0,4],[-53,25],[-15,8],[-12,13],[-14,17],[-7,21],[21,51],[2,3],[-3,4],[-19,30],[-29,9],[-106,-24],[-37,1],[-76,-92],[-542,157],[-114,174],[-136,8],[6,357],[-521,27],[24,23],[20,2],[-5,28],[9,15],[25,4],[3,24],[-30,6],[-40,25],[5,17],[-18,20],[-70,-5],[-18,11],[-40,-6],[-36,27],[5,45],[-39,12],[-17,49],[-19,11],[25,35],[-18,10],[11,74],[-42,19],[-44,7],[-48,-3],[-67,15],[-41,36],[3,43],[-29,7],[-18,40],[43,30],[-33,25],[-84,15],[-18,26],[-99,20],[9,55],[-33,12],[22,16]],[[70058,24589],[-3,22],[59,18],[19,21],[64,37],[3,21],[-14,10],[1,16],[-57,24],[-15,4],[-22,-12],[-13,3],[-39,26],[-50,-12],[-18,-1],[-23,5],[-16,10],[16,6],[9,23],[-13,12],[49,34],[0,8],[-24,12],[-35,50],[-17,7],[3,15],[46,38],[15,10],[18,3],[54,11],[0,9],[52,32],[54,17],[22,34],[53,16],[42,62],[0,23],[21,8],[-44,14],[-39,28],[-35,43],[4,39],[-31,19],[3,20],[40,13],[18,56],[44,12],[40,98],[69,22],[56,43],[52,13],[11,21],[41,5],[-10,9],[3,21],[-12,8],[-20,-2],[-16,12],[-12,38],[13,26],[-13,13],[7,14],[-15,29],[18,16],[-5,28],[18,17],[-29,56],[56,60],[45,34],[-6,10],[18,29],[62,15],[29,79],[-39,32],[46,41],[63,28],[50,78],[2,27],[32,42],[-5,19],[-61,22],[-53,51],[-26,0],[-11,30],[-56,-1],[-25,12],[-29,3],[-75,-9],[11,27],[33,27],[105,24],[14,24],[37,-1],[27,9],[1,22],[-86,29],[-25,1],[-60,45],[-88,11],[-35,26],[-43,15],[125,36],[25,-4],[36,19],[56,14],[37,-18],[65,12],[31,-4],[11,18],[-144,68],[62,37],[-3,11],[24,34],[-9,45],[18,46],[-13,9],[-73,16],[-9,45],[-72,55],[-15,31],[8,53],[26,31],[0,20],[-64,80],[9,25],[-12,15],[7,19],[-8,42],[-20,5],[-27,35],[8,66],[-61,73],[-27,9],[-22,20],[8,21],[37,10],[8,22],[34,28],[-53,15],[-13,18],[-25,11],[-36,6],[-43,-6],[-14,14],[-29,0],[-41,48],[24,32],[-17,29],[-124,33],[-10,16],[-42,10],[-41,23]],[[69955,28096],[-4,2],[5,-2],[183,100],[67,64],[9487,0]],[[79693,28260],[167,-285],[59,-4],[53,-15],[51,-41],[-12,-28],[9,-385],[43,-17],[5,-15],[1083,-195],[32,-44],[5,-34],[28,-25],[-55,-158],[-17,-161],[32,-43],[-4,-20],[745,-121],[11,-21],[641,-521],[22,1],[23,-12],[69,-100],[45,-112],[425,-166],[9,-9],[524,-197],[46,1],[49,-21],[-3,-15],[-35,-24],[-37,0],[-832,-341],[20,-15],[9,-63],[-29,-76],[680,-476],[488,-746],[25,-13],[43,-54],[30,-105],[-10,-30],[-41,-59],[-75,-66],[-66,-419],[68,-18],[71,-96],[8,-55],[-7,-30],[-16,-17],[99,-169],[11,-3],[21,-51],[-29,-31],[-59,-19],[-144,-84],[-111,-45],[122,-225],[1,-40],[246,-210],[48,-12],[14,-11],[2,-46],[-36,-79],[-8,-136]],[[84249,21633],[-7200,-13],[-199,-5],[-159,10],[-13,-13],[-21,5],[14,-14],[-3,-10],[12,-3],[17,6],[-8,-17],[18,-6],[-11,-10],[-7,11],[-17,0],[12,-21],[-36,-5],[9,20],[-16,5],[-2,-14],[-27,-3],[24,-15],[6,-16],[-20,-1],[-43,-26],[-101,-17],[-46,-15],[42,-29],[-18,-101],[-44,4],[-25,18],[1,18],[-12,2],[-72,-39],[-31,19],[19,-34],[47,-36],[32,4],[16,-7],[12,-27],[-42,-8],[-8,-27],[-35,-42],[-84,0],[9,-24],[-143,8],[6,35],[-438,26],[-3,-18],[-231,14],[-2,-9],[-183,10],[-7,-44],[-30,2],[-5,9],[-61,1],[-57,28],[-28,-109],[-60,4],[-34,-213],[14,-1],[-12,-72],[45,-3],[-9,-19],[7,-20],[-48,-17],[-32,7],[-73,-20],[-52,4],[-24,-22],[-18,-6],[-30,-33],[-22,-3],[-10,-22],[-26,-6],[-100,34],[-45,-7],[-5,45],[-18,16],[-15,51],[-39,40],[-39,9],[-76,36],[-34,36],[-62,-13],[-78,-34],[-19,-33],[27,-26],[-22,-19],[-38,-7],[-18,3],[-54,-16],[-29,16],[-34,-5],[-27,-27],[12,-10],[-22,-10],[-3,-13],[-52,-23],[-21,-19],[-24,-9],[-37,3],[-60,-25],[-89,-12],[-47,5],[-31,29],[-84,20],[-133,7],[-19,4],[-10,12],[-34,5],[-33,-1]],[[74177,26478],[8,5],[-6,18],[-31,25],[-3,-14],[32,-34]],[[74247,25479],[23,-5],[-22,7],[-1,-2]],[[74820,26247],[-20,-18],[-20,-14],[35,32],[34,13],[56,41],[18,-5],[22,8],[45,-14],[110,22],[4,16],[-20,22],[-12,37],[13,7],[26,-9],[10,6],[-33,28],[-20,3],[10,10],[-22,23],[-35,1],[-3,-15],[-19,-4],[-25,2],[-28,15],[-38,47],[-10,30],[-78,40],[-37,7],[1,10],[-16,4],[-1,20],[-79,47],[-15,24],[-15,3],[-53,-9],[-82,21],[-43,-7],[17,-38],[35,-40],[-21,-29],[3,-5],[7,8],[6,-13],[11,17],[25,-73],[-41,-27],[-15,1],[-18,-10],[-23,-26],[-61,-27],[-36,-31],[-29,-12],[-34,-2],[-29,13],[-25,-3],[-28,11],[-21,0],[-9,-16],[9,-22],[32,-18],[-7,-11],[-161,-41],[-23,6],[-79,-12],[-108,-2],[-104,14],[-81,23],[-14,19],[13,12],[-7,16],[43,24],[-36,24],[17,10],[1,11],[-82,68],[-53,24],[-19,20],[-40,2],[-14,-24],[9,-21],[-38,-9],[63,-86],[-222,-38],[0,-10],[50,-39],[45,-13],[35,-43],[60,-30],[31,-28],[1,-15],[39,-20],[-89,-50],[-13,-18],[8,-30],[8,-9],[46,-13],[29,-35],[125,-79],[37,-65],[-27,-56],[-24,-24],[11,-30],[-45,-66],[1,-16],[-41,-12],[-26,-20],[-23,-42],[24,-10],[53,-57],[-7,-55],[-41,-30],[-2,-31],[-26,-48],[52,-25],[20,-21],[-55,-27],[-15,-35],[9,-20],[63,-52],[-75,-18],[-7,-30],[23,-5],[24,-33],[39,-24],[22,-43],[94,-71],[9,-25],[-32,-17],[-14,-52],[32,-8],[28,-34],[18,-3],[40,-73],[91,-82],[27,-62],[28,-22],[-12,-12],[20,-10],[3,-28],[62,-38],[148,-52],[-15,-15],[-30,-6],[10,-26],[86,-104],[83,-49],[16,-35],[17,1],[72,-49],[5,-49],[25,-43],[54,-26],[61,-69],[16,-38],[53,-36],[-13,-15],[12,-18],[-9,-36],[609,-38],[5,11],[-142,61],[-8,23],[-34,22],[-19,46],[3,44],[-24,-7],[39,33],[-22,35],[-15,73],[-30,41],[-45,13],[-76,38],[-25,4],[-26,21],[-47,14],[-23,19],[-50,7],[-26,19],[-19,33],[-65,44],[-49,134],[-35,52],[-55,10],[-36,33],[-45,14],[-52,49],[-47,23],[-58,66],[-72,15],[-16,19],[-26,70],[-6,85],[34,156],[-15,-18],[-1,5],[93,164],[42,58],[21,5],[-20,8],[-9,-12],[-21,4],[-48,35],[-8,-6],[10,-12],[-13,3],[-2,-8],[-18,2],[1,-8],[-21,-9],[-16,-2],[-11,4],[-5,-12],[-3,-4],[7,17],[-9,1],[-6,5],[5,6],[1,-5],[1,-5],[37,-3],[18,7],[1,10],[17,-2],[-3,5],[8,13],[9,5],[45,-30],[21,9],[32,2],[-33,21],[-28,69],[41,44],[-19,11],[0,19],[44,48],[-8,16],[55,60],[-22,22],[-4,13],[1,14],[9,-8],[10,10],[4,1],[20,15],[0,7],[8,8],[-8,9],[8,5],[6,1],[-13,2],[-5,6],[12,-4],[9,-3],[-15,-7],[7,-7],[-1,-6],[-15,-25],[-34,-17],[29,-34],[-22,-24],[170,130],[184,118],[1,12],[11,2],[24,-11],[21,2],[36,12],[28,21],[16,55],[-32,69],[-63,56],[20,42],[113,105],[1,5]],[[84249,21633],[-16,-45],[-85,-102],[13,-48],[73,-82],[-1,-53],[13,-17],[1884,-1345],[365,-577],[154,-224],[35,-30],[11,-49],[-555,-792],[24,-44],[-4,-42],[25,-92],[-4,-37],[724,-651],[50,-16],[86,-119],[35,-123],[704,-408],[18,10],[32,1],[16,-9],[36,-45],[50,-98],[-16,-43],[14,-142],[-7,-53],[-22,-15],[503,-235],[40,5],[59,-19],[96,-14],[31,-18],[41,-70],[-29,0],[-1,-48],[-32,-29],[213,-99],[85,3],[146,18],[28,-19],[-9,-32],[-52,-30],[-52,-16],[-3,-20],[39,-28],[122,-56],[21,-20],[27,-74],[37,-18],[140,-16],[31,-11],[55,-34],[12,-28],[-21,-51],[1011,-540],[60,-1],[85,-36],[893,-521],[52,-10],[43,-32],[5146,-686],[158,23],[31,-4],[8,-20],[-17,-30],[41,-34],[986,-1316],[1032,-285],[328,-245],[51,-128],[20,-92],[643,-920],[-9068,0],[0,786],[-10668,0],[-306,9],[-392,48],[-203,6],[-118,21],[-87,-43],[-209,-133],[-52,-78],[-114,-50],[-43,7],[-8,8],[-31,-18],[-50,-14],[11,-30],[-8,-15],[-69,-16],[13,-31],[-31,13],[-37,0],[-39,28],[-9,41],[-71,31],[-91,29],[-23,24],[-47,-18],[-31,-3],[-21,6],[-75,-14],[-139,17],[-93,23],[-46,22],[-105,12],[-38,8],[-28,19],[-69,2],[-20,11],[-50,51],[0,44],[-27,17],[30,34],[-9,17],[61,20],[16,10],[3,17],[-29,15],[-24,27],[-65,19],[-1,8],[46,25],[49,1],[-37,16],[-58,2],[-49,28],[-26,42],[-28,17],[-5,31],[-41,61],[-63,22],[-96,-2],[-32,30],[-4,3],[9,10],[23,62],[33,10],[25,26],[65,35],[-6,17],[-39,30],[-15,55],[43,46],[-4,16],[-116,34],[-95,74],[-18,24],[-84,-4],[-21,-4],[-54,-10],[-8,-2],[-16,3],[-58,8],[-71,27],[-62,7],[-44,20],[-75,13],[-51,23],[-27,-13],[-16,-25],[-34,9],[-12,25],[-119,51],[-51,-21],[-51,-8],[-21,-11],[-58,16],[-21,18],[-26,-11],[-34,-2],[-53,0],[-54,10],[-46,-26],[-53,1],[-56,-21],[-136,-2],[-34,-18],[-93,-14],[-58,17],[-69,-14],[-17,8],[-186,14],[-220,284],[-210,-58],[-53,9],[-45,-14],[-33,-30],[-43,-21],[-46,-16],[-36,2],[-29,-11],[-22,-21],[-68,-37],[-1,-25],[-64,-39],[-43,-10],[-44,-22],[-22,-20],[-38,-4],[-55,-18],[-11,-14],[-59,-31],[-54,-2],[-50,-24],[-39,21],[9,19],[-8,8],[-55,22],[-33,-5],[-5,-19],[-82,2],[-3,-19],[-43,1],[-88,-14],[-90,-2],[-47,12],[-134,-15],[-91,39],[-51,-19],[-8,-25],[-50,-2],[-94,30],[-53,55],[35,26],[16,79],[-53,9],[-1,22],[-39,35],[-28,15],[-30,-6],[-11,11],[-28,-4],[-29,-24],[31,-50],[-48,-13],[-59,-4],[-9,-20],[-14,-3],[-52,8],[-15,-6],[14,-19],[-22,-11],[16,-28],[-11,-13],[28,-21],[-3,-13],[-44,-21],[-38,1],[-32,9],[-80,76],[-17,2],[-3,-14],[-6,-4],[-12,-8],[-3,-2],[-63,-18],[-48,6],[-41,-13],[-58,19],[-70,38],[-59,-20],[1,-1],[-1,0]],[[72084,12260],[-82,10],[-73,-8],[-2,0],[-2,2],[-5,8],[-9,15],[-1,33],[29,55],[2,29],[-35,48],[-14,12],[-45,23],[-100,22],[-34,12],[-87,30],[-80,13],[-18,10],[-40,53],[1038,497],[60,-14],[74,-28],[107,27],[50,-6],[57,17],[4,20],[-25,28],[43,26],[26,4],[2,14],[42,3],[2,36],[-15,22],[5,25],[-51,10],[-1,30],[-60,73],[-36,21],[-37,6],[-17,18],[-35,9],[16,15],[-1,23],[13,18],[51,39],[-12,20],[0,40],[17,7],[34,49],[-33,22],[-10,26],[-61,30],[-12,16],[15,19],[-38,-2],[-40,20],[-19,-10],[-16,3],[-8,59],[8,14],[30,8],[7,12],[-43,20],[2,30],[-19,15],[-69,6],[-16,33],[-43,47],[-26,10],[-19,22],[-16,47],[27,12],[21,26],[70,23],[9,13],[-11,24],[6,15],[-24,14],[-18,37],[-21,12],[-46,6],[-66,22],[-57,36],[-24,-23],[-27,12],[-14,29],[-21,3],[-22,27],[-31,8],[-16,16],[-61,7],[-79,54],[0,12],[-14,8],[-119,-31],[-41,4],[-25,18],[-36,-4],[-32,11],[-24,-38],[-20,-8],[-13,3],[-70,-61],[-27,-1],[-6,12],[-14,2],[-28,-10],[-87,7],[-74,-51],[-24,-3],[-2,-12],[-48,-28],[-3,-21],[-9,-1],[-51,21],[-39,2],[-47,14],[-45,38],[-59,12],[-36,8],[-27,5],[-6,8],[-11,13],[-11,13],[-2,15],[4,1],[-6,20],[19,31],[26,9],[12,15],[27,3],[-9,16],[24,4],[13,14],[39,-4],[82,12],[15,14],[-3,15],[34,19],[9,23],[22,16],[5,24],[-23,21],[12,36],[-36,35],[11,9],[43,7],[1,31],[12,8],[-21,25],[7,21],[13,10],[32,5],[-22,19],[25,50],[-22,32],[-34,25],[21,18],[-15,11],[-31,-4],[-81,13],[-58,36],[-38,1],[-19,30],[-17,-10],[-41,-1],[-38,-23],[-49,-44],[-1,-25],[-60,0],[-66,29],[-53,-29],[-19,10],[-54,73],[-17,7],[-35,-9],[-52,12],[-7,14],[-31,16],[-51,19],[-27,0],[-10,14],[-33,3],[-13,9],[-25,17],[6,10],[-22,8],[-1,26],[15,12],[8,-5],[9,25],[-12,10],[14,15],[-12,9],[9,25],[-17,13],[24,5],[3,16],[21,8],[16,20],[-5,40],[93,24],[-3,16],[-23,16],[21,22],[-40,18],[13,25],[-8,63],[-29,24],[16,10],[2,13],[68,20],[-7,20],[-49,18],[-57,-4],[-34,7],[-67,-12],[-29,8],[-29,-4],[-40,17],[-11,21],[-21,10],[-41,6],[-20,-4],[-12,8],[-64,7],[21,25],[-9,37],[38,41],[-22,4],[-4,6],[-5,9],[-1,3],[32,38],[-1,32],[50,12],[32,18],[48,5],[23,16],[41,-1],[10,34],[-14,11],[14,15],[22,5],[-40,24],[-2,35],[20,12],[-1,11],[29,-1],[4,39],[22,-5],[47,22],[4,16],[60,-17],[18,18],[33,5],[-6,13],[25,23],[-39,14],[-26,24],[-1,7],[30,10],[-19,15],[2,9],[21,2],[-6,16],[74,-1],[24,11],[6,15],[-15,14],[34,45],[31,-4],[3,18],[20,6],[26,2],[71,-23],[61,6],[29,19],[24,-6],[22,9],[4,23],[40,29],[-28,25],[9,7],[-14,27],[22,10],[2,11],[27,1],[16,12],[-17,23],[15,14],[29,8],[-84,58],[4,62],[2,19],[2,33],[40,20],[20,25],[-15,24],[8,17],[-8,16],[-32,13],[-24,33],[-15,49],[-58,35],[-6,8],[11,8],[-42,30],[9,32],[-25,38],[-57,17],[-43,39],[-18,6],[-48,4],[-54,-11],[-27,4],[-9,15],[8,30],[-19,15],[15,23],[-23,24],[16,28],[-17,0],[-14,27],[10,26],[-4,35],[-20,34],[9,11],[-6,17],[17,22],[-2,35],[64,10],[22,30],[-8,32],[-40,39],[-138,69],[-15,20],[-29,9],[-17,27],[-60,-15],[14,-23],[-16,-13],[-30,15],[-30,3],[-6,16],[-24,9],[-11,21],[-67,6],[-42,22],[-35,8],[-64,-7],[-36,-25],[-25,-5],[-58,15],[2,38],[-20,12],[-50,-12],[-28,5],[-16,12],[-43,-9],[-36,8],[-96,-14],[-92,47],[-81,-6],[16,48],[-16,23],[-108,7],[68,397],[1129,131],[-1,17],[-46,15],[-17,16],[5,38],[-64,61],[-1,15],[-35,24],[29,23],[8,28],[79,10],[13,11],[35,-3],[25,25],[25,6],[23,27],[28,2],[25,39],[-6,12],[-46,10],[-2,9],[22,15],[-2,12],[54,34],[-32,35],[-39,4],[-50,31],[-38,0],[-2,16],[-36,22],[-39,0],[-23,17],[15,13],[-70,77],[212,-12],[-5,-47],[80,-36],[13,-19],[115,29],[57,-14],[20,7],[9,-8],[-8,-17],[17,-65],[49,-14],[19,14],[22,2],[31,-28],[10,12],[-31,31],[-2,27],[-37,8],[12,18],[-7,20],[58,11],[52,30],[96,-14],[47,25],[3,13],[-21,35],[24,6],[13,16],[-5,13],[14,2],[152,897],[47,-15],[77,39],[34,0],[70,-28],[32,7],[46,-18],[46,2],[42,11],[100,58],[9,42],[-8,35],[-34,17],[-69,6],[-30,18],[-4,45],[-40,19],[-55,12],[-4,38],[-41,43],[31,75],[-56,35],[56,37],[-116,86],[1785,-110],[19,107]],[[17685,65336],[406,1114],[-37,86],[5658,-224],[58,426],[-1258,1233],[-19,-15],[-1,-35],[-39,-22],[-71,-6],[-73,18],[-19,-33],[-41,-22],[-30,-6],[-34,24],[-44,15],[-83,-14],[-17,10],[0,29],[-68,-6],[-40,5],[-80,39],[-24,-13],[-29,-61],[-24,-14],[-21,10],[1,16],[-14,12],[-43,-1],[-30,-16],[-37,-3],[6,-87],[-20,-19],[-38,-4],[-31,20],[-78,27],[-49,-4],[-11,-66],[26,-33],[-19,-13],[-37,-4],[-11,-37],[-22,-13],[-42,1],[-37,10],[-81,35],[-21,19],[-60,0],[-80,25],[-52,23],[-38,51],[-49,26],[4,32],[-8,6],[-48,-12],[-28,14],[5,25],[26,21],[-38,56],[-89,18],[-99,32],[-29,13],[-23,32],[-109,40],[-69,-4],[-41,11],[11,29],[40,17],[-80,61],[13,87],[-18,1],[-49,-28],[-42,-1],[-40,-32],[-28,3],[1,76],[-56,33],[-21,36],[-48,13],[-21,-4],[-16,-40],[-34,-29],[-75,1],[-26,11],[-33,41],[9,67],[-25,13],[-41,3],[-7,11],[9,13],[50,17],[-57,41],[-19,24],[14,46],[-6,99],[-81,15],[-56,30],[-28,56],[-58,7],[-42,15],[-4,44],[-90,-20],[-46,10],[-11,22],[25,42],[-6,27],[-30,17],[-89,-8],[-61,11],[-19,20],[-2,43],[-43,26],[-73,-42],[-41,-15],[-20,7],[5,30],[-26,-5],[-47,-24],[-40,-44],[-40,-3],[-59,29],[-35,-1],[-101,-16],[-66,-41],[-25,-7],[-41,37],[-31,-13],[-85,0],[-57,-20],[-63,42],[-78,15],[-50,-1],[-12,-6],[-9,-34],[-50,-30],[-1,-21],[-47,-20],[-175,6],[-31,-18],[-76,-6],[-47,-17],[-59,-46],[-36,-9],[-136,30],[-80,2],[-14,-8],[-2,-21],[40,-9],[3,-20],[-27,-31],[-58,-5],[-104,13],[-71,-16],[-90,46],[41,88],[-43,-20],[-41,-1],[-53,23],[-10,16],[8,27],[34,36],[-57,93],[68,10],[-3,26],[-19,15],[-31,1],[-71,17],[-36,63],[-5,37],[-85,22],[-40,29],[-9,19],[-5,37],[10,9],[96,25],[46,60],[-12,40],[-20,16],[-57,22],[-18,27],[103,75],[-15,89],[-43,57]],[[16784,69755],[-130,31],[0,7]],[[16654,69793],[60,-17],[59,-8],[30,-18],[26,-30],[29,-108],[-18,-25],[-80,-47],[-4,-12],[21,-19],[62,-27],[21,-30],[-2,-26],[-22,-39],[-28,-24],[-96,-28],[1,-42],[43,-35],[93,-27],[4,-40],[26,-53],[113,-26],[24,-23],[-12,-28],[-55,-6],[48,-72],[0,0],[3,-18],[-30,-36],[-6,-24],[-2,-6],[5,-3],[0,0],[46,-27],[37,3],[8,3],[0,0],[13,5],[5,2],[21,7],[5,-2],[1,0],[2,-2],[0,0],[-15,-27],[1148,903],[235,165],[-1819,-6]],[[16654,69920],[0,12070]],[[16654,81990],[518,0]],[[17172,81990],[61,-207],[101,-186],[0,0],[11,-24],[0,-1],[11,-76],[-26,-95],[59,-146],[0,0],[2,-7],[0,0],[-4,-22],[-1,-1],[-1,-8],[0,0],[0,0],[11,5],[-1,-13],[48,-6],[18,56],[-3,6],[-20,-9],[-4,1],[-5,0],[0,1],[-8,6],[-5,9],[0,0],[-2,11],[0,0],[23,9],[-22,19],[39,-6],[28,8],[-20,5],[13,24],[-22,-7],[22,20],[-4,16],[-22,-3],[-19,10],[13,19],[37,18],[-46,-6],[-13,6],[0,46],[31,0],[-6,7],[-26,-1],[6,6],[-22,13],[57,-9],[-23,43],[-37,6],[31,2],[5,11],[-31,45],[47,43],[69,34],[-8,5],[6,14],[31,-3],[8,6],[-77,9],[-10,10],[2,37],[-21,15],[27,17],[10,-17],[13,6],[0,11],[40,5],[14,13],[-9,3],[-13,-9],[-40,5],[16,6],[-2,7],[-23,-3],[-45,22],[37,5],[6,16],[-45,7],[-10,-11],[-9,17],[-24,-3],[24,14],[68,4],[11,-6],[21,9],[15,-4],[-6,-14],[25,13],[32,-7],[6,-9],[-10,-11],[15,-14],[8,-2],[16,13],[15,-4],[17,-19],[-1,-35],[-47,-23],[-31,9],[-15,-18],[44,-1],[24,-21],[60,-15],[5,-14],[-35,-37],[-46,-2],[-31,-28],[103,-53],[46,7],[3,12],[26,-15],[16,10],[-10,17],[17,2],[-1,9],[32,-5],[33,-19],[12,21],[-15,26],[4,30],[-10,5],[28,4],[18,18],[19,-16],[23,0],[15,-23],[-58,1],[35,-22],[-22,-2],[18,-15],[-29,-38],[12,-5],[61,8],[-16,-19],[-23,-1],[7,-7],[-27,-14],[-30,13],[-13,-3],[0,-10],[-40,-1],[12,13],[-6,4],[-51,-9],[-2,-9],[-30,8],[-18,-6],[31,-13],[2,-16],[24,-15],[55,15],[21,-27],[34,-6],[26,-21],[33,7],[20,-8],[-6,-20],[16,-11],[-5,-9],[37,-46],[13,-58],[-32,-23],[2,-11],[15,4],[-14,-25],[-50,11],[15,6],[-8,24],[17,8],[0,13],[-20,6],[-35,-15],[25,18],[24,4],[-5,16],[-14,1],[12,5],[-4,10],[-28,-16],[-18,5],[44,22],[-30,36],[-30,-9],[7,-17],[-13,-11],[-79,24],[-30,-8],[-30,18],[-8,-7],[42,-37],[1,-9],[-28,7],[-49,-21],[-8,9],[-18,-5],[-3,12],[19,-2],[10,15],[-34,15],[29,2],[16,19],[-35,22],[10,20],[29,15],[-32,26],[0,29],[-36,12],[-12,26],[-22,0],[-5,-24],[11,-7],[-12,-28],[27,-6],[3,-12],[-26,-6],[-3,15],[-22,-3],[-31,-39],[10,-77],[-29,-83],[-24,-36],[-2,-31],[-12,-4],[24,-74],[-5,-26],[-34,-32],[-80,-1],[-10,-15],[21,-86],[14,-24],[47,-39],[-9,-28],[13,-34],[12,-17],[86,-50],[2,9],[-6,-5],[-16,21],[-49,25],[-20,32],[13,19],[79,45],[-26,0],[4,49],[12,9],[13,-9],[4,27],[16,-2],[11,21],[-15,2],[-1,24],[-35,1],[-26,20],[43,63],[-10,19],[3,58],[33,4],[24,-7],[37,16],[-77,6],[-4,14],[15,-1],[-2,10],[19,-3],[3,6],[-32,11],[9,7],[9,-7],[30,2],[14,-15],[8,8],[1,8],[-16,2],[3,12],[-19,-5],[-11,7],[16,8],[-1,7],[-19,-1],[6,8],[-13,4],[14,3],[-2,9],[26,-11],[5,-13],[63,-8],[24,20],[-6,29],[23,1],[-1,-26],[20,-2],[7,8],[11,-5],[-11,-28],[11,-19],[-12,-16],[-9,10],[-9,-4],[-51,-71],[-38,1],[4,-10],[-17,-6],[43,2],[0,-12],[18,-12],[14,8],[25,-44],[-9,-4],[-17,6],[-7,-23],[-12,3],[-29,-22],[6,-15],[16,1],[5,-20],[17,-4],[-47,-30],[29,-8],[1,-19],[-27,-3],[-28,-14],[-24,6],[9,-8],[34,-1],[9,13],[32,-4],[20,10],[3,-6],[52,21],[-11,-18],[15,-6],[-39,-6],[9,-6],[-8,-21],[10,-3],[-23,-3],[19,-15],[26,-1],[17,8],[-12,-16],[13,-3],[-26,-2],[-14,-9],[-11,4],[-5,-10],[-11,9],[-18,-1],[-21,16],[-26,-1],[-10,14],[-3,-19],[31,2],[24,-15],[16,-1],[-13,-21],[17,-16],[-21,4],[-28,-8],[-2,12],[-19,6],[9,11],[-23,1],[-26,15],[0,-10],[-13,-5],[29,0],[-3,-25],[-18,-6],[-16,6],[-6,-10],[10,-9],[27,1],[24,21],[21,-7],[-1,-16],[-47,-13],[9,-18],[8,17],[33,8],[3,13],[22,-4],[-3,-12],[24,13],[40,-15],[-26,-9],[7,-16],[15,-6],[-16,-3],[-10,-15],[20,0],[30,-14],[-9,-5],[-17,5],[-4,-20],[-28,-1],[37,-11],[-38,3],[-18,22],[-27,-8],[-25,9],[-10,-7],[-20,18],[-8,-27],[9,-13],[3,18],[36,2],[49,-19],[-23,-10],[-31,-1],[7,-4],[38,2],[9,-5],[11,12],[37,-7],[-27,-4],[9,-9],[-17,-4],[25,-5],[-7,-5],[11,-4],[4,-16],[-18,10],[-58,-8],[60,-14],[-13,-3],[18,-3],[-2,-12],[14,-9],[-6,-5],[-20,10],[-13,-3],[4,-17],[29,-11],[-11,-7],[7,-26],[-34,-2],[15,-6],[-18,-11],[24,4],[5,-13],[-35,-5],[21,-3],[10,-13],[-49,4],[46,-27],[-11,-2],[-4,-10],[-19,7],[8,-14],[-6,-12],[14,-8],[-33,3],[-16,13],[3,-10],[-21,-5],[26,-1],[-6,-7],[29,-15],[-12,-8],[16,-3],[-11,-20],[-31,16],[-13,-10],[44,-15],[-22,-8],[15,-6],[-5,-5],[-56,-8],[-42,31],[-17,2],[11,25],[34,10],[-19,14],[-24,-10],[4,11],[-23,0],[9,-7],[-14,0],[6,-20],[-11,13],[-19,-1],[8,-40],[83,-26],[-16,-21],[37,15],[28,-17],[-31,-6],[6,-6],[25,-2],[-12,-13],[-13,3],[17,-7],[-7,-13],[-29,9],[14,-29],[-4,-15],[-12,-5],[-8,18],[-3,-10],[-16,2],[-2,10],[-17,-6],[18,-14],[21,-2],[-26,-15],[24,-4],[14,12],[6,-8],[-20,-13],[5,-7],[-16,-19],[9,-4],[-12,-9],[-37,15],[-7,-14],[-15,3],[29,-23],[-24,-6],[20,-9],[-12,-9],[2,-11],[-43,8],[2,-25],[-45,-1],[-24,-18],[-41,-10],[-29,-18],[-47,-3],[12,10],[0,24],[41,23],[-8,7],[-19,-2],[1,18],[41,-2],[1,9],[-15,6],[20,1],[13,-10],[8,4],[-1,12],[-30,20],[6,50],[20,41],[21,15],[-9,10],[31,29],[-1,48],[26,87],[-25,38],[37,177],[-27,54],[-22,7],[-20,-7],[-23,-16],[-17,-34],[-32,-303],[-70,-268],[-83,-152],[-47,-43],[-32,3],[-32,-61],[-32,-16],[3727,257],[-145,268],[-36,26],[-88,123],[23,106],[235,200],[23,308],[-82,153],[-41,164],[3,97],[409,221],[-53,41],[44,27],[29,0],[-19,22],[59,1],[10,13],[52,18],[24,24],[-17,18],[15,7],[20,-4],[34,29],[-55,5],[-1,0],[0,0]],[[21228,81990],[24901,0]],[[46129,81990],[-13,-20],[-64,-12],[-81,-4],[-87,13],[-213,-21],[-31,-10],[16,-81],[195,-63],[45,-23],[40,-8],[157,-143],[81,-150],[2,-76],[23,-22],[1,-67],[38,-18],[2,-39],[52,-24],[27,-84],[63,-50],[4,-116],[274,-192],[30,-47],[1,-21],[-45,-32],[-13,-27],[-40,-15],[-103,-71],[-29,-47],[-5,-47],[-30,-13],[-3,-28],[-36,-28],[11,-53],[14,-6],[44,-82],[2,-23],[-17,-38],[54,-224],[48,-30],[2,-35],[41,-75],[21,-98],[-35,-88],[-6,-103],[-17,-66],[-58,-95],[-88,-77],[-31,-85],[-88,-54],[-38,-2],[-43,10],[-47,31],[-162,54],[-23,-3],[-20,7],[-30,-9],[-489,-49],[-419,-266],[-20,-49],[-30,-33],[-31,-17],[-14,-170],[33,-162],[-19,-50],[776,-259],[19,10],[42,-6],[43,-24],[157,-150],[49,-30],[200,-101],[129,-47],[112,-58],[27,4],[37,-13],[66,-33],[77,-23],[26,-19],[4,-16],[-28,-29],[0,-16],[27,-40],[2,-66],[80,-179],[6,-159],[-18,-60],[-48,-48],[-54,-21],[-167,-13],[-45,5],[-232,-676],[93,-45],[0,-20],[-37,-19],[-43,0],[-495,-597],[79,-65],[100,-135],[-12,-51],[-27,-32],[110,-68],[235,-44],[152,24],[31,0],[79,-18],[97,3],[143,-54],[162,-17],[41,-19],[6,-25],[32,-28],[0,-280],[-54,34],[-144,26],[-127,0],[-31,-11],[-141,8],[-41,-19],[-56,-47],[-15,-45],[33,-150],[165,-79],[20,-45],[131,-87],[11,-21],[-23,-30],[1,-86],[60,-32],[31,-38],[63,-35],[12,-35],[-20,-18],[-17,-38],[-45,-13],[-43,-27],[-77,-11],[-169,-4],[-161,-13],[-60,-22],[-42,-4],[-158,4],[-82,-36],[-118,8],[-263,-956],[118,-72],[10,-27],[-8,-16],[-111,-70],[-45,-14],[-67,-39],[-42,-12],[-24,3],[-249,-598],[21,-29],[-36,-33],[-65,-1],[-32,-13],[-33,-36],[22,-67],[31,-48],[24,-5],[35,-32],[1,-34],[-25,-65],[-162,-33],[-50,-26],[13,-48],[68,-81],[61,-41],[-5,-13],[-38,-22],[-40,-7],[-334,-1030],[56,-18],[9,-13],[-50,-48],[-174,-20],[-42,-35],[-21,-33],[-18,-86],[-40,-38],[-4,-22],[28,-66],[-2,-28],[27,-19],[131,-37],[5,-11],[-26,-42],[-135,-79],[-23,-4],[-37,-24],[-64,-26],[-214,-117],[-23,-36],[-6,-50],[-44,-8],[-82,18],[-111,1],[-39,-10],[-22,-27],[7,-23],[101,-74],[5,-37],[-15,-10],[-133,7],[-135,-39],[-13,-43],[19,-60],[90,-93],[-26,-42],[-45,-31],[-33,-11],[-76,11],[-17,10],[-25,55],[-32,16],[-154,40],[-23,16],[-8,23],[-37,2],[-44,-17],[-99,3],[-47,-10],[-19,-53],[7,-26],[-16,-8],[-44,-15],[-51,-2],[-34,-13],[-34,-26],[-184,-39],[-251,-91],[-55,-52],[-13,-26],[-63,-30],[16,-111],[28,-10],[-25,-105],[-15,-9],[-25,4],[-246,-99],[5,-18],[-26,-30],[-68,-5],[-9,7],[-151,-63],[0,-52],[67,-81],[101,-149],[60,-43],[75,-88],[36,-58],[-34,-32],[6,-46],[36,-38],[33,-17],[7,-20],[100,-76],[103,-65],[79,-128],[54,-49],[-7,-123],[-39,-187],[15,-53],[-31,-144],[64,-20],[4,-18],[54,-46],[40,5],[19,-52],[84,-41],[149,-97],[13,-96],[69,-54],[39,-28],[62,-20],[175,-95],[3,-17],[-49,-109],[14,-8],[29,-59],[56,-51],[-2,-58],[19,-65],[150,-111],[-6,-55],[-141,-90],[-30,-8],[-56,-1],[-68,10],[-257,-1],[-103,-43],[-52,-42],[-17,-27],[19,-11],[17,-64],[-37,-69],[30,-28],[23,1],[19,-9],[29,-37],[65,-39],[133,-57],[8,-18],[-9,-18],[-53,-25],[-197,-34],[-26,-17],[21,-83],[-23,-37],[-41,-121],[-30,-48],[63,-66],[66,-21],[29,0],[119,-63],[107,-45],[55,-45],[89,-31],[85,-51],[62,-157],[12,-82],[-10,-27],[-151,-103],[-154,-32],[-63,0],[-35,-29],[17,-22],[-2,-49],[-29,-101],[-68,-111],[29,-59],[92,-131],[-18,-13],[26,-12],[3,-15],[-16,-26],[-1,-28],[52,-86],[-26,-37],[-16,-49],[9,-40],[-17,-11],[24,-31],[41,-19],[65,-58],[1,-30],[-29,-20],[-28,-49],[99,-40],[55,-13],[15,-23],[81,-56],[109,-56],[32,-29],[-12,-70],[28,-86],[47,-77],[163,-87],[23,-34],[20,-88],[25,-22],[315,-188],[35,-2],[22,-18],[561,-12],[68,32],[60,89],[50,40],[87,22],[42,-4],[32,-15],[14,-21],[8,-150],[-66,-106],[5,-34],[197,-93],[53,-12],[50,-87],[-4,-73],[-29,-33],[-175,-147],[-228,-165],[-36,-31],[-11,-31],[7,-61],[117,-108],[57,-141],[81,-64],[21,-26],[-38,-97],[49,-101],[118,-89],[38,-13],[16,-13],[3,-19],[-39,-87],[-32,-43],[-118,-33],[-57,-26],[-58,-10],[-33,-20],[-73,-9],[-31,-55],[53,-68],[-5,-37],[-50,-67],[88,-51],[144,-37],[77,-3],[108,-59],[87,-89],[2,-86],[46,-47],[75,-24],[16,-12],[14,-39],[-16,-33],[-149,-33],[-86,-66],[-43,-69],[-112,-53],[-16,-45],[36,-16],[17,-23],[16,-99],[176,-137],[5,-42],[118,-137],[18,-39],[-4,-32],[-22,-29],[-58,-12],[-38,-31],[-10,-27],[17,-56],[15,-15],[-16,-69],[220,-170],[63,-6],[119,-82],[58,-26],[8,-12],[231,-18],[292,86],[35,20],[40,65],[16,8],[99,10],[38,-6],[56,35],[22,5],[25,-13],[10,-21],[0,-63],[-29,-51],[-116,-71],[-49,-45],[1,-20],[54,-66],[11,-36],[37,-31],[37,-7],[70,-57],[140,-13],[131,-2],[43,-9],[10,-26],[-9,-30],[-66,-70],[-10,-51],[12,-64],[35,-61],[44,-49],[58,-19],[127,-3],[87,24],[35,-26],[-10,-91],[-122,-134],[36,-117],[-59,-186],[43,-129],[51,-43],[687,-224],[62,-30],[45,-177],[122,-81],[149,-63],[76,-85],[12,-31],[95,-20],[263,-141],[186,-49],[128,-72],[108,-18],[248,-122],[62,-85],[-11,-67],[52,-111],[171,-152],[-3,-69],[170,-108],[133,-33],[117,-97],[71,-152],[250,-131],[233,-157],[253,-209],[95,-193],[-2,-57],[43,-30],[13,-93],[327,-129],[114,32],[82,5],[100,-17],[228,-118],[78,-22],[27,-23],[3,-19],[290,-102],[32,5],[105,-9],[101,-39],[28,-19],[134,-47],[415,38],[29,21],[29,5],[103,-12],[268,16],[146,-10],[24,-11],[454,98],[36,39],[27,-4],[213,235],[-7,12],[14,18],[122,29],[58,29],[12,68],[48,19],[157,-50],[549,-10],[234,-202],[43,-29],[57,-14],[24,-36],[-7,-39],[57,-76],[173,-78],[17,-35],[48,-41],[0,-91],[42,-17],[326,1],[23,10],[186,-23],[25,-21],[116,-44],[65,-11],[111,-56],[76,-12],[160,-4],[105,-18],[64,-19],[86,-46],[26,-27],[-2,-65],[-27,-32],[-45,-29],[-48,-45],[5,-22],[-20,-16],[0,-21],[22,-20],[-30,-39],[-27,-15],[-1,-26],[25,-13],[10,-63],[45,-40],[58,-114],[18,-92],[222,-166],[46,-74],[17,-61],[56,-22],[28,-22],[431,-132],[37,-16],[122,-80],[80,-97],[99,-44],[18,-19],[61,-110],[4,-41],[248,-75],[102,-10],[101,11],[50,-3],[94,-21],[18,-13],[-2,-15],[100,-27],[18,8],[53,4],[130,48],[75,-11],[168,-61],[24,-27],[15,-40],[65,-35],[28,-64],[93,-50],[34,-3],[26,-14],[357,-42],[16,11],[41,7],[68,-1],[88,14],[95,-15],[125,-4],[22,-6],[16,-15],[65,-10],[22,4],[80,-8],[23,-10],[170,-7],[185,13],[58,-2],[65,-21],[37,-24],[120,-48],[85,-67],[61,-30],[94,-18],[135,-2],[158,-36],[112,-37],[49,1],[142,-76],[68,-23],[23,-33],[179,-23],[13,8],[162,7],[93,-10],[78,-24],[20,-18],[218,-35],[76,-21],[24,-18],[188,-36],[25,5],[58,-12],[81,-1],[66,-14],[373,-46],[88,-30],[90,-44],[51,-77],[40,-30],[75,-45],[34,-8],[86,-52],[2,-17],[64,-32],[21,9],[155,10],[12,-23],[61,-52],[42,-11],[149,1],[180,-26],[317,4],[194,-72],[123,-23],[213,-123],[79,-19],[96,3],[224,-77],[46,-29],[36,-47],[1,-54],[250,-259],[17,-1],[67,-40],[7,-22],[314,-45],[31,26],[23,6],[237,6],[76,-18],[193,-21],[49,-21],[203,-118],[129,-101],[22,-51],[164,-96],[91,10],[76,-9],[68,-28],[130,-78],[43,-27],[36,-44],[141,-93],[5,-47],[199,-149],[53,0],[46,-14],[119,-71],[44,-38],[2,-21],[46,-59],[76,-16],[149,-101],[12,-103],[113,-74],[127,-68],[21,-92],[-33,-31],[42,-114],[82,-102],[56,-47],[147,-20],[71,-87],[29,-115],[179,-121],[35,-119],[70,-36],[47,12],[46,-19],[41,-121],[50,-9],[162,-81],[60,-64],[18,-122],[58,-56],[3,-137],[39,-44],[69,-12],[41,-207],[44,-82],[15,-81],[95,-264],[-6,-64],[49,-64],[-9,-76],[76,-172],[21,-133],[-5,-150],[-127,-278],[-120,-84],[-188,-303],[103,-152],[74,-27],[36,-114],[-28,-49],[20,-88],[-28,-107],[-34,-41],[48,-183],[58,-52],[89,-31],[37,-22],[6,-36],[-17,-42],[33,-68],[80,-77],[13,-112],[-119,-134],[-49,-197],[119,-208],[40,-38],[-8,-48],[-35,-75],[25,-58],[96,-53],[17,-38],[-6,-33],[-40,-51],[-14,-72],[23,-70],[48,-39],[146,-47],[-4,-43],[-51,-95],[9,-121],[-16,-23],[4,-207],[66,-52],[24,-49],[6,-98],[24,-43],[-8,-69],[72,-118],[44,-16],[34,-40],[15,-77],[195,-192],[29,-52],[25,-71],[8,-91],[42,-95],[85,-325],[162,-179],[23,-75],[-9,-113],[-30,-53],[138,-239],[-11,-42],[10,-137],[-78,-184],[-81,-91],[84,-148],[-20,-92],[-89,-102],[21,-54],[-93,-155],[145,-179],[27,-141],[178,-226],[-41,-149],[21,-39],[-31,-53],[-117,-427],[17,-101],[-16,-101],[-50,-34],[-59,-17],[-39,-40],[-8,-90],[10,-56],[265,-207],[41,-52],[93,-308],[76,-90],[7,-63],[-171,-252],[5,-103],[25,-55],[-15,-66],[94,-301]],[[73097,35663],[-3038,-2],[-1877,-15],[-2004,0],[-25,-54],[-74,-13],[-198,-76],[-31,-20],[2,-22],[-18,-38],[-28,-13],[-74,-12],[-33,-15],[-8,-41],[21,-18],[-16,-13],[-25,6],[-21,30],[-60,12],[-37,19],[-16,3],[0,0]],[[65537,35381],[11,58],[-113,7]],[[65435,35446],[-11,35],[27,-2],[9,12],[-33,27],[-24,1],[-12,-7],[13,-36],[-2,-3],[-1,0],[-7,-2],[-62,4],[-2,-31],[-59,-8],[-5,7],[15,11],[-7,13],[-21,14],[-54,0],[3,13],[-38,6],[0,6],[22,2],[-15,18],[-33,-11],[-38,1],[-34,-9],[-3,0],[-5,9],[-19,3],[14,13],[12,8],[-2,2],[0,0],[-4,3],[0,0],[-16,9],[-3,2],[-16,-11],[-40,-2],[30,36],[-57,-8],[6,13],[-38,10],[13,8],[-10,9],[-18,0],[-18,21],[39,7],[-14,5],[-9,17],[-26,1],[-1,0],[12,6],[0,0],[11,5],[-19,11],[4,4],[4,3],[31,5],[1,14],[37,13],[-29,37],[-44,-1],[-418,-284],[-36,23],[-65,20],[-12,71],[-21,33],[-31,-12],[-60,-8],[-43,2],[-56,-25],[-57,-11],[16,11],[-6,18],[-48,12],[-72,-1],[-78,-31],[-30,6],[-32,-10],[12,-15],[-31,-29],[-12,-43],[-14,0],[-27,20],[-14,-1],[-29,-17],[3,-13],[-64,-16],[-40,8],[-29,-9],[-27,2],[-13,21],[-26,-4],[-43,8],[-81,26],[-114,-32],[-143,51],[-75,38],[-27,-2],[-54,-38],[-60,-20],[-17,5],[-15,-5],[-45,18],[-43,3],[-43,-21],[-38,-8],[-23,-33],[-64,-35],[28,-59],[-8,-55],[11,-23],[-12,-11],[-25,-2],[-33,18],[-30,-4],[-11,14],[-23,3],[-20,-6],[-83,35],[-64,11],[-52,4],[-38,-10],[-90,5],[-27,-6],[-12,-55],[-41,-1],[-69,-37],[-165,-36],[-153,-52],[-14,-12],[69,-66],[1,-68],[-37,-52],[-64,-36],[-17,-25],[-4,-67],[-19,-15],[54,-103],[-21,-16],[12,-71],[-16,-14],[18,-30],[43,-18],[45,11],[49,-4],[63,-88],[40,-11],[55,-53],[5,-25],[-27,-21],[15,-30],[-48,-44],[16,-25],[44,-22],[-14,-35],[12,-21],[-12,-14],[38,-62],[-35,-16],[-17,-29],[-1,-10],[21,-10],[11,-37],[-13,-67],[-40,-21],[-23,-39],[-35,-11],[-30,-30],[10,-12],[-4,-46],[32,-70],[-18,-17],[-62,-32],[-34,0],[-18,-37],[-23,-18],[-16,0],[5,-44],[-27,-27],[-15,-14],[-38,14],[-29,-14],[-33,11],[-21,-1],[-49,-11],[-11,-16],[-31,-10],[-16,-18],[4,-10],[52,-49],[-5,-13],[-49,8],[-35,-53],[-20,-6],[-71,5],[-8,-16],[20,-17],[-71,-38],[-69,21],[-18,30],[-53,2],[-45,22],[-59,7],[-76,32],[-82,3],[-33,23],[-49,4],[-47,15],[-10,-12],[-41,-10],[-115,-76],[-117,-19],[0,0],[-12,-2],[-30,-23],[116,-61],[-71,-6],[-7,-23],[-72,-38],[5,-17],[-18,-32],[23,-81],[20,-24],[30,-20],[22,-4],[178,7],[38,-19],[2,-9],[-15,-11],[2,-31],[117,-4],[61,-22],[-34,-43],[-22,-13],[-29,1],[-12,-8],[105,-71]],[[60853,32795],[70,-33],[-143,-38],[0,-14],[-73,-58],[-38,-50],[-26,-3],[-26,-14],[-10,-14],[4,-46],[-33,-33],[-16,-11],[-71,-22],[-12,-16],[5,-13],[93,-25],[-50,-46],[-126,-24],[-4,-26],[-52,-11],[-18,-23],[-73,-41],[-16,-25],[34,-32],[5,-22],[74,-11],[15,-9],[13,-33],[-8,-35],[30,-26],[21,-34],[68,-25],[-2,-31],[21,-55],[0,0],[0,-21],[-36,-17],[0,0],[-163,-39],[-1,-35],[-40,9],[-35,-12],[-5,-11],[-60,-5],[-7,-16],[15,-18],[-4,-16],[-59,-26],[-23,8],[-16,-4],[-50,-37],[-29,-1],[-51,14],[-17,-9],[-17,16],[-85,-14],[-28,8],[-47,0],[9,-30],[-47,-32],[5,-18],[-32,-6],[-103,25],[-24,18],[-52,4],[-19,25],[-22,10],[-22,0],[-49,34],[-42,-13],[-48,22],[-53,-18],[-19,10],[-14,27],[-40,28],[-14,1],[-37,-15],[11,-42],[-25,-13],[0,-17],[-124,-41],[-37,-45],[-52,-6],[-51,40],[-3,23],[-32,45],[-1,49],[-30,42],[-29,19],[-22,30],[-29,4],[-27,-10],[7,-22],[-51,-12],[0,-9],[-16,-3],[-16,-30],[-60,-16],[-25,9],[-31,-19],[-7,-32],[-29,-9],[3,-38],[-9,2],[-51,-34],[16,-22],[29,-4],[-63,-40],[-27,-27],[-24,3],[17,-22],[-29,-6],[-38,27],[-50,9],[-40,21],[-37,-10],[-3,-31],[-16,-8],[12,-37],[-6,-27],[-24,-15],[-61,34],[-26,7],[-62,0],[-21,18],[0,18],[-28,18],[13,12],[-48,34],[14,39],[-58,55],[-129,6],[-15,39],[-60,63],[3,13],[-227,184],[-60,34],[-204,82],[0,31],[28,65],[-12,44],[-24,34],[-90,34],[-4,45],[-45,43],[-456,19],[-24,15],[-195,71],[-74,-15],[1,-68],[-29,-57],[-79,-13],[-115,18],[-40,-40],[4,-83],[-84,-153],[3,-27],[40,-49],[13,-32],[-13,-81],[-28,-35],[5,-23],[-20,-26],[-88,-35],[-77,-47],[-362,67],[-30,24],[-124,28],[-31,26],[-127,-12],[-103,-30],[-23,15],[-88,11],[-9,17],[-31,9],[-33,31],[-38,14],[-107,31],[-81,7],[-47,23],[-36,9],[-48,-1],[-65,25],[-42,7],[-45,18],[-15,35],[-40,42],[-38,8],[-73,-3],[-104,-20],[-37,5],[-47,-23],[-11,-15],[-2,-39],[-69,-12],[-42,1],[-68,-22],[-27,17],[-38,2],[-35,30],[-26,4],[-47,-11],[-76,5],[-124,-47],[-22,-24],[-35,-5],[-43,-25],[5,-32],[-13,-17],[-55,-5],[-11,-18],[25,-46],[63,-21],[52,3],[-9,-24],[28,-34],[13,-39],[53,-19],[9,-43],[-59,-64],[-21,-6],[-15,-18],[-59,3],[-32,-7],[-54,-34],[-27,0],[-11,-8],[-47,13],[-35,-22],[-21,1],[-66,31],[-1,14],[-23,20],[-84,11],[-38,-18],[-57,8],[-50,28],[-46,6],[-76,77],[-71,-15],[-135,24],[-41,24],[-20,0],[-39,16],[-76,-40],[-19,-20],[-33,-15],[-38,-4],[-26,-23],[-20,0],[-47,17],[-23,-1],[-14,-14],[-27,-5],[-16,-25],[-22,5],[-32,-23],[-52,-3],[-13,-15],[-46,1],[-34,-9],[-35,14],[-90,7],[-17,13],[14,48],[-47,62],[-68,40],[-88,20],[-53,35],[-14,38],[-39,54],[6,15],[-66,26],[-64,1],[-106,49],[-44,10],[-79,35],[-134,96],[-148,42],[-68,-42],[-73,-1],[-21,-9],[-56,-54],[-30,-17],[-42,-70],[-27,-71],[-55,-30],[-40,-37],[-9,-27],[25,-55],[-12,-12],[-38,6],[-38,27],[-55,-20],[-43,-3],[-30,-31],[-21,-4],[7,-16],[-28,-23],[-46,-8],[-55,11],[-28,-4],[-103,41],[-88,65],[-58,29],[-55,-14],[-74,-37],[-16,-21],[9,-32],[-15,-9],[-53,-11],[-28,1],[-24,11],[-24,-24],[-82,-38],[-81,-19],[-36,19],[-3,42],[-16,5],[18,13],[-38,50],[-106,18],[-26,19],[-6,33],[-28,30],[-35,16],[-42,-9],[-9,21],[23,11],[4,13],[-40,15],[48,31],[-28,127],[16,40],[-20,12],[-85,-3],[-37,35],[75,45],[-50,32],[-17,41],[-47,-9],[-42,33],[-14,41],[-74,32],[-112,0],[-62,20],[-126,-38],[-27,-44],[-6,49],[-21,14],[-50,-1],[-31,-25],[0,18],[-28,22],[-3,18],[18,14],[-12,35],[-112,3],[-11,9],[2,30],[-24,-7],[-96,36],[-3,21],[15,10],[-2,16],[-36,101],[-19,22],[-39,15],[-24,31],[-32,1],[-34,51],[-46,30],[-18,29],[4,13],[-48,71],[6,18],[-14,17],[-49,4],[-11,10],[9,17],[-17,96],[-12,16],[-85,14],[-117,-6],[-25,16],[-14,54],[-22,8],[13,35],[-48,218],[23,70],[-33,16],[-22,-4],[-7,-22],[-46,-8],[-47,6],[-6,-11],[-18,-5],[-47,46],[-35,6],[-4,21],[-33,32],[2,30],[-15,3],[-14,-4],[-13,-29],[-39,-10],[-66,26],[-33,30],[-26,0],[-32,-18],[-68,-8],[-120,10],[-35,-49],[-90,-29],[-51,-39],[-26,-6],[-54,9],[-21,13],[-20,-4],[-35,-52],[-66,-3],[0,0],[-43,4],[-59,28],[-82,21],[-73,1],[-66,24],[-41,3],[-22,-7],[-37,9],[-86,67],[-63,30],[-143,37],[-84,4],[-32,19],[-38,-2],[-71,16],[-126,42],[-21,-3],[-41,-24],[-19,5],[-30,-9],[-10,30],[-89,42],[-146,31],[-17,-12],[-1,-23],[-125,-21],[-94,-56],[3,-37],[-12,-22],[-71,-31],[-124,-26],[-47,-27],[-44,-8],[-63,40],[-18,39],[-104,7],[-1,47],[-50,13],[-18,41],[-104,-29],[-15,12],[3,23],[-154,47],[9,19],[-17,24],[-89,2],[-40,-19],[1,-21],[-32,-59],[-36,-30],[-38,-24],[-73,-15],[-93,-53],[8,-58],[-40,-13],[-115,4],[-18,15],[-52,3],[-16,10],[-27,-2],[-69,14],[-100,-41],[-47,-6],[-29,-21],[-26,-43],[-73,-15],[-30,-20],[-43,-59],[-91,-32],[-52,13],[-30,-1],[-37,-13],[-18,-16],[-43,21],[-73,-12],[-108,16],[-49,-14],[10,-13],[-6,-20],[-37,-26],[-106,16],[-30,19],[-30,-2],[-20,-20],[-49,-21],[-35,21],[-54,-2],[-13,35],[-73,23],[-68,-6],[-52,22],[-43,-3],[-42,17],[-110,0],[-52,19],[-9,27],[-63,41],[-2,27],[-37,25],[-6,39],[-32,16],[-133,-8],[-73,31],[-28,-3],[-25,14],[-50,-8],[-39,28],[-36,-3],[-23,9],[-11,14],[-34,10],[-39,-18],[-51,18],[-63,11],[-8,20],[-31,28],[-59,17],[-93,-31],[-38,16],[-41,42],[-2,39],[-32,26],[-112,35],[-44,71],[-49,9],[1,16],[44,28],[25,40],[-23,61],[-56,24],[-98,10],[-92,-20],[-63,3],[-60,44],[-30,3],[-23,-16],[-10,-27],[-17,-12],[-45,14],[-44,-4],[-84,18],[-93,-37],[-92,-5],[-68,23],[-66,-13],[-59,-20],[-47,-4],[-140,20],[-62,-2],[-71,-17],[-119,-46],[-23,-27],[-89,3],[-98,-21],[-48,-32],[-31,-2],[-35,18],[-73,13],[-49,20],[-249,20],[-56,39],[-45,19],[-84,-3],[-71,16],[-58,45],[-87,33],[-143,22],[2,50],[73,46],[-13,28],[-60,6],[-132,-13],[-83,12],[-76,1],[-98,40],[-40,43],[-96,12],[-49,-40],[-5,-23],[-95,-31],[-37,5],[-98,-15],[-153,97],[-178,28],[-211,-6],[-160,-13],[-151,-32],[-228,-69],[-279,-108],[-289,-90],[-69,-65],[-128,-8],[-224,-79],[-117,-15],[-92,6],[-97,-7],[-102,-63],[-177,-41],[-209,-23],[-452,52],[-136,53],[-238,-48],[-308,-26],[-117,13],[-417,-22],[-133,29],[-471,-57],[-187,-16],[-99,-34],[-176,5],[-176,102],[-91,64],[-66,32],[-80,-12],[-61,-32],[-112,15],[-275,110],[-458,63],[-229,7],[-240,-9],[-305,-74],[-119,5],[-339,-22],[-284,15],[-281,46],[-259,8],[-256,-1],[-166,-15],[-105,32],[-197,28],[-302,-35],[-103,-1],[-38,-39],[-59,-8],[-57,-34],[-73,-24],[-96,34],[-63,33],[-138,28]],[[25913,34096],[-74,51],[-113,34],[-155,0],[-125,9],[-153,36],[-147,45],[-64,29],[-111,72],[-115,115],[-71,94],[-85,69],[-79,29],[-56,6],[129,588],[990,547],[159,1403],[966,-45],[148,1313],[1676,-61],[192,1366],[856,-43],[194,1378],[-4622,204],[-263,-1405],[-6213,352],[-2123,2093]],[[16654,42375],[0,281],[391,670],[135,1047],[-133,-44],[-94,-58],[-35,-50],[-41,-18],[-21,-27]],[[16856,44176],[-38,10]],[[16818,44186],[51,42],[84,45],[26,30],[71,37],[25,29],[97,38],[110,764],[-396,784],[-232,204],[0,0]],[[16654,46159],[0,13707]],[[17944,66786],[16,-36],[110,-26],[-478,-164]],[[17592,66560],[-938,-438],[0,1089],[6,-1]],[[16660,67210],[8,38],[18,2],[75,-22],[59,-44],[66,15],[50,-1],[29,-21],[5,-40],[30,-8],[16,7],[55,67],[112,60],[86,6],[36,-22],[33,15],[77,1],[9,-31],[18,-9],[13,0],[49,27],[24,-5],[25,-15],[-12,-31],[11,-6],[10,1],[15,25],[79,5],[32,-7],[12,24],[44,3],[6,-15],[-9,8],[-1,2]],[[35980,60263],[10,-5],[59,-45],[-16,-107],[15,-20],[-8,-24],[15,-8],[-1,-17],[78,1],[41,-26],[4,-12],[20,-1],[26,-47],[-53,-7],[-4,-23],[-16,-17],[29,-25],[-47,-9],[-36,-16],[-49,-96],[10,-24],[-16,-7],[-6,-14],[-30,-18],[9,-27],[-58,-13],[-18,-22],[-58,-4],[-16,-31],[-12,-2],[-42,-52],[18,-20],[25,-3],[-5,-16],[-17,-11],[19,-11],[-17,-33],[2,-29],[13,-10],[-20,-17],[2,-11],[-41,-12],[26,-6],[2,-38],[-27,-8],[-25,-23],[-55,-17],[-2,-25],[-42,-26],[-30,-13],[-30,11],[-46,-7],[-9,-14],[-1,-57],[-33,-15],[-7,-19],[-53,-19],[-14,-19],[-54,-13],[-34,-23],[-24,-40],[-39,-4],[-25,-22],[-29,12],[-32,-4],[-18,12],[-39,3],[-9,-52],[18,-18],[44,-5],[21,-19],[-22,-50],[8,-12],[-54,-52],[-97,-52],[-6,-42],[-23,-1],[-14,-14],[6,-44],[-21,-26],[56,-20],[38,-44],[2740,321],[-18,12],[29,33],[-31,39],[15,36],[-39,105],[1,18],[10,2],[59,2],[40,-25],[26,5],[26,-8],[10,-12],[-3,-41],[81,6],[1,-13],[22,-5],[2,-7],[-9,-9],[-21,-3],[4,-13],[89,-5],[33,-21],[43,52],[47,20],[28,23],[38,7],[0,31],[36,12],[9,16],[33,9],[20,20],[56,2],[57,-20],[40,8],[44,-32],[22,-6],[28,7],[31,23],[-31,14],[26,26],[58,-14],[83,44],[50,5],[57,-16],[4,-24],[29,-8],[78,0],[40,-17],[86,6],[82,-13],[35,12],[-36,34],[43,30],[29,8],[-7,8],[-64,19],[-29,19],[-8,20],[-22,18],[-35,79],[-7,115],[-37,16],[-6,66],[-30,19],[-117,9],[-199,50],[-286,136],[-33,27],[-37,79],[-64,85],[-20,5],[-46,45],[-29,77],[-9,141],[-41,116],[17,74],[-5,79],[-40,52],[-48,113],[-1,373],[24,120],[-11,112],[21,81],[45,62],[-39,86],[-63,43],[-77,89],[-20,-3],[-10,8],[3,24],[-27,2],[-14,17],[-8,25],[15,14],[-58,210],[13,179],[52,277],[43,81],[52,56],[3,25],[-7,22],[-29,16],[25,32],[7,41],[-33,13],[-60,47],[-9,33],[24,44],[64,61],[20,114],[23,53],[-33,15],[-20,43],[-18,10],[17,72],[-9,8],[-42,-5],[-36,26],[-18,34],[1,14],[96,127],[26,98],[-10,9],[-54,9],[-101,5],[-15,7],[-39,52],[0,33],[48,185],[39,48],[76,64],[53,143],[293,293],[19,3],[8,13],[-38,13],[-8,11],[12,47],[63,63],[92,74],[23,8],[5,21],[20,11],[-35,-3],[-28,19],[-18,-1],[-12,12],[-39,-6],[-17,19],[-13,1],[-20,-36],[-24,-9],[-61,-3],[-13,9],[-134,-13],[-15,-29],[-25,-18],[11,-9],[-29,-5],[-112,-56],[-86,-24],[1,-6],[-11,3],[-135,-24],[-4,-10],[-27,5],[-47,-8],[-12,7],[-33,-7],[-5,7],[-55,-16],[-14,3],[0,-7],[-55,-4],[-5,7],[-142,23],[-67,22],[-44,40],[-29,5],[-26,25],[-15,1],[-43,33],[-238,-51],[-61,-25],[-29,-38],[-61,-21],[-25,3],[-114,-32],[-132,-8],[-63,-63],[14,-39],[116,-73],[111,-27],[25,-18],[-149,42],[-115,64],[-8,-31],[50,-27],[112,-34],[25,-23],[3,-19],[-42,37],[-67,13],[-101,49],[-22,-18],[-7,-31],[70,-87],[27,-12],[31,-30],[-14,-75],[135,-43],[30,-22],[18,-33],[-15,-34],[-32,-23],[-94,-25],[-84,-4],[-23,-42],[22,-11],[56,-5],[122,15],[52,-21],[20,-25],[-14,-88],[-19,-26],[-12,-9],[-128,-32],[15,13],[116,36],[8,8],[-1,53],[16,34],[-12,22],[-12,10],[-52,7],[-117,-22],[-28,3],[-68,35],[-25,25],[-28,4],[-6,-6],[13,-54],[-17,-49],[43,-60],[-25,-97],[32,-50],[50,-19],[23,-20],[-18,-49],[10,-6],[-8,-1],[-8,7],[10,35],[-6,19],[-59,13],[-76,82],[4,28],[26,5],[14,15],[5,37],[-79,48],[-33,-14],[15,-25],[-12,-42],[-15,74],[78,54],[11,25],[-33,52],[-39,39],[-41,20],[-54,-4],[-75,10],[-87,36],[-27,-14],[-65,0],[-64,33],[-32,7],[-16,-3],[-16,-19],[-10,-78],[-15,16],[-1,47],[37,44],[42,3],[26,-6],[67,-32],[20,-1],[38,12],[35,71],[52,50],[9,31],[-9,23],[-97,48],[-54,39],[-117,3],[-23,-35],[14,-24],[-17,-2],[-28,19],[-27,-5],[9,26],[-12,-4],[-41,23],[-7,21],[60,171],[-8,60],[-14,21],[6,57],[14,43],[57,61],[-4,34],[-13,13],[2,32],[-26,5],[0,13],[6,4],[50,-16],[12,8],[-36,118],[2,201],[63,97],[25,91],[24,19],[26,51],[46,52],[32,66],[21,2],[87,54],[50,49],[30,177],[24,68],[-707,-19],[-144,-414],[-272,-134],[-24,8],[-2,21],[-27,31],[-69,55],[-59,6],[-67,-34],[-13,1],[25,-203],[61,-43],[8,-25],[136,-87],[3,-14],[-28,-21],[64,-10],[34,-24],[-28,-6],[-11,5],[-13,-8],[-23,20],[-2,-6],[-17,6],[-6,-13],[-17,7],[74,-49],[16,-48],[26,-9],[6,-52],[-485,29],[-382,-186],[-118,-155],[-5,20],[-23,10],[-17,-2],[-11,-8],[7,-13],[-28,-11],[-42,0],[-15,-17],[-81,-9],[-36,17],[-32,35],[31,43],[16,6],[3,17],[-24,12],[-21,54],[-25,11],[-3,10],[4,34],[19,3],[8,47],[-22,21],[-2,16],[25,21],[2,34],[27,21],[2,16],[-43,12],[-23,-8],[-14,6],[39,49],[-14,23],[-11,62],[-34,23],[-39,1],[-29,40],[-32,25],[10,61],[21,9],[-41,47],[-46,9],[35,72],[-6,13],[-30,2],[-1,20],[36,31],[-19,8],[-23,61],[-46,3],[-2,19],[-18,7],[-1,20],[-18,-6],[-29,6],[-32,-10],[-35,27],[-24,1],[6,30],[-14,17],[-3,32],[-58,11],[-22,29],[-48,16],[-7,23],[-41,40],[12,9],[-36,43],[6,25],[-11,11],[-1,31],[33,16],[19,30],[30,21],[12,26],[21,11],[45,63],[38,21],[69,-21],[31,16],[88,-10],[-22,46],[-40,22],[-5,44],[-28,7],[-11,20],[39,41],[33,13],[40,-3],[55,18],[32,14],[25,32],[14,44],[-47,33],[15,21],[-10,25],[21,11],[-23,21],[5,33],[-29,11],[-16,-3],[-1,7],[79,89],[-11,32],[22,15],[-7,15],[-31,14],[-19,21],[-21,2],[-15,-3],[16,-14],[-19,0],[-7,-8],[-14,14],[-31,-21],[-21,11],[-30,-14],[-10,20],[-16,5],[-50,-20],[-42,-3],[-43,69],[20,32],[-1,55],[-56,39],[9,22],[-30,15],[5,16],[21,10],[-24,24],[-32,1],[-46,39],[-8,18],[-16,-2],[9,-12],[-46,-20],[-40,18],[-59,46],[5,22],[16,11],[-13,21],[-28,25],[-33,6],[-32,24],[2,10],[82,13],[-5,20],[23,14],[-10,28],[20,14],[-5,18],[10,8],[30,0],[8,6],[-16,15],[23,53],[-10,21],[43,25],[-3,25],[15,23],[-2,31],[-18,36],[1,40],[-19,-4],[-22,-20],[-76,-23],[8,-43],[-30,-87],[-12,-4],[-38,1],[-48,19],[-35,39],[1,33],[-71,11],[-15,14],[8,14],[-10,3],[-44,-19],[-80,-52],[-72,15],[-17,16],[-93,-79],[-95,13],[-34,20],[-37,4],[-21,-12],[-4,-17],[-19,-14],[-42,-20],[-32,-7],[-53,3],[-35,-23],[-44,-6],[-105,37],[-69,12],[-55,30],[-100,-11],[-76,23],[0,0],[-14,4],[-3,-1],[-14,-10],[0,0],[-7,-4],[-18,-34],[-1,-5],[0,-1],[-2,-7],[0,0],[-5,-22],[9,-34],[-43,-16],[6,-39],[-51,-29],[-8,-69],[-28,-86],[-17,-21],[-65,-24],[-21,-38],[3,-42],[22,-56],[-5,-32],[42,-32],[0,-26],[36,-77],[-6,-9],[-37,-10],[-110,6],[-12,-25],[13,-24],[-30,-25],[-90,-9],[-25,-10],[-2,-15],[19,-17],[-7,-32],[-63,-10],[-42,5],[-63,-11],[-59,-36],[-10,-14],[3,-87],[-34,-44],[-22,-13],[-3,-11],[12,-11],[-7,-8],[-57,-6],[-31,-14],[-4,-50],[-61,-64],[-1280,63],[-1,-17],[-105,-22],[-93,25],[-74,-10],[-60,-60],[-24,-49],[48,-33],[69,-70],[3,-44],[39,-20],[17,-34],[-26,-80],[-57,-34],[-22,-43],[-40,-43],[31,-78],[-32,-52],[-17,-10],[17,-36],[90,-7],[70,-63],[-14,-8],[-5,-23],[-71,-50],[-23,-63],[-19,33],[-35,17],[-135,-27],[-110,-5],[-70,9],[-23,12],[-38,-7],[-53,-39],[-44,-89],[-63,-15],[-21,-35],[-22,-9],[1,-12],[32,-52],[182,-42],[19,-17],[1,-13],[49,-11],[4,-25],[67,-10],[7,-20],[26,-6],[38,-37],[5,-26],[44,-15],[11,-17],[17,-4],[-4,-65],[35,-17],[37,-32],[-18,-39],[11,-15],[-5,-19],[-31,-24],[-3,-14],[101,-26],[68,-52],[25,3],[53,-15],[1,-19],[-25,-23],[27,-18],[91,-7],[16,7],[27,-11],[29,-2],[55,11],[29,-1],[-55,-19],[-4,-9],[8,-26],[19,-17],[-1,-41],[38,-6],[42,-29],[52,-23],[48,-9],[11,-13],[-14,-72],[-40,-10],[-8,-47],[-12,-13],[-29,-10],[10,-19],[-41,-20],[-12,-18],[12,-41],[-33,-1],[-15,-12],[48,-50],[-3,-23],[12,-14],[-34,-37],[21,-42],[-10,-17],[19,-12],[43,0],[23,12],[14,-10],[-977,-433],[1308,-1163],[-27,-11],[36,-28],[51,0],[63,12],[59,-3],[43,-14],[58,-37],[109,-41],[35,-4],[82,9],[100,-34],[59,11],[58,33],[69,-14],[106,27],[88,-9],[65,14],[49,-3],[68,8],[112,-19],[77,-28],[85,-17],[31,-22],[54,-17],[116,-99],[70,-12],[33,-14],[41,24],[30,1],[47,-19],[99,-16],[71,11],[120,73],[38,1],[49,15],[87,-8],[76,13],[77,-53],[128,-11],[174,24],[68,-14],[43,3],[42,12],[52,43],[60,-8],[19,18],[93,-22],[20,30],[31,0],[61,-17],[13,28],[51,-4],[100,5],[56,-30],[41,0],[65,17],[96,12],[68,35],[97,-13],[114,-40],[86,9],[56,-14],[-159,-1064],[245,98],[1313,-70],[4,-19],[-30,-6],[-11,-29],[19,-19],[40,-15],[4,-13],[-29,-13],[-7,-12],[8,-35],[-64,1],[-24,-15],[-115,-25],[-77,-50],[-78,-24],[-35,3],[10,-6],[-9,-7],[5,-32],[30,-61],[-3,-14],[24,10],[30,-14],[50,-6],[19,49],[22,7],[8,11],[55,-3],[47,15],[104,-19],[38,4],[39,-11],[39,10],[29,0],[39,-33],[96,-39],[45,-5],[53,-21],[22,-20],[-27,-25],[13,-12],[75,-20],[16,-9]],[[39559,63266],[-1,0],[-3,-1],[27,-5],[5,12],[-28,-6]],[[36068,64034],[0,0],[-1,-15],[-1,-4],[-10,-44],[-70,-37],[-14,-17],[2,-23],[29,-20],[159,-1],[41,-20],[57,-50],[94,-16],[42,12],[172,32],[31,29],[3,24],[-33,34],[-25,8],[-61,-3],[-64,30],[-31,109],[-89,2],[-34,9],[-38,22],[-8,20],[25,75],[-7,13],[-29,4],[-96,-24],[-55,-102],[11,-47]],[[36343,64284],[0,0],[-2,2],[-65,-3],[-15,-3],[0,-4],[-2,-9],[29,-29],[13,-74],[-15,-33],[-13,-7],[-12,6],[-6,-17],[31,-15],[3,-1],[7,0],[23,-2],[32,-1],[21,5],[-59,82],[-2,9],[3,10],[37,50],[5,22],[-13,12]],[[36008,64216],[0,0],[-3,4],[-53,14],[-79,0],[-39,-6],[-26,-27],[-66,-8],[-6,-14],[8,-5],[114,-18],[69,-46],[43,-6],[24,21],[22,43],[5,31],[-13,17]],[[39458,64183],[-1,2],[-3,12],[0,0],[-2,7],[-3,1],[0,0],[-14,8],[-11,-10],[29,-17],[5,-3]],[[38606,64207],[-2,2],[-28,4],[-10,-29],[35,14],[0,0],[9,4],[-3,3],[-1,2]],[[38619,64201],[8,0],[5,-1],[0,0],[2,0],[-4,5],[-5,-2],[-6,-2]],[[39361,64224],[-6,-2],[0,0],[-27,-10],[15,-10],[23,18],[-5,4]],[[36205,64269],[-6,4],[-42,12],[-109,-3],[-8,-11],[36,-41],[14,-5],[12,-4],[5,-1],[112,15],[2,12],[2,10],[-11,7],[0,0],[-7,5]],[[35884,64284],[-4,2],[-13,-7],[1,-8],[0,0],[1,-4],[29,-20],[80,-6],[-9,9],[-81,33],[0,0],[-4,1]],[[36209,64304],[18,-6],[24,-8],[64,5],[42,27],[13,33],[-49,41],[-87,3],[-45,-10],[3,-71],[17,-14]],[[36074,64384],[-27,-13],[-1,-1],[-29,-13],[0,0],[-8,-4],[3,-24],[15,-16],[72,-10],[62,7],[11,7],[3,1],[-4,30],[0,1],[-4,37],[-22,7],[-63,-8],[-8,-1]],[[34456,65093],[236,-123],[-191,-86],[123,-98],[62,21],[289,27],[-92,31],[1,30],[-28,22],[9,20],[-47,43],[-43,7],[-67,33],[-39,50],[-49,23],[-25,35],[-102,63],[-37,-98]],[[36507,65196],[0,-5],[44,-8],[-23,13],[-21,0]],[[36369,65313],[6,3],[27,13],[-17,23],[12,46],[-20,26],[-41,6],[-17,14],[-16,-23],[11,-36],[29,-58],[26,-14]],[[36446,65397],[-7,18],[-22,-16],[17,-9],[12,7]],[[36275,65488],[18,-14],[15,13],[-15,11],[-18,-10]],[[36284,65556],[-10,2],[2,-6],[8,4]],[[64086,45857],[-7,0],[-59,13],[-38,-57],[-48,-10],[-325,-14],[-48,16],[-87,-5],[-46,-17],[6,-15],[-17,-8],[-78,-15],[-94,15],[-12,-6],[-3,8],[-94,18],[-6,-11],[-11,2],[-50,43],[-48,16],[-63,-6],[-53,23],[-109,-1],[-31,9],[-26,-1],[53,-68],[-233,-1335],[609,-40],[-120,-697],[-376,21],[-18,-121],[40,-58],[20,-112],[1,-47],[-11,-8],[9,-12],[38,0],[-10,-10],[13,-8],[49,-6],[8,11],[-14,3],[39,11],[-8,10],[23,6],[35,-3],[8,15],[-12,27],[27,13],[-13,10],[5,10],[26,10],[9,-8],[19,17],[32,1],[27,18],[35,-1],[4,-16],[30,-1],[29,-18],[-48,-305],[322,-19],[3,-32],[45,0],[16,-13],[-32,-18],[-7,-21],[-50,-4],[-44,-16],[-37,0],[1,-15],[20,-5],[2,-22],[-29,-21],[19,-35],[-24,-10],[-36,0],[-21,-24],[-26,10],[-9,23],[-20,-11],[-11,5],[-100,0],[-82,-23],[-36,8],[-42,-13],[-56,9],[-8,-6],[10,-10],[-40,-14],[3,-10],[-14,-5],[-32,14],[2,22],[-29,1],[-9,10],[-23,-1],[-29,-24],[-50,17],[-39,-30],[7,-25],[-19,-13],[-57,19],[2,18],[-37,-1],[-14,-11],[-57,0],[-8,-13],[-53,21],[-49,-25],[-8,11],[-21,6],[-16,-10],[-33,6],[-20,-12],[-75,23],[-20,-8],[-36,0],[-16,-15],[-31,21],[-11,-4],[-11,-30],[-37,-6],[-26,74],[28,21],[3,22],[-45,8],[-93,-1135],[-12,7],[-32,-16],[-287,-2],[-17,-98],[-397,24],[-42,-239],[144,-13],[-22,-126],[46,-3],[-8,-48],[16,-1],[7,43],[314,-18],[-47,-302],[-258,15],[-20,-129],[-15,-4],[-33,-38],[-28,-11],[34,-17],[-1,-14],[-68,-20],[16,-11],[2,-17],[-33,-9],[19,-29],[0,-18],[39,-7],[65,-46],[9,-18],[-30,-29],[54,-50],[0,0],[17,-21],[8,-2],[14,-5],[36,2],[34,-11],[21,145],[226,-12],[-21,-146],[255,-13],[9,67],[599,-31],[48,327],[379,-20],[-51,-348],[27,-19],[63,-4],[-6,-36],[-601,32],[-3,-19],[-141,7],[-20,-143],[182,-10],[4,28],[201,-10],[2,11],[179,-9],[5,35],[257,-13],[-4,-24],[182,-9],[-17,-117],[94,-4],[9,60],[152,-7],[32,20],[-120,6],[7,56],[148,-7],[18,14],[129,-4],[12,-13],[-10,-13],[-21,2],[5,16],[-33,-4],[-7,-6],[9,-14],[-23,-8],[14,-10],[-2,-10],[57,-6],[16,-15],[68,5],[188,92],[362,-269],[52,109],[75,93],[16,54],[59,53],[141,110],[155,98],[80,45],[86,14],[67,39],[18,21],[-4,26],[-14,6],[14,23],[-36,44],[-1,15],[86,83],[67,43],[16,20],[2,36],[18,5],[3,17],[-14,10],[-36,4],[-84,36],[-17,17],[-17,3],[-14,44],[-28,1],[-8,7],[-6,49],[46,72],[68,57],[346,190],[272,112],[153,33],[24,-6],[-6,-10],[18,-9],[93,14],[65,-17],[34,3],[10,10],[0,7],[-1,17],[-43,19],[-10,16],[4,58],[-21,56],[-28,18],[-12,21],[-43,27],[-16,2],[-36,30],[-3,12],[17,22],[-11,24],[17,41],[-4,38],[-29,39],[-52,23],[-87,-18],[-31,-24],[-35,-66],[14,-41],[-6,-27],[-21,-23],[6,-9],[-30,-15],[-54,-51],[-42,-14],[-48,-6],[-24,-15],[-45,-4],[-18,-8],[0,0],[-25,-4],[0,0],[-204,15],[-379,7],[-70,28],[-106,86],[-59,90],[-14,38],[2,28],[-85,96],[-23,74],[-110,85],[-26,43],[-9,43],[13,129],[-21,8],[6,10],[-26,11],[-21,72],[12,47],[52,72],[10,41],[-11,33],[-7,13],[-68,42],[-21,27],[-32,2],[-31,-11],[-43,0],[-56,37],[37,25],[31,-23],[88,13],[39,-9],[17,-21],[21,2],[63,128],[69,101],[84,86],[124,104],[42,84],[227,243],[165,152],[99,73],[277,183],[508,298],[54,21],[67,-46],[-38,37],[21,5],[0,21],[-79,112],[19,0],[18,31],[-16,24],[14,6],[6,51],[-11,7],[15,30],[-65,71],[-109,-1],[-28,-15],[-9,-17],[-56,-28],[-6,-25],[-12,-5],[0,-1],[-19,-5],[-108,-7],[-47,7],[-40,16],[-67,8],[-28,-16],[-30,-6],[7,-8],[-17,-37],[-45,-26],[-55,9],[-98,-12],[-54,12],[-52,2],[-98,54],[-41,12],[-67,102],[-39,24],[-12,33],[-115,64],[-14,39],[-35,18],[-31,4],[-137,77],[-60,22],[-46,43],[-6,5],[-26,3],[25,18],[-15,49],[-102,31],[-76,65],[-25,15],[-2,-10],[-24,4],[-126,92],[20,5],[-26,37],[-6,71],[46,110],[68,121],[56,88],[23,3],[-23,27],[0,1]],[[63641,40427],[-686,20],[18,122],[-36,-1],[-16,-8],[-14,10],[6,16],[-29,16],[10,68],[97,-6],[-12,-81],[19,-22],[22,-1],[3,28],[59,-17],[62,17],[28,-18],[-3,-16],[32,4],[10,-13],[62,9],[14,98],[181,-10],[-14,-143],[29,-3],[10,7],[33,-14],[9,6],[19,-5],[5,-14],[15,6],[-1,11],[32,2],[16,17],[22,1],[24,-13],[-14,-18],[-18,5],[-7,-18],[32,1],[-18,-25],[2,-11],[-3,-7]],[[19196,20782],[-356,-2084],[2092,-1494],[1518,-40],[240,-168],[-367,-191],[459,-336],[623,-394],[1212,-848],[-2319,-1224],[-105,-65],[-26,-45],[1,-83],[64,-115],[63,-43],[68,-33],[114,-40],[89,-12],[30,-27],[-10,-65],[-28,-92],[-37,-76],[-19,-81],[-19,-205],[18,-33],[144,-114],[89,-30],[140,-86],[178,-80],[21,-22],[12,-53],[-58,-80],[20,-121],[-38,-77],[-39,-22],[-21,-27],[-21,-65],[3,-29],[85,-44],[219,-47],[110,-53],[27,-25],[2,-33],[155,-53],[8,44],[70,-4],[6,-51],[78,-2],[229,13],[80,-7],[179,-67],[94,-28],[49,-29],[52,-73],[41,-11],[36,-23],[70,-9],[69,22],[64,0],[96,-32],[73,-79],[28,-83],[51,-62],[-12,-21],[-1,-107],[28,-7],[40,-25],[-1,-22],[-39,-21],[1,-40],[47,-54],[-89,-35],[-58,-34],[-20,-38],[53,-13],[98,-5],[66,20],[67,4],[79,20],[103,-25],[108,1],[107,-32],[77,-2],[64,5],[100,46],[183,53],[17,-2],[49,-32],[269,69],[161,4],[62,-6],[33,-38],[187,-110],[27,-50],[37,-18],[106,-27],[111,-44],[51,-24],[31,-35],[12,-29],[-41,-73],[-20,-62],[36,-37],[-1,-31],[-29,-28],[-72,-38],[1,-14],[34,-11],[82,-1],[100,27],[52,79],[48,25],[49,53],[22,8],[40,-1],[76,-27],[56,-61],[217,-82],[63,11],[31,43],[83,-7],[80,-35],[28,-27],[64,-14],[31,-56],[-43,-63],[53,-75],[-11,-30],[57,-50],[-1,-33],[-35,-50],[-23,-18],[-40,3],[-23,-8],[-19,-31],[-121,-32],[-63,-34],[-33,-33],[2,-65],[96,-70],[9,-26],[-20,-47],[-48,-67],[62,-53],[102,-43],[49,-73],[82,-23],[419,-79],[58,-24],[14,-32],[65,-51],[-48,-64],[29,-38],[4,-31],[-21,-16],[-29,-72],[213,-178],[-11,-12],[-82,10],[-65,-28],[-55,-71],[29,-88],[-50,-65],[16,-70],[-128,-113],[-5,-23],[4,-4],[34,-47],[58,-81],[152,-181],[83,-211],[19,-27],[334,-239],[207,-173],[184,-114],[226,-104],[187,-51],[315,-20],[246,64],[145,3],[185,-13],[96,54],[102,32],[126,7],[61,-20],[129,-14],[504,13],[125,-30],[109,-87],[182,-4],[178,-49],[54,-94],[88,-34],[60,-89],[13,-63],[23,-34],[86,-35],[34,-4],[-17,-66],[5,-20],[39,-12],[185,-19],[71,-19],[49,6],[29,-5],[44,-122],[31,-7],[69,8],[69,-39],[79,-29],[7,-37],[25,-36],[-29,-177],[13,-25],[40,-25],[134,-53],[-19,-34],[68,-7],[21,-30],[133,4],[82,-31],[48,21],[72,2],[51,20],[55,-27],[65,1],[39,-16],[37,-32],[44,-62],[-4,-38],[-26,-28],[-49,-30],[-6,-28],[157,-116],[65,-108],[72,-55],[60,-65],[78,-128],[-70,-117],[-14,-76],[20,-58],[55,-33],[252,12],[64,-9],[6,-19],[-21,-54],[-27,-27],[20,-25],[64,-38],[36,-8],[34,-27],[123,-20],[5,-13],[-43,-38],[-7,-23],[28,-15],[45,-4],[107,34],[101,1],[125,39],[256,20],[58,-23],[28,-27],[17,-35],[68,-10],[46,-18],[63,-48],[31,-38],[30,-89],[33,-39],[47,-29],[49,-73],[-2,-66],[82,-53],[27,-46],[-1,-28],[-18,-29],[-45,-28],[-72,-6],[-25,-9],[-8,-30],[29,-63],[-13,-23],[-181,-51],[-51,-33],[-2,-30],[-31,-64],[53,-16],[68,-131],[55,-49],[91,-24],[95,-10],[77,-18],[77,-42],[86,-87],[68,-133],[-9,-88],[18,-48],[177,-107],[68,-61],[40,-64],[18,-70],[5,-158],[56,-60],[60,-36],[20,-26],[-3,-44],[-23,-42],[-21,-74],[0,-52],[32,-61],[110,-79],[176,-151],[111,-67],[36,-16],[99,-46],[204,-1],[120,16]],[[37988,2003],[51,-72],[25,-70],[7,-60],[-57,-100],[-48,-39],[-73,-40],[-123,-38],[-52,-23],[-357,-86],[-68,-47],[-57,-16],[-11,-28],[-55,-60],[-97,-26],[-53,-69],[-148,7],[-62,20],[-33,1],[-33,-19],[-131,-19],[-58,26],[-155,-55],[-30,-26],[-45,-21],[-44,1],[-17,-14],[12,-92],[-7,-98],[-170,-149],[-155,-13],[-78,11],[-247,79],[-79,6],[-64,-18],[-42,-37],[-38,-67],[-56,-42],[-239,-69],[-99,-45],[-74,-59],[-112,-159],[-134,-126],[-11,-25],[-5,-112],[-20,-28],[-26,-22],[-88,-44],[-71,-21],[-43,4],[-32,17],[-92,91],[-71,29],[-38,-3],[-107,-76],[-9836,512],[23,146],[111,682],[-264,10],[192,1352],[-3154,140],[-21,-131],[-317,18],[399,2581],[-710,37],[-24,-234],[-1755,108],[-21,-127],[-1146,70],[259,1602],[-719,24],[-36,-225],[-2808,141],[-156,-1048],[-2426,108],[-135,-1071],[-52,-8],[-26,10],[-58,-15],[-106,5],[-26,9],[-49,45],[-32,17],[-70,11],[-84,46],[-36,-5],[-168,5],[-66,26],[-33,34],[-73,19],[-74,71],[-20,8],[-14,14],[5,8],[-50,8],[-37,25],[-19,3],[-65,-10],[-80,17],[-32,0],[-147,-35],[-69,7],[-41,-12],[-53,24],[-184,-6],[-98,29],[-57,-9],[-42,9],[-29,27],[-33,-1],[-8,13],[-6,1],[-3,0],[-14,3],[-49,-4],[-1,17],[-37,-2],[-8,7],[6,25],[-16,0],[-31,17],[-14,-10],[-26,20],[22,21],[-1,19],[-60,6],[-23,25],[0,12],[24,16],[-24,21],[2,14],[29,24],[-2,16],[-58,40],[-7,62],[170,-11],[244,1390],[484,-24],[361,2414],[-1054,56],[-3916,247],[90,528],[-834,47],[-65,31],[-75,19],[-2,10],[-28,14],[-76,11],[35,38],[26,8],[-17,41],[9,66],[-9,14],[-22,5],[-10,49],[-51,6],[-24,20],[-37,69],[22,25],[-5,47],[-31,5],[-6,11],[14,19],[27,6],[49,0],[1,-16],[20,-2],[33,42],[-24,29],[0,36],[-20,6],[-23,33],[-31,9],[-24,26],[-44,8],[-19,13],[2,49],[-41,105],[12,18],[-11,21],[10,29],[-39,39],[40,17],[-18,45],[19,25],[-23,8],[-1,30],[47,25],[36,4],[3,20],[111,6],[19,29],[5,34],[-53,29],[-16,25],[-28,20],[23,10],[-25,38],[21,16],[27,1],[40,25],[-28,48],[-45,27],[16,24],[25,15],[-24,16],[1,19],[91,37],[-3,52],[60,23],[-52,98],[19,74],[-8,18],[-20,11],[-127,13],[-46,34],[-46,13],[-46,25],[-34,0],[-6,14],[49,60],[1,15],[-19,13],[-2,14],[8,56],[12,10],[-36,66],[-101,23],[-33,18],[-79,85],[-20,85],[-66,33],[-110,12],[-34,21],[11,16],[-46,61],[-3,30],[-7,7],[-51,8],[-60,23],[-29,27],[-33,72],[-43,12],[-50,-6],[-30,32],[-50,8],[-11,17],[-38,-4],[1,47],[-21,17],[-25,5],[26,15],[0,11],[-20,29],[-48,19],[26,22],[14,34],[-31,59],[35,4],[9,9],[-40,35],[23,28],[-46,30],[-69,29],[12,28],[-35,25],[36,35],[-37,42],[10,36],[-19,43],[7,13],[-18,15],[-55,12],[-23,63],[-51,21],[-108,-9],[-54,54],[-22,47],[29,41],[-4,47],[-57,34],[-11,32],[17,15],[-21,19],[-13,0],[-2,25],[-51,32],[0,34],[-92,40],[-78,18],[-32,32],[-80,-8],[-30,19],[-49,62],[-38,9],[-45,2],[-70,18],[-35,-10],[-8,-15],[-87,40],[-26,23],[13,86],[82,96],[12,31],[-28,51],[14,35],[-57,72],[-8,43],[-61,68],[-5,29],[22,21],[-29,31],[8,18],[-8,19],[34,28],[25,46],[40,26],[-2,18],[97,22],[685,-28],[118,923],[1272,-73],[-31,-222],[1719,-98],[76,501],[-78,-1],[-47,-19],[-55,-5],[73,677],[1106,-39],[32,269],[-2483,108],[189,1530],[173,32],[27,-3],[36,-43],[97,-60],[183,12],[125,-16],[3,-90],[41,-10],[188,32],[59,-6],[69,13],[77,-4],[82,-13],[79,-34],[35,-39],[48,-23],[56,1],[85,16],[297,115],[80,656],[-910,30],[60,647],[370,-19],[238,1566],[2280,-137],[56,358],[2308,-118],[-47,-345],[1684,-122],[-779,566],[1703,864],[1736,-1324],[690,348],[1827,-1244],[1355,702]],[[69955,28096],[-10,4],[-8,4],[-6,0],[-98,-2],[-49,7],[-40,32],[-34,10],[-50,12],[-34,-3],[-58,21],[-74,9],[-63,42],[-105,3],[-55,35],[-51,6],[-47,29],[-125,15],[-86,-4],[-115,52],[-92,95],[-46,-2],[-70,17],[-55,37],[-63,-1],[-67,-32],[2,16],[-16,22],[-32,21],[4,26],[-23,2],[1,10],[51,42],[68,-1],[3,13],[-37,22],[30,28],[-20,46],[57,22],[4,12],[-22,31],[0,26],[-22,48],[43,22],[29,29],[68,26],[-8,23],[-108,3],[-85,-67],[-36,4],[-19,-14],[-27,-3],[-65,-33],[-19,-20],[-66,-32],[-45,-12],[-55,-1],[-68,-29],[-50,31],[-24,1],[-201,-28],[-54,-18],[16,-17],[-5,-6],[-85,-3],[-39,15],[-54,-11],[-47,42],[-117,8],[32,311],[-83,4],[0,11],[-57,30],[-33,-1],[-30,22],[192,-9],[8,49],[-110,6],[-5,25],[16,1],[4,13],[24,8],[-31,141],[38,2],[11,30],[-95,53],[-113,9],[21,158],[-268,211],[-33,-16],[-47,35],[18,9],[-56,41],[44,22],[-18,13],[-7,-3],[-74,63],[-284,18],[-16,-93],[-163,10],[-23,-130],[-69,-35],[-5,-29],[-64,-34],[5,-7],[-20,-16],[14,-8],[-1,-19],[-34,-13],[-19,-29],[-17,-1],[-54,-30],[-41,10],[1,33],[-40,3],[-34,31],[-23,7],[-152,6],[-84,-45],[-64,-2],[13,64],[-5,30],[-99,9],[4,26],[-103,18],[-28,23],[3,12],[-35,13],[-33,0],[-33,-17],[-4,-24],[-30,-19],[-60,-9],[-21,13],[-25,3],[-13,20],[36,16],[-1,17],[-106,12],[-5,19],[-29,27],[-19,6],[-5,18],[-31,11],[6,19],[-21,6],[-22,-8],[-35,8],[-6,5],[21,15],[-3,10],[-98,27],[-19,20],[-10,58],[63,13],[5,21],[-67,12],[-43,-7],[-17,7],[-36,-6],[-23,5],[-15,26],[18,32],[77,30],[-11,14],[-57,7],[-99,32],[-8,22],[24,30],[15,8],[48,1],[-14,28],[46,31],[46,-6],[-8,10],[15,9],[7,37],[-31,7],[-125,-23],[-38,7],[-70,30],[-142,0],[-4,20],[24,5],[1,39],[-36,61],[-27,15],[11,26],[-7,10],[-69,-3],[-111,36],[-4,18],[-25,10],[-18,26],[12,12],[-10,15],[4,19],[-12,11],[-34,3],[-16,9],[8,21],[-58,30],[-146,34],[-2,33],[66,21],[12,22],[27,15],[5,33],[-29,66],[-51,6],[-29,17],[-40,7],[-52,-19],[-34,3],[-76,35],[-32,-3],[-44,10],[-23,20],[-158,79],[-54,57],[-25,13],[4,8],[-23,27],[37,16],[-2,29],[-64,49],[-17,26],[-38,7],[-46,41],[-66,40],[-2,11],[-32,-1],[-48,-17],[-33,19],[-100,-17],[-70,40],[3,23],[23,5],[12,53],[-7,13],[-34,11],[-5,13],[13,15],[-28,7],[3,7],[-33,15],[-18,24],[12,13],[-7,7],[6,48],[20,12],[-19,27],[20,18],[12,51],[-42,1],[-29,22],[-46,5],[-16,10],[25,12],[0,63],[38,52],[-4,41],[-121,38],[-43,-8],[-18,5],[-20,22],[-57,6],[-61,32],[-5,13],[-54,-6],[-16,16],[17,22],[-23,25],[-79,-2],[-11,4],[-4,20],[-71,19],[-144,14],[-33,-7],[-9,-16],[-49,-11],[-21,-14],[-90,28],[-136,28],[-53,-18],[-20,19],[-67,26],[40,42],[13,36],[46,18],[-117,57],[5,21],[-315,95],[-133,-6],[-68,22],[9,24],[80,19],[-77,34],[-71,32]],[[65435,35446],[-27,-21],[2,-10],[-19,-8],[22,-23],[-20,3],[12,-16],[-5,-5],[-12,5],[-21,-11],[23,-6],[-53,-21],[48,-49],[-37,-26],[62,-46],[-44,-10],[-43,8],[-7,-14],[67,6],[13,2],[15,8],[39,21],[9,28],[-11,61],[3,6],[28,47],[1,1],[8,2],[23,6],[4,1],[22,-4]],[[73097,35663],[122,-236],[-7,-136],[-14,-36],[-33,-35],[-2,-96],[30,-14],[16,-22],[65,-22],[63,-58],[19,-100],[97,-167],[160,-91],[79,-63],[88,-156],[13,-102],[-59,-86],[-40,-12],[-14,-200],[104,-84],[14,-16],[1,-30],[-30,-86],[-54,-54],[353,-559],[37,-3],[67,-31],[71,-13],[47,-31],[50,-7],[73,-90],[2,-157],[-22,-78],[-134,-195],[-47,-28],[-105,-34],[350,-672],[70,-22],[51,-58],[6,-89],[1917,-574],[7,5],[21,-3],[49,-54],[5,-25],[425,-197],[18,-18],[0,-21],[263,-536],[27,-11],[9,-22],[379,-330],[37,-5],[34,-22],[5,-18],[-13,-7],[473,-709],[23,2],[25,-14],[5,-20],[-11,-11],[1291,-709],[46,-10],[27,-15],[38,-55],[-7,-21],[16,-34]],[[65057,34890],[43,16],[-5,9],[12,11],[69,11],[11,16],[43,-3],[14,19],[23,10],[16,29],[64,-6],[18,30],[43,33],[29,8],[62,55],[13,0],[45,25],[42,-1],[34,7],[16,12],[145,49],[12,40],[-53,23],[11,9],[-26,12],[13,11],[-11,17],[-16,6],[-15,-26],[15,-21],[-10,-17],[-28,-2],[-22,-13],[-28,4],[-16,13],[-35,-34],[-120,8],[-18,-29],[-56,-27],[-84,-5],[-28,16],[-34,0],[-31,10],[1,-35],[-29,-23],[-74,-14],[-33,-19],[7,-19],[62,-40],[-6,-12],[-52,-24],[-128,-5],[21,-41],[-28,-72],[44,3],[25,-18],[33,-6]],[[56681,12999],[-961,61],[-24,-1060],[-245,-1369],[-126,-546],[1705,-112],[347,-215],[-687,-390],[78,-46],[-5,-16],[-40,-31],[19,-88],[88,-30],[37,5],[34,-7],[13,-22],[23,-9],[113,0],[42,-22],[65,-54],[76,-39],[88,33],[51,31],[35,10],[46,-3],[103,-61],[55,-44],[1,-13],[-30,-19],[1,-18],[15,-12],[55,-5],[10,-8],[13,-47],[-32,-25],[-1,-17],[45,-26],[-5,-37],[18,-11],[-956,-457],[681,-499],[-1044,-474],[-211,-138],[-144,-566],[20,-75],[7,-11],[235,-111],[895,-1236],[305,-134],[151,47],[92,13],[203,-9],[114,-29],[-914,-422],[-318,225],[-1825,-1015],[-109,-83],[-53,-83],[-24,-140],[-297,18],[-106,-614],[-1719,125],[-104,-726],[-299,63],[-960,99],[-271,6],[-270,58],[-104,-731],[-642,39],[-104,-651],[-159,-65],[-18,-12],[-69,-14],[-94,1],[-113,-36],[-60,-30],[-102,-25],[-107,-81],[-139,-135],[-111,-70],[-77,-26],[-214,81],[-88,60],[-144,37],[-153,23],[-106,28],[-80,56],[-26,50],[-11,63],[-232,84],[-150,18],[-117,1],[-231,-60],[-104,1],[-68,-41],[-138,-33],[-222,13],[-257,35],[-172,35],[-67,7],[-30,-4],[-144,-123],[-240,-135],[-222,-160],[-157,-61],[-54,-7],[-185,3],[-176,-11],[-139,23],[-177,9],[-124,-23],[-143,-50],[-196,-33],[-441,-29],[-670,-30],[-414,62],[-417,122],[-322,111],[-630,149],[-288,43],[-499,-110],[-72,-1],[-355,91],[-112,35],[-419,225],[-207,279],[-73,80],[-62,49],[-90,88],[-110,54],[-53,44],[-219,106],[-239,86],[-213,44],[-329,-77],[-92,-37]],[[19196,20782],[1,0],[0,-5],[50,-28],[234,-8],[51,10],[70,43],[78,29],[54,30],[67,13],[35,-7],[110,4],[67,-32],[110,1],[74,16],[128,4],[182,-53],[14,-17],[-23,-57],[21,-23],[109,-25],[102,24],[54,-13],[49,-47],[-19,-45],[6,-23],[73,-62],[120,-61],[68,-88],[7,-57],[25,-22],[22,-63],[23,-20],[51,-7],[5,-10],[-14,-18],[22,-77],[52,-66],[24,0],[41,-22],[16,-23],[-31,-63],[17,-28],[44,-8],[30,-15],[65,-82],[40,-34],[56,-8],[31,8],[52,-9],[5,-11],[83,-49],[53,-18],[95,-127],[43,-21],[71,-56],[60,9],[82,-20],[89,-31],[50,-44],[70,-19],[76,-34],[46,-6],[100,6],[88,-33],[41,-8],[71,-2],[34,-9],[283,-6],[143,16],[158,3],[108,40],[48,5],[17,-8],[58,-4],[56,11],[33,18],[118,18],[95,29],[71,-29],[65,-11],[111,6],[78,13],[110,-14],[84,20],[106,-2],[39,17],[87,4],[41,-12],[75,7],[33,-33],[175,-7],[67,-14],[47,12],[92,48],[44,36],[120,33],[58,2],[30,-1],[82,-25],[154,-16],[200,11],[131,-14],[45,-26],[12,-23],[30,-17],[51,-9],[37,0],[57,49],[38,13],[136,-19],[26,-31],[47,-10],[33,0],[93,41],[42,10],[118,-17],[234,29],[20,-8],[94,-10],[30,-12],[26,0],[131,50],[85,60],[35,14],[34,4],[33,-6],[83,-28],[56,-10],[111,8],[41,27],[-2,32],[63,16],[98,38],[87,6],[28,31],[30,14],[84,-3],[58,16],[81,-24],[74,-5],[36,18],[43,-6],[31,7],[37,-4],[72,19],[29,29],[39,5],[26,15],[216,13],[110,18],[82,69],[43,6],[93,40],[85,-3],[36,-8],[21,18],[166,-2],[160,54],[127,9],[77,354],[59,12],[44,-34],[37,19],[262,-7],[56,-27],[125,48],[60,74],[177,-35],[135,-41],[127,-28],[23,-28],[83,-44],[172,19],[48,24],[18,60],[37,10],[129,-38],[299,-108],[117,-51],[236,1],[34,52],[159,-6],[96,-14],[224,30],[67,-22],[137,0],[45,35],[52,20],[109,12],[33,-41],[109,1],[62,9],[91,35],[25,86],[89,65],[-25,148],[37,44],[129,-15],[100,43],[112,-15],[178,-2],[63,4],[48,20],[204,-29],[64,-24],[82,-1],[174,-89],[130,-16],[61,31],[68,8],[65,46],[94,1],[85,-8],[87,-22],[13,-79],[12,-13],[-6,-77],[135,-71],[52,-43],[107,-5],[115,-24],[54,3],[142,52],[178,4],[120,-86],[78,-5],[63,-92],[42,-13],[85,-43],[92,-5],[45,-39],[76,-43],[43,20],[149,-12],[90,-29],[18,-33],[194,-95],[7,-42],[51,-58],[83,-3],[210,19],[25,-6],[27,-27],[-46,-29],[49,-52],[112,-13],[60,4],[89,-13],[114,-85],[110,-19],[19,-23],[7,-50],[24,-34],[117,-83],[217,-22],[138,2],[62,59],[189,46],[146,-5],[102,71],[22,166],[121,60],[54,3],[109,-27],[55,-25],[27,-57],[41,4],[138,-73],[93,-18],[74,-38],[67,-17],[143,-3],[-2,25],[133,62],[37,73],[91,26],[173,19],[55,33],[63,64],[49,-11],[16,-18],[27,-141],[81,-45],[178,-42],[128,-71],[79,-19],[37,18],[42,-4],[109,-67],[54,-18],[116,12],[27,62],[113,70],[119,10],[64,-5],[203,-89],[182,-47],[122,-6],[215,-46],[182,-4],[109,-33],[95,-72],[2168,-101],[-87,-708],[2605,-1870],[2460,-132],[53,7],[25,-9],[23,7],[27,45],[32,11],[84,8],[41,32],[4,26],[-31,23],[8,12],[-8,38],[38,15],[34,-11],[45,11],[32,-16],[44,2],[46,-19],[-13,25],[12,9],[60,1],[24,-7],[22,-32],[46,-25],[28,4],[43,-19],[6,-22],[16,-9],[-9,-14],[10,-15],[23,-24],[25,-11],[-1,-20],[30,-14],[6,-44],[30,-15],[43,8],[16,-22],[42,-8],[73,13],[38,-21],[131,-26],[106,-42],[69,-10],[77,-89],[84,-60],[144,-178],[95,-50],[73,-55],[108,-50],[88,-62],[247,-117],[213,360],[50,35],[36,-10],[-1,-11],[11,2],[11,-24],[-7,-16],[31,-19],[41,8],[15,17],[41,12],[37,0],[32,-40],[49,-33],[12,-28],[19,-6],[11,-29],[49,2],[26,-14],[1,-13],[30,-9],[1532,-105],[186,-74],[140,-73],[78,-60],[142,-151],[217,-126],[34,-33],[71,-35],[90,-29],[284,-149],[57,-41],[114,-103],[206,-106],[80,-24],[97,-58],[179,-152],[195,-309],[77,-71],[3,-3]],[[56847,13953],[-71,-363],[-95,-591]],[[16654,42375],[-104,103],[-1040,-1778],[-84,-7],[-44,18],[-30,31],[-28,13],[-167,46],[-82,32],[-177,21],[-128,44],[-132,19],[1,-30],[-60,-62],[-15,-33],[-36,-29],[-50,-76],[-102,-29],[-14,-12],[-73,-15],[-47,-36],[-8,-7],[-2,-6],[-4,-13],[-4,-16],[8,-30],[59,-62],[105,-16],[38,-14],[31,-24],[8,-35],[26,-36],[109,-16],[61,-27],[59,-64],[138,-79],[28,-48],[119,-50],[37,-28],[18,-28],[-345,-1090],[-4902,256],[-32,11],[-32,-8],[-53,5],[-37,0],[-21,-8],[-62,3],[-69,-11],[-23,-11],[1,12],[-20,21],[-42,19],[-40,-1],[-52,20],[-48,-10],[-48,17],[-1,12],[-17,10],[-43,-21],[-42,2],[-81,58],[-18,45],[-28,-3],[-30,16],[-14,22],[-42,-6],[-8,-9],[-18,13],[-13,-7],[-47,10],[-12,18],[-32,-5],[-38,-30],[19,-11],[-3,-17],[-12,-6],[-78,0],[-7,22],[8,11],[38,4],[-7,8],[-50,16],[-18,-7],[-39,-48],[5,-13],[29,-9],[-4,-6],[-30,-15],[-8,-18],[-16,10],[-34,3],[-35,-40],[-22,-1],[-32,15],[-4,28],[-28,8],[-13,-5],[-5,-26],[-17,-16],[6,-10],[41,-2],[5,-13],[-34,-10],[-46,20],[-7,28],[23,25],[48,17],[6,10],[-15,40],[6,26],[28,-3],[26,21],[-6,11],[-20,5],[-83,-6],[-12,-9],[-18,11],[-8,21],[12,25],[-25,10],[-14,5],[-6,0],[-15,-3],[-74,-11],[-69,15],[-37,-24],[-12,4],[-5,25],[23,10],[2,10],[-17,11],[-7,1],[-21,3],[-41,-26],[-4,-2],[3,-4],[17,-15],[-1,-20],[-9,-2],[-64,7],[-49,25],[-25,-2],[-8,-20],[10,-34],[-3,-45],[22,-13],[61,10],[9,-30],[-1,-20],[-96,0],[-31,9],[-17,29],[-40,2],[-20,25],[-18,5],[-21,-2],[-35,-23],[-52,3],[-29,10],[-21,14],[-7,28],[66,17],[9,12],[-38,55],[-41,16],[-78,-29],[-8,-3],[-10,-10],[0,-60],[-40,1],[-13,10],[-5,59],[18,26],[90,40],[74,57],[44,-2],[23,14],[-23,5],[33,4],[-30,14],[-74,8],[-4,24],[-17,5],[-28,29],[-2,2],[-26,1],[-2,-1],[-8,-3],[-31,-12],[-7,-6],[-29,-24],[-5,-4],[0,-4],[-7,-59],[-57,-25],[-8,-2],[-34,5],[-20,17],[34,41],[108,86],[70,72],[234,404],[136,195],[187,301],[45,35],[43,-2],[2,11],[-14,-8],[-13,8],[-46,-15],[11,33],[79,108],[58,34],[12,29],[29,14],[-7,51],[-37,44],[-27,15],[26,45],[27,4],[16,-20],[-27,-32],[-3,-21],[26,-1],[-8,-11],[16,-6],[18,28],[-5,42],[-29,26],[-22,1],[-33,-22],[-26,-59],[11,-18],[35,-6],[-58,-5],[-4,-7],[20,-8],[9,-40],[-34,7],[-13,9],[-2,39],[63,104],[54,58],[199,174],[98,102],[2,25],[78,159],[92,319],[34,171],[7,129],[-10,41],[19,53],[40,28],[151,54],[16,40],[53,50],[320,182],[53,46],[55,32],[16,26],[26,10],[10,-16],[35,-9],[-13,-17],[-49,-26],[-11,-26],[81,63],[-3,18],[-39,17],[81,70],[26,44],[52,149],[-13,61],[-47,80],[-22,29],[-47,24],[2,38],[-30,-9],[-1,-34],[132,-176],[5,-29],[-148,210],[2,31],[42,18],[11,-11],[31,27],[48,17],[19,18],[-24,47],[-16,9],[-1,20],[121,183],[6,0],[-30,-78],[18,-46],[36,-28],[-1,-10],[38,-21],[84,-20],[60,-27],[118,-70],[91,-81],[24,-8],[179,14],[31,21],[5,37],[24,20],[88,16],[44,-11],[30,-23],[-7,-30],[19,-21],[43,-1],[32,16],[27,-37],[25,-6],[61,20],[44,2],[24,-22],[-107,-4],[-31,-25],[-7,-29],[44,-30],[128,-2],[8,-25],[-50,-24],[-7,-11],[22,4],[31,-23],[-10,-35],[25,8],[0,-28],[28,-34],[105,-19],[-1,-25],[15,-8],[108,-4],[46,-40],[55,-2],[29,17],[5,28],[-18,30],[9,11],[21,7],[20,-9],[14,-29],[41,-12],[23,24],[26,5],[10,-9],[0,10],[28,5],[-10,3],[6,17],[37,14],[7,-5],[-16,-20],[8,-2],[40,5],[0,18],[36,-35],[40,-4],[56,24],[45,-17],[36,9],[3,10],[77,-6],[35,-17],[23,-34],[16,-7],[36,1],[25,25],[44,-5],[101,25],[51,-1],[14,17],[-7,23],[55,8],[44,23],[61,2],[26,18],[14,0],[51,-33],[34,-5],[112,32],[17,14],[34,10],[57,5],[79,31],[5,13],[11,-11],[25,3],[7,-6],[23,-6],[53,12],[46,-5],[49,2],[34,-8],[91,25],[79,-15],[50,37],[93,23]],[[13333,43141],[1,0]],[[13334,43141],[42,-15],[40,25],[30,-1],[54,25],[68,12],[34,-15],[40,15],[44,-14],[89,13],[32,-9],[18,14],[8,22],[19,12],[77,4],[77,-7],[44,-34],[81,6],[51,21],[59,52],[75,-2],[127,19],[29,-2],[77,34],[83,16],[64,31],[102,21],[88,44],[40,7],[57,23],[87,-59],[80,-14],[201,23],[-15,23],[24,12],[57,6],[97,51],[20,-7],[70,13],[70,28],[60,-5],[135,17],[69,-6],[49,30],[20,30],[102,21],[99,79],[61,23],[43,-9],[22,8],[117,102],[186,72],[18,43],[-11,15],[167,99],[36,10],[18,19],[-29,34],[20,60]],[[16654,69793],[-72,21],[-144,10],[-51,11],[-43,21],[-61,63],[371,1]],[[12852,70280],[-466,6]],[[12386,70286],[26,20],[89,5],[22,23],[3,23],[-58,8],[-59,-16],[-95,-9],[-137,-51],[-63,22],[-25,25],[-93,24],[-96,36],[-9,7],[23,4],[-44,18],[81,2],[-16,9],[-9,33],[-14,7],[-25,-38],[-12,10],[-137,15],[-50,-35],[-106,-45],[-58,23],[-72,8],[-116,31],[-17,12],[-24,1],[-47,-17],[-47,-4],[-86,-44],[-83,-8],[-29,6],[115,75],[52,46],[60,74],[792,1109],[181,287],[154,195],[43,41],[39,15],[72,69],[91,56],[103,91],[161,231],[389,263],[100,47],[83,11],[103,-19],[182,7],[31,-11],[4,-23],[-31,-7],[-1,10],[-32,-7],[-81,-39],[-71,-48],[-74,-71],[-27,-45],[-3,-34],[-31,-18],[1,-24],[9,-27],[64,-41],[-7,-10],[13,-30],[-1,-38],[63,-36],[50,-41],[11,-24],[48,-35],[49,-17],[46,0],[-7,-46],[87,-77],[62,-95],[6,-33],[-11,-9],[-7,-43],[-29,-30],[-10,-53],[-7,8],[-7,-23],[1,-36],[-16,-27],[-3,-52],[4,-16],[12,-1],[13,-88],[-11,-15],[-42,1],[-10,-8],[56,-19],[-97,-24],[8,-8],[105,8],[-34,-18],[-104,-23],[-41,-37],[13,-16],[53,9],[-86,-31],[13,-31],[77,26],[0,-10],[-81,-40],[-8,-17],[141,55],[10,-18],[-152,-57],[10,-5],[85,16],[-67,-49],[30,6],[13,-5],[79,43],[14,-5],[-12,-14],[-42,-24],[42,-1],[53,22],[46,40],[-5,21],[38,41],[21,-28],[12,-45],[-75,-8],[5,-11],[72,-4],[9,-17],[-13,-21],[-19,16],[-64,18],[-83,-42],[60,8],[9,-22],[-68,-13],[-26,11],[-23,-31],[22,-6],[65,11],[15,14],[-5,-19],[-63,-14],[-27,-17],[41,-16],[124,40],[33,-1],[-5,50],[32,3],[18,-11],[3,-15],[-33,-14],[25,0],[6,-17],[-32,-15],[-25,12],[-27,-8],[-78,-39],[85,11],[8,-4],[-33,-11],[-13,-13],[15,-5],[23,14],[33,-2],[58,-12],[13,-15],[-40,-13],[-33,19],[-50,-7],[-21,-20],[-83,-24],[2,-9],[61,7],[74,29],[1,-12],[14,-8],[-14,-17],[-76,-16],[-15,-10],[32,-10],[11,13],[45,2],[43,15],[14,-5],[-46,-16],[18,-8],[-10,-8],[-65,-7],[-5,-14],[58,7],[-37,-19],[74,4],[-50,-11],[-45,-26],[31,-2],[28,10],[23,-7],[33,17],[14,-8],[-32,-19],[-16,-26],[-22,1],[-3,-12],[-15,-3],[-34,24],[-1,-10],[-28,-1],[26,-12],[-21,-18],[-22,3],[-52,-42],[-14,3],[-612,-220],[-325,-68],[7,-443]],[[14548,70850],[-539,113],[36,11],[1,-18],[15,-2],[19,25],[164,-5],[20,30],[14,-10],[5,19],[47,-29],[-6,29],[27,-13],[4,19],[-41,40],[13,-1],[28,-23],[19,16],[13,-4],[14,5],[5,-11],[20,-8],[6,9],[19,2],[-3,10],[25,-9],[14,4],[-27,29],[35,-3],[4,5],[-31,27],[19,4],[14,-14],[21,12],[15,-12],[22,-4],[-1,-9],[31,7],[13,-3],[4,-11],[8,17],[-60,15],[-28,50],[12,1],[-11,15],[-75,14],[78,1],[-4,38],[19,88],[-68,47],[-68,84],[-27,57],[0,38],[-35,24],[9,20],[-65,34],[28,6],[9,11],[-6,25],[-31,23],[12,6],[-8,17],[14,11],[-29,4],[-13,15],[-31,-26],[-11,9],[-58,-9],[-12,14],[9,12],[-20,2],[14,8],[31,-2],[-25,24],[-22,-21],[-53,8],[5,15],[41,31],[9,32],[34,4],[-28,9],[-2,15],[30,5],[28,-9],[36,3],[-50,26],[5,14],[90,37],[4,15],[97,-12],[-9,10],[-32,7],[-25,25],[40,12],[111,69],[65,-1],[-28,25],[8,4],[-19,10],[19,21],[25,-15],[16,7],[37,-8],[-9,19],[9,8],[83,-26],[12,3],[124,-63],[-5,-16],[27,-4],[1,-9],[49,-15],[57,0],[95,-32],[13,-51],[33,-25],[-28,-10],[2,-11],[38,-14],[54,-56],[-29,-11],[21,-38],[-3,-27],[17,-6],[8,-38],[35,-1],[21,12],[-7,42],[32,14],[40,64],[43,11],[132,-6],[29,48],[-8,11],[20,25],[99,85],[19,4],[-10,9],[38,41],[-4,13],[26,6],[0,8],[-27,4],[-2,11],[63,12],[-41,18],[14,37],[58,-15],[-33,29],[20,8],[-16,19],[20,16],[-10,8],[32,102],[-2,71],[29,61],[-1,84],[20,-4],[10,12],[34,9],[-2,10],[-39,-4],[-7,12],[5,24],[28,25],[-2,14],[38,9],[32,-5],[-27,24],[16,0],[10,11],[59,-28],[14,8],[-36,28],[46,12],[24,-24],[24,6],[-20,28],[23,-1],[24,-36],[26,2],[-20,30],[65,-13],[5,10],[18,0],[52,-12],[15,-9],[-24,-12],[-1,-9],[39,4],[10,-10],[21,5],[18,-6],[-18,25],[68,1],[-55,-43],[-22,12],[-36,-20],[33,-15],[34,-1],[9,17],[26,13],[51,-3],[46,27],[105,-10],[90,3],[-139,-71],[-342,-100],[91,-310],[-430,-219],[58,-463],[-370,300],[-243,-117],[81,-270],[-109,-60],[-270,649],[-273,-62],[-287,-187],[278,-631],[-100,-262]],[[70058,24589],[-23,-15],[-34,-16],[-23,10],[-42,2],[-27,-10],[-83,9],[-90,-41],[-27,6],[-4,20],[-92,21],[-37,-12],[-30,2],[-11,-17],[-98,-14],[-26,10],[-19,-7],[-18,-18],[-62,-33],[-56,-63],[-21,-4],[8,-27],[28,-14],[62,-13],[-10,-55],[-26,-6],[25,-33],[-18,-64],[21,-19],[-18,-15],[-6,-2],[-21,-6],[-17,-5],[-36,-1],[-18,-13],[-14,-34],[-41,7],[-23,-4],[-27,23],[-43,8],[-105,-10],[-1,-10],[31,-25],[-27,-19],[-18,-29],[-31,-19],[-119,6],[-9,11],[-35,6],[-30,-21],[-64,29],[-13,-3],[-5,-26],[-43,-32],[-8,-33],[-22,-19],[32,-41],[-9,-7],[-76,-9],[-35,-17],[-2,-12],[-89,-48],[-43,14],[-44,34],[1,11],[-95,8],[-20,10],[-35,35],[10,71],[-34,32],[-91,16],[-61,19],[-58,3],[0,19],[-19,22],[-345,20],[-35,-29],[7,-57],[-70,5],[40,-53],[-174,10],[-11,35],[-31,26],[2,9],[-42,21],[-9,15],[44,20],[28,2],[-3,26],[25,14],[-7,22],[-72,17],[8,52],[-178,9],[44,93],[102,70],[-374,20],[16,106],[-264,11],[-3,-23],[-93,-51],[-26,-45],[-26,-12],[19,-51],[-57,3],[-39,-217],[9,-28],[42,-29],[9,-2],[85,1],[27,-32],[53,-14],[46,-33],[-1,-15],[53,-24],[96,-1],[48,-27],[38,-6],[-94,-553],[20,6],[26,-11],[5,-2],[3,-13],[18,-33],[4,-2],[15,-33],[67,-25],[4,-46],[27,-4],[10,-21],[-51,-8],[3,-19],[29,-30],[-42,-38],[10,-16],[45,-27],[6,-27],[64,-67],[14,-46],[-20,-43],[11,-31],[41,-18],[24,-30],[-2,-4],[-9,-19],[-46,-3],[-26,-61],[27,-28],[49,-9],[49,-31],[5,-11],[-12,-17],[46,-28],[35,-49],[-15,-37],[-38,-19],[-24,-4],[-57,18],[-30,1],[-81,-29],[-4,-12],[16,-26],[-39,-20],[28,-40],[-55,-33],[-13,-20],[17,-28],[42,-23],[-1,-2],[-1,-4],[-1,-5],[-33,-26],[-20,23],[-50,25],[-33,-1],[-53,-23],[15,-9],[-5,-30],[-43,-32],[-19,-40],[-76,-11],[-27,-76],[-53,-12],[-75,5],[-45,-23],[-221,-75],[-63,3],[-101,-15],[-41,-41],[33,-24],[9,-31],[-30,-38],[15,-25],[-14,-20],[-60,-2],[-16,-13],[-58,11],[-35,24],[-67,-2],[-67,-46],[-38,-8],[-25,-16],[-46,-4],[-55,5],[-26,-9],[-91,-5],[-119,22],[-31,-8],[5,-21],[-29,-21],[17,-13],[18,-42],[-9,-31],[-50,-24],[-27,-47],[-153,-1],[-81,-12],[-86,11],[-100,-36],[-103,-8],[-27,9],[-29,25],[-32,7],[-74,0],[-26,-14],[4,-11],[51,-18],[26,-25],[-76,-26],[-50,7],[-35,-32],[-110,-69],[63,-69],[-12,-71],[-59,-26],[-123,-79],[-134,-71],[7,-168],[-25,-45],[-37,-15],[7,-17],[22,-9],[25,-51],[-3,-14],[-32,-7],[38,-13],[13,-43],[-118,-14],[6,-72],[-13,-26],[9,-12],[49,-8],[11,-11],[-31,-26],[7,-52],[-75,0],[-12,28],[-119,16],[-68,27],[-8,12],[-124,5],[-15,13],[-115,32],[-56,2],[-33,-5],[-2,-26],[-13,-12],[-71,-41],[-37,-9],[-11,-13],[-98,-21],[-98,-37],[-47,-43],[-72,-23],[-30,8],[-7,11],[-58,-1],[-10,21],[-28,13],[-25,-12],[-28,-1],[-29,10],[-24,-10],[0,-8],[-57,3],[-2,-7],[-16,6],[-17,-4],[-35,18],[-20,-3],[-10,-19],[-20,-7],[-28,6],[-59,-18],[-62,18],[4,-44],[-23,-10],[-55,-52],[1,-19],[-43,1],[-39,11],[-19,-3],[-25,-23],[-39,-14],[-71,-13],[-34,4],[-127,-57],[-154,-19],[-59,-15],[-94,1],[-108,-21],[-51,-70],[-58,-41],[-12,-22],[-1,-203],[-135,-38],[-102,-12],[-201,-84],[-165,35],[-21,12],[-88,-1],[-35,47],[-38,14],[-54,-21],[-10,-35],[-32,-46],[1,-15],[16,-7],[12,-21],[-19,-14],[-28,-78],[-15,-11],[-38,7],[-18,-8],[-48,-2],[-39,-27],[-13,-30],[12,-29],[-96,-37],[-4,-14],[12,-12],[27,-105],[-10,-15],[-34,-18],[-15,-30],[-47,4],[-11,-48],[11,-14],[31,-5],[4,-44],[-14,-35],[37,-22],[-1114,62],[-125,-1390],[-207,-849],[-184,-919],[74,-76],[9,-45],[31,-6],[-1,-9],[-32,1],[-11,-96],[-34,-117],[50,-14],[-43,-70],[-12,-72],[50,-80],[13,-50],[-57,-107],[3,-63],[-22,-96],[-136,-200],[-80,10],[-213,-131],[-368,-62],[-24,3],[21,77],[-8,1],[1,19],[26,30],[-189,51],[20,163],[-211,7],[-416,-194],[-155,-818]],[[19196,20782],[2,43],[-74,63],[-10,27],[-50,61],[-100,51],[-16,28],[-101,47],[-93,4],[-136,54],[-4,14],[-59,44],[-125,35],[-170,-5],[-192,18],[-136,24],[-141,52],[2509,1378],[925,-651],[2108,1694],[-85,-12],[-199,15],[-36,34],[-50,0],[-50,11],[-71,79],[-46,15],[-47,40],[-45,15],[-60,44],[-91,23],[-35,17],[-16,33],[-123,31],[-54,23],[-11,20],[-76,35],[-18,16],[-8,26],[-46,14],[-31,23],[17,26],[-7,12],[-53,21],[-44,73],[-69,23],[-94,8],[-76,36],[-64,3],[-31,25],[-26,1],[-52,20],[-21,23],[2,12],[-50,33],[-42,13],[1313,1086],[586,3903],[749,3464],[623,549],[936,-384],[655,577],[1,23],[-116,66],[-223,151],[-136,67]],[[13767,65411],[-33,-58],[-18,15],[-2,74],[15,16],[50,21],[20,49],[44,16],[-34,-59]],[[16788,65568],[-598,-439],[-223,185],[-68,237],[-550,39],[-202,-350],[-555,610],[1992,239],[1008,471]],[[16660,67210],[-224,28],[-76,-47],[-97,-4],[-33,-50],[-31,3],[-65,43],[-51,2],[-29,-7],[-43,-33],[-75,4],[-79,-11],[-29,-14],[-26,-30],[-41,-14],[-48,0],[-32,14],[-39,47],[-42,9],[-62,-2],[-62,-17],[-66,-90],[-76,-15],[-46,-31],[-17,-38],[-30,-27],[-37,-13],[-38,6],[-71,31],[-20,55],[-93,-24],[-74,-1],[-176,29],[-174,18],[-66,-8],[-60,64],[-151,114],[-13,57],[-76,13],[-74,-1],[-120,-27],[-42,-29],[-1,-26],[-24,-16],[-81,-9],[-38,-35],[-38,-1],[184,172],[446,35],[178,191],[88,-83],[-30,-267],[445,-21],[679,700],[-11,2064],[503,1],[67,-72],[54,-23],[185,-15],[222,-54]],[[12852,70280],[5,-250],[-50,-484],[-1632,263],[-116,-156],[125,23],[1604,-266],[-59,-476],[-634,-453],[-347,-328],[-705,239],[-359,-115],[-354,-18],[-390,116],[-112,-128],[-7,4],[-31,-26],[-42,-12],[-19,-5],[-29,9],[-11,-7],[3,-14],[67,-17],[-10,-18],[-38,6],[-18,-15],[12,-13],[-55,-4],[45,-19],[-25,-9],[18,-9],[-1,-9],[-34,-1],[-6,-40],[8,0],[-698,-802],[27,78],[90,104],[90,137],[67,141],[77,115],[149,175],[333,429],[202,298],[306,511],[151,271],[166,352],[0,61],[33,124],[89,121],[63,124],[41,44],[27,16],[4,-7],[194,15],[68,-4],[35,-13],[18,-18],[-1,-45],[45,-31],[87,-11],[46,-19],[175,35],[40,1],[47,-4],[38,-21],[5,-27],[37,-10],[41,36],[-6,50],[18,11],[99,-12],[49,-34],[28,-6],[68,8],[26,-13],[4,-20],[-33,-83],[-2,-40],[89,-26],[42,-36],[15,-31],[111,3],[-14,12],[12,8],[13,-1],[21,-17],[54,-22],[10,-19],[15,0],[-4,-17],[16,-9],[36,10],[21,-17],[38,5],[3,-10],[-26,-4],[16,-6],[-22,-30],[53,-6],[-14,-19],[17,-3],[11,6],[-1,-14],[25,-9],[7,14],[-16,7],[25,1],[3,7],[-35,22],[1,7],[27,5],[12,22],[-10,21],[-16,1],[7,10],[-22,14],[28,16],[-4,5],[-37,23],[-25,-14],[10,-16],[-41,-1],[-13,5],[7,10],[-31,-9],[-14,14],[-58,15],[16,11],[66,-14],[25,12],[0,30],[-11,6],[13,9],[-13,5],[33,3],[4,9],[-32,20],[-111,3],[-59,17],[-70,36],[7,25],[137,76],[29,5],[12,21]],[[11306,68042],[-50,33],[-25,11],[103,-39],[-28,-5]],[[10452,68041],[-42,13],[-31,18],[205,5],[-60,117],[324,35],[202,-75],[-27,-16],[-62,-7],[-35,7],[-43,28],[-37,11],[-44,-2],[-148,-26],[-53,-44],[18,-30],[-6,-16],[-35,-11],[-33,6],[-64,-4],[-29,-9]],[[9718,67105],[48,543],[129,552],[66,-17],[-19,-21],[13,-12],[-11,-27],[39,-87],[6,-68],[20,-11],[4,-14],[-69,-97],[8,-18],[-28,-4],[-40,-21],[-40,8],[9,-17],[92,-11],[-64,-102],[-7,-31],[17,-16],[10,4],[32,-10],[68,-52],[39,-14],[51,2],[61,14],[41,-11],[54,-30],[99,10],[56,-10],[39,-23],[52,-2],[-1,11],[16,10],[52,-71],[5,-48],[-39,-47],[-35,-20],[30,-49],[-13,-7],[-113,-21],[-68,2],[-96,-10],[-181,2],[-118,-18],[-102,-32],[-74,-42],[-20,-16],[-6,-45],[-12,-6]],[[13615,66972],[1,9],[61,57],[4,-18],[-16,-26],[-25,-18],[-25,-4]],[[12459,66874],[-54,10],[7,9],[-18,-1],[1,21],[-37,2],[11,12],[-15,16],[23,3],[-19,10],[-2,29],[-49,43],[-88,42],[-50,-10],[-153,-1],[1,7],[-15,3],[10,18],[-75,39],[-16,-3],[-66,18],[-94,4],[-46,21],[-9,19],[-73,38],[-4,33],[-31,14],[3,12],[40,11],[15,44],[-27,7],[-41,-7],[-46,18],[-10,23],[31,28],[-9,9],[5,23],[-35,14],[-20,14],[3,8],[-30,-3],[7,6],[-20,1],[-4,11],[-10,-4],[-26,16],[-45,-18],[-26,13],[-10,-7],[-101,-2],[-84,38],[-13,23],[-46,20],[-57,1],[-49,14],[0,7],[-103,12],[-54,19],[-27,21],[-58,14],[-30,2],[-36,-14],[-43,9],[-18,-3],[-33,7],[-25,16],[-36,-1],[-35,20],[-14,0],[-14,50],[11,18],[35,12],[30,33],[1,23],[40,21],[23,24],[21,-8],[60,21],[20,1],[15,-11],[113,-12],[26,6],[41,39],[14,38],[36,48],[83,10],[72,19],[47,1],[21,-7],[-31,-6],[-272,-168],[787,-328],[383,-394],[633,-158],[544,40],[-15,270],[179,-71],[156,-158],[-16,-81],[-14,18],[-123,32],[-67,35],[-51,-16],[-53,-50],[-52,11],[-24,-9],[-79,-8],[-96,-27],[-26,0],[-69,-23],[-71,28],[-45,7],[-50,-14],[-60,12],[-44,-1],[-69,-24],[-18,-24],[-44,-17],[-10,-20]],[[13581,66730],[13,96],[5,35],[32,-14],[32,-53],[45,-4],[-127,-60]],[[13618,66039],[-154,14],[-74,31],[1,70],[-38,61],[178,-4],[-35,-70],[58,-47],[50,-7],[14,-48]],[[13759,65996],[-20,16],[37,13],[12,-26],[-29,-3]],[[13714,65461],[-10,50],[22,9],[28,-12],[8,-25],[-9,-13],[-39,-9]],[[13529,65327],[-174,214],[-72,267],[37,-44],[12,-54],[10,-8],[100,-35],[58,0],[-3,-97],[24,-52],[-4,-45],[32,-72],[-20,-74]],[[11592,64920],[564,586],[-37,-835],[-718,42],[64,41],[49,48],[78,118]],[[12818,63663],[-696,274],[396,375],[652,3],[-352,-652]],[[17172,81990],[3,0],[-7,14],[-36,65],[-89,78],[44,41],[31,56],[1,38],[-19,30],[2,18],[569,-388],[948,528],[-86,27],[-35,0],[-43,-12],[-57,36],[5,18],[39,-2],[-11,16],[7,7],[-28,-2],[26,29],[34,-14],[-1,31],[34,-2],[3,11],[-21,23],[-28,11],[-36,60],[135,2],[121,25],[240,96],[57,-23],[55,8],[25,-14],[7,-22],[25,-6],[68,1],[92,30],[17,-18],[80,-12],[55,-22],[69,1],[112,35],[102,65],[44,-5],[107,55],[36,6],[55,-8],[119,2],[79,51],[35,10],[61,45],[52,0],[61,38],[31,-2],[67,15],[16,14],[34,12],[11,4],[43,38],[7,11],[12,18],[24,35],[6,18],[33,87],[60,20],[19,112],[43,6],[70,33],[38,6],[119,82],[77,29],[83,106],[51,147],[43,2],[11,6],[64,73],[28,-20],[137,62],[27,31],[-101,72],[6,46],[-14,14],[36,90],[43,66],[31,35],[61,43],[53,71],[-4,67],[-36,41],[5,11],[467,-37],[201,-7],[531,27],[4,-88],[208,-2],[-29,-74],[2,-48],[-24,-26],[-60,-25],[-12,-31],[13,-24],[-42,-38],[-66,-14],[-28,-26],[-41,2],[-16,-6],[-93,-62],[-41,-14],[-93,12],[-45,-13],[-41,-1],[-39,12],[-56,-9],[-35,-15],[-41,-39],[-55,-36],[301,-162],[-809,-1021],[0,-22],[15,-6],[-14,1],[9,-347],[101,-52],[-16,4],[-25,-20],[16,-7],[14,8],[26,0],[21,-13],[38,-8],[-61,-7],[19,-9],[52,-3],[-2,-9],[-33,-7],[18,-2],[17,-19],[-26,1],[-13,-12],[44,-8],[36,3],[12,9],[11,-12],[-46,-8],[74,-13],[-4,-12],[13,-6],[26,3],[4,6],[-23,20],[0,13],[51,-16],[-4,-13],[21,9],[42,-4],[-56,-27],[26,-13],[5,-12],[-136,1],[-20,-16],[-2,31],[-50,28],[22,-28],[-10,-22],[-10,-11],[-55,1],[-41,17],[-7,17],[-35,0],[-37,17],[34,7],[-9,14],[19,-2],[6,8],[-10,7],[7,7],[-18,3],[16,7],[47,4],[-12,24],[-23,10],[-33,-24],[16,17],[-24,13],[4,15],[-9,-3],[-16,10],[-15,-5],[17,-19],[-8,-14],[-27,5],[2,18],[-28,-5],[0,13],[-36,-4],[25,-19],[0,-10],[17,-4],[-15,-9],[9,-17],[-21,8],[-1,-5],[3,-44],[18,-20],[-7,-17],[25,0],[15,14],[13,0],[16,-24],[25,-10],[-7,-11],[-15,-1],[-24,17],[-11,-2],[0,-1],[-2,-12],[30,-5],[-6,-24],[-30,1],[-2,20],[-28,-10],[-21,-44],[-57,-59],[-84,0],[-75,-22],[-12,0],[-5,10],[-13,-10],[-5,8],[-81,-10],[20,-12],[2,0]],[[20429,83510],[3,6],[7,0],[1,-4],[-11,-2]],[[19937,83463],[-7,16],[30,10],[16,36],[2,-32],[-41,-30]],[[23041,83451],[-13,7],[9,7],[94,10],[43,15],[-21,20],[-30,-4],[-33,23],[29,-9],[45,-1],[19,-14],[8,21],[31,-6],[45,13],[0,23],[-50,18],[-10,11],[9,25],[-7,9],[456,606],[-511,213],[11,31],[52,19],[29,22],[54,-1],[44,44],[49,0],[113,53],[37,-2],[6,18],[45,-8],[-23,-33],[20,-29],[26,-12],[40,-2],[41,26],[25,29],[62,-20],[-6,-54],[-12,-9],[109,1],[75,55],[22,-3],[9,-24],[-13,-23],[13,-40],[58,12],[64,-5],[25,-15],[-9,-42],[16,-23],[31,-6],[32,9],[34,-8],[40,-32],[34,-1],[32,-22],[43,-9],[-56,-22],[-42,1],[-26,-26],[-19,-6],[-9,-16],[-30,-15],[-9,-39],[46,-20],[-49,-26],[-33,-2],[-2,-9],[-20,-6],[-22,4],[-23,-17],[1,-15],[-19,-2],[-22,-18],[-24,-37],[39,-17],[1,-8],[-54,-26],[-38,-3],[-49,-50],[-6,-60],[-20,2],[1,6],[-21,-3],[-9,8],[-39,1],[-15,9],[-24,-15],[-30,11],[-20,-3],[-6,-11],[11,-1],[-63,-89],[-7,-55],[-16,-9],[3,-24],[-23,-26],[-24,-56],[-18,-2],[-12,13],[-13,-6],[-93,-98],[-50,-17],[-80,-66],[-139,-17],[-67,20],[-102,-20]],[[20431,83445],[-12,3],[8,7],[11,-3],[-7,-7]],[[20502,83419],[-6,23],[24,21],[29,1],[31,-13],[66,15],[20,-4],[-6,-20],[-34,-1],[-32,-14],[-39,13],[-53,-21]],[[16770,82002],[-47,14],[-45,40],[-20,54],[0,58],[21,61],[95,49],[41,5],[43,-15],[36,-26],[-16,-4],[-47,29],[-34,-7],[-6,-7],[49,-4],[18,-11],[-51,1],[-43,-34],[-7,-27],[-20,0],[-25,12],[-30,-2],[0,-14],[-22,-23],[4,-47],[32,-22],[85,-12],[70,9],[17,-13],[34,-8],[5,-15],[-15,-24],[-122,-17]],[[12951,50054],[-33,-29],[-46,-11],[-11,-10],[-14,-94],[121,-21],[121,-35],[47,-26],[35,-40],[53,-18],[6,-54],[59,-45],[68,-24],[128,-16],[52,-15],[93,-3],[67,-14],[26,6],[30,24],[30,2],[49,-14],[50,5],[170,-12],[116,-16],[53,3],[54,-13],[67,5],[94,-13],[49,-13],[44,-27],[74,-131],[82,-62],[49,-2],[41,-18],[63,-3],[72,-15],[155,16],[64,0],[-85,-330],[632,-1974],[978,-858]],[[16818,44186],[-73,-58],[-16,-29],[-52,-14],[-5,-27],[-27,-25],[-48,-21],[-48,-37],[-6,-40],[-37,-15],[-28,-36],[-22,-10],[-11,-36],[-78,-46],[-56,-9],[-31,-24],[-33,-3],[-115,-51],[-58,0],[-33,-22],[9,-33],[-22,-21],[-14,-3],[-84,-14],[-80,-6],[-57,-29],[-38,1],[-47,25],[-18,1],[-82,-19],[-27,-15],[-23,2],[-14,-13],[-20,0],[-14,-14],[-25,-7],[-70,-5],[-53,-28],[-48,-7],[-37,-28],[-84,-27],[-111,6],[-52,27],[-51,-9],[-87,-34],[-44,-4],[-101,10],[-81,-32],[-39,5],[-51,-19],[-43,10],[-28,-3],[-41,-25],[-40,8],[-8,-18],[-20,-10],[-18,5],[-48,-16],[-65,-57],[-41,-19],[-41,-43],[-47,-25],[-65,-6],[-41,26],[-13,2],[-44,7],[-22,3],[-10,0],[-71,-2],[-21,-1],[-4,-2],[-32,-17],[-10,-26],[-30,9],[-25,-9],[-67,-6],[-35,14],[-45,-11],[-10,11],[-19,3],[-74,-15],[-58,-24],[-31,-3],[-30,-20],[-38,10],[-31,2],[-35,-17],[-45,-7],[-42,-34],[-76,12],[-62,-8],[-28,-18],[-33,12],[-41,-5],[-5,0],[-6,1],[-34,5],[-60,-11],[-22,2],[-1,0],[-1,1],[-7,8],[-24,-3],[-16,11],[-16,-17],[-56,-21],[-103,-19],[-17,-17],[-41,-4],[-79,-23],[-78,35],[-5,2],[-19,-3],[-23,-17],[-53,-6],[-56,-19],[-54,-7],[-5,-14],[14,-13],[-8,-12],[-40,3],[-109,-28],[-51,4],[-22,-25],[-27,-1],[-24,16],[-23,30],[-3,5],[-44,11],[-70,1],[-35,-14],[-57,14],[-45,-17],[-36,7],[-26,34],[-70,-6],[-49,16],[-35,-11],[7,-34],[-49,-31],[-17,11],[-2,27],[-30,11],[-17,1],[-37,-15],[-37,15],[-45,-19],[-55,2],[-38,-11],[-48,25],[-73,0],[-25,27],[-20,87],[52,51],[-10,36],[-22,10],[-51,0],[-35,-13],[-38,-26],[-25,-2],[-27,9],[-20,18],[9,21],[27,15],[35,1],[56,-14],[30,7],[11,34],[-41,35],[-27,6],[-46,-2],[-68,-27],[0,29],[-47,13],[-21,-3],[-36,-23],[3,36],[-14,27],[-54,25],[-48,4],[-70,-13],[-44,-23],[-10,-13],[4,-39],[-16,-12],[-182,-7],[-49,61],[-293,208],[-12,28],[8,105],[37,48],[70,6],[90,230],[19,15],[27,3],[17,21],[-21,20],[15,187],[-21,84],[-65,145],[-46,59],[-84,72],[-196,134],[-101,98],[4,8],[14,-2],[76,-67],[12,0],[-145,150],[-13,-1],[-3,-11],[53,-42],[-11,-6],[-49,36],[-10,3],[-6,-7],[78,-92],[-17,-4],[-154,228],[-17,39],[-2,60],[-60,14],[-20,19],[-129,164],[-197,285],[-62,111],[3,27],[19,23],[-29,2],[-9,15],[-72,344],[-145,334],[-22,88],[25,1],[0,5],[-22,1],[-14,-10],[-54,132],[-35,133],[9,17],[44,29],[-44,3],[-7,18],[-13,176],[-42,225],[-135,383],[12,344],[-35,209],[-63,171],[-58,114],[-103,292],[-3,-17],[-41,113],[-143,276],[10,109],[73,263],[287,655],[191,336],[75,103],[29,58],[125,161],[19,22],[13,1],[43,58],[83,124],[139,255],[71,260],[-49,356],[-42,75],[-35,108],[30,31],[53,21],[40,-17],[15,-69],[19,-23],[40,-15],[47,-1],[32,-12],[-27,-46],[9,-52],[137,-88],[80,-34],[-17,-45],[-27,15],[-28,4],[-17,-4],[-28,-29],[13,-11],[47,-2],[38,-40],[-29,-24],[-39,-11],[-4,-27],[11,-12],[35,-9],[28,14],[30,-9],[36,-50],[-15,-3],[-3,-17],[-11,0],[-1,14],[-14,9],[0,-2],[13,-23],[29,-4],[11,5],[-5,-21],[15,-11],[22,9],[-9,0],[10,14],[16,3],[16,-8],[5,-34],[15,-2],[11,8],[-7,14],[16,5],[1,-36],[27,-8],[43,1],[19,15],[-3,46],[-15,-4],[-13,15],[19,18],[22,-5],[42,-50],[59,-17],[68,14],[-20,3],[5,22],[36,18],[93,-63],[37,0],[18,-11]],[[13333,43141],[1,0],[0,0]],[[72084,12260],[2,0],[3,-1],[14,-11],[-7,-31],[17,-22],[17,-10],[131,-53],[-202,13],[-10,-10],[0,-54],[56,-54],[18,-32],[-39,-18],[5,-33],[-49,-14],[22,-40],[-16,-32],[-42,-20],[-22,-23],[-57,-23],[-42,-47],[-31,-7],[-48,10],[-9,-13],[-8,-13],[-1,1],[-26,-42],[-65,30],[-39,6],[29,-61],[19,-17],[-23,-23],[-32,-14],[-54,-5],[-2,-20],[-75,10],[-77,-11],[-37,5],[-69,-28],[95,-89],[-1,-32],[25,-16],[15,-23],[-9,-5],[-3259,250],[-102,-1080],[-1584,107],[-99,-49],[-397,325],[-917,676],[75,84],[-342,147],[110,90],[-401,25],[120,682],[-1101,68],[-12,-16],[-421,26],[-44,-23],[2,-6],[-24,10],[-18,-21],[-35,-8],[17,-17],[-33,-21],[-9,-21],[12,-43],[-35,-19],[-44,7],[-49,-12],[-51,24],[-10,13],[-42,8],[-43,25],[-24,-6],[-11,-14],[22,-8],[-3,-9],[-22,-8],[-44,5],[-8,-40],[-26,-40],[49,-65],[-36,-5],[-3,-17],[22,-51],[57,-27],[8,-20],[14,-7],[54,2],[14,-12],[33,-2],[52,-16],[29,3],[9,16],[38,-10],[101,19],[5,-24],[32,-17],[-44,-43],[27,-30],[-14,-38],[38,-75],[74,-49],[38,-9],[7,-21],[82,-16],[11,-23],[37,-9],[47,-33],[-14,-5],[-43,-134],[35,-24],[-5,-219],[56,-73],[-115,7],[-91,-84],[36,-29],[-10,-22],[157,-10],[-25,-148],[-53,3],[-84,-50],[-25,-50],[-185,-132],[-34,-33],[-9,-68],[-123,-70],[-123,-114],[2,-72],[-26,-2],[0,-11],[-48,-3],[-22,-30],[-25,-3],[-30,49],[43,34],[2,37],[-3,4],[-37,41],[-34,5],[-1,1],[12,9],[-28,12],[-49,-2],[-72,18],[-29,-15],[-29,0],[-126,-60],[-48,-5],[-49,-23],[-43,-3],[-49,16],[-51,-14],[-82,65],[-98,-6],[-31,9],[-15,10],[-6,31],[-13,9],[-106,7],[-74,-9],[-81,31],[-11,18],[-62,5],[-1,27],[-11,7],[8,9],[-13,20],[24,-8],[16,10],[1,21],[-37,18],[-12,16],[16,35],[-4,18],[-37,23],[18,93],[-70,47],[-997,59],[15,25],[3,54],[-15,46],[-69,15],[-21,17],[-5,12],[13,18],[-52,70],[5,20],[-25,23],[7,27],[-29,22],[-19,3],[-80,-34],[1,-49],[21,-30],[-24,-37],[-34,-6],[-42,28],[-16,-3],[-30,77],[-31,3],[-21,-22],[28,-45],[-7,-23],[-22,-45],[-62,-55],[-6,-24],[34,-31],[27,-5],[4,-25],[-446,27],[8,-51],[-31,-58],[-5,-35],[11,-21],[52,-37],[-695,46],[34,193],[-663,40],[71,384],[-58,117],[108,302],[105,75],[55,287],[-86,0],[-49,-17],[-43,-4],[-134,28],[-132,-7],[-53,5],[-80,-26],[-53,38],[-39,2],[-171,79],[-298,11],[-92,-8],[-43,12],[-164,11],[-198,244],[-15,36],[-79,87]],[[16654,81990],[-6565,-6],[-10089,6],[22,5879],[7556,2841],[2310,932],[5267,1975],[5810,628],[9346,315],[1262,1099],[2489,0],[-79,59],[-58,62],[-42,67],[-25,70],[-7,89],[12,71],[28,68],[46,66],[61,60],[74,54],[87,47],[117,45],[250,60],[269,20],[114,-6],[112,-17],[180,-53],[92,-42],[80,-51],[66,-57],[53,-63],[36,-67],[20,-70],[3,-70],[-12,-71],[-27,-68],[-55,-81],[-78,-73],[-76,-49],[59,0],[2526,1414],[4547,315],[6820,-1258],[55,-3281],[-10,-14],[-51,-29],[-80,-36],[-187,3],[-62,-26],[-72,-10],[-26,-11],[-27,-38],[-26,-14],[-217,-37],[-6,-43],[-28,-14],[-70,1],[-140,-21],[-9,-16],[-50,-5],[-173,-153],[6,-35],[23,-6],[-3,-19],[-60,-30],[9,-14],[-16,-14],[-182,-566],[-29,-21],[-45,-9],[-138,-8],[-6,-15],[-27,-7],[-27,-24],[-824,-490],[-4,-33],[-39,-13],[-241,-311],[-26,-9],[-628,-460],[14,-32],[24,-22],[-26,-34],[0,-17],[-37,-9],[8,-38],[38,-11],[1,-23],[-61,-15],[26,-18],[3,-17],[-34,-13],[-24,-60],[5,-21],[-29,-23],[-50,-79],[-34,-27],[5,-25],[-23,-25],[-56,-36],[15,-12],[-9,-22],[-31,-7],[-66,-59],[-3,-14],[-31,-7],[20,-25],[-9,-21],[14,-2],[3,-10],[-10,-12],[-13,-10],[-321,-95],[44,-43],[-115,-132],[8,-63],[-91,-72],[24,-20],[7,-55],[-28,-10],[31,-41],[35,1],[9,-9],[-28,-14],[-12,-16],[25,-30],[-12,-36],[-94,-90],[5,-29],[-38,-17],[-45,11],[-31,-22],[-19,-30],[49,-18],[2,-15],[-42,-48],[-44,-214],[20,-20],[-4,-21],[-8,-22],[-82,-55],[41,-87],[23,-16],[-8,-72],[-37,-22],[39,-44],[34,-4],[28,-38],[-8,-22],[-31,-19],[-26,15],[-76,-46],[17,-13],[-11,-21],[2,-149],[48,-17],[12,-25],[-65,-70],[27,-111],[-47,-8],[7,-50],[39,-7],[14,-18],[-20,-12],[14,-4],[23,-70],[-13,-24],[-28,-14],[44,-45],[-5,-49],[17,-50],[-55,-42],[-84,-14],[-63,2],[-114,-29],[2,-52],[31,-10],[82,-68],[1,-24],[-37,-24],[-149,-12],[-36,-74],[31,-9],[-13,-6],[3,-32],[57,-6],[17,-30],[-15,-44],[-120,-49],[14,-49],[47,-17],[2,-17],[46,-11],[36,-85],[-4,-65],[-48,-40],[-54,-12],[-2,-74],[10,-58],[112,9],[-39,-150],[73,-43],[-16,-25],[22,-53],[-11,-24],[11,-59],[35,-43],[-14,-34],[87,-70],[9,-20],[-3,-28],[-42,-19],[4,-40],[47,-11],[63,-38],[12,-58],[37,-43],[69,-33],[38,-42],[19,0],[-13,-39],[7,-42],[16,-23],[68,-54],[15,-49],[-13,-23],[53,-58],[17,-58],[68,-30],[97,-109],[31,-69],[9,-85],[29,-6],[9,-48],[19,-23],[-19,-24],[7,-28],[35,0],[16,-11],[42,-67],[-8,-19],[46,-48],[27,-72],[73,-87],[30,-53],[-2,-288],[49,-40],[-10,-12],[6,-25],[51,-33],[27,-62],[31,-9],[61,-37],[21,-57],[-10,-52],[27,-79],[74,-64],[-4,-100],[-51,-101],[-36,-29],[14,-58],[28,-18],[80,-118],[104,-174],[35,-87],[-37,-130],[53,-65],[43,-101],[-13,-36],[-36,-22],[-3,-79],[23,-130],[-3,-78],[55,-64],[-3,-86],[48,-95]],[[38529,96015],[59,19],[26,1],[-4,22],[-47,16],[-24,-1],[-37,-36],[18,-4],[9,-17]],[[41877,95180],[76,20],[15,-7],[88,4],[-1,11],[36,27],[-10,7],[22,19],[-9,12],[21,6],[9,13],[20,-6],[17,9],[-7,9],[34,76],[-18,19],[-26,-1],[-8,19],[-21,5],[-6,12],[12,11],[-36,0],[-7,8],[-13,-5],[5,-12],[-19,-36],[-35,-18],[-15,-20],[-61,-7],[-15,4],[5,-4],[-13,-6],[-115,13],[-43,-36],[-9,-50],[-10,-7],[40,-28],[31,-40],[20,-4],[0,-12],[46,-5]],[[36380,93692],[93,12],[235,57],[-260,15],[-55,-11],[-8,3],[-50,-31],[-8,-14],[11,-23],[42,-8]],[[26907,92274],[77,15],[-3,11],[32,-1],[-19,27],[-20,3],[-2,9],[19,-6],[-4,9],[24,16],[-13,18],[-28,12],[-23,-7],[-5,-9],[-25,12],[-57,5],[-57,-26],[-17,21],[-51,14],[1,-18],[18,-10],[-2,-17],[24,-14],[-6,-14],[16,-25],[57,-5],[64,-20]],[[46124,92092],[119,20],[105,31],[36,29],[36,48],[-6,16],[-31,27],[-71,17],[-53,-2],[-185,-58],[-28,-27],[-3,-17],[38,-68],[9,-9],[24,0],[10,-7]],[[45895,91894],[25,5],[5,13],[-38,35],[-28,13],[-50,-1],[-39,14],[26,-22],[0,-21],[13,-14],[13,-6],[50,4],[23,-20]],[[46036,91856],[3,6],[-26,8],[4,26],[15,9],[42,-5],[-39,18],[-30,-7],[-18,-22],[4,-22],[45,-11]],[[17827,91661],[47,1],[10,15],[39,-1],[-6,24],[26,53],[94,75],[87,28],[18,-3],[12,-12],[27,6],[3,21],[-15,-1],[13,16],[-21,30],[-30,-2],[-10,11],[-19,-25],[-22,2],[0,-5],[-38,25],[-28,-12],[-29,15],[11,17],[-27,5],[-25,-1],[-37,-16],[-13,8],[-82,-3],[-30,-28],[-129,-26],[-19,-12],[9,-21],[117,-61],[36,-82],[-2,-22],[33,-19]],[[31258,90919],[187,0],[32,7],[-95,17],[-166,-12],[42,-12]],[[27541,90013],[75,6],[22,8],[-54,12],[-33,0],[-46,-16],[36,-10]],[[16814,90603],[5,-3],[1,-2],[-25,14],[-27,-5],[-22,-45],[-82,-74],[12,-7],[-20,1],[-32,-18],[-40,17],[-12,-32],[-13,-3],[6,-16],[-22,-31],[-61,-39],[-1,-24],[-12,-5],[-19,7],[-7,-8],[11,-15],[32,5],[10,-8],[9,-31],[22,-13],[-1,-19],[21,-14],[-30,-36],[-45,-26],[47,-18],[42,-38],[6,-19],[44,-24],[42,5],[57,-16],[18,-15],[-2,-9],[54,-27],[12,-18],[38,5],[18,12],[2,20],[13,7],[31,0],[-37,-6],[52,0],[45,-10],[98,-63],[36,-36],[49,-74],[10,-29],[-17,-6],[-6,-15],[16,-1],[22,-19],[-8,-19],[14,-17],[1,-31],[19,-2],[17,35],[48,0],[34,-20],[126,42],[69,10],[86,-17],[21,-53],[31,-14],[56,86],[-6,12],[14,17],[-17,30],[51,59],[96,64],[50,22],[5,13],[2,-13],[30,-9],[73,-1],[22,33],[-16,63],[15,5],[-7,28],[15,3],[4,18],[-26,15],[12,1],[-7,23],[15,18],[-7,17],[13,12],[-1,36],[42,77],[-5,31],[8,-2],[-7,6],[14,16],[-11,10],[18,17],[-58,130],[-2,19],[16,8],[-7,17],[-25,-6],[-12,5],[-37,57],[-13,51],[14,44],[-39,14],[9,23],[25,-5],[0,23],[-21,49],[-15,11],[-20,-12],[-60,13],[-47,-17],[-42,-24],[-22,-3],[-11,-36],[-4,28],[35,24],[-13,8],[-74,5],[-18,-3],[-8,-18],[19,-25],[-41,22],[-7,-3],[11,0],[0,-4],[-36,2],[-38,-13],[1,-10],[-5,9],[-18,3],[-6,-6],[0,-2],[-5,-3],[-6,10],[-57,-10],[0,-19],[-12,0],[10,5],[-12,12],[-61,-6],[1,-7],[-6,-2],[0,7],[-22,5],[11,-13],[-30,-22],[37,-5],[12,-14],[-5,-7],[-36,-13],[-7,-19],[37,-13],[-4,11],[6,6],[33,-5],[-34,1],[8,-9],[-12,-6],[-40,16],[10,20],[33,11],[3,8],[-12,9],[-24,2],[-18,16],[-25,-13],[-55,-5],[7,-6],[-24,4],[-38,-12],[-8,9],[-20,-1],[-42,-10],[4,-11],[-50,15],[-88,8],[-89,28],[-5,-6],[24,-22],[-20,-16],[5,-49],[-24,-32],[-32,-22]],[[27587,89412],[84,15],[42,24],[1,18],[-40,11],[-79,-5],[-29,-9],[-29,-38],[50,-16]],[[27688,88994],[94,13],[-68,6],[-35,-9],[9,-10]],[[18989,90188],[-4,-6],[-11,-5],[11,-8],[-12,4],[2,7],[11,8],[-21,15],[4,4],[17,2],[11,18],[-26,15],[-111,12],[-25,-18],[11,17],[-47,2],[-99,-5],[-47,-10],[-3,-6],[-12,7],[-32,-1],[-77,-31],[-10,-14],[-21,3],[-52,-34],[-10,-17],[-7,2],[-32,-23],[-13,-21],[-30,-15],[-15,-22],[-31,-139],[-17,-8],[2,-9],[20,2],[-1,6],[5,-5],[-21,-5],[-38,-40],[4,-21],[41,-18],[38,27],[-39,-49],[3,-10],[24,-9],[31,28],[70,-3],[28,-13],[-32,12],[-66,2],[-8,-27],[-38,-1],[-26,10],[12,19],[-10,11],[-33,5],[-57,-59],[4,-10],[-17,0],[-23,-14],[-52,-78],[-48,-27],[10,-7],[-25,3],[-86,-24],[4,-6],[-16,-15],[6,-18],[41,-58],[78,-55],[15,-33],[54,-51],[74,-29],[41,-37],[17,1],[40,-22],[-1,-15],[61,-17],[10,-36],[17,-16],[-10,-31],[14,2],[4,-20],[21,-1],[10,-10],[19,-2],[15,11],[17,41],[52,26],[37,8],[63,-29],[209,-24],[-1,12],[12,-14],[88,-26],[49,-27],[66,0],[16,-15],[26,-2],[56,-29],[5,-14],[114,-96],[59,-24],[40,12],[18,-2],[46,18],[2,28],[43,61],[54,18],[43,23],[5,13],[57,15],[40,41],[17,3],[12,48],[36,36],[17,40],[18,-2],[17,13],[38,-2],[17,12],[43,6],[-1,40],[11,6],[-15,17],[26,22],[95,41],[113,76],[35,2],[11,25],[15,3],[-11,9],[40,77],[45,33],[-7,-6],[42,-8],[-6,7],[25,61],[39,37],[-10,8],[-2,33],[-40,17],[-62,3],[2,13],[-78,33],[-22,28],[17,6],[-13,21],[9,27],[-32,46],[27,16],[7,20],[-21,4],[-21,22],[-12,-1],[-34,51],[-37,15],[-25,-13],[-34,1],[-35,-8],[-27,-27],[-35,4],[-105,51],[-68,51],[-28,40],[-51,-42],[-59,-2],[-94,15],[-3,-14],[-4,13],[-23,11],[-19,-2],[-42,12],[-128,72],[-75,15],[-12,-3],[-9,-32],[-37,-19],[-39,-11],[-29,4],[34,-23],[-38,21],[-38,-8],[-1,-14],[-21,-7],[-4,-10],[41,-4],[7,-4],[-25,-29],[20,-1],[-10,-14],[11,-10],[-14,9],[10,11],[-20,5],[23,29],[-67,7],[19,-17]],[[18125,85982],[19,13],[20,38],[38,-9],[48,1],[39,15],[7,19],[29,10],[28,-6],[39,3],[16,18],[46,7],[26,27],[-7,83],[25,25],[29,83],[11,13],[23,2],[19,17],[55,-2],[11,11],[-67,71],[-4,16],[-45,36],[-41,5],[-21,12],[-51,-8],[-26,13],[-13,-2],[-7,-9],[12,-9],[-33,-8],[-3,-13],[-37,-10],[-17,-17],[14,-23],[-29,-8],[-31,-36],[13,-31],[-8,-16],[-20,-8],[9,-24],[-31,-24],[-22,-11],[-32,2],[-98,36],[-30,-31],[-23,-7],[-15,-39],[-36,8],[-31,-17],[-1,-18],[27,-15],[-43,0],[-13,-32],[-25,-23],[30,-3],[-7,-20],[48,-8],[12,-15],[-12,-16],[11,-11],[21,-5],[46,9],[27,-23],[47,-6],[4,-26],[30,-4]],[[42940,98726],[-201,16],[-188,48],[-160,77],[-122,100],[-76,116],[-23,124],[30,124],[81,115],[107,85],[135,68],[129,41],[168,28],[69,85],[102,79],[150,75],[152,51],[207,34],[208,7],[257,-33],[174,-52],[131,-64],[93,-65],[102,-102],[57,-96],[22,-102],[-12,-105],[-38,-86],[-88,-111],[-67,-58],[-81,-51],[-213,-87],[-105,-27],[-110,-17],[-112,-7],[-141,4],[-133,-94],[-142,-62],[-161,-41],[-201,-17]],[[19321,97553],[-204,14],[-122,19],[-257,1],[-297,29],[-292,-18],[-162,5],[-117,15],[-202,-1],[-113,14],[-126,30],[-143,12],[-150,28],[-375,107],[-113,18],[-107,28],[-99,37],[-88,46],[-94,68],[-71,78],[-39,64],[-27,85],[-59,80],[-25,63],[737,453],[539,154],[442,-18],[657,94],[311,-31],[581,-364],[1073,-343],[-61,-304],[-60,-97],[-92,-87],[-99,-62],[-223,-110],[-117,-47],[-187,-44],[-219,-16]],[[18908,98097],[24,22],[6,-13],[22,0],[32,5],[44,23],[97,-17],[-14,5],[22,12],[8,-15],[115,-4],[45,10],[24,15],[37,4],[75,40],[2,13],[-25,19],[22,-3],[4,9],[37,15],[15,24],[26,16],[46,81],[-47,34],[-28,-5],[-21,14],[-160,42],[-92,15],[-76,4],[-79,-15],[1,-10],[-16,10],[-23,-7],[0,-12],[-39,-27],[-40,-3],[-23,14],[-116,-18],[-58,33],[12,10],[-92,46],[-60,49],[-20,56],[-32,34],[-33,-6],[17,15],[-17,6],[-23,31],[-83,-18],[-92,-1],[-38,-27],[-72,-17],[-12,-10],[-33,8],[-84,-6],[-3,-5],[-36,2],[-13,-9],[40,-14],[9,-13],[-47,15],[-48,-19],[-24,-38],[-51,-38],[2,-23],[-7,28],[53,43],[1,26],[-55,-11],[2,-7],[-81,-19],[-18,-13],[-54,-19],[-41,-3],[-35,-18],[-57,-1],[-28,-11],[-17,3],[-117,-30],[-47,0],[-35,-12],[-58,2],[-8,-9],[-150,-40],[-13,-31],[28,-39],[98,-52],[145,-25],[33,-2],[6,6],[53,-7],[43,-19],[73,-5],[19,5],[20,-10],[27,1],[7,9],[33,-22],[34,5],[24,-10],[32,1],[36,-11],[10,4],[13,-7],[35,0],[19,7],[81,-23],[49,-1],[12,-7],[82,16],[2,13],[16,-9],[59,-8],[13,-1],[21,15],[83,-20],[107,8],[72,-16],[27,8],[1,15],[18,-21],[45,1],[2,6],[17,-6],[-7,-8],[26,-6],[40,22],[8,19],[-47,45],[-21,4],[15,1],[14,-5],[47,-41],[-6,-19],[27,-32],[160,-15]],[[49075,96450],[-156,11],[-136,24],[-220,26],[-132,29],[-97,34],[-109,54],[-110,77],[-57,59],[-130,167],[-105,-20],[-139,-14],[-116,0],[-115,10],[-190,28],[-102,23],[-194,60],[-129,62],[-120,86],[-69,74],[-57,97],[-23,102],[9,86],[43,100],[73,97],[105,85],[158,78],[186,50],[201,18],[109,-2],[133,-12],[127,-25],[206,-57],[143,-51],[138,-76],[119,-104],[156,46],[140,21],[252,5],[159,-13],[144,-29],[169,-54],[297,-160],[76,-52],[63,-58],[62,-75],[34,-63],[52,-134],[13,-64],[-6,-102],[-32,-85],[-43,-65],[-75,-73],[-91,-68],[-110,-57],[-121,-46],[-105,-26],[-138,-20],[-140,-4]],[[23196,96241],[-140,7],[-109,17],[-104,27],[-119,46],[-104,58],[-69,53],[-57,58],[-50,79],[-139,298],[-14,71],[7,89],[34,86],[74,97],[107,83],[136,69],[458,40],[501,-118],[510,178],[1574,168],[546,13],[1117,131],[85,-10],[109,-25],[172,-66],[140,-89],[98,-107],[70,-134],[21,-113],[-13,-121],[-59,-101],[-138,-170],[-69,-55],[-81,-49],[-42,-119],[-46,-64],[-60,-59],[-74,-53],[-86,-46],[-159,-68],[-139,-45],[-231,-43],[-189,-8],[-195,16],[-301,61],[-113,-16],[-115,-6],[-250,8],[-337,21],[-196,-19],[-135,1],[-161,15],[-131,25],[-254,29],[-187,40],[-280,74],[-92,-43],[-103,-34],[-123,-70],[-148,-58],[-182,-39],[-165,-10]],[[25094,96792],[60,3],[79,20],[31,-5],[52,7],[28,7],[21,17],[53,-18],[54,-5],[96,6],[15,2],[5,10],[45,0],[64,-20],[164,-18],[83,18],[9,11],[133,8],[76,17],[115,11],[36,13],[87,3],[52,25],[33,62],[-9,15],[33,36],[-3,9],[14,-1],[49,36],[373,94],[73,-5],[14,-9],[99,3],[77,33],[62,48],[13,21],[-13,55],[-52,23],[-51,6],[-206,4],[-185,13],[-88,9],[-85,20],[-42,-18],[-157,16],[-147,-44],[-106,-1],[-116,-28],[-115,-56],[-60,-17],[-141,17],[-167,43],[-76,-6],[-152,4],[-75,18],[-60,39],[-74,34],[-154,11],[-202,-37],[-78,-23],[-48,-21],[11,-2],[-9,-4],[-63,-17],[-52,-39],[-151,-1],[-48,-22],[-29,-4],[-7,-15],[-27,-5],[-25,-16],[-13,-45],[24,-41],[-48,-71],[11,-38],[38,-19],[134,-44],[104,-17],[82,-33],[127,-24],[196,-9],[60,-25],[149,-24]],[[23193,96719],[28,7],[30,22],[1,24],[31,3],[-4,7],[37,12],[10,-4],[37,29],[59,22],[39,1],[38,24],[-3,8],[-74,-9],[-53,5],[-42,62],[-42,27],[-33,-2],[-32,-13],[-44,15],[-21,-9],[11,-21],[1,9],[21,-4],[-31,-36],[-2,-29],[-25,-24],[20,-38],[47,-48],[-4,-40]],[[20009,94893],[-314,27],[-319,54],[-207,20],[-250,44],[-319,83],[-157,64],[-128,31],[-94,35],[-183,-39],[-209,-10],[-199,19],[-183,50],[-115,50],[-114,76],[-73,74],[-58,97],[-25,101],[7,85],[39,102],[59,80],[64,59],[130,93],[85,46],[94,38],[129,34],[237,40],[215,18],[138,-8],[133,-22],[101,-29],[136,-52],[161,31],[165,12],[136,-5],[247,-31],[372,-53],[382,-78],[261,-43],[155,-43],[92,-40],[211,-112],[76,-53],[75,-76],[52,-83],[30,-103],[-3,-87],[-28,-85],[-66,-95],[-72,-70],[-120,-86],[-129,-65],[-144,-47],[-129,-27],[-193,-19],[-151,-2]],[[8449,94518],[-198,17],[-107,24],[-101,33],[-91,40],[-80,47],[-127,113],[-43,63],[-28,66],[-15,134],[43,133],[85,108],[-113,45],[-100,57],[-156,124],[-60,61],[-54,83],[-27,88],[-2,72],[22,88],[37,68],[53,63],[231,193],[130,68],[178,53],[185,134],[88,45],[98,38],[161,37],[171,15],[166,-7],[158,-27],[199,16],[199,-17],[159,-40],[142,-60],[116,-78],[85,-91],[60,-112],[22,-132],[-2,-114],[-34,-112],[-114,-171],[-106,-98],[-152,-98],[-182,-74],[71,-72],[42,-63],[28,-69],[12,-88],[-11,-87],[-31,-86],[-69,-96],[-58,-61],[-86,-69],[-82,-48],[-93,-40],[-180,-59],[-185,-43],[-254,-14]],[[6292,92523],[-192,12],[-191,40],[-167,70],[-134,92],[-91,110],[-40,104],[-1,106],[44,138],[73,96],[106,84],[139,76],[187,66],[237,40],[196,14],[227,1],[167,-24],[129,-37],[138,-63],[95,-65],[74,-76],[59,-99],[24,-88],[-3,-89],[-39,-104],[-61,-81],[-84,-72],[-101,-61],[-154,-68],[-210,-67],[-98,-24],[-163,-24],[-166,-7]],[[12810,66270],[-10,28],[11,16],[42,21],[9,16],[68,-3],[10,62],[110,37],[-160,32],[7,34],[121,19],[-124,-1],[387,179],[219,140],[5,25],[34,0],[0,13],[1,-13],[47,-12],[-86,-112],[-29,-234],[-152,-1],[-42,-18],[-84,-8],[-92,5],[-9,-61],[-12,-17],[-33,-17],[-96,-29],[-18,-14],[17,-24],[30,-2],[11,-17],[45,-21],[-20,-13],[-11,7],[-196,-17]],[[14014,66071],[-67,28],[24,21],[-41,17],[23,20],[-107,45],[17,15],[107,-44],[73,65],[25,-10],[-73,-66],[156,-65],[-17,-15],[-74,31],[-46,-42]]],"transform":{"scale":[0.00006598355983559856,0.0001060841608416084],"translate":[141.00112,-19.69644]},"objects":{"qld_far_north_ldmg_boundaries_gda2020_simp20":{"type":"GeometryCollection","geometries":[{"arcs":[[[0,1,2,3,4,5,6,7]],[[8]],[[9,10]]],"type":"MultiPolygon","properties":{"LGA Code":"250","Abbreviated Name":"Aurukun","LGA Name":"Aurukun Shire","Area Sq Km":7407.63443,"LDMG Name":"Aurukun","Police Region Name":"Far Northern Region","Police Region Code":"FNR","Police Region Short Name":"Far North"}},{"arcs":[[11,12,13,14,15],[16],[17],[18]],"type":"Polygon","properties":{"LGA Code":"2080","Abbreviated Name":"Cairns","LGA Name":"Cairns Regional","Area Sq Km":6793.95232,"LDMG Name":"Cairns","Police Region Name":"Far Northern Region","Police Region Code":"FNR","Police Region Short Name":"Far North"}},{"arcs":[[-16,19,20]],"type":"Polygon","properties":{"LGA Code":"2260","Abbreviated Name":"Cassowary Coast","LGA Name":"Cassowary Coast Regional","Area Sq Km":15768.54737,"LDMG Name":"Cassowary Coast","Police Region Name":"Far Northern Region","Police Region Code":"FNR","Police Region Short Name":"Far North"}},{"arcs":[[[21,22,23,24,25,26,27,28,29,30,31,32,33,34,35,36,37,-5],[41],[42],[43],[44],[45],[46],[47],[48],[49],[50],[51],[52],[53],[54],[55],[56],[57],[58],[59],[60]],[[38,39,40,-11]],[[61]]],"type":"MultiPolygon","properties":{"LGA Code":"2500","Abbreviated Name":"Cook","LGA Name":"Cook Shire","Area Sq Km":183345.89922,"LDMG Name":"Cook","Police Region Name":"Far Northern Region","Police Region Code":"FNR","Police Region Short Name":"Far North"}},{"arcs":[[62,63]],"type":"Polygon","properties":{"LGA Code":"2600","Abbreviated Name":"Croydon","LGA Name":"Croydon Shire","Area Sq Km":29509.30461,"LDMG Name":"Croydon","Police Region Name":"Far Northern Region","Police Region Code":"FNR","Police Region Short Name":"Far North"}},{"arcs":[[-14,64,-32,65,-30,66],[67]],"type":"Polygon","properties":{"LGA Code":"2810","Abbreviated Name":"Douglas","LGA Name":"Douglas Shire","Area Sq Km":7319.75437,"LDMG Name":"Douglas","Police Region Name":"Far Northern Region","Police Region Code":"FNR","Police Region Short Name":"Far North"}},{"arcs":[[68,-63,69,70]],"type":"Polygon","properties":{"LGA Code":"3100","Abbreviated Name":"Etheridge","LGA Name":"Etheridge Shire","Area Sq Km":39224.47706,"LDMG Name":"Etheridge","Police Region Name":"Far Northern Region","Police Region Code":"FNR","Police Region Short Name":"Far North"}},{"arcs":[[-61],[-62]],"type":"Polygon","properties":{"LGA Code":"3830","Abbreviated Name":"Hope Vale Aboriginal","LGA Name":"Hope Vale Aboriginal Shire","Area Sq Km":1111.07585,"LDMG Name":"Hope Vale","Police Region Name":"Far Northern Region","Police Region Code":"FNR","Police Region Short Name":"Far North"}},{"arcs":[[71,72,73,-35]],"type":"Polygon","properties":{"LGA Code":"4420","Abbreviated Name":"Kowanyama Aboriginal","LGA Name":"Kowanyama Aboriginal Shire","Area Sq Km":2524.88628,"LDMG Name":"Kowanyama","Police Region Name":"Far Northern Region","Police Region Code":"FNR","Police Region Short Name":"Far North"}},{"arcs":[[[-42]],[[-43]],[[-44]],[[-45]],[[-46]],[[-47]],[[-48]],[[-49]],[[-50]],[[-51]],[[-52]],[[-53]],[[-54]],[[-55]],[[-56]],[[-57]],[[-58]],[[-59]],[[-60]]],"type":"MultiPolygon","properties":{"LGA Code":"4570","Abbreviated Name":"Lockhart River Aboriginal","LGA Name":"Lockhart River Aboriginal Shire","Area Sq Km":3601.0738,"LDMG Name":"Lockhart River","Police Region Name":"Far Northern Region","Police Region Code":"FNR","Police Region Short Name":"Far North"}},{"arcs":[[[-24,74]],[[75,76]],[[77]]],"type":"MultiPolygon","properties":{"LGA Code":"4830","Abbreviated Name":"Mapoon Aboriginal","LGA Name":"Mapoon Aboriginal Shire","Area Sq Km":488.08186,"LDMG Name":"Mapoon","Police Region Name":"Far Northern Region","Police Region Code":"FNR","Police Region Short Name":"Far North"}},{"arcs":[[-13,78,-70,79,-33,-65]],"type":"Polygon","properties":{"LGA Code":"4880","Abbreviated Name":"Mareeba","LGA Name":"Mareeba Shire","Area Sq Km":53366.40077,"LDMG Name":"Mareeba","Police Region Name":"Far Northern Region","Police Region Code":"FNR","Police Region Short Name":"Far North"}},{"arcs":[[[-2,80]],[[-4,81,-39,-10,-41,82,-22]],[[-76,83]],[[84]],[[85]],[[86]],[[87]],[[88]],[[89]],[[90]],[[91]],[[92]],[[93]],[[94]],[[95]]],"type":"MultiPolygon","properties":{"LGA Code":"5670","Abbreviated Name":"Napranum Aboriginal","LGA Name":"Napranum Aboriginal Shire","Area Sq Km":1984.46369,"LDMG Name":"Napranum","Police Region Name":"Far Northern Region","Police Region Code":"FNR","Police Region Short Name":"Far North"}},{"arcs":[[[-27,96]],[[97]],[[98]],[[99]],[[100]],[[101]],[[102]]],"type":"MultiPolygon","properties":{"LGA Code":"5780","Abbreviated Name":"Northern Peninsula Area","LGA Name":"Northern Peninsula Area Regional","Area Sq Km":1020.79758,"LDMG Name":"Northern Peninsula","Police Region Name":"Far Northern Region","Police Region Code":"FNR","Police Region Short Name":"Far North"}},{"arcs":[[-7,103,-37,104]],"type":"Polygon","properties":{"LGA Code":"6070","Abbreviated Name":"Pormpuraaw Aboriginal","LGA Name":"Pormpuraaw Aboriginal Shire","Area Sq Km":4383.08325,"LDMG Name":"Pormpuraaw","Police Region Name":"Far Northern Region","Police Region Code":"FNR","Police Region Short Name":"Far North"}},{"arcs":[[-12,-21,106,-71,-79]],"type":"Polygon","properties":{"LGA Code":"6820","Abbreviated Name":"Tablelands","LGA Name":"Tablelands Regional","Area Sq Km":11380.91009,"LDMG Name":"Tablelands","Police Region Name":"Far Northern Region","Police Region Code":"FNR","Police Region Short Name":"Far North"}},{"arcs":[[[-26,107,-28,-97],[-98],[-99],[-100],[-101],[-102],[-103],[108],[109],[110],[111],[112],[113],[114],[115],[116],[117],[118],[119],[120],[121],[122]],[[123]],[[124],[125]],[[126]],[[127],[128],[129]],[[130]],[[131]],[[132]]],"type":"MultiPolygon","properties":{"LGA Code":"6950","Abbreviated Name":"Torres","LGA Name":"Torres Shire","Area Sq Km":49425.01129,"LDMG Name":"Torres Strait","Police Region Name":"Far Northern Region","Police Region Code":"FNR","Police Region Short Name":"Far North"}},{"arcs":[[[-109]],[[-110]],[[-111]],[[-112]],[[-113]],[[-114]],[[-115]],[[-116]],[[-117]],[[-118]],[[-119]],[[-120]],[[-121]],[[-122]],[[-123]],[[-126]],[[-129]],[[-130]]],"type":"MultiPolygon","properties":{"LGA Code":"6960","Abbreviated Name":"Torres Strait Island","LGA Name":"Torres Strait Island Regional","Area Sq Km":480.90875,"LDMG Name":"Torres Strait","Police Region Name":"Far Northern Region","Police Region Code":"FNR","Police Region Short Name":"Far North"}},{"arcs":[[[133]],[[134]]],"type":"MultiPolygon","properties":{"LGA Code":"7300","Abbreviated Name":"Weipa","LGA Name":"Weipa Town","Area Sq Km":12.41756,"LDMG Name":"Weipa","Police Region Name":"Far Northern Region","Police Region Code":"FNR","Police Region Short Name":"Far North"}},{"arcs":[[[-31,-66]],[[-68]]],"type":"MultiPolygon","properties":{"LGA Code":"7570","Abbreviated Name":"Wujal Wujal Aboriginal","LGA Name":"Wujal Wujal Aboriginal Shire","Area Sq Km":11.73487,"LDMG Name":"Wujal Wujal","Police Region Name":"Far Northern Region","Police Region Code":"FNR","Police Region Short Name":"Far North"}},{"arcs":[[[-17]],[[-18]],[[-19]]],"type":"MultiPolygon","properties":{"LGA Code":"7600","Abbreviated Name":"Yarrabah Aboriginal","LGA Name":"Yarrabah Aboriginal Shire","Area Sq Km":155.9889,"LDMG Name":"Yarrabah","Police Region Name":"Far Northern Region","Police Region Code":"FNR","Police Region Short Name":"Far North"}}]}}}