{"type":"FeatureCollection","name":"qld_northern_ldmg_boundaries_gda2020_simp200m","crs":{"type":"name","properties":{"name":"urn:ogc:def:crs:EPSG::7844"}},"features":[{"type":"Feature","geometry":{"type":"Polygon","coordinates":[[[137.99857,-23.5208],[138.42674,-23.55233],[138.4644,-23.55504],[138.59206,-23.46252],[138.64311,-23.51031],[138.6686,-23.53889],[138.73647,-23.61133],[138.75298,-23.59916],[138.83146,-23.54552],[138.87414,-23.51306],[138.92111,-23.47648],[138.89946,-23.44832],[139.07636,-23.3068],[139.12271,-23.35206],[139.17488,-23.30996],[139.339,-23.47386],[139.29543,-23.50997],[139.47577,-23.52077],[139.46374,-23.67128],[139.4979,-23.67281],[139.63615,-23.67999],[139.63809,-23.67931],[139.80591,-23.69273],[139.89139,-23.6962],[139.88967,-23.69384],[139.88936,-23.68711],[139.88443,-23.67644],[139.87471,-23.67295],[139.87203,-23.66949],[139.87283,-23.66095],[139.87062,-23.65239],[139.86181,-23.64533],[139.86432,-23.64084],[139.86513,-23.63461],[139.86243,-23.6293],[139.88833,-23.61496],[139.93465,-23.57818],[139.93707,-23.5517],[139.92728,-23.55079],[139.93436,-23.48519],[140.0393,-23.49538],[140.15468,-23.50551],[140.35517,-23.52257],[140.34346,-23.43143],[140.34145,-23.41773],[140.38435,-23.37559],[140.41324,-23.3462],[140.46008,-23.31243],[140.57266,-23.23139],[140.59793,-23.21059],[140.62147,-23.19211],[140.64919,-23.16913],[140.66235,-23.15771],[140.66712,-23.15836],[140.71937,-23.18862],[140.75963,-23.22314],[140.82938,-23.17018],[140.8222,-23.16153],[140.94701,-23.06776],[140.94022,-23.05999],[140.92457,-23.04443],[140.97917,-22.9998],[141.04636,-22.94764],[141.02274,-22.92332],[140.98916,-22.9132],[140.98801,-22.91221],[140.98985,-22.89996],[140.99908,-22.8984],[141.12226,-22.80448],[141.11447,-22.77449],[141.12038,-22.75223],[141.12287,-22.74919],[141.11726,-22.70268],[141.10402,-22.69182],[141.10278,-22.69006],[141.09493,-22.64192],[141.09193,-22.63724],[141.08965,-22.62816],[141.09086,-22.61822],[141.09896,-22.61829],[141.1339,-22.62125],[141.14564,-22.63334],[141.19893,-22.59755],[141.13053,-22.52139],[141.07973,-22.46563],[141.1533,-22.40762],[141.24574,-22.33538],[141.2537,-22.32156],[141.22852,-22.29792],[141.18271,-22.24941],[141.18215,-22.2561],[141.15125,-22.25407],[141.05771,-22.2469],[140.92519,-22.23488],[140.92885,-22.18166],[140.92255,-22.18237],[140.91774,-22.18117],[140.91165,-22.1762],[140.9077,-22.17606],[140.90189,-22.17211],[140.90042,-22.16927],[140.88719,-22.16434],[140.87267,-22.16562],[140.84935,-22.16116],[140.84301,-22.16192],[140.83665,-22.1716],[140.83282,-22.17397],[140.8295,-22.18014],[140.82924,-22.18465],[140.82294,-22.19429],[140.82319,-22.19864],[140.81554,-22.20457],[140.8129,-22.20978],[140.80765,-22.21448],[140.80473,-22.22617],[140.79893,-22.23192],[140.78743,-22.24787],[140.77741,-22.25178],[140.77399,-22.257],[140.77589,-22.26129],[140.77435,-22.26525],[140.76836,-22.26725],[140.76685,-22.27378],[140.76399,-22.27693],[140.76388,-22.28273],[140.76028,-22.28897],[140.75566,-22.29001],[140.7562,-22.29328],[140.7495,-22.29814],[140.74543,-22.31107],[140.74089,-22.3163],[140.73451,-22.32121],[140.72402,-22.32469],[140.71715,-22.32809],[140.70725,-22.33502],[140.63828,-22.25508],[140.65193,-22.24498],[140.61944,-22.20938],[140.56521,-22.17009],[140.53163,-22.13532],[140.41426,-22.23378],[140.37022,-22.29029],[140.36703,-22.37414],[140.32555,-22.37283],[140.25879,-22.36865],[140.25976,-22.34779],[140.25904,-22.33914],[140.24747,-22.33842],[140.08281,-22.3292],[140.0412,-22.32685],[140.06028,-22.28607],[140.06239,-22.25471],[139.88404,-22.24288],[139.88432,-22.2392],[139.84169,-22.17129],[139.75793,-22.16281],[139.75034,-22.22866],[139.62793,-22.22053],[139.62303,-22.29071],[139.50121,-22.282],[139.49027,-22.28164],[139.49274,-22.24212],[139.38933,-22.23386],[139.49454,-22.14465],[139.31759,-21.98642],[139.35262,-21.95825],[139.2679,-21.8721],[139.27637,-21.83613],[139.31915,-21.72429],[139.23201,-21.63331],[139.24202,-21.54065],[139.23596,-21.51995],[139.23743,-21.51686],[139.24681,-21.50773],[139.2358,-21.50063],[139.37623,-21.39472],[139.3767,-21.36537],[139.37716,-21.27235],[139.53565,-21.27589],[139.54137,-21.1621],[139.55293,-21.03039],[139.55292,-20.92058],[139.55327,-20.90098],[139.53446,-20.90034],[139.47485,-20.89926],[139.39561,-20.89273],[139.40046,-20.93727],[139.39665,-20.96771],[139.12892,-20.96019],[139.04099,-20.86448],[138.98661,-20.90872],[138.99035,-20.91279],[138.98028,-20.92108],[138.88845,-20.99837],[138.81674,-21.06044],[138.74383,-21.12345],[138.68491,-21.14702],[138.65605,-21.17858],[138.5573,-21.28637],[138.53005,-21.31497],[138.49016,-21.31306],[138.36422,-21.1767],[138.41961,-21.12929],[138.37917,-21.08651],[138.31558,-21.02107],[138.34239,-20.99836],[138.17738,-20.99809],[138.16602,-21.13708],[138.1601,-21.20396],[137.99708,-21.19437],[137.99716,-21.34783],[137.99724,-21.49319],[137.99736,-21.63851],[137.99746,-21.7693],[137.99759,-21.90937],[137.99765,-22.00186],[137.99773,-22.14719],[137.99781,-22.28934],[137.99786,-22.37969],[137.99791,-22.45233],[137.998,-22.58311],[137.99802,-22.65568],[137.99801,-22.78628],[137.99812,-22.87346],[137.99826,-22.99853],[137.99831,-23.06239],[137.99837,-23.1641],[137.99841,-23.23675],[137.99849,-23.38204],[137.99857,-23.5208]]]},"properties":{"LGA Code":"900","Abbreviated Name":"Boulia","LGA Name":"Boulia Shire","Area Sq Km":60946.43985,"LDMG Name":"Boulia","Police Region Name":"Northern Region","Police Region Code":"NR","Police Region Short Name":"Northern"}},{"type":"Feature","geometry":{"type":"Polygon","coordinates":[[[147.34773,-20.39679],[147.34723,-20.39379],[147.33909,-20.38587],[147.33158,-20.382],[147.32085,-20.37145],[147.3144,-20.36031],[147.31055,-20.34986],[147.30601,-20.33342],[147.30058,-20.32169],[147.29904,-20.31433],[147.30016,-20.30523],[147.30826,-20.28605],[147.31058,-20.27419],[147.31134,-20.26209],[147.30922,-20.22169],[147.3076,-20.21159],[147.30189,-20.19255],[147.30063,-20.18249],[147.29606,-20.166],[147.29194,-20.15554],[147.27902,-20.13479],[147.27481,-20.1258],[147.27522,-20.11469],[147.28086,-20.09757],[147.2844,-20.08901],[147.29272,-20.07545],[147.29471,-20.06899],[147.29391,-20.0647],[147.28531,-20.04605],[147.27336,-20.02844],[147.27897,-20.026],[147.28629,-20.02025],[147.30044,-20.01472],[147.30379,-20.01622],[147.2993,-20.0229],[147.29954,-20.02827],[147.30254,-20.03288],[147.3124,-20.03845],[147.31745,-20.04808],[147.32124,-20.05289],[147.32813,-20.05565],[147.3377,-20.05754],[147.34769,-20.06128],[147.35812,-20.05874],[147.36723,-20.06076],[147.37932,-20.06674],[147.38627,-20.06821],[147.39059,-20.07084],[147.39164,-20.07689],[147.38602,-20.08715],[147.39158,-20.08815],[147.46708,-20.09584],[147.47988,-19.9817],[147.47893,-19.98161],[147.48441,-19.93285],[147.4868,-19.93084],[147.4855,-19.92354],[147.49136,-19.87141],[147.50981,-19.87341],[147.51095,-19.85791],[147.5083,-19.85074],[147.51551,-19.84686],[147.52152,-19.84098],[147.52622,-19.83947],[147.52938,-19.83576],[147.53736,-19.83305],[147.53619,-19.82465],[147.5343,-19.82288],[147.53623,-19.81621],[147.54076,-19.81303],[147.54531,-19.81366],[147.54756,-19.81124],[147.56688,-19.80898],[147.57649,-19.80268],[147.60204,-19.79929],[147.60776,-19.80015],[147.66335,-19.8109],[147.6606,-19.80774],[147.64808,-19.80001],[147.63046,-19.78823],[147.62191,-19.78095],[147.60868,-19.76791],[147.60136,-19.75746],[147.59777,-19.74846],[147.59722,-19.74169],[147.5934,-19.73183],[147.5868,-19.72509],[147.59229,-19.71334],[147.59581,-19.70948],[147.59763,-19.70152],[147.60182,-19.69056],[147.59965,-19.68704],[147.61532,-19.68755],[147.61811,-19.68169],[147.61595,-19.67449],[147.60432,-19.65034],[147.59844,-19.64491],[147.58544,-19.64853],[147.58552,-19.64527],[147.58108,-19.63541],[147.57409,-19.6293],[147.58099,-19.62489],[147.57787,-19.61971],[147.5763,-19.61056],[147.57111,-19.60579],[147.57333,-19.59545],[147.5711,-19.5814],[147.56471,-19.56268],[147.55376,-19.5397],[147.54634,-19.52713],[147.53784,-19.52678],[147.53014,-19.51671],[147.52991,-19.51411],[147.51889,-19.49914],[147.51768,-19.49147],[147.50948,-19.48544],[147.5011,-19.48505],[147.50024,-19.48098],[147.487,-19.46552],[147.48524,-19.45908],[147.48062,-19.45007],[147.48177,-19.44687],[147.47706,-19.44056],[147.47429,-19.43319],[147.47147,-19.41768],[147.46921,-19.41036],[147.46823,-19.40276],[147.46291,-19.38656],[147.46024,-19.38257],[147.45571,-19.37133],[147.45236,-19.36654],[147.44888,-19.35824],[147.44684,-19.35633],[147.44001,-19.34374],[147.43277,-19.3332],[147.41753,-19.31493],[147.4138,-19.31646],[147.42131,-19.32174],[147.41619,-19.32681],[147.4188,-19.33579],[147.42571,-19.33822],[147.42678,-19.34545],[147.43627,-19.35654],[147.44212,-19.36023],[147.44671,-19.36699],[147.44738,-19.37812],[147.45332,-19.38492],[147.45516,-19.39519],[147.45233,-19.40578],[147.44161,-19.42066],[147.4315,-19.42397],[147.42014,-19.4261],[147.41348,-19.42625],[147.40615,-19.42479],[147.39591,-19.41946],[147.38865,-19.4177],[147.36026,-19.41955],[147.35331,-19.41751],[147.34751,-19.41779],[147.33689,-19.41627],[147.32821,-19.41412],[147.32443,-19.41468],[147.31767,-19.40869],[147.31306,-19.40831],[147.31135,-19.4109],[147.30389,-19.40767],[147.29761,-19.40982],[147.2923,-19.41325],[147.29138,-19.41594],[147.282,-19.42118],[147.27936,-19.4199],[147.27474,-19.42288],[147.26349,-19.42558],[147.25879,-19.43083],[147.2469,-19.43247],[147.24189,-19.42862],[147.2346,-19.41863],[147.2209,-19.41956],[147.21568,-19.42325],[147.21097,-19.42345],[147.20205,-19.41988],[147.19593,-19.41559],[147.18478,-19.41184],[147.17245,-19.41028],[147.16927,-19.41354],[147.16237,-19.41004],[147.16122,-19.40584],[147.14912,-19.40791],[147.14234,-19.40682],[147.13474,-19.40709],[147.13653,-19.41239],[147.13521,-19.41853],[147.13029,-19.42192],[147.1261,-19.42247],[147.12375,-19.41836],[147.12217,-19.41096],[147.11945,-19.41116],[147.12016,-19.4189],[147.11656,-19.42862],[147.11205,-19.43112],[147.11178,-19.43749],[147.10763,-19.43994],[147.11097,-19.44366],[147.10612,-19.44686],[147.10013,-19.44611],[147.09771,-19.43895],[147.0893,-19.44165],[147.08691,-19.43781],[147.07958,-19.43532],[147.0752,-19.43533],[147.06963,-19.43818],[147.07548,-19.44107],[147.07039,-19.44463],[147.06613,-19.43862],[147.06326,-19.43876],[147.05974,-19.43434],[147.05983,-19.42913],[147.05643,-19.42875],[147.05413,-19.43263],[147.04995,-19.41205],[147.04119,-19.40741],[147.03425,-19.40662],[147.03259,-19.42219],[147.03931,-19.42287],[147.03892,-19.42646],[147.04324,-19.42949],[147.04079,-19.45242],[147.03672,-19.45487],[147.03545,-19.46606],[147.0365,-19.47195],[147.02665,-19.47094],[147.02605,-19.47623],[147.01259,-19.47485],[147.01066,-19.49174],[147.0121,-19.49945],[147.01826,-19.4975],[147.02456,-19.50451],[147.02846,-19.5164],[147.03089,-19.52066],[147.03257,-19.53592],[147.03066,-19.55227],[147.02456,-19.57048],[147.02112,-19.57854],[147.01259,-19.58496],[147.0112,-19.58896],[147.00608,-19.59191],[147.00334,-19.59651],[147.00811,-19.60039],[147.00934,-19.60385],[147.01946,-19.61092],[147.01831,-19.62443],[147.02703,-19.62306],[147.03032,-19.62498],[147.02051,-19.71433],[147.01452,-19.71794],[147.00874,-19.73123],[147.00231,-19.73561],[146.99817,-19.74419],[146.99411,-19.75789],[146.98672,-19.76161],[146.96833,-19.76226],[146.95984,-19.76786],[146.95738,-19.77517],[146.94827,-19.77897],[146.93948,-19.78469],[146.9302,-19.78311],[146.92802,-19.79573],[146.92668,-19.80889],[146.92735,-19.82873],[146.92276,-19.85894],[146.92863,-19.86669],[146.92039,-19.88066],[146.9172,-19.88957],[146.91629,-19.8975],[146.88394,-19.89407],[146.88148,-19.89877],[146.88434,-19.90277],[146.89033,-19.90473],[146.89143,-19.90932],[146.88847,-19.91171],[146.89668,-19.91823],[146.905,-19.92918],[146.90458,-19.93671],[146.90779,-19.93996],[146.91342,-19.94147],[146.91208,-19.95056],[146.91306,-19.95474],[146.91773,-19.96174],[146.92393,-19.96531],[146.92547,-19.97151],[146.93075,-19.97127],[146.93209,-19.97368],[146.92788,-19.97837],[146.9246,-19.97811],[146.92109,-19.98181],[146.92227,-19.98499],[146.91922,-19.98984],[146.92142,-19.99547],[146.91507,-19.99902],[146.90787,-20.01322],[146.90526,-20.01377],[146.89927,-20.01094],[146.88969,-20.01446],[146.88641,-20.02223],[146.88762,-20.02718],[146.88242,-20.03552],[146.89322,-20.04049],[146.90167,-20.04784],[146.90445,-20.05444],[146.90249,-20.05721],[146.90176,-20.06657],[146.90589,-20.06662],[146.91053,-20.07035],[146.92109,-20.07123],[146.92323,-20.06883],[146.92789,-20.07145],[146.93383,-20.07118],[146.93707,-20.07578],[146.93452,-20.08283],[146.93981,-20.08459],[146.94504,-20.08413],[146.94792,-20.0862],[146.95664,-20.08699],[146.96388,-20.09296],[146.96397,-20.09982],[146.96819,-20.10383],[146.96888,-20.10879],[146.97349,-20.11704],[146.97404,-20.12276],[146.98401,-20.12792],[146.98849,-20.13332],[146.99471,-20.13114],[146.99824,-20.13814],[147.00458,-20.14053],[147.00874,-20.13957],[147.01441,-20.14212],[147.01501,-20.14252],[147.01675,-20.15058],[147.0147,-20.15614],[147.01173,-20.159],[147.00679,-20.16001],[147.00163,-20.16471],[147.00396,-20.16769],[147.00183,-20.17451],[147.00408,-20.17834],[147.00311,-20.18276],[146.99584,-20.18605],[146.99551,-20.18865],[147.0009,-20.19052],[147.00256,-20.19495],[147.01139,-20.19251],[147.01318,-20.18779],[147.01664,-20.18615],[147.0184,-20.1805],[147.02272,-20.18192],[147.02394,-20.18603],[147.03247,-20.18621],[147.0396,-20.17842],[147.04494,-20.1763],[147.0471,-20.17047],[147.05044,-20.17164],[147.05209,-20.17702],[147.0558,-20.17923],[147.06165,-20.17817],[147.06529,-20.18163],[147.06697,-20.18639],[147.07423,-20.18769],[147.07902,-20.18997],[147.08503,-20.19787],[147.08814,-20.20023],[147.09458,-20.20114],[147.09874,-20.20006],[147.10705,-20.20684],[147.10689,-20.21449],[147.10254,-20.21929],[147.10878,-20.22664],[147.10693,-20.23264],[147.11369,-20.23388],[147.116,-20.23885],[147.11367,-20.24521],[147.11319,-20.25104],[147.10888,-20.25355],[147.11139,-20.25751],[147.11083,-20.26459],[147.11997,-20.26341],[147.12853,-20.26879],[147.12988,-20.27242],[147.13724,-20.2734],[147.14368,-20.2775],[147.14544,-20.2835],[147.15233,-20.28568],[147.15822,-20.29788],[147.15974,-20.29744],[147.17514,-20.30942],[147.18081,-20.32015],[147.17939,-20.32322],[147.18294,-20.32879],[147.18207,-20.33368],[147.19108,-20.33963],[147.19265,-20.34193],[147.19353,-20.34985],[147.20174,-20.35844],[147.19514,-20.36085],[147.19405,-20.36699],[147.19509,-20.37177],[147.19904,-20.37241],[147.20377,-20.37605],[147.20669,-20.37481],[147.21696,-20.38355],[147.3049,-20.39246],[147.34406,-20.39672],[147.34773,-20.39679]]]},"properties":{"LGA Code":"1900","Abbreviated Name":"Burdekin","LGA Name":"Burdekin Shire","Area Sq Km":15646.50249,"LDMG Name":"Burdekin","Police Region Name":"Northern Region","Police Region Code":"NR","Police Region Short Name":"Northern"}},{"type":"Feature","geometry":{"type":"Polygon","coordinates":[[[138.87531,-16.87646],[138.84706,-16.86998],[138.83653,-16.86531],[138.82964,-16.86078],[138.8252,-16.85484],[138.8201,-16.85277],[138.80779,-16.8501],[138.78676,-16.84467],[138.77387,-16.84019],[138.75846,-16.83299],[138.75276,-16.82765],[138.73649,-16.82095],[138.73121,-16.82042],[138.728,-16.81688],[138.71242,-16.81246],[138.69061,-16.80493],[138.67014,-16.79527],[138.66432,-16.79103],[138.65226,-16.7793],[138.65076,-16.77606],[138.6377,-16.77234],[138.63385,-16.77211],[138.62911,-16.76913],[138.62624,-16.77133],[138.60934,-16.77401],[138.60076,-16.77476],[138.5837,-16.77807],[138.58214,-16.7794],[138.57416,-16.77792],[138.55632,-16.77891],[138.53999,-16.78196],[138.5372,-16.78458],[138.52894,-16.78235],[138.51049,-16.78203],[138.49158,-16.77988],[138.48746,-16.78306],[138.4812,-16.78478],[138.46441,-16.7785],[138.45892,-16.77815],[138.45059,-16.77322],[138.43609,-16.77268],[138.43044,-16.77464],[138.42496,-16.77457],[138.41555,-16.7706],[138.40136,-16.7591],[138.38708,-16.75162],[138.36685,-16.74271],[138.36146,-16.7413],[138.34888,-16.7408],[138.34557,-16.74242],[138.33198,-16.73987],[138.32995,-16.74471],[138.32006,-16.74749],[138.31163,-16.74258],[138.30659,-16.74189],[138.29709,-16.73866],[138.28815,-16.73384],[138.27337,-16.72085],[138.26768,-16.71891],[138.23937,-16.71256],[138.22493,-16.70857],[138.20557,-16.70187],[138.1954,-16.69763],[138.17951,-16.68968],[138.16979,-16.68399],[138.16211,-16.67838],[138.15611,-16.67996],[138.15707,-16.67301],[138.15287,-16.66937],[138.14307,-16.66524],[138.12823,-16.65579],[138.11498,-16.64844],[138.10899,-16.64202],[138.09565,-16.63035],[138.08562,-16.62029],[138.08115,-16.62044],[138.08127,-16.61561],[138.079,-16.61288],[138.06001,-16.60056],[138.05047,-16.58324],[138.04407,-16.57614],[138.03905,-16.573],[138.02931,-16.56954],[138.0281,-16.56412],[138.01725,-16.55509],[138.00418,-16.54753],[137.99465,-16.53867],[137.9947,-16.62252],[137.99477,-16.76796],[137.99484,-16.91339],[137.99488,-16.98611],[137.99496,-17.13154],[137.995,-17.21369],[137.99516,-17.45232],[137.99528,-17.65633],[137.99537,-17.78577],[137.99546,-17.93114],[137.99555,-18.07652],[137.99561,-18.18231],[138.23736,-18.2017],[138.2118,-18.32833],[138.20963,-18.3931],[138.20557,-18.4997],[138.20333,-18.55318],[138.18976,-18.77582],[138.31407,-18.78306],[138.3116,-18.81674],[138.47526,-18.82479],[138.52763,-18.88302],[138.54687,-18.86691],[138.60489,-18.81696],[138.62874,-18.84028],[138.75646,-18.96718],[138.79964,-18.9302],[138.91621,-18.83026],[138.98688,-18.76957],[139.07693,-18.86708],[139.06845,-18.86783],[139.04821,-18.875],[139.03251,-18.88249],[139.02017,-18.88433],[139.0109,-18.88933],[139.00495,-18.8945],[138.99849,-18.89776],[138.99241,-18.90235],[138.9846,-18.90445],[138.98705,-18.90695],[139.04867,-18.96452],[139.15714,-18.87517],[139.22383,-18.91495],[139.18378,-18.97578],[139.19592,-18.98302],[139.15787,-19.04076],[139.1668,-19.04817],[139.17801,-19.06289],[139.17712,-19.07467],[139.1878,-19.08234],[139.20859,-19.08444],[139.20485,-19.13944],[139.34496,-19.15057],[139.5508,-19.16672],[139.5414,-19.29368],[139.51602,-19.29193],[139.51431,-19.43848],[139.63245,-19.44649],[139.78534,-19.45676],[139.77738,-19.57838],[139.88544,-19.5847],[139.88722,-19.55407],[140.06632,-19.56716],[140.06445,-19.56076],[140.06789,-19.54359],[140.06694,-19.53893],[140.07291,-19.53111],[140.07377,-19.52514],[140.06871,-19.51504],[140.0682,-19.51164],[140.06393,-19.50463],[140.06006,-19.49554],[140.05703,-19.49263],[140.05139,-19.49203],[140.04619,-19.48426],[140.05121,-19.47382],[140.05084,-19.47087],[140.04482,-19.46464],[140.04173,-19.45723],[140.04124,-19.45253],[140.04481,-19.43963],[140.03977,-19.42815],[140.03569,-19.42467],[140.03417,-19.41533],[140.03016,-19.40966],[140.03156,-19.40205],[140.0385,-19.39644],[140.03758,-19.39073],[140.03248,-19.38801],[140.03003,-19.38463],[140.03245,-19.37958],[140.04089,-19.37482],[140.04071,-19.36556],[140.03152,-19.36585],[140.02664,-19.3629],[140.02585,-19.35595],[140.03063,-19.35146],[140.02871,-19.34407],[140.02157,-19.33973],[140.0105,-19.33616],[140.00533,-19.32933],[140.00577,-19.32121],[140.00418,-19.30908],[140.00559,-19.30207],[140.00318,-19.28983],[140.00587,-19.28395],[140.0159,-19.27683],[140.01599,-19.27234],[140.01294,-19.26761],[140.00294,-19.26133],[139.99906,-19.25699],[139.99658,-19.24777],[139.99231,-19.24169],[139.97999,-19.23041],[139.97787,-19.22722],[139.97019,-19.22021],[139.96558,-19.21362],[139.95897,-19.19998],[139.95697,-19.19338],[139.958,-19.18294],[139.96108,-19.17137],[139.96033,-19.16637],[139.9573,-19.16196],[139.94229,-19.15452],[139.93972,-19.15451],[139.93366,-19.14776],[139.93063,-19.14129],[139.92895,-19.13369],[139.93107,-19.12018],[139.93085,-19.11381],[139.92421,-19.10418],[139.92454,-19.10059],[139.92964,-19.09421],[139.93992,-19.09166],[139.94176,-19.08661],[139.9383,-19.07574],[139.94149,-19.06637],[139.94148,-19.0553],[139.93731,-19.04177],[139.93453,-19.0353],[139.93146,-19.03189],[139.92254,-19.03298],[139.91946,-19.03624],[139.91485,-19.03706],[139.91184,-19.03506],[139.91155,-19.02644],[139.90988,-19.02258],[139.90337,-19.01732],[139.89833,-19.01137],[139.89166,-19.00588],[139.88338,-19.00069],[139.88059,-18.99599],[139.88604,-18.98857],[139.89022,-18.98015],[139.88933,-18.96817],[139.88441,-18.96752],[139.87638,-18.97606],[139.86905,-18.97467],[139.85904,-18.96815],[139.85754,-18.95813],[139.85091,-18.94591],[139.84511,-18.94044],[139.83928,-18.93731],[139.82919,-18.93592],[139.82571,-18.93418],[139.82342,-18.92837],[139.8245,-18.91693],[139.82378,-18.9151],[139.81527,-18.90879],[139.80513,-18.89459],[139.80363,-18.88581],[139.80784,-18.88333],[139.81593,-18.88526],[139.8199,-18.88373],[139.82307,-18.87641],[139.82236,-18.86842],[139.81916,-18.86102],[139.80967,-18.85112],[139.80142,-18.84879],[139.797,-18.8454],[139.7975,-18.84092],[139.80471,-18.83436],[139.80432,-18.8307],[139.80058,-18.82917],[139.79085,-18.83148],[139.7861,-18.83037],[139.7837,-18.82648],[139.7849,-18.82235],[139.79236,-18.81486],[139.79192,-18.80978],[139.78271,-18.80615],[139.77795,-18.79792],[139.77731,-18.78788],[139.78026,-18.77727],[139.7798,-18.77416],[139.77429,-18.76798],[139.76452,-18.76281],[139.7636,-18.758],[139.76815,-18.75276],[139.77628,-18.74958],[139.77952,-18.74506],[139.77817,-18.73746],[139.77908,-18.73196],[139.78295,-18.72483],[139.78422,-18.71643],[139.78096,-18.71133],[139.76382,-18.69867],[139.76216,-18.69208],[139.76475,-18.68876],[139.77148,-18.68465],[139.77454,-18.67642],[139.7751,-18.66847],[139.78683,-18.65909],[139.79246,-18.64853],[139.80466,-18.64045],[139.80592,-18.63578],[139.80425,-18.62836],[139.80556,-18.62387],[139.81874,-18.6084],[139.83481,-18.5942],[139.83969,-18.58542],[139.84483,-18.57407],[139.84607,-18.56517],[139.84268,-18.5577],[139.84399,-18.54534],[139.848,-18.541],[139.85111,-18.53094],[139.85065,-18.52682],[139.84748,-18.52371],[139.85227,-18.51872],[139.85319,-18.51474],[139.86491,-18.50202],[139.86736,-18.495],[139.86632,-18.48258],[139.86655,-18.4763],[139.8593,-18.46656],[139.85898,-18.46342],[139.86262,-18.45865],[139.87248,-18.45852],[139.8752,-18.44512],[139.87486,-18.43378],[139.87775,-18.42015],[139.87772,-18.41419],[139.87549,-18.40414],[139.87725,-18.38571],[139.87317,-18.37907],[139.87553,-18.36674],[139.87905,-18.36006],[139.87995,-18.35361],[139.87676,-18.34747],[139.87727,-18.33928],[139.87587,-18.33638],[139.86849,-18.33176],[139.86785,-18.32172],[139.87036,-18.31669],[139.87538,-18.31161],[139.87852,-18.30571],[139.87575,-18.29566],[139.88019,-18.28478],[139.87655,-18.27729],[139.87543,-18.26937],[139.87631,-18.2646],[139.8832,-18.25477],[139.88498,-18.24718],[139.8802,-18.23765],[139.87987,-18.22745],[139.87699,-18.22488],[139.87777,-18.2186],[139.88427,-18.21751],[139.8879,-18.21443],[139.89131,-18.20638],[139.89404,-18.19607],[139.89306,-18.19062],[139.88551,-18.18315],[139.88054,-18.17462],[139.88133,-18.17026],[139.88665,-18.1605],[139.8863,-18.15586],[139.87931,-18.14576],[139.87398,-18.13994],[139.86345,-18.13288],[139.85307,-18.12409],[139.84641,-18.11667],[139.84534,-18.10945],[139.84655,-18.09257],[139.84585,-18.08919],[139.83684,-18.08462],[139.8316,-18.08089],[139.82323,-18.07253],[139.81495,-18.05749],[139.81494,-18.04802],[139.81728,-18.04044],[139.81912,-18.03002],[139.8193,-18.01384],[139.81786,-18.00393],[139.81371,-17.99469],[139.81333,-17.99027],[139.81583,-17.98155],[139.8143,-17.97716],[139.80637,-17.97036],[139.78657,-17.95589],[139.77793,-17.95485],[139.77433,-17.95203],[139.77821,-17.94174],[139.78436,-17.93859],[139.78936,-17.94082],[139.79247,-17.94617],[139.79773,-17.94882],[139.807,-17.94806],[139.81185,-17.9465],[139.81722,-17.93837],[139.81733,-17.93371],[139.81208,-17.92809],[139.80631,-17.92417],[139.80089,-17.91742],[139.79358,-17.91303],[139.7836,-17.90904],[139.77791,-17.90933],[139.77298,-17.91248],[139.76665,-17.92],[139.75878,-17.92147],[139.75261,-17.91634],[139.75087,-17.91216],[139.75263,-17.90348],[139.75668,-17.89453],[139.76739,-17.88244],[139.77209,-17.87561],[139.77282,-17.86572],[139.76734,-17.8584],[139.75592,-17.85572],[139.74637,-17.84866],[139.74464,-17.84243],[139.74986,-17.83447],[139.75875,-17.83071],[139.76322,-17.82417],[139.76334,-17.81802],[139.76101,-17.81235],[139.75212,-17.80706],[139.75185,-17.80381],[139.75706,-17.7967],[139.76307,-17.79194],[139.77098,-17.78958],[139.77537,-17.78523],[139.77718,-17.77937],[139.78359,-17.76945],[139.78467,-17.76224],[139.7744,-17.75405],[139.77288,-17.74945],[139.77433,-17.74232],[139.77703,-17.73654],[139.78365,-17.72795],[139.78602,-17.72649],[139.79687,-17.72542],[139.79947,-17.72204],[139.79811,-17.71631],[139.79356,-17.71247],[139.78906,-17.71237],[139.78226,-17.71551],[139.77726,-17.71286],[139.77641,-17.70762],[139.7793,-17.69442],[139.7828,-17.69006],[139.78797,-17.68903],[139.7957,-17.69106],[139.80425,-17.70172],[139.81265,-17.70247],[139.81696,-17.69769],[139.81746,-17.6895],[139.81485,-17.68305],[139.80419,-17.67761],[139.7924,-17.67641],[139.78657,-17.67155],[139.78718,-17.666],[139.79166,-17.66089],[139.7893,-17.65595],[139.7804,-17.65535],[139.77553,-17.6504],[139.77648,-17.64472],[139.78242,-17.64322],[139.78927,-17.64326],[139.79487,-17.64056],[139.80035,-17.64027],[139.80716,-17.64556],[139.81458,-17.64407],[139.81862,-17.6371],[139.81925,-17.62824],[139.81734,-17.61978],[139.81208,-17.61297],[139.80387,-17.60814],[139.79474,-17.6045],[139.79015,-17.59943],[139.78967,-17.59474],[139.79379,-17.57943],[139.78211,-17.57452],[139.77252,-17.57385],[139.75622,-17.57807],[139.75213,-17.57742],[139.75405,-17.57136],[139.75219,-17.56713],[139.74777,-17.56962],[139.74288,-17.56904],[139.73828,-17.56401],[139.7346,-17.56268],[139.731,-17.55734],[139.7198,-17.55281],[139.714,-17.55547],[139.70783,-17.55514],[139.70735,-17.55049],[139.69657,-17.54968],[139.67809,-17.54557],[139.67121,-17.54577],[139.65461,-17.54036],[139.64624,-17.53957],[139.63851,-17.5338],[139.63358,-17.52856],[139.61817,-17.52212],[139.61126,-17.51573],[139.60847,-17.51039],[139.60322,-17.51126],[139.60365,-17.50732],[139.59876,-17.50313],[139.59576,-17.49746],[139.59159,-17.48606],[139.58534,-17.48146],[139.58029,-17.47947],[139.57498,-17.48067],[139.56994,-17.4772],[139.56605,-17.47806],[139.56342,-17.47461],[139.55293,-17.47198],[139.54009,-17.46465],[139.55146,-17.46059],[139.53971,-17.44798],[139.53169,-17.44055],[139.516,-17.43347],[139.50711,-17.42873],[139.49567,-17.41701],[139.47709,-17.4041],[139.47089,-17.40079],[139.45978,-17.39707],[139.45027,-17.39598],[139.44169,-17.38885],[139.42224,-17.37902],[139.41589,-17.37524],[139.40732,-17.37348],[139.38795,-17.37347],[139.37377,-17.37518],[139.361,-17.37564],[139.34986,-17.37506],[139.33862,-17.3756],[139.33389,-17.37175],[139.31927,-17.36635],[139.30828,-17.36407],[139.29676,-17.357],[139.28858,-17.3532],[139.28476,-17.35288],[139.28259,-17.34962],[139.25443,-17.33325],[139.24169,-17.32478],[139.23734,-17.32265],[139.22086,-17.30698],[139.21662,-17.30403],[139.20736,-17.28815],[139.20388,-17.28502],[139.20144,-17.27185],[139.19614,-17.26012],[139.18792,-17.24618],[139.18255,-17.23207],[139.17387,-17.21621],[139.16915,-17.20411],[139.16707,-17.203],[139.16637,-17.1967],[139.15994,-17.18413],[139.15971,-17.1792],[139.15582,-17.17076],[139.15339,-17.14767],[139.15096,-17.13388],[139.14859,-17.12807],[139.14829,-17.12192],[139.14458,-17.11087],[139.14048,-17.09452],[139.13959,-17.08788],[139.14015,-17.07659],[139.14514,-17.05392],[139.15142,-17.04315],[139.15326,-17.03546],[139.15623,-17.03005],[139.1475,-17.02525],[139.14018,-17.02397],[139.11532,-17.01679],[139.10849,-17.01307],[139.08604,-17.01147],[139.08002,-17.09056],[138.88811,-16.95161],[138.8705,-16.93885],[138.87531,-16.87646]],[[138.5862,-17.89404],[138.58301,-17.88818],[138.57689,-17.88255],[138.58381,-17.87515],[138.58594,-17.87522],[138.58769,-17.82867],[138.59099,-17.75451],[138.6001,-17.47197],[138.71351,-17.47752],[138.73695,-17.47764],[138.7505,-17.49135],[138.83552,-17.52601],[138.90254,-17.52966],[138.88675,-17.84077],[138.87776,-18.0187],[138.86428,-18.01524],[138.85751,-18.01096],[138.85103,-18.00323],[138.84983,-17.99755],[138.85203,-17.99081],[138.85724,-17.98238],[138.85751,-17.97322],[138.85373,-17.96665],[138.85165,-17.95887],[138.84608,-17.954],[138.83313,-17.94823],[138.82928,-17.94521],[138.81745,-17.94151],[138.79994,-17.93346],[138.78539,-17.93219],[138.77487,-17.93331],[138.76408,-17.93194],[138.7498,-17.93307],[138.74398,-17.93203],[138.73573,-17.92834],[138.71838,-17.92813],[138.71003,-17.9249],[138.70665,-17.92149],[138.70128,-17.91903],[138.6923,-17.91274],[138.67505,-17.90524],[138.67397,-17.90269],[138.64562,-17.89775],[138.63768,-17.89808],[138.63258,-17.89645],[138.61581,-17.89724],[138.60169,-17.89948],[138.59233,-17.89525],[138.5862,-17.89404]]]},"properties":{"LGA Code":"1950","Abbreviated Name":"Burke","LGA Name":"Burke Shire","Area Sq Km":40167.14113,"LDMG Name":"Burke","Police Region Name":"Northern Region","Police Region Code":"NR","Police Region Short Name":"Northern"}},{"type":"Feature","geometry":{"type":"MultiPolygon","coordinates":[[[[139.91155,-19.02644],[139.99806,-19.03261],[139.99877,-19.0236],[140.3058,-19.04517],[140.30255,-19.08749],[140.41128,-19.0949],[140.41147,-19.09537],[140.50965,-19.10155],[140.51029,-19.07232],[140.51516,-19.04843],[140.63349,-19.05656],[140.66984,-19.09834],[140.71125,-19.06654],[140.81737,-19.18726],[140.89427,-19.12611],[140.90661,-19.11674],[140.91085,-19.12142],[140.92039,-19.1208],[140.91969,-19.126],[140.92145,-19.13534],[141.10633,-19.14787],[141.10488,-19.16235],[141.09841,-19.17542],[141.09564,-19.19999],[141.1931,-19.21172],[141.30923,-19.22643],[141.3586,-19.24009],[141.41745,-19.24371],[141.41067,-19.3135],[141.58342,-19.32931],[141.60848,-19.3314],[141.63893,-19.30718],[141.63988,-19.31088],[141.64626,-19.31775],[141.66006,-19.3179],[141.66558,-19.32452],[141.67748,-19.32885],[141.67886,-19.33519],[141.68842,-19.34111],[141.68985,-19.35148],[141.69205,-19.35724],[141.73461,-19.3193],[141.75337,-19.30377],[141.81036,-19.36876],[141.90797,-19.37179],[141.90474,-19.41051],[142.03646,-19.42195],[142.03434,-19.44271],[142.15907,-19.45503],[142.16649,-19.38159],[142.37437,-19.40038],[142.38311,-19.3114],[142.40069,-19.12652],[142.35384,-19.12259],[142.35228,-19.14747],[142.23644,-19.13603],[142.23508,-19.14952],[142.15943,-19.14201],[142.17658,-18.97214],[142.12914,-18.96953],[142.12673,-18.99338],[141.94148,-18.97844],[141.93115,-19.08964],[141.77107,-19.07818],[141.76216,-19.1918],[141.75322,-19.19315],[141.74449,-19.19173],[141.73913,-19.18511],[141.73453,-19.18399],[141.72901,-19.17904],[141.71552,-19.17906],[141.70899,-19.17273],[141.70416,-19.17072],[141.69651,-19.15957],[141.69037,-19.15612],[141.68608,-19.15724],[141.67871,-19.15546],[141.669,-19.15908],[141.65826,-19.15715],[141.64386,-19.15716],[141.63962,-19.15468],[141.63586,-19.15566],[141.62846,-19.15056],[141.62373,-19.15053],[141.62141,-19.14592],[141.61534,-19.14273],[141.61675,-19.13844],[141.61277,-19.13776],[141.61124,-19.12998],[141.6132,-19.12419],[141.60999,-19.12119],[141.6089,-19.1134],[141.62013,-19.11457],[141.63621,-18.96711],[141.66815,-18.96968],[141.68139,-18.82632],[141.69196,-18.7136],[141.62239,-18.70758],[141.55813,-18.7008],[141.36402,-18.68141],[141.36996,-18.62545],[141.31497,-18.62043],[141.29917,-18.60978],[141.30281,-18.60547],[141.30164,-18.6022],[141.30217,-18.59515],[141.29987,-18.58873],[141.29458,-18.5852],[141.29213,-18.57788],[141.29358,-18.5752],[141.29171,-18.56657],[141.2967,-18.56593],[141.30029,-18.56332],[141.29868,-18.55648],[141.29226,-18.54857],[141.28811,-18.54642],[141.28824,-18.54122],[141.28553,-18.53],[141.28621,-18.52288],[141.28366,-18.51872],[141.28558,-18.51493],[141.28476,-18.50539],[141.29043,-18.5002],[141.29775,-18.4996],[141.29934,-18.49293],[141.29295,-18.48507],[141.29286,-18.47995],[141.29864,-18.47552],[141.29383,-18.46759],[141.2965,-18.46342],[141.2961,-18.4585],[141.30102,-18.45574],[141.30079,-18.45028],[141.3048,-18.44779],[141.30133,-18.43748],[141.30262,-18.42954],[141.30075,-18.42646],[141.29237,-18.42512],[141.28936,-18.42151],[141.28064,-18.41601],[141.28385,-18.40963],[141.28254,-18.40515],[141.28383,-18.39823],[141.2815,-18.39122],[141.27482,-18.38874],[141.26944,-18.3821],[141.26745,-18.37784],[141.26613,-18.36877],[141.26177,-18.36526],[141.25447,-18.36403],[141.24895,-18.34952],[141.24828,-18.34931],[141.24194,-18.34638],[141.23843,-18.33679],[141.22292,-18.32846],[141.2233,-18.32464],[141.22066,-18.31655],[141.21746,-18.31446],[141.21996,-18.30966],[141.21827,-18.30198],[141.21991,-18.29507],[141.21253,-18.28839],[141.21077,-18.28255],[141.21314,-18.27943],[141.21085,-18.27479],[141.21136,-18.27032],[141.20939,-18.26279],[141.20502,-18.25965],[141.20467,-18.25544],[141.2015,-18.25284],[141.19372,-18.25364],[141.18942,-18.24637],[141.19063,-18.23851],[141.18966,-18.23226],[141.18659,-18.22998],[141.18689,-18.22471],[141.18102,-18.21579],[141.18008,-18.21185],[141.17004,-18.20713],[141.16659,-18.20368],[141.16268,-18.20463],[141.15745,-18.19602],[141.14733,-18.19293],[141.14451,-18.19556],[141.13702,-18.18886],[141.13789,-18.17973],[141.14333,-18.16955],[141.14404,-18.16482],[141.14225,-18.16088],[141.14315,-18.15714],[141.1394,-18.14954],[141.13887,-18.14495],[141.13487,-18.13772],[141.13586,-18.13202],[141.13406,-18.12526],[141.13634,-18.12231],[141.14046,-18.11266],[141.14685,-18.11041],[141.19207,-18.1133],[141.19988,-18.01542],[141.28378,-18.02322],[141.28172,-18.04672],[141.39519,-18.0571],[141.40022,-18.00397],[141.39507,-18.00403],[141.3883,-18.00659],[141.39208,-17.94793],[141.39314,-17.93476],[141.46608,-17.93897],[141.46825,-17.91041],[141.30441,-17.89894],[141.31686,-17.73668],[141.32829,-17.73321],[141.33881,-17.74446],[141.34801,-17.74323],[141.3574,-17.74411],[141.35958,-17.74652],[141.35934,-17.75443],[141.36207,-17.75552],[141.37444,-17.75208],[141.38293,-17.75136],[141.39342,-17.75322],[141.39859,-17.75685],[141.4041,-17.76333],[141.41336,-17.76161],[141.42189,-17.75574],[141.43297,-17.74932],[141.43825,-17.6798],[141.37819,-17.6766],[141.38216,-17.60801],[141.40659,-17.60993],[141.41369,-17.53476],[141.42227,-17.4438],[141.57272,-17.4584],[141.5764,-17.42037],[141.72874,-17.43294],[141.72564,-17.46951],[141.83673,-17.48247],[141.78534,-17.42239],[141.89091,-17.3364],[141.89773,-17.33074],[142.01226,-17.47119],[142.05778,-17.43426],[142.17836,-17.56622],[142.26774,-17.49176],[142.26786,-17.48726],[142.26299,-17.48058],[142.259,-17.47125],[142.25246,-17.46576],[142.2514,-17.46283],[142.24469,-17.45787],[142.23857,-17.4574],[142.22957,-17.45166],[142.22545,-17.44558],[142.21722,-17.44183],[142.20597,-17.44234],[142.19333,-17.44048],[142.18431,-17.43788],[142.17502,-17.43241],[142.3406,-17.28622],[142.4016,-17.35525],[142.50109,-17.22673],[142.54069,-17.17551],[142.5351,-17.17682],[142.52195,-17.17525],[142.51962,-17.17166],[142.51298,-17.17045],[142.50831,-17.16214],[142.50527,-17.1605],[142.49356,-17.14887],[142.48696,-17.14579],[142.48591,-17.1423],[142.4742,-17.13651],[142.46728,-17.12898],[142.46674,-17.12618],[142.46166,-17.12229],[142.46232,-17.11823],[142.45884,-17.11608],[142.45593,-17.10832],[142.45135,-17.10584],[142.44517,-17.10503],[142.44017,-17.10124],[142.43591,-17.10084],[142.42874,-17.09601],[142.42751,-17.09233],[142.42143,-17.08743],[142.50804,-16.97215],[142.52305,-16.81143],[142.54674,-16.55774],[142.57951,-16.31412],[142.59615,-16.19065],[142.63723,-16.13241],[142.69899,-16.1732],[142.74223,-16.11201],[142.74232,-16.10952],[142.73462,-16.10247],[142.72247,-16.0891],[142.71095,-16.07936],[142.70608,-16.07403],[142.69862,-16.07041],[142.68839,-16.07042],[142.68011,-16.06947],[142.67181,-16.06648],[142.66031,-16.06084],[142.64881,-16.05012],[142.64121,-16.03796],[142.63652,-16.02794],[142.63093,-16.02059],[142.62198,-16.01691],[142.63054,-15.95452],[142.69584,-15.89653],[142.70634,-15.74766],[142.77008,-15.75244],[142.77982,-15.61313],[142.89043,-15.6196],[142.90311,-15.47468],[142.9596,-15.47932],[142.97235,-15.33307],[142.83924,-15.32366],[142.66737,-15.3114],[142.65173,-15.44304],[142.65006,-15.46049],[142.53509,-15.45009],[142.24008,-15.42313],[142.19267,-15.3476],[142.09313,-15.19024],[142.02454,-15.3788],[142.01895,-15.37951],[142.01228,-15.373],[142.0012,-15.36806],[141.99579,-15.36475],[141.98412,-15.36245],[141.97571,-15.35776],[141.96833,-15.35561],[141.96308,-15.36553],[141.95646,-15.38017],[141.94396,-15.38613],[141.9403,-15.39065],[141.94023,-15.39763],[141.94502,-15.40475],[141.951,-15.40585],[141.95599,-15.41097],[141.95732,-15.41694],[141.96451,-15.41894],[141.96904,-15.42196],[141.97119,-15.42668],[141.98249,-15.43799],[141.98386,-15.44221],[141.99174,-15.44761],[141.99534,-15.45347],[141.97258,-15.56913],[141.79924,-15.55466],[141.63901,-15.54111],[141.62812,-15.54384],[141.62618,-15.54044],[141.61733,-15.53644],[141.60423,-15.5354],[141.59884,-15.52922],[141.59815,-15.52516],[141.59292,-15.52072],[141.58713,-15.52172],[141.58161,-15.51926],[141.57936,-15.52607],[141.5742,-15.52605],[141.56539,-15.53047],[141.5631,-15.53474],[141.55625,-15.5309],[141.5569,-15.52329],[141.55978,-15.51692],[141.55179,-15.51775],[141.55131,-15.5144],[141.55195,-15.51289],[141.54937,-15.51084],[141.54308,-15.51241],[141.53853,-15.51077],[141.53553,-15.50693],[141.53103,-15.50866],[141.53195,-15.51361],[141.52172,-15.51283],[141.52216,-15.52118],[141.52813,-15.52205],[141.5282,-15.52678],[141.52185,-15.52678],[141.51867,-15.52273],[141.51213,-15.51962],[141.50983,-15.52198],[141.5031,-15.51912],[141.50267,-15.51619],[141.50703,-15.51439],[141.5051,-15.50729],[141.50242,-15.50561],[141.49607,-15.51009],[141.49607,-15.51644],[141.49258,-15.51526],[141.49221,-15.50798],[141.49937,-15.50194],[141.50734,-15.49219],[141.50248,-15.49141],[141.49972,-15.48546],[141.49687,-15.48513],[141.49246,-15.48892],[141.49152,-15.49689],[141.48477,-15.49917],[141.47963,-15.5053],[141.47305,-15.52165],[141.46825,-15.53721],[141.4562,-15.58207],[141.4518,-15.60146],[141.44125,-15.645],[141.43622,-15.66119],[141.43555,-15.6684],[141.43055,-15.69522],[141.42651,-15.71193],[141.42525,-15.71976],[141.42345,-15.73955],[141.42033,-15.78259],[141.41987,-15.79315],[141.41644,-15.82638],[141.41575,-15.83775],[141.41276,-15.85537],[141.40931,-15.87129],[141.40306,-15.88686],[141.39646,-15.90016],[141.39757,-15.90963],[141.39276,-15.91315],[141.39044,-15.91236],[141.38428,-15.9154],[141.3792,-15.91964],[141.37996,-15.92567],[141.39267,-15.9512],[141.39513,-15.96019],[141.3949,-15.96581],[141.3971,-15.97147],[141.39962,-15.98424],[141.40391,-15.9964],[141.40623,-16.00859],[141.41056,-16.02445],[141.41258,-16.02728],[141.41816,-16.04046],[141.42472,-16.05159],[141.42752,-16.05396],[141.43057,-16.06177],[141.43295,-16.07271],[141.43007,-16.08572],[141.42175,-16.10515],[141.41237,-16.12277],[141.40042,-16.14366],[141.38875,-16.16015],[141.3873,-16.16342],[141.36791,-16.19258],[141.36632,-16.19572],[141.35401,-16.2139],[141.34809,-16.22613],[141.34587,-16.23566],[141.34847,-16.24289],[141.34619,-16.25697],[141.3425,-16.27554],[141.33683,-16.28924],[141.33647,-16.29354],[141.32658,-16.32418],[141.32675,-16.32777],[141.32112,-16.34562],[141.31838,-16.35236],[141.31291,-16.36085],[141.30634,-16.37453],[141.30133,-16.38277],[141.29952,-16.39344],[141.29651,-16.39722],[141.29129,-16.39914],[141.28821,-16.40816],[141.28799,-16.42161],[141.29106,-16.42745],[141.30005,-16.43724],[141.30568,-16.44915],[141.30775,-16.46508],[141.30704,-16.47354],[141.30442,-16.48426],[141.29305,-16.50458],[141.28956,-16.51333],[141.28282,-16.52747],[141.27458,-16.54332],[141.27428,-16.55276],[141.26994,-16.56028],[141.26392,-16.55334],[141.25947,-16.55299],[141.25006,-16.55925],[141.24443,-16.57161],[141.24387,-16.57527],[141.23848,-16.58036],[141.23578,-16.58687],[141.23458,-16.59807],[141.23122,-16.60823],[141.22705,-16.62516],[141.2233,-16.65212],[141.21796,-16.66669],[141.20587,-16.68798],[141.20445,-16.69199],[141.20034,-16.6954],[141.18446,-16.72066],[141.16246,-16.74638],[141.14327,-16.76658],[141.12882,-16.77976],[141.11069,-16.79394],[141.09837,-16.80028],[141.09671,-16.80781],[141.09135,-16.80877],[141.0848,-16.80592],[141.08232,-16.80702],[141.07798,-16.81964],[141.07939,-16.83242],[141.07347,-16.85286],[141.06485,-16.87024],[141.05424,-16.88625],[141.04244,-16.90291],[141.02737,-16.92166],[141.01122,-16.94072],[140.99605,-16.95417],[140.98419,-16.96314],[140.97416,-16.97309],[140.96432,-16.99122],[140.95889,-16.99848],[140.95241,-17.01548],[140.94756,-17.03505],[140.94689,-17.04059],[140.94857,-17.04691],[140.95149,-17.05065],[140.95111,-17.05956],[140.95408,-17.06553],[140.9558,-17.07852],[140.95525,-17.08621],[140.95693,-17.09106],[140.95389,-17.10023],[140.95531,-17.10486],[140.95322,-17.12205],[140.94912,-17.14535],[140.95023,-17.15181],[140.94721,-17.15555],[140.93939,-17.17448],[140.94043,-17.18461],[140.93945,-17.18658],[140.93197,-17.18999],[140.92468,-17.20041],[140.92526,-17.21329],[140.91721,-17.22501],[140.91379,-17.23225],[140.91039,-17.25045],[140.91001,-17.25963],[140.90809,-17.27859],[140.90512,-17.27979],[140.9047,-17.28634],[140.90708,-17.28877],[140.9028,-17.29728],[140.90046,-17.3045],[140.8993,-17.31448],[140.90032,-17.3235],[140.89371,-17.34299],[140.89349,-17.3493],[140.88957,-17.36062],[140.8884,-17.36794],[140.88397,-17.37591],[140.88742,-17.38231],[140.88155,-17.38345],[140.86603,-17.40583],[140.85842,-17.41558],[140.85492,-17.42193],[140.84765,-17.43219],[140.84535,-17.43802],[140.83526,-17.44768],[140.82731,-17.45845],[140.8284,-17.46534],[140.81202,-17.46485],[140.80252,-17.46777],[140.79018,-17.47291],[140.77009,-17.47803],[140.77009,-17.48193],[140.75944,-17.48768],[140.74419,-17.50176],[140.7403,-17.51049],[140.73724,-17.51457],[140.73329,-17.51615],[140.71657,-17.51284],[140.7108,-17.5097],[140.70234,-17.51798],[140.6894,-17.5247],[140.67502,-17.53415],[140.67331,-17.53708],[140.6557,-17.55546],[140.65287,-17.55536],[140.64431,-17.56465],[140.63044,-17.57476],[140.60621,-17.58886],[140.59931,-17.59232],[140.59363,-17.59783],[140.58353,-17.59833],[140.57228,-17.60217],[140.56605,-17.60268],[140.55976,-17.60572],[140.54466,-17.61915],[140.52549,-17.63004],[140.50675,-17.63652],[140.47918,-17.64487],[140.46798,-17.64478],[140.46221,-17.64887],[140.4543,-17.64618],[140.45179,-17.64214],[140.44627,-17.64603],[140.43447,-17.64981],[140.42643,-17.65703],[140.41367,-17.66414],[140.39259,-17.67493],[140.37821,-17.67971],[140.3643,-17.682],[140.35066,-17.68546],[140.32982,-17.68793],[140.31114,-17.68882],[140.30624,-17.6904],[140.2883,-17.69395],[140.28376,-17.69589],[140.27748,-17.69507],[140.2616,-17.69802],[140.25523,-17.69747],[140.24759,-17.6985],[140.23259,-17.7027],[140.22929,-17.70294],[140.21444,-17.70872],[140.21007,-17.70351],[140.20458,-17.70306],[140.18924,-17.70591],[140.18314,-17.70817],[140.17374,-17.70864],[140.16179,-17.71162],[140.15967,-17.71372],[140.15497,-17.71198],[140.14213,-17.71411],[140.12469,-17.71889],[140.08994,-17.72318],[140.04478,-17.72229],[140.03047,-17.72133],[140.00681,-17.71624],[139.99262,-17.71186],[139.98252,-17.7062],[139.97284,-17.69974],[139.95766,-17.68704],[139.94469,-17.67235],[139.9402,-17.6647],[139.93814,-17.659],[139.93856,-17.64797],[139.93497,-17.64562],[139.94127,-17.63753],[139.9384,-17.63177],[139.92276,-17.62348],[139.91523,-17.62196],[139.9106,-17.61939],[139.89329,-17.61504],[139.8775,-17.60973],[139.84745,-17.59616],[139.84479,-17.59568],[139.84177,-17.60155],[139.84536,-17.60515],[139.83389,-17.60542],[139.83247,-17.60237],[139.83411,-17.59668],[139.83814,-17.59333],[139.8379,-17.58723],[139.82801,-17.57853],[139.82624,-17.57378],[139.82177,-17.57062],[139.81646,-17.57061],[139.81139,-17.57423],[139.80893,-17.57809],[139.80427,-17.57831],[139.79937,-17.57591],[139.79379,-17.57943],[139.78967,-17.59474],[139.79015,-17.59943],[139.79474,-17.6045],[139.80387,-17.60814],[139.81208,-17.61297],[139.81734,-17.61978],[139.81925,-17.62824],[139.81862,-17.6371],[139.81458,-17.64407],[139.80716,-17.64556],[139.80035,-17.64027],[139.79487,-17.64056],[139.78927,-17.64326],[139.78242,-17.64322],[139.77648,-17.64472],[139.77553,-17.6504],[139.7804,-17.65535],[139.7893,-17.65595],[139.79166,-17.66089],[139.78718,-17.666],[139.78657,-17.67155],[139.7924,-17.67641],[139.80419,-17.67761],[139.81485,-17.68305],[139.81746,-17.6895],[139.81696,-17.69769],[139.81265,-17.70247],[139.80425,-17.70172],[139.7957,-17.69106],[139.78797,-17.68903],[139.7828,-17.69006],[139.7793,-17.69442],[139.77641,-17.70762],[139.77726,-17.71286],[139.78226,-17.71551],[139.78906,-17.71237],[139.79356,-17.71247],[139.79811,-17.71631],[139.79947,-17.72204],[139.79687,-17.72542],[139.78602,-17.72649],[139.78365,-17.72795],[139.77703,-17.73654],[139.77433,-17.74232],[139.77288,-17.74945],[139.7744,-17.75405],[139.78467,-17.76224],[139.78359,-17.76945],[139.77718,-17.77937],[139.77537,-17.78523],[139.77098,-17.78958],[139.76307,-17.79194],[139.75706,-17.7967],[139.75185,-17.80381],[139.75212,-17.80706],[139.76101,-17.81235],[139.76334,-17.81802],[139.76322,-17.82417],[139.75875,-17.83071],[139.74986,-17.83447],[139.74464,-17.84243],[139.74637,-17.84866],[139.75592,-17.85572],[139.76734,-17.8584],[139.77282,-17.86572],[139.77209,-17.87561],[139.76739,-17.88244],[139.75668,-17.89453],[139.75263,-17.90348],[139.75087,-17.91216],[139.75261,-17.91634],[139.75878,-17.92147],[139.76665,-17.92],[139.77298,-17.91248],[139.77791,-17.90933],[139.7836,-17.90904],[139.79358,-17.91303],[139.80089,-17.91742],[139.80631,-17.92417],[139.81208,-17.92809],[139.81733,-17.93371],[139.81722,-17.93837],[139.81185,-17.9465],[139.807,-17.94806],[139.79773,-17.94882],[139.79247,-17.94617],[139.78936,-17.94082],[139.78436,-17.93859],[139.77821,-17.94174],[139.77433,-17.95203],[139.77793,-17.95485],[139.78657,-17.95589],[139.80637,-17.97036],[139.8143,-17.97716],[139.81583,-17.98155],[139.81333,-17.99027],[139.81371,-17.99469],[139.81786,-18.00393],[139.8193,-18.01384],[139.81912,-18.03002],[139.81728,-18.04044],[139.81494,-18.04802],[139.81495,-18.05749],[139.82323,-18.07253],[139.8316,-18.08089],[139.83684,-18.08462],[139.84585,-18.08919],[139.84655,-18.09257],[139.84534,-18.10945],[139.84641,-18.11667],[139.85307,-18.12409],[139.86345,-18.13288],[139.87398,-18.13994],[139.87931,-18.14576],[139.8863,-18.15586],[139.88665,-18.1605],[139.88133,-18.17026],[139.88054,-18.17462],[139.88551,-18.18315],[139.89306,-18.19062],[139.89404,-18.19607],[139.89131,-18.20638],[139.8879,-18.21443],[139.88427,-18.21751],[139.87777,-18.2186],[139.87699,-18.22488],[139.87987,-18.22745],[139.8802,-18.23765],[139.88498,-18.24718],[139.8832,-18.25477],[139.87631,-18.2646],[139.87543,-18.26937],[139.87655,-18.27729],[139.88019,-18.28478],[139.87575,-18.29566],[139.87852,-18.30571],[139.87538,-18.31161],[139.87036,-18.31669],[139.86785,-18.32172],[139.86849,-18.33176],[139.87587,-18.33638],[139.87727,-18.33928],[139.87676,-18.34747],[139.87995,-18.35361],[139.87905,-18.36006],[139.87553,-18.36674],[139.87317,-18.37907],[139.87725,-18.38571],[139.87549,-18.40414],[139.87772,-18.41419],[139.87775,-18.42015],[139.87486,-18.43378],[139.8752,-18.44512],[139.87248,-18.45852],[139.86262,-18.45865],[139.85898,-18.46342],[139.8593,-18.46656],[139.86655,-18.4763],[139.86632,-18.48258],[139.86736,-18.495],[139.86491,-18.50202],[139.85319,-18.51474],[139.85227,-18.51872],[139.84748,-18.52371],[139.85065,-18.52682],[139.85111,-18.53094],[139.848,-18.541],[139.84399,-18.54534],[139.84268,-18.5577],[139.84607,-18.56517],[139.84483,-18.57407],[139.83969,-18.58542],[139.83481,-18.5942],[139.81874,-18.6084],[139.80556,-18.62387],[139.80425,-18.62836],[139.80592,-18.63578],[139.80466,-18.64045],[139.79246,-18.64853],[139.78683,-18.65909],[139.7751,-18.66847],[139.77454,-18.67642],[139.77148,-18.68465],[139.76475,-18.68876],[139.76216,-18.69208],[139.76382,-18.69867],[139.78096,-18.71133],[139.78422,-18.71643],[139.78295,-18.72483],[139.77908,-18.73196],[139.77817,-18.73746],[139.77952,-18.74506],[139.77628,-18.74958],[139.76815,-18.75276],[139.7636,-18.758],[139.76452,-18.76281],[139.77429,-18.76798],[139.7798,-18.77416],[139.78026,-18.77727],[139.77731,-18.78788],[139.77795,-18.79792],[139.78271,-18.80615],[139.79192,-18.80978],[139.79236,-18.81486],[139.7849,-18.82235],[139.7837,-18.82648],[139.7861,-18.83037],[139.79085,-18.83148],[139.80058,-18.82917],[139.80432,-18.8307],[139.80471,-18.83436],[139.7975,-18.84092],[139.797,-18.8454],[139.80142,-18.84879],[139.80967,-18.85112],[139.81916,-18.86102],[139.82236,-18.86842],[139.82307,-18.87641],[139.8199,-18.88373],[139.81593,-18.88526],[139.80784,-18.88333],[139.80363,-18.88581],[139.80513,-18.89459],[139.81527,-18.90879],[139.82378,-18.9151],[139.8245,-18.91693],[139.82342,-18.92837],[139.82571,-18.93418],[139.82919,-18.93592],[139.83928,-18.93731],[139.84511,-18.94044],[139.85091,-18.94591],[139.85754,-18.95813],[139.85904,-18.96815],[139.86905,-18.97467],[139.87638,-18.97606],[139.88441,-18.96752],[139.88933,-18.96817],[139.89022,-18.98015],[139.88604,-18.98857],[139.88059,-18.99599],[139.88338,-19.00069],[139.89166,-19.00588],[139.89833,-19.01137],[139.90337,-19.01732],[139.90988,-19.02258],[139.91155,-19.02644]]],[[[142.11331,-15.01005],[142.11084,-15.00897],[142.10438,-15.01875],[142.09306,-15.03134],[142.09269,-15.03564],[142.08637,-15.04331],[142.0866,-15.04532],[142.08154,-15.0504],[142.05954,-15.06237],[142.05942,-15.06782],[142.04697,-15.07056],[142.04318,-15.07365],[142.03717,-15.07061],[142.03101,-15.07279],[142.0229,-15.0778],[142.01823,-15.07827],[142.00362,-15.08783],[141.99556,-15.08695],[141.99282,-15.08431],[141.98472,-15.08858],[141.97418,-15.08823],[141.96885,-15.0916],[141.96289,-15.09316],[141.95818,-15.09237],[141.95491,-15.09506],[141.94668,-15.09832],[141.93387,-15.11362],[141.9296,-15.11422],[141.92557,-15.11094],[141.91922,-15.10993],[141.91429,-15.11083],[141.91241,-15.11466],[141.90382,-15.11594],[141.89732,-15.11413],[141.89178,-15.11575],[141.88389,-15.12074],[141.87939,-15.11946],[141.87291,-15.1229],[141.87109,-15.12557],[141.86628,-15.12431],[141.85817,-15.12584],[141.85248,-15.12574],[141.84961,-15.12685],[141.84325,-15.12543],[141.83679,-15.12995],[141.83174,-15.1312],[141.82326,-15.13556],[141.8187,-15.13183],[141.80466,-15.13681],[141.80487,-15.13999],[141.7863,-15.14461],[141.78398,-15.14046],[141.77923,-15.13929],[141.77476,-15.14105],[141.77104,-15.13956],[141.76567,-15.1407],[141.76299,-15.13677],[141.7561,-15.13594],[141.75428,-15.14077],[141.74238,-15.13877],[141.73882,-15.14072],[141.73214,-15.14168],[141.72839,-15.13885],[141.72424,-15.1391],[141.72175,-15.12692],[141.72521,-15.11978],[141.71971,-15.11671],[141.71486,-15.12083],[141.71013,-15.11818],[141.71246,-15.11436],[141.71944,-15.11563],[141.72082,-15.11023],[141.71849,-15.10771],[141.7137,-15.10725],[141.71015,-15.10996],[141.70609,-15.10567],[141.69633,-15.09865],[141.69028,-15.09998],[141.68668,-15.10387],[141.68472,-15.10962],[141.67391,-15.10996],[141.67067,-15.10356],[141.66327,-15.0957],[141.65132,-15.08151],[141.65066,-15.06891],[141.64536,-15.07043],[141.64336,-15.07885],[141.64452,-15.08366],[141.64931,-15.08999],[141.65487,-15.09203],[141.66664,-15.10232],[141.67421,-15.11182],[141.68601,-15.11032],[141.68843,-15.10418],[141.69292,-15.1007],[141.6969,-15.10054],[141.70068,-15.10397],[141.70148,-15.10938],[141.70645,-15.1078],[141.70983,-15.11237],[141.70999,-15.1205],[141.71386,-15.12219],[141.71949,-15.12142],[141.7207,-15.12453],[141.71739,-15.12705],[141.72041,-15.13021],[141.72323,-15.13971],[141.7306,-15.14225],[141.73108,-15.14522],[141.73823,-15.14564],[141.74124,-15.14985],[141.74657,-15.14894],[141.74595,-15.14215],[141.75352,-15.14491],[141.75836,-15.13971],[141.76426,-15.14051],[141.76835,-15.14273],[141.77306,-15.14051],[141.77505,-15.14208],[141.77761,-15.13998],[141.7827,-15.14067],[141.78653,-15.14602],[141.79518,-15.14438],[141.80535,-15.14091],[141.80502,-15.13781],[141.81156,-15.13454],[141.81866,-15.13256],[141.82328,-15.13645],[141.83668,-15.13064],[141.84356,-15.12668],[141.84824,-15.12737],[141.85172,-15.12615],[141.86024,-15.1273],[141.86621,-15.12461],[141.87146,-15.12621],[141.87473,-15.12233],[141.88016,-15.11998],[141.88371,-15.12143],[141.89191,-15.11628],[141.89695,-15.11498],[141.89965,-15.11637],[141.91281,-15.11574],[141.91385,-15.11218],[141.92018,-15.11052],[141.92527,-15.11131],[141.92821,-15.11483],[141.93431,-15.11403],[141.94077,-15.1065],[141.94571,-15.10671],[141.95606,-15.10495],[141.96111,-15.10131],[141.96662,-15.09955],[141.97079,-15.09632],[141.97753,-15.09409],[141.98335,-15.0894],[141.98978,-15.08626],[141.99548,-15.09251],[142.00076,-15.09398],[142.01238,-15.09139],[142.01461,-15.08787],[142.01836,-15.08717],[142.02476,-15.08177],[142.03074,-15.08119],[142.03532,-15.07814],[142.03931,-15.07872],[142.04823,-15.0769],[142.05274,-15.07749],[142.05732,-15.07121],[142.06407,-15.06893],[142.0706,-15.06051],[142.07459,-15.05816],[142.07891,-15.05819],[142.08659,-15.04739],[142.09888,-15.03974],[142.09935,-15.03364],[142.1139,-15.02003],[142.11202,-15.01639],[142.11331,-15.01005]]]]},"properties":{"LGA Code":"2250","Abbreviated Name":"Carpentaria","LGA Name":"Carpentaria Shire","Area Sq Km":64182.80075,"LDMG Name":"Carpentaria","Police Region Name":"Northern Region","Police Region Code":"NR","Police Region Short Name":"Northern"}},{"type":"Feature","geometry":{"type":"Polygon","coordinates":[[[146.03082,-22.10424],[146.03949,-22.02334],[146.06688,-22.02656],[146.07207,-21.99739],[146.12317,-22.00124],[146.2015,-22.00762],[146.20232,-22.00093],[146.2107,-21.91486],[146.21259,-21.90065],[146.14887,-21.89667],[146.12612,-21.89465],[146.11055,-21.89424],[146.12675,-21.81326],[146.06924,-21.80875],[146.07645,-21.71411],[146.08437,-21.61014],[146.08517,-21.59835],[146.09345,-21.50993],[146.1323,-21.51402],[146.15052,-21.50004],[146.3467,-21.51811],[146.34094,-21.5702],[146.39736,-21.66332],[146.44653,-21.66809],[146.4838,-21.68056],[146.4872,-21.65006],[146.48829,-21.64728],[146.49012,-21.62013],[146.49273,-21.58881],[146.48995,-21.58675],[146.49212,-21.56697],[146.65651,-21.58261],[146.64731,-21.59574],[146.65113,-21.59685],[146.65255,-21.60441],[146.7535,-21.63583],[146.8324,-21.64314],[146.83444,-21.64255],[146.83699,-21.63608],[146.83467,-21.63203],[146.83661,-21.62292],[146.83414,-21.61797],[146.83511,-21.61418],[146.8328,-21.60515],[146.83858,-21.58474],[146.83506,-21.57945],[146.83543,-21.57356],[146.84723,-21.5609],[146.84944,-21.55383],[146.8492,-21.54823],[146.85652,-21.54083],[146.86117,-21.53322],[146.86645,-21.5309],[146.87039,-21.52622],[146.86908,-21.51932],[146.86633,-21.51377],[146.86662,-21.51046],[146.87218,-21.50467],[146.87712,-21.49565],[146.88413,-21.48783],[146.90392,-21.46922],[146.90742,-21.46596],[146.90895,-21.4593],[146.91182,-21.45383],[146.90975,-21.44113],[146.90496,-21.43627],[146.89845,-21.43475],[146.89591,-21.42477],[146.8912,-21.42168],[146.88222,-21.41109],[146.87532,-21.39306],[146.87565,-21.38252],[146.88225,-21.37326],[146.87884,-21.37086],[146.88279,-21.36211],[146.89534,-21.35722],[146.90464,-21.35031],[146.9057,-21.34522],[146.90926,-21.3408],[146.9109,-21.33472],[146.91784,-21.32544],[146.92859,-21.32167],[146.93421,-21.31534],[146.94668,-21.3045],[146.95661,-21.30203],[146.96328,-21.29474],[146.96613,-21.27873],[146.96558,-21.27483],[146.95975,-21.26259],[146.96051,-21.25208],[146.95707,-21.24687],[146.94973,-21.23957],[146.93204,-21.23841],[146.92659,-21.23215],[146.91502,-21.22683],[146.90701,-21.22421],[146.89656,-21.2239],[146.89089,-21.22181],[146.88566,-21.21773],[146.87388,-21.20364],[146.867,-21.19388],[146.86591,-21.18814],[146.86801,-21.18344],[146.88222,-21.17332],[146.88262,-21.17028],[146.87409,-21.16151],[146.87203,-21.15093],[146.86264,-21.13777],[146.86183,-21.13336],[146.86172,-21.11888],[146.8595,-21.11488],[146.85319,-21.10814],[146.84881,-21.10093],[146.85212,-21.09455],[146.85485,-21.08452],[146.85551,-21.07753],[146.8537,-21.07249],[146.86116,-21.06417],[146.86107,-21.05897],[146.86305,-21.0479],[146.85986,-21.04087],[146.86036,-21.03118],[146.86381,-21.02518],[146.86914,-21.02079],[146.88229,-21.00582],[146.88368,-20.9976],[146.8793,-20.99294],[146.87643,-20.98667],[146.87644,-20.97801],[146.87333,-20.96946],[146.86689,-20.95518],[146.86598,-20.94652],[146.86355,-20.93858],[146.85641,-20.92671],[146.85347,-20.91919],[146.85421,-20.91207],[146.86306,-20.90219],[146.86223,-20.89507],[146.86596,-20.88597],[146.8564,-20.87112],[146.85621,-20.86774],[146.86105,-20.85999],[146.86281,-20.84729],[146.85835,-20.83664],[146.85804,-20.83067],[146.85347,-20.8209],[146.85223,-20.81132],[146.85619,-20.8035],[146.8616,-20.79647],[146.86592,-20.79689],[146.87135,-20.80174],[146.87623,-20.80123],[146.88818,-20.79129],[146.90121,-20.79028],[146.9099,-20.78671],[146.91367,-20.78078],[146.91549,-20.77469],[146.91705,-20.76153],[146.92042,-20.75739],[146.92741,-20.7552],[146.93907,-20.75399],[146.94399,-20.75204],[146.96013,-20.74181],[146.96207,-20.73836],[146.96229,-20.72923],[146.96488,-20.72131],[146.96561,-20.71443],[146.96454,-20.70225],[146.96087,-20.68866],[146.96131,-20.6844],[146.96485,-20.67604],[146.97584,-20.67361],[146.98274,-20.66935],[146.98555,-20.66488],[146.98576,-20.65839],[146.97951,-20.64926],[146.97325,-20.6347],[146.97207,-20.62933],[146.97266,-20.62358],[146.97601,-20.61968],[147.00222,-20.60931],[147.0119,-20.60605],[147.01647,-20.60656],[147.02122,-20.60948],[147.02238,-20.61673],[147.02442,-20.62083],[147.03081,-20.6263],[147.03633,-20.6293],[147.04272,-20.63094],[147.04824,-20.63039],[147.05201,-20.62711],[147.05811,-20.62574],[147.06218,-20.62711],[147.06625,-20.6323],[147.07328,-20.64888],[147.08053,-20.65327],[147.08637,-20.65217],[147.09716,-20.64206],[147.10571,-20.63677],[147.11178,-20.63585],[147.12421,-20.63768],[147.13312,-20.64105],[147.14863,-20.65182],[147.15612,-20.65171],[147.15949,-20.64919],[147.16313,-20.64303],[147.16463,-20.63517],[147.17101,-20.62422],[147.17802,-20.61858],[147.17873,-20.60644],[147.18409,-20.60223],[147.18608,-20.60391],[147.19378,-20.59911],[147.19625,-20.59377],[147.20955,-20.5871],[147.21456,-20.57673],[147.22249,-20.57651],[147.22798,-20.58144],[147.23459,-20.58404],[147.24138,-20.58444],[147.25132,-20.5729],[147.25796,-20.56699],[147.26406,-20.55981],[147.26702,-20.55793],[147.2745,-20.55723],[147.27954,-20.55238],[147.27987,-20.54398],[147.28315,-20.53632],[147.28482,-20.52457],[147.28845,-20.5178],[147.29925,-20.50804],[147.30104,-20.50379],[147.30093,-20.49725],[147.29168,-20.48012],[147.29055,-20.47271],[147.2945,-20.45652],[147.29783,-20.44742],[147.30054,-20.44417],[147.30858,-20.43835],[147.31987,-20.43343],[147.33082,-20.43076],[147.33882,-20.42691],[147.3424,-20.42196],[147.34502,-20.41332],[147.34773,-20.39679],[147.34406,-20.39672],[147.3049,-20.39246],[147.21696,-20.38355],[147.20669,-20.37481],[147.20377,-20.37605],[147.19904,-20.37241],[147.19509,-20.37177],[147.19405,-20.36699],[147.19514,-20.36085],[147.20174,-20.35844],[147.19353,-20.34985],[147.19265,-20.34193],[147.19108,-20.33963],[147.18207,-20.33368],[147.18294,-20.32879],[147.17939,-20.32322],[147.18081,-20.32015],[147.17514,-20.30942],[147.15974,-20.29744],[147.15822,-20.29788],[147.15233,-20.28568],[147.14544,-20.2835],[147.14368,-20.2775],[147.13724,-20.2734],[147.12988,-20.27242],[147.12853,-20.26879],[147.11997,-20.26341],[147.11083,-20.26459],[147.11139,-20.25751],[147.10888,-20.25355],[147.11319,-20.25104],[147.11367,-20.24521],[147.116,-20.23885],[147.11369,-20.23388],[147.10693,-20.23264],[147.10878,-20.22664],[147.10254,-20.21929],[147.10689,-20.21449],[147.10705,-20.20684],[147.09874,-20.20006],[147.09458,-20.20114],[147.08814,-20.20023],[147.08503,-20.19787],[147.07902,-20.18997],[147.07423,-20.18769],[147.06697,-20.18639],[147.06529,-20.18163],[147.06165,-20.17817],[147.0558,-20.17923],[147.05209,-20.17702],[147.05044,-20.17164],[147.0471,-20.17047],[147.04494,-20.1763],[147.0396,-20.17842],[147.03247,-20.18621],[147.02394,-20.18603],[147.02272,-20.18192],[147.0184,-20.1805],[147.01664,-20.18615],[147.01318,-20.18779],[147.01139,-20.19251],[147.00256,-20.19495],[147.0009,-20.19052],[146.99551,-20.18865],[146.99584,-20.18605],[147.00311,-20.18276],[147.00408,-20.17834],[147.00183,-20.17451],[147.00396,-20.16769],[147.00163,-20.16471],[147.00679,-20.16001],[147.01173,-20.159],[147.0147,-20.15614],[147.01675,-20.15058],[147.01501,-20.14252],[147.01441,-20.14212],[147.00874,-20.13957],[147.00458,-20.14053],[146.99824,-20.13814],[146.99471,-20.13114],[146.98849,-20.13332],[146.98401,-20.12792],[146.97404,-20.12276],[146.97349,-20.11704],[146.96888,-20.10879],[146.96819,-20.10383],[146.96397,-20.09982],[146.96388,-20.09296],[146.95664,-20.08699],[146.94792,-20.0862],[146.94504,-20.08413],[146.93981,-20.08459],[146.93452,-20.08283],[146.93707,-20.07578],[146.93383,-20.07118],[146.92789,-20.07145],[146.92323,-20.06883],[146.92109,-20.07123],[146.91053,-20.07035],[146.90589,-20.06662],[146.90176,-20.06657],[146.90249,-20.05721],[146.90445,-20.05444],[146.90167,-20.04784],[146.89322,-20.04049],[146.88242,-20.03552],[146.88762,-20.02718],[146.88641,-20.02223],[146.88969,-20.01446],[146.89927,-20.01094],[146.90526,-20.01377],[146.90787,-20.01322],[146.91507,-19.99902],[146.92142,-19.99547],[146.91922,-19.98984],[146.92227,-19.98499],[146.92109,-19.98181],[146.9246,-19.97811],[146.92788,-19.97837],[146.93209,-19.97368],[146.93075,-19.97127],[146.92547,-19.97151],[146.92393,-19.96531],[146.91773,-19.96174],[146.91306,-19.95474],[146.91208,-19.95056],[146.91342,-19.94147],[146.90779,-19.93996],[146.90458,-19.93671],[146.905,-19.92918],[146.89668,-19.91823],[146.88847,-19.91171],[146.89143,-19.90932],[146.89033,-19.90473],[146.88434,-19.90277],[146.88148,-19.89877],[146.88394,-19.89407],[146.91629,-19.8975],[146.9172,-19.88957],[146.92039,-19.88066],[146.92863,-19.86669],[146.92276,-19.85894],[146.92735,-19.82873],[146.92668,-19.80889],[146.92802,-19.79573],[146.9302,-19.78311],[146.92086,-19.78307],[146.90537,-19.77173],[146.89451,-19.768],[146.88449,-19.76826],[146.87628,-19.76387],[146.86961,-19.76227],[146.8644,-19.75936],[146.84931,-19.75572],[146.83821,-19.75817],[146.83309,-19.7582],[146.8339,-19.74557],[146.83891,-19.73021],[146.84262,-19.72106],[146.79661,-19.71592],[146.72231,-19.70855],[146.62796,-19.69726],[146.53956,-19.68664],[146.54571,-19.68302],[146.55539,-19.68126],[146.55731,-19.67808],[146.55183,-19.6707],[146.55199,-19.66684],[146.55569,-19.66159],[146.55924,-19.65252],[146.55503,-19.65089],[146.55374,-19.64592],[146.5568,-19.63198],[146.55367,-19.62492],[146.55616,-19.6173],[146.5556,-19.61389],[146.54849,-19.60172],[146.54363,-19.59989],[146.5411,-19.59513],[146.54345,-19.5922],[146.53833,-19.58303],[146.54534,-19.57772],[146.5475,-19.5722],[146.54134,-19.5697],[146.541,-19.55567],[146.54354,-19.55082],[146.54995,-19.54572],[146.5529,-19.54566],[146.55447,-19.54115],[146.55758,-19.53966],[146.56108,-19.53408],[146.55826,-19.52963],[146.56168,-19.52379],[146.56647,-19.52208],[146.57395,-19.5131],[146.58088,-19.51349],[146.5859,-19.50919],[146.58043,-19.50394],[146.57932,-19.50008],[146.58033,-19.47463],[146.57731,-19.46326],[146.57511,-19.45938],[146.56291,-19.44868],[146.56103,-19.44366],[146.56686,-19.43862],[146.56498,-19.4297],[146.56102,-19.42249],[146.56137,-19.41579],[146.5658,-19.41492],[146.56179,-19.40909],[146.5638,-19.40571],[146.56249,-19.40057],[146.55498,-19.40312],[146.55529,-19.40799],[146.55817,-19.41042],[146.55282,-19.41574],[146.54584,-19.41127],[146.54377,-19.4065],[146.53985,-19.40583],[146.53883,-19.40016],[146.53487,-19.39537],[146.52853,-19.39392],[146.52515,-19.40263],[146.52182,-19.40036],[146.51694,-19.4021],[146.51593,-19.3923],[146.5125,-19.38886],[146.50482,-19.38759],[146.50227,-19.37846],[146.48912,-19.37402],[146.48478,-19.378],[146.48052,-19.37442],[146.47003,-19.3736],[146.46518,-19.363],[146.4651,-19.35856],[146.45919,-19.35514],[146.46184,-19.34955],[146.46171,-19.34236],[146.45734,-19.34175],[146.45404,-19.33826],[146.44466,-19.33572],[146.44434,-19.32964],[146.44884,-19.32785],[146.45962,-19.31902],[146.45499,-19.3177],[146.45055,-19.31319],[146.44586,-19.3128],[146.44382,-19.31015],[146.44389,-19.30347],[146.43701,-19.29941],[146.42553,-19.29989],[146.42418,-19.29395],[146.42498,-19.28949],[146.42196,-19.28752],[146.41746,-19.28834],[146.41428,-19.29305],[146.40484,-19.29084],[146.41034,-19.28235],[146.42137,-19.27882],[146.42623,-19.27403],[146.42057,-19.26997],[146.41515,-19.26811],[146.41326,-19.26253],[146.40194,-19.25336],[146.40263,-19.24897],[146.40694,-19.24423],[146.40149,-19.23734],[146.40413,-19.23016],[146.40839,-19.22958],[146.41516,-19.22584],[146.42104,-19.22079],[146.42136,-19.21092],[146.41713,-19.2085],[146.4134,-19.1961],[146.40918,-19.19339],[146.40312,-19.19231],[146.40205,-19.18769],[146.39449,-19.18637],[146.39465,-19.17626],[146.39256,-19.17093],[146.38446,-19.16396],[146.39205,-19.15648],[146.39603,-19.15566],[146.39509,-19.14963],[146.38764,-19.1452],[146.38648,-19.14023],[146.38118,-19.13484],[146.37851,-19.12587],[146.37359,-19.1203],[146.355,-19.11748],[146.35272,-19.12008],[146.34682,-19.11932],[146.34233,-19.12235],[146.33942,-19.11761],[146.33625,-19.11706],[146.33228,-19.12334],[146.32453,-19.12405],[146.3187,-19.11251],[146.31071,-19.10866],[146.31332,-19.10296],[146.31247,-19.09558],[146.30893,-19.09065],[146.30646,-19.08424],[146.29879,-19.07549],[146.30032,-19.07187],[146.29087,-19.06843],[146.27973,-19.0608],[146.2759,-19.05216],[146.26913,-19.046],[146.25253,-19.04484],[146.24724,-19.04365],[146.23826,-19.04589],[146.23657,-19.04191],[146.24087,-19.03962],[146.24397,-19.03487],[146.24109,-19.03016],[146.24772,-19.02439],[146.23867,-19.01949],[146.23877,-19.01322],[146.23119,-19.01373],[146.22621,-19.01129],[146.21683,-19.01055],[146.21639,-19.01386],[146.19925,-19.0143],[146.19954,-19.01042],[146.19342,-19.00838],[146.18817,-19.01086],[146.18443,-19.00959],[146.18239,-19.01343],[146.1747,-19.01294],[146.14745,-18.9588],[146.1446,-18.9504],[146.14691,-18.94083],[146.15779,-18.93613],[146.16711,-18.93552],[146.1671,-18.93292],[146.15989,-18.9288],[146.15417,-18.9229],[146.15009,-18.92734],[146.14293,-18.92665],[146.14048,-18.9234],[146.12635,-18.92355],[146.12129,-18.9251],[146.11434,-18.92953],[146.11155,-18.93312],[146.10348,-18.9307],[146.09509,-18.92447],[146.0932,-18.92159],[146.08887,-18.92398],[146.08255,-18.92124],[146.07853,-18.91462],[146.07452,-18.91355],[146.0706,-18.90769],[146.06311,-18.90518],[146.06163,-18.90943],[146.0553,-18.91124],[146.05282,-18.91663],[146.04687,-18.91635],[146.04256,-18.91907],[146.03337,-18.91446],[146.02867,-18.91086],[146.02714,-18.9167],[146.02321,-18.91924],[146.01598,-18.91501],[146.01043,-18.90645],[146.00194,-18.90374],[146.00533,-18.89957],[146.00704,-18.89363],[146.00778,-18.8852],[145.99936,-18.87791],[145.99088,-18.88294],[145.97702,-18.87786],[145.96565,-18.87957],[145.95892,-18.87169],[145.95978,-18.86755],[145.95627,-18.86514],[145.94762,-18.86345],[145.94132,-18.85945],[145.93786,-18.86047],[145.93544,-18.88289],[145.86472,-18.87582],[145.86578,-18.86257],[145.8563,-18.86521],[145.85306,-18.86857],[145.84776,-18.86414],[145.83796,-18.86128],[145.83769,-18.85584],[145.83329,-18.848],[145.82964,-18.84938],[145.82575,-18.8449],[145.81974,-18.84228],[145.81512,-18.84443],[145.79662,-18.84304],[145.79757,-18.83144],[145.79413,-18.83021],[145.79124,-18.82574],[145.78537,-18.82064],[145.77891,-18.82066],[145.77521,-18.81724],[145.77717,-18.80637],[145.78313,-18.80662],[145.79103,-18.80386],[145.79062,-18.79955],[145.79283,-18.77888],[145.80159,-18.77851],[145.80279,-18.77074],[145.79927,-18.76463],[145.79581,-18.76426],[145.79216,-18.76068],[145.79582,-18.75489],[145.79576,-18.75097],[145.80172,-18.74932],[145.81615,-18.61902],[145.80556,-18.61795],[145.80574,-18.61195],[145.80201,-18.60751],[145.79222,-18.60652],[145.79561,-18.57725],[145.81057,-18.57871],[145.80979,-18.58594],[145.83236,-18.59865],[145.8441,-18.59246],[145.8338,-18.57679],[145.83347,-18.56762],[145.82587,-18.56319],[145.82524,-18.56058],[145.81951,-18.55725],[145.81874,-18.55426],[145.8142,-18.55162],[145.81104,-18.5438],[145.81475,-18.53584],[145.81361,-18.53083],[145.79084,-18.50076],[145.77186,-18.52409],[145.75967,-18.51518],[145.77896,-18.49196],[145.74439,-18.46664],[145.74485,-18.46194],[145.74118,-18.46161],[145.73783,-18.45281],[145.73612,-18.45731],[145.72924,-18.4535],[145.73239,-18.46174],[145.72806,-18.46594],[145.71505,-18.46837],[145.70806,-18.47088],[145.71432,-18.48025],[145.71632,-18.48838],[145.62381,-18.47699],[145.50125,-18.46185],[145.49453,-18.57643],[145.39004,-18.56504],[145.38346,-18.57021],[145.35726,-18.53573],[145.2968,-18.46403],[145.30175,-18.45518],[145.27917,-18.43953],[145.28645,-18.42998],[145.25994,-18.42732],[145.26788,-18.35502],[145.19522,-18.34774],[145.19443,-18.34949],[145.16663,-18.3467],[145.15889,-18.35235],[145.15578,-18.36452],[145.14829,-18.36446],[145.14014,-18.35791],[145.1376,-18.36247],[145.13443,-18.36199],[145.13237,-18.37146],[145.13518,-18.37598],[145.13297,-18.37813],[145.13444,-18.38523],[145.13861,-18.39017],[145.14327,-18.39069],[145.14962,-18.39385],[145.16134,-18.39083],[145.16371,-18.39573],[145.16123,-18.39832],[145.1617,-18.40646],[145.1642,-18.41495],[145.17206,-18.42331],[145.17747,-18.42505],[145.1832,-18.4313],[145.17997,-18.44661],[145.18231,-18.44917],[145.182,-18.47246],[145.18569,-18.48022],[145.17809,-18.47949],[145.17207,-18.48836],[145.17381,-18.49376],[145.18417,-18.49478],[145.18252,-18.51057],[145.17744,-18.5113],[145.17262,-18.51685],[145.17184,-18.52079],[145.15957,-18.53485],[145.15737,-18.53832],[145.15674,-18.54548],[145.14863,-18.55296],[145.14039,-18.56558],[145.14068,-18.57269],[145.13543,-18.5747],[145.13076,-18.573],[145.13355,-18.56907],[145.13345,-18.56429],[145.12768,-18.55751],[145.11991,-18.55582],[145.11585,-18.55742],[145.10753,-18.56379],[145.10113,-18.56674],[145.09055,-18.56613],[145.08582,-18.5598],[145.07985,-18.56061],[145.07596,-18.55462],[145.06855,-18.55361],[145.06353,-18.55453],[145.05341,-18.54877],[145.05508,-18.53971],[145.05184,-18.5361],[145.05265,-18.53052],[145.05054,-18.52864],[145.05108,-18.51743],[145.04674,-18.51322],[144.98099,-18.50695],[144.98217,-18.49855],[144.98119,-18.49361],[144.97664,-18.49211],[144.97369,-18.48334],[144.97149,-18.47227],[144.96832,-18.46955],[144.96302,-18.4732],[144.96451,-18.48152],[144.96064,-18.4861],[144.95618,-18.48189],[144.95486,-18.47527],[144.9514,-18.47732],[144.95324,-18.48208],[144.95139,-18.48927],[144.94689,-18.49767],[144.95117,-18.50415],[144.92175,-18.50132],[144.92242,-18.50499],[144.92022,-18.51285],[144.92062,-18.51878],[144.92406,-18.52276],[144.87821,-18.51789],[144.88043,-18.49734],[144.83671,-18.49312],[144.84135,-18.45244],[144.83754,-18.44002],[144.84463,-18.40799],[144.85162,-18.39997],[144.85519,-18.36951],[144.84957,-18.36957],[144.84348,-18.37176],[144.83462,-18.3688],[144.82243,-18.36905],[144.81718,-18.37172],[144.7998,-18.35918],[144.78015,-18.35793],[144.77407,-18.35879],[144.77121,-18.3575],[144.76037,-18.35636],[144.74731,-18.33048],[144.74632,-18.32666],[144.74114,-18.31745],[144.67774,-18.31095],[144.67615,-18.42342],[144.65997,-18.56861],[144.65163,-18.62655],[144.76415,-18.63845],[144.78709,-18.66127],[144.7417,-18.70266],[144.74688,-18.70752],[144.74389,-18.71247],[144.74516,-18.72185],[144.75096,-18.72506],[144.75562,-18.72525],[144.758,-18.72853],[144.76545,-18.72855],[144.77253,-18.73661],[144.77754,-18.74068],[144.78675,-18.73398],[144.79205,-18.73319],[144.80248,-18.74437],[144.80163,-18.7509],[144.80591,-18.75231],[144.80676,-18.75727],[144.80463,-18.76174],[144.80756,-18.76448],[144.80843,-18.76958],[144.74539,-18.81802],[144.79031,-18.87103],[144.72139,-18.92124],[144.70751,-18.93592],[144.69798,-18.99598],[144.69974,-19.00514],[144.71528,-19.01682],[144.77435,-19.14795],[144.79443,-19.16218],[144.80438,-19.15722],[144.81051,-19.15583],[144.82385,-19.15683],[144.8314,-19.15984],[144.77112,-19.20466],[144.7501,-19.18075],[144.62971,-19.28841],[144.62247,-19.29728],[144.61899,-19.30603],[144.61741,-19.32091],[144.59781,-19.31903],[144.59085,-19.38411],[144.47738,-19.3709],[144.47051,-19.44789],[144.45079,-19.44124],[144.38746,-19.43072],[144.36956,-19.43007],[144.35174,-19.4239],[144.34487,-19.50149],[144.30256,-19.49736],[144.29941,-19.53059],[144.29571,-19.56643],[144.28519,-19.57328],[144.29386,-19.5787],[144.30874,-19.57606],[144.3201,-19.57614],[144.33135,-19.57771],[144.35496,-19.5843],[144.35514,-19.58233],[144.42564,-19.61086],[144.42205,-19.64885],[144.42223,-19.65224],[144.41942,-19.67635],[144.40577,-19.82093],[144.4015,-19.86797],[144.39595,-19.93457],[144.4013,-19.93921],[144.41011,-19.94166],[144.41024,-19.94644],[144.41843,-19.95079],[144.426,-19.9649],[144.42656,-19.96979],[144.4309,-19.97623],[144.45128,-19.97592],[144.45288,-19.97291],[144.45998,-19.97118],[144.4634,-19.97325],[144.47887,-19.97451],[144.48001,-19.96214],[144.48614,-19.96274],[144.49153,-19.95347],[144.55876,-19.95302],[144.57992,-19.98761],[144.59169,-19.99144],[144.62041,-19.99189],[144.62207,-19.96925],[144.66689,-20.02843],[144.66364,-20.05829],[144.77557,-20.06654],[144.7722,-20.10408],[144.77402,-20.10535],[144.77189,-20.129],[144.81327,-20.16897],[144.84002,-20.20521],[144.84148,-20.21457],[144.8248,-20.2331],[144.82078,-20.24556],[144.82037,-20.26218],[144.8304,-20.27667],[144.83231,-20.28663],[144.83185,-20.29555],[144.82922,-20.3013],[144.82592,-20.31681],[144.82044,-20.32855],[144.82038,-20.33247],[144.90876,-20.37264],[144.90548,-20.4073],[144.93161,-20.40937],[144.93249,-20.41444],[144.92606,-20.41447],[144.91568,-20.42304],[144.90936,-20.43806],[144.91007,-20.44266],[144.91287,-20.44544],[144.91756,-20.44627],[144.91915,-20.45698],[144.9224,-20.4623],[144.9313,-20.4585],[144.93676,-20.45895],[144.94555,-20.46356],[144.94784,-20.46789],[144.95227,-20.46833],[144.95811,-20.47127],[144.96217,-20.46727],[144.97122,-20.46816],[144.97352,-20.47236],[144.97366,-20.47745],[144.9841,-20.48304],[144.98984,-20.48819],[144.99303,-20.48817],[145.00138,-20.49478],[145.00379,-20.501],[145.00399,-20.50707],[145.0092,-20.51638],[145.006,-20.523],[145.00653,-20.53024],[145.01013,-20.53674],[145.02058,-20.55024],[145.02605,-20.55381],[145.02874,-20.55995],[145.03593,-20.56887],[145.04249,-20.5744],[145.04834,-20.58084],[145.06355,-20.58919],[145.07786,-20.60229],[145.08362,-20.60835],[145.09749,-20.61947],[145.09733,-20.62773],[145.18937,-20.63376],[145.18296,-20.72842],[145.18403,-20.73191],[145.17478,-20.83634],[145.16265,-20.97349],[145.22704,-20.97848],[145.21964,-21.06516],[145.17298,-21.0618],[145.18114,-21.09127],[145.21775,-21.12169],[145.22113,-21.17181],[145.25634,-21.17452],[145.24908,-21.23966],[145.24335,-21.27724],[145.25034,-21.2768],[145.25591,-21.2806],[145.24962,-21.31497],[145.25734,-21.33987],[145.26251,-21.34897],[145.26238,-21.35085],[145.2797,-21.39454],[145.2898,-21.40834],[145.29056,-21.42611],[145.27511,-21.44612],[145.26199,-21.45846],[145.32379,-21.46452],[145.32952,-21.4682],[145.33517,-21.4654],[145.35627,-21.46744],[145.35822,-21.45375],[145.46477,-21.46143],[145.45294,-21.56623],[145.53974,-21.57463],[145.53288,-21.65824],[145.67848,-21.66818],[145.67584,-21.69474],[145.67383,-21.71928],[145.6632,-21.71903],[145.64579,-21.7975],[145.72869,-21.81685],[145.70834,-21.87654],[145.69677,-21.87549],[145.68594,-21.91583],[145.73506,-21.92721],[145.7249,-21.93822],[145.62743,-21.9244],[145.61736,-22.03693],[145.76982,-22.04748],[145.7693,-22.06645],[145.84183,-22.07559],[145.88044,-22.08031],[145.88015,-22.08479],[146.0066,-22.10092],[146.03082,-22.10424]]]},"properties":{"LGA Code":"2310","Abbreviated Name":"Charters Towers","LGA Name":"Charters Towers Regional","Area Sq Km":68329.4967,"LDMG Name":"Charters Towers","Police Region Name":"Northern Region","Police Region Code":"NR","Police Region Short Name":"Northern"}},{"type":"Feature","geometry":{"type":"Polygon","coordinates":[[[141.18271,-22.24941],[141.19864,-22.05516],[141.29435,-22.06187],[141.29372,-22.05399],[141.29023,-22.04507],[141.29139,-22.03239],[141.28861,-22.02628],[141.29085,-22.02389],[141.2842,-22.00996],[141.28455,-21.98883],[141.28838,-21.98389],[141.29026,-21.97801],[141.30968,-21.93966],[141.06295,-21.92867],[141.06359,-21.90245],[140.99384,-21.89385],[140.98944,-21.94333],[140.9809,-22.05289],[140.95009,-22.05032],[140.9475,-22.04878],[140.94063,-22.04968],[140.91339,-22.04748],[140.90968,-22.04636],[140.88278,-22.0486],[140.90941,-21.96835],[140.91256,-21.93826],[140.85485,-21.93445],[140.85639,-21.91372],[140.88106,-21.87234],[140.8812,-21.87052],[140.86046,-21.86911],[140.86505,-21.80973],[140.88985,-21.81166],[140.92329,-21.77312],[140.92644,-21.73124],[140.92082,-21.71291],[140.92197,-21.69767],[140.95054,-21.6243],[140.95909,-21.62485],[140.95297,-21.61053],[140.95184,-21.60109],[140.94671,-21.59275],[140.9411,-21.58057],[140.93273,-21.56828],[140.92588,-21.55618],[140.92198,-21.55149],[140.91376,-21.54459],[140.90643,-21.53724],[140.9044,-21.53379],[140.89289,-21.52588],[140.8814,-21.50522],[140.8735,-21.49466],[140.86492,-21.47992],[140.85929,-21.45865],[140.84955,-21.4376],[140.8425,-21.42686],[140.83227,-21.42571],[140.82481,-21.42685],[140.80014,-21.41962],[140.80752,-21.35449],[140.85631,-21.35912],[140.8592,-21.32191],[140.87602,-21.32303],[140.88249,-21.2253],[140.80905,-21.22047],[140.80586,-21.19479],[140.83395,-21.11137],[140.83504,-21.09688],[140.86594,-21.09892],[140.87396,-20.99181],[140.82923,-20.98895],[140.83158,-20.97895],[140.83448,-20.97718],[140.8363,-20.96415],[140.84172,-20.9627],[140.84881,-20.95829],[140.84939,-20.94847],[140.8447,-20.94355],[140.83513,-20.92808],[140.82986,-20.913],[140.8385,-20.90703],[140.83935,-20.90204],[140.8353,-20.89685],[140.83379,-20.89201],[140.83356,-20.88347],[140.83133,-20.88032],[140.8314,-20.87367],[140.837,-20.8693],[140.84209,-20.8612],[140.85104,-20.85333],[140.85039,-20.84595],[140.86221,-20.83751],[140.86574,-20.83061],[140.87476,-20.8246],[140.88555,-20.82493],[140.88931,-20.81941],[140.89666,-20.81831],[140.90207,-20.81246],[140.90401,-20.80539],[140.91283,-20.79164],[140.91489,-20.78156],[140.92444,-20.76599],[140.92542,-20.75834],[140.92991,-20.75345],[140.93998,-20.75141],[140.94424,-20.74939],[140.94962,-20.74293],[140.95235,-20.73564],[140.95288,-20.7283],[140.95121,-20.72134],[140.95345,-20.70985],[140.95103,-20.6971],[140.95613,-20.68817],[140.95597,-20.68306],[140.95317,-20.67659],[140.9557,-20.6669],[140.95978,-20.65761],[140.95567,-20.64718],[140.9591,-20.64388],[140.96007,-20.63482],[140.96661,-20.63116],[141.07756,-20.64514],[141.08202,-20.59023],[141.04008,-20.54341],[141.03801,-20.51259],[141.0242,-20.48384],[141.01359,-20.42959],[141.01775,-20.38678],[141.01973,-20.38426],[141.02952,-20.37955],[141.03936,-20.37739],[141.0413,-20.37556],[141.05073,-20.37261],[141.05438,-20.36917],[141.0589,-20.36808],[141.05914,-20.35908],[141.05662,-20.35705],[141.05902,-20.34567],[141.06431,-20.33399],[141.08125,-20.31384],[141.0323,-20.30796],[141.02645,-20.30981],[140.94107,-20.30054],[140.90849,-20.29915],[140.90931,-20.2923],[140.91598,-20.28665],[140.99705,-20.22355],[140.90122,-20.11266],[140.89994,-20.11105],[140.8906,-20.11291],[140.87739,-20.11718],[140.86552,-20.12301],[140.7835,-20.02348],[140.89932,-19.93203],[140.89853,-19.92981],[140.87477,-19.92831],[140.88159,-19.83193],[140.88637,-19.76394],[140.81841,-19.75939],[140.81806,-19.75755],[140.82158,-19.70886],[140.73943,-19.66689],[140.74201,-19.6627],[140.74707,-19.66278],[140.75039,-19.65698],[140.74782,-19.64962],[140.74929,-19.64546],[140.74557,-19.63727],[140.75284,-19.63509],[140.74922,-19.62846],[140.85934,-19.64041],[140.86464,-19.63521],[140.9427,-19.64034],[140.94693,-19.58231],[141.01564,-19.55724],[141.01196,-19.5529],[141.01249,-19.54459],[141.00765,-19.52664],[141.03979,-19.49463],[141.03684,-19.49001],[141.03005,-19.48533],[141.02877,-19.47668],[141.02224,-19.46877],[141.02043,-19.46232],[141.02446,-19.46024],[141.0223,-19.45519],[141.02279,-19.45124],[141.0202,-19.44569],[141.02271,-19.44226],[141.02983,-19.43671],[141.02927,-19.43185],[141.02552,-19.43156],[141.01928,-19.43469],[141.01803,-19.4273],[141.01023,-19.42298],[141.00829,-19.41556],[141.00111,-19.40886],[141.00068,-19.39837],[141.00571,-19.39251],[141.002,-19.38992],[140.99705,-19.38159],[140.99465,-19.38183],[140.98948,-19.3723],[140.98786,-19.36184],[140.98128,-19.35004],[140.98188,-19.34586],[140.985,-19.34071],[140.98423,-19.33722],[140.9788,-19.33852],[140.97863,-19.33349],[140.97539,-19.3283],[140.98039,-19.32546],[140.97889,-19.32128],[140.98248,-19.31739],[140.98398,-19.31017],[140.98321,-19.30624],[140.97796,-19.29926],[140.97808,-19.29367],[140.97249,-19.28791],[140.97117,-19.2815],[140.97488,-19.27477],[140.97617,-19.26865],[140.9792,-19.26578],[140.9876,-19.26313],[140.99634,-19.26188],[140.99735,-19.25831],[140.98961,-19.2522],[140.99057,-19.24722],[140.9893,-19.24182],[140.9862,-19.23883],[140.98336,-19.23293],[140.97609,-19.22539],[140.97414,-19.21443],[140.96626,-19.21092],[140.96715,-19.20432],[140.95688,-19.19896],[140.95311,-19.19128],[140.95562,-19.18701],[140.95244,-19.18073],[140.94666,-19.18076],[140.94373,-19.17876],[140.94308,-19.17324],[140.93922,-19.17278],[140.9393,-19.16412],[140.94382,-19.15878],[140.94318,-19.15123],[140.94016,-19.14721],[140.9312,-19.13937],[140.92145,-19.13534],[140.91969,-19.126],[140.92039,-19.1208],[140.91085,-19.12142],[140.90661,-19.11674],[140.89427,-19.12611],[140.81737,-19.18726],[140.71125,-19.06654],[140.66984,-19.09834],[140.63349,-19.05656],[140.51516,-19.04843],[140.51029,-19.07232],[140.50965,-19.10155],[140.41147,-19.09537],[140.41128,-19.0949],[140.30255,-19.08749],[140.3058,-19.04517],[139.99877,-19.0236],[139.99806,-19.03261],[139.91155,-19.02644],[139.91184,-19.03506],[139.91485,-19.03706],[139.91946,-19.03624],[139.92254,-19.03298],[139.93146,-19.03189],[139.93453,-19.0353],[139.93731,-19.04177],[139.94148,-19.0553],[139.94149,-19.06637],[139.9383,-19.07574],[139.94176,-19.08661],[139.93992,-19.09166],[139.92964,-19.09421],[139.92454,-19.10059],[139.92421,-19.10418],[139.93085,-19.11381],[139.93107,-19.12018],[139.92895,-19.13369],[139.93063,-19.14129],[139.93366,-19.14776],[139.93972,-19.15451],[139.94229,-19.15452],[139.9573,-19.16196],[139.96033,-19.16637],[139.96108,-19.17137],[139.958,-19.18294],[139.95697,-19.19338],[139.95897,-19.19998],[139.96558,-19.21362],[139.97019,-19.22021],[139.97787,-19.22722],[139.97999,-19.23041],[139.99231,-19.24169],[139.99658,-19.24777],[139.99906,-19.25699],[140.00294,-19.26133],[140.01294,-19.26761],[140.01599,-19.27234],[140.0159,-19.27683],[140.00587,-19.28395],[140.00318,-19.28983],[140.00559,-19.30207],[140.00418,-19.30908],[140.00577,-19.32121],[140.00533,-19.32933],[140.0105,-19.33616],[140.02157,-19.33973],[140.02871,-19.34407],[140.03063,-19.35146],[140.02585,-19.35595],[140.02664,-19.3629],[140.03152,-19.36585],[140.04071,-19.36556],[140.04089,-19.37482],[140.03245,-19.37958],[140.03003,-19.38463],[140.03248,-19.38801],[140.03758,-19.39073],[140.0385,-19.39644],[140.03156,-19.40205],[140.03016,-19.40966],[140.03417,-19.41533],[140.03569,-19.42467],[140.03977,-19.42815],[140.04481,-19.43963],[140.04124,-19.45253],[140.04173,-19.45723],[140.04482,-19.46464],[140.05084,-19.47087],[140.05121,-19.47382],[140.04619,-19.48426],[140.05139,-19.49203],[140.05703,-19.49263],[140.06006,-19.49554],[140.06393,-19.50463],[140.0682,-19.51164],[140.06871,-19.51504],[140.07377,-19.52514],[140.07291,-19.53111],[140.06694,-19.53893],[140.06789,-19.54359],[140.06445,-19.56076],[140.06632,-19.56716],[139.88722,-19.55407],[139.88544,-19.5847],[139.77738,-19.57838],[139.78534,-19.45676],[139.63245,-19.44649],[139.51431,-19.43848],[139.48619,-19.43656],[139.48163,-19.51643],[139.4739,-19.65154],[139.47002,-19.71929],[139.53273,-19.72459],[139.51417,-19.82331],[139.66388,-19.84089],[139.72604,-19.84791],[139.72873,-19.79352],[139.79646,-19.79653],[139.79562,-19.80696],[139.80611,-19.80798],[139.80548,-19.88526],[139.80407,-19.9738],[139.79356,-19.97347],[139.79115,-20.02854],[139.79074,-20.03085],[139.78802,-20.0759],[139.78509,-20.1202],[139.7803,-20.18849],[139.73175,-20.1849],[139.73046,-20.18854],[139.74078,-20.19632],[139.74159,-20.20313],[139.73282,-20.21465],[139.73287,-20.23046],[139.73491,-20.23749],[139.79968,-20.22504],[139.80803,-20.22639],[139.83529,-20.22891],[139.84849,-20.22861],[139.85796,-20.2323],[139.86564,-20.22781],[139.8854,-20.22613],[139.92637,-20.21145],[139.93797,-20.21241],[139.94927,-20.20915],[139.95824,-20.20973],[139.97071,-20.21299],[139.9729,-20.223],[139.98365,-20.23312],[139.98292,-20.23637],[139.97711,-20.23966],[139.97859,-20.24514],[139.9759,-20.25197],[139.97679,-20.25709],[139.98169,-20.26508],[139.97681,-20.27002],[139.97476,-20.27568],[139.96852,-20.27727],[139.96992,-20.28369],[139.96249,-20.28513],[139.95802,-20.28332],[139.95325,-20.29395],[139.95009,-20.29309],[139.94773,-20.29945],[139.94466,-20.29897],[139.94392,-20.30729],[139.94776,-20.31653],[139.94461,-20.325],[139.94616,-20.34214],[139.94233,-20.34632],[139.94591,-20.35149],[139.94284,-20.36183],[139.95263,-20.3731],[139.95391,-20.38155],[139.94746,-20.38504],[139.94347,-20.39042],[139.94347,-20.39557],[139.94865,-20.40165],[139.97426,-20.40476],[140.013,-20.42104],[140.0231,-20.4364],[140.02166,-20.44212],[140.02144,-20.45176],[140.01965,-20.46698],[140.01901,-20.48692],[140.0166,-20.5074],[140.01871,-20.50903],[140.02451,-20.52377],[140.03109,-20.5305],[140.03289,-20.53523],[140.02629,-20.53807],[140.01162,-20.53351],[140.00238,-20.52998],[140.00182,-20.52599],[139.99807,-20.52418],[139.99099,-20.51724],[139.98894,-20.51334],[139.98019,-20.50805],[139.97065,-20.50026],[139.9636,-20.48824],[139.95497,-20.47614],[139.95048,-20.47352],[139.95052,-20.46773],[139.94537,-20.46605],[139.94182,-20.4619],[139.93671,-20.46046],[139.93336,-20.46264],[139.92157,-20.46181],[139.919,-20.4579],[139.91272,-20.4553],[139.90902,-20.45563],[139.90609,-20.45015],[139.90215,-20.43947],[139.88751,-20.43835],[139.87823,-20.43598],[139.87874,-20.44087],[139.88143,-20.44613],[139.8803,-20.44849],[139.88061,-20.46498],[139.88169,-20.46959],[139.87437,-20.48479],[139.86797,-20.48654],[139.86876,-20.49306],[139.8633,-20.49852],[139.86682,-20.50062],[139.86905,-20.50795],[139.86822,-20.51977],[139.86973,-20.52479],[139.87942,-20.53123],[139.88429,-20.53777],[139.8876,-20.54505],[139.8834,-20.56299],[139.88882,-20.56615],[139.88831,-20.56957],[139.89286,-20.57479],[139.89707,-20.57666],[139.89767,-20.58227],[139.90268,-20.5827],[139.90894,-20.59056],[139.90752,-20.59338],[139.91126,-20.60429],[139.90831,-20.6112],[139.90969,-20.61539],[139.90914,-20.62312],[139.90713,-20.62591],[139.90225,-20.62602],[139.90094,-20.62953],[139.89449,-20.63481],[139.86134,-20.63304],[139.80042,-20.63173],[139.79857,-20.67054],[139.74339,-20.6666],[139.73691,-20.77948],[139.73067,-20.77934],[139.72339,-20.90583],[139.55327,-20.90098],[139.55292,-20.92058],[139.55293,-21.03039],[139.54137,-21.1621],[139.53565,-21.27589],[139.37716,-21.27235],[139.3767,-21.36537],[139.37623,-21.39472],[139.2358,-21.50063],[139.24681,-21.50773],[139.23743,-21.51686],[139.23596,-21.51995],[139.24202,-21.54065],[139.23201,-21.63331],[139.31915,-21.72429],[139.27637,-21.83613],[139.2679,-21.8721],[139.35262,-21.95825],[139.31759,-21.98642],[139.49454,-22.14465],[139.38933,-22.23386],[139.49274,-22.24212],[139.49027,-22.28164],[139.50121,-22.282],[139.62303,-22.29071],[139.62793,-22.22053],[139.75034,-22.22866],[139.75793,-22.16281],[139.84169,-22.17129],[139.88432,-22.2392],[139.88404,-22.24288],[140.06239,-22.25471],[140.06028,-22.28607],[140.0412,-22.32685],[140.08281,-22.3292],[140.24747,-22.33842],[140.25904,-22.33914],[140.25976,-22.34779],[140.25879,-22.36865],[140.32555,-22.37283],[140.36703,-22.37414],[140.37022,-22.29029],[140.41426,-22.23378],[140.53163,-22.13532],[140.56521,-22.17009],[140.61944,-22.20938],[140.65193,-22.24498],[140.63828,-22.25508],[140.70725,-22.33502],[140.71715,-22.32809],[140.72402,-22.32469],[140.73451,-22.32121],[140.74089,-22.3163],[140.74543,-22.31107],[140.7495,-22.29814],[140.7562,-22.29328],[140.75566,-22.29001],[140.76028,-22.28897],[140.76388,-22.28273],[140.76399,-22.27693],[140.76685,-22.27378],[140.76836,-22.26725],[140.77435,-22.26525],[140.77589,-22.26129],[140.77399,-22.257],[140.77741,-22.25178],[140.78743,-22.24787],[140.79893,-22.23192],[140.80473,-22.22617],[140.80765,-22.21448],[140.8129,-22.20978],[140.81554,-22.20457],[140.82319,-22.19864],[140.82294,-22.19429],[140.82924,-22.18465],[140.8295,-22.18014],[140.83282,-22.17397],[140.83665,-22.1716],[140.84301,-22.16192],[140.84935,-22.16116],[140.87267,-22.16562],[140.88719,-22.16434],[140.90042,-22.16927],[140.90189,-22.17211],[140.9077,-22.17606],[140.91165,-22.1762],[140.91774,-22.18117],[140.92255,-22.18237],[140.92885,-22.18166],[140.92519,-22.23488],[141.05771,-22.2469],[141.15125,-22.25407],[141.18215,-22.2561],[141.18271,-22.24941]]]},"properties":{"LGA Code":"2450","Abbreviated Name":"Cloncurry","LGA Name":"Cloncurry Shire","Area Sq Km":48000.46473,"LDMG Name":"Cloncurry","Police Region Name":"Northern Region","Police Region Code":"NR","Police Region Short Name":"Northern"}},{"type":"Feature","geometry":{"type":"Polygon","coordinates":[[[142.14503,-23.7008],[142.00581,-23.69387],[141.98922,-23.69237],[141.98786,-23.70631],[141.82877,-23.69177],[141.68036,-23.69088],[141.6794,-23.7055],[141.60382,-23.69754],[141.53101,-23.68944],[141.45581,-23.6048],[141.38817,-23.53337],[141.3926,-23.52994],[141.38415,-23.52639],[141.37703,-23.52756],[141.30599,-23.45145],[141.30031,-23.44733],[141.29674,-23.44156],[141.2613,-23.40429],[141.24138,-23.38542],[141.15509,-23.29082],[141.04716,-23.37499],[141.03378,-23.38413],[141.03142,-23.38376],[141.00193,-23.35288],[140.97508,-23.32515],[140.94414,-23.29115],[140.82938,-23.17018],[140.75963,-23.22314],[140.71937,-23.18862],[140.66712,-23.15836],[140.66235,-23.15771],[140.64919,-23.16913],[140.62147,-23.19211],[140.59793,-23.21059],[140.57266,-23.23139],[140.46008,-23.31243],[140.41324,-23.3462],[140.38435,-23.37559],[140.34145,-23.41773],[140.34346,-23.43143],[140.35517,-23.52257],[140.15468,-23.50551],[140.0393,-23.49538],[139.93436,-23.48519],[139.92728,-23.55079],[139.93707,-23.5517],[139.93465,-23.57818],[139.88833,-23.61496],[139.86243,-23.6293],[139.86513,-23.63461],[139.86432,-23.64084],[139.86181,-23.64533],[139.87062,-23.65239],[139.87283,-23.66095],[139.87203,-23.66949],[139.87471,-23.67295],[139.88443,-23.67644],[139.88936,-23.68711],[139.88967,-23.69384],[139.89139,-23.6962],[139.80591,-23.69273],[139.63809,-23.67931],[139.63615,-23.67999],[139.4979,-23.67281],[139.46374,-23.67128],[139.47577,-23.52077],[139.29543,-23.50997],[139.339,-23.47386],[139.17488,-23.30996],[139.12271,-23.35206],[139.07636,-23.3068],[138.89946,-23.44832],[138.92111,-23.47648],[138.87414,-23.51306],[138.83146,-23.54552],[138.75298,-23.59916],[138.73647,-23.61133],[138.6686,-23.53889],[138.64311,-23.51031],[138.59206,-23.46252],[138.4644,-23.55504],[138.42674,-23.55233],[137.99857,-23.5208],[137.99861,-23.59998],[137.99869,-23.74685],[137.99877,-23.89055],[137.99881,-23.9632],[137.99883,-24.10848],[137.99883,-24.25376],[137.99884,-24.39904],[137.99885,-24.54428],[137.99886,-24.68953],[137.99887,-24.83477],[137.99888,-24.98002],[137.9989,-25.12526],[137.99889,-25.19788],[137.99888,-25.34313],[137.99887,-25.48838],[137.99887,-25.56101],[137.99893,-25.70629],[137.999,-25.85156],[137.99906,-25.99685],[138.10591,-25.99684],[138.26656,-25.99681],[138.42722,-25.99678],[138.5879,-25.99676],[138.7486,-25.99673],[138.90931,-25.99671],[139.07004,-25.99668],[139.20848,-25.99662],[139.31114,-25.99663],[139.40953,-25.99663],[139.53422,-25.99661],[139.63266,-25.99657],[139.79343,-25.99654],[139.95421,-25.99653],[140.115,-25.99652],[140.27265,-25.99652],[140.43659,-25.9965],[140.51699,-25.99647],[140.67779,-25.99643],[140.75819,-25.99641],[140.90957,-25.99639],[140.92551,-25.83797],[140.9377,-25.71599],[140.92092,-25.7146],[140.92276,-25.68047],[140.89692,-25.67888],[140.91147,-25.52463],[140.88105,-25.46755],[140.87546,-25.47044],[140.87475,-25.47319],[140.8675,-25.476],[140.85993,-25.48326],[140.84457,-25.48812],[140.83718,-25.49479],[140.83888,-25.49818],[140.83433,-25.5087],[140.82535,-25.52493],[140.77497,-25.47427],[140.67789,-25.46661],[140.68635,-25.37848],[140.70119,-25.20998],[140.7148,-25.21376],[140.85706,-25.2261],[140.87012,-25.08702],[140.87897,-24.99259],[140.80237,-24.98618],[140.80512,-24.9481],[140.811,-24.84072],[140.87216,-24.84504],[140.88314,-24.69823],[140.83674,-24.69459],[140.83871,-24.66889],[140.96164,-24.67352],[141.0845,-24.67417],[141.24249,-24.68599],[141.2389,-24.72513],[141.36108,-24.6291],[141.37552,-24.48293],[141.43009,-24.48351],[141.51801,-24.57762],[141.52331,-24.57927],[141.52308,-24.58362],[141.70832,-24.63098],[141.73106,-24.63671],[141.73448,-24.63353],[141.74609,-24.631],[141.76307,-24.6332],[141.77005,-24.62956],[141.77333,-24.62504],[141.78858,-24.6219],[141.79428,-24.62301],[141.79693,-24.62096],[141.81148,-24.61924],[141.82254,-24.61217],[141.82948,-24.60371],[141.83959,-24.59836],[141.84299,-24.5943],[141.85443,-24.58821],[141.8582,-24.5853],[141.86054,-24.57906],[141.86784,-24.57306],[141.87314,-24.56402],[141.87867,-24.55997],[141.89303,-24.55813],[141.90137,-24.55604],[141.90829,-24.54935],[141.91557,-24.54508],[141.92404,-24.54166],[141.93051,-24.5375],[141.93627,-24.53844],[141.94837,-24.53635],[141.95596,-24.53414],[141.96475,-24.52809],[141.96708,-24.52282],[141.97051,-24.51994],[141.86355,-24.40313],[141.93002,-24.35264],[141.92212,-24.34325],[141.96474,-24.31084],[141.9314,-24.2785],[141.84655,-24.19495],[141.80581,-24.15479],[141.91926,-24.05735],[142.02382,-24.16765],[142.05271,-24.13338],[142.10046,-24.09519],[142.11184,-23.99455],[142.12138,-23.90962],[142.13506,-23.78894],[142.14288,-23.71794],[142.14503,-23.7008]]]},"properties":{"LGA Code":"2750","Abbreviated Name":"Diamantina","LGA Name":"Diamantina Shire","Area Sq Km":94665.36485,"LDMG Name":"Diamantina","Police Region Name":"Northern Region","Police Region Code":"NR","Police Region Short Name":"Northern"}},{"type":"Feature","geometry":{"type":"MultiPolygon","coordinates":[[[[139.10849,-17.01307],[139.09566,-17.00667],[139.09214,-17.00685],[139.07884,-16.99096],[139.06956,-16.97281],[139.04538,-16.95626],[139.03861,-16.9479],[139.03418,-16.93771],[139.03338,-16.93048],[139.03117,-16.92849],[139.03505,-16.92188],[139.03853,-16.91943],[139.03783,-16.91328],[139.03047,-16.91147],[139.02488,-16.90876],[139.00912,-16.89852],[139.00323,-16.89666],[138.99879,-16.90135],[138.99277,-16.8951],[138.98361,-16.89269],[138.9817,-16.89008],[138.9628,-16.88868],[138.94876,-16.88706],[138.94517,-16.88894],[138.94008,-16.88574],[138.92923,-16.88391],[138.91032,-16.8778],[138.90798,-16.87996],[138.89871,-16.8839],[138.88651,-16.88252],[138.8815,-16.87805],[138.87531,-16.87646],[138.8705,-16.93885],[138.88811,-16.95161],[139.08002,-17.09056],[139.08604,-17.01147],[139.10849,-17.01307]]],[[[138.5862,-17.89404],[138.59233,-17.89525],[138.60169,-17.89948],[138.61581,-17.89724],[138.63258,-17.89645],[138.63768,-17.89808],[138.64562,-17.89775],[138.67397,-17.90269],[138.67505,-17.90524],[138.6923,-17.91274],[138.70128,-17.91903],[138.70665,-17.92149],[138.71003,-17.9249],[138.71838,-17.92813],[138.73573,-17.92834],[138.74398,-17.93203],[138.7498,-17.93307],[138.76408,-17.93194],[138.77487,-17.93331],[138.78539,-17.93219],[138.79994,-17.93346],[138.81745,-17.94151],[138.82928,-17.94521],[138.83313,-17.94823],[138.84608,-17.954],[138.85165,-17.95887],[138.85373,-17.96665],[138.85751,-17.97322],[138.85724,-17.98238],[138.85203,-17.99081],[138.84983,-17.99755],[138.85103,-18.00323],[138.85751,-18.01096],[138.86428,-18.01524],[138.87776,-18.0187],[138.88675,-17.84077],[138.90254,-17.52966],[138.83552,-17.52601],[138.7505,-17.49135],[138.73695,-17.47764],[138.71351,-17.47752],[138.6001,-17.47197],[138.59099,-17.75451],[138.58769,-17.82867],[138.58594,-17.87522],[138.58381,-17.87515],[138.57689,-17.88255],[138.58301,-17.88818],[138.5862,-17.89404]]]]},"properties":{"LGA Code":"2770","Abbreviated Name":"Doomadgee Aboriginal","LGA Name":"Doomadgee Aboriginal Shire","Area Sq Km":1803.36842,"LDMG Name":"Doomadgee","Police Region Name":"Northern Region","Police Region Code":"NR","Police Region Short Name":"Northern"}},{"type":"Feature","geometry":{"type":"Polygon","coordinates":[[[145.53288,-21.65824],[145.53974,-21.57463],[145.45294,-21.56623],[145.46477,-21.46143],[145.35822,-21.45375],[145.35627,-21.46744],[145.33517,-21.4654],[145.32952,-21.4682],[145.32379,-21.46452],[145.26199,-21.45846],[145.27511,-21.44612],[145.29056,-21.42611],[145.2898,-21.40834],[145.2797,-21.39454],[145.26238,-21.35085],[145.26251,-21.34897],[145.25734,-21.33987],[145.24962,-21.31497],[145.25591,-21.2806],[145.25034,-21.2768],[145.24335,-21.27724],[145.24908,-21.23966],[145.25634,-21.17452],[145.22113,-21.17181],[145.21775,-21.12169],[145.18114,-21.09127],[145.17298,-21.0618],[145.21964,-21.06516],[145.22704,-20.97848],[145.16265,-20.97349],[145.17478,-20.83634],[145.18403,-20.73191],[145.18296,-20.72842],[145.18937,-20.63376],[145.09733,-20.62773],[145.09749,-20.61947],[145.08362,-20.60835],[145.07786,-20.60229],[145.06355,-20.58919],[145.04834,-20.58084],[145.04249,-20.5744],[145.03593,-20.56887],[145.02874,-20.55995],[145.02605,-20.55381],[145.02058,-20.55024],[145.01013,-20.53674],[145.00653,-20.53024],[145.006,-20.523],[145.0092,-20.51638],[145.00399,-20.50707],[145.00379,-20.501],[145.00138,-20.49478],[144.99303,-20.48817],[144.98984,-20.48819],[144.9841,-20.48304],[144.97366,-20.47745],[144.97352,-20.47236],[144.97122,-20.46816],[144.96217,-20.46727],[144.95811,-20.47127],[144.95227,-20.46833],[144.94784,-20.46789],[144.94555,-20.46356],[144.93676,-20.45895],[144.9313,-20.4585],[144.9224,-20.4623],[144.91915,-20.45698],[144.91756,-20.44627],[144.91287,-20.44544],[144.91007,-20.44266],[144.90936,-20.43806],[144.91568,-20.42304],[144.92606,-20.41447],[144.93249,-20.41444],[144.93161,-20.40937],[144.90548,-20.4073],[144.90876,-20.37264],[144.82038,-20.33247],[144.82044,-20.32855],[144.82592,-20.31681],[144.82922,-20.3013],[144.83185,-20.29555],[144.83231,-20.28663],[144.8304,-20.27667],[144.82037,-20.26218],[144.82078,-20.24556],[144.8248,-20.2331],[144.84148,-20.21457],[144.84002,-20.20521],[144.81327,-20.16897],[144.77189,-20.129],[144.77402,-20.10535],[144.7722,-20.10408],[144.77557,-20.06654],[144.66364,-20.05829],[144.66689,-20.02843],[144.62207,-19.96925],[144.62041,-19.99189],[144.59169,-19.99144],[144.57992,-19.98761],[144.55876,-19.95302],[144.49153,-19.95347],[144.48614,-19.96274],[144.48001,-19.96214],[144.47887,-19.97451],[144.4634,-19.97325],[144.45998,-19.97118],[144.45288,-19.97291],[144.45128,-19.97592],[144.4309,-19.97623],[144.42656,-19.96979],[144.426,-19.9649],[144.41843,-19.95079],[144.41024,-19.94644],[144.41011,-19.94166],[144.4013,-19.93921],[144.39595,-19.93457],[144.4015,-19.86797],[144.40577,-19.82093],[144.41942,-19.67635],[144.42223,-19.65224],[144.42205,-19.64885],[144.42564,-19.61086],[144.35514,-19.58233],[144.35496,-19.5843],[144.33135,-19.57771],[144.3201,-19.57614],[144.30874,-19.57606],[144.29386,-19.5787],[144.28519,-19.57328],[144.27945,-19.57602],[144.27324,-19.57593],[144.26186,-19.58293],[144.25509,-19.58553],[144.24805,-19.59419],[144.23889,-19.60854],[144.23154,-19.61592],[144.22645,-19.61871],[144.21231,-19.61005],[144.20653,-19.60374],[144.19702,-19.59977],[144.18697,-19.59738],[144.17997,-19.59441],[144.17469,-19.58843],[144.17221,-19.57644],[144.1569,-19.5676],[144.14702,-19.56569],[144.13929,-19.56557],[144.12406,-19.57186],[144.11717,-19.57175],[144.11272,-19.57614],[144.10357,-19.57966],[144.08895,-19.57821],[144.07198,-19.57456],[144.06062,-19.57083],[144.05426,-19.57055],[144.04477,-19.58355],[144.02891,-19.59784],[144.01425,-19.61491],[144.00389,-19.62129],[144.00034,-19.62212],[143.98815,-19.62175],[143.97652,-19.62293],[143.96733,-19.6205],[143.95569,-19.61957],[143.94746,-19.62197],[143.93805,-19.62727],[143.92509,-19.63075],[143.89601,-19.63385],[143.85184,-19.63703],[143.82447,-19.63042],[143.79699,-19.61755],[143.77572,-19.60575],[143.75203,-19.59633],[143.73416,-19.58995],[143.71516,-19.58534],[143.68226,-19.59699],[143.65913,-19.83306],[143.65355,-19.89437],[143.64132,-20.02855],[143.60956,-20.02561],[143.59699,-20.14544],[143.62567,-20.14785],[143.71086,-20.22923],[143.74004,-20.20606],[143.79009,-20.26323],[143.70979,-20.32489],[143.78299,-20.40703],[143.78586,-20.41253],[143.78597,-20.41672],[143.78077,-20.41987],[143.77458,-20.41691],[143.77124,-20.42038],[143.77392,-20.4258],[143.77135,-20.43075],[143.76763,-20.43175],[143.75833,-20.43114],[143.75583,-20.43554],[143.75601,-20.44292],[143.75025,-20.44917],[143.73898,-20.45242],[143.72844,-20.46349],[143.71958,-20.46923],[143.71425,-20.47442],[143.70934,-20.47673],[143.70624,-20.4808],[143.70159,-20.48246],[143.68022,-20.47956],[143.67375,-20.48021],[143.66462,-20.4848],[143.65425,-20.48205],[143.65093,-20.47851],[143.64561,-20.47789],[143.63624,-20.47972],[143.62455,-20.48312],[143.61694,-20.48905],[143.61411,-20.49506],[143.60727,-20.49868],[143.59974,-20.49968],[143.59345,-20.49682],[143.58852,-20.49619],[143.58137,-20.49928],[143.57241,-20.50887],[143.55999,-20.51952],[143.55373,-20.52313],[143.54515,-20.52465],[143.53007,-20.53446],[143.52398,-20.53639],[143.51433,-20.54335],[143.51011,-20.55237],[143.50395,-20.55706],[143.49976,-20.5647],[143.50168,-20.57111],[143.49636,-20.57764],[143.48477,-20.58567],[143.4814,-20.59107],[143.47976,-20.60261],[143.47704,-20.60622],[143.53321,-20.61077],[143.54045,-20.61739],[143.53548,-20.67258],[143.52864,-20.73567],[143.49895,-20.78249],[143.44766,-20.77758],[143.44651,-20.7873],[143.44307,-20.79281],[143.43589,-20.81395],[143.4347,-20.82849],[143.33825,-20.82045],[143.32509,-20.9236],[143.31253,-21.02839],[143.2985,-21.14549],[143.2982,-21.14724],[143.26088,-21.14386],[143.2564,-21.18645],[143.25006,-21.18586],[143.23665,-21.31118],[143.35954,-21.322],[143.34982,-21.41266],[143.33976,-21.50641],[143.33182,-21.57687],[143.32922,-21.60869],[143.32988,-21.6115],[143.35772,-21.61415],[143.35804,-21.61601],[143.44828,-21.62461],[143.44998,-21.62294],[143.53034,-21.6302],[143.61006,-21.63774],[143.64926,-21.64116],[143.64236,-21.7052],[143.63084,-21.79741],[143.70901,-21.80548],[143.78184,-21.81407],[143.78207,-21.81111],[143.92945,-21.81997],[143.93423,-21.8221],[144.04463,-21.83029],[144.03885,-21.8947],[144.05744,-21.89833],[144.06848,-21.89787],[144.09245,-21.89894],[144.11174,-21.90184],[144.11141,-21.90632],[144.1843,-21.91331],[144.18599,-21.91373],[144.18325,-21.9549],[144.18034,-21.98955],[144.26344,-21.99738],[144.27008,-22.0326],[144.2685,-22.04785],[144.41722,-22.06171],[144.41331,-22.09815],[144.40281,-22.11329],[144.39778,-22.15704],[144.50178,-22.16513],[144.50052,-22.18565],[144.53608,-22.1882],[144.55409,-22.18987],[144.63742,-22.19545],[144.66502,-22.19786],[144.71723,-22.20379],[144.72353,-22.20209],[144.73979,-22.21171],[144.74687,-22.14841],[144.74632,-22.14813],[144.75232,-22.09479],[144.75297,-22.0943],[144.79636,-22.09842],[144.80091,-22.04537],[144.94304,-22.05909],[144.95046,-21.99059],[144.95631,-21.9303],[145.08221,-21.94259],[145.08435,-21.91024],[145.07402,-21.8995],[145.07501,-21.89122],[145.15277,-21.89867],[145.15256,-21.90048],[145.18583,-21.90376],[145.18286,-21.9008],[145.18396,-21.89754],[145.18251,-21.89168],[145.18551,-21.89045],[145.18626,-21.88585],[145.19233,-21.87727],[145.19216,-21.87119],[145.18067,-21.85102],[145.18482,-21.82018],[145.16416,-21.80385],[145.1662,-21.78489],[145.2545,-21.79367],[145.2622,-21.82849],[145.37054,-21.84045],[145.41853,-21.84614],[145.43507,-21.692],[145.5293,-21.70178],[145.53288,-21.65824]]]},"properties":{"LGA Code":"3200","Abbreviated Name":"Flinders","LGA Name":"Flinders Shire","Area Sq Km":41226.82747,"LDMG Name":"Flinders","Police Region Name":"Northern Region","Police Region Code":"NR","Police Region Short Name":"Northern"}},{"type":"Feature","geometry":{"type":"MultiPolygon","coordinates":[[[[145.75747,-18.39575],[145.7596,-18.4032],[145.76917,-18.40941],[145.75583,-18.40805],[145.75509,-18.41433],[145.76006,-18.42393],[145.75778,-18.42938],[145.7545,-18.43108],[145.75497,-18.43846],[145.74701,-18.44547],[145.7442,-18.45053],[145.73957,-18.45003],[145.73783,-18.45281],[145.74118,-18.46161],[145.74485,-18.46194],[145.74439,-18.46664],[145.77896,-18.49196],[145.75967,-18.51518],[145.77186,-18.52409],[145.79084,-18.50076],[145.81361,-18.53083],[145.81475,-18.53584],[145.81104,-18.5438],[145.8142,-18.55162],[145.81874,-18.55426],[145.81951,-18.55725],[145.82524,-18.56058],[145.82587,-18.56319],[145.83347,-18.56762],[145.8338,-18.57679],[145.8441,-18.59246],[145.83236,-18.59865],[145.80979,-18.58594],[145.81057,-18.57871],[145.79561,-18.57725],[145.79222,-18.60652],[145.80201,-18.60751],[145.80574,-18.61195],[145.80556,-18.61795],[145.81615,-18.61902],[145.80172,-18.74932],[145.79576,-18.75097],[145.79582,-18.75489],[145.79216,-18.76068],[145.79581,-18.76426],[145.79927,-18.76463],[145.80279,-18.77074],[145.80159,-18.77851],[145.79283,-18.77888],[145.79062,-18.79955],[145.79103,-18.80386],[145.78313,-18.80662],[145.77717,-18.80637],[145.77521,-18.81724],[145.77891,-18.82066],[145.78537,-18.82064],[145.79124,-18.82574],[145.79413,-18.83021],[145.79757,-18.83144],[145.79662,-18.84304],[145.81512,-18.84443],[145.81974,-18.84228],[145.82575,-18.8449],[145.82964,-18.84938],[145.83329,-18.848],[145.83769,-18.85584],[145.83796,-18.86128],[145.84776,-18.86414],[145.85306,-18.86857],[145.8563,-18.86521],[145.86578,-18.86257],[145.86472,-18.87582],[145.93544,-18.88289],[145.93786,-18.86047],[145.94132,-18.85945],[145.94762,-18.86345],[145.95627,-18.86514],[145.95978,-18.86755],[145.95892,-18.87169],[145.96565,-18.87957],[145.97702,-18.87786],[145.99088,-18.88294],[145.99936,-18.87791],[146.00778,-18.8852],[146.00704,-18.89363],[146.00533,-18.89957],[146.00194,-18.90374],[146.01043,-18.90645],[146.01598,-18.91501],[146.02321,-18.91924],[146.02714,-18.9167],[146.02867,-18.91086],[146.03337,-18.91446],[146.04256,-18.91907],[146.04687,-18.91635],[146.05282,-18.91663],[146.0553,-18.91124],[146.06163,-18.90943],[146.06311,-18.90518],[146.0706,-18.90769],[146.07452,-18.91355],[146.07853,-18.91462],[146.08255,-18.92124],[146.08887,-18.92398],[146.0932,-18.92159],[146.09509,-18.92447],[146.10348,-18.9307],[146.11155,-18.93312],[146.11434,-18.92953],[146.12129,-18.9251],[146.12635,-18.92355],[146.14048,-18.9234],[146.14293,-18.92665],[146.15009,-18.92734],[146.15417,-18.9229],[146.15989,-18.9288],[146.1671,-18.93292],[146.16711,-18.93552],[146.17247,-18.93869],[146.17808,-18.93778],[146.18708,-18.94005],[146.19222,-18.94326],[146.19608,-18.94155],[146.19686,-18.93496],[146.20058,-18.93112],[146.19775,-18.9275],[146.20111,-18.92334],[146.20944,-18.91957],[146.21092,-18.92274],[146.22168,-18.93079],[146.24667,-18.94231],[146.25785,-18.94472],[146.26217,-18.95183],[146.26525,-18.95021],[146.27656,-18.95238],[146.28109,-18.94909],[146.28763,-18.95247],[146.28817,-18.94802],[146.29106,-18.94398],[146.28991,-18.93622],[146.29331,-18.93426],[146.29752,-18.9374],[146.30691,-18.93382],[146.30654,-18.92887],[146.30896,-18.92674],[146.315,-18.92694],[146.32021,-18.92927],[146.32372,-18.92845],[146.31739,-18.91761],[146.31232,-18.91603],[146.30458,-18.90645],[146.29852,-18.90228],[146.29515,-18.89571],[146.29066,-18.89303],[146.28375,-18.8805],[146.28387,-18.87476],[146.28194,-18.86932],[146.27862,-18.86877],[146.27515,-18.85781],[146.27609,-18.85442],[146.27547,-18.84245],[146.27543,-18.82425],[146.27823,-18.80052],[146.28445,-18.7734],[146.28525,-18.76187],[146.28762,-18.76006],[146.2889,-18.74864],[146.29242,-18.73508],[146.30184,-18.70511],[146.31174,-18.68227],[146.31964,-18.66689],[146.32117,-18.66259],[146.3371,-18.63498],[146.33968,-18.62424],[146.33711,-18.62313],[146.33443,-18.63408],[146.33152,-18.6408],[146.32445,-18.64665],[146.31933,-18.64571],[146.31958,-18.64135],[146.32254,-18.6392],[146.33764,-18.61216],[146.33892,-18.60684],[146.33749,-18.60233],[146.33923,-18.58718],[146.3424,-18.57768],[146.33986,-18.56299],[146.34543,-18.55926],[146.34494,-18.55417],[146.33588,-18.53307],[146.33752,-18.52583],[146.3284,-18.52066],[146.32389,-18.52259],[146.31986,-18.51932],[146.31347,-18.52194],[146.3086,-18.51811],[146.30244,-18.5153],[146.29484,-18.5082],[146.285,-18.50652],[146.27568,-18.50264],[146.26184,-18.49444],[146.25109,-18.49244],[146.24146,-18.49235],[146.22988,-18.48955],[146.22416,-18.49405],[146.2104,-18.50817],[146.20693,-18.51649],[146.19941,-18.5218],[146.19536,-18.52113],[146.19073,-18.52362],[146.19095,-18.52833],[146.18344,-18.53234],[146.18052,-18.52976],[146.17956,-18.52468],[146.17488,-18.5213],[146.16495,-18.51741],[146.15589,-18.51879],[146.14732,-18.51712],[146.1381,-18.51248],[146.12173,-18.50786],[146.11712,-18.50132],[146.11536,-18.49519],[146.11667,-18.48939],[146.12198,-18.48447],[146.11848,-18.48001],[146.11417,-18.47799],[146.11412,-18.47248],[146.10732,-18.46317],[146.10432,-18.45349],[146.10114,-18.45145],[146.09378,-18.45134],[146.09142,-18.44783],[146.09354,-18.44014],[146.10162,-18.43267],[146.09839,-18.42639],[146.09795,-18.42092],[146.10027,-18.41522],[146.0926,-18.41161],[146.08498,-18.40082],[146.07416,-18.40335],[146.0526,-18.39506],[146.04924,-18.39263],[146.04645,-18.39667],[146.03669,-18.38814],[146.02655,-18.3918],[146.02049,-18.38947],[146.01056,-18.3889],[146.00885,-18.39115],[146.00098,-18.39355],[145.99198,-18.39377],[145.98359,-18.39711],[145.98037,-18.39535],[145.97412,-18.39593],[145.9618,-18.39442],[145.94733,-18.36431],[145.93344,-18.37047],[145.9293,-18.36966],[145.91897,-18.37817],[145.91655,-18.37795],[145.90871,-18.38528],[145.90864,-18.38794],[145.89808,-18.39685],[145.89111,-18.39991],[145.88648,-18.40462],[145.87964,-18.40744],[145.87761,-18.40319],[145.87349,-18.40001],[145.87094,-18.40253],[145.86555,-18.40233],[145.85672,-18.40569],[145.84768,-18.40468],[145.83885,-18.40624],[145.83283,-18.40213],[145.82562,-18.40702],[145.81878,-18.40315],[145.81597,-18.39794],[145.81825,-18.39519],[145.81931,-18.38686],[145.8113,-18.37828],[145.80675,-18.37815],[145.80487,-18.38072],[145.8069,-18.38599],[145.7939,-18.38997],[145.79373,-18.39751],[145.79537,-18.40116],[145.79243,-18.40336],[145.78785,-18.40236],[145.78255,-18.39423],[145.77569,-18.39894],[145.76904,-18.39946],[145.76232,-18.39394],[145.75747,-18.39575]]],[[[146.65052,-18.77566],[146.65035,-18.77567],[146.64461,-18.77615],[146.64113,-18.77284],[146.63935,-18.77006],[146.6378,-18.76956],[146.63631,-18.76815],[146.63618,-18.76641],[146.63283,-18.76224],[146.623,-18.76037],[146.61453,-18.76252],[146.60974,-18.75809],[146.61618,-18.76455],[146.6224,-18.7606],[146.62994,-18.76183],[146.63486,-18.76486],[146.63566,-18.76753],[146.63744,-18.76943],[146.63857,-18.76985],[146.64277,-18.77516],[146.64443,-18.77635],[146.64701,-18.77657],[146.65183,-18.77575],[146.66056,-18.77147],[146.65052,-18.77566]]],[[[146.67724,-18.76427],[146.67583,-18.76324],[146.67554,-18.76225],[146.67615,-18.76144],[146.67445,-18.76198],[146.67155,-18.76328],[146.67068,-18.76335],[146.66943,-18.76423],[146.66637,-18.76805],[146.66066,-18.77149],[146.6671,-18.76812],[146.66816,-18.76688],[146.67004,-18.76393],[146.67561,-18.76187],[146.67537,-18.76261],[146.67585,-18.76334],[146.67724,-18.76427]]],[[[146.63494,-18.73929],[146.63788,-18.74574],[146.64173,-18.74993],[146.64285,-18.7506],[146.64575,-18.75087],[146.65163,-18.74985],[146.65657,-18.74801],[146.66631,-18.7466],[146.67286,-18.7435],[146.67663,-18.73998],[146.6844,-18.73762],[146.68898,-18.74082],[146.6839,-18.73721],[146.6746,-18.74055],[146.67303,-18.74283],[146.66572,-18.74662],[146.65615,-18.74785],[146.64849,-18.75035],[146.64367,-18.75054],[146.64024,-18.74814],[146.63494,-18.73929]]],[[[146.63527,-18.73415],[146.63543,-18.73635],[146.63556,-18.73023],[146.63488,-18.72751],[146.62975,-18.722],[146.63084,-18.72334],[146.63091,-18.72339],[146.63485,-18.72829],[146.63536,-18.73412],[146.63527,-18.73415]]],[[[146.62737,-18.7181],[146.6287,-18.71954],[146.62711,-18.71777],[146.62728,-18.71802],[146.62737,-18.7181]]],[[[146.61052,-18.7034],[146.61746,-18.70529],[146.61142,-18.7035],[146.60411,-18.69961],[146.59773,-18.69799],[146.59395,-18.69305],[146.59346,-18.68887],[146.59583,-18.68524],[146.59268,-18.68985],[146.59397,-18.69366],[146.59764,-18.6981],[146.60421,-18.69979],[146.61042,-18.70336],[146.61052,-18.7034]]],[[[146.57957,-18.69276],[146.57995,-18.69081],[146.57805,-18.68812],[146.57377,-18.68415],[146.57959,-18.69039],[146.57957,-18.69276]]],[[[146.58515,-18.71695],[146.5894,-18.71199],[146.58365,-18.7037],[146.58608,-18.7098],[146.58905,-18.71205],[146.58515,-18.71695]]],[[[146.57773,-18.73198],[146.57826,-18.72581],[146.58115,-18.72289],[146.5825,-18.71966],[146.57833,-18.72516],[146.57777,-18.72876],[146.57773,-18.73198]]],[[[146.57021,-18.7513],[146.57348,-18.75269],[146.5751,-18.75155],[146.57748,-18.74887],[146.57659,-18.74748],[146.57648,-18.74995],[146.57438,-18.75018],[146.57166,-18.75155],[146.57021,-18.7513]]],[[[146.56817,-18.75964],[146.57025,-18.75617],[146.56697,-18.75194],[146.57002,-18.75596],[146.56817,-18.75964]]],[[[146.57615,-18.76773],[146.57037,-18.76458],[146.56815,-18.76052],[146.56946,-18.7641],[146.57615,-18.76773]]],[[[146.60484,-18.76111],[146.59382,-18.75707],[146.58691,-18.75825],[146.57916,-18.76585],[146.58147,-18.76925],[146.57978,-18.7653],[146.58488,-18.76232],[146.58711,-18.7585],[146.59482,-18.7579],[146.60484,-18.76111]]],[[[146.53895,-18.65979],[146.53914,-18.65707],[146.54278,-18.6538],[146.54624,-18.65231],[146.55047,-18.65419],[146.54809,-18.65241],[146.54448,-18.65218],[146.54137,-18.65459],[146.53799,-18.65818],[146.53895,-18.65979]]],[[[146.55144,-18.67247],[146.54433,-18.66017],[146.54111,-18.65948],[146.54423,-18.66085],[146.55144,-18.67247]]],[[[146.55604,-18.68796],[146.55489,-18.68354],[146.55198,-18.68203],[146.55173,-18.67302],[146.55144,-18.68182],[146.55604,-18.68796]]],[[[146.5675,-18.67056],[146.56187,-18.67593],[146.55873,-18.68686],[146.56223,-18.67622],[146.5675,-18.67056]]],[[[146.54263,-18.83696],[146.54854,-18.83822],[146.54973,-18.8388],[146.54955,-18.8399],[146.55046,-18.84291],[146.55101,-18.84361],[146.55115,-18.8439],[146.55069,-18.84431],[146.5502,-18.84561],[146.5494,-18.84857],[146.54788,-18.8481],[146.5499,-18.84878],[146.55118,-18.84415],[146.55116,-18.84373],[146.55106,-18.84334],[146.5509,-18.84308],[146.55083,-18.84154],[146.55031,-18.84011],[146.55031,-18.83909],[146.54862,-18.83795],[146.54786,-18.83802],[146.54263,-18.83696]]],[[[146.53519,-18.7788],[146.53973,-18.77953],[146.54396,-18.78854],[146.54857,-18.78882],[146.54009,-18.77954],[146.53519,-18.7788]]],[[[146.50693,-18.66188],[146.50705,-18.6594],[146.50486,-18.66054],[146.51181,-18.6654],[146.51245,-18.6744],[146.51845,-18.68407],[146.51269,-18.67412],[146.51341,-18.66623],[146.50709,-18.66196],[146.50693,-18.66188]]],[[[146.50876,-18.69681],[146.51114,-18.69662],[146.51836,-18.68435],[146.50876,-18.69681]]],[[[146.52119,-18.71471],[146.51731,-18.71007],[146.51327,-18.70799],[146.50961,-18.70281],[146.50863,-18.69681],[146.50804,-18.69991],[146.50957,-18.70368],[146.5132,-18.70849],[146.52119,-18.71471]]],[[[146.49346,-18.60009],[146.48917,-18.60178],[146.49122,-18.61024],[146.4891,-18.6134],[146.48364,-18.61445],[146.49436,-18.62719],[146.49804,-18.62955],[146.50007,-18.63361],[146.49878,-18.63825],[146.49406,-18.643],[146.49243,-18.6482],[146.48865,-18.65386],[146.48961,-18.65872],[146.48856,-18.66472],[146.49922,-18.6605],[146.50405,-18.65392],[146.5031,-18.64828],[146.50649,-18.63899],[146.50455,-18.62792],[146.50786,-18.62634],[146.50606,-18.61912],[146.50023,-18.61234],[146.50021,-18.60828],[146.50305,-18.60533],[146.50397,-18.59924],[146.49743,-18.59156],[146.49716,-18.58173],[146.49238,-18.57272],[146.48431,-18.56744],[146.48325,-18.56936],[146.48576,-18.57659],[146.48104,-18.58238],[146.48487,-18.59343],[146.48985,-18.5924],[146.49365,-18.59487],[146.49346,-18.60009]]],[[[146.49768,-18.56289],[146.50087,-18.56118],[146.505,-18.55552],[146.5033,-18.54434],[146.49735,-18.53825],[146.49128,-18.53813],[146.48805,-18.5459],[146.48943,-18.55073],[146.48815,-18.55805],[146.49483,-18.56267],[146.49768,-18.56289]]]]},"properties":{"LGA Code":"3800","Abbreviated Name":"Hinchinbrook","LGA Name":"Hinchinbrook Shire","Area Sq Km":11385.08266,"LDMG Name":"Hinchinbrook","Police Region Name":"Northern Region","Police Region Code":"NR","Police Region Short Name":"Northern"}},{"type":"Feature","geometry":{"type":"Polygon","coordinates":[[[140.92145,-19.13534],[140.9312,-19.13937],[140.94016,-19.14721],[140.94318,-19.15123],[140.94382,-19.15878],[140.9393,-19.16412],[140.93922,-19.17278],[140.94308,-19.17324],[140.94373,-19.17876],[140.94666,-19.18076],[140.95244,-19.18073],[140.95562,-19.18701],[140.95311,-19.19128],[140.95688,-19.19896],[140.96715,-19.20432],[140.96626,-19.21092],[140.97414,-19.21443],[140.97609,-19.22539],[140.98336,-19.23293],[140.9862,-19.23883],[140.9893,-19.24182],[140.99057,-19.24722],[140.98961,-19.2522],[140.99735,-19.25831],[140.99634,-19.26188],[140.9876,-19.26313],[140.9792,-19.26578],[140.97617,-19.26865],[140.97488,-19.27477],[140.97117,-19.2815],[140.97249,-19.28791],[140.97808,-19.29367],[140.97796,-19.29926],[140.98321,-19.30624],[140.98398,-19.31017],[140.98248,-19.31739],[140.97889,-19.32128],[140.98039,-19.32546],[140.97539,-19.3283],[140.97863,-19.33349],[140.9788,-19.33852],[140.98423,-19.33722],[140.985,-19.34071],[140.98188,-19.34586],[140.98128,-19.35004],[140.98786,-19.36184],[140.98948,-19.3723],[140.99465,-19.38183],[140.99705,-19.38159],[141.002,-19.38992],[141.00571,-19.39251],[141.00068,-19.39837],[141.00111,-19.40886],[141.00829,-19.41556],[141.01023,-19.42298],[141.01803,-19.4273],[141.01928,-19.43469],[141.02552,-19.43156],[141.02927,-19.43185],[141.02983,-19.43671],[141.02271,-19.44226],[141.0202,-19.44569],[141.02279,-19.45124],[141.0223,-19.45519],[141.02446,-19.46024],[141.02043,-19.46232],[141.02224,-19.46877],[141.02877,-19.47668],[141.03005,-19.48533],[141.03684,-19.49001],[141.03979,-19.49463],[141.00765,-19.52664],[141.01249,-19.54459],[141.01196,-19.5529],[141.01564,-19.55724],[140.94693,-19.58231],[140.9427,-19.64034],[140.86464,-19.63521],[140.85934,-19.64041],[140.74922,-19.62846],[140.75284,-19.63509],[140.74557,-19.63727],[140.74929,-19.64546],[140.74782,-19.64962],[140.75039,-19.65698],[140.74707,-19.66278],[140.74201,-19.6627],[140.73943,-19.66689],[140.82158,-19.70886],[140.81806,-19.75755],[140.81841,-19.75939],[140.88637,-19.76394],[140.88159,-19.83193],[140.87477,-19.92831],[140.89853,-19.92981],[140.89932,-19.93203],[140.7835,-20.02348],[140.86552,-20.12301],[140.87739,-20.11718],[140.8906,-20.11291],[140.89994,-20.11105],[140.90122,-20.11266],[140.99705,-20.22355],[140.91598,-20.28665],[140.90931,-20.2923],[140.90849,-20.29915],[140.94107,-20.30054],[141.02645,-20.30981],[141.0323,-20.30796],[141.08125,-20.31384],[141.06431,-20.33399],[141.05902,-20.34567],[141.05662,-20.35705],[141.05914,-20.35908],[141.0589,-20.36808],[141.05438,-20.36917],[141.05073,-20.37261],[141.0413,-20.37556],[141.03936,-20.37739],[141.02952,-20.37955],[141.01973,-20.38426],[141.01775,-20.38678],[141.01359,-20.42959],[141.0242,-20.48384],[141.03801,-20.51259],[141.04008,-20.54341],[141.08202,-20.59023],[141.07756,-20.64514],[140.96661,-20.63116],[140.96007,-20.63482],[140.9591,-20.64388],[140.95567,-20.64718],[140.95978,-20.65761],[140.9557,-20.6669],[140.95317,-20.67659],[140.95597,-20.68306],[140.95613,-20.68817],[140.95103,-20.6971],[140.95345,-20.70985],[140.95121,-20.72134],[140.95288,-20.7283],[140.95235,-20.73564],[140.94962,-20.74293],[140.94424,-20.74939],[140.93998,-20.75141],[140.92991,-20.75345],[140.92542,-20.75834],[140.92444,-20.76599],[140.91489,-20.78156],[140.91283,-20.79164],[140.90401,-20.80539],[140.90207,-20.81246],[140.89666,-20.81831],[140.88931,-20.81941],[140.88555,-20.82493],[140.87476,-20.8246],[140.86574,-20.83061],[140.86221,-20.83751],[140.85039,-20.84595],[140.85104,-20.85333],[140.84209,-20.8612],[140.837,-20.8693],[140.8314,-20.87367],[140.83133,-20.88032],[140.83356,-20.88347],[140.83379,-20.89201],[140.8353,-20.89685],[140.83935,-20.90204],[140.8385,-20.90703],[140.82986,-20.913],[140.83513,-20.92808],[140.8447,-20.94355],[140.84939,-20.94847],[140.84881,-20.95829],[140.84172,-20.9627],[140.8363,-20.96415],[140.83448,-20.97718],[140.83158,-20.97895],[140.82923,-20.98895],[140.87396,-20.99181],[140.86594,-21.09892],[140.83504,-21.09688],[140.83395,-21.11137],[140.80586,-21.19479],[140.80905,-21.22047],[140.88249,-21.2253],[140.87602,-21.32303],[140.8592,-21.32191],[140.85631,-21.35912],[140.80752,-21.35449],[140.80014,-21.41962],[140.82481,-21.42685],[140.83227,-21.42571],[140.8425,-21.42686],[140.84955,-21.4376],[140.85929,-21.45865],[140.86492,-21.47992],[140.8735,-21.49466],[140.8814,-21.50522],[140.89289,-21.52588],[140.9044,-21.53379],[140.90643,-21.53724],[140.91376,-21.54459],[140.92198,-21.55149],[140.92588,-21.55618],[140.93273,-21.56828],[140.9411,-21.58057],[140.94671,-21.59275],[140.95184,-21.60109],[140.95297,-21.61053],[140.95909,-21.62485],[140.95054,-21.6243],[140.92197,-21.69767],[140.92082,-21.71291],[140.92644,-21.73124],[140.92329,-21.77312],[140.88985,-21.81166],[140.86505,-21.80973],[140.86046,-21.86911],[140.8812,-21.87052],[140.88106,-21.87234],[140.85639,-21.91372],[140.85485,-21.93445],[140.91256,-21.93826],[140.90941,-21.96835],[140.88278,-22.0486],[140.90968,-22.04636],[140.91339,-22.04748],[140.94063,-22.04968],[140.9475,-22.04878],[140.95009,-22.05032],[140.9809,-22.05289],[140.98944,-21.94333],[140.99384,-21.89385],[141.06359,-21.90245],[141.06295,-21.92867],[141.30968,-21.93966],[141.48326,-21.94716],[141.50805,-21.75205],[141.58257,-21.75812],[141.5792,-21.79428],[141.73893,-21.80718],[141.74039,-21.79136],[141.93922,-21.8072],[142.04826,-21.81578],[142.05736,-21.75479],[142.06614,-21.69766],[142.06752,-21.65354],[142.06916,-21.61038],[142.06452,-21.60837],[142.06474,-21.60428],[142.06936,-21.60471],[142.0709,-21.56321],[142.07203,-21.54071],[142.07367,-21.52333],[142.03825,-21.52006],[142.08028,-21.48832],[142.09166,-21.38259],[142.064,-21.37988],[142.13765,-21.32348],[142.04725,-21.22427],[142.05766,-21.21652],[142.15767,-21.23474],[142.24986,-21.23618],[142.25529,-21.16972],[142.22242,-21.16736],[142.23159,-21.07011],[142.23245,-21.07034],[142.23775,-21.01414],[142.19907,-21.01078],[142.20308,-20.98753],[142.2919,-20.9949],[142.29561,-20.95256],[142.3019,-20.88423],[142.32092,-20.88617],[142.33099,-20.79406],[142.35488,-20.79642],[142.36337,-20.71986],[142.30988,-20.71468],[142.33465,-20.66515],[142.33907,-20.66556],[142.34491,-20.60064],[142.34106,-20.60032],[142.34239,-20.58574],[142.34446,-20.57117],[142.34724,-20.57153],[142.36165,-20.56846],[142.37375,-20.43972],[142.37069,-20.43946],[142.38064,-20.33401],[142.33582,-20.33032],[142.34698,-20.21145],[142.35388,-20.13815],[142.3609,-20.06258],[142.36893,-19.97547],[142.37937,-19.8617],[142.34928,-19.85918],[142.36304,-19.72548],[142.37515,-19.59987],[142.60224,-19.62005],[142.60956,-19.54776],[142.59213,-19.5466],[142.60478,-19.40321],[142.5611,-19.40023],[142.39669,-19.38841],[142.39531,-19.40226],[142.37437,-19.40038],[142.16649,-19.38159],[142.15907,-19.45503],[142.03434,-19.44271],[142.03646,-19.42195],[141.90474,-19.41051],[141.90797,-19.37179],[141.81036,-19.36876],[141.75337,-19.30377],[141.73461,-19.3193],[141.69205,-19.35724],[141.68985,-19.35148],[141.68842,-19.34111],[141.67886,-19.33519],[141.67748,-19.32885],[141.66558,-19.32452],[141.66006,-19.3179],[141.64626,-19.31775],[141.63988,-19.31088],[141.63893,-19.30718],[141.60848,-19.3314],[141.58342,-19.32931],[141.41067,-19.3135],[141.41745,-19.24371],[141.3586,-19.24009],[141.30923,-19.22643],[141.1931,-19.21172],[141.09564,-19.19999],[141.09841,-19.17542],[141.10488,-19.16235],[141.10633,-19.14787],[140.92145,-19.13534]]]},"properties":{"LGA Code":"4800","Abbreviated Name":"McKinlay","LGA Name":"McKinlay Shire","Area Sq Km":40732.91399,"LDMG Name":"McKinlay","Police Region Name":"Northern Region","Police Region Code":"NR","Police Region Short Name":"Northern"}},{"type":"Feature","geometry":{"type":"MultiPolygon","coordinates":[[[[139.85518,-16.67575],[139.85875,-16.67223],[139.86029,-16.66782],[139.86737,-16.66352],[139.875,-16.66256],[139.87925,-16.65659],[139.88704,-16.65347],[139.87684,-16.64934],[139.87466,-16.6452],[139.87017,-16.64626],[139.86852,-16.6494],[139.86893,-16.65765],[139.86039,-16.66127],[139.8526,-16.66115],[139.84958,-16.66276],[139.8536,-16.67019],[139.85518,-16.67575]]],[[[139.82653,-16.70272],[139.83366,-16.70258],[139.83904,-16.69846],[139.83197,-16.69773],[139.82653,-16.70272]]],[[[139.80723,-16.49634],[139.80947,-16.49106],[139.80422,-16.48761],[139.80261,-16.48994],[139.80723,-16.49634]]],[[[139.73042,-16.50073],[139.73275,-16.5006],[139.734,-16.4915],[139.7333,-16.48588],[139.73481,-16.47818],[139.73032,-16.47255],[139.72898,-16.46199],[139.73059,-16.4564],[139.72689,-16.45219],[139.71777,-16.45088],[139.71274,-16.45806],[139.71205,-16.46655],[139.70666,-16.4734],[139.70121,-16.47498],[139.7056,-16.48484],[139.70908,-16.48972],[139.71339,-16.4919],[139.71983,-16.49029],[139.72631,-16.49319],[139.73042,-16.50073]]],[[[139.28657,-16.73495],[139.30167,-16.72492],[139.30765,-16.72492],[139.31305,-16.73023],[139.32559,-16.70909],[139.32933,-16.70859],[139.33321,-16.70422],[139.34634,-16.69382],[139.35081,-16.68909],[139.35137,-16.68363],[139.34611,-16.67841],[139.34713,-16.67547],[139.35713,-16.67792],[139.36534,-16.68649],[139.36947,-16.68865],[139.36562,-16.67767],[139.36911,-16.67063],[139.37796,-16.66302],[139.38124,-16.65619],[139.3728,-16.64761],[139.37193,-16.6433],[139.37181,-16.62817],[139.36898,-16.62074],[139.37435,-16.62022],[139.37397,-16.61664],[139.36437,-16.60924],[139.36367,-16.60453],[139.36665,-16.60336],[139.37348,-16.6058],[139.3807,-16.61239],[139.38655,-16.61403],[139.37784,-16.62159],[139.38427,-16.62421],[139.39346,-16.63605],[139.3993,-16.63751],[139.40727,-16.64517],[139.41525,-16.65872],[139.4169,-16.66426],[139.41433,-16.66856],[139.41565,-16.67135],[139.42074,-16.67015],[139.43346,-16.67081],[139.43811,-16.67239],[139.44013,-16.66995],[139.44821,-16.66705],[139.4486,-16.65697],[139.44992,-16.65193],[139.4465,-16.64569],[139.44144,-16.64168],[139.43959,-16.63624],[139.43558,-16.63201],[139.44748,-16.62845],[139.45543,-16.62833],[139.46044,-16.63013],[139.46559,-16.62839],[139.47043,-16.62023],[139.47213,-16.61479],[139.46636,-16.60641],[139.46805,-16.59972],[139.46993,-16.58558],[139.46422,-16.58257],[139.45441,-16.58121],[139.45805,-16.56961],[139.46648,-16.56146],[139.47409,-16.55716],[139.4837,-16.55602],[139.49566,-16.56041],[139.49528,-16.5678],[139.49915,-16.57168],[139.50053,-16.57618],[139.50623,-16.57727],[139.5064,-16.56869],[139.51272,-16.56141],[139.51532,-16.55655],[139.51399,-16.54643],[139.51242,-16.54466],[139.50394,-16.54452],[139.49827,-16.54656],[139.49078,-16.54755],[139.4833,-16.54589],[139.47994,-16.54033],[139.47251,-16.5325],[139.46961,-16.53168],[139.47015,-16.52647],[139.47618,-16.52065],[139.48223,-16.52383],[139.49271,-16.52382],[139.49942,-16.51561],[139.50831,-16.512],[139.51248,-16.51656],[139.52735,-16.51624],[139.53034,-16.51759],[139.53254,-16.51256],[139.52924,-16.50924],[139.53108,-16.50588],[139.53674,-16.50197],[139.54067,-16.4928],[139.54167,-16.48744],[139.5506,-16.48357],[139.56028,-16.48096],[139.56204,-16.48442],[139.55777,-16.48719],[139.55796,-16.49268],[139.56524,-16.49646],[139.57655,-16.50096],[139.58002,-16.50568],[139.58056,-16.51082],[139.57556,-16.51635],[139.57835,-16.52159],[139.57928,-16.52859],[139.58827,-16.53261],[139.58802,-16.5422],[139.59278,-16.5465],[139.59212,-16.5517],[139.59492,-16.55533],[139.60259,-16.54896],[139.61248,-16.54249],[139.62334,-16.53818],[139.62761,-16.53406],[139.6337,-16.53203],[139.63854,-16.53289],[139.64272,-16.52703],[139.65072,-16.52592],[139.65689,-16.52046],[139.6624,-16.51897],[139.67337,-16.51895],[139.68157,-16.52043],[139.68644,-16.52651],[139.68716,-16.535],[139.69362,-16.5356],[139.70039,-16.53405],[139.70472,-16.53476],[139.71153,-16.53222],[139.70951,-16.52815],[139.70916,-16.52235],[139.70104,-16.51875],[139.69776,-16.51573],[139.69954,-16.51182],[139.6988,-16.49658],[139.70166,-16.48848],[139.6982,-16.47963],[139.6933,-16.4776],[139.69064,-16.46904],[139.68651,-16.46827],[139.68068,-16.47048],[139.67866,-16.46527],[139.68115,-16.45883],[139.6784,-16.45381],[139.6726,-16.45159],[139.66142,-16.45233],[139.65173,-16.45096],[139.64317,-16.44604],[139.63337,-16.43388],[139.62476,-16.4269],[139.61608,-16.42161],[139.60425,-16.4045],[139.58954,-16.40135],[139.56927,-16.39947],[139.55637,-16.3962],[139.54742,-16.3916],[139.5424,-16.39767],[139.53704,-16.39915],[139.5381,-16.40468],[139.53523,-16.40969],[139.52708,-16.41433],[139.51802,-16.41823],[139.49862,-16.42492],[139.48572,-16.43082],[139.48272,-16.43576],[139.47476,-16.43917],[139.47456,-16.44224],[139.46718,-16.44577],[139.45627,-16.44848],[139.44496,-16.44918],[139.43008,-16.44862],[139.42262,-16.44639],[139.40047,-16.44825],[139.38677,-16.4525],[139.37965,-16.452],[139.36313,-16.45314],[139.35896,-16.45932],[139.36042,-16.46072],[139.37221,-16.4646],[139.37026,-16.46872],[139.35995,-16.46395],[139.35602,-16.45806],[139.34763,-16.46256],[139.33312,-16.46611],[139.32542,-16.46521],[139.31573,-16.46122],[139.30953,-16.46134],[139.30196,-16.46497],[139.29812,-16.46861],[139.29043,-16.4789],[139.27878,-16.48529],[139.26358,-16.49473],[139.25539,-16.49729],[139.24833,-16.5022],[139.24124,-16.50533],[139.2433,-16.50897],[139.24129,-16.51907],[139.23706,-16.52419],[139.23018,-16.52933],[139.2179,-16.5362],[139.22076,-16.5398],[139.21301,-16.55058],[139.21696,-16.55614],[139.21652,-16.56028],[139.21004,-16.57123],[139.20022,-16.57955],[139.18412,-16.59025],[139.17511,-16.59884],[139.16841,-16.60297],[139.16046,-16.60982],[139.16179,-16.61721],[139.1594,-16.62351],[139.15335,-16.62946],[139.15004,-16.63446],[139.15419,-16.63899],[139.15838,-16.64894],[139.15876,-16.65832],[139.16254,-16.66614],[139.16655,-16.66804],[139.17329,-16.66655],[139.1759,-16.66804],[139.18994,-16.66698],[139.19305,-16.66933],[139.19695,-16.67725],[139.19708,-16.68447],[139.19578,-16.69408],[139.19976,-16.70765],[139.20496,-16.70709],[139.20758,-16.69611],[139.21625,-16.69056],[139.21762,-16.69339],[139.21093,-16.69985],[139.20946,-16.70751],[139.218,-16.70995],[139.22339,-16.71505],[139.22636,-16.72338],[139.22646,-16.72773],[139.22926,-16.73268],[139.23272,-16.732],[139.24332,-16.7264],[139.2509,-16.72493],[139.26423,-16.72588],[139.26809,-16.73192],[139.27417,-16.73389],[139.28102,-16.7328],[139.28657,-16.73495]]],[[[139.6143,-17.13964],[139.61393,-17.1277],[139.61252,-17.12532],[139.61426,-17.11634],[139.62011,-17.10725],[139.62932,-17.09013],[139.63351,-17.08603],[139.63459,-17.08083],[139.63954,-17.07434],[139.63362,-17.06542],[139.62606,-17.06208],[139.62407,-17.06703],[139.62591,-17.07313],[139.62512,-17.07836],[139.62214,-17.08119],[139.61925,-17.08719],[139.61385,-17.09332],[139.61581,-17.09957],[139.61512,-17.10527],[139.60684,-17.11085],[139.59573,-17.11239],[139.5984,-17.12105],[139.59859,-17.12926],[139.60434,-17.13832],[139.60887,-17.13707],[139.6143,-17.13964]]],[[[139.42188,-17.12562],[139.42216,-17.11737],[139.42621,-17.11127],[139.42806,-17.10339],[139.44649,-17.09965],[139.45105,-17.09765],[139.46119,-17.09535],[139.47468,-17.09332],[139.47736,-17.1003],[139.47511,-17.10739],[139.47664,-17.11312],[139.47991,-17.11752],[139.49115,-17.11457],[139.50375,-17.11743],[139.50817,-17.12033],[139.51058,-17.1146],[139.51447,-17.11265],[139.51872,-17.10509],[139.5326,-17.10014],[139.54668,-17.09863],[139.55223,-17.09956],[139.55978,-17.09488],[139.56731,-17.0924],[139.57454,-17.09191],[139.57012,-17.08235],[139.5612,-17.07533],[139.55593,-17.06832],[139.5509,-17.05498],[139.54986,-17.04515],[139.55587,-17.03657],[139.54868,-17.03498],[139.54347,-17.03146],[139.53709,-17.02343],[139.52548,-17.01313],[139.52044,-17.00985],[139.50938,-16.99718],[139.50297,-16.985],[139.49283,-16.98087],[139.49543,-16.99059],[139.49327,-16.99733],[139.49572,-17.00225],[139.49378,-17.00959],[139.49448,-17.01418],[139.49048,-17.01996],[139.48365,-17.02643],[139.47612,-17.02851],[139.47394,-17.03179],[139.46482,-17.03],[139.45793,-17.03053],[139.45557,-17.03896],[139.45466,-17.05081],[139.45194,-17.05593],[139.44665,-17.06012],[139.43437,-17.06624],[139.42383,-17.079],[139.41354,-17.08365],[139.40492,-17.08433],[139.39438,-17.08217],[139.39581,-17.09076],[139.40115,-17.09999],[139.40096,-17.10598],[139.40556,-17.10856],[139.4107,-17.1154],[139.41117,-17.12219],[139.41409,-17.12525],[139.42188,-17.12562]]],[[[139.54947,-17.1292],[139.55194,-17.12944],[139.55465,-17.123],[139.55901,-17.11883],[139.55578,-17.11609],[139.54921,-17.12463],[139.54947,-17.1292]]],[[[139.43839,-16.69613],[139.44156,-16.69837],[139.44133,-16.70368],[139.44579,-16.70639],[139.45345,-16.70747],[139.45939,-16.70242],[139.4647,-16.69987],[139.466,-16.69329],[139.47201,-16.68292],[139.47599,-16.68001],[139.47539,-16.67609],[139.47141,-16.66985],[139.46572,-16.66856],[139.46308,-16.6711],[139.45271,-16.67486],[139.44805,-16.68038],[139.44401,-16.68243],[139.44343,-16.68752],[139.43839,-16.69613]]],[[[139.38381,-17.07246],[139.37487,-17.06919],[139.36629,-17.06878],[139.36831,-17.07216],[139.38266,-17.07502],[139.38381,-17.07246]]],[[[139.26621,-16.99815],[139.27049,-16.99961],[139.27488,-16.99275],[139.26875,-16.98909],[139.26298,-16.98734],[139.26335,-16.99311],[139.26192,-16.99864],[139.26621,-16.99815]]],[[[139.27311,-16.27502],[139.2776,-16.26958],[139.27226,-16.26958],[139.27311,-16.27502]]],[[[139.25095,-17.05478],[139.26427,-17.05463],[139.25261,-17.04649],[139.245,-17.0381],[139.2416,-17.03114],[139.22887,-17.0233],[139.22472,-17.01748],[139.21818,-17.01385],[139.21229,-17.00607],[139.20727,-17.0056],[139.20551,-17.01069],[139.20768,-17.01624],[139.21254,-17.02213],[139.21444,-17.02787],[139.21468,-17.03395],[139.21893,-17.03154],[139.224,-17.03191],[139.22882,-17.0422],[139.23554,-17.04691],[139.23906,-17.04531],[139.24787,-17.04538],[139.25107,-17.05011],[139.25095,-17.05478]]],[[[139.13953,-16.74979],[139.1413,-16.75397],[139.14803,-16.74888],[139.15378,-16.74798],[139.1617,-16.749],[139.15983,-16.7417],[139.16069,-16.73792],[139.16545,-16.73235],[139.17139,-16.72844],[139.1781,-16.7281],[139.18605,-16.71913],[139.18497,-16.71269],[139.18102,-16.7015],[139.18134,-16.69819],[139.18491,-16.69282],[139.18746,-16.67923],[139.18349,-16.67485],[139.17699,-16.67251],[139.17077,-16.67177],[139.15136,-16.68656],[139.14548,-16.69374],[139.14405,-16.70136],[139.14005,-16.70768],[139.14019,-16.7152],[139.14382,-16.71893],[139.14652,-16.72673],[139.14722,-16.73227],[139.14311,-16.74312],[139.13953,-16.74979]]],[[[139.09484,-16.8425],[139.09836,-16.84036],[139.10397,-16.83419],[139.11292,-16.83051],[139.11505,-16.83096],[139.11943,-16.8254],[139.12217,-16.82705],[139.13108,-16.82361],[139.13482,-16.82561],[139.14479,-16.82624],[139.14926,-16.8206],[139.14607,-16.81593],[139.13795,-16.81103],[139.13449,-16.80169],[139.13085,-16.79908],[139.12627,-16.80251],[139.09941,-16.81268],[139.09533,-16.81305],[139.0951,-16.81858],[139.09084,-16.82702],[139.09155,-16.83215],[139.09484,-16.8425]]],[[[139.13961,-16.76125],[139.14686,-16.76253],[139.14251,-16.75624],[139.13961,-16.76125]]],[[[139.06378,-16.898],[139.06979,-16.90399],[139.07187,-16.90207],[139.06859,-16.89347],[139.05976,-16.88863],[139.05782,-16.88526],[139.05227,-16.88865],[139.05736,-16.89336],[139.05795,-16.89619],[139.06378,-16.898]]],[[[139.05925,-16.87553],[139.06638,-16.87115],[139.06317,-16.86459],[139.05786,-16.86974],[139.05925,-16.87553]]]]},"properties":{"LGA Code":"5250","Abbreviated Name":"Mornington","LGA Name":"Mornington Shire","Area Sq Km":1212.20294,"LDMG Name":"Mornington","Police Region Name":"Northern Region","Police Region Code":"NR","Police Region Short Name":"Northern"}},{"type":"Feature","geometry":{"type":"Polygon","coordinates":[[[139.55327,-20.90098],[139.72339,-20.90583],[139.73067,-20.77934],[139.73691,-20.77948],[139.74339,-20.6666],[139.79857,-20.67054],[139.80042,-20.63173],[139.86134,-20.63304],[139.89449,-20.63481],[139.90094,-20.62953],[139.90225,-20.62602],[139.90713,-20.62591],[139.90914,-20.62312],[139.90969,-20.61539],[139.90831,-20.6112],[139.91126,-20.60429],[139.90752,-20.59338],[139.90894,-20.59056],[139.90268,-20.5827],[139.89767,-20.58227],[139.89707,-20.57666],[139.89286,-20.57479],[139.88831,-20.56957],[139.88882,-20.56615],[139.8834,-20.56299],[139.8876,-20.54505],[139.88429,-20.53777],[139.87942,-20.53123],[139.86973,-20.52479],[139.86822,-20.51977],[139.86905,-20.50795],[139.86682,-20.50062],[139.8633,-20.49852],[139.86876,-20.49306],[139.86797,-20.48654],[139.87437,-20.48479],[139.88169,-20.46959],[139.88061,-20.46498],[139.8803,-20.44849],[139.88143,-20.44613],[139.87874,-20.44087],[139.87823,-20.43598],[139.88751,-20.43835],[139.90215,-20.43947],[139.90609,-20.45015],[139.90902,-20.45563],[139.91272,-20.4553],[139.919,-20.4579],[139.92157,-20.46181],[139.93336,-20.46264],[139.93671,-20.46046],[139.94182,-20.4619],[139.94537,-20.46605],[139.95052,-20.46773],[139.95048,-20.47352],[139.95497,-20.47614],[139.9636,-20.48824],[139.97065,-20.50026],[139.98019,-20.50805],[139.98894,-20.51334],[139.99099,-20.51724],[139.99807,-20.52418],[140.00182,-20.52599],[140.00238,-20.52998],[140.01162,-20.53351],[140.02629,-20.53807],[140.03289,-20.53523],[140.03109,-20.5305],[140.02451,-20.52377],[140.01871,-20.50903],[140.0166,-20.5074],[140.01901,-20.48692],[140.01965,-20.46698],[140.02144,-20.45176],[140.02166,-20.44212],[140.0231,-20.4364],[140.013,-20.42104],[139.97426,-20.40476],[139.94865,-20.40165],[139.94347,-20.39557],[139.94347,-20.39042],[139.94746,-20.38504],[139.95391,-20.38155],[139.95263,-20.3731],[139.94284,-20.36183],[139.94591,-20.35149],[139.94233,-20.34632],[139.94616,-20.34214],[139.94461,-20.325],[139.94776,-20.31653],[139.94392,-20.30729],[139.94466,-20.29897],[139.94773,-20.29945],[139.95009,-20.29309],[139.95325,-20.29395],[139.95802,-20.28332],[139.96249,-20.28513],[139.96992,-20.28369],[139.96852,-20.27727],[139.97476,-20.27568],[139.97681,-20.27002],[139.98169,-20.26508],[139.97679,-20.25709],[139.9759,-20.25197],[139.97859,-20.24514],[139.97711,-20.23966],[139.98292,-20.23637],[139.98365,-20.23312],[139.9729,-20.223],[139.97071,-20.21299],[139.95824,-20.20973],[139.94927,-20.20915],[139.93797,-20.21241],[139.92637,-20.21145],[139.8854,-20.22613],[139.86564,-20.22781],[139.85796,-20.2323],[139.84849,-20.22861],[139.83529,-20.22891],[139.80803,-20.22639],[139.79968,-20.22504],[139.73491,-20.23749],[139.73287,-20.23046],[139.73282,-20.21465],[139.74159,-20.20313],[139.74078,-20.19632],[139.73046,-20.18854],[139.73175,-20.1849],[139.7803,-20.18849],[139.78509,-20.1202],[139.78802,-20.0759],[139.79074,-20.03085],[139.79115,-20.02854],[139.79356,-19.97347],[139.80407,-19.9738],[139.80548,-19.88526],[139.80611,-19.80798],[139.79562,-19.80696],[139.79646,-19.79653],[139.72873,-19.79352],[139.72604,-19.84791],[139.66388,-19.84089],[139.51417,-19.82331],[139.53273,-19.72459],[139.47002,-19.71929],[139.4739,-19.65154],[139.48163,-19.51643],[139.48619,-19.43656],[139.51431,-19.43848],[139.51602,-19.29193],[139.5414,-19.29368],[139.5508,-19.16672],[139.34496,-19.15057],[139.20485,-19.13944],[139.20859,-19.08444],[139.1878,-19.08234],[139.17712,-19.07467],[139.17801,-19.06289],[139.1668,-19.04817],[139.15787,-19.04076],[139.19592,-18.98302],[139.18378,-18.97578],[139.22383,-18.91495],[139.15714,-18.87517],[139.04867,-18.96452],[138.98705,-18.90695],[138.9846,-18.90445],[138.99241,-18.90235],[138.99849,-18.89776],[139.00495,-18.8945],[139.0109,-18.88933],[139.02017,-18.88433],[139.03251,-18.88249],[139.04821,-18.875],[139.06845,-18.86783],[139.07693,-18.86708],[138.98688,-18.76957],[138.91621,-18.83026],[138.79964,-18.9302],[138.75646,-18.96718],[138.62874,-18.84028],[138.60489,-18.81696],[138.54687,-18.86691],[138.52763,-18.88302],[138.47526,-18.82479],[138.3116,-18.81674],[138.31407,-18.78306],[138.18976,-18.77582],[138.20333,-18.55318],[138.20557,-18.4997],[138.20963,-18.3931],[138.2118,-18.32833],[138.23736,-18.2017],[137.99561,-18.18231],[137.99589,-18.61556],[137.99597,-18.73068],[137.99601,-18.80337],[137.99611,-18.94873],[137.99618,-19.06019],[137.99604,-19.1567],[137.99595,-19.23945],[137.996,-19.31218],[137.99608,-19.45763],[137.99617,-19.60308],[137.99626,-19.74852],[137.99635,-19.89397],[137.99643,-20.03941],[137.99651,-20.18485],[137.99659,-20.33024],[137.99667,-20.47562],[137.99675,-20.62099],[137.99683,-20.75638],[137.99692,-20.91173],[137.997,-21.0571],[137.99708,-21.19437],[138.1601,-21.20396],[138.16602,-21.13708],[138.17738,-20.99809],[138.34239,-20.99836],[138.31558,-21.02107],[138.37917,-21.08651],[138.41961,-21.12929],[138.36422,-21.1767],[138.49016,-21.31306],[138.53005,-21.31497],[138.5573,-21.28637],[138.65605,-21.17858],[138.68491,-21.14702],[138.74383,-21.12345],[138.81674,-21.06044],[138.88845,-20.99837],[138.98028,-20.92108],[138.99035,-20.91279],[138.98661,-20.90872],[139.04099,-20.86448],[139.12892,-20.96019],[139.39665,-20.96771],[139.40046,-20.93727],[139.39561,-20.89273],[139.47485,-20.89926],[139.53446,-20.90034],[139.55327,-20.90098]]]},"properties":{"LGA Code":"5300","Abbreviated Name":"Mount Isa","LGA Name":"Mount Isa City","Area Sq Km":43209.77211,"LDMG Name":"Mount Isa","Police Region Name":"Northern Region","Police Region Code":"NR","Police Region Short Name":"Northern"}},{"type":"Feature","geometry":{"type":"MultiPolygon","coordinates":[[[[146.66056,-18.77147],[146.66066,-18.77149],[146.66637,-18.76805],[146.66943,-18.76423],[146.67068,-18.76335],[146.67155,-18.76328],[146.67445,-18.76198],[146.67615,-18.76144],[146.67554,-18.76225],[146.67583,-18.76324],[146.67724,-18.76427],[146.67772,-18.76458],[146.67779,-18.76516],[146.67777,-18.76529],[146.68152,-18.76517],[146.68162,-18.76512],[146.68179,-18.76504],[146.68198,-18.76496],[146.68334,-18.76393],[146.68344,-18.7638],[146.68353,-18.76346],[146.68352,-18.76345],[146.68348,-18.76321],[146.68346,-18.76312],[146.68333,-18.76222],[146.68338,-18.76206],[146.68371,-18.76131],[146.68408,-18.76028],[146.6876,-18.75823],[146.68766,-18.75805],[146.68772,-18.75784],[146.68794,-18.75718],[146.69113,-18.76168],[146.69124,-18.76171],[146.69162,-18.76181],[146.69186,-18.76184],[146.69313,-18.76196],[146.69315,-18.76197],[146.69424,-18.76026],[146.69405,-18.75962],[146.69439,-18.75904],[146.694,-18.75842],[146.69383,-18.75827],[146.69346,-18.75753],[146.69348,-18.75711],[146.69344,-18.7567],[146.69389,-18.75567],[146.69377,-18.75563],[146.69202,-18.75539],[146.692,-18.75462],[146.68774,-18.75058],[146.68852,-18.7495],[146.68885,-18.74868],[146.68903,-18.74815],[146.68907,-18.748],[146.68909,-18.74526],[146.68902,-18.74368],[146.68898,-18.74082],[146.6844,-18.73762],[146.67663,-18.73998],[146.67286,-18.7435],[146.66631,-18.7466],[146.65657,-18.74801],[146.65163,-18.74985],[146.64575,-18.75087],[146.64285,-18.7506],[146.64173,-18.74993],[146.63788,-18.74574],[146.63494,-18.73929],[146.63494,-18.73872],[146.63494,-18.73848],[146.63493,-18.73786],[146.63529,-18.73659],[146.63543,-18.73635],[146.63527,-18.73415],[146.63536,-18.73412],[146.63485,-18.72829],[146.63091,-18.72339],[146.63084,-18.72334],[146.62975,-18.722],[146.62968,-18.72188],[146.62934,-18.72127],[146.62908,-18.72068],[146.62905,-18.72064],[146.6287,-18.71954],[146.62737,-18.7181],[146.62728,-18.71802],[146.62711,-18.71777],[146.62706,-18.71773],[146.62298,-18.71396],[146.62281,-18.71371],[146.62072,-18.71026],[146.62038,-18.70891],[146.61967,-18.70752],[146.61953,-18.70739],[146.61932,-18.70723],[146.6192,-18.70718],[146.61735,-18.70573],[146.61736,-18.70569],[146.61737,-18.70564],[146.61746,-18.70529],[146.61052,-18.7034],[146.61042,-18.70336],[146.60421,-18.69979],[146.59764,-18.6981],[146.59397,-18.69366],[146.59268,-18.68985],[146.59583,-18.68524],[146.59626,-18.6849],[146.59663,-18.68345],[146.59617,-18.68319],[146.59614,-18.6831],[146.59612,-18.68298],[146.59069,-18.68377],[146.59041,-18.68394],[146.59025,-18.68403],[146.58904,-18.68476],[146.58864,-18.6848],[146.58625,-18.68464],[146.58537,-18.68465],[146.58441,-18.68479],[146.5841,-18.68483],[146.58092,-18.68323],[146.57913,-18.68202],[146.57681,-18.67711],[146.5764,-18.67681],[146.57402,-18.67647],[146.57253,-18.67749],[146.57227,-18.67862],[146.57223,-18.67882],[146.57219,-18.67911],[146.57213,-18.67946],[146.5721,-18.67962],[146.57182,-18.68131],[146.57223,-18.68243],[146.57296,-18.68329],[146.57376,-18.68414],[146.57377,-18.68415],[146.57805,-18.68812],[146.57995,-18.69081],[146.57957,-18.69276],[146.57955,-18.6929],[146.58047,-18.69788],[146.58085,-18.69867],[146.58364,-18.70369],[146.58365,-18.7037],[146.5894,-18.71199],[146.58515,-18.71695],[146.58511,-18.71697],[146.58254,-18.71959],[146.5825,-18.71966],[146.58115,-18.72289],[146.57826,-18.72581],[146.57773,-18.73198],[146.57758,-18.73219],[146.5775,-18.73259],[146.57749,-18.73262],[146.5773,-18.73332],[146.5773,-18.73342],[146.57729,-18.73477],[146.57723,-18.73513],[146.57722,-18.73518],[146.57716,-18.73553],[146.57715,-18.73555],[146.57713,-18.73556],[146.57683,-18.73573],[146.57653,-18.73748],[146.57638,-18.73823],[146.57636,-18.73837],[146.57518,-18.74022],[146.57506,-18.7404],[146.57553,-18.74499],[146.57562,-18.74502],[146.57657,-18.74746],[146.57659,-18.74748],[146.57748,-18.74887],[146.5751,-18.75155],[146.57348,-18.75269],[146.57021,-18.7513],[146.56998,-18.75117],[146.56968,-18.75106],[146.56885,-18.75077],[146.56758,-18.75021],[146.56698,-18.74998],[146.5666,-18.75033],[146.56657,-18.75047],[146.56656,-18.75052],[146.56654,-18.75062],[146.56695,-18.75193],[146.56697,-18.75194],[146.57025,-18.75617],[146.56817,-18.75964],[146.56816,-18.75967],[146.56812,-18.76045],[146.56815,-18.76052],[146.57037,-18.76458],[146.57615,-18.76773],[146.5763,-18.76783],[146.58242,-18.77139],[146.58242,-18.77138],[146.58238,-18.77124],[146.58147,-18.76925],[146.57916,-18.76585],[146.58691,-18.75825],[146.59382,-18.75707],[146.60484,-18.76111],[146.6054,-18.76072],[146.60565,-18.76051],[146.60592,-18.75985],[146.60935,-18.75808],[146.60974,-18.75809],[146.61453,-18.76252],[146.623,-18.76037],[146.63283,-18.76224],[146.63618,-18.76641],[146.63631,-18.76815],[146.6378,-18.76956],[146.63935,-18.77006],[146.64113,-18.77284],[146.64461,-18.77615],[146.65035,-18.77567],[146.65052,-18.77566],[146.66056,-18.77147]]],[[[146.56169,-18.66441],[146.56074,-18.66336],[146.56071,-18.66332],[146.56027,-18.66273],[146.56023,-18.66267],[146.56021,-18.66265],[146.5599,-18.66227],[146.55959,-18.66188],[146.55867,-18.66079],[146.55831,-18.66034],[146.55774,-18.65972],[146.55748,-18.6595],[146.55729,-18.65934],[146.55725,-18.6593],[146.55471,-18.65749],[146.55378,-18.65669],[146.55317,-18.6563],[146.55076,-18.65454],[146.55067,-18.65442],[146.55047,-18.65419],[146.54624,-18.65231],[146.54278,-18.6538],[146.53914,-18.65707],[146.53895,-18.65979],[146.54111,-18.65948],[146.54433,-18.66017],[146.55144,-18.67247],[146.55173,-18.67302],[146.55198,-18.68203],[146.55489,-18.68354],[146.55604,-18.68796],[146.5561,-18.68796],[146.55871,-18.68702],[146.55873,-18.68686],[146.56187,-18.67593],[146.5675,-18.67056],[146.56499,-18.66919],[146.56169,-18.66441]]],[[[146.55055,-18.77062],[146.5529,-18.77289],[146.55314,-18.77307],[146.55377,-18.77335],[146.55294,-18.76941],[146.55246,-18.76938],[146.55084,-18.76949],[146.54986,-18.76919],[146.55055,-18.77062]]],[[[146.53218,-18.83587],[146.53293,-18.83656],[146.53651,-18.83986],[146.53654,-18.83988],[146.53795,-18.84149],[146.53874,-18.84211],[146.54026,-18.84314],[146.54036,-18.84318],[146.5423,-18.84418],[146.54245,-18.84422],[146.54672,-18.84737],[146.54788,-18.8481],[146.5494,-18.84857],[146.5502,-18.84561],[146.55069,-18.84431],[146.55115,-18.8439],[146.55101,-18.84361],[146.55046,-18.84291],[146.54955,-18.8399],[146.54973,-18.8388],[146.54854,-18.83822],[146.54263,-18.83696],[146.542,-18.83655],[146.54197,-18.83653],[146.54067,-18.83535],[146.53988,-18.83445],[146.53826,-18.83313],[146.53812,-18.83302],[146.53651,-18.83244],[146.53624,-18.83251],[146.5361,-18.83251],[146.53218,-18.83587]]],[[[146.53861,-18.78278],[146.53877,-18.78299],[146.53887,-18.78311],[146.54055,-18.78551],[146.54094,-18.78645],[146.541,-18.78671],[146.54103,-18.78683],[146.54115,-18.78726],[146.54141,-18.78762],[146.5415,-18.78772],[146.54161,-18.78794],[146.54203,-18.78826],[146.54207,-18.78827],[146.54234,-18.78827],[146.54286,-18.7882],[146.54396,-18.78854],[146.53973,-18.77953],[146.53519,-18.7788],[146.53523,-18.77895],[146.53861,-18.78278]]],[[[146.53264,-18.77014],[146.5331,-18.77098],[146.53328,-18.77116],[146.53331,-18.77118],[146.53339,-18.77125],[146.53341,-18.77126],[146.53576,-18.77309],[146.53653,-18.77337],[146.53664,-18.77339],[146.53702,-18.7733],[146.53718,-18.7732],[146.5372,-18.77295],[146.53719,-18.7729],[146.53716,-18.77286],[146.53702,-18.77261],[146.5362,-18.77116],[146.53264,-18.77014]]],[[[146.52121,-18.7147],[146.52323,-18.70905],[146.52323,-18.70899],[146.52307,-18.70793],[146.52305,-18.70789],[146.52301,-18.70778],[146.52284,-18.70733],[146.52279,-18.70719],[146.52274,-18.70705],[146.52446,-18.70363],[146.52446,-18.70333],[146.52443,-18.7031],[146.52442,-18.703],[146.52441,-18.70296],[146.52426,-18.70088],[146.52475,-18.6979],[146.52476,-18.69732],[146.52471,-18.69207],[146.52446,-18.68974],[146.52422,-18.68882],[146.52524,-18.68353],[146.52551,-18.68326],[146.52551,-18.68325],[146.52554,-18.68322],[146.52558,-18.68319],[146.52561,-18.68315],[146.52643,-18.68168],[146.52585,-18.67903],[146.52638,-18.67588],[146.52644,-18.67577],[146.52689,-18.67375],[146.52688,-18.67245],[146.52683,-18.67219],[146.52658,-18.67126],[146.52658,-18.67125],[146.52642,-18.67066],[146.5262,-18.67009],[146.52172,-18.66212],[146.519,-18.66017],[146.51847,-18.65999],[146.51493,-18.66032],[146.51487,-18.66034],[146.50975,-18.66158],[146.50921,-18.66136],[146.50841,-18.66095],[146.50827,-18.66086],[146.50817,-18.66077],[146.50799,-18.66061],[146.50797,-18.66059],[146.50733,-18.65985],[146.50706,-18.65943],[146.50705,-18.6594],[146.50693,-18.66188],[146.50709,-18.66196],[146.51341,-18.66623],[146.51269,-18.67412],[146.51845,-18.68407],[146.51836,-18.68435],[146.51114,-18.69662],[146.50876,-18.69681],[146.50863,-18.69681],[146.50961,-18.70281],[146.51327,-18.70799],[146.51731,-18.71007],[146.52119,-18.71471],[146.52121,-18.7147]]],[[[146.51628,-18.76995],[146.5161,-18.77048],[146.52059,-18.77409],[146.52062,-18.77407],[146.52202,-18.7717],[146.52214,-18.77146],[146.5224,-18.77071],[146.5194,-18.76626],[146.51931,-18.76622],[146.51628,-18.76995]]]]},"properties":{"LGA Code":"5790","Abbreviated Name":"Palm Island Aboriginal","LGA Name":"Palm Island Aboriginal Shire","Area Sq Km":69.29859,"LDMG Name":"Palm Island","Police Region Name":"Northern Region","Police Region Code":"NR","Police Region Short Name":"Northern"}},{"type":"Feature","geometry":{"type":"Polygon","coordinates":[[[142.60224,-19.62005],[142.37515,-19.59987],[142.36304,-19.72548],[142.34928,-19.85918],[142.37937,-19.8617],[142.36893,-19.97547],[142.3609,-20.06258],[142.35388,-20.13815],[142.34698,-20.21145],[142.33582,-20.33032],[142.38064,-20.33401],[142.37069,-20.43946],[142.37375,-20.43972],[142.36165,-20.56846],[142.34724,-20.57153],[142.34446,-20.57117],[142.34239,-20.58574],[142.34106,-20.60032],[142.34491,-20.60064],[142.33907,-20.66556],[142.33465,-20.66515],[142.30988,-20.71468],[142.36337,-20.71986],[142.35488,-20.79642],[142.33099,-20.79406],[142.32092,-20.88617],[142.3019,-20.88423],[142.29561,-20.95256],[142.2919,-20.9949],[142.20308,-20.98753],[142.19907,-21.01078],[142.23775,-21.01414],[142.23245,-21.07034],[142.23159,-21.07011],[142.22242,-21.16736],[142.25529,-21.16972],[142.24986,-21.23618],[142.15767,-21.23474],[142.05766,-21.21652],[142.04725,-21.22427],[142.13765,-21.32348],[142.064,-21.37988],[142.09166,-21.38259],[142.08028,-21.48832],[142.03825,-21.52006],[142.07367,-21.52333],[142.07203,-21.54071],[142.16344,-21.54316],[142.23189,-21.55086],[142.22823,-21.59628],[142.33544,-21.60711],[142.33376,-21.62008],[142.33257,-21.63631],[142.37857,-21.63854],[142.49123,-21.64417],[142.4956,-21.59799],[142.56307,-21.60346],[142.56513,-21.60272],[142.65664,-21.6104],[142.65156,-21.6677],[142.71848,-21.61494],[142.69397,-21.58785],[142.75537,-21.53993],[142.81545,-21.49264],[142.83685,-21.51697],[142.8621,-21.54505],[142.94248,-21.48177],[142.95317,-21.49371],[142.99839,-21.45573],[143.00205,-21.45743],[143.00703,-21.4536],[143.00758,-21.44848],[143.03635,-21.4264],[143.08509,-21.38851],[143.18804,-21.30864],[143.23645,-21.31298],[143.23665,-21.31118],[143.25006,-21.18586],[143.2564,-21.18645],[143.26088,-21.14386],[143.2982,-21.14724],[143.2985,-21.14549],[143.31253,-21.02839],[143.32509,-20.9236],[143.33825,-20.82045],[143.4347,-20.82849],[143.43589,-20.81395],[143.44307,-20.79281],[143.44651,-20.7873],[143.44766,-20.77758],[143.49895,-20.78249],[143.52864,-20.73567],[143.53548,-20.67258],[143.54045,-20.61739],[143.53321,-20.61077],[143.47704,-20.60622],[143.47976,-20.60261],[143.4814,-20.59107],[143.48477,-20.58567],[143.49636,-20.57764],[143.50168,-20.57111],[143.49976,-20.5647],[143.50395,-20.55706],[143.51011,-20.55237],[143.51433,-20.54335],[143.52398,-20.53639],[143.53007,-20.53446],[143.54515,-20.52465],[143.55373,-20.52313],[143.55999,-20.51952],[143.57241,-20.50887],[143.58137,-20.49928],[143.58852,-20.49619],[143.59345,-20.49682],[143.59974,-20.49968],[143.60727,-20.49868],[143.61411,-20.49506],[143.61694,-20.48905],[143.62455,-20.48312],[143.63624,-20.47972],[143.64561,-20.47789],[143.65093,-20.47851],[143.65425,-20.48205],[143.66462,-20.4848],[143.67375,-20.48021],[143.68022,-20.47956],[143.70159,-20.48246],[143.70624,-20.4808],[143.70934,-20.47673],[143.71425,-20.47442],[143.71958,-20.46923],[143.72844,-20.46349],[143.73898,-20.45242],[143.75025,-20.44917],[143.75601,-20.44292],[143.75583,-20.43554],[143.75833,-20.43114],[143.76763,-20.43175],[143.77135,-20.43075],[143.77392,-20.4258],[143.77124,-20.42038],[143.77458,-20.41691],[143.78077,-20.41987],[143.78597,-20.41672],[143.78586,-20.41253],[143.78299,-20.40703],[143.70979,-20.32489],[143.79009,-20.26323],[143.74004,-20.20606],[143.71086,-20.22923],[143.62567,-20.14785],[143.59699,-20.14544],[143.60956,-20.02561],[143.64132,-20.02855],[143.65355,-19.89437],[143.65913,-19.83306],[143.68226,-19.59699],[143.67747,-19.59714],[143.65406,-19.58747],[143.64667,-19.58381],[143.61899,-19.55993],[143.61735,-19.55709],[143.60539,-19.53031],[143.60055,-19.52179],[143.59054,-19.50724],[143.58323,-19.50155],[143.57977,-19.49688],[143.56528,-19.48562],[143.54955,-19.47656],[143.53551,-19.47183],[143.52334,-19.47596],[143.51378,-19.48002],[143.50768,-19.48392],[143.5111,-19.49155],[143.51316,-19.50533],[143.5094,-19.51599],[143.50143,-19.52442],[143.48988,-19.53089],[143.46632,-19.53996],[143.46186,-19.54494],[143.45811,-19.54667],[143.45374,-19.55594],[143.44734,-19.55878],[143.44383,-19.56601],[143.43407,-19.5653],[143.42995,-19.56316],[143.417,-19.56711],[143.41317,-19.56437],[143.40289,-19.57017],[143.39798,-19.57523],[143.39396,-19.57661],[143.39473,-19.58628],[143.39428,-19.59676],[143.38308,-19.61257],[143.37285,-19.61387],[143.36769,-19.61271],[143.35139,-19.60433],[143.34615,-19.6037],[143.34194,-19.60559],[143.33668,-19.61669],[143.33301,-19.6211],[143.31718,-19.62846],[143.31067,-19.63324],[143.30582,-19.63947],[143.29838,-19.65635],[143.28958,-19.6697],[143.28851,-19.68424],[143.28544,-19.68954],[143.27497,-19.69644],[143.27006,-19.6942],[143.26564,-19.68664],[143.26156,-19.68245],[143.25674,-19.6818],[143.24971,-19.6899],[143.19764,-19.68548],[143.03004,-19.67116],[142.97453,-19.66687],[142.79365,-19.65179],[142.60068,-19.63551],[142.60224,-19.62005]]]},"properties":{"LGA Code":"6300","Abbreviated Name":"Richmond","LGA Name":"Richmond Shire","Area Sq Km":26584.37452,"LDMG Name":"Richmond","Police Region Name":"Northern Region","Police Region Code":"NR","Police Region Short Name":"Northern"}},{"type":"Feature","geometry":{"type":"MultiPolygon","coordinates":[[[[146.9302,-19.78311],[146.93948,-19.78469],[146.94827,-19.77897],[146.95738,-19.77517],[146.95984,-19.76786],[146.96833,-19.76226],[146.98672,-19.76161],[146.99411,-19.75789],[146.99817,-19.74419],[147.00231,-19.73561],[147.00874,-19.73123],[147.01452,-19.71794],[147.02051,-19.71433],[147.03032,-19.62498],[147.02703,-19.62306],[147.01831,-19.62443],[147.01946,-19.61092],[147.00934,-19.60385],[147.00811,-19.60039],[147.00334,-19.59651],[147.00608,-19.59191],[147.0112,-19.58896],[147.01259,-19.58496],[147.02112,-19.57854],[147.02456,-19.57048],[147.03066,-19.55227],[147.03257,-19.53592],[147.03089,-19.52066],[147.02846,-19.5164],[147.02456,-19.50451],[147.01826,-19.4975],[147.0121,-19.49945],[147.01066,-19.49174],[147.01259,-19.47485],[147.02605,-19.47623],[147.02665,-19.47094],[147.0365,-19.47195],[147.03545,-19.46606],[147.03672,-19.45487],[147.04079,-19.45242],[147.04324,-19.42949],[147.03892,-19.42646],[147.03931,-19.42287],[147.03259,-19.42219],[147.03425,-19.40662],[147.04119,-19.40741],[147.04995,-19.41205],[147.05413,-19.43263],[147.05643,-19.42875],[147.05983,-19.42913],[147.05974,-19.43434],[147.06326,-19.43876],[147.06613,-19.43862],[147.07039,-19.44463],[147.07548,-19.44107],[147.06963,-19.43818],[147.0752,-19.43533],[147.07958,-19.43532],[147.08691,-19.43781],[147.0893,-19.44165],[147.09771,-19.43895],[147.10013,-19.44611],[147.10612,-19.44686],[147.11097,-19.44366],[147.10763,-19.43994],[147.11178,-19.43749],[147.11205,-19.43112],[147.11656,-19.42862],[147.12016,-19.4189],[147.11945,-19.41116],[147.11022,-19.3971],[147.11036,-19.39257],[147.11393,-19.38778],[147.10849,-19.38172],[147.10139,-19.37689],[147.08666,-19.36426],[147.07785,-19.35562],[147.06751,-19.34302],[147.05538,-19.31902],[147.0479,-19.29869],[147.04139,-19.29703],[147.04041,-19.29431],[147.04397,-19.28834],[147.04484,-19.27964],[147.04651,-19.27475],[147.05219,-19.27285],[147.05805,-19.27668],[147.06002,-19.27303],[147.05749,-19.26215],[147.05963,-19.25428],[147.05377,-19.24752],[147.05045,-19.24018],[147.04531,-19.23819],[147.04298,-19.22984],[147.04508,-19.2256],[147.0432,-19.22255],[147.04065,-19.20804],[147.02224,-19.19384],[147.021,-19.18858],[147.01677,-19.18582],[147.01508,-19.18925],[147.01834,-19.19155],[147.01981,-19.19833],[147.01848,-19.20353],[147.02299,-19.20754],[147.02177,-19.21585],[147.01631,-19.22115],[147.00763,-19.2264],[147.0057,-19.23177],[147.00182,-19.2368],[147.00493,-19.24138],[146.99261,-19.25988],[146.98878,-19.26747],[146.98121,-19.27607],[146.97738,-19.28371],[146.96582,-19.28884],[146.96051,-19.2933],[146.95779,-19.30099],[146.95459,-19.30048],[146.94939,-19.29643],[146.94246,-19.29537],[146.9329,-19.29817],[146.92843,-19.29793],[146.92291,-19.30158],[146.90968,-19.30154],[146.90687,-19.30371],[146.89695,-19.30561],[146.8845,-19.30424],[146.87234,-19.29723],[146.86561,-19.28992],[146.86328,-19.28999],[146.855,-19.27926],[146.84786,-19.27327],[146.84259,-19.27259],[146.83542,-19.26876],[146.84677,-19.2555],[146.84061,-19.24736],[146.83682,-19.2458],[146.83392,-19.25061],[146.82377,-19.24911],[146.82052,-19.25243],[146.81575,-19.24977],[146.80516,-19.23854],[146.80039,-19.23907],[146.7971,-19.24304],[146.79016,-19.23955],[146.78528,-19.23364],[146.78004,-19.22371],[146.77604,-19.2096],[146.774,-19.18858],[146.76622,-19.18424],[146.76235,-19.18482],[146.7511,-19.18095],[146.73709,-19.18028],[146.72874,-19.18272],[146.72507,-19.18148],[146.72019,-19.18733],[146.71499,-19.18809],[146.70322,-19.19327],[146.69922,-19.19202],[146.68889,-19.19347],[146.67948,-19.19084],[146.66477,-19.18504],[146.6538,-19.1782],[146.65196,-19.17607],[146.63937,-19.17363],[146.6289,-19.17041],[146.61674,-19.16317],[146.59767,-19.14827],[146.58675,-19.14502],[146.57332,-19.14556],[146.56359,-19.14304],[146.55596,-19.13748],[146.54935,-19.12837],[146.54584,-19.12151],[146.54097,-19.11629],[146.53052,-19.11136],[146.52636,-19.10587],[146.51794,-19.09988],[146.50579,-19.09699],[146.50112,-19.09816],[146.49111,-19.09409],[146.48195,-19.08687],[146.47292,-19.0765],[146.46946,-19.07464],[146.45663,-19.07506],[146.44809,-19.06818],[146.43777,-19.05505],[146.42688,-19.03828],[146.42057,-19.03121],[146.41764,-19.02487],[146.4114,-19.01871],[146.40526,-19.00757],[146.40146,-19.00629],[146.39627,-18.9985],[146.38012,-18.99765],[146.37312,-18.99021],[146.36728,-18.97847],[146.36323,-18.96701],[146.35426,-18.9599],[146.3443,-18.95953],[146.33632,-18.95632],[146.33226,-18.94878],[146.33044,-18.93868],[146.32372,-18.92845],[146.32021,-18.92927],[146.315,-18.92694],[146.30896,-18.92674],[146.30654,-18.92887],[146.30691,-18.93382],[146.29752,-18.9374],[146.29331,-18.93426],[146.28991,-18.93622],[146.29106,-18.94398],[146.28817,-18.94802],[146.28763,-18.95247],[146.28109,-18.94909],[146.27656,-18.95238],[146.26525,-18.95021],[146.26217,-18.95183],[146.25785,-18.94472],[146.24667,-18.94231],[146.22168,-18.93079],[146.21092,-18.92274],[146.20944,-18.91957],[146.20111,-18.92334],[146.19775,-18.9275],[146.20058,-18.93112],[146.19686,-18.93496],[146.19608,-18.94155],[146.19222,-18.94326],[146.18708,-18.94005],[146.17808,-18.93778],[146.17247,-18.93869],[146.16711,-18.93552],[146.15779,-18.93613],[146.14691,-18.94083],[146.1446,-18.9504],[146.14745,-18.9588],[146.1747,-19.01294],[146.18239,-19.01343],[146.18443,-19.00959],[146.18817,-19.01086],[146.19342,-19.00838],[146.19954,-19.01042],[146.19925,-19.0143],[146.21639,-19.01386],[146.21683,-19.01055],[146.22621,-19.01129],[146.23119,-19.01373],[146.23877,-19.01322],[146.23867,-19.01949],[146.24772,-19.02439],[146.24109,-19.03016],[146.24397,-19.03487],[146.24087,-19.03962],[146.23657,-19.04191],[146.23826,-19.04589],[146.24724,-19.04365],[146.25253,-19.04484],[146.26913,-19.046],[146.2759,-19.05216],[146.27973,-19.0608],[146.29087,-19.06843],[146.30032,-19.07187],[146.29879,-19.07549],[146.30646,-19.08424],[146.30893,-19.09065],[146.31247,-19.09558],[146.31332,-19.10296],[146.31071,-19.10866],[146.3187,-19.11251],[146.32453,-19.12405],[146.33228,-19.12334],[146.33625,-19.11706],[146.33942,-19.11761],[146.34233,-19.12235],[146.34682,-19.11932],[146.35272,-19.12008],[146.355,-19.11748],[146.37359,-19.1203],[146.37851,-19.12587],[146.38118,-19.13484],[146.38648,-19.14023],[146.38764,-19.1452],[146.39509,-19.14963],[146.39603,-19.15566],[146.39205,-19.15648],[146.38446,-19.16396],[146.39256,-19.17093],[146.39465,-19.17626],[146.39449,-19.18637],[146.40205,-19.18769],[146.40312,-19.19231],[146.40918,-19.19339],[146.4134,-19.1961],[146.41713,-19.2085],[146.42136,-19.21092],[146.42104,-19.22079],[146.41516,-19.22584],[146.40839,-19.22958],[146.40413,-19.23016],[146.40149,-19.23734],[146.40694,-19.24423],[146.40263,-19.24897],[146.40194,-19.25336],[146.41326,-19.26253],[146.41515,-19.26811],[146.42057,-19.26997],[146.42623,-19.27403],[146.42137,-19.27882],[146.41034,-19.28235],[146.40484,-19.29084],[146.41428,-19.29305],[146.41746,-19.28834],[146.42196,-19.28752],[146.42498,-19.28949],[146.42418,-19.29395],[146.42553,-19.29989],[146.43701,-19.29941],[146.44389,-19.30347],[146.44382,-19.31015],[146.44586,-19.3128],[146.45055,-19.31319],[146.45499,-19.3177],[146.45962,-19.31902],[146.44884,-19.32785],[146.44434,-19.32964],[146.44466,-19.33572],[146.45404,-19.33826],[146.45734,-19.34175],[146.46171,-19.34236],[146.46184,-19.34955],[146.45919,-19.35514],[146.4651,-19.35856],[146.46518,-19.363],[146.47003,-19.3736],[146.48052,-19.37442],[146.48478,-19.378],[146.48912,-19.37402],[146.50227,-19.37846],[146.50482,-19.38759],[146.5125,-19.38886],[146.51593,-19.3923],[146.51694,-19.4021],[146.52182,-19.40036],[146.52515,-19.40263],[146.52853,-19.39392],[146.53487,-19.39537],[146.53883,-19.40016],[146.53985,-19.40583],[146.54377,-19.4065],[146.54584,-19.41127],[146.55282,-19.41574],[146.55817,-19.41042],[146.55529,-19.40799],[146.55498,-19.40312],[146.56249,-19.40057],[146.5638,-19.40571],[146.56179,-19.40909],[146.5658,-19.41492],[146.56137,-19.41579],[146.56102,-19.42249],[146.56498,-19.4297],[146.56686,-19.43862],[146.56103,-19.44366],[146.56291,-19.44868],[146.57511,-19.45938],[146.57731,-19.46326],[146.58033,-19.47463],[146.57932,-19.50008],[146.58043,-19.50394],[146.5859,-19.50919],[146.58088,-19.51349],[146.57395,-19.5131],[146.56647,-19.52208],[146.56168,-19.52379],[146.55826,-19.52963],[146.56108,-19.53408],[146.55758,-19.53966],[146.55447,-19.54115],[146.5529,-19.54566],[146.54995,-19.54572],[146.54354,-19.55082],[146.541,-19.55567],[146.54134,-19.5697],[146.5475,-19.5722],[146.54534,-19.57772],[146.53833,-19.58303],[146.54345,-19.5922],[146.5411,-19.59513],[146.54363,-19.59989],[146.54849,-19.60172],[146.5556,-19.61389],[146.55616,-19.6173],[146.55367,-19.62492],[146.5568,-19.63198],[146.55374,-19.64592],[146.55503,-19.65089],[146.55924,-19.65252],[146.55569,-19.66159],[146.55199,-19.66684],[146.55183,-19.6707],[146.55731,-19.67808],[146.55539,-19.68126],[146.54571,-19.68302],[146.53956,-19.68664],[146.62796,-19.69726],[146.72231,-19.70855],[146.79661,-19.71592],[146.84262,-19.72106],[146.83891,-19.73021],[146.8339,-19.74557],[146.83309,-19.7582],[146.83821,-19.75817],[146.84931,-19.75572],[146.8644,-19.75936],[146.86961,-19.76227],[146.87628,-19.76387],[146.88449,-19.76826],[146.89451,-19.768],[146.90537,-19.77173],[146.92086,-19.78307],[146.9302,-19.78311]]],[[[146.86475,-19.11342],[146.86204,-19.11661],[146.85695,-19.11815],[146.84663,-19.11729],[146.84078,-19.11413],[146.83916,-19.10877],[146.83496,-19.1053],[146.82934,-19.1075],[146.82682,-19.11411],[146.8155,-19.11752],[146.80835,-19.11688],[146.80585,-19.11829],[146.80179,-19.11496],[146.79518,-19.11398],[146.78963,-19.11548],[146.78703,-19.12194],[146.78315,-19.1226],[146.77903,-19.12917],[146.78251,-19.1341],[146.79062,-19.13662],[146.79259,-19.13878],[146.79639,-19.14919],[146.79987,-19.15183],[146.80424,-19.16128],[146.81518,-19.16717],[146.82316,-19.17031],[146.83155,-19.17838],[146.83695,-19.18159],[146.84515,-19.17613],[146.85082,-19.16014],[146.85585,-19.16242],[146.86005,-19.15509],[146.86949,-19.1477],[146.87373,-19.14609],[146.874,-19.13441],[146.876,-19.12909],[146.88334,-19.12729],[146.87908,-19.12076],[146.8798,-19.11618],[146.88305,-19.11158],[146.87338,-19.11271],[146.86895,-19.11062],[146.86942,-19.10742],[146.86545,-19.10323],[146.8623,-19.10841],[146.86475,-19.11342]]],[[[146.60023,-19.03525],[146.60416,-19.03712],[146.60797,-19.03498],[146.61675,-19.0368],[146.62128,-19.03036],[146.61348,-19.02887],[146.60875,-19.03122],[146.60306,-19.02961],[146.59972,-19.03062],[146.60023,-19.03525]]],[[[146.6335,-19.02239],[146.6336,-19.0267],[146.63044,-19.02966],[146.63469,-19.03289],[146.6365,-19.02494],[146.6335,-19.02239]]]]},"properties":{"LGA Code":"7010","Abbreviated Name":"Townsville","LGA Name":"Townsville City","Area Sq Km":12107.9537,"LDMG Name":"Townsville","Police Region Name":"Northern Region","Police Region Code":"NR","Police Region Short Name":"Northern"}}]}