{"type":"Topology","arcs":[[[20138,67626],[-1074,421],[105,55],[109,9],[53,-22],[119,19],[19,-31],[29,-12],[36,3],[36,20],[54,-5],[-3,-44],[35,-5],[41,26],[196,15]],[[19893,68075],[245,-449]],[[14103,65124],[470,698],[243,353]],[[14816,66175],[93,135]],[[14909,66310],[1848,-1047],[1164,685]],[[17921,65948],[755,445],[1135,-235]],[[19811,66158],[-123,-267],[-861,-1852],[-673,-1446],[626,-1426],[-668,-1342],[-669,-1341],[-1606,-1348],[-442,-217],[-237,-833],[1281,-1702],[-279,-1850],[64,-1503],[525,-13],[-53,-521],[-115,-551],[-309,-14],[-250,36],[-99,60],[-95,134],[-121,42],[-205,9],[-283,26],[-278,6],[-108,12],[-65,-30],[-199,18],[-229,31],[-81,24],[-72,44],[-9,55],[-68,18],[-42,41],[-63,27],[-99,25],[-205,31],[11,77],[123,65],[-17,27],[34,90],[-200,87],[-43,33],[-61,98],[-96,5],[-162,42],[-132,11],[-170,58],[-1,99],[-31,69],[-129,39],[-102,84],[-176,37],[-115,3],[-88,72],[-23,28],[-29,15],[-104,50],[-215,72],[-49,-1],[-83,44],[-61,15],[-11,-10],[-89,-24],[-154,41],[-78,-6],[-29,-9],[-33,-43],[-203,-4],[-151,55],[-147,75],[-206,-11],[-78,57],[-113,14],[-116,64],[-41,0],[-168,106],[-147,59],[-41,7],[-39,-12],[-39,-45],[-95,20],[-41,43],[-77,-8],[41,-32],[-2,-34],[-82,-5],[-129,97],[-60,25],[28,28],[-68,10],[-43,-28],[-58,12],[9,31],[82,37],[-22,47],[28,11],[1,34],[26,24],[-287,143],[50,68],[-168,72],[-15,79],[-49,50],[-110,24],[-67,36]],[[8791,52858],[7,3],[5,22],[9,10]],[[8812,52893],[77,151],[17,42],[12,55],[3,50],[-12,69],[-49,64],[1,42],[-42,31],[-17,20],[-7,15],[-27,39],[-28,41],[-17,23],[-37,45],[-97,98],[-188,148],[-251,149],[-535,260],[-359,180],[-88,67],[-132,70],[-103,69],[-192,175],[-132,58]],[[6609,54854],[-2,1]],[[6607,54855],[-92,83],[-33,62],[-9,11],[-25,43],[-11,37],[-10,52],[-18,132]],[[6409,55275],[-6,24]],[[6403,55299],[-12,149],[12,217],[37,168],[132,307]],[[6572,56140],[15,28],[2,5],[16,35]],[[6605,56208],[210,329],[48,136],[118,292],[71,242],[10,145],[30,195],[49,159],[39,174],[49,114],[70,121],[125,257],[51,87],[177,206],[110,153],[280,292],[130,91]],[[8172,59201],[161,68]],[[8333,59269],[259,118],[224,155],[193,178],[69,83],[95,163],[172,249],[96,109]],[[9441,60324],[5,6],[31,44],[3,2],[14,19],[10,13],[1,1],[14,11],[28,13],[4,1],[20,7],[16,4],[383,236]],[[9970,60681],[192,134],[318,188],[165,151],[80,106],[39,79],[8,80],[-80,206],[1172,-448],[-20,-666],[1171,0],[535,475],[-914,1434],[-952,1505],[1974,539]],[[13658,64464],[445,660]],[[12107,65737],[108,159],[39,98],[73,49],[211,287],[194,237],[71,133],[27,88],[11,163]],[[12841,66951],[2,2]],[[12843,66953],[113,58],[56,8],[103,22],[68,5]],[[13183,67046],[109,-56]],[[13292,66990],[-7,-51],[-199,20],[-82,-36],[-52,-67],[7,-95],[-52,-11],[-35,-63],[33,-76],[-177,-164],[9,-73],[197,153],[39,44],[10,67],[109,71],[36,67],[101,58],[67,57],[198,-2],[-673,-559]],[[12821,66330],[-714,-593]],[[90071,20990],[91,413],[-110,39],[-45,41],[6,78],[-111,93],[-52,66],[13,82],[-54,76],[-60,48],[56,52],[-66,50],[-115,48],[-197,128],[-185,51],[-205,110],[27,50],[-34,27],[113,115],[18,111],[-40,32],[98,53],[126,6],[-46,80],[98,18],[11,50],[-154,87],[-26,57],[-112,18],[7,91],[-58,64],[-61,4],[-3,71],[-83,32],[-44,47],[28,61],[-62,44],[-183,-23],[-96,-94],[-684,159],[-144,176],[-173,9],[7,361],[-658,27],[97,98],[-89,31],[-17,37],[-182,5],[-114,141],[32,36],[-25,86],[-37,18],[-201,19],[-54,46],[-53,82],[53,30],[-41,26],[-106,15],[-22,26],[-126,20],[12,56],[-42,12]],[[85994,24882],[23,38],[75,19],[106,59],[-13,48],[-185,45],[-103,-14],[-17,57],[62,35],[-89,101],[125,44],[268,120],[78,97],[-93,32],[-54,51],[-30,80],[50,12],[13,45],[66,24],[50,99],[224,79],[57,57],[-60,19],[-26,121],[38,64],[-37,46],[144,143],[79,15],[37,80],[-50,33],[137,70],[108,148],[-84,42],[-114,82],[-238,10],[85,57],[101,16],[104,59],[-139,27],[-65,41],[-121,15],[-33,59],[241,49],[46,-18],[135,26],[-182,69],[79,37],[27,46],[10,92],[-108,25],[-11,46],[-92,56],[-19,31],[36,120],[-73,67],[-5,102],[-61,40],[11,67],[-76,74],[-63,29],[110,83],[-160,50],[-110,8],[-52,49],[10,61],[-158,34],[-115,50]],[[85893,28450],[231,100]],[[86124,28550],[130,-68],[134,-90],[191,-83],[54,3],[138,-54],[67,14],[108,-42],[-14,-87],[47,-117],[143,-128],[77,-43],[143,-13],[53,36],[69,-76],[81,-65],[34,4],[124,-83],[63,-22],[135,5],[104,-97],[82,-56],[97,-140],[148,-125],[221,-127],[135,-52],[119,-18],[109,-48],[38,-102],[-227,-67],[-49,-97],[48,-90],[222,-103],[65,-4],[25,-39],[-32,-91],[-30,-28],[23,-51],[111,-6],[-31,57],[53,108],[83,49],[23,55],[70,34],[153,-6],[158,28],[8,35],[98,12],[109,32],[45,83],[167,49],[113,64],[246,38],[14,-54],[60,-30]],[[90479,26854],[-112,36],[-55,-55],[80,-87],[-281,-38],[63,-50],[189,-94],[79,-58],[-130,-68],[20,-39],[253,-128],[47,-79],[-64,-68],[5,-52],[-47,-61],[-84,-33],[-30,-43],[90,-58],[-2,-66],[-51,-30],[-35,-79],[91,-47],[-70,-27],[-8,-56],[80,-53],[-95,-18],[51,-69],[77,-67],[118,-73],[-46,-95],[98,-45],[51,-74],[126,-96],[65,-116],[86,-45],[188,-53],[-57,-21],[121,-132],[89,-41],[132,-81],[54,-105],[68,-26],[165,-145],[-13,-70],[765,-38]],[[92550,24111],[-61,-77],[0,-111],[58,-122],[109,-74],[48,-137],[-36,-107],[51,-92],[122,-13],[97,-43],[67,-91],[142,-114],[40,-125],[52,-43],[0,-56],[159,-251],[45,-53],[184,-174],[88,-65],[119,-67],[79,9],[97,-105],[117,-92],[156,-61],[130,19],[100,-25],[112,-64],[-5,-90]],[[94620,21887],[-213,10],[20,-53],[-161,-76],[-183,-30],[50,-31],[-23,-102],[-145,27],[-63,-40],[107,-34],[-78,-110],[-96,-25],[-180,8],[8,36],[-554,26],[-4,-18],[-292,14],[-233,1],[-9,-45],[-122,13],[-72,28],[-36,-110],[-75,3],[-43,-215],[3,-74],[53,-43],[-193,-30],[-73,1],[-125,-83],[-159,27],[-66,44],[-88,103],[-146,46],[-42,36],[-177,-47],[-37,-84],[-120,-16],[-79,12],[-70,-73],[-73,-30],[-159,-33],[-163,-7],[-42,31],[-106,20],[-169,6],[-24,5],[-97,15]],[[92158,24526],[74,-23],[24,-13],[19,-30]],[[92275,24460],[-32,37],[-85,29]],[[91129,25163],[31,-39],[81,-17],[47,-40]],[[91288,25067],[-44,37],[-80,11],[-35,48]],[[91858,26206],[-19,5],[-69,-36],[-122,-61],[-140,-78],[-150,-98],[-32,-33]],[[91326,25905],[14,31],[32,15],[84,55],[131,77],[233,120],[19,11],[19,-8]],[[91953,26359],[44,-63],[-62,-77]],[[91935,26219],[58,77],[-40,63]],[[92164,26630],[-130,-66],[-126,-91],[-30,-41],[-1,-11],[28,-18]],[[91905,26403],[-29,15],[-4,8],[17,30],[48,47],[106,72],[121,55]],[[92154,26842],[75,-65],[64,-2]],[[92293,26775],[-56,-3],[-35,15],[-48,55]],[[91441,26721],[36,79],[103,59],[90,79]],[[91670,26938],[47,-86],[-276,-131]],[[91026,26628],[91,64],[81,-1],[52,38]],[[91250,26729],[44,-60],[-47,-14],[-221,-27]],[[90620,26650],[103,-20],[78,-7],[167,-1]],[[90968,26622],[-87,-3],[-58,2],[-81,6],[-88,14],[-34,9]],[[93497,24259],[6,-31],[-72,-27],[-97,47],[0,33],[93,6],[70,-28]],[[93287,26404],[-43,-57],[-160,-62],[-132,5],[-52,44],[18,33],[98,29],[33,52],[168,30],[107,-14],[-37,-60]],[[94620,21887],[-58,-197],[-48,-63],[-45,-151],[4,-118],[49,-80],[120,-87],[81,-18],[-10,-194],[-20,-58],[-81,33],[-141,-62],[-139,5],[-30,-53],[7,-79],[-232,-7],[-190,-28],[192,-39],[98,40],[232,23],[-49,66],[41,46],[155,-9],[6,-106],[189,-79],[-3,-49],[182,-122],[40,-52],[4,-53],[126,-61],[164,-53],[91,-44],[90,-22],[137,-70],[99,-64],[17,-67],[-134,-12],[-126,-88],[160,-40],[54,39],[-6,83],[125,4],[62,-58],[29,-98],[-16,-47],[132,-71],[-57,-55],[56,-56],[108,-69],[-201,-74],[-136,-73],[-214,-151],[-132,-126],[-137,-241],[-33,-93],[4,-165],[64,-143],[87,-101],[-79,-58],[-248,-105],[-63,-55],[-7,-97],[103,-17],[47,-59],[68,-4],[51,-52],[-112,-125],[5,-41],[98,-73],[20,-89],[156,-50],[-137,-122],[-59,-98],[-78,-75],[-46,-83],[-14,-63],[3,-257],[-113,-177],[28,-152],[52,-29],[86,14],[13,-62],[-156,-18],[-123,-53],[-116,-78],[-188,-85],[-86,-63],[-138,-130],[-47,-94],[-242,-117],[-105,-109],[-75,-127],[-77,-182],[-72,-28],[16,-43],[-54,-20],[-315,-262],[-36,-125],[5,-68],[57,-191],[-27,-34],[-9,-81],[14,-101],[32,-48],[36,-163],[93,-201],[28,-85],[-34,-24],[-2,-67],[61,-78],[132,-89],[195,-86],[244,-49],[5,-55],[157,-83],[52,-62],[79,-44],[327,-119],[9,-72],[295,-157],[102,-94],[96,-45],[195,-54],[168,-27],[25,-43],[163,-17],[2,38],[86,-1],[80,-116],[105,-74],[-21,-48],[75,0],[107,-75],[34,-106],[85,-145],[43,-36],[-11,-37],[125,-38],[-14,-29],[-102,-71],[62,-25],[170,19],[101,-7],[151,18],[147,-72],[-20,-29],[-209,-45],[-20,-84],[37,-47],[272,-8],[102,23],[119,-1],[55,-53],[228,-111],[-110,-43],[-263,-135],[-67,-79],[-144,-51],[-77,6],[-89,-23],[4,-45],[-144,-39],[-56,25],[-18,49],[-90,32],[-190,37],[-174,-13],[-164,16],[-177,44],[-313,44],[-89,63],[-33,58],[25,55],[102,47],[-67,43],[-83,19],[-1,53],[-130,89],[-58,92],[-61,20],[-141,1],[-45,33],[41,73],[155,72],[-62,60],[-9,52],[45,54],[-147,35],[-146,103],[-208,-24],[-413,79],[-64,23],[-54,-39],[-187,82],[-194,-35],[-116,22],[-190,6],[-33,-22],[-151,-23],[-172,-2],[-161,-32],[-62,17],[-119,-6],[-236,15],[-278,287],[-266,-59],[-79,8],[-198,-81],[-46,2],[-151,-70],[-1,-25],[-202,-85],[-134,-30],[-88,-44],[-132,-27],[-38,40],[-79,31],[-49,-25],[-103,2],[-170,-32],[-173,10],[-169,-15],[-115,39],[-139,-46],[-131,37],[-53,49],[43,27],[21,79],[-154,82],[-87,1],[-36,-24],[39,-51],[-249,-38],[-4,-72],[32,-34],[-56,-21],[-88,9],[-102,78],[-131,-45],[-128,-5],[-128,52],[-93,-17]],[[88583,12415],[-212,12],[-1,65],[30,39],[-19,61],[-65,42],[-159,32],[-152,43],[-103,13],[-73,64],[1312,503],[170,-42],[135,27],[136,11],[-27,49],[140,58],[-7,74],[-66,40],[-53,61],[-114,40],[-48,66],[82,58],[-16,60],[61,44],[-52,62],[-46,15],[-185,105],[11,102],[-111,21],[-75,81],[-57,32],[-8,37],[48,49],[89,23],[5,53],[-54,51],[-185,48],[-136,48],[-115,55],[-76,6],[-118,75],[-150,-31],[-170,29],[-160,-104],[-215,1],[-177,-86],[-4,-22],[-185,36],[-56,39],[-154,25],[-37,35],[7,59],[95,36],[35,35],[154,7],[104,112],[-15,59],[-46,35],[69,16],[-10,65],[72,95],[-11,28],[-111,68],[-85,11],[-137,67],[-83,-10],[-118,-85],[-69,-8],[-83,29],[-66,-29],[-114,91],[-45,-9],[-224,76],[-111,47],[51,154],[51,35],[-10,34],[117,24],[-56,72],[-9,137],[87,21],[-82,37],[-262,-4],[-91,48],[-154,18],[-1,118],[43,80],[103,30],[142,19],[-12,126],[61,23],[97,72],[76,-16],[76,54],[-71,50],[35,53],[94,0],[62,85],[101,23],[71,-21],[96,4],[150,74],[-41,60],[84,35],[34,45],[-106,59],[10,115],[76,45],[-19,58],[-71,47],[-13,45],[-86,49],[-60,108],[-73,18],[-53,39],[-186,3],[-17,122],[-38,43],[8,61],[-26,34],[27,91],[78,6],[17,62],[-51,40],[-175,70],[-81,58],[-149,-35],[-42,42],[-95,11],[-98,30],[-81,-7],[-76,-30],[-69,46],[-146,25],[-222,-15],[-127,48],[-91,-7],[0,72],[-136,7],[86,402],[1427,133],[-82,48],[7,38],[-126,102],[46,52],[180,26],[140,92],[-66,22],[86,82],[-243,96],[-50,3],[-99,108],[268,-13],[-7,-43],[106,-43],[158,13],[99,-32],[13,-60],[128,-8],[4,46],[-43,41],[142,48],[112,-14],[72,27],[-27,43],[59,40],[192,907],[59,-13],[106,40],[123,-29],[158,-10],[178,70],[2,79],[-168,41],[-5,45],[-121,32],[-56,82],[39,76],[-71,35],[66,32],[-142,93],[2257,-111],[24,107]],[[96889,11687],[-34,30],[36,74],[164,34],[102,5],[63,-24],[12,-47],[-43,-65],[-125,-17],[-175,10]],[[96598,12016],[104,1],[136,22],[18,-28],[-63,-49],[-258,-31],[-19,32],[82,53]],[[96802,12051],[-138,-19],[-34,23],[92,69],[91,-40],[-11,-33]],[[96609,12066],[-100,37],[-11,48],[115,37],[80,-2],[7,-40],[-91,-80]],[[96441,12237],[6,61],[257,-28],[22,-25],[-140,-55],[-79,-3],[-66,50]],[[96712,12347],[-61,103],[4,32],[70,107],[121,-125],[97,-50],[-22,-124],[57,-90],[-4,-72],[-54,-34],[-68,8],[-114,48],[-59,58],[86,53],[-71,42],[18,44]],[[96623,12466],[-6,-31],[68,-61],[-31,-92],[-248,65],[-75,131],[-118,78],[-84,82],[-35,54],[-81,73],[58,15],[62,-33],[116,-29],[110,-47],[39,26],[109,6],[21,-43],[134,-85],[-39,-109]],[[97682,13555],[-36,39],[63,31],[9,34],[95,15],[-111,48],[-3,50],[-115,72],[49,79],[-39,32],[-127,59],[65,165],[-68,71],[34,56],[104,22],[57,-17],[-43,-42],[-13,-62],[43,-84],[43,-41],[145,-29],[118,-87],[78,-37],[249,-29],[211,3],[106,23],[68,-10],[165,25],[84,37],[98,-30],[6,-41],[66,-24],[-174,-70],[-200,-214],[-84,-106],[-103,-171],[-29,-103],[16,-57],[105,-36],[172,-41],[-7,-75],[62,-36],[159,-26],[5,-80],[86,-66],[150,-12],[99,22],[239,-78],[48,-65],[-41,-46],[105,-13],[45,-39],[-15,-46],[-118,-19],[-93,48],[-66,-70],[-20,-97],[57,-29],[64,20],[113,-15],[55,-46],[5,-41],[168,-55],[113,-3],[-160,-148],[-141,9],[-31,-28],[-20,-79],[-125,-57],[-40,-127],[66,-109],[-13,-89],[-47,-28],[-279,-43],[-132,-39],[-177,14],[-120,46],[-204,-17],[-336,4],[-95,15],[-121,-17],[-167,20],[-48,23],[-329,73],[-1,54],[-164,151],[-16,44],[-59,9],[-98,46],[-63,72],[0,56],[46,195],[77,65],[-7,63],[-52,43],[-50,100],[-105,54],[-5,25],[-88,74],[-139,66],[-141,53],[0,49],[-84,16],[-113,94],[-39,50],[-107,75],[9,23],[-97,43],[-48,44],[-127,44],[-209,21],[-159,32],[-115,35],[-159,90],[-216,55],[-247,160],[-143,49],[-48,49],[-131,91],[18,12],[235,27],[249,62],[211,31],[77,-26],[229,20],[63,-4],[75,-48],[132,-11],[7,-28],[102,-20],[97,8],[175,-109],[81,-8],[69,-41],[181,-28],[140,-5],[198,-66],[70,-57],[265,-33],[114,4],[156,-30],[141,-73],[91,-24],[204,-16],[-98,40],[-39,88],[-143,59]],[[97694,13420],[-61,27],[-58,96],[221,-55],[53,-91],[-155,23]],[[96291,14720],[14,20],[220,10],[29,-29],[159,-26],[36,-40],[95,-35],[3,-40],[-104,-57],[-66,-12],[-74,-46],[-111,27],[-116,-22],[-134,35],[16,50],[-9,101],[42,64]],[[98705,14814],[-166,54],[95,35],[57,-28],[14,-61]],[[96554,15837],[154,-3],[13,-38],[-91,-3],[-76,44]],[[96095,16107],[-155,49],[185,50],[0,-70],[-30,-29]],[[96210,16641],[-86,3],[-103,53],[-27,35],[-115,55],[95,37],[-20,37],[82,35],[97,-13],[63,-60],[79,-34],[79,-8],[74,-49],[120,-23],[38,-54],[-87,-91],[-140,70],[-149,7]],[[20138,67626],[20,-36],[139,-26],[-603,-167],[-1275,-476],[-2518,-243],[701,-617],[256,354],[694,-39],[87,-240],[282,-188]],[[14909,66310],[-121,-51],[28,-84]],[[14103,65124],[-825,-3],[-500,-380],[880,-277]],[[9970,60681],[-5,19],[535,328],[146,136],[71,91],[51,138],[-56,168],[-46,98],[-82,34],[-48,76],[-78,73],[-108,49],[-88,-7],[-76,31],[-39,43],[-113,11],[-38,73],[-104,70],[-4,70],[-42,72],[-135,99],[-95,35],[-124,8],[11,56],[-37,134],[-95,74],[0,72],[-28,124],[-96,99],[-53,85],[56,69],[44,126],[0,90],[-35,56],[28,97],[-19,59],[-80,97],[-174,89],[-170,48],[-102,-30],[-44,139],[-93,69],[150,151],[50,84],[87,93],[61,98],[91,17],[147,87],[154,115],[132,125],[93,29],[55,40],[53,-37],[-1,-37],[104,-25],[97,9],[182,57],[120,76],[87,94],[131,23],[173,82],[183,4],[164,30],[117,9],[62,29],[136,110],[71,12],[71,44],[150,11],[156,91],[29,53],[85,70],[167,99],[78,77],[105,136],[77,170],[103,87],[170,242],[175,199],[74,147],[58,87],[39,214]],[[12107,65737],[-62,-83],[-98,-86],[-80,-41],[907,-42],[47,845]],[[13292,66990],[214,-91],[147,-19],[126,33],[73,-11],[116,-58],[281,211],[-63,-17],[-215,41],[-74,41]],[[13897,67120],[-90,60],[20,26],[122,30],[57,34],[11,62],[116,-6],[159,27],[192,1],[38,237],[108,114],[-75,12]],[[14555,67717],[-2,100]],[[14553,67817],[18,71],[-198,161],[-227,71],[19,-273],[-687,-41],[-800,160],[-484,400],[-996,332],[344,170],[-8,15],[-242,-36],[-55,-84],[-85,-45],[-143,12],[-149,-9],[-174,-127],[12,-46],[184,-44]],[[10882,68504],[-120,-136],[46,-81]],[[10808,68287],[-71,96],[-89,-19],[-137,33],[-94,-12],[-139,43],[-109,-18],[-73,16],[-163,85],[66,101],[1,65],[112,121],[-30,25],[-9,69],[-49,88],[21,60],[-83,18],[-163,-559],[-50,-516]],[[9749,67983],[-2,-13],[8,-10],[-35,-12],[-147,9],[-182,-51],[-83,46],[-226,55],[-142,-2],[-43,34],[-134,40],[45,102],[134,123],[114,140],[44,104],[159,192],[191,174],[79,95],[335,341],[147,173],[323,413],[280,392],[140,245],[54,71],[60,114],[-1,52],[37,125],[66,64],[124,184],[60,50],[177,41],[126,57],[138,122],[201,224],[73,68],[417,488],[83,79],[196,228],[109,114],[204,260],[156,159],[119,91],[62,8],[42,45],[118,55],[60,44],[146,141],[145,155],[186,103],[147,66],[123,71],[110,46],[97,20]],[[14389,73918],[-178,-58],[-136,-78],[-357,-188],[-86,-108],[-117,-125],[-131,-93],[-114,-57],[-91,-70],[-104,-56],[-194,-197],[-79,-109],[-151,-182],[-285,-310],[-345,-390],[-39,-53],[-332,-370],[-142,-121],[-145,-76],[142,2],[108,44],[150,21],[168,-44],[164,-31],[134,45],[63,36],[249,-27],[-44,-41],[239,-61],[111,-48],[174,52],[194,25],[74,-8],[-32,-46],[-113,-6],[-33,-19]],[[13111,71171],[-224,-104],[2,-34],[151,-45],[130,-3],[18,-83],[-54,-32],[144,-26],[52,-47],[-96,-66],[-50,26],[41,40],[-144,21],[-27,37],[-75,26],[-173,-9],[-73,68],[-112,27],[44,124],[-38,33],[-85,-8],[-132,49],[-114,-7],[7,-50],[-52,-37],[-100,58],[-110,4],[-234,-35],[-167,35],[-62,86],[-135,21],[-251,-14],[-86,-54],[-79,-126],[-113,-123],[-41,-125],[4,-52],[-173,-302],[-125,-189],[-254,-351],[-278,-365],[-148,-177],[-179,-190],[-227,-226],[-84,-95],[-189,-177],[-114,-141],[-34,-74],[-148,-182],[-114,-106],[-33,-79],[882,812],[-2,41],[53,28],[-4,81],[172,52],[141,130],[493,-118],[448,18],[453,116],[892,-241],[439,332],[801,458],[74,482],[-2027,269],[-158,-23],[146,158],[2064,-266],[62,490],[-5,253]],[[13701,71164],[-9,449],[411,69],[1008,291],[-12,74],[-81,12],[77,77],[-60,37],[24,30],[-160,24],[-60,47],[147,33],[19,57],[110,5],[-19,68],[-125,-75],[-71,22],[-100,-44],[33,81],[57,33],[-179,18],[77,76],[131,23],[34,22],[-35,221],[49,132],[35,27]],[[15002,72973],[-29,-87],[9,-132],[41,-116],[39,-35],[85,-278],[100,-114],[212,-102],[75,-50],[-144,-52],[-181,-81],[-278,-32],[214,-35],[286,90],[129,58],[41,57],[-14,48],[-217,104],[-106,148],[-6,84],[-39,70],[17,152],[59,117],[270,135],[153,104],[68,33],[172,-1],[57,-15],[252,-104],[70,-5],[143,-40],[346,196],[-104,57],[-42,107],[-61,77],[-127,65],[-163,119],[-281,138],[-187,40],[-239,-49],[-115,32],[-33,40],[-12,128],[21,139],[61,136],[-2,48],[49,114],[39,188],[3,93],[39,148],[54,152],[136,312],[113,178],[183,240],[134,82],[267,80],[68,64],[-5,109],[26,103],[69,109],[107,202],[73,243],[155,47],[32,47],[-30,40],[10,72],[35,71],[183,279],[28,65],[108,157],[72,181],[84,169],[118,140],[188,147],[34,70],[222,266],[152,237],[40,20],[188,-5],[-1,91],[-60,-5],[1,87],[86,160],[70,103],[71,154],[76,110],[72,154],[58,49],[11,73],[-14,103],[82,226],[34,140],[6,301],[13,114],[-24,199],[-42,95],[-86,39],[8,67],[178,45],[23,45],[18,16],[81,26],[82,96],[52,103],[61,162],[31,177],[14,171],[14,29]],[[19431,81717],[-8,-101],[-36,-223],[-21,-83],[-42,-121],[-48,-99],[-101,-124],[-43,-22],[-50,-8],[-24,-49],[-40,-17],[2697,150],[2015,111],[-183,271],[-46,27],[-112,124],[30,107],[296,203],[29,312],[-103,155],[-51,166],[3,99],[518,223],[-68,42],[79,48],[142,34],[96,74],[-73,6]],[[24287,83022],[2214,0],[911,1],[549,-1],[2918,0]],[[30879,83022],[13,-52],[102,-33],[-40,-82],[21,-20],[-37,-84],[113,-67],[19,-84],[107,-5],[92,-29],[46,-74],[-31,-28],[118,-69],[131,-21],[58,-60],[61,-14],[42,-118],[5,-194],[29,-81],[-26,-30],[-13,-94],[91,-35],[-27,-73],[76,-54],[-2,-53],[65,-25],[10,-94],[-60,-117],[-6,-113],[-35,-81],[-50,-52],[-51,-90],[-3,-48],[-101,-65],[76,-35],[5,-113],[111,-111],[28,-80],[-22,-73],[20,-63],[-29,-38],[92,-84],[88,-60],[174,-29],[107,32],[72,-20],[154,-202],[220,-48],[171,-162],[37,-2],[69,-59],[19,-91],[41,-29],[106,-31],[-32,-117],[53,-79],[78,-23],[-7,-27],[-271,-180],[-125,-93],[-199,-120],[-91,-90],[-15,-81],[-63,-111],[-7,-163],[-24,-65],[78,-40],[64,-63],[105,-27],[12,-124],[-69,-70],[-2,-146],[12,-52],[-40,-180],[8,-76],[86,-66],[103,-110],[80,-17],[58,-68],[-13,-212],[6,-99],[85,-80],[-5,-36],[59,-31],[2,-71],[-24,-54],[31,-17],[1,-117],[-16,-80],[41,-30],[-17,-353],[-46,-66],[24,-27],[20,-133],[43,-114],[-3,-37],[-93,-27],[38,-26],[17,-100],[-79,-97],[-66,-126],[-19,-140],[-29,-10],[79,-91],[-7,-67],[-29,-20],[28,-111],[44,-87],[132,-47],[157,-41],[31,-87],[58,-38],[75,-8],[34,-31],[85,-18],[132,-1],[133,20],[54,-24],[38,-67],[85,-84],[233,-79],[35,58],[105,-4],[328,-74],[154,-78],[27,-46],[109,-40],[-5,-34],[83,-19],[25,-40],[74,-34],[180,-24],[84,31],[78,-31],[176,-26],[226,-9],[154,5],[438,31],[228,43],[173,50],[75,1],[89,53],[221,54],[167,50],[122,60],[33,76],[155,-41],[3,-39],[65,-47],[97,21],[44,-24],[86,14],[200,-63],[73,15],[104,-81],[125,-8],[-2,-79],[18,-134],[45,-43],[151,-42],[65,-36],[-8,-38],[77,-95],[137,-64],[139,35],[97,9],[630,107],[24,47],[105,1],[95,-51],[51,-53],[169,-8],[80,-73],[-103,-41],[-100,-63],[-119,-22],[-23,-22],[-118,48],[-1,33],[-103,56],[-106,-5],[-471,-149],[-93,-110],[-48,-87],[-123,-85],[-51,-63],[-53,-30],[-26,-63],[-96,-93],[-85,-26],[-74,-43],[5,-28],[-173,-175],[-139,-95],[-26,-56],[-195,-110],[-90,-70],[-95,-96],[-48,-21],[-88,-91],[-6,-28],[-112,-108],[-158,-114],[-190,-30],[-83,14],[-11,-51],[110,-37],[20,-41],[163,-31],[4,-94],[-75,-52],[-43,-65],[22,-43],[94,-2],[-15,-69],[49,-29],[31,-59],[-102,-61],[-50,-90],[-47,-44],[-12,-81],[38,-34],[112,-13],[-21,-63],[-80,-73],[-22,-75],[-75,-64],[-42,-67],[-80,-230],[5,-173],[44,-93],[66,-62],[135,9],[35,34],[215,-13],[69,23],[123,10],[97,-39],[64,10],[59,-25],[194,-2],[130,15],[308,-22],[190,4],[222,39],[53,-67],[216,-5],[39,-26],[137,-38],[91,-39],[130,-8],[141,-104],[170,-86],[187,-13],[104,40],[52,-6],[34,-98],[130,-9],[191,-36],[-19,-53],[36,-34],[85,-8],[18,-147],[-45,-159],[99,-10],[51,-75],[-13,-65],[-99,-131],[60,-69],[5,-72],[29,-12],[-64,-105],[36,-31],[-21,-117],[77,-60],[105,-10],[100,-39],[3,-60],[71,-50],[97,10],[58,-139],[104,-67],[171,-42],[235,-4],[164,-86],[129,-12],[199,33],[119,-68],[309,-76],[155,-63],[71,-56],[106,-39],[255,-24],[120,41],[167,-119],[-83,-42],[27,-51],[149,26],[236,-2],[-35,-83],[-217,-106],[-215,-142],[-163,-83],[-94,-88],[1,-65],[49,-71],[301,23],[-11,-36],[-137,-47],[-70,-46],[-165,-63],[-81,-119],[-100,-42],[-89,-93]],[[43134,66547],[-892,-18],[-182,-419],[-343,-137],[-154,117],[-75,7],[-101,-34],[31,-206],[309,-203],[-30,-32],[79,-146],[-613,29],[-483,-189],[-149,-156],[-62,7],[-100,-27],[-110,-10],[-86,52],[63,67],[-88,78],[35,95],[15,138],[-57,139],[-108,32],[-62,57],[26,80],[-97,48],[37,86],[-52,126],[-71,42],[-115,5],[-73,34],[-8,64],[-81,17],[-130,89],[-50,135],[42,17],[77,78],[131,95],[111,-7],[113,8],[-65,54],[-5,44],[-50,27],[33,33],[219,51],[49,78],[-41,54],[-18,73],[-42,40],[94,83],[13,57],[-98,43],[-79,-19],[-224,-14],[-54,70],[23,88],[-93,73],[30,30],[-149,69],[-64,-21],[-118,66],[25,33],[-52,47],[-85,35],[109,18],[12,63],[123,157],[21,57],[-21,50],[-54,31],[-96,-23],[10,-43],[-44,-92],[-99,10],[-51,32],[-23,54],[-71,4],[-43,33],[-143,-71],[-118,30],[-112,-78],[-209,38],[-75,-53],[-135,-14],[-106,-30],[-220,50],[-70,29],[-126,-10],[-114,27],[-57,-60],[5,-60],[-55,-16],[8,-39],[-65,-30],[-30,-134],[-36,-44],[-82,-24],[-26,-39],[24,-132],[53,-32],[41,-81],[-49,-43],[-128,10],[-10,-53],[-45,-28],[-106,-6],[-35,-25],[16,-50],[-213,-16],[-88,-51],[5,-88],[-75,-70],[-106,-38],[-5,-51],[-77,-65],[-1618,64],[-134,-40],[-130,26],[-91,-14],[-97,-100],[69,-46],[35,-30],[44,-71],[54,-29],[21,-46],[-32,-69],[-72,-35],[-79,-87],[35,-93],[-56,-45],[39,-43],[95,-4],[87,-59],[-19,-31],[-93,-56],[-269,-41],[-138,-4],[-118,21],[-115,-46],[-44,-80],[-91,-26],[-55,-45],[42,-65],[230,-42],[103,-71],[74,-6],[108,-96],[79,-31],[-5,-65],[90,-48],[-40,-114],[111,-27],[86,-53],[106,-17],[-4,-56],[169,-11],[69,-20],[41,-89],[40,-2],[119,-52],[60,-10],[12,-55],[-72,-48],[-5,-40],[-90,-63],[-8,-34],[11,-15],[-64,-30],[72,-82],[-42,-43],[37,-67],[102,3],[-1236,-439],[1102,-783],[552,-394],[25,-42],[204,11],[128,-52],[171,-45],[127,7],[157,-29],[105,41],[71,-14],[139,25],[123,-7],[230,19],[120,-15],[234,-52],[93,-34],[153,-103],[138,-25],[44,23],[224,-35],[89,11],[165,77],[312,16],[88,-51],[172,-11],[225,24],[154,-6],[80,48],[136,4],[74,-14],[69,32],[107,10],[203,-2],[87,-28],[174,21],[174,44],[208,-48],[107,4],[96,-14],[-202,-1078],[311,99],[1659,-70],[-46,-54],[79,-49],[-35,-60],[-99,-11],[-37,-6],[-121,-23],[-97,-50],[-142,-34],[35,-84],[74,-30],[74,0],[55,64],[98,8],[256,-24],[85,10],[50,-33],[270,-80],[-31,-31],[123,-35],[96,-57],[-21,-109],[26,-70],[99,1],[83,-39],[33,-48],[-67,-7],[4,-58],[-98,-33],[-62,-97],[13,-24],[-151,-102],[-72,-5],[-82,-83],[44,-64],[-45,-120],[3,-38],[-136,-49],[-21,-39],[-73,-26],[-95,4],[-13,-72],[-43,-29],[-203,-80],[-31,-41],[-98,-25],[-133,23],[-11,-54],[106,-42],[-18,-62],[-94,-67],[-97,-39],[-54,-58],[-19,-71],[89,-30],[29,-34],[3464,324],[15,46],[-40,40],[19,37],[-50,106],[90,22],[127,-33],[-2,-49],[79,8],[182,-78],[25,35],[163,93],[102,43],[96,22],[123,-12],[83,-38],[246,101],[63,5],[78,-41],[135,-8],[50,-17],[109,7],[104,-14],[3,36],[86,49]],[[47169,59968],[-10,-46],[34,-55],[-9,-169],[-217,-295],[-46,-119],[-58,-84],[-23,-140],[65,-39],[13,-113],[74,-58],[-12,-125],[-28,-33],[-167,-120],[-62,-31],[-225,-206],[-43,-53],[-42,-95],[-100,-162],[-37,-88],[5,-50],[-53,-105],[-8,-359],[-33,-153],[6,-53],[-57,-196],[-100,-95],[-78,-92],[-36,-94],[64,-124],[92,-62],[30,-57],[9,-97],[122,-150],[98,-82],[61,-20],[79,-67],[59,-3],[161,-64],[89,-70],[89,-136],[206,-90],[156,-232],[-10,-142],[30,-99],[138,-120],[89,-119],[56,-134],[102,-118],[200,-157],[101,-53],[300,-94],[212,-102],[219,-52],[67,-34],[70,-98],[11,-166],[40,-89],[76,-119],[72,-53],[15,-69],[4,-138],[-24,-30],[76,-78],[-20,-44],[28,-70],[111,-145],[-25,-59],[-11,-109],[30,-73],[-5,-76],[-59,-237],[29,-103],[118,-207],[190,-213],[173,-139],[103,-145],[13,-66],[84,-176],[96,-174],[26,-82],[56,-104],[105,-129],[278,-280],[149,-129],[213,-162],[291,-183],[132,-69],[212,-85],[183,-82],[103,-26],[390,-159],[170,-52],[395,-75],[254,-30],[161,-3],[110,12],[113,-4],[285,10],[147,-42],[60,-59],[169,-11],[60,41],[166,48],[273,-26],[169,1],[289,28],[373,46],[214,-24],[116,79],[294,64],[179,26],[363,102],[300,97],[208,93],[125,75],[290,214],[111,31],[118,-5],[43,-22],[112,42],[-13,29],[78,72],[143,45],[186,34],[-6,43],[47,46],[203,121],[261,197],[7,59],[66,94],[36,98],[12,155],[-75,35],[61,103],[4,56],[-82,21],[30,58],[-84,24],[38,36],[133,17],[71,-24],[85,11],[32,46],[81,19],[119,-45],[32,-38],[163,-57],[95,14],[50,48],[80,-17],[174,-81],[157,-139],[139,-81],[102,-17],[116,-39],[100,-17],[91,51],[46,0],[176,-54],[232,-45],[121,15],[103,-13],[132,12],[267,45],[211,63],[40,45],[268,0],[82,19],[230,116],[174,51],[297,28],[287,50],[303,120],[133,79],[99,44],[143,97],[87,105],[106,73],[109,109],[82,61],[63,117],[58,78],[4,44],[82,15],[226,-31],[167,10],[144,-31],[15,-65],[117,-71],[102,-39],[31,-38],[22,-84],[57,-22],[60,-62],[155,-54],[13,-41],[99,-92],[122,4],[102,-22],[77,-44],[58,2],[-53,-74],[46,-54],[91,13],[156,-75],[27,-38],[83,-6],[-14,-67],[-77,-70],[-12,-40],[-105,-117],[-91,-162],[40,-50],[50,-15],[-21,-119],[58,-26],[4,-117],[-35,-96],[19,-58],[52,-46],[116,-20],[99,3],[131,30],[33,29],[96,-3],[116,-27],[142,10],[80,30],[113,10],[82,31],[29,47],[81,-35],[70,-58],[6,-38],[-47,-76],[-160,-97],[-143,-166],[-134,-192],[-35,-21],[-89,-203],[45,-34],[8,-80],[-63,-107],[0,-69],[119,-140],[215,-57],[34,-33],[218,-58],[123,-19],[32,-38],[97,-46],[47,16],[66,-110],[60,-29],[42,-84],[104,-118],[97,-58],[171,-4],[18,-24],[400,-50],[-3,38],[349,6],[211,23],[98,2],[96,52],[164,-43],[113,18],[90,41],[74,-109],[2,-153],[20,-91],[60,-89],[251,-40],[29,-20],[200,-7],[33,12],[151,-89],[71,10],[196,-3],[55,-56],[109,-11],[598,28],[212,-18],[50,34],[185,0],[108,-15],[57,9],[162,-40],[64,-139],[53,-9],[115,-74],[24,-44],[-34,-45],[-4,-62],[40,-94],[66,-33],[168,1],[62,20],[84,-15],[129,-107],[32,-80],[-71,-118],[12,-109],[44,-93],[-10,-83],[52,-81],[93,-5],[220,-107],[432,-35],[73,-30],[133,29],[90,-35],[-13,-45],[-100,-3],[-5,-53],[46,-63],[68,-35],[111,-14],[146,-44],[-2,-55],[29,-52],[203,-25],[131,-2],[81,-30],[104,7],[158,-10],[234,21],[71,-10],[124,-56],[197,17],[129,-45],[138,-79],[30,-31],[118,-31],[53,-33],[134,-2],[165,-40],[85,-35],[114,19]],[[76769,46430],[66,-68],[-294,-1352],[770,-40],[-152,-706],[-475,21],[-23,-123],[50,-58],[29,-181],[75,-17],[150,46],[-16,28],[51,42],[116,29],[124,-36],[-60,-309],[406,-19],[61,-32],[-28,-53],[-166,-21],[28,-42],[-12,-56],[-312,-8],[-111,-23],[-169,2],[-42,-42],[-99,45],[-57,-22],[-72,15],[-81,-66],[-90,35],[-133,-24],[-37,19],[-126,-18],[-305,11],[-74,-18],[-37,73],[-118,-1114],[-56,-9],[-363,-2],[-21,-100],[-503,25],[-52,-242],[182,-13],[-28,-127],[77,-10],[397,-18],[-60,-305],[-326,15],[-24,-129],[-88,-63],[-70,-80],[61,-54],[92,-49],[-23,-52],[87,-68],[116,-16],[26,147],[286,-12],[-26,-148],[322,-13],[12,67],[757,-31],[60,331],[479,-20],[-64,-353],[113,-22],[-6,-37],[-761,32],[-3,-19],[-179,7],[-26,-145],[231,-9],[5,28],[254,-11],[229,3],[6,35],[325,-14],[-4,-24],[229,-9],[-21,-118],[119,-5],[11,62],[80,19],[10,57],[306,-11],[10,-50],[165,-13],[237,93],[458,-272]],[[78644,40596],[0,-61],[45,-80],[-174,-22],[19,-34],[150,-21],[114,12],[38,54],[144,26],[126,-44],[10,-102],[76,10],[74,-19],[43,-131],[66,-83],[95,16],[30,-56],[-123,-76],[-52,-50],[-80,-155],[-9,-68],[46,-51],[173,-49],[9,-39],[88,-75],[74,-12],[161,19],[94,61],[71,-11],[71,-71],[133,-55],[60,-51],[-65,-26],[53,-146],[177,-66],[-57,-76],[-98,7],[-92,-37],[-39,-58],[64,-86],[25,-97],[-133,-94],[11,-45],[91,-60],[136,-32],[162,-59],[-18,-35],[39,-36],[-11,-49],[37,-60],[49,-13],[122,-96],[124,-42],[22,-53],[177,-160],[74,-149],[32,-128],[-21,-86],[55,-42],[-28,-82],[-48,-57],[-106,-68],[-57,-65],[-26,-84],[-44,-49],[78,-97],[3,-90],[29,-62],[83,-28],[199,3],[82,-59],[1,-40],[-79,-47],[-139,-141],[-100,-166],[-84,-111],[-12,-102],[41,-80],[89,-63],[10,-36]],[[81024,36030],[-10,-1],[-52,-15],[-106,-24],[-154,-61],[-21,-60],[-129,-26],[-104,-52],[-142,35]],[[80306,35826],[14,59],[-143,7]],[[80177,35892],[-38,28],[-88,-23],[-162,30],[-36,40],[-180,2],[-69,49],[-69,22],[1,43],[-44,58],[85,30],[-90,38],[-529,-288],[-139,56],[-30,93],[-169,-18],[-71,-26],[-72,26],[-140,4],[-136,-25],[-65,-55],[-117,-54],[-81,-17],[-121,1],[-206,51],[-145,-32],[-180,52],[-95,38],[-178,-60],[-151,21],[-103,-29],[-111,-69],[37,-81],[3,-58],[-47,-13],[-148,25],[-104,35],[-148,16],[-196,-11],[-14,-56],[-263,-64],[-49,-2],[-247,-74],[87,-67],[1,-69],[-46,-52],[-103,-62],[-28,-98],[67,-89],[-26,-16],[17,-116],[67,-20],[106,8],[80,-89],[51,-12],[70,-53],[-10,-76],[-61,-46],[71,-39],[-12,-79],[49,-63],[-68,-55],[40,-48],[-17,-67],[-160,-103],[6,-59],[44,-59],[-25,-29],[-126,-54],[-72,-47],[-41,-63],[-128,1],[-89,-12],[-73,-44],[71,-60],[-68,-5],[-45,-54],[-52,-9],[-137,-64],[-405,115],[-85,0],[-60,27],[-122,19],[-65,-22],[-145,-77],[-137,-14],[-63,-30],[146,-62],[-190,-68],[-17,-50],[30,-82],[92,-49],[225,8],[47,-19],[4,-56],[131,-1],[76,-22],[-43,-43],[-79,-20],[132,-72],[89,-33]],[[74473,33175],[-181,-39],[-129,-104],[-89,-52],[5,-45],[-62,-46],[-91,-21],[12,-39],[98,-17],[-64,-46],[-159,-25],[-156,-82],[-50,-45],[50,-54],[93,-11],[25,-79],[64,-60],[87,-25],[23,-109],[-54,-21],[-197,-35],[-102,-50],[-84,-8],[13,-48],[-125,-22],[-63,-37],[-142,20],[-192,-37],[-107,-56],[-213,47],[-141,70],[-117,9],[-64,-18],[-97,67],[-58,-13],[-20,-76],[-157,-41],[-47,-45],[-65,-6],[-64,40],[-81,158],[-74,56],[-120,-44],[-29,-37],[-158,-32],[-47,-76],[-67,-47],[29,-25],[-68,-49],[-131,-2],[-111,25],[-58,-53],[0,-72],[-133,37],[-77,-1],[-46,68],[-61,34],[17,39],[-72,56],[-164,7],[-19,39],[-119,110],[-316,187],[-258,83],[36,98],[-46,79],[-114,35],[-5,44],[-57,44],[-223,11],[-353,8],[-276,88],[-94,-16],[1,-69],[-37,-58],[-100,-13],[-146,19],[-50,-41],[5,-84],[-91,-124],[-11,-58],[51,-49],[16,-71],[-71,-129],[-111,-36],[-98,-48],[-124,15],[-333,54],[-37,24],[-158,28],[-39,27],[-160,-12],[-130,-31],[-141,26],[-92,58],[-183,46],[-103,7],[-59,23],[-106,9],[-192,50],[-89,85],[-121,-2],[-238,-39],[-17,-54],[-139,-11],[-87,-23],[-127,50],[-187,-2],[-158,-47],[-126,-55],[-10,-50],[-84,-24],[32,-46],[127,-15],[59,-101],[78,-31],[0,-32],[-120,-89],[-74,3],[-157,-50],[-59,13],[-71,-21],[-83,32],[-31,34],[-107,11],[-120,-10],[-147,47],[-70,65],[-90,-14],[-171,23],[-125,41],[-163,-76],[-80,-27],[-114,16],[-140,-62],[-184,-27],[-158,21],[-12,80],[-137,85],[-111,21],[-68,35],[-67,93],[-75,42],[-81,0],[-289,96],[-93,59],[-104,46],[-161,34],[-85,-42],[-92,-1],[-135,-81],[-87,-143],[-71,-30],[-124,-104],[-133,-15],[-98,-78],[-165,-1],[-101,30],[-212,106],[-164,-52],[-9,-53],[-85,-20],[-67,11],[-133,-63],[-103,-18],[-46,19],[-1,61],[-47,50],[-86,7],[-81,31],[-44,63],[-108,29],[-17,39],[62,32],[-41,181],[-108,-3],[-46,35],[94,46],[-198,98],[-17,41],[-94,33],[-141,0],[-50,17],[-187,-35],[-207,33],[4,68],[-155,12],[-76,43],[-73,17],[15,31],[-32,98],[-41,43],[-120,47],[-101,83],[-78,114],[-72,40],[-24,124],[-122,31],[-149,-6],[-32,15],[-42,174],[-47,146],[29,71],[-196,-13],[-134,37],[-47,54],[-99,-10],[-126,56],[-73,-19],[-149,-7],[-89,10],[-44,-49],[-113,-30],[-97,-46],[-121,19],[-45,-53],[-138,1],[-178,50],[-91,1],[-84,24],[-126,5],[-110,68],[-79,30],[-181,38],[-105,3],[-263,52],[-76,25],[-140,-31],[-12,29],[-113,43],[-184,32],[-24,-36],[-158,-21],[-118,-57],[-11,-59],[-91,-32],[-157,-26],[-114,-36],[-80,41],[-22,39],[-131,7],[-2,48],[-64,13],[-22,42],[-95,-18],[-52,24],[-195,47],[-9,44],[-113,2],[-51,-19],[-39,-82],[-93,-54],[-93,-15],[-118,-54],[10,-59],[-50,-13],[-145,4],[-231,41],[-185,-48],[-70,-65],[-92,-14],[-92,-81],[-115,-32],[-66,12],[-254,-21],[-137,17],[-62,-15],[-41,-59],[-134,16],[-38,19],[-125,-43],[-112,19],[-18,36],[-91,23],[-86,-7],[-174,37],[-139,0],[-157,88],[-98,109],[-167,-9],[-160,43],[-63,-8],[-180,59],[-50,-19],[-144,29],[-50,49],[-74,18],[-118,-31],[-99,58],[-43,66],[-142,35],[-55,72],[-61,25],[87,69],[-28,62],[-71,25],[-125,10],[-116,-21],[-79,3],[-76,45],[-67,-13],[-34,-40],[-219,28],[-118,-37],[-116,-5],[-87,23],[-217,-37],[-177,20],[-168,-19],[-150,-47],[-30,-27],[-111,3],[-124,-22],[-61,-32],[-176,29],[-63,21],[-313,21],[-128,58],[-106,-3],[-90,16],[-74,45],[-110,33],[-180,23],[2,50],[93,48],[-93,34],[-167,-13],[-200,13],[-125,40],[-50,44],[-121,12],[-69,-64],[-120,-31],[-171,-10],[-193,98],[-226,28],[-266,-6],[-202,-13],[-192,-32],[-287,-70],[-353,-109],[-365,-92],[-88,-66],[-162,-8],[-282,-79],[-148,-16],[-117,6],[-137,-9],[-114,-62],[-225,-41],[-264,-23],[-201,15],[-370,38],[-171,53],[-302,-49],[-389,-26],[-148,13],[-356,-18],[-171,-4],[-168,29],[-596,-57],[-237,-17],[-124,-34],[-223,5],[-421,201],[-101,-12],[-77,-33],[-142,15],[-347,112],[-580,64],[-288,7],[-305,-10],[-385,-75],[-150,5],[-429,-22],[-358,15],[-356,47],[-328,8],[-323,-1],[-210,-15],[-132,33],[-250,27],[-382,-35],[-130,-1],[-48,-39],[-75,-8],[-163,-59],[-202,68],[-174,28]],[[30213,34525],[-94,51],[-143,35],[-196,0],[-158,9],[-159,28],[-221,54],[-220,102],[-146,116],[-89,96],[-108,70],[-171,35],[164,596],[1251,553],[201,1421],[1222,-45],[186,1330],[2119,-62],[243,1383],[1083,-44],[244,1396],[-2550,90],[-3293,117],[-300,-1257],[-32,-167],[-2203,100],[-5652,257],[-908,721],[-1908,1502]],[[18375,43012],[627,859],[170,1061],[-169,-45],[-117,-59],[-45,-50],[-79,-46]],[[18762,44732],[-47,10]],[[18715,44742],[165,87],[159,98],[123,39],[140,774],[-501,793],[-1530,1076],[-172,428],[-627,1570],[107,334],[-309,-14],[-251,37],[-104,63],[-94,132],[-117,41],[-204,8],[-282,26],[-278,7],[-101,12],[-70,-30],[-202,18],[-229,30],[-85,25],[-74,46],[-8,55],[-68,17],[-43,41],[-60,26],[-233,50],[-72,6],[8,82],[123,64],[-17,27],[34,88],[-199,86],[-42,34],[-62,98],[-87,2],[-166,43],[-132,11],[-144,40],[-37,27],[0,100],[-22,55],[-131,44],[-102,83],[-172,37],[-116,3],[-115,101],[-110,40],[-24,25],[-258,69],[-69,26],[-19,20],[-48,13],[-24,-14],[-99,-19],[-136,41],[-84,-6],[-26,-17],[3,-19],[-31,-16],[-207,-5],[-155,57],[-146,74],[-203,-11],[-78,29],[-17,33],[-100,10],[-50,32],[-202,60],[8,27],[-88,51],[-46,0],[-108,61],[-51,-10],[-11,-28],[-29,-16],[-31,-1],[-144,44],[4,-47],[-26,-15],[-76,2],[-63,45],[-117,20],[23,28],[-45,43],[-61,-4],[-57,8],[-9,40],[83,45],[-85,73],[97,-11],[11,46],[-96,30],[-174,89],[-14,30],[36,70],[-127,19],[-38,21],[-33,86],[-79,7],[-60,-33]],[[8827,52704],[-12,134],[-24,20]],[[19811,66158],[513,1128],[-47,87],[2291,-73],[1747,-56],[3116,-98],[72,431],[-755,596],[-835,653],[-74,-72],[-91,-7],[-92,18],[-24,-33],[-90,-29],[-98,40],[-85,-13],[-66,40],[-112,-3],[-83,38],[-61,-25],[-25,-48],[-72,24],[-146,-26],[7,-94],[-66,-11],[-138,48],[-68,-10],[-8,-62],[33,-33],[-70,-18],[-25,-46],[-70,-3],[-97,26],[-79,39],[-76,0],[-167,48],[-48,52],[-166,79],[41,34],[-48,57],[-112,18],[-161,46],[-29,32],[-138,41],[-139,7],[64,47],[-101,61],[24,83],[-238,-43],[8,68],[-97,70],[-78,13],[-73,-75],[-95,2],[-74,53],[-6,126],[-96,65],[17,47],[-4,89],[-176,56],[-23,47],[-139,32],[-6,44],[-113,-19],[-72,32],[31,42],[-46,46],[-142,-8],[-71,30],[-2,44],[-74,23],[-106,-50],[-71,28],[-110,-69],[-124,26],[-148,-12],[-108,-46],[-205,21],[-111,-24],[-47,36],[-118,21],[-79,-7],[-11,-35],[-75,-57],[-89,-17],[-180,9],[-135,-24],[-180,-74],[-211,35],[-82,-31],[54,-30],[-55,-37],[-185,14],[-89,-16],[-114,46],[4,24],[43,57],[-102,-12],[-66,22],[-3,44],[44,37],[-72,88],[91,22],[-33,36],[-130,17],[-51,102],[-109,22],[-49,30],[-18,57],[114,27],[52,30],[27,60],[-133,73],[114,73],[-6,104],[-38,46],[-40,20],[-257,46],[-201,10],[-101,29],[-85,73],[-635,-1],[4,-798],[9,-1292],[-858,-709],[-563,21],[38,270],[-111,84],[-225,-193],[-564,-36],[-136,-137],[101,9],[86,72],[152,27],[189,-12],[16,-58],[191,-115],[76,-64],[83,8],[221,-18],[222,-30],[94,1],[117,24],[25,-55],[139,-38],[84,40],[79,70],[96,16],[84,90],[78,18],[132,-7],[50,-47],[100,-15],[86,44],[84,23],[146,-2],[55,34],[101,5],[82,-43],[116,52],[87,0],[129,47],[251,-28],[33,40],[94,-22],[90,-47],[132,16],[101,-62],[70,67],[141,61],[108,7],[185,-6],[51,-42],[62,28],[49,-9],[13,-11],[-13,-36],[24,-1],[19,26],[100,5],[55,17],[64,-12]],[[8812,52893],[4,25],[73,126],[17,42],[15,104],[-12,69],[-49,65],[1,42],[-42,31],[-17,20],[-8,15],[-10,13],[-16,26],[-28,41],[-17,23],[-38,45],[-96,98],[-188,148],[-251,149],[-535,260],[-39,15],[-339,175],[-317,195],[-311,234]],[[6607,54855],[-92,83],[-42,72],[-25,44],[-14,31],[-17,47],[-8,143]],[[6403,55299],[-30,89],[-2,213],[12,68],[93,271],[96,200]],[[6605,56208],[209,348],[16,101],[51,98],[74,245],[44,115],[34,186],[18,205],[22,134],[27,48],[42,140],[84,205],[58,110],[42,45],[34,93],[97,176],[149,183],[49,43],[86,129],[140,143],[100,124],[88,68],[103,54]],[[8333,59269],[170,84],[231,133],[177,153],[106,116],[71,101],[162,259],[124,155],[67,54]],[[12843,66953],[26,38],[80,23],[66,7],[131,30],[37,-5]],[[8296,47474],[1,-148],[45,-135],[68,-133]],[[8410,47058],[-66,113],[-49,136],[1,167]],[[8272,47635],[-49,172],[-58,141]],[[8165,47948],[65,-148],[42,-165]],[[7687,50208],[-71,-123],[-92,-266],[-13,-110],[74,-106],[107,-174],[37,-95],[34,-35],[37,-73],[77,-189],[73,-116],[81,-173],[26,-93],[18,-119],[-20,-298],[5,-50],[81,-190]],[[8141,47998],[-94,199],[-11,44],[29,323],[-27,153],[-44,95],[-118,180],[-109,286],[-43,35],[-46,123],[-58,104],[-109,169],[-9,15],[0,36],[114,325],[71,123]],[[8019,50810],[-40,-62],[-202,-383]],[[7777,50365],[125,243],[77,140],[40,62]],[[8094,50914],[141,199],[80,97],[36,41],[83,86],[85,95],[14,5]],[[8533,51437],[-24,-22],[-158,-163],[-36,-59],[-94,-104],[-127,-175]],[[8709,51623],[-104,-125]],[[8605,51498],[194,250]],[[8799,51748],[-90,-125]],[[8799,51748],[1,1]],[[8800,51749],[96,157]],[[8896,51906],[-96,-157],[-1,-1]],[[8934,52004],[41,140],[-66,366]],[[8909,52510],[66,-366],[-41,-140]],[[13756,67369],[-7,-54],[202,-32],[-139,-37],[-13,-63],[-86,3],[-70,-71]],[[13643,67115],[-120,-15],[-140,61],[-85,68],[-15,44],[95,63],[57,-28],[113,10],[84,50],[124,1]],[[13074,67760],[-10,69],[-75,53]],[[12989,67882],[85,-54],[0,-68]],[[9754,67987],[19,23],[176,69]],[[9949,68079],[-195,-92]],[[12264,68010],[-110,54],[-35,50]],[[12119,68114],[58,-56],[87,-48]],[[10339,68110],[-107,1],[-64,-1],[-73,-6],[-103,-15]],[[9992,68089],[72,12],[73,8],[63,2],[82,1],[57,-2]],[[10382,68108],[278,16]],[[10660,68124],[-69,-18],[-209,2]],[[12170,68191],[-8,-57],[-46,-17]],[[12116,68117],[54,74]],[[14888,73200],[-57,37],[-1,26],[9,19]],[[14839,73282],[-8,-29],[20,-28],[37,-25]],[[14412,73618],[95,-73],[9,-81],[124,-101]],[[14640,73363],[-138,76],[-6,78],[-81,42],[-3,59]],[[14639,73817],[-105,-65],[-52,-42],[-32,-41],[-8,-39]],[[14442,73630],[3,33],[41,54],[35,28],[52,36],[66,36]],[[14800,73907],[-184,-7],[-101,4],[-42,11]],[[14473,73915],[102,-13],[110,7],[115,-2]],[[19374,82457],[17,75],[-27,103],[-67,97]],[[19297,82732],[69,-97],[27,-73],[2,-41],[-21,-64]],[[19287,82747],[-96,133],[-36,142]],[[19155,83022],[11,0]],[[19166,83022],[52,-167],[69,-108]],[[60049,52243],[172,27],[21,-96],[-53,-52],[-101,-31],[-66,8],[-80,47],[-115,11],[-73,62],[-127,25],[135,31],[133,-47],[119,-7],[35,22]],[[50548,52265],[21,52],[88,-45],[-109,-7]],[[59348,52359],[-19,-33],[-113,-40],[-135,20],[121,107],[92,-7],[54,-47]],[[60229,52479],[-93,21],[-219,-5],[-89,29],[-316,18],[-173,71],[20,84],[254,13],[91,-29],[52,47],[0,96],[158,-6],[119,28],[114,11],[74,-78],[1,-109],[125,-162],[-118,-29]],[[59488,52810],[-159,15],[-87,-59],[-98,16],[-11,-74],[-96,0],[-66,-88],[-49,-14],[30,115],[134,57],[216,127],[-64,37],[15,64],[83,103],[115,-7],[39,-54],[52,-7],[99,-19],[108,-48],[169,30],[119,-48],[-392,-20],[-59,-20],[-98,-106]],[[50310,54965],[-175,-1],[133,56],[42,-55]],[[49526,55720],[68,-37],[11,-46],[-52,-35],[-138,59],[20,38],[91,21]],[[48021,56523],[-83,17],[90,44],[52,-22],[-59,-39]],[[41529,65755],[-58,42],[-127,35],[-61,57],[-223,122],[-47,-99],[298,-125],[-242,-87],[157,-99],[78,22],[365,27],[-116,31],[-24,74]],[[18416,70692],[167,-38],[75,-9],[38,-17],[49,-56],[20,-84],[-129,-85],[105,-47],[27,-30],[-31,-66],[-35,-24],[-121,-29],[1,-42],[54,-36],[123,-36],[46,-91],[130,-20],[30,-24],[-16,-28],[-65,-20],[61,-77],[-48,-56],[65,-41],[65,7],[32,16],[15,-15],[-16,-20],[1452,915],[297,166],[-2769,-6],[78,-64],[119,-32],[181,-11]],[[15839,72218],[-24,-105],[-4,-109],[-64,-31],[21,-30],[-143,1],[-60,-37],[-80,-9],[-25,-31],[-207,6],[-90,-17],[682,-115],[126,266],[-351,638],[363,190],[345,63],[341,-657],[138,60],[-103,274],[307,118],[469,-303],[-73,468],[542,222],[-114,313],[432,102],[176,72],[-246,7],[-59,-27],[-136,-2],[-73,21],[-3,33],[-177,15],[-103,-5],[-137,-31],[-88,-68],[-32,-79],[7,-66],[-36,-62],[2,-72],[-59,-155],[-76,-82],[8,-43],[-75,-71],[-109,-69],[-52,-85],[-167,6],[-55,-11],[-81,-122],[-71,-11],[-55,111],[33,4],[-121,124],[-17,52],[-120,31],[-72,1],[-248,108],[-242,-9],[-33,-38],[-141,-71],[0,-53],[-95,-4],[-113,-37],[-62,-40],[-16,-60],[-52,-32],[219,-35],[78,-90],[-39,-24],[73,-39],[67,-141],[124,-112],[46,-16]],[[15081,66994],[4,-64],[84,-28],[59,43],[-83,50],[93,66],[-31,11],[-126,-78]],[[14645,67702],[-23,-133],[160,61],[-68,14],[-69,58]],[[14559,67045],[-166,2],[-11,-132],[92,-31],[195,-14],[-17,49],[-64,6],[-73,49],[44,71]],[[14520,66493],[-151,19],[-62,25],[-15,55],[-48,44],[93,-270],[220,-217],[18,97],[-34,51],[6,45],[-32,67],[5,84]],[[10862,68972],[59,34],[244,28],[101,-39],[122,0],[35,16],[-223,67],[-33,10],[-410,-36],[76,-119],[-246,-7],[80,-29],[194,14],[1,61]],[[48939,57534],[117,-6],[-65,-44],[-52,50]],[[46806,62266],[50,-15],[4,-67],[-43,-78],[-74,-11],[63,171]],[[42945,64880],[118,50],[20,32]],[[43083,64962],[-46,-75],[15,-73],[-16,-38],[-106,-55],[21,-38],[185,-2],[85,-25],[72,-50],[119,-17],[270,45],[44,54],[-42,34],[-108,6],[-81,29],[-53,111]],[[43442,64868],[23,29],[-89,88],[10,33]],[[43386,65018],[-10,-33],[89,-88],[74,-42],[-18,-70],[191,-58],[40,-47],[-19,-35],[-75,-34],[-162,-14],[-58,-47],[-77,22],[-47,-106],[54,-72],[-32,-87],[41,-50],[64,-20],[32,-32],[-25,-45],[-9,8],[5,54],[-63,9],[-107,87],[61,86],[-85,46],[41,76],[-67,76],[-60,32],[-149,5],[-140,41],[25,82],[51,37],[24,57],[-30,24]],[[43435,64905],[-7,-3],[-19,-2],[-55,1],[-24,2],[-19,4],[-13,4],[-9,23]],[[43289,64934],[23,-27],[42,-6],[56,-1],[25,5]],[[43345,64975],[-16,71],[-32,23]],[[43297,65069],[32,-22],[16,-72]],[[43200,65170],[17,-52],[134,-15],[65,28]],[[43416,65131],[-65,-29],[-134,16],[-17,52]],[[43093,65113],[-69,3],[-48,46]],[[42976,65162],[48,-46],[69,-3]],[[42650,65880],[70,129]],[[42720,66009],[-25,-84],[-45,-45]],[[43473,66151],[-74,-2],[-43,112]],[[43356,66261],[43,-112],[74,2]],[[44276,67553],[69,46],[32,-61],[-102,-32],[1,47]],[[43689,70754],[31,-60],[-85,-23],[-101,15],[-6,31],[84,45],[77,-8]],[[41416,73077],[61,41],[69,-3],[8,-43],[-92,-22],[-46,27]],[[40887,73692],[111,-87],[-42,-49],[-108,17],[-26,42],[-42,84],[107,-7]],[[45012,74207],[-141,21],[45,57],[102,-4],[-6,-74]],[[44798,74408],[-19,-54],[-123,12],[18,31],[96,39],[28,-28]],[[37391,75667],[100,31],[93,-32],[-10,-53],[-77,13],[-106,41]],[[19445,81745],[159,101],[-14,8]],[[19590,81854],[-30,40],[91,52],[-2,63],[56,25],[0,44],[-83,30],[47,65],[-1,72],[38,35],[-3,6],[39,50],[187,-14],[-89,-99],[39,-44],[-71,-71],[43,-37],[-10,-61],[65,1],[1,-63],[-54,-86],[50,-11],[-1,-75],[-43,-84],[36,-27],[-19,-73],[6,-69],[-75,-42],[35,-36],[-86,-57],[16,-36],[-62,-129],[-63,-2],[-4,-58],[-86,-15],[-142,-50],[-53,17],[68,56],[14,95],[78,93],[33,140],[-31,39],[46,179],[-34,55],[-91,-27]],[[19463,82014],[-49,52],[7,43],[100,3],[-27,99],[-22,16]],[[19472,82227],[45,40],[-21,46],[51,50],[-59,39],[-11,84],[50,17],[-70,101],[41,40],[101,41],[-57,46],[32,86],[-54,24],[89,60],[77,-10],[83,-82],[-66,-24],[34,-31],[83,-20],[-45,-46],[-97,-31],[133,-54],[217,40],[127,-36],[-67,-32],[-139,13],[-54,-43],[112,-7],[90,-50],[43,7],[78,-95],[-1,-64],[-52,-1],[-63,106],[-45,-37],[-108,25],[-24,-35],[-104,-22],[27,122],[-47,58],[-75,8],[-85,-99],[19,-48],[-39,-98],[-48,-80],[31,-68],[-50,-57],[-113,-17],[22,-79]],[[77281,41099],[42,-36],[121,1],[18,99],[228,-9],[-25,-141],[101,-14],[176,10],[-58,-76],[-232,10],[-603,13],[15,124],[-83,0],[-29,32],[13,69],[122,-5],[-15,-83],[131,-11],[78,17]],[[79542,41207],[-68,-31],[-70,-3]],[[79404,41173],[70,3],[68,31]],[[80274,42120],[-194,-63],[-377,-168]],[[79703,41889],[377,168],[194,63]],[[80275,42121],[148,50],[195,34],[24,-12]],[[80642,42193],[-25,12],[-194,-34],[-148,-50]],[[80895,42179],[-115,14],[-82,-7]],[[80698,42186],[82,7],[115,-14]],[[78602,43501],[-52,-16]],[[78550,43485],[-171,1],[131,46],[92,-31]],[[81342,43905],[-28,49],[111,-6],[7,-33],[-90,-10]],[[79673,44451],[409,221],[0,0]],[[80082,44672],[-409,-221]],[[80082,44672],[216,100]],[[80298,44772],[-216,-100]],[[80389,44816],[336,158],[79,18],[74,-44]],[[80878,44948],[-74,44],[-79,-18],[-336,-158]],[[84121,46435],[-81,33],[24,28],[142,-18],[15,-38],[-100,-5]],[[83791,47249],[37,40],[126,-32],[-19,-36],[-144,28]],[[82732,47657],[23,41],[85,-38],[-108,-3]],[[82694,47738],[-104,-9],[-50,27],[37,29],[81,9],[36,-56]],[[83144,48030],[79,-53],[-47,-67],[-80,1],[-62,-41],[-102,-10],[-97,14],[-150,-9],[-50,55],[-77,42],[111,57],[111,39],[-69,50],[-14,62],[104,33],[211,-78],[30,-33],[121,-34],[-19,-28]],[[78957,48169],[54,-39],[-69,-29],[-71,19],[-4,44],[90,5]],[[72833,48545],[-87,-13],[-111,53],[10,44],[114,-39],[74,-45]],[[71856,49017],[56,22],[66,-23],[-34,-31],[-88,32]],[[73513,49342],[-62,30],[211,5],[-40,-31],[-109,-4]],[[72377,49536],[70,32],[79,-20],[-30,-35],[-119,23]],[[69616,49583],[4,-64],[-91,36],[87,28]],[[73750,49485],[-80,-1],[-114,27],[-236,34],[-86,0],[-74,50],[106,22],[262,18],[134,32],[148,-49],[70,-51],[1,-56],[-131,-26]],[[70387,50282],[136,30],[53,-32],[-8,-53],[-100,-42],[-63,4],[-102,48],[84,45]],[[65063,53276],[-2,-53],[-116,6],[34,75],[84,-28]],[[61211,53490],[145,68],[62,-20],[19,-62],[-54,-62],[-68,-29],[-121,-2],[-62,55],[79,52]],[[60041,53884],[-11,-60],[-78,17],[-42,42],[131,1]],[[21721,21044],[-450,-2111],[2645,-1513],[1918,-40],[304,-170],[-464,-194],[580,-340],[788,-399],[1533,-858],[-2028,-858],[-904,-382],[-134,-65],[-32,-46],[2,-84],[80,-116],[166,-78],[144,-40],[112,-13],[38,-27],[-48,-159],[-46,-76],[-24,-82],[-25,-208],[23,-33],[183,-116],[111,-30],[177,-88],[226,-80],[41,-52],[-18,-53],[-55,-52],[25,-123],[-48,-78],[-75,-49],[-23,-96],[52,-27],[159,-40],[173,-25],[139,-54],[37,-58],[196,-54],[10,44],[89,-4],[8,-51],[97,-2],[290,13],[102,-7],[225,-68],[119,-28],[63,-29],[65,-75],[98,-34],[87,-10],[88,23],[80,0],[123,-32],[92,-80],[35,-84],[64,-63],[-16,-129],[86,-33],[-51,-44],[2,-40],[59,-55],[-186,-70],[-25,-38],[191,-18],[267,44],[132,-25],[136,1],[134,-32],[180,3],[229,74],[127,26],[85,-35],[339,70],[283,-1],[41,-39],[237,-112],[33,-50],[182,-45],[204,-69],[54,-66],[-77,-136],[46,-38],[-38,-59],[-91,-39],[44,-25],[103,-2],[128,28],[66,81],[122,78],[79,7],[96,-27],[69,-62],[275,-83],[80,11],[40,43],[105,-7],[136,-62],[81,-15],[39,-56],[-54,-64],[66,-76],[-14,-30],[73,-51],[-2,-33],[-73,-69],[-80,-5],[-24,-31],[-153,-33],[-121,-68],[2,-65],[122,-71],[-13,-75],[-62,-67],[79,-54],[128,-44],[63,-73],[104,-24],[167,-20],[140,-29],[222,-31],[73,-24],[100,-84],[-60,-65],[36,-38],[-58,-121],[270,-180],[-119,-2],[-82,-28],[-69,-72],[36,-89],[-62,-66],[19,-71],[-162,-114],[-1,-33],[117,-125],[192,-183],[104,-214],[25,-27],[422,-241],[262,-176],[233,-115],[285,-106],[237,-51],[397,-21],[313,65],[182,4],[233,-13],[122,54],[129,32],[160,8],[77,-21],[164,-14],[637,13],[156,-30],[139,-88],[230,-4],[225,-50],[68,-95],[111,-35],[76,-90],[45,-98],[152,-39],[-21,-67],[56,-33],[144,-8],[179,-30],[98,1],[57,-123],[126,0],[187,-68],[40,-74],[-38,-159],[19,-46],[220,-79],[78,-66],[209,-6],[73,-28],[61,22],[140,21],[85,-26],[81,1],[96,-48],[56,-63],[-5,-38],[-94,-59],[22,-53],[139,-69],[111,-134],[91,-55],[77,-67],[98,-128],[-89,-119],[-17,-78],[25,-58],[70,-34],[319,13],[80,-9],[-28,-127],[170,-74],[155,-20],[-57,-75],[93,-19],[134,34],[128,1],[158,39],[325,21],[73,-24],[56,-63],[145,-27],[118,-87],[38,-91],[101,-69],[62,-73],[-2,-68],[103,-53],[34,-47],[-23,-57],[-57,-28],[-123,-16],[27,-94],[-17,-24],[-229,-51],[-64,-33],[-42,-95],[67,-17],[86,-133],[70,-49],[115,-24],[217,-28],[97,-43],[109,-88],[86,-135],[-11,-90],[22,-48],[224,-108],[86,-61],[51,-66],[23,-70],[7,-160],[70,-62],[101,-62],[-4,-45],[-55,-117],[-1,-52],[41,-62],[139,-81],[222,-153],[250,-112],[124,-22],[196,3],[151,17]],[[45478,2029],[65,-73],[40,-132],[-72,-102],[-153,-80],[-221,-62],[-452,-86],[-85,-48],[-72,-16],[-84,-89],[-122,-27],[-68,-69],[-187,7],[-79,20],[-248,-38],[-73,27],[-197,-56],[-94,-48],[-77,-13],[15,-93],[-9,-100],[-215,-150],[-196,-13],[-99,11],[-312,80],[-100,6],[-81,-18],[-101,-106],[-70,-42],[-303,-70],[-125,-46],[-93,-59],[-142,-161],[-169,-128],[-21,-139],[-58,-50],[-201,-66],[-94,21],[-85,73],[-78,40],[-92,6],[-135,-78],[-998,43],[-3211,136],[-1063,41],[-3466,144],[-3697,156],[30,147],[140,690],[-334,11],[242,1369],[-836,28],[-3150,113],[-27,-132],[-401,18],[167,849],[337,1765],[-897,37],[-30,-237],[-2220,109],[-26,-129],[-1449,72],[328,1621],[-909,25],[-46,-227],[-3549,142],[-198,-1061],[-3067,109],[-171,-1084],[-171,-13],[-167,13],[-103,64],[-88,10],[-106,48],[-258,-1],[-126,61],[-92,19],[-147,106],[-117,33],[-83,-10],[-141,17],[-186,-35],[-206,19],[-275,-1],[-82,24],[-72,-9],[-141,48],[-91,1],[-45,44],[-116,30],[27,41],[-76,7],[-29,74],[37,55],[-61,29],[-21,74],[215,-11],[308,1408],[612,-25],[254,1368],[202,1076],[-1333,58],[-1231,64],[-3719,186],[114,534],[-1054,48],[-303,101],[70,41],[-22,32],[10,67],[-44,61],[-101,34],[-47,70],[27,25],[-35,83],[95,6],[69,25],[-31,65],[-123,76],[-79,20],[2,50],[-52,107],[13,68],[-49,39],[37,37],[-16,91],[109,49],[140,6],[31,64],[-123,75],[-1,48],[110,43],[-92,75],[51,40],[-7,47],[94,27],[-5,52],[77,23],[-66,99],[25,76],[-36,29],[-161,13],[-58,34],[-167,53],[62,61],[-25,42],[25,67],[-45,66],[-128,24],[-103,63],[-38,41],[-26,87],[-83,33],[-140,12],[-106,138],[-13,2],[-121,28],[-67,92],[-297,79],[7,37],[-51,77],[-61,20],[48,46],[-33,73],[32,66],[-142,64],[-33,56],[45,29],[-44,45],[10,42],[-38,72],[-83,30],[-7,40],[-61,25],[-149,-7],[-82,69],[23,75],[-19,60],[-59,21],[6,51],[-112,85],[-18,38],[-193,45],[-66,33],[-75,-10],[-100,83],[-194,29],[-54,-25],[-143,64],[16,87],[105,97],[13,45],[-34,38],[17,36],[-72,72],[-10,44],[-76,69],[18,55],[-34,64],[44,28],[79,92],[122,22],[866,-28],[150,934],[1608,-74],[-40,-224],[2174,-99],[97,507],[-99,-1],[-130,-24],[73,560],[20,125],[1397,-40],[42,273],[-3139,109],[238,1549],[219,33],[202,-107],[176,12],[180,-9],[42,-23],[-5,-75],[53,-11],[237,33],[162,7],[201,-18],[99,-34],[106,-62],[177,16],[164,56],[212,61],[101,664],[-1151,31],[76,654],[469,-18],[136,717],[164,869],[2883,-140],[70,363],[2919,-120],[-60,-349],[2129,-123],[-985,573],[2023,821],[131,54],[2194,-1341],[872,353],[2310,-1260],[1713,711]],[[85893,28450],[-218,12],[-50,33],[-317,50],[-79,42],[-133,3],[-70,36],[-124,35],[-157,15],[-110,-3],[-144,52],[-98,86],[-188,32],[-47,31],[-79,-1],[-86,-33],[-80,99],[145,105],[-25,46],[72,23],[-51,118],[168,101],[-138,4],[-106,-68],[-46,4],[-140,-51],[-108,-53],[-126,-13],[-86,-29],[-63,32],[-186,-14],[-156,-25],[2,-31],[-209,2],[-74,42],[-148,8],[40,315],[-105,4],[-140,66],[231,-12],[10,49],[-139,7],[49,47],[-39,142],[48,42],[-106,45],[-143,8],[26,161],[-339,214],[-149,70],[56,22],[-125,73],[-359,18],[-21,-93],[-206,10],[-29,-132],[-87,-35],[-5,-29],[-82,-35],[-36,-60],[-123,-65],[-60,45],[-113,40],[-177,8],[-121,-47],[-82,-2],[10,95],[-125,9],[6,26],[-131,19],[-42,40],[-75,8],[-85,-61],[-86,-5],[-62,37],[42,30],[-135,12],[-68,66],[-142,46],[-11,36],[-90,16],[-38,80],[2,46],[-139,-6],[-8,64],[98,31],[-211,53],[20,53],[120,68],[36,58],[-158,-24],[-136,38],[-179,0],[26,65],[-75,114],[-87,-3],[-140,36],[-36,28],[-20,77],[-74,19],[-50,48],[-199,39],[-5,29],[86,25],[50,37],[-31,101],[-150,30],[-131,-13],[-74,33],[-97,6],[-240,110],[-113,97],[54,26],[-111,96],[-49,6],[-141,83],[-136,10],[-136,-15],[-88,40],[34,34],[4,61],[-32,40],[-74,30],[-9,93],[31,98],[-136,40],[16,100],[41,35],[-3,44],[-256,59],[-72,5],[-138,37],[-41,67],[-83,-5],[-125,46],[-182,14],[-143,-49],[-114,29],[-171,28],[-67,-18],[-110,45],[67,80],[58,18],[-148,58],[7,21],[-399,96],[-168,-6],[-75,47],[101,19],[-98,34]],[[80177,35892],[-56,-39],[0,-54],[-68,-22],[61,-49],[-46,-26],[78,-47],[53,23],[8,19],[-15,59],[36,63],[78,7]],[[81024,36030],[61,10],[82,-37],[130,-18],[76,26],[89,-69],[171,-89],[184,-1],[19,-29],[163,-72],[10,-55],[258,-154],[-14,-64],[37,-56],[103,-60],[-1,-61],[100,-21],[207,-82],[38,-128],[63,-79],[153,-52],[18,-150],[-15,-111],[137,-120],[114,-2],[-39,-44],[-91,-23],[-49,-42],[-15,-130],[-152,-103],[16,-137],[-119,-88],[-29,-54],[-71,-50],[-56,-91],[3,-111],[-63,-83],[3,-95],[49,-140],[81,-17],[119,12],[65,-41],[139,-18],[63,-31],[7,-63],[40,-30],[-31,-40],[5,-105],[208,-47],[14,-65],[-87,-125],[54,-19],[-25,-51],[74,-33],[-9,-38],[-100,2],[-329,-144],[-131,9],[-74,-15],[-67,-87],[-111,-96],[-114,-73],[-128,-64],[-175,-132],[-38,-67],[-9,-64],[18,-65],[-47,-57],[-40,-109],[108,-49],[40,-63],[-53,-84],[-88,-88],[-51,-89],[-47,-156],[-26,-15],[43,-67],[22,-149],[74,-98],[77,-35],[80,-6],[162,-49],[81,28],[173,-2],[146,-59],[204,2],[87,13],[66,-36],[11,-34],[-42,-113],[9,-111],[34,-59],[96,-56],[27,-50],[162,-109],[113,-46],[-14,-36],[155,-54],[67,-43],[82,-94],[124,-79],[2,-69],[47,-46],[129,-12],[23,-131],[81,-25],[71,-72],[254,-85],[95,-73],[143,-51],[51,-46],[80,-35],[62,-59],[75,-104],[14,-53],[113,-140],[95,-83],[156,-15],[134,-48],[150,-3],[67,-18],[240,-30],[96,-50],[58,-8]],[[79704,35331],[58,35],[155,24],[68,58],[81,-6],[192,128],[73,25],[96,6],[204,62],[16,41],[-104,31],[-63,-32],[-69,17],[-44,-34],[-152,8],[-7,-18],[-54,-32],[-138,-12],[-119,26],[-35,-58],[-135,-34],[80,-72],[-56,-23],[-173,-11],[27,-37],[-35,-71],[134,-21]],[[83678,32446],[-119,7],[-53,52],[147,-24],[25,-35]],[[69110,13163],[-1214,62],[-31,-1074],[-310,-1386],[-160,-553],[2156,-113],[440,-218],[-870,-395],[99,-47],[-57,-47],[24,-89],[111,-31],[90,-2],[45,-31],[143,0],[136,-77],[96,-39],[176,64],[102,7],[200,-106],[-17,-63],[82,-13],[17,-48],[-41,-42],[56,-26],[17,-49],[-1208,-462],[860,-506],[-1320,-480],[-266,-140],[-183,-573],[34,-87],[298,-112],[1132,-1252],[384,-135],[191,47],[117,13],[256,-9],[145,-29],[-1155,-428],[-403,228],[-2307,-1027],[-138,-85],[-67,-84],[-30,-142],[-376,18],[-133,-621],[-2174,126],[-132,-735],[-378,64],[-1213,100],[-343,7],[-341,58],[-132,-740],[-811,39],[-60,-317],[-71,-342],[-202,-65],[-110,-27],[-119,1],[-218,-67],[-129,-24],[-135,-83],[-176,-137],[-140,-70],[-98,-27],[-271,83],[-111,60],[-182,38],[-192,23],[-135,28],[-101,57],[-47,114],[-294,85],[-189,18],[-148,1],[-292,-60],[-132,1],[-85,-42],[-175,-33],[-280,14],[-326,34],[-217,36],[-122,3],[-182,-124],[-304,-137],[-281,-163],[-198,-61],[-68,-8],[-234,4],[-223,-11],[-176,23],[-223,9],[-157,-23],[-181,-51],[-248,-33],[-557,-30],[-846,-30],[-525,63],[-526,123],[-408,113],[-454,90],[-342,60],[-364,44],[-630,-111],[-92,-1],[-449,92],[-141,35],[-531,228],[-31,27],[-229,256],[-93,81],[-192,139],[-140,54],[-66,45],[-278,107],[-301,87],[-269,45],[-233,-40],[-183,-38],[-117,-37]],[[21721,21044],[65,-34],[210,-10],[150,12],[89,43],[166,60],[268,10],[84,-31],[140,0],[138,20],[117,1],[231,-54],[-12,-75],[26,-23],[138,-26],[130,25],[67,-14],[63,-47],[-17,-70],[92,-62],[152,-61],[86,-90],[9,-58],[89,-105],[52,-36],[28,-79],[66,-66],[83,-22],[-20,-87],[21,-29],[120,-38],[107,-103],[149,-3],[138,-66],[67,-19],[120,-128],[144,-78],[76,8],[216,-51],[64,-44],[184,-54],[217,-6],[79,-28],[336,-26],[206,1],[181,16],[200,3],[136,41],[156,-7],[112,30],[206,29],[63,18],[173,-40],[262,19],[95,-8],[127,14],[134,-3],[49,18],[257,-1],[42,-34],[221,-7],[85,-14],[175,61],[56,36],[151,34],[111,1],[50,-17],[294,-27],[208,14],[165,-15],[111,-67],[110,-9],[72,50],[64,14],[157,-20],[60,-41],[74,-1],[118,42],[83,9],[119,-16],[295,30],[182,-31],[74,8],[125,42],[151,76],[86,-2],[175,-39],[140,8],[50,59],[203,56],[110,5],[73,46],[106,-3],[74,16],[196,-29],[45,18],[141,-3],[90,19],[119,50],[274,13],[139,18],[103,70],[102,22],[55,18],[168,-5],[26,18],[211,-1],[202,55],[161,9],[97,358],[74,12],[103,-15],[331,-7],[71,-27],[157,48],[76,76],[225,-36],[170,-42],[161,-29],[134,-72],[217,19],[61,25],[23,60],[47,10],[163,-38],[378,-109],[147,-52],[298,1],[44,53],[201,-7],[121,-14],[284,31],[84,-22],[173,-1],[122,57],[138,11],[43,-41],[216,9],[114,36],[33,87],[112,66],[-32,150],[47,44],[163,-14],[127,43],[141,-15],[304,2],[61,20],[258,-29],[82,-25],[103,-1],[220,-90],[165,-16],[76,32],[87,7],[82,47],[225,-7],[111,-23],[31,-93],[-7,-77],[170,-73],[66,-43],[136,-5],[145,-25],[68,4],[179,52],[226,4],[152,-86],[97,-6],[81,-93],[160,-57],[117,-5],[152,-82],[55,20],[188,-13],[114,-29],[23,-34],[245,-96],[9,-42],[64,-59],[105,-3],[266,20],[66,-34],[-58,-30],[62,-52],[329,-22],[145,-86],[139,-20],[62,-108],[149,-84],[273,-23],[175,3],[79,60],[238,46],[185,-4],[129,71],[28,168],[153,61],[68,3],[207,-53],[35,-58],[51,5],[175,-75],[118,-17],[177,-56],[181,-4],[-2,26],[169,63],[32,66],[129,34],[218,20],[71,33],[79,65],[82,-30],[34,-143],[102,-45],[225,-43],[163,-71],[99,-20],[47,19],[103,-24],[87,-48],[70,-19],[146,12],[33,63],[144,71],[232,6],[256,-91],[230,-48],[155,-6],[272,-46],[229,-5],[137,-33],[121,-73],[1578,-61],[1163,-41],[-110,-717],[1841,-1059],[1453,-834],[3071,-130],[166,1],[34,45],[147,19],[51,33],[-34,100],[149,16],[40,-16],[112,17],[106,-7],[86,-57],[90,-16],[44,-75],[83,-55],[7,-45],[93,-6],[73,-31],[93,13],[48,-21],[165,-27],[134,-42],[87,-10],[97,-91],[107,-60],[75,-65],[106,-115],[213,-107],[137,-50],[110,-63],[313,-119],[270,365],[62,36],[67,-31],[36,-48],[134,39],[36,-11],[141,-99],[147,-64],[165,-12],[1772,-95],[327,-108],[184,-101],[180,-153],[274,-127],[43,-34],[204,-64],[359,-151],[215,-147],[261,-107],[102,-24],[123,-59],[226,-153],[161,-199],[85,-115],[101,-75]],[[69320,14128],[-73,-279],[-35,-159],[-102,-527]],[[76769,46430],[74,-7],[2,2],[133,-1],[207,-34],[78,-45],[7,10],[131,-25],[2,4],[124,-13],[0,4],[120,19],[-8,10],[3,2],[-2,3],[105,23],[109,-12],[-3,-2],[400,10],[26,1],[63,10],[12,16],[17,11],[2,10],[8,9],[0,5],[9,7],[91,-16],[21,-26],[-29,-3],[-7,-9],[-17,-21],[-7,-9],[-16,-21],[-21,-26],[-2,-2],[-41,-61],[0,-1],[-23,-33],[-22,-28],[-27,-49],[-7,-10],[-7,-15],[0,0],[-20,-66],[43,-81],[-23,-2],[157,-96],[34,-1],[-1,7],[148,-89],[100,-20],[27,-57],[-12,-5],[-4,-5],[-15,-4],[120,-60],[311,-115],[9,-31],[154,-73],[135,-145],[7,-8],[33,-17],[7,-1],[143,-56],[144,-17],[231,24],[23,38],[5,3],[1,1],[2,3],[-8,8],[46,9],[15,10],[206,-28],[175,16],[6,10],[5,2],[-3,15],[42,21],[2,1],[33,11],[6,13],[24,9],[2,3],[147,4],[82,-71],[-15,-21],[0,0],[11,-21],[-4,-3],[0,-21],[-4,-4],[-2,-8],[-1,-1],[-2,-12],[-13,-5],[15,-32],[-4,-3],[-3,-2],[-8,-3],[-1,-1],[-4,-4],[1,-10],[-22,0],[49,-48],[-5,-4],[55,-76],[2,-3],[-2,-4],[-26,-5],[48,-38]],[[80389,44816],[-16,-9],[-16,-7],[-13,-8],[-41,-16],[-5,-4]],[[80082,44672],[-409,-221]],[[79673,44451],[-2,-1],[-161,-107],[-37,-27],[-133,-106],[-17,-15],[-60,-50],[-36,-31],[-5,-3],[-5,-5],[-27,-23],[-21,-22],[-36,-29],[-16,-14],[-6,-5],[-52,-85],[-39,-26],[-15,-9],[-36,-24],[-12,-8],[-16,-11],[-38,-27],[-1,-1],[-75,-61],[-31,-26],[0,0],[-61,-67],[-27,-34],[0,-1],[-69,-108],[-5,-10],[-6,-11],[-1,0],[-25,-3]],[[78550,43485],[4,-7],[11,-17],[86,-43],[23,-46],[-8,-9],[-29,-67],[-5,-4],[-19,-18],[-12,-12],[-10,-23],[-7,-10],[28,-92],[29,-17],[-8,-2],[26,-10],[-15,-154],[36,-57],[122,-76],[73,-115],[87,-75],[15,-66],[115,-124],[168,-82],[59,-1],[165,-6],[22,0],[69,-1],[23,1],[156,-1],[282,-15],[87,16],[7,8],[18,2],[5,6],[113,19],[59,39],[7,11],[17,2],[10,11],[13,4],[-7,10],[27,23],[-9,71],[4,3],[3,9],[5,4],[15,28],[6,4],[1,1],[3,3],[6,12],[20,14],[1,3],[2,1],[2,2],[125,23],[65,-23],[39,-84],[-1,-1],[-6,-17],[-2,-2],[5,-40],[-11,-7],[0,-9],[-6,-2],[-3,-3],[-3,-1],[175,-112],[34,-132],[50,-50],[-1,0],[-16,-3]],[[80698,42186],[-1,0],[-57,6],[2,1]],[[80275,42121],[-1,-1]],[[79703,41889],[-27,-11],[-44,-19],[-14,-12],[-4,-3],[-2,-3],[-33,-18],[-29,-22],[-7,-6],[-19,-22],[-8,-9],[-4,-7],[-2,-3],[-11,-54],[2,-3],[0,-2],[4,-10],[64,-53],[209,-88],[-15,-2],[-13,-42],[-72,-46],[-4,-3],[-14,-6],[-6,-3],[-6,-3],[-5,-3],[-3,-2],[-12,-11],[-12,-6],[-2,-2],[-9,-7],[-27,-19],[-28,-22],[33,-80],[-13,-10],[21,-38],[-18,-9],[-1,-2],[-2,-2],[-3,-8],[-16,-4],[-9,-7]],[[79404,41173],[-2,-2],[-184,-79],[-8,-5],[-109,-57],[-1,0],[-99,-55],[-39,-26],[-80,-53],[-37,-28],[-20,-13],[-9,-32],[-9,-12],[0,-6],[0,-1],[-14,-13],[-26,-18],[-1,-2],[-97,-120],[-25,-55]],[[18375,43012],[-1314,-1800],[-107,-7],[-128,63],[-212,47],[-104,31],[-223,22],[-161,45],[-142,21],[-100,-95],[-127,-140],[-240,-57],[-70,-43],[-1,-67],[92,-67],[114,-11],[96,-49],[25,-57],[138,-19],[87,-29],[41,-45],[217,-108],[26,-40],[151,-52],[69,-56],[-436,-1104],[-3321,139],[-3070,129],[-209,-26],[-37,32],[-170,39],[-251,9],[-103,59],[-13,39],[-100,43],[-111,-10],[-106,24],[-43,-65],[-99,0],[-169,-42],[-44,-41],[-131,36],[12,73],[56,61],[-153,-8],[-10,32],[13,14],[-50,20],[-120,-15],[-88,16],[-57,36],[-86,-16],[17,-48],[-196,8],[9,-80],[114,-8],[2,-45],[-122,0],[-61,38],[-125,30],[-44,-22],[-129,27],[-9,28],[84,17],[-37,68],[-51,16],[-122,-43],[0,-61],[-67,12],[-7,69],[137,58],[153,93],[-93,7],[-53,57],[-55,3],[-84,-36],[-18,-76],[-130,-22],[22,59],[122,77],[132,116],[187,266],[116,150],[159,176],[29,45],[203,258],[16,45],[101,110],[125,78],[-10,52],[33,33],[-5,55],[-105,20],[152,121],[168,114],[124,104],[97,176],[95,239],[69,267],[9,131],[-12,42],[33,62],[232,75],[87,91],[216,103],[188,81],[138,78],[168,112],[34,45],[64,151],[-15,62],[-88,110],[-59,24],[2,39],[117,45],[27,26],[-55,68],[161,187],[-38,-81],[22,-46],[92,-60],[107,-20],[225,-98],[145,-90],[226,14],[47,58],[86,34],[76,1],[72,-33],[16,-51],[95,15],[65,-44],[3,-77],[74,-16],[108,7],[23,-30],[-64,-24],[58,-30],[54,-91],[141,-24],[10,-28],[137,-4],[57,-40],[102,8],[-11,65],[145,-26],[92,49],[113,-7],[79,-21],[90,21],[38,-15],[49,20],[98,-7],[73,-51],[166,16],[195,33],[-7,29],[126,32],[136,19],[88,-38],[257,56],[132,38],[89,-7],[67,12],[163,-11],[115,25],[100,-15],[63,37],[104,23],[68,-14],[157,49],[97,12],[51,-13],[253,6],[19,34],[122,16],[97,-8],[57,-33],[116,7],[124,72],[95,-2],[198,17],[97,35],[106,17],[79,30],[130,22],[111,45],[123,30],[109,-60],[102,-14],[222,25],[43,33],[72,7],[122,51],[115,6],[88,29],[76,-6],[171,18],[87,-6],[87,60],[130,22],[125,80],[76,23],[83,-1],[147,104],[236,73],[9,58],[278,130],[-36,34],[25,61]],[[43134,66547],[-4,-13],[-27,-68],[-7,-48],[-3,-6],[-10,-28],[-13,-81],[-83,-61],[-10,-5],[-50,-25],[-32,-17],[-3,0],[-24,-11],[-81,-94],[-63,-75],[-4,-6]],[[42650,65880],[-1,-1],[-3,-2],[-45,-54],[-11,-29],[-1,-7],[-2,-23],[0,-9],[0,-82],[35,-127],[5,-13],[2,-51],[-43,-22],[3,-20],[1,-1],[15,-44],[-72,-61],[-19,-44],[11,-79],[0,0],[-6,-3],[0,0],[10,-33],[-5,-1],[11,-23],[-76,-174],[63,-43],[2,3],[10,-15],[-12,-4],[92,-20],[-7,8],[-9,6],[9,31],[8,7],[4,6],[85,-1],[33,1],[66,-13],[13,-13],[129,-50]],[[43386,65018],[27,17],[22,18],[3,6],[7,9],[4,3],[-4,42],[1,6],[1,4],[20,21],[37,30],[21,12],[0,0],[168,8],[186,33],[5,5],[72,19],[14,13],[10,7],[0,10],[1,0],[1,2],[10,0],[0,1],[12,6],[-1,3],[54,12],[3,4],[217,34],[3,3],[71,10],[1,1],[74,-32],[2,1],[152,-80],[2,1],[260,-44],[2,2],[56,2],[-1,6],[20,-2],[-2,4],[32,3],[0,2],[24,4],[1,1],[10,0],[2,1],[8,-1],[-3,-3],[16,1],[0,0],[19,-1],[0,1],[1,0],[0,3],[15,-4],[1,2],[4,-2],[0,0],[8,-2],[1,4],[90,-1],[-3,7],[190,23],[-2,6],[76,17],[-2,1],[35,7],[0,3],[44,14],[1,3],[85,31],[5,3],[22,3],[0,1],[11,4],[0,0],[12,1],[-10,14],[22,10],[18,30],[299,19],[12,15],[8,4],[0,1],[87,0],[109,-26],[3,3],[10,-3],[0,0],[-6,-6],[-18,-5],[3,-11],[-5,-6],[-98,-54],[-133,-98],[-5,-58],[47,-19],[-10,-4],[2,-4],[-20,-1],[-4,-1],[0,-1],[-233,-182],[-127,-105],[-52,-79],[-26,-75],[-94,-64],[-51,-49],[0,-1],[-27,-107],[-5,-12],[-27,-64],[-2,-38],[68,-59],[54,1],[62,-5],[93,-19],[-11,-40],[-5,-6],[-17,-53],[-90,-93],[-31,-36],[21,-48],[111,-34],[-22,-69],[89,-76],[-41,-115],[-8,-30],[-5,-17],[-11,-9],[-7,-6],[-63,-46],[-1,-1],[-29,-45],[0,-1],[11,-31],[22,-8],[3,-2],[7,-5],[3,-10],[82,-37],[-4,-25],[-7,-3],[-3,-2],[-1,-1],[6,-10],[-22,-16],[30,-70],[0,0],[3,-9],[-17,-14],[-39,-40],[-10,-4],[-37,-66],[-16,-16],[-44,-210],[-12,-43],[0,-1],[-7,-13],[-14,-188],[-5,-3],[32,-124],[39,-92],[-13,-10],[22,-47],[69,-32],[98,-89],[80,-45],[37,-58],[3,-42],[-2,-3],[-46,-46],[-31,-123],[18,-72],[-30,-122],[1,-378],[60,-114],[51,-53],[3,-107],[-17,-39],[-1,-1],[0,0],[6,-18],[33,-64],[24,-185],[37,-79],[92,-59],[35,-36],[84,-121],[403,-165],[179,-35],[79,-17],[146,-10],[15,-8],[26,-76],[47,-16],[9,-117],[44,-80],[74,-58],[86,-21],[4,-6],[0,0]],[[43083,64962],[14,18],[10,11],[120,24],[36,-43],[-11,-21],[0,-50],[90,-31],[100,-2]],[[43289,64934],[5,2],[1,1],[35,4],[16,30],[-1,4]],[[43297,65069],[-6,13],[0,1],[5,6],[34,4],[77,-3],[7,-8],[-5,-24],[-31,-23],[-11,-56],[13,-11],[25,-32],[2,-5],[28,-26]],[[43200,65170],[0,17],[4,12],[27,7],[23,2],[116,-2],[62,-41],[-16,-34]],[[42976,65162],[147,42],[53,-9],[5,-38],[4,-26],[-2,-8],[-2,-1],[-13,-3],[-2,0],[-27,-4],[-46,-2]],[[43356,66261],[86,-14],[21,-55],[-10,-4],[20,-37]],[[47471,64062],[4,5],[18,-11],[-12,0],[-10,0],[-13,4],[13,2]],[[47341,64991],[-47,20],[11,4],[2,6],[26,-24],[2,-1],[6,-5]],[[47200,65014],[-27,6],[10,5],[4,2],[33,1],[-19,-13],[-1,-1]],[[46295,65008],[-19,1],[4,2],[1,1],[14,-4]],[[46209,64992],[-5,5],[3,1],[2,12],[10,3],[3,8],[42,-11],[-47,-12],[-8,-6]],[[43631,66008],[-25,8],[56,-13],[-16,2],[-15,3]],[[43496,66230],[2,2],[28,2],[-7,-5],[9,-10],[-34,9],[2,2]],[[43090,65028],[-69,46],[-5,6],[0,4],[5,5],[16,3],[17,1],[46,1],[47,0],[13,0],[90,-47],[-15,-4],[-17,0],[-77,-10],[-30,-5],[-3,0],[-18,0]],[[42756,65036],[43,6],[172,-14],[13,-54],[-15,-23],[-29,-37],[-21,-3],[-42,5],[-28,11],[-19,12],[-105,31],[-53,5],[-30,7],[-2,0],[-2,19],[40,0],[28,6],[16,2],[13,19],[21,8]],[[42796,65084],[0,2],[115,-23],[18,-6],[8,-8],[-1,0],[-12,-2],[-89,9],[-11,7],[-25,13],[-3,8]],[[14389,73918],[84,-3]],[[14800,73907],[47,-18],[1,-1],[-1,-13],[0,-1],[-1,-1],[-34,-7],[-6,1],[-108,-24],[-6,-2],[-46,-21],[-7,-3]],[[14442,73630],[-30,-12]],[[14640,73363],[7,-10],[26,-25],[4,-3],[5,-3],[61,-29],[96,-10],[0,-1]],[[14888,73200],[4,-6],[70,-67],[2,-3],[25,-27],[29,-36],[8,-26],[-5,-9],[-9,-11],[0,-4],[0,-2],[-10,-36]],[[13701,71164],[-590,7]],[[85994,24882],[-44,-15],[-222,12],[-90,-37],[-179,42],[-99,-27],[-156,-4],[-125,-59],[-98,-68],[10,-27],[114,-27],[-14,-96],[-35,-105],[-85,-8],[-41,-48],[-81,3],[-87,32],[-133,-10],[38,-35],[-97,-68],[-244,1],[-97,27],[-98,-111],[40,-42],[-108,-16],[-158,-78],[-109,60],[-120,8],[-70,45],[13,72],[-59,38],[-250,33],[-25,41],[-436,21],[-44,-30],[9,-57],[-38,-49],[-220,10],[-50,71],[-65,37],[91,21],[19,64],[-91,17],[10,52],[-224,9],[36,72],[62,53],[86,40],[-472,20],[12,105],[-326,14],[-5,-24],[-107,-51],[-124,-106],[-44,-212],[53,-64],[118,-1],[41,-34],[79,-20],[46,-43],[76,-26],[112,1],[108,-34],[-118,-559],[64,-7],[51,-83],[85,-25],[39,-51],[-57,-38],[45,-40],[-56,-34],[162,-143],[17,-47],[-25,-43],[23,-40],[65,-30],[-64,-37],[-23,-75],[148,-55],[93,-107],[-34,-47],[-63,-14],[-110,19],[-102,-29],[-26,-52],[24,-52],[-81,-58],[73,-50],[-41,-21],[-89,40],[-102,-23],[1,-41],[-79,-73],[-95,-11],[-35,-77],[-161,-7],[-56,-23],[-280,-76],[-208,-13],[-52,-41],[50,-69],[-26,-69],[-99,-16],[-122,34],[-85,-2],[-164,-70],[-102,2],[-174,-16],[-149,23],[-71,-51],[44,-56],[-108,-103],[-193,-1],[-103,-12],[-109,11],[-125,-36],[-131,-9],[-70,35],[-135,7],[-27,-26],[96,-43],[-95,-26],[-63,7],[-184,-102],[74,-62],[0,-66],[-239,-121],[-170,-72],[9,-170],[-69,-78],[56,-54],[23,-84],[-149,-14],[2,-112],[46,-98],[-94,0],[-16,28],[-111,9],[-136,47],[-156,5],[-165,46],[-112,-3],[-2,-26],[-168,-76],[-123,-22],[-125,-37],[-59,-43],[-90,-24],[-133,39],[-368,-14],[-203,-37],[-104,-71],[-127,-11],[-114,-44],[-100,-1],[-161,-58],[-268,-35],[-119,1],[-137,-21],[-65,-71],[-87,-64],[-2,-206],[-171,-38],[-128,-12],[-255,-85],[-209,35],[-137,11],[-44,48],[-117,-7],[-52,-98],[36,-27],[-78,-105],[-132,-3],[-49,-27],[-2,-60],[-121,-38],[44,-133],[-74,-63],[-59,4],[-14,-49],[53,-19],[-13,-80],[46,-22],[-1408,63],[-158,-1408],[-213,-690],[-49,-169],[-128,-541],[-56,-185],[-48,-205],[83,-67],[22,-56],[-23,-132],[-36,-97],[62,-15],[-54,-71],[-15,-72],[64,-82],[16,-50],[-73,-108],[5,-64],[-29,-97],[-51,-71],[-120,-131],[-102,9],[-269,-133],[-466,-62],[-29,2],[51,129],[-239,52],[24,165],[-266,8],[-526,-198],[-61,-277],[-52,-196],[-83,-355]],[[21721,21044],[2,43],[-93,64],[-77,89],[-125,52],[-20,28],[-129,47],[-117,5],[-172,55],[-79,58],[-158,35],[-216,-4],[-242,17],[-173,25],[-178,52],[3173,1396],[1169,-659],[1906,1227],[758,488],[-107,-12],[-252,15],[-44,34],[-127,12],[-90,79],[-58,16],[-225,111],[-126,29],[-20,33],[-224,56],[-133,72],[-10,26],[-98,37],[13,39],[-67,21],[-55,74],[-88,23],[-119,8],[-95,36],[-82,4],[-137,46],[-24,35],[-116,47],[1659,1101],[288,1534],[453,2421],[628,2326],[319,1178],[787,556],[1183,-389],[829,584],[2,23],[-148,68],[-233,127],[-220,93]],[[14553,67817],[-10,-1],[-20,10],[-62,13],[-3,1],[-90,22],[-22,11],[-34,12],[-32,4],[-27,-9],[-30,-6],[-88,-44],[-30,6],[-152,-15],[-213,-45],[-45,2],[-15,6],[-47,13],[-31,4],[-7,1],[-32,1],[-119,-1],[-7,1],[-157,-26],[-102,-57],[-23,1],[-1,0],[-56,34],[-24,5]],[[12989,67882],[-37,13],[-69,16],[-68,-6],[-32,0],[-71,-4],[-17,5],[-55,0],[-44,47],[-22,7],[-1,0],[-16,3],[-28,5],[-17,1],[-36,10],[-24,3],[-45,1],[-28,0],[-34,5],[-38,9],[-22,7],[-21,6]],[[12119,68114],[-3,3]],[[12170,68191],[-83,-2],[-3,0],[-41,14],[27,55],[-10,6],[-19,32],[-24,11],[-17,7],[-4,2],[-15,2],[-14,1],[-2,0],[-2,1],[-17,7],[0,0],[-17,7],[-6,3],[-32,8],[-68,-5],[-19,5],[-74,-6],[-38,0],[-76,15],[-5,1],[-6,4],[-8,4],[-109,58],[-161,21],[-27,4],[-182,47],[0,0],[-14,4],[-76,11],[-34,-1],[-5,-1],[-7,-3],[-9,-3],[-15,-3],[-1,0],[-34,5],[-18,1],[-23,1]],[[10808,68287],[-1,-26],[-84,-75],[22,-20],[-85,-42]],[[10382,68108],[-11,1],[-18,2],[-14,-1]],[[9992,68089],[-43,-10]],[[9754,67987],[-5,-4]],[[19431,81717],[14,28]],[[19590,81854],[-34,17],[-13,17],[-10,27],[4,34],[-74,65]],[[19472,82227],[-37,56],[-3,6],[-4,7],[-36,71],[-11,17],[-12,23],[5,50]],[[19297,82732],[-10,15]],[[19166,83022],[-54,79],[-98,67]],[[19014,83168],[28,43]],[[19042,83211],[56,81],[-25,74],[720,-394],[1198,535],[-129,30],[-78,-14],[-72,36],[48,67],[88,27],[-61,34],[-46,60]],[[20741,83747],[194,6],[130,21],[178,58],[4,3],[105,34],[89,-20],[25,4],[5,0],[5,0],[1,0],[8,2],[65,-35],[117,-4],[117,30],[193,-53],[134,9],[134,45],[7,4],[79,41],[2,3],[57,-5],[116,46],[2,4],[82,12],[4,0],[26,-4],[26,-3],[52,-39],[71,43],[14,-5],[92,46],[2,1],[11,5],[2,1],[114,54],[66,1],[36,14],[93,25],[5,1],[1,0],[3,1],[11,6],[22,0],[6,2],[4,1],[10,5],[21,0],[124,57],[92,120],[24,66],[77,36],[4,11],[1,32],[0,34],[4,11],[6,4],[7,3],[12,0],[1,0],[29,3],[56,17],[0,0],[14,5],[24,12],[17,0],[17,4],[6,1],[158,85],[6,2],[6,0],[11,0],[16,5],[14,4],[44,18],[1,0],[17,12],[16,14],[96,120],[39,109],[30,5],[21,-2],[32,24],[67,56]],[[24371,84975],[35,-21],[173,63],[34,31],[-125,73]],[[24488,85121],[1,14],[0,16],[20,100],[2,6],[9,15],[34,43],[8,9],[18,20],[5,3],[96,68],[20,15],[2,1],[2,2],[11,7],[3,3],[42,53],[0,1],[2,5],[-2,8],[1,19],[-3,9],[-6,22],[-14,20],[-4,2],[-23,28]],[[24712,85610],[593,-36],[254,-7],[671,28],[5,-89],[263,-3],[-64,-150],[-76,-24],[2,-56],[-54,-39],[-170,-38],[-190,-84],[-118,13],[-108,-15],[-81,12],[-84,-24],[-122,-76],[381,-164],[-1023,-1033],[13,-380],[212,-84],[22,-23],[-42,-48],[90,-25],[118,-15],[23,-46],[-151,2],[-124,-15],[-152,51],[106,54],[-4,26],[-198,10],[18,-39],[-23,-51],[98,-41],[-13,-50],[-86,1],[-88,-94],[-87,2],[-236,-38]],[[27222,85681],[11,-44],[64,-30]],[[27297,85607],[58,-3],[58,24],[21,24],[25,6],[51,-17]],[[27510,85641],[2,-63],[19,-3],[13,-2],[17,-4],[72,5]],[[27633,85574],[108,56]],[[27741,85630],[-4,-56],[30,-25],[148,-2],[36,-69],[82,-11],[86,-26],[68,-16],[25,-11],[49,-14],[-117,-23],[-114,-63],[3,-39],[46,-15],[-82,-40],[-7,-2],[-72,-8],[-106,-71],[13,-17],[37,-15],[-82,-40],[-21,-1],[-76,-43],[-18,-63],[-13,3],[-20,4],[-9,1],[-51,7],[-9,2],[-64,-7],[-35,-3],[-75,-57],[-57,-119],[-46,-29],[-14,-57],[-13,0],[-100,-37],[-44,-55],[-99,-16],[-75,-64],[-155,-30],[-83,13],[-38,-3],[-30,-2],[-57,-10]],[[26578,84501],[172,40],[21,35],[97,31],[-77,29],[3,35],[577,613],[-646,217],[20,35],[106,38],[67,2],[38,37],[266,68]],[[23364,84492],[30,21],[182,-16],[-2,-2],[-3,-3]],[[23571,84492],[-83,-15],[-124,15]],[[23280,84564],[0,0],[3,2],[11,-4],[-14,2]],[[22650,84530],[34,8],[1,0],[2,1],[-1,5],[12,5],[4,4],[0,1],[0,23],[8,-33],[-2,-1],[-1,-1],[-8,-4],[-7,-7],[-6,-4],[-1,0],[-15,-7],[-1,-1],[-19,11]],[[18513,83140],[-1,4]],[[18512,83144],[0,58],[17,56]],[[18529,83258],[149,60],[51,-2],[82,-40]],[[18811,83276],[-67,24],[-64,-9]],[[18680,83291],[85,-19],[-69,-1],[0,-3],[-13,-3],[-1,-6],[-1,-1],[-1,-1],[-22,-11],[-1,-3],[-2,-1],[-2,-1],[-6,-2],[-7,-24],[-41,2],[1,1],[-58,3],[1,-13],[-3,-3],[-8,-9],[-16,-9],[1,-30],[-2,-3],[45,-39],[143,-10],[1,1],[58,3],[62,-39],[-1,-1],[-8,-14]],[[18815,83055],[-162,-22],[-59,15],[-65,51],[-16,41]],[[18715,44742],[-124,-93],[-217,-120],[-7,-41],[-121,-74],[4,-19],[-97,-48],[-421,-114],[-2,-52],[-239,-27],[-73,-29],[-115,29],[-118,-21],[-155,-48],[-90,-4],[-280,-91],[-154,8],[-52,25],[-156,-41],[-202,4],[-102,-32],[-114,-15],[-90,7],[-63,-25],[-158,-32],[-245,-146],[-82,-5],[-77,31],[-122,10],[-94,-9],[-36,-37],[-165,-12],[-124,18],[-106,-16],[-152,-48],[-86,13],[-124,-33],[-35,-26],[-92,12],[-155,-14],[-109,1],[-55,-11],[-122,14],[-124,-44],[-97,-11],[-162,-42],[-88,36],[-269,-48],[4,-30],[-355,-44],[-45,39],[-91,11],[-85,-16],[-72,14],[-103,-11],[-51,37],[-132,8],[-35,-46],[-228,19],[-68,-18],[-128,-9],[-72,27],[-79,-3],[-48,116],[66,69],[-105,29],[-93,-39],[-91,25],[45,36],[134,-12],[26,52],[-45,24],[-91,4],[-68,-26],[-78,41],[-187,67],[-116,-12],[-69,-38],[-38,-54],[-207,-4],[-62,61],[-142,75],[-228,136],[-13,120],[54,64],[89,6],[113,232],[80,40],[-27,21],[20,189],[-26,85],[-83,147],[-111,100],[-301,168],[-128,99],[14,42],[-63,48],[-49,-28],[-88,91],[-52,82],[1,61],[-78,14],[-189,185],[-249,289],[-79,112],[19,53],[-39,15],[-28,138],[-63,211],[-183,338],[-42,86]],[[8296,47474],[-11,86],[-5,34],[-8,41]],[[8165,47948],[-24,50]],[[7687,50208],[90,157]],[[8019,50810],[21,14],[6,26],[48,64]],[[8533,51437],[17,1],[19,20],[36,40]],[[8709,51623],[91,126]],[[8896,51906],[38,98]],[[8909,52510],[-22,31],[-62,118],[0,1],[-7,24],[-2,5],[8,12],[3,3]],[[88583,12415],[41,-71],[183,-59],[-256,13],[-14,-60],[95,-92],[-43,-52],[-63,-16],[9,-70],[-153,-67],[-54,-49],[-88,5],[-34,-26],[-32,-43],[-132,36],[60,-79],[-83,-40],[-249,-23],[-134,-24],[120,-89],[38,-78],[-1772,109],[-2348,144],[-129,-1093],[-2002,108],[-126,-49],[-502,329],[-1159,684],[95,85],[-432,149],[139,91],[-508,26],[152,690],[-1392,69],[-15,-16],[-533,26],[-148,-54],[-59,-116],[-144,1],[-156,62],[-49,-43],[-60,4],[-40,-90],[54,-43],[-42,-21],[28,-67],[80,-48],[89,-5],[122,-30],[224,29],[46,-47],[-48,-24],[9,-78],[48,-81],[151,-80],[103,-16],[110,-60],[-62,-146],[45,-25],[-6,-222],[71,-74],[-146,7],[-115,-85],[33,-51],[199,-10],[-32,-151],[-97,-7],[-93,-53],[-15,-37],[-235,-135],[-42,-33],[-12,-68],[-155,-71],[-158,-121],[5,-68],[-100,-19],[-90,16],[54,38],[-2,45],[-111,65],[-149,16],[-77,-15],[-160,-61],[-122,-28],[-203,6],[-91,60],[-114,-7],[-75,57],[-142,9],[-96,-8],[-194,55],[32,86],[-62,35],[16,53],[-41,18],[11,107],[-84,40],[-1259,60],[22,80],[-18,47],[-88,14],[-56,84],[-42,106],[-61,26],[-102,-35],[29,-79],[-74,-44],[-86,40],[-25,63],[-66,-19],[35,-46],[-35,-68],[-87,-81],[82,-62],[-563,28],[13,-36],[-43,-75],[8,-56],[66,-38],[-879,46],[43,197],[-838,40],[89,388],[-73,119],[136,305],[134,77],[68,291],[-107,-1],[-117,-21],[-170,28],[-233,-2],[-101,-25],[-333,119],[-376,12],[-117,-8],[-55,12],[-207,11],[-251,247],[-18,37],[-100,88]],[[19155,83022],[-34,55],[-107,91]],[[24712,85610],[98,42],[-16,30],[124,63],[70,49],[79,-24],[44,-50],[55,-21],[226,-21],[195,1],[331,27],[107,27],[111,-11],[236,73],[-25,35],[355,93],[61,68],[182,-94],[-67,-40],[32,-44],[100,-54],[149,-9],[63,-69]],[[26578,84501],[-53,-43],[-101,-116],[10,-139],[-17,-86],[50,-10],[48,-75],[-36,-159],[-74,-40],[-114,-9],[-99,-30],[99,-30],[-56,-94],[-116,-62],[45,-55],[-3,-125],[-104,-61],[-232,-88],[3,-64],[138,22],[179,75],[175,142],[9,57],[79,73],[64,35],[110,30],[160,98],[35,4],[224,136],[-9,84],[64,31],[0,39],[105,63],[93,37],[11,34],[111,1],[117,33],[10,24],[106,20],[30,-67],[86,-38],[212,-41],[-129,95],[-2,40],[74,25],[141,-41],[225,-100],[158,-89],[41,-136],[-31,-42],[35,-51],[-121,-81],[-63,-87],[105,-77],[158,-15],[114,15],[59,33],[114,12],[184,-29],[72,2],[316,-44],[140,-99],[-18,-27],[124,-131],[194,-41],[113,0],[148,25],[133,40],[47,67],[78,-14],[-8,-30],[52,-47],[121,-21],[2,-53],[61,-45],[70,-10],[75,-38],[68,-4],[89,-39],[3,-48]],[[19042,83211],[42,77],[-2,44],[-18,22],[11,20],[70,47],[36,71],[160,76],[98,27],[149,58],[389,107],[324,60],[154,9],[81,-13],[205,-69]],[[24371,84975],[79,66],[38,80]],[[27297,85607],[94,17],[44,38],[35,-5],[40,-16]],[[27633,85574],[62,52],[46,4]],[[23571,84492],[-83,-16],[-124,16]],[[18512,83144],[0,58],[17,56]],[[18811,83276],[-67,24],[-64,-9]],[[18815,83055],[-162,-22],[-59,15],[-65,51],[-16,41]],[[21293,86375],[51,-61],[-26,-52],[57,-75],[119,-53],[134,-92],[80,-87],[125,-64],[3,-91],[-52,-85],[-57,7],[-23,-102],[-72,-4],[-36,55],[-92,31],[-62,46],[-137,-1],[13,-39],[-34,-47],[-79,-29],[-61,-45],[-13,-47],[-129,-45],[-64,29],[20,27],[-95,100],[-77,15],[-55,-19],[-177,-28],[-194,-120],[-30,-47],[-138,-21],[-57,-49],[-1,-47],[52,-27],[-39,-74],[-148,-39],[-53,20],[-208,20],[-51,39],[-94,11],[-52,-27],[-77,17],[-80,54],[-5,92],[-103,44],[-49,60],[-182,13],[-33,55],[-96,48],[-108,6],[-55,37],[46,51],[70,12],[-102,142],[-57,43],[-18,82],[80,9],[6,93],[-68,19],[6,84],[149,54],[72,81],[-51,38],[125,11],[72,44],[59,-7],[61,-39],[114,32],[94,61],[-18,45],[74,28],[46,41],[142,-24],[145,14],[144,63],[161,106],[48,64],[201,51],[158,-6],[-12,-42],[108,-83],[-5,-67],[50,-34],[248,-86],[58,-34],[101,-93],[134,-52],[99,-10]],[[19704,86900],[87,36],[46,-6],[124,45],[42,-36],[14,-90],[-62,-42],[-92,-34],[-132,-3],[-160,11],[-128,71],[72,38],[189,10]],[[20180,87115],[-50,46],[-62,13]],[[20068,87174],[61,-10],[51,-49]],[[19511,87196],[163,40],[193,33],[-37,-39],[-192,-111],[-110,15],[-68,38],[51,24]],[[19012,88880],[-16,117],[-46,19],[48,73],[1,64],[160,1],[22,-52],[55,-9],[11,-71],[60,-66],[-41,-61],[-59,-44],[-107,-10],[-88,39]],[[17635,89135],[30,31],[105,4],[12,-64],[-92,-11],[-142,-43],[-27,41],[114,42]],[[18620,89796],[-21,-31],[-112,-24],[44,69],[89,-14]],[[18589,89930],[66,-51],[-61,-22],[-110,87],[105,-14]],[[17953,90012],[-55,30],[135,30],[69,-62],[-149,2]],[[19810,90560],[85,-21],[-44,-22],[-21,-71],[72,-32],[-76,-39],[-74,22],[-25,37],[6,73],[77,53]],[[19427,90536],[-112,13],[-7,46],[83,18],[62,-23],[-26,-54]],[[20171,90748],[114,28],[80,40]],[[20365,90816],[-81,-46],[-113,-22]],[[19636,90895],[-100,6],[-66,-5],[-103,-27]],[[19367,90869],[57,17],[46,10],[18,3],[63,6],[85,-10]],[[19113,90945],[-9,39],[-94,102],[-81,23],[-26,40]],[[18903,91149],[108,-59],[107,-111],[-5,-34]],[[18445,91213],[-163,104],[70,63]],[[18352,91380],[-18,-89],[111,-78]],[[18253,91452],[32,53],[55,26],[65,91],[116,7],[91,64]],[[18612,91693],[-122,-86],[-55,12],[-68,-82],[-77,-40],[-37,-45]],[[18632,91720],[17,40],[100,4]],[[18749,91764],[-87,-13],[-30,-31]],[[20124,91841],[0,-40],[13,-34],[29,-42],[24,-6],[29,3],[9,-21]],[[20228,91701],[-54,16],[-11,10],[-4,7],[-15,15],[-26,58],[6,34]],[[18771,91891],[119,-23],[151,-10],[149,11],[177,44],[337,31]],[[19704,91944],[-282,-34],[-178,-43],[-116,-3],[-75,-18],[-168,18],[-114,27]],[[20091,91980],[-107,4],[-121,-34]],[[19863,91950],[37,18],[100,21],[91,-9]],[[19840,92963],[60,-22],[10,-27],[41,-58],[-6,-16],[3,-7],[10,-10],[10,-4],[47,-4]],[[20015,92815],[-24,-1],[-23,5],[-10,4],[-10,10],[-3,7],[-2,22],[-33,52],[-10,27],[-60,22]],[[19617,93118],[142,-62],[-71,-3],[-104,28],[33,37]],[[19796,99773],[-118,-30],[-90,0],[-13,48],[74,55],[66,80],[25,35],[185,0],[107,-14],[44,-28],[120,-32],[-6,-23],[-135,-49],[-259,-42]],[[20286,99834],[111,10],[65,0],[88,20],[49,16]],[[20599,99880],[-18,-17],[-92,-17],[-15,-10],[-42,8],[-48,-1],[-98,-9]],[[23808,85302],[-81,-59],[-53,43],[105,44],[29,-28]],[[20816,85454],[-7,43],[72,21],[51,-76],[-116,12]],[[24047,85507],[82,74],[-5,77],[-66,42],[105,56],[203,37],[88,-25],[-74,-104],[-145,-131],[-212,-112],[-87,26],[52,45],[59,15]],[[22412,85617],[-197,-71],[-63,2],[-69,82],[-53,24],[-27,73],[77,15],[55,22],[41,69],[54,22],[169,-63],[-4,-79],[38,-50],[-21,-46]],[[22542,86986],[132,-48],[72,-47],[14,-63],[87,-125],[-125,-32],[-108,-81],[-64,-10],[-28,-46],[-262,-68],[-101,5],[-155,-12],[-285,-37],[-206,59],[-81,45],[-144,120],[-173,96],[58,30],[35,75],[92,45],[51,60],[104,51],[215,51],[178,19],[151,-22],[190,6],[190,48],[92,0],[18,-81],[53,-38]],[[20603,86935],[-54,110],[82,9],[115,13],[89,48],[163,-11],[64,-46],[-66,-51],[-126,-39],[-153,-7],[-114,-26]],[[22280,87419],[-246,95],[123,50],[214,4],[122,53],[47,104],[53,-5],[11,-50],[106,-107],[32,-80],[-17,-62],[-83,-35],[-140,-14],[-178,9],[-44,38]],[[25737,90187],[170,17],[29,-89],[-76,-50],[-105,24],[-81,65],[63,33]],[[20894,90347],[4,1]],[[20898,90348],[-72,-30],[2,-16],[-34,-32]],[[20794,90270],[29,28],[-2,13],[3,2],[-1,2],[3,3],[68,29]],[[20898,90348],[1,0],[0,0]],[[20899,90348],[-1,0]],[[20965,90349],[-66,-1]],[[20899,90348],[6,2]],[[20905,90350],[19,5],[29,1],[12,-7]],[[26422,90689],[-37,110],[87,-33],[38,-45],[-88,-32]],[[20605,90967],[-12,-25]],[[20593,90942],[10,21],[1,2],[1,2]],[[26447,91054],[7,-37],[-125,-22],[-96,67],[214,-8]],[[22531,91241],[85,-16],[61,29],[129,15],[31,-10],[50,-51],[53,-33]],[[22940,91175],[-60,25],[-40,49],[-53,15],[-112,-20],[-37,-27],[-107,24]],[[20579,91054],[67,170],[157,99],[168,56],[160,16],[198,-5],[107,-12]],[[21436,91378],[-275,12],[-186,-14],[-136,-43],[-117,-66],[-82,-61],[-61,-152]],[[22343,91364],[-71,-42],[-177,9],[-147,35]],[[21948,91366],[173,-33],[142,-5],[80,36]],[[21588,91382],[78,29],[19,37],[92,-8],[121,-53]],[[21898,91387],[-111,48],[-74,10],[-75,-56],[-50,-7]],[[21741,96858],[200,-2],[218,-20],[476,-88],[76,-70],[-100,-57],[-144,-4],[-39,15],[-94,1],[-140,31],[-166,-5],[-323,50],[-86,30],[-81,62],[37,36],[166,21]],[[26866,98179],[-110,-26],[-47,-74]],[[26709,98079],[-7,74],[33,28],[131,-2]],[[19212,99615],[-53,-14],[-15,-30],[9,-21],[150,-72],[183,-25],[116,-3],[54,-19],[414,-41],[77,0],[172,-24],[243,25],[106,-20],[135,9],[91,-16],[213,10],[47,-27],[133,-13],[176,11],[55,23],[60,-10],[229,-9],[134,30],[95,40],[3,38],[100,57],[52,62],[-12,36],[-306,70],[-212,19],[-96,-15]],[[21565,99686],[105,18],[151,-6],[210,-38],[191,-44],[20,-26],[-48,-82],[-100,-53],[7,-28],[-68,-46],[-181,-47],[-147,-2],[-177,25],[-154,-29],[-150,-3],[-82,17],[-590,20],[-277,-2],[-236,20],[-282,35],[-88,-1],[-174,24],[-248,46],[-128,67],[6,37],[36,16],[51,11]],[[21320,99645],[146,-2],[46,33]],[[21512,99676],[-49,-37],[-143,6]],[[20857,99906],[89,-38],[89,-108],[157,-80],[-3,-27]],[[21189,99653],[-11,23],[-116,46],[-76,49],[-25,57],[-104,78]],[[21411,99874],[-54,-27],[-162,22],[-134,91],[48,39],[153,-27],[136,-60],[13,-38]],[[29516,83645],[-114,-32],[-311,108],[-37,62],[42,48],[79,8],[160,-12],[83,13],[72,-25],[118,3],[90,-51],[176,-20],[181,-114],[-22,-123],[69,-44],[1,-41],[-141,1],[-120,-14],[3,118],[-22,40],[-70,40],[-116,28],[-121,7]],[[28815,83808],[20,-40],[-40,-42],[-33,-21],[-127,22],[-114,2],[-37,55],[79,39],[176,4],[76,-19]],[[28411,85487],[112,-35],[-42,-33],[-63,-1],[-116,55],[-68,2],[-74,52],[-197,66],[-116,82],[-13,29],[-46,30],[208,15],[61,-57],[92,-54],[160,-18],[94,-49],[-20,-41],[28,-43]],[[29211,86374],[-176,-73],[-105,-5],[-107,23],[13,48],[105,-13],[22,43],[66,21],[33,40],[-136,77],[-44,-19],[-162,68],[112,29],[5,36],[74,1],[35,-51],[90,2],[208,-30],[129,-34],[-92,-114],[-77,-18],[7,-31]],[[28603,86823],[-122,19],[-197,7],[-8,32],[222,39],[105,-97]],[[32291,90587],[38,-50],[90,10],[36,12],[34,18],[-41,29],[-104,-6]],[[32344,90600],[96,10],[55,-18],[3,-7],[-12,-11],[-30,-15],[-36,-12],[-95,-10],[-34,50]],[[37204,92080],[5,-17],[-181,-3],[-55,2],[-46,5],[10,13]],[[36937,92080],[37,-18],[233,1],[-3,17]],[[33173,92137],[-135,-36],[-16,-55],[-122,27],[-238,118],[-207,59],[-40,44],[59,63],[75,21],[50,-9],[225,9],[201,-19],[-13,-47],[151,-86],[54,-62],[-44,-27]],[[41352,92997],[-161,-38],[179,99],[24,-33],[-42,-28]],[[55509,93065],[-20,-28],[-63,21],[-53,-2],[-35,22],[-2,39]],[[55336,93117],[42,-50],[131,-2]],[[31475,93436],[-159,23],[-17,31]],[[31299,93490],[17,-29],[159,-25]],[[34682,93910],[-205,-24],[-210,-41],[-192,-21],[-163,14],[-99,78],[-21,36],[60,73],[57,-13],[218,38],[148,-1],[136,-29],[20,-32],[98,-32],[123,-9],[70,13],[43,-28],[-83,-22]],[[35291,94395],[-64,-3],[-1,86],[51,2],[14,-85]],[[29017,94820],[22,-72],[-20,-21],[-244,-17],[-195,-6],[-70,33],[26,45],[81,49],[13,34],[140,-27],[125,9],[122,-27]],[[43380,94909],[80,-38],[122,16]],[[43582,94887],[-117,-17],[-78,11],[-7,28]],[[43620,94894],[111,22],[87,16],[25,4],[12,5],[-70,2],[-99,8],[-155,5],[-79,-10]],[[43452,94946],[79,11],[138,-5],[115,-9],[71,-2],[5,-3],[-13,-3],[-15,-1],[-212,-40]],[[41494,96254],[138,31],[69,4],[-73,-52],[-72,-21],[-62,38]],[[50461,96390],[-69,-13],[-54,5],[-29,16],[-39,41],[-50,29],[11,23]],[[50231,96491],[-10,-23],[51,-29],[47,-45],[73,-16],[69,12]],[[45257,96742],[39,-6],[-214,-92],[175,98]],[[46192,97282],[-64,-37],[35,-22],[95,45]],[[46258,97268],[-95,-46],[-38,24],[67,36]],[[29238,98011],[123,22],[115,4],[35,22],[86,-19],[128,-2],[112,17],[113,-22],[186,-17],[203,37],[427,41]],[[30766,98094],[-249,-28],[-158,-31],[-74,5],[-143,-30],[-185,15],[-96,19],[-98,-8],[-153,-2],[-72,9],[-300,-32]],[[29132,98013],[-128,13],[-72,26],[-146,5],[-203,18],[-378,87]],[[28205,98162],[195,-36],[40,-18],[180,-30],[162,-18],[131,-1],[76,-25],[143,-21]],[[28087,98302],[-48,-48],[21,-49],[101,-34]],[[28161,98171],[-117,37],[-20,47],[63,47]],[[31935,98461],[-80,-65],[-131,-39],[-205,12],[-138,-23],[-340,-70],[-76,-34]],[[30965,98242],[76,40],[473,96],[118,-12],[128,4],[68,21],[107,70]],[[28178,98444],[64,21],[28,6],[27,3],[166,2]],[[28463,98476],[-52,-11],[-107,5],[-47,-2],[-79,-24]],[[30085,98458],[101,4],[175,63]],[[30361,98525],[-149,-59],[-70,-14],[-57,6]],[[30544,98553],[142,11],[126,30]],[[30812,98594],[-115,-30],[-153,-11]],[[29846,98520],[-164,10],[-107,-7],[-153,13],[4,41],[120,59],[205,40],[160,-13],[143,-25],[194,-4],[213,-34],[26,-29],[-125,-30],[-222,-36],[-187,-7],[-107,22]],[[29171,98606],[-158,7],[-151,-23]],[[28862,98590],[80,23],[114,4],[115,-11]],[[20068,87174],[12,16],[-28,1],[34,54],[48,3],[0,0],[7,0],[-30,25],[0,1],[0,3],[16,15],[0,0],[69,0],[-1,2],[23,28],[-3,2],[65,45],[129,-36],[26,2],[3,-2],[1,-1],[7,-1],[9,5],[7,3],[1,0],[6,2],[1,0],[6,6],[14,12],[2,1],[15,5],[6,1],[-10,18],[26,18],[-3,3],[11,11],[-2,2],[-6,13],[0,0],[68,61],[-17,12],[74,46],[0,0],[39,13],[-5,3],[21,13],[9,-4],[6,-3],[1,-1],[47,3],[2,1],[2,0],[12,1],[2,0],[8,2],[15,-7],[35,-8],[17,0],[14,-2],[0,-1],[11,-3],[10,-6],[5,-4],[35,-28],[0,-1],[26,-31],[16,-12],[2,-2],[7,-6],[2,-2],[8,-5],[18,-11],[2,-1],[2,-18],[-4,-3],[-1,0],[-15,-3],[-2,0],[-1,0],[-109,-17],[-11,-8],[-2,-2],[-6,-6],[-1,-3],[0,0],[-8,-11],[0,-1],[-9,-24],[0,0],[-1,-1],[-1,-2],[-2,-3],[-1,-2],[-1,-2],[-5,-8],[-2,-11],[-3,-3],[2,-2],[1,-2],[-1,-1],[-1,-3],[-2,-3],[-10,-9],[-4,-1],[-19,-62],[0,-4],[0,-11],[1,-2],[1,0],[4,-3],[3,-12],[-37,-32],[-24,-1],[-35,-11],[-1,-2],[-4,-5],[-80,-5],[-142,-42],[-73,8],[-6,-3],[-30,-43],[-54,1],[7,13],[-16,12],[-44,4],[-4,0],[-5,1],[-3,1],[0,1],[-43,22],[-4,-2],[-8,-2],[-2,-1],[-11,-2],[-2,-1],[-8,0],[-4,-1]],[[20905,90350],[-11,-3]],[[20794,90270],[-4,-1],[-5,-1],[-3,0],[-4,1],[-2,1],[-2,0],[-5,2],[-3,1],[-5,6],[-15,3],[-16,0],[-1,0],[-1,2],[-1,1],[-3,3],[-1,1],[-2,5],[-13,7],[-1,0],[-1,38],[0,2],[0,2],[-5,10],[0,5],[-11,19],[-24,11],[-64,20],[-5,11],[-107,54],[-28,11],[-89,41],[-13,9],[-42,40],[-12,16],[-136,97],[-4,6],[-3,5],[-2,1],[-11,16],[0,1],[0,1],[0,1],[3,14],[9,10],[9,6]],[[20365,90816],[26,27],[5,9],[0,0],[1,1],[1,1],[130,106],[6,3],[2,1],[8,1],[32,-7],[-1,-26],[47,-11],[-29,21]],[[20605,90967],[-70,21],[0,3],[0,2],[0,1],[3,11],[39,46],[2,3]],[[21436,91378],[33,-16],[102,19],[17,1]],[[21898,91387],[1,0],[41,-17],[8,-4]],[[22343,91364],[25,-30],[46,-26],[4,-3],[91,-54],[22,-10]],[[22940,91175],[-26,-34],[0,-1],[0,-1],[16,-26],[1,-1],[2,-4],[4,-5],[1,-1],[4,-5],[2,-2],[2,-2],[0,-2],[-1,-5],[-2,-5],[1,-1],[2,-2],[0,-1],[-3,-4],[1,-2],[-7,-6],[-1,-2],[-1,-1],[1,0],[1,-1],[2,0],[0,-3],[1,-1],[5,-1],[6,-5],[1,-2],[1,-1],[-1,0],[-5,0],[-8,0],[0,0],[0,-1],[1,-1],[3,-2],[3,-1],[4,0],[1,0],[1,-1],[0,-1],[0,0],[-4,-2],[-17,-3],[0,0],[0,-2],[15,-9],[2,-2],[8,-6],[1,-3],[1,-1],[1,-3],[0,-1],[0,-2],[19,-8],[5,-1],[13,-2],[5,-2],[16,-8],[3,-1],[5,-3],[1,-3],[1,0],[5,0],[7,-2],[11,-2],[2,-1],[4,0],[0,0],[-3,-8],[3,-5],[-1,-1],[6,0],[1,0],[5,0],[11,1],[2,1],[1,0],[11,-1],[10,-3],[47,-5],[24,-7],[11,-7],[2,-3],[-1,-3],[0,-3],[-1,-5],[0,-7],[2,-4],[0,-6],[1,-2],[4,-1],[9,-4],[-1,-2],[-6,-3],[-10,-5],[-4,-2],[-10,-13],[0,-1],[-8,-4],[-4,-6],[-8,-4],[0,-1],[2,-11],[-1,-1],[-3,-6],[-6,-6],[-2,-2],[-18,-31],[3,-10],[1,-1],[-25,4],[-91,-48],[-30,-44],[-6,-15],[-5,-6],[-6,-8],[0,0],[-2,-5],[-1,-3],[0,-1],[-2,-3],[-3,-4],[-2,-3],[-16,-2],[-17,2],[-10,-2],[-23,-14],[-13,-7],[-114,-58],[-4,-1],[-9,-3],[-41,-12],[-14,-3],[-75,-39],[-1,-1],[2,-3],[2,-6],[6,-3],[4,-7],[-7,-7],[2,-11],[-1,-18],[-51,-15],[-6,-1],[-105,-21],[-3,-3],[-67,-69],[-6,-19],[-17,-28],[-146,-66],[-136,-74],[-33,-39],[0,0],[-6,-7],[-6,-7],[1,-7],[1,-4],[-1,-1],[-44,-20],[-8,-2],[-150,12],[-132,99],[-146,56],[-8,2],[-189,40],[-23,5],[-6,1],[-1,0],[-2,0],[-20,5],[-43,8],[-305,43]],[[19367,90869],[-62,-15],[-1,0],[0,3],[0,4],[-6,3],[-47,11],[-61,-11],[-1,-5],[0,-1],[-6,-7],[-30,3],[-4,19],[0,1],[-36,51],[-1,2],[0,0],[-4,3],[-1,2],[0,1],[0,5],[0,3],[1,2],[5,2]],[[18903,91149],[-116,21],[-19,-1],[-92,-36],[-44,23],[-10,5],[-24,11],[0,0],[-103,39],[-50,2]],[[18352,91380],[-6,4],[-12,26],[-16,8],[-26,37],[-10,1],[-14,-3],[-9,-2],[-1,0],[-5,1]],[[18612,91693],[3,2],[14,21],[3,4]],[[18749,91764],[4,4],[29,42],[-4,41],[9,22],[-16,18]],[[19704,91944],[9,-2],[21,23],[52,1],[3,0],[5,0],[3,0],[1,0],[8,0],[8,0],[2,0],[11,-1],[21,-2],[15,-13]],[[20091,91980],[23,-44],[10,-8],[-23,-23],[-2,0],[-9,-6],[35,-30],[-1,-28]],[[20228,91701],[-14,-19],[1,-5],[3,-10],[36,-61],[27,-55],[5,-13],[3,-7],[-9,-13],[-2,-9],[-1,-5],[0,-1],[-3,-14],[0,-1],[-3,-12],[0,-1],[0,0],[0,-5],[-1,-3],[0,-7],[0,-1],[0,-1],[-1,-1],[-1,-2],[-3,-3],[0,-1],[-1,-1],[-1,-1],[-33,-44],[-4,-10],[-6,-36],[-6,-9],[0,0],[-10,-16],[0,-3],[1,-13],[0,-1],[1,-7],[-1,-1],[-2,-5],[-12,-19],[3,-15],[5,-2],[4,-2],[13,-7],[0,-6],[0,-1],[-1,-7],[0,-1],[-17,-9],[-4,-2],[0,0],[0,-1],[0,-1],[0,-9],[0,-2],[0,-6],[-6,-13],[0,0],[2,-12],[3,-12],[12,-22],[1,-2],[0,-2],[0,-2],[-1,-2],[-2,-4],[0,-1],[-1,-2],[-5,-11],[-7,-8],[-3,-3],[-3,-3],[-1,-1],[-4,-7],[-1,-1],[0,0],[-10,0],[-18,0],[-4,0],[-1,0],[-8,1],[-36,2],[-56,9],[-4,0],[-43,-15],[-110,-56],[-4,-3],[-8,-6],[-4,-1],[-16,-7],[-15,-12],[-55,-53],[0,0],[10,-7],[0,0],[12,-16],[-1,-4],[-4,-14],[0,-1],[-5,-15],[-1,-2],[-5,-3],[-2,-1],[-1,0],[-3,-2],[-5,-3],[-1,0],[-2,-12],[0,-1],[-7,-7],[-13,-20],[-2,-6],[-4,-10],[-6,-2],[-5,-1],[-10,-7],[-3,-10],[-1,0],[-9,2],[-9,5],[-21,10],[-1,3],[-9,16],[0,2],[-3,4],[0,1],[-4,8],[-8,13],[-2,2],[-4,4],[-6,2],[-13,2],[-2,0]],[[19840,92963],[-12,4],[-82,55],[16,7],[-1,1],[189,41],[4,7],[1,1],[6,9],[163,4],[6,5],[61,0],[0,-1],[4,0],[0,0],[10,-1],[-5,-2],[-1,-1],[-1,0],[0,0],[0,0],[0,-1],[-4,-1],[-1,-2],[-2,-1],[5,-5],[0,-1],[-6,1],[47,-16],[1,1],[8,2],[3,2],[2,1],[5,3],[21,-9],[1,0],[0,0],[1,-1],[3,-3],[1,-1],[0,0],[0,0],[3,-1],[0,0],[0,-1],[-1,-1],[0,0],[2,-1],[2,0],[1,0],[9,-2],[2,0],[4,0],[3,0],[5,-1],[3,0],[1,0],[1,0],[2,0],[4,1],[2,0],[5,0],[2,0],[15,17],[0,1],[5,2],[12,2],[0,0],[1,-4],[0,-1],[0,0],[11,-4],[50,-44],[-5,-1],[19,1],[-6,-2],[2,-2],[0,0],[0,0],[-3,-1],[-7,-19],[-16,-3],[-6,-1],[-1,0],[-16,12],[-6,1],[-3,1],[-21,0],[-12,-2],[-24,-3],[-5,-2],[-78,-28],[-6,-3],[-2,-2],[-18,-10],[-22,-15],[-1,0],[-33,-22],[-2,-1],[-7,-5],[-7,-6],[-1,0],[-10,-12],[-2,-2],[-2,-2],[-4,-25],[-9,-9],[-7,-6],[-2,-1],[6,-18],[2,-6],[-57,-3],[-1,-1],[0,0],[1,-2],[-3,-1],[-2,-3],[-1,-1],[1,-4],[-35,0],[0,0]],[[19212,99615],[60,13],[82,19],[24,2],[23,2],[20,0],[22,0],[256,39],[25,5],[32,4],[47,5],[2,0],[38,5],[90,13],[116,44],[152,27],[12,5],[53,26],[20,10]],[[20599,99880],[34,10],[53,3],[38,0],[44,6],[8,2],[56,8],[25,-3]],[[21189,99653],[49,-26],[82,18]],[[21512,99676],[40,4],[9,5],[4,1]],[[26866,98179],[3,0],[4,0],[2,1],[14,-1],[6,-4],[4,-3],[1,-1],[8,-5],[29,-11],[5,-3],[4,-6],[0,-2],[3,-5],[0,-1],[48,-49],[159,4],[1,0],[-44,-32],[-2,0],[-2,0],[-2,0],[-27,-2],[-2,0],[-41,-8],[-5,-1],[-17,-5],[-6,-2],[-3,-1],[-6,-3],[-15,-6],[-7,-4],[-1,-1],[-6,-2],[0,0],[-11,-6],[-12,-5],[-12,-6],[-48,-13],[-7,-4],[-19,-4],[-2,-1],[-8,-2],[0,-13],[-74,-36],[3,13],[1,9],[-1,3],[-4,8],[0,0],[-11,16],[0,0],[-1,1],[-5,5],[-18,19],[-10,9],[-3,2],[-11,10],[-7,18],[-8,6],[-2,2],[0,0],[8,22]],[[32291,90587],[3,1],[49,13],[1,-1]],[[36937,92080],[6,0],[6,0],[1,0],[1,0],[18,0],[0,1],[4,0],[3,0],[4,-1],[34,3],[0,0],[23,1],[2,0],[37,2],[1,0],[17,1],[6,0],[94,-6],[10,-1]],[[55336,93117],[113,-17],[60,-35]],[[31299,93490],[0,0],[-26,24],[1,1],[-2,3],[4,2],[-16,23],[-6,-2],[-1,1],[6,2],[-5,7],[-2,0],[-1,1],[-1,0],[-1,4],[88,-32],[2,0],[4,0],[1,1],[4,7],[3,1],[90,16],[4,-2],[66,-11],[-1,-1],[0,-1],[11,1],[-2,4],[1,2],[4,3],[1,0],[23,5],[1,0],[1,0],[1,0],[5,-1],[2,-1],[23,-9],[2,0],[1,-1],[7,-5],[4,-3],[1,-1],[1,0],[4,-2],[0,0],[0,0],[-1,0],[-1,0],[1,-2],[0,0],[1,-1],[0,-1],[-1,0],[0,-2],[-13,-3],[-1,-1],[-15,-13],[0,-2],[1,-4],[0,-1],[-10,0],[-10,4],[2,-6],[1,-1],[0,-1],[5,-4],[12,-2],[-3,2],[28,-21],[0,-1],[5,-5],[-33,0],[-3,-11],[-9,0],[0,-2],[-5,1],[-6,-2],[-2,-1],[-4,0],[-2,0],[-1,0],[-4,2],[-2,-4],[-12,2],[-2,0],[-8,-1],[-4,-2],[-1,0],[-2,-2],[-7,-1],[-2,0],[-14,-3],[-4,-1]],[[43380,94909],[44,26],[2,0],[12,4],[10,4],[4,3]],[[43620,94894],[-3,-1],[-29,-5],[-6,-1]],[[50231,96491],[1,0],[63,69],[4,1],[1,1],[0,0],[10,-2],[34,-4],[0,0],[68,-1],[5,1],[39,3],[3,-1],[19,-3],[8,1],[1,0],[3,0],[13,2],[1,1],[108,45],[1,0],[-1,1],[5,10],[0,0],[1,1],[1,1],[2,2],[2,0],[0,0],[1,-1],[13,19],[-4,6],[0,4],[21,1],[1,-2],[63,-28],[2,0],[2,0],[18,-21],[25,2],[11,-8],[0,0],[-23,-73],[-1,-3],[0,-2],[2,-2],[-7,-10],[0,-1],[-13,-12],[-1,0],[0,0],[-37,-8],[-26,-14],[6,-7],[-23,-19],[8,-8],[-25,-20],[0,-1],[-15,-15],[0,0],[0,-1],[-2,0],[-157,-4],[-1,-1]],[[46192,97282],[1,0],[12,-1],[3,-1],[6,-1],[2,0],[40,-10],[2,-1]],[[28205,98162],[-8,1],[-8,2],[-28,6]],[[28087,98302],[1,4],[-19,65],[4,16],[76,46],[3,2],[6,5],[20,4]],[[28463,98476],[9,5],[1,0],[4,3],[3,2],[25,17],[85,28],[6,2],[22,6],[33,10],[1,0],[35,10],[12,3],[58,15],[67,9],[14,2],[7,1],[17,1]],[[29171,98606],[1,0],[21,-3],[10,-2],[16,-4],[95,-40],[32,-17],[111,-29],[152,-5],[45,1],[143,-1],[171,-41],[117,-7]],[[30361,98525],[37,7],[97,18],[49,3]],[[30812,98594],[99,-5],[1,0],[108,-5],[30,10],[86,-5],[4,-1],[112,-15],[252,-10],[24,-4],[30,0],[32,-1],[103,-4],[87,1],[17,-2],[5,0],[5,-1],[7,0],[46,-5],[22,-4],[42,-19],[11,-35],[0,-5],[0,-3],[0,-20]],[[30965,98242],[-3,-6],[-16,-16],[-11,-8],[-9,-16],[-24,-64],[-36,-22],[-81,-16],[-19,0]],[[29238,98011],[-11,-1],[-93,3],[-2,0]],[[55764,93250],[-1,0],[-3,1],[-13,7],[-3,-1],[-23,0],[-1,1],[-12,9],[0,1],[-5,9],[-3,3],[-19,17],[-1,1],[-2,3],[0,1],[-4,20],[0,0],[-10,27],[1,1],[0,0],[1,2],[0,0],[5,6],[1,1],[0,0],[3,3],[10,7],[9,6],[32,12],[2,0],[10,3],[57,12],[2,1],[63,21],[50,11],[13,2],[14,2],[55,3],[37,-5],[14,-2],[22,-4],[3,-1],[33,-14],[13,-10],[18,-12],[2,-3],[-3,-16],[-16,-13],[-1,-1],[-8,-9],[-8,-12],[0,0],[-1,-4],[0,-1],[-19,-13],[-29,-19],[0,0],[-5,-2],[-1,0],[-84,-18],[-7,-2],[-27,-7],[-3,-1],[-4,-1],[-5,-1],[-9,-1],[-1,0],[-10,-1],[-5,-1],[-14,-1],[-3,-1],[-8,0],[-3,-1],[-15,-4],[-7,-2],[-1,0],[-10,-1],[-3,-1],[-17,-4],[-3,-1],[-2,0],[-5,0],[-7,-1],[-23,1],[-3,-2]],[[55700,93056],[-80,-20],[20,-22],[-43,41],[103,1]],[[13897,67120],[-68,31],[-186,-36]],[[13756,67369],[11,4],[19,7],[109,-4],[118,91],[28,6],[131,7],[52,61],[22,10],[74,-7],[146,59],[89,114]],[[90479,26854],[2,-1],[7,-2],[15,-6],[2,0],[5,-3],[4,-3],[4,-2],[5,-4],[9,-6],[3,-3],[0,0],[11,-7],[18,-15],[2,-1],[10,-7],[2,-2],[26,-13],[4,-3],[-2,-15],[-3,-2],[-4,-2],[-9,-2],[-1,-1],[12,-2],[3,-1],[5,-5],[12,-8],[9,-5],[3,-5],[-8,-5],[-2,-1],[0,0],[-3,-3],[-5,-2],[-16,-2],[-19,-19],[4,-3],[4,-3],[-10,-11],[14,-21],[28,-8]],[[90968,26622],[58,6]],[[91250,26729],[26,9],[7,-1],[10,-1],[0,0],[25,-9],[9,0],[64,-11],[13,1],[2,0],[18,2],[6,0],[7,0],[4,2]],[[91670,26938],[-52,90],[62,5],[43,-8],[7,-3],[5,-2],[9,-3],[30,-4],[41,5],[7,1],[38,-7],[3,-3],[4,-4],[2,-1],[7,-7],[22,-12],[1,0],[19,-9],[3,-1],[5,-3],[2,-2],[4,-1],[9,-3],[10,-5],[6,-6],[1,-2],[2,-3],[0,-1],[8,-2],[2,0],[3,-1],[0,-2],[-1,-1],[0,-1],[5,-13],[5,-4],[3,0],[23,-10],[5,-1],[15,-5],[15,-5],[27,-12],[5,-1],[1,-1],[1,0],[13,-4],[11,-3],[25,-13],[8,-2],[6,-3],[1,0],[1,-10],[12,-13]],[[92293,26775],[7,14],[4,0],[14,1],[9,-1],[1,0],[8,-1],[9,-3],[23,-20],[-2,-1],[-5,-10],[15,-1],[9,-5],[3,-4],[0,-1],[0,-1],[2,-3],[4,-1],[5,-3],[7,-2],[4,-2],[1,0],[7,-6],[0,-3],[0,-2],[-2,-1],[-12,-1],[-26,7],[-3,-42],[6,-6],[19,-30],[-5,-4],[-18,-7],[-2,0],[-90,-13],[-19,0],[-7,-2],[-38,8],[-3,-1],[-16,6],[-13,0],[-3,-3],[-2,-2],[-3,-1],[-3,-1],[-14,3]],[[91905,26403],[3,-1],[21,-14],[2,-2],[19,-18],[3,-9]],[[91935,26219],[-1,0],[-6,-1],[-2,-1],[-14,-4],[-4,-1],[-15,-3],[-18,-3],[0,0],[-17,0]],[[91326,25905],[7,-8],[-46,-76],[3,-1],[-40,-55],[5,-3],[70,-97],[-8,-3],[-31,-18],[-94,-120],[-8,-14],[-47,-67],[-1,-4],[-23,-102],[-6,-52],[-1,-79],[23,-43]],[[91288,25067],[35,-28],[58,-28],[21,-13],[97,-51],[16,-4],[6,-4],[7,-6],[99,-32],[1,-2],[42,-47],[2,-5],[18,-50],[6,-15],[74,-86],[55,-39],[33,-28],[12,-11],[41,-11],[45,-13],[47,-13],[28,-11],[29,-18],[7,-2],[16,-2],[12,-1],[13,-6],[0,-1],[11,-4],[8,-2],[25,-6],[6,-2]],[[92275,24460],[6,-16],[6,-12],[4,-13],[16,-43],[4,-10],[7,-11],[-4,-16],[-8,-19],[1,-13],[2,-37],[15,-33],[16,-13],[39,-36],[172,-63],[-1,-14]],[[91345,25794],[-1,0],[-6,5],[8,-4],[-1,-1]],[[91236,26822],[-6,-9],[-2,1],[-1,1],[-11,6],[-4,3],[-4,7],[0,1],[-18,24],[2,3],[2,0],[37,-33],[5,-4]]],"transform":{"scale":[0.000052193121931219224,0.0001047660476604766],"translate":[141.13406,-19.69644]},"objects":{"qld_far_north_ldmg_boundaries_gda2020_simp200m":{"type":"GeometryCollection","geometries":[{"arcs":[[[0,1]],[[2,3,4,5,6,7,8,9,10,11,12,13,14,15,16,17,18,19]],[[20,21,22,23,24,25]]],"type":"MultiPolygon","properties":{"LGA Code":"250","Abbreviated Name":"Aurukun","LGA Name":"Aurukun Shire","Area Sq Km":7407.63443,"LDMG Name":"Aurukun","Police Region Name":"Far Northern Region","Police Region Code":"FNR","Police Region Short Name":"Far North"}},{"arcs":[[[26,27,28,29,30,31,32]],[[33,34]],[[35,36]],[[37,38]],[[39,40]],[[41,42]],[[43,44]],[[45,46]],[[47,48]],[[49,50]],[[51]],[[52]]],"type":"MultiPolygon","properties":{"LGA Code":"2080","Abbreviated Name":"Cairns","LGA Name":"Cairns Regional","Area Sq Km":6793.95232,"LDMG Name":"Cairns","Police Region Name":"Far Northern Region","Police Region Code":"FNR","Police Region Short Name":"Far North"}},{"arcs":[[[-33,53,54]],[[55]],[[56]],[[57]],[[58]],[[59]],[[60]],[[61]],[[62]],[[63]],[[64]],[[65]],[[66]],[[67]],[[68]]],"type":"MultiPolygon","properties":{"LGA Code":"2260","Abbreviated Name":"Cassowary Coast","LGA Name":"Cassowary Coast Regional","Area Sq Km":15768.54737,"LDMG Name":"Cassowary Coast","Police Region Name":"Far Northern Region","Police Region Code":"FNR","Police Region Short Name":"Far North"}},{"arcs":[[[69,-5,70,-3,71,-19,72,-21,73,-25,74,75,76,77,78,79,80,81,82,83,84,85,86,87,88,89,90,91,92,93,94,95,96,97,98,99,100,-7,101,-1],[161],[162],[163],[164],[165],[166],[167],[168],[203,204]],[[102,-9]],[[-11,103]],[[-13,104]],[[105,-15]],[[106,-17]],[[-23,107]],[[108,109]],[[110,111]],[[112,113]],[[114,115]],[[116,117]],[[118,119,120]],[[126,127]],[[128,129]],[[130,131]],[[132,133]],[[134,135]],[[136,137]],[[138,139]],[[140,141]],[[142,143]],[[144,145]],[[146,147]],[[148,149]],[[150,151,152]],[[153]],[[154]],[[155]],[[156]],[[157]],[[158]],[[159]],[[160]],[[169]],[[170]],[[171,172,173,174]],[[175,176]],[[177,178]],[[179,180]],[[183,184]],[[187]],[[188]],[[189]],[[190]],[[191]],[[192]],[[193]],[[194,195]],[[196,197]],[[198]],[[207,208]],[[209]],[[216]],[[217]],[[218]],[[219]],[[220]],[[221]],[[222]],[[223]],[[224]],[[225]],[[226]],[[227]],[[228]],[[229]],[[230]],[[231]]],"type":"MultiPolygon","properties":{"LGA Code":"2500","Abbreviated Name":"Cook","LGA Name":"Cook Shire","Area Sq Km":183345.89922,"LDMG Name":"Cook","Police Region Name":"Far Northern Region","Police Region Code":"FNR","Police Region Short Name":"Far North"}},{"arcs":[[232,233]],"type":"Polygon","properties":{"LGA Code":"2600","Abbreviated Name":"Croydon","LGA Name":"Croydon Shire","Area Sq Km":29509.30461,"LDMG Name":"Croydon","Police Region Name":"Far Northern Region","Police Region Code":"FNR","Police Region Short Name":"Far North"}},{"arcs":[[[-29,234,-95,235,-93,236],[237]],[[238]]],"type":"MultiPolygon","properties":{"LGA Code":"2810","Abbreviated Name":"Douglas","LGA Name":"Douglas Shire","Area Sq Km":7319.75437,"LDMG Name":"Douglas","Police Region Name":"Far Northern Region","Police Region Code":"FNR","Police Region Short Name":"Far North"}},{"arcs":[[239,-233,240,241]],"type":"Polygon","properties":{"LGA Code":"3100","Abbreviated Name":"Etheridge","LGA Name":"Etheridge Shire","Area Sq Km":39224.47706,"LDMG Name":"Etheridge","Police Region Name":"Far Northern Region","Police Region Code":"FNR","Police Region Short Name":"Far North"}},{"arcs":[[-91,242,-215,243,-213,244,245,-209,246,-207,247,-204,248,-203,249,-201,250],[-199]],"type":"Polygon","properties":{"LGA Code":"3830","Abbreviated Name":"Hope Vale Aboriginal","LGA Name":"Hope Vale Aboriginal Shire","Area Sq Km":1111.07585,"LDMG Name":"Hope Vale","Police Region Name":"Far Northern Region","Police Region Code":"FNR","Police Region Short Name":"Far North"}},{"arcs":[[251,-98]],"type":"Polygon","properties":{"LGA Code":"4420","Abbreviated Name":"Kowanyama Aboriginal","LGA Name":"Kowanyama Aboriginal Shire","Area Sq Km":2524.88628,"LDMG Name":"Kowanyama","Police Region Name":"Far Northern Region","Police Region Code":"FNR","Police Region Short Name":"Far North"}},{"arcs":[[[-89,252,-184,253,-175,254]],[[-162]],[[-173,255]],[[-177,256,-179,257]],[[-180,258]],[[-183,259]],[[-187,260]],[[261]],[[262]],[[263]],[[264]],[[265]],[[266]],[[267]],[[268]],[[269]],[[270]]],"type":"MultiPolygon","properties":{"LGA Code":"4570","Abbreviated Name":"Lockhart River Aboriginal","LGA Name":"Lockhart River Aboriginal Shire","Area Sq Km":3601.0738,"LDMG Name":"Lockhart River","Police Region Name":"Far Northern Region","Police Region Code":"FNR","Police Region Short Name":"Far North"}},{"arcs":[[[-82,271,-147,272,-146,273,-144,274,-141,275,-84,276]],[[-163]],[[-164]]],"type":"MultiPolygon","properties":{"LGA Code":"4830","Abbreviated Name":"Mapoon Aboriginal","LGA Name":"Mapoon Aboriginal Shire","Area Sq Km":488.08186,"LDMG Name":"Mapoon","Police Region Name":"Far Northern Region","Police Region Code":"FNR","Police Region Short Name":"Far North"}},{"arcs":[[-28,277,-241,278,-96,-235]],"type":"Polygon","properties":{"LGA Code":"4880","Abbreviated Name":"Mareeba","LGA Name":"Mareeba Shire","Area Sq Km":53366.40077,"LDMG Name":"Mareeba","Police Region Name":"Far Northern Region","Police Region Code":"FNR","Police Region Short Name":"Far North"}},{"arcs":[[[-2,-102,-6,-70]],[[-4,-71]],[[-20,-72]],[[-26,-74]],[[-78,279,-130,280,-134,281,-139,282]],[[-80,283,-137,284,-136,285,-131,286]],[[-83,-277]],[[-166]],[[-167]],[[-168]],[[-169]]],"type":"MultiPolygon","properties":{"LGA Code":"5670","Abbreviated Name":"Napranum Aboriginal","LGA Name":"Napranum Aboriginal Shire","Area Sq Km":1984.46369,"LDMG Name":"Napranum","Police Region Name":"Far Northern Region","Police Region Code":"FNR","Police Region Short Name":"Far North"}},{"arcs":[[[-86,287,-196,288,-198,289,-150,290,-153,291,292,293,294,295,296,297]],[[298,299,300,301,302,303]],[[304,305]],[[306]],[[307]],[[308,309,310,311,312,313]]],"type":"MultiPolygon","properties":{"LGA Code":"5780","Abbreviated Name":"Northern Peninsula Area","LGA Name":"Northern Peninsula Area Regional","Area Sq Km":1020.79758,"LDMG Name":"Northern Peninsula","Police Region Name":"Far Northern Region","Police Region Code":"FNR","Police Region Short Name":"Far North"}},{"arcs":[[314,-109,315,-112,316,-113,317,-115,318,-118,319,-119,320,122,321,-126,322,-100]],"type":"Polygon","properties":{"LGA Code":"6070","Abbreviated Name":"Pormpuraaw Aboriginal","LGA Name":"Pormpuraaw Aboriginal Shire","Area Sq Km":4383.08325,"LDMG Name":"Pormpuraaw","Police Region Name":"Far Northern Region","Police Region Code":"FNR","Police Region Short Name":"Far North"}},{"arcs":[[-27,-55,323,-242,-278]],"type":"Polygon","properties":{"LGA Code":"6820","Abbreviated Name":"Tablelands","LGA Name":"Tablelands Regional","Area Sq Km":11380.91009,"LDMG Name":"Tablelands","Police Region Name":"Far Northern Region","Police Region Code":"FNR","Police Region Short Name":"Far North"}},{"arcs":[[[-292,-152,324]],[[325,-304,326,-87,-298]],[[327,-294]],[[328,-296]],[[-300,329]],[[330,-302]],[[-306,331]],[[335]],[[336]],[[337,338]],[[339]],[[340]],[[341]],[[342]],[[343]],[[344]],[[345]],[[346]],[[347,348]],[[349,350]],[[351,352]],[[353,354]],[[355,356]],[[357,358]],[[359,360]],[[361,362]],[[363,364]],[[365,366]],[[367]],[[368]],[[369,370]],[[371]],[[372]],[[373]],[[374]],[[375]],[[376]],[[377]],[[378]],[[379,380,381]],[[384,385,386]],[[387]],[[388,389]],[[390]],[[391,392]],[[393,394]],[[395,396]],[[397,398]],[[399]],[[400,401]],[[402,403]],[[404,405]],[[406,407]],[[408]],[[409]],[[410]],[[411]],[[412]],[[413]],[[414,415]],[[416,417]],[[418]],[[419]],[[420,421]],[[422,423]],[[424]],[[425]],[[426]],[[427,428]],[[429,430]],[[431]],[[432,433]],[[434]],[[435,436]],[[437,438]],[[439,440]],[[441,442]],[[443,444]],[[445,446]],[[447,448]],[[449,450]],[[451]],[[452,453]]],"type":"MultiPolygon","properties":{"LGA Code":"6950","Abbreviated Name":"Torres","LGA Name":"Torres Shire","Area Sq Km":49425.01129,"LDMG Name":"Torres Strait","Police Region Name":"Far Northern Region","Police Region Code":"FNR","Police Region Short Name":"Far North"}},{"arcs":[[[-339,454]],[[-387,455,-382,456,-349,457,-389,458,-395,459,-399,460,-396,461,-393,462]],[[-351,463,-353,464,-355,465,-357,466,-359,467,-363,468,-364,469,-361,470]],[[-366,471]],[[-403,472,-371,473,-408,474,-406,475]],[[-401,476]],[[-415,477]],[[-418,478]],[[-422,479]],[[-424,480]],[[-428,481,-430,482]],[[-434,483]],[[-436,484]],[[-441,485,-442,486,-447,487,-453,488,-449,489,-451,490,-445,491,-438,492]],[[493]],[[494]]],"type":"MultiPolygon","properties":{"LGA Code":"6960","Abbreviated Name":"Torres Strait Island","LGA Name":"Torres Strait Island Regional","Area Sq Km":480.90875,"LDMG Name":"Torres Strait","Police Region Name":"Far Northern Region","Police Region Code":"FNR","Police Region Short Name":"Far North"}},{"arcs":[[[-76,495,-127,496]],[[-165]]],"type":"MultiPolygon","properties":{"LGA Code":"7300","Abbreviated Name":"Weipa","LGA Name":"Weipa Town","Area Sq Km":12.41756,"LDMG Name":"Weipa","Police Region Name":"Far Northern Region","Police Region Code":"FNR","Police Region Short Name":"Far North"}},{"arcs":[[[-94,-236]],[[-238]]],"type":"MultiPolygon","properties":{"LGA Code":"7570","Abbreviated Name":"Wujal Wujal Aboriginal","LGA Name":"Wujal Wujal Aboriginal Shire","Area Sq Km":11.73487,"LDMG Name":"Wujal Wujal","Police Region Name":"Far Northern Region","Police Region Code":"FNR","Police Region Short Name":"Far North"}},{"arcs":[[[-31,497,-51,498,-49,499,-47,500,-45,501,-43,502,-41,503,-39,504,-37,505,-35,506]],[[507]],[[508]]],"type":"MultiPolygon","properties":{"LGA Code":"7600","Abbreviated Name":"Yarrabah Aboriginal","LGA Name":"Yarrabah Aboriginal Shire","Area Sq Km":155.9889,"LDMG Name":"Yarrabah","Police Region Name":"Far Northern Region","Police Region Code":"FNR","Police Region Short Name":"Far North"}}]}}}