{"type":"FeatureCollection","name":"qld_ddmg_boundaries_gda2020_simp20","crs":{"type":"name","properties":{"name":"urn:ogc:def:crs:EPSG::7844"}},"features":[{"type":"Feature","geometry":{"type":"MultiPolygon","coordinates":[[[[152.75052,-27.32041],[152.74859,-27.31866],[152.74722,-27.31709],[152.7485,-27.31875],[152.74485,-27.31901],[152.73917,-27.32334],[152.73117,-27.32322],[152.7301,-27.32414],[152.72331,-27.32207],[152.71955,-27.32346],[152.71906,-27.32776],[152.7173,-27.33062],[152.71019,-27.33255],[152.69566,-27.34286],[152.69198,-27.34278],[152.68605,-27.34908],[152.68419,-27.34879],[152.67969,-27.37226],[152.6864,-27.37322],[152.68704,-27.36965],[152.69051,-27.37012],[152.69225,-27.36002],[152.69952,-27.36099],[152.70034,-27.35615],[152.70693,-27.35699],[152.70782,-27.3518],[152.7239,-27.35397],[152.72201,-27.36509],[152.73324,-27.36663],[152.73218,-27.37267],[152.73685,-27.37335],[152.73295,-27.39599],[152.7415,-27.3911],[152.74176,-27.39312],[152.74337,-27.39472],[152.74236,-27.3981],[152.74065,-27.39876],[152.74077,-27.40255],[152.74137,-27.40617],[152.74722,-27.40708],[152.74582,-27.41523],[152.74812,-27.41554],[152.74805,-27.42183],[152.74709,-27.42378],[152.74287,-27.42543],[152.74095,-27.42741],[152.74419,-27.42785],[152.74272,-27.43638],[152.74604,-27.43686],[152.74541,-27.44058],[152.7474,-27.44086],[152.74412,-27.46013],[152.73826,-27.45933],[152.73787,-27.46099],[152.73784,-27.46465],[152.73925,-27.46729],[152.73832,-27.46901],[152.73923,-27.47089],[152.73797,-27.47248],[152.74265,-27.47143],[152.74134,-27.47196],[152.74061,-27.47576],[152.74337,-27.47617],[152.74264,-27.47983],[152.74032,-27.47949],[152.73947,-27.48296],[152.7406,-27.48657],[152.74232,-27.48807],[152.73933,-27.4876],[152.73801,-27.4946],[152.73016,-27.49562],[152.73052,-27.49672],[152.73878,-27.50406],[152.73893,-27.50433],[152.7393,-27.50497],[152.74482,-27.51461],[152.75113,-27.51758],[152.76083,-27.51761],[152.76305,-27.52166],[152.76294,-27.52185],[152.76109,-27.52513],[152.75371,-27.52352],[152.75318,-27.52353],[152.75186,-27.52399],[152.75009,-27.52478],[152.74875,-27.52625],[152.74807,-27.52712],[152.74361,-27.54317],[152.74174,-27.55218],[152.74025,-27.56417],[152.7428,-27.56674],[152.74462,-27.56713],[152.74609,-27.56711],[152.74846,-27.56492],[152.75096,-27.56757],[152.75381,-27.56832],[152.75451,-27.56629],[152.7564,-27.56619],[152.76735,-27.556],[152.77052,-27.55646],[152.77264,-27.55948],[152.7816,-27.55933],[152.78278,-27.55663],[152.78516,-27.55679],[152.784,-27.553],[152.78264,-27.55219],[152.78512,-27.55034],[152.78648,-27.55036],[152.78847,-27.55412],[152.79363,-27.55597],[152.79597,-27.5549],[152.79727,-27.55496],[152.79847,-27.55502],[152.79945,-27.55507],[152.80325,-27.55587],[152.80517,-27.5575],[152.80794,-27.55754],[152.81447,-27.55675],[152.81978,-27.55599],[152.82048,-27.55562],[152.82217,-27.55414],[152.82363,-27.55111],[152.82421,-27.54991],[152.82424,-27.54984],[152.82626,-27.54991],[152.83601,-27.54598],[152.83622,-27.54589],[152.84006,-27.54563],[152.84147,-27.54436],[152.84014,-27.54002],[152.8307,-27.53704],[152.83037,-27.53472],[152.83145,-27.53313],[152.8388,-27.53066],[152.8445,-27.53164],[152.84775,-27.53338],[152.85251,-27.54241],[152.85267,-27.54271],[152.85239,-27.54794],[152.84914,-27.55659],[152.84898,-27.56466],[152.85486,-27.5787],[152.85692,-27.59668],[152.85716,-27.597],[152.86015,-27.59799],[152.86223,-27.59725],[152.86992,-27.58098],[152.87219,-27.57942],[152.87245,-27.57941],[152.87366,-27.57936],[152.87497,-27.5793],[152.87526,-27.57953],[152.89054,-27.59179],[152.89641,-27.60142],[152.9008,-27.60244],[152.90339,-27.60561],[152.9071,-27.60441],[152.90893,-27.60638],[152.91263,-27.60641],[152.91553,-27.605],[152.9213,-27.60616],[152.92177,-27.60625],[152.92762,-27.61078],[152.93394,-27.6139],[152.93426,-27.61406],[152.94071,-27.62343],[152.93976,-27.62847],[152.94088,-27.62864],[152.94391,-27.62903],[152.94413,-27.62912],[152.94427,-27.62914],[152.94989,-27.63298],[152.96963,-27.63666],[152.97322,-27.63916],[152.97883,-27.64638],[152.99553,-27.65354],[152.99865,-27.65459],[153.03722,-27.66022],[153.04003,-27.65402],[153.05875,-27.6568],[153.06766,-27.65106],[153.06945,-27.65293],[153.07232,-27.65097],[153.07776,-27.65196],[153.0954,-27.64505],[153.09443,-27.64287],[153.09684,-27.64203],[153.09645,-27.6396],[153.09457,-27.63933],[153.09616,-27.63034],[153.09488,-27.63003],[153.09461,-27.63178],[153.09099,-27.62893],[153.09146,-27.62631],[153.09673,-27.62712],[153.09748,-27.62289],[153.09582,-27.62111],[153.09372,-27.62081],[153.0947,-27.61717],[153.10113,-27.61793],[153.10584,-27.59319],[153.10592,-27.5932],[153.12187,-27.59535],[153.12307,-27.58771],[153.12399,-27.58722],[153.14024,-27.58962],[153.1423,-27.59131],[153.14736,-27.59056],[153.15636,-27.59184],[153.15984,-27.59577],[153.17144,-27.60328],[153.17328,-27.60604],[153.18083,-27.60912],[153.18376,-27.61259],[153.18173,-27.62431],[153.17575,-27.62347],[153.17384,-27.63425],[153.18361,-27.63471],[153.18321,-27.63829],[153.18761,-27.63978],[153.18755,-27.64075],[153.19356,-27.64158],[153.19392,-27.63947],[153.207,-27.64122],[153.20611,-27.64394],[153.20851,-27.64517],[153.23878,-27.64922],[153.23888,-27.64736],[153.25492,-27.64958],[153.25452,-27.65281],[153.26245,-27.65398],[153.26276,-27.65605],[153.28068,-27.658],[153.28024,-27.66308],[153.28228,-27.66694],[153.28235,-27.66708],[153.28105,-27.66917],[153.28175,-27.6715],[153.28047,-27.67256],[153.28082,-27.67392],[153.28265,-27.67419],[153.28098,-27.68318],[153.283,-27.68348],[153.28224,-27.68711],[153.28572,-27.68662],[153.29025,-27.68774],[153.29033,-27.68776],[153.28993,-27.68864],[153.28639,-27.68782],[153.28775,-27.68899],[153.28769,-27.69021],[153.2876,-27.69198],[153.28759,-27.6922],[153.28749,-27.69226],[153.2873,-27.69275],[153.28685,-27.69295],[153.2868,-27.69337],[153.28667,-27.69435],[153.28946,-27.69243],[153.29252,-27.69203],[153.29402,-27.70011],[153.30103,-27.70874],[153.30462,-27.71045],[153.30886,-27.71055],[153.31714,-27.70769],[153.32067,-27.70512],[153.32776,-27.69583],[153.34007,-27.69683],[153.35447,-27.69087],[153.3584,-27.69085],[153.35908,-27.69157],[153.36191,-27.69995],[153.36196,-27.7084],[153.36642,-27.71231],[153.36862,-27.71224],[153.37152,-27.70827],[153.37533,-27.70851],[153.38168,-27.7113],[153.38481,-27.7103],[153.38764,-27.70745],[153.39172,-27.70772],[153.39303,-27.71466],[153.39311,-27.71507],[153.39531,-27.71656],[153.40071,-27.72106],[153.40293,-27.72479],[153.4038,-27.7266],[153.40507,-27.73385],[153.4059,-27.73567],[153.40826,-27.74085],[153.41244,-27.74313],[153.41334,-27.74362],[153.41447,-27.74353],[153.42525,-27.74266],[153.43929,-27.73575],[153.44674,-27.7352],[153.44769,-27.72922],[153.45059,-27.72792],[153.45217,-27.72551],[153.45379,-27.71857],[153.45446,-27.69707],[153.45851,-27.67161],[153.47207,-27.60954],[153.48117,-27.57978],[153.50027,-27.52704],[153.52652,-27.46202],[153.54187,-27.43672],[153.54377,-27.43718],[153.54251,-27.43606],[153.54316,-27.43579],[153.54578,-27.43687],[153.54641,-27.43583],[153.54446,-27.43462],[153.54636,-27.43491],[153.54635,-27.43405],[153.54271,-27.4305],[153.54407,-27.42557],[153.54289,-27.42433],[153.53914,-27.425],[153.53505,-27.42347],[153.53402,-27.42547],[153.52872,-27.42588],[153.5277,-27.42684],[153.52133,-27.42497],[153.5144,-27.42073],[153.51024,-27.42202],[153.49808,-27.42103],[153.48452,-27.41632],[153.47529,-27.41034],[153.46398,-27.39612],[153.4553,-27.38989],[153.45601,-27.38871],[153.45388,-27.3881],[153.44885,-27.38975],[153.44868,-27.39068],[153.44855,-27.38972],[153.4442,-27.38932],[153.21773,-27.4484],[153.21659,-27.46824],[153.20343,-27.46804],[153.20989,-27.46685],[153.21049,-27.4652],[153.20536,-27.46601],[153.19874,-27.46042],[153.19752,-27.45869],[153.19938,-27.45869],[153.19993,-27.45697],[153.19674,-27.4548],[153.19558,-27.45152],[153.19242,-27.45186],[153.19328,-27.45757],[153.19037,-27.46007],[153.18887,-27.45935],[153.18878,-27.45618],[153.18853,-27.45859],[153.18684,-27.45678],[153.18713,-27.45371],[153.18868,-27.45414],[153.18932,-27.45242],[153.19198,-27.45066],[153.19254,-27.44868],[153.19768,-27.446],[153.19721,-27.44364],[153.19008,-27.44512],[153.18529,-27.44436],[153.18066,-27.4413],[153.17667,-27.43383],[153.17744,-27.43228],[153.18085,-27.43354],[153.1823,-27.43027],[153.18374,-27.42944],[153.18064,-27.42217],[153.18161,-27.4219],[153.18481,-27.42588],[153.19282,-27.4219],[153.19482,-27.42516],[153.19662,-27.42466],[153.18863,-27.41313],[153.18936,-27.41092],[153.18839,-27.40829],[153.18195,-27.40012],[153.17719,-27.39976],[153.1761,-27.39849],[153.1647,-27.40045],[153.16459,-27.40013],[153.16557,-27.39994],[153.16839,-27.39379],[153.18344,-27.39991],[153.1892,-27.40575],[153.19354,-27.41562],[153.19694,-27.41624],[153.19881,-27.41243],[153.19632,-27.40508],[153.19643,-27.39832],[153.19388,-27.39519],[153.19256,-27.3899],[153.1975,-27.38513],[153.1964,-27.38445],[153.19229,-27.38666],[153.19447,-27.38212],[153.19431,-27.37971],[153.19075,-27.37406],[153.18826,-27.37283],[153.20218,-27.35289],[153.18884,-27.34546],[153.17385,-27.36691],[153.15499,-27.3631],[153.15116,-27.35648],[153.14407,-27.35154],[153.12924,-27.3534],[153.12505,-27.35016],[153.12299,-27.35081],[153.11273,-27.3465],[153.11051,-27.34414],[153.08927,-27.33026],[153.08964,-27.3282],[153.08667,-27.32334],[153.07801,-27.31838],[153.07449,-27.31448],[153.07002,-27.30399],[153.06899,-27.28836],[153.0668,-27.2815],[153.04958,-27.27867],[153.04182,-27.27943],[153.0408,-27.27953],[153.03966,-27.28046],[153.03775,-27.28204],[153.03629,-27.28324],[153.03562,-27.28515],[153.03528,-27.28612],[153.03509,-27.28667],[153.03629,-27.29453],[153.0362,-27.29504],[153.03418,-27.2982],[153.02916,-27.2979],[153.02298,-27.29309],[153.01917,-27.29144],[153.0158,-27.2875],[153.0146,-27.2885],[153.01212,-27.29658],[153.00862,-27.29791],[153.01402,-27.30221],[153.00726,-27.30245],[153.00744,-27.30129],[153.00484,-27.30125],[153.00618,-27.2998],[153.00492,-27.29921],[153.00214,-27.30204],[152.99726,-27.30207],[152.99585,-27.31059],[152.9995,-27.31227],[152.99829,-27.30868],[152.99914,-27.30826],[153.0026,-27.31666],[153.00249,-27.31956],[153.00087,-27.32001],[153.00022,-27.3229],[152.99733,-27.32399],[152.99474,-27.32858],[152.99345,-27.33496],[152.98828,-27.33628],[152.98488,-27.33968],[152.98313,-27.34007],[152.98251,-27.34072],[152.98329,-27.34163],[152.98146,-27.34216],[152.98049,-27.34399],[152.98114,-27.346],[152.97888,-27.34685],[152.98051,-27.34855],[152.97913,-27.34969],[152.98218,-27.3512],[152.98232,-27.35315],[152.98523,-27.3528],[152.98713,-27.35409],[152.98694,-27.35608],[152.98854,-27.35761],[152.98724,-27.35869],[152.98775,-27.35952],[152.98167,-27.35863],[152.98068,-27.3641],[152.98371,-27.36454],[152.98308,-27.36812],[152.98056,-27.36777],[152.98035,-27.37519],[152.98123,-27.38021],[152.98389,-27.3847],[152.9806,-27.38815],[152.97674,-27.38979],[152.97529,-27.39204],[152.97808,-27.39459],[152.97641,-27.40101],[152.97593,-27.4012],[152.97201,-27.39834],[152.96547,-27.39687],[152.96055,-27.39876],[152.9605,-27.39878],[152.95971,-27.39961],[152.95922,-27.40012],[152.9592,-27.40014],[152.95904,-27.40273],[152.95267,-27.4058],[152.9521,-27.40764],[152.95165,-27.40782],[152.94913,-27.40864],[152.94751,-27.40803],[152.94738,-27.40796],[152.9478,-27.40653],[152.94093,-27.40442],[152.93595,-27.39985],[152.93358,-27.39923],[152.93207,-27.39672],[152.93012,-27.39689],[152.92686,-27.39347],[152.92316,-27.39443],[152.91695,-27.39418],[152.91504,-27.40572],[152.89931,-27.40356],[152.89723,-27.41728],[152.8769,-27.41436],[152.87452,-27.41137],[152.86479,-27.41792],[152.86312,-27.41766],[152.86262,-27.422],[152.85943,-27.42153],[152.85303,-27.4206],[152.85173,-27.42191],[152.84931,-27.42195],[152.84407,-27.41797],[152.83679,-27.41886],[152.83116,-27.41695],[152.8257,-27.41228],[152.8194,-27.40926],[152.81538,-27.40526],[152.81415,-27.40212],[152.81246,-27.40145],[152.80613,-27.40095],[152.80232,-27.39915],[152.80178,-27.3989],[152.80159,-27.39881],[152.79975,-27.40007],[152.79865,-27.40511],[152.77561,-27.40169],[152.77469,-27.40068],[152.77459,-27.39295],[152.77652,-27.38868],[152.77448,-27.38746],[152.77238,-27.38303],[152.7729,-27.37905],[152.76974,-27.37894],[152.76649,-27.37697],[152.762,-27.37115],[152.7629,-27.36734],[152.76001,-27.36389],[152.7623,-27.35992],[152.7629,-27.35461],[152.76667,-27.35138],[152.77203,-27.34988],[152.771,-27.3475],[152.77193,-27.34423],[152.77207,-27.34373],[152.77189,-27.34338],[152.77165,-27.34292],[152.76752,-27.33489],[152.76449,-27.33551],[152.75948,-27.33027],[152.7557,-27.32822],[152.75467,-27.33314],[152.74884,-27.3323],[152.75052,-27.32041]]],[[[153.23581,-27.33474],[153.23592,-27.34133],[153.23712,-27.34507],[153.23939,-27.34499],[153.24395,-27.34741],[153.2449,-27.34961],[153.25472,-27.35018],[153.26023,-27.34514],[153.26488,-27.33342],[153.26412,-27.33205],[153.25985,-27.33098],[153.25879,-27.3289],[153.2558,-27.32802],[153.25464,-27.3291],[153.24771,-27.32333],[153.24498,-27.3264],[153.24155,-27.32799],[153.238,-27.3341],[153.23581,-27.33474]]],[[[153.22474,-27.41899],[153.23173,-27.42767],[153.23398,-27.43393],[153.23849,-27.43794],[153.24086,-27.43731],[153.24117,-27.41957],[153.23895,-27.41788],[153.22474,-27.41899]]],[[[153.22341,-27.39023],[153.225,-27.39421],[153.2358,-27.40127],[153.23902,-27.40022],[153.24105,-27.39805],[153.24304,-27.38955],[153.2409,-27.37924],[153.23737,-27.37687],[153.23691,-27.373],[153.23493,-27.37204],[153.2345,-27.3739],[153.23041,-27.37762],[153.22678,-27.38442],[153.22781,-27.38818],[153.22624,-27.38791],[153.22341,-27.39023]]],[[[153.36329,-27.06281],[153.36341,-27.06601],[153.36692,-27.0734],[153.36987,-27.08914],[153.37034,-27.10257],[153.36902,-27.1134],[153.36194,-27.13604],[153.36969,-27.15834],[153.36971,-27.16302],[153.37169,-27.16647],[153.37327,-27.17522],[153.37231,-27.18067],[153.36706,-27.19209],[153.3654,-27.20002],[153.37498,-27.2192],[153.3776,-27.23659],[153.3838,-27.25028],[153.39831,-27.27465],[153.40549,-27.29464],[153.40496,-27.29995],[153.42245,-27.33236],[153.42398,-27.33956],[153.41845,-27.3533],[153.4203,-27.35691],[153.42383,-27.35818],[153.4267,-27.36082],[153.42295,-27.36114],[153.42044,-27.35841],[153.41847,-27.35722],[153.42425,-27.36263],[153.42939,-27.36201],[153.43065,-27.35048],[153.43497,-27.3418],[153.43878,-27.3372],[153.43694,-27.32824],[153.44146,-27.33189],[153.43251,-27.31896],[153.42618,-27.30449],[153.41969,-27.27837],[153.41727,-27.2594],[153.41693,-27.23807],[153.41943,-27.20429],[153.42813,-27.15324],[153.44562,-27.09165],[153.44482,-27.09023],[153.44627,-27.08955],[153.45139,-27.0712],[153.45261,-27.07018],[153.46258,-27.04241],[153.4646,-27.03854],[153.46597,-27.03919],[153.46661,-27.03835],[153.46591,-27.03617],[153.46778,-27.03459],[153.46797,-27.02779],[153.46221,-27.02823],[153.45955,-27.02711],[153.4592,-27.02538],[153.45437,-27.02354],[153.45601,-27.02274],[153.4541,-27.02156],[153.45257,-27.02474],[153.44472,-27.02969],[153.43345,-27.03399],[153.41906,-27.03429],[153.40216,-27.03704],[153.37716,-27.0477],[153.37288,-27.05348],[153.36482,-27.06004],[153.36329,-27.06281]]]]},"properties":{"District Name":"Brisbane","DDMG Name":"Brisbane"}},{"type":"Feature","geometry":{"type":"Polygon","coordinates":[[[151.04558,-24.39604],[151.04441,-24.39432],[151.04139,-24.396],[151.03927,-24.39297],[151.03695,-24.39208],[151.02959,-24.39216],[151.02831,-24.39411],[151.02176,-24.39379],[151.02077,-24.39535],[151.01684,-24.397],[151.00501,-24.39456],[151.00425,-24.39658],[151.00064,-24.39891],[150.99945,-24.406],[150.99312,-24.40966],[150.99224,-24.41123],[150.99192,-24.41653],[150.99386,-24.41903],[150.99417,-24.42422],[150.9932,-24.44271],[150.9881,-24.44694],[150.98778,-24.45292],[150.98872,-24.4562],[150.98741,-24.46216],[150.98629,-24.46328],[150.98559,-24.46981],[150.98285,-24.47215],[150.9822,-24.4753],[150.98366,-24.47656],[150.98289,-24.47869],[150.97867,-24.48124],[150.97951,-24.48306],[150.97953,-24.4914],[150.9743,-24.49541],[150.97072,-24.49593],[150.96984,-24.49727],[150.96994,-24.50252],[150.96404,-24.50702],[150.96376,-24.50847],[150.96515,-24.51051],[150.96378,-24.51466],[150.96597,-24.52064],[150.96652,-24.52681],[150.96842,-24.52939],[150.96787,-24.53343],[150.97271,-24.53677],[150.98143,-24.54919],[150.97472,-24.54896],[150.96983,-24.55231],[150.96905,-24.56114],[150.96981,-24.56968],[150.97257,-24.57254],[150.97353,-24.57481],[150.97277,-24.57636],[150.96904,-24.57859],[150.96364,-24.57596],[150.96128,-24.57644],[150.944,-24.56975],[150.9127,-24.56133],[150.90949,-24.56166],[150.90729,-24.55996],[150.88075,-24.55201],[150.8791,-24.55662],[150.87285,-24.55527],[150.87119,-24.55558],[150.86744,-24.55989],[150.86178,-24.55974],[150.85569,-24.55832],[150.85326,-24.55575],[150.85269,-24.5516],[150.8509,-24.54918],[150.84914,-24.55117],[150.84736,-24.55987],[150.84474,-24.56198],[150.8389,-24.55945],[150.83756,-24.55782],[150.83385,-24.55963],[150.82993,-24.56002],[150.82949,-24.55515],[150.82756,-24.55396],[150.82624,-24.55475],[150.81912,-24.60395],[150.82495,-24.60549],[150.82578,-24.60759],[150.83605,-24.6148],[150.83871,-24.61812],[150.84372,-24.61979],[150.84904,-24.61994],[150.85139,-24.62232],[150.8556,-24.62283],[150.85749,-24.62558],[150.8676,-24.63103],[150.88276,-24.62517],[150.88972,-24.63182],[150.89764,-24.63053],[150.89964,-24.6331],[150.89822,-24.63687],[150.89966,-24.63833],[150.90079,-24.64236],[150.91113,-24.65041],[150.91056,-24.6521],[150.90764,-24.6533],[150.90195,-24.66162],[150.89754,-24.66498],[150.89555,-24.66515],[150.89647,-24.66779],[150.89419,-24.66881],[150.88947,-24.67819],[150.8877,-24.67721],[150.88332,-24.67827],[150.8837,-24.68088],[150.88157,-24.68806],[150.87801,-24.68916],[150.87489,-24.69627],[150.8754,-24.69885],[150.87902,-24.70072],[150.87555,-24.71364],[150.87636,-24.71597],[150.87398,-24.72114],[150.87002,-24.72141],[150.86517,-24.7244],[150.85842,-24.7224],[150.85459,-24.72381],[150.82869,-24.71804],[150.79059,-24.71194],[150.77827,-24.71623],[150.77444,-24.71421],[150.76687,-24.70745],[150.75973,-24.7038],[150.74681,-24.70245],[150.73927,-24.699],[150.73247,-24.69788],[150.7281,-24.69877],[150.7247,-24.70157],[150.70913,-24.7037],[150.69944,-24.70215],[150.68944,-24.70246],[150.67974,-24.69902],[150.66681,-24.70376],[150.66313,-24.70276],[150.65588,-24.69323],[150.64183,-24.69594],[150.63833,-24.70017],[150.6369,-24.70936],[150.62211,-24.70922],[150.61136,-24.71164],[150.58652,-24.73148],[150.60182,-24.78965],[150.60597,-24.79852],[150.6035,-24.8011],[150.59819,-24.8357],[150.59471,-24.83827],[150.59178,-24.84528],[150.58608,-24.84556],[150.5856,-24.84799],[150.58085,-24.8474],[150.55861,-24.89962],[150.55657,-24.91467],[150.55822,-24.92353],[150.5424,-24.95894],[150.53959,-24.96069],[150.54634,-24.97737],[150.55326,-24.98624],[150.54771,-25.00937],[150.54993,-25.03779],[150.54831,-25.05141],[150.54862,-25.05993],[150.55423,-25.07257],[150.55577,-25.07951],[150.5581,-25.08333],[150.55787,-25.08792],[150.5563,-25.0905],[150.55647,-25.09409],[150.55909,-25.09718],[150.56598,-25.10125],[150.57881,-25.11242],[150.57011,-25.11535],[150.56533,-25.12392],[150.56061,-25.12698],[150.55662,-25.13378],[150.55903,-25.14194],[150.56202,-25.14557],[150.56195,-25.15205],[150.55758,-25.15602],[150.55747,-25.16163],[150.55138,-25.16473],[150.53103,-25.16486],[150.51852,-25.1705],[150.51269,-25.17153],[150.50824,-25.17357],[150.49805,-25.18658],[150.50225,-25.19265],[150.4864,-25.19497],[150.4778,-25.19078],[150.47136,-25.19051],[150.47216,-25.19583],[150.47005,-25.19879],[150.47205,-25.20261],[150.47641,-25.22163],[150.47519,-25.23087],[150.47454,-25.2328],[150.47151,-25.23426],[150.46466,-25.24183],[150.46506,-25.24807],[150.46167,-25.2568],[150.45432,-25.25751],[150.4522,-25.26359],[150.45855,-25.278],[150.4543,-25.28102],[150.44356,-25.28191],[150.44221,-25.28851],[150.44637,-25.29244],[150.44612,-25.29843],[150.44845,-25.30305],[150.44089,-25.31713],[150.44259,-25.3206],[150.43751,-25.32542],[150.42664,-25.32397],[150.41653,-25.33083],[150.41846,-25.33599],[150.41794,-25.34698],[150.4194,-25.34975],[150.41546,-25.35643],[150.40647,-25.36206],[150.40731,-25.36523],[150.41794,-25.36992],[150.41754,-25.37243],[150.41398,-25.37212],[150.41183,-25.37683],[150.40692,-25.37853],[150.39551,-25.39042],[150.40445,-25.39763],[150.39911,-25.40278],[150.40188,-25.41397],[150.39365,-25.41621],[150.39085,-25.41881],[150.39964,-25.428],[150.40476,-25.43139],[150.39784,-25.44734],[150.37559,-25.46135],[150.37472,-25.47185],[150.36912,-25.47624],[150.37009,-25.48069],[150.37598,-25.48278],[150.37462,-25.48939],[150.37671,-25.49046],[150.38539,-25.48797],[150.38775,-25.49482],[150.38531,-25.50211],[150.38915,-25.50313],[150.3977,-25.5006],[150.40165,-25.50338],[150.40274,-25.50773],[150.3918,-25.52002],[150.39425,-25.52682],[150.39211,-25.53152],[150.4043,-25.5372],[150.40258,-25.54149],[150.40326,-25.55177],[150.41015,-25.56141],[150.41247,-25.56758],[150.40799,-25.58024],[150.40382,-25.58373],[150.401,-25.59363],[150.40204,-25.59863],[150.40701,-25.59642],[150.4104,-25.59613],[150.41421,-25.59714],[150.41521,-25.6013],[150.42649,-25.60276],[150.43705,-25.60644],[150.44095,-25.60156],[150.44614,-25.59892],[150.48399,-25.60623],[150.49553,-25.62839],[150.5038,-25.63599],[150.51716,-25.64073],[150.52418,-25.64539],[150.54038,-25.64115],[150.54584,-25.64036],[150.55296,-25.6416],[150.57029,-25.6382],[150.58533,-25.64347],[150.59124,-25.65269],[150.59948,-25.65273],[150.65416,-25.65978],[150.65593,-25.67307],[150.65884,-25.67869],[150.6638,-25.68118],[150.66357,-25.68428],[150.65653,-25.69223],[150.65628,-25.69745],[150.6518,-25.69869],[150.64651,-25.70524],[150.64315,-25.71566],[150.6496,-25.7262],[150.66428,-25.73274],[150.66387,-25.74316],[150.6629,-25.74492],[150.66366,-25.75765],[150.66844,-25.75827],[150.66544,-25.76174],[150.66646,-25.76375],[150.65982,-25.77334],[150.65021,-25.77425],[150.64645,-25.77877],[150.64412,-25.7862],[150.65688,-25.80097],[150.64924,-25.80331],[150.65771,-25.8137],[150.67041,-25.82048],[150.67176,-25.82701],[150.67874,-25.83038],[150.69512,-25.85023],[150.69708,-25.85086],[150.69869,-25.85575],[150.69476,-25.8645],[150.69306,-25.87212],[150.68717,-25.87906],[150.68003,-25.88275],[150.67837,-25.88903],[150.67831,-25.89328],[150.67978,-25.89804],[150.68391,-25.90179],[150.68506,-25.90518],[150.68499,-25.91388],[150.68425,-25.91705],[150.68064,-25.9225],[150.6795,-25.9285],[150.66888,-25.94267],[150.66929,-25.94922],[150.67311,-25.95723],[150.67454,-25.96324],[150.67275,-25.96959],[150.68175,-25.97021],[150.70206,-25.97393],[150.71441,-25.98486],[150.71966,-25.98517],[150.72562,-25.98102],[150.72981,-25.98017],[150.76363,-25.9816],[150.76499,-25.98676],[150.76665,-25.98785],[150.76695,-25.99111],[150.77049,-25.99137],[150.77114,-25.99251],[150.77041,-25.99486],[150.77363,-25.99833],[150.77745,-26.00862],[150.77677,-26.00844],[150.77581,-26.01223],[150.77912,-26.01524],[150.78315,-26.01562],[150.78598,-26.01866],[150.7854,-26.02239],[150.78164,-26.02604],[150.78091,-26.02849],[150.78585,-26.03952],[150.78853,-26.04317],[150.78981,-26.04892],[150.84957,-26.05641],[150.90393,-26.0194],[150.90636,-26.01271],[150.90596,-26.00832],[150.91405,-26.0041],[150.92041,-26.00503],[150.92683,-26.01181],[150.93253,-26.01311],[150.93294,-26.01164],[150.9385,-26.01263],[150.94981,-26.01004],[150.96216,-26.01387],[150.98398,-26.00781],[150.98341,-26.01149],[150.98918,-26.01525],[150.99389,-26.03121],[151.00301,-26.0433],[151.00204,-26.0496],[151.00849,-26.05959],[151.00897,-26.06767],[151.01036,-26.07116],[151.01588,-26.07711],[151.0325,-26.08508],[151.0401,-26.0876],[151.0542,-26.08871],[151.05612,-26.09032],[151.06735,-26.08522],[151.07381,-26.09521],[151.07777,-26.09582],[151.07875,-26.09668],[151.11435,-26.09079],[151.11263,-26.08782],[151.11523,-26.08262],[151.11411,-26.08091],[151.11523,-26.07988],[151.11447,-26.07737],[151.11623,-26.07647],[151.10653,-26.07934],[151.09992,-26.07526],[151.10091,-26.07056],[151.10813,-26.06247],[151.11027,-26.04822],[151.10998,-26.04283],[151.13422,-26.04693],[151.14169,-26.05023],[151.26834,-26.06589],[151.27414,-26.06697],[151.27898,-26.06965],[151.28668,-26.06997],[151.28759,-26.06854],[151.29856,-26.07347],[151.30843,-26.06597],[151.31288,-26.05701],[151.31558,-26.05552],[151.3264,-26.04359],[151.33193,-26.04139],[151.33034,-26.03897],[151.33064,-26.03538],[151.32491,-26.02994],[151.32394,-26.02569],[151.34,-26.0118],[151.34835,-26.0121],[151.35503,-26.00597],[151.38206,-26.00959],[151.46854,-26.00341],[151.47324,-26.00212],[151.47258,-25.99217],[151.47353,-25.98926],[151.47589,-25.98884],[151.47941,-25.99041],[151.48136,-25.98983],[151.48438,-25.9796],[151.48372,-25.97675],[151.48871,-25.97502],[151.48988,-25.97346],[151.48776,-25.96514],[151.49602,-25.96021],[151.50204,-25.95168],[151.50231,-25.94926],[151.49908,-25.94292],[151.50497,-25.92526],[151.50395,-25.921],[151.4966,-25.91817],[151.49083,-25.92041],[151.48817,-25.92007],[151.48716,-25.91649],[151.4881,-25.9147],[151.49106,-25.913],[151.49167,-25.91039],[151.48935,-25.90701],[151.48256,-25.90367],[151.48209,-25.90125],[151.4865,-25.89641],[151.48716,-25.89436],[151.49118,-25.89495],[151.49277,-25.8967],[151.49245,-25.89823],[151.49492,-25.89862],[151.49443,-25.90549],[151.49761,-25.90661],[151.49937,-25.91054],[151.50383,-25.91098],[151.50469,-25.90933],[151.50716,-25.91114],[151.50737,-25.90991],[151.50836,-25.90988],[151.51727,-25.8573],[151.51972,-25.85567],[151.52156,-25.85619],[151.5243,-25.85509],[151.52818,-25.85638],[151.53357,-25.85406],[151.53606,-25.8542],[151.53876,-25.85653],[151.54615,-25.85467],[151.5493,-25.85525],[151.55182,-25.85879],[151.55371,-25.85912],[151.55972,-25.85699],[151.56447,-25.85844],[151.56946,-25.85797],[151.57248,-25.85919],[151.57847,-25.85916],[151.58442,-25.86449],[151.58903,-25.86519],[151.60036,-25.86052],[151.60144,-25.85733],[151.60409,-25.85543],[151.61474,-25.85417],[151.61606,-25.85721],[151.61958,-25.85961],[151.62787,-25.86094],[151.63183,-25.8686],[151.63502,-25.87123],[151.63813,-25.87111],[151.64132,-25.86922],[151.6447,-25.87281],[151.65324,-25.87306],[151.65004,-25.88157],[151.65966,-25.88887],[151.65753,-25.89318],[151.66157,-25.89696],[151.65705,-25.91217],[151.66801,-25.91308],[151.69146,-25.91792],[151.70949,-25.92964],[151.71561,-25.93243],[151.73084,-25.9354],[151.73434,-25.93871],[151.7364,-25.93878],[151.74375,-25.93362],[151.75001,-25.93444],[151.75316,-25.93651],[151.75303,-25.9374],[151.75903,-25.93839],[151.76078,-25.93757],[151.76277,-25.93641],[151.76288,-25.93288],[151.76397,-25.93163],[151.76989,-25.92911],[151.77274,-25.92557],[151.77717,-25.92273],[151.77771,-25.92106],[151.77651,-25.91796],[151.77909,-25.91862],[151.7831,-25.91761],[151.78469,-25.91677],[151.78495,-25.91482],[151.78297,-25.9138],[151.78079,-25.9156],[151.77897,-25.91551],[151.77633,-25.91261],[151.77599,-25.90605],[151.77929,-25.9004],[151.78046,-25.89426],[151.77905,-25.89158],[151.77563,-25.88863],[151.77411,-25.88447],[151.77568,-25.8782],[151.77565,-25.87299],[151.77371,-25.86461],[151.77281,-25.86202],[151.76935,-25.85984],[151.76963,-25.85729],[151.7675,-25.85645],[151.76708,-25.8545],[151.77049,-25.84764],[151.76982,-25.84328],[151.76635,-25.83947],[151.76681,-25.83281],[151.76479,-25.82588],[151.76625,-25.82351],[151.77167,-25.82151],[151.77473,-25.81436],[151.77222,-25.81141],[151.76497,-25.81043],[151.76389,-25.80597],[151.75869,-25.8057],[151.75678,-25.80304],[151.75779,-25.80131],[151.76289,-25.79859],[151.7676,-25.78745],[151.77579,-25.78976],[151.78078,-25.78944],[151.78076,-25.78611],[151.77699,-25.78196],[151.7751,-25.77786],[151.77954,-25.77355],[151.78822,-25.7723],[151.79059,-25.77081],[151.79114,-25.7677],[151.78939,-25.76142],[151.78991,-25.75854],[151.79151,-25.7573],[151.79823,-25.75902],[151.79962,-25.75861],[151.80034,-25.75695],[151.81045,-25.76233],[151.80829,-25.76669],[151.81131,-25.77089],[151.81274,-25.7758],[151.81357,-25.78008],[151.81254,-25.78246],[151.81294,-25.785],[151.8183,-25.78695],[151.82637,-25.78287],[151.82873,-25.78479],[151.82897,-25.79451],[151.83154,-25.79661],[151.83627,-25.79635],[151.84026,-25.79827],[151.84577,-25.80392],[151.84939,-25.80556],[151.85056,-25.80487],[151.85316,-25.80677],[151.85566,-25.80539],[151.85919,-25.80637],[151.86059,-25.80311],[151.86237,-25.80455],[151.86263,-25.80679],[151.86071,-25.81102],[151.86349,-25.8114],[151.86685,-25.80998],[151.87357,-25.81358],[151.87449,-25.81514],[151.87226,-25.81862],[151.87067,-25.81872],[151.87625,-25.82756],[151.879,-25.82827],[151.8789,-25.83106],[151.87705,-25.83309],[151.88053,-25.83471],[151.88213,-25.84204],[151.88403,-25.84342],[151.88903,-25.84234],[151.89133,-25.84457],[151.8924,-25.84895],[151.89103,-25.85197],[151.89246,-25.85534],[151.89196,-25.85893],[151.89467,-25.86186],[151.897,-25.86672],[151.90318,-25.87031],[151.91272,-25.87249],[151.92125,-25.86786],[151.92844,-25.86748],[151.93043,-25.86292],[151.93455,-25.86271],[151.93765,-25.85598],[151.94035,-25.85353],[151.94427,-25.85077],[151.94815,-25.8507],[151.9508,-25.84544],[151.9552,-25.84249],[151.9593,-25.83304],[151.96292,-25.83392],[151.97017,-25.83046],[151.96853,-25.82625],[151.97001,-25.82391],[151.96872,-25.82289],[151.97197,-25.81644],[151.97196,-25.81248],[151.97321,-25.81072],[151.97707,-25.81345],[151.9788,-25.81352],[151.98019,-25.80872],[151.98271,-25.80803],[151.98377,-25.8034],[151.98613,-25.80108],[151.98487,-25.79068],[151.98897,-25.78319],[151.98635,-25.77857],[151.98906,-25.77734],[151.99029,-25.77369],[151.99181,-25.7728],[151.99499,-25.77369],[151.99774,-25.77102],[151.9977,-25.77088],[151.99778,-25.77091],[151.99765,-25.77074],[151.99638,-25.76672],[151.99747,-25.76474],[151.99573,-25.75749],[151.99669,-25.75534],[151.99649,-25.75085],[151.99905,-25.74797],[151.99765,-25.74669],[151.9953,-25.73714],[151.98023,-25.73341],[151.98032,-25.72955],[151.98235,-25.72901],[151.98333,-25.72432],[151.98247,-25.72394],[151.98209,-25.71533],[151.98101,-25.71319],[151.98828,-25.7147],[151.98906,-25.71354],[151.99667,-25.71151],[152.00304,-25.7178],[152.00489,-25.71774],[152.01407,-25.70871],[152.01561,-25.70375],[152.01495,-25.70198],[152.01586,-25.69422],[152.015,-25.69234],[152.01639,-25.68979],[152.01529,-25.68604],[152.01773,-25.68097],[152.01097,-25.674],[152.01247,-25.6714],[152.0114,-25.66997],[152.01117,-25.66501],[152.01252,-25.66508],[152.01385,-25.66294],[152.01479,-25.66309],[152.01865,-25.65899],[152.01872,-25.65727],[152.0227,-25.65437],[152.02535,-25.65085],[152.02707,-25.65043],[152.02834,-25.6441],[152.02985,-25.64217],[152.0352,-25.6437],[152.03826,-25.64265],[152.03967,-25.63198],[152.04179,-25.62553],[152.0415,-25.61957],[152.04442,-25.61511],[152.04634,-25.61582],[152.04666,-25.61157],[152.0507,-25.61353],[152.05274,-25.61594],[152.05077,-25.61678],[152.05077,-25.61804],[152.05302,-25.61878],[152.05591,-25.62756],[152.05943,-25.6263],[152.06033,-25.62407],[152.06343,-25.6217],[152.0715,-25.62219],[152.07185,-25.62341],[152.07717,-25.62612],[152.08241,-25.63232],[152.08278,-25.63275],[152.08756,-25.63578],[152.09074,-25.63646],[152.09264,-25.63241],[152.09638,-25.63049],[152.10425,-25.62903],[152.10875,-25.626],[152.11205,-25.62682],[152.11541,-25.62316],[152.1146,-25.61718],[152.11592,-25.6154],[152.1122,-25.61098],[152.10997,-25.60352],[152.11151,-25.59845],[152.11556,-25.59682],[152.11844,-25.59786],[152.12165,-25.59529],[152.12424,-25.59588],[152.12504,-25.5922],[152.13008,-25.59105],[152.1296,-25.58762],[152.13981,-25.58703],[152.14039,-25.58529],[152.14355,-25.58264],[152.14593,-25.58431],[152.15298,-25.58327],[152.15429,-25.58308],[152.15861,-25.57944],[152.16464,-25.57435],[152.16335,-25.56321],[152.16416,-25.56035],[152.16309,-25.55969],[152.16395,-25.55311],[152.16602,-25.54839],[152.16885,-25.54195],[152.17343,-25.53861],[152.17565,-25.53569],[152.17627,-25.53191],[152.17758,-25.53176],[152.17935,-25.52915],[152.17944,-25.52303],[152.1865,-25.521],[152.18851,-25.52207],[152.19149,-25.52134],[152.19361,-25.51916],[152.19838,-25.51846],[152.2012,-25.51968],[152.20703,-25.51863],[152.20998,-25.52097],[152.21572,-25.52008],[152.21498,-25.51297],[152.22726,-25.51454],[152.22889,-25.51859],[152.23026,-25.51931],[152.2332,-25.51503],[152.23542,-25.5158],[152.23621,-25.51729],[152.23933,-25.51522],[152.24471,-25.51764],[152.24746,-25.51718],[152.2482,-25.51963],[152.25231,-25.52135],[152.26898,-25.52268],[152.26995,-25.52117],[152.26929,-25.51539],[152.27205,-25.51267],[152.27217,-25.50939],[152.27329,-25.50794],[152.27267,-25.50633],[152.27432,-25.50452],[152.26859,-25.50351],[152.2707,-25.48985],[152.27636,-25.49057],[152.27443,-25.48771],[152.27339,-25.48313],[152.27161,-25.4816],[152.26846,-25.48174],[152.26195,-25.47648],[152.26244,-25.47117],[152.26361,-25.47037],[152.26016,-25.46187],[152.27251,-25.43223],[152.29035,-25.41739],[152.29058,-25.41598],[152.29247,-25.41556],[152.29861,-25.41023],[152.29908,-25.40814],[152.31146,-25.40663],[152.31236,-25.40534],[152.31579,-25.40736],[152.31999,-25.4075],[152.32121,-25.40427],[152.32396,-25.40163],[152.32696,-25.40166],[152.33569,-25.39221],[152.33411,-25.38938],[152.3367,-25.38593],[152.33455,-25.38255],[152.34801,-25.37522],[152.34833,-25.37315],[152.35124,-25.37093],[152.3545,-25.36611],[152.359,-25.36648],[152.36438,-25.36349],[152.37037,-25.36393],[152.37303,-25.36298],[152.37349,-25.35724],[152.37028,-25.35581],[152.3722,-25.35307],[152.37951,-25.35688],[152.3797,-25.35559],[152.38467,-25.3562],[152.40615,-25.33454],[152.40948,-25.3127],[152.41564,-25.29029],[152.4512,-25.23065],[152.45064,-25.22833],[152.45925,-25.22383],[152.46434,-25.21978],[152.46684,-25.21569],[152.46878,-25.21508],[152.47382,-25.21679],[152.48281,-25.21714],[152.49401,-25.20973],[152.50186,-25.21084],[152.50389,-25.20892],[152.50883,-25.20894],[152.51027,-25.20948],[152.51217,-25.21296],[152.51025,-25.21579],[152.51162,-25.21831],[152.5175,-25.22133],[152.52429,-25.21536],[152.52587,-25.21048],[152.53037,-25.21081],[152.53348,-25.21271],[152.53574,-25.21161],[152.53842,-25.21222],[152.53998,-25.21038],[152.54715,-25.20678],[152.54797,-25.20534],[152.54722,-25.19957],[152.54197,-25.19377],[152.54421,-25.18824],[152.55403,-25.18171],[152.55756,-25.17592],[152.56204,-25.17181],[152.56698,-25.16902],[152.57267,-25.16777],[152.5779,-25.16865],[152.58793,-25.1733],[152.59844,-25.17237],[152.60629,-25.17337],[152.60952,-25.175],[152.61405,-25.17955],[152.62401,-25.18144],[153.02521,-25.18198],[153.03133,-25.17686],[153.0564,-25.16604],[153.07189,-25.15703],[153.12758,-25.11457],[153.12902,-25.11347],[153.15988,-25.08438],[153.16901,-25.07384],[153.16917,-25.07366],[153.20031,-25.03246],[153.22108,-24.99781],[153.22709,-24.98342],[153.22679,-24.97482],[153.23275,-24.95128],[153.2332,-24.94952],[153.23411,-24.93927],[153.23401,-24.93801],[153.23388,-24.93623],[153.23352,-24.93151],[153.23278,-24.92931],[153.22954,-24.91973],[153.22817,-24.91566],[153.22672,-24.91349],[153.21257,-24.89235],[153.1968,-24.86566],[153.19532,-24.86361],[153.19071,-24.85721],[153.1815,-24.84441],[153.17983,-24.84281],[153.16835,-24.83187],[153.16491,-24.82858],[153.16415,-24.82811],[153.15564,-24.82286],[153.14901,-24.81877],[153.1484,-24.81858],[153.13556,-24.81456],[153.12887,-24.81467],[153.12039,-24.81747],[153.11831,-24.81705],[153.11746,-24.81488],[153.12394,-24.80316],[153.12903,-24.79643],[153.15207,-24.77427],[153.15252,-24.77376],[153.15268,-24.77357],[153.15783,-24.7677],[153.16135,-24.76246],[153.17423,-24.74594],[153.18671,-24.73514],[153.21158,-24.7168],[153.24554,-24.70017],[153.25107,-24.69779],[153.25406,-24.69786],[153.26338,-24.69998],[153.26481,-24.7003],[153.2628,-24.68047],[153.22556,-24.516],[152.06205,-24.51598],[152.05685,-24.5214],[152.05025,-24.52525],[152.03156,-24.52999],[152.02683,-24.52828],[152.01683,-24.51592],[152.01071,-24.51376],[151.9987,-24.51559],[151.99608,-24.52017],[151.99284,-24.52214],[151.99282,-24.52497],[151.99076,-24.52759],[151.9964,-24.53499],[151.9953,-24.53637],[151.99178,-24.53666],[151.98949,-24.53479],[151.98632,-24.53662],[151.98735,-24.5385],[151.99119,-24.5386],[151.99139,-24.5386],[151.99328,-24.54006],[151.99317,-24.54062],[151.99313,-24.5408],[151.99308,-24.54107],[151.99157,-24.54168],[151.98803,-24.54036],[151.98529,-24.54187],[151.98515,-24.5436],[151.98788,-24.54416],[151.9871,-24.54935],[151.98455,-24.55098],[151.98184,-24.54951],[151.98405,-24.5536],[151.9768,-24.55701],[151.97442,-24.56331],[151.96897,-24.56903],[151.96844,-24.57065],[151.97024,-24.57422],[151.96816,-24.57649],[151.96869,-24.58043],[151.96608,-24.58105],[151.96378,-24.58524],[151.95922,-24.58735],[151.98869,-24.59131],[151.98569,-24.61134],[151.96005,-24.60846],[151.96132,-24.61297],[151.95837,-24.61428],[151.95841,-24.61628],[151.96134,-24.61665],[151.96581,-24.62473],[151.96454,-24.63296],[151.96053,-24.63094],[151.95934,-24.64095],[151.96259,-24.64187],[151.97135,-24.64067],[151.983,-24.64458],[151.98847,-24.64343],[151.99614,-24.64426],[151.99537,-24.64932],[151.9875,-24.6483],[151.98638,-24.65549],[151.99425,-24.65652],[151.99082,-24.68088],[151.96059,-24.67649],[151.96155,-24.67907],[151.9602,-24.68111],[151.96065,-24.68792],[151.95976,-24.68934],[151.96091,-24.69559],[151.9621,-24.69692],[151.96221,-24.70287],[151.95345,-24.70202],[151.95289,-24.7045],[151.94759,-24.70506],[151.94239,-24.70764],[151.92861,-24.70881],[151.91939,-24.72844],[151.91911,-24.73264],[151.92322,-24.73867],[151.92025,-24.74009],[151.91246,-24.74039],[151.89896,-24.74441],[151.89698,-24.74426],[151.89461,-24.74185],[151.89257,-24.74256],[151.8903,-24.74606],[151.89308,-24.74982],[151.89392,-24.75376],[151.8882,-24.75843],[151.88419,-24.76874],[151.87537,-24.77617],[151.87205,-24.77558],[151.87047,-24.77721],[151.86689,-24.77766],[151.86516,-24.78015],[151.86523,-24.784],[151.86263,-24.78617],[151.84919,-24.78654],[151.84609,-24.79078],[151.8428,-24.79206],[151.83966,-24.7901],[151.84187,-24.78194],[151.8416,-24.77923],[151.83904,-24.77856],[151.83845,-24.77663],[151.83138,-24.77332],[151.82964,-24.7742],[151.82817,-24.77364],[151.8278,-24.77208],[151.82584,-24.7715],[151.82662,-24.77023],[151.82536,-24.76861],[151.8143,-24.76609],[151.81147,-24.75923],[151.80607,-24.75578],[151.80394,-24.74991],[151.80088,-24.74623],[151.78885,-24.74071],[151.75079,-24.73585],[151.74525,-24.77176],[151.74328,-24.76573],[151.72834,-24.75542],[151.72208,-24.74509],[151.71994,-24.73515],[151.71589,-24.73375],[151.71197,-24.73042],[151.69865,-24.71362],[151.68534,-24.70912],[151.68248,-24.70152],[151.67952,-24.69696],[151.67708,-24.6954],[151.67157,-24.69798],[151.66843,-24.70297],[151.66533,-24.70551],[151.66076,-24.70734],[151.65391,-24.70708],[151.65088,-24.70881],[151.64489,-24.71456],[151.64493,-24.7157],[151.6472,-24.71658],[151.65064,-24.71535],[151.65159,-24.71624],[151.65191,-24.7246],[151.64503,-24.72929],[151.63901,-24.73041],[151.63451,-24.72514],[151.6266,-24.72213],[151.62566,-24.71956],[151.62365,-24.71873],[151.61981,-24.71355],[151.61432,-24.70872],[151.6114,-24.70886],[151.6087,-24.707],[151.60871,-24.7048],[151.60588,-24.70524],[151.60125,-24.70177],[151.59531,-24.69981],[151.58014,-24.70431],[151.57618,-24.70197],[151.56922,-24.71019],[151.56532,-24.71049],[151.56077,-24.70313],[151.55267,-24.6983],[151.54359,-24.7006],[151.54216,-24.69889],[151.53299,-24.69571],[151.53118,-24.69625],[151.52647,-24.69186],[151.52653,-24.68982],[151.52409,-24.68447],[151.52056,-24.68129],[151.51973,-24.6759],[151.5161,-24.67366],[151.51457,-24.66978],[151.51618,-24.66757],[151.51616,-24.66573],[151.5184,-24.66445],[151.52438,-24.6658],[151.5267,-24.66787],[151.52773,-24.66121],[151.53243,-24.66046],[151.53327,-24.65561],[151.53556,-24.6544],[151.53851,-24.64806],[151.54161,-24.64561],[151.53833,-24.64081],[151.54052,-24.63213],[151.54211,-24.6307],[151.54032,-24.62413],[151.54214,-24.6207],[151.5423,-24.61745],[151.53703,-24.61409],[151.53543,-24.61433],[151.53592,-24.61024],[151.52587,-24.60066],[151.52011,-24.60015],[151.51716,-24.59869],[151.51347,-24.60057],[151.51056,-24.59691],[151.50789,-24.59618],[151.50484,-24.59358],[151.50635,-24.58877],[151.50919,-24.58635],[151.50824,-24.58167],[151.50495,-24.57825],[151.49791,-24.57644],[151.49689,-24.5724],[151.49823,-24.57118],[151.49409,-24.56714],[151.49025,-24.56589],[151.48822,-24.56229],[151.48983,-24.56136],[151.48811,-24.55968],[151.4883,-24.55746],[151.4851,-24.55225],[151.48695,-24.54867],[151.48905,-24.54801],[151.48843,-24.54455],[151.4867,-24.54113],[151.48358,-24.53839],[151.47754,-24.536],[151.47316,-24.53738],[151.47061,-24.5366],[151.46627,-24.53946],[151.46851,-24.54333],[151.46574,-24.55129],[151.46628,-24.55378],[151.46403,-24.5573],[151.46368,-24.56],[151.45847,-24.56589],[151.45698,-24.5706],[151.45276,-24.57045],[151.449,-24.56785],[151.44071,-24.5648],[151.43878,-24.56296],[151.43344,-24.56347],[151.43564,-24.57108],[151.43884,-24.57488],[151.44233,-24.5769],[151.4419,-24.57775],[151.43315,-24.59159],[151.43051,-24.59366],[151.42448,-24.5958],[151.41571,-24.59505],[151.41067,-24.59661],[151.41037,-24.60502],[151.40765,-24.60982],[151.40854,-24.61301],[151.40684,-24.61539],[151.40353,-24.61522],[151.40214,-24.61653],[151.39794,-24.61714],[151.39493,-24.6149],[151.39094,-24.6147],[151.38462,-24.60834],[151.38142,-24.61219],[151.37877,-24.61332],[151.37595,-24.61294],[151.37398,-24.60976],[151.3712,-24.60915],[151.37043,-24.61086],[151.36874,-24.61063],[151.36703,-24.61219],[151.36635,-24.61536],[151.36339,-24.6185],[151.36129,-24.62347],[151.35846,-24.62523],[151.35784,-24.6306],[151.35433,-24.63248],[151.34672,-24.64091],[151.34521,-24.64351],[151.34529,-24.64633],[151.34179,-24.64932],[151.33606,-24.64541],[151.33274,-24.64487],[151.32697,-24.6455],[151.32279,-24.64421],[151.32116,-24.6458],[151.32126,-24.64715],[151.31766,-24.64811],[151.31534,-24.64725],[151.31286,-24.64969],[151.31104,-24.64983],[151.30929,-24.65245],[151.31031,-24.65656],[151.3069,-24.6579],[151.3071,-24.66088],[151.30589,-24.66219],[151.30652,-24.66655],[151.30228,-24.66829],[151.2973,-24.6677],[151.29175,-24.65755],[151.28114,-24.65475],[151.27792,-24.6557],[151.27704,-24.65409],[151.27475,-24.65381],[151.27362,-24.65609],[151.27212,-24.65618],[151.26694,-24.65381],[151.2654,-24.65533],[151.26415,-24.65993],[151.25566,-24.66247],[151.25364,-24.66599],[151.24744,-24.65653],[151.24733,-24.65371],[151.24584,-24.65226],[151.24389,-24.65307],[151.24319,-24.65465],[151.23736,-24.65328],[151.2361,-24.65041],[151.23103,-24.64604],[151.23024,-24.639],[151.22759,-24.63764],[151.2243,-24.63864],[151.22014,-24.63386],[151.21728,-24.6339],[151.21352,-24.63585],[151.21108,-24.6354],[151.20948,-24.63748],[151.20624,-24.63819],[151.20644,-24.64032],[151.20266,-24.64143],[151.19924,-24.64394],[151.19637,-24.64335],[151.19473,-24.64254],[151.19321,-24.63506],[151.19831,-24.62982],[151.20443,-24.62786],[151.20772,-24.6246],[151.2102,-24.62545],[151.21603,-24.62454],[151.22353,-24.62775],[151.22779,-24.62873],[151.23018,-24.62792],[151.21866,-24.58609],[151.21909,-24.58501],[151.22125,-24.58457],[151.21953,-24.58376],[151.22065,-24.57956],[151.21846,-24.57549],[151.22142,-24.57172],[151.22357,-24.57174],[151.22569,-24.56848],[151.22438,-24.56418],[151.22838,-24.53724],[151.22797,-24.53271],[151.22974,-24.53076],[151.2293,-24.52771],[151.22657,-24.53003],[151.22134,-24.52959],[151.21861,-24.53101],[151.20916,-24.53275],[151.20569,-24.5312],[151.20206,-24.53128],[151.20046,-24.53375],[151.19951,-24.53982],[151.17902,-24.54305],[151.17871,-24.5441],[151.17353,-24.54545],[151.16895,-24.54972],[151.16541,-24.55059],[151.1616,-24.55004],[151.15747,-24.54701],[151.15633,-24.54483],[151.15684,-24.54126],[151.15291,-24.53775],[151.15426,-24.53214],[151.15226,-24.52694],[151.15297,-24.52361],[151.15588,-24.52169],[151.15405,-24.51275],[151.15577,-24.51017],[151.15543,-24.5076],[151.15813,-24.50444],[151.15881,-24.49994],[151.16143,-24.49888],[151.16161,-24.49328],[151.16429,-24.48678],[151.16886,-24.48455],[151.16916,-24.47904],[151.1668,-24.47644],[151.1643,-24.47564],[151.15864,-24.4686],[151.15419,-24.46546],[151.15338,-24.46062],[151.14902,-24.45946],[151.14746,-24.46038],[151.13787,-24.45563],[151.13564,-24.46043],[151.13353,-24.46118],[151.13414,-24.46377],[151.13287,-24.46483],[151.12407,-24.46681],[151.12247,-24.46835],[151.11813,-24.46707],[151.11661,-24.46875],[151.11487,-24.47462],[151.1137,-24.47453],[151.10697,-24.47023],[151.10608,-24.46251],[151.09976,-24.45846],[151.09806,-24.45029],[151.09325,-24.44352],[151.09151,-24.44365],[151.08986,-24.44102],[151.07197,-24.43792],[151.0697,-24.43258],[151.06691,-24.43187],[151.06649,-24.43014],[151.06428,-24.42946],[151.06332,-24.42743],[151.061,-24.42615],[151.05744,-24.42757],[151.05485,-24.42024],[151.05242,-24.42018],[151.05126,-24.41738],[151.04946,-24.4171],[151.04532,-24.41287],[151.04454,-24.40653],[151.04784,-24.40168],[151.04558,-24.39604]]]},"properties":{"District Name":"Bundaberg","DDMG Name":"Bundaberg"}},{"type":"Feature","geometry":{"type":"MultiPolygon","coordinates":[[[[145.77297,-17.2482],[145.77319,-17.24887],[145.77366,-17.25025],[145.77409,-17.25067],[145.77964,-17.25618],[145.77944,-17.26292],[145.78263,-17.26333],[145.78527,-17.26906],[145.78528,-17.27961],[145.78853,-17.28114],[145.79046,-17.2807],[145.79278,-17.2879],[145.80052,-17.29653],[145.79966,-17.29891],[145.80032,-17.30142],[145.79446,-17.30438],[145.79537,-17.30826],[145.79726,-17.30945],[145.79783,-17.31172],[145.79067,-17.31269],[145.78486,-17.31934],[145.78514,-17.32085],[145.78766,-17.32164],[145.78798,-17.32329],[145.78648,-17.32743],[145.78672,-17.33322],[145.78095,-17.34438],[145.78279,-17.34771],[145.78166,-17.34963],[145.78127,-17.35439],[145.78965,-17.36325],[145.80152,-17.37019],[145.80312,-17.37372],[145.81013,-17.3804],[145.81181,-17.38369],[145.81745,-17.38823],[145.82125,-17.39392],[145.81832,-17.39932],[145.82167,-17.40487],[145.82182,-17.40826],[145.8247,-17.41335],[145.82371,-17.4215],[145.8321,-17.4376],[145.83225,-17.44694],[145.83417,-17.45011],[145.83581,-17.44813],[145.83712,-17.45298],[145.83991,-17.45417],[145.83748,-17.47614],[145.8346,-17.47629],[145.83676,-17.48263],[145.83512,-17.49737],[145.83804,-17.49759],[145.84146,-17.4995],[145.85028,-17.50014],[145.85578,-17.50227],[145.85797,-17.50542],[145.85802,-17.50549],[145.86095,-17.50597],[145.86653,-17.50479],[145.86849,-17.50345],[145.87482,-17.50133],[145.87961,-17.49694],[145.88227,-17.49054],[145.8845,-17.48999],[145.88638,-17.49174],[145.89305,-17.48978],[145.89341,-17.48976],[145.89349,-17.48965],[145.89512,-17.48754],[145.89334,-17.48478],[145.89457,-17.4813],[145.89972,-17.47771],[145.90382,-17.47631],[145.90605,-17.48016],[145.91363,-17.48495],[145.91621,-17.48912],[145.91835,-17.4995],[145.91867,-17.50104],[145.91872,-17.5013],[145.92169,-17.50032],[145.92831,-17.50393],[145.92999,-17.50322],[145.93067,-17.50098],[145.93216,-17.50064],[145.93687,-17.49414],[145.94028,-17.49456],[145.9451,-17.49249],[145.94726,-17.49314],[145.95039,-17.4914],[145.95052,-17.48723],[145.9476,-17.48699],[145.94969,-17.45661],[145.95363,-17.45697],[145.95548,-17.44548],[145.95927,-17.44842],[145.96328,-17.44851],[145.96362,-17.44951],[145.96561,-17.44969],[145.96607,-17.44499],[145.9935,-17.44657],[145.99368,-17.44475],[146.02259,-17.44744],[146.02221,-17.45117],[146.0316,-17.45201],[146.03105,-17.44949],[146.03661,-17.44947],[146.03945,-17.44219],[146.04221,-17.44135],[146.04142,-17.43846],[146.03824,-17.43813],[146.0351,-17.43435],[146.03387,-17.43067],[146.03589,-17.43275],[146.04066,-17.42854],[146.04302,-17.4326],[146.04593,-17.43302],[146.04714,-17.42233],[146.04436,-17.41929],[146.05409,-17.41587],[146.05689,-17.41313],[146.05824,-17.41304],[146.05626,-17.40967],[146.058,-17.40942],[146.05817,-17.40786],[146.05924,-17.40842],[146.05864,-17.41058],[146.06102,-17.41007],[146.06021,-17.40782],[146.0613,-17.40776],[146.06178,-17.40901],[146.0625,-17.40794],[146.06133,-17.40726],[146.06184,-17.40546],[146.05993,-17.40574],[146.05923,-17.40327],[146.06063,-17.4038],[146.06143,-17.40239],[146.07193,-17.40342],[146.56016,-17.40153],[146.56066,-17.38706],[146.56303,-17.37869],[146.56294,-17.37384],[146.55882,-17.37145],[146.54263,-17.34914],[146.54254,-17.34484],[146.53446,-17.32097],[146.54179,-17.31624],[146.55134,-17.30733],[146.55523,-17.30531],[146.55712,-17.30203],[146.54847,-17.27838],[146.55001,-17.27342],[146.54945,-17.26753],[146.54476,-17.25735],[146.54029,-17.25542],[146.54466,-17.211],[146.54961,-17.204],[146.55294,-17.19451],[146.55097,-17.18343],[146.54652,-17.17629],[146.51431,-17.09719],[146.46941,-17.04664],[146.47132,-17.03862],[146.47076,-17.03195],[146.46946,-17.03036],[146.5243,-16.99414],[146.52676,-16.99415],[146.52911,-16.99167],[146.52925,-16.99008],[146.52607,-16.98781],[146.52302,-16.98792],[146.45982,-16.9484],[146.4568,-16.93652],[146.45227,-16.926],[146.44932,-16.92474],[146.407,-16.86956],[146.40629,-16.8673],[146.35715,-16.85447],[146.35739,-16.85232],[146.3553,-16.8478],[146.35641,-16.83073],[146.36001,-16.81397],[146.35817,-16.81129],[146.35783,-16.80762],[146.35572,-16.80297],[146.2843,-16.78231],[146.28395,-16.78073],[146.28114,-16.77891],[146.28049,-16.7381],[146.28133,-16.73516],[146.27794,-16.73074],[146.27055,-16.72879],[146.25957,-16.69846],[146.25848,-16.69494],[146.25897,-16.69268],[146.25641,-16.6868],[146.25162,-16.68417],[146.16644,-16.60899],[146.16682,-16.60571],[146.16519,-16.60423],[146.16365,-16.60445],[146.13248,-16.52925],[146.13295,-16.52654],[146.13074,-16.52426],[146.12828,-16.52369],[146.10326,-16.48864],[146.10268,-16.48638],[146.10092,-16.48514],[146.0824,-16.42414],[146.05435,-16.40329],[146.05402,-16.40058],[146.05077,-16.39491],[146.0489,-16.39513],[145.92241,-16.33423],[145.922,-16.32473],[145.91864,-16.31861],[145.91408,-16.31633],[145.89098,-16.24498],[145.8979,-16.2414],[145.90096,-16.23847],[145.90689,-16.22506],[145.91046,-16.21547],[145.9115,-16.19456],[145.90724,-16.18402],[145.90305,-16.18253],[145.8999,-16.17924],[145.88835,-16.1742],[145.86507,-16.11495],[145.86862,-16.1092],[145.87065,-16.10005],[145.86963,-16.09518],[145.86278,-16.08633],[145.86372,-16.06508],[145.86632,-16.06386],[145.87022,-16.05472],[145.86935,-16.04386],[145.8636,-16.02732],[145.85838,-16.02063],[145.84779,-16.01096],[145.84137,-15.99328],[145.84013,-15.98266],[145.83597,-15.97652],[145.83167,-15.97412],[145.82864,-15.97037],[145.82883,-15.96021],[145.83191,-15.95265],[145.83235,-15.93818],[145.82429,-15.91317],[145.81814,-15.88128],[145.81908,-15.87426],[145.81745,-15.86845],[145.8171,-15.85751],[145.82842,-15.83073],[145.82796,-15.82407],[145.82291,-15.81456],[145.81677,-15.78187],[145.81406,-15.77635],[145.7966,-15.75438],[145.79647,-15.73889],[145.79901,-15.73467],[145.80294,-15.73283],[145.80625,-15.72922],[145.8073,-15.71848],[145.80614,-15.70784],[145.8139,-15.66248],[145.81591,-15.6569],[145.81456,-15.65278],[145.81728,-15.63695],[145.80548,-15.613],[145.80374,-15.59801],[145.79417,-15.57903],[145.8003,-15.56259],[145.79893,-15.55687],[145.80475,-15.54601],[145.80607,-15.53621],[145.80054,-15.52052],[145.80593,-15.51089],[145.81105,-15.49136],[145.81036,-15.48669],[145.81113,-15.47236],[145.80204,-15.44705],[145.80398,-15.44141],[145.80458,-15.42939],[145.80309,-15.42145],[145.79235,-15.40245],[145.78677,-15.36804],[145.78402,-15.35793],[145.78181,-15.34077],[145.77992,-15.33519],[145.76702,-15.31482],[145.76606,-15.30665],[145.76382,-15.30249],[145.76087,-15.3007],[145.75616,-15.28819],[145.75671,-15.28097],[145.75509,-15.27633],[145.75469,-15.26597],[145.75313,-15.2608],[145.74875,-15.25529],[145.74898,-15.21804],[145.7523,-15.20796],[145.75259,-15.20336],[145.74296,-15.19836],[145.73981,-15.19424],[145.73828,-15.18679],[145.73921,-15.17916],[145.74181,-15.1738],[145.74224,-15.17025],[145.74111,-15.16628],[145.73477,-15.16059],[145.73312,-15.15448],[145.73595,-15.14136],[145.73335,-15.13734],[145.72545,-15.11533],[145.72873,-15.09437],[145.73655,-15.08021],[145.73567,-15.06835],[145.7304,-15.06018],[145.72827,-15.05297],[145.72935,-15.04846],[145.72899,-15.04471],[145.72062,-15.03908],[145.71682,-15.03355],[145.71365,-15.01415],[145.71591,-15.00974],[145.71777,-14.99843],[145.71641,-14.98913],[145.71828,-14.98387],[145.71594,-14.97176],[145.71103,-14.96889],[145.70425,-14.95274],[145.71662,-14.92061],[145.72456,-14.9117],[145.73294,-14.88227],[145.73329,-14.86632],[145.73188,-14.85217],[145.72685,-14.83399],[145.72744,-14.82592],[145.72419,-14.81917],[145.72462,-14.81231],[145.71734,-14.77573],[145.71448,-14.76701],[145.71177,-14.74505],[145.70718,-14.74379],[145.70461,-14.73916],[145.70445,-14.72465],[145.70056,-14.71872],[145.69941,-14.70578],[145.69545,-14.69892],[145.68475,-14.69037],[145.68148,-14.68938],[145.67872,-14.67652],[145.67573,-14.67448],[145.6726,-14.67579],[145.66798,-14.672],[145.6657,-14.65942],[145.65387,-14.64651],[145.65196,-14.63432],[145.64725,-14.62506],[145.63755,-14.62294],[145.63385,-14.61804],[145.62847,-14.60717],[145.62573,-14.59512],[145.62787,-14.59181],[145.62647,-14.58198],[145.61064,-14.56699],[145.60987,-14.55601],[145.6,-14.5453],[145.59501,-14.54367],[145.59187,-14.53519],[145.58897,-14.53113],[145.58107,-14.52356],[145.57806,-14.5221],[145.57458,-14.52209],[145.56146,-14.50626],[145.56112,-14.50129],[145.55183,-14.49145],[145.54661,-14.48388],[145.53802,-14.47564],[145.53349,-14.4727],[145.5285,-14.47168],[145.52247,-14.47271],[145.51169,-14.46256],[145.51026,-14.45714],[145.5017,-14.44646],[145.48832,-14.4339],[145.48512,-14.43174],[145.46737,-14.42759],[145.45172,-14.42816],[145.44813,-14.43155],[145.42739,-14.42686],[145.42694,-14.42451],[145.42141,-14.42016],[145.40492,-14.39263],[145.40393,-14.38453],[145.39944,-14.37883],[145.38469,-14.37067],[145.37834,-14.37105],[145.3731,-14.36906],[145.35903,-14.35598],[145.35095,-14.3535],[145.33816,-14.3459],[145.31725,-14.34634],[145.30536,-14.34359],[145.29549,-14.34364],[145.29273,-14.34248],[145.28795,-14.33457],[145.2763,-14.33651],[145.27208,-14.33312],[145.27199,-14.33135],[145.26631,-14.32586],[145.26405,-14.32502],[145.25909,-14.32022],[145.25644,-14.31704],[145.25306,-14.30885],[145.24136,-14.30103],[145.21237,-14.29461],[145.20159,-14.29377],[145.18917,-14.28997],[145.18755,-14.28805],[145.18254,-14.28584],[145.16818,-14.28217],[145.16688,-14.2802],[145.16169,-14.27766],[145.15559,-14.27666],[145.1449,-14.2774],[145.14399,-14.27822],[145.13218,-14.27578],[145.13067,-14.2723],[145.12618,-14.26984],[145.11685,-14.26181],[145.11359,-14.26188],[145.09581,-14.25416],[145.08689,-14.2539],[145.08067,-14.25198],[145.07667,-14.24886],[145.07107,-14.2417],[145.05638,-14.23185],[145.04035,-14.23303],[145.02913,-14.23228],[145.02761,-14.23124],[145.0166,-14.22973],[145.01407,-14.22745],[145.00584,-14.22711],[144.9996,-14.22551],[144.9938,-14.22696],[144.98929,-14.22685],[144.98556,-14.22875],[144.96199,-14.22436],[144.958,-14.22255],[144.95187,-14.21725],[144.95004,-14.21042],[144.94577,-14.20672],[144.94316,-14.19958],[144.93209,-14.19317],[144.92715,-14.19192],[144.91853,-14.19702],[144.91386,-14.19833],[144.90729,-14.19543],[144.90624,-14.19248],[144.90001,-14.1903],[144.89004,-14.19106],[144.88332,-14.19001],[144.86693,-14.1821],[144.86666,-14.1777],[144.86266,-14.16609],[144.86151,-14.16402],[144.85495,-14.15936],[144.84967,-14.14914],[144.8392,-14.13896],[144.81076,-14.1249],[144.80517,-14.12027],[144.80408,-14.1138],[144.80106,-14.10594],[144.7864,-14.08831],[144.78521,-14.07856],[144.78139,-14.06644],[144.77838,-14.06218],[144.77774,-14.05553],[144.77611,-14.05414],[144.77614,-14.05139],[144.77995,-14.0457],[144.77844,-14.04351],[144.77977,-14.03962],[144.77944,-14.03733],[144.78736,-14.026],[144.78754,-14.01914],[144.78581,-14.01625],[144.7801,-14.01139],[144.7759,-14.00941],[144.769,-14.00751],[144.75844,-14.00707],[144.75341,-14.00576],[144.74608,-13.99985],[144.74181,-13.99872],[144.73411,-13.99396],[144.73249,-13.99177],[144.7202,-13.98936],[144.71866,-13.99038],[144.6972,-13.99052],[144.6944,-13.98866],[144.69438,-13.97904],[144.69126,-13.97465],[144.69012,-13.97098],[144.67871,-13.96274],[144.67492,-13.95468],[144.67543,-13.95056],[144.67383,-13.94665],[144.67009,-13.94524],[144.66719,-13.94212],[144.65176,-13.92072],[144.61559,-13.9196],[144.60521,-13.91433],[144.60206,-13.91636],[144.60121,-13.92352],[144.59739,-13.92659],[144.58939,-13.92968],[144.58889,-13.93288],[144.57486,-13.95784],[144.57307,-13.95735],[144.57069,-13.96152],[144.54073,-13.97196],[144.53915,-13.97078],[144.52949,-13.96966],[144.51182,-13.97137],[144.50502,-13.97011],[144.50309,-13.97068],[144.50124,-13.97294],[144.47385,-13.97691],[144.45645,-13.96574],[144.44744,-13.96536],[144.42831,-13.95455],[144.42632,-13.95012],[144.42119,-13.9478],[144.40612,-13.93525],[144.39956,-13.93339],[144.39413,-13.93393],[144.38658,-13.93733],[144.36499,-13.92365],[144.36415,-13.91377],[144.36131,-13.91067],[144.36148,-13.90461],[144.35517,-13.8841],[144.33846,-13.86198],[144.32313,-13.84524],[144.3066,-13.83142],[144.30195,-13.8152],[144.29425,-13.80491],[144.28542,-13.80148],[144.27423,-13.79002],[144.27445,-13.78269],[144.26316,-13.76652],[144.25972,-13.75479],[144.26043,-13.74768],[144.25631,-13.7387],[144.23995,-13.72571],[144.23288,-13.72376],[144.22438,-13.7162],[144.21213,-13.71095],[144.19477,-13.69597],[144.18848,-13.69392],[144.1877,-13.69058],[144.18272,-13.68154],[144.17289,-13.67494],[144.16481,-13.66631],[144.16187,-13.64748],[144.15779,-13.64435],[144.11241,-13.62062],[144.10909,-13.61601],[144.10626,-13.60232],[144.11012,-13.58257],[144.10778,-13.57019],[144.11582,-13.55596],[144.11648,-13.54629],[144.11418,-13.54359],[144.10838,-13.54612],[144.1,-13.54579],[144.09622,-13.54377],[144.09102,-13.53206],[144.0902,-13.52535],[144.09086,-13.51994],[144.09518,-13.51249],[144.09516,-13.50654],[144.07441,-13.50404],[144.06981,-13.49793],[144.06738,-13.49724],[144.06491,-13.49387],[144.06057,-13.48099],[144.06381,-13.47625],[144.07146,-13.46872],[144.07337,-13.4633],[144.07269,-13.45435],[144.07105,-13.45293],[144.0659,-13.45717],[144.06339,-13.45659],[144.05688,-13.45761],[144.05319,-13.4654],[144.05089,-13.46754],[144.03158,-13.47664],[144.01639,-13.47476],[144.00416,-13.46199],[144,-13.46131],[143.98545,-13.44335],[143.98653,-13.43602],[143.98441,-13.42847],[143.9851,-13.42558],[143.98759,-13.42235],[143.9914,-13.42099],[143.99314,-13.41461],[143.99194,-13.41041],[143.98414,-13.39593],[143.98386,-13.39149],[143.97225,-13.37688],[143.97115,-13.36646],[143.97007,-13.36394],[143.96764,-13.36228],[143.96873,-13.35754],[143.9761,-13.35189],[143.97893,-13.34453],[143.98461,-13.33751],[143.99448,-13.33406],[143.99548,-13.33057],[143.99456,-13.32639],[143.98857,-13.32255],[143.98555,-13.31765],[143.98544,-13.30852],[143.9797,-13.29903],[143.97253,-13.29274],[143.96749,-13.2925],[143.95798,-13.28856],[143.95214,-13.28318],[143.95548,-13.27606],[143.95581,-13.27215],[143.9523,-13.26492],[143.95436,-13.25908],[143.95913,-13.25814],[143.96133,-13.256],[143.96513,-13.25494],[143.97672,-13.24862],[143.98141,-13.23483],[143.98012,-13.23145],[143.9776,-13.23005],[143.96985,-13.22069],[143.9666,-13.20992],[143.96911,-13.19962],[143.96241,-13.19011],[143.95862,-13.17513],[143.95092,-13.1637],[143.95043,-13.15721],[143.95115,-13.15394],[143.95354,-13.15058],[143.9686,-13.13309],[143.98016,-13.1175],[143.98204,-13.11404],[143.9823,-13.10631],[143.97904,-13.09707],[143.97552,-13.09574],[143.96249,-13.08597],[143.96217,-13.08235],[143.96655,-13.07107],[143.96602,-13.0552],[143.963,-13.05134],[143.96022,-13.05089],[143.95448,-13.05322],[143.95114,-13.0575],[143.9472,-13.06698],[143.94271,-13.07037],[143.90571,-13.06903],[143.90424,-13.06716],[143.90194,-13.06692],[143.88117,-13.04696],[143.87952,-13.04468],[143.87819,-13.03533],[143.87665,-13.03169],[143.86595,-13.02249],[143.86284,-13.0143],[143.86094,-13.00521],[143.86174,-12.99774],[143.8581,-12.99294],[143.85249,-12.98871],[143.8471,-12.9828],[143.8461,-12.98042],[143.83596,-12.97475],[143.83784,-12.96956],[143.83975,-12.96738],[143.83965,-12.96424],[143.83538,-12.95814],[143.83264,-12.9561],[143.83109,-12.9528],[143.83221,-12.95164],[143.83163,-12.94736],[143.83439,-12.93822],[143.83095,-12.9291],[143.83206,-12.92345],[143.83186,-12.92181],[143.83017,-12.92057],[143.83131,-12.91913],[143.82336,-12.89895],[143.82785,-12.88723],[143.82979,-12.87648],[143.82986,-12.87135],[143.82874,-12.86898],[143.83107,-12.86593],[143.83526,-12.86595],[143.84537,-12.86246],[143.85533,-12.85161],[143.85603,-12.84874],[143.8552,-12.84002],[143.85116,-12.8234],[143.84553,-12.81799],[143.83966,-12.81467],[143.83602,-12.80989],[143.82111,-12.79845],[143.81486,-12.79624],[143.81067,-12.78917],[143.81687,-12.76735],[143.81551,-12.75854],[143.81723,-12.75675],[143.83024,-12.75315],[143.83375,-12.75047],[143.83429,-12.74862],[143.8338,-12.74669],[143.82499,-12.7406],[143.82072,-12.7365],[143.8188,-12.73255],[143.81606,-12.73175],[143.81405,-12.72873],[143.81651,-12.72146],[143.81538,-12.71468],[143.81411,-12.71344],[143.81867,-12.70611],[143.82544,-12.70157],[143.84244,-12.70142],[143.84691,-12.70255],[143.85256,-12.70154],[143.8619,-12.69208],[143.86227,-12.68621],[143.85237,-12.67442],[143.85128,-12.66133],[143.84758,-12.65595],[143.84477,-12.64889],[143.84774,-12.63553],[143.82958,-12.62035],[143.82504,-12.61458],[143.82414,-12.6044],[143.80879,-12.58977],[143.80754,-12.58423],[143.80489,-12.58479],[143.80129,-12.57988],[143.80108,-12.57804],[143.79683,-12.57587],[143.79891,-12.56061],[143.79786,-12.55499],[143.80049,-12.53516],[143.80094,-12.5221],[143.79735,-12.51692],[143.79218,-12.50334],[143.77876,-12.4884],[143.7783,-12.48625],[143.77371,-12.48037],[143.77337,-12.47548],[143.77557,-12.4721],[143.76824,-12.45659],[143.76429,-12.45202],[143.75322,-12.42768],[143.75323,-12.42215],[143.7632,-12.41549],[143.76825,-12.41573],[143.76999,-12.41246],[143.76964,-12.41054],[143.78591,-12.40013],[143.78855,-12.39957],[143.79018,-12.3884],[143.78835,-12.38738],[143.78724,-12.3756],[143.79142,-12.37242],[143.79588,-12.36415],[143.8125,-12.35444],[143.82464,-12.35038],[143.82913,-12.3462],[143.83247,-12.34599],[143.83536,-12.34437],[143.83644,-12.34351],[143.83595,-12.34083],[143.83721,-12.33521],[143.85219,-12.33288],[143.85423,-12.33701],[143.86648,-12.3429],[143.86927,-12.34984],[143.87427,-12.351],[143.87649,-12.34977],[143.87945,-12.34656],[143.88116,-12.34205],[143.87525,-12.33221],[143.87395,-12.32585],[143.87482,-12.32129],[143.88373,-12.31711],[143.89249,-12.31788],[143.89349,-12.31686],[143.89316,-12.31287],[143.88651,-12.30504],[143.88605,-12.30261],[143.88748,-12.29972],[143.89009,-12.29869],[143.89738,-12.29876],[143.90279,-12.30071],[143.9057,-12.29982],[143.90608,-12.29451],[143.90759,-12.29069],[143.93884,-12.2642],[143.94023,-12.25859],[143.93159,-12.25467],[143.92982,-12.25268],[143.92837,-12.24037],[143.93095,-12.23633],[143.93216,-12.22714],[143.93632,-12.21999],[143.9478,-12.2178],[143.95109,-12.21274],[143.95049,-12.21132],[143.94683,-12.20949],[143.96883,-12.10015],[143.97146,-12.09946],[143.97432,-12.09574],[143.97029,-12.09134],[143.96582,-12.08278],[143.96497,-12.07769],[143.96825,-12.07492],[143.97898,-12.07139],[143.98057,-12.06451],[143.98055,-12.0609],[143.97822,-12.0575],[143.97664,-12.05697],[143.97316,-12.04481],[143.9753,-12.04099],[143.97746,-12.03965],[143.98174,-12.03954],[143.98408,-12.03603],[143.98269,-12.03298],[143.99911,-11.96951],[144.00347,-11.96858],[144.01089,-11.9629],[144.01876,-11.95382],[144.01806,-11.95089],[144.01032,-11.94325],[144.02765,-11.84184],[144.03545,-11.84271],[144.04082,-11.83895],[144.05126,-11.83934],[144.05802,-11.8366],[144.07979,-11.83478],[144.08483,-11.83362],[144.09064,-11.82931],[144.09311,-11.82127],[144.08815,-11.81599],[144.08608,-11.81193],[144.08216,-11.80857],[144.08178,-11.80292],[144.08333,-11.79489],[144.07422,-11.78478],[144.07294,-11.78004],[144.062,-11.77163],[144.06017,-11.75222],[144.0645,-11.74598],[144.06723,-11.74393],[144.07651,-11.74479],[144.07857,-11.74365],[144.08695,-11.7436],[144.09647,-11.74637],[144.1,-11.74998],[144.1,-11.72035],[144.09792,-11.71734],[144.09732,-11.71418],[144.09479,-11.71261],[144.08413,-11.71087],[144.0747,-11.70516],[144.06829,-11.70542],[144.06105,-11.70354],[144.05098,-11.70607],[144.03548,-11.70142],[144.02822,-11.69422],[144.03003,-11.69082],[144.03081,-11.6854],[144.02421,-11.67109],[144.01902,-11.66423],[144.05167,-11.60081],[144.05452,-11.6008],[144.05692,-11.59886],[144.05692,-11.59672],[144.05082,-11.5919],[144.06614,-11.5202],[144.0691,-11.52076],[144.0801,-11.51934],[144.08364,-11.51718],[144.08681,-11.51208],[144.08803,-11.50564],[144.0876,-11.48881],[144.08236,-11.46986],[144.08219,-11.46287],[144.08045,-11.45859],[144.08202,-11.45214],[144.07088,-11.44417],[144.06845,-11.44283],[144.06664,-11.44318],[144.03756,-11.42131],[144.03434,-11.41816],[144.02394,-11.40228],[144.02108,-11.3997],[144.01831,-11.39904],[144.01706,-11.40018],[143.96587,-11.37264],[143.96711,-11.36732],[143.96495,-11.35016],[143.9659,-11.33209],[143.96988,-11.32687],[143.97123,-11.32168],[143.9989,-11.29341],[144.0331,-11.28727],[144.03595,-11.2877],[144.04663,-11.2934],[144.04973,-11.29667],[144.0526,-11.29779],[144.05614,-11.29697],[144.06092,-11.29187],[144.06293,-11.28282],[144.06873,-11.27466],[144.07144,-11.26855],[144.07367,-11.25759],[144.07408,-11.24663],[144.07643,-11.23735],[144.07219,-11.21524],[144.06899,-11.21209],[144.06543,-11.18828],[144.06642,-11.18184],[144.06259,-11.17248],[144.06189,-11.16684],[144.06427,-11.16389],[144.06449,-11.16095],[144.06642,-11.15959],[144.06674,-11.15451],[144.06867,-11.14952],[144.07811,-11.14044],[144.07901,-11.13762],[144.08197,-11.13421],[144.07987,-11.127],[144.06182,-11.10664],[144.06153,-11.09433],[144.05739,-11.08904],[144.05562,-11.08012],[144.05219,-11.07755],[144.05205,-11.07337],[144.04952,-11.07146],[144.04784,-11.05396],[144.0425,-11.03806],[144.03214,-11.02286],[144.01367,-11.0129],[144.01262,-11.00432],[144.01467,-11.00329],[144.02872,-11.00108],[144.03444,-11.00241],[144.03981,-11.00204],[144.04483,-10.99976],[144.04169,-10.98848],[144.04189,-10.97945],[144.0383,-10.97258],[144.03713,-10.94219],[144.03952,-10.93981],[144.04041,-10.93597],[144.03751,-10.92526],[144.03404,-10.91838],[144.03647,-10.90458],[144.0342,-10.8954],[144.02733,-10.87695],[144.02202,-10.86444],[144.02019,-10.86253],[144.01924,-10.85632],[144.02162,-10.85326],[144.02501,-10.84252],[144.0253,-10.8319],[144.02036,-10.82514],[144.01861,-10.81674],[144.01927,-10.81131],[144.01788,-10.80522],[144.01181,-10.80038],[144.01002,-10.79371],[144.00667,-10.79022],[144.00693,-10.78638],[144.0037,-10.7821],[144.00382,-10.75157],[143.99701,-10.7367],[143.99526,-10.72902],[143.99223,-10.724],[143.99271,-10.72192],[143.98995,-10.71481],[143.98891,-10.71369],[143.98662,-10.71369],[143.98615,-10.71065],[143.9874,-10.70816],[143.98554,-10.7006],[143.9836,-10.69993],[143.98301,-10.691],[143.98102,-10.68361],[143.97458,-10.67212],[143.97011,-10.66887],[143.96896,-10.66276],[143.96546,-10.65657],[143.96636,-10.6542],[143.96533,-10.649],[143.9598,-10.64078],[143.95933,-10.63638],[143.96023,-10.6322],[143.95896,-10.6322],[143.95648,-10.62778],[143.95188,-10.62426],[143.94945,-10.61964],[143.94863,-10.61354],[143.94449,-10.60949],[143.94141,-10.60837],[143.94111,-10.60405],[143.94393,-10.60208],[143.9441,-10.59914],[143.94351,-10.59694],[143.9378,-10.58958],[143.93873,-10.58594],[143.93639,-10.58134],[143.93569,-10.57513],[143.93639,-10.57253],[143.93495,-10.56698],[143.93598,-10.56432],[143.93119,-10.55979],[143.93373,-10.5438],[143.92636,-10.54479],[143.92567,-10.5386],[143.92585,-10.53076],[143.92938,-10.52954],[143.93253,-10.52522],[143.93282,-10.51835],[143.93046,-10.50935],[143.92741,-10.50823],[143.92727,-10.50639],[143.92421,-10.50459],[143.92327,-10.49933],[143.9312,-10.49418],[143.93217,-10.48947],[143.93103,-10.48635],[143.92726,-10.4857],[143.9271,-10.48231],[143.92792,-10.48162],[143.92588,-10.4807],[143.92828,-10.4729],[143.93808,-10.47156],[143.94053,-10.46909],[143.9405,-10.46646],[143.93505,-10.45924],[143.93302,-10.45826],[143.93289,-10.45275],[143.94044,-10.44962],[143.94456,-10.44984],[143.95011,-10.44834],[143.95374,-10.44389],[143.95263,-10.43856],[143.95293,-10.43335],[143.95003,-10.42857],[143.9519,-10.42716],[143.95274,-10.42459],[143.95122,-10.41718],[143.95029,-10.4167],[143.95163,-10.41546],[143.9507,-10.41355],[143.94815,-10.41277],[143.94768,-10.40752],[143.95076,-10.40666],[143.94902,-10.39493],[143.9533,-10.3875],[143.95249,-10.3848],[143.94929,-10.38301],[143.94991,-10.36492],[143.94877,-10.36355],[143.95378,-10.35873],[143.9555,-10.36032],[143.9576,-10.35825],[143.95808,-10.35597],[143.95628,-10.35197],[143.95402,-10.35145],[143.95146,-10.34688],[143.95387,-10.34453],[143.95438,-10.33681],[143.95288,-10.33517],[143.95021,-10.32592],[143.95557,-10.32011],[143.95609,-10.3178],[143.95639,-10.31556],[143.95504,-10.31338],[143.95794,-10.2907],[143.96073,-10.28558],[143.96059,-10.28398],[143.95739,-10.28211],[143.96065,-10.27655],[143.96367,-10.27778],[143.96618,-10.27599],[143.9658,-10.27292],[143.97201,-10.26336],[143.9728,-10.25952],[143.97116,-10.25639],[143.97383,-10.25313],[143.97321,-10.25219],[143.9709,-10.25234],[143.96886,-10.24795],[143.97071,-10.24691],[143.97024,-10.24109],[143.96867,-10.23895],[143.97469,-10.23133],[143.97411,-10.22459],[143.98172,-10.21063],[143.97882,-10.20607],[144.00086,-10.19488],[144.00098,-10.19014],[143.99969,-10.18749],[144.00174,-10.18679],[144.00625,-10.17901],[144.00834,-10.17823],[144.0089,-10.17598],[144.00794,-10.17463],[144.01312,-10.16817],[144.01281,-10.16551],[144.02024,-10.1518],[144.02154,-10.14329],[144.02376,-10.14185],[144.02182,-10.13814],[144.02585,-10.13661],[144.02577,-10.13409],[144.02332,-10.13298],[144.02277,-10.12898],[144.02521,-10.12795],[144.02689,-10.12261],[144.02441,-10.11685],[144.06754,-10.06704],[144.08349,-10.03412],[144.08607,-10.03269],[144.08628,-10.02919],[144.14245,-9.97466],[144.14423,-9.97394],[144.14463,-9.97233],[144.15375,-9.97151],[144.15673,-9.97059],[144.15865,-9.96834],[144.17061,-9.90829],[144.17167,-9.90676],[144.17107,-9.9053],[144.17505,-9.90215],[144.17522,-9.90009],[144.1737,-9.89945],[144.17335,-9.89579],[144.18472,-9.87954],[144.18806,-9.87905],[144.18864,-9.87728],[144.19789,-9.87511],[144.20252,-9.87521],[144.20435,-9.87373],[144.20476,-9.86918],[144.21903,-9.86525],[144.22254,-9.85972],[144.23312,-9.85474],[144.24545,-9.85502],[144.25072,-9.85122],[144.25477,-9.84662],[144.25111,-9.49861],[143.8011,-9.36517],[143.50109,-9.39851],[143.33444,-9.54851],[143.33055,-9.54851],[143.33551,-9.54335],[143.34069,-9.53558],[143.34374,-9.52877],[143.34607,-9.51976],[143.34672,-9.50482],[143.34299,-9.49033],[143.33512,-9.47758],[143.32382,-9.46769],[143.3119,-9.46208],[143.29704,-9.45966],[143.2793,-9.46173],[143.26279,-9.4681],[143.24931,-9.47788],[143.24039,-9.49003],[143.23548,-9.50425],[143.23518,-9.52122],[143.23962,-9.53573],[143.24861,-9.54851],[143.08444,-9.54851],[143.00111,-9.66517],[142.38445,-9.69851],[142.00112,-9.76517],[141.65356,-9.97468],[141.50111,-10.07354],[141.00256,-10.37498],[141.00111,-10.99861],[140.99558,-11.95849],[141.00114,-14.76516],[141.55147,-14.7645],[141.57301,-14.76638],[141.57392,-14.76532],[141.57535,-14.76541],[141.57372,-14.76611],[141.57517,-14.77541],[141.58473,-14.81081],[141.58948,-14.84737],[141.59009,-14.84892],[141.59197,-14.84914],[141.59055,-14.85449],[141.59464,-14.86621],[141.61617,-14.9139],[141.61749,-14.9159],[141.62157,-14.91737],[141.62112,-14.92012],[141.62269,-14.92787],[141.63283,-14.95206],[141.63397,-14.95167],[141.62884,-14.94188],[141.6299,-14.94149],[141.63314,-14.9453],[141.63383,-14.94462],[141.6303,-14.94018],[141.63139,-14.93887],[141.64092,-14.95484],[141.63421,-14.94745],[141.64064,-14.95869],[141.65353,-14.97296],[141.65909,-14.98064],[141.66212,-14.98681],[141.66645,-15.00225],[141.66782,-15.01114],[141.66681,-15.03095],[141.66822,-15.03309],[141.66711,-15.03532],[141.66403,-15.03728],[141.65812,-15.0616],[141.65349,-15.06227],[141.65105,-15.06735],[141.65082,-15.07212],[141.65132,-15.08152],[141.67066,-15.10357],[141.6739,-15.10997],[141.68588,-15.10924],[141.68693,-15.10802],[141.68737,-15.10243],[141.69027,-15.09999],[141.69484,-15.09865],[141.69803,-15.09912],[141.70162,-15.10173],[141.7023,-15.10838],[141.70608,-15.10569],[141.70916,-15.10708],[141.70918,-15.11016],[141.71369,-15.10726],[141.71848,-15.10772],[141.72119,-15.11136],[141.72043,-15.11497],[141.7185,-15.11571],[141.71245,-15.11438],[141.71068,-15.1159],[141.71013,-15.11819],[141.71323,-15.12099],[141.71485,-15.12085],[141.7197,-15.11672],[141.72305,-15.11664],[141.72447,-15.11773],[141.72514,-15.12153],[141.72174,-15.12694],[141.72408,-15.13839],[141.72464,-15.13911],[141.72952,-15.1391],[141.73249,-15.14155],[141.73518,-15.14052],[141.73881,-15.14073],[141.7418,-15.13879],[141.74422,-15.1404],[141.74763,-15.13892],[141.74778,-15.13886],[141.74978,-15.14006],[141.74986,-15.14286],[141.75102,-15.14407],[141.75427,-15.14078],[141.7538,-15.13714],[141.7561,-15.13596],[141.75932,-15.13765],[141.76396,-15.13707],[141.76566,-15.14071],[141.76804,-15.14144],[141.77103,-15.13957],[141.77475,-15.14106],[141.77708,-15.13958],[141.7817,-15.13969],[141.78534,-15.14166],[141.78792,-15.14627],[141.78968,-15.14616],[141.7911,-15.14358],[141.7945,-15.14391],[141.80168,-15.14097],[141.80431,-15.14131],[141.80426,-15.13712],[141.80828,-15.13639],[141.8115,-15.13437],[141.815,-15.13379],[141.81652,-15.13193],[141.81869,-15.13185],[141.82325,-15.13557],[141.83116,-15.13266],[141.83234,-15.13089],[141.83912,-15.12894],[141.84278,-15.1267],[141.84382,-15.12488],[141.84854,-15.12692],[141.85247,-15.12575],[141.85816,-15.12585],[141.86033,-15.12712],[141.86222,-15.12519],[141.86627,-15.12432],[141.87128,-15.12556],[141.87405,-15.12203],[141.87939,-15.11948],[141.88142,-15.11966],[141.88388,-15.12075],[141.88588,-15.11855],[141.89666,-15.11415],[141.89858,-15.11567],[141.90154,-15.11441],[141.90381,-15.11596],[141.90987,-15.11438],[141.91192,-15.11528],[141.91256,-15.11258],[141.91428,-15.11085],[141.91921,-15.10994],[141.92556,-15.11095],[141.92959,-15.11423],[141.93386,-15.11363],[141.94667,-15.09833],[141.94982,-15.0966],[141.95102,-15.09721],[141.95288,-15.09423],[141.95547,-15.09503],[141.95817,-15.09238],[141.96288,-15.09317],[141.96628,-15.09109],[141.96884,-15.09161],[141.97417,-15.08824],[141.98371,-15.08894],[141.99281,-15.08432],[141.99627,-15.08724],[142.00361,-15.08784],[142.01822,-15.07829],[142.02289,-15.07781],[142.0277,-15.07417],[142.02921,-15.07438],[142.03639,-15.07071],[142.04069,-15.07349],[142.04318,-15.07366],[142.04696,-15.07057],[142.05877,-15.06797],[142.05943,-15.06693],[142.05954,-15.06239],[142.06174,-15.06004],[142.06553,-15.06009],[142.07313,-15.05466],[142.0753,-15.05429],[142.07734,-15.05179],[142.08105,-15.05086],[142.08624,-15.04592],[142.08693,-15.04212],[142.09026,-15.03724],[142.09268,-15.03566],[142.09305,-15.03135],[142.09942,-15.02526],[142.10123,-15.02262],[142.10152,-15.01976],[142.10496,-15.0182],[142.10603,-15.01521],[142.11084,-15.00898],[142.1133,-15.01007],[142.11201,-15.0164],[142.11389,-15.02004],[142.09934,-15.03365],[142.10004,-15.03518],[142.09887,-15.03975],[142.08659,-15.04741],[142.0789,-15.0582],[142.07743,-15.05908],[142.07458,-15.05817],[142.07059,-15.06052],[142.06406,-15.06894],[142.05731,-15.07123],[142.05596,-15.0744],[142.05274,-15.0775],[142.04822,-15.07692],[142.0393,-15.07874],[142.03531,-15.07815],[142.03073,-15.0812],[142.0261,-15.08249],[142.02475,-15.08179],[142.01836,-15.08718],[142.0146,-15.08789],[142.01302,-15.08906],[142.01401,-15.09158],[142.00076,-15.09399],[141.99548,-15.09252],[141.98977,-15.08628],[141.98334,-15.08941],[141.97752,-15.09411],[141.97078,-15.09634],[141.96661,-15.09956],[141.9611,-15.10132],[141.95605,-15.10496],[141.9457,-15.10672],[141.94077,-15.10651],[141.93688,-15.11201],[141.93354,-15.11427],[141.9282,-15.11485],[141.92526,-15.11133],[141.91513,-15.11094],[141.91214,-15.11606],[141.91002,-15.11508],[141.90414,-15.11652],[141.90124,-15.11502],[141.89863,-15.1166],[141.89639,-15.11501],[141.8919,-15.1163],[141.88835,-15.11891],[141.88632,-15.11878],[141.8837,-15.12144],[141.88091,-15.1199],[141.87472,-15.12234],[141.87145,-15.12623],[141.8662,-15.12463],[141.86023,-15.12731],[141.85171,-15.12617],[141.84823,-15.12739],[141.84668,-15.12678],[141.84621,-15.12612],[141.84461,-15.12642],[141.84386,-15.1253],[141.84356,-15.1267],[141.8383,-15.13],[141.83455,-15.13051],[141.83119,-15.13303],[141.82378,-15.13641],[141.82158,-15.13589],[141.81819,-15.13243],[141.81557,-15.13431],[141.81156,-15.13456],[141.80865,-15.13695],[141.80501,-15.13782],[141.80547,-15.14028],[141.80454,-15.14204],[141.80113,-15.1419],[141.79448,-15.14455],[141.79157,-15.14405],[141.78993,-15.14673],[141.78652,-15.14604],[141.78499,-15.14252],[141.78269,-15.14068],[141.7776,-15.13999],[141.77741,-15.1411],[141.77504,-15.1421],[141.77209,-15.1403],[141.76834,-15.14275],[141.76574,-15.14236],[141.76333,-15.13861],[141.76337,-15.1406],[141.76069,-15.14114],[141.76076,-15.13823],[141.75835,-15.13972],[141.75862,-15.14179],[141.75675,-15.14236],[141.75675,-15.1434],[141.75609,-15.14244],[141.75437,-15.14302],[141.75285,-15.14553],[141.75015,-15.14432],[141.74923,-15.14119],[141.74788,-15.14023],[141.74653,-15.14102],[141.74677,-15.14829],[141.7449,-15.15016],[141.74123,-15.14987],[141.73822,-15.14565],[141.73107,-15.14524],[141.73008,-15.14443],[141.73015,-15.14169],[141.72322,-15.13972],[141.72141,-15.13615],[141.72138,-15.13315],[141.71972,-15.134],[141.7204,-15.13022],[141.71832,-15.12782],[141.71692,-15.1283],[141.72069,-15.12455],[141.7201,-15.12191],[141.71166,-15.1217],[141.7088,-15.11854],[141.70925,-15.11548],[141.71131,-15.1128],[141.71834,-15.1123],[141.71676,-15.10998],[141.71388,-15.11023],[141.70983,-15.11239],[141.7082,-15.11175],[141.70644,-15.10781],[141.70429,-15.10948],[141.70147,-15.10939],[141.70019,-15.10714],[141.70067,-15.10399],[141.69872,-15.10156],[141.69579,-15.10035],[141.68996,-15.10209],[141.68842,-15.10419],[141.68808,-15.10808],[141.68601,-15.11034],[141.6742,-15.11183],[141.67261,-15.11101],[141.66663,-15.10233],[141.65883,-15.09491],[141.64681,-15.08776],[141.64335,-15.07886],[141.64531,-15.07056],[141.64494,-15.07058],[141.63694,-15.09],[141.63963,-15.09807],[141.63317,-15.10456],[141.63244,-15.10339],[141.62966,-15.1053],[141.62951,-15.10866],[141.63932,-15.13089],[141.63897,-15.12782],[141.63024,-15.10921],[141.63032,-15.10553],[141.63231,-15.10457],[141.63219,-15.10863],[141.63526,-15.1112],[141.63675,-15.11426],[141.63986,-15.12269],[141.64066,-15.12916],[141.63727,-15.14499],[141.63551,-15.14967],[141.6302,-15.15713],[141.63277,-15.15889],[141.633,-15.16084],[141.62764,-15.16751],[141.62836,-15.16475],[141.63242,-15.16019],[141.63017,-15.15927],[141.62948,-15.15758],[141.62775,-15.15861],[141.62673,-15.16139],[141.61955,-15.16959],[141.59846,-15.18892],[141.59495,-15.1942],[141.59392,-15.19844],[141.58391,-15.20425],[141.5813,-15.20717],[141.58008,-15.21278],[141.58024,-15.23089],[141.57803,-15.24898],[141.57193,-15.28285],[141.56663,-15.30237],[141.54347,-15.33783],[141.53933,-15.34876],[141.54036,-15.35389],[141.5426,-15.35464],[141.54095,-15.34879],[141.54475,-15.34826],[141.54242,-15.34763],[141.54173,-15.3457],[141.54344,-15.33951],[141.54562,-15.33717],[141.54709,-15.33724],[141.54895,-15.34001],[141.5493,-15.34446],[141.54814,-15.34745],[141.54709,-15.34683],[141.54758,-15.34564],[141.54584,-15.34555],[141.54786,-15.33995],[141.54677,-15.33777],[141.54503,-15.33823],[141.54329,-15.34293],[141.54749,-15.34919],[141.54799,-15.35467],[141.54148,-15.36276],[141.53622,-15.37428],[141.53551,-15.37777],[141.53852,-15.37612],[141.5394,-15.37705],[141.54036,-15.37615],[141.5402,-15.37739],[141.53737,-15.37718],[141.53441,-15.38082],[141.51309,-15.43346],[141.49762,-15.47636],[141.48364,-15.49741],[141.48599,-15.49949],[141.48723,-15.49979],[141.48776,-15.49956],[141.49152,-15.49691],[141.49171,-15.49117],[141.49334,-15.48793],[141.49348,-15.48765],[141.49716,-15.48497],[141.49909,-15.48506],[141.49919,-15.48518],[141.5022,-15.48881],[141.50248,-15.49143],[141.50733,-15.49221],[141.50932,-15.49367],[141.50714,-15.49417],[141.50864,-15.49466],[141.50714,-15.49616],[141.50422,-15.49597],[141.49936,-15.50195],[141.49345,-15.50618],[141.49225,-15.50901],[141.49234,-15.51071],[141.4933,-15.51552],[141.49606,-15.51646],[141.49669,-15.50967],[141.49675,-15.50899],[141.50241,-15.50562],[141.50509,-15.5073],[141.50758,-15.51309],[141.50702,-15.5144],[141.50266,-15.51621],[141.5031,-15.51913],[141.50447,-15.52069],[141.50982,-15.522],[141.51356,-15.51938],[141.51605,-15.52262],[141.51866,-15.52275],[141.51978,-15.52586],[141.52184,-15.52679],[141.52819,-15.52679],[141.52763,-15.5215],[141.52364,-15.52262],[141.52215,-15.52119],[141.52227,-15.51073],[141.52389,-15.51048],[141.52715,-15.51318],[141.53136,-15.51384],[141.532,-15.51158],[141.53091,-15.5099],[141.5307,-15.50957],[141.53096,-15.5093],[141.53231,-15.50791],[141.53368,-15.50651],[141.53421,-15.5068],[141.53664,-15.50812],[141.53496,-15.51021],[141.53608,-15.51332],[141.53852,-15.51079],[141.54307,-15.51242],[141.54896,-15.51095],[141.54936,-15.51085],[141.55029,-15.51144],[141.55194,-15.51247],[141.55161,-15.51613],[141.55286,-15.51855],[141.55368,-15.51756],[141.55916,-15.5169],[141.56083,-15.51868],[141.55915,-15.52086],[141.55731,-15.52058],[141.55787,-15.52754],[141.55429,-15.53043],[141.55281,-15.53305],[141.55329,-15.53607],[141.55627,-15.53812],[141.55851,-15.53706],[141.5582,-15.53571],[141.55549,-15.53552],[141.55509,-15.53446],[141.55656,-15.52999],[141.55926,-15.53035],[141.55955,-15.53333],[141.56309,-15.53475],[141.56538,-15.53048],[141.56869,-15.53194],[141.56924,-15.53],[141.57119,-15.52844],[141.56924,-15.5254],[141.57182,-15.52036],[141.57303,-15.51963],[141.57673,-15.52219],[141.57428,-15.52255],[141.57419,-15.52607],[141.57936,-15.52609],[141.58029,-15.52365],[141.57907,-15.52251],[141.58161,-15.51928],[141.58367,-15.51874],[141.58448,-15.52071],[141.58756,-15.52178],[141.58842,-15.52098],[141.5896,-15.52236],[141.59291,-15.52074],[141.59585,-15.52484],[141.59764,-15.52448],[141.59883,-15.52923],[141.60422,-15.53542],[141.60697,-15.53562],[141.60982,-15.53344],[141.61102,-15.53569],[141.61416,-15.53757],[141.61732,-15.53645],[141.62075,-15.53862],[141.62341,-15.53851],[141.62617,-15.54046],[141.62744,-15.544],[141.63348,-15.54166],[141.64489,-15.54171],[141.647,-15.54079],[141.64917,-15.54203],[141.97257,-15.56914],[141.99533,-15.45349],[141.99174,-15.44762],[141.98385,-15.44223],[141.982,-15.43719],[141.97293,-15.42883],[141.96904,-15.42197],[141.96502,-15.41911],[141.9578,-15.41747],[141.95554,-15.40991],[141.9535,-15.40736],[141.94409,-15.40413],[141.94022,-15.39765],[141.94029,-15.39066],[141.94396,-15.38615],[141.95645,-15.38018],[141.96706,-15.35899],[141.96699,-15.35581],[141.97571,-15.35777],[141.98411,-15.36246],[141.99578,-15.36476],[142.01227,-15.37301],[142.01894,-15.37952],[142.02453,-15.37881],[142.09312,-15.19026],[142.24007,-15.42314],[142.65005,-15.4605],[142.66736,-15.31142],[142.97234,-15.33308],[142.9596,-15.47934],[142.9031,-15.4747],[142.89042,-15.61962],[142.77982,-15.61315],[142.77007,-15.75245],[142.70633,-15.74768],[142.69583,-15.89654],[142.63054,-15.95454],[142.62197,-16.01693],[142.6257,-16.01756],[142.63093,-16.02061],[142.63651,-16.02795],[142.6412,-16.03797],[142.6488,-16.05014],[142.65833,-16.05902],[142.66494,-16.06287],[142.6801,-16.06948],[142.69862,-16.07043],[142.70607,-16.07404],[142.71095,-16.07937],[142.72003,-16.08235],[142.73056,-16.08948],[142.73535,-16.08696],[142.73909,-16.08329],[142.743,-16.08246],[142.74552,-16.07836],[142.7523,-16.07823],[142.77222,-16.07457],[142.78527,-16.07745],[142.79216,-16.08089],[142.80313,-16.07934],[142.8371,-16.08007],[142.85567,-16.08493],[142.87436,-16.08652],[142.89677,-16.08421],[142.90461,-16.08472],[142.92471,-16.0769],[142.94059,-16.07588],[142.95566,-16.07662],[142.98592,-16.08333],[143.00403,-16.09502],[143.01142,-16.09663],[143.01545,-16.09317],[143.02071,-16.09188],[143.04272,-16.11296],[143.05433,-16.11344],[143.06082,-16.10985],[143.10428,-16.1021],[143.11305,-16.10515],[143.14058,-16.10291],[143.14828,-16.10429],[143.16859,-16.10147],[143.18434,-16.0964],[143.19331,-16.10196],[143.22308,-16.10752],[143.23687,-16.10505],[143.2486,-16.10078],[143.25528,-16.094],[143.26169,-16.09329],[143.2678,-16.09395],[143.27554,-16.09234],[143.29027,-16.08396],[143.29873,-16.08317],[143.30328,-16.07625],[143.32236,-16.06665],[143.34075,-16.05517],[143.35577,-16.04792],[143.36579,-16.04447],[143.39022,-16.04254],[143.402,-16.04546],[143.41206,-16.05576],[143.41858,-16.05412],[143.42099,-16.05464],[143.42725,-16.05144],[143.42759,-16.04899],[143.43085,-16.0447],[143.43715,-16.04601],[143.43977,-16.0506],[143.44629,-16.05482],[143.45677,-16.05616],[143.46545,-16.05478],[143.46941,-16.05547],[143.47031,-16.05837],[143.46544,-16.06333],[143.46537,-16.06863],[143.47475,-16.07098],[143.48052,-16.07444],[143.48434,-16.07924],[143.48903,-16.08089],[143.49459,-16.08061],[143.50126,-16.08668],[143.51763,-16.08885],[143.52804,-16.0943],[143.53007,-16.09409],[143.53326,-16.09071],[143.53971,-16.08841],[143.54555,-16.0887],[143.54709,-16.08588],[143.55961,-16.07918],[143.56371,-16.07895],[143.57296,-16.08113],[143.58427,-16.07721],[143.58878,-16.07963],[143.59483,-16.07912],[143.60103,-16.07519],[143.60651,-16.07713],[143.60944,-16.07662],[143.61243,-16.07814],[143.61572,-16.07234],[143.6177,-16.07264],[143.62168,-16.07727],[143.62578,-16.07758],[143.63186,-16.07547],[143.63836,-16.0765],[143.64206,-16.07906],[143.64357,-16.08555],[143.63891,-16.09445],[143.6422,-16.09539],[143.64505,-16.10299],[143.65247,-16.10669],[143.65454,-16.10939],[143.65471,-16.11357],[143.6574,-16.11801],[143.6599,-16.11968],[143.66604,-16.11641],[143.66994,-16.11825],[143.67253,-16.12337],[143.68003,-16.12645],[143.68263,-16.12447],[143.68712,-16.12797],[143.6895,-16.12764],[143.69203,-16.13067],[143.69532,-16.12982],[143.70369,-16.13428],[143.71241,-16.1334],[143.71453,-16.13508],[143.71498,-16.13919],[143.71742,-16.14189],[143.71753,-16.14476],[143.72167,-16.14915],[143.7223,-16.15201],[143.72568,-16.15397],[143.73295,-16.15402],[143.73573,-16.15579],[143.73857,-16.15552],[143.74203,-16.15783],[143.7465,-16.1572],[143.75128,-16.15961],[143.7522,-16.16327],[143.75573,-16.16308],[143.75806,-16.16534],[143.7613,-16.16315],[143.7626,-16.16095],[143.7646,-16.16077],[143.76657,-16.16282],[143.77356,-16.16445],[143.776,-16.16169],[143.77569,-16.15827],[143.77894,-16.15677],[143.78608,-16.15849],[143.79092,-16.15716],[143.79374,-16.15935],[143.79738,-16.15635],[143.80278,-16.15759],[143.8088,-16.1542],[143.81361,-16.14577],[143.8184,-16.14421],[143.82207,-16.13747],[143.82511,-16.13681],[143.83171,-16.13243],[143.84255,-16.13509],[143.84378,-16.13675],[143.85131,-16.13715],[143.85396,-16.13574],[143.85342,-16.1296],[143.85959,-16.12391],[143.86442,-16.12232],[143.86691,-16.11981],[143.86927,-16.11665],[143.87133,-16.10815],[143.87399,-16.10611],[143.87987,-16.1063],[143.88094,-16.10894],[143.88036,-16.11095],[143.89053,-16.1159],[143.89031,-16.11838],[143.89129,-16.11965],[143.89821,-16.11651],[143.89937,-16.12084],[143.90269,-16.12226],[143.90277,-16.12727],[143.90961,-16.12798],[143.91078,-16.13209],[143.91493,-16.13642],[143.91788,-16.13557],[143.92092,-16.13266],[143.92911,-16.12994],[143.93382,-16.12658],[143.93442,-16.12036],[143.94059,-16.11442],[143.94886,-16.1122],[143.94894,-16.10976],[143.95009,-16.10848],[143.9597,-16.11175],[143.96559,-16.11623],[143.96619,-16.11936],[143.96944,-16.119],[143.97353,-16.11607],[143.98183,-16.12055],[143.98656,-16.12227],[143.98906,-16.12206],[143.99118,-16.1241],[143.99667,-16.12446],[144.00615,-16.12845],[144.01028,-16.13161],[144.01598,-16.13868],[144.01843,-16.13966],[144.02256,-16.13921],[144.02695,-16.1418],[144.03171,-16.14186],[144.04101,-16.14709],[144.04349,-16.14752],[144.04822,-16.14722],[144.05057,-16.14168],[144.05186,-16.14124],[144.05684,-16.14362],[144.05855,-16.14296],[144.06191,-16.13879],[144.06782,-16.13572],[144.07014,-16.13058],[144.07806,-16.13161],[144.08635,-16.12888],[144.08853,-16.13201],[144.09292,-16.13474],[144.09549,-16.13368],[144.09727,-16.13027],[144.09826,-16.13056],[144.09812,-16.13371],[144.10054,-16.13935],[144.10289,-16.13993],[144.10599,-16.14486],[144.10757,-16.14319],[144.11068,-16.14383],[144.11367,-16.143],[144.11412,-16.14059],[144.11562,-16.14015],[144.1178,-16.14188],[144.11626,-16.14928],[144.11941,-16.17243],[144.1186,-16.17621],[144.12001,-16.17705],[144.12092,-16.18277],[144.1226,-16.18444],[144.13034,-16.18378],[144.13594,-16.18527],[144.13782,-16.19714],[144.13722,-16.19891],[144.13796,-16.19997],[144.14117,-16.20044],[144.14582,-16.21612],[144.14884,-16.21936],[144.15108,-16.22478],[144.15321,-16.22488],[144.15477,-16.22814],[144.15735,-16.22974],[144.15864,-16.23204],[144.16103,-16.24275],[144.16037,-16.24779],[144.16664,-16.25155],[144.16826,-16.2508],[144.16886,-16.255],[144.17624,-16.25527],[144.17701,-16.25897],[144.17586,-16.26051],[144.17602,-16.26243],[144.17788,-16.26474],[144.1779,-16.26666],[144.17992,-16.26403],[144.18326,-16.26392],[144.18461,-16.26535],[144.18501,-16.27057],[144.18683,-16.26589],[144.1951,-16.26192],[144.19917,-16.26401],[144.20658,-16.26398],[144.21148,-16.26743],[144.21237,-16.27178],[144.2152,-16.2752],[144.21829,-16.27433],[144.2194,-16.27859],[144.22267,-16.28203],[144.21777,-16.28685],[144.22017,-16.29049],[144.2258,-16.29017],[144.2271,-16.29142],[144.22603,-16.29573],[144.22794,-16.30916],[144.22471,-16.3125],[144.22737,-16.3141],[144.2256,-16.3166],[144.22623,-16.31884],[144.22895,-16.31789],[144.23124,-16.31961],[144.23309,-16.32278],[144.23353,-16.32623],[144.23525,-16.32826],[144.24224,-16.33016],[144.24472,-16.33545],[144.24356,-16.33688],[144.2446,-16.33744],[144.24477,-16.34188],[144.24716,-16.34384],[144.25253,-16.3419],[144.25792,-16.33783],[144.25949,-16.3353],[144.26181,-16.33652],[144.26643,-16.33539],[144.26743,-16.3344],[144.26686,-16.33101],[144.26787,-16.32883],[144.27278,-16.32486],[144.27643,-16.32335],[144.28605,-16.33333],[144.2928,-16.33769],[144.29835,-16.3385],[144.30137,-16.33759],[144.30318,-16.33518],[144.30271,-16.33351],[144.30413,-16.33306],[144.30608,-16.32976],[144.30891,-16.32944],[144.31256,-16.3273],[144.31504,-16.33018],[144.31755,-16.3308],[144.31837,-16.32951],[144.31669,-16.32373],[144.31728,-16.32089],[144.31992,-16.3169],[144.3236,-16.31377],[144.32815,-16.29874],[144.33383,-16.29128],[144.3352,-16.29029],[144.33999,-16.29017],[144.34447,-16.28578],[144.35423,-16.29023],[144.36312,-16.30036],[144.36835,-16.30405],[144.37821,-16.31039],[144.38245,-16.31045],[144.38677,-16.31317],[144.38638,-16.31477],[144.38987,-16.32457],[144.39339,-16.32827],[144.39921,-16.33046],[144.40371,-16.33459],[144.40679,-16.34118],[144.40587,-16.34627],[144.40699,-16.34769],[144.41291,-16.34839],[144.41521,-16.34991],[144.4205,-16.34907],[144.42137,-16.34748],[144.42483,-16.34713],[144.42693,-16.34472],[144.42839,-16.34525],[144.42944,-16.34256],[144.43215,-16.34063],[144.4381,-16.34223],[144.43979,-16.33986],[144.44445,-16.33787],[144.45075,-16.33152],[144.45463,-16.33313],[144.45731,-16.33575],[144.46622,-16.33822],[144.47091,-16.3367],[144.47597,-16.34484],[144.47896,-16.34543],[144.48226,-16.34849],[144.48606,-16.34932],[144.48853,-16.34739],[144.49408,-16.34855],[144.4957,-16.35214],[144.50004,-16.35545],[144.50142,-16.35558],[144.50373,-16.35321],[144.5068,-16.35459],[144.50933,-16.35371],[144.51291,-16.35015],[144.51889,-16.34975],[144.52514,-16.34037],[144.52459,-16.33585],[144.52108,-16.33381],[144.51837,-16.32605],[144.51893,-16.32354],[144.51551,-16.32386],[144.51136,-16.32157],[144.50971,-16.31677],[144.51043,-16.31481],[144.51409,-16.31427],[144.5146,-16.3091],[144.51744,-16.30646],[144.51972,-16.3059],[144.52118,-16.30333],[144.5294,-16.29833],[144.53919,-16.2982],[144.54155,-16.30129],[144.54403,-16.3016],[144.54579,-16.30334],[144.55033,-16.301],[144.55761,-16.29987],[144.5585,-16.29415],[144.56161,-16.29168],[144.564,-16.29226],[144.57089,-16.29006],[144.57573,-16.28972],[144.5782,-16.29058],[144.58187,-16.29878],[144.58482,-16.30073],[144.61293,-16.31144],[144.61966,-16.31715],[144.62025,-16.31897],[144.62602,-16.32017],[144.62758,-16.32175],[144.63437,-16.31849],[144.64271,-16.31722],[144.64476,-16.32003],[144.653,-16.32302],[144.65495,-16.32554],[144.67882,-16.33269],[144.68391,-16.32765],[144.68972,-16.32397],[144.69102,-16.32121],[144.69069,-16.31871],[144.69258,-16.31504],[144.6934,-16.30643],[144.68969,-16.29497],[144.69525,-16.27879],[144.69499,-16.26995],[144.69761,-16.2657],[144.70522,-16.26765],[144.71045,-16.26627],[144.71234,-16.26018],[144.71232,-16.25296],[144.7172,-16.25134],[144.73161,-16.2605],[144.7617,-16.26252],[144.76468,-16.2671],[144.76493,-16.27181],[144.77089,-16.27547],[144.77244,-16.27902],[144.77329,-16.28372],[144.77141,-16.29393],[144.78881,-16.30618],[144.8038,-16.32569],[144.80362,-16.32715],[144.80757,-16.33377],[144.80856,-16.3379],[144.8171,-16.33858],[144.82087,-16.34442],[144.81997,-16.34852],[144.82315,-16.35211],[144.82231,-16.3534],[144.82555,-16.3592],[144.83135,-16.35991],[144.83538,-16.36346],[144.83696,-16.36186],[144.83653,-16.35517],[144.83761,-16.3543],[144.8378,-16.35095],[144.84023,-16.34992],[144.84285,-16.35214],[144.8462,-16.35307],[144.84867,-16.35598],[144.85059,-16.35538],[144.84947,-16.35303],[144.85107,-16.3533],[144.85698,-16.34623],[144.85507,-16.34575],[144.85404,-16.34346],[144.85796,-16.34008],[144.85779,-16.33597],[144.85971,-16.33512],[144.86018,-16.33164],[144.86223,-16.3297],[144.86387,-16.33059],[144.86779,-16.32891],[144.86886,-16.32579],[144.87331,-16.32318],[144.8728,-16.32084],[144.87464,-16.31978],[144.87653,-16.32021],[144.87989,-16.32539],[144.88186,-16.32984],[144.88191,-16.33503],[144.88427,-16.34231],[144.88765,-16.3465],[144.89101,-16.34584],[144.89345,-16.34112],[144.90167,-16.33679],[144.90168,-16.33495],[144.9033,-16.33361],[144.90256,-16.32908],[144.90505,-16.3275],[144.90859,-16.33061],[144.91081,-16.33455],[144.91425,-16.33264],[144.91742,-16.33491],[144.92022,-16.33361],[144.92344,-16.33721],[144.92636,-16.33824],[144.92761,-16.34087],[144.931,-16.34131],[144.93259,-16.34321],[144.93938,-16.34595],[144.94154,-16.34521],[144.94117,-16.34337],[144.94433,-16.33996],[144.94371,-16.33676],[144.94867,-16.33763],[144.95426,-16.33611],[144.95541,-16.33782],[144.95649,-16.33687],[144.96175,-16.33823],[144.96504,-16.33429],[144.96766,-16.33476],[144.97156,-16.33197],[144.97128,-16.32671],[144.97524,-16.32616],[144.97785,-16.32371],[144.9805,-16.32467],[144.9806,-16.32091],[144.99226,-16.31651],[144.99381,-16.31327],[144.99246,-16.30364],[144.98794,-16.30101],[144.98459,-16.2947],[144.98512,-16.29094],[144.98426,-16.2874],[144.97843,-16.2853],[144.97581,-16.27962],[144.9769,-16.27689],[144.98173,-16.27254],[144.98289,-16.2702],[144.98632,-16.26897],[144.98659,-16.26626],[144.9949,-16.26367],[144.9982,-16.25884],[144.99205,-16.25619],[144.99249,-16.25305],[144.99829,-16.24953],[145.00044,-16.24602],[145.00083,-16.23973],[145.00426,-16.23788],[145.00675,-16.23264],[145.01163,-16.22648],[145.01158,-16.22493],[145.02104,-16.22089],[145.02615,-16.2244],[145.02087,-16.2264],[145.02031,-16.22903],[145.0248,-16.23134],[145.03357,-16.23064],[145.05438,-16.24078],[145.05402,-16.24299],[145.06174,-16.24899],[145.0587,-16.25091],[145.05788,-16.25474],[145.0552,-16.25926],[145.05961,-16.26199],[145.06096,-16.264],[145.06447,-16.26214],[145.07934,-16.26806],[145.08678,-16.26295],[145.09627,-16.26446],[145.10092,-16.26648],[145.10191,-16.26898],[145.10713,-16.26873],[145.10863,-16.27143],[145.10752,-16.27378],[145.10858,-16.2755],[145.11215,-16.27479],[145.11251,-16.27624],[145.11651,-16.27962],[145.12027,-16.28017],[145.12157,-16.28254],[145.12279,-16.28314],[145.12562,-16.28224],[145.13362,-16.28628],[145.13385,-16.29063],[145.13132,-16.29614],[145.13136,-16.30277],[145.12969,-16.30407],[145.13378,-16.30564],[145.13569,-16.30805],[145.13846,-16.30813],[145.13766,-16.3135],[145.13639,-16.31546],[145.13761,-16.31828],[145.13628,-16.31955],[145.1356,-16.32682],[145.13871,-16.33163],[145.1406,-16.33244],[145.14006,-16.33539],[145.14279,-16.3379],[145.14195,-16.34357],[145.14046,-16.34412],[145.1403,-16.34656],[145.14489,-16.35079],[145.15148,-16.34898],[145.15367,-16.35093],[145.15896,-16.34906],[145.16643,-16.35888],[145.16899,-16.35955],[145.17432,-16.36756],[145.17443,-16.37063],[145.17198,-16.3723],[145.17323,-16.37605],[145.17849,-16.38342],[145.19042,-16.39397],[145.19544,-16.39467],[145.20047,-16.39839],[145.2027,-16.39869],[145.20614,-16.3967],[145.214,-16.3999],[145.21595,-16.40689],[145.21559,-16.41044],[145.21302,-16.41431],[145.20868,-16.4165],[145.20879,-16.41999],[145.21842,-16.42367],[145.22226,-16.42688],[145.22174,-16.4291],[145.22508,-16.43028],[145.22583,-16.43152],[145.22626,-16.43507],[145.22545,-16.43634],[145.22857,-16.44208],[145.23585,-16.44592],[145.2404,-16.4456],[145.24015,-16.44939],[145.24193,-16.451],[145.24429,-16.45747],[145.24422,-16.46159],[145.24264,-16.4622],[145.24294,-16.46433],[145.25227,-16.4643],[145.25942,-16.46825],[145.26766,-16.46579],[145.26974,-16.46655],[145.26928,-16.47045],[145.26827,-16.47139],[145.26882,-16.47249],[145.26576,-16.47187],[145.26272,-16.47511],[145.26364,-16.47802],[145.25952,-16.47903],[145.25789,-16.4822],[145.25844,-16.48458],[145.265,-16.48798],[145.26872,-16.48866],[145.26946,-16.49012],[145.26435,-16.49336],[145.26317,-16.4968],[145.26417,-16.49954],[145.272,-16.4994],[145.27642,-16.50065],[145.27609,-16.50292],[145.27195,-16.50428],[145.27264,-16.51043],[145.27389,-16.51256],[145.28037,-16.51544],[145.27954,-16.51861],[145.28472,-16.51921],[145.28434,-16.52125],[145.28633,-16.52245],[145.29016,-16.52981],[145.29718,-16.53109],[145.29723,-16.53291],[145.29487,-16.53462],[145.29572,-16.53677],[145.29878,-16.5384],[145.30272,-16.53752],[145.30467,-16.53549],[145.30498,-16.5329],[145.30713,-16.53117],[145.30931,-16.53112],[145.31159,-16.53246],[145.3114,-16.5338],[145.31325,-16.53617],[145.32008,-16.53815],[145.31978,-16.54086],[145.3263,-16.54184],[145.32581,-16.55181],[145.33006,-16.55162],[145.33557,-16.54679],[145.34561,-16.54747],[145.34934,-16.55153],[145.35201,-16.55175],[145.35192,-16.55534],[145.35465,-16.55641],[145.35932,-16.55309],[145.36062,-16.55],[145.36284,-16.54865],[145.36199,-16.54576],[145.36295,-16.54326],[145.3672,-16.53969],[145.36749,-16.53663],[145.37205,-16.53295],[145.37355,-16.5191],[145.3843,-16.52019],[145.38537,-16.51036],[145.40414,-16.51227],[145.41065,-16.51998],[145.40773,-16.52228],[145.41148,-16.5267],[145.41029,-16.52763],[145.41338,-16.5313],[145.41552,-16.52962],[145.43321,-16.55197],[145.43186,-16.56882],[145.43932,-16.56968],[145.44559,-16.57535],[145.44483,-16.57848],[145.44231,-16.57877],[145.44439,-16.59374],[145.44146,-16.59607],[145.44182,-16.59865],[145.4491,-16.59937],[145.44855,-16.60447],[145.43585,-16.60357],[145.43783,-16.60587],[145.44,-16.60581],[145.44377,-16.60894],[145.44378,-16.61016],[145.44925,-16.61059],[145.44716,-16.64354],[145.45491,-16.64438],[145.458,-16.64885],[145.46153,-16.64769],[145.46408,-16.64927],[145.4697,-16.64898],[145.46902,-16.64652],[145.47253,-16.64462],[145.48583,-16.64164],[145.48743,-16.64172],[145.49071,-16.64504],[145.49518,-16.64201],[145.50177,-16.64059],[145.51472,-16.62975],[145.51712,-16.6302],[145.52268,-16.62308],[145.52985,-16.62342],[145.53036,-16.62586],[145.52586,-16.62859],[145.52109,-16.63406],[145.524,-16.64516],[145.52377,-16.64643],[145.51997,-16.6488],[145.5213,-16.65364],[145.51937,-16.6566],[145.52192,-16.6595],[145.52114,-16.66073],[145.5171,-16.66025],[145.51373,-16.66467],[145.51367,-16.66571],[145.51521,-16.66597],[145.51492,-16.66866],[145.51704,-16.67097],[145.51793,-16.675],[145.5224,-16.67155],[145.52652,-16.67142],[145.53018,-16.67542],[145.53478,-16.67724],[145.53782,-16.677],[145.5439,-16.68704],[145.55145,-16.69252],[145.55717,-16.69218],[145.56536,-16.69376],[145.56852,-16.69681],[145.57184,-16.69745],[145.57551,-16.7012],[145.58244,-16.70153],[145.58654,-16.7059],[145.6008,-16.71003],[145.60309,-16.71112],[145.60569,-16.71458],[145.6158,-16.71508],[145.62245,-16.71936],[145.6231,-16.72106],[145.63131,-16.72465],[145.63246,-16.72765],[145.63082,-16.73109],[145.63354,-16.73614],[145.63547,-16.73615],[145.6364,-16.7377],[145.63926,-16.73698],[145.64162,-16.73764],[145.6441,-16.7407],[145.64763,-16.74231],[145.64485,-16.74766],[145.6424,-16.74873],[145.64186,-16.75097],[145.64513,-16.75403],[145.64912,-16.76173],[145.64857,-16.76879],[145.65036,-16.7724],[145.65173,-16.773],[145.65199,-16.78367],[145.65617,-16.79219],[145.65394,-16.80323],[145.65491,-16.80647],[145.6597,-16.81236],[145.6603,-16.81712],[145.66594,-16.81979],[145.66478,-16.82465],[145.66539,-16.82946],[145.66398,-16.83423],[145.65987,-16.83817],[145.66939,-16.84535],[145.66865,-16.84723],[145.66234,-16.84812],[145.65991,-16.84617],[145.65378,-16.84971],[145.65217,-16.84931],[145.64392,-16.85303],[145.64909,-16.85746],[145.65487,-16.85861],[145.6588,-16.86338],[145.66616,-16.86657],[145.6661,-16.8689],[145.66189,-16.86977],[145.66092,-16.87227],[145.65401,-16.87488],[145.6511,-16.88056],[145.65604,-16.87959],[145.6596,-16.88123],[145.66333,-16.88106],[145.66405,-16.88428],[145.66575,-16.88427],[145.66927,-16.88966],[145.67329,-16.89199],[145.67363,-16.89407],[145.66805,-16.90962],[145.6639,-16.91255],[145.66085,-16.9169],[145.66346,-16.92034],[145.66154,-16.92874],[145.65744,-16.93034],[145.65668,-16.93444],[145.65,-16.94444],[145.6519,-16.95041],[145.64984,-16.95714],[145.65123,-16.96278],[145.65039,-16.96557],[145.6512,-16.96952],[145.65435,-16.97151],[145.6548,-16.97468],[145.65212,-16.97513],[145.65135,-16.97745],[145.64791,-16.97874],[145.64423,-16.98337],[145.63966,-16.98572],[145.63707,-16.99611],[145.63416,-16.99737],[145.63296,-17.00332],[145.63032,-17.00464],[145.63009,-17.00681],[145.63216,-17.00883],[145.63192,-17.01299],[145.63422,-17.01748],[145.63679,-17.02045],[145.6397,-17.02193],[145.63827,-17.02284],[145.6383,-17.02527],[145.63552,-17.03188],[145.63205,-17.03355],[145.63059,-17.03712],[145.62702,-17.03896],[145.62362,-17.04324],[145.6192,-17.0444],[145.61498,-17.04903],[145.61459,-17.05148],[145.61966,-17.05874],[145.61639,-17.06326],[145.61726,-17.06454],[145.61563,-17.06758],[145.61868,-17.06934],[145.62264,-17.06775],[145.62523,-17.07059],[145.62753,-17.0696],[145.63229,-17.07253],[145.63298,-17.07754],[145.62749,-17.08367],[145.62357,-17.08564],[145.62377,-17.08799],[145.62236,-17.08963],[145.62454,-17.09096],[145.62389,-17.09678],[145.63048,-17.09887],[145.63161,-17.10161],[145.63717,-17.10323],[145.63933,-17.10587],[145.63652,-17.10908],[145.63769,-17.11329],[145.6396,-17.11403],[145.6394,-17.1186],[145.64216,-17.12245],[145.64657,-17.12406],[145.65262,-17.12447],[145.65538,-17.12645],[145.65467,-17.13433],[145.65586,-17.13533],[145.65419,-17.13906],[145.6555,-17.14028],[145.65661,-17.14544],[145.65916,-17.14672],[145.6588,-17.15149],[145.66118,-17.1544],[145.66962,-17.15439],[145.67087,-17.15645],[145.67053,-17.15828],[145.67514,-17.16157],[145.67491,-17.16412],[145.67327,-17.16458],[145.67271,-17.1661],[145.673,-17.16911],[145.67172,-17.16927],[145.67012,-17.17177],[145.70448,-17.17461],[145.70408,-17.21247],[145.71309,-17.21337],[145.7206,-17.23178],[145.75633,-17.24847],[145.76135,-17.23864],[145.76381,-17.23882],[145.77057,-17.23628],[145.77383,-17.23882],[145.77265,-17.24727],[145.77297,-17.2482]]],[[[141.4163,-9.88123],[141.42721,-9.88049],[141.438,-9.87789],[141.45832,-9.86828],[141.46846,-9.86105],[141.47512,-9.85459],[141.48068,-9.84692],[141.48469,-9.83836],[141.48727,-9.82733],[141.48747,-9.81788],[141.48588,-9.80857],[141.48199,-9.79801],[141.47712,-9.79002],[141.47085,-9.78307],[141.46338,-9.77738],[141.45323,-9.77251],[141.44223,-9.76999],[141.4272,-9.77],[141.4143,-9.77157],[141.39867,-9.77583],[141.38636,-9.78275],[141.37717,-9.79085],[141.37019,-9.79972],[141.36537,-9.80991],[141.36242,-9.82462],[141.3625,-9.83587],[141.36578,-9.84858],[141.37115,-9.85849],[141.38,-9.86829],[141.39101,-9.87567],[141.40358,-9.87996],[141.4163,-9.88123]]],[[[144.24285,-9.46458],[144.25216,-9.46355],[144.25937,-9.46151],[144.27407,-9.45335],[144.28103,-9.44704],[144.28687,-9.43974],[144.29357,-9.42657],[144.29567,-9.41757],[144.29606,-9.40676],[144.29176,-9.3857],[144.28546,-9.37109],[144.27627,-9.35936],[144.25668,-9.34238],[144.24553,-9.3367],[144.23603,-9.33357],[144.22556,-9.33219],[144.20888,-9.33273],[144.19965,-9.33501],[144.18938,-9.33994],[144.18154,-9.3289],[144.17241,-9.32084],[144.16462,-9.31612],[144.15097,-9.31003],[144.13927,-9.30636],[144.12311,-9.30529],[144.10996,-9.30768],[144.0979,-9.3134],[144.08777,-9.32207],[144.08117,-9.33138],[144.07668,-9.34172],[144.07446,-9.35058],[144.07397,-9.36152],[144.07589,-9.3723],[144.07996,-9.38248],[144.08587,-9.39153],[144.09295,-9.39903],[144.1017,-9.40526],[144.11298,-9.41077],[144.13224,-9.4162],[144.14744,-9.41718],[144.16359,-9.41357],[144.17595,-9.43756],[144.18319,-9.44576],[144.19037,-9.45149],[144.20544,-9.45821],[144.22895,-9.46344],[144.24285,-9.46458]]],[[[141.55858,-9.66957],[141.57535,-9.66805],[141.5876,-9.66359],[141.60556,-9.65303],[141.6167,-9.64061],[141.62503,-9.62396],[141.62712,-9.61491],[141.62785,-9.60558],[141.62735,-9.59809],[141.62515,-9.58897],[141.61774,-9.57459],[141.62972,-9.56674],[141.63978,-9.55644],[141.64679,-9.54599],[141.65425,-9.52786],[141.65653,-9.51593],[141.65667,-9.50385],[141.65522,-9.48992],[141.65127,-9.47805],[141.64563,-9.46837],[141.63797,-9.46007],[141.62863,-9.45367],[141.61809,-9.4495],[141.60499,-9.44772],[141.59187,-9.44937],[141.58141,-9.44646],[141.57047,-9.44578],[141.55921,-9.44732],[141.54857,-9.45132],[141.53628,-9.46011],[141.52408,-9.47425],[141.51394,-9.47895],[141.50377,-9.48707],[141.48853,-9.50755],[141.48261,-9.52151],[141.48116,-9.53088],[141.48151,-9.54036],[141.48365,-9.54961],[141.4866,-9.55661],[141.50086,-9.5762],[141.50745,-9.58224],[141.51492,-9.58705],[141.5093,-9.59848],[141.50646,-9.61259],[141.50746,-9.62682],[141.51217,-9.64054],[141.52052,-9.65246],[141.53183,-9.66178],[141.54556,-9.66779],[141.55858,-9.66957]]],[[[143.83444,-9.22318],[143.84769,-9.22134],[143.85833,-9.21706],[143.86773,-9.21051],[143.87647,-9.20044],[143.8932,-9.2002],[143.90733,-9.19551],[143.92143,-9.18622],[143.93117,-9.17472],[143.93701,-9.16291],[143.9395,-9.15384],[143.94025,-9.14265],[143.93883,-9.13189],[143.93511,-9.12168],[143.92837,-9.1108],[143.92221,-9.10395],[143.91357,-9.09716],[143.90205,-9.09167],[143.88511,-9.08815],[143.87141,-9.08886],[143.85776,-9.09247],[143.84772,-9.09787],[143.8378,-9.10582],[143.83108,-9.11428],[143.82653,-9.12328],[143.81546,-9.12627],[143.80535,-9.13167],[143.79803,-9.1378],[143.79099,-9.14681],[143.7856,-9.15898],[143.78361,-9.17212],[143.78517,-9.18533],[143.79015,-9.19767],[143.79822,-9.20827],[143.80881,-9.2164],[143.82117,-9.22149],[143.83444,-9.22318]]],[[[142.276,-9.34763],[142.29045,-9.34596],[142.30277,-9.34126],[142.32517,-9.32459],[142.33172,-9.31807],[142.33783,-9.30884],[142.34177,-9.29851],[142.34576,-9.26624],[142.27501,-9.22989],[142.23668,-9.19128],[142.21613,-9.18795],[142.17278,-9.19796],[142.14362,-9.19601],[142.10806,-9.2124],[142.05945,-9.26046],[142.06934,-9.29142],[142.07401,-9.29963],[142.08018,-9.30689],[142.09257,-9.31574],[142.10706,-9.32052],[142.13182,-9.33188],[142.16693,-9.34083],[142.18022,-9.34077],[142.19864,-9.3429],[142.2179,-9.34094],[142.23748,-9.34401],[142.25446,-9.34417],[142.276,-9.34763]]],[[[142.53166,-9.48679],[142.5443,-9.48534],[142.55455,-9.48163],[142.56321,-9.47633],[142.57246,-9.46803],[142.58534,-9.45984],[142.61614,-9.47193],[142.65212,-9.47931],[142.66108,-9.47942],[142.67399,-9.47737],[142.71272,-9.4804],[142.72778,-9.47814],[142.74766,-9.48458],[142.7605,-9.48623],[142.77298,-9.48546],[142.78824,-9.4809],[142.79739,-9.47614],[142.80786,-9.46888],[142.81841,-9.45842],[142.82477,-9.44708],[142.82818,-9.43267],[142.8381,-9.42165],[142.84723,-9.4036],[142.8511,-9.39294],[142.85195,-9.3801],[142.85059,-9.3681],[142.84597,-9.35391],[142.83946,-9.34259],[142.83027,-9.33311],[142.81891,-9.32607],[142.8061,-9.32239],[142.73241,-9.33628],[142.69638,-9.33767],[142.59249,-9.35544],[142.55888,-9.37433],[142.52582,-9.36183],[142.4956,-9.36612],[142.48662,-9.37336],[142.47954,-9.38224],[142.47464,-9.39247],[142.47242,-9.40166],[142.47196,-9.4111],[142.47288,-9.41861],[142.48203,-9.45025],[142.48909,-9.46479],[142.50049,-9.47655],[142.51521,-9.48425],[142.53166,-9.48679]]],[[[142.32139,-9.62984],[142.33132,-9.62964],[142.3441,-9.62761],[142.3526,-9.62477],[142.36206,-9.61969],[142.37063,-9.6128],[142.37853,-9.60376],[142.3833,-9.5963],[142.3876,-9.5862],[142.38947,-9.57718],[142.38966,-9.56798],[142.38768,-9.55707],[142.3843,-9.54824],[142.38042,-9.54172],[142.37427,-9.53452],[142.35428,-9.51842],[142.34408,-9.51381],[142.30167,-9.50103],[142.27711,-9.49536],[142.26079,-9.49215],[142.25184,-9.49163],[142.24095,-9.49285],[142.23032,-9.4962],[142.2147,-9.48757],[142.2059,-9.48517],[142.19682,-9.48438],[142.18263,-9.48626],[142.16698,-9.49051],[142.15847,-9.49418],[142.14666,-9.50305],[142.13385,-9.51914],[142.12995,-9.52769],[142.12739,-9.53852],[142.12706,-9.54931],[142.12856,-9.55819],[142.13238,-9.56846],[142.13721,-9.57629],[142.14339,-9.58313],[142.15231,-9.58968],[142.16441,-9.59496],[142.17755,-9.59705],[142.19133,-9.59598],[142.20339,-9.59181],[142.21803,-9.59886],[142.22842,-9.60562],[142.24948,-9.61446],[142.30067,-9.62692],[142.32139,-9.62984]]]]},"properties":{"District Name":"Cairns","DDMG Name":"Cairns"}},{"type":"Feature","geometry":{"type":"Polygon","coordinates":[[[140.99946,-26.90844],[140.99927,-28.9991],[146.94501,-28.99913],[146.94501,-28.99823],[146.9417,-28.99711],[146.93567,-28.99125],[146.95269,-28.86146],[146.86329,-28.85428],[146.86775,-28.83131],[146.88477,-28.76739],[146.89236,-28.72146],[146.92518,-28.72407],[146.93841,-28.63103],[146.92792,-28.62981],[146.93786,-28.55953],[146.95773,-28.53639],[146.9634,-28.50615],[146.96023,-28.43942],[146.96511,-28.41417],[146.96004,-28.41292],[146.96788,-28.36018],[146.91569,-28.35407],[146.92625,-28.28219],[146.93208,-28.26074],[146.94914,-28.26301],[146.99017,-27.98989],[147.06856,-27.99091],[147.10497,-27.99477],[147.10846,-27.97321],[147.11956,-27.9282],[147.12424,-27.89804],[147.10972,-27.89586],[147.11795,-27.8574],[147.10809,-27.81783],[147.11718,-27.76144],[147.11672,-27.75532],[147.121,-27.71337],[147.14291,-27.5749],[147.06327,-27.56611],[147.06451,-27.5572],[147.06144,-27.5445],[147.05268,-27.47613],[147.03994,-27.47533],[147.04977,-27.40713],[147.04375,-27.40638],[147.04724,-27.36556],[147.06411,-27.24478],[147.0816,-27.17055],[147.0871,-27.17112],[147.09665,-27.09977],[147.03017,-27.09227],[147.03142,-27.08291],[147.03842,-27.08384],[147.0492,-27.01122],[147.05759,-27.0006],[147.06436,-26.95637],[147.20579,-26.96745],[147.21979,-26.87457],[147.22141,-26.743],[147.23762,-26.69944],[147.23838,-26.64529],[147.24442,-26.60205],[147.24905,-26.59517],[147.24632,-26.5811],[147.24259,-26.57749],[147.20986,-26.5738],[147.21632,-26.52775],[147.23096,-26.51915],[147.30501,-26.52753],[147.31755,-26.43601],[147.31772,-26.4351],[147.32108,-26.43587],[147.32993,-26.37112],[147.34386,-26.28291],[147.3733,-26.28694],[147.37913,-26.24141],[147.35581,-26.23882],[147.35936,-26.21531],[147.3676,-26.19439],[147.36687,-26.19265],[147.36897,-26.18618],[147.37092,-26.18299],[147.36996,-26.18105],[147.35941,-26.17315],[147.36034,-26.16406],[147.35934,-26.15559],[147.36503,-26.14332],[147.37073,-26.13958],[147.3764,-26.13813],[147.38275,-26.13368],[147.40055,-26.13862],[147.40727,-26.14356],[147.41522,-26.13798],[147.43402,-26.1402],[147.44413,-26.13425],[147.45132,-26.08137],[147.44833,-26.07894],[147.44388,-26.06632],[147.44099,-26.06485],[147.44155,-26.0592],[147.4441,-26.05752],[147.4449,-26.05491],[147.44956,-26.05167],[147.44936,-26.04692],[147.45166,-26.04555],[147.4498,-26.04158],[147.44764,-26.0281],[147.44815,-26.01744],[147.44179,-26.01337],[147.4422,-26.0102],[147.45342,-25.99175],[147.4547,-25.98039],[147.44907,-25.9777],[147.43155,-25.97569],[147.42827,-25.97461],[147.42472,-25.97122],[147.41136,-25.97082],[147.40706,-25.97357],[147.40294,-25.9705],[147.39916,-25.97003],[147.37092,-25.94225],[147.3647,-25.93967],[147.35965,-25.93988],[147.35623,-25.93757],[147.35153,-25.92864],[147.33925,-25.93231],[147.33339,-25.93209],[147.32978,-25.92956],[147.32593,-25.92848],[147.32304,-25.92953],[147.32037,-25.92803],[147.31319,-25.92745],[147.31063,-25.92242],[147.30334,-25.92201],[147.29111,-25.91723],[147.28874,-25.91744],[147.28249,-25.91501],[147.28157,-25.91563],[147.28061,-25.91311],[147.28118,-25.91068],[147.28349,-25.90938],[147.2836,-25.90595],[147.28621,-25.90365],[147.28431,-25.8961],[147.28012,-25.88628],[147.27795,-25.88405],[147.27969,-25.88115],[147.27953,-25.87922],[147.27549,-25.87743],[147.27524,-25.8764],[147.2763,-25.85854],[147.27584,-25.83581],[147.26759,-25.81516],[147.26012,-25.80641],[147.25733,-25.80131],[147.25612,-25.79731],[147.25881,-25.79388],[147.25862,-25.79205],[147.16015,-25.78106],[147.17932,-25.62923],[147.28547,-25.64051],[147.30494,-25.4954],[147.35593,-25.50111],[147.37284,-25.37436],[147.38453,-25.37547],[147.3931,-25.35417],[147.38996,-25.34326],[147.36214,-25.32237],[147.36178,-25.30648],[147.35921,-25.29071],[147.54121,-25.31162],[147.55427,-25.21906],[147.6552,-25.23081],[147.67542,-25.08017],[147.64874,-25.07668],[147.65921,-25.00446],[147.68352,-25.00739],[147.69989,-25.01172],[147.70802,-25.01814],[147.7193,-25.0227],[147.72593,-25.03279],[147.73246,-25.03745],[147.73419,-25.0378],[147.73924,-25.03251],[147.74723,-25.03342],[147.74752,-25.03164],[147.75018,-25.03039],[147.75155,-25.03171],[147.76252,-25.03167],[147.76388,-25.03363],[147.76587,-25.03375],[147.76679,-25.03174],[147.76876,-25.03202],[147.77098,-25.029],[147.76917,-25.02683],[147.77293,-25.02563],[147.77819,-25.02735],[147.78079,-25.02642],[147.78061,-25.0188],[147.79109,-25.00689],[147.7934,-24.99699],[147.79947,-24.99426],[147.80067,-24.99095],[147.80433,-24.98664],[147.80552,-24.98227],[147.8087,-24.97878],[147.80788,-24.97712],[147.81398,-24.96993],[147.81716,-24.97362],[147.81833,-24.97219],[147.82011,-24.97293],[147.82255,-24.97148],[147.82481,-24.9736],[147.82989,-24.97109],[147.83394,-24.97261],[147.83459,-24.97001],[147.84003,-24.96687],[147.83964,-24.96548],[147.84172,-24.96447],[147.84501,-24.96561],[147.84948,-24.96509],[147.85051,-24.96357],[147.85334,-24.96282],[147.85184,-24.96068],[147.85291,-24.95915],[147.85949,-24.95673],[147.86092,-24.95434],[147.87165,-24.95374],[147.87246,-24.95063],[147.86944,-24.94828],[147.87067,-24.9458],[147.87928,-24.9402],[147.88221,-24.94262],[147.88403,-24.94046],[147.88415,-24.93865],[147.88767,-24.93627],[147.89473,-24.93963],[147.89864,-24.94037],[147.89816,-24.9376],[147.89484,-24.934],[147.89254,-24.92919],[147.89267,-24.9272],[147.89123,-24.92595],[147.89126,-24.92228],[147.89517,-24.9184],[147.89794,-24.91811],[147.90056,-24.91941],[147.90224,-24.91786],[147.90419,-24.91822],[147.90417,-24.92058],[147.90732,-24.91973],[147.90883,-24.92092],[147.91658,-24.91935],[147.92234,-24.92052],[147.92835,-24.90928],[147.93148,-24.90703],[147.9355,-24.90184],[147.94006,-24.90002],[147.94623,-24.89542],[147.94821,-24.8952],[147.95227,-24.88898],[147.95426,-24.88888],[147.95453,-24.88626],[147.95049,-24.88091],[147.94935,-24.87999],[147.9462,-24.87617],[147.94706,-24.873],[147.94358,-24.87222],[147.94153,-24.87023],[147.94235,-24.86761],[147.93788,-24.8616],[147.93397,-24.86092],[147.9213,-24.84983],[147.91525,-24.84757],[147.91524,-24.84279],[147.91331,-24.8394],[147.91641,-24.82936],[147.91909,-24.82492],[147.91582,-24.82164],[147.91525,-24.81932],[147.91247,-24.81929],[147.91061,-24.81649],[147.90757,-24.81489],[147.90129,-24.81417],[147.89984,-24.8087],[147.89362,-24.80377],[147.88722,-24.79574],[147.87825,-24.79048],[147.87736,-24.78749],[147.87413,-24.78823],[147.86825,-24.78566],[147.86395,-24.78627],[147.86084,-24.78387],[147.85868,-24.78367],[147.85766,-24.78159],[147.85656,-24.78179],[147.85213,-24.77803],[147.85091,-24.77594],[147.85246,-24.77139],[147.84846,-24.76807],[147.84842,-24.76621],[147.84482,-24.76224],[147.83412,-24.75427],[147.83036,-24.7547],[147.82862,-24.75377],[147.82658,-24.7504],[147.8276,-24.74448],[147.82402,-24.736],[147.8237,-24.73524],[147.82346,-24.73523],[147.81725,-24.73499],[147.81158,-24.73714],[147.80512,-24.73376],[147.8031,-24.73343],[147.80139,-24.73494],[147.79956,-24.73482],[147.79716,-24.73394],[147.79632,-24.7321],[147.7913,-24.73076],[147.78653,-24.73338],[147.78354,-24.73374],[147.77684,-24.73897],[147.77407,-24.73898],[147.77182,-24.73756],[147.77026,-24.73322],[147.7632,-24.72895],[147.75968,-24.72801],[147.75176,-24.73065],[147.74787,-24.73026],[147.74599,-24.7287],[147.73523,-24.73032],[147.7303,-24.73301],[147.72439,-24.74095],[147.71858,-24.74432],[147.71831,-24.74775],[147.71607,-24.75024],[147.71046,-24.75327],[147.70487,-24.75315],[147.70372,-24.75413],[147.70207,-24.76044],[147.69353,-24.76112],[147.68865,-24.76317],[147.68045,-24.77385],[147.67336,-24.77012],[147.67043,-24.76965],[147.666,-24.77106],[147.65146,-24.77112],[147.64658,-24.77321],[147.64442,-24.77697],[147.64533,-24.78627],[147.64678,-24.78813],[147.6495,-24.78872],[147.64996,-24.79026],[147.64695,-24.79789],[147.64705,-24.79995],[147.64194,-24.79889],[147.63904,-24.80138],[147.63472,-24.80121],[147.63087,-24.80381],[147.61729,-24.80494],[147.61192,-24.80766],[147.60658,-24.81245],[147.59215,-24.81824],[147.5896,-24.81841],[147.58761,-24.82323],[147.58359,-24.82596],[147.58261,-24.83186],[147.57854,-24.83604],[147.56053,-24.83427],[147.55922,-24.83308],[147.55865,-24.82551],[147.55989,-24.82339],[147.55833,-24.81918],[147.55394,-24.81947],[147.54945,-24.82121],[147.54433,-24.81772],[147.54244,-24.81756],[147.54015,-24.82298],[147.53867,-24.82407],[147.53268,-24.82382],[147.52394,-24.82899],[147.51873,-24.8302],[147.51279,-24.82654],[147.50826,-24.82071],[147.50621,-24.82629],[147.50926,-24.83328],[147.50897,-24.8349],[147.50448,-24.83838],[147.50143,-24.84472],[147.49651,-24.84701],[147.4898,-24.87123],[147.4885,-24.87364],[147.48362,-24.87698],[147.47644,-24.87822],[147.41972,-24.88137],[147.39627,-24.87631],[147.39322,-24.87863],[147.39011,-24.87372],[147.38096,-24.87079],[147.37355,-24.87117],[147.36976,-24.87675],[147.36596,-24.87744],[147.36329,-24.87713],[147.36108,-24.87521],[147.3498,-24.87551],[147.34158,-24.87132],[147.33988,-24.87205],[147.33556,-24.871],[147.33318,-24.87249],[147.32559,-24.87304],[147.32406,-24.87076],[147.3221,-24.87047],[147.31847,-24.87259],[147.31958,-24.88237],[147.31734,-24.88489],[147.30853,-24.88386],[147.30537,-24.88497],[147.30404,-24.88972],[147.30133,-24.89181],[147.29757,-24.89218],[147.29639,-24.8958],[147.2949,-24.8967],[147.29415,-24.90255],[147.28912,-24.90886],[147.2889,-24.91105],[147.28357,-24.91902],[147.27951,-24.91918],[147.27763,-24.9213],[147.27633,-24.92531],[147.27751,-24.94027],[147.28285,-24.94985],[147.27833,-24.95691],[147.27449,-24.95817],[147.27068,-24.95711],[147.26499,-24.9611],[147.26279,-24.96713],[147.25749,-24.97126],[147.25433,-24.97545],[147.23787,-24.98631],[147.23297,-24.98714],[147.22691,-24.98033],[147.22094,-24.98043],[147.20623,-24.99129],[147.18139,-24.99288],[147.16736,-24.98922],[147.16109,-24.98216],[147.15554,-24.98163],[147.15966,-24.97311],[147.16017,-24.96838],[147.15903,-24.96526],[147.1557,-24.96308],[147.14709,-24.96186],[147.13536,-24.95847],[147.13142,-24.95951],[147.12697,-24.96358],[147.1223,-24.96482],[147.11944,-24.96747],[147.11664,-24.97343],[147.11177,-24.97835],[147.11032,-24.98261],[147.11209,-24.99018],[147.11106,-24.99311],[147.09695,-25.00211],[147.09322,-25.00258],[147.09175,-25.00219],[147.08846,-25.0013],[147.08688,-25.00088],[147.08107,-24.99748],[147.07494,-24.99164],[147.074,-24.99132],[147.07173,-24.99124],[147.06955,-24.98982],[147.06458,-24.99049],[147.06114,-24.99541],[147.05889,-24.99657],[147.09336,-25.06914],[147.08898,-25.07003],[147.04793,-25.06527],[147.03125,-25.07746],[147.00737,-25.07525],[147.00282,-25.1071],[147.00726,-25.11188],[147.00765,-25.11393],[147.00508,-25.11485],[147.00594,-25.11723],[147.0012,-25.15322],[146.94575,-25.14797],[146.93849,-25.20971],[146.89857,-25.20784],[146.87948,-25.22092],[146.8766,-25.22609],[146.87561,-25.22619],[146.87222,-25.23403],[146.87085,-25.2347],[146.86899,-25.2399],[146.86677,-25.24063],[146.86744,-25.24263],[146.85649,-25.26075],[146.84942,-25.2672],[146.84425,-25.27446],[146.84383,-25.27913],[146.79684,-25.31492],[146.74307,-25.35357],[146.73963,-25.35471],[146.73721,-25.35778],[146.75822,-25.18821],[146.58625,-25.16942],[146.57538,-25.17427],[146.56789,-25.23967],[146.57379,-25.24767],[146.56555,-25.30848],[146.55824,-25.30749],[146.55637,-25.31047],[146.49568,-25.3039],[146.50096,-25.31053],[146.50975,-25.33513],[146.36574,-25.31898],[146.3696,-25.29123],[146.35206,-25.28921],[146.35091,-25.29],[146.29254,-25.28235],[146.21594,-25.27441],[146.2006,-25.39025],[146.21058,-25.39129],[146.20806,-25.40395],[146.20772,-25.41479],[146.19229,-25.50654],[146.18274,-25.50539],[146.17239,-25.58823],[146.0976,-25.58314],[145.97115,-25.56897],[145.97332,-25.55013],[145.97329,-25.52176],[145.97649,-25.4877],[145.93858,-25.48761],[145.94049,-25.491],[145.94216,-25.49944],[145.93894,-25.52735],[145.93935,-25.53355],[145.93482,-25.56499],[145.96801,-25.63554],[145.96409,-25.6382],[145.96827,-25.67012],[145.96901,-25.70106],[145.96382,-25.71085],[145.94525,-25.72075],[145.93,-25.71887],[145.92004,-25.71404],[145.74602,-25.69183],[145.74511,-25.6817],[145.74161,-25.67397],[145.74365,-25.65846],[145.74233,-25.65629],[145.7446,-25.65165],[145.74925,-25.61583],[145.67395,-25.60857],[145.67223,-25.61246],[145.6654,-25.61605],[145.66397,-25.6194],[145.66386,-25.62157],[145.66629,-25.6274],[145.66345,-25.62995],[145.65884,-25.64585],[145.654,-25.64949],[145.64623,-25.65051],[145.64454,-25.65201],[145.64521,-25.655],[145.64418,-25.65614],[145.64135,-25.65652],[145.63822,-25.65962],[145.63689,-25.66365],[145.6362,-25.67298],[145.63708,-25.67792],[145.63369,-25.68193],[145.63378,-25.68741],[145.62442,-25.69124],[145.62164,-25.69534],[145.62045,-25.70186],[145.61793,-25.7058],[145.61298,-25.71104],[145.60503,-25.71656],[145.60426,-25.72464],[145.60002,-25.72864],[145.59861,-25.73213],[145.59877,-25.73877],[145.60079,-25.7409],[145.59098,-25.74344],[145.58408,-25.75471],[145.49255,-25.74629],[145.50213,-25.66829],[145.50267,-25.61763],[145.50795,-25.62239],[145.52786,-25.6239],[145.53827,-25.60352],[145.54718,-25.51859],[145.54931,-25.51685],[145.54982,-25.5096],[145.45954,-25.50383],[145.45356,-25.50029],[145.44744,-25.49964],[145.44095,-25.49234],[145.42857,-25.49169],[145.42467,-25.49027],[145.40684,-25.49521],[145.39586,-25.47171],[145.36107,-25.45485],[145.35973,-25.45499],[145.35404,-25.45059],[145.32621,-25.44635],[145.31666,-25.45956],[145.29616,-25.46515],[145.28777,-25.48284],[145.24976,-25.47862],[145.25329,-25.4505],[145.27166,-25.45235],[145.2841,-25.35789],[145.28338,-25.35873],[145.20436,-25.35009],[145.20357,-25.34909],[145.12231,-25.33994],[145.11262,-25.33593],[145.10675,-25.33816],[145.09772,-25.33908],[145.08841,-25.33708],[145.05252,-25.33325],[145.056,-25.32503],[145.05574,-25.32098],[145.05993,-25.31281],[145.06005,-25.30397],[145.0581,-25.30135],[145.04738,-25.29383],[145.05066,-25.29129],[145.05393,-25.29134],[145.05871,-25.28799],[145.06135,-25.28414],[145.06208,-25.27775],[145.06135,-25.27585],[145.03321,-25.27322],[145.03218,-25.27178],[145.0205,-25.27204],[145.01682,-25.27059],[145.01717,-25.26971],[145.01588,-25.26882],[145.01489,-25.26887],[145.01365,-25.2714],[145.00762,-25.27082],[145.00595,-25.26938],[145.00232,-25.26862],[144.99923,-25.27004],[144.98345,-25.26848],[144.98088,-25.26677],[144.97877,-25.26918],[144.97371,-25.27013],[144.96764,-25.26669],[144.964,-25.26318],[144.94794,-25.26222],[144.94469,-25.25995],[144.94237,-25.26188],[144.9326,-25.2614],[144.92675,-25.25904],[144.92434,-25.26063],[144.89549,-25.25933],[144.89104,-25.25812],[144.88929,-25.2586],[144.88234,-25.25581],[144.88025,-25.25689],[144.88017,-25.25854],[144.86947,-25.25796],[144.93093,-25.21316],[144.93435,-25.21271],[144.94011,-25.20984],[144.94081,-25.20698],[144.93873,-25.19712],[144.93968,-25.19566],[144.94613,-25.19137],[144.95871,-25.18842],[144.96139,-25.18536],[144.97141,-25.18366],[144.97861,-25.12466],[144.97974,-25.12377],[144.97892,-25.12228],[144.97921,-25.11573],[144.9818,-25.09884],[144.98014,-25.09817],[144.9806,-25.09378],[144.98256,-25.09259],[144.99091,-25.01135],[144.98441,-25.01416],[144.97572,-25.02104],[144.96541,-25.02603],[144.96291,-25.02973],[144.95981,-25.03179],[144.94186,-25.03387],[144.93331,-25.03259],[144.92599,-25.03388],[144.91255,-25.03218],[144.90855,-25.03387],[144.90426,-25.03766],[144.89862,-25.03828],[144.88982,-25.02906],[144.88876,-25.0238],[144.88473,-25.01989],[144.87463,-25.01952],[144.86225,-24.99982],[144.84676,-24.99023],[144.845,-24.98443],[144.84887,-24.97497],[144.84971,-24.96955],[144.85752,-24.94689],[144.85843,-24.93705],[144.85303,-24.92678],[144.86059,-24.91907],[144.79602,-24.91306],[144.80395,-24.84046],[144.69842,-24.83082],[144.71662,-24.68238],[144.68176,-24.67889],[144.68531,-24.64896],[144.65178,-24.66252],[144.62755,-24.96755],[144.48183,-25.07818],[144.46159,-25.03069],[144.39956,-25.13141],[144.38189,-25.11263],[144.25269,-25.2097],[144.22498,-25.25548],[144.21629,-25.2644],[144.15769,-25.35808],[144.15567,-25.37089],[144.16172,-25.37534],[144.16883,-25.39433],[144.16206,-25.41211],[144.15049,-25.4333],[144.12159,-25.44303],[144.12008,-25.44782],[144.12102,-25.45305],[144.1245,-25.46007],[144.12501,-25.4645],[144.12291,-25.46955],[144.12002,-25.47266],[144.12018,-25.4741],[144.11163,-25.47875],[144.11387,-25.50187],[144.10931,-25.50549],[144.10956,-25.50655],[144.10672,-25.50808],[144.10549,-25.5102],[144.10645,-25.51438],[144.10422,-25.51681],[144.10079,-25.51835],[144.09882,-25.52207],[144.09593,-25.52331],[144.09071,-25.53348],[144.0887,-25.5344],[144.08437,-25.53411],[144.07222,-25.54174],[144.07035,-25.5541],[144.07077,-25.55789],[144.04361,-25.5747],[144.03923,-25.57915],[144.03457,-25.58129],[144.01482,-25.58165],[144.01323,-25.58271],[144.01144,-25.5817],[144.00132,-25.58185],[144.0008,-25.58297],[143.92215,-25.49398],[143.82268,-25.48451],[143.82237,-25.48722],[143.7483,-25.48159],[143.74737,-25.48959],[143.74091,-25.48379],[143.74062,-25.48243],[143.74181,-25.47449],[143.74508,-25.46891],[143.76664,-25.4698],[143.77848,-25.46148],[143.77989,-25.45969],[143.78071,-25.45348],[143.78692,-25.45282],[143.7886,-25.45138],[143.76664,-25.40064],[143.75174,-25.38243],[143.7522,-25.37882],[143.73434,-25.36168],[143.70565,-25.35223],[143.70158,-25.34876],[143.70035,-25.34322],[143.67981,-25.32859],[143.67692,-25.32427],[143.67386,-25.32446],[143.66775,-25.32199],[143.66193,-25.31625],[143.65011,-25.31163],[143.64494,-25.30667],[143.63806,-25.30472],[143.62738,-25.3112],[143.62077,-25.3126],[143.61768,-25.31042],[143.61483,-25.30438],[143.61125,-25.3021],[143.61094,-25.29912],[143.60814,-25.29914],[143.59294,-25.28224],[143.47437,-25.37102],[143.44161,-25.36839],[143.44122,-25.37131],[143.43731,-25.37388],[143.43614,-25.3833],[143.43928,-25.3866],[143.43492,-25.42075],[143.43598,-25.42083],[143.43003,-25.48061],[143.42556,-25.4865],[143.42602,-25.48851],[143.42893,-25.49097],[143.43012,-25.49557],[143.42798,-25.49987],[143.41765,-25.59451],[143.45419,-25.59763],[143.44823,-25.65189],[143.39521,-25.64756],[143.3943,-25.64658],[143.39392,-25.65058],[143.39315,-25.65065],[143.38835,-25.6471],[143.3756,-25.64125],[143.36835,-25.64195],[143.36396,-25.63867],[143.27567,-25.63081],[143.27557,-25.63171],[143.27358,-25.63153],[143.27368,-25.63062],[143.2104,-25.62477],[143.19858,-25.73736],[142.98376,-25.71773],[142.97185,-25.82247],[142.88516,-25.81383],[142.90239,-25.66915],[142.72851,-25.65223],[142.71933,-25.64388],[142.7224,-25.64252],[142.72696,-25.64354],[142.73305,-25.64143],[142.73639,-25.63139],[142.73681,-25.62544],[142.73958,-25.62054],[142.59112,-25.60893],[142.51317,-25.67073],[142.51263,-25.67794],[142.4821,-25.69493],[142.4815,-25.69712],[142.45679,-25.70988],[142.44352,-25.71838],[142.43589,-25.72487],[142.42842,-25.72498],[142.41682,-25.72911],[142.40739,-25.72988],[142.40373,-25.73294],[142.38126,-25.73894],[142.37868,-25.75015],[142.36328,-25.75508],[142.35753,-25.7536],[142.33742,-25.75677],[142.31859,-25.76397],[142.31426,-25.76893],[142.30271,-25.77602],[142.2869,-25.78156],[142.27593,-25.78149],[142.22865,-25.82129],[142.21445,-25.82971],[142.19849,-25.82945],[142.19396,-25.8576],[142.17324,-25.85545],[142.16071,-25.94684],[142.14348,-26.09318],[142.16144,-26.19603],[142.15991,-26.19676],[142.15907,-26.19892],[142.15977,-26.1998],[142.15742,-26.20143],[142.15798,-26.20266],[142.15662,-26.20282],[142.15715,-26.20376],[142.15593,-26.20609],[142.15412,-26.20686],[142.15131,-26.21087],[142.14825,-26.21168],[142.14694,-26.2147],[142.143,-26.21632],[142.14248,-26.21891],[142.14096,-26.21974],[142.14178,-26.22176],[142.1344,-26.22724],[142.13501,-26.22876],[142.13348,-26.23071],[142.13432,-26.23201],[142.13027,-26.24126],[142.12887,-26.24207],[142.12939,-26.24567],[142.12644,-26.25027],[142.12648,-26.25428],[142.12403,-26.25852],[142.12592,-26.26433],[142.12315,-26.26629],[142.12113,-26.27063],[142.11948,-26.27118],[142.11886,-26.27484],[142.11586,-26.27626],[142.11618,-26.27938],[142.11505,-26.27998],[142.11426,-26.27866],[142.11396,-26.28022],[142.11276,-26.27986],[142.1123,-26.28073],[142.11299,-26.2822],[142.1122,-26.28315],[142.11401,-26.28508],[142.11258,-26.28936],[142.10978,-26.29305],[142.11109,-26.29446],[142.11075,-26.29785],[142.10797,-26.29946],[142.10603,-26.30293],[142.09909,-26.30708],[142.0958,-26.31246],[142.09602,-26.3164],[142.09178,-26.32833],[142.0811,-26.34233],[142.0807,-26.35969],[142.07455,-26.38528],[142.05913,-26.3748],[142.05825,-26.38127],[141.89105,-26.36649],[141.89131,-26.3582],[141.79806,-26.35017],[141.79731,-26.35752],[141.7188,-26.35055],[141.71722,-26.35902],[141.71229,-26.36654],[141.70649,-26.37868],[141.70418,-26.38669],[141.70456,-26.38806],[141.70568,-26.38804],[141.70462,-26.38991],[141.70551,-26.3904],[141.70551,-26.39378],[141.70652,-26.39388],[141.70572,-26.39456],[141.70675,-26.39636],[141.70596,-26.39672],[141.70773,-26.39828],[141.70667,-26.39989],[141.7082,-26.40111],[141.70802,-26.40217],[141.70675,-26.40217],[141.70724,-26.4044],[141.70856,-26.40737],[141.71175,-26.40902],[141.71011,-26.41177],[141.71127,-26.41675],[141.70826,-26.41761],[141.71177,-26.42096],[141.71108,-26.42248],[141.70664,-26.42443],[141.70662,-26.42565],[141.70772,-26.42588],[141.70645,-26.42906],[141.70958,-26.43136],[141.71209,-26.43089],[141.71199,-26.43501],[141.71337,-26.436],[141.71331,-26.43841],[141.71527,-26.44016],[141.7147,-26.44177],[141.71636,-26.44389],[141.71489,-26.44963],[141.7116,-26.44922],[141.71078,-26.45166],[141.71274,-26.4535],[141.71359,-26.45666],[141.71695,-26.45813],[141.71378,-26.46023],[141.71409,-26.46291],[141.71535,-26.46505],[141.71836,-26.46609],[141.71948,-26.46775],[141.71883,-26.46956],[141.72013,-26.4735],[141.71845,-26.47293],[141.71853,-26.47467],[141.71973,-26.4757],[141.71896,-26.47667],[141.72133,-26.47858],[141.72084,-26.48124],[141.72173,-26.48298],[141.72529,-26.48281],[141.72568,-26.48438],[141.72353,-26.48743],[141.72401,-26.48893],[141.72794,-26.48549],[141.72926,-26.48821],[141.73189,-26.48839],[141.72966,-26.4904],[141.72959,-26.49216],[141.73316,-26.49112],[141.7341,-26.49201],[141.73395,-26.49415],[141.73642,-26.49717],[141.73546,-26.49884],[141.73718,-26.50015],[141.73462,-26.50058],[141.73457,-26.50136],[141.73811,-26.50369],[141.73839,-26.50748],[141.73912,-26.50818],[141.73991,-26.50711],[141.7411,-26.5084],[141.7403,-26.51273],[141.73845,-26.5137],[141.74273,-26.51551],[141.74303,-26.51657],[141.74174,-26.51989],[141.73851,-26.52134],[141.74057,-26.52313],[141.73954,-26.52528],[141.74424,-26.52929],[141.74281,-26.53367],[141.74374,-26.53623],[141.74895,-26.54141],[141.74937,-26.54404],[141.75288,-26.54748],[141.75493,-26.5463],[141.75886,-26.54727],[141.76153,-26.54994],[141.76161,-26.55185],[141.75952,-26.55408],[141.75975,-26.55525],[141.7628,-26.55996],[141.76915,-26.56561],[141.76923,-26.56942],[141.77151,-26.57403],[141.77477,-26.57719],[141.77689,-26.57713],[141.77786,-26.58003],[141.77714,-26.58217],[141.78009,-26.58435],[141.77966,-26.58631],[141.78144,-26.58871],[141.78372,-26.59001],[141.78355,-26.59226],[141.7846,-26.59352],[141.7838,-26.59459],[141.78564,-26.59683],[141.78558,-26.59968],[141.78999,-26.5998],[141.79048,-26.605],[141.79358,-26.60634],[141.79477,-26.6088],[141.79793,-26.61002],[141.79625,-26.61284],[141.79852,-26.61592],[141.79942,-26.6196],[141.80141,-26.61964],[141.80179,-26.62163],[141.80358,-26.62259],[141.80492,-26.62184],[141.80554,-26.62499],[141.8066,-26.62411],[141.80769,-26.62588],[141.80693,-26.62685],[141.80952,-26.62676],[141.81221,-26.62856],[141.81307,-26.63193],[141.81179,-26.6415],[141.80901,-26.64363],[141.80933,-26.65104],[141.80708,-26.65317],[141.80769,-26.65634],[141.80497,-26.66015],[141.80864,-26.66317],[141.81141,-26.66399],[141.81421,-26.6678],[141.81492,-26.67065],[141.81673,-26.67187],[141.81572,-26.67379],[141.81392,-26.6736],[141.81243,-26.67585],[141.81273,-26.67758],[141.81692,-26.68335],[141.81539,-26.68612],[141.81775,-26.68623],[141.81655,-26.68864],[141.82024,-26.68748],[141.82102,-26.68811],[141.82296,-26.69687],[141.82743,-26.69474],[141.82983,-26.69664],[141.83691,-26.69463],[141.83883,-26.69998],[141.8382,-26.70351],[141.83158,-26.71243],[141.83253,-26.71388],[141.83656,-26.71461],[141.8386,-26.71643],[141.83897,-26.71859],[141.83741,-26.72163],[141.83243,-26.72264],[141.8319,-26.72392],[141.83406,-26.72837],[141.83772,-26.73077],[141.83845,-26.73248],[141.83764,-26.73338],[141.83473,-26.73188],[141.83177,-26.73273],[141.83147,-26.73439],[141.83403,-26.7359],[141.8342,-26.73747],[141.83081,-26.74023],[141.83172,-26.74209],[141.8285,-26.74152],[141.82923,-26.74054],[141.82486,-26.74065],[141.824,-26.74402],[141.82645,-26.74709],[141.7728,-26.74158],[141.75642,-26.73716],[141.72577,-26.73401],[141.70973,-26.73484],[141.70596,-26.73665],[141.703,-26.73632],[141.69715,-26.7334],[141.69205,-26.73431],[141.67248,-26.73068],[141.66272,-26.72607],[141.65467,-26.72897],[141.58388,-26.72187],[141.54345,-26.67657],[141.39612,-26.66249],[141.25472,-26.66329],[141.25411,-26.67773],[141.21688,-26.67998],[141.1879,-26.92687],[140.99946,-26.90844]]]},"properties":{"District Name":"Charleville","DDMG Name":"Charleville"}},{"type":"Feature","geometry":{"type":"Polygon","coordinates":[[[151.0821,-26.09962],[151.07875,-26.09668],[151.07777,-26.09582],[151.07381,-26.09521],[151.06735,-26.08522],[151.05612,-26.09032],[151.0542,-26.08871],[151.0401,-26.0876],[151.0325,-26.08508],[151.01588,-26.07711],[151.01036,-26.07116],[151.00897,-26.06767],[151.00849,-26.05959],[151.00204,-26.0496],[151.00301,-26.0433],[150.99389,-26.03121],[150.98918,-26.01525],[150.98341,-26.01149],[150.98398,-26.00781],[150.96216,-26.01387],[150.94981,-26.01004],[150.9385,-26.01263],[150.93294,-26.01164],[150.93253,-26.01311],[150.92683,-26.01181],[150.92041,-26.00503],[150.91405,-26.0041],[150.90596,-26.00832],[150.90636,-26.01271],[150.90393,-26.0194],[150.84957,-26.05641],[150.78981,-26.04892],[150.78853,-26.04317],[150.78585,-26.03952],[150.78091,-26.02849],[150.78164,-26.02604],[150.7854,-26.02239],[150.78598,-26.01866],[150.78315,-26.01562],[150.77912,-26.01524],[150.77581,-26.01223],[150.77677,-26.00844],[150.77745,-26.00862],[150.77363,-25.99833],[150.77041,-25.99486],[150.77114,-25.99251],[150.77049,-25.99137],[150.76695,-25.99111],[150.76665,-25.98785],[150.76499,-25.98676],[150.76363,-25.9816],[150.72981,-25.98017],[150.72562,-25.98102],[150.71966,-25.98517],[150.71441,-25.98486],[150.70206,-25.97393],[150.68175,-25.97021],[150.67275,-25.96959],[150.67454,-25.96324],[150.67311,-25.95723],[150.66929,-25.94922],[150.66888,-25.94267],[150.6795,-25.9285],[150.68064,-25.9225],[150.68425,-25.91705],[150.68499,-25.91388],[150.68506,-25.90518],[150.68391,-25.90179],[150.67978,-25.89804],[150.67831,-25.89328],[150.67837,-25.88903],[150.68003,-25.88275],[150.68717,-25.87906],[150.69306,-25.87212],[150.69476,-25.8645],[150.69869,-25.85575],[150.69708,-25.85086],[150.69512,-25.85023],[150.67874,-25.83038],[150.67176,-25.82701],[150.67041,-25.82048],[150.65771,-25.8137],[150.64924,-25.80331],[150.65688,-25.80097],[150.64412,-25.7862],[150.64645,-25.77877],[150.65021,-25.77425],[150.65982,-25.77334],[150.66646,-25.76375],[150.66544,-25.76174],[150.66844,-25.75827],[150.66366,-25.75765],[150.6629,-25.74492],[150.66387,-25.74316],[150.66428,-25.73274],[150.6496,-25.7262],[150.64315,-25.71566],[150.64651,-25.70524],[150.6518,-25.69869],[150.65628,-25.69745],[150.65653,-25.69223],[150.66357,-25.68428],[150.6638,-25.68118],[150.65884,-25.67869],[150.65593,-25.67307],[150.65416,-25.65978],[150.59948,-25.65273],[150.59124,-25.65269],[150.58533,-25.64347],[150.57029,-25.6382],[150.55296,-25.6416],[150.54584,-25.64036],[150.54038,-25.64115],[150.52418,-25.64539],[150.51716,-25.64073],[150.5038,-25.63599],[150.49553,-25.62839],[150.48399,-25.60623],[150.44614,-25.59892],[150.44095,-25.60156],[150.43705,-25.60644],[150.44258,-25.62156],[150.43642,-25.66152],[150.42642,-25.66515],[150.41829,-25.67523],[150.42291,-25.68685],[150.42193,-25.69405],[150.4343,-25.73385],[150.42954,-25.73719],[150.42627,-25.77454],[150.41808,-25.78938],[150.40499,-25.79065],[150.39538,-25.79601],[150.39292,-25.80147],[150.38882,-25.80349],[150.38683,-25.80599],[150.38876,-25.81463],[150.37038,-25.81562],[150.36064,-25.81851],[150.34543,-25.81777],[150.34081,-25.81491],[150.33629,-25.79015],[150.29467,-25.78005],[150.28176,-25.77849],[150.27909,-25.79614],[150.27328,-25.79591],[150.2579,-25.78802],[150.24948,-25.78794],[150.24821,-25.79528],[150.24315,-25.79435],[150.23679,-25.78855],[150.21397,-25.78428],[150.20737,-25.78462],[150.17447,-25.78009],[150.18051,-25.79495],[150.18063,-25.80517],[150.17863,-25.80519],[150.17382,-25.81153],[150.1648,-25.81497],[150.15929,-25.81912],[150.15318,-25.81942],[150.14156,-25.82299],[150.12875,-25.81845],[150.11479,-25.81117],[150.10429,-25.79576],[150.09903,-25.79726],[150.09624,-25.79431],[150.0911,-25.80634],[150.08584,-25.8124],[150.0564,-25.81339],[150.05351,-25.83247],[150.05211,-25.83447],[150.05242,-25.83822],[150.04982,-25.84072],[150.04747,-25.84125],[150.04542,-25.83961],[150.04514,-25.83452],[150.04369,-25.83235],[150.04,-25.83305],[150.03634,-25.83659],[150.03214,-25.83685],[150.02846,-25.83502],[150.02766,-25.83001],[150.02221,-25.86561],[150.01669,-25.85952],[150.01386,-25.85784],[150.0002,-25.85263],[149.9906,-25.84741],[149.97414,-25.84798],[149.9713,-25.84861],[149.96834,-25.85106],[149.96559,-25.85138],[149.96204,-25.8507],[149.95483,-25.84159],[149.95088,-25.84011],[149.93272,-25.83975],[149.92824,-25.83207],[149.91966,-25.82694],[149.91534,-25.82207],[149.90672,-25.81733],[149.9056,-25.81993],[149.90323,-25.8184],[149.89939,-25.81899],[149.89783,-25.81499],[149.89666,-25.81597],[149.89488,-25.82373],[149.89346,-25.824],[149.8869,-25.82101],[149.88295,-25.82965],[149.85019,-25.83774],[149.83866,-25.83764],[149.82726,-25.82897],[149.82372,-25.82852],[149.82191,-25.84021],[149.82808,-25.84099],[149.82799,-25.84285],[149.8248,-25.8457],[149.82309,-25.84973],[149.81608,-25.85278],[149.81373,-25.85333],[149.80738,-25.85206],[149.80351,-25.84875],[149.79811,-25.84856],[149.7955,-25.84955],[149.79562,-25.85075],[149.79379,-25.85079],[149.79087,-25.85617],[149.78758,-25.85829],[149.77094,-25.85248],[149.76629,-25.85946],[149.7835,-25.89109],[149.77184,-25.90671],[149.76678,-25.90512],[149.7357,-25.8495],[149.69208,-25.86891],[149.68156,-25.87232],[149.67403,-25.8763],[149.67181,-25.87928],[149.66332,-25.88357],[149.6489,-25.89462],[149.58451,-25.88631],[149.57505,-25.94452],[149.47678,-25.93363],[149.48326,-25.89182],[149.40126,-25.88254],[149.39846,-25.87608],[149.38224,-25.88892],[149.37439,-25.89042],[149.36463,-25.89795],[149.36293,-25.90468],[149.35894,-25.90658],[149.35553,-25.90658],[149.35526,-25.90958],[149.34787,-25.91496],[149.34552,-25.91907],[149.34202,-25.92084],[149.33486,-25.91942],[149.32966,-25.9249],[149.32721,-25.92523],[149.3019,-25.96653],[149.22534,-25.95833],[149.13782,-25.9461],[149.1376,-25.94788],[149.13125,-25.94813],[149.1246,-25.95111],[149.10612,-25.94553],[149.10197,-25.94564],[149.09727,-25.94784],[149.11656,-25.99806],[149.12177,-25.99753],[149.12463,-26.00199],[149.12742,-26.00257],[149.1301,-26.00121],[149.12952,-26.01306],[149.12438,-26.01849],[149.1325,-26.03968],[149.13345,-26.03939],[149.13519,-26.04389],[149.21803,-26.05316],[149.21702,-26.06837],[149.21212,-26.07546],[149.21756,-26.09265],[149.22063,-26.11537],[149.20448,-26.12759],[149.20377,-26.13848],[149.19831,-26.14831],[149.19007,-26.1535],[149.18372,-26.16215],[149.17481,-26.16295],[149.17861,-26.17697],[149.1719,-26.19015],[149.16366,-26.19744],[149.16418,-26.21106],[149.16208,-26.23095],[149.16284,-26.23872],[149.15938,-26.24607],[149.15453,-26.25092],[149.16208,-26.25964],[149.16683,-26.28394],[149.15961,-26.29671],[149.15328,-26.30517],[149.15617,-26.30813],[149.17326,-26.31057],[149.18013,-26.31336],[149.1841,-26.32187],[149.2061,-26.30656],[149.21627,-26.30383],[149.27249,-26.29954],[149.27743,-26.29462],[149.2815,-26.29308],[149.28272,-26.28797],[149.29763,-26.28235],[149.32487,-26.28402],[149.34125,-26.29026],[149.34983,-26.29135],[149.37501,-26.28648],[149.40127,-26.28749],[149.39987,-26.28384],[149.40025,-26.2765],[149.42722,-26.29098],[149.43386,-26.2978],[149.44332,-26.30287],[149.46423,-26.31146],[149.47566,-26.29605],[149.47394,-26.29132],[149.47417,-26.28641],[149.51194,-26.29052],[149.51138,-26.29479],[149.49374,-26.30192],[149.49394,-26.3039],[149.49796,-26.30357],[149.50774,-26.30863],[149.51208,-26.32307],[149.51004,-26.32699],[149.50672,-26.32909],[149.50344,-26.33323],[149.5031,-26.33549],[149.50493,-26.33598],[149.516,-26.33554],[149.52807,-26.33348],[149.53106,-26.33415],[149.53906,-26.32957],[149.54335,-26.33088],[149.54664,-26.32768],[149.5502,-26.33261],[149.55325,-26.33143],[149.55614,-26.3331],[149.56219,-26.33134],[149.56541,-26.33255],[149.56927,-26.30326],[149.61457,-26.30811],[149.61389,-26.30346],[149.61624,-26.30118],[149.6179,-26.30138],[149.62292,-26.29876],[149.64337,-26.30071],[149.64872,-26.30707],[149.66218,-26.30854],[149.66477,-26.3104],[149.666,-26.30896],[149.67379,-26.30981],[149.67571,-26.30639],[149.68658,-26.30758],[149.69142,-26.31111],[149.6942,-26.31182],[149.69425,-26.31046],[149.69837,-26.30987],[149.70158,-26.31169],[149.70478,-26.30958],[149.70795,-26.31245],[149.70933,-26.30624],[149.70786,-26.3048],[149.71833,-26.29086],[149.81648,-26.30303],[149.81387,-26.30919],[149.83134,-26.31756],[149.82164,-26.37983],[149.80505,-26.39369],[149.77317,-26.40132],[149.77211,-26.39335],[149.75795,-26.38916],[149.75075,-26.39015],[149.74618,-26.41868],[149.73165,-26.41678],[149.72834,-26.43729],[149.72196,-26.43673],[149.70395,-26.45253],[149.68538,-26.46507],[149.72764,-26.47056],[149.71416,-26.4814],[149.70751,-26.49054],[149.70457,-26.49186],[149.70424,-26.49631],[149.70252,-26.4967],[149.70142,-26.49854],[149.70215,-26.50252],[149.69779,-26.51307],[149.69713,-26.51714],[149.70523,-26.51821],[149.70291,-26.5327],[149.71072,-26.53374],[149.70763,-26.55301],[149.69814,-26.55092],[149.69572,-26.56605],[149.70043,-26.56666],[149.69637,-26.59125],[149.67017,-26.58787],[149.66717,-26.60626],[149.70188,-26.61091],[149.69674,-26.64383],[149.69274,-26.64388],[149.69197,-26.64865],[149.67119,-26.66849],[149.67501,-26.69734],[149.67601,-26.72638],[149.67369,-26.74075],[149.66984,-26.74704],[149.66283,-26.75172],[149.66332,-26.75829],[149.6746,-26.75976],[149.68421,-26.77371],[149.59151,-26.80832],[149.59256,-26.81069],[149.59337,-26.80858],[149.59665,-26.8076],[149.59787,-26.81069],[149.60249,-26.81548],[149.6079,-26.81396],[149.61091,-26.81571],[149.61211,-26.81872],[149.58817,-26.82924],[149.61289,-26.89518],[149.62982,-26.94431],[149.64478,-26.96464],[149.663,-27.00642],[149.66208,-27.01024],[149.66607,-27.01305],[149.66749,-27.01668],[149.66648,-27.01879],[149.66721,-27.02244],[149.66376,-27.03009],[149.65481,-27.03051],[149.64687,-27.02864],[149.6454,-27.02547],[149.64934,-27.02391],[149.64827,-27.02158],[149.64601,-27.02155],[149.63576,-27.02675],[149.61678,-27.0313],[149.61521,-27.03335],[149.61519,-27.04163],[149.61676,-27.04297],[149.62117,-27.04295],[149.62395,-27.04084],[149.62575,-27.04279],[149.62621,-27.04699],[149.62843,-27.0485],[149.63034,-27.04246],[149.63634,-27.04306],[149.63677,-27.04518],[149.6346,-27.04964],[149.63066,-27.05326],[149.62637,-27.05431],[149.62586,-27.05594],[149.62827,-27.05764],[149.63154,-27.06278],[149.63216,-27.06907],[149.64168,-27.07488],[149.64348,-27.0753],[149.6448,-27.07395],[149.64497,-27.06996],[149.64617,-27.06831],[149.65067,-27.06727],[149.65982,-27.06773],[149.67,-27.07021],[149.67431,-27.07477],[149.67874,-27.0748],[149.55639,-27.19125],[149.59292,-27.222],[149.56509,-27.24844],[149.56387,-27.24828],[149.5517,-27.25846],[149.55241,-27.25906],[149.53238,-27.27258],[149.5225,-27.28143],[149.51989,-27.28172],[149.50212,-27.29348],[149.4862,-27.31584],[149.47989,-27.32021],[149.48192,-27.33001],[149.45836,-27.36687],[149.45684,-27.376],[149.4672,-27.3939],[149.48071,-27.40935],[149.4811,-27.4129],[149.49611,-27.43188],[149.49328,-27.45026],[149.49834,-27.45879],[149.47903,-27.59276],[149.47699,-27.59649],[149.47089,-27.59603],[149.47198,-27.59813],[149.46742,-27.60541],[149.46148,-27.6045],[149.46117,-27.60673],[149.45977,-27.6078],[149.46102,-27.60948],[149.45711,-27.61231],[149.45821,-27.61474],[149.45536,-27.61509],[149.45575,-27.61628],[149.45462,-27.6165],[149.45443,-27.61879],[149.45611,-27.62105],[149.45414,-27.62267],[149.45133,-27.62291],[149.44965,-27.62689],[149.45087,-27.62883],[149.44891,-27.62965],[149.44715,-27.62811],[149.44575,-27.62952],[149.44624,-27.63063],[149.44375,-27.63175],[149.44281,-27.63099],[149.44245,-27.63418],[149.43932,-27.63347],[149.43796,-27.63605],[149.47127,-27.64038],[149.46609,-27.67225],[149.50808,-27.67778],[149.49581,-27.75384],[149.42728,-27.74554],[149.40495,-27.78344],[149.48924,-27.79212],[149.47319,-27.88892],[149.45744,-27.99274],[149.44534,-28.07134],[149.45754,-27.99276],[149.49358,-27.99742],[149.49516,-27.98942],[149.52092,-27.98898],[149.53411,-27.9863],[149.5315,-28.00231],[149.62725,-28.01458],[149.6316,-27.98713],[149.78648,-28.0064],[149.88479,-27.9796],[149.8669,-27.95956],[149.85714,-27.95473],[149.85533,-27.95059],[149.89705,-27.94072],[149.90511,-27.97464],[149.93233,-27.96703],[150.06592,-27.9855],[150.06949,-27.95822],[150.11688,-27.96326],[150.12156,-27.95054],[150.11729,-27.94854],[150.11705,-27.94388],[150.12386,-27.94429],[150.13631,-27.91045],[150.1567,-27.92261],[150.22273,-27.89451],[150.23191,-27.90655],[150.23208,-27.9058],[150.24828,-27.90772],[150.24612,-27.85175],[150.27673,-27.8516],[150.27423,-27.80275],[150.32637,-27.80871],[150.33509,-27.76138],[150.36109,-27.76492],[150.37877,-27.78255],[150.3869,-27.78333],[150.38865,-27.78079],[150.39293,-27.77824],[150.39326,-27.77635],[150.38308,-27.76432],[150.41011,-27.74645],[150.43922,-27.76829],[150.43939,-27.76252],[150.44116,-27.76103],[150.44432,-27.76042],[150.44596,-27.76114],[150.44842,-27.76566],[150.45065,-27.76702],[150.45477,-27.76485],[150.45471,-27.76145],[150.4582,-27.76032],[150.48901,-27.78788],[150.51371,-27.76602],[150.52083,-27.77239],[150.57502,-27.77928],[150.59225,-27.78991],[150.60362,-27.80616],[150.6212,-27.81099],[150.63345,-27.82553],[150.64479,-27.85066],[150.6464,-27.89507],[150.67421,-27.90366],[150.67748,-27.91883],[150.694,-27.93308],[150.70267,-27.93452],[150.72529,-27.79316],[150.73226,-27.79475],[150.73846,-27.75603],[150.74051,-27.75353],[150.74091,-27.75101],[150.73953,-27.74937],[150.74055,-27.74294],[150.73765,-27.73897],[150.73984,-27.71052],[150.74357,-27.6869],[150.74438,-27.68635],[150.74384,-27.6852],[150.74722,-27.66391],[150.74648,-27.66382],[150.75673,-27.59935],[150.77064,-27.58034],[150.7827,-27.57657],[150.78237,-27.5753],[150.78882,-27.5647],[150.79289,-27.55374],[150.80545,-27.54051],[150.81542,-27.52287],[150.82524,-27.51056],[150.83447,-27.50753],[150.86766,-27.5459],[150.92733,-27.53399],[150.92714,-27.57195],[150.96503,-27.57883],[150.97322,-27.58167],[150.98421,-27.57921],[151.00708,-27.57713],[151.01034,-27.57502],[151.04109,-27.5793],[151.04769,-27.58373],[151.0765,-27.57186],[151.07176,-27.56373],[151.07514,-27.56055],[151.07525,-27.55457],[151.08122,-27.54963],[151.08438,-27.53534],[151.07739,-27.52776],[151.0832,-27.49325],[151.0818,-27.49306],[151.07727,-27.48104],[151.07626,-27.47162],[151.07628,-27.45109],[151.08777,-27.37642],[151.10804,-27.37896],[151.11274,-27.37723],[151.16594,-27.38385],[151.17799,-27.38174],[151.19751,-27.3841],[151.1928,-27.39889],[151.30807,-27.41356],[151.30839,-27.4136],[151.31273,-27.33094],[151.31773,-27.33157],[151.32011,-27.31155],[151.32081,-27.31165],[151.32326,-27.29727],[151.3377,-27.20779],[151.45056,-27.27884],[151.45652,-27.24227],[151.45356,-27.24189],[151.46026,-27.20273],[151.45027,-27.20133],[151.45422,-27.18043],[151.45048,-27.17922],[151.45276,-27.17871],[151.45815,-27.14584],[151.4671,-27.14701],[151.46844,-27.13876],[151.4705,-27.13903],[151.46617,-27.1221],[151.4642,-27.12072],[151.46495,-27.1109],[151.48316,-27.11331],[151.48135,-27.12436],[151.49621,-27.12632],[151.4969,-27.12193],[151.52559,-27.12554],[151.52654,-27.11949],[151.53967,-27.12173],[151.54623,-27.11529],[151.56961,-27.11829],[151.57095,-27.11066],[151.56769,-27.11021],[151.56942,-27.09896],[151.57639,-27.09983],[151.57847,-27.08809],[151.57618,-27.08776],[151.5813,-27.05589],[151.59676,-27.058],[151.60092,-27.0305],[151.6032,-27.03072],[151.60816,-27.02815],[151.62307,-27.03012],[151.62755,-27.0025],[151.63683,-27.00368],[151.63841,-26.9967],[151.6569,-26.9932],[151.66441,-26.99002],[151.66142,-26.98423],[151.66217,-26.97945],[151.6745,-26.95837],[151.6706,-26.95418],[151.66932,-26.93835],[151.66412,-26.93615],[151.66056,-26.93042],[151.65753,-26.93037],[151.65468,-26.92728],[151.65474,-26.92556],[151.64667,-26.9196],[151.64783,-26.9131],[151.64981,-26.91385],[151.64791,-26.91295],[151.64494,-26.91104],[151.64246,-26.90731],[151.63895,-26.90692],[151.63019,-26.89887],[151.62222,-26.9008],[151.62016,-26.9003],[151.6192,-26.89868],[151.61702,-26.89888],[151.61692,-26.89654],[151.612,-26.89244],[151.60794,-26.89297],[151.60685,-26.89156],[151.60384,-26.89107],[151.60041,-26.88837],[151.59905,-26.8855],[151.59257,-26.88465],[151.58926,-26.88553],[151.58721,-26.88379],[151.58658,-26.88123],[151.58222,-26.87929],[151.5773,-26.87987],[151.57217,-26.86971],[151.57124,-26.86068],[151.56773,-26.8581],[151.56798,-26.85327],[151.56244,-26.85162],[151.55848,-26.84608],[151.55578,-26.83973],[151.54938,-26.8356],[151.54826,-26.83283],[151.54845,-26.82951],[151.54554,-26.82761],[151.54384,-26.82393],[151.53952,-26.8197],[151.53596,-26.82044],[151.53092,-26.81808],[151.52825,-26.81174],[151.52397,-26.81076],[151.51902,-26.80084],[151.51645,-26.79906],[151.52163,-26.79328],[151.5211,-26.79139],[151.51743,-26.78808],[151.51652,-26.78258],[151.51823,-26.77986],[151.51782,-26.77238],[151.5201,-26.76795],[151.51981,-26.76656],[151.51484,-26.76557],[151.51057,-26.76707],[151.50641,-26.7667],[151.5044,-26.76298],[151.49955,-26.76216],[151.49761,-26.76324],[151.49375,-26.76281],[151.48997,-26.75722],[151.48262,-26.75429],[151.47962,-26.75687],[151.47601,-26.75701],[151.47379,-26.76035],[151.46915,-26.75998],[151.46449,-26.76181],[151.45943,-26.75972],[151.45575,-26.76008],[151.45032,-26.75792],[151.44054,-26.75658],[151.43626,-26.75435],[151.43439,-26.75217],[151.43157,-26.7521],[151.42653,-26.74807],[151.42523,-26.74842],[151.42359,-26.74612],[151.42078,-26.74595],[151.41898,-26.74039],[151.41816,-26.72887],[151.41325,-26.72521],[151.41718,-26.71718],[151.41664,-26.71432],[151.41438,-26.71311],[151.41386,-26.71038],[151.41619,-26.7076],[151.41802,-26.70251],[151.417,-26.69796],[151.41073,-26.69687],[151.4077,-26.69437],[151.40525,-26.69513],[151.39763,-26.69128],[151.39434,-26.68497],[151.39189,-26.68421],[151.40719,-26.67395],[151.40923,-26.66065],[151.4081,-26.65685],[151.40803,-26.6566],[151.4028,-26.65104],[151.39926,-26.64522],[151.39467,-26.64136],[151.39476,-26.6388],[151.39302,-26.63779],[151.38869,-26.63832],[151.38478,-26.63649],[151.38313,-26.63331],[151.37862,-26.6296],[151.37112,-26.632],[151.36958,-26.63081],[151.37109,-26.62783],[151.36869,-26.62426],[151.36342,-26.62361],[151.35782,-26.61872],[151.3519,-26.6172],[151.34983,-26.60819],[151.34198,-26.60698],[151.33348,-26.60166],[151.33276,-26.60072],[151.33368,-26.59836],[151.33036,-26.59314],[151.32851,-26.59384],[151.32584,-26.5921],[151.32453,-26.58704],[151.32279,-26.58581],[151.31817,-26.59042],[151.31563,-26.58991],[151.31379,-26.59101],[151.30997,-26.58452],[151.31031,-26.58261],[151.30747,-26.58192],[151.30487,-26.57967],[151.30138,-26.57055],[151.29489,-26.56649],[151.28769,-26.55734],[151.28681,-26.55383],[151.28753,-26.54489],[151.28393,-26.54373],[151.28336,-26.54247],[151.27931,-26.54369],[151.27771,-26.54278],[151.27657,-26.54523],[151.27155,-26.54889],[151.26897,-26.54833],[151.26597,-26.54989],[151.25764,-26.54822],[151.25432,-26.54425],[151.24974,-26.54235],[151.24712,-26.53671],[151.24818,-26.53371],[151.24777,-26.52791],[151.24669,-26.52653],[151.24311,-26.5277],[151.23786,-26.52267],[151.23538,-26.52355],[151.23425,-26.52563],[151.22969,-26.52713],[151.22747,-26.52438],[151.22188,-26.52134],[151.22238,-26.51821],[151.21871,-26.51748],[151.21224,-26.51396],[151.20613,-26.50362],[151.20455,-26.50299],[151.20416,-26.50095],[151.20805,-26.49455],[151.20339,-26.48891],[151.20363,-26.48576],[151.20841,-26.48068],[151.20773,-26.47877],[151.07734,-26.46254],[151.11544,-26.3794],[151.13638,-26.26306],[151.06652,-26.25473],[151.01671,-26.25622],[151.01326,-26.19206],[151.01823,-26.1925],[151.02274,-26.19544],[151.07324,-26.17259],[151.0764,-26.16178],[151.09288,-26.15935],[151.09983,-26.16028],[151.0987,-26.14988],[151.11587,-26.14087],[151.12058,-26.14297],[151.12266,-26.14839],[151.12533,-26.14998],[151.12569,-26.15144],[151.13929,-26.15918],[151.1424,-26.15982],[151.14702,-26.15787],[151.15005,-26.15965],[151.15878,-26.15454],[151.162,-26.14953],[151.1607,-26.142],[151.15948,-26.13954],[151.1573,-26.13838],[151.1565,-26.13605],[151.15654,-26.13373],[151.15905,-26.13182],[151.15788,-26.12927],[151.15953,-26.1208],[151.15172,-26.1111],[151.15166,-26.10772],[151.14987,-26.10542],[151.14291,-26.10399],[151.13738,-26.10771],[151.13539,-26.1075],[151.13444,-26.10529],[151.12628,-26.11451],[151.12385,-26.11374],[151.12057,-26.11773],[151.11542,-26.11871],[151.11117,-26.11267],[151.10812,-26.11274],[151.10724,-26.11134],[151.10379,-26.1117],[151.10216,-26.11039],[151.09782,-26.11075],[151.0966,-26.10853],[151.09295,-26.10628],[151.08811,-26.10518],[151.08466,-26.1001],[151.0821,-26.09962]]]},"properties":{"District Name":"Dalby","DDMG Name":"Dalby"}},{"type":"Feature","geometry":{"type":"Polygon","coordinates":[[[151.04558,-24.39604],[151.04784,-24.40168],[151.04454,-24.40653],[151.04532,-24.41287],[151.04946,-24.4171],[151.05126,-24.41738],[151.05242,-24.42018],[151.05485,-24.42024],[151.05744,-24.42757],[151.061,-24.42615],[151.06332,-24.42743],[151.06428,-24.42946],[151.06649,-24.43014],[151.06691,-24.43187],[151.0697,-24.43258],[151.07197,-24.43792],[151.08986,-24.44102],[151.09151,-24.44365],[151.09325,-24.44352],[151.09806,-24.45029],[151.09976,-24.45846],[151.10608,-24.46251],[151.10697,-24.47023],[151.1137,-24.47453],[151.11487,-24.47462],[151.11661,-24.46875],[151.11813,-24.46707],[151.12247,-24.46835],[151.12407,-24.46681],[151.13287,-24.46483],[151.13414,-24.46377],[151.13353,-24.46118],[151.13564,-24.46043],[151.13787,-24.45563],[151.14746,-24.46038],[151.14902,-24.45946],[151.15338,-24.46062],[151.15419,-24.46546],[151.15864,-24.4686],[151.1643,-24.47564],[151.1668,-24.47644],[151.16916,-24.47904],[151.16886,-24.48455],[151.16429,-24.48678],[151.16161,-24.49328],[151.16143,-24.49888],[151.15881,-24.49994],[151.15813,-24.50444],[151.15543,-24.5076],[151.15577,-24.51017],[151.15405,-24.51275],[151.15588,-24.52169],[151.15297,-24.52361],[151.15226,-24.52694],[151.15426,-24.53214],[151.15291,-24.53775],[151.15684,-24.54126],[151.15633,-24.54483],[151.15747,-24.54701],[151.1616,-24.55004],[151.16541,-24.55059],[151.16895,-24.54972],[151.17353,-24.54545],[151.17871,-24.5441],[151.17902,-24.54305],[151.19951,-24.53982],[151.20046,-24.53375],[151.20206,-24.53128],[151.20569,-24.5312],[151.20916,-24.53275],[151.21861,-24.53101],[151.22134,-24.52959],[151.22657,-24.53003],[151.2293,-24.52771],[151.22974,-24.53076],[151.22797,-24.53271],[151.22838,-24.53724],[151.22438,-24.56418],[151.22569,-24.56848],[151.22357,-24.57174],[151.22142,-24.57172],[151.21846,-24.57549],[151.22065,-24.57956],[151.21953,-24.58376],[151.22125,-24.58457],[151.21909,-24.58501],[151.21866,-24.58609],[151.23018,-24.62792],[151.22779,-24.62873],[151.22353,-24.62775],[151.21603,-24.62454],[151.2102,-24.62545],[151.20772,-24.6246],[151.20443,-24.62786],[151.19831,-24.62982],[151.19321,-24.63506],[151.19473,-24.64254],[151.19637,-24.64335],[151.19924,-24.64394],[151.20266,-24.64143],[151.20644,-24.64032],[151.20624,-24.63819],[151.20948,-24.63748],[151.21108,-24.6354],[151.21352,-24.63585],[151.21728,-24.6339],[151.22014,-24.63386],[151.2243,-24.63864],[151.22759,-24.63764],[151.23024,-24.639],[151.23103,-24.64604],[151.2361,-24.65041],[151.23736,-24.65328],[151.24319,-24.65465],[151.24389,-24.65307],[151.24584,-24.65226],[151.24733,-24.65371],[151.24744,-24.65653],[151.25364,-24.66599],[151.25566,-24.66247],[151.26415,-24.65993],[151.2654,-24.65533],[151.26694,-24.65381],[151.27212,-24.65618],[151.27362,-24.65609],[151.27475,-24.65381],[151.27704,-24.65409],[151.27792,-24.6557],[151.28114,-24.65475],[151.29175,-24.65755],[151.2973,-24.6677],[151.30228,-24.66829],[151.30652,-24.66655],[151.30589,-24.66219],[151.3071,-24.66088],[151.3069,-24.6579],[151.31031,-24.65656],[151.30929,-24.65245],[151.31104,-24.64983],[151.31286,-24.64969],[151.31534,-24.64725],[151.31766,-24.64811],[151.32126,-24.64715],[151.32116,-24.6458],[151.32279,-24.64421],[151.32697,-24.6455],[151.33274,-24.64487],[151.33606,-24.64541],[151.34179,-24.64932],[151.34529,-24.64633],[151.34521,-24.64351],[151.34672,-24.64091],[151.35433,-24.63248],[151.35784,-24.6306],[151.35846,-24.62523],[151.36129,-24.62347],[151.36339,-24.6185],[151.36635,-24.61536],[151.36703,-24.61219],[151.36874,-24.61063],[151.37043,-24.61086],[151.3712,-24.60915],[151.37398,-24.60976],[151.37595,-24.61294],[151.37877,-24.61332],[151.38142,-24.61219],[151.38462,-24.60834],[151.39094,-24.6147],[151.39493,-24.6149],[151.39794,-24.61714],[151.40214,-24.61653],[151.40353,-24.61522],[151.40684,-24.61539],[151.40854,-24.61301],[151.40765,-24.60982],[151.41037,-24.60502],[151.41067,-24.59661],[151.41571,-24.59505],[151.42448,-24.5958],[151.43051,-24.59366],[151.43315,-24.59159],[151.4419,-24.57775],[151.44233,-24.5769],[151.43884,-24.57488],[151.43564,-24.57108],[151.43344,-24.56347],[151.43878,-24.56296],[151.44071,-24.5648],[151.449,-24.56785],[151.45276,-24.57045],[151.45698,-24.5706],[151.45847,-24.56589],[151.46368,-24.56],[151.46403,-24.5573],[151.46628,-24.55378],[151.46574,-24.55129],[151.46851,-24.54333],[151.46627,-24.53946],[151.47061,-24.5366],[151.47316,-24.53738],[151.47754,-24.536],[151.48358,-24.53839],[151.4867,-24.54113],[151.48843,-24.54455],[151.48905,-24.54801],[151.48695,-24.54867],[151.4851,-24.55225],[151.4883,-24.55746],[151.48811,-24.55968],[151.48983,-24.56136],[151.48822,-24.56229],[151.49025,-24.56589],[151.49409,-24.56714],[151.49823,-24.57118],[151.49689,-24.5724],[151.49791,-24.57644],[151.50495,-24.57825],[151.50824,-24.58167],[151.50919,-24.58635],[151.50635,-24.58877],[151.50484,-24.59358],[151.50789,-24.59618],[151.51056,-24.59691],[151.51347,-24.60057],[151.51716,-24.59869],[151.52011,-24.60015],[151.52587,-24.60066],[151.53592,-24.61024],[151.53543,-24.61433],[151.53703,-24.61409],[151.5423,-24.61745],[151.54214,-24.6207],[151.54032,-24.62413],[151.54211,-24.6307],[151.54052,-24.63213],[151.53833,-24.64081],[151.54161,-24.64561],[151.53851,-24.64806],[151.53556,-24.6544],[151.53327,-24.65561],[151.53243,-24.66046],[151.52773,-24.66121],[151.5267,-24.66787],[151.52438,-24.6658],[151.5184,-24.66445],[151.51616,-24.66573],[151.51618,-24.66757],[151.51457,-24.66978],[151.5161,-24.67366],[151.51973,-24.6759],[151.52056,-24.68129],[151.52409,-24.68447],[151.52653,-24.68982],[151.52647,-24.69186],[151.53118,-24.69625],[151.53299,-24.69571],[151.54216,-24.69889],[151.54359,-24.7006],[151.55267,-24.6983],[151.56077,-24.70313],[151.56532,-24.71049],[151.56922,-24.71019],[151.57618,-24.70197],[151.58014,-24.70431],[151.59531,-24.69981],[151.60125,-24.70177],[151.60588,-24.70524],[151.60871,-24.7048],[151.6087,-24.707],[151.6114,-24.70886],[151.61432,-24.70872],[151.61981,-24.71355],[151.62365,-24.71873],[151.62566,-24.71956],[151.6266,-24.72213],[151.63451,-24.72514],[151.63901,-24.73041],[151.64503,-24.72929],[151.65191,-24.7246],[151.65159,-24.71624],[151.65064,-24.71535],[151.6472,-24.71658],[151.64493,-24.7157],[151.64489,-24.71456],[151.65088,-24.70881],[151.65391,-24.70708],[151.66076,-24.70734],[151.66533,-24.70551],[151.66843,-24.70297],[151.67157,-24.69798],[151.67708,-24.6954],[151.67952,-24.69696],[151.68248,-24.70152],[151.68534,-24.70912],[151.69865,-24.71362],[151.71197,-24.73042],[151.71589,-24.73375],[151.71994,-24.73515],[151.72208,-24.74509],[151.72834,-24.75542],[151.74328,-24.76573],[151.74525,-24.77176],[151.75079,-24.73585],[151.78885,-24.74071],[151.80088,-24.74623],[151.80394,-24.74991],[151.80607,-24.75578],[151.81147,-24.75923],[151.8143,-24.76609],[151.82536,-24.76861],[151.82662,-24.77023],[151.82584,-24.7715],[151.8278,-24.77208],[151.82817,-24.77364],[151.82964,-24.7742],[151.83138,-24.77332],[151.83845,-24.77663],[151.83904,-24.77856],[151.8416,-24.77923],[151.84187,-24.78194],[151.83966,-24.7901],[151.8428,-24.79206],[151.84609,-24.79078],[151.84919,-24.78654],[151.86263,-24.78617],[151.86523,-24.784],[151.86516,-24.78015],[151.86689,-24.77766],[151.87047,-24.77721],[151.87205,-24.77558],[151.87537,-24.77617],[151.88419,-24.76874],[151.8882,-24.75843],[151.89392,-24.75376],[151.89308,-24.74982],[151.8903,-24.74606],[151.89257,-24.74256],[151.89461,-24.74185],[151.89698,-24.74426],[151.89896,-24.74441],[151.91246,-24.74039],[151.92025,-24.74009],[151.92322,-24.73867],[151.91911,-24.73264],[151.91939,-24.72844],[151.92861,-24.70881],[151.94239,-24.70764],[151.94759,-24.70506],[151.95289,-24.7045],[151.95345,-24.70202],[151.96221,-24.70287],[151.9621,-24.69692],[151.96091,-24.69559],[151.95976,-24.68934],[151.96065,-24.68792],[151.9602,-24.68111],[151.96155,-24.67907],[151.96059,-24.67649],[151.99082,-24.68088],[151.99425,-24.65652],[151.98638,-24.65549],[151.9875,-24.6483],[151.99537,-24.64932],[151.99614,-24.64426],[151.98847,-24.64343],[151.983,-24.64458],[151.97135,-24.64067],[151.96259,-24.64187],[151.95934,-24.64095],[151.96053,-24.63094],[151.96454,-24.63296],[151.96581,-24.62473],[151.96134,-24.61665],[151.95841,-24.61628],[151.95837,-24.61428],[151.96132,-24.61297],[151.96005,-24.60846],[151.98569,-24.61134],[151.98869,-24.59131],[151.95922,-24.58735],[151.96378,-24.58524],[151.96608,-24.58105],[151.96869,-24.58043],[151.96816,-24.57649],[151.97024,-24.57422],[151.96844,-24.57065],[151.96897,-24.56903],[151.97442,-24.56331],[151.9768,-24.55701],[151.98405,-24.5536],[151.98184,-24.54951],[151.98455,-24.55098],[151.9871,-24.54935],[151.98788,-24.54416],[151.98515,-24.5436],[151.98529,-24.54187],[151.98803,-24.54036],[151.99157,-24.54168],[151.99308,-24.54107],[151.99313,-24.5408],[151.99317,-24.54062],[151.99328,-24.54006],[151.99139,-24.5386],[151.99119,-24.5386],[151.98735,-24.5385],[151.98632,-24.53662],[151.98949,-24.53479],[151.99178,-24.53666],[151.9953,-24.53637],[151.9964,-24.53499],[151.99076,-24.52759],[151.99282,-24.52497],[151.99284,-24.52214],[151.99608,-24.52017],[151.9987,-24.51559],[152.01071,-24.51376],[152.01683,-24.51592],[152.02683,-24.52828],[152.03156,-24.52999],[152.05025,-24.52525],[152.05685,-24.5214],[152.06205,-24.51598],[153.22556,-24.516],[152.90874,-23.16507],[152.048,-23.16726],[151.25107,-23.16509],[151.00107,-23.43176],[150.99055,-23.44821],[150.97757,-23.47406],[150.96822,-23.49908],[150.9132,-23.54518],[150.86849,-23.57676],[150.86358,-23.58923],[150.86141,-23.61075],[150.85919,-23.61617],[150.85511,-23.61815],[150.85011,-23.6163],[150.83569,-23.60484],[150.83238,-23.60612],[150.82563,-23.61242],[150.82387,-23.61619],[150.82533,-23.62195],[150.83075,-23.62606],[150.83885,-23.62864],[150.84001,-23.63196],[150.83784,-23.63397],[150.83409,-23.63426],[150.82351,-23.63064],[150.82066,-23.63246],[150.81994,-23.63653],[150.82377,-23.63989],[150.8291,-23.64186],[150.83515,-23.63875],[150.83681,-23.63925],[150.83972,-23.64571],[150.84025,-23.65211],[150.83753,-23.65546],[150.833,-23.65485],[150.8318,-23.65254],[150.83285,-23.6467],[150.83029,-23.64512],[150.82868,-23.64588],[150.8262,-23.64965],[150.81911,-23.65158],[150.81859,-23.65961],[150.82129,-23.6658],[150.82399,-23.6679],[150.82628,-23.66816],[150.82926,-23.65983],[150.83117,-23.65853],[150.83364,-23.65902],[150.83439,-23.6724],[150.82802,-23.67389],[150.82661,-23.67085],[150.82466,-23.67013],[150.81717,-23.67229],[150.81684,-23.67327],[150.82879,-23.68169],[150.82853,-23.68277],[150.8201,-23.68509],[150.81868,-23.68424],[150.81874,-23.67863],[150.81574,-23.67566],[150.81115,-23.67697],[150.80749,-23.68048],[150.80227,-23.67729],[150.79873,-23.67713],[150.80144,-23.68205],[150.80838,-23.68243],[150.80886,-23.68505],[150.8041,-23.68709],[150.8026,-23.68951],[150.80539,-23.69128],[150.80939,-23.69029],[150.80993,-23.6927],[150.81557,-23.69852],[150.8184,-23.70338],[150.81589,-23.70618],[150.81505,-23.70466],[150.81211,-23.70499],[150.81167,-23.70308],[150.80813,-23.70565],[150.80735,-23.70761],[150.80535,-23.70685],[150.80274,-23.70787],[150.80231,-23.7101],[150.79883,-23.70884],[150.79925,-23.71347],[150.79756,-23.71331],[150.7941,-23.71676],[150.79256,-23.71636],[150.79093,-23.71982],[150.79189,-23.72396],[150.79115,-23.72802],[150.78424,-23.73059],[150.78557,-23.73216],[150.78399,-23.73456],[150.78229,-23.73446],[150.78236,-23.73625],[150.77697,-23.73671],[150.77656,-23.73781],[150.77776,-23.73922],[150.7759,-23.73986],[150.77579,-23.74117],[150.77221,-23.74115],[150.77102,-23.74496],[150.77225,-23.74838],[150.7697,-23.75114],[150.76929,-23.75853],[150.76511,-23.75961],[150.76424,-23.76237],[150.75842,-23.76227],[150.75737,-23.76659],[150.75528,-23.76897],[150.75476,-23.76677],[150.75055,-23.76592],[150.75062,-23.76424],[150.74756,-23.76147],[150.74036,-23.76145],[150.73867,-23.76232],[150.72581,-23.75794],[150.7182,-23.75822],[150.71708,-23.76031],[150.72059,-23.7662],[150.7161,-23.76915],[150.71504,-23.77144],[150.71111,-23.77396],[150.71009,-23.77581],[150.70863,-23.77548],[150.70607,-23.77809],[150.69581,-23.78076],[150.69289,-23.77927],[150.68164,-23.78166],[150.67933,-23.78453],[150.68144,-23.78797],[150.6789,-23.79001],[150.68006,-23.79502],[150.67868,-23.79741],[150.67655,-23.79703],[150.67215,-23.79909],[150.66998,-23.80135],[150.66364,-23.79864],[150.66199,-23.80123],[150.65576,-23.80264],[150.65588,-23.80437],[150.653,-23.80795],[150.65152,-23.80798],[150.6504,-23.81503],[150.65469,-23.81562],[150.65419,-23.81866],[150.65978,-23.81942],[150.65896,-23.82451],[150.65567,-23.82406],[150.654,-23.82978],[150.64728,-23.83154],[150.64614,-23.83858],[150.63316,-23.8368],[150.62795,-23.84235],[150.62684,-23.84236],[150.62034,-23.83987],[150.61389,-23.84004],[150.60693,-23.83792],[150.59832,-23.82766],[150.5947,-23.82586],[150.59206,-23.82763],[150.58812,-23.82492],[150.58522,-23.8255],[150.5819,-23.82893],[150.56754,-23.82488],[150.56391,-23.82665],[150.55979,-23.82492],[150.55804,-23.82577],[150.55505,-23.82363],[150.55338,-23.82364],[150.55025,-23.82526],[150.5472,-23.82429],[150.54638,-23.8269],[150.54375,-23.82748],[150.54322,-23.8305],[150.54456,-23.83306],[150.54431,-23.83796],[150.53501,-23.84103],[150.5336,-23.84949],[150.52614,-23.85115],[150.52413,-23.84995],[150.52077,-23.85194],[150.50472,-23.84759],[150.50245,-23.84984],[150.49526,-23.84486],[150.49129,-23.84668],[150.49187,-23.84951],[150.48503,-23.85017],[150.48211,-23.84419],[150.47907,-23.84216],[150.47558,-23.84279],[150.47418,-23.84734],[150.47106,-23.8478],[150.46891,-23.85188],[150.46433,-23.85358],[150.46418,-23.84995],[150.46113,-23.84858],[150.46001,-23.84687],[150.46121,-23.83991],[150.45627,-23.83807],[150.45601,-23.83336],[150.45035,-23.82971],[150.44795,-23.82328],[150.44544,-23.82225],[150.43787,-23.82283],[150.43379,-23.82027],[150.43083,-23.82037],[150.42911,-23.81914],[150.42207,-23.82025],[150.41926,-23.81857],[150.4164,-23.82063],[150.41178,-23.8152],[150.40949,-23.81746],[150.40312,-23.81817],[150.40026,-23.82058],[150.39775,-23.82111],[150.39585,-23.82503],[150.39656,-23.82786],[150.39305,-23.83067],[150.39175,-23.83384],[150.38823,-23.83513],[150.38639,-23.83743],[150.38107,-23.83647],[150.37858,-23.83704],[150.37079,-23.83347],[150.36686,-23.8272],[150.36824,-23.82285],[150.36622,-23.82275],[150.36467,-23.82403],[150.36118,-23.82359],[150.35891,-23.82156],[150.35227,-23.8205],[150.34758,-23.81677],[150.34844,-23.8111],[150.34091,-23.80729],[150.33287,-23.81047],[150.32837,-23.82403],[150.32486,-23.82462],[150.32232,-23.82402],[150.32141,-23.82381],[150.32071,-23.82364],[150.31752,-23.82126],[150.31732,-23.81407],[150.31356,-23.81292],[150.3157,-23.79512],[150.30563,-23.79405],[150.30818,-23.79178],[150.30727,-23.79022],[150.3086,-23.78749],[150.31467,-23.78422],[150.31482,-23.78132],[150.31323,-23.78072],[150.31458,-23.77827],[150.31248,-23.77682],[150.31372,-23.76895],[150.31733,-23.76552],[150.31608,-23.7638],[150.31099,-23.76349],[150.30854,-23.75955],[150.28947,-23.7582],[150.28992,-23.75433],[150.29774,-23.75507],[150.29794,-23.75329],[150.29609,-23.75369],[150.29277,-23.7517],[150.29178,-23.74878],[150.28847,-23.74628],[150.2878,-23.74424],[150.28418,-23.74247],[150.28449,-23.73683],[150.2829,-23.73406],[150.28003,-23.73353],[150.2766,-23.73126],[150.27959,-23.72362],[150.27672,-23.71971],[150.27367,-23.71921],[150.27307,-23.72012],[150.27054,-23.71913],[150.26671,-23.71554],[150.26626,-23.71295],[150.26212,-23.71028],[150.25772,-23.70911],[150.2575,-23.70685],[150.25347,-23.70454],[150.25416,-23.6999],[150.25641,-23.70041],[150.26071,-23.69784],[150.26421,-23.6984],[150.26816,-23.69134],[150.26587,-23.68885],[150.25959,-23.6862],[150.25933,-23.68456],[150.25641,-23.68411],[150.25626,-23.68032],[150.25289,-23.67683],[150.25302,-23.67229],[150.26211,-23.66941],[150.26233,-23.66815],[150.24933,-23.6651],[150.24863,-23.66256],[150.25011,-23.65997],[150.24872,-23.65929],[150.24943,-23.65672],[150.24207,-23.65619],[150.23844,-23.65144],[150.23707,-23.65282],[150.2342,-23.65086],[150.23203,-23.65111],[150.23085,-23.64943],[150.22391,-23.64854],[150.2236,-23.65071],[150.20979,-23.64904],[150.20923,-23.65277],[150.19988,-23.65158],[150.20034,-23.64851],[150.18918,-23.64705],[150.18844,-23.65179],[150.17369,-23.6498],[150.17305,-23.65388],[150.14509,-23.65048],[150.14451,-23.65384],[150.13878,-23.65875],[150.13242,-23.65762],[150.13147,-23.65535],[150.12702,-23.654],[150.12493,-23.65152],[150.11629,-23.65628],[150.10204,-23.65885],[150.09806,-23.6581],[150.09655,-23.65868],[150.09139,-23.66085],[150.0885,-23.66596],[150.08193,-23.66569],[150.08054,-23.66646],[150.07639,-23.67458],[150.07392,-23.67558],[150.07201,-23.68995],[150.06963,-23.69214],[150.06698,-23.71229],[150.04769,-23.70964],[150.04733,-23.71233],[150.01217,-23.7098],[150.01139,-23.71569],[149.99733,-23.71394],[150.00501,-23.74034],[150.00231,-23.74587],[149.99786,-23.74667],[149.99361,-23.75193],[149.99017,-23.75135],[149.986,-23.75419],[149.98738,-23.7594],[149.98926,-23.76164],[149.98931,-23.76486],[149.99097,-23.76513],[149.99711,-23.7661],[149.99785,-23.76736],[149.99663,-23.7727],[150.00347,-23.77827],[150.00258,-23.78332],[150.00537,-23.78623],[150.00755,-23.79243],[150.01141,-23.79592],[150.01126,-23.80601],[150.01354,-23.81423],[150.01851,-23.8175],[150.01972,-23.81977],[150.02521,-23.82252],[150.02872,-23.82873],[150.03429,-23.83065],[150.04018,-23.83754],[150.0497,-23.83841],[150.05283,-23.84034],[150.05246,-23.84953],[150.05565,-23.85697],[150.05988,-23.85811],[150.06224,-23.86122],[150.06115,-23.8712],[150.06456,-23.87728],[150.06441,-23.87995],[150.06664,-23.88214],[150.06132,-23.88661],[150.05951,-23.88697],[150.05553,-23.88492],[150.05378,-23.8864],[150.05298,-23.89076],[150.04983,-23.8935],[150.05248,-23.89962],[150.05128,-23.90196],[149.98699,-23.89875],[149.92732,-23.88892],[149.92349,-23.89352],[149.92291,-23.89913],[149.92633,-23.89957],[149.92367,-23.90373],[149.92412,-23.90585],[149.92602,-23.90544],[149.92613,-23.90811],[149.9213,-23.9122],[149.92099,-23.91833],[149.91868,-23.91962],[149.91747,-23.92338],[149.9151,-23.92496],[149.91567,-23.92588],[149.91754,-23.92538],[149.91915,-23.93023],[149.91634,-23.93892],[149.91329,-23.94298],[149.91319,-23.94311],[149.90659,-23.94436],[149.90545,-23.94867],[149.90499,-23.94902],[149.90121,-23.95188],[149.89854,-23.95103],[149.8979,-23.95318],[149.89472,-23.95331],[149.8953,-23.95534],[149.89391,-23.95916],[149.89335,-23.95933],[149.89117,-23.95999],[149.88585,-23.95866],[149.88383,-23.9592],[149.88186,-23.96213],[149.88194,-23.96765],[149.88108,-23.9683],[149.87719,-23.966],[149.87162,-23.967],[149.86599,-23.96125],[149.85325,-23.95351],[149.85179,-23.95558],[149.84861,-23.95325],[149.84288,-23.9542],[149.84423,-23.96352],[149.84226,-23.97633],[149.84309,-23.9862],[149.84426,-23.98909],[149.85052,-23.99415],[149.85022,-24.00201],[149.84975,-24.00267],[149.84939,-24.00319],[149.84866,-24.00422],[149.84532,-24.00502],[149.83096,-23.99761],[149.82588,-23.99705],[149.82339,-23.99803],[149.82201,-23.99978],[149.82102,-24.00745],[149.81034,-24.01885],[149.80662,-24.02735],[149.79724,-24.04329],[149.79297,-24.05314],[149.79099,-24.06349],[149.79088,-24.06519],[149.79137,-24.06761],[149.79239,-24.06965],[149.79343,-24.07111],[149.8035,-24.07927],[149.81692,-24.08391],[149.82259,-24.08754],[149.83029,-24.08945],[149.83317,-24.09137],[149.83472,-24.09424],[149.83547,-24.10219],[149.83257,-24.10824],[149.83481,-24.11234],[149.8333,-24.11675],[149.83994,-24.12648],[149.83908,-24.12929],[149.83522,-24.13179],[149.83422,-24.1338],[149.83736,-24.13893],[149.83762,-24.14532],[149.84243,-24.15317],[149.84259,-24.15344],[149.84229,-24.15366],[149.83521,-24.15878],[149.83006,-24.16501],[149.82697,-24.16593],[149.81992,-24.16465],[149.82047,-24.16289],[149.76813,-24.15604],[149.67121,-24.15445],[149.655,-24.16234],[149.652,-24.1654],[149.65774,-24.17317],[149.66143,-24.17449],[149.66365,-24.17993],[149.6617,-24.18436],[149.66461,-24.19052],[149.66992,-24.19295],[149.67396,-24.19773],[149.67145,-24.20448],[149.67306,-24.20769],[149.67272,-24.21046],[149.67471,-24.21427],[149.67757,-24.21501],[149.67874,-24.21829],[149.6833,-24.2201],[149.68499,-24.22303],[149.68408,-24.22497],[149.68091,-24.22683],[149.67914,-24.23746],[149.67953,-24.2407],[149.68372,-24.24244],[149.68482,-24.24687],[149.69168,-24.2507],[149.69229,-24.25772],[149.69414,-24.2629],[149.703,-24.26297],[149.70659,-24.27098],[149.7086,-24.27221],[149.71322,-24.27804],[149.71351,-24.28039],[149.71566,-24.28222],[149.73464,-24.31514],[149.73535,-24.3188],[149.74036,-24.32466],[149.74079,-24.32883],[149.74445,-24.33696],[149.74261,-24.34053],[149.7437,-24.3531],[149.74838,-24.35515],[149.75768,-24.38966],[149.75094,-24.39895],[149.75323,-24.40289],[149.75245,-24.40823],[149.75808,-24.41021],[149.75779,-24.41501],[149.7621,-24.42312],[149.76239,-24.43977],[149.76383,-24.44373],[149.76253,-24.44735],[149.75981,-24.44849],[149.76431,-24.45968],[149.76423,-24.4624],[149.76701,-24.46454],[149.76647,-24.46628],[149.76813,-24.46982],[149.76906,-24.47904],[149.76773,-24.48322],[149.77437,-24.48884],[149.7761,-24.49457],[149.77481,-24.49911],[149.77572,-24.50093],[149.7796,-24.50183],[149.78118,-24.50595],[149.7766,-24.5124],[149.77796,-24.5157],[149.78022,-24.51599],[149.78284,-24.51997],[149.78293,-24.5236],[149.78565,-24.52606],[149.78568,-24.53364],[149.77869,-24.53289],[149.78738,-24.54513],[149.74006,-24.53986],[149.73783,-24.55754],[149.7257,-24.59782],[149.72953,-24.60852],[149.74963,-24.61935],[149.74074,-24.63403],[149.7374,-24.63454],[149.73427,-24.6569],[149.73018,-24.66129],[149.72651,-24.66822],[149.7116,-24.68562],[149.70448,-24.69239],[149.69045,-24.71117],[149.67681,-24.71914],[149.67174,-24.72464],[149.66489,-24.73516],[149.64884,-24.75185],[149.63678,-24.75967],[149.62158,-24.76578],[149.62169,-24.77313],[149.61944,-24.7775],[149.60967,-24.78462],[149.6061,-24.79071],[149.60483,-24.80091],[149.60497,-24.81272],[149.60629,-24.82337],[149.61326,-24.84295],[149.61451,-24.85857],[149.61353,-24.86876],[149.61605,-24.87429],[149.61167,-24.883],[149.61259,-24.88556],[149.61194,-24.88913],[149.60761,-24.89101],[149.5995,-24.89145],[149.59601,-24.88925],[149.59398,-24.88424],[149.59006,-24.88207],[149.5886,-24.88325],[149.58788,-24.88669],[149.58541,-24.88785],[149.57828,-24.78109],[149.56256,-24.78142],[149.56023,-24.77356],[149.53367,-24.77676],[149.53343,-24.78231],[149.52549,-24.7961],[149.5258,-24.79972],[149.51595,-24.79764],[149.51121,-24.79994],[149.50641,-24.80569],[149.50073,-24.82375],[149.50202,-24.8298],[149.50013,-24.84377],[149.48089,-24.85417],[149.4702,-24.86415],[149.46815,-24.86366],[149.46634,-24.86461],[149.46179,-24.89562],[149.45963,-24.89843],[149.45668,-24.90605],[149.44683,-24.9109],[149.44745,-24.91591],[149.45128,-24.91992],[149.45479,-24.93328],[149.45839,-24.93581],[149.45858,-24.93671],[149.45305,-24.93913],[149.45232,-24.94182],[149.45541,-24.94576],[149.45518,-24.94718],[149.45145,-24.95091],[149.45265,-24.95311],[149.45781,-24.95548],[149.4563,-24.95834],[149.4603,-24.96574],[149.46108,-24.97724],[149.45828,-24.98328],[149.45078,-24.99167],[149.4499,-24.99375],[149.45009,-25.00126],[149.44489,-25.00236],[149.4423,-25.00404],[149.43802,-25.00176],[149.42923,-25.00029],[149.42423,-25.00312],[149.42177,-25.0029],[149.41722,-25.00452],[149.41173,-25.00863],[149.40755,-25.00754],[149.40074,-25.00119],[149.40106,-24.99645],[149.38683,-24.99259],[149.36842,-24.98253],[149.36478,-24.97768],[149.3622,-24.97776],[149.3598,-24.98289],[149.357,-24.98448],[149.35073,-24.98285],[149.34085,-24.98617],[149.33735,-24.98579],[149.33624,-24.98623],[149.33671,-24.99255],[149.33482,-24.99923],[149.33328,-25.00223],[149.32627,-25.00893],[149.32359,-25.0154],[149.32165,-25.01637],[149.3175,-25.01699],[149.31574,-25.01574],[149.31028,-25.00692],[149.29316,-25.00194],[149.28184,-25.00855],[149.28058,-25.01154],[149.28286,-25.01703],[149.27985,-25.023],[149.2834,-25.03377],[149.2829,-25.0395],[149.28443,-25.04775],[149.28343,-25.05119],[149.28495,-25.05486],[149.28169,-25.06037],[149.27364,-25.06405],[149.27138,-25.06383],[149.26558,-25.0604],[149.24745,-25.05607],[149.2404,-25.05012],[149.23159,-25.04899],[149.22049,-25.03273],[149.22149,-25.027],[149.21897,-25.0231],[149.21921,-25.01943],[149.2177,-25.01737],[149.21216,-25.01486],[149.20688,-25.01532],[149.20336,-25.01304],[149.19556,-25.01259],[149.1865,-25.00847],[149.18322,-25.00535],[149.18196,-25.00559],[149.18077,-25.00928],[149.18398,-25.01008],[149.18525,-25.01879],[149.18852,-25.02268],[149.18929,-25.0291],[149.19256,-25.03277],[149.19584,-25.03368],[149.19458,-25.03552],[149.1888,-25.03805],[149.18428,-25.04539],[149.18328,-25.05135],[149.18555,-25.05708],[149.18731,-25.05708],[149.18757,-25.06029],[149.18455,-25.06167],[149.18229,-25.06442],[149.18103,-25.06855],[149.17776,-25.07268],[149.17118,-25.07135],[149.17091,-25.07159],[149.16871,-25.08209],[149.16922,-25.08645],[149.172,-25.09034],[149.16948,-25.09241],[149.16898,-25.09562],[149.16294,-25.09998],[149.16169,-25.10595],[149.15881,-25.10918],[149.15842,-25.10962],[149.15716,-25.11031],[149.15238,-25.10917],[149.14911,-25.10963],[149.14584,-25.11261],[149.14325,-25.11808],[149.1393,-25.12179],[149.12268,-25.12983],[149.11854,-25.1367],[149.11978,-25.13989],[149.11985,-25.14008],[149.11963,-25.13998],[149.11633,-25.13851],[149.11705,-25.13785],[149.11602,-25.13597],[149.11464,-25.13547],[149.11053,-25.13664],[149.11049,-25.13968],[149.10858,-25.1405],[149.10565,-25.13872],[149.10433,-25.13593],[149.1013,-25.13664],[149.10003,-25.13548],[149.09834,-25.13572],[149.09512,-25.13279],[149.09587,-25.13167],[149.09486,-25.13096],[149.09533,-25.12762],[149.09752,-25.12834],[149.09971,-25.12719],[149.10199,-25.12971],[149.10516,-25.12971],[149.10641,-25.12802],[149.10571,-25.12674],[149.10211,-25.1268],[149.10166,-25.12453],[149.09976,-25.12379],[149.09533,-25.12405],[149.09366,-25.12059],[149.07724,-25.11507],[149.07592,-25.11225],[149.07253,-25.11081],[149.07647,-25.10561],[149.0763,-25.10114],[149.07907,-25.0983],[149.08195,-25.0982],[149.09117,-25.09347],[149.09208,-25.08926],[149.09681,-25.08319],[149.0973,-25.08012],[149.09522,-25.07594],[149.0974,-25.07303],[149.09721,-25.06839],[149.09974,-25.06472],[149.101,-25.05845],[149.09516,-25.04981],[149.09672,-25.04334],[149.09539,-25.04219],[149.09246,-25.03357],[149.08734,-25.02944],[149.08992,-25.02048],[149.08696,-25.01345],[149.09188,-25.0032],[149.08691,-25.00232],[149.08086,-25.0032],[149.07116,-25.00191],[149.06882,-24.99994],[149.0692,-24.98926],[149.06131,-24.98502],[149.05605,-24.97738],[149.05709,-24.97787],[149.05511,-24.97068],[149.05552,-24.96709],[149.05208,-24.95621],[149.04856,-24.94908],[149.04971,-24.94315],[149.04636,-24.93742],[149.04183,-24.93284],[149.04065,-24.91928],[149.04927,-24.91716],[149.04877,-24.91245],[149.04769,-24.90861],[149.04197,-24.90766],[149.04102,-24.90253],[149.03729,-24.90203],[149.0346,-24.89854],[149.03451,-24.89615],[149.03256,-24.89261],[149.03379,-24.88905],[149.03632,-24.88641],[149.03754,-24.87779],[149.02163,-24.87991],[149.01297,-24.87993],[149.00326,-24.87585],[148.99265,-24.87314],[148.98944,-24.87021],[148.98657,-24.86278],[148.98272,-24.86093],[148.97789,-24.86024],[148.97412,-24.85797],[148.97183,-24.84809],[148.93675,-24.8374],[148.86119,-24.8943],[148.87226,-24.89348],[148.87665,-24.89725],[148.87644,-24.91187],[148.86891,-24.91637],[148.86902,-24.91854],[148.86132,-24.92844],[148.85291,-24.9321],[148.84809,-24.92793],[148.84756,-24.92607],[148.84576,-24.92832],[148.84635,-24.93169],[148.84808,-24.9321],[148.84716,-24.93506],[148.84386,-24.93343],[148.83741,-24.93607],[148.8328,-24.9485],[148.83055,-24.95145],[148.83142,-24.95347],[148.83355,-24.95403],[148.83306,-24.95496],[148.83013,-24.95481],[148.82691,-24.96134],[148.82816,-24.96678],[148.82725,-24.96926],[148.83089,-24.97555],[148.82577,-24.98567],[148.82673,-24.98701],[148.82452,-24.98998],[148.82485,-24.99148],[148.82957,-24.9929],[148.82852,-24.99739],[148.82681,-24.99855],[148.82696,-25.0026],[148.82458,-25.0046],[148.8226,-25.0048],[148.81981,-25.00939],[148.81961,-25.0129],[148.81814,-25.0133],[148.81747,-25.01142],[148.81565,-25.01038],[148.81775,-25.00869],[148.81812,-25.00168],[148.82032,-24.99648],[148.81892,-24.99482],[148.81627,-24.99521],[148.81625,-24.99694],[148.81662,-24.99826],[148.8162,-25.0002],[148.81382,-25.0111],[148.81441,-25.01575],[148.81363,-25.01855],[148.81609,-25.02229],[148.81628,-25.02258],[148.81619,-25.02298],[148.81503,-25.02835],[148.81798,-25.03548],[148.81314,-25.04527],[148.81511,-25.0505],[148.81402,-25.05318],[148.81637,-25.05981],[148.8174,-25.07145],[148.8292,-25.08893],[148.82773,-25.09101],[148.83169,-25.09567],[148.83314,-25.1029],[148.83794,-25.11158],[148.84227,-25.11639],[148.84304,-25.12084],[148.84701,-25.12602],[148.85498,-25.1313],[148.85904,-25.14211],[148.86404,-25.14247],[148.86758,-25.14131],[148.86915,-25.14464],[148.87416,-25.14788],[148.8726,-25.15156],[148.86238,-25.15291],[148.86091,-25.15567],[148.85905,-25.15617],[148.8586,-25.16296],[148.861,-25.17403],[148.86123,-25.18018],[148.86256,-25.18303],[148.86846,-25.18507],[148.87583,-25.19535],[148.87581,-25.19767],[148.88029,-25.19978],[148.88166,-25.20453],[148.87944,-25.20892],[148.88048,-25.2112],[148.88338,-25.21217],[148.88426,-25.21555],[148.87957,-25.22759],[148.92207,-25.23184],[148.92558,-25.23622],[148.93001,-25.23913],[148.93044,-25.24162],[148.93337,-25.24438],[148.92825,-25.24848],[148.92915,-25.25607],[148.92568,-25.25844],[148.92479,-25.26192],[148.92331,-25.26329],[148.92579,-25.26355],[148.93056,-25.26803],[148.93535,-25.26956],[148.93892,-25.273],[148.9386,-25.27618],[148.94544,-25.27877],[148.95573,-25.27989],[148.96419,-25.30065],[148.96889,-25.30399],[148.97274,-25.30369],[148.9754,-25.30928],[148.97917,-25.31093],[148.97696,-25.31758],[148.96859,-25.32157],[148.96379,-25.32136],[148.96283,-25.32251],[148.95544,-25.32318],[148.95035,-25.32838],[148.95062,-25.3346],[148.95225,-25.3381],[148.96743,-25.34112],[148.9735,-25.34631],[148.97318,-25.34878],[148.97839,-25.35603],[148.97654,-25.36256],[148.97834,-25.37225],[148.98021,-25.37541],[148.97716,-25.37683],[148.97395,-25.38449],[148.97014,-25.38623],[148.96932,-25.38874],[148.96684,-25.39122],[148.96722,-25.39311],[148.96588,-25.39644],[148.96258,-25.40009],[148.95676,-25.40189],[148.95462,-25.41502],[148.96042,-25.41213],[148.96423,-25.4134],[148.96009,-25.43013],[148.96152,-25.4321],[148.95868,-25.44347],[148.9553,-25.44568],[148.95345,-25.4571],[148.93835,-25.45918],[149.02453,-25.55974],[148.98404,-25.58837],[148.98611,-25.58834],[148.98791,-25.59007],[148.98629,-25.59794],[148.98698,-25.60319],[148.98548,-25.6122],[148.99132,-25.61836],[148.99306,-25.61867],[148.99519,-25.61742],[148.99552,-25.61466],[148.99197,-25.61014],[148.99002,-25.60539],[148.9922,-25.60072],[149.01037,-25.60173],[149.02007,-25.60371],[149.02606,-25.60807],[149.02581,-25.61106],[149.02387,-25.61194],[149.01427,-25.60883],[149.01292,-25.6093],[149.01259,-25.6115],[149.01386,-25.6136],[149.01835,-25.61663],[149.02731,-25.61926],[149.03267,-25.62706],[149.03847,-25.62921],[149.03852,-25.6316],[149.03265,-25.63841],[149.03402,-25.64134],[149.0343,-25.64165],[149.03543,-25.64206],[149.03597,-25.64179],[149.03813,-25.63835],[149.04101,-25.63662],[149.04117,-25.63218],[149.04498,-25.62846],[149.04451,-25.62432],[149.04533,-25.62309],[149.04787,-25.62294],[149.06046,-25.62683],[149.06141,-25.62983],[149.06055,-25.63234],[149.05046,-25.63909],[149.04848,-25.64317],[149.04967,-25.6479],[149.05057,-25.64912],[149.052,-25.64973],[149.06045,-25.64617],[149.06152,-25.64625],[149.06451,-25.64647],[149.06503,-25.64651],[149.06494,-25.64704],[149.06474,-25.64814],[149.06449,-25.6495],[149.06406,-25.64972],[149.0639,-25.65008],[149.05991,-25.65237],[149.05409,-25.66164],[149.05372,-25.66635],[149.05638,-25.66983],[149.03988,-25.67576],[149.0315,-25.67275],[149.01936,-25.68147],[149.01573,-25.6817],[149.0082,-25.69448],[149.00139,-25.69741],[148.99575,-25.6976],[148.9812,-25.7083],[148.97802,-25.70866],[148.97278,-25.71318],[148.96925,-25.71142],[148.96728,-25.70381],[148.96419,-25.69928],[148.95704,-25.6929],[148.94935,-25.69279],[148.94262,-25.68551],[148.93899,-25.68541],[148.93833,-25.68792],[148.94019,-25.69096],[148.93998,-25.69388],[148.93684,-25.69715],[148.93691,-25.69828],[148.93438,-25.69951],[148.93122,-25.69943],[148.92527,-25.70341],[148.92566,-25.70547],[148.9287,-25.70905],[148.92476,-25.71732],[148.92557,-25.71937],[148.92849,-25.72067],[148.92871,-25.72303],[148.92669,-25.7249],[148.92162,-25.72523],[148.91959,-25.72836],[148.92253,-25.7297],[148.9212,-25.73469],[148.92376,-25.74056],[148.90068,-25.7601],[148.90957,-25.76122],[148.90878,-25.76604],[148.91094,-25.76757],[148.94495,-25.7712],[148.96362,-25.79269],[148.9683,-25.78968],[148.97692,-25.78757],[148.98557,-25.78271],[148.9965,-25.78086],[149.01302,-25.77457],[149.02168,-25.76877],[149.02597,-25.76797],[149.03122,-25.76853],[149.03118,-25.77557],[149.02493,-25.79907],[149.02798,-25.80455],[149.04398,-25.82303],[149.05283,-25.82465],[149.05376,-25.82626],[149.04998,-25.82806],[149.05513,-25.82873],[149.06087,-25.83467],[149.06232,-25.83821],[149.06531,-25.83855],[149.06814,-25.84231],[149.07569,-25.8435],[149.08749,-25.8564],[149.0917,-25.85935],[149.09706,-25.86061],[149.10133,-25.86347],[149.1044,-25.86645],[149.10828,-25.87336],[149.09439,-25.94034],[149.09727,-25.94784],[149.10197,-25.94564],[149.10612,-25.94553],[149.1246,-25.95111],[149.13125,-25.94813],[149.1376,-25.94788],[149.13782,-25.9461],[149.22534,-25.95833],[149.3019,-25.96653],[149.32721,-25.92523],[149.32966,-25.9249],[149.33486,-25.91942],[149.34202,-25.92084],[149.34552,-25.91907],[149.34787,-25.91496],[149.35526,-25.90958],[149.35553,-25.90658],[149.35894,-25.90658],[149.36293,-25.90468],[149.36463,-25.89795],[149.37439,-25.89042],[149.38224,-25.88892],[149.39846,-25.87608],[149.40126,-25.88254],[149.48326,-25.89182],[149.47678,-25.93363],[149.57505,-25.94452],[149.58451,-25.88631],[149.6489,-25.89462],[149.66332,-25.88357],[149.67181,-25.87928],[149.67403,-25.8763],[149.68156,-25.87232],[149.69208,-25.86891],[149.7357,-25.8495],[149.76678,-25.90512],[149.77184,-25.90671],[149.7835,-25.89109],[149.76629,-25.85946],[149.77094,-25.85248],[149.78758,-25.85829],[149.79087,-25.85617],[149.79379,-25.85079],[149.79562,-25.85075],[149.7955,-25.84955],[149.79811,-25.84856],[149.80351,-25.84875],[149.80738,-25.85206],[149.81373,-25.85333],[149.81608,-25.85278],[149.82309,-25.84973],[149.8248,-25.8457],[149.82799,-25.84285],[149.82808,-25.84099],[149.82191,-25.84021],[149.82372,-25.82852],[149.82726,-25.82897],[149.83866,-25.83764],[149.85019,-25.83774],[149.88295,-25.82965],[149.8869,-25.82101],[149.89346,-25.824],[149.89488,-25.82373],[149.89666,-25.81597],[149.89783,-25.81499],[149.89939,-25.81899],[149.90323,-25.8184],[149.9056,-25.81993],[149.90672,-25.81733],[149.91534,-25.82207],[149.91966,-25.82694],[149.92824,-25.83207],[149.93272,-25.83975],[149.95088,-25.84011],[149.95483,-25.84159],[149.96204,-25.8507],[149.96559,-25.85138],[149.96834,-25.85106],[149.9713,-25.84861],[149.97414,-25.84798],[149.9906,-25.84741],[150.0002,-25.85263],[150.01386,-25.85784],[150.01669,-25.85952],[150.02221,-25.86561],[150.02766,-25.83001],[150.02846,-25.83502],[150.03214,-25.83685],[150.03634,-25.83659],[150.04,-25.83305],[150.04369,-25.83235],[150.04514,-25.83452],[150.04542,-25.83961],[150.04747,-25.84125],[150.04982,-25.84072],[150.05242,-25.83822],[150.05211,-25.83447],[150.05351,-25.83247],[150.0564,-25.81339],[150.08584,-25.8124],[150.0911,-25.80634],[150.09624,-25.79431],[150.09903,-25.79726],[150.10429,-25.79576],[150.11479,-25.81117],[150.12875,-25.81845],[150.14156,-25.82299],[150.15318,-25.81942],[150.15929,-25.81912],[150.1648,-25.81497],[150.17382,-25.81153],[150.17863,-25.80519],[150.18063,-25.80517],[150.18051,-25.79495],[150.17447,-25.78009],[150.20737,-25.78462],[150.21397,-25.78428],[150.23679,-25.78855],[150.24315,-25.79435],[150.24821,-25.79528],[150.24948,-25.78794],[150.2579,-25.78802],[150.27328,-25.79591],[150.27909,-25.79614],[150.28176,-25.77849],[150.29467,-25.78005],[150.33629,-25.79015],[150.34081,-25.81491],[150.34543,-25.81777],[150.36064,-25.81851],[150.37038,-25.81562],[150.38876,-25.81463],[150.38683,-25.80599],[150.38882,-25.80349],[150.39292,-25.80147],[150.39538,-25.79601],[150.40499,-25.79065],[150.41808,-25.78938],[150.42627,-25.77454],[150.42954,-25.73719],[150.4343,-25.73385],[150.42193,-25.69405],[150.42291,-25.68685],[150.41829,-25.67523],[150.42642,-25.66515],[150.43642,-25.66152],[150.44258,-25.62156],[150.43705,-25.60644],[150.42649,-25.60276],[150.41521,-25.6013],[150.41421,-25.59714],[150.4104,-25.59613],[150.40701,-25.59642],[150.40204,-25.59863],[150.401,-25.59363],[150.40382,-25.58373],[150.40799,-25.58024],[150.41247,-25.56758],[150.41015,-25.56141],[150.40326,-25.55177],[150.40258,-25.54149],[150.4043,-25.5372],[150.39211,-25.53152],[150.39425,-25.52682],[150.3918,-25.52002],[150.40274,-25.50773],[150.40165,-25.50338],[150.3977,-25.5006],[150.38915,-25.50313],[150.38531,-25.50211],[150.38775,-25.49482],[150.38539,-25.48797],[150.37671,-25.49046],[150.37462,-25.48939],[150.37598,-25.48278],[150.37009,-25.48069],[150.36912,-25.47624],[150.37472,-25.47185],[150.37559,-25.46135],[150.39784,-25.44734],[150.40476,-25.43139],[150.39964,-25.428],[150.39085,-25.41881],[150.39365,-25.41621],[150.40188,-25.41397],[150.39911,-25.40278],[150.40445,-25.39763],[150.39551,-25.39042],[150.40692,-25.37853],[150.41183,-25.37683],[150.41398,-25.37212],[150.41754,-25.37243],[150.41794,-25.36992],[150.40731,-25.36523],[150.40647,-25.36206],[150.41546,-25.35643],[150.4194,-25.34975],[150.41794,-25.34698],[150.41846,-25.33599],[150.41653,-25.33083],[150.42664,-25.32397],[150.43751,-25.32542],[150.44259,-25.3206],[150.44089,-25.31713],[150.44845,-25.30305],[150.44612,-25.29843],[150.44637,-25.29244],[150.44221,-25.28851],[150.44356,-25.28191],[150.4543,-25.28102],[150.45855,-25.278],[150.4522,-25.26359],[150.45432,-25.25751],[150.46167,-25.2568],[150.46506,-25.24807],[150.46466,-25.24183],[150.47151,-25.23426],[150.47454,-25.2328],[150.47519,-25.23087],[150.47641,-25.22163],[150.47205,-25.20261],[150.47005,-25.19879],[150.47216,-25.19583],[150.47136,-25.19051],[150.4778,-25.19078],[150.4864,-25.19497],[150.50225,-25.19265],[150.49805,-25.18658],[150.50824,-25.17357],[150.51269,-25.17153],[150.51852,-25.1705],[150.53103,-25.16486],[150.55138,-25.16473],[150.55747,-25.16163],[150.55758,-25.15602],[150.56195,-25.15205],[150.56202,-25.14557],[150.55903,-25.14194],[150.55662,-25.13378],[150.56061,-25.12698],[150.56533,-25.12392],[150.57011,-25.11535],[150.57881,-25.11242],[150.56598,-25.10125],[150.55909,-25.09718],[150.55647,-25.09409],[150.5563,-25.0905],[150.55787,-25.08792],[150.5581,-25.08333],[150.55577,-25.07951],[150.55423,-25.07257],[150.54862,-25.05993],[150.54831,-25.05141],[150.54993,-25.03779],[150.54771,-25.00937],[150.55326,-24.98624],[150.54634,-24.97737],[150.53959,-24.96069],[150.5424,-24.95894],[150.55822,-24.92353],[150.55657,-24.91467],[150.55861,-24.89962],[150.58085,-24.8474],[150.5856,-24.84799],[150.58608,-24.84556],[150.59178,-24.84528],[150.59471,-24.83827],[150.59819,-24.8357],[150.6035,-24.8011],[150.60597,-24.79852],[150.60182,-24.78965],[150.58652,-24.73148],[150.61136,-24.71164],[150.62211,-24.70922],[150.6369,-24.70936],[150.63833,-24.70017],[150.64183,-24.69594],[150.65588,-24.69323],[150.66313,-24.70276],[150.66681,-24.70376],[150.67974,-24.69902],[150.68944,-24.70246],[150.69944,-24.70215],[150.70913,-24.7037],[150.7247,-24.70157],[150.7281,-24.69877],[150.73247,-24.69788],[150.73927,-24.699],[150.74681,-24.70245],[150.75973,-24.7038],[150.76687,-24.70745],[150.77444,-24.71421],[150.77827,-24.71623],[150.79059,-24.71194],[150.82869,-24.71804],[150.85459,-24.72381],[150.85842,-24.7224],[150.86517,-24.7244],[150.87002,-24.72141],[150.87398,-24.72114],[150.87636,-24.71597],[150.87555,-24.71364],[150.87902,-24.70072],[150.8754,-24.69885],[150.87489,-24.69627],[150.87801,-24.68916],[150.88157,-24.68806],[150.8837,-24.68088],[150.88332,-24.67827],[150.8877,-24.67721],[150.88947,-24.67819],[150.89419,-24.66881],[150.89647,-24.66779],[150.89555,-24.66515],[150.89754,-24.66498],[150.90195,-24.66162],[150.90764,-24.6533],[150.91056,-24.6521],[150.91113,-24.65041],[150.90079,-24.64236],[150.89966,-24.63833],[150.89822,-24.63687],[150.89964,-24.6331],[150.89764,-24.63053],[150.88972,-24.63182],[150.88276,-24.62517],[150.8676,-24.63103],[150.85749,-24.62558],[150.8556,-24.62283],[150.85139,-24.62232],[150.84904,-24.61994],[150.84372,-24.61979],[150.83871,-24.61812],[150.83605,-24.6148],[150.82578,-24.60759],[150.82495,-24.60549],[150.81912,-24.60395],[150.82624,-24.55475],[150.82756,-24.55396],[150.82949,-24.55515],[150.82993,-24.56002],[150.83385,-24.55963],[150.83756,-24.55782],[150.8389,-24.55945],[150.84474,-24.56198],[150.84736,-24.55987],[150.84914,-24.55117],[150.8509,-24.54918],[150.85269,-24.5516],[150.85326,-24.55575],[150.85569,-24.55832],[150.86178,-24.55974],[150.86744,-24.55989],[150.87119,-24.55558],[150.87285,-24.55527],[150.8791,-24.55662],[150.88075,-24.55201],[150.90729,-24.55996],[150.90949,-24.56166],[150.9127,-24.56133],[150.944,-24.56975],[150.96128,-24.57644],[150.96364,-24.57596],[150.96904,-24.57859],[150.97277,-24.57636],[150.97353,-24.57481],[150.97257,-24.57254],[150.96981,-24.56968],[150.96905,-24.56114],[150.96983,-24.55231],[150.97472,-24.54896],[150.98143,-24.54919],[150.97271,-24.53677],[150.96787,-24.53343],[150.96842,-24.52939],[150.96652,-24.52681],[150.96597,-24.52064],[150.96378,-24.51466],[150.96515,-24.51051],[150.96376,-24.50847],[150.96404,-24.50702],[150.96994,-24.50252],[150.96984,-24.49727],[150.97072,-24.49593],[150.9743,-24.49541],[150.97953,-24.4914],[150.97951,-24.48306],[150.97867,-24.48124],[150.98289,-24.47869],[150.98366,-24.47656],[150.9822,-24.4753],[150.98285,-24.47215],[150.98559,-24.46981],[150.98629,-24.46328],[150.98741,-24.46216],[150.98872,-24.4562],[150.98778,-24.45292],[150.9881,-24.44694],[150.9932,-24.44271],[150.99417,-24.42422],[150.99386,-24.41903],[150.99192,-24.41653],[150.99224,-24.41123],[150.99312,-24.40966],[150.99945,-24.406],[151.00064,-24.39891],[151.00425,-24.39658],[151.00501,-24.39456],[151.01684,-24.397],[151.02077,-24.39535],[151.02176,-24.39379],[151.02831,-24.39411],[151.02959,-24.39216],[151.03695,-24.39208],[151.03927,-24.39297],[151.04139,-24.396],[151.04441,-24.39432],[151.04558,-24.39604]]]},"properties":{"District Name":"Gladstone","DDMG Name":"Gladstone"}},{"type":"Feature","geometry":{"type":"Polygon","coordinates":[[[153.28685,-27.69295],[153.28647,-27.69311],[153.28513,-27.6937],[153.28299,-27.695],[153.28007,-27.69517],[153.2736,-27.69705],[153.26689,-27.6924],[153.25851,-27.69237],[153.25568,-27.69039],[153.25334,-27.6917],[153.25356,-27.69626],[153.25351,-27.69628],[153.25318,-27.69643],[153.25154,-27.69719],[153.25073,-27.69721],[153.24324,-27.69739],[153.23591,-27.69466],[153.23408,-27.69431],[153.23359,-27.69857],[153.23627,-27.70348],[153.23193,-27.70623],[153.23353,-27.71101],[153.22963,-27.71215],[153.22762,-27.71531],[153.21509,-27.71424],[153.21273,-27.7153],[153.21545,-27.71818],[153.22075,-27.71842],[153.23059,-27.72159],[153.23259,-27.72385],[153.22872,-27.72732],[153.22753,-27.72655],[153.22757,-27.72372],[153.22646,-27.72335],[153.2229,-27.72428],[153.21947,-27.7271],[153.21643,-27.72706],[153.21982,-27.73476],[153.21833,-27.73692],[153.21007,-27.73963],[153.20695,-27.73899],[153.20124,-27.74002],[153.20047,-27.7432],[153.19746,-27.74698],[153.19726,-27.75401],[153.19885,-27.75902],[153.19797,-27.76411],[153.19339,-27.76777],[153.19334,-27.77292],[153.18727,-27.77403],[153.18638,-27.77536],[153.18784,-27.77708],[153.19122,-27.77723],[153.19298,-27.78004],[153.18444,-27.78857],[153.1821,-27.79484],[153.16901,-27.80058],[153.16944,-27.80364],[153.17617,-27.80838],[153.17803,-27.81128],[153.17674,-27.81239],[153.17759,-27.81397],[153.18054,-27.81522],[153.18328,-27.81934],[153.1729,-27.83442],[153.17595,-27.83718],[153.17569,-27.83943],[153.18064,-27.84118],[153.18149,-27.84399],[153.18063,-27.84834],[153.18202,-27.84855],[153.18107,-27.85393],[153.18894,-27.8551],[153.18542,-27.87376],[153.18636,-27.8752],[153.18627,-27.88124],[153.18334,-27.89136],[153.18068,-27.89508],[153.21209,-27.90012],[153.21169,-27.90218],[153.21543,-27.90275],[153.21257,-27.9179],[153.21358,-27.91806],[153.21332,-27.91939],[153.21571,-27.92198],[153.21478,-27.92602],[153.21374,-27.92587],[153.21058,-27.94149],[153.20823,-27.94114],[153.20659,-27.94925],[153.21913,-27.95124],[153.22002,-27.9476],[153.22215,-27.95065],[153.22235,-27.95294],[153.22394,-27.95392],[153.2242,-27.95408],[153.2252,-27.95612],[153.22402,-27.95704],[153.22495,-27.95765],[153.2216,-27.95806],[153.2232,-27.9583],[153.22274,-27.9623],[153.22404,-27.96286],[153.22225,-27.96574],[153.22311,-27.96711],[153.22177,-27.96813],[153.22015,-27.97625],[153.22593,-27.97718],[153.22512,-27.98165],[153.20352,-27.97837],[153.20095,-27.98074],[153.20085,-27.98135],[153.20132,-27.9827],[153.20793,-27.98578],[153.21123,-27.98984],[153.21066,-27.99297],[153.22053,-27.99438],[153.22089,-27.9997],[153.21764,-28.00821],[153.23888,-28.01117],[153.23628,-28.02596],[153.23257,-28.02567],[153.23009,-28.03965],[153.22868,-28.03961],[153.23076,-28.04435],[153.22875,-28.05512],[153.22632,-28.05477],[153.22512,-28.06121],[153.21598,-28.06003],[153.21943,-28.06183],[153.22015,-28.06489],[153.21995,-28.06625],[153.21619,-28.06568],[153.21335,-28.08035],[153.22948,-28.0828],[153.22942,-28.08486],[153.23243,-28.08533],[153.23154,-28.08988],[153.22961,-28.08958],[153.22753,-28.09726],[153.22989,-28.09998],[153.22278,-28.10295],[153.22131,-28.11123],[153.21576,-28.10834],[153.21407,-28.11743],[153.20604,-28.1163],[153.20578,-28.11785],[153.20246,-28.11712],[153.20085,-28.11919],[153.1995,-28.12986],[153.20039,-28.13],[153.19655,-28.15079],[153.19406,-28.15802],[153.19484,-28.15804],[153.19499,-28.1604],[153.19856,-28.16332],[153.19554,-28.16692],[153.19487,-28.17026],[153.19245,-28.17356],[153.19332,-28.1761],[153.19194,-28.17862],[153.19323,-28.17976],[153.18823,-28.17915],[153.18679,-28.18655],[153.18413,-28.19246],[153.19345,-28.1916],[153.19243,-28.19453],[153.19429,-28.20066],[153.19264,-28.20115],[153.18883,-28.19971],[153.18948,-28.20051],[153.18857,-28.2033],[153.19062,-28.20637],[153.19069,-28.20975],[153.19486,-28.2143],[153.19511,-28.22028],[153.19861,-28.22671],[153.19763,-28.23132],[153.19997,-28.23951],[153.20711,-28.2466],[153.20738,-28.25289],[153.21139,-28.25748],[153.21854,-28.26338],[153.23284,-28.26507],[153.23451,-28.26286],[153.23624,-28.25558],[153.24392,-28.2473],[153.24652,-28.24668],[153.24973,-28.24749],[153.2504,-28.24652],[153.264,-28.24348],[153.26905,-28.23861],[153.27424,-28.23801],[153.2772,-28.2342],[153.2796,-28.23349],[153.2866,-28.23543],[153.29151,-28.23376],[153.29619,-28.23381],[153.30037,-28.23803],[153.30476,-28.2397],[153.31204,-28.23732],[153.31456,-28.23718],[153.31685,-28.23853],[153.32186,-28.2378],[153.32572,-28.23594],[153.32977,-28.23687],[153.33103,-28.23888],[153.33189,-28.24613],[153.3391,-28.25055],[153.34585,-28.24845],[153.35728,-28.24927],[153.36472,-28.24735],[153.37218,-28.24274],[153.37892,-28.24031],[153.3825,-28.23745],[153.38753,-28.23638],[153.38972,-28.23483],[153.39051,-28.23273],[153.38944,-28.23098],[153.39091,-28.22789],[153.39755,-28.21895],[153.40571,-28.21102],[153.41491,-28.20742],[153.41824,-28.20247],[153.41781,-28.20056],[153.42433,-28.19785],[153.43576,-28.18717],[153.44584,-28.18425],[153.45262,-28.18104],[153.45705,-28.18052],[153.45915,-28.17816],[153.45852,-28.17501],[153.4667,-28.16445],[153.46845,-28.16243],[153.47248,-28.16175],[153.47497,-28.15802],[153.47695,-28.15689],[153.48258,-28.15832],[153.48585,-28.15704],[153.53116,-28.17524],[153.53465,-28.17764],[153.54145,-28.169],[153.55194,-28.16449],[153.55016,-28.16362],[153.55006,-28.16249],[153.5478,-28.16442],[153.54463,-28.16464],[153.54289,-28.1672],[153.53593,-28.16628],[153.53697,-28.16463],[153.53228,-28.16711],[153.52321,-28.16641],[153.51099,-28.15872],[153.50174,-28.1499],[153.4919,-28.13673],[153.49038,-28.1332],[153.49093,-28.13233],[153.48914,-28.13185],[153.48628,-28.12721],[153.48698,-28.12461],[153.48509,-28.12597],[153.48544,-28.12741],[153.48326,-28.12779],[153.47763,-28.1257],[153.46797,-28.11084],[153.4669,-28.1071],[153.4609,-28.09637],[153.46177,-28.09447],[153.46031,-28.09575],[153.46003,-28.09107],[153.45754,-28.08945],[153.45385,-28.08928],[153.45139,-28.08632],[153.4462,-28.07278],[153.44703,-28.07189],[153.44506,-28.07005],[153.43987,-28.05021],[153.43239,-28.01238],[153.43002,-27.98981],[153.42918,-27.96704],[153.42926,-27.96311],[153.43009,-27.96314],[153.43033,-27.93996],[153.43039,-27.93901],[153.43291,-27.93901],[153.43291,-27.93811],[153.42899,-27.93811],[153.42903,-27.9365],[153.43369,-27.93527],[153.42942,-27.93609],[153.43,-27.93321],[153.42878,-27.92522],[153.42524,-27.91029],[153.4248,-27.89734],[153.42634,-27.87394],[153.43628,-27.80412],[153.44266,-27.7679],[153.44672,-27.75249],[153.44934,-27.74747],[153.44906,-27.7438],[153.44559,-27.73891],[153.44674,-27.7352],[153.43929,-27.73575],[153.42525,-27.74266],[153.41447,-27.74353],[153.41334,-27.74362],[153.41244,-27.74313],[153.40826,-27.74085],[153.4059,-27.73567],[153.40507,-27.73385],[153.4038,-27.7266],[153.40293,-27.72479],[153.40071,-27.72106],[153.39531,-27.71656],[153.39311,-27.71507],[153.39303,-27.71466],[153.39172,-27.70772],[153.38764,-27.70745],[153.38481,-27.7103],[153.38168,-27.7113],[153.37533,-27.70851],[153.37152,-27.70827],[153.36862,-27.71224],[153.36642,-27.71231],[153.36196,-27.7084],[153.36191,-27.69995],[153.35908,-27.69157],[153.3584,-27.69085],[153.35447,-27.69087],[153.34007,-27.69683],[153.32776,-27.69583],[153.32067,-27.70512],[153.31714,-27.70769],[153.30886,-27.71055],[153.30462,-27.71045],[153.30103,-27.70874],[153.29402,-27.70011],[153.29252,-27.69203],[153.28946,-27.69243],[153.28667,-27.69435],[153.2868,-27.69337],[153.28685,-27.69295]]]},"properties":{"District Name":"Gold Coast","DDMG Name":"Gold Coast"}},{"type":"Feature","geometry":{"type":"Polygon","coordinates":[[[151.07875,-26.09668],[151.0821,-26.09962],[151.08466,-26.1001],[151.08811,-26.10518],[151.09295,-26.10628],[151.0966,-26.10853],[151.09782,-26.11075],[151.10216,-26.11039],[151.10379,-26.1117],[151.10724,-26.11134],[151.10812,-26.11274],[151.11117,-26.11267],[151.11542,-26.11871],[151.12057,-26.11773],[151.12385,-26.11374],[151.12628,-26.11451],[151.13444,-26.10529],[151.13539,-26.1075],[151.13738,-26.10771],[151.14291,-26.10399],[151.14987,-26.10542],[151.15166,-26.10772],[151.15172,-26.1111],[151.15953,-26.1208],[151.15788,-26.12927],[151.15905,-26.13182],[151.15654,-26.13373],[151.1565,-26.13605],[151.1573,-26.13838],[151.15948,-26.13954],[151.1607,-26.142],[151.162,-26.14953],[151.15878,-26.15454],[151.15005,-26.15965],[151.14702,-26.15787],[151.1424,-26.15982],[151.13929,-26.15918],[151.12569,-26.15144],[151.12533,-26.14998],[151.12266,-26.14839],[151.12058,-26.14297],[151.11587,-26.14087],[151.0987,-26.14988],[151.09983,-26.16028],[151.09288,-26.15935],[151.0764,-26.16178],[151.07324,-26.17259],[151.02274,-26.19544],[151.01823,-26.1925],[151.01326,-26.19206],[151.01671,-26.25622],[151.06652,-26.25473],[151.13638,-26.26306],[151.11544,-26.3794],[151.07734,-26.46254],[151.20773,-26.47877],[151.20841,-26.48068],[151.20363,-26.48576],[151.20339,-26.48891],[151.20805,-26.49455],[151.20416,-26.50095],[151.20455,-26.50299],[151.20613,-26.50362],[151.21224,-26.51396],[151.21871,-26.51748],[151.22238,-26.51821],[151.22188,-26.52134],[151.22747,-26.52438],[151.22969,-26.52713],[151.23425,-26.52563],[151.23538,-26.52355],[151.23786,-26.52267],[151.24311,-26.5277],[151.24669,-26.52653],[151.24777,-26.52791],[151.24818,-26.53371],[151.24712,-26.53671],[151.24974,-26.54235],[151.25432,-26.54425],[151.25764,-26.54822],[151.26597,-26.54989],[151.26897,-26.54833],[151.27155,-26.54889],[151.27657,-26.54523],[151.27771,-26.54278],[151.27931,-26.54369],[151.28336,-26.54247],[151.28393,-26.54373],[151.28753,-26.54489],[151.28681,-26.55383],[151.28769,-26.55734],[151.29489,-26.56649],[151.30138,-26.57055],[151.30487,-26.57967],[151.30747,-26.58192],[151.31031,-26.58261],[151.30997,-26.58452],[151.31379,-26.59101],[151.31563,-26.58991],[151.31817,-26.59042],[151.32279,-26.58581],[151.32453,-26.58704],[151.32584,-26.5921],[151.32851,-26.59384],[151.33036,-26.59314],[151.33368,-26.59836],[151.33276,-26.60072],[151.33348,-26.60166],[151.34198,-26.60698],[151.34983,-26.60819],[151.3519,-26.6172],[151.35782,-26.61872],[151.36342,-26.62361],[151.36869,-26.62426],[151.37109,-26.62783],[151.36958,-26.63081],[151.37112,-26.632],[151.37862,-26.6296],[151.38313,-26.63331],[151.38478,-26.63649],[151.38869,-26.63832],[151.39302,-26.63779],[151.39476,-26.6388],[151.39467,-26.64136],[151.39926,-26.64522],[151.4028,-26.65104],[151.40803,-26.6566],[151.4081,-26.65685],[151.40923,-26.66065],[151.40719,-26.67395],[151.39189,-26.68421],[151.39434,-26.68497],[151.39763,-26.69128],[151.40525,-26.69513],[151.4077,-26.69437],[151.41073,-26.69687],[151.417,-26.69796],[151.41802,-26.70251],[151.41619,-26.7076],[151.41386,-26.71038],[151.41438,-26.71311],[151.41664,-26.71432],[151.41718,-26.71718],[151.41325,-26.72521],[151.41816,-26.72887],[151.41898,-26.74039],[151.42078,-26.74595],[151.42359,-26.74612],[151.42523,-26.74842],[151.42653,-26.74807],[151.43157,-26.7521],[151.43439,-26.75217],[151.43626,-26.75435],[151.44054,-26.75658],[151.45032,-26.75792],[151.45575,-26.76008],[151.45943,-26.75972],[151.46449,-26.76181],[151.46915,-26.75998],[151.47379,-26.76035],[151.47601,-26.75701],[151.47962,-26.75687],[151.48262,-26.75429],[151.48997,-26.75722],[151.49375,-26.76281],[151.49761,-26.76324],[151.49955,-26.76216],[151.5044,-26.76298],[151.50641,-26.7667],[151.51057,-26.76707],[151.51484,-26.76557],[151.51981,-26.76656],[151.5201,-26.76795],[151.51782,-26.77238],[151.51823,-26.77986],[151.51652,-26.78258],[151.51743,-26.78808],[151.5211,-26.79139],[151.52163,-26.79328],[151.51645,-26.79906],[151.51902,-26.80084],[151.52397,-26.81076],[151.52825,-26.81174],[151.53092,-26.81808],[151.53596,-26.82044],[151.53952,-26.8197],[151.54384,-26.82393],[151.54554,-26.82761],[151.54845,-26.82951],[151.54826,-26.83283],[151.54938,-26.8356],[151.55578,-26.83973],[151.55848,-26.84608],[151.56244,-26.85162],[151.56798,-26.85327],[151.56773,-26.8581],[151.57124,-26.86068],[151.57217,-26.86971],[151.5773,-26.87987],[151.58222,-26.87929],[151.58658,-26.88123],[151.58721,-26.88379],[151.58926,-26.88553],[151.59257,-26.88465],[151.59905,-26.8855],[151.60041,-26.88837],[151.60384,-26.89107],[151.60685,-26.89156],[151.60794,-26.89297],[151.612,-26.89244],[151.61692,-26.89654],[151.61702,-26.89888],[151.6192,-26.89868],[151.62016,-26.9003],[151.62222,-26.9008],[151.63019,-26.89887],[151.63895,-26.90692],[151.64246,-26.90731],[151.64494,-26.91104],[151.64791,-26.91295],[151.64981,-26.91385],[151.65197,-26.9151],[151.65278,-26.91498],[151.65962,-26.91397],[151.66424,-26.91019],[151.66621,-26.91057],[151.66999,-26.91675],[151.67321,-26.91817],[151.67413,-26.92009],[151.67818,-26.92214],[151.68164,-26.92183],[151.6895,-26.92662],[151.69189,-26.93172],[151.69483,-26.93238],[151.70006,-26.9386],[151.70497,-26.93847],[151.71363,-26.94437],[151.72203,-26.94755],[151.72242,-26.9476],[151.724,-26.94779],[151.72509,-26.94793],[151.73235,-26.94428],[151.73784,-26.94701],[151.74561,-26.94553],[151.75264,-26.94779],[151.7587,-26.94737],[151.78151,-26.94029],[151.78578,-26.93796],[151.79288,-26.93062],[151.80184,-26.9352],[151.80864,-26.93092],[151.81184,-26.93203],[151.81896,-26.92843],[151.81911,-26.9282],[151.82455,-26.91995],[151.83371,-26.91301],[151.83377,-26.91292],[151.838,-26.90684],[151.84258,-26.9032],[151.84259,-26.90309],[151.84318,-26.89767],[151.88649,-26.87937],[151.88611,-26.8777],[151.88765,-26.87335],[151.89271,-26.86802],[151.89677,-26.86622],[151.89864,-26.8553],[151.89695,-26.85112],[151.89861,-26.84915],[151.89809,-26.84623],[151.90211,-26.8416],[151.90193,-26.83712],[151.90651,-26.83191],[151.90586,-26.83156],[151.91588,-26.82736],[151.91894,-26.82298],[151.92199,-26.8218],[151.92563,-26.81539],[151.92576,-26.81049],[151.93311,-26.80139],[151.97345,-26.80591],[151.97459,-26.79774],[151.97745,-26.79814],[151.97929,-26.78655],[151.98661,-26.78233],[151.98865,-26.78356],[151.9966,-26.78307],[151.99779,-26.77592],[152.0077,-26.76941],[152.01578,-26.77919],[152.01858,-26.77817],[152.02055,-26.77898],[152.02017,-26.78114],[152.03218,-26.78273],[152.03302,-26.77756],[152.03515,-26.77824],[152.03934,-26.77402],[152.04654,-26.77396],[152.04773,-26.76972],[152.05311,-26.7669],[152.05168,-26.77711],[152.06388,-26.77852],[152.06547,-26.78779],[152.06326,-26.79265],[152.06393,-26.79727],[152.05965,-26.79912],[152.06349,-26.8027],[152.0637,-26.8037],[152.06409,-26.80546],[152.06421,-26.80604],[152.06529,-26.80729],[152.06616,-26.80831],[152.06688,-26.80915],[152.07032,-26.80919],[152.07216,-26.81107],[152.07343,-26.81465],[152.07254,-26.81872],[152.07047,-26.8219],[152.0685,-26.81946],[152.06376,-26.82031],[152.06247,-26.82426],[152.05942,-26.82767],[152.05956,-26.82798],[152.06011,-26.82914],[152.06208,-26.83334],[152.06231,-26.83435],[152.06169,-26.83532],[152.05881,-26.83868],[152.05465,-26.84074],[152.05373,-26.8412],[152.05305,-26.84153],[152.04889,-26.84516],[152.04221,-26.84379],[152.04066,-26.84917],[152.03545,-26.84865],[152.03351,-26.85023],[152.03481,-26.85553],[152.03798,-26.85754],[152.04182,-26.85493],[152.04669,-26.85628],[152.0497,-26.8544],[152.05272,-26.85477],[152.05399,-26.85747],[152.05569,-26.85844],[152.07614,-26.86084],[152.06855,-26.86877],[152.06858,-26.87102],[152.06651,-26.87407],[152.06291,-26.87665],[152.06511,-26.88081],[152.06715,-26.88137],[152.06798,-26.88388],[152.06693,-26.88869],[152.06774,-26.89835],[152.06384,-26.90059],[152.06254,-26.90378],[152.05888,-26.9049],[152.05733,-26.90977],[152.05303,-26.9107],[152.05103,-26.91897],[152.05108,-26.91898],[152.05778,-26.92027],[152.06444,-26.92667],[152.07111,-26.92712],[152.07773,-26.92388],[152.07968,-26.92081],[152.08093,-26.92199],[152.08858,-26.91893],[152.08807,-26.91709],[152.09169,-26.91619],[152.09253,-26.91386],[152.10234,-26.91107],[152.10801,-26.90315],[152.11451,-26.90353],[152.11992,-26.90189],[152.1213,-26.89999],[152.12489,-26.90025],[152.13585,-26.90612],[152.13784,-26.90003],[152.13794,-26.89923],[152.14142,-26.88779],[152.14695,-26.87923],[152.15444,-26.87376],[152.15953,-26.87379],[152.16514,-26.87061],[152.16704,-26.86708],[152.17045,-26.86755],[152.1695,-26.87214],[152.17265,-26.87525],[152.18865,-26.87738],[152.18894,-26.87562],[152.18425,-26.87102],[152.18344,-26.86565],[152.18425,-26.85118],[152.18103,-26.84656],[152.18255,-26.83726],[152.18771,-26.83792],[152.19009,-26.8236],[152.17412,-26.82144],[152.17435,-26.81575],[152.17639,-26.80906],[152.17228,-26.80294],[152.17316,-26.80092],[152.17051,-26.79683],[152.17365,-26.79531],[152.17308,-26.79365],[152.17456,-26.79199],[152.17416,-26.78471],[152.17544,-26.78299],[152.17905,-26.78376],[152.17662,-26.77977],[152.17113,-26.77704],[152.16825,-26.77296],[152.16396,-26.77558],[152.16261,-26.77518],[152.15579,-26.76881],[152.156,-26.75996],[152.15833,-26.75696],[152.1555,-26.75332],[152.15666,-26.75101],[152.15905,-26.74984],[152.16034,-26.74721],[152.16215,-26.74618],[152.1639,-26.74211],[152.15075,-26.74053],[152.15264,-26.72801],[152.14725,-26.72842],[152.14226,-26.72714],[152.1402,-26.7282],[152.14042,-26.72997],[152.14589,-26.73418],[152.14541,-26.73679],[152.14398,-26.73821],[152.13753,-26.73912],[152.13288,-26.74121],[152.12969,-26.73425],[152.13407,-26.73186],[152.13405,-26.73047],[152.1296,-26.72767],[152.12808,-26.72296],[152.12376,-26.71732],[152.11923,-26.71421],[152.11361,-26.70695],[152.11242,-26.70617],[152.10233,-26.70957],[152.10383,-26.7089],[152.09913,-26.70558],[152.09978,-26.70434],[152.10135,-26.70502],[152.10099,-26.70328],[152.09109,-26.70062],[152.08491,-26.69716],[152.084,-26.69594],[152.08331,-26.69445],[152.08279,-26.68894],[152.07563,-26.685],[152.07577,-26.6785],[152.07367,-26.66674],[152.07376,-26.66622],[152.0745,-26.66456],[152.07887,-26.66167],[152.0818,-26.65765],[152.08691,-26.65529],[152.08991,-26.654],[152.09865,-26.65374],[152.10011,-26.65311],[152.10577,-26.65064],[152.10729,-26.64776],[152.11107,-26.64707],[152.11532,-26.64494],[152.1162,-26.64333],[152.11823,-26.64347],[152.11963,-26.6374],[152.12675,-26.63797],[152.12956,-26.64021],[152.13081,-26.63878],[152.12977,-26.63631],[152.13,-26.63167],[152.12831,-26.62712],[152.13586,-26.61432],[152.13252,-26.60508],[152.13011,-26.60244],[152.13043,-26.60047],[152.13784,-26.59658],[152.13965,-26.5942],[152.14178,-26.59514],[152.14317,-26.59278],[152.13771,-26.58819],[152.13725,-26.58278],[152.13178,-26.57905],[152.13088,-26.57501],[152.13253,-26.5703],[152.1358,-26.56637],[152.13577,-26.56081],[152.13267,-26.55688],[152.13198,-26.55011],[152.12995,-26.54849],[152.12989,-26.54515],[152.12836,-26.54227],[152.12832,-26.5385],[152.13045,-26.53703],[152.13034,-26.53544],[152.12633,-26.53158],[152.12698,-26.52817],[152.13014,-26.52716],[152.13169,-26.52195],[152.12742,-26.51861],[152.12772,-26.511],[152.12564,-26.50939],[152.12574,-26.50658],[152.12955,-26.50489],[152.13376,-26.50042],[152.13385,-26.49835],[152.13603,-26.49517],[152.13554,-26.49118],[152.13237,-26.48778],[152.13558,-26.48023],[152.13792,-26.47887],[152.141,-26.47884],[152.1495,-26.48287],[152.15142,-26.48051],[152.15383,-26.48038],[152.15533,-26.47503],[152.15733,-26.47528],[152.16023,-26.47781],[152.16255,-26.47481],[152.16635,-26.47467],[152.16858,-26.4775],[152.17168,-26.47814],[152.17421,-26.48168],[152.1792,-26.48479],[152.18168,-26.48446],[152.18442,-26.48603],[152.18949,-26.49209],[152.1948,-26.49558],[152.19747,-26.50021],[152.20502,-26.50751],[152.20658,-26.51109],[152.21357,-26.51305],[152.2153,-26.51223],[152.21809,-26.50626],[152.22123,-26.5039],[152.22863,-26.5081],[152.2309,-26.50718],[152.2326,-26.50409],[152.23176,-26.50043],[152.23271,-26.49745],[152.23208,-26.49526],[152.22927,-26.49267],[152.23506,-26.48881],[152.23776,-26.48943],[152.24134,-26.48771],[152.24387,-26.48794],[152.24558,-26.48558],[152.24964,-26.48439],[152.25182,-26.48535],[152.25325,-26.48444],[152.25619,-26.4785],[152.25926,-26.47648],[152.25974,-26.47139],[152.26221,-26.46887],[152.26796,-26.4689],[152.27304,-26.46428],[152.27381,-26.4535],[152.27669,-26.45408],[152.27863,-26.45266],[152.28545,-26.45289],[152.28909,-26.45665],[152.29418,-26.45875],[152.29754,-26.4627],[152.29745,-26.46498],[152.30063,-26.46441],[152.30459,-26.46606],[152.30526,-26.46681],[152.30449,-26.46882],[152.31136,-26.4724],[152.31551,-26.48078],[152.31775,-26.48055],[152.31964,-26.47699],[152.32334,-26.47683],[152.32557,-26.47518],[152.33038,-26.47527],[152.33446,-26.47276],[152.33925,-26.47159],[152.34066,-26.46925],[152.34401,-26.46791],[152.3501,-26.4693],[152.35116,-26.4677],[152.3561,-26.46518],[152.36062,-26.46626],[152.3644,-26.46314],[152.37244,-26.46295],[152.37312,-26.46825],[152.37657,-26.47008],[152.37705,-26.47224],[152.38679,-26.47218],[152.39038,-26.47594],[152.39274,-26.47372],[152.39937,-26.4708],[152.40322,-26.47388],[152.40772,-26.47108],[152.40814,-26.46852],[152.41257,-26.4642],[152.42124,-26.46718],[152.4251,-26.46416],[152.43018,-26.46372],[152.43167,-26.46452],[152.4352,-26.46283],[152.43678,-26.45975],[152.44343,-26.45986],[152.43934,-26.48581],[152.44557,-26.48661],[152.44562,-26.48494],[152.44823,-26.484],[152.44494,-26.50469],[152.44166,-26.50698],[152.43896,-26.51134],[152.43967,-26.51727],[152.43894,-26.5199],[152.43699,-26.52037],[152.43548,-26.5238],[152.43585,-26.53744],[152.43663,-26.5385],[152.4382,-26.5384],[152.43873,-26.53513],[152.44314,-26.53279],[152.44261,-26.53037],[152.44347,-26.52773],[152.44959,-26.53077],[152.44846,-26.53779],[152.44693,-26.53805],[152.44516,-26.54407],[152.44084,-26.54589],[152.44353,-26.54624],[152.44285,-26.55053],[152.44127,-26.55262],[152.44134,-26.55603],[152.4402,-26.55692],[152.45083,-26.55841],[152.44904,-26.56978],[152.45854,-26.57099],[152.45695,-26.58093],[152.51993,-26.58848],[152.52236,-26.58646],[152.51518,-26.57767],[152.51154,-26.56748],[152.55409,-26.57251],[152.56041,-26.58184],[152.56497,-26.58369],[152.56946,-26.58247],[152.57522,-26.58393],[152.5755,-26.58391],[152.57651,-26.58415],[152.57718,-26.58335],[152.57928,-26.58088],[152.58794,-26.57975],[152.58901,-26.58244],[152.59441,-26.58473],[152.60271,-26.57794],[152.60587,-26.5797],[152.60632,-26.5843],[152.61318,-26.58286],[152.61866,-26.58431],[152.62563,-26.58198],[152.62945,-26.58378],[152.63576,-26.58513],[152.63799,-26.58456],[152.63843,-26.58565],[152.64825,-26.58776],[152.65264,-26.59025],[152.65358,-26.59283],[152.66026,-26.59711],[152.66996,-26.59612],[152.68049,-26.59771],[152.68142,-26.59089],[152.68289,-26.58929],[152.68127,-26.58251],[152.68261,-26.58206],[152.68365,-26.57879],[152.68602,-26.57702],[152.69496,-26.57557],[152.69472,-26.57178],[152.69562,-26.57041],[152.69493,-26.56788],[152.70075,-26.56521],[152.70659,-26.55984],[152.70844,-26.5599],[152.71056,-26.55658],[152.70955,-26.55417],[152.71047,-26.55251],[152.71156,-26.55265],[152.71225,-26.54623],[152.71467,-26.54635],[152.72845,-26.53698],[152.73339,-26.543],[152.73764,-26.54025],[152.74513,-26.54963],[152.74647,-26.54986],[152.74982,-26.54725],[152.75187,-26.54935],[152.75205,-26.54954],[152.75275,-26.54959],[152.75415,-26.54968],[152.75455,-26.54971],[152.75599,-26.5488],[152.75569,-26.54642],[152.7587,-26.54289],[152.7581,-26.54189],[152.7551,-26.54215],[152.75835,-26.53663],[152.76199,-26.53643],[152.76396,-26.54044],[152.76627,-26.53771],[152.76824,-26.53539],[152.76919,-26.53426],[152.76934,-26.5329],[152.76942,-26.53218],[152.76952,-26.53122],[152.7687,-26.52971],[152.7677,-26.52788],[152.76739,-26.52731],[152.76583,-26.52689],[152.76334,-26.52557],[152.75981,-26.52501],[152.76208,-26.51065],[152.74345,-26.50812],[152.74341,-26.50645],[152.74518,-26.50432],[152.74392,-26.50275],[152.7452,-26.50154],[152.74493,-26.49894],[152.74962,-26.49749],[152.75263,-26.49114],[152.75783,-26.48766],[152.76144,-26.48689],[152.76185,-26.48334],[152.76555,-26.48251],[152.76512,-26.47953],[152.76667,-26.47776],[152.76475,-26.47519],[152.76064,-26.47447],[152.75858,-26.4756],[152.75649,-26.47426],[152.75823,-26.47121],[152.75762,-26.46844],[152.76442,-26.46936],[152.76547,-26.46361],[152.76857,-26.46462],[152.76721,-26.4684],[152.76801,-26.47027],[152.78861,-26.47305],[152.79606,-26.43222],[152.79115,-26.43181],[152.79322,-26.41726],[152.79639,-26.41913],[152.79692,-26.41577],[152.79266,-26.40862],[152.79344,-26.4069],[152.78933,-26.40354],[152.78564,-26.40324],[152.78153,-26.40452],[152.77868,-26.40356],[152.77789,-26.40246],[152.77911,-26.39533],[152.76899,-26.39392],[152.77041,-26.3858],[152.76842,-26.38552],[152.77071,-26.37262],[152.76879,-26.37111],[152.76735,-26.37121],[152.76881,-26.37147],[152.76829,-26.37276],[152.7653,-26.37238],[152.76299,-26.375],[152.76521,-26.3623],[152.76753,-26.36268],[152.77088,-26.34386],[152.77199,-26.34404],[152.77207,-26.34574],[152.78098,-26.34946],[152.79261,-26.35139],[152.79717,-26.32489],[152.79837,-26.32495],[152.79952,-26.31833],[152.80259,-26.31786],[152.80316,-26.3146],[152.80644,-26.30857],[152.80804,-26.29937],[152.82535,-26.24824],[152.82271,-26.23983],[152.82767,-26.23892],[152.82523,-26.2236],[152.83025,-26.22052],[152.83091,-26.21612],[152.85004,-26.2184],[152.85302,-26.19845],[152.86991,-26.20079],[152.86982,-26.19929],[152.87643,-26.20125],[152.8848,-26.20721],[152.89256,-26.21657],[152.89125,-26.21848],[152.89626,-26.21919],[152.89766,-26.21055],[152.90363,-26.21134],[152.90431,-26.20713],[152.92289,-26.20957],[152.9226,-26.19875],[152.93385,-26.19666],[152.93988,-26.19841],[152.94406,-26.19681],[152.9453,-26.19208],[152.94777,-26.19091],[152.95733,-26.18998],[152.96072,-26.18554],[152.9608,-26.18177],[152.96512,-26.18026],[152.966,-26.17453],[152.96951,-26.16452],[152.97187,-26.16483],[152.97466,-26.14717],[152.97253,-26.1452],[152.97383,-26.13712],[153.09653,-26.15477],[153.11389,-26.10232],[153.14179,-26.0295],[153.17964,-25.95011],[153.18719,-25.93658],[153.19133,-25.93643],[153.1915,-25.9325],[153.18674,-25.92697],[153.18281,-25.92799],[153.17518,-25.9456],[153.17581,-25.94658],[153.16937,-25.94966],[153.15931,-25.95024],[153.14821,-25.94853],[153.13817,-25.94508],[153.12852,-25.94007],[153.11706,-25.93145],[153.10683,-25.9206],[153.0906,-25.89871],[153.0871,-25.89215],[153.08148,-25.87661],[153.07641,-25.853],[153.07261,-25.81688],[153.06971,-25.81138],[153.0753,-25.80221],[153.06321,-25.80065],[153.04427,-25.80076],[153.03974,-25.80747],[153.03445,-25.82468],[153.03495,-25.83334],[153.03863,-25.84635],[153.03785,-25.85386],[153.0366,-25.85586],[153.02633,-25.86009],[153.0191,-25.86682],[153.00516,-25.87616],[152.99499,-25.87868],[152.99235,-25.88149],[152.99161,-25.88172],[152.73523,-25.84238],[152.73603,-25.84737],[152.72892,-25.8442],[152.71836,-25.84116],[152.71445,-25.84003],[152.71427,-25.83998],[152.7125,-25.8423],[152.71453,-25.84295],[152.71257,-25.84411],[152.71235,-25.84564],[152.71234,-25.84574],[152.71947,-25.84547],[152.72465,-25.84676],[152.71868,-25.85267],[152.72752,-25.86315],[152.72879,-25.86751],[152.73205,-25.86619],[152.73363,-25.86718],[152.73622,-25.86529],[152.73666,-25.86687],[152.73399,-25.86958],[152.73443,-25.87279],[152.73885,-25.87395],[152.74048,-25.88009],[152.74132,-25.87998],[152.74161,-25.87732],[152.74445,-25.87457],[152.74754,-25.87411],[152.74671,-25.87588],[152.7505,-25.87755],[152.75133,-25.87899],[152.75196,-25.88668],[152.75061,-25.88746],[152.74875,-25.88596],[152.74415,-25.88823],[152.74335,-25.89293],[152.74425,-25.89549],[152.74121,-25.89698],[152.74157,-25.89879],[152.7385,-25.9019],[152.73872,-25.90883],[152.73639,-25.90992],[152.73514,-25.91188],[152.72907,-25.91305],[152.72014,-25.91243],[152.71791,-25.91538],[152.71579,-25.91432],[152.70807,-25.91632],[152.7075,-25.91952],[152.70399,-25.92326],[152.70402,-25.92762],[152.69447,-25.93293],[152.69454,-25.93602],[152.68829,-25.9403],[152.67228,-25.93808],[152.66975,-25.95291],[152.67535,-25.95374],[152.67394,-25.96246],[152.66783,-25.9616],[152.66501,-25.97926],[152.65627,-25.9781],[152.65711,-25.98015],[152.65501,-25.98608],[152.62108,-25.98144],[152.62187,-25.97471],[152.61113,-25.97327],[152.61434,-25.95692],[152.60101,-25.9551],[152.60232,-25.94943],[152.60029,-25.94915],[152.60055,-25.94763],[152.56679,-25.9431],[152.56799,-25.93373],[152.56571,-25.93345],[152.56365,-25.92845],[152.56734,-25.92478],[152.56814,-25.92202],[152.55964,-25.9211],[152.55787,-25.9325],[152.55042,-25.93163],[152.54866,-25.93008],[152.55058,-25.92049],[152.5496,-25.9181],[152.54656,-25.91668],[152.54544,-25.91289],[152.50585,-25.90781],[152.50606,-25.90648],[152.501,-25.90584],[152.49688,-25.90833],[152.47489,-25.90542],[152.47575,-25.90307],[152.47386,-25.89931],[152.4648,-25.8986],[152.46349,-25.89372],[152.44888,-25.89161],[152.44613,-25.89266],[152.44602,-25.88649],[152.42072,-25.88297],[152.42259,-25.87196],[152.41087,-25.87037],[152.41158,-25.86595],[152.38672,-25.8631],[152.38783,-25.86705],[152.38665,-25.87262],[152.38092,-25.87493],[152.3775,-25.87392],[152.37496,-25.86703],[152.34557,-25.86333],[152.34079,-25.89362],[152.33338,-25.89212],[152.3307,-25.90754],[152.23148,-25.89366],[152.23127,-25.89466],[152.16945,-25.88744],[152.16937,-25.88194],[152.15963,-25.87871],[152.1526,-25.88404],[152.14619,-25.88375],[152.14329,-25.8804],[152.13727,-25.87732],[152.13666,-25.87419],[152.13337,-25.8735],[152.13017,-25.87776],[152.13104,-25.87993],[152.13012,-25.8857],[152.12726,-25.88657],[152.12304,-25.88594],[152.12186,-25.88195],[152.11989,-25.88159],[152.1195,-25.87883],[152.11676,-25.87657],[152.11622,-25.87483],[152.11763,-25.87279],[152.11601,-25.87236],[152.11468,-25.86942],[152.11567,-25.867],[152.11497,-25.86495],[152.11717,-25.86213],[152.11695,-25.86025],[152.1153,-25.85962],[152.11483,-25.85759],[152.11328,-25.85721],[152.10638,-25.86236],[152.10204,-25.86217],[152.10216,-25.86412],[152.10023,-25.86782],[152.09584,-25.8717],[152.09355,-25.8711],[152.09012,-25.87284],[152.085,-25.87142],[152.08164,-25.8731],[152.08067,-25.875],[152.07289,-25.87741],[152.07245,-25.87998],[152.07019,-25.88148],[152.07104,-25.88359],[152.06846,-25.88499],[152.05898,-25.8864],[152.05752,-25.88296],[152.04742,-25.87854],[152.04321,-25.87506],[152.04493,-25.87364],[152.04531,-25.87066],[152.04715,-25.86785],[152.04995,-25.86767],[152.04799,-25.86232],[152.05073,-25.85572],[152.04917,-25.85184],[152.04526,-25.85125],[152.04452,-25.85247],[152.03842,-25.8513],[152.0366,-25.85239],[152.03317,-25.85223],[152.02865,-25.85007],[152.02944,-25.84521],[152.03228,-25.84324],[152.03263,-25.84182],[152.03099,-25.84045],[152.03155,-25.8369],[152.02894,-25.82939],[152.03145,-25.82588],[152.03193,-25.82184],[152.03175,-25.82057],[152.02932,-25.81952],[152.02853,-25.81166],[152.03599,-25.80383],[152.03455,-25.80064],[152.03636,-25.79836],[152.03534,-25.79522],[152.0386,-25.79352],[152.03897,-25.7902],[152.02917,-25.78706],[152.0211,-25.78899],[152.01854,-25.78645],[152.00818,-25.78246],[152.00731,-25.77985],[152.00317,-25.77655],[152.00165,-25.77223],[151.99778,-25.77091],[151.9977,-25.77088],[151.99774,-25.77102],[151.99499,-25.77369],[151.99181,-25.7728],[151.99029,-25.77369],[151.98906,-25.77734],[151.98635,-25.77857],[151.98897,-25.78319],[151.98487,-25.79068],[151.98613,-25.80108],[151.98377,-25.8034],[151.98271,-25.80803],[151.98019,-25.80872],[151.9788,-25.81352],[151.97707,-25.81345],[151.97321,-25.81072],[151.97196,-25.81248],[151.97197,-25.81644],[151.96872,-25.82289],[151.97001,-25.82391],[151.96853,-25.82625],[151.97017,-25.83046],[151.96292,-25.83392],[151.9593,-25.83304],[151.9552,-25.84249],[151.9508,-25.84544],[151.94815,-25.8507],[151.94427,-25.85077],[151.94035,-25.85353],[151.93765,-25.85598],[151.93455,-25.86271],[151.93043,-25.86292],[151.92844,-25.86748],[151.92125,-25.86786],[151.91272,-25.87249],[151.90318,-25.87031],[151.897,-25.86672],[151.89467,-25.86186],[151.89196,-25.85893],[151.89246,-25.85534],[151.89103,-25.85197],[151.8924,-25.84895],[151.89133,-25.84457],[151.88903,-25.84234],[151.88403,-25.84342],[151.88213,-25.84204],[151.88053,-25.83471],[151.87705,-25.83309],[151.8789,-25.83106],[151.879,-25.82827],[151.87625,-25.82756],[151.87067,-25.81872],[151.87226,-25.81862],[151.87449,-25.81514],[151.87357,-25.81358],[151.86685,-25.80998],[151.86349,-25.8114],[151.86071,-25.81102],[151.86263,-25.80679],[151.86237,-25.80455],[151.86059,-25.80311],[151.85919,-25.80637],[151.85566,-25.80539],[151.85316,-25.80677],[151.85056,-25.80487],[151.84939,-25.80556],[151.84577,-25.80392],[151.84026,-25.79827],[151.83627,-25.79635],[151.83154,-25.79661],[151.82897,-25.79451],[151.82873,-25.78479],[151.82637,-25.78287],[151.8183,-25.78695],[151.81294,-25.785],[151.81254,-25.78246],[151.81357,-25.78008],[151.81274,-25.7758],[151.81131,-25.77089],[151.80829,-25.76669],[151.81045,-25.76233],[151.80034,-25.75695],[151.79962,-25.75861],[151.79823,-25.75902],[151.79151,-25.7573],[151.78991,-25.75854],[151.78939,-25.76142],[151.79114,-25.7677],[151.79059,-25.77081],[151.78822,-25.7723],[151.77954,-25.77355],[151.7751,-25.77786],[151.77699,-25.78196],[151.78076,-25.78611],[151.78078,-25.78944],[151.77579,-25.78976],[151.7676,-25.78745],[151.76289,-25.79859],[151.75779,-25.80131],[151.75678,-25.80304],[151.75869,-25.8057],[151.76389,-25.80597],[151.76497,-25.81043],[151.77222,-25.81141],[151.77473,-25.81436],[151.77167,-25.82151],[151.76625,-25.82351],[151.76479,-25.82588],[151.76681,-25.83281],[151.76635,-25.83947],[151.76982,-25.84328],[151.77049,-25.84764],[151.76708,-25.8545],[151.7675,-25.85645],[151.76963,-25.85729],[151.76935,-25.85984],[151.77281,-25.86202],[151.77371,-25.86461],[151.77565,-25.87299],[151.77568,-25.8782],[151.77411,-25.88447],[151.77563,-25.88863],[151.77905,-25.89158],[151.78046,-25.89426],[151.77929,-25.9004],[151.77599,-25.90605],[151.77633,-25.91261],[151.77897,-25.91551],[151.78079,-25.9156],[151.78297,-25.9138],[151.78495,-25.91482],[151.78469,-25.91677],[151.7831,-25.91761],[151.77909,-25.91862],[151.77651,-25.91796],[151.77771,-25.92106],[151.77717,-25.92273],[151.77274,-25.92557],[151.76989,-25.92911],[151.76397,-25.93163],[151.76288,-25.93288],[151.76277,-25.93641],[151.76078,-25.93757],[151.75903,-25.93839],[151.75303,-25.9374],[151.75316,-25.93651],[151.75001,-25.93444],[151.74375,-25.93362],[151.7364,-25.93878],[151.73434,-25.93871],[151.73084,-25.9354],[151.71561,-25.93243],[151.70949,-25.92964],[151.69146,-25.91792],[151.66801,-25.91308],[151.65705,-25.91217],[151.66157,-25.89696],[151.65753,-25.89318],[151.65966,-25.88887],[151.65004,-25.88157],[151.65324,-25.87306],[151.6447,-25.87281],[151.64132,-25.86922],[151.63813,-25.87111],[151.63502,-25.87123],[151.63183,-25.8686],[151.62787,-25.86094],[151.61958,-25.85961],[151.61606,-25.85721],[151.61474,-25.85417],[151.60409,-25.85543],[151.60144,-25.85733],[151.60036,-25.86052],[151.58903,-25.86519],[151.58442,-25.86449],[151.57847,-25.85916],[151.57248,-25.85919],[151.56946,-25.85797],[151.56447,-25.85844],[151.55972,-25.85699],[151.55371,-25.85912],[151.55182,-25.85879],[151.5493,-25.85525],[151.54615,-25.85467],[151.53876,-25.85653],[151.53606,-25.8542],[151.53357,-25.85406],[151.52818,-25.85638],[151.5243,-25.85509],[151.52156,-25.85619],[151.51972,-25.85567],[151.51727,-25.8573],[151.50836,-25.90988],[151.50737,-25.90991],[151.50716,-25.91114],[151.50469,-25.90933],[151.50383,-25.91098],[151.49937,-25.91054],[151.49761,-25.90661],[151.49443,-25.90549],[151.49492,-25.89862],[151.49245,-25.89823],[151.49277,-25.8967],[151.49118,-25.89495],[151.48716,-25.89436],[151.4865,-25.89641],[151.48209,-25.90125],[151.48256,-25.90367],[151.48935,-25.90701],[151.49167,-25.91039],[151.49106,-25.913],[151.4881,-25.9147],[151.48716,-25.91649],[151.48817,-25.92007],[151.49083,-25.92041],[151.4966,-25.91817],[151.50395,-25.921],[151.50497,-25.92526],[151.49908,-25.94292],[151.50231,-25.94926],[151.50204,-25.95168],[151.49602,-25.96021],[151.48776,-25.96514],[151.48988,-25.97346],[151.48871,-25.97502],[151.48372,-25.97675],[151.48438,-25.9796],[151.48136,-25.98983],[151.47941,-25.99041],[151.47589,-25.98884],[151.47353,-25.98926],[151.47258,-25.99217],[151.47324,-26.00212],[151.46854,-26.00341],[151.38206,-26.00959],[151.35503,-26.00597],[151.34835,-26.0121],[151.34,-26.0118],[151.32394,-26.02569],[151.32491,-26.02994],[151.33064,-26.03538],[151.33034,-26.03897],[151.33193,-26.04139],[151.3264,-26.04359],[151.31558,-26.05552],[151.31288,-26.05701],[151.30843,-26.06597],[151.29856,-26.07347],[151.28759,-26.06854],[151.28668,-26.06997],[151.27898,-26.06965],[151.27414,-26.06697],[151.26834,-26.06589],[151.14169,-26.05023],[151.13422,-26.04693],[151.10998,-26.04283],[151.11027,-26.04822],[151.10813,-26.06247],[151.10091,-26.07056],[151.09992,-26.07526],[151.10653,-26.07934],[151.11623,-26.07647],[151.11447,-26.07737],[151.11523,-26.07988],[151.11411,-26.08091],[151.11523,-26.08262],[151.11263,-26.08782],[151.11435,-26.09079],[151.07875,-26.09668]]]},"properties":{"District Name":"Gympie","DDMG Name":"Gympie"}},{"type":"Feature","geometry":{"type":"Polygon","coordinates":[[[145.83512,-17.49737],[145.83387,-17.50865],[145.71608,-17.49698],[145.72375,-17.50614],[145.72006,-17.51004],[145.72377,-17.51372],[145.72172,-17.52168],[145.72438,-17.52628],[145.72466,-17.53035],[145.73097,-17.53364],[145.7312,-17.53842],[145.73318,-17.54031],[145.73771,-17.5409],[145.73997,-17.5427],[145.74052,-17.54646],[145.73991,-17.5509],[145.73332,-17.55704],[145.73058,-17.55825],[145.72749,-17.55843],[145.72446,-17.55655],[145.72234,-17.55724],[145.71775,-17.55428],[145.71551,-17.55431],[145.7104,-17.55843],[145.70735,-17.55683],[145.69733,-17.65204],[145.69638,-17.65226],[145.69583,-17.6553],[145.69424,-17.65595],[145.69545,-17.66103],[145.69235,-17.66362],[145.68605,-17.66214],[145.68262,-17.66542],[145.67878,-17.66655],[145.67846,-17.67055],[145.68084,-17.67145],[145.68098,-17.67426],[145.68304,-17.67757],[145.68239,-17.67882],[145.68034,-17.67587],[145.6776,-17.67757],[145.6744,-17.67608],[145.67322,-17.66655],[145.67189,-17.66723],[145.66811,-17.66575],[145.66051,-17.66889],[145.65966,-17.66685],[145.6544,-17.66302],[145.65472,-17.65807],[145.64072,-17.65679],[145.64533,-17.66492],[145.64435,-17.66631],[145.64589,-17.66808],[145.64847,-17.66815],[145.65084,-17.67049],[145.65098,-17.67216],[145.65348,-17.6722],[145.65675,-17.67549],[145.65936,-17.67585],[145.66143,-17.67957],[145.65658,-17.68604],[145.66016,-17.68933],[145.65848,-17.69346],[145.65664,-17.6937],[145.65186,-17.69983],[145.64953,-17.69956],[145.64865,-17.70068],[145.64345,-17.70173],[145.64295,-17.70469],[145.64104,-17.70714],[145.64764,-17.71782],[145.64725,-17.72185],[145.65142,-17.72508],[145.65151,-17.72688],[145.57703,-17.74079],[145.57255,-17.78291],[145.57967,-17.78366],[145.58067,-17.78614],[145.57964,-17.79118],[145.585,-17.79055],[145.59103,-17.79548],[145.59739,-17.79399],[145.59975,-17.7949],[145.60261,-17.7939],[145.60553,-17.79578],[145.60879,-17.79452],[145.6101,-17.79579],[145.61001,-17.79981],[145.61385,-17.80136],[145.61783,-17.79815],[145.62204,-17.79749],[145.62716,-17.80064],[145.63158,-17.80126],[145.63431,-17.80615],[145.63826,-17.808],[145.63929,-17.80667],[145.6384,-17.8042],[145.64234,-17.80259],[145.64344,-17.80545],[145.6454,-17.80646],[145.64632,-17.80853],[145.65545,-17.81585],[145.65811,-17.82005],[145.6586,-17.82346],[145.6572,-17.82658],[145.65293,-17.82767],[145.65176,-17.8367],[145.65309,-17.84032],[145.65267,-17.84675],[145.65363,-17.84964],[145.65472,-17.84961],[145.65366,-17.85257],[145.65521,-17.85518],[145.65419,-17.85755],[145.65544,-17.85923],[145.65493,-17.86235],[145.65553,-17.86395],[145.6573,-17.86437],[145.66089,-17.86319],[145.66403,-17.86367],[145.66803,-17.86841],[145.67182,-17.87023],[145.6735,-17.87424],[145.67288,-17.87763],[145.67566,-17.88083],[145.67531,-17.88253],[145.67915,-17.88619],[145.68012,-17.89141],[145.68437,-17.89803],[145.68381,-17.89977],[145.6848,-17.90241],[145.68086,-17.90711],[145.68062,-17.91267],[145.681,-17.91408],[145.68034,-17.91918],[145.68586,-17.92536],[145.68295,-17.9277],[145.68408,-17.93012],[145.68125,-17.93151],[145.67969,-17.9338],[145.68004,-17.93732],[145.68188,-17.94006],[145.67921,-17.94305],[145.67897,-17.94558],[145.67751,-17.9465],[145.67594,-17.9458],[145.67403,-17.94782],[145.66997,-17.94846],[145.66528,-17.94604],[145.66226,-17.94697],[145.66208,-17.94878],[145.66002,-17.94841],[145.65774,-17.95313],[145.65878,-17.95469],[145.65839,-17.95622],[145.65681,-17.95738],[145.65191,-17.95735],[145.65232,-17.959],[145.65078,-17.96014],[145.65206,-17.96173],[145.65011,-17.96356],[145.65441,-17.96761],[145.65275,-17.97007],[145.65318,-17.97143],[145.65097,-17.97192],[145.64981,-17.97381],[145.64582,-17.97209],[145.64554,-17.97374],[145.64245,-17.97609],[145.64101,-17.97559],[145.64077,-17.97966],[145.63886,-17.97961],[145.63757,-17.98203],[145.63768,-17.98573],[145.64033,-17.98825],[145.63798,-17.99043],[145.63892,-17.9916],[145.63824,-17.99523],[145.63552,-17.99502],[145.63402,-17.99674],[145.63082,-17.99727],[145.62545,-18.00045],[145.62552,-18.00383],[145.62345,-18.00821],[145.62379,-18.00916],[145.62547,-18.01026],[145.62302,-18.01457],[145.62363,-18.01852],[145.62219,-18.02116],[145.63127,-18.02302],[145.63337,-18.02629],[145.63601,-18.02806],[145.65023,-18.02754],[145.65347,-18.02943],[145.65395,-18.03155],[145.64945,-18.03368],[145.64824,-18.03616],[145.65018,-18.03867],[145.65072,-18.04538],[145.64989,-18.04801],[145.65253,-18.04996],[145.65109,-18.0522],[145.65283,-18.05564],[145.64671,-18.05817],[145.64702,-18.06241],[145.64438,-18.06706],[145.64276,-18.06763],[145.6439,-18.06906],[145.64319,-18.07417],[145.64397,-18.07532],[145.64337,-18.0779],[145.64187,-18.0787],[145.64193,-18.08146],[145.64337,-18.08232],[145.64412,-18.08432],[145.6449,-18.08534],[145.65346,-18.08994],[145.65598,-18.09309],[145.6594,-18.09441],[145.66174,-18.09343],[145.66282,-18.09418],[145.66769,-18.10295],[145.67117,-18.09991],[145.67549,-18.103],[145.67945,-18.10294],[145.67951,-18.10036],[145.68275,-18.09566],[145.68526,-18.09324],[145.68911,-18.09204],[145.69037,-18.09525],[145.69289,-18.0953],[145.69673,-18.09914],[145.70208,-18.10052],[145.70412,-18.10006],[145.70508,-18.10126],[145.7037,-18.10321],[145.70743,-18.10923],[145.70575,-18.11451],[145.70719,-18.11657],[145.70419,-18.11812],[145.70375,-18.1204],[145.70516,-18.12299],[145.70427,-18.12717],[145.70072,-18.12886],[145.70308,-18.13255],[145.70231,-18.13639],[145.70385,-18.13864],[145.70352,-18.14111],[145.70144,-18.14529],[145.6992,-18.14726],[145.69844,-18.1504],[145.69299,-18.15169],[145.69042,-18.1512],[145.68799,-18.15317],[145.68857,-18.15483],[145.68677,-18.15519],[145.68428,-18.15765],[145.68307,-18.16104],[145.68402,-18.16618],[145.68475,-18.16759],[145.6869,-18.16897],[145.6893,-18.16977],[145.69025,-18.1696],[145.69323,-18.17107],[145.69616,-18.17512],[145.70182,-18.17678],[145.70524,-18.17899],[145.70932,-18.17247],[145.71086,-18.1721],[145.71578,-18.16669],[145.7215,-18.16749],[145.72336,-18.16638],[145.72465,-18.16785],[145.72645,-18.16773],[145.73105,-18.16134],[145.73323,-18.16078],[145.73484,-18.1568],[145.73693,-18.15796],[145.73933,-18.15747],[145.74099,-18.15944],[145.74369,-18.15987],[145.75152,-18.15656],[145.75768,-18.16442],[145.76166,-18.16513],[145.76482,-18.16768],[145.76623,-18.17051],[145.76767,-18.17086],[145.76854,-18.17397],[145.77033,-18.17525],[145.77191,-18.17279],[145.77571,-18.17655],[145.78444,-18.18087],[145.78566,-18.18478],[145.78721,-18.18623],[145.78759,-18.19042],[145.78698,-18.19179],[145.78233,-18.19422],[145.77918,-18.19821],[145.78021,-18.20327],[145.78318,-18.20656],[145.78712,-18.21508],[145.79162,-18.21575],[145.79293,-18.21731],[145.79278,-18.22047],[145.79564,-18.22261],[145.79261,-18.2262],[145.79315,-18.23246],[145.7955,-18.23179],[145.79812,-18.23388],[145.80064,-18.23367],[145.79967,-18.23567],[145.80043,-18.23734],[145.80442,-18.24057],[145.80512,-18.24329],[145.80726,-18.2456],[145.80395,-18.25164],[145.80474,-18.25795],[145.80139,-18.26208],[145.79947,-18.26806],[145.80777,-18.27372],[145.81169,-18.28147],[145.81175,-18.28468],[145.81518,-18.28571],[145.81567,-18.29454],[145.81291,-18.29483],[145.81279,-18.29633],[145.80823,-18.29955],[145.80986,-18.30253],[145.80963,-18.3046],[145.80585,-18.30644],[145.80254,-18.30576],[145.79546,-18.30864],[145.78662,-18.30423],[145.71813,-18.35695],[145.72196,-18.36361],[145.72728,-18.36497],[145.73863,-18.37064],[145.74338,-18.37302],[145.7443,-18.37348],[145.74456,-18.37399],[145.74803,-18.38063],[145.7461,-18.39022],[145.74641,-18.39263],[145.74727,-18.39523],[145.75208,-18.39484],[145.75745,-18.39582],[145.75752,-18.39583],[145.75746,-18.39577],[145.75973,-18.39407],[145.76056,-18.39403],[145.76185,-18.39397],[145.76231,-18.39395],[145.76347,-18.39513],[145.76983,-18.39966],[145.7725,-18.39826],[145.77569,-18.39896],[145.77992,-18.39683],[145.78144,-18.39401],[145.78254,-18.39425],[145.78784,-18.40237],[145.79242,-18.40337],[145.79536,-18.40117],[145.79556,-18.39974],[145.79372,-18.39753],[145.79443,-18.39615],[145.79336,-18.39319],[145.79481,-18.392],[145.79389,-18.38999],[145.79831,-18.39021],[145.79984,-18.38784],[145.8069,-18.386],[145.80486,-18.38073],[145.80675,-18.37816],[145.80863,-18.37772],[145.80933,-18.37891],[145.81129,-18.37829],[145.81319,-18.37989],[145.81575,-18.38357],[145.81578,-18.38589],[145.81931,-18.38687],[145.81824,-18.39521],[145.81596,-18.39795],[145.81941,-18.40386],[145.82561,-18.40704],[145.82896,-18.40681],[145.82944,-18.40416],[145.83282,-18.40214],[145.83884,-18.40626],[145.84768,-18.4047],[145.85078,-18.40598],[145.85671,-18.40571],[145.86535,-18.4043],[145.86554,-18.40234],[145.87094,-18.40254],[145.87129,-18.40048],[145.87349,-18.40003],[145.87709,-18.40235],[145.87702,-18.40522],[145.87963,-18.40746],[145.88288,-18.40491],[145.88647,-18.40463],[145.8911,-18.39993],[145.89722,-18.39758],[145.90863,-18.38795],[145.9087,-18.38529],[145.91465,-18.37906],[145.92194,-18.37649],[145.92701,-18.37104],[145.92995,-18.3695],[145.93344,-18.37048],[145.94732,-18.36432],[145.96179,-18.39444],[145.97523,-18.39681],[145.9798,-18.39528],[145.98359,-18.39712],[145.98976,-18.39561],[145.99197,-18.39379],[146.00098,-18.39357],[146.00464,-18.39132],[146.00815,-18.39142],[146.01121,-18.38864],[146.01826,-18.38969],[146.0222,-18.3883],[146.02361,-18.39022],[146.0274,-18.39189],[146.03552,-18.38766],[146.04335,-18.39315],[146.04421,-18.3957],[146.04644,-18.39668],[146.04923,-18.39265],[146.0605,-18.39861],[146.06407,-18.39906],[146.07259,-18.40307],[146.08526,-18.40125],[146.08559,-18.4012],[146.08582,-18.40204],[146.09259,-18.41162],[146.10026,-18.41523],[146.10074,-18.41661],[146.09767,-18.4218],[146.0987,-18.42764],[146.10161,-18.43268],[146.0957,-18.43918],[146.09353,-18.44015],[146.09159,-18.44847],[146.09377,-18.45135],[146.10011,-18.45118],[146.10432,-18.4535],[146.10731,-18.46318],[146.10915,-18.46503],[146.11087,-18.46947],[146.11411,-18.47249],[146.11793,-18.47269],[146.12035,-18.47439],[146.11715,-18.47452],[146.11414,-18.47714],[146.11416,-18.478],[146.11847,-18.48003],[146.12197,-18.48448],[146.1207,-18.4873],[146.11666,-18.48941],[146.11728,-18.49126],[146.11532,-18.49482],[146.11709,-18.49669],[146.11712,-18.50134],[146.11998,-18.50609],[146.12172,-18.50788],[146.12624,-18.50805],[146.13014,-18.51066],[146.13755,-18.51227],[146.14671,-18.51703],[146.15613,-18.51874],[146.16085,-18.51736],[146.16429,-18.51766],[146.16739,-18.51573],[146.16887,-18.51829],[146.17955,-18.5247],[146.18016,-18.52899],[146.18277,-18.53201],[146.18518,-18.53195],[146.18719,-18.53333],[146.18638,-18.53003],[146.19094,-18.52835],[146.19072,-18.52363],[146.19609,-18.52015],[146.1994,-18.52182],[146.20693,-18.5165],[146.21039,-18.50818],[146.22415,-18.49407],[146.22989,-18.48956],[146.23773,-18.49175],[146.25108,-18.49244],[146.27697,-18.49748],[146.29715,-18.49849],[147.00109,-18.49845],[147.0011,-18.58179],[147.5994,-18.58178],[147.55697,-18.48425],[147.55228,-18.46091],[147.53067,-18.43492],[147.46256,-18.40471],[147.39748,-18.26503],[147.39481,-18.26149],[147.39589,-18.25829],[147.39538,-18.25616],[147.39333,-18.25573],[147.38289,-18.25816],[147.04333,-18.18537],[147.04049,-18.18198],[147.03708,-18.18096],[146.97814,-18.12561],[146.97258,-18.12188],[146.96857,-18.12176],[146.90189,-18.06446],[146.9033,-18.05904],[146.90248,-18.0561],[146.89882,-18.05248],[146.8876,-18.04964],[146.88512,-18.04772],[146.88335,-18.0398],[146.88194,-18.03777],[146.87131,-18.02883],[146.87155,-18.02668],[146.8784,-18.02183],[146.879,-18.01844],[146.87712,-18.0164],[146.86188,-18.01865],[146.84783,-18.00817],[146.84995,-18.00501],[146.85,-18],[146.85197,-18],[146.84921,-17.99255],[146.84721,-17.99063],[146.83694,-17.98711],[146.83433,-17.98768],[146.80113,-17.9627],[146.80255,-17.96111],[146.80303,-17.95546],[146.8021,-17.94043],[146.80317,-17.9359],[146.79752,-17.92075],[146.79647,-17.91974],[146.79434,-17.91984],[146.79316,-17.92097],[146.7467,-17.87761],[146.74436,-17.8646],[146.73872,-17.85193],[146.73542,-17.85024],[146.68763,-17.78119],[146.68649,-17.76311],[146.68496,-17.75836],[146.72157,-17.67443],[146.72086,-17.66922],[146.71851,-17.66605],[146.70835,-17.6422],[146.68426,-17.581],[146.55993,-17.43838],[146.55914,-17.43092],[146.55433,-17.4222],[146.55352,-17.41712],[146.55908,-17.40627],[146.56016,-17.40153],[146.07193,-17.40342],[146.06143,-17.40239],[146.06063,-17.4038],[146.05923,-17.40327],[146.05993,-17.40574],[146.06184,-17.40546],[146.06133,-17.40726],[146.0625,-17.40794],[146.06178,-17.40901],[146.0613,-17.40776],[146.06021,-17.40782],[146.06102,-17.41007],[146.05864,-17.41058],[146.05924,-17.40842],[146.05817,-17.40786],[146.058,-17.40942],[146.05626,-17.40967],[146.05824,-17.41304],[146.05689,-17.41313],[146.05409,-17.41587],[146.04436,-17.41929],[146.04714,-17.42233],[146.04593,-17.43302],[146.04302,-17.4326],[146.04066,-17.42854],[146.03589,-17.43275],[146.03387,-17.43067],[146.0351,-17.43435],[146.03824,-17.43813],[146.04142,-17.43846],[146.04221,-17.44135],[146.03945,-17.44219],[146.03661,-17.44947],[146.03105,-17.44949],[146.0316,-17.45201],[146.02221,-17.45117],[146.02259,-17.44744],[145.99368,-17.44475],[145.9935,-17.44657],[145.96607,-17.44499],[145.96561,-17.44969],[145.96362,-17.44951],[145.96328,-17.44851],[145.95927,-17.44842],[145.95548,-17.44548],[145.95363,-17.45697],[145.94969,-17.45661],[145.9476,-17.48699],[145.95052,-17.48723],[145.95039,-17.4914],[145.94726,-17.49314],[145.9451,-17.49249],[145.94028,-17.49456],[145.93687,-17.49414],[145.93216,-17.50064],[145.93067,-17.50098],[145.92999,-17.50322],[145.92831,-17.50393],[145.92169,-17.50032],[145.91872,-17.5013],[145.91867,-17.50104],[145.91835,-17.4995],[145.91621,-17.48912],[145.91363,-17.48495],[145.90605,-17.48016],[145.90382,-17.47631],[145.89972,-17.47771],[145.89457,-17.4813],[145.89334,-17.48478],[145.89512,-17.48754],[145.89349,-17.48965],[145.89341,-17.48976],[145.89305,-17.48978],[145.88638,-17.49174],[145.8845,-17.48999],[145.88227,-17.49054],[145.87961,-17.49694],[145.87482,-17.50133],[145.86849,-17.50345],[145.86653,-17.50479],[145.86095,-17.50597],[145.85802,-17.50549],[145.85797,-17.50542],[145.85578,-17.50227],[145.85028,-17.50014],[145.84146,-17.4995],[145.83804,-17.49759],[145.83512,-17.49737]]]},"properties":{"District Name":"Innisfail","DDMG Name":"Innisfail"}},{"type":"Feature","geometry":{"type":"Polygon","coordinates":[[[152.74722,-27.31709],[152.74863,-27.3169],[152.74912,-27.31322],[152.75395,-27.31134],[152.75482,-27.31036],[152.75584,-27.30921],[152.75629,-27.30871],[152.75556,-27.30785],[152.75654,-27.30719],[152.75684,-27.30066],[152.75322,-27.29698],[152.7536,-27.29501],[152.74879,-27.29512],[152.74566,-27.29331],[152.73886,-27.29374],[152.7357,-27.29668],[152.73204,-27.29716],[152.72712,-27.29476],[152.71726,-27.29263],[152.71359,-27.2895],[152.70424,-27.29254],[152.70368,-27.29065],[152.70556,-27.28608],[152.7044,-27.28262],[152.70555,-27.27982],[152.70552,-27.27969],[152.70529,-27.2788],[152.70492,-27.27734],[152.70473,-27.2773],[152.69154,-27.2746],[152.69108,-27.2745],[152.69102,-27.2745],[152.69036,-27.2745],[152.6862,-27.27453],[152.68367,-27.27237],[152.68375,-27.26669],[152.6812,-27.26273],[152.68149,-27.25482],[152.68741,-27.24899],[152.69242,-27.24193],[152.69249,-27.24182],[152.69246,-27.24171],[152.69087,-27.23595],[152.69307,-27.23423],[152.69545,-27.23399],[152.70022,-27.23023],[152.70222,-27.22635],[152.70046,-27.2198],[152.70353,-27.21287],[152.70361,-27.21268],[152.70385,-27.21078],[152.70412,-27.2087],[152.70414,-27.20852],[152.70357,-27.20741],[152.70169,-27.20302],[152.70218,-27.20201],[152.70895,-27.19224],[152.71119,-27.19215],[152.71227,-27.18874],[152.71631,-27.18664],[152.7186,-27.18275],[152.72297,-27.18047],[152.72618,-27.17658],[152.72849,-27.17686],[152.72968,-27.17506],[152.72955,-27.17271],[152.72976,-27.17249],[152.73356,-27.17151],[152.72906,-27.16377],[152.72982,-27.16155],[152.73685,-27.15527],[152.73933,-27.15093],[152.73793,-27.15051],[152.73668,-27.14395],[152.73396,-27.14259],[152.73482,-27.14168],[152.73309,-27.13426],[152.73082,-27.13047],[152.7307,-27.12628],[152.7281,-27.12194],[152.73022,-27.11806],[152.72945,-27.1159],[152.73032,-27.10875],[152.731,-27.10763],[152.73351,-27.10743],[152.73446,-27.10234],[152.72649,-27.10138],[152.72621,-27.10322],[152.71806,-27.10223],[152.7183,-27.10038],[152.71199,-27.09893],[152.71178,-27.09783],[152.70796,-27.09628],[152.70209,-27.09481],[152.69581,-27.09488],[152.68975,-27.09279],[152.68164,-27.09515],[152.67899,-27.09418],[152.67852,-27.09332],[152.67657,-27.08833],[152.67683,-27.08793],[152.68225,-27.08609],[152.68712,-27.08237],[152.68567,-27.07657],[152.68399,-27.07471],[152.68562,-27.07201],[152.68423,-27.06729],[152.67768,-27.05696],[152.69515,-27.05904],[152.6958,-27.0573],[152.69491,-27.05559],[152.69277,-27.0576],[152.6925,-27.05605],[152.68922,-27.05505],[152.69087,-27.05307],[152.68927,-27.05102],[152.68915,-27.04828],[152.69273,-27.04633],[152.69584,-27.04243],[152.69818,-27.04232],[152.69674,-27.04096],[152.69812,-27.03955],[152.69746,-27.03347],[152.69845,-27.0317],[152.70244,-27.03094],[152.70325,-27.02878],[152.70152,-27.02646],[152.7035,-27.02481],[152.70023,-27.02273],[152.7008,-27.01828],[152.69729,-27.01606],[152.69762,-27.01352],[152.69553,-27.01239],[152.69699,-27.00915],[152.69151,-27.00509],[152.6886,-26.99908],[152.68335,-26.99278],[152.68382,-26.99053],[152.68503,-26.98998],[152.68483,-26.98699],[152.68801,-26.98753],[152.68927,-26.98455],[152.6862,-26.98454],[152.6867,-26.97892],[152.68224,-26.98047],[152.67951,-26.97706],[152.68125,-26.97503],[152.68021,-26.97198],[152.68237,-26.97044],[152.68206,-26.96962],[152.68431,-26.96875],[152.68407,-26.9668],[152.68519,-26.96572],[152.68021,-26.96414],[152.67674,-26.96608],[152.67145,-26.96526],[152.66475,-26.96905],[152.66452,-26.9668],[152.66277,-26.96662],[152.6626,-26.96565],[152.66628,-26.9637],[152.66809,-26.96102],[152.66772,-26.95907],[152.66593,-26.95776],[152.66325,-26.95869],[152.6577,-26.95637],[152.65755,-26.95392],[152.65126,-26.95533],[152.65358,-26.94877],[152.65609,-26.94777],[152.65912,-26.94988],[152.66023,-26.94789],[152.66186,-26.94925],[152.6631,-26.94804],[152.66224,-26.94597],[152.66408,-26.94731],[152.66422,-26.94321],[152.66762,-26.94361],[152.66684,-26.94286],[152.6676,-26.94011],[152.67103,-26.93822],[152.67004,-26.93713],[152.67033,-26.93362],[152.67174,-26.93318],[152.66966,-26.92936],[152.66996,-26.92744],[152.67314,-26.9244],[152.67315,-26.92262],[152.67651,-26.92356],[152.67827,-26.92028],[152.67789,-26.91867],[152.6825,-26.91736],[152.68232,-26.91516],[152.68744,-26.91373],[152.66042,-26.90986],[152.66653,-26.90649],[152.66792,-26.90021],[152.6675,-26.89626],[152.67856,-26.89778],[152.67894,-26.89559],[152.68861,-26.89692],[152.68854,-26.89262],[152.68985,-26.89146],[152.68934,-26.88889],[152.68729,-26.88641],[152.68773,-26.88102],[152.68401,-26.87952],[152.68567,-26.87912],[152.6864,-26.87581],[152.68444,-26.87562],[152.68021,-26.86938],[152.67626,-26.86679],[152.67766,-26.86343],[152.67528,-26.86038],[152.67524,-26.85733],[152.67425,-26.85636],[152.67161,-26.85767],[152.66989,-26.85294],[152.66839,-26.85192],[152.67012,-26.85044],[152.66975,-26.84751],[152.67106,-26.84488],[152.66679,-26.84027],[152.66726,-26.83682],[152.67155,-26.83478],[152.67274,-26.83441],[152.67358,-26.83381],[152.67545,-26.83249],[152.67846,-26.83035],[152.67847,-26.82861],[152.67638,-26.82604],[152.67908,-26.82219],[152.67781,-26.82091],[152.67314,-26.82195],[152.67214,-26.81937],[152.67265,-26.81869],[152.674,-26.81821],[152.67514,-26.81834],[152.67902,-26.81643],[152.68132,-26.80994],[152.67877,-26.80878],[152.67791,-26.80701],[152.67805,-26.80435],[152.67998,-26.80163],[152.67962,-26.79995],[152.67895,-26.79675],[152.67662,-26.79587],[152.67402,-26.79489],[152.67232,-26.79397],[152.6716,-26.79121],[152.6689,-26.78975],[152.66772,-26.78471],[152.66846,-26.78204],[152.66731,-26.773],[152.66146,-26.76914],[152.65426,-26.7682],[152.65109,-26.7714],[152.64433,-26.77375],[152.64351,-26.77041],[152.64122,-26.76751],[152.6423,-26.76451],[152.63908,-26.76178],[152.63535,-26.7622],[152.63249,-26.76439],[152.62688,-26.76237],[152.62135,-26.7629],[152.61724,-26.75948],[152.61096,-26.75858],[152.60957,-26.75941],[152.60887,-26.75805],[152.60246,-26.75788],[152.6001,-26.7518],[152.5979,-26.74918],[152.59082,-26.74721],[152.58331,-26.74043],[152.58229,-26.73581],[152.58682,-26.73346],[152.58326,-26.73084],[152.58297,-26.72713],[152.58124,-26.72584],[152.58044,-26.72303],[152.58202,-26.72024],[152.57936,-26.7162],[152.57727,-26.71599],[152.57616,-26.71311],[152.56508,-26.70722],[152.56124,-26.70782],[152.55787,-26.7069],[152.55707,-26.70505],[152.55476,-26.70751],[152.55365,-26.70591],[152.55131,-26.70704],[152.55171,-26.69704],[152.55457,-26.6954],[152.55804,-26.68975],[152.5556,-26.68742],[152.55627,-26.68069],[152.55372,-26.68185],[152.5522,-26.68085],[152.57228,-26.65926],[152.57146,-26.65797],[152.5832,-26.64538],[152.58778,-26.61399],[152.58394,-26.61356],[152.58537,-26.61204],[152.58137,-26.60052],[152.58414,-26.59669],[152.57401,-26.59547],[152.57501,-26.593],[152.57651,-26.59225],[152.5752,-26.58401],[152.57535,-26.58396],[152.57522,-26.58393],[152.56946,-26.58247],[152.56497,-26.58369],[152.56041,-26.58184],[152.55409,-26.57251],[152.51154,-26.56748],[152.51518,-26.57767],[152.52236,-26.58646],[152.51993,-26.58848],[152.45695,-26.58093],[152.45854,-26.57099],[152.44904,-26.56978],[152.45083,-26.55841],[152.4402,-26.55692],[152.44134,-26.55603],[152.44127,-26.55262],[152.44285,-26.55053],[152.44353,-26.54624],[152.44084,-26.54589],[152.44516,-26.54407],[152.44693,-26.53805],[152.44846,-26.53779],[152.44959,-26.53077],[152.44347,-26.52773],[152.44261,-26.53037],[152.44314,-26.53279],[152.43873,-26.53513],[152.4382,-26.5384],[152.43663,-26.5385],[152.43585,-26.53744],[152.43548,-26.5238],[152.43699,-26.52037],[152.43894,-26.5199],[152.43967,-26.51727],[152.43896,-26.51134],[152.44166,-26.50698],[152.44494,-26.50469],[152.44823,-26.484],[152.44562,-26.48494],[152.44557,-26.48661],[152.43934,-26.48581],[152.44343,-26.45986],[152.43678,-26.45975],[152.4352,-26.46283],[152.43167,-26.46452],[152.43018,-26.46372],[152.4251,-26.46416],[152.42124,-26.46718],[152.41257,-26.4642],[152.40814,-26.46852],[152.40772,-26.47108],[152.40322,-26.47388],[152.39937,-26.4708],[152.39274,-26.47372],[152.39038,-26.47594],[152.38679,-26.47218],[152.37705,-26.47224],[152.37657,-26.47008],[152.37312,-26.46825],[152.37244,-26.46295],[152.3644,-26.46314],[152.36062,-26.46626],[152.3561,-26.46518],[152.35116,-26.4677],[152.3501,-26.4693],[152.34401,-26.46791],[152.34066,-26.46925],[152.33925,-26.47159],[152.33446,-26.47276],[152.33038,-26.47527],[152.32557,-26.47518],[152.32334,-26.47683],[152.31964,-26.47699],[152.31775,-26.48055],[152.31551,-26.48078],[152.31136,-26.4724],[152.30449,-26.46882],[152.30526,-26.46681],[152.30459,-26.46606],[152.30063,-26.46441],[152.29745,-26.46498],[152.29754,-26.4627],[152.29418,-26.45875],[152.28909,-26.45665],[152.28545,-26.45289],[152.27863,-26.45266],[152.27669,-26.45408],[152.27381,-26.4535],[152.27304,-26.46428],[152.26796,-26.4689],[152.26221,-26.46887],[152.25974,-26.47139],[152.25926,-26.47648],[152.25619,-26.4785],[152.25325,-26.48444],[152.25182,-26.48535],[152.24964,-26.48439],[152.24558,-26.48558],[152.24387,-26.48794],[152.24134,-26.48771],[152.23776,-26.48943],[152.23506,-26.48881],[152.22927,-26.49267],[152.23208,-26.49526],[152.23271,-26.49745],[152.23176,-26.50043],[152.2326,-26.50409],[152.2309,-26.50718],[152.22863,-26.5081],[152.22123,-26.5039],[152.21809,-26.50626],[152.2153,-26.51223],[152.21357,-26.51305],[152.20658,-26.51109],[152.20502,-26.50751],[152.19747,-26.50021],[152.1948,-26.49558],[152.18949,-26.49209],[152.18442,-26.48603],[152.18168,-26.48446],[152.1792,-26.48479],[152.17421,-26.48168],[152.17168,-26.47814],[152.16858,-26.4775],[152.16635,-26.47467],[152.16255,-26.47481],[152.16023,-26.47781],[152.15733,-26.47528],[152.15533,-26.47503],[152.15383,-26.48038],[152.15142,-26.48051],[152.1495,-26.48287],[152.141,-26.47884],[152.13792,-26.47887],[152.13558,-26.48023],[152.13237,-26.48778],[152.13554,-26.49118],[152.13603,-26.49517],[152.13385,-26.49835],[152.13376,-26.50042],[152.12955,-26.50489],[152.12574,-26.50658],[152.12564,-26.50939],[152.12772,-26.511],[152.12742,-26.51861],[152.13169,-26.52195],[152.13014,-26.52716],[152.12698,-26.52817],[152.12633,-26.53158],[152.13034,-26.53544],[152.13045,-26.53703],[152.12832,-26.5385],[152.12836,-26.54227],[152.12989,-26.54515],[152.12995,-26.54849],[152.13198,-26.55011],[152.13267,-26.55688],[152.13577,-26.56081],[152.1358,-26.56637],[152.13253,-26.5703],[152.13088,-26.57501],[152.13178,-26.57905],[152.13725,-26.58278],[152.13771,-26.58819],[152.14317,-26.59278],[152.14178,-26.59514],[152.13965,-26.5942],[152.13784,-26.59658],[152.13043,-26.60047],[152.13011,-26.60244],[152.13252,-26.60508],[152.13586,-26.61432],[152.12831,-26.62712],[152.13,-26.63167],[152.12977,-26.63631],[152.13081,-26.63878],[152.12956,-26.64021],[152.12675,-26.63797],[152.11963,-26.6374],[152.11823,-26.64347],[152.1162,-26.64333],[152.11532,-26.64494],[152.11107,-26.64707],[152.10729,-26.64776],[152.10577,-26.65064],[152.10011,-26.65311],[152.09865,-26.65374],[152.08991,-26.654],[152.08691,-26.65529],[152.0818,-26.65765],[152.07887,-26.66167],[152.0745,-26.66456],[152.07376,-26.66622],[152.07367,-26.66674],[152.07577,-26.6785],[152.07563,-26.685],[152.08279,-26.68894],[152.08331,-26.69445],[152.084,-26.69594],[152.08491,-26.69716],[152.09109,-26.70062],[152.10099,-26.70328],[152.10135,-26.70502],[152.09978,-26.70434],[152.09913,-26.70558],[152.10383,-26.7089],[152.10233,-26.70957],[152.11242,-26.70617],[152.11361,-26.70695],[152.11923,-26.71421],[152.12376,-26.71732],[152.12808,-26.72296],[152.1296,-26.72767],[152.13405,-26.73047],[152.13407,-26.73186],[152.12969,-26.73425],[152.13288,-26.74121],[152.13753,-26.73912],[152.14398,-26.73821],[152.14541,-26.73679],[152.14589,-26.73418],[152.14042,-26.72997],[152.1402,-26.7282],[152.14226,-26.72714],[152.14725,-26.72842],[152.15264,-26.72801],[152.15075,-26.74053],[152.1639,-26.74211],[152.16215,-26.74618],[152.16034,-26.74721],[152.15905,-26.74984],[152.15666,-26.75101],[152.1555,-26.75332],[152.15833,-26.75696],[152.156,-26.75996],[152.15579,-26.76881],[152.16261,-26.77518],[152.16396,-26.77558],[152.16825,-26.77296],[152.17113,-26.77704],[152.17662,-26.77977],[152.17905,-26.78376],[152.17544,-26.78299],[152.17416,-26.78471],[152.17456,-26.79199],[152.17308,-26.79365],[152.17365,-26.79531],[152.17051,-26.79683],[152.17316,-26.80092],[152.17228,-26.80294],[152.17639,-26.80906],[152.17435,-26.81575],[152.17412,-26.82144],[152.19009,-26.8236],[152.18771,-26.83792],[152.18255,-26.83726],[152.18103,-26.84656],[152.18425,-26.85118],[152.18344,-26.86565],[152.18425,-26.87102],[152.18894,-26.87562],[152.18865,-26.87738],[152.17265,-26.87525],[152.1695,-26.87214],[152.17045,-26.86755],[152.16704,-26.86708],[152.16514,-26.87061],[152.15953,-26.87379],[152.15444,-26.87376],[152.14695,-26.87923],[152.14142,-26.88779],[152.13794,-26.89923],[152.13784,-26.90003],[152.13795,-26.89967],[152.13796,-26.90007],[152.14123,-26.89764],[152.14309,-26.90045],[152.1471,-26.89888],[152.14982,-26.90444],[152.14675,-26.90681],[152.14702,-26.90861],[152.14377,-26.91079],[152.14333,-26.91907],[152.14389,-26.92116],[152.14323,-26.92582],[152.14538,-26.92631],[152.14231,-26.93012],[152.13931,-26.93064],[152.13866,-26.93274],[152.13516,-26.93522],[152.12806,-26.94433],[152.12799,-26.95052],[152.12581,-26.95432],[152.12668,-26.95452],[152.12773,-26.95427],[152.12977,-26.95524],[152.13127,-26.96151],[152.13514,-26.96358],[152.15033,-26.96585],[152.15078,-26.96748],[152.1496,-26.97038],[152.15145,-26.97109],[152.15601,-26.96901],[152.16476,-26.97267],[152.16628,-26.96868],[152.16796,-26.96873],[152.16975,-26.97287],[152.16851,-26.97776],[152.16908,-26.97944],[152.17218,-26.9788],[152.17513,-26.97624],[152.17885,-26.97581],[152.17898,-26.97587],[152.1803,-26.97646],[152.18255,-26.97747],[152.18268,-26.97763],[152.18322,-26.97831],[152.18358,-26.97876],[152.18349,-26.97887],[152.18195,-26.98078],[152.17729,-26.98037],[152.17471,-26.98229],[152.1794,-26.98435],[152.18367,-26.98314],[152.18494,-26.98531],[152.18295,-26.98462],[152.17994,-26.98674],[152.17295,-26.98869],[152.17483,-26.99216],[152.18863,-26.99398],[152.18651,-27.00666],[152.19813,-27.00822],[152.19864,-27.0136],[152.20535,-27.01447],[152.21463,-27.01886],[152.21769,-27.0184],[152.22105,-27.02237],[152.22012,-27.02561],[152.21893,-27.0263],[152.19296,-27.02298],[152.19234,-27.02709],[152.19915,-27.02781],[152.19493,-27.05657],[152.22739,-27.06099],[152.22697,-27.06276],[152.2243,-27.06385],[152.22189,-27.06361],[152.22077,-27.06165],[152.21953,-27.06152],[152.21951,-27.06288],[152.22249,-27.06619],[152.21876,-27.06865],[152.21594,-27.06827],[152.2145,-27.06949],[152.21453,-27.07219],[152.21905,-27.07572],[152.21868,-27.07795],[152.21818,-27.07791],[152.21608,-27.07773],[152.21459,-27.07512],[152.19132,-27.07234],[152.18525,-27.0614],[152.18125,-27.08612],[152.17983,-27.08642],[152.18231,-27.09007],[152.17895,-27.09096],[152.17716,-27.09027],[152.17762,-27.09297],[152.17504,-27.09395],[152.17523,-27.09516],[152.17731,-27.09597],[152.17709,-27.09733],[152.17485,-27.09735],[152.17278,-27.09935],[152.16998,-27.10019],[152.16996,-27.10257],[152.16798,-27.10299],[152.16365,-27.10718],[152.15743,-27.10926],[152.15789,-27.11178],[152.15614,-27.11356],[152.15362,-27.11311],[152.15358,-27.11619],[152.15196,-27.11722],[152.15388,-27.11884],[152.15111,-27.11831],[152.14807,-27.11941],[152.14848,-27.1219],[152.14392,-27.12373],[152.14354,-27.12675],[152.14189,-27.12655],[152.14168,-27.13006],[152.14033,-27.1316],[152.14118,-27.13172],[152.14084,-27.13321],[152.13411,-27.14156],[152.18851,-27.16903],[152.18628,-27.17205],[152.18551,-27.17616],[152.18134,-27.17844],[152.18027,-27.18028],[152.17339,-27.18188],[152.16962,-27.18708],[152.16165,-27.18885],[152.159,-27.206],[152.16594,-27.20697],[152.16683,-27.21009],[152.17324,-27.21131],[152.17471,-27.21016],[152.17351,-27.20839],[152.1774,-27.20811],[152.18002,-27.20505],[152.21508,-27.20895],[152.22046,-27.20131],[152.23623,-27.20351],[152.23307,-27.22235],[152.22981,-27.22415],[152.22559,-27.22886],[152.22214,-27.22895],[152.21853,-27.23272],[152.20869,-27.23559],[152.20405,-27.23935],[152.20145,-27.24011],[152.20105,-27.24332],[152.19094,-27.24199],[152.18873,-27.25485],[152.18093,-27.25196],[152.17239,-27.2538],[152.17163,-27.25549],[152.17623,-27.25664],[152.17871,-27.26055],[152.17698,-27.26377],[152.17463,-27.26295],[152.1708,-27.25867],[152.16249,-27.25658],[152.15826,-27.25928],[152.15485,-27.26701],[152.15195,-27.26936],[152.15417,-27.27482],[152.15711,-27.27674],[152.15908,-27.27679],[152.1601,-27.27986],[152.16235,-27.28229],[152.16142,-27.28592],[152.16225,-27.28819],[152.16393,-27.28917],[152.16613,-27.28701],[152.17041,-27.28669],[152.17321,-27.28473],[152.17715,-27.27884],[152.18076,-27.27696],[152.18055,-27.27554],[152.18278,-27.27358],[152.18274,-27.2712],[152.18408,-27.27047],[152.19644,-27.27216],[152.19442,-27.27512],[152.1963,-27.27893],[152.19637,-27.28289],[152.19965,-27.28489],[152.19912,-27.28801],[152.20157,-27.28934],[152.20133,-27.29068],[152.20619,-27.29205],[152.20368,-27.29331],[152.20443,-27.29412],[152.2028,-27.29541],[152.20227,-27.29719],[152.2037,-27.29858],[152.20222,-27.30088],[152.20069,-27.301],[152.19983,-27.30728],[152.19814,-27.30866],[152.19607,-27.30755],[152.19194,-27.31127],[152.1932,-27.31486],[152.19011,-27.3203],[152.20147,-27.32201],[152.19947,-27.33275],[152.20016,-27.33285],[152.19928,-27.34124],[152.19597,-27.34083],[152.19253,-27.35893],[152.19353,-27.35906],[152.19228,-27.36062],[152.19143,-27.36612],[152.20149,-27.35969],[152.19824,-27.37794],[152.19321,-27.38009],[152.19309,-27.38165],[152.19101,-27.38162],[152.19172,-27.38685],[152.19282,-27.38523],[152.2018,-27.38647],[152.20874,-27.39011],[152.21246,-27.39068],[152.21477,-27.39066],[152.21592,-27.38835],[152.21791,-27.39005],[152.22111,-27.39045],[152.22645,-27.38865],[152.22731,-27.38977],[152.22759,-27.38814],[152.26097,-27.39261],[152.25818,-27.40904],[152.2599,-27.41077],[152.25913,-27.41247],[152.26287,-27.41614],[152.26705,-27.41549],[152.27722,-27.40926],[152.27876,-27.40944],[152.27911,-27.40715],[152.28183,-27.40451],[152.28309,-27.40151],[152.29131,-27.4002],[152.29426,-27.42734],[152.30403,-27.42563],[152.31035,-27.42932],[152.31546,-27.39866],[152.3427,-27.40206],[152.34384,-27.39934],[152.36465,-27.40216],[152.36786,-27.40128],[152.37337,-27.40199],[152.3794,-27.40443],[152.39071,-27.4122],[152.40161,-27.41502],[152.39953,-27.42843],[152.41414,-27.43023],[152.41338,-27.43481],[152.40912,-27.43662],[152.43564,-27.44008],[152.435,-27.44536],[152.4369,-27.45101],[152.43587,-27.45787],[152.44538,-27.45906],[152.44455,-27.46357],[152.45123,-27.46752],[152.45181,-27.46376],[152.4576,-27.46447],[152.4612,-27.46883],[152.46365,-27.46783],[152.46593,-27.46863],[152.47304,-27.47391],[152.47732,-27.47883],[152.47911,-27.48185],[152.47877,-27.4837],[152.47213,-27.48678],[152.47765,-27.49627],[152.474,-27.50788],[152.49931,-27.51167],[152.49225,-27.55197],[152.50063,-27.55067],[152.51866,-27.55202],[152.51737,-27.55998],[152.51494,-27.55966],[152.51247,-27.5744],[152.50933,-27.57254],[152.50779,-27.58111],[152.50309,-27.58025],[152.49701,-27.58295],[152.50444,-27.59592],[152.48788,-27.60344],[152.48852,-27.60453],[152.48625,-27.60568],[152.48758,-27.60641],[152.4872,-27.60735],[152.48487,-27.61052],[152.48185,-27.61246],[152.47908,-27.61959],[152.47266,-27.62729],[152.47,-27.63476],[152.4699,-27.63816],[152.46365,-27.64342],[152.46533,-27.64848],[152.46365,-27.65001],[152.46274,-27.6543],[152.45925,-27.65383],[152.45787,-27.66281],[152.45468,-27.66093],[152.45413,-27.65731],[152.45127,-27.65345],[152.44965,-27.65357],[152.44936,-27.65544],[152.44807,-27.65609],[152.44524,-27.65428],[152.44157,-27.65367],[152.43976,-27.65003],[152.43698,-27.6519],[152.43464,-27.65061],[152.43061,-27.65185],[152.43034,-27.65304],[152.43312,-27.65564],[152.43079,-27.65684],[152.4226,-27.65444],[152.42079,-27.65222],[152.42029,-27.65536],[152.41838,-27.65792],[152.41323,-27.65731],[152.41253,-27.66139],[152.42264,-27.66367],[152.41913,-27.66853],[152.41576,-27.66714],[152.4147,-27.67316],[152.41296,-27.67293],[152.41261,-27.67508],[152.4135,-27.67609],[152.41207,-27.67714],[152.41117,-27.68141],[152.40301,-27.68504],[152.3954,-27.6869],[152.39159,-27.69088],[152.39065,-27.69777],[152.4135,-27.70094],[152.41225,-27.70821],[152.40906,-27.70776],[152.40677,-27.72031],[152.41013,-27.7208],[152.40201,-27.76288],[152.39564,-27.76135],[152.39187,-27.75684],[152.38923,-27.76976],[152.3954,-27.78192],[152.40366,-27.7896],[152.40259,-27.79528],[152.40876,-27.79612],[152.40705,-27.80551],[152.38583,-27.80306],[152.38566,-27.80399],[152.38333,-27.80365],[152.38272,-27.80721],[152.38508,-27.80754],[152.38491,-27.80849],[152.39335,-27.80974],[152.39195,-27.81769],[152.39866,-27.81862],[152.39949,-27.82008],[152.40072,-27.82475],[152.39932,-27.82736],[152.39487,-27.83089],[152.39484,-27.83428],[152.39843,-27.84006],[152.39905,-27.84447],[152.39998,-27.8446],[152.39949,-27.84727],[152.4012,-27.85244],[152.40144,-27.85318],[152.40093,-27.85668],[152.40262,-27.86077],[152.40227,-27.86369],[152.40175,-27.86655],[152.40235,-27.8637],[152.41928,-27.86547],[152.42089,-27.85656],[152.42546,-27.85718],[152.42847,-27.84048],[152.43625,-27.84163],[152.43587,-27.84372],[152.4434,-27.84477],[152.45118,-27.802],[152.45991,-27.80318],[152.46233,-27.80257],[152.46385,-27.79378],[152.46716,-27.78924],[152.46741,-27.78313],[152.48122,-27.78513],[152.48189,-27.78166],[152.4945,-27.78343],[152.499,-27.75827],[152.51933,-27.76117],[152.52371,-27.73633],[152.52296,-27.727],[152.52486,-27.72122],[152.52965,-27.71694],[152.52946,-27.71763],[152.54213,-27.71938],[152.54213,-27.71828],[152.56178,-27.72103],[152.5619,-27.71646],[152.58065,-27.71914],[152.57984,-27.7236],[152.5982,-27.72626],[152.59862,-27.72393],[152.60576,-27.72499],[152.60461,-27.73135],[152.60865,-27.73165],[152.60764,-27.7371],[152.63822,-27.7416],[152.63913,-27.73656],[152.65597,-27.73831],[152.65537,-27.74137],[152.66863,-27.74333],[152.66753,-27.74998],[152.68441,-27.75249],[152.684,-27.75137],[152.68625,-27.75061],[152.68639,-27.74686],[152.70427,-27.74961],[152.70756,-27.75831],[152.75801,-27.76742],[152.7627,-27.77294],[152.76072,-27.78531],[152.78485,-27.78883],[152.78655,-27.7909],[152.78563,-27.79622],[152.80247,-27.79837],[152.79997,-27.81488],[152.79576,-27.81543],[152.80559,-27.81698],[152.80405,-27.82486],[152.81406,-27.82621],[152.81636,-27.81363],[152.82641,-27.81505],[152.8274,-27.80965],[152.82502,-27.80932],[152.82646,-27.80751],[152.82519,-27.8066],[152.82602,-27.80504],[152.82568,-27.79812],[152.82176,-27.78911],[152.8219,-27.78497],[152.8178,-27.78556],[152.8118,-27.78429],[152.81143,-27.78681],[152.8033,-27.78559],[152.80483,-27.77644],[152.80411,-27.77634],[152.80803,-27.75866],[152.81105,-27.75904],[152.81139,-27.75491],[152.82226,-27.75639],[152.82302,-27.75204],[152.82824,-27.75273],[152.82926,-27.74679],[152.83458,-27.74758],[152.83394,-27.75267],[152.83599,-27.75573],[152.84318,-27.75679],[152.84345,-27.7553],[152.85679,-27.75727],[152.85794,-27.75112],[152.87332,-27.75345],[152.87465,-27.74629],[152.88279,-27.74736],[152.89065,-27.70359],[152.92331,-27.70817],[152.93139,-27.66639],[152.9275,-27.66289],[152.92455,-27.65782],[152.9374,-27.64261],[152.93781,-27.64213],[152.94088,-27.62867],[152.93976,-27.62847],[152.94071,-27.62343],[152.93426,-27.61406],[152.93394,-27.6139],[152.92762,-27.61078],[152.92177,-27.60625],[152.9213,-27.60616],[152.91553,-27.605],[152.91263,-27.60641],[152.90893,-27.60638],[152.9071,-27.60441],[152.90339,-27.60561],[152.9008,-27.60244],[152.89641,-27.60142],[152.89054,-27.59179],[152.87526,-27.57953],[152.87497,-27.5793],[152.87366,-27.57936],[152.87245,-27.57941],[152.87219,-27.57942],[152.86992,-27.58098],[152.86223,-27.59725],[152.86015,-27.59799],[152.85716,-27.597],[152.85692,-27.59668],[152.85486,-27.5787],[152.84898,-27.56466],[152.84914,-27.55659],[152.85239,-27.54794],[152.85267,-27.54271],[152.85251,-27.54241],[152.84775,-27.53338],[152.8445,-27.53164],[152.8388,-27.53066],[152.83145,-27.53313],[152.83037,-27.53472],[152.8307,-27.53704],[152.84014,-27.54002],[152.84147,-27.54436],[152.84006,-27.54563],[152.83622,-27.54589],[152.83601,-27.54598],[152.82626,-27.54991],[152.82424,-27.54984],[152.82421,-27.54991],[152.82363,-27.55111],[152.82217,-27.55414],[152.82048,-27.55562],[152.81978,-27.55599],[152.81447,-27.55675],[152.80794,-27.55754],[152.80517,-27.5575],[152.80325,-27.55587],[152.79945,-27.55507],[152.79847,-27.55502],[152.79727,-27.55496],[152.79597,-27.5549],[152.79363,-27.55597],[152.78847,-27.55412],[152.78648,-27.55036],[152.78512,-27.55034],[152.78264,-27.55219],[152.784,-27.553],[152.78516,-27.55679],[152.78278,-27.55663],[152.7816,-27.55933],[152.77264,-27.55948],[152.77052,-27.55646],[152.76735,-27.556],[152.7564,-27.56619],[152.75451,-27.56629],[152.75381,-27.56832],[152.75096,-27.56757],[152.74846,-27.56492],[152.74609,-27.56711],[152.74462,-27.56713],[152.7428,-27.56674],[152.74025,-27.56417],[152.74174,-27.55218],[152.74361,-27.54317],[152.74807,-27.52712],[152.74875,-27.52625],[152.75009,-27.52478],[152.75186,-27.52399],[152.75318,-27.52353],[152.75371,-27.52352],[152.76109,-27.52513],[152.76294,-27.52185],[152.76305,-27.52166],[152.76083,-27.51761],[152.75113,-27.51758],[152.74482,-27.51461],[152.7393,-27.50497],[152.73893,-27.50433],[152.73878,-27.50406],[152.73052,-27.49672],[152.73016,-27.49562],[152.73801,-27.4946],[152.73933,-27.4876],[152.74232,-27.48807],[152.7406,-27.48657],[152.73947,-27.48296],[152.74032,-27.47949],[152.74264,-27.47983],[152.74337,-27.47617],[152.74061,-27.47576],[152.74134,-27.47196],[152.74265,-27.47143],[152.73797,-27.47248],[152.73923,-27.47089],[152.73832,-27.46901],[152.73925,-27.46729],[152.73784,-27.46465],[152.73787,-27.46099],[152.73826,-27.45933],[152.74412,-27.46013],[152.7474,-27.44086],[152.74541,-27.44058],[152.74604,-27.43686],[152.74272,-27.43638],[152.74419,-27.42785],[152.74095,-27.42741],[152.74287,-27.42543],[152.74709,-27.42378],[152.74805,-27.42183],[152.74812,-27.41554],[152.74582,-27.41523],[152.74722,-27.40708],[152.74137,-27.40617],[152.74077,-27.40255],[152.74065,-27.39876],[152.74236,-27.3981],[152.74337,-27.39472],[152.74176,-27.39312],[152.7415,-27.3911],[152.73295,-27.39599],[152.73685,-27.37335],[152.73218,-27.37267],[152.73324,-27.36663],[152.72201,-27.36509],[152.7239,-27.35397],[152.70782,-27.3518],[152.70693,-27.35699],[152.70034,-27.35615],[152.69952,-27.36099],[152.69225,-27.36002],[152.69051,-27.37012],[152.68704,-27.36965],[152.6864,-27.37322],[152.67969,-27.37226],[152.68419,-27.34879],[152.68605,-27.34908],[152.69198,-27.34278],[152.69566,-27.34286],[152.71019,-27.33255],[152.7173,-27.33062],[152.71906,-27.32776],[152.71955,-27.32346],[152.72331,-27.32207],[152.7301,-27.32414],[152.73117,-27.32322],[152.73917,-27.32334],[152.74485,-27.31901],[152.7485,-27.31875],[152.74722,-27.31709]]]},"properties":{"District Name":"Ipswich","DDMG Name":"Ipswich"}},{"type":"Feature","geometry":{"type":"Polygon","coordinates":[[[153.28685,-27.69295],[153.2873,-27.69275],[153.28749,-27.69226],[153.28759,-27.6922],[153.2876,-27.69198],[153.28769,-27.69021],[153.28775,-27.68899],[153.28639,-27.68782],[153.28993,-27.68864],[153.29033,-27.68776],[153.29025,-27.68774],[153.28572,-27.68662],[153.28224,-27.68711],[153.283,-27.68348],[153.28098,-27.68318],[153.28265,-27.67419],[153.28082,-27.67392],[153.28047,-27.67256],[153.28175,-27.6715],[153.28105,-27.66917],[153.28235,-27.66708],[153.28228,-27.66694],[153.28024,-27.66308],[153.28068,-27.658],[153.26276,-27.65605],[153.26245,-27.65398],[153.25452,-27.65281],[153.25492,-27.64958],[153.23888,-27.64736],[153.23878,-27.64922],[153.20851,-27.64517],[153.20611,-27.64394],[153.207,-27.64122],[153.19392,-27.63947],[153.19356,-27.64158],[153.18755,-27.64075],[153.18761,-27.63978],[153.18321,-27.63829],[153.18361,-27.63471],[153.17384,-27.63425],[153.17575,-27.62347],[153.18173,-27.62431],[153.18376,-27.61259],[153.18083,-27.60912],[153.17328,-27.60604],[153.17144,-27.60328],[153.15984,-27.59577],[153.15636,-27.59184],[153.14736,-27.59056],[153.1423,-27.59131],[153.14024,-27.58962],[153.12399,-27.58722],[153.12307,-27.58771],[153.12187,-27.59535],[153.10592,-27.5932],[153.10584,-27.59319],[153.10113,-27.61793],[153.0947,-27.61717],[153.09372,-27.62081],[153.09582,-27.62111],[153.09748,-27.62289],[153.09673,-27.62712],[153.09146,-27.62631],[153.09099,-27.62893],[153.09461,-27.63178],[153.09488,-27.63003],[153.09616,-27.63034],[153.09457,-27.63933],[153.09645,-27.6396],[153.09684,-27.64203],[153.09443,-27.64287],[153.0954,-27.64505],[153.07776,-27.65196],[153.07232,-27.65097],[153.06945,-27.65293],[153.06766,-27.65106],[153.05875,-27.6568],[153.04003,-27.65402],[153.03722,-27.66022],[152.99865,-27.65459],[152.99553,-27.65354],[152.97883,-27.64638],[152.97322,-27.63916],[152.96963,-27.63666],[152.94989,-27.63298],[152.94427,-27.62914],[152.94413,-27.62912],[152.94391,-27.62903],[152.94088,-27.62864],[152.93976,-27.62847],[152.94088,-27.62867],[152.93781,-27.64213],[152.9374,-27.64261],[152.92455,-27.65782],[152.9275,-27.66289],[152.93139,-27.66639],[152.92331,-27.70817],[152.89065,-27.70359],[152.88279,-27.74736],[152.87465,-27.74629],[152.87332,-27.75345],[152.85794,-27.75112],[152.85679,-27.75727],[152.84345,-27.7553],[152.84318,-27.75679],[152.83599,-27.75573],[152.83394,-27.75267],[152.83458,-27.74758],[152.82926,-27.74679],[152.82824,-27.75273],[152.82302,-27.75204],[152.82226,-27.75639],[152.81139,-27.75491],[152.81105,-27.75904],[152.80803,-27.75866],[152.80411,-27.77634],[152.80483,-27.77644],[152.8033,-27.78559],[152.81143,-27.78681],[152.8118,-27.78429],[152.8178,-27.78556],[152.8219,-27.78497],[152.82176,-27.78911],[152.82568,-27.79812],[152.82602,-27.80504],[152.82519,-27.8066],[152.82646,-27.80751],[152.82502,-27.80932],[152.8274,-27.80965],[152.82641,-27.81505],[152.81636,-27.81363],[152.81406,-27.82621],[152.80405,-27.82486],[152.80559,-27.81698],[152.79576,-27.81543],[152.79997,-27.81488],[152.80247,-27.79837],[152.78563,-27.79622],[152.78655,-27.7909],[152.78485,-27.78883],[152.76072,-27.78531],[152.7627,-27.77294],[152.75801,-27.76742],[152.70756,-27.75831],[152.70427,-27.74961],[152.68639,-27.74686],[152.68625,-27.75061],[152.684,-27.75137],[152.68441,-27.75249],[152.66753,-27.74998],[152.66863,-27.74333],[152.65537,-27.74137],[152.65597,-27.73831],[152.63913,-27.73656],[152.63822,-27.7416],[152.60764,-27.7371],[152.60865,-27.73165],[152.60461,-27.73135],[152.60576,-27.72499],[152.59862,-27.72393],[152.5982,-27.72626],[152.57984,-27.7236],[152.58065,-27.71914],[152.5619,-27.71646],[152.56178,-27.72103],[152.54213,-27.71828],[152.54213,-27.71938],[152.52946,-27.71763],[152.52965,-27.71694],[152.52486,-27.72122],[152.52296,-27.727],[152.52371,-27.73633],[152.51933,-27.76117],[152.499,-27.75827],[152.4945,-27.78343],[152.48189,-27.78166],[152.48122,-27.78513],[152.46741,-27.78313],[152.46716,-27.78924],[152.46385,-27.79378],[152.46233,-27.80257],[152.45991,-27.80318],[152.45118,-27.802],[152.4434,-27.84477],[152.43587,-27.84372],[152.43625,-27.84163],[152.42847,-27.84048],[152.42546,-27.85718],[152.42089,-27.85656],[152.41928,-27.86547],[152.40235,-27.8637],[152.40175,-27.86655],[152.40529,-27.87123],[152.40592,-27.87597],[152.40665,-27.87775],[152.41157,-27.88335],[152.41022,-27.88705],[152.41132,-27.89156],[152.41011,-27.89588],[152.41167,-27.89804],[152.41116,-27.90128],[152.40485,-27.90432],[152.40406,-27.90575],[152.40477,-27.91425],[152.40562,-27.9191],[152.4091,-27.91953],[152.40852,-27.92321],[152.4106,-27.92676],[152.4111,-27.9303],[152.41245,-27.93076],[152.41049,-27.93424],[152.41273,-27.93541],[152.41318,-27.93893],[152.41486,-27.94045],[152.41587,-27.94463],[152.41129,-27.94784],[152.40824,-27.95219],[152.40505,-27.95368],[152.40216,-27.95914],[152.40286,-27.96206],[152.40132,-27.96774],[152.40174,-27.97182],[152.40145,-27.97205],[152.40068,-27.97267],[152.39469,-27.97752],[152.38906,-27.97412],[152.3864,-27.97511],[152.38281,-27.9788],[152.38373,-27.98352],[152.378,-27.99056],[152.37683,-28.00777],[152.37491,-28.01288],[152.38147,-28.02103],[152.38298,-28.02473],[152.39031,-28.03086],[152.38821,-28.03604],[152.39336,-28.04173],[152.39433,-28.04405],[152.39376,-28.04659],[152.39503,-28.04899],[152.39003,-28.05945],[152.39761,-28.06172],[152.40095,-28.06463],[152.41064,-28.06876],[152.41631,-28.06975],[152.4164,-28.07373],[152.41472,-28.07867],[152.41647,-28.08129],[152.41845,-28.08849],[152.41712,-28.09068],[152.41084,-28.09358],[152.40834,-28.0995],[152.41172,-28.10572],[152.41172,-28.11356],[152.41393,-28.11632],[152.41955,-28.11908],[152.42153,-28.12445],[152.42614,-28.1291],[152.43404,-28.13101],[152.43205,-28.14263],[152.43376,-28.1438],[152.43489,-28.14751],[152.43441,-28.15085],[152.43554,-28.15631],[152.44009,-28.16136],[152.44655,-28.16389],[152.44669,-28.16643],[152.44208,-28.17706],[152.44212,-28.17828],[152.44311,-28.17988],[152.4473,-28.18664],[152.44762,-28.18933],[152.45055,-28.19044],[152.45557,-28.19538],[152.45821,-28.19439],[152.46303,-28.19528],[152.46979,-28.19421],[152.47086,-28.19496],[152.47074,-28.20031],[152.47238,-28.20205],[152.47316,-28.2053],[152.47053,-28.20763],[152.46982,-28.21068],[152.46738,-28.21259],[152.4656,-28.21675],[152.46021,-28.21837],[152.45824,-28.221],[152.45859,-28.2266],[152.46992,-28.22887],[152.46942,-28.23196],[152.47428,-28.23397],[152.47543,-28.23356],[152.4763,-28.22823],[152.48235,-28.22951],[152.48453,-28.23315],[152.48798,-28.23469],[152.48727,-28.23888],[152.49036,-28.23917],[152.49292,-28.24256],[152.48756,-28.24748],[152.48768,-28.25345],[152.49719,-28.25335],[152.50753,-28.249],[152.50931,-28.24918],[152.5131,-28.25145],[152.51581,-28.2518],[152.51673,-28.25473],[152.51606,-28.25682],[152.51868,-28.25695],[152.5217,-28.26073],[152.52894,-28.26172],[152.53195,-28.26325],[152.53397,-28.26269],[152.53433,-28.26473],[152.53649,-28.26589],[152.5329,-28.27231],[152.5328,-28.27958],[152.52888,-28.28664],[152.5293,-28.29794],[152.52559,-28.30179],[152.52592,-28.30598],[152.53355,-28.31073],[152.53888,-28.31135],[152.54325,-28.31592],[152.54405,-28.31894],[152.54707,-28.32052],[152.54906,-28.32127],[152.55495,-28.31897],[152.55391,-28.32445],[152.55468,-28.32554],[152.5568,-28.32402],[152.56404,-28.32353],[152.5723,-28.32675],[152.57462,-28.33409],[152.57951,-28.3392],[152.58292,-28.3344],[152.58294,-28.33189],[152.58523,-28.32841],[152.58918,-28.326],[152.59387,-28.31914],[152.59652,-28.31808],[152.59759,-28.3145],[152.59678,-28.31355],[152.59908,-28.30958],[152.60182,-28.30731],[152.59733,-28.29129],[152.59962,-28.28368],[152.60328,-28.27924],[152.61066,-28.27445],[152.61424,-28.26948],[152.6161,-28.27184],[152.61571,-28.27464],[152.61722,-28.27702],[152.61753,-28.28257],[152.62092,-28.28402],[152.62351,-28.28889],[152.62214,-28.29318],[152.62394,-28.29574],[152.62412,-28.2983],[152.62695,-28.30011],[152.62843,-28.30356],[152.63536,-28.30718],[152.63975,-28.31219],[152.64431,-28.31302],[152.6468,-28.31207],[152.64848,-28.31338],[152.65912,-28.30988],[152.66752,-28.3117],[152.66819,-28.31381],[152.67182,-28.31533],[152.67355,-28.31797],[152.67396,-28.32629],[152.67949,-28.33058],[152.68637,-28.32915],[152.6884,-28.33484],[152.69241,-28.3368],[152.69858,-28.33567],[152.70132,-28.33803],[152.70414,-28.33843],[152.70464,-28.34098],[152.70764,-28.34429],[152.71285,-28.34137],[152.71991,-28.34523],[152.72305,-28.34413],[152.73094,-28.35232],[152.73111,-28.35395],[152.73318,-28.35452],[152.7341,-28.35338],[152.73701,-28.35514],[152.74032,-28.35919],[152.74653,-28.36068],[152.75095,-28.36388],[152.75697,-28.3636],[152.76104,-28.36016],[152.76185,-28.35828],[152.75822,-28.35508],[152.7598,-28.35246],[152.77739,-28.34597],[152.78173,-28.34669],[152.78669,-28.34919],[152.7879,-28.35123],[152.79167,-28.35208],[152.79338,-28.35404],[152.798,-28.35295],[152.79991,-28.35394],[152.80426,-28.35357],[152.80595,-28.35146],[152.80907,-28.35064],[152.80931,-28.34208],[152.81155,-28.34132],[152.81253,-28.33917],[152.81861,-28.33504],[152.82311,-28.33548],[152.82457,-28.33219],[152.82369,-28.32891],[152.82832,-28.32468],[152.82858,-28.32286],[152.83137,-28.31967],[152.83876,-28.32214],[152.8402,-28.32161],[152.84367,-28.31955],[152.84742,-28.31545],[152.84942,-28.31119],[152.85183,-28.31116],[152.85471,-28.31279],[152.8596,-28.31147],[152.86577,-28.31358],[152.8755,-28.31243],[152.88042,-28.30981],[152.88269,-28.31332],[152.89343,-28.31793],[152.89991,-28.32538],[152.90853,-28.32634],[152.91542,-28.3304],[152.92337,-28.33159],[152.93427,-28.33766],[152.93917,-28.33475],[152.94514,-28.33567],[152.95075,-28.33364],[152.97318,-28.33182],[152.97815,-28.33366],[152.9836,-28.33811],[152.98982,-28.33663],[152.99609,-28.33996],[153.00317,-28.33969],[153.01006,-28.34129],[153.02223,-28.33805],[153.02516,-28.33944],[153.03048,-28.33971],[153.0326,-28.34196],[153.03544,-28.34168],[153.03807,-28.34345],[153.0449,-28.33901],[153.04907,-28.34203],[153.05174,-28.34141],[153.05325,-28.34315],[153.05784,-28.34275],[153.05941,-28.34393],[153.0653,-28.34424],[153.06712,-28.34636],[153.07065,-28.34784],[153.07159,-28.35031],[153.07417,-28.3522],[153.07751,-28.35197],[153.07931,-28.35402],[153.08631,-28.35462],[153.08918,-28.35332],[153.09833,-28.35696],[153.10229,-28.35788],[153.10459,-28.35721],[153.10765,-28.35849],[153.10893,-28.35731],[153.10855,-28.35633],[153.11114,-28.35642],[153.11319,-28.3529],[153.11382,-28.34925],[153.11547,-28.34768],[153.11683,-28.34366],[153.11673,-28.3415],[153.12051,-28.342],[153.1253,-28.33931],[153.1252,-28.33674],[153.12676,-28.33623],[153.13024,-28.33028],[153.12483,-28.32393],[153.12407,-28.3202],[153.125,-28.31776],[153.13296,-28.31754],[153.13575,-28.31212],[153.13828,-28.31125],[153.14328,-28.3122],[153.14249,-28.30532],[153.15292,-28.30192],[153.15398,-28.29725],[153.15515,-28.29612],[153.16083,-28.29609],[153.16438,-28.29789],[153.16774,-28.29548],[153.16917,-28.29311],[153.16541,-28.28889],[153.1665,-28.28512],[153.16225,-28.28247],[153.1612,-28.2794],[153.17517,-28.27421],[153.17393,-28.2702],[153.17459,-28.26854],[153.17164,-28.26365],[153.17148,-28.25918],[153.17292,-28.25885],[153.17667,-28.2496],[153.17978,-28.25025],[153.18251,-28.2486],[153.18817,-28.24751],[153.19948,-28.25655],[153.20319,-28.25571],[153.20437,-28.25334],[153.20738,-28.25296],[153.20738,-28.25289],[153.20711,-28.2466],[153.19997,-28.23951],[153.19763,-28.23132],[153.19861,-28.22671],[153.19511,-28.22028],[153.19486,-28.2143],[153.19069,-28.20975],[153.19062,-28.20637],[153.18857,-28.2033],[153.18948,-28.20051],[153.18883,-28.19971],[153.19264,-28.20115],[153.19429,-28.20066],[153.19243,-28.19453],[153.19345,-28.1916],[153.18413,-28.19246],[153.18679,-28.18655],[153.18823,-28.17915],[153.19323,-28.17976],[153.19194,-28.17862],[153.19332,-28.1761],[153.19245,-28.17356],[153.19487,-28.17026],[153.19554,-28.16692],[153.19856,-28.16332],[153.19499,-28.1604],[153.19484,-28.15804],[153.19406,-28.15802],[153.19655,-28.15079],[153.20039,-28.13],[153.1995,-28.12986],[153.20085,-28.11919],[153.20246,-28.11712],[153.20578,-28.11785],[153.20604,-28.1163],[153.21407,-28.11743],[153.21576,-28.10834],[153.22131,-28.11123],[153.22278,-28.10295],[153.22989,-28.09998],[153.22753,-28.09726],[153.22961,-28.08958],[153.23154,-28.08988],[153.23243,-28.08533],[153.22942,-28.08486],[153.22948,-28.0828],[153.21335,-28.08035],[153.21619,-28.06568],[153.21995,-28.06625],[153.22015,-28.06489],[153.21943,-28.06183],[153.21598,-28.06003],[153.22512,-28.06121],[153.22632,-28.05477],[153.22875,-28.05512],[153.23076,-28.04435],[153.22868,-28.03961],[153.23009,-28.03965],[153.23257,-28.02567],[153.23628,-28.02596],[153.23888,-28.01117],[153.21764,-28.00821],[153.22089,-27.9997],[153.22053,-27.99438],[153.21066,-27.99297],[153.21123,-27.98984],[153.20793,-27.98578],[153.20132,-27.9827],[153.20085,-27.98135],[153.20095,-27.98074],[153.20352,-27.97837],[153.22512,-27.98165],[153.22593,-27.97718],[153.22015,-27.97625],[153.22177,-27.96813],[153.22311,-27.96711],[153.22225,-27.96574],[153.22404,-27.96286],[153.22274,-27.9623],[153.2232,-27.9583],[153.2216,-27.95806],[153.22495,-27.95765],[153.22402,-27.95704],[153.2252,-27.95612],[153.2242,-27.95408],[153.22394,-27.95392],[153.22235,-27.95294],[153.22215,-27.95065],[153.22002,-27.9476],[153.21913,-27.95124],[153.20659,-27.94925],[153.20823,-27.94114],[153.21058,-27.94149],[153.21374,-27.92587],[153.21478,-27.92602],[153.21571,-27.92198],[153.21332,-27.91939],[153.21358,-27.91806],[153.21257,-27.9179],[153.21543,-27.90275],[153.21169,-27.90218],[153.21209,-27.90012],[153.18068,-27.89508],[153.18334,-27.89136],[153.18627,-27.88124],[153.18636,-27.8752],[153.18542,-27.87376],[153.18894,-27.8551],[153.18107,-27.85393],[153.18202,-27.84855],[153.18063,-27.84834],[153.18149,-27.84399],[153.18064,-27.84118],[153.17569,-27.83943],[153.17595,-27.83718],[153.1729,-27.83442],[153.18328,-27.81934],[153.18054,-27.81522],[153.17759,-27.81397],[153.17674,-27.81239],[153.17803,-27.81128],[153.17617,-27.80838],[153.16944,-27.80364],[153.16901,-27.80058],[153.1821,-27.79484],[153.18444,-27.78857],[153.19298,-27.78004],[153.19122,-27.77723],[153.18784,-27.77708],[153.18638,-27.77536],[153.18727,-27.77403],[153.19334,-27.77292],[153.19339,-27.76777],[153.19797,-27.76411],[153.19885,-27.75902],[153.19726,-27.75401],[153.19746,-27.74698],[153.20047,-27.7432],[153.20124,-27.74002],[153.20695,-27.73899],[153.21007,-27.73963],[153.21833,-27.73692],[153.21982,-27.73476],[153.21643,-27.72706],[153.21947,-27.7271],[153.2229,-27.72428],[153.22646,-27.72335],[153.22757,-27.72372],[153.22753,-27.72655],[153.22872,-27.72732],[153.23259,-27.72385],[153.23059,-27.72159],[153.22075,-27.71842],[153.21545,-27.71818],[153.21273,-27.7153],[153.21509,-27.71424],[153.22762,-27.71531],[153.22963,-27.71215],[153.23353,-27.71101],[153.23193,-27.70623],[153.23627,-27.70348],[153.23359,-27.69857],[153.23408,-27.69431],[153.23591,-27.69466],[153.24324,-27.69739],[153.25073,-27.69721],[153.25154,-27.69719],[153.25318,-27.69643],[153.25351,-27.69628],[153.25356,-27.69626],[153.25334,-27.6917],[153.25568,-27.69039],[153.25851,-27.69237],[153.26689,-27.6924],[153.2736,-27.69705],[153.28007,-27.69517],[153.28299,-27.695],[153.28513,-27.6937],[153.28647,-27.69311],[153.28685,-27.69295]]]},"properties":{"District Name":"Logan","DDMG Name":"Logan"}},{"type":"Feature","geometry":{"type":"Polygon","coordinates":[[[147.29639,-24.8958],[147.13663,-24.88284],[147.13885,-24.84896],[147.08944,-24.84642],[147.09157,-24.81408],[146.90337,-24.80515],[146.89255,-24.78826],[146.88913,-24.77886],[146.88652,-24.77735],[146.88405,-24.77735],[146.87903,-24.77351],[146.88012,-24.76644],[146.88227,-24.76249],[146.88502,-24.76073],[146.89394,-24.75818],[146.8982,-24.75291],[146.90053,-24.74527],[146.90697,-24.74432],[146.90848,-24.74314],[146.9123,-24.73702],[146.91316,-24.73223],[146.91563,-24.72697],[146.91989,-24.72334],[146.92051,-24.71575],[146.92924,-24.7104],[146.93292,-24.70662],[146.94119,-24.70574],[146.94198,-24.70428],[146.93992,-24.69506],[146.93484,-24.68348],[146.9347,-24.67746],[146.9332,-24.67483],[146.92573,-24.6698],[146.91914,-24.66068],[146.9151,-24.65973],[146.91222,-24.6577],[146.91368,-24.65435],[146.90768,-24.64703],[146.90596,-24.64883],[146.90246,-24.64754],[146.89963,-24.64798],[146.89856,-24.64639],[146.90033,-24.64405],[146.89926,-24.64322],[146.89732,-24.64394],[146.8939,-24.64033],[146.89282,-24.63692],[146.89468,-24.633],[146.89468,-24.62877],[146.89176,-24.62338],[146.89094,-24.61746],[146.88985,-24.61473],[146.88748,-24.61423],[146.88395,-24.61153],[146.88395,-24.60802],[146.88546,-24.60705],[146.88412,-24.60237],[146.88627,-24.5964],[146.88319,-24.59717],[146.88243,-24.59933],[146.88336,-24.59972],[146.88311,-24.6008],[146.88091,-24.60181],[146.87854,-24.60134],[146.87592,-24.5977],[146.86848,-24.59337],[146.86933,-24.58842],[146.86612,-24.58587],[146.86071,-24.58733],[146.8569,-24.58988],[146.85698,-24.59374],[146.85571,-24.59715],[146.85334,-24.59954],[146.85257,-24.60348],[146.84784,-24.6044],[146.84868,-24.60874],[146.84275,-24.61229],[146.84207,-24.61522],[146.83394,-24.62434],[146.81905,-24.62602],[146.81362,-24.63653],[146.80854,-24.639],[146.80011,-24.62059],[146.78742,-24.62629],[146.77979,-24.63618],[146.7767,-24.65689],[146.77416,-24.66277],[146.76806,-24.6643],[146.75791,-24.66336],[146.75183,-24.65778],[146.75049,-24.65237],[146.74051,-24.65034],[146.73714,-24.64276],[146.7402,-24.63379],[146.73937,-24.62915],[146.73751,-24.62776],[146.72736,-24.62805],[146.72144,-24.62603],[146.71354,-24.61888],[146.69927,-24.61573],[146.6895,-24.61158],[146.6825,-24.60585],[146.68352,-24.60198],[146.68218,-24.60013],[146.67474,-24.59702],[146.67289,-24.59446],[146.66681,-24.59081],[146.67004,-24.5861],[146.67333,-24.58534],[146.67622,-24.58125],[146.68003,-24.58087],[146.68079,-24.57894],[146.67962,-24.57283],[146.67237,-24.56701],[146.67178,-24.56485],[146.66857,-24.56445],[146.66748,-24.56221],[146.66409,-24.56243],[146.66563,-24.55749],[146.6615,-24.55261],[146.66151,-24.5499],[146.66405,-24.54805],[146.66135,-24.5434],[146.66136,-24.54062],[146.65832,-24.53915],[146.65327,-24.53372],[146.64939,-24.52915],[146.64827,-24.52531],[146.64588,-24.52334],[146.64633,-24.51946],[146.64821,-24.51806],[146.64615,-24.51253],[146.64208,-24.50657],[146.63992,-24.50021],[146.63512,-24.49664],[146.63182,-24.49779],[146.62785,-24.49616],[146.62608,-24.49376],[146.62568,-24.4885],[146.62417,-24.4861],[146.6246,-24.48146],[146.62267,-24.47867],[146.62008,-24.46715],[146.62129,-24.45803],[146.61124,-24.45839],[146.6081,-24.46132],[146.60786,-24.45691],[146.60112,-24.45364],[146.59875,-24.4541],[146.59605,-24.45301],[146.59573,-24.4459],[146.59321,-24.44373],[146.58966,-24.44356],[146.58797,-24.44161],[146.58954,-24.44027],[146.58932,-24.43725],[146.59045,-24.43608],[146.58847,-24.43406],[146.58909,-24.43201],[146.58689,-24.42775],[146.58578,-24.42644],[146.58189,-24.42566],[146.58195,-24.42332],[146.57736,-24.41985],[146.5767,-24.41782],[146.57397,-24.41671],[146.57246,-24.41285],[146.57523,-24.41128],[146.57682,-24.41246],[146.58113,-24.41155],[146.5853,-24.41274],[146.58718,-24.41517],[146.59118,-24.41484],[146.59586,-24.41719],[146.60368,-24.41562],[146.60924,-24.41319],[146.61227,-24.41483],[146.61781,-24.41182],[146.62081,-24.40799],[146.62412,-24.40703],[146.62713,-24.40322],[146.63001,-24.4052],[146.63847,-24.4051],[146.6358,-24.40116],[146.63898,-24.40123],[146.64179,-24.3992],[146.6522,-24.40009],[146.6559,-24.40422],[146.65982,-24.40348],[146.66345,-24.40134],[146.66937,-24.39057],[146.67554,-24.38943],[146.67732,-24.38802],[146.67966,-24.38834],[146.68191,-24.38681],[146.68196,-24.38031],[146.68513,-24.37846],[146.68616,-24.3752],[146.68897,-24.37431],[146.6905,-24.37495],[146.69315,-24.37942],[146.69723,-24.38106],[146.70124,-24.37804],[146.71274,-24.37757],[146.72169,-24.38489],[146.72106,-24.39708],[146.72944,-24.41878],[146.74694,-24.40715],[146.7593,-24.40391],[146.76647,-24.40553],[146.77023,-24.40805],[146.77263,-24.40516],[146.77785,-24.40524],[146.79084,-24.41009],[146.79135,-24.41387],[146.79273,-24.41472],[146.79392,-24.41808],[146.79802,-24.4113],[146.79928,-24.40708],[146.80266,-24.40527],[146.80392,-24.40248],[146.80317,-24.39747],[146.80437,-24.39552],[146.8103,-24.39638],[146.8168,-24.39283],[146.81908,-24.38911],[146.81584,-24.38881],[146.81395,-24.38397],[146.81484,-24.38227],[146.81438,-24.37726],[146.81595,-24.37567],[146.82188,-24.37355],[146.82815,-24.37241],[146.82904,-24.37327],[146.8301,-24.37212],[146.83385,-24.37273],[146.83505,-24.37388],[146.83768,-24.37157],[146.8413,-24.37182],[146.84473,-24.36956],[146.84931,-24.36968],[146.85445,-24.37187],[146.85797,-24.37123],[146.85925,-24.36865],[146.86628,-24.36836],[146.86574,-24.36414],[146.86717,-24.3605],[146.87283,-24.3585],[146.87225,-24.35602],[146.87354,-24.35352],[146.87388,-24.34891],[146.87771,-24.34784],[146.87733,-24.3462],[146.87935,-24.34432],[146.87563,-24.33714],[146.8773,-24.33464],[146.88145,-24.3318],[146.89185,-24.33029],[146.89366,-24.32873],[146.90315,-24.3269],[146.90565,-24.32551],[146.9125,-24.32698],[146.91551,-24.32165],[146.91069,-24.3134],[146.91541,-24.30915],[146.91625,-24.30608],[146.91543,-24.30029],[146.91799,-24.29534],[146.92162,-24.29438],[146.92297,-24.29526],[146.92642,-24.29347],[146.93143,-24.29455],[146.93105,-24.29164],[146.93526,-24.29006],[146.93643,-24.28452],[146.93506,-24.28204],[146.93519,-24.27918],[146.94028,-24.2781],[146.93985,-24.27487],[146.93895,-24.27448],[146.93256,-24.27582],[146.92885,-24.2749],[146.92906,-24.27012],[146.92639,-24.26731],[146.92902,-24.26392],[146.92756,-24.2624],[146.92984,-24.2579],[146.929,-24.25701],[146.93131,-24.25422],[146.93449,-24.25285],[146.93342,-24.25173],[146.93703,-24.24316],[146.93795,-24.23608],[146.9403,-24.23557],[146.94135,-24.23223],[146.94463,-24.22913],[146.94464,-24.22772],[146.94187,-24.22694],[146.94173,-24.22491],[146.93985,-24.22272],[146.9402,-24.22154],[146.94562,-24.21687],[146.94956,-24.21556],[146.95109,-24.21369],[146.95154,-24.20819],[146.9543,-24.20643],[146.95359,-24.20434],[146.9544,-24.19953],[146.94905,-24.1952],[146.94987,-24.19348],[146.94964,-24.18775],[146.95241,-24.18264],[146.95259,-24.17794],[146.95652,-24.17255],[146.95703,-24.16593],[146.96392,-24.17105],[146.97527,-24.17317],[146.98923,-24.16864],[146.99988,-24.15665],[147.0286,-24.14068],[147.02867,-24.1377],[147.03736,-24.13233],[147.03745,-24.12585],[147.05049,-24.11868],[147.06208,-24.11631],[147.06532,-24.1184],[147.07374,-24.1178],[147.07869,-24.11376],[147.08114,-24.11438],[147.08956,-24.10447],[147.1103,-24.09336],[147.11873,-24.09287],[147.1218,-24.09448],[147.12717,-24.09213],[147.13305,-24.09153],[147.14152,-24.08563],[147.14882,-24.08595],[147.15636,-24.09254],[147.16129,-24.093],[147.16557,-24.09245],[147.18335,-24.08577],[147.1811,-24.0376],[147.18511,-24.0017],[147.2012,-23.99592],[147.22097,-23.98457],[147.22672,-23.94688],[147.23739,-23.93093],[147.23899,-23.90828],[147.24142,-23.90323],[147.24127,-23.89814],[147.23667,-23.89178],[147.23371,-23.88139],[147.2359,-23.8764],[147.23724,-23.86436],[147.23883,-23.86233],[147.23766,-23.85827],[147.23491,-23.85477],[147.23681,-23.85238],[147.23661,-23.84802],[147.23379,-23.84508],[147.23158,-23.83963],[147.22976,-23.83884],[147.23023,-23.83627],[147.22775,-23.83219],[147.22847,-23.82935],[147.23111,-23.8264],[147.23139,-23.81909],[147.238,-23.81083],[147.23592,-23.8049],[147.23015,-23.79801],[147.22756,-23.79112],[147.22955,-23.78751],[147.22339,-23.78414],[147.2188,-23.78402],[147.21368,-23.78123],[147.21125,-23.77822],[147.19969,-23.77333],[147.19893,-23.76571],[147.20087,-23.75971],[147.20004,-23.7551],[147.19501,-23.74571],[147.19842,-23.74124],[147.19875,-23.73529],[147.20048,-23.73397],[147.20034,-23.72722],[147.19731,-23.72502],[147.19314,-23.71799],[147.19377,-23.71227],[147.19734,-23.70872],[147.19639,-23.70408],[147.19474,-23.70316],[147.19498,-23.70028],[147.19763,-23.69627],[147.19843,-23.69148],[147.19557,-23.68451],[147.19807,-23.68194],[147.20352,-23.67995],[147.20487,-23.67803],[147.2086,-23.67802],[147.20945,-23.67599],[147.20504,-23.66837],[147.20557,-23.66589],[147.20336,-23.65825],[147.20061,-23.65463],[147.20365,-23.65268],[147.20307,-23.65225],[147.2072,-23.64728],[147.20851,-23.64304],[147.21174,-23.63941],[147.21141,-23.63652],[147.20338,-23.63121],[147.20072,-23.62555],[147.20213,-23.62336],[147.2017,-23.62102],[147.19706,-23.61271],[147.1966,-23.60931],[147.19807,-23.60626],[147.20329,-23.60155],[147.21664,-23.59403],[147.21852,-23.59197],[147.21904,-23.58677],[147.21102,-23.57432],[147.21121,-23.57197],[147.21737,-23.56854],[147.21878,-23.56652],[147.21807,-23.55985],[147.21977,-23.55466],[147.21807,-23.55026],[147.21888,-23.54939],[147.22086,-23.5489],[147.22843,-23.55131],[147.23147,-23.5513],[147.24589,-23.54528],[147.24999,-23.54195],[147.2553,-23.54299],[147.25785,-23.54227],[147.26373,-23.53833],[147.27227,-23.5362],[147.28419,-23.52374],[147.27471,-23.51283],[147.2814,-23.50197],[147.28086,-23.48928],[147.27924,-23.48051],[147.27346,-23.47442],[147.27332,-23.46926],[147.26326,-23.46146],[147.26261,-23.4659],[147.25985,-23.46979],[147.25444,-23.46291],[147.25426,-23.46283],[147.22226,-23.44786],[147.16085,-23.42791],[147.16439,-23.39633],[147.15488,-23.39544],[147.1549,-23.39081],[147.1585,-23.37211],[147.16094,-23.3512],[147.16015,-23.34899],[147.16188,-23.33971],[147.15799,-23.33159],[147.15869,-23.32626],[147.15223,-23.32573],[147.14929,-23.32305],[147.14394,-23.32312],[147.07485,-23.30692],[147.07902,-23.27981],[146.9763,-23.26328],[146.93972,-23.26036],[146.95077,-23.17983],[146.95414,-23.13974],[146.95821,-23.10892],[146.94865,-23.09737],[146.94986,-23.09059],[146.94214,-23.07871],[146.94359,-23.06818],[146.9434,-23.06379],[146.94192,-23.06038],[146.93054,-23.06287],[146.92326,-23.06854],[146.87433,-23.08368],[146.87212,-23.07703],[146.84941,-23.08005],[146.83903,-23.07141],[146.83642,-23.05882],[146.78865,-23.07354],[146.78513,-23.07101],[146.78517,-23.06064],[146.78315,-23.05758],[146.78253,-23.05414],[146.78356,-23.05023],[146.75465,-23.04761],[146.76495,-22.95758],[146.68838,-22.93066],[146.58932,-22.88805],[146.57957,-22.88961],[146.57539,-22.88904],[146.57102,-22.88613],[146.56813,-22.88557],[146.5659,-22.88265],[146.56014,-22.87844],[146.55181,-22.86292],[146.54932,-22.84881],[146.54776,-22.8468],[146.54575,-22.83769],[146.54262,-22.8361],[146.5427,-22.83364],[146.53817,-22.8269],[146.52843,-22.8135],[146.52659,-22.81233],[146.52467,-22.80455],[146.525,-22.79932],[146.52804,-22.79363],[146.52224,-22.79308],[146.52231,-22.79218],[146.52873,-22.79281],[146.54115,-22.78822],[146.54842,-22.77824],[146.54864,-22.76795],[146.55569,-22.75823],[146.55975,-22.75023],[146.55995,-22.74688],[146.55834,-22.7425],[146.54887,-22.73324],[146.5475,-22.72864],[146.54463,-22.72546],[146.54324,-22.71536],[146.54481,-22.71347],[146.54955,-22.71137],[146.56473,-22.70664],[146.57021,-22.70271],[146.55571,-22.69132],[146.5539,-22.68729],[146.55017,-22.68314],[146.54814,-22.67748],[146.54616,-22.67758],[146.54361,-22.68008],[146.54129,-22.67943],[146.54123,-22.67809],[146.54437,-22.6738],[146.54274,-22.66968],[146.53905,-22.66718],[146.53908,-22.66425],[146.46866,-22.65752],[146.44843,-22.64581],[146.41812,-22.60271],[146.40865,-22.68946],[146.38525,-22.68726],[146.3838,-22.6856],[146.32126,-22.67805],[146.31797,-22.68594],[146.23643,-22.67695],[146.23778,-22.66781],[146.25235,-22.66864],[146.25979,-22.56954],[146.27139,-22.57068],[146.27908,-22.50275],[146.27214,-22.5065],[146.2708,-22.50831],[146.26919,-22.50843],[146.27551,-22.46256],[146.11375,-22.44683],[146.10892,-22.4456],[146.12197,-22.34817],[146.05224,-22.33786],[146.07066,-22.22662],[146.06458,-22.18576],[146.07405,-22.12338],[146.06606,-22.11621],[146.03555,-22.10502],[146.0308,-22.10433],[145.88015,-22.08481],[145.88043,-22.08032],[145.76929,-22.06646],[145.76982,-22.04749],[145.61736,-22.03694],[145.62742,-21.92441],[145.72489,-21.93823],[145.73505,-21.92722],[145.68593,-21.91584],[145.69676,-21.8755],[145.70833,-21.87656],[145.72869,-21.81686],[145.64578,-21.79751],[145.66319,-21.71904],[145.67382,-21.71929],[145.67848,-21.66819],[145.53287,-21.65826],[145.52929,-21.70179],[145.43507,-21.69201],[145.41852,-21.84616],[145.26219,-21.8285],[145.25449,-21.79368],[145.16619,-21.78491],[145.16415,-21.80386],[145.18482,-21.8202],[145.18066,-21.85103],[145.19215,-21.8712],[145.19232,-21.87728],[145.18625,-21.88586],[145.18551,-21.89046],[145.18251,-21.8917],[145.18395,-21.89755],[145.18285,-21.90081],[145.18582,-21.90377],[145.15256,-21.90049],[145.15276,-21.89869],[145.075,-21.89123],[145.07402,-21.89951],[145.08434,-21.91026],[145.08221,-21.94261],[144.9563,-21.93031],[144.94644,-22.02732],[144.94742,-22.02738],[144.94603,-22.03067],[144.94303,-22.05911],[144.80091,-22.04539],[144.79636,-22.09843],[144.75232,-22.0948],[144.73978,-22.21173],[144.72353,-22.20211],[144.71722,-22.2038],[144.63741,-22.19547],[144.50051,-22.18566],[144.50178,-22.16514],[144.39778,-22.15705],[144.40281,-22.1133],[144.41387,-22.09836],[144.41721,-22.06172],[144.26849,-22.04787],[144.27007,-22.03261],[144.26343,-21.99739],[144.18033,-21.98956],[144.18598,-21.91375],[144.18797,-21.91383],[144.18849,-21.90841],[144.18658,-21.90807],[144.1843,-21.91332],[144.11141,-21.90633],[144.11173,-21.90185],[144.09245,-21.89896],[144.05743,-21.89834],[144.03885,-21.89471],[144.04462,-21.8303],[143.93423,-21.82211],[143.92945,-21.81998],[143.78207,-21.81112],[143.78183,-21.81408],[143.65377,-21.79979],[143.65148,-21.79849],[143.64704,-21.7991],[143.63084,-21.79742],[143.64926,-21.64118],[143.44997,-21.62296],[143.44827,-21.62462],[143.35803,-21.61603],[143.35772,-21.61417],[143.32877,-21.61186],[143.35953,-21.32201],[143.23664,-21.31119],[143.23645,-21.313],[143.18803,-21.30866],[143.00758,-21.4485],[143.00702,-21.45361],[143.00204,-21.45744],[142.99838,-21.45575],[142.95317,-21.49372],[142.94247,-21.48178],[142.86209,-21.54506],[142.81545,-21.49265],[142.69396,-21.58786],[142.71847,-21.61495],[142.65155,-21.66772],[142.65663,-21.61041],[142.49559,-21.598],[142.49122,-21.64418],[142.33256,-21.63632],[142.33543,-21.60713],[142.22822,-21.5963],[142.23189,-21.55087],[142.16343,-21.54317],[142.07202,-21.54073],[142.06935,-21.60472],[142.06473,-21.60429],[142.06451,-21.60838],[142.06915,-21.61039],[142.06613,-21.69767],[142.04826,-21.8158],[141.74038,-21.79137],[141.73892,-21.8072],[141.57919,-21.79429],[141.58256,-21.75813],[141.50805,-21.75206],[141.48325,-21.94717],[141.30967,-21.93967],[141.29025,-21.97802],[141.28838,-21.98391],[141.28454,-21.98884],[141.2842,-22.00998],[141.29084,-22.0239],[141.2886,-22.0263],[141.29274,-22.03092],[141.29138,-22.0324],[141.29123,-22.04234],[141.29022,-22.04508],[141.29371,-22.05401],[141.29434,-22.06189],[141.19863,-22.05517],[141.1827,-22.24942],[141.22851,-22.29793],[141.25369,-22.32158],[141.24573,-22.33539],[141.07972,-22.46565],[141.19892,-22.59756],[141.14563,-22.63336],[141.13389,-22.62126],[141.09085,-22.61823],[141.08964,-22.62817],[141.09192,-22.63725],[141.09492,-22.64193],[141.10278,-22.69007],[141.11725,-22.70269],[141.12286,-22.7492],[141.12037,-22.75224],[141.11446,-22.77451],[141.12226,-22.80449],[140.99907,-22.89841],[140.99844,-22.89761],[140.9878,-22.89648],[140.98767,-22.89412],[140.98612,-22.89434],[140.98506,-22.89627],[140.98558,-22.89774],[140.98985,-22.89998],[140.98925,-22.90449],[140.9912,-22.90652],[140.98856,-22.90771],[140.988,-22.91223],[141.02273,-22.92334],[141.04636,-22.94765],[140.97916,-22.99981],[140.92457,-23.04444],[140.947,-23.06777],[140.82219,-23.16155],[140.82937,-23.17019],[140.99917,-23.35005],[140.9998,-23.35197],[141.00193,-23.3529],[141.03141,-23.38378],[141.03377,-23.38415],[141.04715,-23.37501],[141.15508,-23.29083],[141.24137,-23.38543],[141.26129,-23.4043],[141.29674,-23.44157],[141.3003,-23.44734],[141.30598,-23.45146],[141.37703,-23.52758],[141.38414,-23.5264],[141.3926,-23.52995],[141.38816,-23.53338],[141.45581,-23.60482],[141.531,-23.68945],[141.6794,-23.70551],[141.68035,-23.6909],[141.82876,-23.69179],[141.98785,-23.70632],[141.98921,-23.69238],[142.14502,-23.70082],[142.10045,-24.0952],[142.0527,-24.1334],[142.02381,-24.16766],[141.91925,-24.05737],[141.8058,-24.1548],[141.96473,-24.31085],[141.92211,-24.34327],[141.93001,-24.35265],[141.86355,-24.40314],[141.9705,-24.51995],[141.96708,-24.52283],[141.96474,-24.5281],[141.96261,-24.53022],[141.95595,-24.53415],[141.94836,-24.53636],[141.93626,-24.53845],[141.9305,-24.53751],[141.92793,-24.53819],[141.92403,-24.54168],[141.90828,-24.54937],[141.9074,-24.5512],[141.90136,-24.55605],[141.87866,-24.55999],[141.87313,-24.56404],[141.87148,-24.56833],[141.86783,-24.57308],[141.86236,-24.57679],[141.85819,-24.58531],[141.85643,-24.58697],[141.84299,-24.59432],[141.83958,-24.59837],[141.8367,-24.59899],[141.83292,-24.60265],[141.82947,-24.60373],[141.82254,-24.61219],[141.81336,-24.61846],[141.79692,-24.62097],[141.79427,-24.62302],[141.79033,-24.6218],[141.78129,-24.624],[141.77659,-24.62381],[141.77332,-24.62506],[141.77004,-24.62957],[141.76307,-24.63321],[141.76006,-24.63205],[141.75623,-24.63273],[141.74608,-24.63102],[141.73447,-24.63355],[141.73105,-24.63672],[141.52307,-24.58364],[141.5233,-24.57928],[141.518,-24.57764],[141.43008,-24.48352],[141.37551,-24.48295],[141.36107,-24.62911],[141.23889,-24.72515],[141.24248,-24.686],[141.08449,-24.67418],[140.96164,-24.67353],[140.83871,-24.6689],[140.83673,-24.6946],[140.88313,-24.69825],[140.87215,-24.84505],[140.81099,-24.84074],[140.80236,-24.9862],[140.87896,-24.9926],[140.85705,-25.22611],[140.71479,-25.21377],[140.70118,-25.20999],[140.67788,-25.46662],[140.77496,-25.47428],[140.82534,-25.52495],[140.82781,-25.52187],[140.83887,-25.49819],[140.83718,-25.4948],[140.8376,-25.49382],[140.84456,-25.48814],[140.86296,-25.48165],[140.86749,-25.47601],[140.87474,-25.4732],[140.87546,-25.47046],[140.88104,-25.46756],[140.91147,-25.52465],[140.89691,-25.67889],[140.92275,-25.68049],[140.92091,-25.71461],[140.9377,-25.71601],[140.90956,-25.9964],[140.99939,-25.99639],[140.99946,-26.90844],[141.1879,-26.92687],[141.21688,-26.67998],[141.25411,-26.67773],[141.25472,-26.66329],[141.39612,-26.66249],[141.54345,-26.67657],[141.58388,-26.72187],[141.65467,-26.72897],[141.66272,-26.72607],[141.67248,-26.73068],[141.69205,-26.73431],[141.69715,-26.7334],[141.703,-26.73632],[141.70596,-26.73665],[141.70973,-26.73484],[141.72577,-26.73401],[141.75642,-26.73716],[141.7728,-26.74158],[141.82645,-26.74709],[141.824,-26.74402],[141.82486,-26.74065],[141.82923,-26.74054],[141.8285,-26.74152],[141.83172,-26.74209],[141.83081,-26.74023],[141.8342,-26.73747],[141.83403,-26.7359],[141.83147,-26.73439],[141.83177,-26.73273],[141.83473,-26.73188],[141.83764,-26.73338],[141.83845,-26.73248],[141.83772,-26.73077],[141.83406,-26.72837],[141.8319,-26.72392],[141.83243,-26.72264],[141.83741,-26.72163],[141.83897,-26.71859],[141.8386,-26.71643],[141.83656,-26.71461],[141.83253,-26.71388],[141.83158,-26.71243],[141.8382,-26.70351],[141.83883,-26.69998],[141.83691,-26.69463],[141.82983,-26.69664],[141.82743,-26.69474],[141.82296,-26.69687],[141.82102,-26.68811],[141.82024,-26.68748],[141.81655,-26.68864],[141.81775,-26.68623],[141.81539,-26.68612],[141.81692,-26.68335],[141.81273,-26.67758],[141.81243,-26.67585],[141.81392,-26.6736],[141.81572,-26.67379],[141.81673,-26.67187],[141.81492,-26.67065],[141.81421,-26.6678],[141.81141,-26.66399],[141.80864,-26.66317],[141.80497,-26.66015],[141.80769,-26.65634],[141.80708,-26.65317],[141.80933,-26.65104],[141.80901,-26.64363],[141.81179,-26.6415],[141.81307,-26.63193],[141.81221,-26.62856],[141.80952,-26.62676],[141.80693,-26.62685],[141.80769,-26.62588],[141.8066,-26.62411],[141.80554,-26.62499],[141.80492,-26.62184],[141.80358,-26.62259],[141.80179,-26.62163],[141.80141,-26.61964],[141.79942,-26.6196],[141.79852,-26.61592],[141.79625,-26.61284],[141.79793,-26.61002],[141.79477,-26.6088],[141.79358,-26.60634],[141.79048,-26.605],[141.78999,-26.5998],[141.78558,-26.59968],[141.78564,-26.59683],[141.7838,-26.59459],[141.7846,-26.59352],[141.78355,-26.59226],[141.78372,-26.59001],[141.78144,-26.58871],[141.77966,-26.58631],[141.78009,-26.58435],[141.77714,-26.58217],[141.77786,-26.58003],[141.77689,-26.57713],[141.77477,-26.57719],[141.77151,-26.57403],[141.76923,-26.56942],[141.76915,-26.56561],[141.7628,-26.55996],[141.75975,-26.55525],[141.75952,-26.55408],[141.76161,-26.55185],[141.76153,-26.54994],[141.75886,-26.54727],[141.75493,-26.5463],[141.75288,-26.54748],[141.74937,-26.54404],[141.74895,-26.54141],[141.74374,-26.53623],[141.74281,-26.53367],[141.74424,-26.52929],[141.73954,-26.52528],[141.74057,-26.52313],[141.73851,-26.52134],[141.74174,-26.51989],[141.74303,-26.51657],[141.74273,-26.51551],[141.73845,-26.5137],[141.7403,-26.51273],[141.7411,-26.5084],[141.73991,-26.50711],[141.73912,-26.50818],[141.73839,-26.50748],[141.73811,-26.50369],[141.73457,-26.50136],[141.73462,-26.50058],[141.73718,-26.50015],[141.73546,-26.49884],[141.73642,-26.49717],[141.73395,-26.49415],[141.7341,-26.49201],[141.73316,-26.49112],[141.72959,-26.49216],[141.72966,-26.4904],[141.73189,-26.48839],[141.72926,-26.48821],[141.72794,-26.48549],[141.72401,-26.48893],[141.72353,-26.48743],[141.72568,-26.48438],[141.72529,-26.48281],[141.72173,-26.48298],[141.72084,-26.48124],[141.72133,-26.47858],[141.71896,-26.47667],[141.71973,-26.4757],[141.71853,-26.47467],[141.71845,-26.47293],[141.72013,-26.4735],[141.71883,-26.46956],[141.71948,-26.46775],[141.71836,-26.46609],[141.71535,-26.46505],[141.71409,-26.46291],[141.71378,-26.46023],[141.71695,-26.45813],[141.71359,-26.45666],[141.71274,-26.4535],[141.71078,-26.45166],[141.7116,-26.44922],[141.71489,-26.44963],[141.71636,-26.44389],[141.7147,-26.44177],[141.71527,-26.44016],[141.71331,-26.43841],[141.71337,-26.436],[141.71199,-26.43501],[141.71209,-26.43089],[141.70958,-26.43136],[141.70645,-26.42906],[141.70772,-26.42588],[141.70662,-26.42565],[141.70664,-26.42443],[141.71108,-26.42248],[141.71177,-26.42096],[141.70826,-26.41761],[141.71127,-26.41675],[141.71011,-26.41177],[141.71175,-26.40902],[141.70856,-26.40737],[141.70724,-26.4044],[141.70675,-26.40217],[141.70802,-26.40217],[141.7082,-26.40111],[141.70667,-26.39989],[141.70773,-26.39828],[141.70596,-26.39672],[141.70675,-26.39636],[141.70572,-26.39456],[141.70652,-26.39388],[141.70551,-26.39378],[141.70551,-26.3904],[141.70462,-26.38991],[141.70568,-26.38804],[141.70456,-26.38806],[141.70418,-26.38669],[141.70649,-26.37868],[141.71229,-26.36654],[141.71722,-26.35902],[141.7188,-26.35055],[141.79731,-26.35752],[141.79806,-26.35017],[141.89131,-26.3582],[141.89105,-26.36649],[142.05825,-26.38127],[142.05913,-26.3748],[142.07455,-26.38528],[142.0807,-26.35969],[142.0811,-26.34233],[142.09178,-26.32833],[142.09602,-26.3164],[142.0958,-26.31246],[142.09909,-26.30708],[142.10603,-26.30293],[142.10797,-26.29946],[142.11075,-26.29785],[142.11109,-26.29446],[142.10978,-26.29305],[142.11258,-26.28936],[142.11401,-26.28508],[142.1122,-26.28315],[142.11299,-26.2822],[142.1123,-26.28073],[142.11276,-26.27986],[142.11396,-26.28022],[142.11426,-26.27866],[142.11505,-26.27998],[142.11618,-26.27938],[142.11586,-26.27626],[142.11886,-26.27484],[142.11948,-26.27118],[142.12113,-26.27063],[142.12315,-26.26629],[142.12592,-26.26433],[142.12403,-26.25852],[142.12648,-26.25428],[142.12644,-26.25027],[142.12939,-26.24567],[142.12887,-26.24207],[142.13027,-26.24126],[142.13432,-26.23201],[142.13348,-26.23071],[142.13501,-26.22876],[142.1344,-26.22724],[142.14178,-26.22176],[142.14096,-26.21974],[142.14248,-26.21891],[142.143,-26.21632],[142.14694,-26.2147],[142.14825,-26.21168],[142.15131,-26.21087],[142.15412,-26.20686],[142.15593,-26.20609],[142.15715,-26.20376],[142.15662,-26.20282],[142.15798,-26.20266],[142.15742,-26.20143],[142.15977,-26.1998],[142.15907,-26.19892],[142.15991,-26.19676],[142.16144,-26.19603],[142.14348,-26.09318],[142.16071,-25.94684],[142.17324,-25.85545],[142.19396,-25.8576],[142.19849,-25.82945],[142.21445,-25.82971],[142.22865,-25.82129],[142.27593,-25.78149],[142.2869,-25.78156],[142.30271,-25.77602],[142.31426,-25.76893],[142.31859,-25.76397],[142.33742,-25.75677],[142.35753,-25.7536],[142.36328,-25.75508],[142.37868,-25.75015],[142.38126,-25.73894],[142.40373,-25.73294],[142.40739,-25.72988],[142.41682,-25.72911],[142.42842,-25.72498],[142.43589,-25.72487],[142.44352,-25.71838],[142.45679,-25.70988],[142.4815,-25.69712],[142.4821,-25.69493],[142.51263,-25.67794],[142.51317,-25.67073],[142.59112,-25.60893],[142.73958,-25.62054],[142.73681,-25.62544],[142.73639,-25.63139],[142.73305,-25.64143],[142.72696,-25.64354],[142.7224,-25.64252],[142.71933,-25.64388],[142.72851,-25.65223],[142.90239,-25.66915],[142.88516,-25.81383],[142.97185,-25.82247],[142.98376,-25.71773],[143.19858,-25.73736],[143.2104,-25.62477],[143.27368,-25.63062],[143.27358,-25.63153],[143.27557,-25.63171],[143.27567,-25.63081],[143.36396,-25.63867],[143.36835,-25.64195],[143.3756,-25.64125],[143.38835,-25.6471],[143.39315,-25.65065],[143.39392,-25.65058],[143.3943,-25.64658],[143.39521,-25.64756],[143.44823,-25.65189],[143.45419,-25.59763],[143.41765,-25.59451],[143.42798,-25.49987],[143.43012,-25.49557],[143.42893,-25.49097],[143.42602,-25.48851],[143.42556,-25.4865],[143.43003,-25.48061],[143.43598,-25.42083],[143.43492,-25.42075],[143.43928,-25.3866],[143.43614,-25.3833],[143.43731,-25.37388],[143.44122,-25.37131],[143.44161,-25.36839],[143.47437,-25.37102],[143.59294,-25.28224],[143.60814,-25.29914],[143.61094,-25.29912],[143.61125,-25.3021],[143.61483,-25.30438],[143.61768,-25.31042],[143.62077,-25.3126],[143.62738,-25.3112],[143.63806,-25.30472],[143.64494,-25.30667],[143.65011,-25.31163],[143.66193,-25.31625],[143.66775,-25.32199],[143.67386,-25.32446],[143.67692,-25.32427],[143.67981,-25.32859],[143.70035,-25.34322],[143.70158,-25.34876],[143.70565,-25.35223],[143.73434,-25.36168],[143.7522,-25.37882],[143.75174,-25.38243],[143.76664,-25.40064],[143.7886,-25.45138],[143.78692,-25.45282],[143.78071,-25.45348],[143.77989,-25.45969],[143.77848,-25.46148],[143.76664,-25.4698],[143.74508,-25.46891],[143.74181,-25.47449],[143.74062,-25.48243],[143.74091,-25.48379],[143.74737,-25.48959],[143.7483,-25.48159],[143.82237,-25.48722],[143.82268,-25.48451],[143.92215,-25.49398],[144.0008,-25.58297],[144.00132,-25.58185],[144.01144,-25.5817],[144.01323,-25.58271],[144.01482,-25.58165],[144.03457,-25.58129],[144.03923,-25.57915],[144.04361,-25.5747],[144.07077,-25.55789],[144.07035,-25.5541],[144.07222,-25.54174],[144.08437,-25.53411],[144.0887,-25.5344],[144.09071,-25.53348],[144.09593,-25.52331],[144.09882,-25.52207],[144.10079,-25.51835],[144.10422,-25.51681],[144.10645,-25.51438],[144.10549,-25.5102],[144.10672,-25.50808],[144.10956,-25.50655],[144.10931,-25.50549],[144.11387,-25.50187],[144.11163,-25.47875],[144.12018,-25.4741],[144.12002,-25.47266],[144.12291,-25.46955],[144.12501,-25.4645],[144.1245,-25.46007],[144.12102,-25.45305],[144.12008,-25.44782],[144.12159,-25.44303],[144.15049,-25.4333],[144.16206,-25.41211],[144.16883,-25.39433],[144.16172,-25.37534],[144.15567,-25.37089],[144.15769,-25.35808],[144.21629,-25.2644],[144.22498,-25.25548],[144.25269,-25.2097],[144.38189,-25.11263],[144.39956,-25.13141],[144.46159,-25.03069],[144.48183,-25.07818],[144.62755,-24.96755],[144.65178,-24.66252],[144.68531,-24.64896],[144.68176,-24.67889],[144.71662,-24.68238],[144.69842,-24.83082],[144.80395,-24.84046],[144.79602,-24.91306],[144.86059,-24.91907],[144.85303,-24.92678],[144.85843,-24.93705],[144.85752,-24.94689],[144.84971,-24.96955],[144.84887,-24.97497],[144.845,-24.98443],[144.84676,-24.99023],[144.86225,-24.99982],[144.87463,-25.01952],[144.88473,-25.01989],[144.88876,-25.0238],[144.88982,-25.02906],[144.89862,-25.03828],[144.90426,-25.03766],[144.90855,-25.03387],[144.91255,-25.03218],[144.92599,-25.03388],[144.93331,-25.03259],[144.94186,-25.03387],[144.95981,-25.03179],[144.96291,-25.02973],[144.96541,-25.02603],[144.97572,-25.02104],[144.98441,-25.01416],[144.99091,-25.01135],[144.98256,-25.09259],[144.9806,-25.09378],[144.98014,-25.09817],[144.9818,-25.09884],[144.97921,-25.11573],[144.97892,-25.12228],[144.97974,-25.12377],[144.97861,-25.12466],[144.97141,-25.18366],[144.96139,-25.18536],[144.95871,-25.18842],[144.94613,-25.19137],[144.93968,-25.19566],[144.93873,-25.19712],[144.94081,-25.20698],[144.94011,-25.20984],[144.93435,-25.21271],[144.93093,-25.21316],[144.86947,-25.25796],[144.88017,-25.25854],[144.88025,-25.25689],[144.88234,-25.25581],[144.88929,-25.2586],[144.89104,-25.25812],[144.89549,-25.25933],[144.92434,-25.26063],[144.92675,-25.25904],[144.9326,-25.2614],[144.94237,-25.26188],[144.94469,-25.25995],[144.94794,-25.26222],[144.964,-25.26318],[144.96764,-25.26669],[144.97371,-25.27013],[144.97877,-25.26918],[144.98088,-25.26677],[144.98345,-25.26848],[144.99923,-25.27004],[145.00232,-25.26862],[145.00595,-25.26938],[145.00762,-25.27082],[145.01365,-25.2714],[145.01489,-25.26887],[145.01588,-25.26882],[145.01717,-25.26971],[145.01682,-25.27059],[145.0205,-25.27204],[145.03218,-25.27178],[145.03321,-25.27322],[145.06135,-25.27585],[145.06208,-25.27775],[145.06135,-25.28414],[145.05871,-25.28799],[145.05393,-25.29134],[145.05066,-25.29129],[145.04738,-25.29383],[145.0581,-25.30135],[145.06005,-25.30397],[145.05993,-25.31281],[145.05574,-25.32098],[145.056,-25.32503],[145.05252,-25.33325],[145.08841,-25.33708],[145.09772,-25.33908],[145.10675,-25.33816],[145.11262,-25.33593],[145.12231,-25.33994],[145.20357,-25.34909],[145.20436,-25.35009],[145.28338,-25.35873],[145.2841,-25.35789],[145.27166,-25.45235],[145.25329,-25.4505],[145.24976,-25.47862],[145.28777,-25.48284],[145.29616,-25.46515],[145.31666,-25.45956],[145.32621,-25.44635],[145.35404,-25.45059],[145.35973,-25.45499],[145.36107,-25.45485],[145.39586,-25.47171],[145.40684,-25.49521],[145.42467,-25.49027],[145.42857,-25.49169],[145.44095,-25.49234],[145.44744,-25.49964],[145.45356,-25.50029],[145.45954,-25.50383],[145.54982,-25.5096],[145.54931,-25.51685],[145.54718,-25.51859],[145.53827,-25.60352],[145.52786,-25.6239],[145.50795,-25.62239],[145.50267,-25.61763],[145.50213,-25.66829],[145.49255,-25.74629],[145.58408,-25.75471],[145.59098,-25.74344],[145.60079,-25.7409],[145.59877,-25.73877],[145.59861,-25.73213],[145.60002,-25.72864],[145.60426,-25.72464],[145.60503,-25.71656],[145.61298,-25.71104],[145.61793,-25.7058],[145.62045,-25.70186],[145.62164,-25.69534],[145.62442,-25.69124],[145.63378,-25.68741],[145.63369,-25.68193],[145.63708,-25.67792],[145.6362,-25.67298],[145.63689,-25.66365],[145.63822,-25.65962],[145.64135,-25.65652],[145.64418,-25.65614],[145.64521,-25.655],[145.64454,-25.65201],[145.64623,-25.65051],[145.654,-25.64949],[145.65884,-25.64585],[145.66345,-25.62995],[145.66629,-25.6274],[145.66386,-25.62157],[145.66397,-25.6194],[145.6654,-25.61605],[145.67223,-25.61246],[145.67395,-25.60857],[145.74925,-25.61583],[145.7446,-25.65165],[145.74233,-25.65629],[145.74365,-25.65846],[145.74161,-25.67397],[145.74511,-25.6817],[145.74602,-25.69183],[145.92004,-25.71404],[145.93,-25.71887],[145.94525,-25.72075],[145.96382,-25.71085],[145.96901,-25.70106],[145.96827,-25.67012],[145.96409,-25.6382],[145.96801,-25.63554],[145.93482,-25.56499],[145.93935,-25.53355],[145.93894,-25.52735],[145.94216,-25.49944],[145.94049,-25.491],[145.93858,-25.48761],[145.97649,-25.4877],[145.97329,-25.52176],[145.97332,-25.55013],[145.97115,-25.56897],[146.0976,-25.58314],[146.17239,-25.58823],[146.18274,-25.50539],[146.19229,-25.50654],[146.20772,-25.41479],[146.20806,-25.40395],[146.21058,-25.39129],[146.2006,-25.39025],[146.21594,-25.27441],[146.29254,-25.28235],[146.35091,-25.29],[146.35206,-25.28921],[146.3696,-25.29123],[146.36574,-25.31898],[146.50975,-25.33513],[146.50096,-25.31053],[146.49568,-25.3039],[146.55637,-25.31047],[146.55824,-25.30749],[146.56555,-25.30848],[146.57379,-25.24767],[146.56789,-25.23967],[146.57538,-25.17427],[146.58625,-25.16942],[146.75822,-25.18821],[146.73721,-25.35778],[146.73963,-25.35471],[146.74307,-25.35357],[146.79684,-25.31492],[146.84383,-25.27913],[146.84425,-25.27446],[146.84942,-25.2672],[146.85649,-25.26075],[146.86744,-25.24263],[146.86677,-25.24063],[146.86899,-25.2399],[146.87085,-25.2347],[146.87222,-25.23403],[146.87561,-25.22619],[146.8766,-25.22609],[146.87948,-25.22092],[146.89857,-25.20784],[146.93849,-25.20971],[146.94575,-25.14797],[147.0012,-25.15322],[147.00594,-25.11723],[147.00508,-25.11485],[147.00765,-25.11393],[147.00726,-25.11188],[147.00282,-25.1071],[147.00737,-25.07525],[147.03125,-25.07746],[147.04793,-25.06527],[147.08898,-25.07003],[147.09336,-25.06914],[147.05889,-24.99657],[147.06114,-24.99541],[147.06458,-24.99049],[147.06955,-24.98982],[147.07173,-24.99124],[147.074,-24.99132],[147.07494,-24.99164],[147.08107,-24.99748],[147.08688,-25.00088],[147.08846,-25.0013],[147.09175,-25.00219],[147.09322,-25.00258],[147.09695,-25.00211],[147.11106,-24.99311],[147.11209,-24.99018],[147.11032,-24.98261],[147.11177,-24.97835],[147.11664,-24.97343],[147.11944,-24.96747],[147.1223,-24.96482],[147.12697,-24.96358],[147.13142,-24.95951],[147.13536,-24.95847],[147.14709,-24.96186],[147.1557,-24.96308],[147.15903,-24.96526],[147.16017,-24.96838],[147.15966,-24.97311],[147.15554,-24.98163],[147.16109,-24.98216],[147.16736,-24.98922],[147.18139,-24.99288],[147.20623,-24.99129],[147.22094,-24.98043],[147.22691,-24.98033],[147.23297,-24.98714],[147.23787,-24.98631],[147.25433,-24.97545],[147.25749,-24.97126],[147.26279,-24.96713],[147.26499,-24.9611],[147.27068,-24.95711],[147.27449,-24.95817],[147.27833,-24.95691],[147.28285,-24.94985],[147.27751,-24.94027],[147.27633,-24.92531],[147.27763,-24.9213],[147.27951,-24.91918],[147.28357,-24.91902],[147.2889,-24.91105],[147.28912,-24.90886],[147.29415,-24.90255],[147.2949,-24.8967],[147.29639,-24.8958]]]},"properties":{"District Name":"Longreach","DDMG Name":"Longreach"}},{"type":"Feature","geometry":{"type":"Polygon","coordinates":[[[147.25444,-23.46291],[147.25115,-23.45895],[147.24966,-23.45528],[147.25148,-23.44762],[147.25709,-23.44374],[147.25966,-23.44042],[147.26103,-23.43582],[147.26159,-23.4234],[147.26567,-23.4124],[147.26353,-23.40505],[147.26521,-23.4008],[147.26515,-23.39441],[147.26639,-23.38877],[147.2652,-23.3847],[147.26694,-23.38319],[147.27395,-23.36972],[147.27444,-23.36674],[147.27942,-23.36536],[147.28289,-23.3626],[147.28562,-23.35732],[147.28661,-23.35296],[147.28609,-23.33691],[147.2831,-23.33072],[147.28757,-23.32613],[147.2951,-23.3224],[147.2949,-23.32025],[147.28777,-23.30893],[147.28231,-23.30469],[147.28004,-23.29892],[147.28386,-23.28835],[147.28396,-23.28375],[147.28752,-23.2791],[147.28593,-23.2762],[147.28225,-23.27397],[147.27375,-23.27077],[147.2721,-23.26832],[147.27186,-23.26238],[147.27006,-23.26129],[147.27056,-23.25726],[147.26342,-23.24948],[147.26076,-23.24465],[147.25944,-23.21807],[147.26075,-23.21013],[147.26959,-23.20685],[147.27909,-23.1952],[147.28654,-23.19337],[147.2982,-23.19544],[147.31156,-23.19272],[147.31501,-23.19315],[147.32317,-23.18986],[147.32545,-23.18743],[147.33328,-23.18576],[147.33992,-23.18256],[147.35126,-23.18653],[147.35396,-23.19039],[147.3624,-23.18034],[147.3678,-23.17884],[147.36983,-23.17721],[147.37258,-23.17065],[147.37574,-23.16866],[147.37841,-23.16855],[147.38337,-23.16536],[147.38913,-23.15738],[147.39118,-23.15613],[147.39258,-23.15139],[147.39459,-23.14966],[147.39457,-23.14733],[147.40056,-23.14695],[147.40503,-23.14373],[147.41166,-23.13469],[147.42214,-23.12887],[147.42829,-23.12905],[147.43507,-23.12202],[147.4415,-23.11977],[147.44258,-23.11435],[147.44718,-23.10723],[147.46018,-23.09844],[147.46421,-23.09224],[147.46808,-23.0911],[147.47652,-23.09284],[147.47864,-23.09152],[147.48745,-23.07865],[147.48499,-23.06922],[147.48607,-23.06082],[147.4829,-23.05769],[147.48511,-23.05603],[147.48623,-23.05344],[147.48347,-23.04836],[147.48372,-23.04666],[147.48912,-23.04302],[147.49994,-23.03852],[147.5084,-23.02908],[147.51138,-23.02811],[147.51655,-23.03013],[147.51999,-23.02843],[147.4971,-23.00084],[147.50416,-22.98576],[147.55303,-23.00917],[147.55474,-22.99839],[147.55346,-22.99275],[147.55481,-22.99152],[147.55949,-22.99093],[147.56098,-22.98751],[147.55557,-22.97962],[147.55541,-22.97636],[147.55923,-22.97321],[147.56338,-22.96668],[147.56824,-22.96169],[147.5767,-22.96067],[147.5801,-22.96126],[147.58229,-22.96301],[147.58786,-22.92228],[147.59679,-22.92345],[147.599,-22.90899],[147.60636,-22.90711],[147.60728,-22.90014],[147.60157,-22.89479],[147.61295,-22.89615],[147.61657,-22.89785],[147.61625,-22.90027],[147.62158,-22.90083],[147.61932,-22.90181],[147.61839,-22.90498],[147.62035,-22.90776],[147.62064,-22.91251],[147.62197,-22.91053],[147.62438,-22.911],[147.62295,-22.91315],[147.62482,-22.91421],[147.62606,-22.91893],[147.62747,-22.91951],[147.63118,-22.91845],[147.63465,-22.92247],[147.63975,-22.92195],[147.64051,-22.92629],[147.64756,-22.92519],[147.64827,-22.92303],[147.65075,-22.9247],[147.65577,-22.92189],[147.66104,-22.92107],[147.66207,-22.91522],[147.66386,-22.91272],[147.66485,-22.91351],[147.67074,-22.91236],[147.67574,-22.91288],[147.67781,-22.91067],[147.68138,-22.9125],[147.68078,-22.90973],[147.68493,-22.91201],[147.68618,-22.91467],[147.68858,-22.91264],[147.69422,-22.91466],[147.69433,-22.91325],[147.6988,-22.91147],[147.69764,-22.91003],[147.69966,-22.90897],[147.69909,-22.90701],[147.70069,-22.90606],[147.70165,-22.9016],[147.7003,-22.89959],[147.70036,-22.89486],[147.7021,-22.89161],[147.70163,-22.89077],[147.70367,-22.89064],[147.70223,-22.88896],[147.70306,-22.8868],[147.70235,-22.88606],[147.70942,-22.88174],[147.71408,-22.87667],[147.71868,-22.87473],[147.73702,-22.86152],[147.74387,-22.8617],[147.74555,-22.85954],[147.7506,-22.85852],[147.75319,-22.85125],[147.75811,-22.84649],[147.75805,-22.84476],[147.76406,-22.83919],[147.76615,-22.83557],[147.76984,-22.83425],[147.77362,-22.82556],[147.77561,-22.82535],[147.78212,-22.81956],[147.78414,-22.8192],[147.78649,-22.81435],[147.78812,-22.80741],[147.79407,-22.8005],[147.82095,-22.78293],[147.82571,-22.78478],[147.83457,-22.78324],[147.84253,-22.78372],[147.84512,-22.78507],[147.84546,-22.78383],[147.84967,-22.78108],[147.85566,-22.7806],[147.86071,-22.77445],[147.86339,-22.77403],[147.87381,-22.76566],[147.87653,-22.76477],[147.87826,-22.7657],[147.88075,-22.76389],[147.88891,-22.76374],[147.89264,-22.76171],[147.89511,-22.76173],[147.90229,-22.75218],[147.90741,-22.74917],[147.90871,-22.74253],[147.91197,-22.73888],[147.91326,-22.73316],[147.91475,-22.73272],[147.91475,-22.72938],[147.91172,-22.72689],[147.91187,-22.72456],[147.91068,-22.72287],[147.91307,-22.72078],[147.91218,-22.71962],[147.91278,-22.71875],[147.91974,-22.7173],[147.92656,-22.71864],[147.93147,-22.71819],[147.9377,-22.71344],[147.9429,-22.71257],[147.94614,-22.7103],[147.94861,-22.71078],[147.95011,-22.70873],[147.95234,-22.70875],[147.95532,-22.70672],[147.95879,-22.70606],[147.961,-22.70769],[147.96225,-22.70609],[147.96571,-22.70589],[147.97095,-22.70238],[147.97589,-22.70186],[147.98525,-22.70446],[147.98701,-22.70266],[147.98753,-22.69967],[147.99276,-22.69513],[147.99379,-22.69124],[147.99549,-22.68984],[147.99583,-22.68552],[147.99315,-22.68183],[147.99344,-22.6777],[147.9952,-22.67405],[147.9987,-22.67064],[148.00096,-22.66653],[148.0047,-22.66312],[148.00873,-22.66131],[148.01309,-22.65425],[148.01605,-22.66353],[148.01492,-22.67313],[148.01689,-22.67742],[148.01694,-22.68042],[148.02013,-22.68344],[148.02149,-22.68692],[148.02069,-22.68969],[148.02272,-22.69106],[148.02305,-22.6927],[148.04781,-22.69747],[148.06077,-22.70988],[148.0616,-22.71288],[148.06021,-22.71762],[148.06302,-22.73261],[148.06155,-22.73578],[148.06379,-22.73943],[148.07015,-22.74108],[148.08644,-22.75121],[148.09081,-22.75633],[148.10902,-22.76692],[148.11339,-22.76631],[148.13274,-22.76887],[148.14349,-22.76486],[148.14672,-22.77655],[148.14925,-22.77933],[148.16931,-22.78306],[148.1771,-22.79059],[148.18472,-22.78917],[148.18692,-22.78653],[148.19639,-22.78113],[148.21293,-22.78199],[148.23083,-22.7774],[148.23279,-22.77294],[148.23537,-22.77176],[148.23907,-22.73976],[148.24301,-22.74162],[148.24845,-22.73821],[148.25354,-22.73971],[148.26364,-22.73915],[148.268,-22.73668],[148.26989,-22.73365],[148.2745,-22.73208],[148.27739,-22.73348],[148.28098,-22.73026],[148.2952,-22.73287],[148.29775,-22.73206],[148.29881,-22.72898],[148.30676,-22.72986],[148.30808,-22.72797],[148.31537,-22.7298],[148.31749,-22.72791],[148.32307,-22.72669],[148.32372,-22.72514],[148.33024,-22.72478],[148.33231,-22.72653],[148.3372,-22.72481],[148.34313,-22.72542],[148.37032,-22.76555],[148.37382,-22.76728],[148.37051,-22.78935],[148.37141,-22.79056],[148.36857,-22.79525],[148.36602,-22.79555],[148.36469,-22.79886],[148.35976,-22.80216],[148.35709,-22.8083],[148.35397,-22.80982],[148.3492,-22.80966],[148.34631,-22.80814],[148.33848,-22.81146],[148.33629,-22.81552],[148.33238,-22.81831],[148.33049,-22.82761],[148.32638,-22.83273],[148.32269,-22.83318],[148.32012,-22.83723],[148.31758,-22.83704],[148.31228,-22.84185],[148.30938,-22.84645],[148.29953,-22.85431],[148.29714,-22.85459],[148.29032,-22.86695],[148.28479,-22.86829],[148.28256,-22.87478],[148.27995,-22.8751],[148.27683,-22.87377],[148.27505,-22.8756],[148.2792,-22.87877],[148.28048,-22.88582],[148.28841,-22.89829],[148.29042,-22.89961],[148.28718,-22.9047],[148.28867,-22.90796],[148.29819,-22.90962],[148.32505,-22.94984],[148.40681,-22.90046],[148.45807,-22.86749],[148.54187,-22.87733],[148.54106,-22.88455],[148.54113,-22.91972],[148.54017,-22.92339],[148.54682,-22.93062],[148.55269,-22.94182],[148.5498,-22.94691],[148.54253,-22.95102],[148.54473,-22.95448],[148.54258,-22.95941],[148.54427,-22.95979],[148.5503,-22.95724],[148.55107,-22.95993],[148.55012,-22.96259],[148.55228,-22.96392],[148.55312,-22.96596],[148.55343,-22.97236],[148.55419,-22.97448],[148.55674,-22.9754],[148.56211,-22.97568],[148.5728,-22.9689],[148.57675,-22.9685],[148.58186,-22.97261],[148.58056,-22.97466],[148.58099,-22.97569],[148.5845,-22.97772],[148.58247,-22.98004],[148.58276,-22.98134],[148.58565,-22.98204],[148.58642,-22.98322],[148.58546,-22.98518],[148.58687,-22.98735],[148.58496,-23.00055],[148.59972,-23.00286],[148.58783,-23.07148],[148.56227,-23.1159],[148.57919,-23.11753],[148.62442,-23.14898],[148.56522,-23.22196],[148.5825,-23.23394],[148.51216,-23.28902],[148.50267,-23.33033],[148.50659,-23.33061],[148.52956,-23.33913],[148.53111,-23.33893],[148.53211,-23.34007],[148.55034,-23.34683],[148.57049,-23.37929],[148.55038,-23.40692],[148.57299,-23.46896],[148.52249,-23.5054],[148.52391,-23.51508],[148.52276,-23.51714],[148.52403,-23.52751],[148.52282,-23.53799],[148.5252,-23.54894],[148.5255,-23.55032],[148.52692,-23.5525],[148.53289,-23.55506],[148.53325,-23.55522],[148.53749,-23.55596],[148.54243,-23.55478],[148.54611,-23.55249],[148.55039,-23.55604],[148.55914,-23.55329],[148.56927,-23.55287],[148.56999,-23.55251],[148.57137,-23.55183],[148.57427,-23.55039],[148.57607,-23.5481],[148.57694,-23.54699],[148.57727,-23.54657],[148.57694,-23.54541],[148.57406,-23.5446],[148.57508,-23.53664],[148.57618,-23.53469],[148.57754,-23.53286],[148.58119,-23.53107],[148.58585,-23.53156],[148.58732,-23.53678],[148.59258,-23.54331],[148.59592,-23.54312],[148.60199,-23.53997],[148.6063,-23.54131],[148.61513,-23.53807],[148.61686,-23.53744],[148.61746,-23.5366],[148.6257,-23.52502],[148.62667,-23.52294],[148.6259,-23.52018],[148.63018,-23.51214],[148.63415,-23.50971],[148.6357,-23.49854],[148.63387,-23.48135],[148.63523,-23.47622],[148.63662,-23.47557],[148.64283,-23.47739],[148.65424,-23.47608],[148.67851,-23.44937],[148.70112,-23.4403],[148.70472,-23.43672],[148.70537,-23.43551],[148.70559,-23.43512],[148.70603,-23.43429],[148.70585,-23.43391],[148.70468,-23.43141],[148.69087,-23.43004],[148.68339,-23.42793],[148.67495,-23.42469],[148.67235,-23.42109],[148.6735,-23.41925],[148.6765,-23.42017],[148.6783,-23.41898],[148.67906,-23.4105],[148.68152,-23.40473],[148.68568,-23.40306],[148.68915,-23.40362],[148.69485,-23.40208],[148.71247,-23.38642],[148.712,-23.38266],[148.70598,-23.37437],[148.70457,-23.36584],[148.70725,-23.3593],[148.71345,-23.35264],[148.71668,-23.3513],[148.72108,-23.35235],[148.72941,-23.34861],[148.73605,-23.34789],[148.74416,-23.36545],[148.74753,-23.37911],[148.75027,-23.38073],[148.75569,-23.38112],[148.75959,-23.38069],[148.76625,-23.37996],[148.76787,-23.37978],[148.77093,-23.37867],[148.77203,-23.37751],[148.77256,-23.37696],[148.77422,-23.37521],[148.77721,-23.36998],[148.7781,-23.35388],[148.78046,-23.35085],[148.78469,-23.35341],[148.79706,-23.35273],[148.79633,-23.35812],[148.79965,-23.36237],[148.808,-23.36712],[148.81579,-23.3701],[148.8255,-23.37987],[148.82741,-23.37944],[148.83678,-23.37241],[148.84005,-23.37165],[148.84387,-23.3726],[148.84764,-23.3705],[148.85106,-23.36783],[148.86477,-23.35714],[148.86859,-23.35164],[148.86999,-23.32796],[148.86909,-23.31996],[148.86897,-23.31889],[148.86836,-23.31794],[148.86732,-23.31631],[148.8667,-23.31535],[148.86452,-23.31464],[148.85588,-23.30949],[148.84532,-23.28837],[148.84533,-23.28761],[148.8467,-23.28395],[148.85122,-23.28292],[148.85374,-23.28077],[148.85305,-23.27631],[148.85664,-23.26458],[148.86664,-23.26034],[148.8738,-23.26097],[148.87456,-23.25732],[148.873,-23.25468],[148.87317,-23.25291],[148.87649,-23.25215],[148.87799,-23.24877],[148.88054,-23.24761],[148.88259,-23.25189],[148.88723,-23.25663],[148.90569,-23.26417],[148.91496,-23.26573],[148.9266,-23.26144],[148.92758,-23.25841],[148.92687,-23.25602],[148.92096,-23.25183],[148.9257,-23.24613],[148.93,-23.24338],[148.9325,-23.24511],[148.93425,-23.24426],[148.94332,-23.24436],[148.94742,-23.24247],[148.95031,-23.23122],[148.9531,-23.22505],[148.95237,-23.22301],[148.94795,-23.22182],[148.94716,-23.2187],[148.95102,-23.21431],[148.95275,-23.20906],[148.95746,-23.20461],[148.96166,-23.20309],[148.96541,-23.20338],[148.96989,-23.20561],[148.97076,-23.20299],[148.96647,-23.19947],[148.9689,-23.19568],[148.97355,-23.19491],[148.97644,-23.19303],[148.98476,-23.19563],[148.99325,-23.1848],[148.99829,-23.17433],[149.00656,-23.16682],[149.00743,-23.15724],[149.00648,-23.1503],[149.00567,-23.14937],[148.9927,-23.14712],[148.98803,-23.14314],[148.99161,-23.13167],[148.9908,-23.12841],[148.98692,-23.12704],[148.97986,-23.12877],[148.97547,-23.12717],[148.97316,-23.12461],[148.97609,-23.11559],[148.97816,-23.11355],[148.97701,-23.11026],[148.97325,-23.10827],[148.9713,-23.10264],[148.97268,-23.09824],[148.97672,-23.09381],[148.98002,-23.09199],[148.9901,-23.09042],[149.00543,-23.08561],[149.02822,-23.0804],[149.03122,-23.07756],[149.04016,-23.06235],[149.04639,-23.0576],[149.07245,-23.05958],[149.07957,-23.0614],[149.08888,-23.0608],[149.09241,-23.05914],[149.10141,-23.05861],[149.11186,-23.05585],[149.11718,-23.05634],[149.11998,-23.06122],[149.12321,-23.06259],[149.12774,-23.06275],[149.13227,-23.06056],[149.15032,-23.05824],[149.17122,-23.05255],[149.18285,-23.04803],[149.18966,-23.04856],[149.19573,-23.05158],[149.19596,-23.05155],[149.19716,-23.05137],[149.19875,-23.05113],[149.19942,-23.05064],[149.20402,-23.04728],[149.20651,-23.04372],[149.21497,-23.02519],[149.23009,-23.00363],[149.23473,-22.99052],[149.23601,-22.98297],[149.23918,-22.97653],[149.24152,-22.97404],[149.24473,-22.97294],[149.2544,-22.97386],[149.27641,-22.96181],[149.27976,-22.96177],[149.28723,-22.95595],[149.28874,-22.94957],[149.2881,-22.94821],[149.28386,-22.9461],[149.28556,-22.94195],[149.30388,-22.92578],[149.30573,-22.91786],[149.30916,-22.91016],[149.31429,-22.905],[149.32176,-22.9046],[149.33024,-22.89861],[149.33139,-22.89375],[149.32831,-22.88893],[149.32749,-22.88459],[149.32834,-22.87768],[149.32956,-22.87571],[149.33181,-22.87514],[149.33492,-22.87758],[149.34468,-22.87912],[149.35651,-22.87599],[149.36785,-22.87748],[149.39835,-22.85726],[149.41318,-22.85747],[149.42216,-22.8466],[149.43466,-22.82789],[149.43443,-22.82117],[149.43309,-22.81823],[149.4337,-22.81376],[149.4362,-22.80942],[149.43184,-22.80799],[149.43015,-22.80631],[149.4304,-22.79264],[149.42708,-22.77641],[149.427,-22.77156],[149.42881,-22.7694],[149.43587,-22.7683],[149.44044,-22.76538],[149.4457,-22.74704],[149.44864,-22.74051],[149.43501,-22.72879],[149.43125,-22.71861],[149.43226,-22.71374],[149.43196,-22.70148],[149.42992,-22.69941],[149.42071,-22.69581],[149.4087,-22.69453],[149.40668,-22.68939],[149.40501,-22.6882],[149.40544,-22.68351],[149.4037,-22.68076],[149.39614,-22.68532],[149.39065,-22.68522],[149.39004,-22.68201],[149.38546,-22.67547],[149.38563,-22.67314],[149.37696,-22.65881],[149.37835,-22.6506],[149.38119,-22.64311],[149.38439,-22.64153],[149.38813,-22.63538],[149.38451,-22.63085],[149.38823,-22.62383],[149.38857,-22.61604],[149.39354,-22.61415],[149.39706,-22.61537],[149.39908,-22.61722],[149.3995,-22.62085],[149.40408,-22.62184],[149.40527,-22.62707],[149.40668,-22.62826],[149.40583,-22.63191],[149.40756,-22.63693],[149.4095,-22.63713],[149.41697,-22.64559],[149.41848,-22.64638],[149.41982,-22.64526],[149.42432,-22.64745],[149.43023,-22.64297],[149.43456,-22.64445],[149.43766,-22.64271],[149.44612,-22.63355],[149.44692,-22.63093],[149.45125,-22.63039],[149.45246,-22.62826],[149.45872,-22.63172],[149.46344,-22.59665],[149.46855,-22.59708],[149.47098,-22.59879],[149.47732,-22.60418],[149.48154,-22.61388],[149.49362,-22.62193],[149.49732,-22.61873],[149.50994,-22.61688],[149.5132,-22.61775],[149.5151,-22.62142],[149.51809,-22.62324],[149.51983,-22.62261],[149.52294,-22.61834],[149.53577,-22.61457],[149.541,-22.6091],[149.5471,-22.60542],[149.54972,-22.60259],[149.55669,-22.602],[149.56194,-22.5955],[149.56572,-22.59351],[149.57508,-22.59204],[149.58178,-22.59485],[149.59099,-22.59362],[149.59812,-22.59652],[149.60643,-22.59343],[149.60744,-22.59368],[149.60945,-22.59882],[149.61191,-22.59741],[149.62544,-22.59772],[149.62449,-22.59356],[149.62649,-22.59049],[149.62678,-22.58208],[149.62894,-22.58153],[149.63599,-22.58674],[149.63824,-22.58641],[149.63952,-22.58477],[149.63673,-22.57942],[149.63528,-22.57261],[149.6363,-22.56376],[149.63412,-22.55562],[149.62722,-22.5482],[149.63976,-22.5323],[149.64843,-22.52651],[149.65174,-22.52269],[149.65545,-22.50505],[149.66007,-22.49932],[149.66762,-22.49779],[149.67692,-22.49832],[149.68525,-22.49315],[149.71123,-22.46923],[149.73884,-22.45294],[149.7721,-22.42148],[149.78474,-22.39528],[149.78531,-22.38458],[149.78334,-21.90008],[150.23803,-21.90355],[151.04532,-21.90662],[151.92133,-21.90546],[152.67615,-21.90073],[152.66279,-21.86522],[152.65843,-21.85631],[152.65514,-21.84282],[152.65646,-21.83601],[152.6551,-21.82247],[152.65228,-21.81603],[152.64786,-21.81114],[152.6438,-21.80222],[152.63771,-21.79571],[152.6194,-21.76716],[152.61237,-21.76426],[152.60397,-21.7535],[152.58582,-21.71872],[152.57574,-21.70564],[152.56747,-21.68767],[152.56004,-21.66734],[152.55438,-21.55757],[152.56042,-21.54997],[152.56723,-21.53738],[152.56658,-21.52216],[152.56775,-21.50913],[152.56501,-21.49299],[152.57203,-21.48967],[152.57704,-21.48237],[152.58133,-21.45737],[152.58595,-21.43956],[152.58667,-21.42016],[152.58933,-21.39464],[152.58764,-21.37309],[152.58916,-21.36835],[152.58678,-21.33615],[152.58894,-21.31521],[152.60066,-21.29199],[152.60397,-21.28832],[152.61014,-21.28681],[152.61395,-21.27953],[152.65354,-21.23647],[152.66291,-21.21697],[152.67027,-21.18959],[152.67773,-21.15325],[152.67609,-21.11981],[152.66319,-21.08732],[152.65234,-21.06505],[152.6387,-21.04418],[152.59588,-21.02671],[152.54947,-21.01959],[152.45144,-21.00909],[152.40051,-21.00469],[152.30926,-20.98267],[152.27619,-20.9725],[152.23606,-20.96215],[152.18357,-20.93682],[152.14787,-20.90479],[152.1173,-20.87993],[152.0906,-20.85464],[152.07445,-20.85766],[152.05522,-20.86505],[152.04277,-20.89087],[152.03948,-20.93143],[152.04073,-20.98516],[152.05096,-21.01479],[152.07273,-21.05446],[152.09363,-21.08684],[152.11613,-21.12648],[152.12048,-21.16023],[152.09569,-21.18766],[152.04281,-21.20843],[151.99626,-21.21345],[151.94599,-21.21057],[151.89132,-21.20113],[151.85008,-21.17546],[151.83089,-21.13902],[151.80763,-21.1103],[151.76854,-21.06763],[151.72919,-21.04486],[151.68366,-21.03051],[151.63658,-21.00854],[151.59811,-20.99302],[151.52807,-20.93461],[151.49236,-20.91403],[151.44184,-20.89405],[151.40017,-20.87456],[151.36141,-20.84072],[151.28487,-20.78462],[151.18934,-20.7288],[151.03451,-20.66588],[150.9622,-20.61984],[150.92741,-20.60475],[150.88903,-20.58407],[150.85166,-20.5607],[150.82159,-20.5289],[150.80041,-20.50163],[150.76426,-20.46227],[150.72513,-20.40965],[150.69192,-20.36748],[150.63036,-20.29885],[150.60249,-20.25273],[150.56232,-20.16627],[150.51996,-20.12296],[150.44651,-20.06867],[150.40491,-20.02415],[150.40124,-19.99487],[150.39161,-19.96726],[150.39105,-19.96056],[150.38361,-19.94948],[150.37016,-19.94453],[150.35779,-19.93054],[150.35504,-19.93059],[150.34875,-19.9237],[150.33017,-19.91984],[150.32051,-19.91381],[150.31755,-19.90405],[150.31438,-19.90411],[150.30079,-19.89186],[150.29933,-19.88267],[150.2933,-19.87798],[150.29129,-19.87301],[150.28279,-19.87156],[150.26966,-19.86699],[150.26235,-19.86152],[150.25866,-19.85698],[150.24703,-19.85759],[150.24019,-19.85471],[150.2346,-19.8504],[150.22963,-19.84509],[150.22643,-19.83332],[150.2211,-19.82733],[150.21391,-19.82746],[150.19848,-19.8073],[150.19831,-19.79889],[150.19216,-19.78777],[150.18498,-19.7883],[150.16569,-19.77622],[150.15488,-19.77501],[150.14678,-19.77215],[150.12982,-19.75629],[150.12343,-19.75537],[150.11193,-19.74904],[150.07892,-19.72977],[150.05533,-19.7153],[150.05242,-19.71254],[150.03686,-19.71257],[150.01236,-19.70308],[150.00516,-19.69761],[147.71778,-19.69833],[147.67128,-19.79262],[147.66336,-19.81091],[147.60203,-19.7993],[147.57649,-19.80269],[147.56688,-19.80899],[147.56583,-19.808],[147.56536,-19.80924],[147.56358,-19.8087],[147.56166,-19.80976],[147.55373,-19.81049],[147.55187,-19.8119],[147.54738,-19.81124],[147.54541,-19.8121],[147.54488,-19.81418],[147.54036,-19.81316],[147.53848,-19.81544],[147.53622,-19.81622],[147.53556,-19.8182],[147.53737,-19.81784],[147.53758,-19.82039],[147.53551,-19.82019],[147.5343,-19.82289],[147.53465,-19.82476],[147.53644,-19.82539],[147.53544,-19.82622],[147.53679,-19.82699],[147.53707,-19.83348],[147.53557,-19.83384],[147.53488,-19.83566],[147.53291,-19.83569],[147.53283,-19.83425],[147.5309,-19.8358],[147.52974,-19.83555],[147.52621,-19.83948],[147.52118,-19.84117],[147.51794,-19.84513],[147.51626,-19.84508],[147.5148,-19.8474],[147.5083,-19.85075],[147.509,-19.8541],[147.50715,-19.85553],[147.50692,-19.85746],[147.51094,-19.85793],[147.50981,-19.87343],[147.49135,-19.87142],[147.48549,-19.92355],[147.48766,-19.92379],[147.48679,-19.93085],[147.48488,-19.93088],[147.48408,-19.932],[147.47892,-19.98162],[147.47988,-19.98172],[147.46708,-20.09585],[147.38601,-20.08716],[147.39164,-20.07691],[147.39121,-20.0719],[147.38887,-20.06929],[147.37931,-20.06676],[147.36228,-20.05913],[147.35812,-20.05875],[147.34769,-20.06129],[147.33769,-20.05756],[147.32813,-20.05566],[147.32018,-20.05216],[147.31362,-20.03977],[147.30253,-20.0329],[147.30034,-20.02992],[147.30004,-20.02907],[147.2995,-20.02751],[147.29914,-20.0265],[147.29929,-20.02291],[147.30379,-20.01623],[147.30247,-20.01481],[147.30189,-20.01469],[147.28628,-20.02027],[147.27896,-20.02602],[147.27336,-20.02845],[147.28531,-20.04606],[147.2939,-20.06472],[147.2947,-20.06901],[147.29272,-20.07547],[147.28364,-20.09084],[147.28322,-20.09184],[147.27501,-20.11722],[147.27459,-20.12241],[147.27475,-20.12506],[147.27599,-20.12789],[147.29296,-20.15739],[147.2942,-20.16055],[147.29487,-20.16226],[147.29517,-20.16304],[147.30062,-20.18251],[147.30259,-20.19553],[147.3076,-20.2116],[147.30921,-20.2217],[147.31096,-20.27058],[147.30825,-20.28606],[147.29951,-20.30776],[147.29959,-20.31827],[147.306,-20.33343],[147.31256,-20.35601],[147.31721,-20.3656],[147.32323,-20.37446],[147.33008,-20.38088],[147.34321,-20.38906],[147.34723,-20.3938],[147.34772,-20.3968],[147.34502,-20.41333],[147.34099,-20.42472],[147.33513,-20.42917],[147.31986,-20.43345],[147.30857,-20.43836],[147.30053,-20.44418],[147.29782,-20.44743],[147.29449,-20.45653],[147.29054,-20.47273],[147.2906,-20.47638],[147.29167,-20.48013],[147.30092,-20.49726],[147.30103,-20.5038],[147.29925,-20.50805],[147.28844,-20.51781],[147.28482,-20.52458],[147.28314,-20.53634],[147.27987,-20.54399],[147.27861,-20.55463],[147.27449,-20.55724],[147.26701,-20.55794],[147.26406,-20.55982],[147.24138,-20.58445],[147.23458,-20.58405],[147.22797,-20.58145],[147.22248,-20.57652],[147.21956,-20.57529],[147.21694,-20.57529],[147.21455,-20.57674],[147.20954,-20.58711],[147.19624,-20.59378],[147.19377,-20.59912],[147.19113,-20.60175],[147.18608,-20.60392],[147.18408,-20.60224],[147.17968,-20.60467],[147.17831,-20.60898],[147.17801,-20.61859],[147.17307,-20.62203],[147.16854,-20.62783],[147.16462,-20.63518],[147.16147,-20.64645],[147.15611,-20.65173],[147.14862,-20.65183],[147.13311,-20.64107],[147.1242,-20.63769],[147.11177,-20.63586],[147.10571,-20.63678],[147.10122,-20.6389],[147.08636,-20.65218],[147.08216,-20.65329],[147.07888,-20.65285],[147.07327,-20.64889],[147.0674,-20.6345],[147.06217,-20.62712],[147.05811,-20.62576],[147.05375,-20.6263],[147.04823,-20.63041],[147.04591,-20.63096],[147.03632,-20.62932],[147.02615,-20.62276],[147.02238,-20.61674],[147.02121,-20.6095],[147.02011,-20.60812],[147.01482,-20.60623],[147.0066,-20.60761],[146.976,-20.6197],[146.97265,-20.62359],[146.97263,-20.63288],[146.97738,-20.64603],[146.98511,-20.65658],[146.98597,-20.66246],[146.98446,-20.66713],[146.98058,-20.67119],[146.97584,-20.67362],[146.96484,-20.67605],[146.9613,-20.68441],[146.96087,-20.68867],[146.96453,-20.70227],[146.96561,-20.71444],[146.96487,-20.72133],[146.96228,-20.72924],[146.96228,-20.73634],[146.9612,-20.7402],[146.95818,-20.74324],[146.94165,-20.75327],[146.9274,-20.75522],[146.92041,-20.75741],[146.91704,-20.76155],[146.9147,-20.77787],[146.90989,-20.78672],[146.90121,-20.79029],[146.88899,-20.79079],[146.87786,-20.80023],[146.8746,-20.80176],[146.86971,-20.80099],[146.86592,-20.7969],[146.86159,-20.79648],[146.85618,-20.80351],[146.85223,-20.81133],[146.85284,-20.81915],[146.85741,-20.82873],[146.85834,-20.83666],[146.86281,-20.8473],[146.86104,-20.86001],[146.8562,-20.86776],[146.85603,-20.87019],[146.86595,-20.88598],[146.86222,-20.89508],[146.86348,-20.89904],[146.86305,-20.9022],[146.85421,-20.91208],[146.85346,-20.9192],[146.8564,-20.92672],[146.86506,-20.94264],[146.86689,-20.95519],[146.87643,-20.97802],[146.87596,-20.98408],[146.877,-20.98863],[146.8793,-20.99296],[146.88367,-20.99761],[146.88321,-21.00281],[146.8809,-21.008],[146.86913,-21.0208],[146.8638,-21.0252],[146.86035,-21.03119],[146.85985,-21.04088],[146.86304,-21.04792],[146.86106,-21.05899],[146.86167,-21.06223],[146.85966,-21.06618],[146.85447,-21.06958],[146.85369,-21.07135],[146.8555,-21.07755],[146.85433,-21.08107],[146.85485,-21.08454],[146.85297,-21.08849],[146.85212,-21.09456],[146.84881,-21.10094],[146.84916,-21.1028],[146.86128,-21.11756],[146.86264,-21.13778],[146.87203,-21.15095],[146.87297,-21.15953],[146.88261,-21.17029],[146.88221,-21.17333],[146.86801,-21.18345],[146.8659,-21.18816],[146.86599,-21.19121],[146.87665,-21.20731],[146.88565,-21.21775],[146.89088,-21.22182],[146.89655,-21.22391],[146.90701,-21.22423],[146.91502,-21.22684],[146.92658,-21.23216],[146.93203,-21.23842],[146.93759,-21.23926],[146.94738,-21.23874],[146.94972,-21.23958],[146.95706,-21.24688],[146.96051,-21.2521],[146.95974,-21.26261],[146.96384,-21.27041],[146.96613,-21.27875],[146.96328,-21.29475],[146.95932,-21.30041],[146.95661,-21.30204],[146.94668,-21.30451],[146.9342,-21.31535],[146.93015,-21.32083],[146.92455,-21.32245],[146.92121,-21.32513],[146.91783,-21.32545],[146.91089,-21.33474],[146.90925,-21.34082],[146.90532,-21.3461],[146.90463,-21.35032],[146.89995,-21.35464],[146.89437,-21.35784],[146.88279,-21.36212],[146.87852,-21.36963],[146.88224,-21.37327],[146.87564,-21.38253],[146.87531,-21.39308],[146.87824,-21.39988],[146.87857,-21.4033],[146.88221,-21.4111],[146.88527,-21.41342],[146.89112,-21.4225],[146.8959,-21.42478],[146.89844,-21.43476],[146.90496,-21.43629],[146.90974,-21.44114],[146.91182,-21.45385],[146.90894,-21.45931],[146.90867,-21.46333],[146.90569,-21.46845],[146.90436,-21.46831],[146.89916,-21.47325],[146.89526,-21.47521],[146.89644,-21.47699],[146.8794,-21.49291],[146.87402,-21.49999],[146.87217,-21.50468],[146.86996,-21.50589],[146.86913,-21.5085],[146.86661,-21.51047],[146.86632,-21.51378],[146.8686,-21.51757],[146.86907,-21.51933],[146.86802,-21.52084],[146.87038,-21.52623],[146.86723,-21.52848],[146.86644,-21.53091],[146.86383,-21.53157],[146.85894,-21.53506],[146.85415,-21.54418],[146.84969,-21.54695],[146.84943,-21.55385],[146.84723,-21.56091],[146.83539,-21.57339],[146.83505,-21.57946],[146.83857,-21.58476],[146.83896,-21.58745],[146.83711,-21.58939],[146.83261,-21.60472],[146.83511,-21.61419],[146.83413,-21.61799],[146.8366,-21.62293],[146.83468,-21.63287],[146.83698,-21.6361],[146.83443,-21.64257],[146.83239,-21.64315],[146.75349,-21.63584],[146.65255,-21.60442],[146.65112,-21.59687],[146.6473,-21.59576],[146.6565,-21.58262],[146.49211,-21.56698],[146.48995,-21.58677],[146.49272,-21.58882],[146.48829,-21.64729],[146.48719,-21.65008],[146.48379,-21.68057],[146.44652,-21.66811],[146.39735,-21.66333],[146.34093,-21.57021],[146.3467,-21.51812],[146.15051,-21.50006],[146.13229,-21.51403],[146.09344,-21.50994],[146.08516,-21.59836],[146.06923,-21.80876],[146.12674,-21.81327],[146.11055,-21.89426],[146.21259,-21.90067],[146.20231,-22.00094],[146.20149,-22.00763],[146.07207,-21.99741],[146.06687,-22.02657],[146.03948,-22.02335],[146.03081,-22.10425],[146.03555,-22.10502],[146.06606,-22.11621],[146.07405,-22.12338],[146.06458,-22.18576],[146.07066,-22.22662],[146.05224,-22.33786],[146.12197,-22.34817],[146.10892,-22.4456],[146.11375,-22.44683],[146.27551,-22.46256],[146.26919,-22.50843],[146.2708,-22.50831],[146.27214,-22.5065],[146.27908,-22.50275],[146.27139,-22.57068],[146.25979,-22.56954],[146.25235,-22.66864],[146.23778,-22.66781],[146.23643,-22.67695],[146.31797,-22.68594],[146.32126,-22.67805],[146.3838,-22.6856],[146.38525,-22.68726],[146.40865,-22.68946],[146.41812,-22.60271],[146.44843,-22.64581],[146.46866,-22.65752],[146.53908,-22.66425],[146.53905,-22.66718],[146.54274,-22.66968],[146.54437,-22.6738],[146.54123,-22.67809],[146.54129,-22.67943],[146.54361,-22.68008],[146.54616,-22.67758],[146.54814,-22.67748],[146.55017,-22.68314],[146.5539,-22.68729],[146.55571,-22.69132],[146.57021,-22.70271],[146.56473,-22.70664],[146.54955,-22.71137],[146.54481,-22.71347],[146.54324,-22.71536],[146.54463,-22.72546],[146.5475,-22.72864],[146.54887,-22.73324],[146.55834,-22.7425],[146.55995,-22.74688],[146.55975,-22.75023],[146.55569,-22.75823],[146.54864,-22.76795],[146.54842,-22.77824],[146.54115,-22.78822],[146.52873,-22.79281],[146.52231,-22.79218],[146.52224,-22.79308],[146.52804,-22.79363],[146.525,-22.79932],[146.52467,-22.80455],[146.52659,-22.81233],[146.52843,-22.8135],[146.53817,-22.8269],[146.5427,-22.83364],[146.54262,-22.8361],[146.54575,-22.83769],[146.54776,-22.8468],[146.54932,-22.84881],[146.55181,-22.86292],[146.56014,-22.87844],[146.5659,-22.88265],[146.56813,-22.88557],[146.57102,-22.88613],[146.57539,-22.88904],[146.57957,-22.88961],[146.58932,-22.88805],[146.68838,-22.93066],[146.76495,-22.95758],[146.75465,-23.04761],[146.78356,-23.05023],[146.78253,-23.05414],[146.78315,-23.05758],[146.78517,-23.06064],[146.78513,-23.07101],[146.78865,-23.07354],[146.83642,-23.05882],[146.83903,-23.07141],[146.84941,-23.08005],[146.87212,-23.07703],[146.87433,-23.08368],[146.92326,-23.06854],[146.93054,-23.06287],[146.94192,-23.06038],[146.9434,-23.06379],[146.94359,-23.06818],[146.94214,-23.07871],[146.94986,-23.09059],[146.94865,-23.09737],[146.95821,-23.10892],[146.95414,-23.13974],[146.95077,-23.17983],[146.93972,-23.26036],[146.9763,-23.26328],[147.07902,-23.27981],[147.07485,-23.30692],[147.14394,-23.32312],[147.14929,-23.32305],[147.15223,-23.32573],[147.15869,-23.32626],[147.15799,-23.33159],[147.16188,-23.33971],[147.16015,-23.34899],[147.16094,-23.3512],[147.1585,-23.37211],[147.1549,-23.39081],[147.15488,-23.39544],[147.16439,-23.39633],[147.16085,-23.42791],[147.22226,-23.44786],[147.25426,-23.46283],[147.25444,-23.46291]]]},"properties":{"District Name":"Mackay","DDMG Name":"Mackay"}},{"type":"Feature","geometry":{"type":"Polygon","coordinates":[[[142.71095,-16.07937],[142.71993,-16.08656],[142.74231,-16.10953],[142.74222,-16.11202],[142.69898,-16.17321],[142.63722,-16.13242],[142.59614,-16.19067],[142.54669,-16.55812],[142.50803,-16.97216],[142.42142,-17.08744],[142.42751,-17.09234],[142.42873,-17.09603],[142.43386,-17.09823],[142.4359,-17.10085],[142.44016,-17.10125],[142.44516,-17.10504],[142.45134,-17.10586],[142.45592,-17.10833],[142.45883,-17.11609],[142.46231,-17.11824],[142.46166,-17.12231],[142.46373,-17.12476],[142.46673,-17.12619],[142.46845,-17.1307],[142.47778,-17.13901],[142.4859,-17.14231],[142.48696,-17.1458],[142.48923,-17.14756],[142.49521,-17.15],[142.4992,-17.15466],[142.5022,-17.15631],[142.50526,-17.16051],[142.5083,-17.16216],[142.51297,-17.17046],[142.51961,-17.17167],[142.52194,-17.17526],[142.53509,-17.17683],[142.54068,-17.17553],[142.40159,-17.35527],[142.34059,-17.28623],[142.17501,-17.43242],[142.1843,-17.4379],[142.19333,-17.44049],[142.20596,-17.44235],[142.21721,-17.44184],[142.22544,-17.4456],[142.22956,-17.45168],[142.23857,-17.45741],[142.24468,-17.45788],[142.25139,-17.46284],[142.25245,-17.46577],[142.25899,-17.47126],[142.26298,-17.48059],[142.26785,-17.48728],[142.26773,-17.49178],[142.17835,-17.56624],[142.05777,-17.43427],[142.01225,-17.4712],[141.89772,-17.33075],[141.78533,-17.4224],[141.83673,-17.48249],[141.72563,-17.46952],[141.72874,-17.43295],[141.57639,-17.42038],[141.57272,-17.45842],[141.42226,-17.44381],[141.40658,-17.60994],[141.38216,-17.60803],[141.37818,-17.67662],[141.43825,-17.67981],[141.43296,-17.74933],[141.41335,-17.76163],[141.4041,-17.76334],[141.40088,-17.76091],[141.39858,-17.75687],[141.39341,-17.75323],[141.388,-17.75184],[141.38293,-17.75138],[141.37832,-17.75276],[141.37443,-17.7521],[141.36207,-17.75553],[141.35933,-17.75444],[141.35915,-17.74492],[141.3509,-17.74325],[141.3388,-17.74448],[141.33245,-17.73813],[141.33002,-17.73356],[141.32829,-17.73323],[141.31686,-17.7367],[141.30441,-17.89896],[141.46824,-17.91042],[141.46607,-17.93898],[141.39314,-17.93477],[141.38829,-18.0066],[141.39195,-18.00611],[141.39506,-18.00405],[141.40022,-18.00399],[141.39519,-18.05711],[141.28171,-18.04674],[141.28378,-18.02323],[141.19987,-18.01543],[141.19206,-18.11331],[141.14684,-18.11042],[141.14046,-18.11267],[141.14061,-18.11469],[141.13798,-18.11744],[141.13633,-18.12233],[141.13406,-18.12527],[141.1341,-18.12918],[141.13596,-18.13247],[141.13452,-18.13434],[141.13486,-18.13773],[141.13886,-18.14497],[141.13939,-18.14955],[141.14314,-18.15715],[141.14224,-18.16089],[141.14411,-18.16627],[141.13788,-18.17974],[141.13702,-18.18888],[141.13877,-18.19137],[141.14451,-18.19558],[141.14504,-18.19401],[141.14732,-18.19294],[141.15744,-18.19603],[141.16267,-18.20464],[141.16793,-18.20371],[141.17003,-18.20715],[141.17519,-18.20902],[141.18125,-18.21326],[141.18123,-18.21686],[141.18463,-18.2203],[141.18476,-18.22291],[141.18697,-18.22499],[141.18585,-18.22653],[141.18659,-18.22999],[141.19032,-18.23357],[141.19062,-18.23852],[141.18872,-18.24285],[141.19013,-18.24786],[141.19371,-18.25366],[141.20085,-18.25264],[141.20421,-18.25489],[141.20573,-18.2616],[141.20938,-18.2628],[141.21056,-18.26446],[141.21135,-18.27033],[141.21066,-18.27413],[141.21314,-18.27867],[141.21077,-18.28237],[141.21303,-18.28497],[141.21225,-18.28797],[141.21986,-18.29428],[141.21836,-18.29719],[141.22094,-18.3009],[141.21804,-18.30225],[141.22014,-18.30851],[141.21745,-18.31447],[141.22065,-18.31656],[141.22197,-18.31961],[141.22022,-18.32238],[141.2233,-18.32465],[141.22318,-18.32971],[141.22574,-18.32922],[141.22644,-18.33109],[141.22973,-18.3319],[141.23171,-18.33532],[141.235,-18.33466],[141.23787,-18.33594],[141.24005,-18.34358],[141.24193,-18.3464],[141.24975,-18.35049],[141.24992,-18.35368],[141.25299,-18.3601],[141.25225,-18.36178],[141.25447,-18.36404],[141.26176,-18.36528],[141.26613,-18.36878],[141.26744,-18.37785],[141.2726,-18.38681],[141.27481,-18.38875],[141.2815,-18.39123],[141.28383,-18.39825],[141.28254,-18.40516],[141.2839,-18.40808],[141.28063,-18.41603],[141.28103,-18.41754],[141.28323,-18.41753],[141.28935,-18.42152],[141.29236,-18.42514],[141.30074,-18.42647],[141.30204,-18.42765],[141.30261,-18.42955],[141.30132,-18.43749],[141.30479,-18.4478],[141.30078,-18.4503],[141.30101,-18.45575],[141.29498,-18.45976],[141.29491,-18.46169],[141.29649,-18.46343],[141.29382,-18.46761],[141.29677,-18.47044],[141.29863,-18.47553],[141.29285,-18.47996],[141.29446,-18.484],[141.29294,-18.48508],[141.29583,-18.4899],[141.29933,-18.49295],[141.29901,-18.49649],[141.29774,-18.49961],[141.29042,-18.50022],[141.29024,-18.5024],[141.28788,-18.50283],[141.28475,-18.5054],[141.28487,-18.50859],[141.28636,-18.50949],[141.28513,-18.51217],[141.2863,-18.51689],[141.28365,-18.51873],[141.2862,-18.5229],[141.28552,-18.53002],[141.28823,-18.54123],[141.2881,-18.54644],[141.29225,-18.54858],[141.29382,-18.55139],[141.29586,-18.55229],[141.2974,-18.55587],[141.29867,-18.55649],[141.29872,-18.56035],[141.30029,-18.56333],[141.29811,-18.56778],[141.2968,-18.56764],[141.29669,-18.56594],[141.29348,-18.56594],[141.2917,-18.56659],[141.29079,-18.56859],[141.29119,-18.5697],[141.29324,-18.57028],[141.29357,-18.57522],[141.29212,-18.57789],[141.29457,-18.58521],[141.29611,-18.58733],[141.29949,-18.58798],[141.30012,-18.59316],[141.30216,-18.59517],[141.30163,-18.60222],[141.30273,-18.60659],[141.30098,-18.60736],[141.2987,-18.61142],[141.30369,-18.6126],[141.30566,-18.61513],[141.31496,-18.62045],[141.36995,-18.62546],[141.36401,-18.68142],[141.62238,-18.7076],[141.69195,-18.71361],[141.66814,-18.96969],[141.6362,-18.96712],[141.62013,-19.11458],[141.6089,-19.11341],[141.60933,-19.12001],[141.6132,-19.1242],[141.61328,-19.12597],[141.61139,-19.12852],[141.61282,-19.13222],[141.61129,-19.1352],[141.61276,-19.13778],[141.61674,-19.13846],[141.61683,-19.14042],[141.61533,-19.14274],[141.61705,-19.14478],[141.61802,-19.14374],[141.62107,-19.14558],[141.62121,-19.14826],[141.62368,-19.1487],[141.62372,-19.15054],[141.62698,-19.15016],[141.62901,-19.15188],[141.63119,-19.15183],[141.63308,-19.15473],[141.63585,-19.15568],[141.63961,-19.15469],[141.64613,-19.15772],[141.65825,-19.15716],[141.66176,-19.1597],[141.66443,-19.15841],[141.66899,-19.15909],[141.6787,-19.15548],[141.68607,-19.15725],[141.6916,-19.15644],[141.69411,-19.15915],[141.69734,-19.16003],[141.69795,-19.16237],[141.70415,-19.17073],[141.70899,-19.17274],[141.71113,-19.17634],[141.71551,-19.17908],[141.729,-19.17905],[141.73452,-19.184],[141.73912,-19.18512],[141.74622,-19.19269],[141.75321,-19.19317],[141.757,-19.19163],[141.75874,-19.1927],[141.76215,-19.19181],[141.77106,-19.0782],[141.93114,-19.08966],[141.94147,-18.97846],[142.12672,-18.9934],[142.12913,-18.96955],[142.17658,-18.97215],[142.15942,-19.14202],[142.23507,-19.14953],[142.23643,-19.13604],[142.35227,-19.14748],[142.35383,-19.1226],[142.40069,-19.12654],[142.37437,-19.4004],[142.3953,-19.40228],[142.39668,-19.38842],[142.60477,-19.40322],[142.59212,-19.54661],[142.60955,-19.54777],[142.60224,-19.62006],[142.60067,-19.63552],[143.2497,-19.68991],[143.25673,-19.68182],[143.25928,-19.68144],[143.26395,-19.68458],[143.27006,-19.69421],[143.27211,-19.69602],[143.27497,-19.69645],[143.27965,-19.6942],[143.28719,-19.68726],[143.2885,-19.68426],[143.28957,-19.66971],[143.29837,-19.65636],[143.30581,-19.63948],[143.31067,-19.63325],[143.31717,-19.62848],[143.333,-19.62111],[143.33667,-19.6167],[143.3392,-19.60962],[143.34193,-19.60561],[143.34614,-19.60371],[143.35139,-19.60434],[143.36769,-19.61272],[143.37284,-19.61388],[143.38307,-19.61258],[143.39427,-19.59677],[143.39396,-19.57662],[143.39508,-19.5751],[143.39797,-19.57524],[143.40288,-19.57019],[143.41316,-19.56438],[143.41699,-19.56712],[143.42564,-19.56515],[143.42777,-19.56313],[143.43406,-19.56531],[143.44383,-19.56602],[143.44734,-19.55879],[143.45374,-19.55596],[143.45811,-19.54668],[143.46186,-19.54496],[143.46631,-19.53998],[143.48987,-19.53091],[143.50142,-19.52443],[143.50939,-19.516],[143.51315,-19.50534],[143.51109,-19.49157],[143.50767,-19.48394],[143.51377,-19.48003],[143.5355,-19.47185],[143.54954,-19.47658],[143.56527,-19.48563],[143.57977,-19.49689],[143.58322,-19.50157],[143.59054,-19.50726],[143.60538,-19.53032],[143.61899,-19.55995],[143.64667,-19.58382],[143.67747,-19.59715],[143.68225,-19.597],[143.71515,-19.58536],[143.73416,-19.58996],[143.77572,-19.60576],[143.79698,-19.61756],[143.82446,-19.63044],[143.85183,-19.63705],[143.92508,-19.63076],[143.93804,-19.62729],[143.94745,-19.62199],[143.95568,-19.61959],[143.96733,-19.62052],[143.97651,-19.62294],[144.00388,-19.62131],[144.01424,-19.61493],[144.0289,-19.59785],[144.04476,-19.58357],[144.05292,-19.57187],[144.05354,-19.57154],[144.05528,-19.57061],[144.05622,-19.5701],[144.0589,-19.57076],[144.06497,-19.57227],[144.08894,-19.57822],[144.10357,-19.57967],[144.11271,-19.57615],[144.11716,-19.57176],[144.12405,-19.57187],[144.13929,-19.56558],[144.14701,-19.56571],[144.1569,-19.56761],[144.1722,-19.57646],[144.17468,-19.58844],[144.17996,-19.59442],[144.20652,-19.60376],[144.2123,-19.61006],[144.22644,-19.61872],[144.23153,-19.61593],[144.23889,-19.60856],[144.24804,-19.5942],[144.25508,-19.58554],[144.26185,-19.58294],[144.27323,-19.57594],[144.27945,-19.57604],[144.28401,-19.57451],[144.2957,-19.56645],[144.30255,-19.49738],[144.34486,-19.5015],[144.35173,-19.42391],[144.36955,-19.43009],[144.38745,-19.43073],[144.45079,-19.44125],[144.4705,-19.4479],[144.47737,-19.37091],[144.59084,-19.38413],[144.5978,-19.31904],[144.6174,-19.32092],[144.61898,-19.30604],[144.62247,-19.2973],[144.6297,-19.28843],[144.75009,-19.18077],[144.77111,-19.20467],[144.8314,-19.15985],[144.82384,-19.15684],[144.8105,-19.15584],[144.80437,-19.15723],[144.79442,-19.1622],[144.77435,-19.14797],[144.71527,-19.01684],[144.69973,-19.00515],[144.69931,-19.00392],[144.69798,-18.996],[144.7075,-18.93594],[144.72138,-18.92125],[144.7903,-18.87105],[144.74538,-18.81803],[144.80842,-18.76959],[144.80723,-18.76844],[144.80755,-18.76449],[144.80462,-18.76176],[144.80468,-18.75999],[144.80676,-18.75728],[144.8059,-18.75233],[144.80162,-18.75092],[144.80065,-18.7496],[144.80057,-18.74775],[144.80257,-18.74569],[144.80247,-18.74438],[144.79204,-18.7332],[144.78901,-18.73295],[144.78675,-18.73399],[144.77753,-18.7407],[144.76544,-18.72856],[144.75799,-18.72854],[144.75648,-18.72762],[144.75561,-18.72526],[144.75095,-18.72507],[144.74515,-18.72186],[144.74389,-18.71249],[144.74687,-18.70754],[144.74169,-18.70268],[144.78708,-18.66128],[144.76414,-18.63846],[144.65162,-18.62657],[144.65996,-18.56862],[144.67614,-18.42343],[144.67774,-18.31097],[144.74113,-18.31746],[144.76036,-18.35638],[144.7712,-18.35751],[144.77406,-18.3588],[144.78014,-18.35794],[144.79979,-18.35919],[144.81104,-18.3675],[144.81361,-18.36775],[144.81717,-18.37174],[144.82242,-18.36907],[144.83461,-18.36881],[144.84348,-18.37177],[144.84956,-18.36959],[144.85518,-18.36952],[144.85162,-18.39999],[144.84462,-18.408],[144.83754,-18.44003],[144.84135,-18.45245],[144.8367,-18.49314],[144.88042,-18.49736],[144.87821,-18.51791],[144.92405,-18.52278],[144.9199,-18.51654],[144.92226,-18.5067],[144.92174,-18.50134],[144.95117,-18.50417],[144.95089,-18.50157],[144.94911,-18.50103],[144.94688,-18.49769],[144.94727,-18.49513],[144.95138,-18.48928],[144.95282,-18.48459],[144.95323,-18.48209],[144.95139,-18.47733],[144.95284,-18.47503],[144.95485,-18.47529],[144.95684,-18.48347],[144.95788,-18.48312],[144.96063,-18.48611],[144.96287,-18.48551],[144.9645,-18.48153],[144.96308,-18.47843],[144.96301,-18.47322],[144.96831,-18.46956],[144.97148,-18.47228],[144.97101,-18.47511],[144.97573,-18.4871],[144.97521,-18.49027],[144.97663,-18.49212],[144.98119,-18.49362],[144.98216,-18.49856],[144.98098,-18.50697],[145.04673,-18.51323],[145.05138,-18.51813],[145.05021,-18.52807],[145.05264,-18.53054],[145.05184,-18.53611],[145.05507,-18.53972],[145.05399,-18.543],[145.05235,-18.54211],[145.05347,-18.54889],[145.05759,-18.54933],[145.05829,-18.55131],[145.06364,-18.55459],[145.06855,-18.55363],[145.0755,-18.55433],[145.07777,-18.55963],[145.07984,-18.56062],[145.08632,-18.55994],[145.09169,-18.56682],[145.09504,-18.56539],[145.0983,-18.56704],[145.10113,-18.56675],[145.10435,-18.56429],[145.10752,-18.5638],[145.11585,-18.55744],[145.1178,-18.55744],[145.11967,-18.55586],[145.12442,-18.55779],[145.12767,-18.55752],[145.12951,-18.55884],[145.12905,-18.56024],[145.131,-18.56041],[145.13366,-18.56512],[145.13354,-18.56909],[145.13071,-18.57266],[145.13274,-18.57805],[145.1343,-18.57756],[145.13581,-18.5744],[145.13893,-18.57413],[145.13895,-18.57286],[145.14067,-18.5727],[145.14053,-18.56512],[145.14862,-18.55298],[145.15673,-18.54549],[145.15736,-18.53833],[145.17183,-18.52081],[145.17348,-18.51548],[145.17903,-18.51024],[145.18251,-18.51058],[145.18416,-18.4948],[145.1738,-18.49377],[145.17447,-18.49142],[145.17207,-18.48837],[145.17808,-18.47951],[145.18569,-18.48024],[145.18199,-18.47248],[145.18231,-18.44919],[145.17996,-18.44663],[145.18285,-18.43249],[145.18377,-18.43193],[145.18062,-18.4284],[145.17818,-18.42745],[145.17746,-18.42507],[145.17205,-18.42332],[145.17162,-18.42106],[145.16908,-18.42015],[145.1642,-18.41496],[145.16171,-18.40698],[145.16261,-18.40292],[145.16084,-18.39981],[145.16372,-18.39523],[145.16164,-18.39347],[145.16133,-18.39084],[145.15467,-18.39288],[145.15217,-18.39179],[145.15154,-18.39353],[145.14962,-18.39387],[145.14404,-18.39192],[145.14308,-18.39062],[145.13954,-18.39083],[145.1381,-18.38805],[145.13433,-18.3851],[145.13288,-18.37971],[145.13309,-18.37795],[145.13547,-18.37736],[145.13219,-18.3705],[145.13442,-18.362],[145.13735,-18.36253],[145.13878,-18.36167],[145.13903,-18.36077],[145.13756,-18.35994],[145.13986,-18.35782],[145.1495,-18.36522],[145.15273,-18.36397],[145.15561,-18.36465],[145.15796,-18.36268],[145.15717,-18.35808],[145.15774,-18.35583],[145.15996,-18.35367],[145.1588,-18.35185],[145.16111,-18.35097],[145.16229,-18.34876],[145.1639,-18.34988],[145.16662,-18.34671],[145.19442,-18.3495],[145.19522,-18.34776],[145.26788,-18.35504],[145.25993,-18.42733],[145.28644,-18.42999],[145.27917,-18.43955],[145.30174,-18.45519],[145.29679,-18.46404],[145.35725,-18.53575],[145.38345,-18.57023],[145.39003,-18.56506],[145.49452,-18.57644],[145.50124,-18.46187],[145.71631,-18.48839],[145.71587,-18.4854],[145.71427,-18.48369],[145.71431,-18.48026],[145.70805,-18.47089],[145.71258,-18.46786],[145.71504,-18.46839],[145.72009,-18.46726],[145.72509,-18.46835],[145.72518,-18.46621],[145.72851,-18.46566],[145.72909,-18.46528],[145.73238,-18.46176],[145.72924,-18.45351],[145.73183,-18.45406],[145.73611,-18.45732],[145.73895,-18.45015],[145.74215,-18.45124],[145.7442,-18.45054],[145.747,-18.44548],[145.75496,-18.43848],[145.75599,-18.43509],[145.75456,-18.43083],[145.75777,-18.4294],[145.7575,-18.4259],[145.76005,-18.42394],[145.75518,-18.41488],[145.75582,-18.40806],[145.76916,-18.40942],[145.75947,-18.40273],[145.759,-18.40241],[145.7589,-18.40044],[145.75785,-18.39619],[145.75757,-18.39589],[145.75745,-18.39582],[145.75208,-18.39484],[145.74727,-18.39523],[145.74641,-18.39263],[145.7461,-18.39022],[145.74803,-18.38063],[145.74456,-18.37399],[145.7443,-18.37348],[145.74338,-18.37302],[145.73863,-18.37064],[145.72728,-18.36497],[145.72196,-18.36361],[145.71813,-18.35695],[145.78662,-18.30423],[145.79546,-18.30864],[145.80254,-18.30576],[145.80585,-18.30644],[145.80963,-18.3046],[145.80986,-18.30253],[145.80823,-18.29955],[145.81279,-18.29633],[145.81291,-18.29483],[145.81567,-18.29454],[145.81518,-18.28571],[145.81175,-18.28468],[145.81169,-18.28147],[145.80777,-18.27372],[145.79947,-18.26806],[145.80139,-18.26208],[145.80474,-18.25795],[145.80395,-18.25164],[145.80726,-18.2456],[145.80512,-18.24329],[145.80442,-18.24057],[145.80043,-18.23734],[145.79967,-18.23567],[145.80064,-18.23367],[145.79812,-18.23388],[145.7955,-18.23179],[145.79315,-18.23246],[145.79261,-18.2262],[145.79564,-18.22261],[145.79278,-18.22047],[145.79293,-18.21731],[145.79162,-18.21575],[145.78712,-18.21508],[145.78318,-18.20656],[145.78021,-18.20327],[145.77918,-18.19821],[145.78233,-18.19422],[145.78698,-18.19179],[145.78759,-18.19042],[145.78721,-18.18623],[145.78566,-18.18478],[145.78444,-18.18087],[145.77571,-18.17655],[145.77191,-18.17279],[145.77033,-18.17525],[145.76854,-18.17397],[145.76767,-18.17086],[145.76623,-18.17051],[145.76482,-18.16768],[145.76166,-18.16513],[145.75768,-18.16442],[145.75152,-18.15656],[145.74369,-18.15987],[145.74099,-18.15944],[145.73933,-18.15747],[145.73693,-18.15796],[145.73484,-18.1568],[145.73323,-18.16078],[145.73105,-18.16134],[145.72645,-18.16773],[145.72465,-18.16785],[145.72336,-18.16638],[145.7215,-18.16749],[145.71578,-18.16669],[145.71086,-18.1721],[145.70932,-18.17247],[145.70524,-18.17899],[145.70182,-18.17678],[145.69616,-18.17512],[145.69323,-18.17107],[145.69025,-18.1696],[145.6893,-18.16977],[145.6869,-18.16897],[145.68475,-18.16759],[145.68402,-18.16618],[145.68307,-18.16104],[145.68428,-18.15765],[145.68677,-18.15519],[145.68857,-18.15483],[145.68799,-18.15317],[145.69042,-18.1512],[145.69299,-18.15169],[145.69844,-18.1504],[145.6992,-18.14726],[145.70144,-18.14529],[145.70352,-18.14111],[145.70385,-18.13864],[145.70231,-18.13639],[145.70308,-18.13255],[145.70072,-18.12886],[145.70427,-18.12717],[145.70516,-18.12299],[145.70375,-18.1204],[145.70419,-18.11812],[145.70719,-18.11657],[145.70575,-18.11451],[145.70743,-18.10923],[145.7037,-18.10321],[145.70508,-18.10126],[145.70412,-18.10006],[145.70208,-18.10052],[145.69673,-18.09914],[145.69289,-18.0953],[145.69037,-18.09525],[145.68911,-18.09204],[145.68526,-18.09324],[145.68275,-18.09566],[145.67951,-18.10036],[145.67945,-18.10294],[145.67549,-18.103],[145.67117,-18.09991],[145.66769,-18.10295],[145.66282,-18.09418],[145.66174,-18.09343],[145.6594,-18.09441],[145.65598,-18.09309],[145.65346,-18.08994],[145.6449,-18.08534],[145.64412,-18.08432],[145.64337,-18.08232],[145.64193,-18.08146],[145.64187,-18.0787],[145.64337,-18.0779],[145.64397,-18.07532],[145.64319,-18.07417],[145.6439,-18.06906],[145.64276,-18.06763],[145.64438,-18.06706],[145.64702,-18.06241],[145.64671,-18.05817],[145.65283,-18.05564],[145.65109,-18.0522],[145.65253,-18.04996],[145.64989,-18.04801],[145.65072,-18.04538],[145.65018,-18.03867],[145.64824,-18.03616],[145.64945,-18.03368],[145.65395,-18.03155],[145.65347,-18.02943],[145.65023,-18.02754],[145.63601,-18.02806],[145.63337,-18.02629],[145.63127,-18.02302],[145.62219,-18.02116],[145.62363,-18.01852],[145.62302,-18.01457],[145.62547,-18.01026],[145.62379,-18.00916],[145.62345,-18.00821],[145.62552,-18.00383],[145.62545,-18.00045],[145.63082,-17.99727],[145.63402,-17.99674],[145.63552,-17.99502],[145.63824,-17.99523],[145.63892,-17.9916],[145.63798,-17.99043],[145.64033,-17.98825],[145.63768,-17.98573],[145.63757,-17.98203],[145.63886,-17.97961],[145.64077,-17.97966],[145.64101,-17.97559],[145.64245,-17.97609],[145.64554,-17.97374],[145.64582,-17.97209],[145.64981,-17.97381],[145.65097,-17.97192],[145.65318,-17.97143],[145.65275,-17.97007],[145.65441,-17.96761],[145.65011,-17.96356],[145.65206,-17.96173],[145.65078,-17.96014],[145.65232,-17.959],[145.65191,-17.95735],[145.65681,-17.95738],[145.65839,-17.95622],[145.65878,-17.95469],[145.65774,-17.95313],[145.66002,-17.94841],[145.66208,-17.94878],[145.66226,-17.94697],[145.66528,-17.94604],[145.66997,-17.94846],[145.67403,-17.94782],[145.67594,-17.9458],[145.67751,-17.9465],[145.67897,-17.94558],[145.67921,-17.94305],[145.68188,-17.94006],[145.68004,-17.93732],[145.67969,-17.9338],[145.68125,-17.93151],[145.68408,-17.93012],[145.68295,-17.9277],[145.68586,-17.92536],[145.68034,-17.91918],[145.681,-17.91408],[145.68062,-17.91267],[145.68086,-17.90711],[145.6848,-17.90241],[145.68381,-17.89977],[145.68437,-17.89803],[145.68012,-17.89141],[145.67915,-17.88619],[145.67531,-17.88253],[145.67566,-17.88083],[145.67288,-17.87763],[145.6735,-17.87424],[145.67182,-17.87023],[145.66803,-17.86841],[145.66403,-17.86367],[145.66089,-17.86319],[145.6573,-17.86437],[145.65553,-17.86395],[145.65493,-17.86235],[145.65544,-17.85923],[145.65419,-17.85755],[145.65521,-17.85518],[145.65366,-17.85257],[145.65472,-17.84961],[145.65363,-17.84964],[145.65267,-17.84675],[145.65309,-17.84032],[145.65176,-17.8367],[145.65293,-17.82767],[145.6572,-17.82658],[145.6586,-17.82346],[145.65811,-17.82005],[145.65545,-17.81585],[145.64632,-17.80853],[145.6454,-17.80646],[145.64344,-17.80545],[145.64234,-17.80259],[145.6384,-17.8042],[145.63929,-17.80667],[145.63826,-17.808],[145.63431,-17.80615],[145.63158,-17.80126],[145.62716,-17.80064],[145.62204,-17.79749],[145.61783,-17.79815],[145.61385,-17.80136],[145.61001,-17.79981],[145.6101,-17.79579],[145.60879,-17.79452],[145.60553,-17.79578],[145.60261,-17.7939],[145.59975,-17.7949],[145.59739,-17.79399],[145.59103,-17.79548],[145.585,-17.79055],[145.57964,-17.79118],[145.58067,-17.78614],[145.57967,-17.78366],[145.57255,-17.78291],[145.57703,-17.74079],[145.65151,-17.72688],[145.65142,-17.72508],[145.64725,-17.72185],[145.64764,-17.71782],[145.64104,-17.70714],[145.64295,-17.70469],[145.64345,-17.70173],[145.64865,-17.70068],[145.64953,-17.69956],[145.65186,-17.69983],[145.65664,-17.6937],[145.65848,-17.69346],[145.66016,-17.68933],[145.65658,-17.68604],[145.66143,-17.67957],[145.65936,-17.67585],[145.65675,-17.67549],[145.65348,-17.6722],[145.65098,-17.67216],[145.65084,-17.67049],[145.64847,-17.66815],[145.64589,-17.66808],[145.64435,-17.66631],[145.64533,-17.66492],[145.64072,-17.65679],[145.65472,-17.65807],[145.6544,-17.66302],[145.65966,-17.66685],[145.66051,-17.66889],[145.66811,-17.66575],[145.67189,-17.66723],[145.67322,-17.66655],[145.6744,-17.67608],[145.6776,-17.67757],[145.68034,-17.67587],[145.68239,-17.67882],[145.68304,-17.67757],[145.68098,-17.67426],[145.68084,-17.67145],[145.67846,-17.67055],[145.67878,-17.66655],[145.68262,-17.66542],[145.68605,-17.66214],[145.69235,-17.66362],[145.69545,-17.66103],[145.69424,-17.65595],[145.69583,-17.6553],[145.69638,-17.65226],[145.69733,-17.65204],[145.70735,-17.55683],[145.7104,-17.55843],[145.71551,-17.55431],[145.71775,-17.55428],[145.72234,-17.55724],[145.72446,-17.55655],[145.72749,-17.55843],[145.73058,-17.55825],[145.73332,-17.55704],[145.73991,-17.5509],[145.74052,-17.54646],[145.73997,-17.5427],[145.73771,-17.5409],[145.73318,-17.54031],[145.7312,-17.53842],[145.73097,-17.53364],[145.72466,-17.53035],[145.72438,-17.52628],[145.72172,-17.52168],[145.72377,-17.51372],[145.72006,-17.51004],[145.72375,-17.50614],[145.71608,-17.49698],[145.83387,-17.50865],[145.83512,-17.49737],[145.83676,-17.48263],[145.8346,-17.47629],[145.83748,-17.47614],[145.83991,-17.45417],[145.83712,-17.45298],[145.83581,-17.44813],[145.83417,-17.45011],[145.83225,-17.44694],[145.8321,-17.4376],[145.82371,-17.4215],[145.8247,-17.41335],[145.82182,-17.40826],[145.82167,-17.40487],[145.81832,-17.39932],[145.82125,-17.39392],[145.81745,-17.38823],[145.81181,-17.38369],[145.81013,-17.3804],[145.80312,-17.37372],[145.80152,-17.37019],[145.78965,-17.36325],[145.78127,-17.35439],[145.78166,-17.34963],[145.78279,-17.34771],[145.78095,-17.34438],[145.78672,-17.33322],[145.78648,-17.32743],[145.78798,-17.32329],[145.78766,-17.32164],[145.78514,-17.32085],[145.78486,-17.31934],[145.79067,-17.31269],[145.79783,-17.31172],[145.79726,-17.30945],[145.79537,-17.30826],[145.79446,-17.30438],[145.80032,-17.30142],[145.79966,-17.29891],[145.80052,-17.29653],[145.79278,-17.2879],[145.79046,-17.2807],[145.78853,-17.28114],[145.78528,-17.27961],[145.78527,-17.26906],[145.78263,-17.26333],[145.77944,-17.26292],[145.77964,-17.25618],[145.77409,-17.25067],[145.77366,-17.25025],[145.77319,-17.24887],[145.77297,-17.2482],[145.77265,-17.24727],[145.77383,-17.23882],[145.77057,-17.23628],[145.76381,-17.23882],[145.76135,-17.23864],[145.75633,-17.24847],[145.7206,-17.23178],[145.71309,-17.21337],[145.70408,-17.21247],[145.70448,-17.17461],[145.67012,-17.17177],[145.67172,-17.16927],[145.673,-17.16911],[145.67271,-17.1661],[145.67327,-17.16458],[145.67491,-17.16412],[145.67514,-17.16157],[145.67053,-17.15828],[145.67087,-17.15645],[145.66962,-17.15439],[145.66118,-17.1544],[145.6588,-17.15149],[145.65916,-17.14672],[145.65661,-17.14544],[145.6555,-17.14028],[145.65419,-17.13906],[145.65586,-17.13533],[145.65467,-17.13433],[145.65538,-17.12645],[145.65262,-17.12447],[145.64657,-17.12406],[145.64216,-17.12245],[145.6394,-17.1186],[145.6396,-17.11403],[145.63769,-17.11329],[145.63652,-17.10908],[145.63933,-17.10587],[145.63717,-17.10323],[145.63161,-17.10161],[145.63048,-17.09887],[145.62389,-17.09678],[145.62454,-17.09096],[145.62236,-17.08963],[145.62377,-17.08799],[145.62357,-17.08564],[145.62749,-17.08367],[145.63298,-17.07754],[145.63229,-17.07253],[145.62753,-17.0696],[145.62523,-17.07059],[145.62264,-17.06775],[145.61868,-17.06934],[145.61563,-17.06758],[145.61726,-17.06454],[145.61639,-17.06326],[145.61966,-17.05874],[145.61459,-17.05148],[145.61498,-17.04903],[145.6192,-17.0444],[145.62362,-17.04324],[145.62702,-17.03896],[145.63059,-17.03712],[145.63205,-17.03355],[145.63552,-17.03188],[145.6383,-17.02527],[145.63827,-17.02284],[145.6397,-17.02193],[145.63679,-17.02045],[145.63422,-17.01748],[145.63192,-17.01299],[145.63216,-17.00883],[145.63009,-17.00681],[145.63032,-17.00464],[145.63296,-17.00332],[145.63416,-16.99737],[145.63707,-16.99611],[145.63966,-16.98572],[145.64423,-16.98337],[145.64791,-16.97874],[145.65135,-16.97745],[145.65212,-16.97513],[145.6548,-16.97468],[145.65435,-16.97151],[145.6512,-16.96952],[145.65039,-16.96557],[145.65123,-16.96278],[145.64984,-16.95714],[145.6519,-16.95041],[145.65,-16.94444],[145.65668,-16.93444],[145.65744,-16.93034],[145.66154,-16.92874],[145.66346,-16.92034],[145.66085,-16.9169],[145.6639,-16.91255],[145.66805,-16.90962],[145.67363,-16.89407],[145.67329,-16.89199],[145.66927,-16.88966],[145.66575,-16.88427],[145.66405,-16.88428],[145.66333,-16.88106],[145.6596,-16.88123],[145.65604,-16.87959],[145.6511,-16.88056],[145.65401,-16.87488],[145.66092,-16.87227],[145.66189,-16.86977],[145.6661,-16.8689],[145.66616,-16.86657],[145.6588,-16.86338],[145.65487,-16.85861],[145.64909,-16.85746],[145.64392,-16.85303],[145.65217,-16.84931],[145.65378,-16.84971],[145.65991,-16.84617],[145.66234,-16.84812],[145.66865,-16.84723],[145.66939,-16.84535],[145.65987,-16.83817],[145.66398,-16.83423],[145.66539,-16.82946],[145.66478,-16.82465],[145.66594,-16.81979],[145.6603,-16.81712],[145.6597,-16.81236],[145.65491,-16.80647],[145.65394,-16.80323],[145.65617,-16.79219],[145.65199,-16.78367],[145.65173,-16.773],[145.65036,-16.7724],[145.64857,-16.76879],[145.64912,-16.76173],[145.64513,-16.75403],[145.64186,-16.75097],[145.6424,-16.74873],[145.64485,-16.74766],[145.64763,-16.74231],[145.6441,-16.7407],[145.64162,-16.73764],[145.63926,-16.73698],[145.6364,-16.7377],[145.63547,-16.73615],[145.63354,-16.73614],[145.63082,-16.73109],[145.63246,-16.72765],[145.63131,-16.72465],[145.6231,-16.72106],[145.62245,-16.71936],[145.6158,-16.71508],[145.60569,-16.71458],[145.60309,-16.71112],[145.6008,-16.71003],[145.58654,-16.7059],[145.58244,-16.70153],[145.57551,-16.7012],[145.57184,-16.69745],[145.56852,-16.69681],[145.56536,-16.69376],[145.55717,-16.69218],[145.55145,-16.69252],[145.5439,-16.68704],[145.53782,-16.677],[145.53478,-16.67724],[145.53018,-16.67542],[145.52652,-16.67142],[145.5224,-16.67155],[145.51793,-16.675],[145.51704,-16.67097],[145.51492,-16.66866],[145.51521,-16.66597],[145.51367,-16.66571],[145.51373,-16.66467],[145.5171,-16.66025],[145.52114,-16.66073],[145.52192,-16.6595],[145.51937,-16.6566],[145.5213,-16.65364],[145.51997,-16.6488],[145.52377,-16.64643],[145.524,-16.64516],[145.52109,-16.63406],[145.52586,-16.62859],[145.53036,-16.62586],[145.52985,-16.62342],[145.52268,-16.62308],[145.51712,-16.6302],[145.51472,-16.62975],[145.50177,-16.64059],[145.49518,-16.64201],[145.49071,-16.64504],[145.48743,-16.64172],[145.48583,-16.64164],[145.47253,-16.64462],[145.46902,-16.64652],[145.4697,-16.64898],[145.46408,-16.64927],[145.46153,-16.64769],[145.458,-16.64885],[145.45491,-16.64438],[145.44716,-16.64354],[145.44925,-16.61059],[145.44378,-16.61016],[145.44377,-16.60894],[145.44,-16.60581],[145.43783,-16.60587],[145.43585,-16.60357],[145.44855,-16.60447],[145.4491,-16.59937],[145.44182,-16.59865],[145.44146,-16.59607],[145.44439,-16.59374],[145.44231,-16.57877],[145.44483,-16.57848],[145.44559,-16.57535],[145.43932,-16.56968],[145.43186,-16.56882],[145.43321,-16.55197],[145.41552,-16.52962],[145.41338,-16.5313],[145.41029,-16.52763],[145.41148,-16.5267],[145.40773,-16.52228],[145.41065,-16.51998],[145.40414,-16.51227],[145.38537,-16.51036],[145.3843,-16.52019],[145.37355,-16.5191],[145.37205,-16.53295],[145.36749,-16.53663],[145.3672,-16.53969],[145.36295,-16.54326],[145.36199,-16.54576],[145.36284,-16.54865],[145.36062,-16.55],[145.35932,-16.55309],[145.35465,-16.55641],[145.35192,-16.55534],[145.35201,-16.55175],[145.34934,-16.55153],[145.34561,-16.54747],[145.33557,-16.54679],[145.33006,-16.55162],[145.32581,-16.55181],[145.3263,-16.54184],[145.31978,-16.54086],[145.32008,-16.53815],[145.31325,-16.53617],[145.3114,-16.5338],[145.31159,-16.53246],[145.30931,-16.53112],[145.30713,-16.53117],[145.30498,-16.5329],[145.30467,-16.53549],[145.30272,-16.53752],[145.29878,-16.5384],[145.29572,-16.53677],[145.29487,-16.53462],[145.29723,-16.53291],[145.29718,-16.53109],[145.29016,-16.52981],[145.28633,-16.52245],[145.28434,-16.52125],[145.28472,-16.51921],[145.27954,-16.51861],[145.28037,-16.51544],[145.27389,-16.51256],[145.27264,-16.51043],[145.27195,-16.50428],[145.27609,-16.50292],[145.27642,-16.50065],[145.272,-16.4994],[145.26417,-16.49954],[145.26317,-16.4968],[145.26435,-16.49336],[145.26946,-16.49012],[145.26872,-16.48866],[145.265,-16.48798],[145.25844,-16.48458],[145.25789,-16.4822],[145.25952,-16.47903],[145.26364,-16.47802],[145.26272,-16.47511],[145.26576,-16.47187],[145.26882,-16.47249],[145.26827,-16.47139],[145.26928,-16.47045],[145.26974,-16.46655],[145.26766,-16.46579],[145.25942,-16.46825],[145.25227,-16.4643],[145.24294,-16.46433],[145.24264,-16.4622],[145.24422,-16.46159],[145.24429,-16.45747],[145.24193,-16.451],[145.24015,-16.44939],[145.2404,-16.4456],[145.23585,-16.44592],[145.22857,-16.44208],[145.22545,-16.43634],[145.22626,-16.43507],[145.22583,-16.43152],[145.22508,-16.43028],[145.22174,-16.4291],[145.22226,-16.42688],[145.21842,-16.42367],[145.20879,-16.41999],[145.20868,-16.4165],[145.21302,-16.41431],[145.21559,-16.41044],[145.21595,-16.40689],[145.214,-16.3999],[145.20614,-16.3967],[145.2027,-16.39869],[145.20047,-16.39839],[145.19544,-16.39467],[145.19042,-16.39397],[145.17849,-16.38342],[145.17323,-16.37605],[145.17198,-16.3723],[145.17443,-16.37063],[145.17432,-16.36756],[145.16899,-16.35955],[145.16643,-16.35888],[145.15896,-16.34906],[145.15367,-16.35093],[145.15148,-16.34898],[145.14489,-16.35079],[145.1403,-16.34656],[145.14046,-16.34412],[145.14195,-16.34357],[145.14279,-16.3379],[145.14006,-16.33539],[145.1406,-16.33244],[145.13871,-16.33163],[145.1356,-16.32682],[145.13628,-16.31955],[145.13761,-16.31828],[145.13639,-16.31546],[145.13766,-16.3135],[145.13846,-16.30813],[145.13569,-16.30805],[145.13378,-16.30564],[145.12969,-16.30407],[145.13136,-16.30277],[145.13132,-16.29614],[145.13385,-16.29063],[145.13362,-16.28628],[145.12562,-16.28224],[145.12279,-16.28314],[145.12157,-16.28254],[145.12027,-16.28017],[145.11651,-16.27962],[145.11251,-16.27624],[145.11215,-16.27479],[145.10858,-16.2755],[145.10752,-16.27378],[145.10863,-16.27143],[145.10713,-16.26873],[145.10191,-16.26898],[145.10092,-16.26648],[145.09627,-16.26446],[145.08678,-16.26295],[145.07934,-16.26806],[145.06447,-16.26214],[145.06096,-16.264],[145.05961,-16.26199],[145.0552,-16.25926],[145.05788,-16.25474],[145.0587,-16.25091],[145.06174,-16.24899],[145.05402,-16.24299],[145.05438,-16.24078],[145.03357,-16.23064],[145.0248,-16.23134],[145.02031,-16.22903],[145.02087,-16.2264],[145.02615,-16.2244],[145.02104,-16.22089],[145.01158,-16.22493],[145.01163,-16.22648],[145.00675,-16.23264],[145.00426,-16.23788],[145.00083,-16.23973],[145.00044,-16.24602],[144.99829,-16.24953],[144.99249,-16.25305],[144.99205,-16.25619],[144.9982,-16.25884],[144.9949,-16.26367],[144.98659,-16.26626],[144.98632,-16.26897],[144.98289,-16.2702],[144.98173,-16.27254],[144.9769,-16.27689],[144.97581,-16.27962],[144.97843,-16.2853],[144.98426,-16.2874],[144.98512,-16.29094],[144.98459,-16.2947],[144.98794,-16.30101],[144.99246,-16.30364],[144.99381,-16.31327],[144.99226,-16.31651],[144.9806,-16.32091],[144.9805,-16.32467],[144.97785,-16.32371],[144.97524,-16.32616],[144.97128,-16.32671],[144.97156,-16.33197],[144.96766,-16.33476],[144.96504,-16.33429],[144.96175,-16.33823],[144.95649,-16.33687],[144.95541,-16.33782],[144.95426,-16.33611],[144.94867,-16.33763],[144.94371,-16.33676],[144.94433,-16.33996],[144.94117,-16.34337],[144.94154,-16.34521],[144.93938,-16.34595],[144.93259,-16.34321],[144.931,-16.34131],[144.92761,-16.34087],[144.92636,-16.33824],[144.92344,-16.33721],[144.92022,-16.33361],[144.91742,-16.33491],[144.91425,-16.33264],[144.91081,-16.33455],[144.90859,-16.33061],[144.90505,-16.3275],[144.90256,-16.32908],[144.9033,-16.33361],[144.90168,-16.33495],[144.90167,-16.33679],[144.89345,-16.34112],[144.89101,-16.34584],[144.88765,-16.3465],[144.88427,-16.34231],[144.88191,-16.33503],[144.88186,-16.32984],[144.87989,-16.32539],[144.87653,-16.32021],[144.87464,-16.31978],[144.8728,-16.32084],[144.87331,-16.32318],[144.86886,-16.32579],[144.86779,-16.32891],[144.86387,-16.33059],[144.86223,-16.3297],[144.86018,-16.33164],[144.85971,-16.33512],[144.85779,-16.33597],[144.85796,-16.34008],[144.85404,-16.34346],[144.85507,-16.34575],[144.85698,-16.34623],[144.85107,-16.3533],[144.84947,-16.35303],[144.85059,-16.35538],[144.84867,-16.35598],[144.8462,-16.35307],[144.84285,-16.35214],[144.84023,-16.34992],[144.8378,-16.35095],[144.83761,-16.3543],[144.83653,-16.35517],[144.83696,-16.36186],[144.83538,-16.36346],[144.83135,-16.35991],[144.82555,-16.3592],[144.82231,-16.3534],[144.82315,-16.35211],[144.81997,-16.34852],[144.82087,-16.34442],[144.8171,-16.33858],[144.80856,-16.3379],[144.80757,-16.33377],[144.80362,-16.32715],[144.8038,-16.32569],[144.78881,-16.30618],[144.77141,-16.29393],[144.77329,-16.28372],[144.77244,-16.27902],[144.77089,-16.27547],[144.76493,-16.27181],[144.76468,-16.2671],[144.7617,-16.26252],[144.73161,-16.2605],[144.7172,-16.25134],[144.71232,-16.25296],[144.71234,-16.26018],[144.71045,-16.26627],[144.70522,-16.26765],[144.69761,-16.2657],[144.69499,-16.26995],[144.69525,-16.27879],[144.68969,-16.29497],[144.6934,-16.30643],[144.69258,-16.31504],[144.69069,-16.31871],[144.69102,-16.32121],[144.68972,-16.32397],[144.68391,-16.32765],[144.67882,-16.33269],[144.65495,-16.32554],[144.653,-16.32302],[144.64476,-16.32003],[144.64271,-16.31722],[144.63437,-16.31849],[144.62758,-16.32175],[144.62602,-16.32017],[144.62025,-16.31897],[144.61966,-16.31715],[144.61293,-16.31144],[144.58482,-16.30073],[144.58187,-16.29878],[144.5782,-16.29058],[144.57573,-16.28972],[144.57089,-16.29006],[144.564,-16.29226],[144.56161,-16.29168],[144.5585,-16.29415],[144.55761,-16.29987],[144.55033,-16.301],[144.54579,-16.30334],[144.54403,-16.3016],[144.54155,-16.30129],[144.53919,-16.2982],[144.5294,-16.29833],[144.52118,-16.30333],[144.51972,-16.3059],[144.51744,-16.30646],[144.5146,-16.3091],[144.51409,-16.31427],[144.51043,-16.31481],[144.50971,-16.31677],[144.51136,-16.32157],[144.51551,-16.32386],[144.51893,-16.32354],[144.51837,-16.32605],[144.52108,-16.33381],[144.52459,-16.33585],[144.52514,-16.34037],[144.51889,-16.34975],[144.51291,-16.35015],[144.50933,-16.35371],[144.5068,-16.35459],[144.50373,-16.35321],[144.50142,-16.35558],[144.50004,-16.35545],[144.4957,-16.35214],[144.49408,-16.34855],[144.48853,-16.34739],[144.48606,-16.34932],[144.48226,-16.34849],[144.47896,-16.34543],[144.47597,-16.34484],[144.47091,-16.3367],[144.46622,-16.33822],[144.45731,-16.33575],[144.45463,-16.33313],[144.45075,-16.33152],[144.44445,-16.33787],[144.43979,-16.33986],[144.4381,-16.34223],[144.43215,-16.34063],[144.42944,-16.34256],[144.42839,-16.34525],[144.42693,-16.34472],[144.42483,-16.34713],[144.42137,-16.34748],[144.4205,-16.34907],[144.41521,-16.34991],[144.41291,-16.34839],[144.40699,-16.34769],[144.40587,-16.34627],[144.40679,-16.34118],[144.40371,-16.33459],[144.39921,-16.33046],[144.39339,-16.32827],[144.38987,-16.32457],[144.38638,-16.31477],[144.38677,-16.31317],[144.38245,-16.31045],[144.37821,-16.31039],[144.36835,-16.30405],[144.36312,-16.30036],[144.35423,-16.29023],[144.34447,-16.28578],[144.33999,-16.29017],[144.3352,-16.29029],[144.33383,-16.29128],[144.32815,-16.29874],[144.3236,-16.31377],[144.31992,-16.3169],[144.31728,-16.32089],[144.31669,-16.32373],[144.31837,-16.32951],[144.31755,-16.3308],[144.31504,-16.33018],[144.31256,-16.3273],[144.30891,-16.32944],[144.30608,-16.32976],[144.30413,-16.33306],[144.30271,-16.33351],[144.30318,-16.33518],[144.30137,-16.33759],[144.29835,-16.3385],[144.2928,-16.33769],[144.28605,-16.33333],[144.27643,-16.32335],[144.27278,-16.32486],[144.26787,-16.32883],[144.26686,-16.33101],[144.26743,-16.3344],[144.26643,-16.33539],[144.26181,-16.33652],[144.25949,-16.3353],[144.25792,-16.33783],[144.25253,-16.3419],[144.24716,-16.34384],[144.24477,-16.34188],[144.2446,-16.33744],[144.24356,-16.33688],[144.24472,-16.33545],[144.24224,-16.33016],[144.23525,-16.32826],[144.23353,-16.32623],[144.23309,-16.32278],[144.23124,-16.31961],[144.22895,-16.31789],[144.22623,-16.31884],[144.2256,-16.3166],[144.22737,-16.3141],[144.22471,-16.3125],[144.22794,-16.30916],[144.22603,-16.29573],[144.2271,-16.29142],[144.2258,-16.29017],[144.22017,-16.29049],[144.21777,-16.28685],[144.22267,-16.28203],[144.2194,-16.27859],[144.21829,-16.27433],[144.2152,-16.2752],[144.21237,-16.27178],[144.21148,-16.26743],[144.20658,-16.26398],[144.19917,-16.26401],[144.1951,-16.26192],[144.18683,-16.26589],[144.18501,-16.27057],[144.18461,-16.26535],[144.18326,-16.26392],[144.17992,-16.26403],[144.1779,-16.26666],[144.17788,-16.26474],[144.17602,-16.26243],[144.17586,-16.26051],[144.17701,-16.25897],[144.17624,-16.25527],[144.16886,-16.255],[144.16826,-16.2508],[144.16664,-16.25155],[144.16037,-16.24779],[144.16103,-16.24275],[144.15864,-16.23204],[144.15735,-16.22974],[144.15477,-16.22814],[144.15321,-16.22488],[144.15108,-16.22478],[144.14884,-16.21936],[144.14582,-16.21612],[144.14117,-16.20044],[144.13796,-16.19997],[144.13722,-16.19891],[144.13782,-16.19714],[144.13594,-16.18527],[144.13034,-16.18378],[144.1226,-16.18444],[144.12092,-16.18277],[144.12001,-16.17705],[144.1186,-16.17621],[144.11941,-16.17243],[144.11626,-16.14928],[144.1178,-16.14188],[144.11562,-16.14015],[144.11412,-16.14059],[144.11367,-16.143],[144.11068,-16.14383],[144.10757,-16.14319],[144.10599,-16.14486],[144.10289,-16.13993],[144.10054,-16.13935],[144.09812,-16.13371],[144.09826,-16.13056],[144.09727,-16.13027],[144.09549,-16.13368],[144.09292,-16.13474],[144.08853,-16.13201],[144.08635,-16.12888],[144.07806,-16.13161],[144.07014,-16.13058],[144.06782,-16.13572],[144.06191,-16.13879],[144.05855,-16.14296],[144.05684,-16.14362],[144.05186,-16.14124],[144.05057,-16.14168],[144.04822,-16.14722],[144.04349,-16.14752],[144.04101,-16.14709],[144.03171,-16.14186],[144.02695,-16.1418],[144.02256,-16.13921],[144.01843,-16.13966],[144.01598,-16.13868],[144.01028,-16.13161],[144.00615,-16.12845],[143.99667,-16.12446],[143.99118,-16.1241],[143.98906,-16.12206],[143.98656,-16.12227],[143.98183,-16.12055],[143.97353,-16.11607],[143.96944,-16.119],[143.96619,-16.11936],[143.96559,-16.11623],[143.9597,-16.11175],[143.95009,-16.10848],[143.94894,-16.10976],[143.94886,-16.1122],[143.94059,-16.11442],[143.93442,-16.12036],[143.93382,-16.12658],[143.92911,-16.12994],[143.92092,-16.13266],[143.91788,-16.13557],[143.91493,-16.13642],[143.91078,-16.13209],[143.90961,-16.12798],[143.90277,-16.12727],[143.90269,-16.12226],[143.89937,-16.12084],[143.89821,-16.11651],[143.89129,-16.11965],[143.89031,-16.11838],[143.89053,-16.1159],[143.88036,-16.11095],[143.88094,-16.10894],[143.87987,-16.1063],[143.87399,-16.10611],[143.87133,-16.10815],[143.86927,-16.11665],[143.86691,-16.11981],[143.86442,-16.12232],[143.85959,-16.12391],[143.85342,-16.1296],[143.85396,-16.13574],[143.85131,-16.13715],[143.84378,-16.13675],[143.84255,-16.13509],[143.83171,-16.13243],[143.82511,-16.13681],[143.82207,-16.13747],[143.8184,-16.14421],[143.81361,-16.14577],[143.8088,-16.1542],[143.80278,-16.15759],[143.79738,-16.15635],[143.79374,-16.15935],[143.79092,-16.15716],[143.78608,-16.15849],[143.77894,-16.15677],[143.77569,-16.15827],[143.776,-16.16169],[143.77356,-16.16445],[143.76657,-16.16282],[143.7646,-16.16077],[143.7626,-16.16095],[143.7613,-16.16315],[143.75806,-16.16534],[143.75573,-16.16308],[143.7522,-16.16327],[143.75128,-16.15961],[143.7465,-16.1572],[143.74203,-16.15783],[143.73857,-16.15552],[143.73573,-16.15579],[143.73295,-16.15402],[143.72568,-16.15397],[143.7223,-16.15201],[143.72167,-16.14915],[143.71753,-16.14476],[143.71742,-16.14189],[143.71498,-16.13919],[143.71453,-16.13508],[143.71241,-16.1334],[143.70369,-16.13428],[143.69532,-16.12982],[143.69203,-16.13067],[143.6895,-16.12764],[143.68712,-16.12797],[143.68263,-16.12447],[143.68003,-16.12645],[143.67253,-16.12337],[143.66994,-16.11825],[143.66604,-16.11641],[143.6599,-16.11968],[143.6574,-16.11801],[143.65471,-16.11357],[143.65454,-16.10939],[143.65247,-16.10669],[143.64505,-16.10299],[143.6422,-16.09539],[143.63891,-16.09445],[143.64357,-16.08555],[143.64206,-16.07906],[143.63836,-16.0765],[143.63186,-16.07547],[143.62578,-16.07758],[143.62168,-16.07727],[143.6177,-16.07264],[143.61572,-16.07234],[143.61243,-16.07814],[143.60944,-16.07662],[143.60651,-16.07713],[143.60103,-16.07519],[143.59483,-16.07912],[143.58878,-16.07963],[143.58427,-16.07721],[143.57296,-16.08113],[143.56371,-16.07895],[143.55961,-16.07918],[143.54709,-16.08588],[143.54555,-16.0887],[143.53971,-16.08841],[143.53326,-16.09071],[143.53007,-16.09409],[143.52804,-16.0943],[143.51763,-16.08885],[143.50126,-16.08668],[143.49459,-16.08061],[143.48903,-16.08089],[143.48434,-16.07924],[143.48052,-16.07444],[143.47475,-16.07098],[143.46537,-16.06863],[143.46544,-16.06333],[143.47031,-16.05837],[143.46941,-16.05547],[143.46545,-16.05478],[143.45677,-16.05616],[143.44629,-16.05482],[143.43977,-16.0506],[143.43715,-16.04601],[143.43085,-16.0447],[143.42759,-16.04899],[143.42725,-16.05144],[143.42099,-16.05464],[143.41858,-16.05412],[143.41206,-16.05576],[143.402,-16.04546],[143.39022,-16.04254],[143.36579,-16.04447],[143.35577,-16.04792],[143.34075,-16.05517],[143.32236,-16.06665],[143.30328,-16.07625],[143.29873,-16.08317],[143.29027,-16.08396],[143.27554,-16.09234],[143.2678,-16.09395],[143.26169,-16.09329],[143.25528,-16.094],[143.2486,-16.10078],[143.23687,-16.10505],[143.22308,-16.10752],[143.19331,-16.10196],[143.18434,-16.0964],[143.16859,-16.10147],[143.14828,-16.10429],[143.14058,-16.10291],[143.11305,-16.10515],[143.10428,-16.1021],[143.06082,-16.10985],[143.05433,-16.11344],[143.04272,-16.11296],[143.02071,-16.09188],[143.01545,-16.09317],[143.01142,-16.09663],[143.00403,-16.09502],[142.98592,-16.08333],[142.95566,-16.07662],[142.94059,-16.07588],[142.92471,-16.0769],[142.90461,-16.08472],[142.89677,-16.08421],[142.87436,-16.08652],[142.85567,-16.08493],[142.8371,-16.08007],[142.80313,-16.07934],[142.79216,-16.08089],[142.78527,-16.07745],[142.77222,-16.07457],[142.7523,-16.07823],[142.74552,-16.07836],[142.743,-16.08246],[142.73909,-16.08329],[142.73535,-16.08696],[142.73056,-16.08948],[142.72003,-16.08235],[142.71095,-16.07937]]]},"properties":{"District Name":"Mareeba","DDMG Name":"Mareeba"}},{"type":"Feature","geometry":{"type":"Polygon","coordinates":[[[151.99778,-25.77091],[152.00165,-25.77223],[152.00317,-25.77655],[152.00731,-25.77985],[152.00818,-25.78246],[152.01854,-25.78645],[152.0211,-25.78899],[152.02917,-25.78706],[152.03897,-25.7902],[152.0386,-25.79352],[152.03534,-25.79522],[152.03636,-25.79836],[152.03455,-25.80064],[152.03599,-25.80383],[152.02853,-25.81166],[152.02932,-25.81952],[152.03175,-25.82057],[152.03193,-25.82184],[152.03145,-25.82588],[152.02894,-25.82939],[152.03155,-25.8369],[152.03099,-25.84045],[152.03263,-25.84182],[152.03228,-25.84324],[152.02944,-25.84521],[152.02865,-25.85007],[152.03317,-25.85223],[152.0366,-25.85239],[152.03842,-25.8513],[152.04452,-25.85247],[152.04526,-25.85125],[152.04917,-25.85184],[152.05073,-25.85572],[152.04799,-25.86232],[152.04995,-25.86767],[152.04715,-25.86785],[152.04531,-25.87066],[152.04493,-25.87364],[152.04321,-25.87506],[152.04742,-25.87854],[152.05752,-25.88296],[152.05898,-25.8864],[152.06846,-25.88499],[152.07104,-25.88359],[152.07019,-25.88148],[152.07245,-25.87998],[152.07289,-25.87741],[152.08067,-25.875],[152.08164,-25.8731],[152.085,-25.87142],[152.09012,-25.87284],[152.09355,-25.8711],[152.09584,-25.8717],[152.10023,-25.86782],[152.10216,-25.86412],[152.10204,-25.86217],[152.10638,-25.86236],[152.11328,-25.85721],[152.11483,-25.85759],[152.1153,-25.85962],[152.11695,-25.86025],[152.11717,-25.86213],[152.11497,-25.86495],[152.11567,-25.867],[152.11468,-25.86942],[152.11601,-25.87236],[152.11763,-25.87279],[152.11622,-25.87483],[152.11676,-25.87657],[152.1195,-25.87883],[152.11989,-25.88159],[152.12186,-25.88195],[152.12304,-25.88594],[152.12726,-25.88657],[152.13012,-25.8857],[152.13104,-25.87993],[152.13017,-25.87776],[152.13337,-25.8735],[152.13666,-25.87419],[152.13727,-25.87732],[152.14329,-25.8804],[152.14619,-25.88375],[152.1526,-25.88404],[152.15963,-25.87871],[152.16937,-25.88194],[152.16945,-25.88744],[152.23127,-25.89466],[152.23148,-25.89366],[152.3307,-25.90754],[152.33338,-25.89212],[152.34079,-25.89362],[152.34557,-25.86333],[152.37496,-25.86703],[152.3775,-25.87392],[152.38092,-25.87493],[152.38665,-25.87262],[152.38783,-25.86705],[152.38672,-25.8631],[152.41158,-25.86595],[152.41087,-25.87037],[152.42259,-25.87196],[152.42072,-25.88297],[152.44602,-25.88649],[152.44613,-25.89266],[152.44888,-25.89161],[152.46349,-25.89372],[152.4648,-25.8986],[152.47386,-25.89931],[152.47575,-25.90307],[152.47489,-25.90542],[152.49688,-25.90833],[152.501,-25.90584],[152.50606,-25.90648],[152.50585,-25.90781],[152.54544,-25.91289],[152.54656,-25.91668],[152.5496,-25.9181],[152.55058,-25.92049],[152.54866,-25.93008],[152.55042,-25.93163],[152.55787,-25.9325],[152.55964,-25.9211],[152.56814,-25.92202],[152.56734,-25.92478],[152.56365,-25.92845],[152.56571,-25.93345],[152.56799,-25.93373],[152.56679,-25.9431],[152.60055,-25.94763],[152.60029,-25.94915],[152.60232,-25.94943],[152.60101,-25.9551],[152.61434,-25.95692],[152.61113,-25.97327],[152.62187,-25.97471],[152.62108,-25.98144],[152.65501,-25.98608],[152.65711,-25.98015],[152.65627,-25.9781],[152.66501,-25.97926],[152.66783,-25.9616],[152.67394,-25.96246],[152.67535,-25.95374],[152.66975,-25.95291],[152.67228,-25.93808],[152.68829,-25.9403],[152.69454,-25.93602],[152.69447,-25.93293],[152.70402,-25.92762],[152.70399,-25.92326],[152.7075,-25.91952],[152.70807,-25.91632],[152.71579,-25.91432],[152.71791,-25.91538],[152.72014,-25.91243],[152.72907,-25.91305],[152.73514,-25.91188],[152.73639,-25.90992],[152.73872,-25.90883],[152.7385,-25.9019],[152.74157,-25.89879],[152.74121,-25.89698],[152.74425,-25.89549],[152.74335,-25.89293],[152.74415,-25.88823],[152.74875,-25.88596],[152.75061,-25.88746],[152.75196,-25.88668],[152.75133,-25.87899],[152.7505,-25.87755],[152.74671,-25.87588],[152.74754,-25.87411],[152.74445,-25.87457],[152.74161,-25.87732],[152.74132,-25.87998],[152.74048,-25.88009],[152.73885,-25.87395],[152.73443,-25.87279],[152.73399,-25.86958],[152.73666,-25.86687],[152.73622,-25.86529],[152.73363,-25.86718],[152.73205,-25.86619],[152.72879,-25.86751],[152.72752,-25.86315],[152.71868,-25.85267],[152.72465,-25.84676],[152.71947,-25.84547],[152.71234,-25.84574],[152.71235,-25.84564],[152.71257,-25.84411],[152.71453,-25.84295],[152.7125,-25.8423],[152.71427,-25.83998],[152.71445,-25.84003],[152.71836,-25.84116],[152.72892,-25.8442],[152.73603,-25.84737],[152.73523,-25.84238],[152.99161,-25.88172],[152.99235,-25.88149],[152.99499,-25.87868],[153.00516,-25.87616],[153.0191,-25.86682],[153.02633,-25.86009],[153.0366,-25.85586],[153.03785,-25.85386],[153.03863,-25.84635],[153.03495,-25.83334],[153.03445,-25.82468],[153.03974,-25.80747],[153.04427,-25.80076],[153.06321,-25.80065],[153.0753,-25.80221],[153.07602,-25.79434],[153.08124,-25.78608],[153.088,-25.76216],[153.08761,-25.74949],[153.08177,-25.72836],[153.07849,-25.71],[153.07702,-25.68645],[153.07767,-25.67353],[153.08156,-25.65008],[153.08922,-25.61689],[153.09879,-25.58485],[153.09982,-25.58412],[153.1118,-25.55003],[153.14252,-25.47487],[153.19164,-25.36314],[153.22183,-25.29984],[153.22227,-25.29622],[153.22397,-25.29529],[153.22895,-25.28562],[153.25781,-25.22469],[153.26775,-25.20578],[153.30026,-25.13478],[153.30159,-25.13],[153.30437,-25.12603],[153.32299,-25.08521],[153.35136,-25.03016],[153.35579,-25.01862],[153.35799,-25.00864],[153.36034,-25.00581],[153.35702,-25.00641],[153.35483,-25.00478],[153.35179,-24.99644],[153.35096,-24.99131],[153.3522,-24.98947],[153.35037,-24.98696],[153.35132,-24.9816],[153.35,-24.98062],[153.35063,-24.96832],[153.35193,-24.96752],[153.3501,-24.96404],[153.35062,-24.96339],[153.34968,-24.96246],[153.34914,-24.96465],[153.34672,-24.96562],[153.34286,-24.96516],[153.34189,-24.96626],[153.33464,-24.96593],[153.32513,-24.96391],[153.31629,-24.95916],[153.29897,-24.94507],[153.29133,-24.93655],[153.2847,-24.92574],[153.27941,-24.91536],[153.27437,-24.90127],[153.27173,-24.89754],[153.2679,-24.88622],[153.26458,-24.87259],[153.26127,-24.85142],[153.25966,-24.81896],[153.26186,-24.77073],[153.26693,-24.71478],[153.2671,-24.70527],[153.26597,-24.70083],[153.26338,-24.69998],[153.25406,-24.69786],[153.25107,-24.69779],[153.24554,-24.70017],[153.21158,-24.7168],[153.18671,-24.73514],[153.17423,-24.74594],[153.16135,-24.76246],[153.15783,-24.7677],[153.15268,-24.77357],[153.15252,-24.77376],[153.15207,-24.77427],[153.12903,-24.79643],[153.12394,-24.80316],[153.11746,-24.81488],[153.11831,-24.81705],[153.12039,-24.81747],[153.12887,-24.81467],[153.13556,-24.81456],[153.1484,-24.81858],[153.14901,-24.81877],[153.15564,-24.82286],[153.16415,-24.82811],[153.16491,-24.82858],[153.16835,-24.83187],[153.17983,-24.84281],[153.1815,-24.84441],[153.19071,-24.85721],[153.19532,-24.86361],[153.1968,-24.86566],[153.21257,-24.89235],[153.22672,-24.91349],[153.22817,-24.91566],[153.22954,-24.91973],[153.23278,-24.92931],[153.23352,-24.93151],[153.23388,-24.93623],[153.23401,-24.93801],[153.23411,-24.93927],[153.2332,-24.94952],[153.23275,-24.95128],[153.22679,-24.97482],[153.22709,-24.98342],[153.22108,-24.99781],[153.20031,-25.03246],[153.16917,-25.07366],[153.16901,-25.07384],[153.15988,-25.08438],[153.12902,-25.11347],[153.12758,-25.11457],[153.07189,-25.15703],[153.0564,-25.16604],[153.03133,-25.17686],[153.02521,-25.18198],[152.62401,-25.18144],[152.61405,-25.17955],[152.60952,-25.175],[152.60629,-25.17337],[152.59844,-25.17237],[152.58793,-25.1733],[152.5779,-25.16865],[152.57267,-25.16777],[152.56698,-25.16902],[152.56204,-25.17181],[152.55756,-25.17592],[152.55403,-25.18171],[152.54421,-25.18824],[152.54197,-25.19377],[152.54722,-25.19957],[152.54797,-25.20534],[152.54715,-25.20678],[152.53998,-25.21038],[152.53842,-25.21222],[152.53574,-25.21161],[152.53348,-25.21271],[152.53037,-25.21081],[152.52587,-25.21048],[152.52429,-25.21536],[152.5175,-25.22133],[152.51162,-25.21831],[152.51025,-25.21579],[152.51217,-25.21296],[152.51027,-25.20948],[152.50883,-25.20894],[152.50389,-25.20892],[152.50186,-25.21084],[152.49401,-25.20973],[152.48281,-25.21714],[152.47382,-25.21679],[152.46878,-25.21508],[152.46684,-25.21569],[152.46434,-25.21978],[152.45925,-25.22383],[152.45064,-25.22833],[152.4512,-25.23065],[152.41564,-25.29029],[152.40948,-25.3127],[152.40615,-25.33454],[152.38467,-25.3562],[152.3797,-25.35559],[152.37951,-25.35688],[152.3722,-25.35307],[152.37028,-25.35581],[152.37349,-25.35724],[152.37303,-25.36298],[152.37037,-25.36393],[152.36438,-25.36349],[152.359,-25.36648],[152.3545,-25.36611],[152.35124,-25.37093],[152.34833,-25.37315],[152.34801,-25.37522],[152.33455,-25.38255],[152.3367,-25.38593],[152.33411,-25.38938],[152.33569,-25.39221],[152.32696,-25.40166],[152.32396,-25.40163],[152.32121,-25.40427],[152.31999,-25.4075],[152.31579,-25.40736],[152.31236,-25.40534],[152.31146,-25.40663],[152.29908,-25.40814],[152.29861,-25.41023],[152.29247,-25.41556],[152.29058,-25.41598],[152.29035,-25.41739],[152.27251,-25.43223],[152.26016,-25.46187],[152.26361,-25.47037],[152.26244,-25.47117],[152.26195,-25.47648],[152.26846,-25.48174],[152.27161,-25.4816],[152.27339,-25.48313],[152.27443,-25.48771],[152.27636,-25.49057],[152.2707,-25.48985],[152.26859,-25.50351],[152.27432,-25.50452],[152.27267,-25.50633],[152.27329,-25.50794],[152.27217,-25.50939],[152.27205,-25.51267],[152.26929,-25.51539],[152.26995,-25.52117],[152.26898,-25.52268],[152.25231,-25.52135],[152.2482,-25.51963],[152.24746,-25.51718],[152.24471,-25.51764],[152.23933,-25.51522],[152.23621,-25.51729],[152.23542,-25.5158],[152.2332,-25.51503],[152.23026,-25.51931],[152.22889,-25.51859],[152.22726,-25.51454],[152.21498,-25.51297],[152.21572,-25.52008],[152.20998,-25.52097],[152.20703,-25.51863],[152.2012,-25.51968],[152.19838,-25.51846],[152.19361,-25.51916],[152.19149,-25.52134],[152.18851,-25.52207],[152.1865,-25.521],[152.17944,-25.52303],[152.17935,-25.52915],[152.17758,-25.53176],[152.17627,-25.53191],[152.17565,-25.53569],[152.17343,-25.53861],[152.16885,-25.54195],[152.16602,-25.54839],[152.16395,-25.55311],[152.16309,-25.55969],[152.16416,-25.56035],[152.16335,-25.56321],[152.16464,-25.57435],[152.15861,-25.57944],[152.15429,-25.58308],[152.15298,-25.58327],[152.14593,-25.58431],[152.14355,-25.58264],[152.14039,-25.58529],[152.13981,-25.58703],[152.1296,-25.58762],[152.13008,-25.59105],[152.12504,-25.5922],[152.12424,-25.59588],[152.12165,-25.59529],[152.11844,-25.59786],[152.11556,-25.59682],[152.11151,-25.59845],[152.10997,-25.60352],[152.1122,-25.61098],[152.11592,-25.6154],[152.1146,-25.61718],[152.11541,-25.62316],[152.11205,-25.62682],[152.10875,-25.626],[152.10425,-25.62903],[152.09638,-25.63049],[152.09264,-25.63241],[152.09074,-25.63646],[152.08756,-25.63578],[152.08278,-25.63275],[152.08241,-25.63232],[152.07717,-25.62612],[152.07185,-25.62341],[152.0715,-25.62219],[152.06343,-25.6217],[152.06033,-25.62407],[152.05943,-25.6263],[152.05591,-25.62756],[152.05302,-25.61878],[152.05077,-25.61804],[152.05077,-25.61678],[152.05274,-25.61594],[152.0507,-25.61353],[152.04666,-25.61157],[152.04634,-25.61582],[152.04442,-25.61511],[152.0415,-25.61957],[152.04179,-25.62553],[152.03967,-25.63198],[152.03826,-25.64265],[152.0352,-25.6437],[152.02985,-25.64217],[152.02834,-25.6441],[152.02707,-25.65043],[152.02535,-25.65085],[152.0227,-25.65437],[152.01872,-25.65727],[152.01865,-25.65899],[152.01479,-25.66309],[152.01385,-25.66294],[152.01252,-25.66508],[152.01117,-25.66501],[152.0114,-25.66997],[152.01247,-25.6714],[152.01097,-25.674],[152.01773,-25.68097],[152.01529,-25.68604],[152.01639,-25.68979],[152.015,-25.69234],[152.01586,-25.69422],[152.01495,-25.70198],[152.01561,-25.70375],[152.01407,-25.70871],[152.00489,-25.71774],[152.00304,-25.7178],[151.99667,-25.71151],[151.98906,-25.71354],[151.98828,-25.7147],[151.98101,-25.71319],[151.98209,-25.71533],[151.98247,-25.72394],[151.98333,-25.72432],[151.98235,-25.72901],[151.98032,-25.72955],[151.98023,-25.73341],[151.9953,-25.73714],[151.99765,-25.74669],[151.99905,-25.74797],[151.99649,-25.75085],[151.99669,-25.75534],[151.99573,-25.75749],[151.99747,-25.76474],[151.99638,-25.76672],[151.99765,-25.77074],[151.99778,-25.77091]]]},"properties":{"District Name":"Maryborough","DDMG Name":"Maryborough"}},{"type":"Feature","geometry":{"type":"Polygon","coordinates":[[[153.0668,-27.2815],[153.08055,-27.26331],[153.08091,-27.26143],[153.08455,-27.25836],[153.08698,-27.2596],[153.09315,-27.25597],[153.10123,-27.2593],[153.10374,-27.26344],[153.1077,-27.26176],[153.11043,-27.25503],[153.10961,-27.25319],[153.11178,-27.24404],[153.11525,-27.23479],[153.1178,-27.23332],[153.11715,-27.23007],[153.1152,-27.22722],[153.11527,-27.22357],[153.117,-27.22018],[153.11662,-27.21589],[153.11947,-27.21242],[153.11635,-27.20924],[153.11709,-27.2043],[153.11551,-27.20148],[153.11668,-27.19825],[153.11494,-27.19172],[153.11342,-27.19059],[153.11111,-27.19206],[153.10666,-27.19102],[153.10478,-27.19165],[153.10389,-27.19325],[153.10769,-27.19195],[153.11015,-27.19258],[153.10658,-27.19555],[153.10482,-27.1936],[153.1036,-27.19405],[153.10523,-27.19744],[153.10312,-27.19991],[153.09708,-27.20316],[153.09266,-27.20426],[153.08871,-27.20286],[153.08929,-27.2062],[153.08518,-27.20535],[153.08222,-27.20347],[153.05741,-27.19751],[153.04985,-27.19436],[153.04234,-27.19694],[153.03817,-27.19703],[153.03204,-27.18936],[153.02952,-27.18107],[153.03049,-27.17383],[153.03542,-27.16725],[153.03542,-27.16258],[153.03947,-27.15921],[153.04219,-27.15869],[153.04149,-27.15379],[153.04455,-27.14831],[153.04851,-27.14419],[153.05479,-27.12953],[153.06255,-27.11743],[153.06373,-27.11384],[153.06702,-27.11009],[153.07249,-27.10658],[153.09869,-27.09231],[153.10286,-27.09171],[153.10438,-27.08856],[153.11454,-27.08567],[153.12028,-27.085],[153.12253,-27.08659],[153.13003,-27.08692],[153.13302,-27.08594],[153.16677,-27.09988],[153.17538,-27.1003],[153.18156,-27.09818],[153.19008,-27.0984],[153.19449,-27.09726],[153.1983,-27.09371],[153.20123,-27.08778],[153.20604,-27.08417],[153.20725,-27.08175],[153.20647,-27.07346],[153.20236,-27.06249],[153.1802,-27.02773],[153.16752,-27.00241],[153.15762,-26.97422],[153.14695,-26.93733],[153.08703,-26.95188],[153.08675,-26.95467],[153.08332,-26.95841],[153.07931,-26.96036],[153.07986,-26.96968],[153.07784,-26.97583],[153.06634,-26.98371],[153.06009,-26.97997],[153.05523,-26.98059],[153.05274,-26.97515],[153.04962,-26.97505],[153.04276,-26.96946],[153.01845,-26.96636],[153.01752,-26.97247],[153.0178,-26.97505],[153.01907,-26.97626],[153.01739,-26.97715],[153.01794,-26.97838],[153.01685,-26.97907],[153.01159,-26.97899],[153.00296,-26.98479],[152.99166,-26.98453],[152.98842,-26.98313],[152.98513,-26.98473],[152.98042,-26.98188],[152.97559,-26.98468],[152.97409,-26.98236],[152.97813,-26.98026],[152.97501,-26.97438],[152.96663,-26.97881],[152.96253,-26.97296],[152.95318,-26.96837],[152.95195,-26.96617],[152.94589,-26.96657],[152.9386,-26.96385],[152.93737,-26.96437],[152.93504,-26.96312],[152.92724,-26.96218],[152.92351,-26.96009],[152.9215,-26.96064],[152.91973,-26.95551],[152.91726,-26.95471],[152.90372,-26.9539],[152.89843,-26.95803],[152.89116,-26.96075],[152.88551,-26.95595],[152.874,-26.95832],[152.85806,-26.95621],[152.86073,-26.936],[152.86364,-26.93489],[152.86791,-26.93578],[152.86828,-26.93362],[152.87264,-26.93033],[152.87545,-26.91352],[152.85946,-26.9113],[152.86118,-26.90275],[152.85533,-26.9019],[152.85652,-26.89488],[152.85427,-26.89457],[152.85549,-26.88738],[152.86678,-26.88892],[152.86948,-26.87288],[152.85747,-26.87123],[152.85833,-26.86608],[152.8517,-26.8652],[152.85319,-26.85622],[152.85404,-26.85587],[152.84856,-26.85513],[152.84804,-26.85816],[152.84394,-26.85759],[152.83858,-26.85503],[152.83206,-26.85643],[152.83185,-26.85328],[152.82904,-26.85022],[152.82447,-26.84938],[152.81988,-26.84376],[152.81814,-26.84021],[152.81809,-26.83634],[152.81264,-26.83103],[152.81247,-26.82815],[152.80795,-26.82782],[152.80669,-26.82696],[152.80702,-26.82516],[152.8049,-26.82417],[152.80101,-26.82632],[152.79209,-26.82709],[152.79127,-26.82516],[152.78673,-26.82226],[152.78647,-26.82036],[152.7885,-26.81806],[152.79003,-26.81323],[152.78861,-26.81297],[152.78937,-26.80963],[152.78437,-26.81246],[152.78081,-26.81004],[152.77713,-26.80956],[152.77949,-26.79713],[152.77646,-26.79554],[152.77103,-26.79595],[152.76692,-26.79332],[152.7611,-26.79236],[152.75918,-26.80305],[152.75307,-26.79735],[152.74948,-26.8163],[152.74761,-26.81548],[152.74678,-26.81512],[152.74212,-26.81016],[152.73988,-26.8098],[152.73917,-26.80803],[152.73362,-26.8073],[152.73516,-26.81125],[152.73296,-26.81496],[152.72907,-26.81663],[152.72747,-26.81605],[152.72638,-26.81419],[152.72663,-26.81147],[152.72223,-26.80682],[152.72099,-26.80856],[152.70944,-26.81111],[152.69645,-26.80913],[152.69552,-26.80792],[152.69812,-26.80555],[152.69879,-26.80298],[152.67962,-26.79995],[152.67998,-26.80163],[152.67805,-26.80435],[152.67791,-26.80701],[152.67877,-26.80878],[152.68132,-26.80994],[152.67902,-26.81643],[152.67514,-26.81834],[152.674,-26.81821],[152.67265,-26.81869],[152.67214,-26.81937],[152.67314,-26.82195],[152.67781,-26.82091],[152.67908,-26.82219],[152.67638,-26.82604],[152.67847,-26.82861],[152.67846,-26.83035],[152.67545,-26.83249],[152.67358,-26.83381],[152.67274,-26.83441],[152.67155,-26.83478],[152.66726,-26.83682],[152.66679,-26.84027],[152.67106,-26.84488],[152.66975,-26.84751],[152.67012,-26.85044],[152.66839,-26.85192],[152.66989,-26.85294],[152.67161,-26.85767],[152.67425,-26.85636],[152.67524,-26.85733],[152.67528,-26.86038],[152.67766,-26.86343],[152.67626,-26.86679],[152.68021,-26.86938],[152.68444,-26.87562],[152.6864,-26.87581],[152.68567,-26.87912],[152.68401,-26.87952],[152.68773,-26.88102],[152.68729,-26.88641],[152.68934,-26.88889],[152.68985,-26.89146],[152.68854,-26.89262],[152.68861,-26.89692],[152.67894,-26.89559],[152.67856,-26.89778],[152.6675,-26.89626],[152.66792,-26.90021],[152.66653,-26.90649],[152.66042,-26.90986],[152.68744,-26.91373],[152.68232,-26.91516],[152.6825,-26.91736],[152.67789,-26.91867],[152.67827,-26.92028],[152.67651,-26.92356],[152.67315,-26.92262],[152.67314,-26.9244],[152.66996,-26.92744],[152.66966,-26.92936],[152.67174,-26.93318],[152.67033,-26.93362],[152.67004,-26.93713],[152.67103,-26.93822],[152.6676,-26.94011],[152.66684,-26.94286],[152.66762,-26.94361],[152.66422,-26.94321],[152.66408,-26.94731],[152.66224,-26.94597],[152.6631,-26.94804],[152.66186,-26.94925],[152.66023,-26.94789],[152.65912,-26.94988],[152.65609,-26.94777],[152.65358,-26.94877],[152.65126,-26.95533],[152.65755,-26.95392],[152.6577,-26.95637],[152.66325,-26.95869],[152.66593,-26.95776],[152.66772,-26.95907],[152.66809,-26.96102],[152.66628,-26.9637],[152.6626,-26.96565],[152.66277,-26.96662],[152.66452,-26.9668],[152.66475,-26.96905],[152.67145,-26.96526],[152.67674,-26.96608],[152.68021,-26.96414],[152.68519,-26.96572],[152.68407,-26.9668],[152.68431,-26.96875],[152.68206,-26.96962],[152.68237,-26.97044],[152.68021,-26.97198],[152.68125,-26.97503],[152.67951,-26.97706],[152.68224,-26.98047],[152.6867,-26.97892],[152.6862,-26.98454],[152.68927,-26.98455],[152.68801,-26.98753],[152.68483,-26.98699],[152.68503,-26.98998],[152.68382,-26.99053],[152.68335,-26.99278],[152.6886,-26.99908],[152.69151,-27.00509],[152.69699,-27.00915],[152.69553,-27.01239],[152.69762,-27.01352],[152.69729,-27.01606],[152.7008,-27.01828],[152.70023,-27.02273],[152.7035,-27.02481],[152.70152,-27.02646],[152.70325,-27.02878],[152.70244,-27.03094],[152.69845,-27.0317],[152.69746,-27.03347],[152.69812,-27.03955],[152.69674,-27.04096],[152.69818,-27.04232],[152.69584,-27.04243],[152.69273,-27.04633],[152.68915,-27.04828],[152.68927,-27.05102],[152.69087,-27.05307],[152.68922,-27.05505],[152.6925,-27.05605],[152.69277,-27.0576],[152.69491,-27.05559],[152.6958,-27.0573],[152.69515,-27.05904],[152.67768,-27.05696],[152.68423,-27.06729],[152.68562,-27.07201],[152.68399,-27.07471],[152.68567,-27.07657],[152.68712,-27.08237],[152.68225,-27.08609],[152.67683,-27.08793],[152.67657,-27.08833],[152.67852,-27.09332],[152.67899,-27.09418],[152.68164,-27.09515],[152.68975,-27.09279],[152.69581,-27.09488],[152.70209,-27.09481],[152.70796,-27.09628],[152.71178,-27.09783],[152.71199,-27.09893],[152.7183,-27.10038],[152.71806,-27.10223],[152.72621,-27.10322],[152.72649,-27.10138],[152.73446,-27.10234],[152.73351,-27.10743],[152.731,-27.10763],[152.73032,-27.10875],[152.72945,-27.1159],[152.73022,-27.11806],[152.7281,-27.12194],[152.7307,-27.12628],[152.73082,-27.13047],[152.73309,-27.13426],[152.73482,-27.14168],[152.73396,-27.14259],[152.73668,-27.14395],[152.73793,-27.15051],[152.73933,-27.15093],[152.73685,-27.15527],[152.72982,-27.16155],[152.72906,-27.16377],[152.73356,-27.17151],[152.72976,-27.17249],[152.72955,-27.17271],[152.72968,-27.17506],[152.72849,-27.17686],[152.72618,-27.17658],[152.72297,-27.18047],[152.7186,-27.18275],[152.71631,-27.18664],[152.71227,-27.18874],[152.71119,-27.19215],[152.70895,-27.19224],[152.70218,-27.20201],[152.70169,-27.20302],[152.70357,-27.20741],[152.70414,-27.20852],[152.70412,-27.2087],[152.70385,-27.21078],[152.70361,-27.21268],[152.70353,-27.21287],[152.70046,-27.2198],[152.70222,-27.22635],[152.70022,-27.23023],[152.69545,-27.23399],[152.69307,-27.23423],[152.69087,-27.23595],[152.69246,-27.24171],[152.69249,-27.24182],[152.69242,-27.24193],[152.68741,-27.24899],[152.68149,-27.25482],[152.6812,-27.26273],[152.68375,-27.26669],[152.68367,-27.27237],[152.6862,-27.27453],[152.69036,-27.2745],[152.69102,-27.2745],[152.69108,-27.2745],[152.69154,-27.2746],[152.70473,-27.2773],[152.70492,-27.27734],[152.70529,-27.2788],[152.70552,-27.27969],[152.70555,-27.27982],[152.7044,-27.28262],[152.70556,-27.28608],[152.70368,-27.29065],[152.70424,-27.29254],[152.71359,-27.2895],[152.71726,-27.29263],[152.72712,-27.29476],[152.73204,-27.29716],[152.7357,-27.29668],[152.73886,-27.29374],[152.74566,-27.29331],[152.74879,-27.29512],[152.7536,-27.29501],[152.75322,-27.29698],[152.75684,-27.30066],[152.75654,-27.30719],[152.75556,-27.30785],[152.75629,-27.30871],[152.75584,-27.30921],[152.75482,-27.31036],[152.75395,-27.31134],[152.74912,-27.31322],[152.74863,-27.3169],[152.74722,-27.31709],[152.74859,-27.31866],[152.75052,-27.32041],[152.74884,-27.3323],[152.75467,-27.33314],[152.7557,-27.32822],[152.75948,-27.33027],[152.76449,-27.33551],[152.76752,-27.33489],[152.77165,-27.34292],[152.77189,-27.34338],[152.77207,-27.34373],[152.77193,-27.34423],[152.771,-27.3475],[152.77203,-27.34988],[152.76667,-27.35138],[152.7629,-27.35461],[152.7623,-27.35992],[152.76001,-27.36389],[152.7629,-27.36734],[152.762,-27.37115],[152.76649,-27.37697],[152.76974,-27.37894],[152.7729,-27.37905],[152.77238,-27.38303],[152.77448,-27.38746],[152.77652,-27.38868],[152.77459,-27.39295],[152.77469,-27.40068],[152.77561,-27.40169],[152.79865,-27.40511],[152.79975,-27.40007],[152.80159,-27.39881],[152.80178,-27.3989],[152.80232,-27.39915],[152.80613,-27.40095],[152.81246,-27.40145],[152.81415,-27.40212],[152.81538,-27.40526],[152.8194,-27.40926],[152.8257,-27.41228],[152.83116,-27.41695],[152.83679,-27.41886],[152.84407,-27.41797],[152.84931,-27.42195],[152.85173,-27.42191],[152.85303,-27.4206],[152.85943,-27.42153],[152.86262,-27.422],[152.86312,-27.41766],[152.86479,-27.41792],[152.87452,-27.41137],[152.8769,-27.41436],[152.89723,-27.41728],[152.89931,-27.40356],[152.91504,-27.40572],[152.91695,-27.39418],[152.92316,-27.39443],[152.92686,-27.39347],[152.93012,-27.39689],[152.93207,-27.39672],[152.93358,-27.39923],[152.93595,-27.39985],[152.94093,-27.40442],[152.9478,-27.40653],[152.94738,-27.40796],[152.94751,-27.40803],[152.94913,-27.40864],[152.95165,-27.40782],[152.9521,-27.40764],[152.95267,-27.4058],[152.95904,-27.40273],[152.9592,-27.40014],[152.95922,-27.40012],[152.95971,-27.39961],[152.9605,-27.39878],[152.96055,-27.39876],[152.96547,-27.39687],[152.97201,-27.39834],[152.97593,-27.4012],[152.97641,-27.40101],[152.97808,-27.39459],[152.97529,-27.39204],[152.97674,-27.38979],[152.9806,-27.38815],[152.98389,-27.3847],[152.98123,-27.38021],[152.98035,-27.37519],[152.98056,-27.36777],[152.98308,-27.36812],[152.98371,-27.36454],[152.98068,-27.3641],[152.98167,-27.35863],[152.98775,-27.35952],[152.98724,-27.35869],[152.98854,-27.35761],[152.98694,-27.35608],[152.98713,-27.35409],[152.98523,-27.3528],[152.98232,-27.35315],[152.98218,-27.3512],[152.97913,-27.34969],[152.98051,-27.34855],[152.97888,-27.34685],[152.98114,-27.346],[152.98049,-27.34399],[152.98146,-27.34216],[152.98329,-27.34163],[152.98251,-27.34072],[152.98313,-27.34007],[152.98488,-27.33968],[152.98828,-27.33628],[152.99345,-27.33496],[152.99474,-27.32858],[152.99733,-27.32399],[153.00022,-27.3229],[153.00087,-27.32001],[153.00249,-27.31956],[153.0026,-27.31666],[152.99914,-27.30826],[152.99829,-27.30868],[152.9995,-27.31227],[152.99585,-27.31059],[152.99726,-27.30207],[153.00214,-27.30204],[153.00492,-27.29921],[153.00618,-27.2998],[153.00484,-27.30125],[153.00744,-27.30129],[153.00726,-27.30245],[153.01402,-27.30221],[153.00862,-27.29791],[153.01212,-27.29658],[153.0146,-27.2885],[153.0158,-27.2875],[153.01917,-27.29144],[153.02298,-27.29309],[153.02916,-27.2979],[153.03418,-27.2982],[153.0362,-27.29504],[153.03629,-27.29453],[153.03509,-27.28667],[153.03528,-27.28612],[153.03562,-27.28515],[153.03629,-27.28324],[153.03775,-27.28204],[153.03966,-27.28046],[153.0408,-27.27953],[153.04182,-27.27943],[153.04958,-27.27867],[153.0668,-27.2815]],[[152.84695,-26.88747],[152.84997,-26.88725],[152.8517,-26.88559],[152.85332,-26.88622],[152.85131,-26.88934],[152.85312,-26.89264],[152.84621,-26.89184],[152.84695,-26.88747]]]},"properties":{"District Name":"Moreton","DDMG Name":"Moreton"}},{"type":"Feature","geometry":{"type":"MultiPolygon","coordinates":[[[[141.48599,-15.49949],[141.48476,-15.49918],[141.47963,-15.5053],[141.47304,-15.52167],[141.4562,-15.58208],[141.44124,-15.64501],[141.43621,-15.66121],[141.43054,-15.69523],[141.42524,-15.71978],[141.41986,-15.79316],[141.41597,-15.83136],[141.41261,-15.85528],[141.40852,-15.8715],[141.40117,-15.88951],[141.39464,-15.9013],[141.39465,-15.90382],[141.39061,-15.91228],[141.38427,-15.91541],[141.37919,-15.91965],[141.37995,-15.92568],[141.38766,-15.94545],[141.39337,-15.96413],[141.39451,-15.96275],[141.39424,-15.96935],[141.41055,-16.02446],[141.41624,-16.03504],[141.41937,-16.04393],[141.43056,-16.06179],[141.43294,-16.07272],[141.43059,-16.08345],[141.42372,-16.09974],[141.4096,-16.12716],[141.40055,-16.14335],[141.39062,-16.15704],[141.35405,-16.21343],[141.3481,-16.22608],[141.34586,-16.23568],[141.34623,-16.23984],[141.34786,-16.24108],[141.34977,-16.24088],[141.34847,-16.24291],[141.3425,-16.27555],[141.33682,-16.28926],[141.33655,-16.29315],[141.32658,-16.3242],[141.32674,-16.32779],[141.32112,-16.34563],[141.31837,-16.35237],[141.30089,-16.38314],[141.29951,-16.39345],[141.29129,-16.39916],[141.2882,-16.40818],[141.28798,-16.42163],[141.29105,-16.42746],[141.30004,-16.43725],[141.30567,-16.44916],[141.30685,-16.45452],[141.30775,-16.46509],[141.30703,-16.47355],[141.30441,-16.48427],[141.29305,-16.5046],[141.27457,-16.54333],[141.27427,-16.55277],[141.26993,-16.56029],[141.26848,-16.56037],[141.26761,-16.55918],[141.26786,-16.55524],[141.26587,-16.55341],[141.2599,-16.55274],[141.25356,-16.55522],[141.24721,-16.5647],[141.24386,-16.57242],[141.24386,-16.57529],[141.23847,-16.58037],[141.23577,-16.58688],[141.23457,-16.59808],[141.22704,-16.62517],[141.22329,-16.65213],[141.21795,-16.66671],[141.20421,-16.69209],[141.20033,-16.69542],[141.1811,-16.72454],[141.17338,-16.73386],[141.15394,-16.75554],[141.1372,-16.77217],[141.11068,-16.79395],[141.09645,-16.80013],[141.09297,-16.79964],[141.09343,-16.79685],[141.09127,-16.79578],[141.09008,-16.79887],[141.09058,-16.80282],[141.09722,-16.80253],[141.0967,-16.80782],[141.09134,-16.80878],[141.08479,-16.80593],[141.08231,-16.80703],[141.07798,-16.81965],[141.0767,-16.84179],[141.07373,-16.85133],[141.06842,-16.86305],[141.05269,-16.88821],[141.04244,-16.90292],[141.01988,-16.93039],[141.00087,-16.94982],[140.98418,-16.96315],[140.97415,-16.9731],[140.96432,-16.99123],[140.95888,-16.99849],[140.95104,-17.01979],[140.94652,-17.0393],[140.94677,-17.04613],[140.94796,-17.04851],[140.94957,-17.04854],[140.95148,-17.05067],[140.95113,-17.05732],[140.9433,-17.06223],[140.94278,-17.06017],[140.94121,-17.05944],[140.93851,-17.05839],[140.9351,-17.05862],[140.92994,-17.06401],[140.93216,-17.0644],[140.93619,-17.06079],[140.94272,-17.0626],[140.95113,-17.05733],[140.95004,-17.06284],[140.9537,-17.07447],[140.95497,-17.08279],[140.95462,-17.08844],[140.95596,-17.09042],[140.95299,-17.09736],[140.95283,-17.09997],[140.95538,-17.10065],[140.95531,-17.10487],[140.94892,-17.14477],[140.95022,-17.15182],[140.94824,-17.15563],[140.94718,-17.15556],[140.93938,-17.1745],[140.93945,-17.18659],[140.93165,-17.1902],[140.92423,-17.20122],[140.92316,-17.20435],[140.92359,-17.20769],[140.92555,-17.20997],[140.92356,-17.21521],[140.91378,-17.23226],[140.9115,-17.24414],[140.91199,-17.24867],[140.91038,-17.25046],[140.90963,-17.25547],[140.91062,-17.26047],[140.90855,-17.27402],[140.90713,-17.27527],[140.90774,-17.27803],[140.90511,-17.27981],[140.90468,-17.28635],[140.90673,-17.28676],[140.90695,-17.28867],[140.90503,-17.29139],[140.90478,-17.29764],[140.90279,-17.2973],[140.90166,-17.30159],[140.9001,-17.30152],[140.89952,-17.32357],[140.89369,-17.34305],[140.89348,-17.34945],[140.88946,-17.36019],[140.88833,-17.3653],[140.8891,-17.36612],[140.88413,-17.37485],[140.88363,-17.3818],[140.87488,-17.39266],[140.87268,-17.39374],[140.86942,-17.39776],[140.85163,-17.42314],[140.8462,-17.43694],[140.83454,-17.44817],[140.82735,-17.45802],[140.81422,-17.46458],[140.80943,-17.46493],[140.79018,-17.47292],[140.77008,-17.47804],[140.76811,-17.47999],[140.77008,-17.48195],[140.75943,-17.48769],[140.74418,-17.50177],[140.73873,-17.5155],[140.73724,-17.51458],[140.73328,-17.51616],[140.73108,-17.51573],[140.72922,-17.51337],[140.72354,-17.51366],[140.71331,-17.50924],[140.71086,-17.50964],[140.70391,-17.51682],[140.69261,-17.51975],[140.68501,-17.52526],[140.67986,-17.52722],[140.67758,-17.53193],[140.66436,-17.54249],[140.65615,-17.5526],[140.64112,-17.56603],[140.61897,-17.58107],[140.60825,-17.5871],[140.60322,-17.59112],[140.59807,-17.59243],[140.58969,-17.5984],[140.58352,-17.59834],[140.57227,-17.60218],[140.56604,-17.6027],[140.55975,-17.60573],[140.54466,-17.61916],[140.52549,-17.63006],[140.48746,-17.64242],[140.47925,-17.64379],[140.46104,-17.64579],[140.45788,-17.6452],[140.45668,-17.64279],[140.45417,-17.64152],[140.45178,-17.64215],[140.44626,-17.64605],[140.43446,-17.64982],[140.42643,-17.65705],[140.38843,-17.67508],[140.36645,-17.68004],[140.35065,-17.68547],[140.32981,-17.68794],[140.31113,-17.68884],[140.28584,-17.69388],[140.28343,-17.69566],[140.27748,-17.69508],[140.26846,-17.69619],[140.26277,-17.6985],[140.25788,-17.69719],[140.2489,-17.69815],[140.22882,-17.70288],[140.21667,-17.70775],[140.21006,-17.70353],[140.20458,-17.70307],[140.18924,-17.70592],[140.18313,-17.70819],[140.17373,-17.70865],[140.16178,-17.71164],[140.15966,-17.71373],[140.15496,-17.712],[140.14212,-17.71412],[140.12375,-17.71894],[140.08993,-17.72319],[140.03046,-17.72134],[140.0068,-17.71625],[139.99261,-17.71187],[139.97283,-17.69975],[139.96378,-17.6925],[139.95765,-17.68706],[139.94468,-17.67237],[139.93814,-17.65902],[139.93764,-17.65389],[139.93855,-17.64799],[139.93496,-17.64563],[139.94434,-17.64089],[139.94528,-17.63928],[139.93912,-17.63228],[139.92085,-17.62253],[139.88172,-17.61105],[139.84754,-17.5962],[139.84367,-17.59584],[139.84194,-17.60059],[139.84173,-17.60156],[139.84383,-17.60171],[139.84536,-17.60517],[139.83375,-17.6054],[139.83317,-17.60158],[139.8341,-17.59669],[139.83924,-17.59219],[139.83965,-17.58957],[139.83456,-17.5836],[139.83248,-17.58405],[139.82804,-17.57806],[139.82639,-17.57352],[139.82043,-17.56944],[139.81055,-17.5732],[139.80872,-17.57591],[139.80741,-17.57361],[139.80362,-17.57194],[139.80144,-17.57243],[139.79596,-17.57907],[139.79161,-17.57978],[139.78507,-17.57508],[139.77495,-17.57388],[139.75855,-17.57624],[139.75622,-17.57808],[139.75213,-17.57743],[139.75404,-17.57137],[139.75218,-17.56714],[139.75023,-17.567],[139.74776,-17.56963],[139.74565,-17.5684],[139.74283,-17.57055],[139.74181,-17.56753],[139.73828,-17.56402],[139.7346,-17.5627],[139.731,-17.55736],[139.72865,-17.55718],[139.72449,-17.55383],[139.72293,-17.55621],[139.72124,-17.5575],[139.72336,-17.55519],[139.71829,-17.55284],[139.71565,-17.55354],[139.71399,-17.55548],[139.7146,-17.55739],[139.7102,-17.55525],[139.70958,-17.55899],[139.70584,-17.55889],[139.70782,-17.55515],[139.70836,-17.55173],[139.70735,-17.55051],[139.70344,-17.55007],[139.70198,-17.55202],[139.70123,-17.55014],[139.69783,-17.55069],[139.69614,-17.54937],[139.67808,-17.54559],[139.6712,-17.54578],[139.6546,-17.54038],[139.64623,-17.53959],[139.6385,-17.53381],[139.63357,-17.52858],[139.61817,-17.52213],[139.61477,-17.51951],[139.61125,-17.51575],[139.60846,-17.51041],[139.60693,-17.51034],[139.60645,-17.51187],[139.60321,-17.51128],[139.60364,-17.50734],[139.59876,-17.50314],[139.59576,-17.49747],[139.59293,-17.48828],[139.58828,-17.48327],[139.58028,-17.47948],[139.57497,-17.48069],[139.57172,-17.47741],[139.56604,-17.47808],[139.56342,-17.47462],[139.55292,-17.47199],[139.54453,-17.46759],[139.54152,-17.46722],[139.54009,-17.46467],[139.54421,-17.46285],[139.55128,-17.4626],[139.55191,-17.46151],[139.5397,-17.448],[139.53168,-17.44057],[139.51046,-17.43044],[139.50719,-17.42995],[139.50624,-17.42777],[139.49567,-17.41702],[139.47418,-17.40244],[139.46362,-17.39822],[139.4495,-17.39507],[139.44169,-17.38886],[139.41295,-17.37424],[139.38794,-17.37348],[139.3687,-17.37551],[139.34185,-17.37515],[139.3406,-17.37549],[139.33933,-17.37787],[139.33768,-17.37412],[139.3246,-17.3681],[139.30996,-17.36389],[139.30481,-17.36631],[139.30572,-17.36301],[139.30324,-17.36087],[139.29208,-17.35458],[139.28476,-17.3529],[139.28127,-17.34864],[139.23734,-17.32266],[139.22086,-17.307],[139.21918,-17.30388],[139.21661,-17.30404],[139.20876,-17.2901],[139.20387,-17.28503],[139.20144,-17.27187],[139.19912,-17.26582],[139.18791,-17.24619],[139.18254,-17.23209],[139.17666,-17.22172],[139.173,-17.2174],[139.17378,-17.21549],[139.16914,-17.20413],[139.16706,-17.20301],[139.16636,-17.19671],[139.15993,-17.18415],[139.1597,-17.17922],[139.15581,-17.17077],[139.15095,-17.13389],[139.14859,-17.12808],[139.14557,-17.12834],[139.14816,-17.12631],[139.14863,-17.12413],[139.147,-17.11755],[139.14605,-17.11704],[139.14538,-17.1111],[139.14362,-17.11102],[139.14416,-17.10763],[139.13959,-17.08789],[139.14014,-17.0766],[139.1436,-17.06046],[139.14617,-17.05265],[139.15244,-17.04218],[139.15622,-17.03006],[139.14963,-17.02596],[139.11531,-17.01681],[139.09763,-17.00741],[139.09213,-17.00687],[139.09067,-17.00555],[139.0902,-17.0036],[139.08272,-16.99602],[139.07663,-16.98701],[139.0737,-16.98068],[139.0768,-16.97924],[139.0728,-16.97725],[139.06955,-16.97282],[139.06198,-16.96848],[139.05931,-16.9654],[139.04729,-16.95809],[139.0386,-16.94791],[139.03417,-16.93772],[139.03337,-16.9305],[139.03116,-16.92851],[139.03504,-16.92189],[139.03852,-16.91945],[139.03938,-16.915],[139.03782,-16.9133],[139.02749,-16.9101],[139.00912,-16.89854],[139.00486,-16.89709],[139.0017,-16.89672],[138.99966,-16.90188],[138.99276,-16.89511],[138.9836,-16.89271],[138.98169,-16.8901],[138.9779,-16.89158],[138.97564,-16.88945],[138.94274,-16.88689],[138.92922,-16.88392],[138.90973,-16.87769],[138.89399,-16.87901],[138.88185,-16.87815],[138.84705,-16.86999],[138.83828,-16.86634],[138.83299,-16.86168],[138.8292,-16.86052],[138.82868,-16.85797],[138.82267,-16.85356],[138.78675,-16.84469],[138.77387,-16.8402],[138.76007,-16.83353],[138.75765,-16.83313],[138.75714,-16.83424],[138.75276,-16.82767],[138.751,-16.82669],[138.73648,-16.82096],[138.7312,-16.82043],[138.73062,-16.81873],[138.72799,-16.81689],[138.70029,-16.80847],[138.68125,-16.80094],[138.67014,-16.79529],[138.66431,-16.79104],[138.6531,-16.7775],[138.6484,-16.77526],[138.63384,-16.77212],[138.63108,-16.7694],[138.6291,-16.76914],[138.62623,-16.77134],[138.61909,-16.77219],[138.61632,-16.77373],[138.60933,-16.77402],[138.60754,-16.77507],[138.60079,-16.77476],[138.58369,-16.77809],[138.58078,-16.77963],[138.57415,-16.77793],[138.54038,-16.78027],[138.53907,-16.78086],[138.53719,-16.78459],[138.53071,-16.78252],[138.51048,-16.78204],[138.49108,-16.77986],[138.48654,-16.78083],[138.48563,-16.78411],[138.48119,-16.7848],[138.46642,-16.77905],[138.45892,-16.77816],[138.4536,-16.77291],[138.45021,-16.77228],[138.43608,-16.7727],[138.43057,-16.77464],[138.42516,-16.77466],[138.41313,-16.76829],[138.40135,-16.75912],[138.39603,-16.75619],[138.36333,-16.74167],[138.34887,-16.74081],[138.34611,-16.74157],[138.34294,-16.74107],[138.33875,-16.73804],[138.33693,-16.74045],[138.33345,-16.74011],[138.33279,-16.73754],[138.33009,-16.73713],[138.32885,-16.73845],[138.33052,-16.74062],[138.32994,-16.74472],[138.3242,-16.74688],[138.31796,-16.74734],[138.31448,-16.74377],[138.29708,-16.73867],[138.29051,-16.73532],[138.27143,-16.72001],[138.23936,-16.71257],[138.21479,-16.70523],[138.188,-16.69417],[138.16978,-16.684],[138.1621,-16.67839],[138.16071,-16.6779],[138.15796,-16.68119],[138.1561,-16.67997],[138.15552,-16.67534],[138.157,-16.67365],[138.15638,-16.67198],[138.15286,-16.66938],[138.13847,-16.66269],[138.12129,-16.65155],[138.1192,-16.65053],[138.11557,-16.65183],[138.11462,-16.65078],[138.11497,-16.64845],[138.11312,-16.64614],[138.08561,-16.62031],[138.08114,-16.62045],[138.08003,-16.61877],[138.08126,-16.61563],[138.07899,-16.61289],[138.06253,-16.60082],[138.06064,-16.60126],[138.05047,-16.58325],[138.04406,-16.57615],[138.03904,-16.57302],[138.0293,-16.56955],[138.02835,-16.5684],[138.02899,-16.56519],[138.02517,-16.5615],[138.01724,-16.5551],[138.00417,-16.54754],[137.99465,-16.53869],[137.99881,-23.97585],[137.99905,-25.99686],[140.90956,-25.9964],[140.9377,-25.71601],[140.92091,-25.71461],[140.92275,-25.68049],[140.89691,-25.67889],[140.91147,-25.52465],[140.88104,-25.46756],[140.87546,-25.47046],[140.87474,-25.4732],[140.86749,-25.47601],[140.86296,-25.48165],[140.84456,-25.48814],[140.8376,-25.49382],[140.83718,-25.4948],[140.83887,-25.49819],[140.82781,-25.52187],[140.82534,-25.52495],[140.77496,-25.47428],[140.67788,-25.46662],[140.70118,-25.20999],[140.71479,-25.21377],[140.85705,-25.22611],[140.87896,-24.9926],[140.80236,-24.9862],[140.81099,-24.84074],[140.87215,-24.84505],[140.88313,-24.69825],[140.83673,-24.6946],[140.83871,-24.6689],[140.96164,-24.67353],[141.08449,-24.67418],[141.24248,-24.686],[141.23889,-24.72515],[141.36107,-24.62911],[141.37551,-24.48295],[141.43008,-24.48352],[141.518,-24.57764],[141.5233,-24.57928],[141.52307,-24.58364],[141.73105,-24.63672],[141.73447,-24.63355],[141.74608,-24.63102],[141.75623,-24.63273],[141.76006,-24.63205],[141.76307,-24.63321],[141.77004,-24.62957],[141.77332,-24.62506],[141.77659,-24.62381],[141.78129,-24.624],[141.79033,-24.6218],[141.79427,-24.62302],[141.79692,-24.62097],[141.81336,-24.61846],[141.82254,-24.61219],[141.82947,-24.60373],[141.83292,-24.60265],[141.8367,-24.59899],[141.83958,-24.59837],[141.84299,-24.59432],[141.85643,-24.58697],[141.85819,-24.58531],[141.86236,-24.57679],[141.86783,-24.57308],[141.87148,-24.56833],[141.87313,-24.56404],[141.87866,-24.55999],[141.90136,-24.55605],[141.9074,-24.5512],[141.90828,-24.54937],[141.92403,-24.54168],[141.92793,-24.53819],[141.9305,-24.53751],[141.93626,-24.53845],[141.94836,-24.53636],[141.95595,-24.53415],[141.96261,-24.53022],[141.96474,-24.5281],[141.96708,-24.52283],[141.9705,-24.51995],[141.86355,-24.40314],[141.93001,-24.35265],[141.92211,-24.34327],[141.96473,-24.31085],[141.8058,-24.1548],[141.91925,-24.05737],[142.02381,-24.16766],[142.0527,-24.1334],[142.10045,-24.0952],[142.14502,-23.70082],[141.98921,-23.69238],[141.98785,-23.70632],[141.82876,-23.69179],[141.68035,-23.6909],[141.6794,-23.70551],[141.531,-23.68945],[141.45581,-23.60482],[141.38816,-23.53338],[141.3926,-23.52995],[141.38414,-23.5264],[141.37703,-23.52758],[141.30598,-23.45146],[141.3003,-23.44734],[141.29674,-23.44157],[141.26129,-23.4043],[141.24137,-23.38543],[141.15508,-23.29083],[141.04715,-23.37501],[141.03377,-23.38415],[141.03141,-23.38378],[141.00193,-23.3529],[140.9998,-23.35197],[140.99917,-23.35005],[140.82937,-23.17019],[140.82219,-23.16155],[140.947,-23.06777],[140.92457,-23.04444],[140.97916,-22.99981],[141.04636,-22.94765],[141.02273,-22.92334],[140.988,-22.91223],[140.98856,-22.90771],[140.9912,-22.90652],[140.98925,-22.90449],[140.98985,-22.89998],[140.98558,-22.89774],[140.98506,-22.89627],[140.98612,-22.89434],[140.98767,-22.89412],[140.9878,-22.89648],[140.99844,-22.89761],[140.99907,-22.89841],[141.12226,-22.80449],[141.11446,-22.77451],[141.12037,-22.75224],[141.12286,-22.7492],[141.11725,-22.70269],[141.10278,-22.69007],[141.09492,-22.64193],[141.09192,-22.63725],[141.08964,-22.62817],[141.09085,-22.61823],[141.13389,-22.62126],[141.14563,-22.63336],[141.19892,-22.59756],[141.07972,-22.46565],[141.24573,-22.33539],[141.25369,-22.32158],[141.22851,-22.29793],[141.1827,-22.24942],[141.19863,-22.05517],[141.29434,-22.06189],[141.29371,-22.05401],[141.29022,-22.04508],[141.29123,-22.04234],[141.29138,-22.0324],[141.29274,-22.03092],[141.2886,-22.0263],[141.29084,-22.0239],[141.2842,-22.00998],[141.28454,-21.98884],[141.28838,-21.98391],[141.29025,-21.97802],[141.30967,-21.93967],[141.48325,-21.94717],[141.50805,-21.75206],[141.58256,-21.75813],[141.57919,-21.79429],[141.73892,-21.8072],[141.74038,-21.79137],[142.04826,-21.8158],[142.06613,-21.69767],[142.06915,-21.61039],[142.06451,-21.60838],[142.06473,-21.60429],[142.06935,-21.60472],[142.07202,-21.54073],[142.07366,-21.52335],[142.03825,-21.52008],[142.08027,-21.48833],[142.09165,-21.3826],[142.064,-21.37989],[142.13765,-21.32349],[142.04725,-21.22429],[142.05765,-21.21654],[142.15766,-21.23475],[142.24985,-21.23619],[142.25528,-21.16974],[142.22241,-21.16738],[142.23774,-21.01415],[142.19906,-21.0108],[142.20307,-20.98754],[142.29189,-20.99491],[142.30189,-20.88424],[142.32092,-20.88618],[142.33099,-20.79408],[142.35487,-20.79643],[142.36337,-20.71988],[142.30988,-20.7147],[142.33464,-20.66516],[142.33906,-20.66557],[142.3449,-20.60066],[142.34105,-20.60033],[142.34446,-20.57118],[142.34723,-20.57154],[142.36177,-20.56893],[142.37375,-20.43973],[142.37069,-20.43948],[142.38064,-20.33403],[142.33581,-20.33033],[142.37936,-19.86172],[142.34927,-19.8592],[142.37514,-19.59988],[142.60223,-19.62006],[142.60224,-19.62006],[142.60955,-19.54777],[142.59212,-19.54661],[142.60477,-19.40322],[142.39668,-19.38842],[142.3953,-19.40228],[142.37437,-19.4004],[142.40069,-19.12654],[142.35383,-19.1226],[142.35227,-19.14748],[142.23643,-19.13604],[142.23507,-19.14953],[142.15942,-19.14202],[142.17658,-18.97215],[142.12913,-18.96955],[142.12672,-18.9934],[141.94147,-18.97846],[141.93114,-19.08966],[141.77106,-19.0782],[141.76215,-19.19181],[141.75874,-19.1927],[141.757,-19.19163],[141.75321,-19.19317],[141.74622,-19.19269],[141.73912,-19.18512],[141.73452,-19.184],[141.729,-19.17905],[141.71551,-19.17908],[141.71113,-19.17634],[141.70899,-19.17274],[141.70415,-19.17073],[141.69795,-19.16237],[141.69734,-19.16003],[141.69411,-19.15915],[141.6916,-19.15644],[141.68607,-19.15725],[141.6787,-19.15548],[141.66899,-19.15909],[141.66443,-19.15841],[141.66176,-19.1597],[141.65825,-19.15716],[141.64613,-19.15772],[141.63961,-19.15469],[141.63585,-19.15568],[141.63308,-19.15473],[141.63119,-19.15183],[141.62901,-19.15188],[141.62698,-19.15016],[141.62372,-19.15054],[141.62368,-19.1487],[141.62121,-19.14826],[141.62107,-19.14558],[141.61802,-19.14374],[141.61705,-19.14478],[141.61533,-19.14274],[141.61683,-19.14042],[141.61674,-19.13846],[141.61276,-19.13778],[141.61129,-19.1352],[141.61282,-19.13222],[141.61139,-19.12852],[141.61328,-19.12597],[141.6132,-19.1242],[141.60933,-19.12001],[141.6089,-19.11341],[141.62013,-19.11458],[141.6362,-18.96712],[141.66814,-18.96969],[141.69195,-18.71361],[141.62238,-18.7076],[141.36401,-18.68142],[141.36995,-18.62546],[141.31496,-18.62045],[141.30566,-18.61513],[141.30369,-18.6126],[141.2987,-18.61142],[141.30098,-18.60736],[141.30273,-18.60659],[141.30163,-18.60222],[141.30216,-18.59517],[141.30012,-18.59316],[141.29949,-18.58798],[141.29611,-18.58733],[141.29457,-18.58521],[141.29212,-18.57789],[141.29357,-18.57522],[141.29324,-18.57028],[141.29119,-18.5697],[141.29079,-18.56859],[141.2917,-18.56659],[141.29348,-18.56594],[141.29669,-18.56594],[141.2968,-18.56764],[141.29811,-18.56778],[141.30029,-18.56333],[141.29872,-18.56035],[141.29867,-18.55649],[141.2974,-18.55587],[141.29586,-18.55229],[141.29382,-18.55139],[141.29225,-18.54858],[141.2881,-18.54644],[141.28823,-18.54123],[141.28552,-18.53002],[141.2862,-18.5229],[141.28365,-18.51873],[141.2863,-18.51689],[141.28513,-18.51217],[141.28636,-18.50949],[141.28487,-18.50859],[141.28475,-18.5054],[141.28788,-18.50283],[141.29024,-18.5024],[141.29042,-18.50022],[141.29774,-18.49961],[141.29901,-18.49649],[141.29933,-18.49295],[141.29583,-18.4899],[141.29294,-18.48508],[141.29446,-18.484],[141.29285,-18.47996],[141.29863,-18.47553],[141.29677,-18.47044],[141.29382,-18.46761],[141.29649,-18.46343],[141.29491,-18.46169],[141.29498,-18.45976],[141.30101,-18.45575],[141.30078,-18.4503],[141.30479,-18.4478],[141.30132,-18.43749],[141.30261,-18.42955],[141.30204,-18.42765],[141.30074,-18.42647],[141.29236,-18.42514],[141.28935,-18.42152],[141.28323,-18.41753],[141.28103,-18.41754],[141.28063,-18.41603],[141.2839,-18.40808],[141.28254,-18.40516],[141.28383,-18.39825],[141.2815,-18.39123],[141.27481,-18.38875],[141.2726,-18.38681],[141.26744,-18.37785],[141.26613,-18.36878],[141.26176,-18.36528],[141.25447,-18.36404],[141.25225,-18.36178],[141.25299,-18.3601],[141.24992,-18.35368],[141.24975,-18.35049],[141.24193,-18.3464],[141.24005,-18.34358],[141.23787,-18.33594],[141.235,-18.33466],[141.23171,-18.33532],[141.22973,-18.3319],[141.22644,-18.33109],[141.22574,-18.32922],[141.22318,-18.32971],[141.2233,-18.32465],[141.22022,-18.32238],[141.22197,-18.31961],[141.22065,-18.31656],[141.21745,-18.31447],[141.22014,-18.30851],[141.21804,-18.30225],[141.22094,-18.3009],[141.21836,-18.29719],[141.21986,-18.29428],[141.21225,-18.28797],[141.21303,-18.28497],[141.21077,-18.28237],[141.21314,-18.27867],[141.21066,-18.27413],[141.21135,-18.27033],[141.21056,-18.26446],[141.20938,-18.2628],[141.20573,-18.2616],[141.20421,-18.25489],[141.20085,-18.25264],[141.19371,-18.25366],[141.19013,-18.24786],[141.18872,-18.24285],[141.19062,-18.23852],[141.19032,-18.23357],[141.18659,-18.22999],[141.18585,-18.22653],[141.18697,-18.22499],[141.18476,-18.22291],[141.18463,-18.2203],[141.18123,-18.21686],[141.18125,-18.21326],[141.17519,-18.20902],[141.17003,-18.20715],[141.16793,-18.20371],[141.16267,-18.20464],[141.15744,-18.19603],[141.14732,-18.19294],[141.14504,-18.19401],[141.14451,-18.19558],[141.13877,-18.19137],[141.13702,-18.18888],[141.13788,-18.17974],[141.14411,-18.16627],[141.14224,-18.16089],[141.14314,-18.15715],[141.13939,-18.14955],[141.13886,-18.14497],[141.13486,-18.13773],[141.13452,-18.13434],[141.13596,-18.13247],[141.1341,-18.12918],[141.13406,-18.12527],[141.13633,-18.12233],[141.13798,-18.11744],[141.14061,-18.11469],[141.14046,-18.11267],[141.14684,-18.11042],[141.19206,-18.11331],[141.19987,-18.01543],[141.28378,-18.02323],[141.28171,-18.04674],[141.39519,-18.05711],[141.40022,-18.00399],[141.39506,-18.00405],[141.39195,-18.00611],[141.38829,-18.0066],[141.39314,-17.93477],[141.46607,-17.93898],[141.46824,-17.91042],[141.30441,-17.89896],[141.31686,-17.7367],[141.32829,-17.73323],[141.33002,-17.73356],[141.33245,-17.73813],[141.3388,-17.74448],[141.3509,-17.74325],[141.35915,-17.74492],[141.35933,-17.75444],[141.36207,-17.75553],[141.37443,-17.7521],[141.37832,-17.75276],[141.38293,-17.75138],[141.388,-17.75184],[141.39341,-17.75323],[141.39858,-17.75687],[141.40088,-17.76091],[141.4041,-17.76334],[141.41335,-17.76163],[141.43296,-17.74933],[141.43825,-17.67981],[141.37818,-17.67662],[141.38216,-17.60803],[141.40658,-17.60994],[141.42226,-17.44381],[141.57272,-17.45842],[141.57639,-17.42038],[141.72874,-17.43295],[141.72563,-17.46952],[141.83673,-17.48249],[141.78533,-17.4224],[141.89772,-17.33075],[142.01225,-17.4712],[142.05777,-17.43427],[142.17835,-17.56624],[142.26773,-17.49178],[142.26785,-17.48728],[142.26298,-17.48059],[142.25899,-17.47126],[142.25245,-17.46577],[142.25139,-17.46284],[142.24468,-17.45788],[142.23857,-17.45741],[142.22956,-17.45168],[142.22544,-17.4456],[142.21721,-17.44184],[142.20596,-17.44235],[142.19333,-17.44049],[142.1843,-17.4379],[142.17501,-17.43242],[142.34059,-17.28623],[142.40159,-17.35527],[142.54068,-17.17553],[142.53509,-17.17683],[142.52194,-17.17526],[142.51961,-17.17167],[142.51297,-17.17046],[142.5083,-17.16216],[142.50526,-17.16051],[142.5022,-17.15631],[142.4992,-17.15466],[142.49521,-17.15],[142.48923,-17.14756],[142.48696,-17.1458],[142.4859,-17.14231],[142.47778,-17.13901],[142.46845,-17.1307],[142.46673,-17.12619],[142.46373,-17.12476],[142.46166,-17.12231],[142.46231,-17.11824],[142.45883,-17.11609],[142.45592,-17.10833],[142.45134,-17.10586],[142.44516,-17.10504],[142.44016,-17.10125],[142.4359,-17.10085],[142.43386,-17.09823],[142.42873,-17.09603],[142.42751,-17.09234],[142.42142,-17.08744],[142.50803,-16.97216],[142.54669,-16.55812],[142.59614,-16.19067],[142.63722,-16.13242],[142.69898,-16.17321],[142.74222,-16.11202],[142.74231,-16.10953],[142.71993,-16.08656],[142.71095,-16.07937],[142.70607,-16.07404],[142.69862,-16.07043],[142.6801,-16.06948],[142.66494,-16.06287],[142.65833,-16.05902],[142.6488,-16.05014],[142.6412,-16.03797],[142.63651,-16.02795],[142.63093,-16.02061],[142.6257,-16.01756],[142.62197,-16.01693],[142.63054,-15.95454],[142.69583,-15.89654],[142.70633,-15.74768],[142.77007,-15.75245],[142.77982,-15.61315],[142.89042,-15.61962],[142.9031,-15.4747],[142.9596,-15.47934],[142.97234,-15.33308],[142.66736,-15.31142],[142.65005,-15.4605],[142.24007,-15.42314],[142.09312,-15.19026],[142.02453,-15.37881],[142.01894,-15.37952],[142.01227,-15.37301],[141.99578,-15.36476],[141.98411,-15.36246],[141.97571,-15.35777],[141.96699,-15.35581],[141.96706,-15.35899],[141.95645,-15.38018],[141.94396,-15.38615],[141.94029,-15.39066],[141.94022,-15.39765],[141.94409,-15.40413],[141.9535,-15.40736],[141.95554,-15.40991],[141.9578,-15.41747],[141.96502,-15.41911],[141.96904,-15.42197],[141.97293,-15.42883],[141.982,-15.43719],[141.98385,-15.44223],[141.99174,-15.44762],[141.99533,-15.45349],[141.97257,-15.56914],[141.64917,-15.54203],[141.647,-15.54079],[141.64489,-15.54171],[141.63348,-15.54166],[141.62744,-15.544],[141.62617,-15.54046],[141.62341,-15.53851],[141.62075,-15.53862],[141.61732,-15.53645],[141.61416,-15.53757],[141.61102,-15.53569],[141.60982,-15.53344],[141.60697,-15.53562],[141.60422,-15.53542],[141.59883,-15.52923],[141.59764,-15.52448],[141.59585,-15.52484],[141.59291,-15.52074],[141.5896,-15.52236],[141.58842,-15.52098],[141.58756,-15.52178],[141.58448,-15.52071],[141.58367,-15.51874],[141.58161,-15.51928],[141.57907,-15.52251],[141.58029,-15.52365],[141.57936,-15.52609],[141.57419,-15.52607],[141.57428,-15.52255],[141.57673,-15.52219],[141.57303,-15.51963],[141.57182,-15.52036],[141.56924,-15.5254],[141.57119,-15.52844],[141.56924,-15.53],[141.56869,-15.53194],[141.56538,-15.53048],[141.56309,-15.53475],[141.55955,-15.53333],[141.55926,-15.53035],[141.55656,-15.52999],[141.55509,-15.53446],[141.55549,-15.53552],[141.5582,-15.53571],[141.55851,-15.53706],[141.55627,-15.53812],[141.55329,-15.53607],[141.55281,-15.53305],[141.55429,-15.53043],[141.55787,-15.52754],[141.55731,-15.52058],[141.55915,-15.52086],[141.56083,-15.51868],[141.55916,-15.5169],[141.55368,-15.51756],[141.55286,-15.51855],[141.55161,-15.51613],[141.55194,-15.51247],[141.55029,-15.51144],[141.54936,-15.51085],[141.54896,-15.51095],[141.54307,-15.51242],[141.53852,-15.51079],[141.53608,-15.51332],[141.53496,-15.51021],[141.53664,-15.50812],[141.53421,-15.5068],[141.53368,-15.50651],[141.53231,-15.50791],[141.53096,-15.5093],[141.5307,-15.50957],[141.53091,-15.5099],[141.532,-15.51158],[141.53136,-15.51384],[141.52715,-15.51318],[141.52389,-15.51048],[141.52227,-15.51073],[141.52215,-15.52119],[141.52364,-15.52262],[141.52763,-15.5215],[141.52819,-15.52679],[141.52184,-15.52679],[141.51978,-15.52586],[141.51866,-15.52275],[141.51605,-15.52262],[141.51356,-15.51938],[141.50982,-15.522],[141.50447,-15.52069],[141.5031,-15.51913],[141.50266,-15.51621],[141.50702,-15.5144],[141.50758,-15.51309],[141.50509,-15.5073],[141.50241,-15.50562],[141.49675,-15.50899],[141.49669,-15.50967],[141.49606,-15.51646],[141.4933,-15.51552],[141.49234,-15.51071],[141.49225,-15.50901],[141.49345,-15.50618],[141.49936,-15.50195],[141.50422,-15.49597],[141.50714,-15.49616],[141.50864,-15.49466],[141.50714,-15.49417],[141.50932,-15.49367],[141.50733,-15.49221],[141.50248,-15.49143],[141.5022,-15.48881],[141.49919,-15.48518],[141.49909,-15.48506],[141.49716,-15.48497],[141.49348,-15.48765],[141.49334,-15.48793],[141.49171,-15.49117],[141.49152,-15.49691],[141.48776,-15.49956],[141.48723,-15.49979],[141.48599,-15.49949]]],[[[141.65082,-15.07212],[141.65065,-15.06893],[141.64534,-15.07044],[141.64531,-15.07056],[141.64335,-15.07886],[141.64681,-15.08776],[141.65883,-15.09491],[141.66663,-15.10233],[141.67261,-15.11101],[141.6742,-15.11183],[141.68601,-15.11034],[141.68808,-15.10808],[141.68842,-15.10419],[141.68996,-15.10209],[141.69579,-15.10035],[141.69872,-15.10156],[141.70067,-15.10399],[141.70019,-15.10714],[141.70147,-15.10939],[141.70429,-15.10948],[141.70644,-15.10781],[141.7082,-15.11175],[141.70983,-15.11239],[141.71388,-15.11023],[141.71676,-15.10998],[141.71834,-15.1123],[141.71131,-15.1128],[141.70925,-15.11548],[141.7088,-15.11854],[141.71166,-15.1217],[141.7201,-15.12191],[141.72069,-15.12455],[141.71692,-15.1283],[141.71832,-15.12782],[141.7204,-15.13022],[141.71972,-15.134],[141.72138,-15.13315],[141.72141,-15.13615],[141.72322,-15.13972],[141.73015,-15.14169],[141.73008,-15.14443],[141.73107,-15.14524],[141.73822,-15.14565],[141.74123,-15.14987],[141.7449,-15.15016],[141.74677,-15.14829],[141.74653,-15.14102],[141.74788,-15.14023],[141.74923,-15.14119],[141.75015,-15.14432],[141.75285,-15.14553],[141.75437,-15.14302],[141.75609,-15.14244],[141.75675,-15.1434],[141.75675,-15.14236],[141.75862,-15.14179],[141.75835,-15.13972],[141.76076,-15.13823],[141.76069,-15.14114],[141.76337,-15.1406],[141.76333,-15.13861],[141.76574,-15.14236],[141.76834,-15.14275],[141.77209,-15.1403],[141.77504,-15.1421],[141.77741,-15.1411],[141.7776,-15.13999],[141.78269,-15.14068],[141.78499,-15.14252],[141.78652,-15.14604],[141.78993,-15.14673],[141.79157,-15.14405],[141.79448,-15.14455],[141.80113,-15.1419],[141.80454,-15.14204],[141.80547,-15.14028],[141.80501,-15.13782],[141.80865,-15.13695],[141.81156,-15.13456],[141.81557,-15.13431],[141.81819,-15.13243],[141.82158,-15.13589],[141.82378,-15.13641],[141.83119,-15.13303],[141.83455,-15.13051],[141.8383,-15.13],[141.84356,-15.1267],[141.84386,-15.1253],[141.84461,-15.12642],[141.84621,-15.12612],[141.84668,-15.12678],[141.84823,-15.12739],[141.85171,-15.12617],[141.86023,-15.12731],[141.8662,-15.12463],[141.87145,-15.12623],[141.87472,-15.12234],[141.88091,-15.1199],[141.8837,-15.12144],[141.88632,-15.11878],[141.88835,-15.11891],[141.8919,-15.1163],[141.89639,-15.11501],[141.89863,-15.1166],[141.90124,-15.11502],[141.90414,-15.11652],[141.91002,-15.11508],[141.91214,-15.11606],[141.91513,-15.11094],[141.92526,-15.11133],[141.9282,-15.11485],[141.93354,-15.11427],[141.93688,-15.11201],[141.94077,-15.10651],[141.9457,-15.10672],[141.95605,-15.10496],[141.9611,-15.10132],[141.96661,-15.09956],[141.97078,-15.09634],[141.97752,-15.09411],[141.98334,-15.08941],[141.98977,-15.08628],[141.99548,-15.09252],[142.00076,-15.09399],[142.01401,-15.09158],[142.01302,-15.08906],[142.0146,-15.08789],[142.01836,-15.08718],[142.02475,-15.08179],[142.0261,-15.08249],[142.03073,-15.0812],[142.03531,-15.07815],[142.0393,-15.07874],[142.04822,-15.07692],[142.05274,-15.0775],[142.05596,-15.0744],[142.05731,-15.07123],[142.06406,-15.06894],[142.07059,-15.06052],[142.07458,-15.05817],[142.07743,-15.05908],[142.0789,-15.0582],[142.08659,-15.04741],[142.09887,-15.03975],[142.10004,-15.03518],[142.09934,-15.03365],[142.11389,-15.02004],[142.11201,-15.0164],[142.1133,-15.01007],[142.11084,-15.00898],[142.10603,-15.01521],[142.10496,-15.0182],[142.10152,-15.01976],[142.10123,-15.02262],[142.09942,-15.02526],[142.09305,-15.03135],[142.09268,-15.03566],[142.09026,-15.03724],[142.08693,-15.04212],[142.08624,-15.04592],[142.08105,-15.05086],[142.07734,-15.05179],[142.0753,-15.05429],[142.07313,-15.05466],[142.06553,-15.06009],[142.06174,-15.06004],[142.05954,-15.06239],[142.05943,-15.06693],[142.05877,-15.06797],[142.04696,-15.07057],[142.04318,-15.07366],[142.04069,-15.07349],[142.03639,-15.07071],[142.02921,-15.07438],[142.0277,-15.07417],[142.02289,-15.07781],[142.01822,-15.07829],[142.00361,-15.08784],[141.99627,-15.08724],[141.99281,-15.08432],[141.98371,-15.08894],[141.97417,-15.08824],[141.96884,-15.09161],[141.96628,-15.09109],[141.96288,-15.09317],[141.95817,-15.09238],[141.95547,-15.09503],[141.95288,-15.09423],[141.95102,-15.09721],[141.94982,-15.0966],[141.94667,-15.09833],[141.93386,-15.11363],[141.92959,-15.11423],[141.92556,-15.11095],[141.91921,-15.10994],[141.91428,-15.11085],[141.91256,-15.11258],[141.91192,-15.11528],[141.90987,-15.11438],[141.90381,-15.11596],[141.90154,-15.11441],[141.89858,-15.11567],[141.89666,-15.11415],[141.88588,-15.11855],[141.88388,-15.12075],[141.88142,-15.11966],[141.87939,-15.11948],[141.87405,-15.12203],[141.87128,-15.12556],[141.86627,-15.12432],[141.86222,-15.12519],[141.86033,-15.12712],[141.85816,-15.12585],[141.85247,-15.12575],[141.84854,-15.12692],[141.84382,-15.12488],[141.84278,-15.1267],[141.83912,-15.12894],[141.83234,-15.13089],[141.83116,-15.13266],[141.82325,-15.13557],[141.81869,-15.13185],[141.81652,-15.13193],[141.815,-15.13379],[141.8115,-15.13437],[141.80828,-15.13639],[141.80426,-15.13712],[141.80431,-15.14131],[141.80168,-15.14097],[141.7945,-15.14391],[141.7911,-15.14358],[141.78968,-15.14616],[141.78792,-15.14627],[141.78534,-15.14166],[141.7817,-15.13969],[141.77708,-15.13958],[141.77475,-15.14106],[141.77103,-15.13957],[141.76804,-15.14144],[141.76566,-15.14071],[141.76396,-15.13707],[141.75932,-15.13765],[141.7561,-15.13596],[141.7538,-15.13714],[141.75427,-15.14078],[141.75102,-15.14407],[141.74986,-15.14286],[141.74978,-15.14006],[141.74778,-15.13886],[141.74763,-15.13892],[141.74422,-15.1404],[141.7418,-15.13879],[141.73881,-15.14073],[141.73518,-15.14052],[141.73249,-15.14155],[141.72952,-15.1391],[141.72464,-15.13911],[141.72408,-15.13839],[141.72174,-15.12694],[141.72514,-15.12153],[141.72447,-15.11773],[141.72305,-15.11664],[141.7197,-15.11672],[141.71485,-15.12085],[141.71323,-15.12099],[141.71013,-15.11819],[141.71068,-15.1159],[141.71245,-15.11438],[141.7185,-15.11571],[141.72043,-15.11497],[141.72119,-15.11136],[141.71848,-15.10772],[141.71369,-15.10726],[141.70918,-15.11016],[141.70916,-15.10708],[141.70608,-15.10569],[141.7023,-15.10838],[141.70162,-15.10173],[141.69803,-15.09912],[141.69484,-15.09865],[141.69027,-15.09999],[141.68737,-15.10243],[141.68693,-15.10802],[141.68588,-15.10924],[141.6739,-15.10997],[141.67066,-15.10357],[141.65132,-15.08152],[141.65082,-15.07212]]],[[[139.05222,-16.88844],[139.05379,-16.88982],[139.05407,-16.8922],[139.05724,-16.89387],[139.05728,-16.89642],[139.05987,-16.89784],[139.06462,-16.89829],[139.06901,-16.90388],[139.07175,-16.90346],[139.06791,-16.89276],[139.06166,-16.89051],[139.05773,-16.88513],[139.05222,-16.88844]]],[[[139.05723,-16.87009],[139.05914,-16.87615],[139.06633,-16.87157],[139.06497,-16.86879],[139.06515,-16.86541],[139.0638,-16.86443],[139.05723,-16.87009]]],[[[139.09333,-16.8153],[139.0952,-16.81786],[139.09092,-16.82657],[139.09228,-16.82889],[139.09155,-16.83409],[139.09445,-16.83932],[139.09502,-16.8435],[139.09848,-16.84613],[139.0994,-16.84334],[139.09839,-16.84351],[139.09835,-16.84038],[139.10396,-16.83421],[139.11292,-16.83053],[139.11504,-16.83097],[139.11942,-16.82542],[139.12216,-16.82707],[139.1258,-16.82171],[139.12702,-16.82188],[139.1235,-16.82701],[139.13004,-16.8236],[139.13342,-16.82552],[139.13897,-16.82537],[139.14406,-16.82702],[139.14759,-16.82249],[139.14963,-16.8224],[139.14925,-16.82061],[139.14653,-16.81876],[139.14567,-16.81544],[139.14077,-16.81357],[139.13794,-16.81104],[139.13448,-16.8017],[139.1312,-16.79907],[139.12626,-16.80252],[139.1195,-16.80532],[139.0994,-16.81269],[139.09506,-16.81315],[139.09333,-16.8153]]],[[[139.12004,-16.85999],[139.12036,-16.86149],[139.12048,-16.86157],[139.12069,-16.86132],[139.12004,-16.85999]]],[[[139.13314,-16.79105],[139.13321,-16.79113],[139.13326,-16.79079],[139.13314,-16.79105]]],[[[139.13881,-16.7897],[139.13805,-16.78985],[139.13909,-16.78985],[139.13881,-16.7897]]],[[[139.14514,-16.69441],[139.14405,-16.70137],[139.13947,-16.70879],[139.1394,-16.7123],[139.14018,-16.71602],[139.14378,-16.72075],[139.14634,-16.73084],[139.14215,-16.74505],[139.13952,-16.7498],[139.13972,-16.75513],[139.14916,-16.74862],[139.16169,-16.74901],[139.15983,-16.74171],[139.16068,-16.73793],[139.16288,-16.73499],[139.17138,-16.72845],[139.17621,-16.72861],[139.17966,-16.72722],[139.18311,-16.722],[139.1845,-16.72237],[139.18604,-16.71915],[139.18475,-16.71779],[139.18496,-16.71271],[139.18101,-16.70152],[139.18133,-16.69821],[139.18549,-16.69134],[139.18745,-16.67925],[139.18156,-16.67374],[139.17076,-16.67178],[139.15135,-16.68658],[139.14514,-16.69441]]],[[[139.13995,-16.75824],[139.1396,-16.76126],[139.14063,-16.76308],[139.14398,-16.76347],[139.14731,-16.76228],[139.1425,-16.75626],[139.13995,-16.75824]]],[[[139.1477,-16.82556],[139.14761,-16.82572],[139.14775,-16.82573],[139.1477,-16.82556]]],[[[139.16046,-16.60983],[139.16178,-16.61722],[139.16137,-16.62039],[139.15003,-16.63447],[139.15419,-16.63901],[139.1563,-16.64585],[139.15837,-16.64895],[139.15875,-16.65833],[139.16059,-16.66331],[139.16253,-16.66616],[139.16525,-16.6678],[139.17328,-16.66657],[139.1797,-16.66852],[139.18591,-16.66766],[139.19317,-16.66426],[139.18993,-16.66699],[139.19304,-16.66935],[139.19635,-16.67653],[139.19649,-16.68254],[139.19753,-16.68485],[139.1957,-16.68861],[139.19531,-16.69506],[139.19963,-16.7082],[139.2009,-16.70764],[139.19979,-16.70533],[139.2017,-16.70682],[139.20495,-16.7071],[139.20757,-16.69613],[139.21848,-16.68567],[139.22072,-16.68755],[139.21625,-16.69058],[139.21616,-16.6923],[139.21761,-16.6934],[139.22339,-16.69249],[139.22158,-16.69452],[139.21433,-16.69638],[139.21166,-16.69853],[139.20945,-16.70803],[139.21799,-16.70996],[139.22214,-16.71319],[139.22501,-16.71878],[139.22645,-16.72774],[139.2286,-16.73224],[139.23271,-16.73202],[139.24331,-16.72642],[139.25089,-16.72495],[139.25925,-16.72496],[139.26422,-16.72589],[139.26867,-16.73232],[139.27509,-16.73391],[139.27961,-16.73344],[139.28061,-16.73229],[139.28749,-16.73529],[139.29811,-16.72707],[139.30264,-16.72506],[139.3055,-16.72483],[139.31221,-16.73096],[139.31668,-16.72767],[139.31692,-16.72332],[139.32486,-16.71028],[139.32819,-16.70967],[139.33508,-16.70263],[139.34977,-16.69143],[139.35175,-16.68447],[139.34709,-16.6792],[139.34445,-16.67783],[139.34698,-16.67696],[139.34712,-16.67549],[139.34904,-16.67633],[139.35236,-16.67591],[139.35712,-16.67793],[139.36225,-16.68309],[139.36516,-16.68407],[139.36534,-16.6865],[139.36817,-16.68831],[139.37089,-16.68872],[139.37395,-16.68772],[139.36788,-16.68409],[139.36561,-16.67768],[139.36899,-16.67087],[139.37795,-16.66303],[139.38171,-16.6578],[139.37837,-16.65252],[139.3741,-16.64946],[139.37232,-16.64555],[139.3718,-16.62818],[139.36864,-16.62123],[139.37435,-16.62024],[139.37271,-16.61871],[139.37396,-16.61665],[139.36436,-16.60925],[139.36307,-16.60637],[139.36366,-16.60455],[139.36664,-16.60337],[139.36969,-16.60388],[139.38258,-16.61313],[139.38795,-16.61389],[139.39052,-16.61216],[139.39042,-16.61463],[139.3885,-16.61637],[139.38553,-16.61674],[139.38519,-16.61762],[139.38164,-16.61695],[139.37784,-16.6216],[139.3811,-16.62212],[139.37953,-16.62493],[139.38426,-16.62422],[139.38605,-16.62589],[139.38793,-16.62831],[139.3849,-16.63003],[139.38644,-16.63137],[139.39185,-16.63199],[139.39116,-16.63265],[139.39345,-16.63606],[139.4004,-16.63811],[139.4033,-16.64128],[139.40406,-16.6427],[139.40312,-16.64269],[139.40285,-16.64401],[139.40619,-16.64545],[139.40915,-16.65136],[139.40913,-16.65426],[139.41132,-16.65934],[139.41258,-16.65941],[139.41609,-16.66304],[139.41626,-16.66533],[139.41394,-16.66887],[139.41419,-16.67078],[139.43237,-16.67059],[139.43585,-16.67264],[139.43661,-16.67489],[139.43802,-16.67408],[139.43954,-16.67026],[139.44851,-16.66739],[139.44722,-16.66474],[139.44865,-16.66486],[139.44872,-16.66044],[139.4495,-16.65963],[139.4513,-16.66117],[139.4486,-16.65698],[139.44991,-16.65194],[139.44649,-16.64571],[139.44143,-16.64169],[139.44138,-16.63879],[139.44001,-16.63651],[139.43627,-16.63604],[139.43726,-16.63289],[139.43557,-16.63202],[139.44747,-16.62846],[139.4548,-16.62819],[139.45905,-16.63021],[139.46493,-16.62963],[139.47048,-16.62081],[139.47227,-16.61529],[139.46636,-16.60642],[139.46603,-16.60383],[139.46609,-16.60164],[139.4679,-16.60018],[139.47122,-16.59002],[139.47116,-16.58761],[139.46993,-16.58559],[139.46421,-16.58258],[139.45441,-16.58123],[139.45738,-16.57283],[139.4598,-16.5722],[139.465,-16.56719],[139.47127,-16.56306],[139.47953,-16.55976],[139.48835,-16.55886],[139.49216,-16.56057],[139.49456,-16.56299],[139.49527,-16.56781],[139.49915,-16.57169],[139.50053,-16.57619],[139.50617,-16.578],[139.50573,-16.57021],[139.51035,-16.56407],[139.51395,-16.56169],[139.51371,-16.55992],[139.51531,-16.55656],[139.51398,-16.54645],[139.51241,-16.54467],[139.50393,-16.54453],[139.49826,-16.54658],[139.49411,-16.54591],[139.49077,-16.54756],[139.48329,-16.54591],[139.48106,-16.54421],[139.47886,-16.53898],[139.47251,-16.53251],[139.46619,-16.53206],[139.46646,-16.53006],[139.46979,-16.52856],[139.47014,-16.52648],[139.47314,-16.5265],[139.47364,-16.52546],[139.472,-16.52296],[139.47383,-16.52282],[139.47618,-16.52067],[139.48066,-16.52142],[139.4809,-16.52287],[139.47956,-16.52374],[139.48088,-16.52463],[139.48305,-16.52385],[139.48379,-16.52554],[139.48555,-16.5237],[139.48928,-16.52445],[139.4927,-16.52384],[139.49941,-16.51562],[139.50409,-16.51277],[139.50883,-16.51304],[139.51088,-16.51619],[139.51271,-16.51708],[139.51878,-16.51624],[139.53033,-16.51761],[139.53253,-16.51257],[139.52939,-16.51046],[139.52991,-16.50782],[139.53677,-16.50225],[139.53795,-16.49953],[139.54305,-16.49532],[139.54266,-16.49275],[139.5388,-16.49753],[139.541,-16.49137],[139.54044,-16.48936],[139.56028,-16.48098],[139.5603,-16.47487],[139.55668,-16.46956],[139.55814,-16.4676],[139.56092,-16.47015],[139.56201,-16.47327],[139.56492,-16.47284],[139.56203,-16.47504],[139.5628,-16.47981],[139.56114,-16.48277],[139.56259,-16.48334],[139.5575,-16.48776],[139.55841,-16.48981],[139.55795,-16.49269],[139.5626,-16.49634],[139.57507,-16.50094],[139.57975,-16.50658],[139.57983,-16.51146],[139.57655,-16.5138],[139.57555,-16.51636],[139.57834,-16.52161],[139.57818,-16.5267],[139.57927,-16.5286],[139.58521,-16.53018],[139.58827,-16.53263],[139.5888,-16.53559],[139.58765,-16.54168],[139.5904,-16.54348],[139.59325,-16.54734],[139.59182,-16.55071],[139.59411,-16.55534],[139.59824,-16.55365],[139.61527,-16.54139],[139.62333,-16.53819],[139.6276,-16.53407],[139.63369,-16.53204],[139.63853,-16.5329],[139.64182,-16.52819],[139.65227,-16.52577],[139.65716,-16.52023],[139.67336,-16.51896],[139.68156,-16.52045],[139.68439,-16.52283],[139.68643,-16.52653],[139.6869,-16.53408],[139.68792,-16.53583],[139.69866,-16.53471],[139.70351,-16.53568],[139.71115,-16.53354],[139.71194,-16.53199],[139.70956,-16.5291],[139.7103,-16.5248],[139.70915,-16.52237],[139.7029,-16.51915],[139.69987,-16.51882],[139.69792,-16.51974],[139.69776,-16.51575],[139.69953,-16.51183],[139.69903,-16.50896],[139.70021,-16.50647],[139.69878,-16.49767],[139.70181,-16.48983],[139.69819,-16.47964],[139.69329,-16.47762],[139.69064,-16.46906],[139.68651,-16.46828],[139.68067,-16.47049],[139.67995,-16.46672],[139.67329,-16.46589],[139.67003,-16.46222],[139.67062,-16.46133],[139.67232,-16.46408],[139.67398,-16.46473],[139.67866,-16.46528],[139.68114,-16.45884],[139.67839,-16.45383],[139.67259,-16.45161],[139.66141,-16.45235],[139.65437,-16.45168],[139.64317,-16.44606],[139.63336,-16.43389],[139.62475,-16.42692],[139.61607,-16.42162],[139.61512,-16.41837],[139.60424,-16.40452],[139.5934,-16.40189],[139.57274,-16.4],[139.55881,-16.3971],[139.55328,-16.39432],[139.55091,-16.39081],[139.54955,-16.39193],[139.54742,-16.3916],[139.54662,-16.39415],[139.5424,-16.39767],[139.53704,-16.39915],[139.5381,-16.40469],[139.53522,-16.4097],[139.52109,-16.41704],[139.49861,-16.42493],[139.48571,-16.43082],[139.48604,-16.43278],[139.48475,-16.43434],[139.47475,-16.43918],[139.47538,-16.44064],[139.47456,-16.44226],[139.4645,-16.4466],[139.45626,-16.4485],[139.43685,-16.44919],[139.41914,-16.44609],[139.40047,-16.44824],[139.38677,-16.4525],[139.36371,-16.45288],[139.36108,-16.45476],[139.35895,-16.45933],[139.36041,-16.46073],[139.3722,-16.46461],[139.37475,-16.46741],[139.37025,-16.46873],[139.36499,-16.46417],[139.36644,-16.46847],[139.36512,-16.46898],[139.36343,-16.46543],[139.35994,-16.46397],[139.3571,-16.46109],[139.35602,-16.45808],[139.34758,-16.46259],[139.33312,-16.46611],[139.32542,-16.46521],[139.31405,-16.46087],[139.30953,-16.46134],[139.30365,-16.46386],[139.29811,-16.46862],[139.29493,-16.47402],[139.29043,-16.4789],[139.26358,-16.49473],[139.25539,-16.49729],[139.24833,-16.5022],[139.24123,-16.50533],[139.24329,-16.50898],[139.24128,-16.51908],[139.23438,-16.52634],[139.21789,-16.53621],[139.22037,-16.53768],[139.22075,-16.53981],[139.21301,-16.55059],[139.21361,-16.55373],[139.21695,-16.55616],[139.21729,-16.55778],[139.21003,-16.57125],[139.20022,-16.57955],[139.18412,-16.59025],[139.17511,-16.59884],[139.16841,-16.60297],[139.16046,-16.60983]]],[[[139.15111,-16.78307],[139.1508,-16.78343],[139.1505,-16.7838],[139.15111,-16.78307]]],[[[139.15301,-16.7752],[139.15525,-16.77459],[139.15545,-16.77427],[139.15352,-16.77459],[139.15301,-16.7752]]],[[[139.1616,-16.74055],[139.16235,-16.74345],[139.16626,-16.74771],[139.16382,-16.74423],[139.16291,-16.7406],[139.1616,-16.74055]]],[[[139.19502,-16.99304],[139.19986,-16.99462],[139.20182,-16.99573],[139.19975,-16.99265],[139.19502,-16.99304]]],[[[139.20594,-17.00651],[139.20522,-17.0109],[139.20767,-17.01625],[139.20738,-17.01773],[139.2096,-17.01866],[139.21253,-17.02215],[139.21443,-17.02789],[139.21467,-17.03396],[139.21893,-17.03155],[139.22336,-17.03157],[139.22628,-17.03583],[139.22763,-17.04051],[139.23235,-17.04603],[139.23561,-17.04795],[139.23966,-17.04633],[139.24805,-17.04657],[139.25108,-17.05091],[139.25104,-17.0566],[139.25931,-17.05554],[139.2613,-17.05893],[139.26548,-17.05867],[139.26365,-17.05373],[139.24962,-17.04352],[139.24499,-17.03811],[139.24159,-17.03116],[139.22886,-17.02332],[139.22471,-17.01749],[139.21818,-17.01386],[139.21228,-17.00609],[139.20727,-17.00561],[139.20594,-17.00651]]],[[[139.25185,-16.2299],[139.25174,-16.23082],[139.25304,-16.23258],[139.25356,-16.23011],[139.25185,-16.2299]]],[[[139.2606,-16.99051],[139.26259,-16.99363],[139.26162,-16.99857],[139.2623,-17.00014],[139.26374,-16.99863],[139.26844,-16.99835],[139.27098,-17.00115],[139.27126,-16.99832],[139.27377,-16.99681],[139.27496,-16.99323],[139.27946,-16.99477],[139.27609,-16.9911],[139.27302,-16.99177],[139.26925,-16.98923],[139.26779,-16.98983],[139.26458,-16.98867],[139.26407,-16.9872],[139.2606,-16.99051]]],[[[139.2714,-16.26836],[139.27268,-16.27072],[139.27385,-16.27605],[139.27791,-16.26857],[139.27644,-16.26618],[139.27696,-16.26327],[139.27519,-16.26367],[139.27663,-16.26744],[139.27481,-16.26847],[139.2714,-16.26836]]],[[[139.28009,-16.26297],[139.2802,-16.26417],[139.28093,-16.26397],[139.28009,-16.26297]]],[[[139.28841,-16.74403],[139.28862,-16.74831],[139.29145,-16.74922],[139.29335,-16.75271],[139.2956,-16.75241],[139.29558,-16.74971],[139.29059,-16.7465],[139.28939,-16.74332],[139.28841,-16.74403]]],[[[139.36104,-16.95404],[139.3611,-16.95648],[139.36348,-16.95722],[139.36401,-16.95549],[139.36205,-16.95366],[139.36104,-16.95404]]],[[[139.36489,-17.06929],[139.36547,-17.07179],[139.36875,-17.07329],[139.38245,-17.07545],[139.38762,-17.07519],[139.3897,-17.07439],[139.38717,-17.07504],[139.38546,-17.07277],[139.37427,-17.06861],[139.36489,-17.06929]]],[[[139.37069,-17.00195],[139.37296,-17.00696],[139.37574,-17.00769],[139.37582,-17.00676],[139.37069,-17.00195]]],[[[139.37739,-17.03095],[139.37827,-17.03118],[139.38085,-17.02988],[139.3825,-17.02438],[139.38562,-17.0239],[139.38222,-17.02428],[139.38055,-17.02976],[139.37739,-17.03095]]],[[[139.37842,-16.64011],[139.3794,-16.64337],[139.3774,-16.64572],[139.37876,-16.64812],[139.38155,-16.6459],[139.38222,-16.6427],[139.38381,-16.64209],[139.38225,-16.63932],[139.38198,-16.6345],[139.37842,-16.64011]]],[[[139.39394,-17.08254],[139.39615,-17.092],[139.3988,-17.09558],[139.39899,-17.09803],[139.40097,-17.09984],[139.40095,-17.10671],[139.40527,-17.10883],[139.40999,-17.11352],[139.41089,-17.1222],[139.41537,-17.12574],[139.41819,-17.12434],[139.42043,-17.12578],[139.42548,-17.12582],[139.42127,-17.12158],[139.42189,-17.11807],[139.4262,-17.11128],[139.42677,-17.10896],[139.42581,-17.10768],[139.42897,-17.10595],[139.42805,-17.10341],[139.42989,-17.10248],[139.4312,-17.10347],[139.43317,-17.10075],[139.43874,-17.10132],[139.45105,-17.09766],[139.47469,-17.09303],[139.47378,-17.09557],[139.47645,-17.09793],[139.47735,-17.10031],[139.4751,-17.10814],[139.47663,-17.11314],[139.47787,-17.1127],[139.47871,-17.1136],[139.47792,-17.11654],[139.47912,-17.11585],[139.48041,-17.11827],[139.48094,-17.11623],[139.48238,-17.11625],[139.48369,-17.11764],[139.48271,-17.11829],[139.48428,-17.11879],[139.48732,-17.116],[139.49519,-17.11507],[139.49785,-17.11722],[139.50269,-17.11713],[139.5034,-17.1184],[139.50823,-17.12036],[139.51386,-17.11893],[139.51019,-17.11531],[139.51305,-17.11365],[139.51507,-17.1153],[139.51657,-17.11368],[139.51484,-17.11248],[139.51619,-17.1082],[139.52128,-17.10407],[139.53941,-17.09927],[139.54984,-17.09867],[139.55215,-17.09961],[139.55977,-17.0949],[139.56668,-17.09246],[139.56832,-17.09339],[139.5741,-17.09184],[139.5766,-17.09396],[139.57856,-17.09398],[139.57379,-17.08814],[139.57102,-17.08265],[139.56053,-17.07412],[139.5518,-17.05652],[139.55013,-17.0463],[139.55202,-17.0447],[139.55347,-17.03993],[139.55495,-17.03975],[139.55673,-17.03421],[139.55062,-17.0354],[139.54346,-17.03147],[139.53855,-17.02478],[139.53149,-17.01776],[139.51949,-17.00825],[139.50938,-16.9972],[139.50626,-16.99246],[139.50423,-16.9858],[139.49874,-16.98414],[139.49488,-16.98037],[139.49179,-16.97949],[139.49132,-16.98112],[139.49486,-16.99109],[139.49327,-16.99753],[139.49726,-17.00137],[139.49571,-17.00226],[139.49377,-17.00961],[139.49448,-17.0142],[139.49047,-17.01998],[139.48364,-17.02645],[139.47611,-17.02852],[139.47393,-17.0318],[139.47091,-17.03242],[139.47079,-17.031],[139.46619,-17.03011],[139.45792,-17.03055],[139.45661,-17.03195],[139.4579,-17.0332],[139.45508,-17.03981],[139.45617,-17.04355],[139.45359,-17.05397],[139.44335,-17.06226],[139.43436,-17.06625],[139.43417,-17.06832],[139.42844,-17.07292],[139.42887,-17.07375],[139.42383,-17.07902],[139.40999,-17.08446],[139.39394,-17.08254]]],[[[139.44381,-16.68236],[139.44366,-16.68639],[139.43787,-16.69678],[139.44087,-16.69831],[139.44054,-16.70452],[139.44428,-16.7067],[139.45076,-16.70701],[139.45197,-16.70792],[139.46426,-16.70056],[139.46785,-16.68934],[139.472,-16.68293],[139.47601,-16.68029],[139.47538,-16.6761],[139.47179,-16.67001],[139.46905,-16.67093],[139.46715,-16.66855],[139.46571,-16.66857],[139.46177,-16.6719],[139.45705,-16.67283],[139.45592,-16.67795],[139.45468,-16.67606],[139.45579,-16.67414],[139.45497,-16.67376],[139.45069,-16.67674],[139.44805,-16.6804],[139.44381,-16.68236]]],[[[139.45301,-16.66417],[139.45417,-16.6674],[139.45771,-16.66797],[139.45819,-16.66638],[139.45301,-16.66417]]],[[[139.45787,-16.66908],[139.45895,-16.66913],[139.45944,-16.6688],[139.45893,-16.6684],[139.45787,-16.66908]]],[[[139.47374,-16.61055],[139.47389,-16.61116],[139.47434,-16.61086],[139.47374,-16.61055]]],[[[139.55261,-17.11477],[139.55369,-17.11962],[139.5492,-17.12465],[139.55019,-17.12711],[139.54869,-17.12855],[139.5501,-17.12977],[139.54971,-17.13089],[139.55163,-17.12991],[139.55424,-17.13116],[139.55422,-17.12459],[139.55617,-17.12411],[139.55525,-17.12344],[139.55931,-17.11939],[139.56123,-17.11521],[139.55986,-17.11458],[139.5565,-17.11626],[139.55378,-17.11373],[139.55261,-17.11477]]],[[[139.59538,-17.11187],[139.59705,-17.11386],[139.59839,-17.12106],[139.59767,-17.12331],[139.59856,-17.12927],[139.59687,-17.13287],[139.60336,-17.1346],[139.60467,-17.13675],[139.60445,-17.13853],[139.61001,-17.13725],[139.61488,-17.13944],[139.6157,-17.13477],[139.61409,-17.13365],[139.61423,-17.12757],[139.61234,-17.12369],[139.61346,-17.11856],[139.62941,-17.09034],[139.63358,-17.08609],[139.63374,-17.08329],[139.63686,-17.07708],[139.63993,-17.07756],[139.63927,-17.07375],[139.63423,-17.06592],[139.62924,-17.06256],[139.62653,-17.06181],[139.62569,-17.06268],[139.62389,-17.06696],[139.62584,-17.07209],[139.62523,-17.07817],[139.6215,-17.08076],[139.6216,-17.08294],[139.61976,-17.08481],[139.61925,-17.0872],[139.61367,-17.09296],[139.6158,-17.09942],[139.61423,-17.10103],[139.61551,-17.10328],[139.61459,-17.10603],[139.60582,-17.11118],[139.60071,-17.11227],[139.59538,-17.11187]]],[[[139.70121,-16.47499],[139.70385,-16.48233],[139.70957,-16.49066],[139.71382,-16.4922],[139.7204,-16.49073],[139.72404,-16.49162],[139.7263,-16.4932],[139.72705,-16.49776],[139.72918,-16.49885],[139.73048,-16.5017],[139.73261,-16.50119],[139.73401,-16.49172],[139.73322,-16.48477],[139.73518,-16.47839],[139.73168,-16.47537],[139.73031,-16.47256],[139.72897,-16.462],[139.73058,-16.45641],[139.72997,-16.45463],[139.72613,-16.45182],[139.71776,-16.4509],[139.71269,-16.45813],[139.71204,-16.46656],[139.70823,-16.47229],[139.70121,-16.47499]]],[[[139.80309,-16.48806],[139.8026,-16.49003],[139.80711,-16.49447],[139.80689,-16.49764],[139.80928,-16.49458],[139.81349,-16.49321],[139.81261,-16.49124],[139.81031,-16.49154],[139.80421,-16.48763],[139.80309,-16.48806]]],[[[139.80802,-16.50254],[139.80873,-16.5027],[139.80955,-16.50257],[139.80875,-16.50139],[139.80802,-16.50254]]],[[[139.82557,-16.7034],[139.83211,-16.70328],[139.83975,-16.6999],[139.83903,-16.69847],[139.83196,-16.69775],[139.82557,-16.7034]]],[[[139.84183,-16.70901],[139.84161,-16.70984],[139.84196,-16.70903],[139.84183,-16.70901]]],[[[139.84289,-16.70681],[139.84284,-16.70796],[139.84332,-16.70673],[139.84289,-16.70681]]],[[[139.8477,-16.66406],[139.84995,-16.66532],[139.85437,-16.6713],[139.85553,-16.67386],[139.85505,-16.67755],[139.85874,-16.67225],[139.86028,-16.66784],[139.86736,-16.66353],[139.87238,-16.66394],[139.87476,-16.663],[139.87894,-16.65697],[139.88724,-16.65379],[139.87683,-16.64935],[139.87465,-16.64521],[139.87168,-16.64582],[139.86971,-16.64641],[139.86794,-16.64864],[139.8694,-16.65568],[139.86681,-16.65912],[139.86038,-16.66128],[139.85259,-16.66117],[139.8477,-16.66406]]]]},"properties":{"District Name":"Mount Isa","DDMG Name":"Mount Isa"}},{"type":"Feature","geometry":{"type":"Polygon","coordinates":[[[147.95049,-24.88091],[147.9501,-24.88039],[147.95072,-24.88072],[147.95693,-24.87885],[147.96537,-24.87975],[147.97618,-24.87862],[147.97939,-24.88108],[147.97978,-24.88362],[147.98513,-24.89086],[147.98637,-24.89102],[147.99427,-24.90065],[147.99773,-24.89982],[148.00111,-24.89733],[148.01489,-24.89889],[148.01929,-24.90465],[148.02668,-24.90773],[148.02982,-24.91095],[148.03636,-24.91222],[148.04416,-24.90979],[148.05492,-24.91257],[148.0573,-24.91419],[148.05714,-24.91605],[148.06006,-24.92209],[148.06289,-24.92479],[148.0623,-24.93002],[148.0637,-24.93288],[148.07579,-24.94157],[148.07618,-24.94521],[148.07844,-24.94836],[148.07428,-24.9572],[148.07785,-24.96738],[148.07964,-24.9689],[148.07959,-24.97012],[148.07592,-24.9726],[148.07584,-24.97876],[148.0783,-24.98208],[148.07771,-24.98403],[148.07885,-24.98511],[148.0791,-24.98798],[148.08385,-24.99651],[148.08341,-25.00077],[148.08701,-25.00248],[148.08933,-25.00905],[148.09403,-25.0136],[148.10461,-25.01729],[148.10586,-25.02024],[148.10892,-25.02155],[148.11351,-25.02081],[148.11698,-25.02215],[148.11754,-25.02392],[148.11526,-25.02993],[148.12088,-25.03503],[148.12131,-25.04139],[148.12283,-25.04347],[148.12736,-25.0448],[148.13394,-25.04314],[148.14168,-25.05523],[148.14334,-25.05986],[148.14476,-25.06127],[148.14958,-25.06134],[148.1521,-25.06471],[148.15244,-25.0676],[148.1605,-25.08402],[148.16528,-25.0838],[148.17057,-25.08516],[148.17477,-25.0843],[148.18072,-25.07944],[148.18737,-25.0812],[148.19827,-25.0818],[148.20544,-25.07924],[148.20957,-25.08014],[148.21291,-25.08644],[148.22483,-25.09472],[148.22853,-25.09864],[148.23412,-25.10058],[148.23622,-25.11039],[148.23529,-25.11234],[148.2358,-25.11428],[148.23999,-25.11742],[148.24151,-25.12033],[148.25154,-25.12757],[148.25526,-25.13358],[148.26072,-25.13564],[148.26854,-25.14374],[148.26814,-25.14521],[148.27655,-25.14874],[148.27462,-25.15053],[148.27584,-25.15305],[148.2815,-25.15707],[148.28167,-25.15865],[148.29084,-25.1611],[148.29563,-25.16448],[148.29428,-25.16572],[148.29163,-25.17487],[148.29397,-25.17775],[148.29258,-25.18163],[148.2962,-25.18847],[148.2954,-25.19012],[148.30014,-25.19364],[148.30617,-25.20355],[148.3053,-25.21195],[148.31215,-25.21273],[148.32597,-25.21019],[148.32985,-25.21399],[148.33486,-25.21544],[148.33674,-25.21806],[148.34746,-25.22038],[148.34965,-25.22331],[148.35166,-25.22946],[148.35743,-25.23132],[148.36046,-25.23478],[148.36867,-25.23135],[148.37851,-25.23559],[148.37855,-25.23982],[148.38358,-25.2452],[148.38598,-25.24409],[148.3892,-25.24456],[148.39286,-25.24287],[148.39951,-25.24388],[148.40499,-25.25284],[148.40746,-25.2542],[148.40783,-25.25831],[148.41382,-25.25991],[148.41666,-25.25876],[148.41962,-25.25125],[148.42231,-25.24904],[148.42577,-25.24867],[148.42981,-25.25129],[148.44934,-25.25646],[148.46966,-25.24475],[148.48136,-25.24301],[148.48799,-25.24642],[148.50308,-25.24474],[148.5106,-25.24607],[148.51626,-25.24314],[148.52498,-25.24454],[148.5345,-25.24437],[148.54338,-25.24688],[148.54802,-25.25184],[148.55288,-25.25361],[148.56884,-25.2496],[148.57549,-25.2547],[148.58089,-25.25513],[148.59156,-25.26136],[148.59566,-25.26489],[148.59688,-25.27005],[148.60034,-25.2722],[148.60168,-25.27491],[148.61066,-25.27469],[148.61303,-25.27653],[148.62567,-25.27995],[148.63743,-25.27939],[148.63924,-25.28198],[148.64534,-25.28589],[148.65001,-25.29444],[148.65273,-25.29624],[148.66103,-25.30669],[148.66665,-25.31043],[148.66871,-25.30946],[148.66986,-25.30556],[148.67339,-25.30534],[148.6773,-25.30067],[148.67994,-25.28873],[148.68341,-25.28707],[148.68339,-25.28098],[148.68818,-25.28145],[148.69388,-25.28487],[148.69796,-25.28546],[148.70229,-25.28391],[148.70822,-25.2781],[148.71587,-25.28125],[148.72124,-25.28626],[148.7244,-25.28593],[148.72793,-25.28746],[148.73448,-25.28676],[148.73721,-25.28491],[148.73518,-25.27968],[148.73725,-25.27845],[148.74527,-25.2798],[148.75916,-25.31082],[148.75256,-25.31295],[148.75148,-25.3145],[148.74776,-25.31491],[148.74867,-25.31687],[148.74705,-25.31874],[148.74737,-25.32426],[148.73889,-25.32766],[148.73349,-25.33371],[148.73316,-25.33781],[148.72664,-25.34262],[148.7189,-25.38695],[148.71896,-25.38874],[148.72482,-25.39034],[148.7272,-25.39318],[148.7252,-25.39567],[148.7258,-25.40084],[148.7371,-25.40976],[148.74405,-25.41324],[148.76168,-25.41735],[148.76363,-25.41945],[148.76548,-25.42425],[148.77475,-25.43169],[148.77585,-25.43491],[148.77929,-25.43607],[148.78368,-25.43591],[148.79108,-25.43913],[148.79796,-25.44543],[148.8006,-25.44594],[148.80077,-25.44294],[148.8044,-25.44084],[148.80911,-25.44067],[148.81379,-25.44384],[148.81243,-25.44636],[148.81507,-25.45246],[148.82155,-25.4547],[148.82466,-25.45415],[148.83363,-25.46043],[148.86377,-25.4652],[148.87292,-25.46166],[148.87699,-25.47036],[148.90063,-25.47298],[148.90523,-25.47196],[148.90726,-25.46789],[148.91915,-25.46814],[148.92798,-25.46378],[148.93495,-25.46565],[148.93923,-25.46425],[148.94017,-25.46328],[148.93775,-25.46274],[148.93835,-25.45918],[148.95345,-25.4571],[148.9553,-25.44568],[148.95868,-25.44347],[148.96152,-25.4321],[148.96009,-25.43013],[148.96423,-25.4134],[148.96042,-25.41213],[148.95462,-25.41502],[148.95676,-25.40189],[148.96258,-25.40009],[148.96588,-25.39644],[148.96722,-25.39311],[148.96684,-25.39122],[148.96932,-25.38874],[148.97014,-25.38623],[148.97395,-25.38449],[148.97716,-25.37683],[148.98021,-25.37541],[148.97834,-25.37225],[148.97654,-25.36256],[148.97839,-25.35603],[148.97318,-25.34878],[148.9735,-25.34631],[148.96743,-25.34112],[148.95225,-25.3381],[148.95062,-25.3346],[148.95035,-25.32838],[148.95544,-25.32318],[148.96283,-25.32251],[148.96379,-25.32136],[148.96859,-25.32157],[148.97696,-25.31758],[148.97917,-25.31093],[148.9754,-25.30928],[148.97274,-25.30369],[148.96889,-25.30399],[148.96419,-25.30065],[148.95573,-25.27989],[148.94544,-25.27877],[148.9386,-25.27618],[148.93892,-25.273],[148.93535,-25.26956],[148.93056,-25.26803],[148.92579,-25.26355],[148.92331,-25.26329],[148.92479,-25.26192],[148.92568,-25.25844],[148.92915,-25.25607],[148.92825,-25.24848],[148.93337,-25.24438],[148.93044,-25.24162],[148.93001,-25.23913],[148.92558,-25.23622],[148.92207,-25.23184],[148.87957,-25.22759],[148.88426,-25.21555],[148.88338,-25.21217],[148.88048,-25.2112],[148.87944,-25.20892],[148.88166,-25.20453],[148.88029,-25.19978],[148.87581,-25.19767],[148.87583,-25.19535],[148.86846,-25.18507],[148.86256,-25.18303],[148.86123,-25.18018],[148.861,-25.17403],[148.8586,-25.16296],[148.85905,-25.15617],[148.86091,-25.15567],[148.86238,-25.15291],[148.8726,-25.15156],[148.87416,-25.14788],[148.86915,-25.14464],[148.86758,-25.14131],[148.86404,-25.14247],[148.85904,-25.14211],[148.85498,-25.1313],[148.84701,-25.12602],[148.84304,-25.12084],[148.84227,-25.11639],[148.83794,-25.11158],[148.83314,-25.1029],[148.83169,-25.09567],[148.82773,-25.09101],[148.8292,-25.08893],[148.8174,-25.07145],[148.81637,-25.05981],[148.81402,-25.05318],[148.81511,-25.0505],[148.81314,-25.04527],[148.81798,-25.03548],[148.81503,-25.02835],[148.81619,-25.02298],[148.81628,-25.02258],[148.81609,-25.02229],[148.81363,-25.01855],[148.81441,-25.01575],[148.81382,-25.0111],[148.8162,-25.0002],[148.81662,-24.99826],[148.81625,-24.99694],[148.81627,-24.99521],[148.81892,-24.99482],[148.82032,-24.99648],[148.81812,-25.00168],[148.81775,-25.00869],[148.81565,-25.01038],[148.81747,-25.01142],[148.81814,-25.0133],[148.81961,-25.0129],[148.81981,-25.00939],[148.8226,-25.0048],[148.82458,-25.0046],[148.82696,-25.0026],[148.82681,-24.99855],[148.82852,-24.99739],[148.82957,-24.9929],[148.82485,-24.99148],[148.82452,-24.98998],[148.82673,-24.98701],[148.82577,-24.98567],[148.83089,-24.97555],[148.82725,-24.96926],[148.82816,-24.96678],[148.82691,-24.96134],[148.83013,-24.95481],[148.83306,-24.95496],[148.83355,-24.95403],[148.83142,-24.95347],[148.83055,-24.95145],[148.8328,-24.9485],[148.83741,-24.93607],[148.84386,-24.93343],[148.84716,-24.93506],[148.84808,-24.9321],[148.84635,-24.93169],[148.84576,-24.92832],[148.84756,-24.92607],[148.84809,-24.92793],[148.85291,-24.9321],[148.86132,-24.92844],[148.86902,-24.91854],[148.86891,-24.91637],[148.87644,-24.91187],[148.87665,-24.89725],[148.87226,-24.89348],[148.86119,-24.8943],[148.93675,-24.8374],[148.97183,-24.84809],[148.97412,-24.85797],[148.97789,-24.86024],[148.98272,-24.86093],[148.98657,-24.86278],[148.98944,-24.87021],[148.99265,-24.87314],[149.00326,-24.87585],[149.01297,-24.87993],[149.02163,-24.87991],[149.03754,-24.87779],[149.03632,-24.88641],[149.03379,-24.88905],[149.03256,-24.89261],[149.03451,-24.89615],[149.0346,-24.89854],[149.03729,-24.90203],[149.04102,-24.90253],[149.04197,-24.90766],[149.04769,-24.90861],[149.04877,-24.91245],[149.04927,-24.91716],[149.04065,-24.91928],[149.04183,-24.93284],[149.04636,-24.93742],[149.04971,-24.94315],[149.04856,-24.94908],[149.05208,-24.95621],[149.05552,-24.96709],[149.05511,-24.97068],[149.05709,-24.97787],[149.05605,-24.97738],[149.06131,-24.98502],[149.0692,-24.98926],[149.06882,-24.99994],[149.07116,-25.00191],[149.08086,-25.0032],[149.08691,-25.00232],[149.09188,-25.0032],[149.08696,-25.01345],[149.08992,-25.02048],[149.08734,-25.02944],[149.09246,-25.03357],[149.09539,-25.04219],[149.09672,-25.04334],[149.09516,-25.04981],[149.101,-25.05845],[149.09974,-25.06472],[149.09721,-25.06839],[149.0974,-25.07303],[149.09522,-25.07594],[149.0973,-25.08012],[149.09681,-25.08319],[149.09208,-25.08926],[149.09117,-25.09347],[149.08195,-25.0982],[149.07907,-25.0983],[149.0763,-25.10114],[149.07647,-25.10561],[149.07253,-25.11081],[149.07592,-25.11225],[149.07724,-25.11507],[149.09366,-25.12059],[149.09533,-25.12405],[149.09976,-25.12379],[149.10166,-25.12453],[149.10211,-25.1268],[149.10571,-25.12674],[149.10641,-25.12802],[149.10516,-25.12971],[149.10199,-25.12971],[149.09971,-25.12719],[149.09752,-25.12834],[149.09533,-25.12762],[149.09486,-25.13096],[149.09587,-25.13167],[149.09512,-25.13279],[149.09834,-25.13572],[149.10003,-25.13548],[149.1013,-25.13664],[149.10433,-25.13593],[149.10565,-25.13872],[149.10858,-25.1405],[149.11049,-25.13968],[149.11053,-25.13664],[149.11464,-25.13547],[149.11602,-25.13597],[149.11705,-25.13785],[149.11633,-25.13851],[149.11963,-25.13998],[149.11985,-25.14008],[149.11978,-25.13989],[149.11854,-25.1367],[149.12268,-25.12983],[149.1393,-25.12179],[149.14325,-25.11808],[149.14584,-25.11261],[149.14911,-25.10963],[149.15238,-25.10917],[149.15716,-25.11031],[149.15842,-25.10962],[149.15881,-25.10918],[149.16169,-25.10595],[149.16294,-25.09998],[149.16898,-25.09562],[149.16948,-25.09241],[149.172,-25.09034],[149.16922,-25.08645],[149.16871,-25.08209],[149.17091,-25.07159],[149.17118,-25.07135],[149.17776,-25.07268],[149.18103,-25.06855],[149.18229,-25.06442],[149.18455,-25.06167],[149.18757,-25.06029],[149.18731,-25.05708],[149.18555,-25.05708],[149.18328,-25.05135],[149.18428,-25.04539],[149.1888,-25.03805],[149.19458,-25.03552],[149.19584,-25.03368],[149.19256,-25.03277],[149.18929,-25.0291],[149.18852,-25.02268],[149.18525,-25.01879],[149.18398,-25.01008],[149.18077,-25.00928],[149.18196,-25.00559],[149.18322,-25.00535],[149.1865,-25.00847],[149.19556,-25.01259],[149.20336,-25.01304],[149.20688,-25.01532],[149.21216,-25.01486],[149.2177,-25.01737],[149.21921,-25.01943],[149.21897,-25.0231],[149.22149,-25.027],[149.22049,-25.03273],[149.23159,-25.04899],[149.2404,-25.05012],[149.24745,-25.05607],[149.26558,-25.0604],[149.27138,-25.06383],[149.27364,-25.06405],[149.28169,-25.06037],[149.28495,-25.05486],[149.28343,-25.05119],[149.28443,-25.04775],[149.2829,-25.0395],[149.2834,-25.03377],[149.27985,-25.023],[149.28286,-25.01703],[149.28058,-25.01154],[149.28184,-25.00855],[149.29316,-25.00194],[149.31028,-25.00692],[149.31574,-25.01574],[149.3175,-25.01699],[149.32165,-25.01637],[149.32359,-25.0154],[149.32627,-25.00893],[149.33328,-25.00223],[149.33482,-24.99923],[149.33671,-24.99255],[149.33624,-24.98623],[149.33735,-24.98579],[149.34085,-24.98617],[149.35073,-24.98285],[149.357,-24.98448],[149.3598,-24.98289],[149.3622,-24.97776],[149.36478,-24.97768],[149.36842,-24.98253],[149.38683,-24.99259],[149.40106,-24.99645],[149.40074,-25.00119],[149.40755,-25.00754],[149.41173,-25.00863],[149.41722,-25.00452],[149.42177,-25.0029],[149.42423,-25.00312],[149.42923,-25.00029],[149.43802,-25.00176],[149.4423,-25.00404],[149.44489,-25.00236],[149.45009,-25.00126],[149.4499,-24.99375],[149.45078,-24.99167],[149.45828,-24.98328],[149.46108,-24.97724],[149.4603,-24.96574],[149.4563,-24.95834],[149.45781,-24.95548],[149.45265,-24.95311],[149.45145,-24.95091],[149.45518,-24.94718],[149.45541,-24.94576],[149.45232,-24.94182],[149.45305,-24.93913],[149.45858,-24.93671],[149.45839,-24.93581],[149.45479,-24.93328],[149.45128,-24.91992],[149.44745,-24.91591],[149.44683,-24.9109],[149.45668,-24.90605],[149.45963,-24.89843],[149.46179,-24.89562],[149.46634,-24.86461],[149.46815,-24.86366],[149.4702,-24.86415],[149.48089,-24.85417],[149.50013,-24.84377],[149.50202,-24.8298],[149.50073,-24.82375],[149.50641,-24.80569],[149.51121,-24.79994],[149.51595,-24.79764],[149.5258,-24.79972],[149.52549,-24.7961],[149.53343,-24.78231],[149.53367,-24.77676],[149.56023,-24.77356],[149.56256,-24.78142],[149.57828,-24.78109],[149.58541,-24.88785],[149.58788,-24.88669],[149.5886,-24.88325],[149.59006,-24.88207],[149.59398,-24.88424],[149.59601,-24.88925],[149.5995,-24.89145],[149.60761,-24.89101],[149.61194,-24.88913],[149.61259,-24.88556],[149.61167,-24.883],[149.61605,-24.87429],[149.61353,-24.86876],[149.61451,-24.85857],[149.61326,-24.84295],[149.60629,-24.82337],[149.60497,-24.81272],[149.60483,-24.80091],[149.6061,-24.79071],[149.60967,-24.78462],[149.61944,-24.7775],[149.62169,-24.77313],[149.62158,-24.76578],[149.63678,-24.75967],[149.64884,-24.75185],[149.66489,-24.73516],[149.67174,-24.72464],[149.67681,-24.71914],[149.69045,-24.71117],[149.70448,-24.69239],[149.7116,-24.68562],[149.72651,-24.66822],[149.73018,-24.66129],[149.73427,-24.6569],[149.7374,-24.63454],[149.74074,-24.63403],[149.74963,-24.61935],[149.72953,-24.60852],[149.7257,-24.59782],[149.73783,-24.55754],[149.74006,-24.53986],[149.78738,-24.54513],[149.77869,-24.53289],[149.78568,-24.53364],[149.78565,-24.52606],[149.78293,-24.5236],[149.78284,-24.51997],[149.78022,-24.51599],[149.77796,-24.5157],[149.7766,-24.5124],[149.78118,-24.50595],[149.7796,-24.50183],[149.77572,-24.50093],[149.77481,-24.49911],[149.7761,-24.49457],[149.77437,-24.48884],[149.76773,-24.48322],[149.76906,-24.47904],[149.76813,-24.46982],[149.76647,-24.46628],[149.76701,-24.46454],[149.76423,-24.4624],[149.76431,-24.45968],[149.75981,-24.44849],[149.76253,-24.44735],[149.76383,-24.44373],[149.76239,-24.43977],[149.7621,-24.42312],[149.75779,-24.41501],[149.75808,-24.41021],[149.75245,-24.40823],[149.75323,-24.40289],[149.75094,-24.39895],[149.75768,-24.38966],[149.74838,-24.35515],[149.7437,-24.3531],[149.74261,-24.34053],[149.74445,-24.33696],[149.74079,-24.32883],[149.74036,-24.32466],[149.73535,-24.3188],[149.73464,-24.31514],[149.71566,-24.28222],[149.71351,-24.28039],[149.71322,-24.27804],[149.7086,-24.27221],[149.70659,-24.27098],[149.703,-24.26297],[149.69414,-24.2629],[149.69229,-24.25772],[149.69168,-24.2507],[149.68482,-24.24687],[149.68372,-24.24244],[149.67953,-24.2407],[149.67914,-24.23746],[149.68091,-24.22683],[149.68408,-24.22497],[149.68499,-24.22303],[149.6833,-24.2201],[149.67874,-24.21829],[149.67757,-24.21501],[149.67471,-24.21427],[149.67272,-24.21046],[149.67306,-24.20769],[149.67145,-24.20448],[149.67396,-24.19773],[149.66992,-24.19295],[149.66461,-24.19052],[149.6617,-24.18436],[149.66365,-24.17993],[149.66143,-24.17449],[149.65774,-24.17317],[149.652,-24.1654],[149.655,-24.16234],[149.67121,-24.15445],[149.76813,-24.15604],[149.82047,-24.16289],[149.81992,-24.16465],[149.82697,-24.16593],[149.83006,-24.16501],[149.83521,-24.15878],[149.84229,-24.15366],[149.84259,-24.15344],[149.84243,-24.15317],[149.83762,-24.14532],[149.83736,-24.13893],[149.83422,-24.1338],[149.83522,-24.13179],[149.83908,-24.12929],[149.83994,-24.12648],[149.8333,-24.11675],[149.83481,-24.11234],[149.83257,-24.10824],[149.83547,-24.10219],[149.83472,-24.09424],[149.83317,-24.09137],[149.83029,-24.08945],[149.82259,-24.08754],[149.81692,-24.08391],[149.8035,-24.07927],[149.79343,-24.07111],[149.79239,-24.06965],[149.79137,-24.06761],[149.79088,-24.06519],[149.79099,-24.06349],[149.79297,-24.05314],[149.79724,-24.04329],[149.80662,-24.02735],[149.81034,-24.01885],[149.82102,-24.00745],[149.82201,-23.99978],[149.82339,-23.99803],[149.82588,-23.99705],[149.83096,-23.99761],[149.84532,-24.00502],[149.84866,-24.00422],[149.84939,-24.00319],[149.84975,-24.00267],[149.85022,-24.00201],[149.85052,-23.99415],[149.84426,-23.98909],[149.84309,-23.9862],[149.84226,-23.97633],[149.84423,-23.96352],[149.84288,-23.9542],[149.84861,-23.95325],[149.85179,-23.95558],[149.85325,-23.95351],[149.86599,-23.96125],[149.87162,-23.967],[149.87719,-23.966],[149.88108,-23.9683],[149.88194,-23.96765],[149.88186,-23.96213],[149.88383,-23.9592],[149.88585,-23.95866],[149.89117,-23.95999],[149.89335,-23.95933],[149.89391,-23.95916],[149.8953,-23.95534],[149.89472,-23.95331],[149.8979,-23.95318],[149.89854,-23.95103],[149.90121,-23.95188],[149.90499,-23.94902],[149.90545,-23.94867],[149.90659,-23.94436],[149.91319,-23.94311],[149.91329,-23.94298],[149.91634,-23.93892],[149.91915,-23.93023],[149.91754,-23.92538],[149.91567,-23.92588],[149.9151,-23.92496],[149.91747,-23.92338],[149.91868,-23.91962],[149.92099,-23.91833],[149.9213,-23.9122],[149.92613,-23.90811],[149.92602,-23.90544],[149.92412,-23.90585],[149.92367,-23.90373],[149.92633,-23.89957],[149.92291,-23.89913],[149.92349,-23.89352],[149.92732,-23.88892],[149.98699,-23.89875],[150.05128,-23.90196],[150.05248,-23.89962],[150.04983,-23.8935],[150.05298,-23.89076],[150.05378,-23.8864],[150.05553,-23.88492],[150.05951,-23.88697],[150.06132,-23.88661],[150.06664,-23.88214],[150.06441,-23.87995],[150.06456,-23.87728],[150.06115,-23.8712],[150.06224,-23.86122],[150.05988,-23.85811],[150.05565,-23.85697],[150.05246,-23.84953],[150.05283,-23.84034],[150.0497,-23.83841],[150.04018,-23.83754],[150.03429,-23.83065],[150.02872,-23.82873],[150.02521,-23.82252],[150.01972,-23.81977],[150.01851,-23.8175],[150.01354,-23.81423],[150.01126,-23.80601],[150.01141,-23.79592],[150.00755,-23.79243],[150.00537,-23.78623],[150.00258,-23.78332],[150.00347,-23.77827],[149.99663,-23.7727],[149.99785,-23.76736],[149.99711,-23.7661],[149.99097,-23.76513],[149.98931,-23.76486],[149.98926,-23.76164],[149.98738,-23.7594],[149.986,-23.75419],[149.99017,-23.75135],[149.99361,-23.75193],[149.99786,-23.74667],[150.00231,-23.74587],[150.00501,-23.74034],[149.99733,-23.71394],[150.01139,-23.71569],[150.01217,-23.7098],[150.04733,-23.71233],[150.04769,-23.70964],[150.06698,-23.71229],[150.06963,-23.69214],[150.07201,-23.68995],[150.07392,-23.67558],[150.07639,-23.67458],[150.08054,-23.66646],[150.08193,-23.66569],[150.0885,-23.66596],[150.09139,-23.66085],[150.09655,-23.65868],[150.09806,-23.6581],[150.10204,-23.65885],[150.11629,-23.65628],[150.12493,-23.65152],[150.12702,-23.654],[150.13147,-23.65535],[150.13242,-23.65762],[150.13878,-23.65875],[150.14451,-23.65384],[150.14509,-23.65048],[150.17305,-23.65388],[150.17369,-23.6498],[150.18844,-23.65179],[150.18918,-23.64705],[150.20034,-23.64851],[150.19988,-23.65158],[150.20923,-23.65277],[150.20979,-23.64904],[150.2236,-23.65071],[150.22391,-23.64854],[150.23085,-23.64943],[150.23203,-23.65111],[150.2342,-23.65086],[150.23707,-23.65282],[150.23844,-23.65144],[150.24207,-23.65619],[150.24943,-23.65672],[150.24872,-23.65929],[150.25011,-23.65997],[150.24863,-23.66256],[150.24933,-23.6651],[150.26233,-23.66815],[150.26211,-23.66941],[150.25302,-23.67229],[150.25289,-23.67683],[150.25626,-23.68032],[150.25641,-23.68411],[150.25933,-23.68456],[150.25959,-23.6862],[150.26587,-23.68885],[150.26816,-23.69134],[150.26421,-23.6984],[150.26071,-23.69784],[150.25641,-23.70041],[150.25416,-23.6999],[150.25347,-23.70454],[150.2575,-23.70685],[150.25772,-23.70911],[150.26212,-23.71028],[150.26626,-23.71295],[150.26671,-23.71554],[150.27054,-23.71913],[150.27307,-23.72012],[150.27367,-23.71921],[150.27672,-23.71971],[150.27959,-23.72362],[150.2766,-23.73126],[150.28003,-23.73353],[150.2829,-23.73406],[150.28449,-23.73683],[150.28418,-23.74247],[150.2878,-23.74424],[150.28847,-23.74628],[150.29178,-23.74878],[150.29277,-23.7517],[150.29609,-23.75369],[150.29794,-23.75329],[150.29774,-23.75507],[150.28992,-23.75433],[150.28947,-23.7582],[150.30854,-23.75955],[150.31099,-23.76349],[150.31608,-23.7638],[150.31733,-23.76552],[150.31372,-23.76895],[150.31248,-23.77682],[150.31458,-23.77827],[150.31323,-23.78072],[150.31482,-23.78132],[150.31467,-23.78422],[150.3086,-23.78749],[150.30727,-23.79022],[150.30818,-23.79178],[150.30563,-23.79405],[150.3157,-23.79512],[150.31356,-23.81292],[150.31732,-23.81407],[150.31752,-23.82126],[150.32071,-23.82364],[150.32141,-23.82381],[150.32232,-23.82402],[150.32486,-23.82462],[150.32837,-23.82403],[150.33287,-23.81047],[150.34091,-23.80729],[150.34844,-23.8111],[150.34758,-23.81677],[150.35227,-23.8205],[150.35891,-23.82156],[150.36118,-23.82359],[150.36467,-23.82403],[150.36622,-23.82275],[150.36824,-23.82285],[150.36686,-23.8272],[150.37079,-23.83347],[150.37858,-23.83704],[150.38107,-23.83647],[150.38639,-23.83743],[150.38823,-23.83513],[150.39175,-23.83384],[150.39305,-23.83067],[150.39656,-23.82786],[150.39585,-23.82503],[150.39775,-23.82111],[150.40026,-23.82058],[150.40312,-23.81817],[150.40949,-23.81746],[150.41178,-23.8152],[150.4164,-23.82063],[150.41926,-23.81857],[150.42207,-23.82025],[150.42911,-23.81914],[150.43083,-23.82037],[150.43379,-23.82027],[150.43787,-23.82283],[150.44544,-23.82225],[150.44795,-23.82328],[150.45035,-23.82971],[150.45601,-23.83336],[150.45627,-23.83807],[150.46121,-23.83991],[150.46001,-23.84687],[150.46113,-23.84858],[150.46418,-23.84995],[150.46433,-23.85358],[150.46891,-23.85188],[150.47106,-23.8478],[150.47418,-23.84734],[150.47558,-23.84279],[150.47907,-23.84216],[150.48211,-23.84419],[150.48503,-23.85017],[150.49187,-23.84951],[150.49129,-23.84668],[150.49526,-23.84486],[150.50245,-23.84984],[150.50472,-23.84759],[150.52077,-23.85194],[150.52413,-23.84995],[150.52614,-23.85115],[150.5336,-23.84949],[150.53501,-23.84103],[150.54431,-23.83796],[150.54456,-23.83306],[150.54322,-23.8305],[150.54375,-23.82748],[150.54638,-23.8269],[150.5472,-23.82429],[150.55025,-23.82526],[150.55338,-23.82364],[150.55505,-23.82363],[150.55804,-23.82577],[150.55979,-23.82492],[150.56391,-23.82665],[150.56754,-23.82488],[150.5819,-23.82893],[150.58522,-23.8255],[150.58812,-23.82492],[150.59206,-23.82763],[150.5947,-23.82586],[150.59832,-23.82766],[150.60693,-23.83792],[150.61389,-23.84004],[150.62034,-23.83987],[150.62684,-23.84236],[150.62795,-23.84235],[150.63316,-23.8368],[150.64614,-23.83858],[150.64728,-23.83154],[150.654,-23.82978],[150.65567,-23.82406],[150.65896,-23.82451],[150.65978,-23.81942],[150.65419,-23.81866],[150.65469,-23.81562],[150.6504,-23.81503],[150.65152,-23.80798],[150.653,-23.80795],[150.65588,-23.80437],[150.65576,-23.80264],[150.66199,-23.80123],[150.66364,-23.79864],[150.66998,-23.80135],[150.67215,-23.79909],[150.67655,-23.79703],[150.67868,-23.79741],[150.68006,-23.79502],[150.6789,-23.79001],[150.68144,-23.78797],[150.67933,-23.78453],[150.68164,-23.78166],[150.69289,-23.77927],[150.69581,-23.78076],[150.70607,-23.77809],[150.70863,-23.77548],[150.71009,-23.77581],[150.71111,-23.77396],[150.71504,-23.77144],[150.7161,-23.76915],[150.72059,-23.7662],[150.71708,-23.76031],[150.7182,-23.75822],[150.72581,-23.75794],[150.73867,-23.76232],[150.74036,-23.76145],[150.74756,-23.76147],[150.75062,-23.76424],[150.75055,-23.76592],[150.75476,-23.76677],[150.75528,-23.76897],[150.75737,-23.76659],[150.75842,-23.76227],[150.76424,-23.76237],[150.76511,-23.75961],[150.76929,-23.75853],[150.7697,-23.75114],[150.77225,-23.74838],[150.77102,-23.74496],[150.77221,-23.74115],[150.77579,-23.74117],[150.7759,-23.73986],[150.77776,-23.73922],[150.77656,-23.73781],[150.77697,-23.73671],[150.78236,-23.73625],[150.78229,-23.73446],[150.78399,-23.73456],[150.78557,-23.73216],[150.78424,-23.73059],[150.79115,-23.72802],[150.79189,-23.72396],[150.79093,-23.71982],[150.79256,-23.71636],[150.7941,-23.71676],[150.79756,-23.71331],[150.79925,-23.71347],[150.79883,-23.70884],[150.80231,-23.7101],[150.80274,-23.70787],[150.80535,-23.70685],[150.80735,-23.70761],[150.80813,-23.70565],[150.81167,-23.70308],[150.81211,-23.70499],[150.81505,-23.70466],[150.81589,-23.70618],[150.8184,-23.70338],[150.81557,-23.69852],[150.80993,-23.6927],[150.80939,-23.69029],[150.80539,-23.69128],[150.8026,-23.68951],[150.8041,-23.68709],[150.80886,-23.68505],[150.80838,-23.68243],[150.80144,-23.68205],[150.79873,-23.67713],[150.80227,-23.67729],[150.80749,-23.68048],[150.81115,-23.67697],[150.81574,-23.67566],[150.81874,-23.67863],[150.81868,-23.68424],[150.8201,-23.68509],[150.82853,-23.68277],[150.82879,-23.68169],[150.81684,-23.67327],[150.81717,-23.67229],[150.82466,-23.67013],[150.82661,-23.67085],[150.82802,-23.67389],[150.83439,-23.6724],[150.83364,-23.65902],[150.83117,-23.65853],[150.82926,-23.65983],[150.82628,-23.66816],[150.82399,-23.6679],[150.82129,-23.6658],[150.81859,-23.65961],[150.81911,-23.65158],[150.8262,-23.64965],[150.82868,-23.64588],[150.83029,-23.64512],[150.83285,-23.6467],[150.8318,-23.65254],[150.833,-23.65485],[150.83753,-23.65546],[150.84025,-23.65211],[150.83972,-23.64571],[150.83681,-23.63925],[150.83515,-23.63875],[150.8291,-23.64186],[150.82377,-23.63989],[150.81994,-23.63653],[150.82066,-23.63246],[150.82351,-23.63064],[150.83409,-23.63426],[150.83784,-23.63397],[150.84001,-23.63196],[150.83885,-23.62864],[150.83075,-23.62606],[150.82533,-23.62195],[150.82387,-23.61619],[150.82563,-23.61242],[150.83238,-23.60612],[150.83569,-23.60484],[150.85011,-23.6163],[150.85511,-23.61815],[150.85919,-23.61617],[150.86141,-23.61075],[150.86358,-23.58923],[150.86849,-23.57676],[150.9132,-23.54518],[150.96822,-23.49908],[150.97757,-23.47406],[150.99055,-23.44821],[151.00107,-23.43176],[151.25107,-23.16509],[152.048,-23.16726],[152.90874,-23.16507],[152.7209,-22.36403],[152.72311,-22.35772],[152.73368,-22.34485],[152.73502,-22.32871],[152.73825,-22.31902],[152.73735,-22.31339],[152.73875,-22.2872],[152.74349,-22.28406],[152.74917,-22.27817],[152.75718,-22.26798],[152.76134,-22.25737],[152.76567,-22.25027],[152.76671,-22.24298],[152.76225,-22.21022],[152.76611,-22.19892],[152.76406,-22.1788],[152.76644,-22.14521],[152.76473,-22.1398],[152.76041,-22.13639],[152.75172,-22.11601],[152.74995,-22.09084],[152.7399,-22.04967],[152.73403,-22.01454],[152.73568,-22.00771],[152.73424,-21.99995],[152.67615,-21.90073],[151.92133,-21.90546],[151.04532,-21.90662],[150.23803,-21.90355],[149.78334,-21.90008],[149.78531,-22.38458],[149.78474,-22.39528],[149.7721,-22.42148],[149.73884,-22.45294],[149.71123,-22.46923],[149.68525,-22.49315],[149.67692,-22.49832],[149.66762,-22.49779],[149.66007,-22.49932],[149.65545,-22.50505],[149.65174,-22.52269],[149.64843,-22.52651],[149.63976,-22.5323],[149.62722,-22.5482],[149.63412,-22.55562],[149.6363,-22.56376],[149.63528,-22.57261],[149.63673,-22.57942],[149.63952,-22.58477],[149.63824,-22.58641],[149.63599,-22.58674],[149.62894,-22.58153],[149.62678,-22.58208],[149.62649,-22.59049],[149.62449,-22.59356],[149.62544,-22.59772],[149.61191,-22.59741],[149.60945,-22.59882],[149.60744,-22.59368],[149.60643,-22.59343],[149.59812,-22.59652],[149.59099,-22.59362],[149.58178,-22.59485],[149.57508,-22.59204],[149.56572,-22.59351],[149.56194,-22.5955],[149.55669,-22.602],[149.54972,-22.60259],[149.5471,-22.60542],[149.541,-22.6091],[149.53577,-22.61457],[149.52294,-22.61834],[149.51983,-22.62261],[149.51809,-22.62324],[149.5151,-22.62142],[149.5132,-22.61775],[149.50994,-22.61688],[149.49732,-22.61873],[149.49362,-22.62193],[149.48154,-22.61388],[149.47732,-22.60418],[149.47098,-22.59879],[149.46855,-22.59708],[149.46344,-22.59665],[149.45872,-22.63172],[149.45246,-22.62826],[149.45125,-22.63039],[149.44692,-22.63093],[149.44612,-22.63355],[149.43766,-22.64271],[149.43456,-22.64445],[149.43023,-22.64297],[149.42432,-22.64745],[149.41982,-22.64526],[149.41848,-22.64638],[149.41697,-22.64559],[149.4095,-22.63713],[149.40756,-22.63693],[149.40583,-22.63191],[149.40668,-22.62826],[149.40527,-22.62707],[149.40408,-22.62184],[149.3995,-22.62085],[149.39908,-22.61722],[149.39706,-22.61537],[149.39354,-22.61415],[149.38857,-22.61604],[149.38823,-22.62383],[149.38451,-22.63085],[149.38813,-22.63538],[149.38439,-22.64153],[149.38119,-22.64311],[149.37835,-22.6506],[149.37696,-22.65881],[149.38563,-22.67314],[149.38546,-22.67547],[149.39004,-22.68201],[149.39065,-22.68522],[149.39614,-22.68532],[149.4037,-22.68076],[149.40544,-22.68351],[149.40501,-22.6882],[149.40668,-22.68939],[149.4087,-22.69453],[149.42071,-22.69581],[149.42992,-22.69941],[149.43196,-22.70148],[149.43226,-22.71374],[149.43125,-22.71861],[149.43501,-22.72879],[149.44864,-22.74051],[149.4457,-22.74704],[149.44044,-22.76538],[149.43587,-22.7683],[149.42881,-22.7694],[149.427,-22.77156],[149.42708,-22.77641],[149.4304,-22.79264],[149.43015,-22.80631],[149.43184,-22.80799],[149.4362,-22.80942],[149.4337,-22.81376],[149.43309,-22.81823],[149.43443,-22.82117],[149.43466,-22.82789],[149.42216,-22.8466],[149.41318,-22.85747],[149.39835,-22.85726],[149.36785,-22.87748],[149.35651,-22.87599],[149.34468,-22.87912],[149.33492,-22.87758],[149.33181,-22.87514],[149.32956,-22.87571],[149.32834,-22.87768],[149.32749,-22.88459],[149.32831,-22.88893],[149.33139,-22.89375],[149.33024,-22.89861],[149.32176,-22.9046],[149.31429,-22.905],[149.30916,-22.91016],[149.30573,-22.91786],[149.30388,-22.92578],[149.28556,-22.94195],[149.28386,-22.9461],[149.2881,-22.94821],[149.28874,-22.94957],[149.28723,-22.95595],[149.27976,-22.96177],[149.27641,-22.96181],[149.2544,-22.97386],[149.24473,-22.97294],[149.24152,-22.97404],[149.23918,-22.97653],[149.23601,-22.98297],[149.23473,-22.99052],[149.23009,-23.00363],[149.21497,-23.02519],[149.20651,-23.04372],[149.20402,-23.04728],[149.19942,-23.05064],[149.19875,-23.05113],[149.19716,-23.05137],[149.19596,-23.05155],[149.19573,-23.05158],[149.18966,-23.04856],[149.18285,-23.04803],[149.17122,-23.05255],[149.15032,-23.05824],[149.13227,-23.06056],[149.12774,-23.06275],[149.12321,-23.06259],[149.11998,-23.06122],[149.11718,-23.05634],[149.11186,-23.05585],[149.10141,-23.05861],[149.09241,-23.05914],[149.08888,-23.0608],[149.07957,-23.0614],[149.07245,-23.05958],[149.04639,-23.0576],[149.04016,-23.06235],[149.03122,-23.07756],[149.02822,-23.0804],[149.00543,-23.08561],[148.9901,-23.09042],[148.98002,-23.09199],[148.97672,-23.09381],[148.97268,-23.09824],[148.9713,-23.10264],[148.97325,-23.10827],[148.97701,-23.11026],[148.97816,-23.11355],[148.97609,-23.11559],[148.97316,-23.12461],[148.97547,-23.12717],[148.97986,-23.12877],[148.98692,-23.12704],[148.9908,-23.12841],[148.99161,-23.13167],[148.98803,-23.14314],[148.9927,-23.14712],[149.00567,-23.14937],[149.00648,-23.1503],[149.00743,-23.15724],[149.00656,-23.16682],[148.99829,-23.17433],[148.99325,-23.1848],[148.98476,-23.19563],[148.97644,-23.19303],[148.97355,-23.19491],[148.9689,-23.19568],[148.96647,-23.19947],[148.97076,-23.20299],[148.96989,-23.20561],[148.96541,-23.20338],[148.96166,-23.20309],[148.95746,-23.20461],[148.95275,-23.20906],[148.95102,-23.21431],[148.94716,-23.2187],[148.94795,-23.22182],[148.95237,-23.22301],[148.9531,-23.22505],[148.95031,-23.23122],[148.94742,-23.24247],[148.94332,-23.24436],[148.93425,-23.24426],[148.9325,-23.24511],[148.93,-23.24338],[148.9257,-23.24613],[148.92096,-23.25183],[148.92687,-23.25602],[148.92758,-23.25841],[148.9266,-23.26144],[148.91496,-23.26573],[148.90569,-23.26417],[148.88723,-23.25663],[148.88259,-23.25189],[148.88054,-23.24761],[148.87799,-23.24877],[148.87649,-23.25215],[148.87317,-23.25291],[148.873,-23.25468],[148.87456,-23.25732],[148.8738,-23.26097],[148.86664,-23.26034],[148.85664,-23.26458],[148.85305,-23.27631],[148.85374,-23.28077],[148.85122,-23.28292],[148.8467,-23.28395],[148.84533,-23.28761],[148.84532,-23.28837],[148.85588,-23.30949],[148.86452,-23.31464],[148.8667,-23.31535],[148.86732,-23.31631],[148.86836,-23.31794],[148.86897,-23.31889],[148.86909,-23.31996],[148.86999,-23.32796],[148.86859,-23.35164],[148.86477,-23.35714],[148.85106,-23.36783],[148.84764,-23.3705],[148.84387,-23.3726],[148.84005,-23.37165],[148.83678,-23.37241],[148.82741,-23.37944],[148.8255,-23.37987],[148.81579,-23.3701],[148.808,-23.36712],[148.79965,-23.36237],[148.79633,-23.35812],[148.79706,-23.35273],[148.78469,-23.35341],[148.78046,-23.35085],[148.7781,-23.35388],[148.77721,-23.36998],[148.77422,-23.37521],[148.77256,-23.37696],[148.77203,-23.37751],[148.77093,-23.37867],[148.76787,-23.37978],[148.76625,-23.37996],[148.75959,-23.38069],[148.75569,-23.38112],[148.75027,-23.38073],[148.74753,-23.37911],[148.74416,-23.36545],[148.73605,-23.34789],[148.72941,-23.34861],[148.72108,-23.35235],[148.71668,-23.3513],[148.71345,-23.35264],[148.70725,-23.3593],[148.70457,-23.36584],[148.70598,-23.37437],[148.712,-23.38266],[148.71247,-23.38642],[148.69485,-23.40208],[148.68915,-23.40362],[148.68568,-23.40306],[148.68152,-23.40473],[148.67906,-23.4105],[148.6783,-23.41898],[148.6765,-23.42017],[148.6735,-23.41925],[148.67235,-23.42109],[148.67495,-23.42469],[148.68339,-23.42793],[148.69087,-23.43004],[148.70468,-23.43141],[148.70585,-23.43391],[148.70603,-23.43429],[148.70559,-23.43512],[148.70537,-23.43551],[148.70472,-23.43672],[148.70112,-23.4403],[148.67851,-23.44937],[148.65424,-23.47608],[148.64283,-23.47739],[148.63662,-23.47557],[148.63523,-23.47622],[148.63387,-23.48135],[148.6357,-23.49854],[148.63415,-23.50971],[148.63018,-23.51214],[148.6259,-23.52018],[148.62667,-23.52294],[148.6257,-23.52502],[148.61746,-23.5366],[148.61686,-23.53744],[148.61513,-23.53807],[148.6063,-23.54131],[148.60199,-23.53997],[148.59592,-23.54312],[148.59258,-23.54331],[148.58732,-23.53678],[148.58585,-23.53156],[148.58119,-23.53107],[148.57754,-23.53286],[148.57618,-23.53469],[148.57508,-23.53664],[148.57406,-23.5446],[148.57694,-23.54541],[148.57727,-23.54657],[148.57694,-23.54699],[148.57607,-23.5481],[148.57427,-23.55039],[148.57137,-23.55183],[148.56999,-23.55251],[148.56927,-23.55287],[148.55914,-23.55329],[148.55039,-23.55604],[148.54611,-23.55249],[148.54243,-23.55478],[148.53749,-23.55596],[148.53325,-23.55522],[148.53289,-23.55506],[148.52692,-23.5525],[148.5255,-23.55032],[148.5252,-23.54894],[148.52282,-23.53799],[148.52403,-23.52751],[148.52276,-23.51714],[148.52391,-23.51508],[148.52249,-23.5054],[148.57299,-23.46896],[148.55038,-23.40692],[148.57049,-23.37929],[148.55034,-23.34683],[148.53211,-23.34007],[148.53111,-23.33893],[148.52956,-23.33913],[148.50659,-23.33061],[148.50267,-23.33033],[148.51216,-23.28902],[148.5825,-23.23394],[148.56522,-23.22196],[148.62442,-23.14898],[148.57919,-23.11753],[148.56227,-23.1159],[148.58783,-23.07148],[148.59972,-23.00286],[148.58496,-23.00055],[148.58687,-22.98735],[148.58546,-22.98518],[148.58642,-22.98322],[148.58565,-22.98204],[148.58276,-22.98134],[148.58247,-22.98004],[148.5845,-22.97772],[148.58099,-22.97569],[148.58056,-22.97466],[148.58186,-22.97261],[148.57675,-22.9685],[148.5728,-22.9689],[148.56211,-22.97568],[148.55674,-22.9754],[148.55419,-22.97448],[148.55343,-22.97236],[148.55312,-22.96596],[148.55228,-22.96392],[148.55012,-22.96259],[148.55107,-22.95993],[148.5503,-22.95724],[148.54427,-22.95979],[148.54258,-22.95941],[148.54473,-22.95448],[148.54253,-22.95102],[148.5498,-22.94691],[148.55269,-22.94182],[148.54682,-22.93062],[148.54017,-22.92339],[148.54113,-22.91972],[148.54106,-22.88455],[148.54187,-22.87733],[148.45807,-22.86749],[148.40681,-22.90046],[148.32505,-22.94984],[148.29819,-22.90962],[148.28867,-22.90796],[148.28718,-22.9047],[148.29042,-22.89961],[148.28841,-22.89829],[148.28048,-22.88582],[148.2792,-22.87877],[148.27505,-22.8756],[148.27683,-22.87377],[148.27995,-22.8751],[148.28256,-22.87478],[148.28479,-22.86829],[148.29032,-22.86695],[148.29714,-22.85459],[148.29953,-22.85431],[148.30938,-22.84645],[148.31228,-22.84185],[148.31758,-22.83704],[148.32012,-22.83723],[148.32269,-22.83318],[148.32638,-22.83273],[148.33049,-22.82761],[148.33238,-22.81831],[148.33629,-22.81552],[148.33848,-22.81146],[148.34631,-22.80814],[148.3492,-22.80966],[148.35397,-22.80982],[148.35709,-22.8083],[148.35976,-22.80216],[148.36469,-22.79886],[148.36602,-22.79555],[148.36857,-22.79525],[148.37141,-22.79056],[148.37051,-22.78935],[148.37382,-22.76728],[148.37032,-22.76555],[148.34313,-22.72542],[148.3372,-22.72481],[148.33231,-22.72653],[148.33024,-22.72478],[148.32372,-22.72514],[148.32307,-22.72669],[148.31749,-22.72791],[148.31537,-22.7298],[148.30808,-22.72797],[148.30676,-22.72986],[148.29881,-22.72898],[148.29775,-22.73206],[148.2952,-22.73287],[148.28098,-22.73026],[148.27739,-22.73348],[148.2745,-22.73208],[148.26989,-22.73365],[148.268,-22.73668],[148.26364,-22.73915],[148.25354,-22.73971],[148.24845,-22.73821],[148.24301,-22.74162],[148.23907,-22.73976],[148.23537,-22.77176],[148.23279,-22.77294],[148.23083,-22.7774],[148.21293,-22.78199],[148.19639,-22.78113],[148.18692,-22.78653],[148.18472,-22.78917],[148.1771,-22.79059],[148.16931,-22.78306],[148.14925,-22.77933],[148.14672,-22.77655],[148.14349,-22.76486],[148.13274,-22.76887],[148.11339,-22.76631],[148.10902,-22.76692],[148.09081,-22.75633],[148.08644,-22.75121],[148.07015,-22.74108],[148.06379,-22.73943],[148.06155,-22.73578],[148.06302,-22.73261],[148.06021,-22.71762],[148.0616,-22.71288],[148.06077,-22.70988],[148.04781,-22.69747],[148.02305,-22.6927],[148.02272,-22.69106],[148.02069,-22.68969],[148.02149,-22.68692],[148.02013,-22.68344],[148.01694,-22.68042],[148.01689,-22.67742],[148.01492,-22.67313],[148.01605,-22.66353],[148.01309,-22.65425],[148.00873,-22.66131],[148.0047,-22.66312],[148.00096,-22.66653],[147.9987,-22.67064],[147.9952,-22.67405],[147.99344,-22.6777],[147.99315,-22.68183],[147.99583,-22.68552],[147.99549,-22.68984],[147.99379,-22.69124],[147.99276,-22.69513],[147.98753,-22.69967],[147.98701,-22.70266],[147.98525,-22.70446],[147.97589,-22.70186],[147.97095,-22.70238],[147.96571,-22.70589],[147.96225,-22.70609],[147.961,-22.70769],[147.95879,-22.70606],[147.95532,-22.70672],[147.95234,-22.70875],[147.95011,-22.70873],[147.94861,-22.71078],[147.94614,-22.7103],[147.9429,-22.71257],[147.9377,-22.71344],[147.93147,-22.71819],[147.92656,-22.71864],[147.91974,-22.7173],[147.91278,-22.71875],[147.91218,-22.71962],[147.91307,-22.72078],[147.91068,-22.72287],[147.91187,-22.72456],[147.91172,-22.72689],[147.91475,-22.72938],[147.91475,-22.73272],[147.91326,-22.73316],[147.91197,-22.73888],[147.90871,-22.74253],[147.90741,-22.74917],[147.90229,-22.75218],[147.89511,-22.76173],[147.89264,-22.76171],[147.88891,-22.76374],[147.88075,-22.76389],[147.87826,-22.7657],[147.87653,-22.76477],[147.87381,-22.76566],[147.86339,-22.77403],[147.86071,-22.77445],[147.85566,-22.7806],[147.84967,-22.78108],[147.84546,-22.78383],[147.84512,-22.78507],[147.84253,-22.78372],[147.83457,-22.78324],[147.82571,-22.78478],[147.82095,-22.78293],[147.79407,-22.8005],[147.78812,-22.80741],[147.78649,-22.81435],[147.78414,-22.8192],[147.78212,-22.81956],[147.77561,-22.82535],[147.77362,-22.82556],[147.76984,-22.83425],[147.76615,-22.83557],[147.76406,-22.83919],[147.75805,-22.84476],[147.75811,-22.84649],[147.75319,-22.85125],[147.7506,-22.85852],[147.74555,-22.85954],[147.74387,-22.8617],[147.73702,-22.86152],[147.71868,-22.87473],[147.71408,-22.87667],[147.70942,-22.88174],[147.70235,-22.88606],[147.70306,-22.8868],[147.70223,-22.88896],[147.70367,-22.89064],[147.70163,-22.89077],[147.7021,-22.89161],[147.70036,-22.89486],[147.7003,-22.89959],[147.70165,-22.9016],[147.70069,-22.90606],[147.69909,-22.90701],[147.69966,-22.90897],[147.69764,-22.91003],[147.6988,-22.91147],[147.69433,-22.91325],[147.69422,-22.91466],[147.68858,-22.91264],[147.68618,-22.91467],[147.68493,-22.91201],[147.68078,-22.90973],[147.68138,-22.9125],[147.67781,-22.91067],[147.67574,-22.91288],[147.67074,-22.91236],[147.66485,-22.91351],[147.66386,-22.91272],[147.66207,-22.91522],[147.66104,-22.92107],[147.65577,-22.92189],[147.65075,-22.9247],[147.64827,-22.92303],[147.64756,-22.92519],[147.64051,-22.92629],[147.63975,-22.92195],[147.63465,-22.92247],[147.63118,-22.91845],[147.62747,-22.91951],[147.62606,-22.91893],[147.62482,-22.91421],[147.62295,-22.91315],[147.62438,-22.911],[147.62197,-22.91053],[147.62064,-22.91251],[147.62035,-22.90776],[147.61839,-22.90498],[147.61932,-22.90181],[147.62158,-22.90083],[147.61625,-22.90027],[147.61657,-22.89785],[147.61295,-22.89615],[147.60157,-22.89479],[147.60728,-22.90014],[147.60636,-22.90711],[147.599,-22.90899],[147.59679,-22.92345],[147.58786,-22.92228],[147.58229,-22.96301],[147.5801,-22.96126],[147.5767,-22.96067],[147.56824,-22.96169],[147.56338,-22.96668],[147.55923,-22.97321],[147.55541,-22.97636],[147.55557,-22.97962],[147.56098,-22.98751],[147.55949,-22.99093],[147.55481,-22.99152],[147.55346,-22.99275],[147.55474,-22.99839],[147.55303,-23.00917],[147.50416,-22.98576],[147.4971,-23.00084],[147.51999,-23.02843],[147.51655,-23.03013],[147.51138,-23.02811],[147.5084,-23.02908],[147.49994,-23.03852],[147.48912,-23.04302],[147.48372,-23.04666],[147.48347,-23.04836],[147.48623,-23.05344],[147.48511,-23.05603],[147.4829,-23.05769],[147.48607,-23.06082],[147.48499,-23.06922],[147.48745,-23.07865],[147.47864,-23.09152],[147.47652,-23.09284],[147.46808,-23.0911],[147.46421,-23.09224],[147.46018,-23.09844],[147.44718,-23.10723],[147.44258,-23.11435],[147.4415,-23.11977],[147.43507,-23.12202],[147.42829,-23.12905],[147.42214,-23.12887],[147.41166,-23.13469],[147.40503,-23.14373],[147.40056,-23.14695],[147.39457,-23.14733],[147.39459,-23.14966],[147.39258,-23.15139],[147.39118,-23.15613],[147.38913,-23.15738],[147.38337,-23.16536],[147.37841,-23.16855],[147.37574,-23.16866],[147.37258,-23.17065],[147.36983,-23.17721],[147.3678,-23.17884],[147.3624,-23.18034],[147.35396,-23.19039],[147.35126,-23.18653],[147.33992,-23.18256],[147.33328,-23.18576],[147.32545,-23.18743],[147.32317,-23.18986],[147.31501,-23.19315],[147.31156,-23.19272],[147.2982,-23.19544],[147.28654,-23.19337],[147.27909,-23.1952],[147.26959,-23.20685],[147.26075,-23.21013],[147.25944,-23.21807],[147.26076,-23.24465],[147.26342,-23.24948],[147.27056,-23.25726],[147.27006,-23.26129],[147.27186,-23.26238],[147.2721,-23.26832],[147.27375,-23.27077],[147.28225,-23.27397],[147.28593,-23.2762],[147.28752,-23.2791],[147.28396,-23.28375],[147.28386,-23.28835],[147.28004,-23.29892],[147.28231,-23.30469],[147.28777,-23.30893],[147.2949,-23.32025],[147.2951,-23.3224],[147.28757,-23.32613],[147.2831,-23.33072],[147.28609,-23.33691],[147.28661,-23.35296],[147.28562,-23.35732],[147.28289,-23.3626],[147.27942,-23.36536],[147.27444,-23.36674],[147.27395,-23.36972],[147.26694,-23.38319],[147.2652,-23.3847],[147.26639,-23.38877],[147.26515,-23.39441],[147.26521,-23.4008],[147.26353,-23.40505],[147.26567,-23.4124],[147.26159,-23.4234],[147.26103,-23.43582],[147.25966,-23.44042],[147.25709,-23.44374],[147.25148,-23.44762],[147.24966,-23.45528],[147.25115,-23.45895],[147.25444,-23.46291],[147.25985,-23.46979],[147.26261,-23.4659],[147.26326,-23.46146],[147.27332,-23.46926],[147.27346,-23.47442],[147.27924,-23.48051],[147.28086,-23.48928],[147.2814,-23.50197],[147.27471,-23.51283],[147.28419,-23.52374],[147.27227,-23.5362],[147.26373,-23.53833],[147.25785,-23.54227],[147.2553,-23.54299],[147.24999,-23.54195],[147.24589,-23.54528],[147.23147,-23.5513],[147.22843,-23.55131],[147.22086,-23.5489],[147.21888,-23.54939],[147.21807,-23.55026],[147.21977,-23.55466],[147.21807,-23.55985],[147.21878,-23.56652],[147.21737,-23.56854],[147.21121,-23.57197],[147.21102,-23.57432],[147.21904,-23.58677],[147.21852,-23.59197],[147.21664,-23.59403],[147.20329,-23.60155],[147.19807,-23.60626],[147.1966,-23.60931],[147.19706,-23.61271],[147.2017,-23.62102],[147.20213,-23.62336],[147.20072,-23.62555],[147.20338,-23.63121],[147.21141,-23.63652],[147.21174,-23.63941],[147.20851,-23.64304],[147.2072,-23.64728],[147.20307,-23.65225],[147.20365,-23.65268],[147.20061,-23.65463],[147.20336,-23.65825],[147.20557,-23.66589],[147.20504,-23.66837],[147.20945,-23.67599],[147.2086,-23.67802],[147.20487,-23.67803],[147.20352,-23.67995],[147.19807,-23.68194],[147.19557,-23.68451],[147.19843,-23.69148],[147.19763,-23.69627],[147.19498,-23.70028],[147.19474,-23.70316],[147.19639,-23.70408],[147.19734,-23.70872],[147.19377,-23.71227],[147.19314,-23.71799],[147.19731,-23.72502],[147.20034,-23.72722],[147.20048,-23.73397],[147.19875,-23.73529],[147.19842,-23.74124],[147.19501,-23.74571],[147.20004,-23.7551],[147.20087,-23.75971],[147.19893,-23.76571],[147.19969,-23.77333],[147.21125,-23.77822],[147.21368,-23.78123],[147.2188,-23.78402],[147.22339,-23.78414],[147.22955,-23.78751],[147.22756,-23.79112],[147.23015,-23.79801],[147.23592,-23.8049],[147.238,-23.81083],[147.23139,-23.81909],[147.23111,-23.8264],[147.22847,-23.82935],[147.22775,-23.83219],[147.23023,-23.83627],[147.22976,-23.83884],[147.23158,-23.83963],[147.23379,-23.84508],[147.23661,-23.84802],[147.23681,-23.85238],[147.23491,-23.85477],[147.23766,-23.85827],[147.23883,-23.86233],[147.23724,-23.86436],[147.2359,-23.8764],[147.23371,-23.88139],[147.23667,-23.89178],[147.24127,-23.89814],[147.24142,-23.90323],[147.23899,-23.90828],[147.23739,-23.93093],[147.22672,-23.94688],[147.22097,-23.98457],[147.2012,-23.99592],[147.18511,-24.0017],[147.1811,-24.0376],[147.18335,-24.08577],[147.16557,-24.09245],[147.16129,-24.093],[147.15636,-24.09254],[147.14882,-24.08595],[147.14152,-24.08563],[147.13305,-24.09153],[147.12717,-24.09213],[147.1218,-24.09448],[147.11873,-24.09287],[147.1103,-24.09336],[147.08956,-24.10447],[147.08114,-24.11438],[147.07869,-24.11376],[147.07374,-24.1178],[147.06532,-24.1184],[147.06208,-24.11631],[147.05049,-24.11868],[147.03745,-24.12585],[147.03736,-24.13233],[147.02867,-24.1377],[147.0286,-24.14068],[146.99988,-24.15665],[146.98923,-24.16864],[146.97527,-24.17317],[146.96392,-24.17105],[146.95703,-24.16593],[146.95652,-24.17255],[146.95259,-24.17794],[146.95241,-24.18264],[146.94964,-24.18775],[146.94987,-24.19348],[146.94905,-24.1952],[146.9544,-24.19953],[146.95359,-24.20434],[146.9543,-24.20643],[146.95154,-24.20819],[146.95109,-24.21369],[146.94956,-24.21556],[146.94562,-24.21687],[146.9402,-24.22154],[146.93985,-24.22272],[146.94173,-24.22491],[146.94187,-24.22694],[146.94464,-24.22772],[146.94463,-24.22913],[146.94135,-24.23223],[146.9403,-24.23557],[146.93795,-24.23608],[146.93703,-24.24316],[146.93342,-24.25173],[146.93449,-24.25285],[146.93131,-24.25422],[146.929,-24.25701],[146.92984,-24.2579],[146.92756,-24.2624],[146.92902,-24.26392],[146.92639,-24.26731],[146.92906,-24.27012],[146.92885,-24.2749],[146.93256,-24.27582],[146.93895,-24.27448],[146.93985,-24.27487],[146.94028,-24.2781],[146.93519,-24.27918],[146.93506,-24.28204],[146.93643,-24.28452],[146.93526,-24.29006],[146.93105,-24.29164],[146.93143,-24.29455],[146.92642,-24.29347],[146.92297,-24.29526],[146.92162,-24.29438],[146.91799,-24.29534],[146.91543,-24.30029],[146.91625,-24.30608],[146.91541,-24.30915],[146.91069,-24.3134],[146.91551,-24.32165],[146.9125,-24.32698],[146.90565,-24.32551],[146.90315,-24.3269],[146.89366,-24.32873],[146.89185,-24.33029],[146.88145,-24.3318],[146.8773,-24.33464],[146.87563,-24.33714],[146.87935,-24.34432],[146.87733,-24.3462],[146.87771,-24.34784],[146.87388,-24.34891],[146.87354,-24.35352],[146.87225,-24.35602],[146.87283,-24.3585],[146.86717,-24.3605],[146.86574,-24.36414],[146.86628,-24.36836],[146.85925,-24.36865],[146.85797,-24.37123],[146.85445,-24.37187],[146.84931,-24.36968],[146.84473,-24.36956],[146.8413,-24.37182],[146.83768,-24.37157],[146.83505,-24.37388],[146.83385,-24.37273],[146.8301,-24.37212],[146.82904,-24.37327],[146.82815,-24.37241],[146.82188,-24.37355],[146.81595,-24.37567],[146.81438,-24.37726],[146.81484,-24.38227],[146.81395,-24.38397],[146.81584,-24.38881],[146.81908,-24.38911],[146.8168,-24.39283],[146.8103,-24.39638],[146.80437,-24.39552],[146.80317,-24.39747],[146.80392,-24.40248],[146.80266,-24.40527],[146.79928,-24.40708],[146.79802,-24.4113],[146.79392,-24.41808],[146.79273,-24.41472],[146.79135,-24.41387],[146.79084,-24.41009],[146.77785,-24.40524],[146.77263,-24.40516],[146.77023,-24.40805],[146.76647,-24.40553],[146.7593,-24.40391],[146.74694,-24.40715],[146.72944,-24.41878],[146.72106,-24.39708],[146.72169,-24.38489],[146.71274,-24.37757],[146.70124,-24.37804],[146.69723,-24.38106],[146.69315,-24.37942],[146.6905,-24.37495],[146.68897,-24.37431],[146.68616,-24.3752],[146.68513,-24.37846],[146.68196,-24.38031],[146.68191,-24.38681],[146.67966,-24.38834],[146.67732,-24.38802],[146.67554,-24.38943],[146.66937,-24.39057],[146.66345,-24.40134],[146.65982,-24.40348],[146.6559,-24.40422],[146.6522,-24.40009],[146.64179,-24.3992],[146.63898,-24.40123],[146.6358,-24.40116],[146.63847,-24.4051],[146.63001,-24.4052],[146.62713,-24.40322],[146.62412,-24.40703],[146.62081,-24.40799],[146.61781,-24.41182],[146.61227,-24.41483],[146.60924,-24.41319],[146.60368,-24.41562],[146.59586,-24.41719],[146.59118,-24.41484],[146.58718,-24.41517],[146.5853,-24.41274],[146.58113,-24.41155],[146.57682,-24.41246],[146.57523,-24.41128],[146.57246,-24.41285],[146.57397,-24.41671],[146.5767,-24.41782],[146.57736,-24.41985],[146.58195,-24.42332],[146.58189,-24.42566],[146.58578,-24.42644],[146.58689,-24.42775],[146.58909,-24.43201],[146.58847,-24.43406],[146.59045,-24.43608],[146.58932,-24.43725],[146.58954,-24.44027],[146.58797,-24.44161],[146.58966,-24.44356],[146.59321,-24.44373],[146.59573,-24.4459],[146.59605,-24.45301],[146.59875,-24.4541],[146.60112,-24.45364],[146.60786,-24.45691],[146.6081,-24.46132],[146.61124,-24.45839],[146.62129,-24.45803],[146.62008,-24.46715],[146.62267,-24.47867],[146.6246,-24.48146],[146.62417,-24.4861],[146.62568,-24.4885],[146.62608,-24.49376],[146.62785,-24.49616],[146.63182,-24.49779],[146.63512,-24.49664],[146.63992,-24.50021],[146.64208,-24.50657],[146.64615,-24.51253],[146.64821,-24.51806],[146.64633,-24.51946],[146.64588,-24.52334],[146.64827,-24.52531],[146.64939,-24.52915],[146.65327,-24.53372],[146.65832,-24.53915],[146.66136,-24.54062],[146.66135,-24.5434],[146.66405,-24.54805],[146.66151,-24.5499],[146.6615,-24.55261],[146.66563,-24.55749],[146.66409,-24.56243],[146.66748,-24.56221],[146.66857,-24.56445],[146.67178,-24.56485],[146.67237,-24.56701],[146.67962,-24.57283],[146.68079,-24.57894],[146.68003,-24.58087],[146.67622,-24.58125],[146.67333,-24.58534],[146.67004,-24.5861],[146.66681,-24.59081],[146.67289,-24.59446],[146.67474,-24.59702],[146.68218,-24.60013],[146.68352,-24.60198],[146.6825,-24.60585],[146.6895,-24.61158],[146.69927,-24.61573],[146.71354,-24.61888],[146.72144,-24.62603],[146.72736,-24.62805],[146.73751,-24.62776],[146.73937,-24.62915],[146.7402,-24.63379],[146.73714,-24.64276],[146.74051,-24.65034],[146.75049,-24.65237],[146.75183,-24.65778],[146.75791,-24.66336],[146.76806,-24.6643],[146.77416,-24.66277],[146.7767,-24.65689],[146.77979,-24.63618],[146.78742,-24.62629],[146.80011,-24.62059],[146.80854,-24.639],[146.81362,-24.63653],[146.81905,-24.62602],[146.83394,-24.62434],[146.84207,-24.61522],[146.84275,-24.61229],[146.84868,-24.60874],[146.84784,-24.6044],[146.85257,-24.60348],[146.85334,-24.59954],[146.85571,-24.59715],[146.85698,-24.59374],[146.8569,-24.58988],[146.86071,-24.58733],[146.86612,-24.58587],[146.86933,-24.58842],[146.86848,-24.59337],[146.87592,-24.5977],[146.87854,-24.60134],[146.88091,-24.60181],[146.88311,-24.6008],[146.88336,-24.59972],[146.88243,-24.59933],[146.88319,-24.59717],[146.88627,-24.5964],[146.88412,-24.60237],[146.88546,-24.60705],[146.88395,-24.60802],[146.88395,-24.61153],[146.88748,-24.61423],[146.88985,-24.61473],[146.89094,-24.61746],[146.89176,-24.62338],[146.89468,-24.62877],[146.89468,-24.633],[146.89282,-24.63692],[146.8939,-24.64033],[146.89732,-24.64394],[146.89926,-24.64322],[146.90033,-24.64405],[146.89856,-24.64639],[146.89963,-24.64798],[146.90246,-24.64754],[146.90596,-24.64883],[146.90768,-24.64703],[146.91368,-24.65435],[146.91222,-24.6577],[146.9151,-24.65973],[146.91914,-24.66068],[146.92573,-24.6698],[146.9332,-24.67483],[146.9347,-24.67746],[146.93484,-24.68348],[146.93992,-24.69506],[146.94198,-24.70428],[146.94119,-24.70574],[146.93292,-24.70662],[146.92924,-24.7104],[146.92051,-24.71575],[146.91989,-24.72334],[146.91563,-24.72697],[146.91316,-24.73223],[146.9123,-24.73702],[146.90848,-24.74314],[146.90697,-24.74432],[146.90053,-24.74527],[146.8982,-24.75291],[146.89394,-24.75818],[146.88502,-24.76073],[146.88227,-24.76249],[146.88012,-24.76644],[146.87903,-24.77351],[146.88405,-24.77735],[146.88652,-24.77735],[146.88913,-24.77886],[146.89255,-24.78826],[146.90337,-24.80515],[147.09157,-24.81408],[147.08944,-24.84642],[147.13885,-24.84896],[147.13663,-24.88284],[147.29639,-24.8958],[147.29757,-24.89218],[147.30133,-24.89181],[147.30404,-24.88972],[147.30537,-24.88497],[147.30853,-24.88386],[147.31734,-24.88489],[147.31958,-24.88237],[147.31847,-24.87259],[147.3221,-24.87047],[147.32406,-24.87076],[147.32559,-24.87304],[147.33318,-24.87249],[147.33556,-24.871],[147.33988,-24.87205],[147.34158,-24.87132],[147.3498,-24.87551],[147.36108,-24.87521],[147.36329,-24.87713],[147.36596,-24.87744],[147.36976,-24.87675],[147.37355,-24.87117],[147.38096,-24.87079],[147.39011,-24.87372],[147.39322,-24.87863],[147.39627,-24.87631],[147.41972,-24.88137],[147.47644,-24.87822],[147.48362,-24.87698],[147.4885,-24.87364],[147.4898,-24.87123],[147.49651,-24.84701],[147.50143,-24.84472],[147.50448,-24.83838],[147.50897,-24.8349],[147.50926,-24.83328],[147.50621,-24.82629],[147.50826,-24.82071],[147.51279,-24.82654],[147.51873,-24.8302],[147.52394,-24.82899],[147.53268,-24.82382],[147.53867,-24.82407],[147.54015,-24.82298],[147.54244,-24.81756],[147.54433,-24.81772],[147.54945,-24.82121],[147.55394,-24.81947],[147.55833,-24.81918],[147.55989,-24.82339],[147.55865,-24.82551],[147.55922,-24.83308],[147.56053,-24.83427],[147.57854,-24.83604],[147.58261,-24.83186],[147.58359,-24.82596],[147.58761,-24.82323],[147.5896,-24.81841],[147.59215,-24.81824],[147.60658,-24.81245],[147.61192,-24.80766],[147.61729,-24.80494],[147.63087,-24.80381],[147.63472,-24.80121],[147.63904,-24.80138],[147.64194,-24.79889],[147.64705,-24.79995],[147.64695,-24.79789],[147.64996,-24.79026],[147.6495,-24.78872],[147.64678,-24.78813],[147.64533,-24.78627],[147.64442,-24.77697],[147.64658,-24.77321],[147.65146,-24.77112],[147.666,-24.77106],[147.67043,-24.76965],[147.67336,-24.77012],[147.68045,-24.77385],[147.68865,-24.76317],[147.69353,-24.76112],[147.70207,-24.76044],[147.70372,-24.75413],[147.70487,-24.75315],[147.71046,-24.75327],[147.71607,-24.75024],[147.71831,-24.74775],[147.71858,-24.74432],[147.72439,-24.74095],[147.7303,-24.73301],[147.73523,-24.73032],[147.74599,-24.7287],[147.74787,-24.73026],[147.75176,-24.73065],[147.75968,-24.72801],[147.7632,-24.72895],[147.77026,-24.73322],[147.77182,-24.73756],[147.77407,-24.73898],[147.77684,-24.73897],[147.78354,-24.73374],[147.78653,-24.73338],[147.7913,-24.73076],[147.79632,-24.7321],[147.79716,-24.73394],[147.79956,-24.73482],[147.80139,-24.73494],[147.8031,-24.73343],[147.80512,-24.73376],[147.81158,-24.73714],[147.81725,-24.73499],[147.82346,-24.73523],[147.8237,-24.73524],[147.82402,-24.736],[147.8276,-24.74448],[147.82658,-24.7504],[147.82862,-24.75377],[147.83036,-24.7547],[147.83412,-24.75427],[147.84482,-24.76224],[147.84842,-24.76621],[147.84846,-24.76807],[147.85246,-24.77139],[147.85091,-24.77594],[147.85213,-24.77803],[147.85656,-24.78179],[147.85766,-24.78159],[147.85868,-24.78367],[147.86084,-24.78387],[147.86395,-24.78627],[147.86825,-24.78566],[147.87413,-24.78823],[147.87736,-24.78749],[147.87825,-24.79048],[147.88722,-24.79574],[147.89362,-24.80377],[147.89984,-24.8087],[147.90129,-24.81417],[147.90757,-24.81489],[147.91061,-24.81649],[147.91247,-24.81929],[147.91525,-24.81932],[147.91582,-24.82164],[147.91909,-24.82492],[147.91641,-24.82936],[147.91331,-24.8394],[147.91524,-24.84279],[147.91525,-24.84757],[147.9213,-24.84983],[147.93397,-24.86092],[147.93788,-24.8616],[147.94235,-24.86761],[147.94153,-24.87023],[147.94358,-24.87222],[147.94706,-24.873],[147.9462,-24.87617],[147.94935,-24.87999],[147.95049,-24.88091]]]},"properties":{"District Name":"Rockhampton","DDMG Name":"Rockhampton"}},{"type":"Feature","geometry":{"type":"Polygon","coordinates":[[[146.94501,-28.99913],[148.95809,-28.99906],[148.96137,-28.99738],[148.96558,-28.99364],[148.96341,-28.99169],[148.9671,-28.99144],[148.96724,-28.98972],[148.96903,-28.98827],[148.966,-28.98585],[148.97111,-28.98533],[148.97055,-28.98235],[148.97172,-28.97829],[148.97447,-28.9787],[148.97574,-28.97651],[148.97797,-28.97547],[148.98117,-28.97534],[148.98387,-28.97657],[148.98636,-28.97414],[148.99072,-28.9759],[148.99009,-28.97428],[148.99123,-28.97138],[148.99713,-28.97275],[148.99971,-28.97085],[148.99976,-28.96959],[149.00404,-28.96729],[149.00543,-28.96445],[149.00436,-28.96243],[149.00471,-28.96061],[149.01078,-28.96],[149.01177,-28.95828],[149.00877,-28.95853],[149.00804,-28.95773],[149.01162,-28.95548],[149.01428,-28.95767],[149.01685,-28.95651],[149.01944,-28.95936],[149.0211,-28.95704],[149.0278,-28.95449],[149.02967,-28.95542],[149.03004,-28.95718],[149.0316,-28.95688],[149.03454,-28.95282],[149.03317,-28.95165],[149.03616,-28.94866],[149.03436,-28.94759],[149.03463,-28.94554],[149.04012,-28.94237],[149.03887,-28.94088],[149.03979,-28.94018],[149.03847,-28.93908],[149.04302,-28.93945],[149.04357,-28.93813],[149.04249,-28.93727],[149.04371,-28.93607],[149.04346,-28.93456],[149.04562,-28.93458],[149.0456,-28.9315],[149.04232,-28.93137],[149.04334,-28.92998],[149.04262,-28.9269],[149.04726,-28.92454],[149.04745,-28.9221],[149.04499,-28.92056],[149.04752,-28.91986],[149.04853,-28.91619],[149.05078,-28.91771],[149.05498,-28.91193],[149.05805,-28.91136],[149.05868,-28.90783],[149.05688,-28.90572],[149.05782,-28.90399],[149.05582,-28.90227],[149.05607,-28.89988],[149.0561,-28.89956],[149.05415,-28.89345],[149.04813,-28.88639],[149.0436,-28.89149],[149.04382,-28.89261],[149.01645,-28.86218],[148.98165,-28.8203],[148.99123,-28.76035],[148.97514,-28.75912],[148.98732,-28.66348],[148.91959,-28.65691],[148.92368,-28.62114],[148.92768,-28.62002],[148.93584,-28.55982],[148.92411,-28.55858],[148.9293,-28.5202],[148.93081,-28.52036],[148.93552,-28.48543],[148.9329,-28.48515],[148.9594,-28.28878],[149.04153,-28.18601],[149.07568,-28.18931],[149.07515,-28.19308],[149.1432,-28.2002],[149.14537,-28.19915],[149.18872,-28.20369],[149.18917,-28.19983],[149.32595,-28.21716],[149.32572,-28.21862],[149.40547,-28.22859],[149.43066,-28.06984],[149.44534,-28.07134],[149.45744,-27.99274],[149.47319,-27.88892],[149.48924,-27.79212],[149.40495,-27.78344],[149.42728,-27.74554],[149.49581,-27.75384],[149.50808,-27.67778],[149.46609,-27.67225],[149.47127,-27.64038],[149.43796,-27.63605],[149.43932,-27.63347],[149.44245,-27.63418],[149.44281,-27.63099],[149.44375,-27.63175],[149.44624,-27.63063],[149.44575,-27.62952],[149.44715,-27.62811],[149.44891,-27.62965],[149.45087,-27.62883],[149.44965,-27.62689],[149.45133,-27.62291],[149.45414,-27.62267],[149.45611,-27.62105],[149.45443,-27.61879],[149.45462,-27.6165],[149.45575,-27.61628],[149.45536,-27.61509],[149.45821,-27.61474],[149.45711,-27.61231],[149.46102,-27.60948],[149.45977,-27.6078],[149.46117,-27.60673],[149.46148,-27.6045],[149.46742,-27.60541],[149.47198,-27.59813],[149.47089,-27.59603],[149.47699,-27.59649],[149.47903,-27.59276],[149.49834,-27.45879],[149.49328,-27.45026],[149.49611,-27.43188],[149.4811,-27.4129],[149.48071,-27.40935],[149.4672,-27.3939],[149.45684,-27.376],[149.45836,-27.36687],[149.48192,-27.33001],[149.47989,-27.32021],[149.4862,-27.31584],[149.50212,-27.29348],[149.51989,-27.28172],[149.5225,-27.28143],[149.53238,-27.27258],[149.55241,-27.25906],[149.5517,-27.25846],[149.56387,-27.24828],[149.56509,-27.24844],[149.59292,-27.222],[149.55639,-27.19125],[149.67874,-27.0748],[149.67431,-27.07477],[149.67,-27.07021],[149.65982,-27.06773],[149.65067,-27.06727],[149.64617,-27.06831],[149.64497,-27.06996],[149.6448,-27.07395],[149.64348,-27.0753],[149.64168,-27.07488],[149.63216,-27.06907],[149.63154,-27.06278],[149.62827,-27.05764],[149.62586,-27.05594],[149.62637,-27.05431],[149.63066,-27.05326],[149.6346,-27.04964],[149.63677,-27.04518],[149.63634,-27.04306],[149.63034,-27.04246],[149.62843,-27.0485],[149.62621,-27.04699],[149.62575,-27.04279],[149.62395,-27.04084],[149.62117,-27.04295],[149.61676,-27.04297],[149.61519,-27.04163],[149.61521,-27.03335],[149.61678,-27.0313],[149.63576,-27.02675],[149.64601,-27.02155],[149.64827,-27.02158],[149.64934,-27.02391],[149.6454,-27.02547],[149.64687,-27.02864],[149.65481,-27.03051],[149.66376,-27.03009],[149.66721,-27.02244],[149.66648,-27.01879],[149.66749,-27.01668],[149.66607,-27.01305],[149.66208,-27.01024],[149.663,-27.00642],[149.64478,-26.96464],[149.62982,-26.94431],[149.61289,-26.89518],[149.58817,-26.82924],[149.61211,-26.81872],[149.61091,-26.81571],[149.6079,-26.81396],[149.60249,-26.81548],[149.59787,-26.81069],[149.59665,-26.8076],[149.59337,-26.80858],[149.59256,-26.81069],[149.59151,-26.80832],[149.68421,-26.77371],[149.6746,-26.75976],[149.66332,-26.75829],[149.66283,-26.75172],[149.66984,-26.74704],[149.67369,-26.74075],[149.67601,-26.72638],[149.67501,-26.69734],[149.67119,-26.66849],[149.69197,-26.64865],[149.69274,-26.64388],[149.69674,-26.64383],[149.70188,-26.61091],[149.66717,-26.60626],[149.67017,-26.58787],[149.69637,-26.59125],[149.70043,-26.56666],[149.69572,-26.56605],[149.69814,-26.55092],[149.70763,-26.55301],[149.71072,-26.53374],[149.70291,-26.5327],[149.70523,-26.51821],[149.69713,-26.51714],[149.69779,-26.51307],[149.70215,-26.50252],[149.70142,-26.49854],[149.70252,-26.4967],[149.70424,-26.49631],[149.70457,-26.49186],[149.70751,-26.49054],[149.71416,-26.4814],[149.72764,-26.47056],[149.68538,-26.46507],[149.70395,-26.45253],[149.72196,-26.43673],[149.72834,-26.43729],[149.73165,-26.41678],[149.74618,-26.41868],[149.75075,-26.39015],[149.75795,-26.38916],[149.77211,-26.39335],[149.77317,-26.40132],[149.80505,-26.39369],[149.82164,-26.37983],[149.83134,-26.31756],[149.81387,-26.30919],[149.81648,-26.30303],[149.71833,-26.29086],[149.70786,-26.3048],[149.70933,-26.30624],[149.70795,-26.31245],[149.70478,-26.30958],[149.70158,-26.31169],[149.69837,-26.30987],[149.69425,-26.31046],[149.6942,-26.31182],[149.69142,-26.31111],[149.68658,-26.30758],[149.67571,-26.30639],[149.67379,-26.30981],[149.666,-26.30896],[149.66477,-26.3104],[149.66218,-26.30854],[149.64872,-26.30707],[149.64337,-26.30071],[149.62292,-26.29876],[149.6179,-26.30138],[149.61624,-26.30118],[149.61389,-26.30346],[149.61457,-26.30811],[149.56927,-26.30326],[149.56541,-26.33255],[149.56219,-26.33134],[149.55614,-26.3331],[149.55325,-26.33143],[149.5502,-26.33261],[149.54664,-26.32768],[149.54335,-26.33088],[149.53906,-26.32957],[149.53106,-26.33415],[149.52807,-26.33348],[149.516,-26.33554],[149.50493,-26.33598],[149.5031,-26.33549],[149.50344,-26.33323],[149.50672,-26.32909],[149.51004,-26.32699],[149.51208,-26.32307],[149.50774,-26.30863],[149.49796,-26.30357],[149.49394,-26.3039],[149.49374,-26.30192],[149.51138,-26.29479],[149.51194,-26.29052],[149.47417,-26.28641],[149.47394,-26.29132],[149.47566,-26.29605],[149.46423,-26.31146],[149.44332,-26.30287],[149.43386,-26.2978],[149.42722,-26.29098],[149.40025,-26.2765],[149.39987,-26.28384],[149.40127,-26.28749],[149.37501,-26.28648],[149.34983,-26.29135],[149.34125,-26.29026],[149.32487,-26.28402],[149.29763,-26.28235],[149.28272,-26.28797],[149.2815,-26.29308],[149.27743,-26.29462],[149.27249,-26.29954],[149.21627,-26.30383],[149.2061,-26.30656],[149.1841,-26.32187],[149.18013,-26.31336],[149.17326,-26.31057],[149.15617,-26.30813],[149.15328,-26.30517],[149.15961,-26.29671],[149.16683,-26.28394],[149.16208,-26.25964],[149.15453,-26.25092],[149.15938,-26.24607],[149.16284,-26.23872],[149.16208,-26.23095],[149.16418,-26.21106],[149.16366,-26.19744],[149.1719,-26.19015],[149.17861,-26.17697],[149.17481,-26.16295],[149.18372,-26.16215],[149.19007,-26.1535],[149.19831,-26.14831],[149.20377,-26.13848],[149.20448,-26.12759],[149.22063,-26.11537],[149.21756,-26.09265],[149.21212,-26.07546],[149.21702,-26.06837],[149.21803,-26.05316],[149.13519,-26.04389],[149.13345,-26.03939],[149.1325,-26.03968],[149.12438,-26.01849],[149.12952,-26.01306],[149.1301,-26.00121],[149.12742,-26.00257],[149.12463,-26.00199],[149.12177,-25.99753],[149.11656,-25.99806],[149.09727,-25.94784],[149.09439,-25.94034],[149.10828,-25.87336],[149.1044,-25.86645],[149.10133,-25.86347],[149.09706,-25.86061],[149.0917,-25.85935],[149.08749,-25.8564],[149.07569,-25.8435],[149.06814,-25.84231],[149.06531,-25.83855],[149.06232,-25.83821],[149.06087,-25.83467],[149.05513,-25.82873],[149.04998,-25.82806],[149.05376,-25.82626],[149.05283,-25.82465],[149.04398,-25.82303],[149.02798,-25.80455],[149.02493,-25.79907],[149.03118,-25.77557],[149.03122,-25.76853],[149.02597,-25.76797],[149.02168,-25.76877],[149.01302,-25.77457],[148.9965,-25.78086],[148.98557,-25.78271],[148.97692,-25.78757],[148.9683,-25.78968],[148.96362,-25.79269],[148.94495,-25.7712],[148.91094,-25.76757],[148.90878,-25.76604],[148.90957,-25.76122],[148.90068,-25.7601],[148.92376,-25.74056],[148.9212,-25.73469],[148.92253,-25.7297],[148.91959,-25.72836],[148.92162,-25.72523],[148.92669,-25.7249],[148.92871,-25.72303],[148.92849,-25.72067],[148.92557,-25.71937],[148.92476,-25.71732],[148.9287,-25.70905],[148.92566,-25.70547],[148.92527,-25.70341],[148.93122,-25.69943],[148.93438,-25.69951],[148.93691,-25.69828],[148.93684,-25.69715],[148.93998,-25.69388],[148.94019,-25.69096],[148.93833,-25.68792],[148.93899,-25.68541],[148.94262,-25.68551],[148.94935,-25.69279],[148.95704,-25.6929],[148.96419,-25.69928],[148.96728,-25.70381],[148.96925,-25.71142],[148.97278,-25.71318],[148.97802,-25.70866],[148.9812,-25.7083],[148.99575,-25.6976],[149.00139,-25.69741],[149.0082,-25.69448],[149.01573,-25.6817],[149.01936,-25.68147],[149.0315,-25.67275],[149.03988,-25.67576],[149.05638,-25.66983],[149.05372,-25.66635],[149.05409,-25.66164],[149.05991,-25.65237],[149.0639,-25.65008],[149.06406,-25.64972],[149.06449,-25.6495],[149.06474,-25.64814],[149.06494,-25.64704],[149.06503,-25.64651],[149.06451,-25.64647],[149.06152,-25.64625],[149.06045,-25.64617],[149.052,-25.64973],[149.05057,-25.64912],[149.04967,-25.6479],[149.04848,-25.64317],[149.05046,-25.63909],[149.06055,-25.63234],[149.06141,-25.62983],[149.06046,-25.62683],[149.04787,-25.62294],[149.04533,-25.62309],[149.04451,-25.62432],[149.04498,-25.62846],[149.04117,-25.63218],[149.04101,-25.63662],[149.03813,-25.63835],[149.03597,-25.64179],[149.03543,-25.64206],[149.0343,-25.64165],[149.03402,-25.64134],[149.03265,-25.63841],[149.03852,-25.6316],[149.03847,-25.62921],[149.03267,-25.62706],[149.02731,-25.61926],[149.01835,-25.61663],[149.01386,-25.6136],[149.01259,-25.6115],[149.01292,-25.6093],[149.01427,-25.60883],[149.02387,-25.61194],[149.02581,-25.61106],[149.02606,-25.60807],[149.02007,-25.60371],[149.01037,-25.60173],[148.9922,-25.60072],[148.99002,-25.60539],[148.99197,-25.61014],[148.99552,-25.61466],[148.99519,-25.61742],[148.99306,-25.61867],[148.99132,-25.61836],[148.98548,-25.6122],[148.98698,-25.60319],[148.98629,-25.59794],[148.98791,-25.59007],[148.98611,-25.58834],[148.98404,-25.58837],[149.02453,-25.55974],[148.93835,-25.45918],[148.93775,-25.46274],[148.94017,-25.46328],[148.93923,-25.46425],[148.93495,-25.46565],[148.92798,-25.46378],[148.91915,-25.46814],[148.90726,-25.46789],[148.90523,-25.47196],[148.90063,-25.47298],[148.87699,-25.47036],[148.87292,-25.46166],[148.86377,-25.4652],[148.83363,-25.46043],[148.82466,-25.45415],[148.82155,-25.4547],[148.81507,-25.45246],[148.81243,-25.44636],[148.81379,-25.44384],[148.80911,-25.44067],[148.8044,-25.44084],[148.80077,-25.44294],[148.8006,-25.44594],[148.79796,-25.44543],[148.79108,-25.43913],[148.78368,-25.43591],[148.77929,-25.43607],[148.77585,-25.43491],[148.77475,-25.43169],[148.76548,-25.42425],[148.76363,-25.41945],[148.76168,-25.41735],[148.74405,-25.41324],[148.7371,-25.40976],[148.7258,-25.40084],[148.7252,-25.39567],[148.7272,-25.39318],[148.72482,-25.39034],[148.71896,-25.38874],[148.7189,-25.38695],[148.72664,-25.34262],[148.73316,-25.33781],[148.73349,-25.33371],[148.73889,-25.32766],[148.74737,-25.32426],[148.74705,-25.31874],[148.74867,-25.31687],[148.74776,-25.31491],[148.75148,-25.3145],[148.75256,-25.31295],[148.75916,-25.31082],[148.74527,-25.2798],[148.73725,-25.27845],[148.73518,-25.27968],[148.73721,-25.28491],[148.73448,-25.28676],[148.72793,-25.28746],[148.7244,-25.28593],[148.72124,-25.28626],[148.71587,-25.28125],[148.70822,-25.2781],[148.70229,-25.28391],[148.69796,-25.28546],[148.69388,-25.28487],[148.68818,-25.28145],[148.68339,-25.28098],[148.68341,-25.28707],[148.67994,-25.28873],[148.6773,-25.30067],[148.67339,-25.30534],[148.66986,-25.30556],[148.66871,-25.30946],[148.66665,-25.31043],[148.66103,-25.30669],[148.65273,-25.29624],[148.65001,-25.29444],[148.64534,-25.28589],[148.63924,-25.28198],[148.63743,-25.27939],[148.62567,-25.27995],[148.61303,-25.27653],[148.61066,-25.27469],[148.60168,-25.27491],[148.60034,-25.2722],[148.59688,-25.27005],[148.59566,-25.26489],[148.59156,-25.26136],[148.58089,-25.25513],[148.57549,-25.2547],[148.56884,-25.2496],[148.55288,-25.25361],[148.54802,-25.25184],[148.54338,-25.24688],[148.5345,-25.24437],[148.52498,-25.24454],[148.51626,-25.24314],[148.5106,-25.24607],[148.50308,-25.24474],[148.48799,-25.24642],[148.48136,-25.24301],[148.46966,-25.24475],[148.44934,-25.25646],[148.42981,-25.25129],[148.42577,-25.24867],[148.42231,-25.24904],[148.41962,-25.25125],[148.41666,-25.25876],[148.41382,-25.25991],[148.40783,-25.25831],[148.40746,-25.2542],[148.40499,-25.25284],[148.39951,-25.24388],[148.39286,-25.24287],[148.3892,-25.24456],[148.38598,-25.24409],[148.38358,-25.2452],[148.37855,-25.23982],[148.37851,-25.23559],[148.36867,-25.23135],[148.36046,-25.23478],[148.35743,-25.23132],[148.35166,-25.22946],[148.34965,-25.22331],[148.34746,-25.22038],[148.33674,-25.21806],[148.33486,-25.21544],[148.32985,-25.21399],[148.32597,-25.21019],[148.31215,-25.21273],[148.3053,-25.21195],[148.30617,-25.20355],[148.30014,-25.19364],[148.2954,-25.19012],[148.2962,-25.18847],[148.29258,-25.18163],[148.29397,-25.17775],[148.29163,-25.17487],[148.29428,-25.16572],[148.29563,-25.16448],[148.29084,-25.1611],[148.28167,-25.15865],[148.2815,-25.15707],[148.27584,-25.15305],[148.27462,-25.15053],[148.27655,-25.14874],[148.26814,-25.14521],[148.26854,-25.14374],[148.26072,-25.13564],[148.25526,-25.13358],[148.25154,-25.12757],[148.24151,-25.12033],[148.23999,-25.11742],[148.2358,-25.11428],[148.23529,-25.11234],[148.23622,-25.11039],[148.23412,-25.10058],[148.22853,-25.09864],[148.22483,-25.09472],[148.21291,-25.08644],[148.20957,-25.08014],[148.20544,-25.07924],[148.19827,-25.0818],[148.18737,-25.0812],[148.18072,-25.07944],[148.17477,-25.0843],[148.17057,-25.08516],[148.16528,-25.0838],[148.1605,-25.08402],[148.15244,-25.0676],[148.1521,-25.06471],[148.14958,-25.06134],[148.14476,-25.06127],[148.14334,-25.05986],[148.14168,-25.05523],[148.13394,-25.04314],[148.12736,-25.0448],[148.12283,-25.04347],[148.12131,-25.04139],[148.12088,-25.03503],[148.11526,-25.02993],[148.11754,-25.02392],[148.11698,-25.02215],[148.11351,-25.02081],[148.10892,-25.02155],[148.10586,-25.02024],[148.10461,-25.01729],[148.09403,-25.0136],[148.08933,-25.00905],[148.08701,-25.00248],[148.08341,-25.00077],[148.08385,-24.99651],[148.0791,-24.98798],[148.07885,-24.98511],[148.07771,-24.98403],[148.0783,-24.98208],[148.07584,-24.97876],[148.07592,-24.9726],[148.07959,-24.97012],[148.07964,-24.9689],[148.07785,-24.96738],[148.07428,-24.9572],[148.07844,-24.94836],[148.07618,-24.94521],[148.07579,-24.94157],[148.0637,-24.93288],[148.0623,-24.93002],[148.06289,-24.92479],[148.06006,-24.92209],[148.05714,-24.91605],[148.0573,-24.91419],[148.05492,-24.91257],[148.04416,-24.90979],[148.03636,-24.91222],[148.02982,-24.91095],[148.02668,-24.90773],[148.01929,-24.90465],[148.01489,-24.89889],[148.00111,-24.89733],[147.99773,-24.89982],[147.99427,-24.90065],[147.98637,-24.89102],[147.98513,-24.89086],[147.97978,-24.88362],[147.97939,-24.88108],[147.97618,-24.87862],[147.96537,-24.87975],[147.95693,-24.87885],[147.95072,-24.88072],[147.9501,-24.88039],[147.95049,-24.88091],[147.95453,-24.88626],[147.95426,-24.88888],[147.95227,-24.88898],[147.94821,-24.8952],[147.94623,-24.89542],[147.94006,-24.90002],[147.9355,-24.90184],[147.93148,-24.90703],[147.92835,-24.90928],[147.92234,-24.92052],[147.91658,-24.91935],[147.90883,-24.92092],[147.90732,-24.91973],[147.90417,-24.92058],[147.90419,-24.91822],[147.90224,-24.91786],[147.90056,-24.91941],[147.89794,-24.91811],[147.89517,-24.9184],[147.89126,-24.92228],[147.89123,-24.92595],[147.89267,-24.9272],[147.89254,-24.92919],[147.89484,-24.934],[147.89816,-24.9376],[147.89864,-24.94037],[147.89473,-24.93963],[147.88767,-24.93627],[147.88415,-24.93865],[147.88403,-24.94046],[147.88221,-24.94262],[147.87928,-24.9402],[147.87067,-24.9458],[147.86944,-24.94828],[147.87246,-24.95063],[147.87165,-24.95374],[147.86092,-24.95434],[147.85949,-24.95673],[147.85291,-24.95915],[147.85184,-24.96068],[147.85334,-24.96282],[147.85051,-24.96357],[147.84948,-24.96509],[147.84501,-24.96561],[147.84172,-24.96447],[147.83964,-24.96548],[147.84003,-24.96687],[147.83459,-24.97001],[147.83394,-24.97261],[147.82989,-24.97109],[147.82481,-24.9736],[147.82255,-24.97148],[147.82011,-24.97293],[147.81833,-24.97219],[147.81716,-24.97362],[147.81398,-24.96993],[147.80788,-24.97712],[147.8087,-24.97878],[147.80552,-24.98227],[147.80433,-24.98664],[147.80067,-24.99095],[147.79947,-24.99426],[147.7934,-24.99699],[147.79109,-25.00689],[147.78061,-25.0188],[147.78079,-25.02642],[147.77819,-25.02735],[147.77293,-25.02563],[147.76917,-25.02683],[147.77098,-25.029],[147.76876,-25.03202],[147.76679,-25.03174],[147.76587,-25.03375],[147.76388,-25.03363],[147.76252,-25.03167],[147.75155,-25.03171],[147.75018,-25.03039],[147.74752,-25.03164],[147.74723,-25.03342],[147.73924,-25.03251],[147.73419,-25.0378],[147.73246,-25.03745],[147.72593,-25.03279],[147.7193,-25.0227],[147.70802,-25.01814],[147.69989,-25.01172],[147.68352,-25.00739],[147.65921,-25.00446],[147.64874,-25.07668],[147.67542,-25.08017],[147.6552,-25.23081],[147.55427,-25.21906],[147.54121,-25.31162],[147.35921,-25.29071],[147.36178,-25.30648],[147.36214,-25.32237],[147.38996,-25.34326],[147.3931,-25.35417],[147.38453,-25.37547],[147.37284,-25.37436],[147.35593,-25.50111],[147.30494,-25.4954],[147.28547,-25.64051],[147.17932,-25.62923],[147.16015,-25.78106],[147.25862,-25.79205],[147.25881,-25.79388],[147.25612,-25.79731],[147.25733,-25.80131],[147.26012,-25.80641],[147.26759,-25.81516],[147.27584,-25.83581],[147.2763,-25.85854],[147.27524,-25.8764],[147.27549,-25.87743],[147.27953,-25.87922],[147.27969,-25.88115],[147.27795,-25.88405],[147.28012,-25.88628],[147.28431,-25.8961],[147.28621,-25.90365],[147.2836,-25.90595],[147.28349,-25.90938],[147.28118,-25.91068],[147.28061,-25.91311],[147.28157,-25.91563],[147.28249,-25.91501],[147.28874,-25.91744],[147.29111,-25.91723],[147.30334,-25.92201],[147.31063,-25.92242],[147.31319,-25.92745],[147.32037,-25.92803],[147.32304,-25.92953],[147.32593,-25.92848],[147.32978,-25.92956],[147.33339,-25.93209],[147.33925,-25.93231],[147.35153,-25.92864],[147.35623,-25.93757],[147.35965,-25.93988],[147.3647,-25.93967],[147.37092,-25.94225],[147.39916,-25.97003],[147.40294,-25.9705],[147.40706,-25.97357],[147.41136,-25.97082],[147.42472,-25.97122],[147.42827,-25.97461],[147.43155,-25.97569],[147.44907,-25.9777],[147.4547,-25.98039],[147.45342,-25.99175],[147.4422,-26.0102],[147.44179,-26.01337],[147.44815,-26.01744],[147.44764,-26.0281],[147.4498,-26.04158],[147.45166,-26.04555],[147.44936,-26.04692],[147.44956,-26.05167],[147.4449,-26.05491],[147.4441,-26.05752],[147.44155,-26.0592],[147.44099,-26.06485],[147.44388,-26.06632],[147.44833,-26.07894],[147.45132,-26.08137],[147.44413,-26.13425],[147.43402,-26.1402],[147.41522,-26.13798],[147.40727,-26.14356],[147.40055,-26.13862],[147.38275,-26.13368],[147.3764,-26.13813],[147.37073,-26.13958],[147.36503,-26.14332],[147.35934,-26.15559],[147.36034,-26.16406],[147.35941,-26.17315],[147.36996,-26.18105],[147.37092,-26.18299],[147.36897,-26.18618],[147.36687,-26.19265],[147.3676,-26.19439],[147.35936,-26.21531],[147.35581,-26.23882],[147.37913,-26.24141],[147.3733,-26.28694],[147.34386,-26.28291],[147.32993,-26.37112],[147.32108,-26.43587],[147.31772,-26.4351],[147.31755,-26.43601],[147.30501,-26.52753],[147.23096,-26.51915],[147.21632,-26.52775],[147.20986,-26.5738],[147.24259,-26.57749],[147.24632,-26.5811],[147.24905,-26.59517],[147.24442,-26.60205],[147.23838,-26.64529],[147.23762,-26.69944],[147.22141,-26.743],[147.21979,-26.87457],[147.20579,-26.96745],[147.06436,-26.95637],[147.05759,-27.0006],[147.0492,-27.01122],[147.03842,-27.08384],[147.03142,-27.08291],[147.03017,-27.09227],[147.09665,-27.09977],[147.0871,-27.17112],[147.0816,-27.17055],[147.06411,-27.24478],[147.04724,-27.36556],[147.04375,-27.40638],[147.04977,-27.40713],[147.03994,-27.47533],[147.05268,-27.47613],[147.06144,-27.5445],[147.06451,-27.5572],[147.06327,-27.56611],[147.14291,-27.5749],[147.121,-27.71337],[147.11672,-27.75532],[147.11718,-27.76144],[147.10809,-27.81783],[147.11795,-27.8574],[147.10972,-27.89586],[147.12424,-27.89804],[147.11956,-27.9282],[147.10846,-27.97321],[147.10497,-27.99477],[147.06856,-27.99091],[146.99017,-27.98989],[146.94914,-28.26301],[146.93208,-28.26074],[146.92625,-28.28219],[146.91569,-28.35407],[146.96788,-28.36018],[146.96004,-28.41292],[146.96511,-28.41417],[146.96023,-28.43942],[146.9634,-28.50615],[146.95773,-28.53639],[146.93786,-28.55953],[146.92792,-28.62981],[146.93841,-28.63103],[146.92518,-28.72407],[146.89236,-28.72146],[146.88477,-28.76739],[146.86775,-28.83131],[146.86329,-28.85428],[146.95269,-28.86146],[146.93567,-28.99125],[146.9417,-28.99711],[146.94501,-28.99823],[146.94501,-28.99913]]]},"properties":{"District Name":"Roma","DDMG Name":"Roma"}},{"type":"Feature","geometry":{"type":"MultiPolygon","coordinates":[[[[152.57522,-26.58393],[152.57535,-26.58396],[152.5752,-26.58401],[152.57651,-26.59225],[152.57501,-26.593],[152.57401,-26.59547],[152.58414,-26.59669],[152.58137,-26.60052],[152.58537,-26.61204],[152.58394,-26.61356],[152.58778,-26.61399],[152.5832,-26.64538],[152.57146,-26.65797],[152.57228,-26.65926],[152.5522,-26.68085],[152.55372,-26.68185],[152.55627,-26.68069],[152.5556,-26.68742],[152.55804,-26.68975],[152.55457,-26.6954],[152.55171,-26.69704],[152.55131,-26.70704],[152.55365,-26.70591],[152.55476,-26.70751],[152.55707,-26.70505],[152.55787,-26.7069],[152.56124,-26.70782],[152.56508,-26.70722],[152.57616,-26.71311],[152.57727,-26.71599],[152.57936,-26.7162],[152.58202,-26.72024],[152.58044,-26.72303],[152.58124,-26.72584],[152.58297,-26.72713],[152.58326,-26.73084],[152.58682,-26.73346],[152.58229,-26.73581],[152.58331,-26.74043],[152.59082,-26.74721],[152.5979,-26.74918],[152.6001,-26.7518],[152.60246,-26.75788],[152.60887,-26.75805],[152.60957,-26.75941],[152.61096,-26.75858],[152.61724,-26.75948],[152.62135,-26.7629],[152.62688,-26.76237],[152.63249,-26.76439],[152.63535,-26.7622],[152.63908,-26.76178],[152.6423,-26.76451],[152.64122,-26.76751],[152.64351,-26.77041],[152.64433,-26.77375],[152.65109,-26.7714],[152.65426,-26.7682],[152.66146,-26.76914],[152.66731,-26.773],[152.66846,-26.78204],[152.66772,-26.78471],[152.6689,-26.78975],[152.6716,-26.79121],[152.67232,-26.79397],[152.67402,-26.79489],[152.67662,-26.79587],[152.67895,-26.79675],[152.67962,-26.79995],[152.69879,-26.80298],[152.69812,-26.80555],[152.69552,-26.80792],[152.69645,-26.80913],[152.70944,-26.81111],[152.72099,-26.80856],[152.72223,-26.80682],[152.72663,-26.81147],[152.72638,-26.81419],[152.72747,-26.81605],[152.72907,-26.81663],[152.73296,-26.81496],[152.73516,-26.81125],[152.73362,-26.8073],[152.73917,-26.80803],[152.73988,-26.8098],[152.74212,-26.81016],[152.74678,-26.81512],[152.74761,-26.81548],[152.74948,-26.8163],[152.75307,-26.79735],[152.75918,-26.80305],[152.7611,-26.79236],[152.76692,-26.79332],[152.77103,-26.79595],[152.77646,-26.79554],[152.77949,-26.79713],[152.77713,-26.80956],[152.78081,-26.81004],[152.78437,-26.81246],[152.78937,-26.80963],[152.78861,-26.81297],[152.79003,-26.81323],[152.7885,-26.81806],[152.78647,-26.82036],[152.78673,-26.82226],[152.79127,-26.82516],[152.79209,-26.82709],[152.80101,-26.82632],[152.8049,-26.82417],[152.80702,-26.82516],[152.80669,-26.82696],[152.80795,-26.82782],[152.81247,-26.82815],[152.81264,-26.83103],[152.81809,-26.83634],[152.81814,-26.84021],[152.81988,-26.84376],[152.82447,-26.84938],[152.82904,-26.85022],[152.83185,-26.85328],[152.83206,-26.85643],[152.83858,-26.85503],[152.84394,-26.85759],[152.84804,-26.85816],[152.84856,-26.85513],[152.85404,-26.85587],[152.85319,-26.85622],[152.8517,-26.8652],[152.85833,-26.86608],[152.85747,-26.87123],[152.86948,-26.87288],[152.86678,-26.88892],[152.85549,-26.88738],[152.85427,-26.89457],[152.85652,-26.89488],[152.85533,-26.9019],[152.86118,-26.90275],[152.85946,-26.9113],[152.87545,-26.91352],[152.87264,-26.93033],[152.86828,-26.93362],[152.86791,-26.93578],[152.86364,-26.93489],[152.86073,-26.936],[152.85806,-26.95621],[152.874,-26.95832],[152.88551,-26.95595],[152.89116,-26.96075],[152.89843,-26.95803],[152.90372,-26.9539],[152.91726,-26.95471],[152.91973,-26.95551],[152.9215,-26.96064],[152.92351,-26.96009],[152.92724,-26.96218],[152.93504,-26.96312],[152.93737,-26.96437],[152.9386,-26.96385],[152.94589,-26.96657],[152.95195,-26.96617],[152.95318,-26.96837],[152.96253,-26.97296],[152.96663,-26.97881],[152.97501,-26.97438],[152.97813,-26.98026],[152.97409,-26.98236],[152.97559,-26.98468],[152.98042,-26.98188],[152.98513,-26.98473],[152.98842,-26.98313],[152.99166,-26.98453],[153.00296,-26.98479],[153.01159,-26.97899],[153.01685,-26.97907],[153.01794,-26.97838],[153.01739,-26.97715],[153.01907,-26.97626],[153.0178,-26.97505],[153.01752,-26.97247],[153.01845,-26.96636],[153.04276,-26.96946],[153.04962,-26.97505],[153.05274,-26.97515],[153.05523,-26.98059],[153.06009,-26.97997],[153.06634,-26.98371],[153.07784,-26.97583],[153.07986,-26.96968],[153.07931,-26.96036],[153.08332,-26.95841],[153.08675,-26.95467],[153.08703,-26.95188],[153.14695,-26.93733],[153.13176,-26.88079],[153.12863,-26.84536],[153.12928,-26.83708],[153.13358,-26.81474],[153.13181,-26.80961],[153.13292,-26.80779],[153.13465,-26.81027],[153.14274,-26.80273],[153.14324,-26.80347],[153.1452,-26.80237],[153.14999,-26.8028],[153.15079,-26.80175],[153.14846,-26.79715],[153.14851,-26.79133],[153.1408,-26.78839],[153.14132,-26.78561],[153.13854,-26.78219],[153.13836,-26.77849],[153.13657,-26.77394],[153.13606,-26.76398],[153.13732,-26.75922],[153.13445,-26.72999],[153.13665,-26.6876],[153.13745,-26.68211],[153.13898,-26.67958],[153.13558,-26.67958],[153.13461,-26.68047],[153.13234,-26.67845],[153.13195,-26.68014],[153.13385,-26.68168],[153.13033,-26.68372],[153.12332,-26.68199],[153.11275,-26.67258],[153.10901,-26.67071],[153.10534,-26.66192],[153.10361,-26.64764],[153.10145,-26.64046],[153.10204,-26.61642],[153.09872,-26.60566],[153.09757,-26.59612],[153.09851,-26.56949],[153.10059,-26.55409],[153.10263,-26.54674],[153.09652,-26.53959],[153.09606,-26.53584],[153.09275,-26.53205],[153.09322,-26.51926],[153.0919,-26.51782],[153.09356,-26.51752],[153.09422,-26.50685],[153.10253,-26.45051],[153.11405,-26.39962],[153.11532,-26.39588],[153.11727,-26.39604],[153.11704,-26.39245],[153.11906,-26.39278],[153.11862,-26.39189],[153.11994,-26.39075],[153.11548,-26.38934],[153.11561,-26.38274],[153.11659,-26.38027],[153.11913,-26.38018],[153.11975,-26.3792],[153.11603,-26.37643],[153.11201,-26.37928],[153.10773,-26.37715],[153.10575,-26.37965],[153.101,-26.37946],[153.09288,-26.3865],[153.08863,-26.38532],[153.08683,-26.38363],[153.08515,-26.38413],[153.08042,-26.38126],[153.07371,-26.37196],[153.06812,-26.36085],[153.06368,-26.3464],[153.06169,-26.331],[153.06228,-26.30043],[153.06729,-26.26892],[153.07919,-26.21555],[153.09653,-26.15477],[152.97383,-26.13712],[152.97253,-26.1452],[152.97466,-26.14717],[152.97187,-26.16483],[152.96951,-26.16452],[152.966,-26.17453],[152.96512,-26.18026],[152.9608,-26.18177],[152.96072,-26.18554],[152.95733,-26.18998],[152.94777,-26.19091],[152.9453,-26.19208],[152.94406,-26.19681],[152.93988,-26.19841],[152.93385,-26.19666],[152.9226,-26.19875],[152.92289,-26.20957],[152.90431,-26.20713],[152.90363,-26.21134],[152.89766,-26.21055],[152.89626,-26.21919],[152.89125,-26.21848],[152.89256,-26.21657],[152.8848,-26.20721],[152.87643,-26.20125],[152.86982,-26.19929],[152.86991,-26.20079],[152.85302,-26.19845],[152.85004,-26.2184],[152.83091,-26.21612],[152.83025,-26.22052],[152.82523,-26.2236],[152.82767,-26.23892],[152.82271,-26.23983],[152.82535,-26.24824],[152.80804,-26.29937],[152.80644,-26.30857],[152.80316,-26.3146],[152.80259,-26.31786],[152.79952,-26.31833],[152.79837,-26.32495],[152.79717,-26.32489],[152.79261,-26.35139],[152.78098,-26.34946],[152.77207,-26.34574],[152.77199,-26.34404],[152.77088,-26.34386],[152.76753,-26.36268],[152.76521,-26.3623],[152.76299,-26.375],[152.7653,-26.37238],[152.76829,-26.37276],[152.76881,-26.37147],[152.76735,-26.37121],[152.76879,-26.37111],[152.77071,-26.37262],[152.76842,-26.38552],[152.77041,-26.3858],[152.76899,-26.39392],[152.77911,-26.39533],[152.77789,-26.40246],[152.77868,-26.40356],[152.78153,-26.40452],[152.78564,-26.40324],[152.78933,-26.40354],[152.79344,-26.4069],[152.79266,-26.40862],[152.79692,-26.41577],[152.79639,-26.41913],[152.79322,-26.41726],[152.79115,-26.43181],[152.79606,-26.43222],[152.78861,-26.47305],[152.76801,-26.47027],[152.76721,-26.4684],[152.76857,-26.46462],[152.76547,-26.46361],[152.76442,-26.46936],[152.75762,-26.46844],[152.75823,-26.47121],[152.75649,-26.47426],[152.75858,-26.4756],[152.76064,-26.47447],[152.76475,-26.47519],[152.76667,-26.47776],[152.76512,-26.47953],[152.76555,-26.48251],[152.76185,-26.48334],[152.76144,-26.48689],[152.75783,-26.48766],[152.75263,-26.49114],[152.74962,-26.49749],[152.74493,-26.49894],[152.7452,-26.50154],[152.74392,-26.50275],[152.74518,-26.50432],[152.74341,-26.50645],[152.74345,-26.50812],[152.76208,-26.51065],[152.75981,-26.52501],[152.76334,-26.52557],[152.76583,-26.52689],[152.76739,-26.52731],[152.7677,-26.52788],[152.7687,-26.52971],[152.76952,-26.53122],[152.76942,-26.53218],[152.76934,-26.5329],[152.76919,-26.53426],[152.76824,-26.53539],[152.76627,-26.53771],[152.76396,-26.54044],[152.76199,-26.53643],[152.75835,-26.53663],[152.7551,-26.54215],[152.7581,-26.54189],[152.7587,-26.54289],[152.75569,-26.54642],[152.75599,-26.5488],[152.75455,-26.54971],[152.75415,-26.54968],[152.75275,-26.54959],[152.75205,-26.54954],[152.75187,-26.54935],[152.74982,-26.54725],[152.74647,-26.54986],[152.74513,-26.54963],[152.73764,-26.54025],[152.73339,-26.543],[152.72845,-26.53698],[152.71467,-26.54635],[152.71225,-26.54623],[152.71156,-26.55265],[152.71047,-26.55251],[152.70955,-26.55417],[152.71056,-26.55658],[152.70844,-26.5599],[152.70659,-26.55984],[152.70075,-26.56521],[152.69493,-26.56788],[152.69562,-26.57041],[152.69472,-26.57178],[152.69496,-26.57557],[152.68602,-26.57702],[152.68365,-26.57879],[152.68261,-26.58206],[152.68127,-26.58251],[152.68289,-26.58929],[152.68142,-26.59089],[152.68049,-26.59771],[152.66996,-26.59612],[152.66026,-26.59711],[152.65358,-26.59283],[152.65264,-26.59025],[152.64825,-26.58776],[152.63843,-26.58565],[152.63799,-26.58456],[152.63576,-26.58513],[152.62945,-26.58378],[152.62563,-26.58198],[152.61866,-26.58431],[152.61318,-26.58286],[152.60632,-26.5843],[152.60587,-26.5797],[152.60271,-26.57794],[152.59441,-26.58473],[152.58901,-26.58244],[152.58794,-26.57975],[152.57928,-26.58088],[152.57718,-26.58335],[152.57651,-26.58415],[152.5755,-26.58391],[152.57522,-26.58393]]],[[[152.84695,-26.88747],[152.84621,-26.89184],[152.85312,-26.89264],[152.85131,-26.88934],[152.85332,-26.88622],[152.8517,-26.88559],[152.84997,-26.88725],[152.84695,-26.88747]]],[[[153.11279,-26.61406],[153.11508,-26.61567],[153.11635,-26.61495],[153.1139,-26.61363],[153.11279,-26.61406]]]]},"properties":{"District Name":"Sunshine Coast","DDMG Name":"Sunshine Coast"}},{"type":"Feature","geometry":{"type":"Polygon","coordinates":[[[150.70267,-27.93452],[150.70269,-27.93452],[150.7085,-27.93403],[150.70905,-27.93837],[150.72373,-27.94041],[150.73504,-27.94848],[150.73564,-27.97101],[150.74201,-27.97556],[150.75093,-27.96979],[150.75918,-27.97683],[150.76059,-27.98325],[150.76726,-27.98417],[150.79509,-27.99254],[150.79649,-28.00425],[150.80516,-28.01486],[150.83212,-28.03055],[150.82668,-28.03911],[150.82556,-28.05418],[150.83642,-28.06514],[150.85191,-28.05978],[150.85623,-28.06962],[151.0557,-28.09397],[151.05711,-28.10053],[151.05528,-28.10821],[151.05361,-28.10999],[151.05247,-28.11547],[151.05001,-28.11663],[151.0492,-28.124],[151.04461,-28.1313],[151.03989,-28.13466],[151.03757,-28.14123],[151.04268,-28.15849],[151.04117,-28.16131],[151.04669,-28.16713],[151.05436,-28.16232],[151.05821,-28.16286],[151.05973,-28.16188],[151.06205,-28.1634],[151.0918,-28.16755],[151.09072,-28.17443],[151.12552,-28.17648],[151.13377,-28.17197],[151.14022,-28.17273],[151.14346,-28.16941],[151.17326,-28.16703],[151.17056,-28.18196],[151.18521,-28.18378],[151.18497,-28.18161],[151.19045,-28.17996],[151.1943,-28.17558],[151.19686,-28.1763],[151.19714,-28.17914],[151.19915,-28.1778],[151.20286,-28.17837],[151.20697,-28.17741],[151.20588,-28.18353],[151.27323,-28.19238],[151.28058,-28.18431],[151.28793,-28.18111],[151.29753,-28.18301],[151.30023,-28.18058],[151.30237,-28.1802],[151.30651,-28.17594],[151.30681,-28.17393],[151.30945,-28.17231],[151.31178,-28.17329],[151.3201,-28.17261],[151.32138,-28.17378],[151.32052,-28.17535],[151.32111,-28.17769],[151.32423,-28.17761],[151.32813,-28.17946],[151.33023,-28.17839],[151.33367,-28.17938],[151.33622,-28.17805],[151.33771,-28.17879],[151.34009,-28.17807],[151.34237,-28.17675],[151.34502,-28.17133],[151.34698,-28.16985],[151.35109,-28.16932],[151.35287,-28.1676],[151.36062,-28.16539],[151.3647,-28.16061],[151.36597,-28.15631],[151.37371,-28.1557],[151.37643,-28.15414],[151.3813,-28.1575],[151.39178,-28.16021],[151.39697,-28.16737],[151.40207,-28.16288],[151.40999,-28.16313],[151.41456,-28.15899],[151.41866,-28.15833],[151.42339,-28.15579],[151.43727,-28.1541],[151.44113,-28.15168],[151.43933,-28.13593],[151.44465,-28.12225],[151.44374,-28.12119],[151.44673,-28.11648],[151.44291,-28.1114],[151.44568,-28.10495],[151.45252,-28.10446],[151.46002,-28.10703],[151.46382,-28.09361],[151.46608,-28.09138],[151.4733,-28.08769],[151.49561,-28.08991],[151.50683,-28.01582],[151.53633,-28.0194],[151.54353,-27.97408],[151.61559,-27.98349],[151.66301,-27.98785],[151.69337,-27.99193],[151.69415,-27.99109],[151.72177,-27.99419],[151.7221,-27.99187],[151.72737,-27.99441],[151.74833,-27.9988],[151.75205,-28.00159],[151.75311,-28.00412],[151.75739,-28.00559],[151.76029,-28.00356],[151.76478,-28.00285],[151.76495,-28.008],[151.76621,-28.00885],[151.76575,-28.00757],[151.76692,-28.00756],[151.76796,-28.0085],[151.76642,-28.01056],[151.76894,-28.01174],[151.77001,-28.01121],[151.77022,-28.01361],[151.77297,-28.016],[151.77741,-28.02301],[151.79028,-28.01459],[151.78503,-28.01],[151.7923,-28.00034],[151.79697,-27.99995],[151.79803,-28.00236],[151.80054,-28.00217],[151.80608,-28.00584],[151.80768,-27.99699],[151.91693,-28.01213],[151.91716,-28.00851],[151.90719,-27.99167],[151.90908,-27.98509],[151.91887,-27.98989],[151.92178,-27.97335],[151.97344,-27.98043],[151.97596,-27.96786],[151.99857,-27.97098],[151.99478,-27.95921],[152.02397,-27.96313],[152.02546,-27.95452],[152.07444,-27.96129],[152.08225,-27.95889],[152.09045,-27.95404],[152.09799,-27.94709],[152.09804,-27.94456],[152.10677,-27.93968],[152.13921,-27.94412],[152.1402,-27.94621],[152.14311,-27.94785],[152.14339,-27.95156],[152.14016,-27.95378],[152.13978,-27.95831],[152.14635,-27.96299],[152.1478,-27.96669],[152.15446,-27.96638],[152.15892,-27.96775],[152.16478,-27.96788],[152.16853,-27.96596],[152.18966,-27.96481],[152.19449,-27.96151],[152.19982,-27.96434],[152.20787,-27.96467],[152.20968,-27.95409],[152.22173,-27.95746],[152.22504,-27.95648],[152.23143,-27.95754],[152.23599,-27.95966],[152.24154,-27.96064],[152.25249,-27.96688],[152.25854,-27.97238],[152.26908,-27.97013],[152.27015,-27.96845],[152.27718,-27.96973],[152.28075,-27.96636],[152.28444,-27.96598],[152.28634,-27.96303],[152.29382,-27.96121],[152.29303,-27.95667],[152.29379,-27.95617],[152.29654,-27.95625],[152.29791,-27.95629],[152.29887,-27.95632],[152.30826,-27.96279],[152.31626,-27.96567],[152.32186,-27.96467],[152.32743,-27.96648],[152.33428,-27.96475],[152.34306,-27.96086],[152.34744,-27.96523],[152.34959,-27.96404],[152.35252,-27.96449],[152.35707,-27.96217],[152.36345,-27.96226],[152.37125,-27.96424],[152.37384,-27.96373],[152.37971,-27.96603],[152.38228,-27.96563],[152.38906,-27.97412],[152.39469,-27.97752],[152.40068,-27.97267],[152.40145,-27.97205],[152.40174,-27.97182],[152.40132,-27.96774],[152.40286,-27.96206],[152.40216,-27.95914],[152.40505,-27.95368],[152.40824,-27.95219],[152.41129,-27.94784],[152.41587,-27.94463],[152.41486,-27.94045],[152.41318,-27.93893],[152.41273,-27.93541],[152.41049,-27.93424],[152.41245,-27.93076],[152.4111,-27.9303],[152.4106,-27.92676],[152.40852,-27.92321],[152.4091,-27.91953],[152.40562,-27.9191],[152.40477,-27.91425],[152.40406,-27.90575],[152.40485,-27.90432],[152.41116,-27.90128],[152.41167,-27.89804],[152.41011,-27.89588],[152.41132,-27.89156],[152.41022,-27.88705],[152.41157,-27.88335],[152.40665,-27.87775],[152.40592,-27.87597],[152.40529,-27.87123],[152.40175,-27.86655],[152.40227,-27.86369],[152.40262,-27.86077],[152.40093,-27.85668],[152.40144,-27.85318],[152.4012,-27.85244],[152.39949,-27.84727],[152.39998,-27.8446],[152.39905,-27.84447],[152.39843,-27.84006],[152.39484,-27.83428],[152.39487,-27.83089],[152.39932,-27.82736],[152.40072,-27.82475],[152.39949,-27.82008],[152.39866,-27.81862],[152.39195,-27.81769],[152.39335,-27.80974],[152.38491,-27.80849],[152.38508,-27.80754],[152.38272,-27.80721],[152.38333,-27.80365],[152.38566,-27.80399],[152.38583,-27.80306],[152.40705,-27.80551],[152.40876,-27.79612],[152.40259,-27.79528],[152.40366,-27.7896],[152.3954,-27.78192],[152.38923,-27.76976],[152.39187,-27.75684],[152.39564,-27.76135],[152.40201,-27.76288],[152.41013,-27.7208],[152.40677,-27.72031],[152.40906,-27.70776],[152.41225,-27.70821],[152.4135,-27.70094],[152.39065,-27.69777],[152.39159,-27.69088],[152.3954,-27.6869],[152.40301,-27.68504],[152.41117,-27.68141],[152.41207,-27.67714],[152.4135,-27.67609],[152.41261,-27.67508],[152.41296,-27.67293],[152.4147,-27.67316],[152.41576,-27.66714],[152.41913,-27.66853],[152.42264,-27.66367],[152.41253,-27.66139],[152.41323,-27.65731],[152.41838,-27.65792],[152.42029,-27.65536],[152.42079,-27.65222],[152.4226,-27.65444],[152.43079,-27.65684],[152.43312,-27.65564],[152.43034,-27.65304],[152.43061,-27.65185],[152.43464,-27.65061],[152.43698,-27.6519],[152.43976,-27.65003],[152.44157,-27.65367],[152.44524,-27.65428],[152.44807,-27.65609],[152.44936,-27.65544],[152.44965,-27.65357],[152.45127,-27.65345],[152.45413,-27.65731],[152.45468,-27.66093],[152.45787,-27.66281],[152.45925,-27.65383],[152.46274,-27.6543],[152.46365,-27.65001],[152.46533,-27.64848],[152.46365,-27.64342],[152.4699,-27.63816],[152.47,-27.63476],[152.47266,-27.62729],[152.47908,-27.61959],[152.48185,-27.61246],[152.48487,-27.61052],[152.4872,-27.60735],[152.48758,-27.60641],[152.48625,-27.60568],[152.48852,-27.60453],[152.48788,-27.60344],[152.50444,-27.59592],[152.49701,-27.58295],[152.50309,-27.58025],[152.50779,-27.58111],[152.50933,-27.57254],[152.51247,-27.5744],[152.51494,-27.55966],[152.51737,-27.55998],[152.51866,-27.55202],[152.50063,-27.55067],[152.49225,-27.55197],[152.49931,-27.51167],[152.474,-27.50788],[152.47765,-27.49627],[152.47213,-27.48678],[152.47877,-27.4837],[152.47911,-27.48185],[152.47732,-27.47883],[152.47304,-27.47391],[152.46593,-27.46863],[152.46365,-27.46783],[152.4612,-27.46883],[152.4576,-27.46447],[152.45181,-27.46376],[152.45123,-27.46752],[152.44455,-27.46357],[152.44538,-27.45906],[152.43587,-27.45787],[152.4369,-27.45101],[152.435,-27.44536],[152.43564,-27.44008],[152.40912,-27.43662],[152.41338,-27.43481],[152.41414,-27.43023],[152.39953,-27.42843],[152.40161,-27.41502],[152.39071,-27.4122],[152.3794,-27.40443],[152.37337,-27.40199],[152.36786,-27.40128],[152.36465,-27.40216],[152.34384,-27.39934],[152.3427,-27.40206],[152.31546,-27.39866],[152.31035,-27.42932],[152.30403,-27.42563],[152.29426,-27.42734],[152.29131,-27.4002],[152.28309,-27.40151],[152.28183,-27.40451],[152.27911,-27.40715],[152.27876,-27.40944],[152.27722,-27.40926],[152.26705,-27.41549],[152.26287,-27.41614],[152.25913,-27.41247],[152.2599,-27.41077],[152.25818,-27.40904],[152.26097,-27.39261],[152.22759,-27.38814],[152.22731,-27.38977],[152.22645,-27.38865],[152.22111,-27.39045],[152.21791,-27.39005],[152.21592,-27.38835],[152.21477,-27.39066],[152.21246,-27.39068],[152.20874,-27.39011],[152.2018,-27.38647],[152.19282,-27.38523],[152.19172,-27.38685],[152.19101,-27.38162],[152.19309,-27.38165],[152.19321,-27.38009],[152.19824,-27.37794],[152.20149,-27.35969],[152.19143,-27.36612],[152.19228,-27.36062],[152.19353,-27.35906],[152.19253,-27.35893],[152.19597,-27.34083],[152.19928,-27.34124],[152.20016,-27.33285],[152.19947,-27.33275],[152.20147,-27.32201],[152.19011,-27.3203],[152.1932,-27.31486],[152.19194,-27.31127],[152.19607,-27.30755],[152.19814,-27.30866],[152.19983,-27.30728],[152.20069,-27.301],[152.20222,-27.30088],[152.2037,-27.29858],[152.20227,-27.29719],[152.2028,-27.29541],[152.20443,-27.29412],[152.20368,-27.29331],[152.20619,-27.29205],[152.20133,-27.29068],[152.20157,-27.28934],[152.19912,-27.28801],[152.19965,-27.28489],[152.19637,-27.28289],[152.1963,-27.27893],[152.19442,-27.27512],[152.19644,-27.27216],[152.18408,-27.27047],[152.18274,-27.2712],[152.18278,-27.27358],[152.18055,-27.27554],[152.18076,-27.27696],[152.17715,-27.27884],[152.17321,-27.28473],[152.17041,-27.28669],[152.16613,-27.28701],[152.16393,-27.28917],[152.16225,-27.28819],[152.16142,-27.28592],[152.16235,-27.28229],[152.1601,-27.27986],[152.15908,-27.27679],[152.15711,-27.27674],[152.15417,-27.27482],[152.15195,-27.26936],[152.15485,-27.26701],[152.15826,-27.25928],[152.16249,-27.25658],[152.1708,-27.25867],[152.17463,-27.26295],[152.17698,-27.26377],[152.17871,-27.26055],[152.17623,-27.25664],[152.17163,-27.25549],[152.17239,-27.2538],[152.18093,-27.25196],[152.18873,-27.25485],[152.19094,-27.24199],[152.20105,-27.24332],[152.20145,-27.24011],[152.20405,-27.23935],[152.20869,-27.23559],[152.21853,-27.23272],[152.22214,-27.22895],[152.22559,-27.22886],[152.22981,-27.22415],[152.23307,-27.22235],[152.23623,-27.20351],[152.22046,-27.20131],[152.21508,-27.20895],[152.18002,-27.20505],[152.1774,-27.20811],[152.17351,-27.20839],[152.17471,-27.21016],[152.17324,-27.21131],[152.16683,-27.21009],[152.16594,-27.20697],[152.159,-27.206],[152.16165,-27.18885],[152.16962,-27.18708],[152.17339,-27.18188],[152.18027,-27.18028],[152.18134,-27.17844],[152.18551,-27.17616],[152.18628,-27.17205],[152.18851,-27.16903],[152.13411,-27.14156],[152.14084,-27.13321],[152.14118,-27.13172],[152.14033,-27.1316],[152.14168,-27.13006],[152.14189,-27.12655],[152.14354,-27.12675],[152.14392,-27.12373],[152.14848,-27.1219],[152.14807,-27.11941],[152.15111,-27.11831],[152.15388,-27.11884],[152.15196,-27.11722],[152.15358,-27.11619],[152.15362,-27.11311],[152.15614,-27.11356],[152.15789,-27.11178],[152.15743,-27.10926],[152.16365,-27.10718],[152.16798,-27.10299],[152.16996,-27.10257],[152.16998,-27.10019],[152.17278,-27.09935],[152.17485,-27.09735],[152.17709,-27.09733],[152.17731,-27.09597],[152.17523,-27.09516],[152.17504,-27.09395],[152.17762,-27.09297],[152.17716,-27.09027],[152.17895,-27.09096],[152.18231,-27.09007],[152.17983,-27.08642],[152.18125,-27.08612],[152.18525,-27.0614],[152.19132,-27.07234],[152.21459,-27.07512],[152.21608,-27.07773],[152.21818,-27.07791],[152.21868,-27.07795],[152.21905,-27.07572],[152.21453,-27.07219],[152.2145,-27.06949],[152.21594,-27.06827],[152.21876,-27.06865],[152.22249,-27.06619],[152.21951,-27.06288],[152.21953,-27.06152],[152.22077,-27.06165],[152.22189,-27.06361],[152.2243,-27.06385],[152.22697,-27.06276],[152.22739,-27.06099],[152.19493,-27.05657],[152.19915,-27.02781],[152.19234,-27.02709],[152.19296,-27.02298],[152.21893,-27.0263],[152.22012,-27.02561],[152.22105,-27.02237],[152.21769,-27.0184],[152.21463,-27.01886],[152.20535,-27.01447],[152.19864,-27.0136],[152.19813,-27.00822],[152.18651,-27.00666],[152.18863,-26.99398],[152.17483,-26.99216],[152.17295,-26.98869],[152.17994,-26.98674],[152.18295,-26.98462],[152.18494,-26.98531],[152.18367,-26.98314],[152.1794,-26.98435],[152.17471,-26.98229],[152.17729,-26.98037],[152.18195,-26.98078],[152.18349,-26.97887],[152.18358,-26.97876],[152.18322,-26.97831],[152.18268,-26.97763],[152.18255,-26.97747],[152.1803,-26.97646],[152.17898,-26.97587],[152.17885,-26.97581],[152.17513,-26.97624],[152.17218,-26.9788],[152.16908,-26.97944],[152.16851,-26.97776],[152.16975,-26.97287],[152.16796,-26.96873],[152.16628,-26.96868],[152.16476,-26.97267],[152.15601,-26.96901],[152.15145,-26.97109],[152.1496,-26.97038],[152.15078,-26.96748],[152.15033,-26.96585],[152.13514,-26.96358],[152.13127,-26.96151],[152.12977,-26.95524],[152.12773,-26.95427],[152.12668,-26.95452],[152.12581,-26.95432],[152.12799,-26.95052],[152.12806,-26.94433],[152.13516,-26.93522],[152.13866,-26.93274],[152.13931,-26.93064],[152.14231,-26.93012],[152.14538,-26.92631],[152.14323,-26.92582],[152.14389,-26.92116],[152.14333,-26.91907],[152.14377,-26.91079],[152.14702,-26.90861],[152.14675,-26.90681],[152.14982,-26.90444],[152.1471,-26.89888],[152.14309,-26.90045],[152.14123,-26.89764],[152.13796,-26.90007],[152.13795,-26.89967],[152.13784,-26.90003],[152.13585,-26.90612],[152.12489,-26.90025],[152.1213,-26.89999],[152.11992,-26.90189],[152.11451,-26.90353],[152.10801,-26.90315],[152.10234,-26.91107],[152.09253,-26.91386],[152.09169,-26.91619],[152.08807,-26.91709],[152.08858,-26.91893],[152.08093,-26.92199],[152.07968,-26.92081],[152.07773,-26.92388],[152.07111,-26.92712],[152.06444,-26.92667],[152.05778,-26.92027],[152.05108,-26.91898],[152.05103,-26.91897],[152.05303,-26.9107],[152.05733,-26.90977],[152.05888,-26.9049],[152.06254,-26.90378],[152.06384,-26.90059],[152.06774,-26.89835],[152.06693,-26.88869],[152.06798,-26.88388],[152.06715,-26.88137],[152.06511,-26.88081],[152.06291,-26.87665],[152.06651,-26.87407],[152.06858,-26.87102],[152.06855,-26.86877],[152.07614,-26.86084],[152.05569,-26.85844],[152.05399,-26.85747],[152.05272,-26.85477],[152.0497,-26.8544],[152.04669,-26.85628],[152.04182,-26.85493],[152.03798,-26.85754],[152.03481,-26.85553],[152.03351,-26.85023],[152.03545,-26.84865],[152.04066,-26.84917],[152.04221,-26.84379],[152.04889,-26.84516],[152.05305,-26.84153],[152.05373,-26.8412],[152.05465,-26.84074],[152.05881,-26.83868],[152.06169,-26.83532],[152.06231,-26.83435],[152.06208,-26.83334],[152.06011,-26.82914],[152.05956,-26.82798],[152.05942,-26.82767],[152.06247,-26.82426],[152.06376,-26.82031],[152.0685,-26.81946],[152.07047,-26.8219],[152.07254,-26.81872],[152.07343,-26.81465],[152.07216,-26.81107],[152.07032,-26.80919],[152.06688,-26.80915],[152.06616,-26.80831],[152.06529,-26.80729],[152.06421,-26.80604],[152.06409,-26.80546],[152.0637,-26.8037],[152.06349,-26.8027],[152.05965,-26.79912],[152.06393,-26.79727],[152.06326,-26.79265],[152.06547,-26.78779],[152.06388,-26.77852],[152.05168,-26.77711],[152.05311,-26.7669],[152.04773,-26.76972],[152.04654,-26.77396],[152.03934,-26.77402],[152.03515,-26.77824],[152.03302,-26.77756],[152.03218,-26.78273],[152.02017,-26.78114],[152.02055,-26.77898],[152.01858,-26.77817],[152.01578,-26.77919],[152.0077,-26.76941],[151.99779,-26.77592],[151.9966,-26.78307],[151.98865,-26.78356],[151.98661,-26.78233],[151.97929,-26.78655],[151.97745,-26.79814],[151.97459,-26.79774],[151.97345,-26.80591],[151.93311,-26.80139],[151.92576,-26.81049],[151.92563,-26.81539],[151.92199,-26.8218],[151.91894,-26.82298],[151.91588,-26.82736],[151.90586,-26.83156],[151.90651,-26.83191],[151.90193,-26.83712],[151.90211,-26.8416],[151.89809,-26.84623],[151.89861,-26.84915],[151.89695,-26.85112],[151.89864,-26.8553],[151.89677,-26.86622],[151.89271,-26.86802],[151.88765,-26.87335],[151.88611,-26.8777],[151.88649,-26.87937],[151.84318,-26.89767],[151.84259,-26.90309],[151.84258,-26.9032],[151.838,-26.90684],[151.83377,-26.91292],[151.83371,-26.91301],[151.82455,-26.91995],[151.81911,-26.9282],[151.81896,-26.92843],[151.81184,-26.93203],[151.80864,-26.93092],[151.80184,-26.9352],[151.79288,-26.93062],[151.78578,-26.93796],[151.78151,-26.94029],[151.7587,-26.94737],[151.75264,-26.94779],[151.74561,-26.94553],[151.73784,-26.94701],[151.73235,-26.94428],[151.72509,-26.94793],[151.724,-26.94779],[151.72242,-26.9476],[151.72203,-26.94755],[151.71363,-26.94437],[151.70497,-26.93847],[151.70006,-26.9386],[151.69483,-26.93238],[151.69189,-26.93172],[151.6895,-26.92662],[151.68164,-26.92183],[151.67818,-26.92214],[151.67413,-26.92009],[151.67321,-26.91817],[151.66999,-26.91675],[151.66621,-26.91057],[151.66424,-26.91019],[151.65962,-26.91397],[151.65278,-26.91498],[151.65197,-26.9151],[151.64981,-26.91385],[151.64783,-26.9131],[151.64667,-26.9196],[151.65474,-26.92556],[151.65468,-26.92728],[151.65753,-26.93037],[151.66056,-26.93042],[151.66412,-26.93615],[151.66932,-26.93835],[151.6706,-26.95418],[151.6745,-26.95837],[151.66217,-26.97945],[151.66142,-26.98423],[151.66441,-26.99002],[151.6569,-26.9932],[151.63841,-26.9967],[151.63683,-27.00368],[151.62755,-27.0025],[151.62307,-27.03012],[151.60816,-27.02815],[151.6032,-27.03072],[151.60092,-27.0305],[151.59676,-27.058],[151.5813,-27.05589],[151.57618,-27.08776],[151.57847,-27.08809],[151.57639,-27.09983],[151.56942,-27.09896],[151.56769,-27.11021],[151.57095,-27.11066],[151.56961,-27.11829],[151.54623,-27.11529],[151.53967,-27.12173],[151.52654,-27.11949],[151.52559,-27.12554],[151.4969,-27.12193],[151.49621,-27.12632],[151.48135,-27.12436],[151.48316,-27.11331],[151.46495,-27.1109],[151.4642,-27.12072],[151.46617,-27.1221],[151.4705,-27.13903],[151.46844,-27.13876],[151.4671,-27.14701],[151.45815,-27.14584],[151.45276,-27.17871],[151.45048,-27.17922],[151.45422,-27.18043],[151.45027,-27.20133],[151.46026,-27.20273],[151.45356,-27.24189],[151.45652,-27.24227],[151.45056,-27.27884],[151.3377,-27.20779],[151.32326,-27.29727],[151.32081,-27.31165],[151.32011,-27.31155],[151.31773,-27.33157],[151.31273,-27.33094],[151.30839,-27.4136],[151.30807,-27.41356],[151.1928,-27.39889],[151.19751,-27.3841],[151.17799,-27.38174],[151.16594,-27.38385],[151.11274,-27.37723],[151.10804,-27.37896],[151.08777,-27.37642],[151.07628,-27.45109],[151.07626,-27.47162],[151.07727,-27.48104],[151.0818,-27.49306],[151.0832,-27.49325],[151.07739,-27.52776],[151.08438,-27.53534],[151.08122,-27.54963],[151.07525,-27.55457],[151.07514,-27.56055],[151.07176,-27.56373],[151.0765,-27.57186],[151.04769,-27.58373],[151.04109,-27.5793],[151.01034,-27.57502],[151.00708,-27.57713],[150.98421,-27.57921],[150.97322,-27.58167],[150.96503,-27.57883],[150.92714,-27.57195],[150.92733,-27.53399],[150.86766,-27.5459],[150.83447,-27.50753],[150.82524,-27.51056],[150.81542,-27.52287],[150.80545,-27.54051],[150.79289,-27.55374],[150.78882,-27.5647],[150.78237,-27.5753],[150.7827,-27.57657],[150.77064,-27.58034],[150.75673,-27.59935],[150.74648,-27.66382],[150.74722,-27.66391],[150.74384,-27.6852],[150.74438,-27.68635],[150.74357,-27.6869],[150.73984,-27.71052],[150.73765,-27.73897],[150.74055,-27.74294],[150.73953,-27.74937],[150.74091,-27.75101],[150.74051,-27.75353],[150.73846,-27.75603],[150.73226,-27.79475],[150.72529,-27.79316],[150.70267,-27.93452]]]},"properties":{"District Name":"Toowoomba","DDMG Name":"Toowoomba"}},{"type":"Feature","geometry":{"type":"Polygon","coordinates":[[[150.00516,-19.69761],[149.98354,-19.68457],[149.95016,-19.64823],[149.87934,-19.62347],[149.87129,-19.61647],[149.86659,-19.61521],[149.86152,-19.60792],[149.65206,-19.46158],[149.64249,-19.4578],[149.42092,-19.33375],[149.09763,-19.21405],[149.03058,-19.2006],[149.02542,-19.19543],[149.0191,-19.19239],[148.96643,-19.18291],[148.96308,-19.17956],[148.9233,-19.11512],[148.91591,-19.10658],[148.70088,-19.07153],[148.56564,-19.02739],[148.56195,-19.02401],[148.43336,-18.9808],[148.4263,-18.9734],[148.42,-18.97175],[148.41821,-18.97221],[148.38148,-18.95305],[148.3804,-18.95023],[148.34512,-18.92813],[148.16383,-18.85097],[148.11747,-18.83513],[148.06635,-18.83766],[148.03089,-18.81398],[147.984,-18.79477],[147.95466,-18.76505],[147.94991,-18.75181],[147.9393,-18.74561],[147.92879,-18.74181],[147.86991,-18.69489],[147.85403,-18.68923],[147.72474,-18.65458],[147.61512,-18.6093],[147.61159,-18.60285],[147.60583,-18.59656],[147.5994,-18.58178],[147.0011,-18.58179],[147.00109,-18.49845],[146.29715,-18.49849],[146.27697,-18.49748],[146.25108,-18.49244],[146.23773,-18.49175],[146.22989,-18.48956],[146.22415,-18.49407],[146.21039,-18.50818],[146.20693,-18.5165],[146.1994,-18.52182],[146.19609,-18.52015],[146.19072,-18.52363],[146.19094,-18.52835],[146.18638,-18.53003],[146.18719,-18.53333],[146.18518,-18.53195],[146.18277,-18.53201],[146.18016,-18.52899],[146.17955,-18.5247],[146.16887,-18.51829],[146.16739,-18.51573],[146.16429,-18.51766],[146.16085,-18.51736],[146.15613,-18.51874],[146.14671,-18.51703],[146.13755,-18.51227],[146.13014,-18.51066],[146.12624,-18.50805],[146.12172,-18.50788],[146.11998,-18.50609],[146.11712,-18.50134],[146.11709,-18.49669],[146.11532,-18.49482],[146.11728,-18.49126],[146.11666,-18.48941],[146.1207,-18.4873],[146.12197,-18.48448],[146.11847,-18.48003],[146.11416,-18.478],[146.11414,-18.47714],[146.11715,-18.47452],[146.12035,-18.47439],[146.11793,-18.47269],[146.11411,-18.47249],[146.11087,-18.46947],[146.10915,-18.46503],[146.10731,-18.46318],[146.10432,-18.4535],[146.10011,-18.45118],[146.09377,-18.45135],[146.09159,-18.44847],[146.09353,-18.44015],[146.0957,-18.43918],[146.10161,-18.43268],[146.0987,-18.42764],[146.09767,-18.4218],[146.10074,-18.41661],[146.10026,-18.41523],[146.09259,-18.41162],[146.08582,-18.40204],[146.08559,-18.4012],[146.08526,-18.40125],[146.07259,-18.40307],[146.06407,-18.39906],[146.0605,-18.39861],[146.04923,-18.39265],[146.04644,-18.39668],[146.04421,-18.3957],[146.04335,-18.39315],[146.03552,-18.38766],[146.0274,-18.39189],[146.02361,-18.39022],[146.0222,-18.3883],[146.01826,-18.38969],[146.01121,-18.38864],[146.00815,-18.39142],[146.00464,-18.39132],[146.00098,-18.39357],[145.99197,-18.39379],[145.98976,-18.39561],[145.98359,-18.39712],[145.9798,-18.39528],[145.97523,-18.39681],[145.96179,-18.39444],[145.94732,-18.36432],[145.93344,-18.37048],[145.92995,-18.3695],[145.92701,-18.37104],[145.92194,-18.37649],[145.91465,-18.37906],[145.9087,-18.38529],[145.90863,-18.38795],[145.89722,-18.39758],[145.8911,-18.39993],[145.88647,-18.40463],[145.88288,-18.40491],[145.87963,-18.40746],[145.87702,-18.40522],[145.87709,-18.40235],[145.87349,-18.40003],[145.87129,-18.40048],[145.87094,-18.40254],[145.86554,-18.40234],[145.86535,-18.4043],[145.85671,-18.40571],[145.85078,-18.40598],[145.84768,-18.4047],[145.83884,-18.40626],[145.83282,-18.40214],[145.82944,-18.40416],[145.82896,-18.40681],[145.82561,-18.40704],[145.81941,-18.40386],[145.81596,-18.39795],[145.81824,-18.39521],[145.81931,-18.38687],[145.81578,-18.38589],[145.81575,-18.38357],[145.81319,-18.37989],[145.81129,-18.37829],[145.80933,-18.37891],[145.80863,-18.37772],[145.80675,-18.37816],[145.80486,-18.38073],[145.8069,-18.386],[145.79984,-18.38784],[145.79831,-18.39021],[145.79389,-18.38999],[145.79481,-18.392],[145.79336,-18.39319],[145.79443,-18.39615],[145.79372,-18.39753],[145.79556,-18.39974],[145.79536,-18.40117],[145.79242,-18.40337],[145.78784,-18.40237],[145.78254,-18.39425],[145.78144,-18.39401],[145.77992,-18.39683],[145.77569,-18.39896],[145.7725,-18.39826],[145.76983,-18.39966],[145.76347,-18.39513],[145.76231,-18.39395],[145.76185,-18.39397],[145.76056,-18.39403],[145.75973,-18.39407],[145.75746,-18.39577],[145.75752,-18.39583],[145.75745,-18.39582],[145.75757,-18.39589],[145.75785,-18.39619],[145.7589,-18.40044],[145.759,-18.40241],[145.75947,-18.40273],[145.76916,-18.40942],[145.75582,-18.40806],[145.75518,-18.41488],[145.76005,-18.42394],[145.7575,-18.4259],[145.75777,-18.4294],[145.75456,-18.43083],[145.75599,-18.43509],[145.75496,-18.43848],[145.747,-18.44548],[145.7442,-18.45054],[145.74215,-18.45124],[145.73895,-18.45015],[145.73611,-18.45732],[145.73183,-18.45406],[145.72924,-18.45351],[145.73238,-18.46176],[145.72909,-18.46528],[145.72851,-18.46566],[145.72518,-18.46621],[145.72509,-18.46835],[145.72009,-18.46726],[145.71504,-18.46839],[145.71258,-18.46786],[145.70805,-18.47089],[145.71431,-18.48026],[145.71427,-18.48369],[145.71587,-18.4854],[145.71631,-18.48839],[145.50124,-18.46187],[145.49452,-18.57644],[145.39003,-18.56506],[145.38345,-18.57023],[145.35725,-18.53575],[145.29679,-18.46404],[145.30174,-18.45519],[145.27917,-18.43955],[145.28644,-18.42999],[145.25993,-18.42733],[145.26788,-18.35504],[145.19522,-18.34776],[145.19442,-18.3495],[145.16662,-18.34671],[145.1639,-18.34988],[145.16229,-18.34876],[145.16111,-18.35097],[145.1588,-18.35185],[145.15996,-18.35367],[145.15774,-18.35583],[145.15717,-18.35808],[145.15796,-18.36268],[145.15561,-18.36465],[145.15273,-18.36397],[145.1495,-18.36522],[145.13986,-18.35782],[145.13756,-18.35994],[145.13903,-18.36077],[145.13878,-18.36167],[145.13735,-18.36253],[145.13442,-18.362],[145.13219,-18.3705],[145.13547,-18.37736],[145.13309,-18.37795],[145.13288,-18.37971],[145.13433,-18.3851],[145.1381,-18.38805],[145.13954,-18.39083],[145.14308,-18.39062],[145.14404,-18.39192],[145.14962,-18.39387],[145.15154,-18.39353],[145.15217,-18.39179],[145.15467,-18.39288],[145.16133,-18.39084],[145.16164,-18.39347],[145.16372,-18.39523],[145.16084,-18.39981],[145.16261,-18.40292],[145.16171,-18.40698],[145.1642,-18.41496],[145.16908,-18.42015],[145.17162,-18.42106],[145.17205,-18.42332],[145.17746,-18.42507],[145.17818,-18.42745],[145.18062,-18.4284],[145.18377,-18.43193],[145.18285,-18.43249],[145.17996,-18.44663],[145.18231,-18.44919],[145.18199,-18.47248],[145.18569,-18.48024],[145.17808,-18.47951],[145.17207,-18.48837],[145.17447,-18.49142],[145.1738,-18.49377],[145.18416,-18.4948],[145.18251,-18.51058],[145.17903,-18.51024],[145.17348,-18.51548],[145.17183,-18.52081],[145.15736,-18.53833],[145.15673,-18.54549],[145.14862,-18.55298],[145.14053,-18.56512],[145.14067,-18.5727],[145.13895,-18.57286],[145.13893,-18.57413],[145.13581,-18.5744],[145.1343,-18.57756],[145.13274,-18.57805],[145.13071,-18.57266],[145.13354,-18.56909],[145.13366,-18.56512],[145.131,-18.56041],[145.12905,-18.56024],[145.12951,-18.55884],[145.12767,-18.55752],[145.12442,-18.55779],[145.11967,-18.55586],[145.1178,-18.55744],[145.11585,-18.55744],[145.10752,-18.5638],[145.10435,-18.56429],[145.10113,-18.56675],[145.0983,-18.56704],[145.09504,-18.56539],[145.09169,-18.56682],[145.08632,-18.55994],[145.07984,-18.56062],[145.07777,-18.55963],[145.0755,-18.55433],[145.06855,-18.55363],[145.06364,-18.55459],[145.05829,-18.55131],[145.05759,-18.54933],[145.05347,-18.54889],[145.05235,-18.54211],[145.05399,-18.543],[145.05507,-18.53972],[145.05184,-18.53611],[145.05264,-18.53054],[145.05021,-18.52807],[145.05138,-18.51813],[145.04673,-18.51323],[144.98098,-18.50697],[144.98216,-18.49856],[144.98119,-18.49362],[144.97663,-18.49212],[144.97521,-18.49027],[144.97573,-18.4871],[144.97101,-18.47511],[144.97148,-18.47228],[144.96831,-18.46956],[144.96301,-18.47322],[144.96308,-18.47843],[144.9645,-18.48153],[144.96287,-18.48551],[144.96063,-18.48611],[144.95788,-18.48312],[144.95684,-18.48347],[144.95485,-18.47529],[144.95284,-18.47503],[144.95139,-18.47733],[144.95323,-18.48209],[144.95282,-18.48459],[144.95138,-18.48928],[144.94727,-18.49513],[144.94688,-18.49769],[144.94911,-18.50103],[144.95089,-18.50157],[144.95117,-18.50417],[144.92174,-18.50134],[144.92226,-18.5067],[144.9199,-18.51654],[144.92405,-18.52278],[144.87821,-18.51791],[144.88042,-18.49736],[144.8367,-18.49314],[144.84135,-18.45245],[144.83754,-18.44003],[144.84462,-18.408],[144.85162,-18.39999],[144.85518,-18.36952],[144.84956,-18.36959],[144.84348,-18.37177],[144.83461,-18.36881],[144.82242,-18.36907],[144.81717,-18.37174],[144.81361,-18.36775],[144.81104,-18.3675],[144.79979,-18.35919],[144.78014,-18.35794],[144.77406,-18.3588],[144.7712,-18.35751],[144.76036,-18.35638],[144.74113,-18.31746],[144.67774,-18.31097],[144.67614,-18.42343],[144.65996,-18.56862],[144.65162,-18.62657],[144.76414,-18.63846],[144.78708,-18.66128],[144.74169,-18.70268],[144.74687,-18.70754],[144.74389,-18.71249],[144.74515,-18.72186],[144.75095,-18.72507],[144.75561,-18.72526],[144.75648,-18.72762],[144.75799,-18.72854],[144.76544,-18.72856],[144.77753,-18.7407],[144.78675,-18.73399],[144.78901,-18.73295],[144.79204,-18.7332],[144.80247,-18.74438],[144.80257,-18.74569],[144.80057,-18.74775],[144.80065,-18.7496],[144.80162,-18.75092],[144.8059,-18.75233],[144.80676,-18.75728],[144.80468,-18.75999],[144.80462,-18.76176],[144.80755,-18.76449],[144.80723,-18.76844],[144.80842,-18.76959],[144.74538,-18.81803],[144.7903,-18.87105],[144.72138,-18.92125],[144.7075,-18.93594],[144.69798,-18.996],[144.69931,-19.00392],[144.69973,-19.00515],[144.71527,-19.01684],[144.77435,-19.14797],[144.79442,-19.1622],[144.80437,-19.15723],[144.8105,-19.15584],[144.82384,-19.15684],[144.8314,-19.15985],[144.77111,-19.20467],[144.75009,-19.18077],[144.6297,-19.28843],[144.62247,-19.2973],[144.61898,-19.30604],[144.6174,-19.32092],[144.5978,-19.31904],[144.59084,-19.38413],[144.47737,-19.37091],[144.4705,-19.4479],[144.45079,-19.44125],[144.38745,-19.43073],[144.36955,-19.43009],[144.35173,-19.42391],[144.34486,-19.5015],[144.30255,-19.49738],[144.2957,-19.56645],[144.28401,-19.57451],[144.27945,-19.57604],[144.27323,-19.57594],[144.26185,-19.58294],[144.25508,-19.58554],[144.24804,-19.5942],[144.23889,-19.60856],[144.23153,-19.61593],[144.22644,-19.61872],[144.2123,-19.61006],[144.20652,-19.60376],[144.17996,-19.59442],[144.17468,-19.58844],[144.1722,-19.57646],[144.1569,-19.56761],[144.14701,-19.56571],[144.13929,-19.56558],[144.12405,-19.57187],[144.11716,-19.57176],[144.11271,-19.57615],[144.10357,-19.57967],[144.08894,-19.57822],[144.06497,-19.57227],[144.0589,-19.57076],[144.05622,-19.5701],[144.05528,-19.57061],[144.05354,-19.57154],[144.05292,-19.57187],[144.04476,-19.58357],[144.0289,-19.59785],[144.01424,-19.61493],[144.00388,-19.62131],[143.97651,-19.62294],[143.96733,-19.62052],[143.95568,-19.61959],[143.94745,-19.62199],[143.93804,-19.62729],[143.92508,-19.63076],[143.85183,-19.63705],[143.82446,-19.63044],[143.79698,-19.61756],[143.77572,-19.60576],[143.73416,-19.58996],[143.71515,-19.58536],[143.68225,-19.597],[143.67747,-19.59715],[143.64667,-19.58382],[143.61899,-19.55995],[143.60538,-19.53032],[143.59054,-19.50726],[143.58322,-19.50157],[143.57977,-19.49689],[143.56527,-19.48563],[143.54954,-19.47658],[143.5355,-19.47185],[143.51377,-19.48003],[143.50767,-19.48394],[143.51109,-19.49157],[143.51315,-19.50534],[143.50939,-19.516],[143.50142,-19.52443],[143.48987,-19.53091],[143.46631,-19.53998],[143.46186,-19.54496],[143.45811,-19.54668],[143.45374,-19.55596],[143.44734,-19.55879],[143.44383,-19.56602],[143.43406,-19.56531],[143.42777,-19.56313],[143.42564,-19.56515],[143.41699,-19.56712],[143.41316,-19.56438],[143.40288,-19.57019],[143.39797,-19.57524],[143.39508,-19.5751],[143.39396,-19.57662],[143.39427,-19.59677],[143.38307,-19.61258],[143.37284,-19.61388],[143.36769,-19.61272],[143.35139,-19.60434],[143.34614,-19.60371],[143.34193,-19.60561],[143.3392,-19.60962],[143.33667,-19.6167],[143.333,-19.62111],[143.31717,-19.62848],[143.31067,-19.63325],[143.30581,-19.63948],[143.29837,-19.65636],[143.28957,-19.66971],[143.2885,-19.68426],[143.28719,-19.68726],[143.27965,-19.6942],[143.27497,-19.69645],[143.27211,-19.69602],[143.27006,-19.69421],[143.26395,-19.68458],[143.25928,-19.68144],[143.25673,-19.68182],[143.2497,-19.68991],[142.60067,-19.63552],[142.60224,-19.62006],[142.60223,-19.62006],[142.37514,-19.59988],[142.34927,-19.8592],[142.37936,-19.86172],[142.33581,-20.33033],[142.38064,-20.33403],[142.37069,-20.43948],[142.37375,-20.43973],[142.36177,-20.56893],[142.34723,-20.57154],[142.34446,-20.57118],[142.34105,-20.60033],[142.3449,-20.60066],[142.33906,-20.66557],[142.33464,-20.66516],[142.30988,-20.7147],[142.36337,-20.71988],[142.35487,-20.79643],[142.33099,-20.79408],[142.32092,-20.88618],[142.30189,-20.88424],[142.29189,-20.99491],[142.20307,-20.98754],[142.19906,-21.0108],[142.23774,-21.01415],[142.22241,-21.16738],[142.25528,-21.16974],[142.24985,-21.23619],[142.15766,-21.23475],[142.05765,-21.21654],[142.04725,-21.22429],[142.13765,-21.32349],[142.064,-21.37989],[142.09165,-21.3826],[142.08027,-21.48833],[142.03825,-21.52008],[142.07366,-21.52335],[142.07202,-21.54073],[142.16343,-21.54317],[142.23189,-21.55087],[142.22822,-21.5963],[142.33543,-21.60713],[142.33256,-21.63632],[142.49122,-21.64418],[142.49559,-21.598],[142.65663,-21.61041],[142.65155,-21.66772],[142.71847,-21.61495],[142.69396,-21.58786],[142.81545,-21.49265],[142.86209,-21.54506],[142.94247,-21.48178],[142.95317,-21.49372],[142.99838,-21.45575],[143.00204,-21.45744],[143.00702,-21.45361],[143.00758,-21.4485],[143.18803,-21.30866],[143.23645,-21.313],[143.23664,-21.31119],[143.35953,-21.32201],[143.32877,-21.61186],[143.35772,-21.61417],[143.35803,-21.61603],[143.44827,-21.62462],[143.44997,-21.62296],[143.64926,-21.64118],[143.63084,-21.79742],[143.64704,-21.7991],[143.65148,-21.79849],[143.65377,-21.79979],[143.78183,-21.81408],[143.78207,-21.81112],[143.92945,-21.81998],[143.93423,-21.82211],[144.04462,-21.8303],[144.03885,-21.89471],[144.05743,-21.89834],[144.09245,-21.89896],[144.11173,-21.90185],[144.11141,-21.90633],[144.1843,-21.91332],[144.18658,-21.90807],[144.18849,-21.90841],[144.18797,-21.91383],[144.18598,-21.91375],[144.18033,-21.98956],[144.26343,-21.99739],[144.27007,-22.03261],[144.26849,-22.04787],[144.41721,-22.06172],[144.41387,-22.09836],[144.40281,-22.1133],[144.39778,-22.15705],[144.50178,-22.16514],[144.50051,-22.18566],[144.63741,-22.19547],[144.71722,-22.2038],[144.72353,-22.20211],[144.73978,-22.21173],[144.75232,-22.0948],[144.79636,-22.09843],[144.80091,-22.04539],[144.94303,-22.05911],[144.94603,-22.03067],[144.94742,-22.02738],[144.94644,-22.02732],[144.9563,-21.93031],[145.08221,-21.94261],[145.08434,-21.91026],[145.07402,-21.89951],[145.075,-21.89123],[145.15276,-21.89869],[145.15256,-21.90049],[145.18582,-21.90377],[145.18285,-21.90081],[145.18395,-21.89755],[145.18251,-21.8917],[145.18551,-21.89046],[145.18625,-21.88586],[145.19232,-21.87728],[145.19215,-21.8712],[145.18066,-21.85103],[145.18482,-21.8202],[145.16415,-21.80386],[145.16619,-21.78491],[145.25449,-21.79368],[145.26219,-21.8285],[145.41852,-21.84616],[145.43507,-21.69201],[145.52929,-21.70179],[145.53287,-21.65826],[145.67848,-21.66819],[145.67382,-21.71929],[145.66319,-21.71904],[145.64578,-21.79751],[145.72869,-21.81686],[145.70833,-21.87656],[145.69676,-21.8755],[145.68593,-21.91584],[145.73505,-21.92722],[145.72489,-21.93823],[145.62742,-21.92441],[145.61736,-22.03694],[145.76982,-22.04749],[145.76929,-22.06646],[145.88043,-22.08032],[145.88015,-22.08481],[146.0308,-22.10433],[146.03555,-22.10502],[146.03081,-22.10425],[146.03948,-22.02335],[146.06687,-22.02657],[146.07207,-21.99741],[146.20149,-22.00763],[146.20231,-22.00094],[146.21259,-21.90067],[146.11055,-21.89426],[146.12674,-21.81327],[146.06923,-21.80876],[146.08516,-21.59836],[146.09344,-21.50994],[146.13229,-21.51403],[146.15051,-21.50006],[146.3467,-21.51812],[146.34093,-21.57021],[146.39735,-21.66333],[146.44652,-21.66811],[146.48379,-21.68057],[146.48719,-21.65008],[146.48829,-21.64729],[146.49272,-21.58882],[146.48995,-21.58677],[146.49211,-21.56698],[146.6565,-21.58262],[146.6473,-21.59576],[146.65112,-21.59687],[146.65255,-21.60442],[146.75349,-21.63584],[146.83239,-21.64315],[146.83443,-21.64257],[146.83698,-21.6361],[146.83468,-21.63287],[146.8366,-21.62293],[146.83413,-21.61799],[146.83511,-21.61419],[146.83261,-21.60472],[146.83711,-21.58939],[146.83896,-21.58745],[146.83857,-21.58476],[146.83505,-21.57946],[146.83539,-21.57339],[146.84723,-21.56091],[146.84943,-21.55385],[146.84969,-21.54695],[146.85415,-21.54418],[146.85894,-21.53506],[146.86383,-21.53157],[146.86644,-21.53091],[146.86723,-21.52848],[146.87038,-21.52623],[146.86802,-21.52084],[146.86907,-21.51933],[146.8686,-21.51757],[146.86632,-21.51378],[146.86661,-21.51047],[146.86913,-21.5085],[146.86996,-21.50589],[146.87217,-21.50468],[146.87402,-21.49999],[146.8794,-21.49291],[146.89644,-21.47699],[146.89526,-21.47521],[146.89916,-21.47325],[146.90436,-21.46831],[146.90569,-21.46845],[146.90867,-21.46333],[146.90894,-21.45931],[146.91182,-21.45385],[146.90974,-21.44114],[146.90496,-21.43629],[146.89844,-21.43476],[146.8959,-21.42478],[146.89112,-21.4225],[146.88527,-21.41342],[146.88221,-21.4111],[146.87857,-21.4033],[146.87824,-21.39988],[146.87531,-21.39308],[146.87564,-21.38253],[146.88224,-21.37327],[146.87852,-21.36963],[146.88279,-21.36212],[146.89437,-21.35784],[146.89995,-21.35464],[146.90463,-21.35032],[146.90532,-21.3461],[146.90925,-21.34082],[146.91089,-21.33474],[146.91783,-21.32545],[146.92121,-21.32513],[146.92455,-21.32245],[146.93015,-21.32083],[146.9342,-21.31535],[146.94668,-21.30451],[146.95661,-21.30204],[146.95932,-21.30041],[146.96328,-21.29475],[146.96613,-21.27875],[146.96384,-21.27041],[146.95974,-21.26261],[146.96051,-21.2521],[146.95706,-21.24688],[146.94972,-21.23958],[146.94738,-21.23874],[146.93759,-21.23926],[146.93203,-21.23842],[146.92658,-21.23216],[146.91502,-21.22684],[146.90701,-21.22423],[146.89655,-21.22391],[146.89088,-21.22182],[146.88565,-21.21775],[146.87665,-21.20731],[146.86599,-21.19121],[146.8659,-21.18816],[146.86801,-21.18345],[146.88221,-21.17333],[146.88261,-21.17029],[146.87297,-21.15953],[146.87203,-21.15095],[146.86264,-21.13778],[146.86128,-21.11756],[146.84916,-21.1028],[146.84881,-21.10094],[146.85212,-21.09456],[146.85297,-21.08849],[146.85485,-21.08454],[146.85433,-21.08107],[146.8555,-21.07755],[146.85369,-21.07135],[146.85447,-21.06958],[146.85966,-21.06618],[146.86167,-21.06223],[146.86106,-21.05899],[146.86304,-21.04792],[146.85985,-21.04088],[146.86035,-21.03119],[146.8638,-21.0252],[146.86913,-21.0208],[146.8809,-21.008],[146.88321,-21.00281],[146.88367,-20.99761],[146.8793,-20.99296],[146.877,-20.98863],[146.87596,-20.98408],[146.87643,-20.97802],[146.86689,-20.95519],[146.86506,-20.94264],[146.8564,-20.92672],[146.85346,-20.9192],[146.85421,-20.91208],[146.86305,-20.9022],[146.86348,-20.89904],[146.86222,-20.89508],[146.86595,-20.88598],[146.85603,-20.87019],[146.8562,-20.86776],[146.86104,-20.86001],[146.86281,-20.8473],[146.85834,-20.83666],[146.85741,-20.82873],[146.85284,-20.81915],[146.85223,-20.81133],[146.85618,-20.80351],[146.86159,-20.79648],[146.86592,-20.7969],[146.86971,-20.80099],[146.8746,-20.80176],[146.87786,-20.80023],[146.88899,-20.79079],[146.90121,-20.79029],[146.90989,-20.78672],[146.9147,-20.77787],[146.91704,-20.76155],[146.92041,-20.75741],[146.9274,-20.75522],[146.94165,-20.75327],[146.95818,-20.74324],[146.9612,-20.7402],[146.96228,-20.73634],[146.96228,-20.72924],[146.96487,-20.72133],[146.96561,-20.71444],[146.96453,-20.70227],[146.96087,-20.68867],[146.9613,-20.68441],[146.96484,-20.67605],[146.97584,-20.67362],[146.98058,-20.67119],[146.98446,-20.66713],[146.98597,-20.66246],[146.98511,-20.65658],[146.97738,-20.64603],[146.97263,-20.63288],[146.97265,-20.62359],[146.976,-20.6197],[147.0066,-20.60761],[147.01482,-20.60623],[147.02011,-20.60812],[147.02121,-20.6095],[147.02238,-20.61674],[147.02615,-20.62276],[147.03632,-20.62932],[147.04591,-20.63096],[147.04823,-20.63041],[147.05375,-20.6263],[147.05811,-20.62576],[147.06217,-20.62712],[147.0674,-20.6345],[147.07327,-20.64889],[147.07888,-20.65285],[147.08216,-20.65329],[147.08636,-20.65218],[147.10122,-20.6389],[147.10571,-20.63678],[147.11177,-20.63586],[147.1242,-20.63769],[147.13311,-20.64107],[147.14862,-20.65183],[147.15611,-20.65173],[147.16147,-20.64645],[147.16462,-20.63518],[147.16854,-20.62783],[147.17307,-20.62203],[147.17801,-20.61859],[147.17831,-20.60898],[147.17968,-20.60467],[147.18408,-20.60224],[147.18608,-20.60392],[147.19113,-20.60175],[147.19377,-20.59912],[147.19624,-20.59378],[147.20954,-20.58711],[147.21455,-20.57674],[147.21694,-20.57529],[147.21956,-20.57529],[147.22248,-20.57652],[147.22797,-20.58145],[147.23458,-20.58405],[147.24138,-20.58445],[147.26406,-20.55982],[147.26701,-20.55794],[147.27449,-20.55724],[147.27861,-20.55463],[147.27987,-20.54399],[147.28314,-20.53634],[147.28482,-20.52458],[147.28844,-20.51781],[147.29925,-20.50805],[147.30103,-20.5038],[147.30092,-20.49726],[147.29167,-20.48013],[147.2906,-20.47638],[147.29054,-20.47273],[147.29449,-20.45653],[147.29782,-20.44743],[147.30053,-20.44418],[147.30857,-20.43836],[147.31986,-20.43345],[147.33513,-20.42917],[147.34099,-20.42472],[147.34502,-20.41333],[147.34772,-20.3968],[147.34723,-20.3938],[147.34321,-20.38906],[147.33008,-20.38088],[147.32323,-20.37446],[147.31721,-20.3656],[147.31256,-20.35601],[147.306,-20.33343],[147.29959,-20.31827],[147.29951,-20.30776],[147.30825,-20.28606],[147.31096,-20.27058],[147.30921,-20.2217],[147.3076,-20.2116],[147.30259,-20.19553],[147.30062,-20.18251],[147.29517,-20.16304],[147.29487,-20.16226],[147.2942,-20.16055],[147.29296,-20.15739],[147.27599,-20.12789],[147.27475,-20.12506],[147.27459,-20.12241],[147.27501,-20.11722],[147.28322,-20.09184],[147.28364,-20.09084],[147.29272,-20.07547],[147.2947,-20.06901],[147.2939,-20.06472],[147.28531,-20.04606],[147.27336,-20.02845],[147.27896,-20.02602],[147.28628,-20.02027],[147.30189,-20.01469],[147.30247,-20.01481],[147.30379,-20.01623],[147.29929,-20.02291],[147.29914,-20.0265],[147.2995,-20.02751],[147.30004,-20.02907],[147.30034,-20.02992],[147.30253,-20.0329],[147.31362,-20.03977],[147.32018,-20.05216],[147.32813,-20.05566],[147.33769,-20.05756],[147.34769,-20.06129],[147.35812,-20.05875],[147.36228,-20.05913],[147.37931,-20.06676],[147.38887,-20.06929],[147.39121,-20.0719],[147.39164,-20.07691],[147.38601,-20.08716],[147.46708,-20.09585],[147.47988,-19.98172],[147.47892,-19.98162],[147.48408,-19.932],[147.48488,-19.93088],[147.48679,-19.93085],[147.48766,-19.92379],[147.48549,-19.92355],[147.49135,-19.87142],[147.50981,-19.87343],[147.51094,-19.85793],[147.50692,-19.85746],[147.50715,-19.85553],[147.509,-19.8541],[147.5083,-19.85075],[147.5148,-19.8474],[147.51626,-19.84508],[147.51794,-19.84513],[147.52118,-19.84117],[147.52621,-19.83948],[147.52974,-19.83555],[147.5309,-19.8358],[147.53283,-19.83425],[147.53291,-19.83569],[147.53488,-19.83566],[147.53557,-19.83384],[147.53707,-19.83348],[147.53679,-19.82699],[147.53544,-19.82622],[147.53644,-19.82539],[147.53465,-19.82476],[147.5343,-19.82289],[147.53551,-19.82019],[147.53758,-19.82039],[147.53737,-19.81784],[147.53556,-19.8182],[147.53622,-19.81622],[147.53848,-19.81544],[147.54036,-19.81316],[147.54488,-19.81418],[147.54541,-19.8121],[147.54738,-19.81124],[147.55187,-19.8119],[147.55373,-19.81049],[147.56166,-19.80976],[147.56358,-19.8087],[147.56536,-19.80924],[147.56583,-19.808],[147.56688,-19.80899],[147.57649,-19.80269],[147.60203,-19.7993],[147.66336,-19.81091],[147.67128,-19.79262],[147.71778,-19.69833],[150.00516,-19.69761]]]},"properties":{"District Name":"Townsville","DDMG Name":"Townsville"}},{"type":"Feature","geometry":{"type":"Polygon","coordinates":[[[149.44534,-28.07134],[149.43066,-28.06984],[149.40547,-28.22859],[149.32572,-28.21862],[149.32595,-28.21716],[149.18917,-28.19983],[149.18872,-28.20369],[149.14537,-28.19915],[149.1432,-28.2002],[149.07515,-28.19308],[149.07568,-28.18931],[149.04153,-28.18601],[148.9594,-28.28878],[148.9329,-28.48515],[148.93552,-28.48543],[148.93081,-28.52036],[148.9293,-28.5202],[148.92411,-28.55858],[148.93584,-28.55982],[148.92768,-28.62002],[148.92368,-28.62114],[148.91959,-28.65691],[148.98732,-28.66348],[148.97514,-28.75912],[148.99123,-28.76035],[148.98165,-28.8203],[149.01645,-28.86218],[149.04382,-28.89261],[149.0436,-28.89149],[149.04813,-28.88639],[149.05415,-28.89345],[149.0561,-28.89956],[149.05607,-28.89988],[149.05611,-28.90003],[149.06062,-28.89461],[149.05769,-28.8938],[149.05863,-28.89228],[149.06082,-28.89008],[149.06403,-28.88911],[149.06338,-28.88699],[149.06106,-28.88779],[149.05909,-28.88582],[149.05682,-28.88711],[149.05487,-28.88644],[149.05502,-28.88438],[149.05917,-28.87937],[149.06354,-28.87847],[149.06664,-28.87254],[149.06849,-28.87306],[149.07057,-28.87163],[149.07011,-28.87026],[149.07232,-28.86627],[149.07232,-28.86382],[149.07532,-28.85925],[149.08004,-28.85817],[149.07912,-28.85174],[149.08117,-28.84695],[149.08005,-28.84385],[149.08053,-28.842],[149.08233,-28.84313],[149.08611,-28.84199],[149.08685,-28.83838],[149.09022,-28.8372],[149.09338,-28.83364],[149.09626,-28.83433],[149.09678,-28.83156],[149.09915,-28.83416],[149.10102,-28.83239],[149.10269,-28.8334],[149.10322,-28.83859],[149.10905,-28.83316],[149.11193,-28.83426],[149.11318,-28.83203],[149.11285,-28.83081],[149.11108,-28.83122],[149.11191,-28.83002],[149.11538,-28.83118],[149.11925,-28.82947],[149.11985,-28.83014],[149.11747,-28.83223],[149.11819,-28.83329],[149.12072,-28.8329],[149.12142,-28.83157],[149.12303,-28.83293],[149.12189,-28.8334],[149.12232,-28.83434],[149.12435,-28.83304],[149.1257,-28.83487],[149.12787,-28.83554],[149.1278,-28.83162],[149.13134,-28.83223],[149.132,-28.83157],[149.13048,-28.83051],[149.13105,-28.82941],[149.13895,-28.82795],[149.13855,-28.82561],[149.14256,-28.82417],[149.14352,-28.82234],[149.14028,-28.82196],[149.14165,-28.82044],[149.14327,-28.82117],[149.14455,-28.81892],[149.14405,-28.81824],[149.14215,-28.81907],[149.14283,-28.8175],[149.14185,-28.81505],[149.14086,-28.81506],[149.14073,-28.81622],[149.13892,-28.81568],[149.14052,-28.8142],[149.1382,-28.81251],[149.13958,-28.81223],[149.14027,-28.81031],[149.13855,-28.80866],[149.13957,-28.80673],[149.14178,-28.8069],[149.14299,-28.80562],[149.1446,-28.80676],[149.14273,-28.80818],[149.14447,-28.80777],[149.14565,-28.80946],[149.14703,-28.80845],[149.14617,-28.80631],[149.14832,-28.80577],[149.14814,-28.80851],[149.15108,-28.8074],[149.15397,-28.80811],[149.15471,-28.8095],[149.15852,-28.80909],[149.16002,-28.81085],[149.1614,-28.80827],[149.16053,-28.80712],[149.16245,-28.80587],[149.16324,-28.80592],[149.16289,-28.80712],[149.16658,-28.80876],[149.16671,-28.80708],[149.1694,-28.80804],[149.16996,-28.80645],[149.17176,-28.80624],[149.17564,-28.80249],[149.17919,-28.80303],[149.17958,-28.79867],[149.18168,-28.79836],[149.18178,-28.79685],[149.18358,-28.79698],[149.18314,-28.79462],[149.18684,-28.79405],[149.18694,-28.79226],[149.18399,-28.79051],[149.18696,-28.78631],[149.18609,-28.78201],[149.19039,-28.78197],[149.19237,-28.78074],[149.19115,-28.77843],[149.18841,-28.77706],[149.18862,-28.77511],[149.19359,-28.77392],[149.19355,-28.77163],[149.19454,-28.77093],[149.19756,-28.77108],[149.19806,-28.7699],[149.19995,-28.76949],[149.20228,-28.77057],[149.20494,-28.76858],[149.20748,-28.76942],[149.20649,-28.76671],[149.20728,-28.76571],[149.2102,-28.7684],[149.21208,-28.76644],[149.21188,-28.76502],[149.21397,-28.76546],[149.2142,-28.76342],[149.2158,-28.76407],[149.21616,-28.76295],[149.219,-28.76281],[149.21993,-28.76561],[149.22099,-28.76593],[149.22227,-28.76425],[149.22462,-28.76466],[149.22377,-28.76239],[149.2255,-28.76309],[149.22548,-28.76101],[149.22861,-28.76189],[149.22757,-28.761],[149.2277,-28.75904],[149.23033,-28.75828],[149.22867,-28.75757],[149.22857,-28.75507],[149.2306,-28.75647],[149.23179,-28.75563],[149.23042,-28.75069],[149.23236,-28.75166],[149.2328,-28.74895],[149.23314,-28.75007],[149.23428,-28.74958],[149.23636,-28.75076],[149.2366,-28.74855],[149.23801,-28.74774],[149.23941,-28.74879],[149.24056,-28.74632],[149.24319,-28.74713],[149.24075,-28.74564],[149.24464,-28.74325],[149.24365,-28.74177],[149.2456,-28.74158],[149.24535,-28.73896],[149.24823,-28.73879],[149.24727,-28.7398],[149.2494,-28.7416],[149.24966,-28.73991],[149.25108,-28.74044],[149.2519,-28.73965],[149.25204,-28.74114],[149.25358,-28.74224],[149.25463,-28.7384],[149.2573,-28.73954],[149.25672,-28.73754],[149.25993,-28.7355],[149.26137,-28.73567],[149.26209,-28.73412],[149.26312,-28.73457],[149.26194,-28.73544],[149.26385,-28.73562],[149.26305,-28.73661],[149.26459,-28.73891],[149.26311,-28.73887],[149.26294,-28.74019],[149.26535,-28.74013],[149.26633,-28.74326],[149.26932,-28.74326],[149.27095,-28.74082],[149.27296,-28.73993],[149.27287,-28.73764],[149.27389,-28.73717],[149.27345,-28.73604],[149.27219,-28.73701],[149.27116,-28.73653],[149.27069,-28.73451],[149.27188,-28.73324],[149.27555,-28.73345],[149.27726,-28.73163],[149.27777,-28.73331],[149.27901,-28.73368],[149.28045,-28.73066],[149.2808,-28.73187],[149.2827,-28.73195],[149.28252,-28.7333],[149.28572,-28.73188],[149.28566,-28.73076],[149.28446,-28.7311],[149.28273,-28.72961],[149.28341,-28.72867],[149.28241,-28.72806],[149.28492,-28.72533],[149.28715,-28.7268],[149.28783,-28.7252],[149.2866,-28.72174],[149.28839,-28.72093],[149.28931,-28.719],[149.2914,-28.71882],[149.2906,-28.71704],[149.29249,-28.71547],[149.29368,-28.71128],[149.29531,-28.71152],[149.29675,-28.70975],[149.30075,-28.7101],[149.30095,-28.70856],[149.30206,-28.70858],[149.30565,-28.71161],[149.30829,-28.7119],[149.30932,-28.71024],[149.31014,-28.71223],[149.31106,-28.71212],[149.31034,-28.71098],[149.31128,-28.71054],[149.31157,-28.71155],[149.31254,-28.71082],[149.31454,-28.71213],[149.31394,-28.71098],[149.31549,-28.71021],[149.31739,-28.71183],[149.31611,-28.71314],[149.31842,-28.7139],[149.31851,-28.71113],[149.32251,-28.70919],[149.31979,-28.70894],[149.31999,-28.70587],[149.32239,-28.70608],[149.32284,-28.70781],[149.32498,-28.7069],[149.32865,-28.70738],[149.32779,-28.70515],[149.33202,-28.7024],[149.32894,-28.69921],[149.33062,-28.69735],[149.33536,-28.69837],[149.34012,-28.69496],[149.3413,-28.69652],[149.3466,-28.69683],[149.34743,-28.69565],[149.34557,-28.69421],[149.34769,-28.69093],[149.34955,-28.69095],[149.35127,-28.69267],[149.35257,-28.6907],[149.35212,-28.68847],[149.35477,-28.68795],[149.35495,-28.68675],[149.35858,-28.68407],[149.36162,-28.68444],[149.36332,-28.68924],[149.36497,-28.6893],[149.36689,-28.6924],[149.36889,-28.69185],[149.36746,-28.6889],[149.36895,-28.68742],[149.37147,-28.68813],[149.37104,-28.6898],[149.37329,-28.68908],[149.37588,-28.69279],[149.37838,-28.69147],[149.37712,-28.6901],[149.37875,-28.68848],[149.37946,-28.69062],[149.38092,-28.68979],[149.38121,-28.69083],[149.38373,-28.69018],[149.38518,-28.69139],[149.38405,-28.69296],[149.38543,-28.69271],[149.38534,-28.69491],[149.38749,-28.69617],[149.388,-28.69428],[149.39156,-28.69138],[149.39395,-28.68657],[149.39412,-28.68414],[149.39281,-28.68226],[149.39434,-28.6803],[149.39382,-28.67749],[149.39642,-28.67769],[149.39896,-28.6747],[149.40187,-28.6762],[149.40538,-28.67541],[149.40566,-28.67443],[149.40431,-28.67343],[149.40649,-28.67297],[149.40933,-28.66966],[149.41426,-28.66709],[149.41357,-28.66502],[149.41071,-28.66754],[149.41029,-28.66675],[149.41144,-28.6658],[149.41019,-28.66393],[149.41297,-28.66227],[149.41615,-28.66288],[149.41753,-28.65985],[149.41601,-28.65827],[149.41706,-28.65466],[149.42114,-28.65622],[149.42335,-28.65512],[149.42297,-28.65365],[149.41893,-28.65398],[149.41682,-28.65133],[149.42284,-28.64956],[149.4253,-28.65061],[149.42631,-28.64953],[149.42566,-28.64698],[149.42853,-28.64692],[149.42752,-28.64485],[149.42824,-28.64351],[149.43086,-28.64315],[149.42906,-28.64066],[149.42926,-28.63953],[149.43098,-28.64007],[149.42964,-28.63765],[149.43275,-28.6376],[149.43099,-28.63634],[149.43309,-28.63486],[149.4285,-28.63173],[149.42975,-28.63039],[149.42818,-28.62942],[149.42971,-28.62845],[149.43015,-28.62619],[149.4328,-28.62807],[149.43264,-28.62643],[149.43503,-28.62643],[149.43551,-28.62486],[149.43798,-28.62443],[149.43807,-28.62268],[149.4431,-28.62021],[149.44301,-28.61938],[149.44,-28.61874],[149.44129,-28.61623],[149.43871,-28.61551],[149.43958,-28.61396],[149.43903,-28.61166],[149.44222,-28.60914],[149.44456,-28.609],[149.44338,-28.6074],[149.44399,-28.60625],[149.44677,-28.60637],[149.44775,-28.6047],[149.45055,-28.60536],[149.45181,-28.60421],[149.45221,-28.60021],[149.454,-28.59906],[149.45248,-28.59486],[149.45555,-28.59599],[149.4558,-28.5927],[149.4588,-28.59426],[149.46182,-28.59144],[149.4625,-28.5933],[149.46471,-28.59314],[149.46748,-28.59654],[149.46685,-28.59398],[149.46838,-28.59186],[149.4698,-28.59438],[149.47151,-28.59236],[149.47319,-28.59388],[149.47535,-28.59378],[149.47697,-28.59164],[149.47722,-28.58772],[149.47836,-28.58816],[149.47945,-28.5914],[149.48089,-28.58987],[149.48136,-28.58713],[149.48257,-28.58659],[149.48121,-28.58272],[149.48329,-28.58334],[149.48597,-28.58225],[149.48781,-28.58427],[149.49032,-28.58476],[149.49323,-28.58023],[149.49695,-28.57831],[149.49627,-28.58056],[149.4972,-28.58077],[149.49917,-28.57774],[149.50285,-28.58072],[149.50375,-28.57845],[149.5033,-28.57437],[149.50597,-28.57643],[149.50789,-28.57567],[149.51015,-28.57757],[149.5115,-28.57607],[149.51236,-28.57646],[149.5136,-28.57829],[149.51287,-28.57992],[149.51376,-28.58194],[149.51503,-28.58167],[149.51549,-28.57945],[149.51698,-28.58023],[149.51763,-28.579],[149.51877,-28.57925],[149.5183,-28.5801],[149.51953,-28.58135],[149.52195,-28.57924],[149.52514,-28.57955],[149.52739,-28.57771],[149.52624,-28.57572],[149.52945,-28.5744],[149.53232,-28.57708],[149.53459,-28.57647],[149.5358,-28.5745],[149.53683,-28.57644],[149.53787,-28.57499],[149.53935,-28.57494],[149.54244,-28.57528],[149.5436,-28.57702],[149.5449,-28.57568],[149.5478,-28.57706],[149.55032,-28.57688],[149.55285,-28.58091],[149.55371,-28.58004],[149.55291,-28.57761],[149.5576,-28.5799],[149.55872,-28.57889],[149.55768,-28.57667],[149.56009,-28.57622],[149.56226,-28.57411],[149.56311,-28.57521],[149.56448,-28.57494],[149.5656,-28.57256],[149.56717,-28.57402],[149.56837,-28.57159],[149.57238,-28.57191],[149.57401,-28.57411],[149.57629,-28.5725],[149.57756,-28.57394],[149.57975,-28.57264],[149.58442,-28.57463],[149.58724,-28.57338],[149.58999,-28.57584],[149.59408,-28.57651],[149.59601,-28.57941],[149.59762,-28.57886],[149.59833,-28.57985],[149.59925,-28.58318],[149.59694,-28.58414],[149.59774,-28.58889],[149.6007,-28.58721],[149.6023,-28.58779],[149.60329,-28.58605],[149.60597,-28.58775],[149.60331,-28.58904],[149.60606,-28.59189],[149.60657,-28.59397],[149.60507,-28.59546],[149.60492,-28.59766],[149.60591,-28.59832],[149.61031,-28.59742],[149.60948,-28.59952],[149.61096,-28.60109],[149.6158,-28.59868],[149.61863,-28.59888],[149.62009,-28.59781],[149.61968,-28.59618],[149.62271,-28.59481],[149.62426,-28.59522],[149.62544,-28.59356],[149.62717,-28.59627],[149.63067,-28.59525],[149.63094,-28.59816],[149.63236,-28.59616],[149.63338,-28.59673],[149.63487,-28.59545],[149.63468,-28.59755],[149.63618,-28.5983],[149.6359,-28.59955],[149.63772,-28.59974],[149.63963,-28.59819],[149.64062,-28.60057],[149.64209,-28.5992],[149.64198,-28.60031],[149.64544,-28.60392],[149.64581,-28.60632],[149.64466,-28.60754],[149.64603,-28.61028],[149.6478,-28.61063],[149.64756,-28.6123],[149.65097,-28.61381],[149.65367,-28.61336],[149.65632,-28.61593],[149.6566,-28.61433],[149.65788,-28.61464],[149.65898,-28.61312],[149.65755,-28.6116],[149.66009,-28.60952],[149.66179,-28.61043],[149.66433,-28.6134],[149.66349,-28.6142],[149.66463,-28.61575],[149.66349,-28.61764],[149.67101,-28.62114],[149.66932,-28.62247],[149.67034,-28.62366],[149.6732,-28.62392],[149.67284,-28.62675],[149.66831,-28.62636],[149.66835,-28.62823],[149.67093,-28.62733],[149.67158,-28.62862],[149.66954,-28.62919],[149.66941,-28.63068],[149.66616,-28.63071],[149.66673,-28.63213],[149.66991,-28.63307],[149.67266,-28.63072],[149.67161,-28.63256],[149.67262,-28.63395],[149.67417,-28.63174],[149.67513,-28.63247],[149.67684,-28.63141],[149.67705,-28.63385],[149.67845,-28.63503],[149.67881,-28.6327],[149.67991,-28.63434],[149.68174,-28.6339],[149.67999,-28.63322],[149.68056,-28.63062],[149.68335,-28.6315],[149.68536,-28.62948],[149.68663,-28.63249],[149.68798,-28.63283],[149.68782,-28.62942],[149.68947,-28.62839],[149.69047,-28.62924],[149.68884,-28.63044],[149.69044,-28.63091],[149.69112,-28.63432],[149.69304,-28.63206],[149.69449,-28.6336],[149.69605,-28.63118],[149.69842,-28.63332],[149.70011,-28.63035],[149.70112,-28.63107],[149.70028,-28.63316],[149.70397,-28.63391],[149.70676,-28.63031],[149.70505,-28.62962],[149.70716,-28.62749],[149.70661,-28.62664],[149.7042,-28.62764],[149.70335,-28.62543],[149.70621,-28.62583],[149.70556,-28.62267],[149.70724,-28.62279],[149.71021,-28.62038],[149.70742,-28.62009],[149.70592,-28.62191],[149.70349,-28.61945],[149.70403,-28.61667],[149.70591,-28.61799],[149.70711,-28.61476],[149.70983,-28.61305],[149.711,-28.61447],[149.71296,-28.61237],[149.71412,-28.61283],[149.71253,-28.61496],[149.71388,-28.61672],[149.71718,-28.61468],[149.71857,-28.61165],[149.72332,-28.61314],[149.72342,-28.61188],[149.72044,-28.6107],[149.72119,-28.60943],[149.72471,-28.60935],[149.72955,-28.61089],[149.72919,-28.61173],[149.72676,-28.61181],[149.7281,-28.61303],[149.72606,-28.61332],[149.72634,-28.61576],[149.72949,-28.61536],[149.73105,-28.61726],[149.73284,-28.61459],[149.73519,-28.61764],[149.73688,-28.61593],[149.73766,-28.61731],[149.73934,-28.61744],[149.74042,-28.61677],[149.73886,-28.61563],[149.73919,-28.61467],[149.74177,-28.61344],[149.74181,-28.6156],[149.74499,-28.61872],[149.74636,-28.61646],[149.74409,-28.61554],[149.74648,-28.61203],[149.7478,-28.61264],[149.74932,-28.61146],[149.75054,-28.61277],[149.75105,-28.61113],[149.75198,-28.61268],[149.7543,-28.61293],[149.75366,-28.61058],[149.75468,-28.60986],[149.75627,-28.60992],[149.75553,-28.61166],[149.75924,-28.61348],[149.75988,-28.61548],[149.76189,-28.61391],[149.76417,-28.6147],[149.765,-28.61308],[149.76776,-28.61449],[149.76775,-28.61134],[149.77066,-28.61306],[149.77094,-28.61448],[149.77258,-28.61452],[149.77382,-28.61213],[149.77145,-28.61139],[149.77248,-28.60925],[149.77495,-28.60997],[149.77567,-28.61329],[149.77723,-28.61321],[149.77767,-28.61123],[149.7798,-28.61019],[149.78087,-28.61252],[149.7834,-28.61232],[149.78376,-28.61443],[149.78649,-28.614],[149.78658,-28.61181],[149.79381,-28.61152],[149.79491,-28.6102],[149.79772,-28.61042],[149.80006,-28.60805],[149.80165,-28.60988],[149.80331,-28.60765],[149.80993,-28.60768],[149.81167,-28.60607],[149.8125,-28.60864],[149.81483,-28.60885],[149.81598,-28.6123],[149.81732,-28.61273],[149.81938,-28.61683],[149.82045,-28.61632],[149.81956,-28.61411],[149.82014,-28.61238],[149.82223,-28.61119],[149.82219,-28.60909],[149.82707,-28.60904],[149.82688,-28.60681],[149.82954,-28.60658],[149.83141,-28.60381],[149.83925,-28.60394],[149.84494,-28.61059],[149.85002,-28.60901],[149.85104,-28.60578],[149.85365,-28.60609],[149.85443,-28.60439],[149.86065,-28.60716],[149.86047,-28.60483],[149.86319,-28.605],[149.86213,-28.60242],[149.86663,-28.60394],[149.86638,-28.60535],[149.86796,-28.6075],[149.87088,-28.60551],[149.87207,-28.60739],[149.87243,-28.60452],[149.87412,-28.60352],[149.87485,-28.60741],[149.87746,-28.60882],[149.87748,-28.61199],[149.88219,-28.60982],[149.88233,-28.61372],[149.88375,-28.61234],[149.88651,-28.61436],[149.88649,-28.61251],[149.8905,-28.61269],[149.89116,-28.61414],[149.8867,-28.61517],[149.88955,-28.61893],[149.89071,-28.61921],[149.89379,-28.61597],[149.89495,-28.61883],[149.89745,-28.61929],[149.89738,-28.62162],[149.89964,-28.6222],[149.90028,-28.62176],[149.89935,-28.61967],[149.90352,-28.61991],[149.90572,-28.61839],[149.9036,-28.61723],[149.90315,-28.61557],[149.90522,-28.61525],[149.90596,-28.61339],[149.90698,-28.61485],[149.90813,-28.61439],[149.90951,-28.6123],[149.9086,-28.61046],[149.91162,-28.61002],[149.91226,-28.61077],[149.91436,-28.60938],[149.91632,-28.60961],[149.91733,-28.60814],[149.91845,-28.61011],[149.91938,-28.60957],[149.92156,-28.61061],[149.92501,-28.60901],[149.92491,-28.6114],[149.92702,-28.61062],[149.92966,-28.61345],[149.93055,-28.612],[149.93337,-28.61284],[149.93418,-28.61063],[149.93606,-28.61039],[149.93712,-28.61547],[149.94209,-28.61839],[149.94323,-28.61766],[149.94326,-28.61389],[149.94555,-28.61451],[149.94674,-28.61283],[149.94959,-28.61303],[149.94862,-28.61078],[149.95092,-28.60833],[149.95311,-28.60995],[149.95438,-28.60841],[149.95752,-28.60793],[149.95702,-28.61007],[149.96273,-28.61254],[149.96272,-28.6104],[149.96471,-28.61089],[149.96836,-28.60869],[149.97088,-28.61024],[149.97069,-28.60849],[149.97224,-28.60812],[149.97406,-28.60928],[149.97583,-28.61324],[149.97725,-28.61357],[149.97851,-28.60878],[149.98146,-28.6082],[149.98227,-28.6053],[149.98442,-28.60411],[149.98744,-28.605],[149.98505,-28.60257],[149.99343,-28.60026],[149.99497,-28.59391],[149.99855,-28.59551],[149.99936,-28.59374],[149.99853,-28.59141],[150.00292,-28.59281],[150.00328,-28.59181],[150.00118,-28.59038],[150.00471,-28.58868],[150.00528,-28.58676],[150.00614,-28.58693],[150.00651,-28.59026],[150.00808,-28.59136],[150.00989,-28.58994],[150.01156,-28.58531],[150.01522,-28.58568],[150.01293,-28.58357],[150.01725,-28.58335],[150.01536,-28.58055],[150.01807,-28.58018],[150.02186,-28.58271],[150.02424,-28.58194],[150.02542,-28.57959],[150.02687,-28.57902],[150.03062,-28.58028],[150.03092,-28.58138],[150.02977,-28.58224],[150.03102,-28.58378],[150.03417,-28.58342],[150.0362,-28.58616],[150.03858,-28.58319],[150.04008,-28.58308],[150.03937,-28.58531],[150.04049,-28.58619],[150.04312,-28.58436],[150.04335,-28.58217],[150.04569,-28.5823],[150.04611,-28.58358],[150.0442,-28.58649],[150.04883,-28.58944],[150.05117,-28.58528],[150.05654,-28.5865],[150.05542,-28.58449],[150.05737,-28.58385],[150.05717,-28.57986],[150.0581,-28.57898],[150.06382,-28.57751],[150.06504,-28.57919],[150.06637,-28.57771],[150.06836,-28.57841],[150.06904,-28.58111],[150.07027,-28.58024],[150.06968,-28.57824],[150.07263,-28.57664],[150.07222,-28.58011],[150.07473,-28.58003],[150.07481,-28.58143],[150.07698,-28.58349],[150.08004,-28.58428],[150.08264,-28.58245],[150.08234,-28.58161],[150.07979,-28.58172],[150.08089,-28.57746],[150.08523,-28.58091],[150.08738,-28.58038],[150.088,-28.57728],[150.08508,-28.57664],[150.08529,-28.57563],[150.09014,-28.57541],[150.08981,-28.57871],[150.09111,-28.57933],[150.09276,-28.57843],[150.09385,-28.57367],[150.09191,-28.57169],[150.09101,-28.56865],[150.09095,-28.56526],[150.09221,-28.56406],[150.09707,-28.56331],[150.10111,-28.56602],[150.10414,-28.56495],[150.10521,-28.56774],[150.11114,-28.57034],[150.11148,-28.56814],[150.11493,-28.56848],[150.11584,-28.56657],[150.1132,-28.56284],[150.11585,-28.56415],[150.11706,-28.56341],[150.11619,-28.56176],[150.12069,-28.56275],[150.12158,-28.55964],[150.12409,-28.56135],[150.12599,-28.56494],[150.12783,-28.56263],[150.13009,-28.56256],[150.12957,-28.56489],[150.13162,-28.56564],[150.13432,-28.56458],[150.13405,-28.56347],[150.13202,-28.56357],[150.13285,-28.56151],[150.13636,-28.56003],[150.13736,-28.56288],[150.1362,-28.56388],[150.13846,-28.56545],[150.13927,-28.56447],[150.13874,-28.5601],[150.14099,-28.56018],[150.14287,-28.56194],[150.14399,-28.56009],[150.14344,-28.55767],[150.14819,-28.55829],[150.14739,-28.55307],[150.15253,-28.55019],[150.1537,-28.55074],[150.1527,-28.55232],[150.15431,-28.55309],[150.15232,-28.55344],[150.15155,-28.55545],[150.15263,-28.55715],[150.15426,-28.55741],[150.15494,-28.55678],[150.15408,-28.55532],[150.15575,-28.55586],[150.15786,-28.55432],[150.15926,-28.55533],[150.16097,-28.55442],[150.16325,-28.55576],[150.16548,-28.55393],[150.16633,-28.55121],[150.16865,-28.5506],[150.16991,-28.55418],[150.1671,-28.55543],[150.16919,-28.55664],[150.17049,-28.56351],[150.17209,-28.56286],[150.17181,-28.55984],[150.17395,-28.55793],[150.17654,-28.55923],[150.18115,-28.55623],[150.18257,-28.55647],[150.18315,-28.55845],[150.18045,-28.56106],[150.18028,-28.56249],[150.17731,-28.56338],[150.18333,-28.56567],[150.18584,-28.56511],[150.18678,-28.56891],[150.18247,-28.56793],[150.18108,-28.56914],[150.18638,-28.57302],[150.18966,-28.57012],[150.18918,-28.56799],[150.19182,-28.56666],[150.19515,-28.56798],[150.19804,-28.56729],[150.202,-28.56996],[150.20233,-28.57246],[150.20355,-28.57325],[150.2082,-28.5726],[150.21259,-28.5743],[150.21365,-28.5729],[150.21244,-28.5683],[150.21373,-28.56724],[150.21553,-28.56717],[150.2178,-28.56878],[150.2195,-28.56665],[150.22663,-28.56865],[150.22845,-28.56776],[150.22934,-28.56519],[150.23372,-28.56078],[150.22977,-28.55878],[150.22994,-28.55573],[150.23203,-28.55615],[150.23625,-28.55986],[150.23858,-28.55998],[150.23929,-28.55767],[150.23543,-28.55569],[150.23562,-28.55393],[150.23952,-28.55418],[150.24231,-28.55244],[150.24397,-28.55477],[150.24847,-28.55263],[150.25385,-28.54644],[150.26127,-28.54487],[150.27025,-28.53958],[150.28211,-28.54281],[150.28797,-28.53778],[150.29136,-28.5373],[150.29578,-28.53966],[150.29704,-28.54407],[150.30053,-28.5485],[150.30925,-28.55063],[150.31317,-28.55537],[150.32016,-28.55696],[150.32309,-28.5666],[150.32787,-28.57111],[150.34163,-28.57499],[150.35057,-28.57506],[150.35113,-28.57621],[150.34908,-28.58115],[150.35153,-28.58674],[150.35491,-28.58927],[150.35894,-28.58989],[150.36283,-28.58907],[150.36359,-28.59125],[150.36282,-28.59675],[150.36823,-28.59828],[150.36694,-28.60341],[150.36376,-28.60564],[150.36331,-28.60738],[150.36415,-28.60879],[150.37031,-28.6105],[150.37051,-28.61169],[150.36857,-28.61344],[150.37015,-28.62114],[150.3746,-28.6229],[150.37961,-28.62715],[150.3867,-28.62603],[150.38709,-28.62768],[150.38483,-28.63165],[150.38752,-28.63381],[150.39168,-28.63403],[150.39689,-28.62897],[150.4016,-28.62718],[150.40415,-28.62924],[150.40445,-28.63098],[150.40885,-28.63402],[150.4124,-28.63345],[150.41481,-28.63424],[150.41588,-28.63553],[150.41581,-28.64542],[150.41489,-28.64695],[150.41204,-28.64782],[150.41289,-28.65043],[150.41603,-28.65226],[150.42089,-28.65023],[150.42558,-28.65106],[150.43285,-28.65572],[150.43718,-28.66145],[150.44216,-28.66429],[150.45303,-28.66595],[150.45668,-28.66355],[150.45814,-28.66827],[150.45927,-28.669],[150.46576,-28.66629],[150.47329,-28.6607],[150.47599,-28.66325],[150.48141,-28.66374],[150.48391,-28.6622],[150.48632,-28.65736],[150.4922,-28.65923],[150.49942,-28.65943],[150.50405,-28.66123],[150.51385,-28.66231],[150.51879,-28.66077],[150.5208,-28.65602],[150.52457,-28.65449],[150.52871,-28.65578],[150.53069,-28.65532],[150.53527,-28.65758],[150.53741,-28.6571],[150.53929,-28.66005],[150.53693,-28.66255],[150.5324,-28.66181],[150.52979,-28.6641],[150.52556,-28.66555],[150.52564,-28.66728],[150.52747,-28.66933],[150.53497,-28.67245],[150.53799,-28.6709],[150.54424,-28.67186],[150.5465,-28.67047],[150.55102,-28.6716],[150.55321,-28.66883],[150.55442,-28.66427],[150.54836,-28.65977],[150.54832,-28.65819],[150.5509,-28.65489],[150.5539,-28.65329],[150.55662,-28.65483],[150.55973,-28.66169],[150.56089,-28.6623],[150.56298,-28.66193],[150.56319,-28.66055],[150.5669,-28.65852],[150.56877,-28.65826],[150.57012,-28.65933],[150.57358,-28.65875],[150.57945,-28.65597],[150.58159,-28.65595],[150.59994,-28.66508],[150.60086,-28.66767],[150.59946,-28.66996],[150.60045,-28.67133],[150.61036,-28.67169],[150.61798,-28.674],[150.62039,-28.66906],[150.62539,-28.66905],[150.62682,-28.66996],[150.62688,-28.67292],[150.63223,-28.67709],[150.64152,-28.66536],[150.66481,-28.65655],[150.67021,-28.65384],[150.67342,-28.65046],[150.67618,-28.6521],[150.67605,-28.65575],[150.67885,-28.66018],[150.68137,-28.66167],[150.68411,-28.65931],[150.68789,-28.65818],[150.69201,-28.65389],[150.70137,-28.65536],[150.70955,-28.65216],[150.71037,-28.65064],[150.70889,-28.64767],[150.71027,-28.64551],[150.72424,-28.64097],[150.72665,-28.63887],[150.72707,-28.63781],[150.72565,-28.63684],[150.72728,-28.63556],[150.7441,-28.63455],[150.74586,-28.63571],[150.75126,-28.63425],[150.75286,-28.63562],[150.75437,-28.64009],[150.76715,-28.63846],[150.77203,-28.64477],[150.78249,-28.64553],[150.79633,-28.65613],[150.79827,-28.65579],[150.79923,-28.65397],[150.8045,-28.6537],[150.81483,-28.65767],[150.8186,-28.65755],[150.81898,-28.65985],[150.81635,-28.66249],[150.81877,-28.66669],[150.82852,-28.66719],[150.83468,-28.66921],[150.83929,-28.67251],[150.84349,-28.67208],[150.84905,-28.67372],[150.85194,-28.67771],[150.85219,-28.68019],[150.8635,-28.68826],[150.86845,-28.68584],[150.87005,-28.68626],[150.87407,-28.69439],[150.87717,-28.69355],[150.88025,-28.68905],[150.88443,-28.69049],[150.88442,-28.69503],[150.8859,-28.69584],[150.89093,-28.695],[150.89197,-28.69122],[150.89472,-28.68847],[150.9043,-28.68732],[150.90744,-28.68852],[150.91138,-28.6954],[150.91542,-28.69852],[150.91985,-28.7007],[150.92306,-28.69884],[150.92476,-28.69902],[150.93061,-28.70511],[150.93242,-28.71574],[150.9324,-28.72235],[150.93818,-28.72566],[150.93842,-28.73125],[150.94301,-28.72864],[150.94592,-28.72882],[150.9475,-28.73074],[150.94746,-28.7338],[150.95244,-28.7367],[150.95522,-28.73713],[150.95808,-28.73523],[150.96066,-28.73575],[150.96334,-28.73784],[150.97043,-28.73207],[150.97949,-28.73263],[150.98342,-28.73617],[150.98955,-28.73607],[150.99379,-28.73824],[150.99869,-28.73819],[151.00289,-28.7407],[151.00992,-28.74095],[151.012,-28.74452],[151.02457,-28.75306],[151.02661,-28.75615],[151.02822,-28.76197],[151.02916,-28.76842],[151.02853,-28.77053],[151.01957,-28.77133],[151.01859,-28.77311],[151.02336,-28.77584],[151.02582,-28.78196],[151.02595,-28.78852],[151.02409,-28.79348],[151.03328,-28.79393],[151.0377,-28.7976],[151.04109,-28.79763],[151.0427,-28.8016],[151.04146,-28.80407],[151.04089,-28.81012],[151.04226,-28.81576],[151.03759,-28.81844],[151.03657,-28.82569],[151.03725,-28.82788],[151.04299,-28.83308],[151.04268,-28.83524],[151.03922,-28.83653],[151.03892,-28.8383],[151.04346,-28.84004],[151.0444,-28.84389],[151.04688,-28.84535],[151.05025,-28.84355],[151.05302,-28.84492],[151.05346,-28.84646],[151.05158,-28.84872],[151.05369,-28.84982],[151.05884,-28.84625],[151.07149,-28.84491],[151.07217,-28.8407],[151.0782,-28.83805],[151.08266,-28.83451],[151.09041,-28.8353],[151.09684,-28.83839],[151.09963,-28.8365],[151.10333,-28.83658],[151.10449,-28.84407],[151.1058,-28.84476],[151.10705,-28.84263],[151.10862,-28.84273],[151.11408,-28.84787],[151.11535,-28.85053],[151.12515,-28.85056],[151.1319,-28.86006],[151.13979,-28.86309],[151.14357,-28.86015],[151.15162,-28.86544],[151.16107,-28.86538],[151.16282,-28.86714],[151.16303,-28.87033],[151.17085,-28.87709],[151.17299,-28.8803],[151.17844,-28.88045],[151.184,-28.87822],[151.19959,-28.88425],[151.20677,-28.89198],[151.20701,-28.89834],[151.21497,-28.9043],[151.22065,-28.90685],[151.22939,-28.9088],[151.2312,-28.90821],[151.23366,-28.90465],[151.23464,-28.9048],[151.23863,-28.9093],[151.24048,-28.91983],[151.24232,-28.92337],[151.25014,-28.92619],[151.25781,-28.93206],[151.26502,-28.93242],[151.26616,-28.93545],[151.27474,-28.93858],[151.27586,-28.94272],[151.28161,-28.94901],[151.28153,-28.95849],[151.27987,-28.96057],[151.28042,-28.96497],[151.27332,-28.9677],[151.27194,-28.97273],[151.28209,-28.98096],[151.28171,-28.98258],[151.27662,-28.98471],[151.27639,-28.98706],[151.27869,-28.99686],[151.28368,-29.00378],[151.28381,-29.01608],[151.28214,-29.01954],[151.27398,-29.02465],[151.27168,-29.03039],[151.27638,-29.03571],[151.28369,-29.03539],[151.28651,-29.03674],[151.28541,-29.03945],[151.28579,-29.0474],[151.29055,-29.0511],[151.28824,-29.05697],[151.28542,-29.05816],[151.28551,-29.06545],[151.28184,-29.0684],[151.27794,-29.0745],[151.27513,-29.07642],[151.27463,-29.08183],[151.27919,-29.08653],[151.27815,-29.09002],[151.27908,-29.09915],[151.28186,-29.10431],[151.28754,-29.10862],[151.29035,-29.11389],[151.29783,-29.1126],[151.30107,-29.11401],[151.30349,-29.11665],[151.30426,-29.12114],[151.31409,-29.13204],[151.31801,-29.13806],[151.31794,-29.13901],[151.31164,-29.14304],[151.30931,-29.14659],[151.30964,-29.15357],[151.31195,-29.15634],[151.31267,-29.16306],[151.3156,-29.16609],[151.32078,-29.1661],[151.32515,-29.1685],[151.33489,-29.17483],[151.33573,-29.17793],[151.33843,-29.17927],[151.34983,-29.17579],[151.3532,-29.17572],[151.35847,-29.17228],[151.36302,-29.17235],[151.36604,-29.17405],[151.37694,-29.1768],[151.38755,-29.17515],[151.39412,-29.17803],[151.40212,-29.17135],[151.40253,-29.16586],[151.40548,-29.16289],[151.40989,-29.15393],[151.4154,-29.15089],[151.41647,-29.14917],[151.42363,-29.14928],[151.42858,-29.14712],[151.43235,-29.14009],[151.44751,-29.13086],[151.45274,-29.12625],[151.45783,-29.11714],[151.46161,-29.10052],[151.46294,-29.09831],[151.47673,-29.0913],[151.48534,-29.08933],[151.48721,-29.08762],[151.49148,-29.07793],[151.49443,-29.07463],[151.49343,-29.07177],[151.49674,-29.07039],[151.4999,-29.07268],[151.50278,-29.06987],[151.50349,-29.06744],[151.50238,-29.06552],[151.49714,-29.06286],[151.49009,-29.05657],[151.49725,-29.04223],[151.49491,-29.03291],[151.49508,-29.0303],[151.49803,-29.0256],[151.4978,-29.02088],[151.50016,-29.01694],[151.50162,-29.01718],[151.50278,-29.0158],[151.50607,-29.00677],[151.50914,-29.00548],[151.51633,-28.99689],[151.52107,-28.9956],[151.52364,-28.989],[151.5317,-28.98541],[151.53421,-28.98148],[151.53729,-28.9798],[151.53589,-28.97508],[151.5381,-28.97133],[151.5418,-28.96872],[151.54453,-28.95895],[151.54475,-28.95559],[151.54387,-28.95456],[151.54483,-28.95329],[151.54811,-28.95295],[151.56671,-28.94184],[151.57205,-28.94473],[151.57508,-28.94355],[151.5769,-28.94505],[151.57894,-28.94412],[151.58249,-28.93943],[151.58403,-28.93927],[151.585,-28.93616],[151.58847,-28.93206],[151.60358,-28.92761],[151.60523,-28.92525],[151.60978,-28.92346],[151.6133,-28.92408],[151.61695,-28.92633],[151.62598,-28.92385],[151.63088,-28.92692],[151.63327,-28.9303],[151.63518,-28.92958],[151.63679,-28.92715],[151.63713,-28.92241],[151.64419,-28.91736],[151.64647,-28.91649],[151.65154,-28.91729],[151.65247,-28.91549],[151.65462,-28.9149],[151.66601,-28.90561],[151.67477,-28.90775],[151.67564,-28.90535],[151.67762,-28.90384],[151.67781,-28.90022],[151.68523,-28.8932],[151.68638,-28.88899],[151.68861,-28.88696],[151.68958,-28.88807],[151.69585,-28.88846],[151.69565,-28.88445],[151.69813,-28.88455],[151.70207,-28.88214],[151.7026,-28.87838],[151.70459,-28.87473],[151.70662,-28.87355],[151.70637,-28.87172],[151.71104,-28.87118],[151.71321,-28.87548],[151.71649,-28.87495],[151.72261,-28.87017],[151.72262,-28.86846],[151.72642,-28.86696],[151.72905,-28.86794],[151.7313,-28.87072],[151.73386,-28.87146],[151.73297,-28.87633],[151.73366,-28.8785],[151.73161,-28.88114],[151.73175,-28.88242],[151.73643,-28.89195],[151.73673,-28.89565],[151.74092,-28.89752],[151.73945,-28.90134],[151.74273,-28.9066],[151.74261,-28.90828],[151.74596,-28.91532],[151.74437,-28.9177],[151.74244,-28.9185],[151.75079,-28.92262],[151.75482,-28.92216],[151.75548,-28.92442],[151.75975,-28.92621],[151.75829,-28.93003],[151.76177,-28.93235],[151.76283,-28.9351],[151.76616,-28.93554],[151.77147,-28.93852],[151.77334,-28.93808],[151.77377,-28.94786],[151.77228,-28.94941],[151.77063,-28.95576],[151.7769,-28.959],[151.7774,-28.95717],[151.78281,-28.95396],[151.78634,-28.95294],[151.78926,-28.95343],[151.79343,-28.94947],[151.8069,-28.9453],[151.80878,-28.94585],[151.81073,-28.94888],[151.81028,-28.94978],[151.81462,-28.95061],[151.8151,-28.95381],[151.81175,-28.95573],[151.81331,-28.95981],[151.8179,-28.96184],[151.8238,-28.96233],[151.82574,-28.96397],[151.83066,-28.96175],[151.83555,-28.95677],[151.83673,-28.95051],[151.83598,-28.94841],[151.8399,-28.94278],[151.83983,-28.9395],[151.83652,-28.9367],[151.83515,-28.93208],[151.83633,-28.93107],[151.837,-28.92007],[151.83822,-28.91636],[151.84134,-28.91147],[151.84255,-28.91202],[151.84977,-28.90762],[151.85977,-28.90681],[151.8654,-28.90935],[151.86885,-28.91371],[151.8716,-28.91429],[151.87823,-28.91457],[151.88154,-28.91149],[151.8927,-28.91544],[151.89558,-28.91345],[151.89719,-28.91485],[151.90033,-28.91466],[151.91369,-28.92012],[151.91706,-28.92482],[151.91559,-28.92681],[151.91632,-28.92934],[151.92285,-28.92816],[151.92759,-28.92514],[151.93713,-28.92188],[151.9517,-28.91952],[151.95624,-28.91715],[151.96101,-28.91912],[151.9666,-28.91648],[151.96849,-28.91668],[151.97125,-28.91166],[151.97448,-28.90856],[151.97802,-28.90807],[151.98073,-28.90917],[151.9948,-28.89874],[151.99631,-28.89479],[151.99802,-28.89537],[152.0013,-28.89975],[151.99968,-28.9035],[152.00162,-28.90849],[152.00476,-28.90906],[152.0107,-28.90668],[152.01358,-28.89999],[152.01625,-28.8968],[152.01643,-28.89269],[152.01931,-28.89247],[152.02436,-28.88964],[152.02385,-28.88638],[152.02639,-28.88319],[152.0282,-28.87656],[152.03138,-28.87392],[152.03014,-28.86995],[152.03393,-28.86566],[152.03754,-28.86435],[152.0355,-28.85844],[152.039,-28.8546],[152.03756,-28.85164],[152.03223,-28.85452],[152.02953,-28.85427],[152.02794,-28.85727],[152.02598,-28.85824],[152.02309,-28.85467],[152.01764,-28.85147],[152.01536,-28.8517],[152.01492,-28.85023],[152.0181,-28.84544],[152.01692,-28.83793],[152.02112,-28.83663],[152.02086,-28.83516],[152.02294,-28.83095],[152.02776,-28.83165],[152.02875,-28.82988],[152.03338,-28.82807],[152.03412,-28.82002],[152.0366,-28.81779],[152.03607,-28.81563],[152.03459,-28.81516],[152.0365,-28.81073],[152.03527,-28.80812],[152.03522,-28.80365],[152.03788,-28.79937],[152.03785,-28.79741],[152.03397,-28.79112],[152.03209,-28.79089],[152.03782,-28.78701],[152.04049,-28.78219],[152.04054,-28.78055],[152.03564,-28.77716],[152.03793,-28.77273],[152.03652,-28.77035],[152.03752,-28.76378],[152.03615,-28.76109],[152.03607,-28.75727],[152.03863,-28.75407],[152.04108,-28.75336],[152.04087,-28.74751],[152.04377,-28.74604],[152.0477,-28.74043],[152.0461,-28.73385],[152.04229,-28.73183],[152.05388,-28.72555],[152.06213,-28.71824],[152.07133,-28.71496],[152.07603,-28.70835],[152.07201,-28.7049],[152.07175,-28.70255],[152.06885,-28.701],[152.06608,-28.69759],[152.06564,-28.69175],[152.06466,-28.69065],[152.06805,-28.68512],[152.06644,-28.68119],[152.062,-28.67939],[152.06076,-28.6807],[152.05821,-28.6799],[152.05254,-28.68223],[152.04876,-28.67682],[152.04619,-28.67598],[152.04449,-28.67308],[152.04574,-28.67089],[152.0449,-28.66832],[152.03906,-28.66458],[152.03161,-28.66616],[152.02075,-28.66389],[152.01419,-28.66578],[152.01049,-28.66499],[152.0116,-28.66185],[152.0089,-28.65922],[152.00593,-28.65173],[152.00443,-28.65215],[152.00204,-28.65064],[152.00292,-28.64845],[152.00241,-28.6403],[152.00048,-28.63633],[151.9984,-28.63384],[151.99705,-28.63365],[151.99606,-28.63081],[151.99099,-28.62458],[151.99012,-28.62073],[151.99373,-28.61451],[151.994,-28.61194],[151.99085,-28.60963],[151.9889,-28.60266],[151.99212,-28.59487],[151.98831,-28.59198],[151.98594,-28.58213],[151.98229,-28.57842],[151.9764,-28.57495],[151.97609,-28.57354],[151.96683,-28.57258],[151.96359,-28.56763],[151.95943,-28.56668],[151.95733,-28.56475],[151.9568,-28.56329],[151.9583,-28.55713],[151.95451,-28.55352],[151.95407,-28.55052],[151.95639,-28.54609],[151.95627,-28.54293],[151.95457,-28.5426],[151.95322,-28.53994],[151.95638,-28.52819],[151.95819,-28.52711],[151.95627,-28.52559],[151.95535,-28.51919],[151.95819,-28.51594],[151.96409,-28.51454],[151.96856,-28.50973],[151.9725,-28.50756],[151.97199,-28.5063],[151.97319,-28.50505],[151.9778,-28.50307],[151.98263,-28.50333],[151.9834,-28.50692],[151.98559,-28.50994],[151.98418,-28.51415],[151.98446,-28.5169],[151.98879,-28.52562],[151.99176,-28.52475],[151.9934,-28.52625],[151.99771,-28.52639],[152.00045,-28.52812],[152.01671,-28.52523],[152.02002,-28.5212],[152.01897,-28.51814],[152.0196,-28.51732],[152.02309,-28.51528],[152.02427,-28.51294],[152.02693,-28.51292],[152.03573,-28.50746],[152.04027,-28.50147],[152.04377,-28.49931],[152.04555,-28.49522],[152.05511,-28.49065],[152.05966,-28.49085],[152.06712,-28.48515],[152.06682,-28.47873],[152.0687,-28.47648],[152.06815,-28.47427],[152.06968,-28.46853],[152.0725,-28.46921],[152.07408,-28.46803],[152.07559,-28.46997],[152.07979,-28.47062],[152.08381,-28.46875],[152.08765,-28.46965],[152.09104,-28.46837],[152.09382,-28.46974],[152.0957,-28.46869],[152.09592,-28.46609],[152.09784,-28.46649],[152.10159,-28.46507],[152.1028,-28.4633],[152.11178,-28.46435],[152.11231,-28.46337],[152.11759,-28.46237],[152.12124,-28.46265],[152.12185,-28.46072],[152.12792,-28.45395],[152.13541,-28.45216],[152.14196,-28.44243],[152.14425,-28.44201],[152.14634,-28.43931],[152.15449,-28.43803],[152.15641,-28.43458],[152.16008,-28.43326],[152.16469,-28.43259],[152.16835,-28.43455],[152.17486,-28.43501],[152.18427,-28.43904],[152.18626,-28.43865],[152.18794,-28.43526],[152.19022,-28.43404],[152.19511,-28.43615],[152.2047,-28.43807],[152.20727,-28.44523],[152.21398,-28.44599],[152.21723,-28.44911],[152.21962,-28.4478],[152.22164,-28.44484],[152.22208,-28.442],[152.22569,-28.43724],[152.22868,-28.43702],[152.23098,-28.42958],[152.23444,-28.42736],[152.23531,-28.4247],[152.23806,-28.42348],[152.23959,-28.41959],[152.23916,-28.41787],[152.24366,-28.41596],[152.24898,-28.41153],[152.25207,-28.4106],[152.25245,-28.40728],[152.25587,-28.40336],[152.26038,-28.40077],[152.26354,-28.39431],[152.26532,-28.39422],[152.26668,-28.39074],[152.26824,-28.38953],[152.26969,-28.39088],[152.28175,-28.39283],[152.28861,-28.3915],[152.29175,-28.38126],[152.30734,-28.36904],[152.30937,-28.36284],[152.31283,-28.36249],[152.32036,-28.36695],[152.32661,-28.36675],[152.33194,-28.36829],[152.33569,-28.36663],[152.34185,-28.36797],[152.35663,-28.36119],[152.36517,-28.36615],[152.37476,-28.36696],[152.37836,-28.36564],[152.38342,-28.36885],[152.38797,-28.36746],[152.38796,-28.36596],[152.39171,-28.3624],[152.39354,-28.35729],[152.39888,-28.35224],[152.40112,-28.34707],[152.41024,-28.34149],[152.41087,-28.33945],[152.41636,-28.335],[152.4173,-28.32987],[152.41542,-28.32561],[152.41057,-28.32041],[152.4107,-28.31045],[152.41389,-28.30714],[152.41322,-28.30158],[152.41517,-28.29807],[152.41674,-28.29681],[152.4215,-28.29932],[152.42539,-28.29961],[152.42775,-28.29731],[152.43086,-28.29738],[152.43565,-28.29949],[152.44046,-28.2976],[152.44295,-28.29843],[152.44418,-28.29725],[152.44253,-28.29186],[152.44316,-28.28892],[152.44901,-28.28222],[152.44926,-28.28069],[152.45212,-28.27878],[152.45514,-28.27841],[152.45796,-28.27238],[152.46123,-28.26975],[152.45949,-28.26669],[152.46187,-28.26033],[152.47301,-28.25694],[152.47591,-28.25823],[152.4838,-28.25766],[152.48768,-28.25345],[152.48756,-28.24748],[152.49292,-28.24256],[152.49036,-28.23917],[152.48727,-28.23888],[152.48798,-28.23469],[152.48453,-28.23315],[152.48235,-28.22951],[152.4763,-28.22823],[152.47543,-28.23356],[152.47428,-28.23397],[152.46942,-28.23196],[152.46992,-28.22887],[152.45859,-28.2266],[152.45824,-28.221],[152.46021,-28.21837],[152.4656,-28.21675],[152.46738,-28.21259],[152.46982,-28.21068],[152.47053,-28.20763],[152.47316,-28.2053],[152.47238,-28.20205],[152.47074,-28.20031],[152.47086,-28.19496],[152.46979,-28.19421],[152.46303,-28.19528],[152.45821,-28.19439],[152.45557,-28.19538],[152.45055,-28.19044],[152.44762,-28.18933],[152.4473,-28.18664],[152.44311,-28.17988],[152.44212,-28.17828],[152.44208,-28.17706],[152.44669,-28.16643],[152.44655,-28.16389],[152.44009,-28.16136],[152.43554,-28.15631],[152.43441,-28.15085],[152.43489,-28.14751],[152.43376,-28.1438],[152.43205,-28.14263],[152.43404,-28.13101],[152.42614,-28.1291],[152.42153,-28.12445],[152.41955,-28.11908],[152.41393,-28.11632],[152.41172,-28.11356],[152.41172,-28.10572],[152.40834,-28.0995],[152.41084,-28.09358],[152.41712,-28.09068],[152.41845,-28.08849],[152.41647,-28.08129],[152.41472,-28.07867],[152.4164,-28.07373],[152.41631,-28.06975],[152.41064,-28.06876],[152.40095,-28.06463],[152.39761,-28.06172],[152.39003,-28.05945],[152.39503,-28.04899],[152.39376,-28.04659],[152.39433,-28.04405],[152.39336,-28.04173],[152.38821,-28.03604],[152.39031,-28.03086],[152.38298,-28.02473],[152.38147,-28.02103],[152.37491,-28.01288],[152.37683,-28.00777],[152.378,-27.99056],[152.38373,-27.98352],[152.38281,-27.9788],[152.3864,-27.97511],[152.38906,-27.97412],[152.38228,-27.96563],[152.37971,-27.96603],[152.37384,-27.96373],[152.37125,-27.96424],[152.36345,-27.96226],[152.35707,-27.96217],[152.35252,-27.96449],[152.34959,-27.96404],[152.34744,-27.96523],[152.34306,-27.96086],[152.33428,-27.96475],[152.32743,-27.96648],[152.32186,-27.96467],[152.31626,-27.96567],[152.30826,-27.96279],[152.29887,-27.95632],[152.29791,-27.95629],[152.29654,-27.95625],[152.29379,-27.95617],[152.29303,-27.95667],[152.29382,-27.96121],[152.28634,-27.96303],[152.28444,-27.96598],[152.28075,-27.96636],[152.27718,-27.96973],[152.27015,-27.96845],[152.26908,-27.97013],[152.25854,-27.97238],[152.25249,-27.96688],[152.24154,-27.96064],[152.23599,-27.95966],[152.23143,-27.95754],[152.22504,-27.95648],[152.22173,-27.95746],[152.20968,-27.95409],[152.20787,-27.96467],[152.19982,-27.96434],[152.19449,-27.96151],[152.18966,-27.96481],[152.16853,-27.96596],[152.16478,-27.96788],[152.15892,-27.96775],[152.15446,-27.96638],[152.1478,-27.96669],[152.14635,-27.96299],[152.13978,-27.95831],[152.14016,-27.95378],[152.14339,-27.95156],[152.14311,-27.94785],[152.1402,-27.94621],[152.13921,-27.94412],[152.10677,-27.93968],[152.09804,-27.94456],[152.09799,-27.94709],[152.09045,-27.95404],[152.08225,-27.95889],[152.07444,-27.96129],[152.02546,-27.95452],[152.02397,-27.96313],[151.99478,-27.95921],[151.99857,-27.97098],[151.97596,-27.96786],[151.97344,-27.98043],[151.92178,-27.97335],[151.91887,-27.98989],[151.90908,-27.98509],[151.90719,-27.99167],[151.91716,-28.00851],[151.91693,-28.01213],[151.80768,-27.99699],[151.80608,-28.00584],[151.80054,-28.00217],[151.79803,-28.00236],[151.79697,-27.99995],[151.7923,-28.00034],[151.78503,-28.01],[151.79028,-28.01459],[151.77741,-28.02301],[151.77297,-28.016],[151.77022,-28.01361],[151.77001,-28.01121],[151.76894,-28.01174],[151.76642,-28.01056],[151.76796,-28.0085],[151.76692,-28.00756],[151.76575,-28.00757],[151.76621,-28.00885],[151.76495,-28.008],[151.76478,-28.00285],[151.76029,-28.00356],[151.75739,-28.00559],[151.75311,-28.00412],[151.75205,-28.00159],[151.74833,-27.9988],[151.72737,-27.99441],[151.7221,-27.99187],[151.72177,-27.99419],[151.69415,-27.99109],[151.69337,-27.99193],[151.66301,-27.98785],[151.61559,-27.98349],[151.54353,-27.97408],[151.53633,-28.0194],[151.50683,-28.01582],[151.49561,-28.08991],[151.4733,-28.08769],[151.46608,-28.09138],[151.46382,-28.09361],[151.46002,-28.10703],[151.45252,-28.10446],[151.44568,-28.10495],[151.44291,-28.1114],[151.44673,-28.11648],[151.44374,-28.12119],[151.44465,-28.12225],[151.43933,-28.13593],[151.44113,-28.15168],[151.43727,-28.1541],[151.42339,-28.15579],[151.41866,-28.15833],[151.41456,-28.15899],[151.40999,-28.16313],[151.40207,-28.16288],[151.39697,-28.16737],[151.39178,-28.16021],[151.3813,-28.1575],[151.37643,-28.15414],[151.37371,-28.1557],[151.36597,-28.15631],[151.3647,-28.16061],[151.36062,-28.16539],[151.35287,-28.1676],[151.35109,-28.16932],[151.34698,-28.16985],[151.34502,-28.17133],[151.34237,-28.17675],[151.34009,-28.17807],[151.33771,-28.17879],[151.33622,-28.17805],[151.33367,-28.17938],[151.33023,-28.17839],[151.32813,-28.17946],[151.32423,-28.17761],[151.32111,-28.17769],[151.32052,-28.17535],[151.32138,-28.17378],[151.3201,-28.17261],[151.31178,-28.17329],[151.30945,-28.17231],[151.30681,-28.17393],[151.30651,-28.17594],[151.30237,-28.1802],[151.30023,-28.18058],[151.29753,-28.18301],[151.28793,-28.18111],[151.28058,-28.18431],[151.27323,-28.19238],[151.20588,-28.18353],[151.20697,-28.17741],[151.20286,-28.17837],[151.19915,-28.1778],[151.19714,-28.17914],[151.19686,-28.1763],[151.1943,-28.17558],[151.19045,-28.17996],[151.18497,-28.18161],[151.18521,-28.18378],[151.17056,-28.18196],[151.17326,-28.16703],[151.14346,-28.16941],[151.14022,-28.17273],[151.13377,-28.17197],[151.12552,-28.17648],[151.09072,-28.17443],[151.0918,-28.16755],[151.06205,-28.1634],[151.05973,-28.16188],[151.05821,-28.16286],[151.05436,-28.16232],[151.04669,-28.16713],[151.04117,-28.16131],[151.04268,-28.15849],[151.03757,-28.14123],[151.03989,-28.13466],[151.04461,-28.1313],[151.0492,-28.124],[151.05001,-28.11663],[151.05247,-28.11547],[151.05361,-28.10999],[151.05528,-28.10821],[151.05711,-28.10053],[151.0557,-28.09397],[150.85623,-28.06962],[150.85191,-28.05978],[150.83642,-28.06514],[150.82556,-28.05418],[150.82668,-28.03911],[150.83212,-28.03055],[150.80516,-28.01486],[150.79649,-28.00425],[150.79509,-27.99254],[150.76726,-27.98417],[150.76059,-27.98325],[150.75918,-27.97683],[150.75093,-27.96979],[150.74201,-27.97556],[150.73564,-27.97101],[150.73504,-27.94848],[150.72373,-27.94041],[150.70905,-27.93837],[150.7085,-27.93403],[150.70269,-27.93452],[150.70267,-27.93452],[150.694,-27.93308],[150.67748,-27.91883],[150.67421,-27.90366],[150.6464,-27.89507],[150.64479,-27.85066],[150.63345,-27.82553],[150.6212,-27.81099],[150.60362,-27.80616],[150.59225,-27.78991],[150.57502,-27.77928],[150.52083,-27.77239],[150.51371,-27.76602],[150.48901,-27.78788],[150.4582,-27.76032],[150.45471,-27.76145],[150.45477,-27.76485],[150.45065,-27.76702],[150.44842,-27.76566],[150.44596,-27.76114],[150.44432,-27.76042],[150.44116,-27.76103],[150.43939,-27.76252],[150.43922,-27.76829],[150.41011,-27.74645],[150.38308,-27.76432],[150.39326,-27.77635],[150.39293,-27.77824],[150.38865,-27.78079],[150.3869,-27.78333],[150.37877,-27.78255],[150.36109,-27.76492],[150.33509,-27.76138],[150.32637,-27.80871],[150.27423,-27.80275],[150.27673,-27.8516],[150.24612,-27.85175],[150.24828,-27.90772],[150.23208,-27.9058],[150.23191,-27.90655],[150.22273,-27.89451],[150.1567,-27.92261],[150.13631,-27.91045],[150.12386,-27.94429],[150.11705,-27.94388],[150.11729,-27.94854],[150.12156,-27.95054],[150.11688,-27.96326],[150.06949,-27.95822],[150.06592,-27.9855],[149.93233,-27.96703],[149.90511,-27.97464],[149.89705,-27.94072],[149.85533,-27.95059],[149.85714,-27.95473],[149.8669,-27.95956],[149.88479,-27.9796],[149.78648,-28.0064],[149.6316,-27.98713],[149.62725,-28.01458],[149.5315,-28.00231],[149.53411,-27.9863],[149.52092,-27.98898],[149.49516,-27.98942],[149.49358,-27.99742],[149.45754,-27.99276],[149.44534,-28.07134]]]},"properties":{"District Name":"Warwick","DDMG Name":"Warwick"}}]}