{"type":"FeatureCollection","name":"qld_dm_region_boundaries_gda2020_simp20","crs":{"type":"name","properties":{"name":"urn:ogc:def:crs:EPSG::7844"}},"features":[{"type":"Feature","geometry":{"type":"MultiPolygon","coordinates":[[[[153.0668,-27.2815],[153.08055,-27.26331],[153.08091,-27.26143],[153.08455,-27.25836],[153.08698,-27.2596],[153.09315,-27.25597],[153.10123,-27.2593],[153.10374,-27.26344],[153.1077,-27.26176],[153.11043,-27.25503],[153.10961,-27.25319],[153.11178,-27.24404],[153.11525,-27.23479],[153.1178,-27.23332],[153.11715,-27.23007],[153.1152,-27.22722],[153.11527,-27.22357],[153.117,-27.22018],[153.11662,-27.21589],[153.11947,-27.21242],[153.11635,-27.20924],[153.11709,-27.2043],[153.11551,-27.20148],[153.11668,-27.19825],[153.11494,-27.19172],[153.11342,-27.19059],[153.11111,-27.19206],[153.10666,-27.19102],[153.10478,-27.19165],[153.10389,-27.19325],[153.10769,-27.19195],[153.11015,-27.19258],[153.10658,-27.19555],[153.10482,-27.1936],[153.1036,-27.19405],[153.10523,-27.19744],[153.10312,-27.19991],[153.09708,-27.20316],[153.09266,-27.20426],[153.08871,-27.20286],[153.08929,-27.2062],[153.08518,-27.20535],[153.08222,-27.20347],[153.05741,-27.19751],[153.04985,-27.19436],[153.04234,-27.19694],[153.03817,-27.19703],[153.03204,-27.18936],[153.02952,-27.18107],[153.03049,-27.17383],[153.03542,-27.16725],[153.03542,-27.16258],[153.03947,-27.15921],[153.04219,-27.15869],[153.04149,-27.15379],[153.04455,-27.14831],[153.04851,-27.14419],[153.05479,-27.12953],[153.06255,-27.11743],[153.06373,-27.11384],[153.06702,-27.11009],[153.07249,-27.10658],[153.09869,-27.09231],[153.10286,-27.09171],[153.10438,-27.08856],[153.11454,-27.08567],[153.12028,-27.085],[153.12253,-27.08659],[153.13003,-27.08692],[153.13302,-27.08594],[153.16677,-27.09988],[153.17538,-27.1003],[153.18156,-27.09818],[153.19008,-27.0984],[153.19449,-27.09726],[153.1983,-27.09371],[153.20123,-27.08778],[153.20604,-27.08417],[153.20725,-27.08175],[153.20647,-27.07346],[153.20236,-27.06249],[153.1802,-27.02773],[153.16752,-27.00241],[153.15762,-26.97422],[153.14695,-26.93733],[153.08703,-26.95188],[153.08675,-26.95467],[153.08332,-26.95841],[153.07931,-26.96036],[153.07986,-26.96968],[153.07784,-26.97583],[153.06634,-26.98371],[153.06009,-26.97997],[153.05523,-26.98059],[153.05274,-26.97515],[153.04962,-26.97505],[153.04276,-26.96946],[153.01845,-26.96636],[153.01752,-26.97247],[153.0178,-26.97505],[153.01907,-26.97626],[153.01739,-26.97715],[153.01794,-26.97838],[153.01685,-26.97907],[153.01159,-26.97899],[153.00296,-26.98479],[152.99166,-26.98453],[152.98842,-26.98313],[152.98513,-26.98473],[152.98042,-26.98188],[152.97559,-26.98468],[152.97409,-26.98236],[152.97813,-26.98026],[152.97501,-26.97438],[152.96663,-26.97881],[152.96253,-26.97296],[152.95318,-26.96837],[152.95195,-26.96617],[152.94589,-26.96657],[152.9386,-26.96385],[152.93737,-26.96437],[152.93504,-26.96312],[152.92724,-26.96218],[152.92351,-26.96009],[152.9215,-26.96064],[152.91973,-26.95551],[152.91726,-26.95471],[152.90372,-26.9539],[152.89843,-26.95803],[152.89116,-26.96075],[152.88551,-26.95595],[152.874,-26.95832],[152.85806,-26.95621],[152.86073,-26.936],[152.86364,-26.93489],[152.86791,-26.93578],[152.86828,-26.93362],[152.87264,-26.93033],[152.87545,-26.91352],[152.85946,-26.9113],[152.86118,-26.90275],[152.85533,-26.9019],[152.85652,-26.89488],[152.85427,-26.89457],[152.85549,-26.88738],[152.86678,-26.88892],[152.86948,-26.87288],[152.85747,-26.87123],[152.85833,-26.86608],[152.8517,-26.8652],[152.85319,-26.85622],[152.85404,-26.85587],[152.84856,-26.85513],[152.84804,-26.85816],[152.84394,-26.85759],[152.83858,-26.85503],[152.83206,-26.85643],[152.83185,-26.85328],[152.82904,-26.85022],[152.82447,-26.84938],[152.81988,-26.84376],[152.81814,-26.84021],[152.81809,-26.83634],[152.81264,-26.83103],[152.81247,-26.82815],[152.80795,-26.82782],[152.80669,-26.82696],[152.80702,-26.82516],[152.8049,-26.82417],[152.80101,-26.82632],[152.79209,-26.82709],[152.79127,-26.82516],[152.78673,-26.82226],[152.78647,-26.82036],[152.7885,-26.81806],[152.79003,-26.81323],[152.78861,-26.81297],[152.78937,-26.80963],[152.78437,-26.81246],[152.78081,-26.81004],[152.77713,-26.80956],[152.77949,-26.79713],[152.77646,-26.79554],[152.77103,-26.79595],[152.76692,-26.79332],[152.7611,-26.79236],[152.75918,-26.80305],[152.75307,-26.79735],[152.74948,-26.8163],[152.74761,-26.81548],[152.74678,-26.81512],[152.74212,-26.81016],[152.73988,-26.8098],[152.73917,-26.80803],[152.73362,-26.8073],[152.73516,-26.81125],[152.73296,-26.81496],[152.72907,-26.81663],[152.72747,-26.81605],[152.72638,-26.81419],[152.72663,-26.81147],[152.72223,-26.80682],[152.72099,-26.80856],[152.70944,-26.81111],[152.69645,-26.80913],[152.69552,-26.80792],[152.69812,-26.80555],[152.69879,-26.80298],[152.67962,-26.79995],[152.67998,-26.80163],[152.67805,-26.80435],[152.67791,-26.80701],[152.67877,-26.80878],[152.68132,-26.80994],[152.67902,-26.81643],[152.67514,-26.81834],[152.674,-26.81821],[152.67265,-26.81869],[152.67214,-26.81937],[152.67314,-26.82195],[152.67781,-26.82091],[152.67908,-26.82219],[152.67638,-26.82604],[152.67847,-26.82861],[152.67846,-26.83035],[152.67545,-26.83249],[152.67358,-26.83381],[152.67274,-26.83441],[152.67155,-26.83478],[152.66726,-26.83682],[152.66679,-26.84027],[152.67106,-26.84488],[152.66975,-26.84751],[152.67012,-26.85044],[152.66839,-26.85192],[152.66989,-26.85294],[152.67161,-26.85767],[152.67425,-26.85636],[152.67524,-26.85733],[152.67528,-26.86038],[152.67766,-26.86343],[152.67626,-26.86679],[152.68021,-26.86938],[152.68444,-26.87562],[152.6864,-26.87581],[152.68567,-26.87912],[152.68401,-26.87952],[152.68773,-26.88102],[152.68729,-26.88641],[152.68934,-26.88889],[152.68985,-26.89146],[152.68854,-26.89262],[152.68861,-26.89692],[152.67894,-26.89559],[152.67856,-26.89778],[152.6675,-26.89626],[152.66792,-26.90021],[152.66653,-26.90649],[152.66042,-26.90986],[152.68744,-26.91373],[152.68232,-26.91516],[152.6825,-26.91736],[152.67789,-26.91867],[152.67827,-26.92028],[152.67651,-26.92356],[152.67315,-26.92262],[152.67314,-26.9244],[152.66996,-26.92744],[152.66966,-26.92936],[152.67174,-26.93318],[152.67033,-26.93362],[152.67004,-26.93713],[152.67103,-26.93822],[152.6676,-26.94011],[152.66684,-26.94286],[152.66762,-26.94361],[152.66422,-26.94321],[152.66408,-26.94731],[152.66224,-26.94597],[152.6631,-26.94804],[152.66186,-26.94925],[152.66023,-26.94789],[152.65912,-26.94988],[152.65609,-26.94777],[152.65358,-26.94877],[152.65126,-26.95533],[152.65755,-26.95392],[152.6577,-26.95637],[152.66325,-26.95869],[152.66593,-26.95776],[152.66772,-26.95907],[152.66809,-26.96102],[152.66628,-26.9637],[152.6626,-26.96565],[152.66277,-26.96662],[152.66452,-26.9668],[152.66475,-26.96905],[152.67145,-26.96526],[152.67674,-26.96608],[152.68021,-26.96414],[152.68519,-26.96572],[152.68407,-26.9668],[152.68431,-26.96875],[152.68206,-26.96962],[152.68237,-26.97044],[152.68021,-26.97198],[152.68125,-26.97503],[152.67951,-26.97706],[152.68224,-26.98047],[152.6867,-26.97892],[152.6862,-26.98454],[152.68927,-26.98455],[152.68801,-26.98753],[152.68483,-26.98699],[152.68503,-26.98998],[152.68382,-26.99053],[152.68335,-26.99278],[152.6886,-26.99908],[152.69151,-27.00509],[152.69699,-27.00915],[152.69553,-27.01239],[152.69762,-27.01352],[152.69729,-27.01606],[152.7008,-27.01828],[152.70023,-27.02273],[152.7035,-27.02481],[152.70152,-27.02646],[152.70325,-27.02878],[152.70244,-27.03094],[152.69845,-27.0317],[152.69746,-27.03347],[152.69812,-27.03955],[152.69674,-27.04096],[152.69818,-27.04232],[152.69584,-27.04243],[152.69273,-27.04633],[152.68915,-27.04828],[152.68927,-27.05102],[152.69087,-27.05307],[152.68922,-27.05505],[152.6925,-27.05605],[152.69277,-27.0576],[152.69491,-27.05559],[152.6958,-27.0573],[152.69515,-27.05904],[152.67768,-27.05696],[152.68423,-27.06729],[152.68562,-27.07201],[152.68399,-27.07471],[152.68567,-27.07657],[152.68712,-27.08237],[152.68225,-27.08609],[152.67683,-27.08793],[152.67657,-27.08833],[152.67852,-27.09332],[152.67899,-27.09418],[152.68164,-27.09515],[152.68975,-27.09279],[152.69581,-27.09488],[152.70209,-27.09481],[152.70796,-27.09628],[152.71178,-27.09783],[152.71199,-27.09893],[152.7183,-27.10038],[152.71806,-27.10223],[152.72621,-27.10322],[152.72649,-27.10138],[152.73446,-27.10234],[152.73351,-27.10743],[152.731,-27.10763],[152.73032,-27.10875],[152.72945,-27.1159],[152.73022,-27.11806],[152.7281,-27.12194],[152.7307,-27.12628],[152.73082,-27.13047],[152.73309,-27.13426],[152.73482,-27.14168],[152.73396,-27.14259],[152.73668,-27.14395],[152.73793,-27.15051],[152.73933,-27.15093],[152.73685,-27.15527],[152.72982,-27.16155],[152.72906,-27.16377],[152.73356,-27.17151],[152.72976,-27.17249],[152.72955,-27.17271],[152.72968,-27.17506],[152.72849,-27.17686],[152.72618,-27.17658],[152.72297,-27.18047],[152.7186,-27.18275],[152.71631,-27.18664],[152.71227,-27.18874],[152.71119,-27.19215],[152.70895,-27.19224],[152.70218,-27.20201],[152.70169,-27.20302],[152.70357,-27.20741],[152.70414,-27.20852],[152.70412,-27.2087],[152.70385,-27.21078],[152.70361,-27.21268],[152.70353,-27.21287],[152.70046,-27.2198],[152.70222,-27.22635],[152.70022,-27.23023],[152.69545,-27.23399],[152.69307,-27.23423],[152.69087,-27.23595],[152.69246,-27.24171],[152.69249,-27.24182],[152.69242,-27.24193],[152.68741,-27.24899],[152.68149,-27.25482],[152.6812,-27.26273],[152.68375,-27.26669],[152.68367,-27.27237],[152.6862,-27.27453],[152.69036,-27.2745],[152.69102,-27.2745],[152.69108,-27.2745],[152.69154,-27.2746],[152.70473,-27.2773],[152.70492,-27.27734],[152.70529,-27.2788],[152.70552,-27.27969],[152.70555,-27.27982],[152.7044,-27.28262],[152.70556,-27.28608],[152.70368,-27.29065],[152.70424,-27.29254],[152.71359,-27.2895],[152.71726,-27.29263],[152.72712,-27.29476],[152.73204,-27.29716],[152.7357,-27.29668],[152.73886,-27.29374],[152.74566,-27.29331],[152.74879,-27.29512],[152.7536,-27.29501],[152.75322,-27.29698],[152.75684,-27.30066],[152.75654,-27.30719],[152.75556,-27.30785],[152.75629,-27.30871],[152.75584,-27.30921],[152.75482,-27.31036],[152.75395,-27.31134],[152.74912,-27.31322],[152.74863,-27.3169],[152.74722,-27.31709],[152.7485,-27.31875],[152.74485,-27.31901],[152.73917,-27.32334],[152.73117,-27.32322],[152.7301,-27.32414],[152.72331,-27.32207],[152.71955,-27.32346],[152.71906,-27.32776],[152.7173,-27.33062],[152.71019,-27.33255],[152.69566,-27.34286],[152.69198,-27.34278],[152.68605,-27.34908],[152.68419,-27.34879],[152.67969,-27.37226],[152.6864,-27.37322],[152.68704,-27.36965],[152.69051,-27.37012],[152.69225,-27.36002],[152.69952,-27.36099],[152.70034,-27.35615],[152.70693,-27.35699],[152.70782,-27.3518],[152.7239,-27.35397],[152.72201,-27.36509],[152.73324,-27.36663],[152.73218,-27.37267],[152.73685,-27.37335],[152.73295,-27.39599],[152.7415,-27.3911],[152.74176,-27.39312],[152.74337,-27.39472],[152.74236,-27.3981],[152.74065,-27.39876],[152.74077,-27.40255],[152.74137,-27.40617],[152.74722,-27.40708],[152.74582,-27.41523],[152.74812,-27.41554],[152.74805,-27.42183],[152.74709,-27.42378],[152.74287,-27.42543],[152.74095,-27.42741],[152.74419,-27.42785],[152.74272,-27.43638],[152.74604,-27.43686],[152.74541,-27.44058],[152.7474,-27.44086],[152.74412,-27.46013],[152.73826,-27.45933],[152.73787,-27.46099],[152.73784,-27.46465],[152.73925,-27.46729],[152.73832,-27.46901],[152.73923,-27.47089],[152.73797,-27.47248],[152.74265,-27.47143],[152.74134,-27.47196],[152.74061,-27.47576],[152.74337,-27.47617],[152.74264,-27.47983],[152.74032,-27.47949],[152.73947,-27.48296],[152.7406,-27.48657],[152.74232,-27.48807],[152.73933,-27.4876],[152.73801,-27.4946],[152.73016,-27.49562],[152.73052,-27.49672],[152.73878,-27.50406],[152.73893,-27.50433],[152.7393,-27.50497],[152.74482,-27.51461],[152.75113,-27.51758],[152.76083,-27.51761],[152.76305,-27.52166],[152.76294,-27.52185],[152.76109,-27.52513],[152.75371,-27.52352],[152.75318,-27.52353],[152.75186,-27.52399],[152.75009,-27.52478],[152.74875,-27.52625],[152.74807,-27.52712],[152.74361,-27.54317],[152.74174,-27.55218],[152.74025,-27.56417],[152.7428,-27.56674],[152.74462,-27.56713],[152.74609,-27.56711],[152.74846,-27.56492],[152.75096,-27.56757],[152.75381,-27.56832],[152.75451,-27.56629],[152.7564,-27.56619],[152.76735,-27.556],[152.77052,-27.55646],[152.77264,-27.55948],[152.7816,-27.55933],[152.78278,-27.55663],[152.78516,-27.55679],[152.784,-27.553],[152.78264,-27.55219],[152.78512,-27.55034],[152.78648,-27.55036],[152.78847,-27.55412],[152.79363,-27.55597],[152.79597,-27.5549],[152.79727,-27.55496],[152.79847,-27.55502],[152.79945,-27.55507],[152.80325,-27.55587],[152.80517,-27.5575],[152.80794,-27.55754],[152.81447,-27.55675],[152.81978,-27.55599],[152.82048,-27.55562],[152.82217,-27.55414],[152.82363,-27.55111],[152.82421,-27.54991],[152.82424,-27.54984],[152.82626,-27.54991],[152.83601,-27.54598],[152.83622,-27.54589],[152.84006,-27.54563],[152.84147,-27.54436],[152.84014,-27.54002],[152.8307,-27.53704],[152.83037,-27.53472],[152.83145,-27.53313],[152.8388,-27.53066],[152.8445,-27.53164],[152.84775,-27.53338],[152.85251,-27.54241],[152.85267,-27.54271],[152.85239,-27.54794],[152.84914,-27.55659],[152.84898,-27.56466],[152.85486,-27.5787],[152.85692,-27.59668],[152.85716,-27.597],[152.86015,-27.59799],[152.86223,-27.59725],[152.86992,-27.58098],[152.87219,-27.57942],[152.87245,-27.57941],[152.87366,-27.57936],[152.87497,-27.5793],[152.87526,-27.57953],[152.89054,-27.59179],[152.89641,-27.60142],[152.9008,-27.60244],[152.90339,-27.60561],[152.9071,-27.60441],[152.90893,-27.60638],[152.91263,-27.60641],[152.91553,-27.605],[152.9213,-27.60616],[152.92177,-27.60625],[152.92762,-27.61078],[152.93394,-27.6139],[152.93426,-27.61406],[152.94071,-27.62343],[152.93976,-27.62847],[152.94088,-27.62864],[152.94391,-27.62903],[152.94413,-27.62912],[152.94427,-27.62914],[152.94989,-27.63298],[152.96963,-27.63666],[152.97322,-27.63916],[152.97883,-27.64638],[152.99553,-27.65354],[152.99865,-27.65459],[153.03722,-27.66022],[153.04003,-27.65402],[153.05875,-27.6568],[153.06766,-27.65106],[153.06945,-27.65293],[153.07232,-27.65097],[153.07776,-27.65196],[153.0954,-27.64505],[153.09443,-27.64287],[153.09684,-27.64203],[153.09645,-27.6396],[153.09457,-27.63933],[153.09616,-27.63034],[153.09488,-27.63003],[153.09461,-27.63178],[153.09099,-27.62893],[153.09146,-27.62631],[153.09673,-27.62712],[153.09748,-27.62289],[153.09582,-27.62111],[153.09372,-27.62081],[153.0947,-27.61717],[153.10113,-27.61793],[153.10584,-27.59319],[153.10592,-27.5932],[153.12187,-27.59535],[153.12307,-27.58771],[153.12399,-27.58722],[153.14024,-27.58962],[153.1423,-27.59131],[153.14736,-27.59056],[153.15636,-27.59184],[153.15984,-27.59577],[153.17144,-27.60328],[153.17328,-27.60604],[153.18083,-27.60912],[153.18376,-27.61259],[153.18173,-27.62431],[153.17575,-27.62347],[153.17384,-27.63425],[153.18361,-27.63471],[153.18321,-27.63829],[153.18761,-27.63978],[153.18755,-27.64075],[153.19356,-27.64158],[153.19392,-27.63947],[153.207,-27.64122],[153.20611,-27.64394],[153.20851,-27.64517],[153.23878,-27.64922],[153.23888,-27.64736],[153.25492,-27.64958],[153.25452,-27.65281],[153.26245,-27.65398],[153.26276,-27.65605],[153.28068,-27.658],[153.28024,-27.66308],[153.28228,-27.66694],[153.28235,-27.66708],[153.28105,-27.66917],[153.28175,-27.6715],[153.28047,-27.67256],[153.28082,-27.67392],[153.28265,-27.67419],[153.28098,-27.68318],[153.283,-27.68348],[153.28224,-27.68711],[153.28572,-27.68662],[153.29025,-27.68774],[153.29033,-27.68776],[153.28993,-27.68864],[153.28639,-27.68782],[153.28775,-27.68899],[153.28769,-27.69021],[153.2876,-27.69198],[153.28759,-27.6922],[153.28749,-27.69226],[153.2873,-27.69275],[153.28685,-27.69295],[153.2868,-27.69337],[153.28667,-27.69435],[153.28946,-27.69243],[153.29252,-27.69203],[153.29402,-27.70011],[153.30103,-27.70874],[153.30462,-27.71045],[153.30886,-27.71055],[153.31714,-27.70769],[153.32067,-27.70512],[153.32776,-27.69583],[153.34007,-27.69683],[153.35447,-27.69087],[153.3584,-27.69085],[153.35908,-27.69157],[153.36191,-27.69995],[153.36196,-27.7084],[153.36642,-27.71231],[153.36862,-27.71224],[153.37152,-27.70827],[153.37533,-27.70851],[153.38168,-27.7113],[153.38481,-27.7103],[153.38764,-27.70745],[153.39172,-27.70772],[153.39303,-27.71466],[153.39311,-27.71507],[153.39531,-27.71656],[153.40071,-27.72106],[153.40293,-27.72479],[153.4038,-27.7266],[153.40507,-27.73385],[153.4059,-27.73567],[153.40826,-27.74085],[153.41244,-27.74313],[153.41334,-27.74362],[153.41447,-27.74353],[153.42525,-27.74266],[153.43929,-27.73575],[153.44674,-27.7352],[153.44769,-27.72922],[153.45059,-27.72792],[153.45217,-27.72551],[153.45379,-27.71857],[153.45446,-27.69707],[153.45851,-27.67161],[153.47207,-27.60954],[153.48117,-27.57978],[153.50027,-27.52704],[153.52652,-27.46202],[153.54187,-27.43672],[153.54377,-27.43718],[153.54251,-27.43606],[153.54316,-27.43579],[153.54578,-27.43687],[153.54641,-27.43583],[153.54446,-27.43462],[153.54636,-27.43491],[153.54635,-27.43405],[153.54271,-27.4305],[153.54407,-27.42557],[153.54289,-27.42433],[153.53914,-27.425],[153.53505,-27.42347],[153.53402,-27.42547],[153.52872,-27.42588],[153.5277,-27.42684],[153.52133,-27.42497],[153.5144,-27.42073],[153.51024,-27.42202],[153.49808,-27.42103],[153.48452,-27.41632],[153.47529,-27.41034],[153.46398,-27.39612],[153.4553,-27.38989],[153.45601,-27.38871],[153.45388,-27.3881],[153.44885,-27.38975],[153.44868,-27.39068],[153.44855,-27.38972],[153.4442,-27.38932],[153.21773,-27.4484],[153.21659,-27.46824],[153.20343,-27.46804],[153.20989,-27.46685],[153.21049,-27.4652],[153.20536,-27.46601],[153.19874,-27.46042],[153.19752,-27.45869],[153.19938,-27.45869],[153.19993,-27.45697],[153.19674,-27.4548],[153.19558,-27.45152],[153.19242,-27.45186],[153.19328,-27.45757],[153.19037,-27.46007],[153.18887,-27.45935],[153.18878,-27.45618],[153.18853,-27.45859],[153.18684,-27.45678],[153.18713,-27.45371],[153.18868,-27.45414],[153.18932,-27.45242],[153.19198,-27.45066],[153.19254,-27.44868],[153.19768,-27.446],[153.19721,-27.44364],[153.19008,-27.44512],[153.18529,-27.44436],[153.18066,-27.4413],[153.17667,-27.43383],[153.17744,-27.43228],[153.18085,-27.43354],[153.1823,-27.43027],[153.18374,-27.42944],[153.18064,-27.42217],[153.18161,-27.4219],[153.18481,-27.42588],[153.19282,-27.4219],[153.19482,-27.42516],[153.19662,-27.42466],[153.18863,-27.41313],[153.18936,-27.41092],[153.18839,-27.40829],[153.18195,-27.40012],[153.17719,-27.39976],[153.1761,-27.39849],[153.1647,-27.40045],[153.16459,-27.40013],[153.16557,-27.39994],[153.16839,-27.39379],[153.18344,-27.39991],[153.1892,-27.40575],[153.19354,-27.41562],[153.19694,-27.41624],[153.19881,-27.41243],[153.19632,-27.40508],[153.19643,-27.39832],[153.19388,-27.39519],[153.19256,-27.3899],[153.1975,-27.38513],[153.1964,-27.38445],[153.19229,-27.38666],[153.19447,-27.38212],[153.19431,-27.37971],[153.19075,-27.37406],[153.18826,-27.37283],[153.20218,-27.35289],[153.18884,-27.34546],[153.17385,-27.36691],[153.15499,-27.3631],[153.15116,-27.35648],[153.14407,-27.35154],[153.12924,-27.3534],[153.12505,-27.35016],[153.12299,-27.35081],[153.11273,-27.3465],[153.11051,-27.34414],[153.08927,-27.33026],[153.08964,-27.3282],[153.08667,-27.32334],[153.07801,-27.31838],[153.07449,-27.31448],[153.07002,-27.30399],[153.06899,-27.28836],[153.0668,-27.2815]],[[152.84695,-26.88747],[152.84997,-26.88725],[152.8517,-26.88559],[152.85332,-26.88622],[152.85131,-26.88934],[152.85312,-26.89264],[152.84621,-26.89184],[152.84695,-26.88747]]],[[[153.23581,-27.33474],[153.23592,-27.34133],[153.23712,-27.34507],[153.23939,-27.34499],[153.24395,-27.34741],[153.2449,-27.34961],[153.25472,-27.35018],[153.26023,-27.34514],[153.26488,-27.33342],[153.26412,-27.33205],[153.25985,-27.33098],[153.25879,-27.3289],[153.2558,-27.32802],[153.25464,-27.3291],[153.24771,-27.32333],[153.24498,-27.3264],[153.24155,-27.32799],[153.238,-27.3341],[153.23581,-27.33474]]],[[[153.22474,-27.41899],[153.23173,-27.42767],[153.23398,-27.43393],[153.23849,-27.43794],[153.24086,-27.43731],[153.24117,-27.41957],[153.23895,-27.41788],[153.22474,-27.41899]]],[[[153.22341,-27.39023],[153.225,-27.39421],[153.2358,-27.40127],[153.23902,-27.40022],[153.24105,-27.39805],[153.24304,-27.38955],[153.2409,-27.37924],[153.23737,-27.37687],[153.23691,-27.373],[153.23493,-27.37204],[153.2345,-27.3739],[153.23041,-27.37762],[153.22678,-27.38442],[153.22781,-27.38818],[153.22624,-27.38791],[153.22341,-27.39023]]],[[[153.36329,-27.06281],[153.36341,-27.06601],[153.36692,-27.0734],[153.36987,-27.08914],[153.37034,-27.10257],[153.36902,-27.1134],[153.36194,-27.13604],[153.36969,-27.15834],[153.36971,-27.16302],[153.37169,-27.16647],[153.37327,-27.17522],[153.37231,-27.18067],[153.36706,-27.19209],[153.3654,-27.20002],[153.37498,-27.2192],[153.3776,-27.23659],[153.3838,-27.25028],[153.39831,-27.27465],[153.40549,-27.29464],[153.40496,-27.29995],[153.42245,-27.33236],[153.42398,-27.33956],[153.41845,-27.3533],[153.4203,-27.35691],[153.42383,-27.35818],[153.4267,-27.36082],[153.42295,-27.36114],[153.42044,-27.35841],[153.41847,-27.35722],[153.42425,-27.36263],[153.42939,-27.36201],[153.43065,-27.35048],[153.43497,-27.3418],[153.43878,-27.3372],[153.43694,-27.32824],[153.44146,-27.33189],[153.43251,-27.31896],[153.42618,-27.30449],[153.41969,-27.27837],[153.41727,-27.2594],[153.41693,-27.23807],[153.41943,-27.20429],[153.42813,-27.15324],[153.44562,-27.09165],[153.44482,-27.09023],[153.44627,-27.08955],[153.45139,-27.0712],[153.45261,-27.07018],[153.46258,-27.04241],[153.4646,-27.03854],[153.46597,-27.03919],[153.46661,-27.03835],[153.46591,-27.03617],[153.46778,-27.03459],[153.46797,-27.02779],[153.46221,-27.02823],[153.45955,-27.02711],[153.4592,-27.02538],[153.45437,-27.02354],[153.45601,-27.02274],[153.4541,-27.02156],[153.45257,-27.02474],[153.44472,-27.02969],[153.43345,-27.03399],[153.41906,-27.03429],[153.40216,-27.03704],[153.37716,-27.0477],[153.37288,-27.05348],[153.36482,-27.06004],[153.36329,-27.06281]]]]},"properties":{"Police Region Name":"Brisbane Region","Police Region Code":"BR","Police Region Short Name":"Brisbane","DDMG Count":2,"DDMG Names":"Brisbane, Moreton","Note":"Disaster Management Region: the reporting grouping of disaster districts used by the consuming reports. Not the QPS operational region boundary - see qld_qps_regions_gda94_simp10."},"id":"BR"},{"type":"Feature","geometry":{"type":"Polygon","coordinates":[[[153.22556,-24.516],[152.90874,-23.16507],[152.7209,-22.36403],[152.72311,-22.35772],[152.73368,-22.34485],[152.73502,-22.32871],[152.73825,-22.31902],[152.73735,-22.31339],[152.73875,-22.2872],[152.74349,-22.28406],[152.74917,-22.27817],[152.75718,-22.26798],[152.76134,-22.25737],[152.76567,-22.25027],[152.76671,-22.24298],[152.76225,-22.21022],[152.76611,-22.19892],[152.76406,-22.1788],[152.76644,-22.14521],[152.76473,-22.1398],[152.76041,-22.13639],[152.75172,-22.11601],[152.74995,-22.09084],[152.7399,-22.04967],[152.73403,-22.01454],[152.73568,-22.00771],[152.73424,-21.99995],[152.67615,-21.90073],[152.66279,-21.86522],[152.65843,-21.85631],[152.65514,-21.84282],[152.65646,-21.83601],[152.6551,-21.82247],[152.65228,-21.81603],[152.64786,-21.81114],[152.6438,-21.80222],[152.63771,-21.79571],[152.6194,-21.76716],[152.61237,-21.76426],[152.60397,-21.7535],[152.58582,-21.71872],[152.57574,-21.70564],[152.56747,-21.68767],[152.56004,-21.66734],[152.55438,-21.55757],[152.56042,-21.54997],[152.56723,-21.53738],[152.56658,-21.52216],[152.56775,-21.50913],[152.56501,-21.49299],[152.57203,-21.48967],[152.57704,-21.48237],[152.58133,-21.45737],[152.58595,-21.43956],[152.58667,-21.42016],[152.58933,-21.39464],[152.58764,-21.37309],[152.58916,-21.36835],[152.58678,-21.33615],[152.58894,-21.31521],[152.60066,-21.29199],[152.60397,-21.28832],[152.61014,-21.28681],[152.61395,-21.27953],[152.65354,-21.23647],[152.66291,-21.21697],[152.67027,-21.18959],[152.67773,-21.15325],[152.67609,-21.11981],[152.66319,-21.08732],[152.65234,-21.06505],[152.6387,-21.04418],[152.59588,-21.02671],[152.54947,-21.01959],[152.45144,-21.00909],[152.40051,-21.00469],[152.30926,-20.98267],[152.27619,-20.9725],[152.23606,-20.96215],[152.18357,-20.93682],[152.14787,-20.90479],[152.1173,-20.87993],[152.0906,-20.85464],[152.07445,-20.85766],[152.05522,-20.86505],[152.04277,-20.89087],[152.03948,-20.93143],[152.04073,-20.98516],[152.05096,-21.01479],[152.07273,-21.05446],[152.09363,-21.08684],[152.11613,-21.12648],[152.12048,-21.16023],[152.09569,-21.18766],[152.04281,-21.20843],[151.99626,-21.21345],[151.94599,-21.21057],[151.89132,-21.20113],[151.85008,-21.17546],[151.83089,-21.13902],[151.80763,-21.1103],[151.76854,-21.06763],[151.72919,-21.04486],[151.68366,-21.03051],[151.63658,-21.00854],[151.59811,-20.99302],[151.52807,-20.93461],[151.49236,-20.91403],[151.44184,-20.89405],[151.40017,-20.87456],[151.36141,-20.84072],[151.28487,-20.78462],[151.18934,-20.7288],[151.03451,-20.66588],[150.9622,-20.61984],[150.92741,-20.60475],[150.88903,-20.58407],[150.85166,-20.5607],[150.82159,-20.5289],[150.80041,-20.50163],[150.76426,-20.46227],[150.72513,-20.40965],[150.69192,-20.36748],[150.63036,-20.29885],[150.60249,-20.25273],[150.56232,-20.16627],[150.51996,-20.12296],[150.44651,-20.06867],[150.40491,-20.02415],[150.40124,-19.99487],[150.39161,-19.96726],[150.39105,-19.96056],[150.38361,-19.94948],[150.37016,-19.94453],[150.35779,-19.93054],[150.35504,-19.93059],[150.34875,-19.9237],[150.33017,-19.91984],[150.32051,-19.91381],[150.31755,-19.90405],[150.31438,-19.90411],[150.30079,-19.89186],[150.29933,-19.88267],[150.2933,-19.87798],[150.29129,-19.87301],[150.28279,-19.87156],[150.26966,-19.86699],[150.26235,-19.86152],[150.25866,-19.85698],[150.24703,-19.85759],[150.24019,-19.85471],[150.2346,-19.8504],[150.22963,-19.84509],[150.22643,-19.83332],[150.2211,-19.82733],[150.21391,-19.82746],[150.19848,-19.8073],[150.19831,-19.79889],[150.19216,-19.78777],[150.18498,-19.7883],[150.16569,-19.77622],[150.15488,-19.77501],[150.14678,-19.77215],[150.12982,-19.75629],[150.12343,-19.75537],[150.11193,-19.74904],[150.07892,-19.72977],[150.05533,-19.7153],[150.05242,-19.71254],[150.03686,-19.71257],[150.01236,-19.70308],[150.00516,-19.69761],[147.71778,-19.69833],[147.67128,-19.79262],[147.66336,-19.81091],[147.60203,-19.7993],[147.57649,-19.80269],[147.56688,-19.80899],[147.56583,-19.808],[147.56536,-19.80924],[147.56358,-19.8087],[147.56166,-19.80976],[147.55373,-19.81049],[147.55187,-19.8119],[147.54738,-19.81124],[147.54541,-19.8121],[147.54488,-19.81418],[147.54036,-19.81316],[147.53848,-19.81544],[147.53622,-19.81622],[147.53556,-19.8182],[147.53737,-19.81784],[147.53758,-19.82039],[147.53551,-19.82019],[147.5343,-19.82289],[147.53465,-19.82476],[147.53644,-19.82539],[147.53544,-19.82622],[147.53679,-19.82699],[147.53707,-19.83348],[147.53557,-19.83384],[147.53488,-19.83566],[147.53291,-19.83569],[147.53283,-19.83425],[147.5309,-19.8358],[147.52974,-19.83555],[147.52621,-19.83948],[147.52118,-19.84117],[147.51794,-19.84513],[147.51626,-19.84508],[147.5148,-19.8474],[147.5083,-19.85075],[147.509,-19.8541],[147.50715,-19.85553],[147.50692,-19.85746],[147.51094,-19.85793],[147.50981,-19.87343],[147.49135,-19.87142],[147.48549,-19.92355],[147.48766,-19.92379],[147.48679,-19.93085],[147.48488,-19.93088],[147.48408,-19.932],[147.47892,-19.98162],[147.47988,-19.98172],[147.46708,-20.09585],[147.38601,-20.08716],[147.39164,-20.07691],[147.39121,-20.0719],[147.38887,-20.06929],[147.37931,-20.06676],[147.36228,-20.05913],[147.35812,-20.05875],[147.34769,-20.06129],[147.33769,-20.05756],[147.32813,-20.05566],[147.32018,-20.05216],[147.31362,-20.03977],[147.30253,-20.0329],[147.30034,-20.02992],[147.30004,-20.02907],[147.2995,-20.02751],[147.29914,-20.0265],[147.29929,-20.02291],[147.30379,-20.01623],[147.30247,-20.01481],[147.30189,-20.01469],[147.28628,-20.02027],[147.27896,-20.02602],[147.27336,-20.02845],[147.28531,-20.04606],[147.2939,-20.06472],[147.2947,-20.06901],[147.29272,-20.07547],[147.28364,-20.09084],[147.28322,-20.09184],[147.27501,-20.11722],[147.27459,-20.12241],[147.27475,-20.12506],[147.27599,-20.12789],[147.29296,-20.15739],[147.2942,-20.16055],[147.29487,-20.16226],[147.29517,-20.16304],[147.30062,-20.18251],[147.30259,-20.19553],[147.3076,-20.2116],[147.30921,-20.2217],[147.31096,-20.27058],[147.30825,-20.28606],[147.29951,-20.30776],[147.29959,-20.31827],[147.306,-20.33343],[147.31256,-20.35601],[147.31721,-20.3656],[147.32323,-20.37446],[147.33008,-20.38088],[147.34321,-20.38906],[147.34723,-20.3938],[147.34772,-20.3968],[147.34502,-20.41333],[147.34099,-20.42472],[147.33513,-20.42917],[147.31986,-20.43345],[147.30857,-20.43836],[147.30053,-20.44418],[147.29782,-20.44743],[147.29449,-20.45653],[147.29054,-20.47273],[147.2906,-20.47638],[147.29167,-20.48013],[147.30092,-20.49726],[147.30103,-20.5038],[147.29925,-20.50805],[147.28844,-20.51781],[147.28482,-20.52458],[147.28314,-20.53634],[147.27987,-20.54399],[147.27861,-20.55463],[147.27449,-20.55724],[147.26701,-20.55794],[147.26406,-20.55982],[147.24138,-20.58445],[147.23458,-20.58405],[147.22797,-20.58145],[147.22248,-20.57652],[147.21956,-20.57529],[147.21694,-20.57529],[147.21455,-20.57674],[147.20954,-20.58711],[147.19624,-20.59378],[147.19377,-20.59912],[147.19113,-20.60175],[147.18608,-20.60392],[147.18408,-20.60224],[147.17968,-20.60467],[147.17831,-20.60898],[147.17801,-20.61859],[147.17307,-20.62203],[147.16854,-20.62783],[147.16462,-20.63518],[147.16147,-20.64645],[147.15611,-20.65173],[147.14862,-20.65183],[147.13311,-20.64107],[147.1242,-20.63769],[147.11177,-20.63586],[147.10571,-20.63678],[147.10122,-20.6389],[147.08636,-20.65218],[147.08216,-20.65329],[147.07888,-20.65285],[147.07327,-20.64889],[147.0674,-20.6345],[147.06217,-20.62712],[147.05811,-20.62576],[147.05375,-20.6263],[147.04823,-20.63041],[147.04591,-20.63096],[147.03632,-20.62932],[147.02615,-20.62276],[147.02238,-20.61674],[147.02121,-20.6095],[147.02011,-20.60812],[147.01482,-20.60623],[147.0066,-20.60761],[146.976,-20.6197],[146.97265,-20.62359],[146.97263,-20.63288],[146.97738,-20.64603],[146.98511,-20.65658],[146.98597,-20.66246],[146.98446,-20.66713],[146.98058,-20.67119],[146.97584,-20.67362],[146.96484,-20.67605],[146.9613,-20.68441],[146.96087,-20.68867],[146.96453,-20.70227],[146.96561,-20.71444],[146.96487,-20.72133],[146.96228,-20.72924],[146.96228,-20.73634],[146.9612,-20.7402],[146.95818,-20.74324],[146.94165,-20.75327],[146.9274,-20.75522],[146.92041,-20.75741],[146.91704,-20.76155],[146.9147,-20.77787],[146.90989,-20.78672],[146.90121,-20.79029],[146.88899,-20.79079],[146.87786,-20.80023],[146.8746,-20.80176],[146.86971,-20.80099],[146.86592,-20.7969],[146.86159,-20.79648],[146.85618,-20.80351],[146.85223,-20.81133],[146.85284,-20.81915],[146.85741,-20.82873],[146.85834,-20.83666],[146.86281,-20.8473],[146.86104,-20.86001],[146.8562,-20.86776],[146.85603,-20.87019],[146.86595,-20.88598],[146.86222,-20.89508],[146.86348,-20.89904],[146.86305,-20.9022],[146.85421,-20.91208],[146.85346,-20.9192],[146.8564,-20.92672],[146.86506,-20.94264],[146.86689,-20.95519],[146.87643,-20.97802],[146.87596,-20.98408],[146.877,-20.98863],[146.8793,-20.99296],[146.88367,-20.99761],[146.88321,-21.00281],[146.8809,-21.008],[146.86913,-21.0208],[146.8638,-21.0252],[146.86035,-21.03119],[146.85985,-21.04088],[146.86304,-21.04792],[146.86106,-21.05899],[146.86167,-21.06223],[146.85966,-21.06618],[146.85447,-21.06958],[146.85369,-21.07135],[146.8555,-21.07755],[146.85433,-21.08107],[146.85485,-21.08454],[146.85297,-21.08849],[146.85212,-21.09456],[146.84881,-21.10094],[146.84916,-21.1028],[146.86128,-21.11756],[146.86264,-21.13778],[146.87203,-21.15095],[146.87297,-21.15953],[146.88261,-21.17029],[146.88221,-21.17333],[146.86801,-21.18345],[146.8659,-21.18816],[146.86599,-21.19121],[146.87665,-21.20731],[146.88565,-21.21775],[146.89088,-21.22182],[146.89655,-21.22391],[146.90701,-21.22423],[146.91502,-21.22684],[146.92658,-21.23216],[146.93203,-21.23842],[146.93759,-21.23926],[146.94738,-21.23874],[146.94972,-21.23958],[146.95706,-21.24688],[146.96051,-21.2521],[146.95974,-21.26261],[146.96384,-21.27041],[146.96613,-21.27875],[146.96328,-21.29475],[146.95932,-21.30041],[146.95661,-21.30204],[146.94668,-21.30451],[146.9342,-21.31535],[146.93015,-21.32083],[146.92455,-21.32245],[146.92121,-21.32513],[146.91783,-21.32545],[146.91089,-21.33474],[146.90925,-21.34082],[146.90532,-21.3461],[146.90463,-21.35032],[146.89995,-21.35464],[146.89437,-21.35784],[146.88279,-21.36212],[146.87852,-21.36963],[146.88224,-21.37327],[146.87564,-21.38253],[146.87531,-21.39308],[146.87824,-21.39988],[146.87857,-21.4033],[146.88221,-21.4111],[146.88527,-21.41342],[146.89112,-21.4225],[146.8959,-21.42478],[146.89844,-21.43476],[146.90496,-21.43629],[146.90974,-21.44114],[146.91182,-21.45385],[146.90894,-21.45931],[146.90867,-21.46333],[146.90569,-21.46845],[146.90436,-21.46831],[146.89916,-21.47325],[146.89526,-21.47521],[146.89644,-21.47699],[146.8794,-21.49291],[146.87402,-21.49999],[146.87217,-21.50468],[146.86996,-21.50589],[146.86913,-21.5085],[146.86661,-21.51047],[146.86632,-21.51378],[146.8686,-21.51757],[146.86907,-21.51933],[146.86802,-21.52084],[146.87038,-21.52623],[146.86723,-21.52848],[146.86644,-21.53091],[146.86383,-21.53157],[146.85894,-21.53506],[146.85415,-21.54418],[146.84969,-21.54695],[146.84943,-21.55385],[146.84723,-21.56091],[146.83539,-21.57339],[146.83505,-21.57946],[146.83857,-21.58476],[146.83896,-21.58745],[146.83711,-21.58939],[146.83261,-21.60472],[146.83511,-21.61419],[146.83413,-21.61799],[146.8366,-21.62293],[146.83468,-21.63287],[146.83698,-21.6361],[146.83443,-21.64257],[146.83239,-21.64315],[146.75349,-21.63584],[146.65255,-21.60442],[146.65112,-21.59687],[146.6473,-21.59576],[146.6565,-21.58262],[146.49211,-21.56698],[146.48995,-21.58677],[146.49272,-21.58882],[146.48829,-21.64729],[146.48719,-21.65008],[146.48379,-21.68057],[146.44652,-21.66811],[146.39735,-21.66333],[146.34093,-21.57021],[146.3467,-21.51812],[146.15051,-21.50006],[146.13229,-21.51403],[146.09344,-21.50994],[146.08516,-21.59836],[146.06923,-21.80876],[146.12674,-21.81327],[146.11055,-21.89426],[146.21259,-21.90067],[146.20231,-22.00094],[146.20149,-22.00763],[146.07207,-21.99741],[146.06687,-22.02657],[146.03948,-22.02335],[146.03081,-22.10425],[146.03555,-22.10502],[146.0308,-22.10433],[145.88015,-22.08481],[145.88043,-22.08032],[145.76929,-22.06646],[145.76982,-22.04749],[145.61736,-22.03694],[145.62742,-21.92441],[145.72489,-21.93823],[145.73505,-21.92722],[145.68593,-21.91584],[145.69676,-21.8755],[145.70833,-21.87656],[145.72869,-21.81686],[145.64578,-21.79751],[145.66319,-21.71904],[145.67382,-21.71929],[145.67848,-21.66819],[145.53287,-21.65826],[145.52929,-21.70179],[145.43507,-21.69201],[145.41852,-21.84616],[145.26219,-21.8285],[145.25449,-21.79368],[145.16619,-21.78491],[145.16415,-21.80386],[145.18482,-21.8202],[145.18066,-21.85103],[145.19215,-21.8712],[145.19232,-21.87728],[145.18625,-21.88586],[145.18551,-21.89046],[145.18251,-21.8917],[145.18395,-21.89755],[145.18285,-21.90081],[145.18582,-21.90377],[145.15256,-21.90049],[145.15276,-21.89869],[145.075,-21.89123],[145.07402,-21.89951],[145.08434,-21.91026],[145.08221,-21.94261],[144.9563,-21.93031],[144.94644,-22.02732],[144.94742,-22.02738],[144.94603,-22.03067],[144.94303,-22.05911],[144.80091,-22.04539],[144.79636,-22.09843],[144.75232,-22.0948],[144.73978,-22.21173],[144.72353,-22.20211],[144.71722,-22.2038],[144.63741,-22.19547],[144.50051,-22.18566],[144.50178,-22.16514],[144.39778,-22.15705],[144.40281,-22.1133],[144.41387,-22.09836],[144.41721,-22.06172],[144.26849,-22.04787],[144.27007,-22.03261],[144.26343,-21.99739],[144.18033,-21.98956],[144.18598,-21.91375],[144.18797,-21.91383],[144.18849,-21.90841],[144.18658,-21.90807],[144.1843,-21.91332],[144.11141,-21.90633],[144.11173,-21.90185],[144.09245,-21.89896],[144.05743,-21.89834],[144.03885,-21.89471],[144.04462,-21.8303],[143.93423,-21.82211],[143.92945,-21.81998],[143.78207,-21.81112],[143.78183,-21.81408],[143.65377,-21.79979],[143.65148,-21.79849],[143.64704,-21.7991],[143.63084,-21.79742],[143.64926,-21.64118],[143.44997,-21.62296],[143.44827,-21.62462],[143.35803,-21.61603],[143.35772,-21.61417],[143.32877,-21.61186],[143.35953,-21.32201],[143.23664,-21.31119],[143.23645,-21.313],[143.18803,-21.30866],[143.00758,-21.4485],[143.00702,-21.45361],[143.00204,-21.45744],[142.99838,-21.45575],[142.95317,-21.49372],[142.94247,-21.48178],[142.86209,-21.54506],[142.81545,-21.49265],[142.69396,-21.58786],[142.71847,-21.61495],[142.65155,-21.66772],[142.65663,-21.61041],[142.49559,-21.598],[142.49122,-21.64418],[142.33256,-21.63632],[142.33543,-21.60713],[142.22822,-21.5963],[142.23189,-21.55087],[142.16343,-21.54317],[142.07202,-21.54073],[142.06935,-21.60472],[142.06473,-21.60429],[142.06451,-21.60838],[142.06915,-21.61039],[142.06613,-21.69767],[142.04826,-21.8158],[141.74038,-21.79137],[141.73892,-21.8072],[141.57919,-21.79429],[141.58256,-21.75813],[141.50805,-21.75206],[141.48325,-21.94717],[141.30967,-21.93967],[141.29025,-21.97802],[141.28838,-21.98391],[141.28454,-21.98884],[141.2842,-22.00998],[141.29084,-22.0239],[141.2886,-22.0263],[141.29274,-22.03092],[141.29138,-22.0324],[141.29123,-22.04234],[141.29022,-22.04508],[141.29371,-22.05401],[141.29434,-22.06189],[141.19863,-22.05517],[141.1827,-22.24942],[141.22851,-22.29793],[141.25369,-22.32158],[141.24573,-22.33539],[141.07972,-22.46565],[141.19892,-22.59756],[141.14563,-22.63336],[141.13389,-22.62126],[141.09085,-22.61823],[141.08964,-22.62817],[141.09192,-22.63725],[141.09492,-22.64193],[141.10278,-22.69007],[141.11725,-22.70269],[141.12286,-22.7492],[141.12037,-22.75224],[141.11446,-22.77451],[141.12226,-22.80449],[140.99907,-22.89841],[140.99844,-22.89761],[140.9878,-22.89648],[140.98767,-22.89412],[140.98612,-22.89434],[140.98506,-22.89627],[140.98558,-22.89774],[140.98985,-22.89998],[140.98925,-22.90449],[140.9912,-22.90652],[140.98856,-22.90771],[140.988,-22.91223],[141.02273,-22.92334],[141.04636,-22.94765],[140.97916,-22.99981],[140.92457,-23.04444],[140.947,-23.06777],[140.82219,-23.16155],[140.82937,-23.17019],[140.99917,-23.35005],[140.9998,-23.35197],[141.00193,-23.3529],[141.03141,-23.38378],[141.03377,-23.38415],[141.04715,-23.37501],[141.15508,-23.29083],[141.24137,-23.38543],[141.26129,-23.4043],[141.29674,-23.44157],[141.3003,-23.44734],[141.30598,-23.45146],[141.37703,-23.52758],[141.38414,-23.5264],[141.3926,-23.52995],[141.38816,-23.53338],[141.45581,-23.60482],[141.531,-23.68945],[141.6794,-23.70551],[141.68035,-23.6909],[141.82876,-23.69179],[141.98785,-23.70632],[141.98921,-23.69238],[142.14502,-23.70082],[142.10045,-24.0952],[142.0527,-24.1334],[142.02381,-24.16766],[141.91925,-24.05737],[141.8058,-24.1548],[141.96473,-24.31085],[141.92211,-24.34327],[141.93001,-24.35265],[141.86355,-24.40314],[141.9705,-24.51995],[141.96708,-24.52283],[141.96474,-24.5281],[141.96261,-24.53022],[141.95595,-24.53415],[141.94836,-24.53636],[141.93626,-24.53845],[141.9305,-24.53751],[141.92793,-24.53819],[141.92403,-24.54168],[141.90828,-24.54937],[141.9074,-24.5512],[141.90136,-24.55605],[141.87866,-24.55999],[141.87313,-24.56404],[141.87148,-24.56833],[141.86783,-24.57308],[141.86236,-24.57679],[141.85819,-24.58531],[141.85643,-24.58697],[141.84299,-24.59432],[141.83958,-24.59837],[141.8367,-24.59899],[141.83292,-24.60265],[141.82947,-24.60373],[141.82254,-24.61219],[141.81336,-24.61846],[141.79692,-24.62097],[141.79427,-24.62302],[141.79033,-24.6218],[141.78129,-24.624],[141.77659,-24.62381],[141.77332,-24.62506],[141.77004,-24.62957],[141.76307,-24.63321],[141.76006,-24.63205],[141.75623,-24.63273],[141.74608,-24.63102],[141.73447,-24.63355],[141.73105,-24.63672],[141.52307,-24.58364],[141.5233,-24.57928],[141.518,-24.57764],[141.43008,-24.48352],[141.37551,-24.48295],[141.36107,-24.62911],[141.23889,-24.72515],[141.24248,-24.686],[141.08449,-24.67418],[140.96164,-24.67353],[140.83871,-24.6689],[140.83673,-24.6946],[140.88313,-24.69825],[140.87215,-24.84505],[140.81099,-24.84074],[140.80236,-24.9862],[140.87896,-24.9926],[140.85705,-25.22611],[140.71479,-25.21377],[140.70118,-25.20999],[140.67788,-25.46662],[140.77496,-25.47428],[140.82534,-25.52495],[140.82781,-25.52187],[140.83887,-25.49819],[140.83718,-25.4948],[140.8376,-25.49382],[140.84456,-25.48814],[140.86296,-25.48165],[140.86749,-25.47601],[140.87474,-25.4732],[140.87546,-25.47046],[140.88104,-25.46756],[140.91147,-25.52465],[140.89691,-25.67889],[140.92275,-25.68049],[140.92091,-25.71461],[140.9377,-25.71601],[140.90956,-25.9964],[140.99939,-25.99639],[140.99946,-26.90844],[141.1879,-26.92687],[141.21688,-26.67998],[141.25411,-26.67773],[141.25472,-26.66329],[141.39612,-26.66249],[141.54345,-26.67657],[141.58388,-26.72187],[141.65467,-26.72897],[141.66272,-26.72607],[141.67248,-26.73068],[141.69205,-26.73431],[141.69715,-26.7334],[141.703,-26.73632],[141.70596,-26.73665],[141.70973,-26.73484],[141.72577,-26.73401],[141.75642,-26.73716],[141.7728,-26.74158],[141.82645,-26.74709],[141.824,-26.74402],[141.82486,-26.74065],[141.82923,-26.74054],[141.8285,-26.74152],[141.83172,-26.74209],[141.83081,-26.74023],[141.8342,-26.73747],[141.83403,-26.7359],[141.83147,-26.73439],[141.83177,-26.73273],[141.83473,-26.73188],[141.83764,-26.73338],[141.83845,-26.73248],[141.83772,-26.73077],[141.83406,-26.72837],[141.8319,-26.72392],[141.83243,-26.72264],[141.83741,-26.72163],[141.83897,-26.71859],[141.8386,-26.71643],[141.83656,-26.71461],[141.83253,-26.71388],[141.83158,-26.71243],[141.8382,-26.70351],[141.83883,-26.69998],[141.83691,-26.69463],[141.82983,-26.69664],[141.82743,-26.69474],[141.82296,-26.69687],[141.82102,-26.68811],[141.82024,-26.68748],[141.81655,-26.68864],[141.81775,-26.68623],[141.81539,-26.68612],[141.81692,-26.68335],[141.81273,-26.67758],[141.81243,-26.67585],[141.81392,-26.6736],[141.81572,-26.67379],[141.81673,-26.67187],[141.81492,-26.67065],[141.81421,-26.6678],[141.81141,-26.66399],[141.80864,-26.66317],[141.80497,-26.66015],[141.80769,-26.65634],[141.80708,-26.65317],[141.80933,-26.65104],[141.80901,-26.64363],[141.81179,-26.6415],[141.81307,-26.63193],[141.81221,-26.62856],[141.80952,-26.62676],[141.80693,-26.62685],[141.80769,-26.62588],[141.8066,-26.62411],[141.80554,-26.62499],[141.80492,-26.62184],[141.80358,-26.62259],[141.80179,-26.62163],[141.80141,-26.61964],[141.79942,-26.6196],[141.79852,-26.61592],[141.79625,-26.61284],[141.79793,-26.61002],[141.79477,-26.6088],[141.79358,-26.60634],[141.79048,-26.605],[141.78999,-26.5998],[141.78558,-26.59968],[141.78564,-26.59683],[141.7838,-26.59459],[141.7846,-26.59352],[141.78355,-26.59226],[141.78372,-26.59001],[141.78144,-26.58871],[141.77966,-26.58631],[141.78009,-26.58435],[141.77714,-26.58217],[141.77786,-26.58003],[141.77689,-26.57713],[141.77477,-26.57719],[141.77151,-26.57403],[141.76923,-26.56942],[141.76915,-26.56561],[141.7628,-26.55996],[141.75975,-26.55525],[141.75952,-26.55408],[141.76161,-26.55185],[141.76153,-26.54994],[141.75886,-26.54727],[141.75493,-26.5463],[141.75288,-26.54748],[141.74937,-26.54404],[141.74895,-26.54141],[141.74374,-26.53623],[141.74281,-26.53367],[141.74424,-26.52929],[141.73954,-26.52528],[141.74057,-26.52313],[141.73851,-26.52134],[141.74174,-26.51989],[141.74303,-26.51657],[141.74273,-26.51551],[141.73845,-26.5137],[141.7403,-26.51273],[141.7411,-26.5084],[141.73991,-26.50711],[141.73912,-26.50818],[141.73839,-26.50748],[141.73811,-26.50369],[141.73457,-26.50136],[141.73462,-26.50058],[141.73718,-26.50015],[141.73546,-26.49884],[141.73642,-26.49717],[141.73395,-26.49415],[141.7341,-26.49201],[141.73316,-26.49112],[141.72959,-26.49216],[141.72966,-26.4904],[141.73189,-26.48839],[141.72926,-26.48821],[141.72794,-26.48549],[141.72401,-26.48893],[141.72353,-26.48743],[141.72568,-26.48438],[141.72529,-26.48281],[141.72173,-26.48298],[141.72084,-26.48124],[141.72133,-26.47858],[141.71896,-26.47667],[141.71973,-26.4757],[141.71853,-26.47467],[141.71845,-26.47293],[141.72013,-26.4735],[141.71883,-26.46956],[141.71948,-26.46775],[141.71836,-26.46609],[141.71535,-26.46505],[141.71409,-26.46291],[141.71378,-26.46023],[141.71695,-26.45813],[141.71359,-26.45666],[141.71274,-26.4535],[141.71078,-26.45166],[141.7116,-26.44922],[141.71489,-26.44963],[141.71636,-26.44389],[141.7147,-26.44177],[141.71527,-26.44016],[141.71331,-26.43841],[141.71337,-26.436],[141.71199,-26.43501],[141.71209,-26.43089],[141.70958,-26.43136],[141.70645,-26.42906],[141.70772,-26.42588],[141.70662,-26.42565],[141.70664,-26.42443],[141.71108,-26.42248],[141.71177,-26.42096],[141.70826,-26.41761],[141.71127,-26.41675],[141.71011,-26.41177],[141.71175,-26.40902],[141.70856,-26.40737],[141.70724,-26.4044],[141.70675,-26.40217],[141.70802,-26.40217],[141.7082,-26.40111],[141.70667,-26.39989],[141.70773,-26.39828],[141.70596,-26.39672],[141.70675,-26.39636],[141.70572,-26.39456],[141.70652,-26.39388],[141.70551,-26.39378],[141.70551,-26.3904],[141.70462,-26.38991],[141.70568,-26.38804],[141.70456,-26.38806],[141.70418,-26.38669],[141.70649,-26.37868],[141.71229,-26.36654],[141.71722,-26.35902],[141.7188,-26.35055],[141.79731,-26.35752],[141.79806,-26.35017],[141.89131,-26.3582],[141.89105,-26.36649],[142.05825,-26.38127],[142.05913,-26.3748],[142.07455,-26.38528],[142.0807,-26.35969],[142.0811,-26.34233],[142.09178,-26.32833],[142.09602,-26.3164],[142.0958,-26.31246],[142.09909,-26.30708],[142.10603,-26.30293],[142.10797,-26.29946],[142.11075,-26.29785],[142.11109,-26.29446],[142.10978,-26.29305],[142.11258,-26.28936],[142.11401,-26.28508],[142.1122,-26.28315],[142.11299,-26.2822],[142.1123,-26.28073],[142.11276,-26.27986],[142.11396,-26.28022],[142.11426,-26.27866],[142.11505,-26.27998],[142.11618,-26.27938],[142.11586,-26.27626],[142.11886,-26.27484],[142.11948,-26.27118],[142.12113,-26.27063],[142.12315,-26.26629],[142.12592,-26.26433],[142.12403,-26.25852],[142.12648,-26.25428],[142.12644,-26.25027],[142.12939,-26.24567],[142.12887,-26.24207],[142.13027,-26.24126],[142.13432,-26.23201],[142.13348,-26.23071],[142.13501,-26.22876],[142.1344,-26.22724],[142.14178,-26.22176],[142.14096,-26.21974],[142.14248,-26.21891],[142.143,-26.21632],[142.14694,-26.2147],[142.14825,-26.21168],[142.15131,-26.21087],[142.15412,-26.20686],[142.15593,-26.20609],[142.15715,-26.20376],[142.15662,-26.20282],[142.15798,-26.20266],[142.15742,-26.20143],[142.15977,-26.1998],[142.15907,-26.19892],[142.15991,-26.19676],[142.16144,-26.19603],[142.14348,-26.09318],[142.16071,-25.94684],[142.17324,-25.85545],[142.19396,-25.8576],[142.19849,-25.82945],[142.21445,-25.82971],[142.22865,-25.82129],[142.27593,-25.78149],[142.2869,-25.78156],[142.30271,-25.77602],[142.31426,-25.76893],[142.31859,-25.76397],[142.33742,-25.75677],[142.35753,-25.7536],[142.36328,-25.75508],[142.37868,-25.75015],[142.38126,-25.73894],[142.40373,-25.73294],[142.40739,-25.72988],[142.41682,-25.72911],[142.42842,-25.72498],[142.43589,-25.72487],[142.44352,-25.71838],[142.45679,-25.70988],[142.4815,-25.69712],[142.4821,-25.69493],[142.51263,-25.67794],[142.51317,-25.67073],[142.59112,-25.60893],[142.73958,-25.62054],[142.73681,-25.62544],[142.73639,-25.63139],[142.73305,-25.64143],[142.72696,-25.64354],[142.7224,-25.64252],[142.71933,-25.64388],[142.72851,-25.65223],[142.90239,-25.66915],[142.88516,-25.81383],[142.97185,-25.82247],[142.98376,-25.71773],[143.19858,-25.73736],[143.2104,-25.62477],[143.27368,-25.63062],[143.27358,-25.63153],[143.27557,-25.63171],[143.27567,-25.63081],[143.36396,-25.63867],[143.36835,-25.64195],[143.3756,-25.64125],[143.38835,-25.6471],[143.39315,-25.65065],[143.39392,-25.65058],[143.3943,-25.64658],[143.39521,-25.64756],[143.44823,-25.65189],[143.45419,-25.59763],[143.41765,-25.59451],[143.42798,-25.49987],[143.43012,-25.49557],[143.42893,-25.49097],[143.42602,-25.48851],[143.42556,-25.4865],[143.43003,-25.48061],[143.43598,-25.42083],[143.43492,-25.42075],[143.43928,-25.3866],[143.43614,-25.3833],[143.43731,-25.37388],[143.44122,-25.37131],[143.44161,-25.36839],[143.47437,-25.37102],[143.59294,-25.28224],[143.60814,-25.29914],[143.61094,-25.29912],[143.61125,-25.3021],[143.61483,-25.30438],[143.61768,-25.31042],[143.62077,-25.3126],[143.62738,-25.3112],[143.63806,-25.30472],[143.64494,-25.30667],[143.65011,-25.31163],[143.66193,-25.31625],[143.66775,-25.32199],[143.67386,-25.32446],[143.67692,-25.32427],[143.67981,-25.32859],[143.70035,-25.34322],[143.70158,-25.34876],[143.70565,-25.35223],[143.73434,-25.36168],[143.7522,-25.37882],[143.75174,-25.38243],[143.76664,-25.40064],[143.7886,-25.45138],[143.78692,-25.45282],[143.78071,-25.45348],[143.77989,-25.45969],[143.77848,-25.46148],[143.76664,-25.4698],[143.74508,-25.46891],[143.74181,-25.47449],[143.74062,-25.48243],[143.74091,-25.48379],[143.74737,-25.48959],[143.7483,-25.48159],[143.82237,-25.48722],[143.82268,-25.48451],[143.92215,-25.49398],[144.0008,-25.58297],[144.00132,-25.58185],[144.01144,-25.5817],[144.01323,-25.58271],[144.01482,-25.58165],[144.03457,-25.58129],[144.03923,-25.57915],[144.04361,-25.5747],[144.07077,-25.55789],[144.07035,-25.5541],[144.07222,-25.54174],[144.08437,-25.53411],[144.0887,-25.5344],[144.09071,-25.53348],[144.09593,-25.52331],[144.09882,-25.52207],[144.10079,-25.51835],[144.10422,-25.51681],[144.10645,-25.51438],[144.10549,-25.5102],[144.10672,-25.50808],[144.10956,-25.50655],[144.10931,-25.50549],[144.11387,-25.50187],[144.11163,-25.47875],[144.12018,-25.4741],[144.12002,-25.47266],[144.12291,-25.46955],[144.12501,-25.4645],[144.1245,-25.46007],[144.12102,-25.45305],[144.12008,-25.44782],[144.12159,-25.44303],[144.15049,-25.4333],[144.16206,-25.41211],[144.16883,-25.39433],[144.16172,-25.37534],[144.15567,-25.37089],[144.15769,-25.35808],[144.21629,-25.2644],[144.22498,-25.25548],[144.25269,-25.2097],[144.38189,-25.11263],[144.39956,-25.13141],[144.46159,-25.03069],[144.48183,-25.07818],[144.62755,-24.96755],[144.65178,-24.66252],[144.68531,-24.64896],[144.68176,-24.67889],[144.71662,-24.68238],[144.69842,-24.83082],[144.80395,-24.84046],[144.79602,-24.91306],[144.86059,-24.91907],[144.85303,-24.92678],[144.85843,-24.93705],[144.85752,-24.94689],[144.84971,-24.96955],[144.84887,-24.97497],[144.845,-24.98443],[144.84676,-24.99023],[144.86225,-24.99982],[144.87463,-25.01952],[144.88473,-25.01989],[144.88876,-25.0238],[144.88982,-25.02906],[144.89862,-25.03828],[144.90426,-25.03766],[144.90855,-25.03387],[144.91255,-25.03218],[144.92599,-25.03388],[144.93331,-25.03259],[144.94186,-25.03387],[144.95981,-25.03179],[144.96291,-25.02973],[144.96541,-25.02603],[144.97572,-25.02104],[144.98441,-25.01416],[144.99091,-25.01135],[144.98256,-25.09259],[144.9806,-25.09378],[144.98014,-25.09817],[144.9818,-25.09884],[144.97921,-25.11573],[144.97892,-25.12228],[144.97974,-25.12377],[144.97861,-25.12466],[144.97141,-25.18366],[144.96139,-25.18536],[144.95871,-25.18842],[144.94613,-25.19137],[144.93968,-25.19566],[144.93873,-25.19712],[144.94081,-25.20698],[144.94011,-25.20984],[144.93435,-25.21271],[144.93093,-25.21316],[144.86947,-25.25796],[144.88017,-25.25854],[144.88025,-25.25689],[144.88234,-25.25581],[144.88929,-25.2586],[144.89104,-25.25812],[144.89549,-25.25933],[144.92434,-25.26063],[144.92675,-25.25904],[144.9326,-25.2614],[144.94237,-25.26188],[144.94469,-25.25995],[144.94794,-25.26222],[144.964,-25.26318],[144.96764,-25.26669],[144.97371,-25.27013],[144.97877,-25.26918],[144.98088,-25.26677],[144.98345,-25.26848],[144.99923,-25.27004],[145.00232,-25.26862],[145.00595,-25.26938],[145.00762,-25.27082],[145.01365,-25.2714],[145.01489,-25.26887],[145.01588,-25.26882],[145.01717,-25.26971],[145.01682,-25.27059],[145.0205,-25.27204],[145.03218,-25.27178],[145.03321,-25.27322],[145.06135,-25.27585],[145.06208,-25.27775],[145.06135,-25.28414],[145.05871,-25.28799],[145.05393,-25.29134],[145.05066,-25.29129],[145.04738,-25.29383],[145.0581,-25.30135],[145.06005,-25.30397],[145.05993,-25.31281],[145.05574,-25.32098],[145.056,-25.32503],[145.05252,-25.33325],[145.08841,-25.33708],[145.09772,-25.33908],[145.10675,-25.33816],[145.11262,-25.33593],[145.12231,-25.33994],[145.20357,-25.34909],[145.20436,-25.35009],[145.28338,-25.35873],[145.2841,-25.35789],[145.27166,-25.45235],[145.25329,-25.4505],[145.24976,-25.47862],[145.28777,-25.48284],[145.29616,-25.46515],[145.31666,-25.45956],[145.32621,-25.44635],[145.35404,-25.45059],[145.35973,-25.45499],[145.36107,-25.45485],[145.39586,-25.47171],[145.40684,-25.49521],[145.42467,-25.49027],[145.42857,-25.49169],[145.44095,-25.49234],[145.44744,-25.49964],[145.45356,-25.50029],[145.45954,-25.50383],[145.54982,-25.5096],[145.54931,-25.51685],[145.54718,-25.51859],[145.53827,-25.60352],[145.52786,-25.6239],[145.50795,-25.62239],[145.50267,-25.61763],[145.50213,-25.66829],[145.49255,-25.74629],[145.58408,-25.75471],[145.59098,-25.74344],[145.60079,-25.7409],[145.59877,-25.73877],[145.59861,-25.73213],[145.60002,-25.72864],[145.60426,-25.72464],[145.60503,-25.71656],[145.61298,-25.71104],[145.61793,-25.7058],[145.62045,-25.70186],[145.62164,-25.69534],[145.62442,-25.69124],[145.63378,-25.68741],[145.63369,-25.68193],[145.63708,-25.67792],[145.6362,-25.67298],[145.63689,-25.66365],[145.63822,-25.65962],[145.64135,-25.65652],[145.64418,-25.65614],[145.64521,-25.655],[145.64454,-25.65201],[145.64623,-25.65051],[145.654,-25.64949],[145.65884,-25.64585],[145.66345,-25.62995],[145.66629,-25.6274],[145.66386,-25.62157],[145.66397,-25.6194],[145.6654,-25.61605],[145.67223,-25.61246],[145.67395,-25.60857],[145.74925,-25.61583],[145.7446,-25.65165],[145.74233,-25.65629],[145.74365,-25.65846],[145.74161,-25.67397],[145.74511,-25.6817],[145.74602,-25.69183],[145.92004,-25.71404],[145.93,-25.71887],[145.94525,-25.72075],[145.96382,-25.71085],[145.96901,-25.70106],[145.96827,-25.67012],[145.96409,-25.6382],[145.96801,-25.63554],[145.93482,-25.56499],[145.93935,-25.53355],[145.93894,-25.52735],[145.94216,-25.49944],[145.94049,-25.491],[145.93858,-25.48761],[145.97649,-25.4877],[145.97329,-25.52176],[145.97332,-25.55013],[145.97115,-25.56897],[146.0976,-25.58314],[146.17239,-25.58823],[146.18274,-25.50539],[146.19229,-25.50654],[146.20772,-25.41479],[146.20806,-25.40395],[146.21058,-25.39129],[146.2006,-25.39025],[146.21594,-25.27441],[146.29254,-25.28235],[146.35091,-25.29],[146.35206,-25.28921],[146.3696,-25.29123],[146.36574,-25.31898],[146.50975,-25.33513],[146.50096,-25.31053],[146.49568,-25.3039],[146.55637,-25.31047],[146.55824,-25.30749],[146.56555,-25.30848],[146.57379,-25.24767],[146.56789,-25.23967],[146.57538,-25.17427],[146.58625,-25.16942],[146.75822,-25.18821],[146.73721,-25.35778],[146.73963,-25.35471],[146.74307,-25.35357],[146.79684,-25.31492],[146.84383,-25.27913],[146.84425,-25.27446],[146.84942,-25.2672],[146.85649,-25.26075],[146.86744,-25.24263],[146.86677,-25.24063],[146.86899,-25.2399],[146.87085,-25.2347],[146.87222,-25.23403],[146.87561,-25.22619],[146.8766,-25.22609],[146.87948,-25.22092],[146.89857,-25.20784],[146.93849,-25.20971],[146.94575,-25.14797],[147.0012,-25.15322],[147.00594,-25.11723],[147.00508,-25.11485],[147.00765,-25.11393],[147.00726,-25.11188],[147.00282,-25.1071],[147.00737,-25.07525],[147.03125,-25.07746],[147.04793,-25.06527],[147.08898,-25.07003],[147.09336,-25.06914],[147.05889,-24.99657],[147.06114,-24.99541],[147.06458,-24.99049],[147.06955,-24.98982],[147.07173,-24.99124],[147.074,-24.99132],[147.07494,-24.99164],[147.08107,-24.99748],[147.08688,-25.00088],[147.08846,-25.0013],[147.09175,-25.00219],[147.09322,-25.00258],[147.09695,-25.00211],[147.11106,-24.99311],[147.11209,-24.99018],[147.11032,-24.98261],[147.11177,-24.97835],[147.11664,-24.97343],[147.11944,-24.96747],[147.1223,-24.96482],[147.12697,-24.96358],[147.13142,-24.95951],[147.13536,-24.95847],[147.14709,-24.96186],[147.1557,-24.96308],[147.15903,-24.96526],[147.16017,-24.96838],[147.15966,-24.97311],[147.15554,-24.98163],[147.16109,-24.98216],[147.16736,-24.98922],[147.18139,-24.99288],[147.20623,-24.99129],[147.22094,-24.98043],[147.22691,-24.98033],[147.23297,-24.98714],[147.23787,-24.98631],[147.25433,-24.97545],[147.25749,-24.97126],[147.26279,-24.96713],[147.26499,-24.9611],[147.27068,-24.95711],[147.27449,-24.95817],[147.27833,-24.95691],[147.28285,-24.94985],[147.27751,-24.94027],[147.27633,-24.92531],[147.27763,-24.9213],[147.27951,-24.91918],[147.28357,-24.91902],[147.2889,-24.91105],[147.28912,-24.90886],[147.29415,-24.90255],[147.2949,-24.8967],[147.29639,-24.8958],[147.29757,-24.89218],[147.30133,-24.89181],[147.30404,-24.88972],[147.30537,-24.88497],[147.30853,-24.88386],[147.31734,-24.88489],[147.31958,-24.88237],[147.31847,-24.87259],[147.3221,-24.87047],[147.32406,-24.87076],[147.32559,-24.87304],[147.33318,-24.87249],[147.33556,-24.871],[147.33988,-24.87205],[147.34158,-24.87132],[147.3498,-24.87551],[147.36108,-24.87521],[147.36329,-24.87713],[147.36596,-24.87744],[147.36976,-24.87675],[147.37355,-24.87117],[147.38096,-24.87079],[147.39011,-24.87372],[147.39322,-24.87863],[147.39627,-24.87631],[147.41972,-24.88137],[147.47644,-24.87822],[147.48362,-24.87698],[147.4885,-24.87364],[147.4898,-24.87123],[147.49651,-24.84701],[147.50143,-24.84472],[147.50448,-24.83838],[147.50897,-24.8349],[147.50926,-24.83328],[147.50621,-24.82629],[147.50826,-24.82071],[147.51279,-24.82654],[147.51873,-24.8302],[147.52394,-24.82899],[147.53268,-24.82382],[147.53867,-24.82407],[147.54015,-24.82298],[147.54244,-24.81756],[147.54433,-24.81772],[147.54945,-24.82121],[147.55394,-24.81947],[147.55833,-24.81918],[147.55989,-24.82339],[147.55865,-24.82551],[147.55922,-24.83308],[147.56053,-24.83427],[147.57854,-24.83604],[147.58261,-24.83186],[147.58359,-24.82596],[147.58761,-24.82323],[147.5896,-24.81841],[147.59215,-24.81824],[147.60658,-24.81245],[147.61192,-24.80766],[147.61729,-24.80494],[147.63087,-24.80381],[147.63472,-24.80121],[147.63904,-24.80138],[147.64194,-24.79889],[147.64705,-24.79995],[147.64695,-24.79789],[147.64996,-24.79026],[147.6495,-24.78872],[147.64678,-24.78813],[147.64533,-24.78627],[147.64442,-24.77697],[147.64658,-24.77321],[147.65146,-24.77112],[147.666,-24.77106],[147.67043,-24.76965],[147.67336,-24.77012],[147.68045,-24.77385],[147.68865,-24.76317],[147.69353,-24.76112],[147.70207,-24.76044],[147.70372,-24.75413],[147.70487,-24.75315],[147.71046,-24.75327],[147.71607,-24.75024],[147.71831,-24.74775],[147.71858,-24.74432],[147.72439,-24.74095],[147.7303,-24.73301],[147.73523,-24.73032],[147.74599,-24.7287],[147.74787,-24.73026],[147.75176,-24.73065],[147.75968,-24.72801],[147.7632,-24.72895],[147.77026,-24.73322],[147.77182,-24.73756],[147.77407,-24.73898],[147.77684,-24.73897],[147.78354,-24.73374],[147.78653,-24.73338],[147.7913,-24.73076],[147.79632,-24.7321],[147.79716,-24.73394],[147.79956,-24.73482],[147.80139,-24.73494],[147.8031,-24.73343],[147.80512,-24.73376],[147.81158,-24.73714],[147.81725,-24.73499],[147.82346,-24.73523],[147.8237,-24.73524],[147.82402,-24.736],[147.8276,-24.74448],[147.82658,-24.7504],[147.82862,-24.75377],[147.83036,-24.7547],[147.83412,-24.75427],[147.84482,-24.76224],[147.84842,-24.76621],[147.84846,-24.76807],[147.85246,-24.77139],[147.85091,-24.77594],[147.85213,-24.77803],[147.85656,-24.78179],[147.85766,-24.78159],[147.85868,-24.78367],[147.86084,-24.78387],[147.86395,-24.78627],[147.86825,-24.78566],[147.87413,-24.78823],[147.87736,-24.78749],[147.87825,-24.79048],[147.88722,-24.79574],[147.89362,-24.80377],[147.89984,-24.8087],[147.90129,-24.81417],[147.90757,-24.81489],[147.91061,-24.81649],[147.91247,-24.81929],[147.91525,-24.81932],[147.91582,-24.82164],[147.91909,-24.82492],[147.91641,-24.82936],[147.91331,-24.8394],[147.91524,-24.84279],[147.91525,-24.84757],[147.9213,-24.84983],[147.93397,-24.86092],[147.93788,-24.8616],[147.94235,-24.86761],[147.94153,-24.87023],[147.94358,-24.87222],[147.94706,-24.873],[147.9462,-24.87617],[147.94935,-24.87999],[147.95049,-24.88091],[147.9501,-24.88039],[147.95072,-24.88072],[147.95693,-24.87885],[147.96537,-24.87975],[147.97618,-24.87862],[147.97939,-24.88108],[147.97978,-24.88362],[147.98513,-24.89086],[147.98637,-24.89102],[147.99427,-24.90065],[147.99773,-24.89982],[148.00111,-24.89733],[148.01489,-24.89889],[148.01929,-24.90465],[148.02668,-24.90773],[148.02982,-24.91095],[148.03636,-24.91222],[148.04416,-24.90979],[148.05492,-24.91257],[148.0573,-24.91419],[148.05714,-24.91605],[148.06006,-24.92209],[148.06289,-24.92479],[148.0623,-24.93002],[148.0637,-24.93288],[148.07579,-24.94157],[148.07618,-24.94521],[148.07844,-24.94836],[148.07428,-24.9572],[148.07785,-24.96738],[148.07964,-24.9689],[148.07959,-24.97012],[148.07592,-24.9726],[148.07584,-24.97876],[148.0783,-24.98208],[148.07771,-24.98403],[148.07885,-24.98511],[148.0791,-24.98798],[148.08385,-24.99651],[148.08341,-25.00077],[148.08701,-25.00248],[148.08933,-25.00905],[148.09403,-25.0136],[148.10461,-25.01729],[148.10586,-25.02024],[148.10892,-25.02155],[148.11351,-25.02081],[148.11698,-25.02215],[148.11754,-25.02392],[148.11526,-25.02993],[148.12088,-25.03503],[148.12131,-25.04139],[148.12283,-25.04347],[148.12736,-25.0448],[148.13394,-25.04314],[148.14168,-25.05523],[148.14334,-25.05986],[148.14476,-25.06127],[148.14958,-25.06134],[148.1521,-25.06471],[148.15244,-25.0676],[148.1605,-25.08402],[148.16528,-25.0838],[148.17057,-25.08516],[148.17477,-25.0843],[148.18072,-25.07944],[148.18737,-25.0812],[148.19827,-25.0818],[148.20544,-25.07924],[148.20957,-25.08014],[148.21291,-25.08644],[148.22483,-25.09472],[148.22853,-25.09864],[148.23412,-25.10058],[148.23622,-25.11039],[148.23529,-25.11234],[148.2358,-25.11428],[148.23999,-25.11742],[148.24151,-25.12033],[148.25154,-25.12757],[148.25526,-25.13358],[148.26072,-25.13564],[148.26854,-25.14374],[148.26814,-25.14521],[148.27655,-25.14874],[148.27462,-25.15053],[148.27584,-25.15305],[148.2815,-25.15707],[148.28167,-25.15865],[148.29084,-25.1611],[148.29563,-25.16448],[148.29428,-25.16572],[148.29163,-25.17487],[148.29397,-25.17775],[148.29258,-25.18163],[148.2962,-25.18847],[148.2954,-25.19012],[148.30014,-25.19364],[148.30617,-25.20355],[148.3053,-25.21195],[148.31215,-25.21273],[148.32597,-25.21019],[148.32985,-25.21399],[148.33486,-25.21544],[148.33674,-25.21806],[148.34746,-25.22038],[148.34965,-25.22331],[148.35166,-25.22946],[148.35743,-25.23132],[148.36046,-25.23478],[148.36867,-25.23135],[148.37851,-25.23559],[148.37855,-25.23982],[148.38358,-25.2452],[148.38598,-25.24409],[148.3892,-25.24456],[148.39286,-25.24287],[148.39951,-25.24388],[148.40499,-25.25284],[148.40746,-25.2542],[148.40783,-25.25831],[148.41382,-25.25991],[148.41666,-25.25876],[148.41962,-25.25125],[148.42231,-25.24904],[148.42577,-25.24867],[148.42981,-25.25129],[148.44934,-25.25646],[148.46966,-25.24475],[148.48136,-25.24301],[148.48799,-25.24642],[148.50308,-25.24474],[148.5106,-25.24607],[148.51626,-25.24314],[148.52498,-25.24454],[148.5345,-25.24437],[148.54338,-25.24688],[148.54802,-25.25184],[148.55288,-25.25361],[148.56884,-25.2496],[148.57549,-25.2547],[148.58089,-25.25513],[148.59156,-25.26136],[148.59566,-25.26489],[148.59688,-25.27005],[148.60034,-25.2722],[148.60168,-25.27491],[148.61066,-25.27469],[148.61303,-25.27653],[148.62567,-25.27995],[148.63743,-25.27939],[148.63924,-25.28198],[148.64534,-25.28589],[148.65001,-25.29444],[148.65273,-25.29624],[148.66103,-25.30669],[148.66665,-25.31043],[148.66871,-25.30946],[148.66986,-25.30556],[148.67339,-25.30534],[148.6773,-25.30067],[148.67994,-25.28873],[148.68341,-25.28707],[148.68339,-25.28098],[148.68818,-25.28145],[148.69388,-25.28487],[148.69796,-25.28546],[148.70229,-25.28391],[148.70822,-25.2781],[148.71587,-25.28125],[148.72124,-25.28626],[148.7244,-25.28593],[148.72793,-25.28746],[148.73448,-25.28676],[148.73721,-25.28491],[148.73518,-25.27968],[148.73725,-25.27845],[148.74527,-25.2798],[148.75916,-25.31082],[148.75256,-25.31295],[148.75148,-25.3145],[148.74776,-25.31491],[148.74867,-25.31687],[148.74705,-25.31874],[148.74737,-25.32426],[148.73889,-25.32766],[148.73349,-25.33371],[148.73316,-25.33781],[148.72664,-25.34262],[148.7189,-25.38695],[148.71896,-25.38874],[148.72482,-25.39034],[148.7272,-25.39318],[148.7252,-25.39567],[148.7258,-25.40084],[148.7371,-25.40976],[148.74405,-25.41324],[148.76168,-25.41735],[148.76363,-25.41945],[148.76548,-25.42425],[148.77475,-25.43169],[148.77585,-25.43491],[148.77929,-25.43607],[148.78368,-25.43591],[148.79108,-25.43913],[148.79796,-25.44543],[148.8006,-25.44594],[148.80077,-25.44294],[148.8044,-25.44084],[148.80911,-25.44067],[148.81379,-25.44384],[148.81243,-25.44636],[148.81507,-25.45246],[148.82155,-25.4547],[148.82466,-25.45415],[148.83363,-25.46043],[148.86377,-25.4652],[148.87292,-25.46166],[148.87699,-25.47036],[148.90063,-25.47298],[148.90523,-25.47196],[148.90726,-25.46789],[148.91915,-25.46814],[148.92798,-25.46378],[148.93495,-25.46565],[148.93923,-25.46425],[148.94017,-25.46328],[148.93775,-25.46274],[148.93835,-25.45918],[149.02453,-25.55974],[148.98404,-25.58837],[148.98611,-25.58834],[148.98791,-25.59007],[148.98629,-25.59794],[148.98698,-25.60319],[148.98548,-25.6122],[148.99132,-25.61836],[148.99306,-25.61867],[148.99519,-25.61742],[148.99552,-25.61466],[148.99197,-25.61014],[148.99002,-25.60539],[148.9922,-25.60072],[149.01037,-25.60173],[149.02007,-25.60371],[149.02606,-25.60807],[149.02581,-25.61106],[149.02387,-25.61194],[149.01427,-25.60883],[149.01292,-25.6093],[149.01259,-25.6115],[149.01386,-25.6136],[149.01835,-25.61663],[149.02731,-25.61926],[149.03267,-25.62706],[149.03847,-25.62921],[149.03852,-25.6316],[149.03265,-25.63841],[149.03402,-25.64134],[149.0343,-25.64165],[149.03543,-25.64206],[149.03597,-25.64179],[149.03813,-25.63835],[149.04101,-25.63662],[149.04117,-25.63218],[149.04498,-25.62846],[149.04451,-25.62432],[149.04533,-25.62309],[149.04787,-25.62294],[149.06046,-25.62683],[149.06141,-25.62983],[149.06055,-25.63234],[149.05046,-25.63909],[149.04848,-25.64317],[149.04967,-25.6479],[149.05057,-25.64912],[149.052,-25.64973],[149.06045,-25.64617],[149.06152,-25.64625],[149.06451,-25.64647],[149.06503,-25.64651],[149.06494,-25.64704],[149.06474,-25.64814],[149.06449,-25.6495],[149.06406,-25.64972],[149.0639,-25.65008],[149.05991,-25.65237],[149.05409,-25.66164],[149.05372,-25.66635],[149.05638,-25.66983],[149.03988,-25.67576],[149.0315,-25.67275],[149.01936,-25.68147],[149.01573,-25.6817],[149.0082,-25.69448],[149.00139,-25.69741],[148.99575,-25.6976],[148.9812,-25.7083],[148.97802,-25.70866],[148.97278,-25.71318],[148.96925,-25.71142],[148.96728,-25.70381],[148.96419,-25.69928],[148.95704,-25.6929],[148.94935,-25.69279],[148.94262,-25.68551],[148.93899,-25.68541],[148.93833,-25.68792],[148.94019,-25.69096],[148.93998,-25.69388],[148.93684,-25.69715],[148.93691,-25.69828],[148.93438,-25.69951],[148.93122,-25.69943],[148.92527,-25.70341],[148.92566,-25.70547],[148.9287,-25.70905],[148.92476,-25.71732],[148.92557,-25.71937],[148.92849,-25.72067],[148.92871,-25.72303],[148.92669,-25.7249],[148.92162,-25.72523],[148.91959,-25.72836],[148.92253,-25.7297],[148.9212,-25.73469],[148.92376,-25.74056],[148.90068,-25.7601],[148.90957,-25.76122],[148.90878,-25.76604],[148.91094,-25.76757],[148.94495,-25.7712],[148.96362,-25.79269],[148.9683,-25.78968],[148.97692,-25.78757],[148.98557,-25.78271],[148.9965,-25.78086],[149.01302,-25.77457],[149.02168,-25.76877],[149.02597,-25.76797],[149.03122,-25.76853],[149.03118,-25.77557],[149.02493,-25.79907],[149.02798,-25.80455],[149.04398,-25.82303],[149.05283,-25.82465],[149.05376,-25.82626],[149.04998,-25.82806],[149.05513,-25.82873],[149.06087,-25.83467],[149.06232,-25.83821],[149.06531,-25.83855],[149.06814,-25.84231],[149.07569,-25.8435],[149.08749,-25.8564],[149.0917,-25.85935],[149.09706,-25.86061],[149.10133,-25.86347],[149.1044,-25.86645],[149.10828,-25.87336],[149.09439,-25.94034],[149.09727,-25.94784],[149.10197,-25.94564],[149.10612,-25.94553],[149.1246,-25.95111],[149.13125,-25.94813],[149.1376,-25.94788],[149.13782,-25.9461],[149.22534,-25.95833],[149.3019,-25.96653],[149.32721,-25.92523],[149.32966,-25.9249],[149.33486,-25.91942],[149.34202,-25.92084],[149.34552,-25.91907],[149.34787,-25.91496],[149.35526,-25.90958],[149.35553,-25.90658],[149.35894,-25.90658],[149.36293,-25.90468],[149.36463,-25.89795],[149.37439,-25.89042],[149.38224,-25.88892],[149.39846,-25.87608],[149.40126,-25.88254],[149.48326,-25.89182],[149.47678,-25.93363],[149.57505,-25.94452],[149.58451,-25.88631],[149.6489,-25.89462],[149.66332,-25.88357],[149.67181,-25.87928],[149.67403,-25.8763],[149.68156,-25.87232],[149.69208,-25.86891],[149.7357,-25.8495],[149.76678,-25.90512],[149.77184,-25.90671],[149.7835,-25.89109],[149.76629,-25.85946],[149.77094,-25.85248],[149.78758,-25.85829],[149.79087,-25.85617],[149.79379,-25.85079],[149.79562,-25.85075],[149.7955,-25.84955],[149.79811,-25.84856],[149.80351,-25.84875],[149.80738,-25.85206],[149.81373,-25.85333],[149.81608,-25.85278],[149.82309,-25.84973],[149.8248,-25.8457],[149.82799,-25.84285],[149.82808,-25.84099],[149.82191,-25.84021],[149.82372,-25.82852],[149.82726,-25.82897],[149.83866,-25.83764],[149.85019,-25.83774],[149.88295,-25.82965],[149.8869,-25.82101],[149.89346,-25.824],[149.89488,-25.82373],[149.89666,-25.81597],[149.89783,-25.81499],[149.89939,-25.81899],[149.90323,-25.8184],[149.9056,-25.81993],[149.90672,-25.81733],[149.91534,-25.82207],[149.91966,-25.82694],[149.92824,-25.83207],[149.93272,-25.83975],[149.95088,-25.84011],[149.95483,-25.84159],[149.96204,-25.8507],[149.96559,-25.85138],[149.96834,-25.85106],[149.9713,-25.84861],[149.97414,-25.84798],[149.9906,-25.84741],[150.0002,-25.85263],[150.01386,-25.85784],[150.01669,-25.85952],[150.02221,-25.86561],[150.02766,-25.83001],[150.02846,-25.83502],[150.03214,-25.83685],[150.03634,-25.83659],[150.04,-25.83305],[150.04369,-25.83235],[150.04514,-25.83452],[150.04542,-25.83961],[150.04747,-25.84125],[150.04982,-25.84072],[150.05242,-25.83822],[150.05211,-25.83447],[150.05351,-25.83247],[150.0564,-25.81339],[150.08584,-25.8124],[150.0911,-25.80634],[150.09624,-25.79431],[150.09903,-25.79726],[150.10429,-25.79576],[150.11479,-25.81117],[150.12875,-25.81845],[150.14156,-25.82299],[150.15318,-25.81942],[150.15929,-25.81912],[150.1648,-25.81497],[150.17382,-25.81153],[150.17863,-25.80519],[150.18063,-25.80517],[150.18051,-25.79495],[150.17447,-25.78009],[150.20737,-25.78462],[150.21397,-25.78428],[150.23679,-25.78855],[150.24315,-25.79435],[150.24821,-25.79528],[150.24948,-25.78794],[150.2579,-25.78802],[150.27328,-25.79591],[150.27909,-25.79614],[150.28176,-25.77849],[150.29467,-25.78005],[150.33629,-25.79015],[150.34081,-25.81491],[150.34543,-25.81777],[150.36064,-25.81851],[150.37038,-25.81562],[150.38876,-25.81463],[150.38683,-25.80599],[150.38882,-25.80349],[150.39292,-25.80147],[150.39538,-25.79601],[150.40499,-25.79065],[150.41808,-25.78938],[150.42627,-25.77454],[150.42954,-25.73719],[150.4343,-25.73385],[150.42193,-25.69405],[150.42291,-25.68685],[150.41829,-25.67523],[150.42642,-25.66515],[150.43642,-25.66152],[150.44258,-25.62156],[150.43705,-25.60644],[150.42649,-25.60276],[150.41521,-25.6013],[150.41421,-25.59714],[150.4104,-25.59613],[150.40701,-25.59642],[150.40204,-25.59863],[150.401,-25.59363],[150.40382,-25.58373],[150.40799,-25.58024],[150.41247,-25.56758],[150.41015,-25.56141],[150.40326,-25.55177],[150.40258,-25.54149],[150.4043,-25.5372],[150.39211,-25.53152],[150.39425,-25.52682],[150.3918,-25.52002],[150.40274,-25.50773],[150.40165,-25.50338],[150.3977,-25.5006],[150.38915,-25.50313],[150.38531,-25.50211],[150.38775,-25.49482],[150.38539,-25.48797],[150.37671,-25.49046],[150.37462,-25.48939],[150.37598,-25.48278],[150.37009,-25.48069],[150.36912,-25.47624],[150.37472,-25.47185],[150.37559,-25.46135],[150.39784,-25.44734],[150.40476,-25.43139],[150.39964,-25.428],[150.39085,-25.41881],[150.39365,-25.41621],[150.40188,-25.41397],[150.39911,-25.40278],[150.40445,-25.39763],[150.39551,-25.39042],[150.40692,-25.37853],[150.41183,-25.37683],[150.41398,-25.37212],[150.41754,-25.37243],[150.41794,-25.36992],[150.40731,-25.36523],[150.40647,-25.36206],[150.41546,-25.35643],[150.4194,-25.34975],[150.41794,-25.34698],[150.41846,-25.33599],[150.41653,-25.33083],[150.42664,-25.32397],[150.43751,-25.32542],[150.44259,-25.3206],[150.44089,-25.31713],[150.44845,-25.30305],[150.44612,-25.29843],[150.44637,-25.29244],[150.44221,-25.28851],[150.44356,-25.28191],[150.4543,-25.28102],[150.45855,-25.278],[150.4522,-25.26359],[150.45432,-25.25751],[150.46167,-25.2568],[150.46506,-25.24807],[150.46466,-25.24183],[150.47151,-25.23426],[150.47454,-25.2328],[150.47519,-25.23087],[150.47641,-25.22163],[150.47205,-25.20261],[150.47005,-25.19879],[150.47216,-25.19583],[150.47136,-25.19051],[150.4778,-25.19078],[150.4864,-25.19497],[150.50225,-25.19265],[150.49805,-25.18658],[150.50824,-25.17357],[150.51269,-25.17153],[150.51852,-25.1705],[150.53103,-25.16486],[150.55138,-25.16473],[150.55747,-25.16163],[150.55758,-25.15602],[150.56195,-25.15205],[150.56202,-25.14557],[150.55903,-25.14194],[150.55662,-25.13378],[150.56061,-25.12698],[150.56533,-25.12392],[150.57011,-25.11535],[150.57881,-25.11242],[150.56598,-25.10125],[150.55909,-25.09718],[150.55647,-25.09409],[150.5563,-25.0905],[150.55787,-25.08792],[150.5581,-25.08333],[150.55577,-25.07951],[150.55423,-25.07257],[150.54862,-25.05993],[150.54831,-25.05141],[150.54993,-25.03779],[150.54771,-25.00937],[150.55326,-24.98624],[150.54634,-24.97737],[150.53959,-24.96069],[150.5424,-24.95894],[150.55822,-24.92353],[150.55657,-24.91467],[150.55861,-24.89962],[150.58085,-24.8474],[150.5856,-24.84799],[150.58608,-24.84556],[150.59178,-24.84528],[150.59471,-24.83827],[150.59819,-24.8357],[150.6035,-24.8011],[150.60597,-24.79852],[150.60182,-24.78965],[150.58652,-24.73148],[150.61136,-24.71164],[150.62211,-24.70922],[150.6369,-24.70936],[150.63833,-24.70017],[150.64183,-24.69594],[150.65588,-24.69323],[150.66313,-24.70276],[150.66681,-24.70376],[150.67974,-24.69902],[150.68944,-24.70246],[150.69944,-24.70215],[150.70913,-24.7037],[150.7247,-24.70157],[150.7281,-24.69877],[150.73247,-24.69788],[150.73927,-24.699],[150.74681,-24.70245],[150.75973,-24.7038],[150.76687,-24.70745],[150.77444,-24.71421],[150.77827,-24.71623],[150.79059,-24.71194],[150.82869,-24.71804],[150.85459,-24.72381],[150.85842,-24.7224],[150.86517,-24.7244],[150.87002,-24.72141],[150.87398,-24.72114],[150.87636,-24.71597],[150.87555,-24.71364],[150.87902,-24.70072],[150.8754,-24.69885],[150.87489,-24.69627],[150.87801,-24.68916],[150.88157,-24.68806],[150.8837,-24.68088],[150.88332,-24.67827],[150.8877,-24.67721],[150.88947,-24.67819],[150.89419,-24.66881],[150.89647,-24.66779],[150.89555,-24.66515],[150.89754,-24.66498],[150.90195,-24.66162],[150.90764,-24.6533],[150.91056,-24.6521],[150.91113,-24.65041],[150.90079,-24.64236],[150.89966,-24.63833],[150.89822,-24.63687],[150.89964,-24.6331],[150.89764,-24.63053],[150.88972,-24.63182],[150.88276,-24.62517],[150.8676,-24.63103],[150.85749,-24.62558],[150.8556,-24.62283],[150.85139,-24.62232],[150.84904,-24.61994],[150.84372,-24.61979],[150.83871,-24.61812],[150.83605,-24.6148],[150.82578,-24.60759],[150.82495,-24.60549],[150.81912,-24.60395],[150.82624,-24.55475],[150.82756,-24.55396],[150.82949,-24.55515],[150.82993,-24.56002],[150.83385,-24.55963],[150.83756,-24.55782],[150.8389,-24.55945],[150.84474,-24.56198],[150.84736,-24.55987],[150.84914,-24.55117],[150.8509,-24.54918],[150.85269,-24.5516],[150.85326,-24.55575],[150.85569,-24.55832],[150.86178,-24.55974],[150.86744,-24.55989],[150.87119,-24.55558],[150.87285,-24.55527],[150.8791,-24.55662],[150.88075,-24.55201],[150.90729,-24.55996],[150.90949,-24.56166],[150.9127,-24.56133],[150.944,-24.56975],[150.96128,-24.57644],[150.96364,-24.57596],[150.96904,-24.57859],[150.97277,-24.57636],[150.97353,-24.57481],[150.97257,-24.57254],[150.96981,-24.56968],[150.96905,-24.56114],[150.96983,-24.55231],[150.97472,-24.54896],[150.98143,-24.54919],[150.97271,-24.53677],[150.96787,-24.53343],[150.96842,-24.52939],[150.96652,-24.52681],[150.96597,-24.52064],[150.96378,-24.51466],[150.96515,-24.51051],[150.96376,-24.50847],[150.96404,-24.50702],[150.96994,-24.50252],[150.96984,-24.49727],[150.97072,-24.49593],[150.9743,-24.49541],[150.97953,-24.4914],[150.97951,-24.48306],[150.97867,-24.48124],[150.98289,-24.47869],[150.98366,-24.47656],[150.9822,-24.4753],[150.98285,-24.47215],[150.98559,-24.46981],[150.98629,-24.46328],[150.98741,-24.46216],[150.98872,-24.4562],[150.98778,-24.45292],[150.9881,-24.44694],[150.9932,-24.44271],[150.99417,-24.42422],[150.99386,-24.41903],[150.99192,-24.41653],[150.99224,-24.41123],[150.99312,-24.40966],[150.99945,-24.406],[151.00064,-24.39891],[151.00425,-24.39658],[151.00501,-24.39456],[151.01684,-24.397],[151.02077,-24.39535],[151.02176,-24.39379],[151.02831,-24.39411],[151.02959,-24.39216],[151.03695,-24.39208],[151.03927,-24.39297],[151.04139,-24.396],[151.04441,-24.39432],[151.04558,-24.39604],[151.04784,-24.40168],[151.04454,-24.40653],[151.04532,-24.41287],[151.04946,-24.4171],[151.05126,-24.41738],[151.05242,-24.42018],[151.05485,-24.42024],[151.05744,-24.42757],[151.061,-24.42615],[151.06332,-24.42743],[151.06428,-24.42946],[151.06649,-24.43014],[151.06691,-24.43187],[151.0697,-24.43258],[151.07197,-24.43792],[151.08986,-24.44102],[151.09151,-24.44365],[151.09325,-24.44352],[151.09806,-24.45029],[151.09976,-24.45846],[151.10608,-24.46251],[151.10697,-24.47023],[151.1137,-24.47453],[151.11487,-24.47462],[151.11661,-24.46875],[151.11813,-24.46707],[151.12247,-24.46835],[151.12407,-24.46681],[151.13287,-24.46483],[151.13414,-24.46377],[151.13353,-24.46118],[151.13564,-24.46043],[151.13787,-24.45563],[151.14746,-24.46038],[151.14902,-24.45946],[151.15338,-24.46062],[151.15419,-24.46546],[151.15864,-24.4686],[151.1643,-24.47564],[151.1668,-24.47644],[151.16916,-24.47904],[151.16886,-24.48455],[151.16429,-24.48678],[151.16161,-24.49328],[151.16143,-24.49888],[151.15881,-24.49994],[151.15813,-24.50444],[151.15543,-24.5076],[151.15577,-24.51017],[151.15405,-24.51275],[151.15588,-24.52169],[151.15297,-24.52361],[151.15226,-24.52694],[151.15426,-24.53214],[151.15291,-24.53775],[151.15684,-24.54126],[151.15633,-24.54483],[151.15747,-24.54701],[151.1616,-24.55004],[151.16541,-24.55059],[151.16895,-24.54972],[151.17353,-24.54545],[151.17871,-24.5441],[151.17902,-24.54305],[151.19951,-24.53982],[151.20046,-24.53375],[151.20206,-24.53128],[151.20569,-24.5312],[151.20916,-24.53275],[151.21861,-24.53101],[151.22134,-24.52959],[151.22657,-24.53003],[151.2293,-24.52771],[151.22974,-24.53076],[151.22797,-24.53271],[151.22838,-24.53724],[151.22438,-24.56418],[151.22569,-24.56848],[151.22357,-24.57174],[151.22142,-24.57172],[151.21846,-24.57549],[151.22065,-24.57956],[151.21953,-24.58376],[151.22125,-24.58457],[151.21909,-24.58501],[151.21866,-24.58609],[151.23018,-24.62792],[151.22779,-24.62873],[151.22353,-24.62775],[151.21603,-24.62454],[151.2102,-24.62545],[151.20772,-24.6246],[151.20443,-24.62786],[151.19831,-24.62982],[151.19321,-24.63506],[151.19473,-24.64254],[151.19637,-24.64335],[151.19924,-24.64394],[151.20266,-24.64143],[151.20644,-24.64032],[151.20624,-24.63819],[151.20948,-24.63748],[151.21108,-24.6354],[151.21352,-24.63585],[151.21728,-24.6339],[151.22014,-24.63386],[151.2243,-24.63864],[151.22759,-24.63764],[151.23024,-24.639],[151.23103,-24.64604],[151.2361,-24.65041],[151.23736,-24.65328],[151.24319,-24.65465],[151.24389,-24.65307],[151.24584,-24.65226],[151.24733,-24.65371],[151.24744,-24.65653],[151.25364,-24.66599],[151.25566,-24.66247],[151.26415,-24.65993],[151.2654,-24.65533],[151.26694,-24.65381],[151.27212,-24.65618],[151.27362,-24.65609],[151.27475,-24.65381],[151.27704,-24.65409],[151.27792,-24.6557],[151.28114,-24.65475],[151.29175,-24.65755],[151.2973,-24.6677],[151.30228,-24.66829],[151.30652,-24.66655],[151.30589,-24.66219],[151.3071,-24.66088],[151.3069,-24.6579],[151.31031,-24.65656],[151.30929,-24.65245],[151.31104,-24.64983],[151.31286,-24.64969],[151.31534,-24.64725],[151.31766,-24.64811],[151.32126,-24.64715],[151.32116,-24.6458],[151.32279,-24.64421],[151.32697,-24.6455],[151.33274,-24.64487],[151.33606,-24.64541],[151.34179,-24.64932],[151.34529,-24.64633],[151.34521,-24.64351],[151.34672,-24.64091],[151.35433,-24.63248],[151.35784,-24.6306],[151.35846,-24.62523],[151.36129,-24.62347],[151.36339,-24.6185],[151.36635,-24.61536],[151.36703,-24.61219],[151.36874,-24.61063],[151.37043,-24.61086],[151.3712,-24.60915],[151.37398,-24.60976],[151.37595,-24.61294],[151.37877,-24.61332],[151.38142,-24.61219],[151.38462,-24.60834],[151.39094,-24.6147],[151.39493,-24.6149],[151.39794,-24.61714],[151.40214,-24.61653],[151.40353,-24.61522],[151.40684,-24.61539],[151.40854,-24.61301],[151.40765,-24.60982],[151.41037,-24.60502],[151.41067,-24.59661],[151.41571,-24.59505],[151.42448,-24.5958],[151.43051,-24.59366],[151.43315,-24.59159],[151.4419,-24.57775],[151.44233,-24.5769],[151.43884,-24.57488],[151.43564,-24.57108],[151.43344,-24.56347],[151.43878,-24.56296],[151.44071,-24.5648],[151.449,-24.56785],[151.45276,-24.57045],[151.45698,-24.5706],[151.45847,-24.56589],[151.46368,-24.56],[151.46403,-24.5573],[151.46628,-24.55378],[151.46574,-24.55129],[151.46851,-24.54333],[151.46627,-24.53946],[151.47061,-24.5366],[151.47316,-24.53738],[151.47754,-24.536],[151.48358,-24.53839],[151.4867,-24.54113],[151.48843,-24.54455],[151.48905,-24.54801],[151.48695,-24.54867],[151.4851,-24.55225],[151.4883,-24.55746],[151.48811,-24.55968],[151.48983,-24.56136],[151.48822,-24.56229],[151.49025,-24.56589],[151.49409,-24.56714],[151.49823,-24.57118],[151.49689,-24.5724],[151.49791,-24.57644],[151.50495,-24.57825],[151.50824,-24.58167],[151.50919,-24.58635],[151.50635,-24.58877],[151.50484,-24.59358],[151.50789,-24.59618],[151.51056,-24.59691],[151.51347,-24.60057],[151.51716,-24.59869],[151.52011,-24.60015],[151.52587,-24.60066],[151.53592,-24.61024],[151.53543,-24.61433],[151.53703,-24.61409],[151.5423,-24.61745],[151.54214,-24.6207],[151.54032,-24.62413],[151.54211,-24.6307],[151.54052,-24.63213],[151.53833,-24.64081],[151.54161,-24.64561],[151.53851,-24.64806],[151.53556,-24.6544],[151.53327,-24.65561],[151.53243,-24.66046],[151.52773,-24.66121],[151.5267,-24.66787],[151.52438,-24.6658],[151.5184,-24.66445],[151.51616,-24.66573],[151.51618,-24.66757],[151.51457,-24.66978],[151.5161,-24.67366],[151.51973,-24.6759],[151.52056,-24.68129],[151.52409,-24.68447],[151.52653,-24.68982],[151.52647,-24.69186],[151.53118,-24.69625],[151.53299,-24.69571],[151.54216,-24.69889],[151.54359,-24.7006],[151.55267,-24.6983],[151.56077,-24.70313],[151.56532,-24.71049],[151.56922,-24.71019],[151.57618,-24.70197],[151.58014,-24.70431],[151.59531,-24.69981],[151.60125,-24.70177],[151.60588,-24.70524],[151.60871,-24.7048],[151.6087,-24.707],[151.6114,-24.70886],[151.61432,-24.70872],[151.61981,-24.71355],[151.62365,-24.71873],[151.62566,-24.71956],[151.6266,-24.72213],[151.63451,-24.72514],[151.63901,-24.73041],[151.64503,-24.72929],[151.65191,-24.7246],[151.65159,-24.71624],[151.65064,-24.71535],[151.6472,-24.71658],[151.64493,-24.7157],[151.64489,-24.71456],[151.65088,-24.70881],[151.65391,-24.70708],[151.66076,-24.70734],[151.66533,-24.70551],[151.66843,-24.70297],[151.67157,-24.69798],[151.67708,-24.6954],[151.67952,-24.69696],[151.68248,-24.70152],[151.68534,-24.70912],[151.69865,-24.71362],[151.71197,-24.73042],[151.71589,-24.73375],[151.71994,-24.73515],[151.72208,-24.74509],[151.72834,-24.75542],[151.74328,-24.76573],[151.74525,-24.77176],[151.75079,-24.73585],[151.78885,-24.74071],[151.80088,-24.74623],[151.80394,-24.74991],[151.80607,-24.75578],[151.81147,-24.75923],[151.8143,-24.76609],[151.82536,-24.76861],[151.82662,-24.77023],[151.82584,-24.7715],[151.8278,-24.77208],[151.82817,-24.77364],[151.82964,-24.7742],[151.83138,-24.77332],[151.83845,-24.77663],[151.83904,-24.77856],[151.8416,-24.77923],[151.84187,-24.78194],[151.83966,-24.7901],[151.8428,-24.79206],[151.84609,-24.79078],[151.84919,-24.78654],[151.86263,-24.78617],[151.86523,-24.784],[151.86516,-24.78015],[151.86689,-24.77766],[151.87047,-24.77721],[151.87205,-24.77558],[151.87537,-24.77617],[151.88419,-24.76874],[151.8882,-24.75843],[151.89392,-24.75376],[151.89308,-24.74982],[151.8903,-24.74606],[151.89257,-24.74256],[151.89461,-24.74185],[151.89698,-24.74426],[151.89896,-24.74441],[151.91246,-24.74039],[151.92025,-24.74009],[151.92322,-24.73867],[151.91911,-24.73264],[151.91939,-24.72844],[151.92861,-24.70881],[151.94239,-24.70764],[151.94759,-24.70506],[151.95289,-24.7045],[151.95345,-24.70202],[151.96221,-24.70287],[151.9621,-24.69692],[151.96091,-24.69559],[151.95976,-24.68934],[151.96065,-24.68792],[151.9602,-24.68111],[151.96155,-24.67907],[151.96059,-24.67649],[151.99082,-24.68088],[151.99425,-24.65652],[151.98638,-24.65549],[151.9875,-24.6483],[151.99537,-24.64932],[151.99614,-24.64426],[151.98847,-24.64343],[151.983,-24.64458],[151.97135,-24.64067],[151.96259,-24.64187],[151.95934,-24.64095],[151.96053,-24.63094],[151.96454,-24.63296],[151.96581,-24.62473],[151.96134,-24.61665],[151.95841,-24.61628],[151.95837,-24.61428],[151.96132,-24.61297],[151.96005,-24.60846],[151.98569,-24.61134],[151.98869,-24.59131],[151.95922,-24.58735],[151.96378,-24.58524],[151.96608,-24.58105],[151.96869,-24.58043],[151.96816,-24.57649],[151.97024,-24.57422],[151.96844,-24.57065],[151.96897,-24.56903],[151.97442,-24.56331],[151.9768,-24.55701],[151.98405,-24.5536],[151.98184,-24.54951],[151.98455,-24.55098],[151.9871,-24.54935],[151.98788,-24.54416],[151.98515,-24.5436],[151.98529,-24.54187],[151.98803,-24.54036],[151.99157,-24.54168],[151.99308,-24.54107],[151.99313,-24.5408],[151.99317,-24.54062],[151.99328,-24.54006],[151.99139,-24.5386],[151.99119,-24.5386],[151.98735,-24.5385],[151.98632,-24.53662],[151.98949,-24.53479],[151.99178,-24.53666],[151.9953,-24.53637],[151.9964,-24.53499],[151.99076,-24.52759],[151.99282,-24.52497],[151.99284,-24.52214],[151.99608,-24.52017],[151.9987,-24.51559],[152.01071,-24.51376],[152.01683,-24.51592],[152.02683,-24.52828],[152.03156,-24.52999],[152.05025,-24.52525],[152.05685,-24.5214],[152.06205,-24.51598],[153.22556,-24.516]]]},"properties":{"Police Region Name":"Central Region","Police Region Code":"CR","Police Region Short Name":"Central","DDMG Count":4,"DDMG Names":"Gladstone, Longreach, Mackay, Rockhampton","Note":"Disaster Management Region: the reporting grouping of disaster districts used by the consuming reports. Not the QPS operational region boundary - see qld_qps_regions_gda94_simp10."},"id":"CR"},{"type":"Feature","geometry":{"type":"MultiPolygon","coordinates":[[[[142.71095,-16.07937],[142.71993,-16.08656],[142.74231,-16.10953],[142.74222,-16.11202],[142.69898,-16.17321],[142.63722,-16.13242],[142.59614,-16.19067],[142.54669,-16.55812],[142.50803,-16.97216],[142.42142,-17.08744],[142.42751,-17.09234],[142.42873,-17.09603],[142.43386,-17.09823],[142.4359,-17.10085],[142.44016,-17.10125],[142.44516,-17.10504],[142.45134,-17.10586],[142.45592,-17.10833],[142.45883,-17.11609],[142.46231,-17.11824],[142.46166,-17.12231],[142.46373,-17.12476],[142.46673,-17.12619],[142.46845,-17.1307],[142.47778,-17.13901],[142.4859,-17.14231],[142.48696,-17.1458],[142.48923,-17.14756],[142.49521,-17.15],[142.4992,-17.15466],[142.5022,-17.15631],[142.50526,-17.16051],[142.5083,-17.16216],[142.51297,-17.17046],[142.51961,-17.17167],[142.52194,-17.17526],[142.53509,-17.17683],[142.54068,-17.17553],[142.40159,-17.35527],[142.34059,-17.28623],[142.17501,-17.43242],[142.1843,-17.4379],[142.19333,-17.44049],[142.20596,-17.44235],[142.21721,-17.44184],[142.22544,-17.4456],[142.22956,-17.45168],[142.23857,-17.45741],[142.24468,-17.45788],[142.25139,-17.46284],[142.25245,-17.46577],[142.25899,-17.47126],[142.26298,-17.48059],[142.26785,-17.48728],[142.26773,-17.49178],[142.17835,-17.56624],[142.05777,-17.43427],[142.01225,-17.4712],[141.89772,-17.33075],[141.78533,-17.4224],[141.83673,-17.48249],[141.72563,-17.46952],[141.72874,-17.43295],[141.57639,-17.42038],[141.57272,-17.45842],[141.42226,-17.44381],[141.40658,-17.60994],[141.38216,-17.60803],[141.37818,-17.67662],[141.43825,-17.67981],[141.43296,-17.74933],[141.41335,-17.76163],[141.4041,-17.76334],[141.40088,-17.76091],[141.39858,-17.75687],[141.39341,-17.75323],[141.388,-17.75184],[141.38293,-17.75138],[141.37832,-17.75276],[141.37443,-17.7521],[141.36207,-17.75553],[141.35933,-17.75444],[141.35915,-17.74492],[141.3509,-17.74325],[141.3388,-17.74448],[141.33245,-17.73813],[141.33002,-17.73356],[141.32829,-17.73323],[141.31686,-17.7367],[141.30441,-17.89896],[141.46824,-17.91042],[141.46607,-17.93898],[141.39314,-17.93477],[141.38829,-18.0066],[141.39195,-18.00611],[141.39506,-18.00405],[141.40022,-18.00399],[141.39519,-18.05711],[141.28171,-18.04674],[141.28378,-18.02323],[141.19987,-18.01543],[141.19206,-18.11331],[141.14684,-18.11042],[141.14046,-18.11267],[141.14061,-18.11469],[141.13798,-18.11744],[141.13633,-18.12233],[141.13406,-18.12527],[141.1341,-18.12918],[141.13596,-18.13247],[141.13452,-18.13434],[141.13486,-18.13773],[141.13886,-18.14497],[141.13939,-18.14955],[141.14314,-18.15715],[141.14224,-18.16089],[141.14411,-18.16627],[141.13788,-18.17974],[141.13702,-18.18888],[141.13877,-18.19137],[141.14451,-18.19558],[141.14504,-18.19401],[141.14732,-18.19294],[141.15744,-18.19603],[141.16267,-18.20464],[141.16793,-18.20371],[141.17003,-18.20715],[141.17519,-18.20902],[141.18125,-18.21326],[141.18123,-18.21686],[141.18463,-18.2203],[141.18476,-18.22291],[141.18697,-18.22499],[141.18585,-18.22653],[141.18659,-18.22999],[141.19032,-18.23357],[141.19062,-18.23852],[141.18872,-18.24285],[141.19013,-18.24786],[141.19371,-18.25366],[141.20085,-18.25264],[141.20421,-18.25489],[141.20573,-18.2616],[141.20938,-18.2628],[141.21056,-18.26446],[141.21135,-18.27033],[141.21066,-18.27413],[141.21314,-18.27867],[141.21077,-18.28237],[141.21303,-18.28497],[141.21225,-18.28797],[141.21986,-18.29428],[141.21836,-18.29719],[141.22094,-18.3009],[141.21804,-18.30225],[141.22014,-18.30851],[141.21745,-18.31447],[141.22065,-18.31656],[141.22197,-18.31961],[141.22022,-18.32238],[141.2233,-18.32465],[141.22318,-18.32971],[141.22574,-18.32922],[141.22644,-18.33109],[141.22973,-18.3319],[141.23171,-18.33532],[141.235,-18.33466],[141.23787,-18.33594],[141.24005,-18.34358],[141.24193,-18.3464],[141.24975,-18.35049],[141.24992,-18.35368],[141.25299,-18.3601],[141.25225,-18.36178],[141.25447,-18.36404],[141.26176,-18.36528],[141.26613,-18.36878],[141.26744,-18.37785],[141.2726,-18.38681],[141.27481,-18.38875],[141.2815,-18.39123],[141.28383,-18.39825],[141.28254,-18.40516],[141.2839,-18.40808],[141.28063,-18.41603],[141.28103,-18.41754],[141.28323,-18.41753],[141.28935,-18.42152],[141.29236,-18.42514],[141.30074,-18.42647],[141.30204,-18.42765],[141.30261,-18.42955],[141.30132,-18.43749],[141.30479,-18.4478],[141.30078,-18.4503],[141.30101,-18.45575],[141.29498,-18.45976],[141.29491,-18.46169],[141.29649,-18.46343],[141.29382,-18.46761],[141.29677,-18.47044],[141.29863,-18.47553],[141.29285,-18.47996],[141.29446,-18.484],[141.29294,-18.48508],[141.29583,-18.4899],[141.29933,-18.49295],[141.29901,-18.49649],[141.29774,-18.49961],[141.29042,-18.50022],[141.29024,-18.5024],[141.28788,-18.50283],[141.28475,-18.5054],[141.28487,-18.50859],[141.28636,-18.50949],[141.28513,-18.51217],[141.2863,-18.51689],[141.28365,-18.51873],[141.2862,-18.5229],[141.28552,-18.53002],[141.28823,-18.54123],[141.2881,-18.54644],[141.29225,-18.54858],[141.29382,-18.55139],[141.29586,-18.55229],[141.2974,-18.55587],[141.29867,-18.55649],[141.29872,-18.56035],[141.30029,-18.56333],[141.29811,-18.56778],[141.2968,-18.56764],[141.29669,-18.56594],[141.29348,-18.56594],[141.2917,-18.56659],[141.29079,-18.56859],[141.29119,-18.5697],[141.29324,-18.57028],[141.29357,-18.57522],[141.29212,-18.57789],[141.29457,-18.58521],[141.29611,-18.58733],[141.29949,-18.58798],[141.30012,-18.59316],[141.30216,-18.59517],[141.30163,-18.60222],[141.30273,-18.60659],[141.30098,-18.60736],[141.2987,-18.61142],[141.30369,-18.6126],[141.30566,-18.61513],[141.31496,-18.62045],[141.36995,-18.62546],[141.36401,-18.68142],[141.62238,-18.7076],[141.69195,-18.71361],[141.66814,-18.96969],[141.6362,-18.96712],[141.62013,-19.11458],[141.6089,-19.11341],[141.60933,-19.12001],[141.6132,-19.1242],[141.61328,-19.12597],[141.61139,-19.12852],[141.61282,-19.13222],[141.61129,-19.1352],[141.61276,-19.13778],[141.61674,-19.13846],[141.61683,-19.14042],[141.61533,-19.14274],[141.61705,-19.14478],[141.61802,-19.14374],[141.62107,-19.14558],[141.62121,-19.14826],[141.62368,-19.1487],[141.62372,-19.15054],[141.62698,-19.15016],[141.62901,-19.15188],[141.63119,-19.15183],[141.63308,-19.15473],[141.63585,-19.15568],[141.63961,-19.15469],[141.64613,-19.15772],[141.65825,-19.15716],[141.66176,-19.1597],[141.66443,-19.15841],[141.66899,-19.15909],[141.6787,-19.15548],[141.68607,-19.15725],[141.6916,-19.15644],[141.69411,-19.15915],[141.69734,-19.16003],[141.69795,-19.16237],[141.70415,-19.17073],[141.70899,-19.17274],[141.71113,-19.17634],[141.71551,-19.17908],[141.729,-19.17905],[141.73452,-19.184],[141.73912,-19.18512],[141.74622,-19.19269],[141.75321,-19.19317],[141.757,-19.19163],[141.75874,-19.1927],[141.76215,-19.19181],[141.77106,-19.0782],[141.93114,-19.08966],[141.94147,-18.97846],[142.12672,-18.9934],[142.12913,-18.96955],[142.17658,-18.97215],[142.15942,-19.14202],[142.23507,-19.14953],[142.23643,-19.13604],[142.35227,-19.14748],[142.35383,-19.1226],[142.40069,-19.12654],[142.37437,-19.4004],[142.3953,-19.40228],[142.39668,-19.38842],[142.60477,-19.40322],[142.59212,-19.54661],[142.60955,-19.54777],[142.60224,-19.62006],[142.60067,-19.63552],[143.2497,-19.68991],[143.25673,-19.68182],[143.25928,-19.68144],[143.26395,-19.68458],[143.27006,-19.69421],[143.27211,-19.69602],[143.27497,-19.69645],[143.27965,-19.6942],[143.28719,-19.68726],[143.2885,-19.68426],[143.28957,-19.66971],[143.29837,-19.65636],[143.30581,-19.63948],[143.31067,-19.63325],[143.31717,-19.62848],[143.333,-19.62111],[143.33667,-19.6167],[143.3392,-19.60962],[143.34193,-19.60561],[143.34614,-19.60371],[143.35139,-19.60434],[143.36769,-19.61272],[143.37284,-19.61388],[143.38307,-19.61258],[143.39427,-19.59677],[143.39396,-19.57662],[143.39508,-19.5751],[143.39797,-19.57524],[143.40288,-19.57019],[143.41316,-19.56438],[143.41699,-19.56712],[143.42564,-19.56515],[143.42777,-19.56313],[143.43406,-19.56531],[143.44383,-19.56602],[143.44734,-19.55879],[143.45374,-19.55596],[143.45811,-19.54668],[143.46186,-19.54496],[143.46631,-19.53998],[143.48987,-19.53091],[143.50142,-19.52443],[143.50939,-19.516],[143.51315,-19.50534],[143.51109,-19.49157],[143.50767,-19.48394],[143.51377,-19.48003],[143.5355,-19.47185],[143.54954,-19.47658],[143.56527,-19.48563],[143.57977,-19.49689],[143.58322,-19.50157],[143.59054,-19.50726],[143.60538,-19.53032],[143.61899,-19.55995],[143.64667,-19.58382],[143.67747,-19.59715],[143.68225,-19.597],[143.71515,-19.58536],[143.73416,-19.58996],[143.77572,-19.60576],[143.79698,-19.61756],[143.82446,-19.63044],[143.85183,-19.63705],[143.92508,-19.63076],[143.93804,-19.62729],[143.94745,-19.62199],[143.95568,-19.61959],[143.96733,-19.62052],[143.97651,-19.62294],[144.00388,-19.62131],[144.01424,-19.61493],[144.0289,-19.59785],[144.04476,-19.58357],[144.05292,-19.57187],[144.05354,-19.57154],[144.05528,-19.57061],[144.05622,-19.5701],[144.0589,-19.57076],[144.06497,-19.57227],[144.08894,-19.57822],[144.10357,-19.57967],[144.11271,-19.57615],[144.11716,-19.57176],[144.12405,-19.57187],[144.13929,-19.56558],[144.14701,-19.56571],[144.1569,-19.56761],[144.1722,-19.57646],[144.17468,-19.58844],[144.17996,-19.59442],[144.20652,-19.60376],[144.2123,-19.61006],[144.22644,-19.61872],[144.23153,-19.61593],[144.23889,-19.60856],[144.24804,-19.5942],[144.25508,-19.58554],[144.26185,-19.58294],[144.27323,-19.57594],[144.27945,-19.57604],[144.28401,-19.57451],[144.2957,-19.56645],[144.30255,-19.49738],[144.34486,-19.5015],[144.35173,-19.42391],[144.36955,-19.43009],[144.38745,-19.43073],[144.45079,-19.44125],[144.4705,-19.4479],[144.47737,-19.37091],[144.59084,-19.38413],[144.5978,-19.31904],[144.6174,-19.32092],[144.61898,-19.30604],[144.62247,-19.2973],[144.6297,-19.28843],[144.75009,-19.18077],[144.77111,-19.20467],[144.8314,-19.15985],[144.82384,-19.15684],[144.8105,-19.15584],[144.80437,-19.15723],[144.79442,-19.1622],[144.77435,-19.14797],[144.71527,-19.01684],[144.69973,-19.00515],[144.69931,-19.00392],[144.69798,-18.996],[144.7075,-18.93594],[144.72138,-18.92125],[144.7903,-18.87105],[144.74538,-18.81803],[144.80842,-18.76959],[144.80723,-18.76844],[144.80755,-18.76449],[144.80462,-18.76176],[144.80468,-18.75999],[144.80676,-18.75728],[144.8059,-18.75233],[144.80162,-18.75092],[144.80065,-18.7496],[144.80057,-18.74775],[144.80257,-18.74569],[144.80247,-18.74438],[144.79204,-18.7332],[144.78901,-18.73295],[144.78675,-18.73399],[144.77753,-18.7407],[144.76544,-18.72856],[144.75799,-18.72854],[144.75648,-18.72762],[144.75561,-18.72526],[144.75095,-18.72507],[144.74515,-18.72186],[144.74389,-18.71249],[144.74687,-18.70754],[144.74169,-18.70268],[144.78708,-18.66128],[144.76414,-18.63846],[144.65162,-18.62657],[144.65996,-18.56862],[144.67614,-18.42343],[144.67774,-18.31097],[144.74113,-18.31746],[144.76036,-18.35638],[144.7712,-18.35751],[144.77406,-18.3588],[144.78014,-18.35794],[144.79979,-18.35919],[144.81104,-18.3675],[144.81361,-18.36775],[144.81717,-18.37174],[144.82242,-18.36907],[144.83461,-18.36881],[144.84348,-18.37177],[144.84956,-18.36959],[144.85518,-18.36952],[144.85162,-18.39999],[144.84462,-18.408],[144.83754,-18.44003],[144.84135,-18.45245],[144.8367,-18.49314],[144.88042,-18.49736],[144.87821,-18.51791],[144.92405,-18.52278],[144.9199,-18.51654],[144.92226,-18.5067],[144.92174,-18.50134],[144.95117,-18.50417],[144.95089,-18.50157],[144.94911,-18.50103],[144.94688,-18.49769],[144.94727,-18.49513],[144.95138,-18.48928],[144.95282,-18.48459],[144.95323,-18.48209],[144.95139,-18.47733],[144.95284,-18.47503],[144.95485,-18.47529],[144.95684,-18.48347],[144.95788,-18.48312],[144.96063,-18.48611],[144.96287,-18.48551],[144.9645,-18.48153],[144.96308,-18.47843],[144.96301,-18.47322],[144.96831,-18.46956],[144.97148,-18.47228],[144.97101,-18.47511],[144.97573,-18.4871],[144.97521,-18.49027],[144.97663,-18.49212],[144.98119,-18.49362],[144.98216,-18.49856],[144.98098,-18.50697],[145.04673,-18.51323],[145.05138,-18.51813],[145.05021,-18.52807],[145.05264,-18.53054],[145.05184,-18.53611],[145.05507,-18.53972],[145.05399,-18.543],[145.05235,-18.54211],[145.05347,-18.54889],[145.05759,-18.54933],[145.05829,-18.55131],[145.06364,-18.55459],[145.06855,-18.55363],[145.0755,-18.55433],[145.07777,-18.55963],[145.07984,-18.56062],[145.08632,-18.55994],[145.09169,-18.56682],[145.09504,-18.56539],[145.0983,-18.56704],[145.10113,-18.56675],[145.10435,-18.56429],[145.10752,-18.5638],[145.11585,-18.55744],[145.1178,-18.55744],[145.11967,-18.55586],[145.12442,-18.55779],[145.12767,-18.55752],[145.12951,-18.55884],[145.12905,-18.56024],[145.131,-18.56041],[145.13366,-18.56512],[145.13354,-18.56909],[145.13071,-18.57266],[145.13274,-18.57805],[145.1343,-18.57756],[145.13581,-18.5744],[145.13893,-18.57413],[145.13895,-18.57286],[145.14067,-18.5727],[145.14053,-18.56512],[145.14862,-18.55298],[145.15673,-18.54549],[145.15736,-18.53833],[145.17183,-18.52081],[145.17348,-18.51548],[145.17903,-18.51024],[145.18251,-18.51058],[145.18416,-18.4948],[145.1738,-18.49377],[145.17447,-18.49142],[145.17207,-18.48837],[145.17808,-18.47951],[145.18569,-18.48024],[145.18199,-18.47248],[145.18231,-18.44919],[145.17996,-18.44663],[145.18285,-18.43249],[145.18377,-18.43193],[145.18062,-18.4284],[145.17818,-18.42745],[145.17746,-18.42507],[145.17205,-18.42332],[145.17162,-18.42106],[145.16908,-18.42015],[145.1642,-18.41496],[145.16171,-18.40698],[145.16261,-18.40292],[145.16084,-18.39981],[145.16372,-18.39523],[145.16164,-18.39347],[145.16133,-18.39084],[145.15467,-18.39288],[145.15217,-18.39179],[145.15154,-18.39353],[145.14962,-18.39387],[145.14404,-18.39192],[145.14308,-18.39062],[145.13954,-18.39083],[145.1381,-18.38805],[145.13433,-18.3851],[145.13288,-18.37971],[145.13309,-18.37795],[145.13547,-18.37736],[145.13219,-18.3705],[145.13442,-18.362],[145.13735,-18.36253],[145.13878,-18.36167],[145.13903,-18.36077],[145.13756,-18.35994],[145.13986,-18.35782],[145.1495,-18.36522],[145.15273,-18.36397],[145.15561,-18.36465],[145.15796,-18.36268],[145.15717,-18.35808],[145.15774,-18.35583],[145.15996,-18.35367],[145.1588,-18.35185],[145.16111,-18.35097],[145.16229,-18.34876],[145.1639,-18.34988],[145.16662,-18.34671],[145.19442,-18.3495],[145.19522,-18.34776],[145.26788,-18.35504],[145.25993,-18.42733],[145.28644,-18.42999],[145.27917,-18.43955],[145.30174,-18.45519],[145.29679,-18.46404],[145.35725,-18.53575],[145.38345,-18.57023],[145.39003,-18.56506],[145.49452,-18.57644],[145.50124,-18.46187],[145.71631,-18.48839],[145.71587,-18.4854],[145.71427,-18.48369],[145.71431,-18.48026],[145.70805,-18.47089],[145.71258,-18.46786],[145.71504,-18.46839],[145.72009,-18.46726],[145.72509,-18.46835],[145.72518,-18.46621],[145.72851,-18.46566],[145.72909,-18.46528],[145.73238,-18.46176],[145.72924,-18.45351],[145.73183,-18.45406],[145.73611,-18.45732],[145.73895,-18.45015],[145.74215,-18.45124],[145.7442,-18.45054],[145.747,-18.44548],[145.75496,-18.43848],[145.75599,-18.43509],[145.75456,-18.43083],[145.75777,-18.4294],[145.7575,-18.4259],[145.76005,-18.42394],[145.75518,-18.41488],[145.75582,-18.40806],[145.76916,-18.40942],[145.75947,-18.40273],[145.759,-18.40241],[145.7589,-18.40044],[145.75785,-18.39619],[145.75757,-18.39589],[145.75745,-18.39582],[145.75752,-18.39583],[145.75746,-18.39577],[145.75973,-18.39407],[145.76056,-18.39403],[145.76185,-18.39397],[145.76231,-18.39395],[145.76347,-18.39513],[145.76983,-18.39966],[145.7725,-18.39826],[145.77569,-18.39896],[145.77992,-18.39683],[145.78144,-18.39401],[145.78254,-18.39425],[145.78784,-18.40237],[145.79242,-18.40337],[145.79536,-18.40117],[145.79556,-18.39974],[145.79372,-18.39753],[145.79443,-18.39615],[145.79336,-18.39319],[145.79481,-18.392],[145.79389,-18.38999],[145.79831,-18.39021],[145.79984,-18.38784],[145.8069,-18.386],[145.80486,-18.38073],[145.80675,-18.37816],[145.80863,-18.37772],[145.80933,-18.37891],[145.81129,-18.37829],[145.81319,-18.37989],[145.81575,-18.38357],[145.81578,-18.38589],[145.81931,-18.38687],[145.81824,-18.39521],[145.81596,-18.39795],[145.81941,-18.40386],[145.82561,-18.40704],[145.82896,-18.40681],[145.82944,-18.40416],[145.83282,-18.40214],[145.83884,-18.40626],[145.84768,-18.4047],[145.85078,-18.40598],[145.85671,-18.40571],[145.86535,-18.4043],[145.86554,-18.40234],[145.87094,-18.40254],[145.87129,-18.40048],[145.87349,-18.40003],[145.87709,-18.40235],[145.87702,-18.40522],[145.87963,-18.40746],[145.88288,-18.40491],[145.88647,-18.40463],[145.8911,-18.39993],[145.89722,-18.39758],[145.90863,-18.38795],[145.9087,-18.38529],[145.91465,-18.37906],[145.92194,-18.37649],[145.92701,-18.37104],[145.92995,-18.3695],[145.93344,-18.37048],[145.94732,-18.36432],[145.96179,-18.39444],[145.97523,-18.39681],[145.9798,-18.39528],[145.98359,-18.39712],[145.98976,-18.39561],[145.99197,-18.39379],[146.00098,-18.39357],[146.00464,-18.39132],[146.00815,-18.39142],[146.01121,-18.38864],[146.01826,-18.38969],[146.0222,-18.3883],[146.02361,-18.39022],[146.0274,-18.39189],[146.03552,-18.38766],[146.04335,-18.39315],[146.04421,-18.3957],[146.04644,-18.39668],[146.04923,-18.39265],[146.0605,-18.39861],[146.06407,-18.39906],[146.07259,-18.40307],[146.08526,-18.40125],[146.08559,-18.4012],[146.08582,-18.40204],[146.09259,-18.41162],[146.10026,-18.41523],[146.10074,-18.41661],[146.09767,-18.4218],[146.0987,-18.42764],[146.10161,-18.43268],[146.0957,-18.43918],[146.09353,-18.44015],[146.09159,-18.44847],[146.09377,-18.45135],[146.10011,-18.45118],[146.10432,-18.4535],[146.10731,-18.46318],[146.10915,-18.46503],[146.11087,-18.46947],[146.11411,-18.47249],[146.11793,-18.47269],[146.12035,-18.47439],[146.11715,-18.47452],[146.11414,-18.47714],[146.11416,-18.478],[146.11847,-18.48003],[146.12197,-18.48448],[146.1207,-18.4873],[146.11666,-18.48941],[146.11728,-18.49126],[146.11532,-18.49482],[146.11709,-18.49669],[146.11712,-18.50134],[146.11998,-18.50609],[146.12172,-18.50788],[146.12624,-18.50805],[146.13014,-18.51066],[146.13755,-18.51227],[146.14671,-18.51703],[146.15613,-18.51874],[146.16085,-18.51736],[146.16429,-18.51766],[146.16739,-18.51573],[146.16887,-18.51829],[146.17955,-18.5247],[146.18016,-18.52899],[146.18277,-18.53201],[146.18518,-18.53195],[146.18719,-18.53333],[146.18638,-18.53003],[146.19094,-18.52835],[146.19072,-18.52363],[146.19609,-18.52015],[146.1994,-18.52182],[146.20693,-18.5165],[146.21039,-18.50818],[146.22415,-18.49407],[146.22989,-18.48956],[146.23773,-18.49175],[146.25108,-18.49244],[146.27697,-18.49748],[146.29715,-18.49849],[147.00109,-18.49845],[147.0011,-18.58179],[147.5994,-18.58178],[147.55697,-18.48425],[147.55228,-18.46091],[147.53067,-18.43492],[147.46256,-18.40471],[147.39748,-18.26503],[147.39481,-18.26149],[147.39589,-18.25829],[147.39538,-18.25616],[147.39333,-18.25573],[147.38289,-18.25816],[147.04333,-18.18537],[147.04049,-18.18198],[147.03708,-18.18096],[146.97814,-18.12561],[146.97258,-18.12188],[146.96857,-18.12176],[146.90189,-18.06446],[146.9033,-18.05904],[146.90248,-18.0561],[146.89882,-18.05248],[146.8876,-18.04964],[146.88512,-18.04772],[146.88335,-18.0398],[146.88194,-18.03777],[146.87131,-18.02883],[146.87155,-18.02668],[146.8784,-18.02183],[146.879,-18.01844],[146.87712,-18.0164],[146.86188,-18.01865],[146.84783,-18.00817],[146.84995,-18.00501],[146.85,-18],[146.85197,-18],[146.84921,-17.99255],[146.84721,-17.99063],[146.83694,-17.98711],[146.83433,-17.98768],[146.80113,-17.9627],[146.80255,-17.96111],[146.80303,-17.95546],[146.8021,-17.94043],[146.80317,-17.9359],[146.79752,-17.92075],[146.79647,-17.91974],[146.79434,-17.91984],[146.79316,-17.92097],[146.7467,-17.87761],[146.74436,-17.8646],[146.73872,-17.85193],[146.73542,-17.85024],[146.68763,-17.78119],[146.68649,-17.76311],[146.68496,-17.75836],[146.72157,-17.67443],[146.72086,-17.66922],[146.71851,-17.66605],[146.70835,-17.6422],[146.68426,-17.581],[146.55993,-17.43838],[146.55914,-17.43092],[146.55433,-17.4222],[146.55352,-17.41712],[146.55908,-17.40627],[146.56016,-17.40153],[146.56066,-17.38706],[146.56303,-17.37869],[146.56294,-17.37384],[146.55882,-17.37145],[146.54263,-17.34914],[146.54254,-17.34484],[146.53446,-17.32097],[146.54179,-17.31624],[146.55134,-17.30733],[146.55523,-17.30531],[146.55712,-17.30203],[146.54847,-17.27838],[146.55001,-17.27342],[146.54945,-17.26753],[146.54476,-17.25735],[146.54029,-17.25542],[146.54466,-17.211],[146.54961,-17.204],[146.55294,-17.19451],[146.55097,-17.18343],[146.54652,-17.17629],[146.51431,-17.09719],[146.46941,-17.04664],[146.47132,-17.03862],[146.47076,-17.03195],[146.46946,-17.03036],[146.5243,-16.99414],[146.52676,-16.99415],[146.52911,-16.99167],[146.52925,-16.99008],[146.52607,-16.98781],[146.52302,-16.98792],[146.45982,-16.9484],[146.4568,-16.93652],[146.45227,-16.926],[146.44932,-16.92474],[146.407,-16.86956],[146.40629,-16.8673],[146.35715,-16.85447],[146.35739,-16.85232],[146.3553,-16.8478],[146.35641,-16.83073],[146.36001,-16.81397],[146.35817,-16.81129],[146.35783,-16.80762],[146.35572,-16.80297],[146.2843,-16.78231],[146.28395,-16.78073],[146.28114,-16.77891],[146.28049,-16.7381],[146.28133,-16.73516],[146.27794,-16.73074],[146.27055,-16.72879],[146.25957,-16.69846],[146.25848,-16.69494],[146.25897,-16.69268],[146.25641,-16.6868],[146.25162,-16.68417],[146.16644,-16.60899],[146.16682,-16.60571],[146.16519,-16.60423],[146.16365,-16.60445],[146.13248,-16.52925],[146.13295,-16.52654],[146.13074,-16.52426],[146.12828,-16.52369],[146.10326,-16.48864],[146.10268,-16.48638],[146.10092,-16.48514],[146.0824,-16.42414],[146.05435,-16.40329],[146.05402,-16.40058],[146.05077,-16.39491],[146.0489,-16.39513],[145.92241,-16.33423],[145.922,-16.32473],[145.91864,-16.31861],[145.91408,-16.31633],[145.89098,-16.24498],[145.8979,-16.2414],[145.90096,-16.23847],[145.90689,-16.22506],[145.91046,-16.21547],[145.9115,-16.19456],[145.90724,-16.18402],[145.90305,-16.18253],[145.8999,-16.17924],[145.88835,-16.1742],[145.86507,-16.11495],[145.86862,-16.1092],[145.87065,-16.10005],[145.86963,-16.09518],[145.86278,-16.08633],[145.86372,-16.06508],[145.86632,-16.06386],[145.87022,-16.05472],[145.86935,-16.04386],[145.8636,-16.02732],[145.85838,-16.02063],[145.84779,-16.01096],[145.84137,-15.99328],[145.84013,-15.98266],[145.83597,-15.97652],[145.83167,-15.97412],[145.82864,-15.97037],[145.82883,-15.96021],[145.83191,-15.95265],[145.83235,-15.93818],[145.82429,-15.91317],[145.81814,-15.88128],[145.81908,-15.87426],[145.81745,-15.86845],[145.8171,-15.85751],[145.82842,-15.83073],[145.82796,-15.82407],[145.82291,-15.81456],[145.81677,-15.78187],[145.81406,-15.77635],[145.7966,-15.75438],[145.79647,-15.73889],[145.79901,-15.73467],[145.80294,-15.73283],[145.80625,-15.72922],[145.8073,-15.71848],[145.80614,-15.70784],[145.8139,-15.66248],[145.81591,-15.6569],[145.81456,-15.65278],[145.81728,-15.63695],[145.80548,-15.613],[145.80374,-15.59801],[145.79417,-15.57903],[145.8003,-15.56259],[145.79893,-15.55687],[145.80475,-15.54601],[145.80607,-15.53621],[145.80054,-15.52052],[145.80593,-15.51089],[145.81105,-15.49136],[145.81036,-15.48669],[145.81113,-15.47236],[145.80204,-15.44705],[145.80398,-15.44141],[145.80458,-15.42939],[145.80309,-15.42145],[145.79235,-15.40245],[145.78677,-15.36804],[145.78402,-15.35793],[145.78181,-15.34077],[145.77992,-15.33519],[145.76702,-15.31482],[145.76606,-15.30665],[145.76382,-15.30249],[145.76087,-15.3007],[145.75616,-15.28819],[145.75671,-15.28097],[145.75509,-15.27633],[145.75469,-15.26597],[145.75313,-15.2608],[145.74875,-15.25529],[145.74898,-15.21804],[145.7523,-15.20796],[145.75259,-15.20336],[145.74296,-15.19836],[145.73981,-15.19424],[145.73828,-15.18679],[145.73921,-15.17916],[145.74181,-15.1738],[145.74224,-15.17025],[145.74111,-15.16628],[145.73477,-15.16059],[145.73312,-15.15448],[145.73595,-15.14136],[145.73335,-15.13734],[145.72545,-15.11533],[145.72873,-15.09437],[145.73655,-15.08021],[145.73567,-15.06835],[145.7304,-15.06018],[145.72827,-15.05297],[145.72935,-15.04846],[145.72899,-15.04471],[145.72062,-15.03908],[145.71682,-15.03355],[145.71365,-15.01415],[145.71591,-15.00974],[145.71777,-14.99843],[145.71641,-14.98913],[145.71828,-14.98387],[145.71594,-14.97176],[145.71103,-14.96889],[145.70425,-14.95274],[145.71662,-14.92061],[145.72456,-14.9117],[145.73294,-14.88227],[145.73329,-14.86632],[145.73188,-14.85217],[145.72685,-14.83399],[145.72744,-14.82592],[145.72419,-14.81917],[145.72462,-14.81231],[145.71734,-14.77573],[145.71448,-14.76701],[145.71177,-14.74505],[145.70718,-14.74379],[145.70461,-14.73916],[145.70445,-14.72465],[145.70056,-14.71872],[145.69941,-14.70578],[145.69545,-14.69892],[145.68475,-14.69037],[145.68148,-14.68938],[145.67872,-14.67652],[145.67573,-14.67448],[145.6726,-14.67579],[145.66798,-14.672],[145.6657,-14.65942],[145.65387,-14.64651],[145.65196,-14.63432],[145.64725,-14.62506],[145.63755,-14.62294],[145.63385,-14.61804],[145.62847,-14.60717],[145.62573,-14.59512],[145.62787,-14.59181],[145.62647,-14.58198],[145.61064,-14.56699],[145.60987,-14.55601],[145.6,-14.5453],[145.59501,-14.54367],[145.59187,-14.53519],[145.58897,-14.53113],[145.58107,-14.52356],[145.57806,-14.5221],[145.57458,-14.52209],[145.56146,-14.50626],[145.56112,-14.50129],[145.55183,-14.49145],[145.54661,-14.48388],[145.53802,-14.47564],[145.53349,-14.4727],[145.5285,-14.47168],[145.52247,-14.47271],[145.51169,-14.46256],[145.51026,-14.45714],[145.5017,-14.44646],[145.48832,-14.4339],[145.48512,-14.43174],[145.46737,-14.42759],[145.45172,-14.42816],[145.44813,-14.43155],[145.42739,-14.42686],[145.42694,-14.42451],[145.42141,-14.42016],[145.40492,-14.39263],[145.40393,-14.38453],[145.39944,-14.37883],[145.38469,-14.37067],[145.37834,-14.37105],[145.3731,-14.36906],[145.35903,-14.35598],[145.35095,-14.3535],[145.33816,-14.3459],[145.31725,-14.34634],[145.30536,-14.34359],[145.29549,-14.34364],[145.29273,-14.34248],[145.28795,-14.33457],[145.2763,-14.33651],[145.27208,-14.33312],[145.27199,-14.33135],[145.26631,-14.32586],[145.26405,-14.32502],[145.25909,-14.32022],[145.25644,-14.31704],[145.25306,-14.30885],[145.24136,-14.30103],[145.21237,-14.29461],[145.20159,-14.29377],[145.18917,-14.28997],[145.18755,-14.28805],[145.18254,-14.28584],[145.16818,-14.28217],[145.16688,-14.2802],[145.16169,-14.27766],[145.15559,-14.27666],[145.1449,-14.2774],[145.14399,-14.27822],[145.13218,-14.27578],[145.13067,-14.2723],[145.12618,-14.26984],[145.11685,-14.26181],[145.11359,-14.26188],[145.09581,-14.25416],[145.08689,-14.2539],[145.08067,-14.25198],[145.07667,-14.24886],[145.07107,-14.2417],[145.05638,-14.23185],[145.04035,-14.23303],[145.02913,-14.23228],[145.02761,-14.23124],[145.0166,-14.22973],[145.01407,-14.22745],[145.00584,-14.22711],[144.9996,-14.22551],[144.9938,-14.22696],[144.98929,-14.22685],[144.98556,-14.22875],[144.96199,-14.22436],[144.958,-14.22255],[144.95187,-14.21725],[144.95004,-14.21042],[144.94577,-14.20672],[144.94316,-14.19958],[144.93209,-14.19317],[144.92715,-14.19192],[144.91853,-14.19702],[144.91386,-14.19833],[144.90729,-14.19543],[144.90624,-14.19248],[144.90001,-14.1903],[144.89004,-14.19106],[144.88332,-14.19001],[144.86693,-14.1821],[144.86666,-14.1777],[144.86266,-14.16609],[144.86151,-14.16402],[144.85495,-14.15936],[144.84967,-14.14914],[144.8392,-14.13896],[144.81076,-14.1249],[144.80517,-14.12027],[144.80408,-14.1138],[144.80106,-14.10594],[144.7864,-14.08831],[144.78521,-14.07856],[144.78139,-14.06644],[144.77838,-14.06218],[144.77774,-14.05553],[144.77611,-14.05414],[144.77614,-14.05139],[144.77995,-14.0457],[144.77844,-14.04351],[144.77977,-14.03962],[144.77944,-14.03733],[144.78736,-14.026],[144.78754,-14.01914],[144.78581,-14.01625],[144.7801,-14.01139],[144.7759,-14.00941],[144.769,-14.00751],[144.75844,-14.00707],[144.75341,-14.00576],[144.74608,-13.99985],[144.74181,-13.99872],[144.73411,-13.99396],[144.73249,-13.99177],[144.7202,-13.98936],[144.71866,-13.99038],[144.6972,-13.99052],[144.6944,-13.98866],[144.69438,-13.97904],[144.69126,-13.97465],[144.69012,-13.97098],[144.67871,-13.96274],[144.67492,-13.95468],[144.67543,-13.95056],[144.67383,-13.94665],[144.67009,-13.94524],[144.66719,-13.94212],[144.65176,-13.92072],[144.61559,-13.9196],[144.60521,-13.91433],[144.60206,-13.91636],[144.60121,-13.92352],[144.59739,-13.92659],[144.58939,-13.92968],[144.58889,-13.93288],[144.57486,-13.95784],[144.57307,-13.95735],[144.57069,-13.96152],[144.54073,-13.97196],[144.53915,-13.97078],[144.52949,-13.96966],[144.51182,-13.97137],[144.50502,-13.97011],[144.50309,-13.97068],[144.50124,-13.97294],[144.47385,-13.97691],[144.45645,-13.96574],[144.44744,-13.96536],[144.42831,-13.95455],[144.42632,-13.95012],[144.42119,-13.9478],[144.40612,-13.93525],[144.39956,-13.93339],[144.39413,-13.93393],[144.38658,-13.93733],[144.36499,-13.92365],[144.36415,-13.91377],[144.36131,-13.91067],[144.36148,-13.90461],[144.35517,-13.8841],[144.33846,-13.86198],[144.32313,-13.84524],[144.3066,-13.83142],[144.30195,-13.8152],[144.29425,-13.80491],[144.28542,-13.80148],[144.27423,-13.79002],[144.27445,-13.78269],[144.26316,-13.76652],[144.25972,-13.75479],[144.26043,-13.74768],[144.25631,-13.7387],[144.23995,-13.72571],[144.23288,-13.72376],[144.22438,-13.7162],[144.21213,-13.71095],[144.19477,-13.69597],[144.18848,-13.69392],[144.1877,-13.69058],[144.18272,-13.68154],[144.17289,-13.67494],[144.16481,-13.66631],[144.16187,-13.64748],[144.15779,-13.64435],[144.11241,-13.62062],[144.10909,-13.61601],[144.10626,-13.60232],[144.11012,-13.58257],[144.10778,-13.57019],[144.11582,-13.55596],[144.11648,-13.54629],[144.11418,-13.54359],[144.10838,-13.54612],[144.1,-13.54579],[144.09622,-13.54377],[144.09102,-13.53206],[144.0902,-13.52535],[144.09086,-13.51994],[144.09518,-13.51249],[144.09516,-13.50654],[144.07441,-13.50404],[144.06981,-13.49793],[144.06738,-13.49724],[144.06491,-13.49387],[144.06057,-13.48099],[144.06381,-13.47625],[144.07146,-13.46872],[144.07337,-13.4633],[144.07269,-13.45435],[144.07105,-13.45293],[144.0659,-13.45717],[144.06339,-13.45659],[144.05688,-13.45761],[144.05319,-13.4654],[144.05089,-13.46754],[144.03158,-13.47664],[144.01639,-13.47476],[144.00416,-13.46199],[144,-13.46131],[143.98545,-13.44335],[143.98653,-13.43602],[143.98441,-13.42847],[143.9851,-13.42558],[143.98759,-13.42235],[143.9914,-13.42099],[143.99314,-13.41461],[143.99194,-13.41041],[143.98414,-13.39593],[143.98386,-13.39149],[143.97225,-13.37688],[143.97115,-13.36646],[143.97007,-13.36394],[143.96764,-13.36228],[143.96873,-13.35754],[143.9761,-13.35189],[143.97893,-13.34453],[143.98461,-13.33751],[143.99448,-13.33406],[143.99548,-13.33057],[143.99456,-13.32639],[143.98857,-13.32255],[143.98555,-13.31765],[143.98544,-13.30852],[143.9797,-13.29903],[143.97253,-13.29274],[143.96749,-13.2925],[143.95798,-13.28856],[143.95214,-13.28318],[143.95548,-13.27606],[143.95581,-13.27215],[143.9523,-13.26492],[143.95436,-13.25908],[143.95913,-13.25814],[143.96133,-13.256],[143.96513,-13.25494],[143.97672,-13.24862],[143.98141,-13.23483],[143.98012,-13.23145],[143.9776,-13.23005],[143.96985,-13.22069],[143.9666,-13.20992],[143.96911,-13.19962],[143.96241,-13.19011],[143.95862,-13.17513],[143.95092,-13.1637],[143.95043,-13.15721],[143.95115,-13.15394],[143.95354,-13.15058],[143.9686,-13.13309],[143.98016,-13.1175],[143.98204,-13.11404],[143.9823,-13.10631],[143.97904,-13.09707],[143.97552,-13.09574],[143.96249,-13.08597],[143.96217,-13.08235],[143.96655,-13.07107],[143.96602,-13.0552],[143.963,-13.05134],[143.96022,-13.05089],[143.95448,-13.05322],[143.95114,-13.0575],[143.9472,-13.06698],[143.94271,-13.07037],[143.90571,-13.06903],[143.90424,-13.06716],[143.90194,-13.06692],[143.88117,-13.04696],[143.87952,-13.04468],[143.87819,-13.03533],[143.87665,-13.03169],[143.86595,-13.02249],[143.86284,-13.0143],[143.86094,-13.00521],[143.86174,-12.99774],[143.8581,-12.99294],[143.85249,-12.98871],[143.8471,-12.9828],[143.8461,-12.98042],[143.83596,-12.97475],[143.83784,-12.96956],[143.83975,-12.96738],[143.83965,-12.96424],[143.83538,-12.95814],[143.83264,-12.9561],[143.83109,-12.9528],[143.83221,-12.95164],[143.83163,-12.94736],[143.83439,-12.93822],[143.83095,-12.9291],[143.83206,-12.92345],[143.83186,-12.92181],[143.83017,-12.92057],[143.83131,-12.91913],[143.82336,-12.89895],[143.82785,-12.88723],[143.82979,-12.87648],[143.82986,-12.87135],[143.82874,-12.86898],[143.83107,-12.86593],[143.83526,-12.86595],[143.84537,-12.86246],[143.85533,-12.85161],[143.85603,-12.84874],[143.8552,-12.84002],[143.85116,-12.8234],[143.84553,-12.81799],[143.83966,-12.81467],[143.83602,-12.80989],[143.82111,-12.79845],[143.81486,-12.79624],[143.81067,-12.78917],[143.81687,-12.76735],[143.81551,-12.75854],[143.81723,-12.75675],[143.83024,-12.75315],[143.83375,-12.75047],[143.83429,-12.74862],[143.8338,-12.74669],[143.82499,-12.7406],[143.82072,-12.7365],[143.8188,-12.73255],[143.81606,-12.73175],[143.81405,-12.72873],[143.81651,-12.72146],[143.81538,-12.71468],[143.81411,-12.71344],[143.81867,-12.70611],[143.82544,-12.70157],[143.84244,-12.70142],[143.84691,-12.70255],[143.85256,-12.70154],[143.8619,-12.69208],[143.86227,-12.68621],[143.85237,-12.67442],[143.85128,-12.66133],[143.84758,-12.65595],[143.84477,-12.64889],[143.84774,-12.63553],[143.82958,-12.62035],[143.82504,-12.61458],[143.82414,-12.6044],[143.80879,-12.58977],[143.80754,-12.58423],[143.80489,-12.58479],[143.80129,-12.57988],[143.80108,-12.57804],[143.79683,-12.57587],[143.79891,-12.56061],[143.79786,-12.55499],[143.80049,-12.53516],[143.80094,-12.5221],[143.79735,-12.51692],[143.79218,-12.50334],[143.77876,-12.4884],[143.7783,-12.48625],[143.77371,-12.48037],[143.77337,-12.47548],[143.77557,-12.4721],[143.76824,-12.45659],[143.76429,-12.45202],[143.75322,-12.42768],[143.75323,-12.42215],[143.7632,-12.41549],[143.76825,-12.41573],[143.76999,-12.41246],[143.76964,-12.41054],[143.78591,-12.40013],[143.78855,-12.39957],[143.79018,-12.3884],[143.78835,-12.38738],[143.78724,-12.3756],[143.79142,-12.37242],[143.79588,-12.36415],[143.8125,-12.35444],[143.82464,-12.35038],[143.82913,-12.3462],[143.83247,-12.34599],[143.83536,-12.34437],[143.83644,-12.34351],[143.83595,-12.34083],[143.83721,-12.33521],[143.85219,-12.33288],[143.85423,-12.33701],[143.86648,-12.3429],[143.86927,-12.34984],[143.87427,-12.351],[143.87649,-12.34977],[143.87945,-12.34656],[143.88116,-12.34205],[143.87525,-12.33221],[143.87395,-12.32585],[143.87482,-12.32129],[143.88373,-12.31711],[143.89249,-12.31788],[143.89349,-12.31686],[143.89316,-12.31287],[143.88651,-12.30504],[143.88605,-12.30261],[143.88748,-12.29972],[143.89009,-12.29869],[143.89738,-12.29876],[143.90279,-12.30071],[143.9057,-12.29982],[143.90608,-12.29451],[143.90759,-12.29069],[143.93884,-12.2642],[143.94023,-12.25859],[143.93159,-12.25467],[143.92982,-12.25268],[143.92837,-12.24037],[143.93095,-12.23633],[143.93216,-12.22714],[143.93632,-12.21999],[143.9478,-12.2178],[143.95109,-12.21274],[143.95049,-12.21132],[143.94683,-12.20949],[143.96883,-12.10015],[143.97146,-12.09946],[143.97432,-12.09574],[143.97029,-12.09134],[143.96582,-12.08278],[143.96497,-12.07769],[143.96825,-12.07492],[143.97898,-12.07139],[143.98057,-12.06451],[143.98055,-12.0609],[143.97822,-12.0575],[143.97664,-12.05697],[143.97316,-12.04481],[143.9753,-12.04099],[143.97746,-12.03965],[143.98174,-12.03954],[143.98408,-12.03603],[143.98269,-12.03298],[143.99911,-11.96951],[144.00347,-11.96858],[144.01089,-11.9629],[144.01876,-11.95382],[144.01806,-11.95089],[144.01032,-11.94325],[144.02765,-11.84184],[144.03545,-11.84271],[144.04082,-11.83895],[144.05126,-11.83934],[144.05802,-11.8366],[144.07979,-11.83478],[144.08483,-11.83362],[144.09064,-11.82931],[144.09311,-11.82127],[144.08815,-11.81599],[144.08608,-11.81193],[144.08216,-11.80857],[144.08178,-11.80292],[144.08333,-11.79489],[144.07422,-11.78478],[144.07294,-11.78004],[144.062,-11.77163],[144.06017,-11.75222],[144.0645,-11.74598],[144.06723,-11.74393],[144.07651,-11.74479],[144.07857,-11.74365],[144.08695,-11.7436],[144.09647,-11.74637],[144.1,-11.74998],[144.1,-11.72035],[144.09792,-11.71734],[144.09732,-11.71418],[144.09479,-11.71261],[144.08413,-11.71087],[144.0747,-11.70516],[144.06829,-11.70542],[144.06105,-11.70354],[144.05098,-11.70607],[144.03548,-11.70142],[144.02822,-11.69422],[144.03003,-11.69082],[144.03081,-11.6854],[144.02421,-11.67109],[144.01902,-11.66423],[144.05167,-11.60081],[144.05452,-11.6008],[144.05692,-11.59886],[144.05692,-11.59672],[144.05082,-11.5919],[144.06614,-11.5202],[144.0691,-11.52076],[144.0801,-11.51934],[144.08364,-11.51718],[144.08681,-11.51208],[144.08803,-11.50564],[144.0876,-11.48881],[144.08236,-11.46986],[144.08219,-11.46287],[144.08045,-11.45859],[144.08202,-11.45214],[144.07088,-11.44417],[144.06845,-11.44283],[144.06664,-11.44318],[144.03756,-11.42131],[144.03434,-11.41816],[144.02394,-11.40228],[144.02108,-11.3997],[144.01831,-11.39904],[144.01706,-11.40018],[143.96587,-11.37264],[143.96711,-11.36732],[143.96495,-11.35016],[143.9659,-11.33209],[143.96988,-11.32687],[143.97123,-11.32168],[143.9989,-11.29341],[144.0331,-11.28727],[144.03595,-11.2877],[144.04663,-11.2934],[144.04973,-11.29667],[144.0526,-11.29779],[144.05614,-11.29697],[144.06092,-11.29187],[144.06293,-11.28282],[144.06873,-11.27466],[144.07144,-11.26855],[144.07367,-11.25759],[144.07408,-11.24663],[144.07643,-11.23735],[144.07219,-11.21524],[144.06899,-11.21209],[144.06543,-11.18828],[144.06642,-11.18184],[144.06259,-11.17248],[144.06189,-11.16684],[144.06427,-11.16389],[144.06449,-11.16095],[144.06642,-11.15959],[144.06674,-11.15451],[144.06867,-11.14952],[144.07811,-11.14044],[144.07901,-11.13762],[144.08197,-11.13421],[144.07987,-11.127],[144.06182,-11.10664],[144.06153,-11.09433],[144.05739,-11.08904],[144.05562,-11.08012],[144.05219,-11.07755],[144.05205,-11.07337],[144.04952,-11.07146],[144.04784,-11.05396],[144.0425,-11.03806],[144.03214,-11.02286],[144.01367,-11.0129],[144.01262,-11.00432],[144.01467,-11.00329],[144.02872,-11.00108],[144.03444,-11.00241],[144.03981,-11.00204],[144.04483,-10.99976],[144.04169,-10.98848],[144.04189,-10.97945],[144.0383,-10.97258],[144.03713,-10.94219],[144.03952,-10.93981],[144.04041,-10.93597],[144.03751,-10.92526],[144.03404,-10.91838],[144.03647,-10.90458],[144.0342,-10.8954],[144.02733,-10.87695],[144.02202,-10.86444],[144.02019,-10.86253],[144.01924,-10.85632],[144.02162,-10.85326],[144.02501,-10.84252],[144.0253,-10.8319],[144.02036,-10.82514],[144.01861,-10.81674],[144.01927,-10.81131],[144.01788,-10.80522],[144.01181,-10.80038],[144.01002,-10.79371],[144.00667,-10.79022],[144.00693,-10.78638],[144.0037,-10.7821],[144.00382,-10.75157],[143.99701,-10.7367],[143.99526,-10.72902],[143.99223,-10.724],[143.99271,-10.72192],[143.98995,-10.71481],[143.98891,-10.71369],[143.98662,-10.71369],[143.98615,-10.71065],[143.9874,-10.70816],[143.98554,-10.7006],[143.9836,-10.69993],[143.98301,-10.691],[143.98102,-10.68361],[143.97458,-10.67212],[143.97011,-10.66887],[143.96896,-10.66276],[143.96546,-10.65657],[143.96636,-10.6542],[143.96533,-10.649],[143.9598,-10.64078],[143.95933,-10.63638],[143.96023,-10.6322],[143.95896,-10.6322],[143.95648,-10.62778],[143.95188,-10.62426],[143.94945,-10.61964],[143.94863,-10.61354],[143.94449,-10.60949],[143.94141,-10.60837],[143.94111,-10.60405],[143.94393,-10.60208],[143.9441,-10.59914],[143.94351,-10.59694],[143.9378,-10.58958],[143.93873,-10.58594],[143.93639,-10.58134],[143.93569,-10.57513],[143.93639,-10.57253],[143.93495,-10.56698],[143.93598,-10.56432],[143.93119,-10.55979],[143.93373,-10.5438],[143.92636,-10.54479],[143.92567,-10.5386],[143.92585,-10.53076],[143.92938,-10.52954],[143.93253,-10.52522],[143.93282,-10.51835],[143.93046,-10.50935],[143.92741,-10.50823],[143.92727,-10.50639],[143.92421,-10.50459],[143.92327,-10.49933],[143.9312,-10.49418],[143.93217,-10.48947],[143.93103,-10.48635],[143.92726,-10.4857],[143.9271,-10.48231],[143.92792,-10.48162],[143.92588,-10.4807],[143.92828,-10.4729],[143.93808,-10.47156],[143.94053,-10.46909],[143.9405,-10.46646],[143.93505,-10.45924],[143.93302,-10.45826],[143.93289,-10.45275],[143.94044,-10.44962],[143.94456,-10.44984],[143.95011,-10.44834],[143.95374,-10.44389],[143.95263,-10.43856],[143.95293,-10.43335],[143.95003,-10.42857],[143.9519,-10.42716],[143.95274,-10.42459],[143.95122,-10.41718],[143.95029,-10.4167],[143.95163,-10.41546],[143.9507,-10.41355],[143.94815,-10.41277],[143.94768,-10.40752],[143.95076,-10.40666],[143.94902,-10.39493],[143.9533,-10.3875],[143.95249,-10.3848],[143.94929,-10.38301],[143.94991,-10.36492],[143.94877,-10.36355],[143.95378,-10.35873],[143.9555,-10.36032],[143.9576,-10.35825],[143.95808,-10.35597],[143.95628,-10.35197],[143.95402,-10.35145],[143.95146,-10.34688],[143.95387,-10.34453],[143.95438,-10.33681],[143.95288,-10.33517],[143.95021,-10.32592],[143.95557,-10.32011],[143.95609,-10.3178],[143.95639,-10.31556],[143.95504,-10.31338],[143.95794,-10.2907],[143.96073,-10.28558],[143.96059,-10.28398],[143.95739,-10.28211],[143.96065,-10.27655],[143.96367,-10.27778],[143.96618,-10.27599],[143.9658,-10.27292],[143.97201,-10.26336],[143.9728,-10.25952],[143.97116,-10.25639],[143.97383,-10.25313],[143.97321,-10.25219],[143.9709,-10.25234],[143.96886,-10.24795],[143.97071,-10.24691],[143.97024,-10.24109],[143.96867,-10.23895],[143.97469,-10.23133],[143.97411,-10.22459],[143.98172,-10.21063],[143.97882,-10.20607],[144.00086,-10.19488],[144.00098,-10.19014],[143.99969,-10.18749],[144.00174,-10.18679],[144.00625,-10.17901],[144.00834,-10.17823],[144.0089,-10.17598],[144.00794,-10.17463],[144.01312,-10.16817],[144.01281,-10.16551],[144.02024,-10.1518],[144.02154,-10.14329],[144.02376,-10.14185],[144.02182,-10.13814],[144.02585,-10.13661],[144.02577,-10.13409],[144.02332,-10.13298],[144.02277,-10.12898],[144.02521,-10.12795],[144.02689,-10.12261],[144.02441,-10.11685],[144.06754,-10.06704],[144.08349,-10.03412],[144.08607,-10.03269],[144.08628,-10.02919],[144.14245,-9.97466],[144.14423,-9.97394],[144.14463,-9.97233],[144.15375,-9.97151],[144.15673,-9.97059],[144.15865,-9.96834],[144.17061,-9.90829],[144.17167,-9.90676],[144.17107,-9.9053],[144.17505,-9.90215],[144.17522,-9.90009],[144.1737,-9.89945],[144.17335,-9.89579],[144.18472,-9.87954],[144.18806,-9.87905],[144.18864,-9.87728],[144.19789,-9.87511],[144.20252,-9.87521],[144.20435,-9.87373],[144.20476,-9.86918],[144.21903,-9.86525],[144.22254,-9.85972],[144.23312,-9.85474],[144.24545,-9.85502],[144.25072,-9.85122],[144.25477,-9.84662],[144.25111,-9.49861],[143.8011,-9.36517],[143.50109,-9.39851],[143.33444,-9.54851],[143.33055,-9.54851],[143.33551,-9.54335],[143.34069,-9.53558],[143.34374,-9.52877],[143.34607,-9.51976],[143.34672,-9.50482],[143.34299,-9.49033],[143.33512,-9.47758],[143.32382,-9.46769],[143.3119,-9.46208],[143.29704,-9.45966],[143.2793,-9.46173],[143.26279,-9.4681],[143.24931,-9.47788],[143.24039,-9.49003],[143.23548,-9.50425],[143.23518,-9.52122],[143.23962,-9.53573],[143.24861,-9.54851],[143.08444,-9.54851],[143.00111,-9.66517],[142.38445,-9.69851],[142.00112,-9.76517],[141.65356,-9.97468],[141.50111,-10.07354],[141.00256,-10.37498],[141.00111,-10.99861],[140.99558,-11.95849],[141.00114,-14.76516],[141.55147,-14.7645],[141.57301,-14.76638],[141.57392,-14.76532],[141.57535,-14.76541],[141.57372,-14.76611],[141.57517,-14.77541],[141.58473,-14.81081],[141.58948,-14.84737],[141.59009,-14.84892],[141.59197,-14.84914],[141.59055,-14.85449],[141.59464,-14.86621],[141.61617,-14.9139],[141.61749,-14.9159],[141.62157,-14.91737],[141.62112,-14.92012],[141.62269,-14.92787],[141.63283,-14.95206],[141.63397,-14.95167],[141.62884,-14.94188],[141.6299,-14.94149],[141.63314,-14.9453],[141.63383,-14.94462],[141.6303,-14.94018],[141.63139,-14.93887],[141.64092,-14.95484],[141.63421,-14.94745],[141.64064,-14.95869],[141.65353,-14.97296],[141.65909,-14.98064],[141.66212,-14.98681],[141.66645,-15.00225],[141.66782,-15.01114],[141.66681,-15.03095],[141.66822,-15.03309],[141.66711,-15.03532],[141.66403,-15.03728],[141.65812,-15.0616],[141.65349,-15.06227],[141.65105,-15.06735],[141.65082,-15.07212],[141.65132,-15.08152],[141.67066,-15.10357],[141.6739,-15.10997],[141.68588,-15.10924],[141.68693,-15.10802],[141.68737,-15.10243],[141.69027,-15.09999],[141.69484,-15.09865],[141.69803,-15.09912],[141.70162,-15.10173],[141.7023,-15.10838],[141.70608,-15.10569],[141.70916,-15.10708],[141.70918,-15.11016],[141.71369,-15.10726],[141.71848,-15.10772],[141.72119,-15.11136],[141.72043,-15.11497],[141.7185,-15.11571],[141.71245,-15.11438],[141.71068,-15.1159],[141.71013,-15.11819],[141.71323,-15.12099],[141.71485,-15.12085],[141.7197,-15.11672],[141.72305,-15.11664],[141.72447,-15.11773],[141.72514,-15.12153],[141.72174,-15.12694],[141.72408,-15.13839],[141.72464,-15.13911],[141.72952,-15.1391],[141.73249,-15.14155],[141.73518,-15.14052],[141.73881,-15.14073],[141.7418,-15.13879],[141.74422,-15.1404],[141.74763,-15.13892],[141.74778,-15.13886],[141.74978,-15.14006],[141.74986,-15.14286],[141.75102,-15.14407],[141.75427,-15.14078],[141.7538,-15.13714],[141.7561,-15.13596],[141.75932,-15.13765],[141.76396,-15.13707],[141.76566,-15.14071],[141.76804,-15.14144],[141.77103,-15.13957],[141.77475,-15.14106],[141.77708,-15.13958],[141.7817,-15.13969],[141.78534,-15.14166],[141.78792,-15.14627],[141.78968,-15.14616],[141.7911,-15.14358],[141.7945,-15.14391],[141.80168,-15.14097],[141.80431,-15.14131],[141.80426,-15.13712],[141.80828,-15.13639],[141.8115,-15.13437],[141.815,-15.13379],[141.81652,-15.13193],[141.81869,-15.13185],[141.82325,-15.13557],[141.83116,-15.13266],[141.83234,-15.13089],[141.83912,-15.12894],[141.84278,-15.1267],[141.84382,-15.12488],[141.84854,-15.12692],[141.85247,-15.12575],[141.85816,-15.12585],[141.86033,-15.12712],[141.86222,-15.12519],[141.86627,-15.12432],[141.87128,-15.12556],[141.87405,-15.12203],[141.87939,-15.11948],[141.88142,-15.11966],[141.88388,-15.12075],[141.88588,-15.11855],[141.89666,-15.11415],[141.89858,-15.11567],[141.90154,-15.11441],[141.90381,-15.11596],[141.90987,-15.11438],[141.91192,-15.11528],[141.91256,-15.11258],[141.91428,-15.11085],[141.91921,-15.10994],[141.92556,-15.11095],[141.92959,-15.11423],[141.93386,-15.11363],[141.94667,-15.09833],[141.94982,-15.0966],[141.95102,-15.09721],[141.95288,-15.09423],[141.95547,-15.09503],[141.95817,-15.09238],[141.96288,-15.09317],[141.96628,-15.09109],[141.96884,-15.09161],[141.97417,-15.08824],[141.98371,-15.08894],[141.99281,-15.08432],[141.99627,-15.08724],[142.00361,-15.08784],[142.01822,-15.07829],[142.02289,-15.07781],[142.0277,-15.07417],[142.02921,-15.07438],[142.03639,-15.07071],[142.04069,-15.07349],[142.04318,-15.07366],[142.04696,-15.07057],[142.05877,-15.06797],[142.05943,-15.06693],[142.05954,-15.06239],[142.06174,-15.06004],[142.06553,-15.06009],[142.07313,-15.05466],[142.0753,-15.05429],[142.07734,-15.05179],[142.08105,-15.05086],[142.08624,-15.04592],[142.08693,-15.04212],[142.09026,-15.03724],[142.09268,-15.03566],[142.09305,-15.03135],[142.09942,-15.02526],[142.10123,-15.02262],[142.10152,-15.01976],[142.10496,-15.0182],[142.10603,-15.01521],[142.11084,-15.00898],[142.1133,-15.01007],[142.11201,-15.0164],[142.11389,-15.02004],[142.09934,-15.03365],[142.10004,-15.03518],[142.09887,-15.03975],[142.08659,-15.04741],[142.0789,-15.0582],[142.07743,-15.05908],[142.07458,-15.05817],[142.07059,-15.06052],[142.06406,-15.06894],[142.05731,-15.07123],[142.05596,-15.0744],[142.05274,-15.0775],[142.04822,-15.07692],[142.0393,-15.07874],[142.03531,-15.07815],[142.03073,-15.0812],[142.0261,-15.08249],[142.02475,-15.08179],[142.01836,-15.08718],[142.0146,-15.08789],[142.01302,-15.08906],[142.01401,-15.09158],[142.00076,-15.09399],[141.99548,-15.09252],[141.98977,-15.08628],[141.98334,-15.08941],[141.97752,-15.09411],[141.97078,-15.09634],[141.96661,-15.09956],[141.9611,-15.10132],[141.95605,-15.10496],[141.9457,-15.10672],[141.94077,-15.10651],[141.93688,-15.11201],[141.93354,-15.11427],[141.9282,-15.11485],[141.92526,-15.11133],[141.91513,-15.11094],[141.91214,-15.11606],[141.91002,-15.11508],[141.90414,-15.11652],[141.90124,-15.11502],[141.89863,-15.1166],[141.89639,-15.11501],[141.8919,-15.1163],[141.88835,-15.11891],[141.88632,-15.11878],[141.8837,-15.12144],[141.88091,-15.1199],[141.87472,-15.12234],[141.87145,-15.12623],[141.8662,-15.12463],[141.86023,-15.12731],[141.85171,-15.12617],[141.84823,-15.12739],[141.84668,-15.12678],[141.84621,-15.12612],[141.84461,-15.12642],[141.84386,-15.1253],[141.84356,-15.1267],[141.8383,-15.13],[141.83455,-15.13051],[141.83119,-15.13303],[141.82378,-15.13641],[141.82158,-15.13589],[141.81819,-15.13243],[141.81557,-15.13431],[141.81156,-15.13456],[141.80865,-15.13695],[141.80501,-15.13782],[141.80547,-15.14028],[141.80454,-15.14204],[141.80113,-15.1419],[141.79448,-15.14455],[141.79157,-15.14405],[141.78993,-15.14673],[141.78652,-15.14604],[141.78499,-15.14252],[141.78269,-15.14068],[141.7776,-15.13999],[141.77741,-15.1411],[141.77504,-15.1421],[141.77209,-15.1403],[141.76834,-15.14275],[141.76574,-15.14236],[141.76333,-15.13861],[141.76337,-15.1406],[141.76069,-15.14114],[141.76076,-15.13823],[141.75835,-15.13972],[141.75862,-15.14179],[141.75675,-15.14236],[141.75675,-15.1434],[141.75609,-15.14244],[141.75437,-15.14302],[141.75285,-15.14553],[141.75015,-15.14432],[141.74923,-15.14119],[141.74788,-15.14023],[141.74653,-15.14102],[141.74677,-15.14829],[141.7449,-15.15016],[141.74123,-15.14987],[141.73822,-15.14565],[141.73107,-15.14524],[141.73008,-15.14443],[141.73015,-15.14169],[141.72322,-15.13972],[141.72141,-15.13615],[141.72138,-15.13315],[141.71972,-15.134],[141.7204,-15.13022],[141.71832,-15.12782],[141.71692,-15.1283],[141.72069,-15.12455],[141.7201,-15.12191],[141.71166,-15.1217],[141.7088,-15.11854],[141.70925,-15.11548],[141.71131,-15.1128],[141.71834,-15.1123],[141.71676,-15.10998],[141.71388,-15.11023],[141.70983,-15.11239],[141.7082,-15.11175],[141.70644,-15.10781],[141.70429,-15.10948],[141.70147,-15.10939],[141.70019,-15.10714],[141.70067,-15.10399],[141.69872,-15.10156],[141.69579,-15.10035],[141.68996,-15.10209],[141.68842,-15.10419],[141.68808,-15.10808],[141.68601,-15.11034],[141.6742,-15.11183],[141.67261,-15.11101],[141.66663,-15.10233],[141.65883,-15.09491],[141.64681,-15.08776],[141.64335,-15.07886],[141.64531,-15.07056],[141.64494,-15.07058],[141.63694,-15.09],[141.63963,-15.09807],[141.63317,-15.10456],[141.63244,-15.10339],[141.62966,-15.1053],[141.62951,-15.10866],[141.63932,-15.13089],[141.63897,-15.12782],[141.63024,-15.10921],[141.63032,-15.10553],[141.63231,-15.10457],[141.63219,-15.10863],[141.63526,-15.1112],[141.63675,-15.11426],[141.63986,-15.12269],[141.64066,-15.12916],[141.63727,-15.14499],[141.63551,-15.14967],[141.6302,-15.15713],[141.63277,-15.15889],[141.633,-15.16084],[141.62764,-15.16751],[141.62836,-15.16475],[141.63242,-15.16019],[141.63017,-15.15927],[141.62948,-15.15758],[141.62775,-15.15861],[141.62673,-15.16139],[141.61955,-15.16959],[141.59846,-15.18892],[141.59495,-15.1942],[141.59392,-15.19844],[141.58391,-15.20425],[141.5813,-15.20717],[141.58008,-15.21278],[141.58024,-15.23089],[141.57803,-15.24898],[141.57193,-15.28285],[141.56663,-15.30237],[141.54347,-15.33783],[141.53933,-15.34876],[141.54036,-15.35389],[141.5426,-15.35464],[141.54095,-15.34879],[141.54475,-15.34826],[141.54242,-15.34763],[141.54173,-15.3457],[141.54344,-15.33951],[141.54562,-15.33717],[141.54709,-15.33724],[141.54895,-15.34001],[141.5493,-15.34446],[141.54814,-15.34745],[141.54709,-15.34683],[141.54758,-15.34564],[141.54584,-15.34555],[141.54786,-15.33995],[141.54677,-15.33777],[141.54503,-15.33823],[141.54329,-15.34293],[141.54749,-15.34919],[141.54799,-15.35467],[141.54148,-15.36276],[141.53622,-15.37428],[141.53551,-15.37777],[141.53852,-15.37612],[141.5394,-15.37705],[141.54036,-15.37615],[141.5402,-15.37739],[141.53737,-15.37718],[141.53441,-15.38082],[141.51309,-15.43346],[141.49762,-15.47636],[141.48364,-15.49741],[141.48599,-15.49949],[141.48723,-15.49979],[141.48776,-15.49956],[141.49152,-15.49691],[141.49171,-15.49117],[141.49334,-15.48793],[141.49348,-15.48765],[141.49716,-15.48497],[141.49909,-15.48506],[141.49919,-15.48518],[141.5022,-15.48881],[141.50248,-15.49143],[141.50733,-15.49221],[141.50932,-15.49367],[141.50714,-15.49417],[141.50864,-15.49466],[141.50714,-15.49616],[141.50422,-15.49597],[141.49936,-15.50195],[141.49345,-15.50618],[141.49225,-15.50901],[141.49234,-15.51071],[141.4933,-15.51552],[141.49606,-15.51646],[141.49669,-15.50967],[141.49675,-15.50899],[141.50241,-15.50562],[141.50509,-15.5073],[141.50758,-15.51309],[141.50702,-15.5144],[141.50266,-15.51621],[141.5031,-15.51913],[141.50447,-15.52069],[141.50982,-15.522],[141.51356,-15.51938],[141.51605,-15.52262],[141.51866,-15.52275],[141.51978,-15.52586],[141.52184,-15.52679],[141.52819,-15.52679],[141.52763,-15.5215],[141.52364,-15.52262],[141.52215,-15.52119],[141.52227,-15.51073],[141.52389,-15.51048],[141.52715,-15.51318],[141.53136,-15.51384],[141.532,-15.51158],[141.53091,-15.5099],[141.5307,-15.50957],[141.53096,-15.5093],[141.53231,-15.50791],[141.53368,-15.50651],[141.53421,-15.5068],[141.53664,-15.50812],[141.53496,-15.51021],[141.53608,-15.51332],[141.53852,-15.51079],[141.54307,-15.51242],[141.54896,-15.51095],[141.54936,-15.51085],[141.55029,-15.51144],[141.55194,-15.51247],[141.55161,-15.51613],[141.55286,-15.51855],[141.55368,-15.51756],[141.55916,-15.5169],[141.56083,-15.51868],[141.55915,-15.52086],[141.55731,-15.52058],[141.55787,-15.52754],[141.55429,-15.53043],[141.55281,-15.53305],[141.55329,-15.53607],[141.55627,-15.53812],[141.55851,-15.53706],[141.5582,-15.53571],[141.55549,-15.53552],[141.55509,-15.53446],[141.55656,-15.52999],[141.55926,-15.53035],[141.55955,-15.53333],[141.56309,-15.53475],[141.56538,-15.53048],[141.56869,-15.53194],[141.56924,-15.53],[141.57119,-15.52844],[141.56924,-15.5254],[141.57182,-15.52036],[141.57303,-15.51963],[141.57673,-15.52219],[141.57428,-15.52255],[141.57419,-15.52607],[141.57936,-15.52609],[141.58029,-15.52365],[141.57907,-15.52251],[141.58161,-15.51928],[141.58367,-15.51874],[141.58448,-15.52071],[141.58756,-15.52178],[141.58842,-15.52098],[141.5896,-15.52236],[141.59291,-15.52074],[141.59585,-15.52484],[141.59764,-15.52448],[141.59883,-15.52923],[141.60422,-15.53542],[141.60697,-15.53562],[141.60982,-15.53344],[141.61102,-15.53569],[141.61416,-15.53757],[141.61732,-15.53645],[141.62075,-15.53862],[141.62341,-15.53851],[141.62617,-15.54046],[141.62744,-15.544],[141.63348,-15.54166],[141.64489,-15.54171],[141.647,-15.54079],[141.64917,-15.54203],[141.97257,-15.56914],[141.99533,-15.45349],[141.99174,-15.44762],[141.98385,-15.44223],[141.982,-15.43719],[141.97293,-15.42883],[141.96904,-15.42197],[141.96502,-15.41911],[141.9578,-15.41747],[141.95554,-15.40991],[141.9535,-15.40736],[141.94409,-15.40413],[141.94022,-15.39765],[141.94029,-15.39066],[141.94396,-15.38615],[141.95645,-15.38018],[141.96706,-15.35899],[141.96699,-15.35581],[141.97571,-15.35777],[141.98411,-15.36246],[141.99578,-15.36476],[142.01227,-15.37301],[142.01894,-15.37952],[142.02453,-15.37881],[142.09312,-15.19026],[142.24007,-15.42314],[142.65005,-15.4605],[142.66736,-15.31142],[142.97234,-15.33308],[142.9596,-15.47934],[142.9031,-15.4747],[142.89042,-15.61962],[142.77982,-15.61315],[142.77007,-15.75245],[142.70633,-15.74768],[142.69583,-15.89654],[142.63054,-15.95454],[142.62197,-16.01693],[142.6257,-16.01756],[142.63093,-16.02061],[142.63651,-16.02795],[142.6412,-16.03797],[142.6488,-16.05014],[142.65833,-16.05902],[142.66494,-16.06287],[142.6801,-16.06948],[142.69862,-16.07043],[142.70607,-16.07404],[142.71095,-16.07937]]],[[[141.4163,-9.88123],[141.42721,-9.88049],[141.438,-9.87789],[141.45832,-9.86828],[141.46846,-9.86105],[141.47512,-9.85459],[141.48068,-9.84692],[141.48469,-9.83836],[141.48727,-9.82733],[141.48747,-9.81788],[141.48588,-9.80857],[141.48199,-9.79801],[141.47712,-9.79002],[141.47085,-9.78307],[141.46338,-9.77738],[141.45323,-9.77251],[141.44223,-9.76999],[141.4272,-9.77],[141.4143,-9.77157],[141.39867,-9.77583],[141.38636,-9.78275],[141.37717,-9.79085],[141.37019,-9.79972],[141.36537,-9.80991],[141.36242,-9.82462],[141.3625,-9.83587],[141.36578,-9.84858],[141.37115,-9.85849],[141.38,-9.86829],[141.39101,-9.87567],[141.40358,-9.87996],[141.4163,-9.88123]]],[[[144.24285,-9.46458],[144.25216,-9.46355],[144.25937,-9.46151],[144.27407,-9.45335],[144.28103,-9.44704],[144.28687,-9.43974],[144.29357,-9.42657],[144.29567,-9.41757],[144.29606,-9.40676],[144.29176,-9.3857],[144.28546,-9.37109],[144.27627,-9.35936],[144.25668,-9.34238],[144.24553,-9.3367],[144.23603,-9.33357],[144.22556,-9.33219],[144.20888,-9.33273],[144.19965,-9.33501],[144.18938,-9.33994],[144.18154,-9.3289],[144.17241,-9.32084],[144.16462,-9.31612],[144.15097,-9.31003],[144.13927,-9.30636],[144.12311,-9.30529],[144.10996,-9.30768],[144.0979,-9.3134],[144.08777,-9.32207],[144.08117,-9.33138],[144.07668,-9.34172],[144.07446,-9.35058],[144.07397,-9.36152],[144.07589,-9.3723],[144.07996,-9.38248],[144.08587,-9.39153],[144.09295,-9.39903],[144.1017,-9.40526],[144.11298,-9.41077],[144.13224,-9.4162],[144.14744,-9.41718],[144.16359,-9.41357],[144.17595,-9.43756],[144.18319,-9.44576],[144.19037,-9.45149],[144.20544,-9.45821],[144.22895,-9.46344],[144.24285,-9.46458]]],[[[141.55858,-9.66957],[141.57535,-9.66805],[141.5876,-9.66359],[141.60556,-9.65303],[141.6167,-9.64061],[141.62503,-9.62396],[141.62712,-9.61491],[141.62785,-9.60558],[141.62735,-9.59809],[141.62515,-9.58897],[141.61774,-9.57459],[141.62972,-9.56674],[141.63978,-9.55644],[141.64679,-9.54599],[141.65425,-9.52786],[141.65653,-9.51593],[141.65667,-9.50385],[141.65522,-9.48992],[141.65127,-9.47805],[141.64563,-9.46837],[141.63797,-9.46007],[141.62863,-9.45367],[141.61809,-9.4495],[141.60499,-9.44772],[141.59187,-9.44937],[141.58141,-9.44646],[141.57047,-9.44578],[141.55921,-9.44732],[141.54857,-9.45132],[141.53628,-9.46011],[141.52408,-9.47425],[141.51394,-9.47895],[141.50377,-9.48707],[141.48853,-9.50755],[141.48261,-9.52151],[141.48116,-9.53088],[141.48151,-9.54036],[141.48365,-9.54961],[141.4866,-9.55661],[141.50086,-9.5762],[141.50745,-9.58224],[141.51492,-9.58705],[141.5093,-9.59848],[141.50646,-9.61259],[141.50746,-9.62682],[141.51217,-9.64054],[141.52052,-9.65246],[141.53183,-9.66178],[141.54556,-9.66779],[141.55858,-9.66957]]],[[[143.83444,-9.22318],[143.84769,-9.22134],[143.85833,-9.21706],[143.86773,-9.21051],[143.87647,-9.20044],[143.8932,-9.2002],[143.90733,-9.19551],[143.92143,-9.18622],[143.93117,-9.17472],[143.93701,-9.16291],[143.9395,-9.15384],[143.94025,-9.14265],[143.93883,-9.13189],[143.93511,-9.12168],[143.92837,-9.1108],[143.92221,-9.10395],[143.91357,-9.09716],[143.90205,-9.09167],[143.88511,-9.08815],[143.87141,-9.08886],[143.85776,-9.09247],[143.84772,-9.09787],[143.8378,-9.10582],[143.83108,-9.11428],[143.82653,-9.12328],[143.81546,-9.12627],[143.80535,-9.13167],[143.79803,-9.1378],[143.79099,-9.14681],[143.7856,-9.15898],[143.78361,-9.17212],[143.78517,-9.18533],[143.79015,-9.19767],[143.79822,-9.20827],[143.80881,-9.2164],[143.82117,-9.22149],[143.83444,-9.22318]]],[[[142.276,-9.34763],[142.29045,-9.34596],[142.30277,-9.34126],[142.32517,-9.32459],[142.33172,-9.31807],[142.33783,-9.30884],[142.34177,-9.29851],[142.34576,-9.26624],[142.27501,-9.22989],[142.23668,-9.19128],[142.21613,-9.18795],[142.17278,-9.19796],[142.14362,-9.19601],[142.10806,-9.2124],[142.05945,-9.26046],[142.06934,-9.29142],[142.07401,-9.29963],[142.08018,-9.30689],[142.09257,-9.31574],[142.10706,-9.32052],[142.13182,-9.33188],[142.16693,-9.34083],[142.18022,-9.34077],[142.19864,-9.3429],[142.2179,-9.34094],[142.23748,-9.34401],[142.25446,-9.34417],[142.276,-9.34763]]],[[[142.53166,-9.48679],[142.5443,-9.48534],[142.55455,-9.48163],[142.56321,-9.47633],[142.57246,-9.46803],[142.58534,-9.45984],[142.61614,-9.47193],[142.65212,-9.47931],[142.66108,-9.47942],[142.67399,-9.47737],[142.71272,-9.4804],[142.72778,-9.47814],[142.74766,-9.48458],[142.7605,-9.48623],[142.77298,-9.48546],[142.78824,-9.4809],[142.79739,-9.47614],[142.80786,-9.46888],[142.81841,-9.45842],[142.82477,-9.44708],[142.82818,-9.43267],[142.8381,-9.42165],[142.84723,-9.4036],[142.8511,-9.39294],[142.85195,-9.3801],[142.85059,-9.3681],[142.84597,-9.35391],[142.83946,-9.34259],[142.83027,-9.33311],[142.81891,-9.32607],[142.8061,-9.32239],[142.73241,-9.33628],[142.69638,-9.33767],[142.59249,-9.35544],[142.55888,-9.37433],[142.52582,-9.36183],[142.4956,-9.36612],[142.48662,-9.37336],[142.47954,-9.38224],[142.47464,-9.39247],[142.47242,-9.40166],[142.47196,-9.4111],[142.47288,-9.41861],[142.48203,-9.45025],[142.48909,-9.46479],[142.50049,-9.47655],[142.51521,-9.48425],[142.53166,-9.48679]]],[[[142.32139,-9.62984],[142.33132,-9.62964],[142.3441,-9.62761],[142.3526,-9.62477],[142.36206,-9.61969],[142.37063,-9.6128],[142.37853,-9.60376],[142.3833,-9.5963],[142.3876,-9.5862],[142.38947,-9.57718],[142.38966,-9.56798],[142.38768,-9.55707],[142.3843,-9.54824],[142.38042,-9.54172],[142.37427,-9.53452],[142.35428,-9.51842],[142.34408,-9.51381],[142.30167,-9.50103],[142.27711,-9.49536],[142.26079,-9.49215],[142.25184,-9.49163],[142.24095,-9.49285],[142.23032,-9.4962],[142.2147,-9.48757],[142.2059,-9.48517],[142.19682,-9.48438],[142.18263,-9.48626],[142.16698,-9.49051],[142.15847,-9.49418],[142.14666,-9.50305],[142.13385,-9.51914],[142.12995,-9.52769],[142.12739,-9.53852],[142.12706,-9.54931],[142.12856,-9.55819],[142.13238,-9.56846],[142.13721,-9.57629],[142.14339,-9.58313],[142.15231,-9.58968],[142.16441,-9.59496],[142.17755,-9.59705],[142.19133,-9.59598],[142.20339,-9.59181],[142.21803,-9.59886],[142.22842,-9.60562],[142.24948,-9.61446],[142.30067,-9.62692],[142.32139,-9.62984]]]]},"properties":{"Police Region Name":"Far Northern Region","Police Region Code":"FNR","Police Region Short Name":"Far North","DDMG Count":3,"DDMG Names":"Cairns, Innisfail, Mareeba","Note":"Disaster Management Region: the reporting grouping of disaster districts used by the consuming reports. Not the QPS operational region boundary - see qld_qps_regions_gda94_simp10."},"id":"FNR"},{"type":"Feature","geometry":{"type":"MultiPolygon","coordinates":[[[[153.22556,-24.516],[152.06205,-24.51598],[152.05685,-24.5214],[152.05025,-24.52525],[152.03156,-24.52999],[152.02683,-24.52828],[152.01683,-24.51592],[152.01071,-24.51376],[151.9987,-24.51559],[151.99608,-24.52017],[151.99284,-24.52214],[151.99282,-24.52497],[151.99076,-24.52759],[151.9964,-24.53499],[151.9953,-24.53637],[151.99178,-24.53666],[151.98949,-24.53479],[151.98632,-24.53662],[151.98735,-24.5385],[151.99119,-24.5386],[151.99139,-24.5386],[151.99328,-24.54006],[151.99317,-24.54062],[151.99313,-24.5408],[151.99308,-24.54107],[151.99157,-24.54168],[151.98803,-24.54036],[151.98529,-24.54187],[151.98515,-24.5436],[151.98788,-24.54416],[151.9871,-24.54935],[151.98455,-24.55098],[151.98184,-24.54951],[151.98405,-24.5536],[151.9768,-24.55701],[151.97442,-24.56331],[151.96897,-24.56903],[151.96844,-24.57065],[151.97024,-24.57422],[151.96816,-24.57649],[151.96869,-24.58043],[151.96608,-24.58105],[151.96378,-24.58524],[151.95922,-24.58735],[151.98869,-24.59131],[151.98569,-24.61134],[151.96005,-24.60846],[151.96132,-24.61297],[151.95837,-24.61428],[151.95841,-24.61628],[151.96134,-24.61665],[151.96581,-24.62473],[151.96454,-24.63296],[151.96053,-24.63094],[151.95934,-24.64095],[151.96259,-24.64187],[151.97135,-24.64067],[151.983,-24.64458],[151.98847,-24.64343],[151.99614,-24.64426],[151.99537,-24.64932],[151.9875,-24.6483],[151.98638,-24.65549],[151.99425,-24.65652],[151.99082,-24.68088],[151.96059,-24.67649],[151.96155,-24.67907],[151.9602,-24.68111],[151.96065,-24.68792],[151.95976,-24.68934],[151.96091,-24.69559],[151.9621,-24.69692],[151.96221,-24.70287],[151.95345,-24.70202],[151.95289,-24.7045],[151.94759,-24.70506],[151.94239,-24.70764],[151.92861,-24.70881],[151.91939,-24.72844],[151.91911,-24.73264],[151.92322,-24.73867],[151.92025,-24.74009],[151.91246,-24.74039],[151.89896,-24.74441],[151.89698,-24.74426],[151.89461,-24.74185],[151.89257,-24.74256],[151.8903,-24.74606],[151.89308,-24.74982],[151.89392,-24.75376],[151.8882,-24.75843],[151.88419,-24.76874],[151.87537,-24.77617],[151.87205,-24.77558],[151.87047,-24.77721],[151.86689,-24.77766],[151.86516,-24.78015],[151.86523,-24.784],[151.86263,-24.78617],[151.84919,-24.78654],[151.84609,-24.79078],[151.8428,-24.79206],[151.83966,-24.7901],[151.84187,-24.78194],[151.8416,-24.77923],[151.83904,-24.77856],[151.83845,-24.77663],[151.83138,-24.77332],[151.82964,-24.7742],[151.82817,-24.77364],[151.8278,-24.77208],[151.82584,-24.7715],[151.82662,-24.77023],[151.82536,-24.76861],[151.8143,-24.76609],[151.81147,-24.75923],[151.80607,-24.75578],[151.80394,-24.74991],[151.80088,-24.74623],[151.78885,-24.74071],[151.75079,-24.73585],[151.74525,-24.77176],[151.74328,-24.76573],[151.72834,-24.75542],[151.72208,-24.74509],[151.71994,-24.73515],[151.71589,-24.73375],[151.71197,-24.73042],[151.69865,-24.71362],[151.68534,-24.70912],[151.68248,-24.70152],[151.67952,-24.69696],[151.67708,-24.6954],[151.67157,-24.69798],[151.66843,-24.70297],[151.66533,-24.70551],[151.66076,-24.70734],[151.65391,-24.70708],[151.65088,-24.70881],[151.64489,-24.71456],[151.64493,-24.7157],[151.6472,-24.71658],[151.65064,-24.71535],[151.65159,-24.71624],[151.65191,-24.7246],[151.64503,-24.72929],[151.63901,-24.73041],[151.63451,-24.72514],[151.6266,-24.72213],[151.62566,-24.71956],[151.62365,-24.71873],[151.61981,-24.71355],[151.61432,-24.70872],[151.6114,-24.70886],[151.6087,-24.707],[151.60871,-24.7048],[151.60588,-24.70524],[151.60125,-24.70177],[151.59531,-24.69981],[151.58014,-24.70431],[151.57618,-24.70197],[151.56922,-24.71019],[151.56532,-24.71049],[151.56077,-24.70313],[151.55267,-24.6983],[151.54359,-24.7006],[151.54216,-24.69889],[151.53299,-24.69571],[151.53118,-24.69625],[151.52647,-24.69186],[151.52653,-24.68982],[151.52409,-24.68447],[151.52056,-24.68129],[151.51973,-24.6759],[151.5161,-24.67366],[151.51457,-24.66978],[151.51618,-24.66757],[151.51616,-24.66573],[151.5184,-24.66445],[151.52438,-24.6658],[151.5267,-24.66787],[151.52773,-24.66121],[151.53243,-24.66046],[151.53327,-24.65561],[151.53556,-24.6544],[151.53851,-24.64806],[151.54161,-24.64561],[151.53833,-24.64081],[151.54052,-24.63213],[151.54211,-24.6307],[151.54032,-24.62413],[151.54214,-24.6207],[151.5423,-24.61745],[151.53703,-24.61409],[151.53543,-24.61433],[151.53592,-24.61024],[151.52587,-24.60066],[151.52011,-24.60015],[151.51716,-24.59869],[151.51347,-24.60057],[151.51056,-24.59691],[151.50789,-24.59618],[151.50484,-24.59358],[151.50635,-24.58877],[151.50919,-24.58635],[151.50824,-24.58167],[151.50495,-24.57825],[151.49791,-24.57644],[151.49689,-24.5724],[151.49823,-24.57118],[151.49409,-24.56714],[151.49025,-24.56589],[151.48822,-24.56229],[151.48983,-24.56136],[151.48811,-24.55968],[151.4883,-24.55746],[151.4851,-24.55225],[151.48695,-24.54867],[151.48905,-24.54801],[151.48843,-24.54455],[151.4867,-24.54113],[151.48358,-24.53839],[151.47754,-24.536],[151.47316,-24.53738],[151.47061,-24.5366],[151.46627,-24.53946],[151.46851,-24.54333],[151.46574,-24.55129],[151.46628,-24.55378],[151.46403,-24.5573],[151.46368,-24.56],[151.45847,-24.56589],[151.45698,-24.5706],[151.45276,-24.57045],[151.449,-24.56785],[151.44071,-24.5648],[151.43878,-24.56296],[151.43344,-24.56347],[151.43564,-24.57108],[151.43884,-24.57488],[151.44233,-24.5769],[151.4419,-24.57775],[151.43315,-24.59159],[151.43051,-24.59366],[151.42448,-24.5958],[151.41571,-24.59505],[151.41067,-24.59661],[151.41037,-24.60502],[151.40765,-24.60982],[151.40854,-24.61301],[151.40684,-24.61539],[151.40353,-24.61522],[151.40214,-24.61653],[151.39794,-24.61714],[151.39493,-24.6149],[151.39094,-24.6147],[151.38462,-24.60834],[151.38142,-24.61219],[151.37877,-24.61332],[151.37595,-24.61294],[151.37398,-24.60976],[151.3712,-24.60915],[151.37043,-24.61086],[151.36874,-24.61063],[151.36703,-24.61219],[151.36635,-24.61536],[151.36339,-24.6185],[151.36129,-24.62347],[151.35846,-24.62523],[151.35784,-24.6306],[151.35433,-24.63248],[151.34672,-24.64091],[151.34521,-24.64351],[151.34529,-24.64633],[151.34179,-24.64932],[151.33606,-24.64541],[151.33274,-24.64487],[151.32697,-24.6455],[151.32279,-24.64421],[151.32116,-24.6458],[151.32126,-24.64715],[151.31766,-24.64811],[151.31534,-24.64725],[151.31286,-24.64969],[151.31104,-24.64983],[151.30929,-24.65245],[151.31031,-24.65656],[151.3069,-24.6579],[151.3071,-24.66088],[151.30589,-24.66219],[151.30652,-24.66655],[151.30228,-24.66829],[151.2973,-24.6677],[151.29175,-24.65755],[151.28114,-24.65475],[151.27792,-24.6557],[151.27704,-24.65409],[151.27475,-24.65381],[151.27362,-24.65609],[151.27212,-24.65618],[151.26694,-24.65381],[151.2654,-24.65533],[151.26415,-24.65993],[151.25566,-24.66247],[151.25364,-24.66599],[151.24744,-24.65653],[151.24733,-24.65371],[151.24584,-24.65226],[151.24389,-24.65307],[151.24319,-24.65465],[151.23736,-24.65328],[151.2361,-24.65041],[151.23103,-24.64604],[151.23024,-24.639],[151.22759,-24.63764],[151.2243,-24.63864],[151.22014,-24.63386],[151.21728,-24.6339],[151.21352,-24.63585],[151.21108,-24.6354],[151.20948,-24.63748],[151.20624,-24.63819],[151.20644,-24.64032],[151.20266,-24.64143],[151.19924,-24.64394],[151.19637,-24.64335],[151.19473,-24.64254],[151.19321,-24.63506],[151.19831,-24.62982],[151.20443,-24.62786],[151.20772,-24.6246],[151.2102,-24.62545],[151.21603,-24.62454],[151.22353,-24.62775],[151.22779,-24.62873],[151.23018,-24.62792],[151.21866,-24.58609],[151.21909,-24.58501],[151.22125,-24.58457],[151.21953,-24.58376],[151.22065,-24.57956],[151.21846,-24.57549],[151.22142,-24.57172],[151.22357,-24.57174],[151.22569,-24.56848],[151.22438,-24.56418],[151.22838,-24.53724],[151.22797,-24.53271],[151.22974,-24.53076],[151.2293,-24.52771],[151.22657,-24.53003],[151.22134,-24.52959],[151.21861,-24.53101],[151.20916,-24.53275],[151.20569,-24.5312],[151.20206,-24.53128],[151.20046,-24.53375],[151.19951,-24.53982],[151.17902,-24.54305],[151.17871,-24.5441],[151.17353,-24.54545],[151.16895,-24.54972],[151.16541,-24.55059],[151.1616,-24.55004],[151.15747,-24.54701],[151.15633,-24.54483],[151.15684,-24.54126],[151.15291,-24.53775],[151.15426,-24.53214],[151.15226,-24.52694],[151.15297,-24.52361],[151.15588,-24.52169],[151.15405,-24.51275],[151.15577,-24.51017],[151.15543,-24.5076],[151.15813,-24.50444],[151.15881,-24.49994],[151.16143,-24.49888],[151.16161,-24.49328],[151.16429,-24.48678],[151.16886,-24.48455],[151.16916,-24.47904],[151.1668,-24.47644],[151.1643,-24.47564],[151.15864,-24.4686],[151.15419,-24.46546],[151.15338,-24.46062],[151.14902,-24.45946],[151.14746,-24.46038],[151.13787,-24.45563],[151.13564,-24.46043],[151.13353,-24.46118],[151.13414,-24.46377],[151.13287,-24.46483],[151.12407,-24.46681],[151.12247,-24.46835],[151.11813,-24.46707],[151.11661,-24.46875],[151.11487,-24.47462],[151.1137,-24.47453],[151.10697,-24.47023],[151.10608,-24.46251],[151.09976,-24.45846],[151.09806,-24.45029],[151.09325,-24.44352],[151.09151,-24.44365],[151.08986,-24.44102],[151.07197,-24.43792],[151.0697,-24.43258],[151.06691,-24.43187],[151.06649,-24.43014],[151.06428,-24.42946],[151.06332,-24.42743],[151.061,-24.42615],[151.05744,-24.42757],[151.05485,-24.42024],[151.05242,-24.42018],[151.05126,-24.41738],[151.04946,-24.4171],[151.04532,-24.41287],[151.04454,-24.40653],[151.04784,-24.40168],[151.04558,-24.39604],[151.04441,-24.39432],[151.04139,-24.396],[151.03927,-24.39297],[151.03695,-24.39208],[151.02959,-24.39216],[151.02831,-24.39411],[151.02176,-24.39379],[151.02077,-24.39535],[151.01684,-24.397],[151.00501,-24.39456],[151.00425,-24.39658],[151.00064,-24.39891],[150.99945,-24.406],[150.99312,-24.40966],[150.99224,-24.41123],[150.99192,-24.41653],[150.99386,-24.41903],[150.99417,-24.42422],[150.9932,-24.44271],[150.9881,-24.44694],[150.98778,-24.45292],[150.98872,-24.4562],[150.98741,-24.46216],[150.98629,-24.46328],[150.98559,-24.46981],[150.98285,-24.47215],[150.9822,-24.4753],[150.98366,-24.47656],[150.98289,-24.47869],[150.97867,-24.48124],[150.97951,-24.48306],[150.97953,-24.4914],[150.9743,-24.49541],[150.97072,-24.49593],[150.96984,-24.49727],[150.96994,-24.50252],[150.96404,-24.50702],[150.96376,-24.50847],[150.96515,-24.51051],[150.96378,-24.51466],[150.96597,-24.52064],[150.96652,-24.52681],[150.96842,-24.52939],[150.96787,-24.53343],[150.97271,-24.53677],[150.98143,-24.54919],[150.97472,-24.54896],[150.96983,-24.55231],[150.96905,-24.56114],[150.96981,-24.56968],[150.97257,-24.57254],[150.97353,-24.57481],[150.97277,-24.57636],[150.96904,-24.57859],[150.96364,-24.57596],[150.96128,-24.57644],[150.944,-24.56975],[150.9127,-24.56133],[150.90949,-24.56166],[150.90729,-24.55996],[150.88075,-24.55201],[150.8791,-24.55662],[150.87285,-24.55527],[150.87119,-24.55558],[150.86744,-24.55989],[150.86178,-24.55974],[150.85569,-24.55832],[150.85326,-24.55575],[150.85269,-24.5516],[150.8509,-24.54918],[150.84914,-24.55117],[150.84736,-24.55987],[150.84474,-24.56198],[150.8389,-24.55945],[150.83756,-24.55782],[150.83385,-24.55963],[150.82993,-24.56002],[150.82949,-24.55515],[150.82756,-24.55396],[150.82624,-24.55475],[150.81912,-24.60395],[150.82495,-24.60549],[150.82578,-24.60759],[150.83605,-24.6148],[150.83871,-24.61812],[150.84372,-24.61979],[150.84904,-24.61994],[150.85139,-24.62232],[150.8556,-24.62283],[150.85749,-24.62558],[150.8676,-24.63103],[150.88276,-24.62517],[150.88972,-24.63182],[150.89764,-24.63053],[150.89964,-24.6331],[150.89822,-24.63687],[150.89966,-24.63833],[150.90079,-24.64236],[150.91113,-24.65041],[150.91056,-24.6521],[150.90764,-24.6533],[150.90195,-24.66162],[150.89754,-24.66498],[150.89555,-24.66515],[150.89647,-24.66779],[150.89419,-24.66881],[150.88947,-24.67819],[150.8877,-24.67721],[150.88332,-24.67827],[150.8837,-24.68088],[150.88157,-24.68806],[150.87801,-24.68916],[150.87489,-24.69627],[150.8754,-24.69885],[150.87902,-24.70072],[150.87555,-24.71364],[150.87636,-24.71597],[150.87398,-24.72114],[150.87002,-24.72141],[150.86517,-24.7244],[150.85842,-24.7224],[150.85459,-24.72381],[150.82869,-24.71804],[150.79059,-24.71194],[150.77827,-24.71623],[150.77444,-24.71421],[150.76687,-24.70745],[150.75973,-24.7038],[150.74681,-24.70245],[150.73927,-24.699],[150.73247,-24.69788],[150.7281,-24.69877],[150.7247,-24.70157],[150.70913,-24.7037],[150.69944,-24.70215],[150.68944,-24.70246],[150.67974,-24.69902],[150.66681,-24.70376],[150.66313,-24.70276],[150.65588,-24.69323],[150.64183,-24.69594],[150.63833,-24.70017],[150.6369,-24.70936],[150.62211,-24.70922],[150.61136,-24.71164],[150.58652,-24.73148],[150.60182,-24.78965],[150.60597,-24.79852],[150.6035,-24.8011],[150.59819,-24.8357],[150.59471,-24.83827],[150.59178,-24.84528],[150.58608,-24.84556],[150.5856,-24.84799],[150.58085,-24.8474],[150.55861,-24.89962],[150.55657,-24.91467],[150.55822,-24.92353],[150.5424,-24.95894],[150.53959,-24.96069],[150.54634,-24.97737],[150.55326,-24.98624],[150.54771,-25.00937],[150.54993,-25.03779],[150.54831,-25.05141],[150.54862,-25.05993],[150.55423,-25.07257],[150.55577,-25.07951],[150.5581,-25.08333],[150.55787,-25.08792],[150.5563,-25.0905],[150.55647,-25.09409],[150.55909,-25.09718],[150.56598,-25.10125],[150.57881,-25.11242],[150.57011,-25.11535],[150.56533,-25.12392],[150.56061,-25.12698],[150.55662,-25.13378],[150.55903,-25.14194],[150.56202,-25.14557],[150.56195,-25.15205],[150.55758,-25.15602],[150.55747,-25.16163],[150.55138,-25.16473],[150.53103,-25.16486],[150.51852,-25.1705],[150.51269,-25.17153],[150.50824,-25.17357],[150.49805,-25.18658],[150.50225,-25.19265],[150.4864,-25.19497],[150.4778,-25.19078],[150.47136,-25.19051],[150.47216,-25.19583],[150.47005,-25.19879],[150.47205,-25.20261],[150.47641,-25.22163],[150.47519,-25.23087],[150.47454,-25.2328],[150.47151,-25.23426],[150.46466,-25.24183],[150.46506,-25.24807],[150.46167,-25.2568],[150.45432,-25.25751],[150.4522,-25.26359],[150.45855,-25.278],[150.4543,-25.28102],[150.44356,-25.28191],[150.44221,-25.28851],[150.44637,-25.29244],[150.44612,-25.29843],[150.44845,-25.30305],[150.44089,-25.31713],[150.44259,-25.3206],[150.43751,-25.32542],[150.42664,-25.32397],[150.41653,-25.33083],[150.41846,-25.33599],[150.41794,-25.34698],[150.4194,-25.34975],[150.41546,-25.35643],[150.40647,-25.36206],[150.40731,-25.36523],[150.41794,-25.36992],[150.41754,-25.37243],[150.41398,-25.37212],[150.41183,-25.37683],[150.40692,-25.37853],[150.39551,-25.39042],[150.40445,-25.39763],[150.39911,-25.40278],[150.40188,-25.41397],[150.39365,-25.41621],[150.39085,-25.41881],[150.39964,-25.428],[150.40476,-25.43139],[150.39784,-25.44734],[150.37559,-25.46135],[150.37472,-25.47185],[150.36912,-25.47624],[150.37009,-25.48069],[150.37598,-25.48278],[150.37462,-25.48939],[150.37671,-25.49046],[150.38539,-25.48797],[150.38775,-25.49482],[150.38531,-25.50211],[150.38915,-25.50313],[150.3977,-25.5006],[150.40165,-25.50338],[150.40274,-25.50773],[150.3918,-25.52002],[150.39425,-25.52682],[150.39211,-25.53152],[150.4043,-25.5372],[150.40258,-25.54149],[150.40326,-25.55177],[150.41015,-25.56141],[150.41247,-25.56758],[150.40799,-25.58024],[150.40382,-25.58373],[150.401,-25.59363],[150.40204,-25.59863],[150.40701,-25.59642],[150.4104,-25.59613],[150.41421,-25.59714],[150.41521,-25.6013],[150.42649,-25.60276],[150.43705,-25.60644],[150.44095,-25.60156],[150.44614,-25.59892],[150.48399,-25.60623],[150.49553,-25.62839],[150.5038,-25.63599],[150.51716,-25.64073],[150.52418,-25.64539],[150.54038,-25.64115],[150.54584,-25.64036],[150.55296,-25.6416],[150.57029,-25.6382],[150.58533,-25.64347],[150.59124,-25.65269],[150.59948,-25.65273],[150.65416,-25.65978],[150.65593,-25.67307],[150.65884,-25.67869],[150.6638,-25.68118],[150.66357,-25.68428],[150.65653,-25.69223],[150.65628,-25.69745],[150.6518,-25.69869],[150.64651,-25.70524],[150.64315,-25.71566],[150.6496,-25.7262],[150.66428,-25.73274],[150.66387,-25.74316],[150.6629,-25.74492],[150.66366,-25.75765],[150.66844,-25.75827],[150.66544,-25.76174],[150.66646,-25.76375],[150.65982,-25.77334],[150.65021,-25.77425],[150.64645,-25.77877],[150.64412,-25.7862],[150.65688,-25.80097],[150.64924,-25.80331],[150.65771,-25.8137],[150.67041,-25.82048],[150.67176,-25.82701],[150.67874,-25.83038],[150.69512,-25.85023],[150.69708,-25.85086],[150.69869,-25.85575],[150.69476,-25.8645],[150.69306,-25.87212],[150.68717,-25.87906],[150.68003,-25.88275],[150.67837,-25.88903],[150.67831,-25.89328],[150.67978,-25.89804],[150.68391,-25.90179],[150.68506,-25.90518],[150.68499,-25.91388],[150.68425,-25.91705],[150.68064,-25.9225],[150.6795,-25.9285],[150.66888,-25.94267],[150.66929,-25.94922],[150.67311,-25.95723],[150.67454,-25.96324],[150.67275,-25.96959],[150.68175,-25.97021],[150.70206,-25.97393],[150.71441,-25.98486],[150.71966,-25.98517],[150.72562,-25.98102],[150.72981,-25.98017],[150.76363,-25.9816],[150.76499,-25.98676],[150.76665,-25.98785],[150.76695,-25.99111],[150.77049,-25.99137],[150.77114,-25.99251],[150.77041,-25.99486],[150.77363,-25.99833],[150.77745,-26.00862],[150.77677,-26.00844],[150.77581,-26.01223],[150.77912,-26.01524],[150.78315,-26.01562],[150.78598,-26.01866],[150.7854,-26.02239],[150.78164,-26.02604],[150.78091,-26.02849],[150.78585,-26.03952],[150.78853,-26.04317],[150.78981,-26.04892],[150.84957,-26.05641],[150.90393,-26.0194],[150.90636,-26.01271],[150.90596,-26.00832],[150.91405,-26.0041],[150.92041,-26.00503],[150.92683,-26.01181],[150.93253,-26.01311],[150.93294,-26.01164],[150.9385,-26.01263],[150.94981,-26.01004],[150.96216,-26.01387],[150.98398,-26.00781],[150.98341,-26.01149],[150.98918,-26.01525],[150.99389,-26.03121],[151.00301,-26.0433],[151.00204,-26.0496],[151.00849,-26.05959],[151.00897,-26.06767],[151.01036,-26.07116],[151.01588,-26.07711],[151.0325,-26.08508],[151.0401,-26.0876],[151.0542,-26.08871],[151.05612,-26.09032],[151.06735,-26.08522],[151.07381,-26.09521],[151.07777,-26.09582],[151.07875,-26.09668],[151.0821,-26.09962],[151.08466,-26.1001],[151.08811,-26.10518],[151.09295,-26.10628],[151.0966,-26.10853],[151.09782,-26.11075],[151.10216,-26.11039],[151.10379,-26.1117],[151.10724,-26.11134],[151.10812,-26.11274],[151.11117,-26.11267],[151.11542,-26.11871],[151.12057,-26.11773],[151.12385,-26.11374],[151.12628,-26.11451],[151.13444,-26.10529],[151.13539,-26.1075],[151.13738,-26.10771],[151.14291,-26.10399],[151.14987,-26.10542],[151.15166,-26.10772],[151.15172,-26.1111],[151.15953,-26.1208],[151.15788,-26.12927],[151.15905,-26.13182],[151.15654,-26.13373],[151.1565,-26.13605],[151.1573,-26.13838],[151.15948,-26.13954],[151.1607,-26.142],[151.162,-26.14953],[151.15878,-26.15454],[151.15005,-26.15965],[151.14702,-26.15787],[151.1424,-26.15982],[151.13929,-26.15918],[151.12569,-26.15144],[151.12533,-26.14998],[151.12266,-26.14839],[151.12058,-26.14297],[151.11587,-26.14087],[151.0987,-26.14988],[151.09983,-26.16028],[151.09288,-26.15935],[151.0764,-26.16178],[151.07324,-26.17259],[151.02274,-26.19544],[151.01823,-26.1925],[151.01326,-26.19206],[151.01671,-26.25622],[151.06652,-26.25473],[151.13638,-26.26306],[151.11544,-26.3794],[151.07734,-26.46254],[151.20773,-26.47877],[151.20841,-26.48068],[151.20363,-26.48576],[151.20339,-26.48891],[151.20805,-26.49455],[151.20416,-26.50095],[151.20455,-26.50299],[151.20613,-26.50362],[151.21224,-26.51396],[151.21871,-26.51748],[151.22238,-26.51821],[151.22188,-26.52134],[151.22747,-26.52438],[151.22969,-26.52713],[151.23425,-26.52563],[151.23538,-26.52355],[151.23786,-26.52267],[151.24311,-26.5277],[151.24669,-26.52653],[151.24777,-26.52791],[151.24818,-26.53371],[151.24712,-26.53671],[151.24974,-26.54235],[151.25432,-26.54425],[151.25764,-26.54822],[151.26597,-26.54989],[151.26897,-26.54833],[151.27155,-26.54889],[151.27657,-26.54523],[151.27771,-26.54278],[151.27931,-26.54369],[151.28336,-26.54247],[151.28393,-26.54373],[151.28753,-26.54489],[151.28681,-26.55383],[151.28769,-26.55734],[151.29489,-26.56649],[151.30138,-26.57055],[151.30487,-26.57967],[151.30747,-26.58192],[151.31031,-26.58261],[151.30997,-26.58452],[151.31379,-26.59101],[151.31563,-26.58991],[151.31817,-26.59042],[151.32279,-26.58581],[151.32453,-26.58704],[151.32584,-26.5921],[151.32851,-26.59384],[151.33036,-26.59314],[151.33368,-26.59836],[151.33276,-26.60072],[151.33348,-26.60166],[151.34198,-26.60698],[151.34983,-26.60819],[151.3519,-26.6172],[151.35782,-26.61872],[151.36342,-26.62361],[151.36869,-26.62426],[151.37109,-26.62783],[151.36958,-26.63081],[151.37112,-26.632],[151.37862,-26.6296],[151.38313,-26.63331],[151.38478,-26.63649],[151.38869,-26.63832],[151.39302,-26.63779],[151.39476,-26.6388],[151.39467,-26.64136],[151.39926,-26.64522],[151.4028,-26.65104],[151.40803,-26.6566],[151.4081,-26.65685],[151.40923,-26.66065],[151.40719,-26.67395],[151.39189,-26.68421],[151.39434,-26.68497],[151.39763,-26.69128],[151.40525,-26.69513],[151.4077,-26.69437],[151.41073,-26.69687],[151.417,-26.69796],[151.41802,-26.70251],[151.41619,-26.7076],[151.41386,-26.71038],[151.41438,-26.71311],[151.41664,-26.71432],[151.41718,-26.71718],[151.41325,-26.72521],[151.41816,-26.72887],[151.41898,-26.74039],[151.42078,-26.74595],[151.42359,-26.74612],[151.42523,-26.74842],[151.42653,-26.74807],[151.43157,-26.7521],[151.43439,-26.75217],[151.43626,-26.75435],[151.44054,-26.75658],[151.45032,-26.75792],[151.45575,-26.76008],[151.45943,-26.75972],[151.46449,-26.76181],[151.46915,-26.75998],[151.47379,-26.76035],[151.47601,-26.75701],[151.47962,-26.75687],[151.48262,-26.75429],[151.48997,-26.75722],[151.49375,-26.76281],[151.49761,-26.76324],[151.49955,-26.76216],[151.5044,-26.76298],[151.50641,-26.7667],[151.51057,-26.76707],[151.51484,-26.76557],[151.51981,-26.76656],[151.5201,-26.76795],[151.51782,-26.77238],[151.51823,-26.77986],[151.51652,-26.78258],[151.51743,-26.78808],[151.5211,-26.79139],[151.52163,-26.79328],[151.51645,-26.79906],[151.51902,-26.80084],[151.52397,-26.81076],[151.52825,-26.81174],[151.53092,-26.81808],[151.53596,-26.82044],[151.53952,-26.8197],[151.54384,-26.82393],[151.54554,-26.82761],[151.54845,-26.82951],[151.54826,-26.83283],[151.54938,-26.8356],[151.55578,-26.83973],[151.55848,-26.84608],[151.56244,-26.85162],[151.56798,-26.85327],[151.56773,-26.8581],[151.57124,-26.86068],[151.57217,-26.86971],[151.5773,-26.87987],[151.58222,-26.87929],[151.58658,-26.88123],[151.58721,-26.88379],[151.58926,-26.88553],[151.59257,-26.88465],[151.59905,-26.8855],[151.60041,-26.88837],[151.60384,-26.89107],[151.60685,-26.89156],[151.60794,-26.89297],[151.612,-26.89244],[151.61692,-26.89654],[151.61702,-26.89888],[151.6192,-26.89868],[151.62016,-26.9003],[151.62222,-26.9008],[151.63019,-26.89887],[151.63895,-26.90692],[151.64246,-26.90731],[151.64494,-26.91104],[151.64791,-26.91295],[151.64981,-26.91385],[151.65197,-26.9151],[151.65278,-26.91498],[151.65962,-26.91397],[151.66424,-26.91019],[151.66621,-26.91057],[151.66999,-26.91675],[151.67321,-26.91817],[151.67413,-26.92009],[151.67818,-26.92214],[151.68164,-26.92183],[151.6895,-26.92662],[151.69189,-26.93172],[151.69483,-26.93238],[151.70006,-26.9386],[151.70497,-26.93847],[151.71363,-26.94437],[151.72203,-26.94755],[151.72242,-26.9476],[151.724,-26.94779],[151.72509,-26.94793],[151.73235,-26.94428],[151.73784,-26.94701],[151.74561,-26.94553],[151.75264,-26.94779],[151.7587,-26.94737],[151.78151,-26.94029],[151.78578,-26.93796],[151.79288,-26.93062],[151.80184,-26.9352],[151.80864,-26.93092],[151.81184,-26.93203],[151.81896,-26.92843],[151.81911,-26.9282],[151.82455,-26.91995],[151.83371,-26.91301],[151.83377,-26.91292],[151.838,-26.90684],[151.84258,-26.9032],[151.84259,-26.90309],[151.84318,-26.89767],[151.88649,-26.87937],[151.88611,-26.8777],[151.88765,-26.87335],[151.89271,-26.86802],[151.89677,-26.86622],[151.89864,-26.8553],[151.89695,-26.85112],[151.89861,-26.84915],[151.89809,-26.84623],[151.90211,-26.8416],[151.90193,-26.83712],[151.90651,-26.83191],[151.90586,-26.83156],[151.91588,-26.82736],[151.91894,-26.82298],[151.92199,-26.8218],[151.92563,-26.81539],[151.92576,-26.81049],[151.93311,-26.80139],[151.97345,-26.80591],[151.97459,-26.79774],[151.97745,-26.79814],[151.97929,-26.78655],[151.98661,-26.78233],[151.98865,-26.78356],[151.9966,-26.78307],[151.99779,-26.77592],[152.0077,-26.76941],[152.01578,-26.77919],[152.01858,-26.77817],[152.02055,-26.77898],[152.02017,-26.78114],[152.03218,-26.78273],[152.03302,-26.77756],[152.03515,-26.77824],[152.03934,-26.77402],[152.04654,-26.77396],[152.04773,-26.76972],[152.05311,-26.7669],[152.05168,-26.77711],[152.06388,-26.77852],[152.06547,-26.78779],[152.06326,-26.79265],[152.06393,-26.79727],[152.05965,-26.79912],[152.06349,-26.8027],[152.0637,-26.8037],[152.06409,-26.80546],[152.06421,-26.80604],[152.06529,-26.80729],[152.06616,-26.80831],[152.06688,-26.80915],[152.07032,-26.80919],[152.07216,-26.81107],[152.07343,-26.81465],[152.07254,-26.81872],[152.07047,-26.8219],[152.0685,-26.81946],[152.06376,-26.82031],[152.06247,-26.82426],[152.05942,-26.82767],[152.05956,-26.82798],[152.06011,-26.82914],[152.06208,-26.83334],[152.06231,-26.83435],[152.06169,-26.83532],[152.05881,-26.83868],[152.05465,-26.84074],[152.05373,-26.8412],[152.05305,-26.84153],[152.04889,-26.84516],[152.04221,-26.84379],[152.04066,-26.84917],[152.03545,-26.84865],[152.03351,-26.85023],[152.03481,-26.85553],[152.03798,-26.85754],[152.04182,-26.85493],[152.04669,-26.85628],[152.0497,-26.8544],[152.05272,-26.85477],[152.05399,-26.85747],[152.05569,-26.85844],[152.07614,-26.86084],[152.06855,-26.86877],[152.06858,-26.87102],[152.06651,-26.87407],[152.06291,-26.87665],[152.06511,-26.88081],[152.06715,-26.88137],[152.06798,-26.88388],[152.06693,-26.88869],[152.06774,-26.89835],[152.06384,-26.90059],[152.06254,-26.90378],[152.05888,-26.9049],[152.05733,-26.90977],[152.05303,-26.9107],[152.05103,-26.91897],[152.05108,-26.91898],[152.05778,-26.92027],[152.06444,-26.92667],[152.07111,-26.92712],[152.07773,-26.92388],[152.07968,-26.92081],[152.08093,-26.92199],[152.08858,-26.91893],[152.08807,-26.91709],[152.09169,-26.91619],[152.09253,-26.91386],[152.10234,-26.91107],[152.10801,-26.90315],[152.11451,-26.90353],[152.11992,-26.90189],[152.1213,-26.89999],[152.12489,-26.90025],[152.13585,-26.90612],[152.13784,-26.90003],[152.13794,-26.89923],[152.14142,-26.88779],[152.14695,-26.87923],[152.15444,-26.87376],[152.15953,-26.87379],[152.16514,-26.87061],[152.16704,-26.86708],[152.17045,-26.86755],[152.1695,-26.87214],[152.17265,-26.87525],[152.18865,-26.87738],[152.18894,-26.87562],[152.18425,-26.87102],[152.18344,-26.86565],[152.18425,-26.85118],[152.18103,-26.84656],[152.18255,-26.83726],[152.18771,-26.83792],[152.19009,-26.8236],[152.17412,-26.82144],[152.17435,-26.81575],[152.17639,-26.80906],[152.17228,-26.80294],[152.17316,-26.80092],[152.17051,-26.79683],[152.17365,-26.79531],[152.17308,-26.79365],[152.17456,-26.79199],[152.17416,-26.78471],[152.17544,-26.78299],[152.17905,-26.78376],[152.17662,-26.77977],[152.17113,-26.77704],[152.16825,-26.77296],[152.16396,-26.77558],[152.16261,-26.77518],[152.15579,-26.76881],[152.156,-26.75996],[152.15833,-26.75696],[152.1555,-26.75332],[152.15666,-26.75101],[152.15905,-26.74984],[152.16034,-26.74721],[152.16215,-26.74618],[152.1639,-26.74211],[152.15075,-26.74053],[152.15264,-26.72801],[152.14725,-26.72842],[152.14226,-26.72714],[152.1402,-26.7282],[152.14042,-26.72997],[152.14589,-26.73418],[152.14541,-26.73679],[152.14398,-26.73821],[152.13753,-26.73912],[152.13288,-26.74121],[152.12969,-26.73425],[152.13407,-26.73186],[152.13405,-26.73047],[152.1296,-26.72767],[152.12808,-26.72296],[152.12376,-26.71732],[152.11923,-26.71421],[152.11361,-26.70695],[152.11242,-26.70617],[152.10233,-26.70957],[152.10383,-26.7089],[152.09913,-26.70558],[152.09978,-26.70434],[152.10135,-26.70502],[152.10099,-26.70328],[152.09109,-26.70062],[152.08491,-26.69716],[152.084,-26.69594],[152.08331,-26.69445],[152.08279,-26.68894],[152.07563,-26.685],[152.07577,-26.6785],[152.07367,-26.66674],[152.07376,-26.66622],[152.0745,-26.66456],[152.07887,-26.66167],[152.0818,-26.65765],[152.08691,-26.65529],[152.08991,-26.654],[152.09865,-26.65374],[152.10011,-26.65311],[152.10577,-26.65064],[152.10729,-26.64776],[152.11107,-26.64707],[152.11532,-26.64494],[152.1162,-26.64333],[152.11823,-26.64347],[152.11963,-26.6374],[152.12675,-26.63797],[152.12956,-26.64021],[152.13081,-26.63878],[152.12977,-26.63631],[152.13,-26.63167],[152.12831,-26.62712],[152.13586,-26.61432],[152.13252,-26.60508],[152.13011,-26.60244],[152.13043,-26.60047],[152.13784,-26.59658],[152.13965,-26.5942],[152.14178,-26.59514],[152.14317,-26.59278],[152.13771,-26.58819],[152.13725,-26.58278],[152.13178,-26.57905],[152.13088,-26.57501],[152.13253,-26.5703],[152.1358,-26.56637],[152.13577,-26.56081],[152.13267,-26.55688],[152.13198,-26.55011],[152.12995,-26.54849],[152.12989,-26.54515],[152.12836,-26.54227],[152.12832,-26.5385],[152.13045,-26.53703],[152.13034,-26.53544],[152.12633,-26.53158],[152.12698,-26.52817],[152.13014,-26.52716],[152.13169,-26.52195],[152.12742,-26.51861],[152.12772,-26.511],[152.12564,-26.50939],[152.12574,-26.50658],[152.12955,-26.50489],[152.13376,-26.50042],[152.13385,-26.49835],[152.13603,-26.49517],[152.13554,-26.49118],[152.13237,-26.48778],[152.13558,-26.48023],[152.13792,-26.47887],[152.141,-26.47884],[152.1495,-26.48287],[152.15142,-26.48051],[152.15383,-26.48038],[152.15533,-26.47503],[152.15733,-26.47528],[152.16023,-26.47781],[152.16255,-26.47481],[152.16635,-26.47467],[152.16858,-26.4775],[152.17168,-26.47814],[152.17421,-26.48168],[152.1792,-26.48479],[152.18168,-26.48446],[152.18442,-26.48603],[152.18949,-26.49209],[152.1948,-26.49558],[152.19747,-26.50021],[152.20502,-26.50751],[152.20658,-26.51109],[152.21357,-26.51305],[152.2153,-26.51223],[152.21809,-26.50626],[152.22123,-26.5039],[152.22863,-26.5081],[152.2309,-26.50718],[152.2326,-26.50409],[152.23176,-26.50043],[152.23271,-26.49745],[152.23208,-26.49526],[152.22927,-26.49267],[152.23506,-26.48881],[152.23776,-26.48943],[152.24134,-26.48771],[152.24387,-26.48794],[152.24558,-26.48558],[152.24964,-26.48439],[152.25182,-26.48535],[152.25325,-26.48444],[152.25619,-26.4785],[152.25926,-26.47648],[152.25974,-26.47139],[152.26221,-26.46887],[152.26796,-26.4689],[152.27304,-26.46428],[152.27381,-26.4535],[152.27669,-26.45408],[152.27863,-26.45266],[152.28545,-26.45289],[152.28909,-26.45665],[152.29418,-26.45875],[152.29754,-26.4627],[152.29745,-26.46498],[152.30063,-26.46441],[152.30459,-26.46606],[152.30526,-26.46681],[152.30449,-26.46882],[152.31136,-26.4724],[152.31551,-26.48078],[152.31775,-26.48055],[152.31964,-26.47699],[152.32334,-26.47683],[152.32557,-26.47518],[152.33038,-26.47527],[152.33446,-26.47276],[152.33925,-26.47159],[152.34066,-26.46925],[152.34401,-26.46791],[152.3501,-26.4693],[152.35116,-26.4677],[152.3561,-26.46518],[152.36062,-26.46626],[152.3644,-26.46314],[152.37244,-26.46295],[152.37312,-26.46825],[152.37657,-26.47008],[152.37705,-26.47224],[152.38679,-26.47218],[152.39038,-26.47594],[152.39274,-26.47372],[152.39937,-26.4708],[152.40322,-26.47388],[152.40772,-26.47108],[152.40814,-26.46852],[152.41257,-26.4642],[152.42124,-26.46718],[152.4251,-26.46416],[152.43018,-26.46372],[152.43167,-26.46452],[152.4352,-26.46283],[152.43678,-26.45975],[152.44343,-26.45986],[152.43934,-26.48581],[152.44557,-26.48661],[152.44562,-26.48494],[152.44823,-26.484],[152.44494,-26.50469],[152.44166,-26.50698],[152.43896,-26.51134],[152.43967,-26.51727],[152.43894,-26.5199],[152.43699,-26.52037],[152.43548,-26.5238],[152.43585,-26.53744],[152.43663,-26.5385],[152.4382,-26.5384],[152.43873,-26.53513],[152.44314,-26.53279],[152.44261,-26.53037],[152.44347,-26.52773],[152.44959,-26.53077],[152.44846,-26.53779],[152.44693,-26.53805],[152.44516,-26.54407],[152.44084,-26.54589],[152.44353,-26.54624],[152.44285,-26.55053],[152.44127,-26.55262],[152.44134,-26.55603],[152.4402,-26.55692],[152.45083,-26.55841],[152.44904,-26.56978],[152.45854,-26.57099],[152.45695,-26.58093],[152.51993,-26.58848],[152.52236,-26.58646],[152.51518,-26.57767],[152.51154,-26.56748],[152.55409,-26.57251],[152.56041,-26.58184],[152.56497,-26.58369],[152.56946,-26.58247],[152.57522,-26.58393],[152.57535,-26.58396],[152.5752,-26.58401],[152.57651,-26.59225],[152.57501,-26.593],[152.57401,-26.59547],[152.58414,-26.59669],[152.58137,-26.60052],[152.58537,-26.61204],[152.58394,-26.61356],[152.58778,-26.61399],[152.5832,-26.64538],[152.57146,-26.65797],[152.57228,-26.65926],[152.5522,-26.68085],[152.55372,-26.68185],[152.55627,-26.68069],[152.5556,-26.68742],[152.55804,-26.68975],[152.55457,-26.6954],[152.55171,-26.69704],[152.55131,-26.70704],[152.55365,-26.70591],[152.55476,-26.70751],[152.55707,-26.70505],[152.55787,-26.7069],[152.56124,-26.70782],[152.56508,-26.70722],[152.57616,-26.71311],[152.57727,-26.71599],[152.57936,-26.7162],[152.58202,-26.72024],[152.58044,-26.72303],[152.58124,-26.72584],[152.58297,-26.72713],[152.58326,-26.73084],[152.58682,-26.73346],[152.58229,-26.73581],[152.58331,-26.74043],[152.59082,-26.74721],[152.5979,-26.74918],[152.6001,-26.7518],[152.60246,-26.75788],[152.60887,-26.75805],[152.60957,-26.75941],[152.61096,-26.75858],[152.61724,-26.75948],[152.62135,-26.7629],[152.62688,-26.76237],[152.63249,-26.76439],[152.63535,-26.7622],[152.63908,-26.76178],[152.6423,-26.76451],[152.64122,-26.76751],[152.64351,-26.77041],[152.64433,-26.77375],[152.65109,-26.7714],[152.65426,-26.7682],[152.66146,-26.76914],[152.66731,-26.773],[152.66846,-26.78204],[152.66772,-26.78471],[152.6689,-26.78975],[152.6716,-26.79121],[152.67232,-26.79397],[152.67402,-26.79489],[152.67662,-26.79587],[152.67895,-26.79675],[152.67962,-26.79995],[152.69879,-26.80298],[152.69812,-26.80555],[152.69552,-26.80792],[152.69645,-26.80913],[152.70944,-26.81111],[152.72099,-26.80856],[152.72223,-26.80682],[152.72663,-26.81147],[152.72638,-26.81419],[152.72747,-26.81605],[152.72907,-26.81663],[152.73296,-26.81496],[152.73516,-26.81125],[152.73362,-26.8073],[152.73917,-26.80803],[152.73988,-26.8098],[152.74212,-26.81016],[152.74678,-26.81512],[152.74761,-26.81548],[152.74948,-26.8163],[152.75307,-26.79735],[152.75918,-26.80305],[152.7611,-26.79236],[152.76692,-26.79332],[152.77103,-26.79595],[152.77646,-26.79554],[152.77949,-26.79713],[152.77713,-26.80956],[152.78081,-26.81004],[152.78437,-26.81246],[152.78937,-26.80963],[152.78861,-26.81297],[152.79003,-26.81323],[152.7885,-26.81806],[152.78647,-26.82036],[152.78673,-26.82226],[152.79127,-26.82516],[152.79209,-26.82709],[152.80101,-26.82632],[152.8049,-26.82417],[152.80702,-26.82516],[152.80669,-26.82696],[152.80795,-26.82782],[152.81247,-26.82815],[152.81264,-26.83103],[152.81809,-26.83634],[152.81814,-26.84021],[152.81988,-26.84376],[152.82447,-26.84938],[152.82904,-26.85022],[152.83185,-26.85328],[152.83206,-26.85643],[152.83858,-26.85503],[152.84394,-26.85759],[152.84804,-26.85816],[152.84856,-26.85513],[152.85404,-26.85587],[152.85319,-26.85622],[152.8517,-26.8652],[152.85833,-26.86608],[152.85747,-26.87123],[152.86948,-26.87288],[152.86678,-26.88892],[152.85549,-26.88738],[152.85427,-26.89457],[152.85652,-26.89488],[152.85533,-26.9019],[152.86118,-26.90275],[152.85946,-26.9113],[152.87545,-26.91352],[152.87264,-26.93033],[152.86828,-26.93362],[152.86791,-26.93578],[152.86364,-26.93489],[152.86073,-26.936],[152.85806,-26.95621],[152.874,-26.95832],[152.88551,-26.95595],[152.89116,-26.96075],[152.89843,-26.95803],[152.90372,-26.9539],[152.91726,-26.95471],[152.91973,-26.95551],[152.9215,-26.96064],[152.92351,-26.96009],[152.92724,-26.96218],[152.93504,-26.96312],[152.93737,-26.96437],[152.9386,-26.96385],[152.94589,-26.96657],[152.95195,-26.96617],[152.95318,-26.96837],[152.96253,-26.97296],[152.96663,-26.97881],[152.97501,-26.97438],[152.97813,-26.98026],[152.97409,-26.98236],[152.97559,-26.98468],[152.98042,-26.98188],[152.98513,-26.98473],[152.98842,-26.98313],[152.99166,-26.98453],[153.00296,-26.98479],[153.01159,-26.97899],[153.01685,-26.97907],[153.01794,-26.97838],[153.01739,-26.97715],[153.01907,-26.97626],[153.0178,-26.97505],[153.01752,-26.97247],[153.01845,-26.96636],[153.04276,-26.96946],[153.04962,-26.97505],[153.05274,-26.97515],[153.05523,-26.98059],[153.06009,-26.97997],[153.06634,-26.98371],[153.07784,-26.97583],[153.07986,-26.96968],[153.07931,-26.96036],[153.08332,-26.95841],[153.08675,-26.95467],[153.08703,-26.95188],[153.14695,-26.93733],[153.13176,-26.88079],[153.12863,-26.84536],[153.12928,-26.83708],[153.13358,-26.81474],[153.13181,-26.80961],[153.13292,-26.80779],[153.13465,-26.81027],[153.14274,-26.80273],[153.14324,-26.80347],[153.1452,-26.80237],[153.14999,-26.8028],[153.15079,-26.80175],[153.14846,-26.79715],[153.14851,-26.79133],[153.1408,-26.78839],[153.14132,-26.78561],[153.13854,-26.78219],[153.13836,-26.77849],[153.13657,-26.77394],[153.13606,-26.76398],[153.13732,-26.75922],[153.13445,-26.72999],[153.13665,-26.6876],[153.13745,-26.68211],[153.13898,-26.67958],[153.13558,-26.67958],[153.13461,-26.68047],[153.13234,-26.67845],[153.13195,-26.68014],[153.13385,-26.68168],[153.13033,-26.68372],[153.12332,-26.68199],[153.11275,-26.67258],[153.10901,-26.67071],[153.10534,-26.66192],[153.10361,-26.64764],[153.10145,-26.64046],[153.10204,-26.61642],[153.09872,-26.60566],[153.09757,-26.59612],[153.09851,-26.56949],[153.10059,-26.55409],[153.10263,-26.54674],[153.09652,-26.53959],[153.09606,-26.53584],[153.09275,-26.53205],[153.09322,-26.51926],[153.0919,-26.51782],[153.09356,-26.51752],[153.09422,-26.50685],[153.10253,-26.45051],[153.11405,-26.39962],[153.11532,-26.39588],[153.11727,-26.39604],[153.11704,-26.39245],[153.11906,-26.39278],[153.11862,-26.39189],[153.11994,-26.39075],[153.11548,-26.38934],[153.11561,-26.38274],[153.11659,-26.38027],[153.11913,-26.38018],[153.11975,-26.3792],[153.11603,-26.37643],[153.11201,-26.37928],[153.10773,-26.37715],[153.10575,-26.37965],[153.101,-26.37946],[153.09288,-26.3865],[153.08863,-26.38532],[153.08683,-26.38363],[153.08515,-26.38413],[153.08042,-26.38126],[153.07371,-26.37196],[153.06812,-26.36085],[153.06368,-26.3464],[153.06169,-26.331],[153.06228,-26.30043],[153.06729,-26.26892],[153.07919,-26.21555],[153.09653,-26.15477],[153.11389,-26.10232],[153.14179,-26.0295],[153.17964,-25.95011],[153.18719,-25.93658],[153.19133,-25.93643],[153.1915,-25.9325],[153.18674,-25.92697],[153.18281,-25.92799],[153.17518,-25.9456],[153.17581,-25.94658],[153.16937,-25.94966],[153.15931,-25.95024],[153.14821,-25.94853],[153.13817,-25.94508],[153.12852,-25.94007],[153.11706,-25.93145],[153.10683,-25.9206],[153.0906,-25.89871],[153.0871,-25.89215],[153.08148,-25.87661],[153.07641,-25.853],[153.07261,-25.81688],[153.06971,-25.81138],[153.0753,-25.80221],[153.07602,-25.79434],[153.08124,-25.78608],[153.088,-25.76216],[153.08761,-25.74949],[153.08177,-25.72836],[153.07849,-25.71],[153.07702,-25.68645],[153.07767,-25.67353],[153.08156,-25.65008],[153.08922,-25.61689],[153.09879,-25.58485],[153.09982,-25.58412],[153.1118,-25.55003],[153.14252,-25.47487],[153.19164,-25.36314],[153.22183,-25.29984],[153.22227,-25.29622],[153.22397,-25.29529],[153.22895,-25.28562],[153.25781,-25.22469],[153.26775,-25.20578],[153.30026,-25.13478],[153.30159,-25.13],[153.30437,-25.12603],[153.32299,-25.08521],[153.35136,-25.03016],[153.35579,-25.01862],[153.35799,-25.00864],[153.36034,-25.00581],[153.35702,-25.00641],[153.35483,-25.00478],[153.35179,-24.99644],[153.35096,-24.99131],[153.3522,-24.98947],[153.35037,-24.98696],[153.35132,-24.9816],[153.35,-24.98062],[153.35063,-24.96832],[153.35193,-24.96752],[153.3501,-24.96404],[153.35062,-24.96339],[153.34968,-24.96246],[153.34914,-24.96465],[153.34672,-24.96562],[153.34286,-24.96516],[153.34189,-24.96626],[153.33464,-24.96593],[153.32513,-24.96391],[153.31629,-24.95916],[153.29897,-24.94507],[153.29133,-24.93655],[153.2847,-24.92574],[153.27941,-24.91536],[153.27437,-24.90127],[153.27173,-24.89754],[153.2679,-24.88622],[153.26458,-24.87259],[153.26127,-24.85142],[153.25966,-24.81896],[153.26186,-24.77073],[153.26693,-24.71478],[153.2671,-24.70527],[153.26597,-24.70083],[153.26338,-24.69998],[153.26481,-24.7003],[153.2628,-24.68047],[153.22556,-24.516]]],[[[152.84695,-26.88747],[152.84621,-26.89184],[152.85312,-26.89264],[152.85131,-26.88934],[152.85332,-26.88622],[152.8517,-26.88559],[152.84997,-26.88725],[152.84695,-26.88747]]],[[[153.11279,-26.61406],[153.11508,-26.61567],[153.11635,-26.61495],[153.1139,-26.61363],[153.11279,-26.61406]]]]},"properties":{"Police Region Name":"North Coast Region","Police Region Code":"NCR","Police Region Short Name":"North Coast","DDMG Count":4,"DDMG Names":"Bundaberg, Gympie, Maryborough, Sunshine Coast","Note":"Disaster Management Region: the reporting grouping of disaster districts used by the consuming reports. Not the QPS operational region boundary - see qld_qps_regions_gda94_simp10."},"id":"NCR"},{"type":"Feature","geometry":{"type":"MultiPolygon","coordinates":[[[[141.48599,-15.49949],[141.48476,-15.49918],[141.47963,-15.5053],[141.47304,-15.52167],[141.4562,-15.58208],[141.44124,-15.64501],[141.43621,-15.66121],[141.43054,-15.69523],[141.42524,-15.71978],[141.41986,-15.79316],[141.41597,-15.83136],[141.41261,-15.85528],[141.40852,-15.8715],[141.40117,-15.88951],[141.39464,-15.9013],[141.39465,-15.90382],[141.39061,-15.91228],[141.38427,-15.91541],[141.37919,-15.91965],[141.37995,-15.92568],[141.38766,-15.94545],[141.39337,-15.96413],[141.39451,-15.96275],[141.39424,-15.96935],[141.41055,-16.02446],[141.41624,-16.03504],[141.41937,-16.04393],[141.43056,-16.06179],[141.43294,-16.07272],[141.43059,-16.08345],[141.42372,-16.09974],[141.4096,-16.12716],[141.40055,-16.14335],[141.39062,-16.15704],[141.35405,-16.21343],[141.3481,-16.22608],[141.34586,-16.23568],[141.34623,-16.23984],[141.34786,-16.24108],[141.34977,-16.24088],[141.34847,-16.24291],[141.3425,-16.27555],[141.33682,-16.28926],[141.33655,-16.29315],[141.32658,-16.3242],[141.32674,-16.32779],[141.32112,-16.34563],[141.31837,-16.35237],[141.30089,-16.38314],[141.29951,-16.39345],[141.29129,-16.39916],[141.2882,-16.40818],[141.28798,-16.42163],[141.29105,-16.42746],[141.30004,-16.43725],[141.30567,-16.44916],[141.30685,-16.45452],[141.30775,-16.46509],[141.30703,-16.47355],[141.30441,-16.48427],[141.29305,-16.5046],[141.27457,-16.54333],[141.27427,-16.55277],[141.26993,-16.56029],[141.26848,-16.56037],[141.26761,-16.55918],[141.26786,-16.55524],[141.26587,-16.55341],[141.2599,-16.55274],[141.25356,-16.55522],[141.24721,-16.5647],[141.24386,-16.57242],[141.24386,-16.57529],[141.23847,-16.58037],[141.23577,-16.58688],[141.23457,-16.59808],[141.22704,-16.62517],[141.22329,-16.65213],[141.21795,-16.66671],[141.20421,-16.69209],[141.20033,-16.69542],[141.1811,-16.72454],[141.17338,-16.73386],[141.15394,-16.75554],[141.1372,-16.77217],[141.11068,-16.79395],[141.09645,-16.80013],[141.09297,-16.79964],[141.09343,-16.79685],[141.09127,-16.79578],[141.09008,-16.79887],[141.09058,-16.80282],[141.09722,-16.80253],[141.0967,-16.80782],[141.09134,-16.80878],[141.08479,-16.80593],[141.08231,-16.80703],[141.07798,-16.81965],[141.0767,-16.84179],[141.07373,-16.85133],[141.06842,-16.86305],[141.05269,-16.88821],[141.04244,-16.90292],[141.01988,-16.93039],[141.00087,-16.94982],[140.98418,-16.96315],[140.97415,-16.9731],[140.96432,-16.99123],[140.95888,-16.99849],[140.95104,-17.01979],[140.94652,-17.0393],[140.94677,-17.04613],[140.94796,-17.04851],[140.94957,-17.04854],[140.95148,-17.05067],[140.95113,-17.05732],[140.9433,-17.06223],[140.94278,-17.06017],[140.94121,-17.05944],[140.93851,-17.05839],[140.9351,-17.05862],[140.92994,-17.06401],[140.93216,-17.0644],[140.93619,-17.06079],[140.94272,-17.0626],[140.95113,-17.05733],[140.95004,-17.06284],[140.9537,-17.07447],[140.95497,-17.08279],[140.95462,-17.08844],[140.95596,-17.09042],[140.95299,-17.09736],[140.95283,-17.09997],[140.95538,-17.10065],[140.95531,-17.10487],[140.94892,-17.14477],[140.95022,-17.15182],[140.94824,-17.15563],[140.94718,-17.15556],[140.93938,-17.1745],[140.93945,-17.18659],[140.93165,-17.1902],[140.92423,-17.20122],[140.92316,-17.20435],[140.92359,-17.20769],[140.92555,-17.20997],[140.92356,-17.21521],[140.91378,-17.23226],[140.9115,-17.24414],[140.91199,-17.24867],[140.91038,-17.25046],[140.90963,-17.25547],[140.91062,-17.26047],[140.90855,-17.27402],[140.90713,-17.27527],[140.90774,-17.27803],[140.90511,-17.27981],[140.90468,-17.28635],[140.90673,-17.28676],[140.90695,-17.28867],[140.90503,-17.29139],[140.90478,-17.29764],[140.90279,-17.2973],[140.90166,-17.30159],[140.9001,-17.30152],[140.89952,-17.32357],[140.89369,-17.34305],[140.89348,-17.34945],[140.88946,-17.36019],[140.88833,-17.3653],[140.8891,-17.36612],[140.88413,-17.37485],[140.88363,-17.3818],[140.87488,-17.39266],[140.87268,-17.39374],[140.86942,-17.39776],[140.85163,-17.42314],[140.8462,-17.43694],[140.83454,-17.44817],[140.82735,-17.45802],[140.81422,-17.46458],[140.80943,-17.46493],[140.79018,-17.47292],[140.77008,-17.47804],[140.76811,-17.47999],[140.77008,-17.48195],[140.75943,-17.48769],[140.74418,-17.50177],[140.73873,-17.5155],[140.73724,-17.51458],[140.73328,-17.51616],[140.73108,-17.51573],[140.72922,-17.51337],[140.72354,-17.51366],[140.71331,-17.50924],[140.71086,-17.50964],[140.70391,-17.51682],[140.69261,-17.51975],[140.68501,-17.52526],[140.67986,-17.52722],[140.67758,-17.53193],[140.66436,-17.54249],[140.65615,-17.5526],[140.64112,-17.56603],[140.61897,-17.58107],[140.60825,-17.5871],[140.60322,-17.59112],[140.59807,-17.59243],[140.58969,-17.5984],[140.58352,-17.59834],[140.57227,-17.60218],[140.56604,-17.6027],[140.55975,-17.60573],[140.54466,-17.61916],[140.52549,-17.63006],[140.48746,-17.64242],[140.47925,-17.64379],[140.46104,-17.64579],[140.45788,-17.6452],[140.45668,-17.64279],[140.45417,-17.64152],[140.45178,-17.64215],[140.44626,-17.64605],[140.43446,-17.64982],[140.42643,-17.65705],[140.38843,-17.67508],[140.36645,-17.68004],[140.35065,-17.68547],[140.32981,-17.68794],[140.31113,-17.68884],[140.28584,-17.69388],[140.28343,-17.69566],[140.27748,-17.69508],[140.26846,-17.69619],[140.26277,-17.6985],[140.25788,-17.69719],[140.2489,-17.69815],[140.22882,-17.70288],[140.21667,-17.70775],[140.21006,-17.70353],[140.20458,-17.70307],[140.18924,-17.70592],[140.18313,-17.70819],[140.17373,-17.70865],[140.16178,-17.71164],[140.15966,-17.71373],[140.15496,-17.712],[140.14212,-17.71412],[140.12375,-17.71894],[140.08993,-17.72319],[140.03046,-17.72134],[140.0068,-17.71625],[139.99261,-17.71187],[139.97283,-17.69975],[139.96378,-17.6925],[139.95765,-17.68706],[139.94468,-17.67237],[139.93814,-17.65902],[139.93764,-17.65389],[139.93855,-17.64799],[139.93496,-17.64563],[139.94434,-17.64089],[139.94528,-17.63928],[139.93912,-17.63228],[139.92085,-17.62253],[139.88172,-17.61105],[139.84754,-17.5962],[139.84367,-17.59584],[139.84194,-17.60059],[139.84173,-17.60156],[139.84383,-17.60171],[139.84536,-17.60517],[139.83375,-17.6054],[139.83317,-17.60158],[139.8341,-17.59669],[139.83924,-17.59219],[139.83965,-17.58957],[139.83456,-17.5836],[139.83248,-17.58405],[139.82804,-17.57806],[139.82639,-17.57352],[139.82043,-17.56944],[139.81055,-17.5732],[139.80872,-17.57591],[139.80741,-17.57361],[139.80362,-17.57194],[139.80144,-17.57243],[139.79596,-17.57907],[139.79161,-17.57978],[139.78507,-17.57508],[139.77495,-17.57388],[139.75855,-17.57624],[139.75622,-17.57808],[139.75213,-17.57743],[139.75404,-17.57137],[139.75218,-17.56714],[139.75023,-17.567],[139.74776,-17.56963],[139.74565,-17.5684],[139.74283,-17.57055],[139.74181,-17.56753],[139.73828,-17.56402],[139.7346,-17.5627],[139.731,-17.55736],[139.72865,-17.55718],[139.72449,-17.55383],[139.72293,-17.55621],[139.72124,-17.5575],[139.72336,-17.55519],[139.71829,-17.55284],[139.71565,-17.55354],[139.71399,-17.55548],[139.7146,-17.55739],[139.7102,-17.55525],[139.70958,-17.55899],[139.70584,-17.55889],[139.70782,-17.55515],[139.70836,-17.55173],[139.70735,-17.55051],[139.70344,-17.55007],[139.70198,-17.55202],[139.70123,-17.55014],[139.69783,-17.55069],[139.69614,-17.54937],[139.67808,-17.54559],[139.6712,-17.54578],[139.6546,-17.54038],[139.64623,-17.53959],[139.6385,-17.53381],[139.63357,-17.52858],[139.61817,-17.52213],[139.61477,-17.51951],[139.61125,-17.51575],[139.60846,-17.51041],[139.60693,-17.51034],[139.60645,-17.51187],[139.60321,-17.51128],[139.60364,-17.50734],[139.59876,-17.50314],[139.59576,-17.49747],[139.59293,-17.48828],[139.58828,-17.48327],[139.58028,-17.47948],[139.57497,-17.48069],[139.57172,-17.47741],[139.56604,-17.47808],[139.56342,-17.47462],[139.55292,-17.47199],[139.54453,-17.46759],[139.54152,-17.46722],[139.54009,-17.46467],[139.54421,-17.46285],[139.55128,-17.4626],[139.55191,-17.46151],[139.5397,-17.448],[139.53168,-17.44057],[139.51046,-17.43044],[139.50719,-17.42995],[139.50624,-17.42777],[139.49567,-17.41702],[139.47418,-17.40244],[139.46362,-17.39822],[139.4495,-17.39507],[139.44169,-17.38886],[139.41295,-17.37424],[139.38794,-17.37348],[139.3687,-17.37551],[139.34185,-17.37515],[139.3406,-17.37549],[139.33933,-17.37787],[139.33768,-17.37412],[139.3246,-17.3681],[139.30996,-17.36389],[139.30481,-17.36631],[139.30572,-17.36301],[139.30324,-17.36087],[139.29208,-17.35458],[139.28476,-17.3529],[139.28127,-17.34864],[139.23734,-17.32266],[139.22086,-17.307],[139.21918,-17.30388],[139.21661,-17.30404],[139.20876,-17.2901],[139.20387,-17.28503],[139.20144,-17.27187],[139.19912,-17.26582],[139.18791,-17.24619],[139.18254,-17.23209],[139.17666,-17.22172],[139.173,-17.2174],[139.17378,-17.21549],[139.16914,-17.20413],[139.16706,-17.20301],[139.16636,-17.19671],[139.15993,-17.18415],[139.1597,-17.17922],[139.15581,-17.17077],[139.15095,-17.13389],[139.14859,-17.12808],[139.14557,-17.12834],[139.14816,-17.12631],[139.14863,-17.12413],[139.147,-17.11755],[139.14605,-17.11704],[139.14538,-17.1111],[139.14362,-17.11102],[139.14416,-17.10763],[139.13959,-17.08789],[139.14014,-17.0766],[139.1436,-17.06046],[139.14617,-17.05265],[139.15244,-17.04218],[139.15622,-17.03006],[139.14963,-17.02596],[139.11531,-17.01681],[139.09763,-17.00741],[139.09213,-17.00687],[139.09067,-17.00555],[139.0902,-17.0036],[139.08272,-16.99602],[139.07663,-16.98701],[139.0737,-16.98068],[139.0768,-16.97924],[139.0728,-16.97725],[139.06955,-16.97282],[139.06198,-16.96848],[139.05931,-16.9654],[139.04729,-16.95809],[139.0386,-16.94791],[139.03417,-16.93772],[139.03337,-16.9305],[139.03116,-16.92851],[139.03504,-16.92189],[139.03852,-16.91945],[139.03938,-16.915],[139.03782,-16.9133],[139.02749,-16.9101],[139.00912,-16.89854],[139.00486,-16.89709],[139.0017,-16.89672],[138.99966,-16.90188],[138.99276,-16.89511],[138.9836,-16.89271],[138.98169,-16.8901],[138.9779,-16.89158],[138.97564,-16.88945],[138.94274,-16.88689],[138.92922,-16.88392],[138.90973,-16.87769],[138.89399,-16.87901],[138.88185,-16.87815],[138.84705,-16.86999],[138.83828,-16.86634],[138.83299,-16.86168],[138.8292,-16.86052],[138.82868,-16.85797],[138.82267,-16.85356],[138.78675,-16.84469],[138.77387,-16.8402],[138.76007,-16.83353],[138.75765,-16.83313],[138.75714,-16.83424],[138.75276,-16.82767],[138.751,-16.82669],[138.73648,-16.82096],[138.7312,-16.82043],[138.73062,-16.81873],[138.72799,-16.81689],[138.70029,-16.80847],[138.68125,-16.80094],[138.67014,-16.79529],[138.66431,-16.79104],[138.6531,-16.7775],[138.6484,-16.77526],[138.63384,-16.77212],[138.63108,-16.7694],[138.6291,-16.76914],[138.62623,-16.77134],[138.61909,-16.77219],[138.61632,-16.77373],[138.60933,-16.77402],[138.60754,-16.77507],[138.60079,-16.77476],[138.58369,-16.77809],[138.58078,-16.77963],[138.57415,-16.77793],[138.54038,-16.78027],[138.53907,-16.78086],[138.53719,-16.78459],[138.53071,-16.78252],[138.51048,-16.78204],[138.49108,-16.77986],[138.48654,-16.78083],[138.48563,-16.78411],[138.48119,-16.7848],[138.46642,-16.77905],[138.45892,-16.77816],[138.4536,-16.77291],[138.45021,-16.77228],[138.43608,-16.7727],[138.43057,-16.77464],[138.42516,-16.77466],[138.41313,-16.76829],[138.40135,-16.75912],[138.39603,-16.75619],[138.36333,-16.74167],[138.34887,-16.74081],[138.34611,-16.74157],[138.34294,-16.74107],[138.33875,-16.73804],[138.33693,-16.74045],[138.33345,-16.74011],[138.33279,-16.73754],[138.33009,-16.73713],[138.32885,-16.73845],[138.33052,-16.74062],[138.32994,-16.74472],[138.3242,-16.74688],[138.31796,-16.74734],[138.31448,-16.74377],[138.29708,-16.73867],[138.29051,-16.73532],[138.27143,-16.72001],[138.23936,-16.71257],[138.21479,-16.70523],[138.188,-16.69417],[138.16978,-16.684],[138.1621,-16.67839],[138.16071,-16.6779],[138.15796,-16.68119],[138.1561,-16.67997],[138.15552,-16.67534],[138.157,-16.67365],[138.15638,-16.67198],[138.15286,-16.66938],[138.13847,-16.66269],[138.12129,-16.65155],[138.1192,-16.65053],[138.11557,-16.65183],[138.11462,-16.65078],[138.11497,-16.64845],[138.11312,-16.64614],[138.08561,-16.62031],[138.08114,-16.62045],[138.08003,-16.61877],[138.08126,-16.61563],[138.07899,-16.61289],[138.06253,-16.60082],[138.06064,-16.60126],[138.05047,-16.58325],[138.04406,-16.57615],[138.03904,-16.57302],[138.0293,-16.56955],[138.02835,-16.5684],[138.02899,-16.56519],[138.02517,-16.5615],[138.01724,-16.5551],[138.00417,-16.54754],[137.99465,-16.53869],[137.99881,-23.97585],[137.99905,-25.99686],[140.90956,-25.9964],[140.9377,-25.71601],[140.92091,-25.71461],[140.92275,-25.68049],[140.89691,-25.67889],[140.91147,-25.52465],[140.88104,-25.46756],[140.87546,-25.47046],[140.87474,-25.4732],[140.86749,-25.47601],[140.86296,-25.48165],[140.84456,-25.48814],[140.8376,-25.49382],[140.83718,-25.4948],[140.83887,-25.49819],[140.82781,-25.52187],[140.82534,-25.52495],[140.77496,-25.47428],[140.67788,-25.46662],[140.70118,-25.20999],[140.71479,-25.21377],[140.85705,-25.22611],[140.87896,-24.9926],[140.80236,-24.9862],[140.81099,-24.84074],[140.87215,-24.84505],[140.88313,-24.69825],[140.83673,-24.6946],[140.83871,-24.6689],[140.96164,-24.67353],[141.08449,-24.67418],[141.24248,-24.686],[141.23889,-24.72515],[141.36107,-24.62911],[141.37551,-24.48295],[141.43008,-24.48352],[141.518,-24.57764],[141.5233,-24.57928],[141.52307,-24.58364],[141.73105,-24.63672],[141.73447,-24.63355],[141.74608,-24.63102],[141.75623,-24.63273],[141.76006,-24.63205],[141.76307,-24.63321],[141.77004,-24.62957],[141.77332,-24.62506],[141.77659,-24.62381],[141.78129,-24.624],[141.79033,-24.6218],[141.79427,-24.62302],[141.79692,-24.62097],[141.81336,-24.61846],[141.82254,-24.61219],[141.82947,-24.60373],[141.83292,-24.60265],[141.8367,-24.59899],[141.83958,-24.59837],[141.84299,-24.59432],[141.85643,-24.58697],[141.85819,-24.58531],[141.86236,-24.57679],[141.86783,-24.57308],[141.87148,-24.56833],[141.87313,-24.56404],[141.87866,-24.55999],[141.90136,-24.55605],[141.9074,-24.5512],[141.90828,-24.54937],[141.92403,-24.54168],[141.92793,-24.53819],[141.9305,-24.53751],[141.93626,-24.53845],[141.94836,-24.53636],[141.95595,-24.53415],[141.96261,-24.53022],[141.96474,-24.5281],[141.96708,-24.52283],[141.9705,-24.51995],[141.86355,-24.40314],[141.93001,-24.35265],[141.92211,-24.34327],[141.96473,-24.31085],[141.8058,-24.1548],[141.91925,-24.05737],[142.02381,-24.16766],[142.0527,-24.1334],[142.10045,-24.0952],[142.14502,-23.70082],[141.98921,-23.69238],[141.98785,-23.70632],[141.82876,-23.69179],[141.68035,-23.6909],[141.6794,-23.70551],[141.531,-23.68945],[141.45581,-23.60482],[141.38816,-23.53338],[141.3926,-23.52995],[141.38414,-23.5264],[141.37703,-23.52758],[141.30598,-23.45146],[141.3003,-23.44734],[141.29674,-23.44157],[141.26129,-23.4043],[141.24137,-23.38543],[141.15508,-23.29083],[141.04715,-23.37501],[141.03377,-23.38415],[141.03141,-23.38378],[141.00193,-23.3529],[140.9998,-23.35197],[140.99917,-23.35005],[140.82937,-23.17019],[140.82219,-23.16155],[140.947,-23.06777],[140.92457,-23.04444],[140.97916,-22.99981],[141.04636,-22.94765],[141.02273,-22.92334],[140.988,-22.91223],[140.98856,-22.90771],[140.9912,-22.90652],[140.98925,-22.90449],[140.98985,-22.89998],[140.98558,-22.89774],[140.98506,-22.89627],[140.98612,-22.89434],[140.98767,-22.89412],[140.9878,-22.89648],[140.99844,-22.89761],[140.99907,-22.89841],[141.12226,-22.80449],[141.11446,-22.77451],[141.12037,-22.75224],[141.12286,-22.7492],[141.11725,-22.70269],[141.10278,-22.69007],[141.09492,-22.64193],[141.09192,-22.63725],[141.08964,-22.62817],[141.09085,-22.61823],[141.13389,-22.62126],[141.14563,-22.63336],[141.19892,-22.59756],[141.07972,-22.46565],[141.24573,-22.33539],[141.25369,-22.32158],[141.22851,-22.29793],[141.1827,-22.24942],[141.19863,-22.05517],[141.29434,-22.06189],[141.29371,-22.05401],[141.29022,-22.04508],[141.29123,-22.04234],[141.29138,-22.0324],[141.29274,-22.03092],[141.2886,-22.0263],[141.29084,-22.0239],[141.2842,-22.00998],[141.28454,-21.98884],[141.28838,-21.98391],[141.29025,-21.97802],[141.30967,-21.93967],[141.48325,-21.94717],[141.50805,-21.75206],[141.58256,-21.75813],[141.57919,-21.79429],[141.73892,-21.8072],[141.74038,-21.79137],[142.04826,-21.8158],[142.06613,-21.69767],[142.06915,-21.61039],[142.06451,-21.60838],[142.06473,-21.60429],[142.06935,-21.60472],[142.07202,-21.54073],[142.16343,-21.54317],[142.23189,-21.55087],[142.22822,-21.5963],[142.33543,-21.60713],[142.33256,-21.63632],[142.49122,-21.64418],[142.49559,-21.598],[142.65663,-21.61041],[142.65155,-21.66772],[142.71847,-21.61495],[142.69396,-21.58786],[142.81545,-21.49265],[142.86209,-21.54506],[142.94247,-21.48178],[142.95317,-21.49372],[142.99838,-21.45575],[143.00204,-21.45744],[143.00702,-21.45361],[143.00758,-21.4485],[143.18803,-21.30866],[143.23645,-21.313],[143.23664,-21.31119],[143.35953,-21.32201],[143.32877,-21.61186],[143.35772,-21.61417],[143.35803,-21.61603],[143.44827,-21.62462],[143.44997,-21.62296],[143.64926,-21.64118],[143.63084,-21.79742],[143.64704,-21.7991],[143.65148,-21.79849],[143.65377,-21.79979],[143.78183,-21.81408],[143.78207,-21.81112],[143.92945,-21.81998],[143.93423,-21.82211],[144.04462,-21.8303],[144.03885,-21.89471],[144.05743,-21.89834],[144.09245,-21.89896],[144.11173,-21.90185],[144.11141,-21.90633],[144.1843,-21.91332],[144.18658,-21.90807],[144.18849,-21.90841],[144.18797,-21.91383],[144.18598,-21.91375],[144.18033,-21.98956],[144.26343,-21.99739],[144.27007,-22.03261],[144.26849,-22.04787],[144.41721,-22.06172],[144.41387,-22.09836],[144.40281,-22.1133],[144.39778,-22.15705],[144.50178,-22.16514],[144.50051,-22.18566],[144.63741,-22.19547],[144.71722,-22.2038],[144.72353,-22.20211],[144.73978,-22.21173],[144.75232,-22.0948],[144.79636,-22.09843],[144.80091,-22.04539],[144.94303,-22.05911],[144.94603,-22.03067],[144.94742,-22.02738],[144.94644,-22.02732],[144.9563,-21.93031],[145.08221,-21.94261],[145.08434,-21.91026],[145.07402,-21.89951],[145.075,-21.89123],[145.15276,-21.89869],[145.15256,-21.90049],[145.18582,-21.90377],[145.18285,-21.90081],[145.18395,-21.89755],[145.18251,-21.8917],[145.18551,-21.89046],[145.18625,-21.88586],[145.19232,-21.87728],[145.19215,-21.8712],[145.18066,-21.85103],[145.18482,-21.8202],[145.16415,-21.80386],[145.16619,-21.78491],[145.25449,-21.79368],[145.26219,-21.8285],[145.41852,-21.84616],[145.43507,-21.69201],[145.52929,-21.70179],[145.53287,-21.65826],[145.67848,-21.66819],[145.67382,-21.71929],[145.66319,-21.71904],[145.64578,-21.79751],[145.72869,-21.81686],[145.70833,-21.87656],[145.69676,-21.8755],[145.68593,-21.91584],[145.73505,-21.92722],[145.72489,-21.93823],[145.62742,-21.92441],[145.61736,-22.03694],[145.76982,-22.04749],[145.76929,-22.06646],[145.88043,-22.08032],[145.88015,-22.08481],[146.0308,-22.10433],[146.03555,-22.10502],[146.03081,-22.10425],[146.03948,-22.02335],[146.06687,-22.02657],[146.07207,-21.99741],[146.20149,-22.00763],[146.20231,-22.00094],[146.21259,-21.90067],[146.11055,-21.89426],[146.12674,-21.81327],[146.06923,-21.80876],[146.08516,-21.59836],[146.09344,-21.50994],[146.13229,-21.51403],[146.15051,-21.50006],[146.3467,-21.51812],[146.34093,-21.57021],[146.39735,-21.66333],[146.44652,-21.66811],[146.48379,-21.68057],[146.48719,-21.65008],[146.48829,-21.64729],[146.49272,-21.58882],[146.48995,-21.58677],[146.49211,-21.56698],[146.6565,-21.58262],[146.6473,-21.59576],[146.65112,-21.59687],[146.65255,-21.60442],[146.75349,-21.63584],[146.83239,-21.64315],[146.83443,-21.64257],[146.83698,-21.6361],[146.83468,-21.63287],[146.8366,-21.62293],[146.83413,-21.61799],[146.83511,-21.61419],[146.83261,-21.60472],[146.83711,-21.58939],[146.83896,-21.58745],[146.83857,-21.58476],[146.83505,-21.57946],[146.83539,-21.57339],[146.84723,-21.56091],[146.84943,-21.55385],[146.84969,-21.54695],[146.85415,-21.54418],[146.85894,-21.53506],[146.86383,-21.53157],[146.86644,-21.53091],[146.86723,-21.52848],[146.87038,-21.52623],[146.86802,-21.52084],[146.86907,-21.51933],[146.8686,-21.51757],[146.86632,-21.51378],[146.86661,-21.51047],[146.86913,-21.5085],[146.86996,-21.50589],[146.87217,-21.50468],[146.87402,-21.49999],[146.8794,-21.49291],[146.89644,-21.47699],[146.89526,-21.47521],[146.89916,-21.47325],[146.90436,-21.46831],[146.90569,-21.46845],[146.90867,-21.46333],[146.90894,-21.45931],[146.91182,-21.45385],[146.90974,-21.44114],[146.90496,-21.43629],[146.89844,-21.43476],[146.8959,-21.42478],[146.89112,-21.4225],[146.88527,-21.41342],[146.88221,-21.4111],[146.87857,-21.4033],[146.87824,-21.39988],[146.87531,-21.39308],[146.87564,-21.38253],[146.88224,-21.37327],[146.87852,-21.36963],[146.88279,-21.36212],[146.89437,-21.35784],[146.89995,-21.35464],[146.90463,-21.35032],[146.90532,-21.3461],[146.90925,-21.34082],[146.91089,-21.33474],[146.91783,-21.32545],[146.92121,-21.32513],[146.92455,-21.32245],[146.93015,-21.32083],[146.9342,-21.31535],[146.94668,-21.30451],[146.95661,-21.30204],[146.95932,-21.30041],[146.96328,-21.29475],[146.96613,-21.27875],[146.96384,-21.27041],[146.95974,-21.26261],[146.96051,-21.2521],[146.95706,-21.24688],[146.94972,-21.23958],[146.94738,-21.23874],[146.93759,-21.23926],[146.93203,-21.23842],[146.92658,-21.23216],[146.91502,-21.22684],[146.90701,-21.22423],[146.89655,-21.22391],[146.89088,-21.22182],[146.88565,-21.21775],[146.87665,-21.20731],[146.86599,-21.19121],[146.8659,-21.18816],[146.86801,-21.18345],[146.88221,-21.17333],[146.88261,-21.17029],[146.87297,-21.15953],[146.87203,-21.15095],[146.86264,-21.13778],[146.86128,-21.11756],[146.84916,-21.1028],[146.84881,-21.10094],[146.85212,-21.09456],[146.85297,-21.08849],[146.85485,-21.08454],[146.85433,-21.08107],[146.8555,-21.07755],[146.85369,-21.07135],[146.85447,-21.06958],[146.85966,-21.06618],[146.86167,-21.06223],[146.86106,-21.05899],[146.86304,-21.04792],[146.85985,-21.04088],[146.86035,-21.03119],[146.8638,-21.0252],[146.86913,-21.0208],[146.8809,-21.008],[146.88321,-21.00281],[146.88367,-20.99761],[146.8793,-20.99296],[146.877,-20.98863],[146.87596,-20.98408],[146.87643,-20.97802],[146.86689,-20.95519],[146.86506,-20.94264],[146.8564,-20.92672],[146.85346,-20.9192],[146.85421,-20.91208],[146.86305,-20.9022],[146.86348,-20.89904],[146.86222,-20.89508],[146.86595,-20.88598],[146.85603,-20.87019],[146.8562,-20.86776],[146.86104,-20.86001],[146.86281,-20.8473],[146.85834,-20.83666],[146.85741,-20.82873],[146.85284,-20.81915],[146.85223,-20.81133],[146.85618,-20.80351],[146.86159,-20.79648],[146.86592,-20.7969],[146.86971,-20.80099],[146.8746,-20.80176],[146.87786,-20.80023],[146.88899,-20.79079],[146.90121,-20.79029],[146.90989,-20.78672],[146.9147,-20.77787],[146.91704,-20.76155],[146.92041,-20.75741],[146.9274,-20.75522],[146.94165,-20.75327],[146.95818,-20.74324],[146.9612,-20.7402],[146.96228,-20.73634],[146.96228,-20.72924],[146.96487,-20.72133],[146.96561,-20.71444],[146.96453,-20.70227],[146.96087,-20.68867],[146.9613,-20.68441],[146.96484,-20.67605],[146.97584,-20.67362],[146.98058,-20.67119],[146.98446,-20.66713],[146.98597,-20.66246],[146.98511,-20.65658],[146.97738,-20.64603],[146.97263,-20.63288],[146.97265,-20.62359],[146.976,-20.6197],[147.0066,-20.60761],[147.01482,-20.60623],[147.02011,-20.60812],[147.02121,-20.6095],[147.02238,-20.61674],[147.02615,-20.62276],[147.03632,-20.62932],[147.04591,-20.63096],[147.04823,-20.63041],[147.05375,-20.6263],[147.05811,-20.62576],[147.06217,-20.62712],[147.0674,-20.6345],[147.07327,-20.64889],[147.07888,-20.65285],[147.08216,-20.65329],[147.08636,-20.65218],[147.10122,-20.6389],[147.10571,-20.63678],[147.11177,-20.63586],[147.1242,-20.63769],[147.13311,-20.64107],[147.14862,-20.65183],[147.15611,-20.65173],[147.16147,-20.64645],[147.16462,-20.63518],[147.16854,-20.62783],[147.17307,-20.62203],[147.17801,-20.61859],[147.17831,-20.60898],[147.17968,-20.60467],[147.18408,-20.60224],[147.18608,-20.60392],[147.19113,-20.60175],[147.19377,-20.59912],[147.19624,-20.59378],[147.20954,-20.58711],[147.21455,-20.57674],[147.21694,-20.57529],[147.21956,-20.57529],[147.22248,-20.57652],[147.22797,-20.58145],[147.23458,-20.58405],[147.24138,-20.58445],[147.26406,-20.55982],[147.26701,-20.55794],[147.27449,-20.55724],[147.27861,-20.55463],[147.27987,-20.54399],[147.28314,-20.53634],[147.28482,-20.52458],[147.28844,-20.51781],[147.29925,-20.50805],[147.30103,-20.5038],[147.30092,-20.49726],[147.29167,-20.48013],[147.2906,-20.47638],[147.29054,-20.47273],[147.29449,-20.45653],[147.29782,-20.44743],[147.30053,-20.44418],[147.30857,-20.43836],[147.31986,-20.43345],[147.33513,-20.42917],[147.34099,-20.42472],[147.34502,-20.41333],[147.34772,-20.3968],[147.34723,-20.3938],[147.34321,-20.38906],[147.33008,-20.38088],[147.32323,-20.37446],[147.31721,-20.3656],[147.31256,-20.35601],[147.306,-20.33343],[147.29959,-20.31827],[147.29951,-20.30776],[147.30825,-20.28606],[147.31096,-20.27058],[147.30921,-20.2217],[147.3076,-20.2116],[147.30259,-20.19553],[147.30062,-20.18251],[147.29517,-20.16304],[147.29487,-20.16226],[147.2942,-20.16055],[147.29296,-20.15739],[147.27599,-20.12789],[147.27475,-20.12506],[147.27459,-20.12241],[147.27501,-20.11722],[147.28322,-20.09184],[147.28364,-20.09084],[147.29272,-20.07547],[147.2947,-20.06901],[147.2939,-20.06472],[147.28531,-20.04606],[147.27336,-20.02845],[147.27896,-20.02602],[147.28628,-20.02027],[147.30189,-20.01469],[147.30247,-20.01481],[147.30379,-20.01623],[147.29929,-20.02291],[147.29914,-20.0265],[147.2995,-20.02751],[147.30004,-20.02907],[147.30034,-20.02992],[147.30253,-20.0329],[147.31362,-20.03977],[147.32018,-20.05216],[147.32813,-20.05566],[147.33769,-20.05756],[147.34769,-20.06129],[147.35812,-20.05875],[147.36228,-20.05913],[147.37931,-20.06676],[147.38887,-20.06929],[147.39121,-20.0719],[147.39164,-20.07691],[147.38601,-20.08716],[147.46708,-20.09585],[147.47988,-19.98172],[147.47892,-19.98162],[147.48408,-19.932],[147.48488,-19.93088],[147.48679,-19.93085],[147.48766,-19.92379],[147.48549,-19.92355],[147.49135,-19.87142],[147.50981,-19.87343],[147.51094,-19.85793],[147.50692,-19.85746],[147.50715,-19.85553],[147.509,-19.8541],[147.5083,-19.85075],[147.5148,-19.8474],[147.51626,-19.84508],[147.51794,-19.84513],[147.52118,-19.84117],[147.52621,-19.83948],[147.52974,-19.83555],[147.5309,-19.8358],[147.53283,-19.83425],[147.53291,-19.83569],[147.53488,-19.83566],[147.53557,-19.83384],[147.53707,-19.83348],[147.53679,-19.82699],[147.53544,-19.82622],[147.53644,-19.82539],[147.53465,-19.82476],[147.5343,-19.82289],[147.53551,-19.82019],[147.53758,-19.82039],[147.53737,-19.81784],[147.53556,-19.8182],[147.53622,-19.81622],[147.53848,-19.81544],[147.54036,-19.81316],[147.54488,-19.81418],[147.54541,-19.8121],[147.54738,-19.81124],[147.55187,-19.8119],[147.55373,-19.81049],[147.56166,-19.80976],[147.56358,-19.8087],[147.56536,-19.80924],[147.56583,-19.808],[147.56688,-19.80899],[147.57649,-19.80269],[147.60203,-19.7993],[147.66336,-19.81091],[147.67128,-19.79262],[147.71778,-19.69833],[150.00516,-19.69761],[149.98354,-19.68457],[149.95016,-19.64823],[149.87934,-19.62347],[149.87129,-19.61647],[149.86659,-19.61521],[149.86152,-19.60792],[149.65206,-19.46158],[149.64249,-19.4578],[149.42092,-19.33375],[149.09763,-19.21405],[149.03058,-19.2006],[149.02542,-19.19543],[149.0191,-19.19239],[148.96643,-19.18291],[148.96308,-19.17956],[148.9233,-19.11512],[148.91591,-19.10658],[148.70088,-19.07153],[148.56564,-19.02739],[148.56195,-19.02401],[148.43336,-18.9808],[148.4263,-18.9734],[148.42,-18.97175],[148.41821,-18.97221],[148.38148,-18.95305],[148.3804,-18.95023],[148.34512,-18.92813],[148.16383,-18.85097],[148.11747,-18.83513],[148.06635,-18.83766],[148.03089,-18.81398],[147.984,-18.79477],[147.95466,-18.76505],[147.94991,-18.75181],[147.9393,-18.74561],[147.92879,-18.74181],[147.86991,-18.69489],[147.85403,-18.68923],[147.72474,-18.65458],[147.61512,-18.6093],[147.61159,-18.60285],[147.60583,-18.59656],[147.5994,-18.58178],[147.0011,-18.58179],[147.00109,-18.49845],[146.29715,-18.49849],[146.27697,-18.49748],[146.25108,-18.49244],[146.23773,-18.49175],[146.22989,-18.48956],[146.22415,-18.49407],[146.21039,-18.50818],[146.20693,-18.5165],[146.1994,-18.52182],[146.19609,-18.52015],[146.19072,-18.52363],[146.19094,-18.52835],[146.18638,-18.53003],[146.18719,-18.53333],[146.18518,-18.53195],[146.18277,-18.53201],[146.18016,-18.52899],[146.17955,-18.5247],[146.16887,-18.51829],[146.16739,-18.51573],[146.16429,-18.51766],[146.16085,-18.51736],[146.15613,-18.51874],[146.14671,-18.51703],[146.13755,-18.51227],[146.13014,-18.51066],[146.12624,-18.50805],[146.12172,-18.50788],[146.11998,-18.50609],[146.11712,-18.50134],[146.11709,-18.49669],[146.11532,-18.49482],[146.11728,-18.49126],[146.11666,-18.48941],[146.1207,-18.4873],[146.12197,-18.48448],[146.11847,-18.48003],[146.11416,-18.478],[146.11414,-18.47714],[146.11715,-18.47452],[146.12035,-18.47439],[146.11793,-18.47269],[146.11411,-18.47249],[146.11087,-18.46947],[146.10915,-18.46503],[146.10731,-18.46318],[146.10432,-18.4535],[146.10011,-18.45118],[146.09377,-18.45135],[146.09159,-18.44847],[146.09353,-18.44015],[146.0957,-18.43918],[146.10161,-18.43268],[146.0987,-18.42764],[146.09767,-18.4218],[146.10074,-18.41661],[146.10026,-18.41523],[146.09259,-18.41162],[146.08582,-18.40204],[146.08559,-18.4012],[146.08526,-18.40125],[146.07259,-18.40307],[146.06407,-18.39906],[146.0605,-18.39861],[146.04923,-18.39265],[146.04644,-18.39668],[146.04421,-18.3957],[146.04335,-18.39315],[146.03552,-18.38766],[146.0274,-18.39189],[146.02361,-18.39022],[146.0222,-18.3883],[146.01826,-18.38969],[146.01121,-18.38864],[146.00815,-18.39142],[146.00464,-18.39132],[146.00098,-18.39357],[145.99197,-18.39379],[145.98976,-18.39561],[145.98359,-18.39712],[145.9798,-18.39528],[145.97523,-18.39681],[145.96179,-18.39444],[145.94732,-18.36432],[145.93344,-18.37048],[145.92995,-18.3695],[145.92701,-18.37104],[145.92194,-18.37649],[145.91465,-18.37906],[145.9087,-18.38529],[145.90863,-18.38795],[145.89722,-18.39758],[145.8911,-18.39993],[145.88647,-18.40463],[145.88288,-18.40491],[145.87963,-18.40746],[145.87702,-18.40522],[145.87709,-18.40235],[145.87349,-18.40003],[145.87129,-18.40048],[145.87094,-18.40254],[145.86554,-18.40234],[145.86535,-18.4043],[145.85671,-18.40571],[145.85078,-18.40598],[145.84768,-18.4047],[145.83884,-18.40626],[145.83282,-18.40214],[145.82944,-18.40416],[145.82896,-18.40681],[145.82561,-18.40704],[145.81941,-18.40386],[145.81596,-18.39795],[145.81824,-18.39521],[145.81931,-18.38687],[145.81578,-18.38589],[145.81575,-18.38357],[145.81319,-18.37989],[145.81129,-18.37829],[145.80933,-18.37891],[145.80863,-18.37772],[145.80675,-18.37816],[145.80486,-18.38073],[145.8069,-18.386],[145.79984,-18.38784],[145.79831,-18.39021],[145.79389,-18.38999],[145.79481,-18.392],[145.79336,-18.39319],[145.79443,-18.39615],[145.79372,-18.39753],[145.79556,-18.39974],[145.79536,-18.40117],[145.79242,-18.40337],[145.78784,-18.40237],[145.78254,-18.39425],[145.78144,-18.39401],[145.77992,-18.39683],[145.77569,-18.39896],[145.7725,-18.39826],[145.76983,-18.39966],[145.76347,-18.39513],[145.76231,-18.39395],[145.76185,-18.39397],[145.76056,-18.39403],[145.75973,-18.39407],[145.75746,-18.39577],[145.75752,-18.39583],[145.75745,-18.39582],[145.75757,-18.39589],[145.75785,-18.39619],[145.7589,-18.40044],[145.759,-18.40241],[145.75947,-18.40273],[145.76916,-18.40942],[145.75582,-18.40806],[145.75518,-18.41488],[145.76005,-18.42394],[145.7575,-18.4259],[145.75777,-18.4294],[145.75456,-18.43083],[145.75599,-18.43509],[145.75496,-18.43848],[145.747,-18.44548],[145.7442,-18.45054],[145.74215,-18.45124],[145.73895,-18.45015],[145.73611,-18.45732],[145.73183,-18.45406],[145.72924,-18.45351],[145.73238,-18.46176],[145.72909,-18.46528],[145.72851,-18.46566],[145.72518,-18.46621],[145.72509,-18.46835],[145.72009,-18.46726],[145.71504,-18.46839],[145.71258,-18.46786],[145.70805,-18.47089],[145.71431,-18.48026],[145.71427,-18.48369],[145.71587,-18.4854],[145.71631,-18.48839],[145.50124,-18.46187],[145.49452,-18.57644],[145.39003,-18.56506],[145.38345,-18.57023],[145.35725,-18.53575],[145.29679,-18.46404],[145.30174,-18.45519],[145.27917,-18.43955],[145.28644,-18.42999],[145.25993,-18.42733],[145.26788,-18.35504],[145.19522,-18.34776],[145.19442,-18.3495],[145.16662,-18.34671],[145.1639,-18.34988],[145.16229,-18.34876],[145.16111,-18.35097],[145.1588,-18.35185],[145.15996,-18.35367],[145.15774,-18.35583],[145.15717,-18.35808],[145.15796,-18.36268],[145.15561,-18.36465],[145.15273,-18.36397],[145.1495,-18.36522],[145.13986,-18.35782],[145.13756,-18.35994],[145.13903,-18.36077],[145.13878,-18.36167],[145.13735,-18.36253],[145.13442,-18.362],[145.13219,-18.3705],[145.13547,-18.37736],[145.13309,-18.37795],[145.13288,-18.37971],[145.13433,-18.3851],[145.1381,-18.38805],[145.13954,-18.39083],[145.14308,-18.39062],[145.14404,-18.39192],[145.14962,-18.39387],[145.15154,-18.39353],[145.15217,-18.39179],[145.15467,-18.39288],[145.16133,-18.39084],[145.16164,-18.39347],[145.16372,-18.39523],[145.16084,-18.39981],[145.16261,-18.40292],[145.16171,-18.40698],[145.1642,-18.41496],[145.16908,-18.42015],[145.17162,-18.42106],[145.17205,-18.42332],[145.17746,-18.42507],[145.17818,-18.42745],[145.18062,-18.4284],[145.18377,-18.43193],[145.18285,-18.43249],[145.17996,-18.44663],[145.18231,-18.44919],[145.18199,-18.47248],[145.18569,-18.48024],[145.17808,-18.47951],[145.17207,-18.48837],[145.17447,-18.49142],[145.1738,-18.49377],[145.18416,-18.4948],[145.18251,-18.51058],[145.17903,-18.51024],[145.17348,-18.51548],[145.17183,-18.52081],[145.15736,-18.53833],[145.15673,-18.54549],[145.14862,-18.55298],[145.14053,-18.56512],[145.14067,-18.5727],[145.13895,-18.57286],[145.13893,-18.57413],[145.13581,-18.5744],[145.1343,-18.57756],[145.13274,-18.57805],[145.13071,-18.57266],[145.13354,-18.56909],[145.13366,-18.56512],[145.131,-18.56041],[145.12905,-18.56024],[145.12951,-18.55884],[145.12767,-18.55752],[145.12442,-18.55779],[145.11967,-18.55586],[145.1178,-18.55744],[145.11585,-18.55744],[145.10752,-18.5638],[145.10435,-18.56429],[145.10113,-18.56675],[145.0983,-18.56704],[145.09504,-18.56539],[145.09169,-18.56682],[145.08632,-18.55994],[145.07984,-18.56062],[145.07777,-18.55963],[145.0755,-18.55433],[145.06855,-18.55363],[145.06364,-18.55459],[145.05829,-18.55131],[145.05759,-18.54933],[145.05347,-18.54889],[145.05235,-18.54211],[145.05399,-18.543],[145.05507,-18.53972],[145.05184,-18.53611],[145.05264,-18.53054],[145.05021,-18.52807],[145.05138,-18.51813],[145.04673,-18.51323],[144.98098,-18.50697],[144.98216,-18.49856],[144.98119,-18.49362],[144.97663,-18.49212],[144.97521,-18.49027],[144.97573,-18.4871],[144.97101,-18.47511],[144.97148,-18.47228],[144.96831,-18.46956],[144.96301,-18.47322],[144.96308,-18.47843],[144.9645,-18.48153],[144.96287,-18.48551],[144.96063,-18.48611],[144.95788,-18.48312],[144.95684,-18.48347],[144.95485,-18.47529],[144.95284,-18.47503],[144.95139,-18.47733],[144.95323,-18.48209],[144.95282,-18.48459],[144.95138,-18.48928],[144.94727,-18.49513],[144.94688,-18.49769],[144.94911,-18.50103],[144.95089,-18.50157],[144.95117,-18.50417],[144.92174,-18.50134],[144.92226,-18.5067],[144.9199,-18.51654],[144.92405,-18.52278],[144.87821,-18.51791],[144.88042,-18.49736],[144.8367,-18.49314],[144.84135,-18.45245],[144.83754,-18.44003],[144.84462,-18.408],[144.85162,-18.39999],[144.85518,-18.36952],[144.84956,-18.36959],[144.84348,-18.37177],[144.83461,-18.36881],[144.82242,-18.36907],[144.81717,-18.37174],[144.81361,-18.36775],[144.81104,-18.3675],[144.79979,-18.35919],[144.78014,-18.35794],[144.77406,-18.3588],[144.7712,-18.35751],[144.76036,-18.35638],[144.74113,-18.31746],[144.67774,-18.31097],[144.67614,-18.42343],[144.65996,-18.56862],[144.65162,-18.62657],[144.76414,-18.63846],[144.78708,-18.66128],[144.74169,-18.70268],[144.74687,-18.70754],[144.74389,-18.71249],[144.74515,-18.72186],[144.75095,-18.72507],[144.75561,-18.72526],[144.75648,-18.72762],[144.75799,-18.72854],[144.76544,-18.72856],[144.77753,-18.7407],[144.78675,-18.73399],[144.78901,-18.73295],[144.79204,-18.7332],[144.80247,-18.74438],[144.80257,-18.74569],[144.80057,-18.74775],[144.80065,-18.7496],[144.80162,-18.75092],[144.8059,-18.75233],[144.80676,-18.75728],[144.80468,-18.75999],[144.80462,-18.76176],[144.80755,-18.76449],[144.80723,-18.76844],[144.80842,-18.76959],[144.74538,-18.81803],[144.7903,-18.87105],[144.72138,-18.92125],[144.7075,-18.93594],[144.69798,-18.996],[144.69931,-19.00392],[144.69973,-19.00515],[144.71527,-19.01684],[144.77435,-19.14797],[144.79442,-19.1622],[144.80437,-19.15723],[144.8105,-19.15584],[144.82384,-19.15684],[144.8314,-19.15985],[144.77111,-19.20467],[144.75009,-19.18077],[144.6297,-19.28843],[144.62247,-19.2973],[144.61898,-19.30604],[144.6174,-19.32092],[144.5978,-19.31904],[144.59084,-19.38413],[144.47737,-19.37091],[144.4705,-19.4479],[144.45079,-19.44125],[144.38745,-19.43073],[144.36955,-19.43009],[144.35173,-19.42391],[144.34486,-19.5015],[144.30255,-19.49738],[144.2957,-19.56645],[144.28401,-19.57451],[144.27945,-19.57604],[144.27323,-19.57594],[144.26185,-19.58294],[144.25508,-19.58554],[144.24804,-19.5942],[144.23889,-19.60856],[144.23153,-19.61593],[144.22644,-19.61872],[144.2123,-19.61006],[144.20652,-19.60376],[144.17996,-19.59442],[144.17468,-19.58844],[144.1722,-19.57646],[144.1569,-19.56761],[144.14701,-19.56571],[144.13929,-19.56558],[144.12405,-19.57187],[144.11716,-19.57176],[144.11271,-19.57615],[144.10357,-19.57967],[144.08894,-19.57822],[144.06497,-19.57227],[144.0589,-19.57076],[144.05622,-19.5701],[144.05528,-19.57061],[144.05354,-19.57154],[144.05292,-19.57187],[144.04476,-19.58357],[144.0289,-19.59785],[144.01424,-19.61493],[144.00388,-19.62131],[143.97651,-19.62294],[143.96733,-19.62052],[143.95568,-19.61959],[143.94745,-19.62199],[143.93804,-19.62729],[143.92508,-19.63076],[143.85183,-19.63705],[143.82446,-19.63044],[143.79698,-19.61756],[143.77572,-19.60576],[143.73416,-19.58996],[143.71515,-19.58536],[143.68225,-19.597],[143.67747,-19.59715],[143.64667,-19.58382],[143.61899,-19.55995],[143.60538,-19.53032],[143.59054,-19.50726],[143.58322,-19.50157],[143.57977,-19.49689],[143.56527,-19.48563],[143.54954,-19.47658],[143.5355,-19.47185],[143.51377,-19.48003],[143.50767,-19.48394],[143.51109,-19.49157],[143.51315,-19.50534],[143.50939,-19.516],[143.50142,-19.52443],[143.48987,-19.53091],[143.46631,-19.53998],[143.46186,-19.54496],[143.45811,-19.54668],[143.45374,-19.55596],[143.44734,-19.55879],[143.44383,-19.56602],[143.43406,-19.56531],[143.42777,-19.56313],[143.42564,-19.56515],[143.41699,-19.56712],[143.41316,-19.56438],[143.40288,-19.57019],[143.39797,-19.57524],[143.39508,-19.5751],[143.39396,-19.57662],[143.39427,-19.59677],[143.38307,-19.61258],[143.37284,-19.61388],[143.36769,-19.61272],[143.35139,-19.60434],[143.34614,-19.60371],[143.34193,-19.60561],[143.3392,-19.60962],[143.33667,-19.6167],[143.333,-19.62111],[143.31717,-19.62848],[143.31067,-19.63325],[143.30581,-19.63948],[143.29837,-19.65636],[143.28957,-19.66971],[143.2885,-19.68426],[143.28719,-19.68726],[143.27965,-19.6942],[143.27497,-19.69645],[143.27211,-19.69602],[143.27006,-19.69421],[143.26395,-19.68458],[143.25928,-19.68144],[143.25673,-19.68182],[143.2497,-19.68991],[142.60067,-19.63552],[142.60224,-19.62006],[142.60955,-19.54777],[142.59212,-19.54661],[142.60477,-19.40322],[142.39668,-19.38842],[142.3953,-19.40228],[142.37437,-19.4004],[142.40069,-19.12654],[142.35383,-19.1226],[142.35227,-19.14748],[142.23643,-19.13604],[142.23507,-19.14953],[142.15942,-19.14202],[142.17658,-18.97215],[142.12913,-18.96955],[142.12672,-18.9934],[141.94147,-18.97846],[141.93114,-19.08966],[141.77106,-19.0782],[141.76215,-19.19181],[141.75874,-19.1927],[141.757,-19.19163],[141.75321,-19.19317],[141.74622,-19.19269],[141.73912,-19.18512],[141.73452,-19.184],[141.729,-19.17905],[141.71551,-19.17908],[141.71113,-19.17634],[141.70899,-19.17274],[141.70415,-19.17073],[141.69795,-19.16237],[141.69734,-19.16003],[141.69411,-19.15915],[141.6916,-19.15644],[141.68607,-19.15725],[141.6787,-19.15548],[141.66899,-19.15909],[141.66443,-19.15841],[141.66176,-19.1597],[141.65825,-19.15716],[141.64613,-19.15772],[141.63961,-19.15469],[141.63585,-19.15568],[141.63308,-19.15473],[141.63119,-19.15183],[141.62901,-19.15188],[141.62698,-19.15016],[141.62372,-19.15054],[141.62368,-19.1487],[141.62121,-19.14826],[141.62107,-19.14558],[141.61802,-19.14374],[141.61705,-19.14478],[141.61533,-19.14274],[141.61683,-19.14042],[141.61674,-19.13846],[141.61276,-19.13778],[141.61129,-19.1352],[141.61282,-19.13222],[141.61139,-19.12852],[141.61328,-19.12597],[141.6132,-19.1242],[141.60933,-19.12001],[141.6089,-19.11341],[141.62013,-19.11458],[141.6362,-18.96712],[141.66814,-18.96969],[141.69195,-18.71361],[141.62238,-18.7076],[141.36401,-18.68142],[141.36995,-18.62546],[141.31496,-18.62045],[141.30566,-18.61513],[141.30369,-18.6126],[141.2987,-18.61142],[141.30098,-18.60736],[141.30273,-18.60659],[141.30163,-18.60222],[141.30216,-18.59517],[141.30012,-18.59316],[141.29949,-18.58798],[141.29611,-18.58733],[141.29457,-18.58521],[141.29212,-18.57789],[141.29357,-18.57522],[141.29324,-18.57028],[141.29119,-18.5697],[141.29079,-18.56859],[141.2917,-18.56659],[141.29348,-18.56594],[141.29669,-18.56594],[141.2968,-18.56764],[141.29811,-18.56778],[141.30029,-18.56333],[141.29872,-18.56035],[141.29867,-18.55649],[141.2974,-18.55587],[141.29586,-18.55229],[141.29382,-18.55139],[141.29225,-18.54858],[141.2881,-18.54644],[141.28823,-18.54123],[141.28552,-18.53002],[141.2862,-18.5229],[141.28365,-18.51873],[141.2863,-18.51689],[141.28513,-18.51217],[141.28636,-18.50949],[141.28487,-18.50859],[141.28475,-18.5054],[141.28788,-18.50283],[141.29024,-18.5024],[141.29042,-18.50022],[141.29774,-18.49961],[141.29901,-18.49649],[141.29933,-18.49295],[141.29583,-18.4899],[141.29294,-18.48508],[141.29446,-18.484],[141.29285,-18.47996],[141.29863,-18.47553],[141.29677,-18.47044],[141.29382,-18.46761],[141.29649,-18.46343],[141.29491,-18.46169],[141.29498,-18.45976],[141.30101,-18.45575],[141.30078,-18.4503],[141.30479,-18.4478],[141.30132,-18.43749],[141.30261,-18.42955],[141.30204,-18.42765],[141.30074,-18.42647],[141.29236,-18.42514],[141.28935,-18.42152],[141.28323,-18.41753],[141.28103,-18.41754],[141.28063,-18.41603],[141.2839,-18.40808],[141.28254,-18.40516],[141.28383,-18.39825],[141.2815,-18.39123],[141.27481,-18.38875],[141.2726,-18.38681],[141.26744,-18.37785],[141.26613,-18.36878],[141.26176,-18.36528],[141.25447,-18.36404],[141.25225,-18.36178],[141.25299,-18.3601],[141.24992,-18.35368],[141.24975,-18.35049],[141.24193,-18.3464],[141.24005,-18.34358],[141.23787,-18.33594],[141.235,-18.33466],[141.23171,-18.33532],[141.22973,-18.3319],[141.22644,-18.33109],[141.22574,-18.32922],[141.22318,-18.32971],[141.2233,-18.32465],[141.22022,-18.32238],[141.22197,-18.31961],[141.22065,-18.31656],[141.21745,-18.31447],[141.22014,-18.30851],[141.21804,-18.30225],[141.22094,-18.3009],[141.21836,-18.29719],[141.21986,-18.29428],[141.21225,-18.28797],[141.21303,-18.28497],[141.21077,-18.28237],[141.21314,-18.27867],[141.21066,-18.27413],[141.21135,-18.27033],[141.21056,-18.26446],[141.20938,-18.2628],[141.20573,-18.2616],[141.20421,-18.25489],[141.20085,-18.25264],[141.19371,-18.25366],[141.19013,-18.24786],[141.18872,-18.24285],[141.19062,-18.23852],[141.19032,-18.23357],[141.18659,-18.22999],[141.18585,-18.22653],[141.18697,-18.22499],[141.18476,-18.22291],[141.18463,-18.2203],[141.18123,-18.21686],[141.18125,-18.21326],[141.17519,-18.20902],[141.17003,-18.20715],[141.16793,-18.20371],[141.16267,-18.20464],[141.15744,-18.19603],[141.14732,-18.19294],[141.14504,-18.19401],[141.14451,-18.19558],[141.13877,-18.19137],[141.13702,-18.18888],[141.13788,-18.17974],[141.14411,-18.16627],[141.14224,-18.16089],[141.14314,-18.15715],[141.13939,-18.14955],[141.13886,-18.14497],[141.13486,-18.13773],[141.13452,-18.13434],[141.13596,-18.13247],[141.1341,-18.12918],[141.13406,-18.12527],[141.13633,-18.12233],[141.13798,-18.11744],[141.14061,-18.11469],[141.14046,-18.11267],[141.14684,-18.11042],[141.19206,-18.11331],[141.19987,-18.01543],[141.28378,-18.02323],[141.28171,-18.04674],[141.39519,-18.05711],[141.40022,-18.00399],[141.39506,-18.00405],[141.39195,-18.00611],[141.38829,-18.0066],[141.39314,-17.93477],[141.46607,-17.93898],[141.46824,-17.91042],[141.30441,-17.89896],[141.31686,-17.7367],[141.32829,-17.73323],[141.33002,-17.73356],[141.33245,-17.73813],[141.3388,-17.74448],[141.3509,-17.74325],[141.35915,-17.74492],[141.35933,-17.75444],[141.36207,-17.75553],[141.37443,-17.7521],[141.37832,-17.75276],[141.38293,-17.75138],[141.388,-17.75184],[141.39341,-17.75323],[141.39858,-17.75687],[141.40088,-17.76091],[141.4041,-17.76334],[141.41335,-17.76163],[141.43296,-17.74933],[141.43825,-17.67981],[141.37818,-17.67662],[141.38216,-17.60803],[141.40658,-17.60994],[141.42226,-17.44381],[141.57272,-17.45842],[141.57639,-17.42038],[141.72874,-17.43295],[141.72563,-17.46952],[141.83673,-17.48249],[141.78533,-17.4224],[141.89772,-17.33075],[142.01225,-17.4712],[142.05777,-17.43427],[142.17835,-17.56624],[142.26773,-17.49178],[142.26785,-17.48728],[142.26298,-17.48059],[142.25899,-17.47126],[142.25245,-17.46577],[142.25139,-17.46284],[142.24468,-17.45788],[142.23857,-17.45741],[142.22956,-17.45168],[142.22544,-17.4456],[142.21721,-17.44184],[142.20596,-17.44235],[142.19333,-17.44049],[142.1843,-17.4379],[142.17501,-17.43242],[142.34059,-17.28623],[142.40159,-17.35527],[142.54068,-17.17553],[142.53509,-17.17683],[142.52194,-17.17526],[142.51961,-17.17167],[142.51297,-17.17046],[142.5083,-17.16216],[142.50526,-17.16051],[142.5022,-17.15631],[142.4992,-17.15466],[142.49521,-17.15],[142.48923,-17.14756],[142.48696,-17.1458],[142.4859,-17.14231],[142.47778,-17.13901],[142.46845,-17.1307],[142.46673,-17.12619],[142.46373,-17.12476],[142.46166,-17.12231],[142.46231,-17.11824],[142.45883,-17.11609],[142.45592,-17.10833],[142.45134,-17.10586],[142.44516,-17.10504],[142.44016,-17.10125],[142.4359,-17.10085],[142.43386,-17.09823],[142.42873,-17.09603],[142.42751,-17.09234],[142.42142,-17.08744],[142.50803,-16.97216],[142.54669,-16.55812],[142.59614,-16.19067],[142.63722,-16.13242],[142.69898,-16.17321],[142.74222,-16.11202],[142.74231,-16.10953],[142.71993,-16.08656],[142.71095,-16.07937],[142.70607,-16.07404],[142.69862,-16.07043],[142.6801,-16.06948],[142.66494,-16.06287],[142.65833,-16.05902],[142.6488,-16.05014],[142.6412,-16.03797],[142.63651,-16.02795],[142.63093,-16.02061],[142.6257,-16.01756],[142.62197,-16.01693],[142.63054,-15.95454],[142.69583,-15.89654],[142.70633,-15.74768],[142.77007,-15.75245],[142.77982,-15.61315],[142.89042,-15.61962],[142.9031,-15.4747],[142.9596,-15.47934],[142.97234,-15.33308],[142.66736,-15.31142],[142.65005,-15.4605],[142.24007,-15.42314],[142.09312,-15.19026],[142.02453,-15.37881],[142.01894,-15.37952],[142.01227,-15.37301],[141.99578,-15.36476],[141.98411,-15.36246],[141.97571,-15.35777],[141.96699,-15.35581],[141.96706,-15.35899],[141.95645,-15.38018],[141.94396,-15.38615],[141.94029,-15.39066],[141.94022,-15.39765],[141.94409,-15.40413],[141.9535,-15.40736],[141.95554,-15.40991],[141.9578,-15.41747],[141.96502,-15.41911],[141.96904,-15.42197],[141.97293,-15.42883],[141.982,-15.43719],[141.98385,-15.44223],[141.99174,-15.44762],[141.99533,-15.45349],[141.97257,-15.56914],[141.64917,-15.54203],[141.647,-15.54079],[141.64489,-15.54171],[141.63348,-15.54166],[141.62744,-15.544],[141.62617,-15.54046],[141.62341,-15.53851],[141.62075,-15.53862],[141.61732,-15.53645],[141.61416,-15.53757],[141.61102,-15.53569],[141.60982,-15.53344],[141.60697,-15.53562],[141.60422,-15.53542],[141.59883,-15.52923],[141.59764,-15.52448],[141.59585,-15.52484],[141.59291,-15.52074],[141.5896,-15.52236],[141.58842,-15.52098],[141.58756,-15.52178],[141.58448,-15.52071],[141.58367,-15.51874],[141.58161,-15.51928],[141.57907,-15.52251],[141.58029,-15.52365],[141.57936,-15.52609],[141.57419,-15.52607],[141.57428,-15.52255],[141.57673,-15.52219],[141.57303,-15.51963],[141.57182,-15.52036],[141.56924,-15.5254],[141.57119,-15.52844],[141.56924,-15.53],[141.56869,-15.53194],[141.56538,-15.53048],[141.56309,-15.53475],[141.55955,-15.53333],[141.55926,-15.53035],[141.55656,-15.52999],[141.55509,-15.53446],[141.55549,-15.53552],[141.5582,-15.53571],[141.55851,-15.53706],[141.55627,-15.53812],[141.55329,-15.53607],[141.55281,-15.53305],[141.55429,-15.53043],[141.55787,-15.52754],[141.55731,-15.52058],[141.55915,-15.52086],[141.56083,-15.51868],[141.55916,-15.5169],[141.55368,-15.51756],[141.55286,-15.51855],[141.55161,-15.51613],[141.55194,-15.51247],[141.55029,-15.51144],[141.54936,-15.51085],[141.54896,-15.51095],[141.54307,-15.51242],[141.53852,-15.51079],[141.53608,-15.51332],[141.53496,-15.51021],[141.53664,-15.50812],[141.53421,-15.5068],[141.53368,-15.50651],[141.53231,-15.50791],[141.53096,-15.5093],[141.5307,-15.50957],[141.53091,-15.5099],[141.532,-15.51158],[141.53136,-15.51384],[141.52715,-15.51318],[141.52389,-15.51048],[141.52227,-15.51073],[141.52215,-15.52119],[141.52364,-15.52262],[141.52763,-15.5215],[141.52819,-15.52679],[141.52184,-15.52679],[141.51978,-15.52586],[141.51866,-15.52275],[141.51605,-15.52262],[141.51356,-15.51938],[141.50982,-15.522],[141.50447,-15.52069],[141.5031,-15.51913],[141.50266,-15.51621],[141.50702,-15.5144],[141.50758,-15.51309],[141.50509,-15.5073],[141.50241,-15.50562],[141.49675,-15.50899],[141.49669,-15.50967],[141.49606,-15.51646],[141.4933,-15.51552],[141.49234,-15.51071],[141.49225,-15.50901],[141.49345,-15.50618],[141.49936,-15.50195],[141.50422,-15.49597],[141.50714,-15.49616],[141.50864,-15.49466],[141.50714,-15.49417],[141.50932,-15.49367],[141.50733,-15.49221],[141.50248,-15.49143],[141.5022,-15.48881],[141.49919,-15.48518],[141.49909,-15.48506],[141.49716,-15.48497],[141.49348,-15.48765],[141.49334,-15.48793],[141.49171,-15.49117],[141.49152,-15.49691],[141.48776,-15.49956],[141.48723,-15.49979],[141.48599,-15.49949]]],[[[141.65082,-15.07212],[141.65065,-15.06893],[141.64534,-15.07044],[141.64531,-15.07056],[141.64335,-15.07886],[141.64681,-15.08776],[141.65883,-15.09491],[141.66663,-15.10233],[141.67261,-15.11101],[141.6742,-15.11183],[141.68601,-15.11034],[141.68808,-15.10808],[141.68842,-15.10419],[141.68996,-15.10209],[141.69579,-15.10035],[141.69872,-15.10156],[141.70067,-15.10399],[141.70019,-15.10714],[141.70147,-15.10939],[141.70429,-15.10948],[141.70644,-15.10781],[141.7082,-15.11175],[141.70983,-15.11239],[141.71388,-15.11023],[141.71676,-15.10998],[141.71834,-15.1123],[141.71131,-15.1128],[141.70925,-15.11548],[141.7088,-15.11854],[141.71166,-15.1217],[141.7201,-15.12191],[141.72069,-15.12455],[141.71692,-15.1283],[141.71832,-15.12782],[141.7204,-15.13022],[141.71972,-15.134],[141.72138,-15.13315],[141.72141,-15.13615],[141.72322,-15.13972],[141.73015,-15.14169],[141.73008,-15.14443],[141.73107,-15.14524],[141.73822,-15.14565],[141.74123,-15.14987],[141.7449,-15.15016],[141.74677,-15.14829],[141.74653,-15.14102],[141.74788,-15.14023],[141.74923,-15.14119],[141.75015,-15.14432],[141.75285,-15.14553],[141.75437,-15.14302],[141.75609,-15.14244],[141.75675,-15.1434],[141.75675,-15.14236],[141.75862,-15.14179],[141.75835,-15.13972],[141.76076,-15.13823],[141.76069,-15.14114],[141.76337,-15.1406],[141.76333,-15.13861],[141.76574,-15.14236],[141.76834,-15.14275],[141.77209,-15.1403],[141.77504,-15.1421],[141.77741,-15.1411],[141.7776,-15.13999],[141.78269,-15.14068],[141.78499,-15.14252],[141.78652,-15.14604],[141.78993,-15.14673],[141.79157,-15.14405],[141.79448,-15.14455],[141.80113,-15.1419],[141.80454,-15.14204],[141.80547,-15.14028],[141.80501,-15.13782],[141.80865,-15.13695],[141.81156,-15.13456],[141.81557,-15.13431],[141.81819,-15.13243],[141.82158,-15.13589],[141.82378,-15.13641],[141.83119,-15.13303],[141.83455,-15.13051],[141.8383,-15.13],[141.84356,-15.1267],[141.84386,-15.1253],[141.84461,-15.12642],[141.84621,-15.12612],[141.84668,-15.12678],[141.84823,-15.12739],[141.85171,-15.12617],[141.86023,-15.12731],[141.8662,-15.12463],[141.87145,-15.12623],[141.87472,-15.12234],[141.88091,-15.1199],[141.8837,-15.12144],[141.88632,-15.11878],[141.88835,-15.11891],[141.8919,-15.1163],[141.89639,-15.11501],[141.89863,-15.1166],[141.90124,-15.11502],[141.90414,-15.11652],[141.91002,-15.11508],[141.91214,-15.11606],[141.91513,-15.11094],[141.92526,-15.11133],[141.9282,-15.11485],[141.93354,-15.11427],[141.93688,-15.11201],[141.94077,-15.10651],[141.9457,-15.10672],[141.95605,-15.10496],[141.9611,-15.10132],[141.96661,-15.09956],[141.97078,-15.09634],[141.97752,-15.09411],[141.98334,-15.08941],[141.98977,-15.08628],[141.99548,-15.09252],[142.00076,-15.09399],[142.01401,-15.09158],[142.01302,-15.08906],[142.0146,-15.08789],[142.01836,-15.08718],[142.02475,-15.08179],[142.0261,-15.08249],[142.03073,-15.0812],[142.03531,-15.07815],[142.0393,-15.07874],[142.04822,-15.07692],[142.05274,-15.0775],[142.05596,-15.0744],[142.05731,-15.07123],[142.06406,-15.06894],[142.07059,-15.06052],[142.07458,-15.05817],[142.07743,-15.05908],[142.0789,-15.0582],[142.08659,-15.04741],[142.09887,-15.03975],[142.10004,-15.03518],[142.09934,-15.03365],[142.11389,-15.02004],[142.11201,-15.0164],[142.1133,-15.01007],[142.11084,-15.00898],[142.10603,-15.01521],[142.10496,-15.0182],[142.10152,-15.01976],[142.10123,-15.02262],[142.09942,-15.02526],[142.09305,-15.03135],[142.09268,-15.03566],[142.09026,-15.03724],[142.08693,-15.04212],[142.08624,-15.04592],[142.08105,-15.05086],[142.07734,-15.05179],[142.0753,-15.05429],[142.07313,-15.05466],[142.06553,-15.06009],[142.06174,-15.06004],[142.05954,-15.06239],[142.05943,-15.06693],[142.05877,-15.06797],[142.04696,-15.07057],[142.04318,-15.07366],[142.04069,-15.07349],[142.03639,-15.07071],[142.02921,-15.07438],[142.0277,-15.07417],[142.02289,-15.07781],[142.01822,-15.07829],[142.00361,-15.08784],[141.99627,-15.08724],[141.99281,-15.08432],[141.98371,-15.08894],[141.97417,-15.08824],[141.96884,-15.09161],[141.96628,-15.09109],[141.96288,-15.09317],[141.95817,-15.09238],[141.95547,-15.09503],[141.95288,-15.09423],[141.95102,-15.09721],[141.94982,-15.0966],[141.94667,-15.09833],[141.93386,-15.11363],[141.92959,-15.11423],[141.92556,-15.11095],[141.91921,-15.10994],[141.91428,-15.11085],[141.91256,-15.11258],[141.91192,-15.11528],[141.90987,-15.11438],[141.90381,-15.11596],[141.90154,-15.11441],[141.89858,-15.11567],[141.89666,-15.11415],[141.88588,-15.11855],[141.88388,-15.12075],[141.88142,-15.11966],[141.87939,-15.11948],[141.87405,-15.12203],[141.87128,-15.12556],[141.86627,-15.12432],[141.86222,-15.12519],[141.86033,-15.12712],[141.85816,-15.12585],[141.85247,-15.12575],[141.84854,-15.12692],[141.84382,-15.12488],[141.84278,-15.1267],[141.83912,-15.12894],[141.83234,-15.13089],[141.83116,-15.13266],[141.82325,-15.13557],[141.81869,-15.13185],[141.81652,-15.13193],[141.815,-15.13379],[141.8115,-15.13437],[141.80828,-15.13639],[141.80426,-15.13712],[141.80431,-15.14131],[141.80168,-15.14097],[141.7945,-15.14391],[141.7911,-15.14358],[141.78968,-15.14616],[141.78792,-15.14627],[141.78534,-15.14166],[141.7817,-15.13969],[141.77708,-15.13958],[141.77475,-15.14106],[141.77103,-15.13957],[141.76804,-15.14144],[141.76566,-15.14071],[141.76396,-15.13707],[141.75932,-15.13765],[141.7561,-15.13596],[141.7538,-15.13714],[141.75427,-15.14078],[141.75102,-15.14407],[141.74986,-15.14286],[141.74978,-15.14006],[141.74778,-15.13886],[141.74763,-15.13892],[141.74422,-15.1404],[141.7418,-15.13879],[141.73881,-15.14073],[141.73518,-15.14052],[141.73249,-15.14155],[141.72952,-15.1391],[141.72464,-15.13911],[141.72408,-15.13839],[141.72174,-15.12694],[141.72514,-15.12153],[141.72447,-15.11773],[141.72305,-15.11664],[141.7197,-15.11672],[141.71485,-15.12085],[141.71323,-15.12099],[141.71013,-15.11819],[141.71068,-15.1159],[141.71245,-15.11438],[141.7185,-15.11571],[141.72043,-15.11497],[141.72119,-15.11136],[141.71848,-15.10772],[141.71369,-15.10726],[141.70918,-15.11016],[141.70916,-15.10708],[141.70608,-15.10569],[141.7023,-15.10838],[141.70162,-15.10173],[141.69803,-15.09912],[141.69484,-15.09865],[141.69027,-15.09999],[141.68737,-15.10243],[141.68693,-15.10802],[141.68588,-15.10924],[141.6739,-15.10997],[141.67066,-15.10357],[141.65132,-15.08152],[141.65082,-15.07212]]],[[[139.05222,-16.88844],[139.05379,-16.88982],[139.05407,-16.8922],[139.05724,-16.89387],[139.05728,-16.89642],[139.05987,-16.89784],[139.06462,-16.89829],[139.06901,-16.90388],[139.07175,-16.90346],[139.06791,-16.89276],[139.06166,-16.89051],[139.05773,-16.88513],[139.05222,-16.88844]]],[[[139.05723,-16.87009],[139.05914,-16.87615],[139.06633,-16.87157],[139.06497,-16.86879],[139.06515,-16.86541],[139.0638,-16.86443],[139.05723,-16.87009]]],[[[139.09333,-16.8153],[139.0952,-16.81786],[139.09092,-16.82657],[139.09228,-16.82889],[139.09155,-16.83409],[139.09445,-16.83932],[139.09502,-16.8435],[139.09848,-16.84613],[139.0994,-16.84334],[139.09839,-16.84351],[139.09835,-16.84038],[139.10396,-16.83421],[139.11292,-16.83053],[139.11504,-16.83097],[139.11942,-16.82542],[139.12216,-16.82707],[139.1258,-16.82171],[139.12702,-16.82188],[139.1235,-16.82701],[139.13004,-16.8236],[139.13342,-16.82552],[139.13897,-16.82537],[139.14406,-16.82702],[139.14759,-16.82249],[139.14963,-16.8224],[139.14925,-16.82061],[139.14653,-16.81876],[139.14567,-16.81544],[139.14077,-16.81357],[139.13794,-16.81104],[139.13448,-16.8017],[139.1312,-16.79907],[139.12626,-16.80252],[139.1195,-16.80532],[139.0994,-16.81269],[139.09506,-16.81315],[139.09333,-16.8153]]],[[[139.12004,-16.85999],[139.12036,-16.86149],[139.12048,-16.86157],[139.12069,-16.86132],[139.12004,-16.85999]]],[[[139.13314,-16.79105],[139.13321,-16.79113],[139.13326,-16.79079],[139.13314,-16.79105]]],[[[139.13881,-16.7897],[139.13805,-16.78985],[139.13909,-16.78985],[139.13881,-16.7897]]],[[[139.14514,-16.69441],[139.14405,-16.70137],[139.13947,-16.70879],[139.1394,-16.7123],[139.14018,-16.71602],[139.14378,-16.72075],[139.14634,-16.73084],[139.14215,-16.74505],[139.13952,-16.7498],[139.13972,-16.75513],[139.14916,-16.74862],[139.16169,-16.74901],[139.15983,-16.74171],[139.16068,-16.73793],[139.16288,-16.73499],[139.17138,-16.72845],[139.17621,-16.72861],[139.17966,-16.72722],[139.18311,-16.722],[139.1845,-16.72237],[139.18604,-16.71915],[139.18475,-16.71779],[139.18496,-16.71271],[139.18101,-16.70152],[139.18133,-16.69821],[139.18549,-16.69134],[139.18745,-16.67925],[139.18156,-16.67374],[139.17076,-16.67178],[139.15135,-16.68658],[139.14514,-16.69441]]],[[[139.13995,-16.75824],[139.1396,-16.76126],[139.14063,-16.76308],[139.14398,-16.76347],[139.14731,-16.76228],[139.1425,-16.75626],[139.13995,-16.75824]]],[[[139.1477,-16.82556],[139.14761,-16.82572],[139.14775,-16.82573],[139.1477,-16.82556]]],[[[139.16046,-16.60983],[139.16178,-16.61722],[139.16137,-16.62039],[139.15003,-16.63447],[139.15419,-16.63901],[139.1563,-16.64585],[139.15837,-16.64895],[139.15875,-16.65833],[139.16059,-16.66331],[139.16253,-16.66616],[139.16525,-16.6678],[139.17328,-16.66657],[139.1797,-16.66852],[139.18591,-16.66766],[139.19317,-16.66426],[139.18993,-16.66699],[139.19304,-16.66935],[139.19635,-16.67653],[139.19649,-16.68254],[139.19753,-16.68485],[139.1957,-16.68861],[139.19531,-16.69506],[139.19963,-16.7082],[139.2009,-16.70764],[139.19979,-16.70533],[139.2017,-16.70682],[139.20495,-16.7071],[139.20757,-16.69613],[139.21848,-16.68567],[139.22072,-16.68755],[139.21625,-16.69058],[139.21616,-16.6923],[139.21761,-16.6934],[139.22339,-16.69249],[139.22158,-16.69452],[139.21433,-16.69638],[139.21166,-16.69853],[139.20945,-16.70803],[139.21799,-16.70996],[139.22214,-16.71319],[139.22501,-16.71878],[139.22645,-16.72774],[139.2286,-16.73224],[139.23271,-16.73202],[139.24331,-16.72642],[139.25089,-16.72495],[139.25925,-16.72496],[139.26422,-16.72589],[139.26867,-16.73232],[139.27509,-16.73391],[139.27961,-16.73344],[139.28061,-16.73229],[139.28749,-16.73529],[139.29811,-16.72707],[139.30264,-16.72506],[139.3055,-16.72483],[139.31221,-16.73096],[139.31668,-16.72767],[139.31692,-16.72332],[139.32486,-16.71028],[139.32819,-16.70967],[139.33508,-16.70263],[139.34977,-16.69143],[139.35175,-16.68447],[139.34709,-16.6792],[139.34445,-16.67783],[139.34698,-16.67696],[139.34712,-16.67549],[139.34904,-16.67633],[139.35236,-16.67591],[139.35712,-16.67793],[139.36225,-16.68309],[139.36516,-16.68407],[139.36534,-16.6865],[139.36817,-16.68831],[139.37089,-16.68872],[139.37395,-16.68772],[139.36788,-16.68409],[139.36561,-16.67768],[139.36899,-16.67087],[139.37795,-16.66303],[139.38171,-16.6578],[139.37837,-16.65252],[139.3741,-16.64946],[139.37232,-16.64555],[139.3718,-16.62818],[139.36864,-16.62123],[139.37435,-16.62024],[139.37271,-16.61871],[139.37396,-16.61665],[139.36436,-16.60925],[139.36307,-16.60637],[139.36366,-16.60455],[139.36664,-16.60337],[139.36969,-16.60388],[139.38258,-16.61313],[139.38795,-16.61389],[139.39052,-16.61216],[139.39042,-16.61463],[139.3885,-16.61637],[139.38553,-16.61674],[139.38519,-16.61762],[139.38164,-16.61695],[139.37784,-16.6216],[139.3811,-16.62212],[139.37953,-16.62493],[139.38426,-16.62422],[139.38605,-16.62589],[139.38793,-16.62831],[139.3849,-16.63003],[139.38644,-16.63137],[139.39185,-16.63199],[139.39116,-16.63265],[139.39345,-16.63606],[139.4004,-16.63811],[139.4033,-16.64128],[139.40406,-16.6427],[139.40312,-16.64269],[139.40285,-16.64401],[139.40619,-16.64545],[139.40915,-16.65136],[139.40913,-16.65426],[139.41132,-16.65934],[139.41258,-16.65941],[139.41609,-16.66304],[139.41626,-16.66533],[139.41394,-16.66887],[139.41419,-16.67078],[139.43237,-16.67059],[139.43585,-16.67264],[139.43661,-16.67489],[139.43802,-16.67408],[139.43954,-16.67026],[139.44851,-16.66739],[139.44722,-16.66474],[139.44865,-16.66486],[139.44872,-16.66044],[139.4495,-16.65963],[139.4513,-16.66117],[139.4486,-16.65698],[139.44991,-16.65194],[139.44649,-16.64571],[139.44143,-16.64169],[139.44138,-16.63879],[139.44001,-16.63651],[139.43627,-16.63604],[139.43726,-16.63289],[139.43557,-16.63202],[139.44747,-16.62846],[139.4548,-16.62819],[139.45905,-16.63021],[139.46493,-16.62963],[139.47048,-16.62081],[139.47227,-16.61529],[139.46636,-16.60642],[139.46603,-16.60383],[139.46609,-16.60164],[139.4679,-16.60018],[139.47122,-16.59002],[139.47116,-16.58761],[139.46993,-16.58559],[139.46421,-16.58258],[139.45441,-16.58123],[139.45738,-16.57283],[139.4598,-16.5722],[139.465,-16.56719],[139.47127,-16.56306],[139.47953,-16.55976],[139.48835,-16.55886],[139.49216,-16.56057],[139.49456,-16.56299],[139.49527,-16.56781],[139.49915,-16.57169],[139.50053,-16.57619],[139.50617,-16.578],[139.50573,-16.57021],[139.51035,-16.56407],[139.51395,-16.56169],[139.51371,-16.55992],[139.51531,-16.55656],[139.51398,-16.54645],[139.51241,-16.54467],[139.50393,-16.54453],[139.49826,-16.54658],[139.49411,-16.54591],[139.49077,-16.54756],[139.48329,-16.54591],[139.48106,-16.54421],[139.47886,-16.53898],[139.47251,-16.53251],[139.46619,-16.53206],[139.46646,-16.53006],[139.46979,-16.52856],[139.47014,-16.52648],[139.47314,-16.5265],[139.47364,-16.52546],[139.472,-16.52296],[139.47383,-16.52282],[139.47618,-16.52067],[139.48066,-16.52142],[139.4809,-16.52287],[139.47956,-16.52374],[139.48088,-16.52463],[139.48305,-16.52385],[139.48379,-16.52554],[139.48555,-16.5237],[139.48928,-16.52445],[139.4927,-16.52384],[139.49941,-16.51562],[139.50409,-16.51277],[139.50883,-16.51304],[139.51088,-16.51619],[139.51271,-16.51708],[139.51878,-16.51624],[139.53033,-16.51761],[139.53253,-16.51257],[139.52939,-16.51046],[139.52991,-16.50782],[139.53677,-16.50225],[139.53795,-16.49953],[139.54305,-16.49532],[139.54266,-16.49275],[139.5388,-16.49753],[139.541,-16.49137],[139.54044,-16.48936],[139.56028,-16.48098],[139.5603,-16.47487],[139.55668,-16.46956],[139.55814,-16.4676],[139.56092,-16.47015],[139.56201,-16.47327],[139.56492,-16.47284],[139.56203,-16.47504],[139.5628,-16.47981],[139.56114,-16.48277],[139.56259,-16.48334],[139.5575,-16.48776],[139.55841,-16.48981],[139.55795,-16.49269],[139.5626,-16.49634],[139.57507,-16.50094],[139.57975,-16.50658],[139.57983,-16.51146],[139.57655,-16.5138],[139.57555,-16.51636],[139.57834,-16.52161],[139.57818,-16.5267],[139.57927,-16.5286],[139.58521,-16.53018],[139.58827,-16.53263],[139.5888,-16.53559],[139.58765,-16.54168],[139.5904,-16.54348],[139.59325,-16.54734],[139.59182,-16.55071],[139.59411,-16.55534],[139.59824,-16.55365],[139.61527,-16.54139],[139.62333,-16.53819],[139.6276,-16.53407],[139.63369,-16.53204],[139.63853,-16.5329],[139.64182,-16.52819],[139.65227,-16.52577],[139.65716,-16.52023],[139.67336,-16.51896],[139.68156,-16.52045],[139.68439,-16.52283],[139.68643,-16.52653],[139.6869,-16.53408],[139.68792,-16.53583],[139.69866,-16.53471],[139.70351,-16.53568],[139.71115,-16.53354],[139.71194,-16.53199],[139.70956,-16.5291],[139.7103,-16.5248],[139.70915,-16.52237],[139.7029,-16.51915],[139.69987,-16.51882],[139.69792,-16.51974],[139.69776,-16.51575],[139.69953,-16.51183],[139.69903,-16.50896],[139.70021,-16.50647],[139.69878,-16.49767],[139.70181,-16.48983],[139.69819,-16.47964],[139.69329,-16.47762],[139.69064,-16.46906],[139.68651,-16.46828],[139.68067,-16.47049],[139.67995,-16.46672],[139.67329,-16.46589],[139.67003,-16.46222],[139.67062,-16.46133],[139.67232,-16.46408],[139.67398,-16.46473],[139.67866,-16.46528],[139.68114,-16.45884],[139.67839,-16.45383],[139.67259,-16.45161],[139.66141,-16.45235],[139.65437,-16.45168],[139.64317,-16.44606],[139.63336,-16.43389],[139.62475,-16.42692],[139.61607,-16.42162],[139.61512,-16.41837],[139.60424,-16.40452],[139.5934,-16.40189],[139.57274,-16.4],[139.55881,-16.3971],[139.55328,-16.39432],[139.55091,-16.39081],[139.54955,-16.39193],[139.54742,-16.3916],[139.54662,-16.39415],[139.5424,-16.39767],[139.53704,-16.39915],[139.5381,-16.40469],[139.53522,-16.4097],[139.52109,-16.41704],[139.49861,-16.42493],[139.48571,-16.43082],[139.48604,-16.43278],[139.48475,-16.43434],[139.47475,-16.43918],[139.47538,-16.44064],[139.47456,-16.44226],[139.4645,-16.4466],[139.45626,-16.4485],[139.43685,-16.44919],[139.41914,-16.44609],[139.40047,-16.44824],[139.38677,-16.4525],[139.36371,-16.45288],[139.36108,-16.45476],[139.35895,-16.45933],[139.36041,-16.46073],[139.3722,-16.46461],[139.37475,-16.46741],[139.37025,-16.46873],[139.36499,-16.46417],[139.36644,-16.46847],[139.36512,-16.46898],[139.36343,-16.46543],[139.35994,-16.46397],[139.3571,-16.46109],[139.35602,-16.45808],[139.34758,-16.46259],[139.33312,-16.46611],[139.32542,-16.46521],[139.31405,-16.46087],[139.30953,-16.46134],[139.30365,-16.46386],[139.29811,-16.46862],[139.29493,-16.47402],[139.29043,-16.4789],[139.26358,-16.49473],[139.25539,-16.49729],[139.24833,-16.5022],[139.24123,-16.50533],[139.24329,-16.50898],[139.24128,-16.51908],[139.23438,-16.52634],[139.21789,-16.53621],[139.22037,-16.53768],[139.22075,-16.53981],[139.21301,-16.55059],[139.21361,-16.55373],[139.21695,-16.55616],[139.21729,-16.55778],[139.21003,-16.57125],[139.20022,-16.57955],[139.18412,-16.59025],[139.17511,-16.59884],[139.16841,-16.60297],[139.16046,-16.60983]]],[[[139.15111,-16.78307],[139.1508,-16.78343],[139.1505,-16.7838],[139.15111,-16.78307]]],[[[139.15301,-16.7752],[139.15525,-16.77459],[139.15545,-16.77427],[139.15352,-16.77459],[139.15301,-16.7752]]],[[[139.1616,-16.74055],[139.16235,-16.74345],[139.16626,-16.74771],[139.16382,-16.74423],[139.16291,-16.7406],[139.1616,-16.74055]]],[[[139.19502,-16.99304],[139.19986,-16.99462],[139.20182,-16.99573],[139.19975,-16.99265],[139.19502,-16.99304]]],[[[139.20594,-17.00651],[139.20522,-17.0109],[139.20767,-17.01625],[139.20738,-17.01773],[139.2096,-17.01866],[139.21253,-17.02215],[139.21443,-17.02789],[139.21467,-17.03396],[139.21893,-17.03155],[139.22336,-17.03157],[139.22628,-17.03583],[139.22763,-17.04051],[139.23235,-17.04603],[139.23561,-17.04795],[139.23966,-17.04633],[139.24805,-17.04657],[139.25108,-17.05091],[139.25104,-17.0566],[139.25931,-17.05554],[139.2613,-17.05893],[139.26548,-17.05867],[139.26365,-17.05373],[139.24962,-17.04352],[139.24499,-17.03811],[139.24159,-17.03116],[139.22886,-17.02332],[139.22471,-17.01749],[139.21818,-17.01386],[139.21228,-17.00609],[139.20727,-17.00561],[139.20594,-17.00651]]],[[[139.25185,-16.2299],[139.25174,-16.23082],[139.25304,-16.23258],[139.25356,-16.23011],[139.25185,-16.2299]]],[[[139.2606,-16.99051],[139.26259,-16.99363],[139.26162,-16.99857],[139.2623,-17.00014],[139.26374,-16.99863],[139.26844,-16.99835],[139.27098,-17.00115],[139.27126,-16.99832],[139.27377,-16.99681],[139.27496,-16.99323],[139.27946,-16.99477],[139.27609,-16.9911],[139.27302,-16.99177],[139.26925,-16.98923],[139.26779,-16.98983],[139.26458,-16.98867],[139.26407,-16.9872],[139.2606,-16.99051]]],[[[139.2714,-16.26836],[139.27268,-16.27072],[139.27385,-16.27605],[139.27791,-16.26857],[139.27644,-16.26618],[139.27696,-16.26327],[139.27519,-16.26367],[139.27663,-16.26744],[139.27481,-16.26847],[139.2714,-16.26836]]],[[[139.28009,-16.26297],[139.2802,-16.26417],[139.28093,-16.26397],[139.28009,-16.26297]]],[[[139.28841,-16.74403],[139.28862,-16.74831],[139.29145,-16.74922],[139.29335,-16.75271],[139.2956,-16.75241],[139.29558,-16.74971],[139.29059,-16.7465],[139.28939,-16.74332],[139.28841,-16.74403]]],[[[139.36104,-16.95404],[139.3611,-16.95648],[139.36348,-16.95722],[139.36401,-16.95549],[139.36205,-16.95366],[139.36104,-16.95404]]],[[[139.36489,-17.06929],[139.36547,-17.07179],[139.36875,-17.07329],[139.38245,-17.07545],[139.38762,-17.07519],[139.3897,-17.07439],[139.38717,-17.07504],[139.38546,-17.07277],[139.37427,-17.06861],[139.36489,-17.06929]]],[[[139.37069,-17.00195],[139.37296,-17.00696],[139.37574,-17.00769],[139.37582,-17.00676],[139.37069,-17.00195]]],[[[139.37739,-17.03095],[139.37827,-17.03118],[139.38085,-17.02988],[139.3825,-17.02438],[139.38562,-17.0239],[139.38222,-17.02428],[139.38055,-17.02976],[139.37739,-17.03095]]],[[[139.37842,-16.64011],[139.3794,-16.64337],[139.3774,-16.64572],[139.37876,-16.64812],[139.38155,-16.6459],[139.38222,-16.6427],[139.38381,-16.64209],[139.38225,-16.63932],[139.38198,-16.6345],[139.37842,-16.64011]]],[[[139.39394,-17.08254],[139.39615,-17.092],[139.3988,-17.09558],[139.39899,-17.09803],[139.40097,-17.09984],[139.40095,-17.10671],[139.40527,-17.10883],[139.40999,-17.11352],[139.41089,-17.1222],[139.41537,-17.12574],[139.41819,-17.12434],[139.42043,-17.12578],[139.42548,-17.12582],[139.42127,-17.12158],[139.42189,-17.11807],[139.4262,-17.11128],[139.42677,-17.10896],[139.42581,-17.10768],[139.42897,-17.10595],[139.42805,-17.10341],[139.42989,-17.10248],[139.4312,-17.10347],[139.43317,-17.10075],[139.43874,-17.10132],[139.45105,-17.09766],[139.47469,-17.09303],[139.47378,-17.09557],[139.47645,-17.09793],[139.47735,-17.10031],[139.4751,-17.10814],[139.47663,-17.11314],[139.47787,-17.1127],[139.47871,-17.1136],[139.47792,-17.11654],[139.47912,-17.11585],[139.48041,-17.11827],[139.48094,-17.11623],[139.48238,-17.11625],[139.48369,-17.11764],[139.48271,-17.11829],[139.48428,-17.11879],[139.48732,-17.116],[139.49519,-17.11507],[139.49785,-17.11722],[139.50269,-17.11713],[139.5034,-17.1184],[139.50823,-17.12036],[139.51386,-17.11893],[139.51019,-17.11531],[139.51305,-17.11365],[139.51507,-17.1153],[139.51657,-17.11368],[139.51484,-17.11248],[139.51619,-17.1082],[139.52128,-17.10407],[139.53941,-17.09927],[139.54984,-17.09867],[139.55215,-17.09961],[139.55977,-17.0949],[139.56668,-17.09246],[139.56832,-17.09339],[139.5741,-17.09184],[139.5766,-17.09396],[139.57856,-17.09398],[139.57379,-17.08814],[139.57102,-17.08265],[139.56053,-17.07412],[139.5518,-17.05652],[139.55013,-17.0463],[139.55202,-17.0447],[139.55347,-17.03993],[139.55495,-17.03975],[139.55673,-17.03421],[139.55062,-17.0354],[139.54346,-17.03147],[139.53855,-17.02478],[139.53149,-17.01776],[139.51949,-17.00825],[139.50938,-16.9972],[139.50626,-16.99246],[139.50423,-16.9858],[139.49874,-16.98414],[139.49488,-16.98037],[139.49179,-16.97949],[139.49132,-16.98112],[139.49486,-16.99109],[139.49327,-16.99753],[139.49726,-17.00137],[139.49571,-17.00226],[139.49377,-17.00961],[139.49448,-17.0142],[139.49047,-17.01998],[139.48364,-17.02645],[139.47611,-17.02852],[139.47393,-17.0318],[139.47091,-17.03242],[139.47079,-17.031],[139.46619,-17.03011],[139.45792,-17.03055],[139.45661,-17.03195],[139.4579,-17.0332],[139.45508,-17.03981],[139.45617,-17.04355],[139.45359,-17.05397],[139.44335,-17.06226],[139.43436,-17.06625],[139.43417,-17.06832],[139.42844,-17.07292],[139.42887,-17.07375],[139.42383,-17.07902],[139.40999,-17.08446],[139.39394,-17.08254]]],[[[139.44381,-16.68236],[139.44366,-16.68639],[139.43787,-16.69678],[139.44087,-16.69831],[139.44054,-16.70452],[139.44428,-16.7067],[139.45076,-16.70701],[139.45197,-16.70792],[139.46426,-16.70056],[139.46785,-16.68934],[139.472,-16.68293],[139.47601,-16.68029],[139.47538,-16.6761],[139.47179,-16.67001],[139.46905,-16.67093],[139.46715,-16.66855],[139.46571,-16.66857],[139.46177,-16.6719],[139.45705,-16.67283],[139.45592,-16.67795],[139.45468,-16.67606],[139.45579,-16.67414],[139.45497,-16.67376],[139.45069,-16.67674],[139.44805,-16.6804],[139.44381,-16.68236]]],[[[139.45301,-16.66417],[139.45417,-16.6674],[139.45771,-16.66797],[139.45819,-16.66638],[139.45301,-16.66417]]],[[[139.45787,-16.66908],[139.45895,-16.66913],[139.45944,-16.6688],[139.45893,-16.6684],[139.45787,-16.66908]]],[[[139.47374,-16.61055],[139.47389,-16.61116],[139.47434,-16.61086],[139.47374,-16.61055]]],[[[139.55261,-17.11477],[139.55369,-17.11962],[139.5492,-17.12465],[139.55019,-17.12711],[139.54869,-17.12855],[139.5501,-17.12977],[139.54971,-17.13089],[139.55163,-17.12991],[139.55424,-17.13116],[139.55422,-17.12459],[139.55617,-17.12411],[139.55525,-17.12344],[139.55931,-17.11939],[139.56123,-17.11521],[139.55986,-17.11458],[139.5565,-17.11626],[139.55378,-17.11373],[139.55261,-17.11477]]],[[[139.59538,-17.11187],[139.59705,-17.11386],[139.59839,-17.12106],[139.59767,-17.12331],[139.59856,-17.12927],[139.59687,-17.13287],[139.60336,-17.1346],[139.60467,-17.13675],[139.60445,-17.13853],[139.61001,-17.13725],[139.61488,-17.13944],[139.6157,-17.13477],[139.61409,-17.13365],[139.61423,-17.12757],[139.61234,-17.12369],[139.61346,-17.11856],[139.62941,-17.09034],[139.63358,-17.08609],[139.63374,-17.08329],[139.63686,-17.07708],[139.63993,-17.07756],[139.63927,-17.07375],[139.63423,-17.06592],[139.62924,-17.06256],[139.62653,-17.06181],[139.62569,-17.06268],[139.62389,-17.06696],[139.62584,-17.07209],[139.62523,-17.07817],[139.6215,-17.08076],[139.6216,-17.08294],[139.61976,-17.08481],[139.61925,-17.0872],[139.61367,-17.09296],[139.6158,-17.09942],[139.61423,-17.10103],[139.61551,-17.10328],[139.61459,-17.10603],[139.60582,-17.11118],[139.60071,-17.11227],[139.59538,-17.11187]]],[[[139.70121,-16.47499],[139.70385,-16.48233],[139.70957,-16.49066],[139.71382,-16.4922],[139.7204,-16.49073],[139.72404,-16.49162],[139.7263,-16.4932],[139.72705,-16.49776],[139.72918,-16.49885],[139.73048,-16.5017],[139.73261,-16.50119],[139.73401,-16.49172],[139.73322,-16.48477],[139.73518,-16.47839],[139.73168,-16.47537],[139.73031,-16.47256],[139.72897,-16.462],[139.73058,-16.45641],[139.72997,-16.45463],[139.72613,-16.45182],[139.71776,-16.4509],[139.71269,-16.45813],[139.71204,-16.46656],[139.70823,-16.47229],[139.70121,-16.47499]]],[[[139.80309,-16.48806],[139.8026,-16.49003],[139.80711,-16.49447],[139.80689,-16.49764],[139.80928,-16.49458],[139.81349,-16.49321],[139.81261,-16.49124],[139.81031,-16.49154],[139.80421,-16.48763],[139.80309,-16.48806]]],[[[139.80802,-16.50254],[139.80873,-16.5027],[139.80955,-16.50257],[139.80875,-16.50139],[139.80802,-16.50254]]],[[[139.82557,-16.7034],[139.83211,-16.70328],[139.83975,-16.6999],[139.83903,-16.69847],[139.83196,-16.69775],[139.82557,-16.7034]]],[[[139.84183,-16.70901],[139.84161,-16.70984],[139.84196,-16.70903],[139.84183,-16.70901]]],[[[139.84289,-16.70681],[139.84284,-16.70796],[139.84332,-16.70673],[139.84289,-16.70681]]],[[[139.8477,-16.66406],[139.84995,-16.66532],[139.85437,-16.6713],[139.85553,-16.67386],[139.85505,-16.67755],[139.85874,-16.67225],[139.86028,-16.66784],[139.86736,-16.66353],[139.87238,-16.66394],[139.87476,-16.663],[139.87894,-16.65697],[139.88724,-16.65379],[139.87683,-16.64935],[139.87465,-16.64521],[139.87168,-16.64582],[139.86971,-16.64641],[139.86794,-16.64864],[139.8694,-16.65568],[139.86681,-16.65912],[139.86038,-16.66128],[139.85259,-16.66117],[139.8477,-16.66406]]]]},"properties":{"Police Region Name":"Northern Region","Police Region Code":"NR","Police Region Short Name":"Northern","DDMG Count":2,"DDMG Names":"Mount Isa, Townsville","Note":"Disaster Management Region: the reporting grouping of disaster districts used by the consuming reports. Not the QPS operational region boundary - see qld_qps_regions_gda94_simp10."},"id":"NR"},{"type":"Feature","geometry":{"type":"Polygon","coordinates":[[[153.28685,-27.69295],[153.2873,-27.69275],[153.28749,-27.69226],[153.28759,-27.6922],[153.2876,-27.69198],[153.28769,-27.69021],[153.28775,-27.68899],[153.28639,-27.68782],[153.28993,-27.68864],[153.29033,-27.68776],[153.29025,-27.68774],[153.28572,-27.68662],[153.28224,-27.68711],[153.283,-27.68348],[153.28098,-27.68318],[153.28265,-27.67419],[153.28082,-27.67392],[153.28047,-27.67256],[153.28175,-27.6715],[153.28105,-27.66917],[153.28235,-27.66708],[153.28228,-27.66694],[153.28024,-27.66308],[153.28068,-27.658],[153.26276,-27.65605],[153.26245,-27.65398],[153.25452,-27.65281],[153.25492,-27.64958],[153.23888,-27.64736],[153.23878,-27.64922],[153.20851,-27.64517],[153.20611,-27.64394],[153.207,-27.64122],[153.19392,-27.63947],[153.19356,-27.64158],[153.18755,-27.64075],[153.18761,-27.63978],[153.18321,-27.63829],[153.18361,-27.63471],[153.17384,-27.63425],[153.17575,-27.62347],[153.18173,-27.62431],[153.18376,-27.61259],[153.18083,-27.60912],[153.17328,-27.60604],[153.17144,-27.60328],[153.15984,-27.59577],[153.15636,-27.59184],[153.14736,-27.59056],[153.1423,-27.59131],[153.14024,-27.58962],[153.12399,-27.58722],[153.12307,-27.58771],[153.12187,-27.59535],[153.10592,-27.5932],[153.10584,-27.59319],[153.10113,-27.61793],[153.0947,-27.61717],[153.09372,-27.62081],[153.09582,-27.62111],[153.09748,-27.62289],[153.09673,-27.62712],[153.09146,-27.62631],[153.09099,-27.62893],[153.09461,-27.63178],[153.09488,-27.63003],[153.09616,-27.63034],[153.09457,-27.63933],[153.09645,-27.6396],[153.09684,-27.64203],[153.09443,-27.64287],[153.0954,-27.64505],[153.07776,-27.65196],[153.07232,-27.65097],[153.06945,-27.65293],[153.06766,-27.65106],[153.05875,-27.6568],[153.04003,-27.65402],[153.03722,-27.66022],[152.99865,-27.65459],[152.99553,-27.65354],[152.97883,-27.64638],[152.97322,-27.63916],[152.96963,-27.63666],[152.94989,-27.63298],[152.94427,-27.62914],[152.94413,-27.62912],[152.94391,-27.62903],[152.94088,-27.62864],[152.93976,-27.62847],[152.94088,-27.62867],[152.93781,-27.64213],[152.9374,-27.64261],[152.92455,-27.65782],[152.9275,-27.66289],[152.93139,-27.66639],[152.92331,-27.70817],[152.89065,-27.70359],[152.88279,-27.74736],[152.87465,-27.74629],[152.87332,-27.75345],[152.85794,-27.75112],[152.85679,-27.75727],[152.84345,-27.7553],[152.84318,-27.75679],[152.83599,-27.75573],[152.83394,-27.75267],[152.83458,-27.74758],[152.82926,-27.74679],[152.82824,-27.75273],[152.82302,-27.75204],[152.82226,-27.75639],[152.81139,-27.75491],[152.81105,-27.75904],[152.80803,-27.75866],[152.80411,-27.77634],[152.80483,-27.77644],[152.8033,-27.78559],[152.81143,-27.78681],[152.8118,-27.78429],[152.8178,-27.78556],[152.8219,-27.78497],[152.82176,-27.78911],[152.82568,-27.79812],[152.82602,-27.80504],[152.82519,-27.8066],[152.82646,-27.80751],[152.82502,-27.80932],[152.8274,-27.80965],[152.82641,-27.81505],[152.81636,-27.81363],[152.81406,-27.82621],[152.80405,-27.82486],[152.80559,-27.81698],[152.79576,-27.81543],[152.79997,-27.81488],[152.80247,-27.79837],[152.78563,-27.79622],[152.78655,-27.7909],[152.78485,-27.78883],[152.76072,-27.78531],[152.7627,-27.77294],[152.75801,-27.76742],[152.70756,-27.75831],[152.70427,-27.74961],[152.68639,-27.74686],[152.68625,-27.75061],[152.684,-27.75137],[152.68441,-27.75249],[152.66753,-27.74998],[152.66863,-27.74333],[152.65537,-27.74137],[152.65597,-27.73831],[152.63913,-27.73656],[152.63822,-27.7416],[152.60764,-27.7371],[152.60865,-27.73165],[152.60461,-27.73135],[152.60576,-27.72499],[152.59862,-27.72393],[152.5982,-27.72626],[152.57984,-27.7236],[152.58065,-27.71914],[152.5619,-27.71646],[152.56178,-27.72103],[152.54213,-27.71828],[152.54213,-27.71938],[152.52946,-27.71763],[152.52965,-27.71694],[152.52486,-27.72122],[152.52296,-27.727],[152.52371,-27.73633],[152.51933,-27.76117],[152.499,-27.75827],[152.4945,-27.78343],[152.48189,-27.78166],[152.48122,-27.78513],[152.46741,-27.78313],[152.46716,-27.78924],[152.46385,-27.79378],[152.46233,-27.80257],[152.45991,-27.80318],[152.45118,-27.802],[152.4434,-27.84477],[152.43587,-27.84372],[152.43625,-27.84163],[152.42847,-27.84048],[152.42546,-27.85718],[152.42089,-27.85656],[152.41928,-27.86547],[152.40235,-27.8637],[152.40175,-27.86655],[152.40529,-27.87123],[152.40592,-27.87597],[152.40665,-27.87775],[152.41157,-27.88335],[152.41022,-27.88705],[152.41132,-27.89156],[152.41011,-27.89588],[152.41167,-27.89804],[152.41116,-27.90128],[152.40485,-27.90432],[152.40406,-27.90575],[152.40477,-27.91425],[152.40562,-27.9191],[152.4091,-27.91953],[152.40852,-27.92321],[152.4106,-27.92676],[152.4111,-27.9303],[152.41245,-27.93076],[152.41049,-27.93424],[152.41273,-27.93541],[152.41318,-27.93893],[152.41486,-27.94045],[152.41587,-27.94463],[152.41129,-27.94784],[152.40824,-27.95219],[152.40505,-27.95368],[152.40216,-27.95914],[152.40286,-27.96206],[152.40132,-27.96774],[152.40174,-27.97182],[152.40145,-27.97205],[152.40068,-27.97267],[152.39469,-27.97752],[152.38906,-27.97412],[152.3864,-27.97511],[152.38281,-27.9788],[152.38373,-27.98352],[152.378,-27.99056],[152.37683,-28.00777],[152.37491,-28.01288],[152.38147,-28.02103],[152.38298,-28.02473],[152.39031,-28.03086],[152.38821,-28.03604],[152.39336,-28.04173],[152.39433,-28.04405],[152.39376,-28.04659],[152.39503,-28.04899],[152.39003,-28.05945],[152.39761,-28.06172],[152.40095,-28.06463],[152.41064,-28.06876],[152.41631,-28.06975],[152.4164,-28.07373],[152.41472,-28.07867],[152.41647,-28.08129],[152.41845,-28.08849],[152.41712,-28.09068],[152.41084,-28.09358],[152.40834,-28.0995],[152.41172,-28.10572],[152.41172,-28.11356],[152.41393,-28.11632],[152.41955,-28.11908],[152.42153,-28.12445],[152.42614,-28.1291],[152.43404,-28.13101],[152.43205,-28.14263],[152.43376,-28.1438],[152.43489,-28.14751],[152.43441,-28.15085],[152.43554,-28.15631],[152.44009,-28.16136],[152.44655,-28.16389],[152.44669,-28.16643],[152.44208,-28.17706],[152.44212,-28.17828],[152.44311,-28.17988],[152.4473,-28.18664],[152.44762,-28.18933],[152.45055,-28.19044],[152.45557,-28.19538],[152.45821,-28.19439],[152.46303,-28.19528],[152.46979,-28.19421],[152.47086,-28.19496],[152.47074,-28.20031],[152.47238,-28.20205],[152.47316,-28.2053],[152.47053,-28.20763],[152.46982,-28.21068],[152.46738,-28.21259],[152.4656,-28.21675],[152.46021,-28.21837],[152.45824,-28.221],[152.45859,-28.2266],[152.46992,-28.22887],[152.46942,-28.23196],[152.47428,-28.23397],[152.47543,-28.23356],[152.4763,-28.22823],[152.48235,-28.22951],[152.48453,-28.23315],[152.48798,-28.23469],[152.48727,-28.23888],[152.49036,-28.23917],[152.49292,-28.24256],[152.48756,-28.24748],[152.48768,-28.25345],[152.49719,-28.25335],[152.50753,-28.249],[152.50931,-28.24918],[152.5131,-28.25145],[152.51581,-28.2518],[152.51673,-28.25473],[152.51606,-28.25682],[152.51868,-28.25695],[152.5217,-28.26073],[152.52894,-28.26172],[152.53195,-28.26325],[152.53397,-28.26269],[152.53433,-28.26473],[152.53649,-28.26589],[152.5329,-28.27231],[152.5328,-28.27958],[152.52888,-28.28664],[152.5293,-28.29794],[152.52559,-28.30179],[152.52592,-28.30598],[152.53355,-28.31073],[152.53888,-28.31135],[152.54325,-28.31592],[152.54405,-28.31894],[152.54707,-28.32052],[152.54906,-28.32127],[152.55495,-28.31897],[152.55391,-28.32445],[152.55468,-28.32554],[152.5568,-28.32402],[152.56404,-28.32353],[152.5723,-28.32675],[152.57462,-28.33409],[152.57951,-28.3392],[152.58292,-28.3344],[152.58294,-28.33189],[152.58523,-28.32841],[152.58918,-28.326],[152.59387,-28.31914],[152.59652,-28.31808],[152.59759,-28.3145],[152.59678,-28.31355],[152.59908,-28.30958],[152.60182,-28.30731],[152.59733,-28.29129],[152.59962,-28.28368],[152.60328,-28.27924],[152.61066,-28.27445],[152.61424,-28.26948],[152.6161,-28.27184],[152.61571,-28.27464],[152.61722,-28.27702],[152.61753,-28.28257],[152.62092,-28.28402],[152.62351,-28.28889],[152.62214,-28.29318],[152.62394,-28.29574],[152.62412,-28.2983],[152.62695,-28.30011],[152.62843,-28.30356],[152.63536,-28.30718],[152.63975,-28.31219],[152.64431,-28.31302],[152.6468,-28.31207],[152.64848,-28.31338],[152.65912,-28.30988],[152.66752,-28.3117],[152.66819,-28.31381],[152.67182,-28.31533],[152.67355,-28.31797],[152.67396,-28.32629],[152.67949,-28.33058],[152.68637,-28.32915],[152.6884,-28.33484],[152.69241,-28.3368],[152.69858,-28.33567],[152.70132,-28.33803],[152.70414,-28.33843],[152.70464,-28.34098],[152.70764,-28.34429],[152.71285,-28.34137],[152.71991,-28.34523],[152.72305,-28.34413],[152.73094,-28.35232],[152.73111,-28.35395],[152.73318,-28.35452],[152.7341,-28.35338],[152.73701,-28.35514],[152.74032,-28.35919],[152.74653,-28.36068],[152.75095,-28.36388],[152.75697,-28.3636],[152.76104,-28.36016],[152.76185,-28.35828],[152.75822,-28.35508],[152.7598,-28.35246],[152.77739,-28.34597],[152.78173,-28.34669],[152.78669,-28.34919],[152.7879,-28.35123],[152.79167,-28.35208],[152.79338,-28.35404],[152.798,-28.35295],[152.79991,-28.35394],[152.80426,-28.35357],[152.80595,-28.35146],[152.80907,-28.35064],[152.80931,-28.34208],[152.81155,-28.34132],[152.81253,-28.33917],[152.81861,-28.33504],[152.82311,-28.33548],[152.82457,-28.33219],[152.82369,-28.32891],[152.82832,-28.32468],[152.82858,-28.32286],[152.83137,-28.31967],[152.83876,-28.32214],[152.8402,-28.32161],[152.84367,-28.31955],[152.84742,-28.31545],[152.84942,-28.31119],[152.85183,-28.31116],[152.85471,-28.31279],[152.8596,-28.31147],[152.86577,-28.31358],[152.8755,-28.31243],[152.88042,-28.30981],[152.88269,-28.31332],[152.89343,-28.31793],[152.89991,-28.32538],[152.90853,-28.32634],[152.91542,-28.3304],[152.92337,-28.33159],[152.93427,-28.33766],[152.93917,-28.33475],[152.94514,-28.33567],[152.95075,-28.33364],[152.97318,-28.33182],[152.97815,-28.33366],[152.9836,-28.33811],[152.98982,-28.33663],[152.99609,-28.33996],[153.00317,-28.33969],[153.01006,-28.34129],[153.02223,-28.33805],[153.02516,-28.33944],[153.03048,-28.33971],[153.0326,-28.34196],[153.03544,-28.34168],[153.03807,-28.34345],[153.0449,-28.33901],[153.04907,-28.34203],[153.05174,-28.34141],[153.05325,-28.34315],[153.05784,-28.34275],[153.05941,-28.34393],[153.0653,-28.34424],[153.06712,-28.34636],[153.07065,-28.34784],[153.07159,-28.35031],[153.07417,-28.3522],[153.07751,-28.35197],[153.07931,-28.35402],[153.08631,-28.35462],[153.08918,-28.35332],[153.09833,-28.35696],[153.10229,-28.35788],[153.10459,-28.35721],[153.10765,-28.35849],[153.10893,-28.35731],[153.10855,-28.35633],[153.11114,-28.35642],[153.11319,-28.3529],[153.11382,-28.34925],[153.11547,-28.34768],[153.11683,-28.34366],[153.11673,-28.3415],[153.12051,-28.342],[153.1253,-28.33931],[153.1252,-28.33674],[153.12676,-28.33623],[153.13024,-28.33028],[153.12483,-28.32393],[153.12407,-28.3202],[153.125,-28.31776],[153.13296,-28.31754],[153.13575,-28.31212],[153.13828,-28.31125],[153.14328,-28.3122],[153.14249,-28.30532],[153.15292,-28.30192],[153.15398,-28.29725],[153.15515,-28.29612],[153.16083,-28.29609],[153.16438,-28.29789],[153.16774,-28.29548],[153.16917,-28.29311],[153.16541,-28.28889],[153.1665,-28.28512],[153.16225,-28.28247],[153.1612,-28.2794],[153.17517,-28.27421],[153.17393,-28.2702],[153.17459,-28.26854],[153.17164,-28.26365],[153.17148,-28.25918],[153.17292,-28.25885],[153.17667,-28.2496],[153.17978,-28.25025],[153.18251,-28.2486],[153.18817,-28.24751],[153.19948,-28.25655],[153.20319,-28.25571],[153.20437,-28.25334],[153.20738,-28.25296],[153.20738,-28.25289],[153.21139,-28.25748],[153.21854,-28.26338],[153.23284,-28.26507],[153.23451,-28.26286],[153.23624,-28.25558],[153.24392,-28.2473],[153.24652,-28.24668],[153.24973,-28.24749],[153.2504,-28.24652],[153.264,-28.24348],[153.26905,-28.23861],[153.27424,-28.23801],[153.2772,-28.2342],[153.2796,-28.23349],[153.2866,-28.23543],[153.29151,-28.23376],[153.29619,-28.23381],[153.30037,-28.23803],[153.30476,-28.2397],[153.31204,-28.23732],[153.31456,-28.23718],[153.31685,-28.23853],[153.32186,-28.2378],[153.32572,-28.23594],[153.32977,-28.23687],[153.33103,-28.23888],[153.33189,-28.24613],[153.3391,-28.25055],[153.34585,-28.24845],[153.35728,-28.24927],[153.36472,-28.24735],[153.37218,-28.24274],[153.37892,-28.24031],[153.3825,-28.23745],[153.38753,-28.23638],[153.38972,-28.23483],[153.39051,-28.23273],[153.38944,-28.23098],[153.39091,-28.22789],[153.39755,-28.21895],[153.40571,-28.21102],[153.41491,-28.20742],[153.41824,-28.20247],[153.41781,-28.20056],[153.42433,-28.19785],[153.43576,-28.18717],[153.44584,-28.18425],[153.45262,-28.18104],[153.45705,-28.18052],[153.45915,-28.17816],[153.45852,-28.17501],[153.4667,-28.16445],[153.46845,-28.16243],[153.47248,-28.16175],[153.47497,-28.15802],[153.47695,-28.15689],[153.48258,-28.15832],[153.48585,-28.15704],[153.53116,-28.17524],[153.53465,-28.17764],[153.54145,-28.169],[153.55194,-28.16449],[153.55016,-28.16362],[153.55006,-28.16249],[153.5478,-28.16442],[153.54463,-28.16464],[153.54289,-28.1672],[153.53593,-28.16628],[153.53697,-28.16463],[153.53228,-28.16711],[153.52321,-28.16641],[153.51099,-28.15872],[153.50174,-28.1499],[153.4919,-28.13673],[153.49038,-28.1332],[153.49093,-28.13233],[153.48914,-28.13185],[153.48628,-28.12721],[153.48698,-28.12461],[153.48509,-28.12597],[153.48544,-28.12741],[153.48326,-28.12779],[153.47763,-28.1257],[153.46797,-28.11084],[153.4669,-28.1071],[153.4609,-28.09637],[153.46177,-28.09447],[153.46031,-28.09575],[153.46003,-28.09107],[153.45754,-28.08945],[153.45385,-28.08928],[153.45139,-28.08632],[153.4462,-28.07278],[153.44703,-28.07189],[153.44506,-28.07005],[153.43987,-28.05021],[153.43239,-28.01238],[153.43002,-27.98981],[153.42918,-27.96704],[153.42926,-27.96311],[153.43009,-27.96314],[153.43033,-27.93996],[153.43039,-27.93901],[153.43291,-27.93901],[153.43291,-27.93811],[153.42899,-27.93811],[153.42903,-27.9365],[153.43369,-27.93527],[153.42942,-27.93609],[153.43,-27.93321],[153.42878,-27.92522],[153.42524,-27.91029],[153.4248,-27.89734],[153.42634,-27.87394],[153.43628,-27.80412],[153.44266,-27.7679],[153.44672,-27.75249],[153.44934,-27.74747],[153.44906,-27.7438],[153.44559,-27.73891],[153.44674,-27.7352],[153.43929,-27.73575],[153.42525,-27.74266],[153.41447,-27.74353],[153.41334,-27.74362],[153.41244,-27.74313],[153.40826,-27.74085],[153.4059,-27.73567],[153.40507,-27.73385],[153.4038,-27.7266],[153.40293,-27.72479],[153.40071,-27.72106],[153.39531,-27.71656],[153.39311,-27.71507],[153.39303,-27.71466],[153.39172,-27.70772],[153.38764,-27.70745],[153.38481,-27.7103],[153.38168,-27.7113],[153.37533,-27.70851],[153.37152,-27.70827],[153.36862,-27.71224],[153.36642,-27.71231],[153.36196,-27.7084],[153.36191,-27.69995],[153.35908,-27.69157],[153.3584,-27.69085],[153.35447,-27.69087],[153.34007,-27.69683],[153.32776,-27.69583],[153.32067,-27.70512],[153.31714,-27.70769],[153.30886,-27.71055],[153.30462,-27.71045],[153.30103,-27.70874],[153.29402,-27.70011],[153.29252,-27.69203],[153.28946,-27.69243],[153.28667,-27.69435],[153.2868,-27.69337],[153.28685,-27.69295]]]},"properties":{"Police Region Name":"South Eastern Region","Police Region Code":"SER","Police Region Short Name":"South East","DDMG Count":2,"DDMG Names":"Gold Coast, Logan","Note":"Disaster Management Region: the reporting grouping of disaster districts used by the consuming reports. Not the QPS operational region boundary - see qld_qps_regions_gda94_simp10."},"id":"SER"},{"type":"Feature","geometry":{"type":"Polygon","coordinates":[[[140.99946,-26.90844],[140.99927,-28.9991],[146.94501,-28.99913],[148.95809,-28.99906],[148.96137,-28.99738],[148.96558,-28.99364],[148.96341,-28.99169],[148.9671,-28.99144],[148.96724,-28.98972],[148.96903,-28.98827],[148.966,-28.98585],[148.97111,-28.98533],[148.97055,-28.98235],[148.97172,-28.97829],[148.97447,-28.9787],[148.97574,-28.97651],[148.97797,-28.97547],[148.98117,-28.97534],[148.98387,-28.97657],[148.98636,-28.97414],[148.99072,-28.9759],[148.99009,-28.97428],[148.99123,-28.97138],[148.99713,-28.97275],[148.99971,-28.97085],[148.99976,-28.96959],[149.00404,-28.96729],[149.00543,-28.96445],[149.00436,-28.96243],[149.00471,-28.96061],[149.01078,-28.96],[149.01177,-28.95828],[149.00877,-28.95853],[149.00804,-28.95773],[149.01162,-28.95548],[149.01428,-28.95767],[149.01685,-28.95651],[149.01944,-28.95936],[149.0211,-28.95704],[149.0278,-28.95449],[149.02967,-28.95542],[149.03004,-28.95718],[149.0316,-28.95688],[149.03454,-28.95282],[149.03317,-28.95165],[149.03616,-28.94866],[149.03436,-28.94759],[149.03463,-28.94554],[149.04012,-28.94237],[149.03887,-28.94088],[149.03979,-28.94018],[149.03847,-28.93908],[149.04302,-28.93945],[149.04357,-28.93813],[149.04249,-28.93727],[149.04371,-28.93607],[149.04346,-28.93456],[149.04562,-28.93458],[149.0456,-28.9315],[149.04232,-28.93137],[149.04334,-28.92998],[149.04262,-28.9269],[149.04726,-28.92454],[149.04745,-28.9221],[149.04499,-28.92056],[149.04752,-28.91986],[149.04853,-28.91619],[149.05078,-28.91771],[149.05498,-28.91193],[149.05805,-28.91136],[149.05868,-28.90783],[149.05688,-28.90572],[149.05782,-28.90399],[149.05582,-28.90227],[149.05607,-28.89988],[149.05611,-28.90003],[149.06062,-28.89461],[149.05769,-28.8938],[149.05863,-28.89228],[149.06082,-28.89008],[149.06403,-28.88911],[149.06338,-28.88699],[149.06106,-28.88779],[149.05909,-28.88582],[149.05682,-28.88711],[149.05487,-28.88644],[149.05502,-28.88438],[149.05917,-28.87937],[149.06354,-28.87847],[149.06664,-28.87254],[149.06849,-28.87306],[149.07057,-28.87163],[149.07011,-28.87026],[149.07232,-28.86627],[149.07232,-28.86382],[149.07532,-28.85925],[149.08004,-28.85817],[149.07912,-28.85174],[149.08117,-28.84695],[149.08005,-28.84385],[149.08053,-28.842],[149.08233,-28.84313],[149.08611,-28.84199],[149.08685,-28.83838],[149.09022,-28.8372],[149.09338,-28.83364],[149.09626,-28.83433],[149.09678,-28.83156],[149.09915,-28.83416],[149.10102,-28.83239],[149.10269,-28.8334],[149.10322,-28.83859],[149.10905,-28.83316],[149.11193,-28.83426],[149.11318,-28.83203],[149.11285,-28.83081],[149.11108,-28.83122],[149.11191,-28.83002],[149.11538,-28.83118],[149.11925,-28.82947],[149.11985,-28.83014],[149.11747,-28.83223],[149.11819,-28.83329],[149.12072,-28.8329],[149.12142,-28.83157],[149.12303,-28.83293],[149.12189,-28.8334],[149.12232,-28.83434],[149.12435,-28.83304],[149.1257,-28.83487],[149.12787,-28.83554],[149.1278,-28.83162],[149.13134,-28.83223],[149.132,-28.83157],[149.13048,-28.83051],[149.13105,-28.82941],[149.13895,-28.82795],[149.13855,-28.82561],[149.14256,-28.82417],[149.14352,-28.82234],[149.14028,-28.82196],[149.14165,-28.82044],[149.14327,-28.82117],[149.14455,-28.81892],[149.14405,-28.81824],[149.14215,-28.81907],[149.14283,-28.8175],[149.14185,-28.81505],[149.14086,-28.81506],[149.14073,-28.81622],[149.13892,-28.81568],[149.14052,-28.8142],[149.1382,-28.81251],[149.13958,-28.81223],[149.14027,-28.81031],[149.13855,-28.80866],[149.13957,-28.80673],[149.14178,-28.8069],[149.14299,-28.80562],[149.1446,-28.80676],[149.14273,-28.80818],[149.14447,-28.80777],[149.14565,-28.80946],[149.14703,-28.80845],[149.14617,-28.80631],[149.14832,-28.80577],[149.14814,-28.80851],[149.15108,-28.8074],[149.15397,-28.80811],[149.15471,-28.8095],[149.15852,-28.80909],[149.16002,-28.81085],[149.1614,-28.80827],[149.16053,-28.80712],[149.16245,-28.80587],[149.16324,-28.80592],[149.16289,-28.80712],[149.16658,-28.80876],[149.16671,-28.80708],[149.1694,-28.80804],[149.16996,-28.80645],[149.17176,-28.80624],[149.17564,-28.80249],[149.17919,-28.80303],[149.17958,-28.79867],[149.18168,-28.79836],[149.18178,-28.79685],[149.18358,-28.79698],[149.18314,-28.79462],[149.18684,-28.79405],[149.18694,-28.79226],[149.18399,-28.79051],[149.18696,-28.78631],[149.18609,-28.78201],[149.19039,-28.78197],[149.19237,-28.78074],[149.19115,-28.77843],[149.18841,-28.77706],[149.18862,-28.77511],[149.19359,-28.77392],[149.19355,-28.77163],[149.19454,-28.77093],[149.19756,-28.77108],[149.19806,-28.7699],[149.19995,-28.76949],[149.20228,-28.77057],[149.20494,-28.76858],[149.20748,-28.76942],[149.20649,-28.76671],[149.20728,-28.76571],[149.2102,-28.7684],[149.21208,-28.76644],[149.21188,-28.76502],[149.21397,-28.76546],[149.2142,-28.76342],[149.2158,-28.76407],[149.21616,-28.76295],[149.219,-28.76281],[149.21993,-28.76561],[149.22099,-28.76593],[149.22227,-28.76425],[149.22462,-28.76466],[149.22377,-28.76239],[149.2255,-28.76309],[149.22548,-28.76101],[149.22861,-28.76189],[149.22757,-28.761],[149.2277,-28.75904],[149.23033,-28.75828],[149.22867,-28.75757],[149.22857,-28.75507],[149.2306,-28.75647],[149.23179,-28.75563],[149.23042,-28.75069],[149.23236,-28.75166],[149.2328,-28.74895],[149.23314,-28.75007],[149.23428,-28.74958],[149.23636,-28.75076],[149.2366,-28.74855],[149.23801,-28.74774],[149.23941,-28.74879],[149.24056,-28.74632],[149.24319,-28.74713],[149.24075,-28.74564],[149.24464,-28.74325],[149.24365,-28.74177],[149.2456,-28.74158],[149.24535,-28.73896],[149.24823,-28.73879],[149.24727,-28.7398],[149.2494,-28.7416],[149.24966,-28.73991],[149.25108,-28.74044],[149.2519,-28.73965],[149.25204,-28.74114],[149.25358,-28.74224],[149.25463,-28.7384],[149.2573,-28.73954],[149.25672,-28.73754],[149.25993,-28.7355],[149.26137,-28.73567],[149.26209,-28.73412],[149.26312,-28.73457],[149.26194,-28.73544],[149.26385,-28.73562],[149.26305,-28.73661],[149.26459,-28.73891],[149.26311,-28.73887],[149.26294,-28.74019],[149.26535,-28.74013],[149.26633,-28.74326],[149.26932,-28.74326],[149.27095,-28.74082],[149.27296,-28.73993],[149.27287,-28.73764],[149.27389,-28.73717],[149.27345,-28.73604],[149.27219,-28.73701],[149.27116,-28.73653],[149.27069,-28.73451],[149.27188,-28.73324],[149.27555,-28.73345],[149.27726,-28.73163],[149.27777,-28.73331],[149.27901,-28.73368],[149.28045,-28.73066],[149.2808,-28.73187],[149.2827,-28.73195],[149.28252,-28.7333],[149.28572,-28.73188],[149.28566,-28.73076],[149.28446,-28.7311],[149.28273,-28.72961],[149.28341,-28.72867],[149.28241,-28.72806],[149.28492,-28.72533],[149.28715,-28.7268],[149.28783,-28.7252],[149.2866,-28.72174],[149.28839,-28.72093],[149.28931,-28.719],[149.2914,-28.71882],[149.2906,-28.71704],[149.29249,-28.71547],[149.29368,-28.71128],[149.29531,-28.71152],[149.29675,-28.70975],[149.30075,-28.7101],[149.30095,-28.70856],[149.30206,-28.70858],[149.30565,-28.71161],[149.30829,-28.7119],[149.30932,-28.71024],[149.31014,-28.71223],[149.31106,-28.71212],[149.31034,-28.71098],[149.31128,-28.71054],[149.31157,-28.71155],[149.31254,-28.71082],[149.31454,-28.71213],[149.31394,-28.71098],[149.31549,-28.71021],[149.31739,-28.71183],[149.31611,-28.71314],[149.31842,-28.7139],[149.31851,-28.71113],[149.32251,-28.70919],[149.31979,-28.70894],[149.31999,-28.70587],[149.32239,-28.70608],[149.32284,-28.70781],[149.32498,-28.7069],[149.32865,-28.70738],[149.32779,-28.70515],[149.33202,-28.7024],[149.32894,-28.69921],[149.33062,-28.69735],[149.33536,-28.69837],[149.34012,-28.69496],[149.3413,-28.69652],[149.3466,-28.69683],[149.34743,-28.69565],[149.34557,-28.69421],[149.34769,-28.69093],[149.34955,-28.69095],[149.35127,-28.69267],[149.35257,-28.6907],[149.35212,-28.68847],[149.35477,-28.68795],[149.35495,-28.68675],[149.35858,-28.68407],[149.36162,-28.68444],[149.36332,-28.68924],[149.36497,-28.6893],[149.36689,-28.6924],[149.36889,-28.69185],[149.36746,-28.6889],[149.36895,-28.68742],[149.37147,-28.68813],[149.37104,-28.6898],[149.37329,-28.68908],[149.37588,-28.69279],[149.37838,-28.69147],[149.37712,-28.6901],[149.37875,-28.68848],[149.37946,-28.69062],[149.38092,-28.68979],[149.38121,-28.69083],[149.38373,-28.69018],[149.38518,-28.69139],[149.38405,-28.69296],[149.38543,-28.69271],[149.38534,-28.69491],[149.38749,-28.69617],[149.388,-28.69428],[149.39156,-28.69138],[149.39395,-28.68657],[149.39412,-28.68414],[149.39281,-28.68226],[149.39434,-28.6803],[149.39382,-28.67749],[149.39642,-28.67769],[149.39896,-28.6747],[149.40187,-28.6762],[149.40538,-28.67541],[149.40566,-28.67443],[149.40431,-28.67343],[149.40649,-28.67297],[149.40933,-28.66966],[149.41426,-28.66709],[149.41357,-28.66502],[149.41071,-28.66754],[149.41029,-28.66675],[149.41144,-28.6658],[149.41019,-28.66393],[149.41297,-28.66227],[149.41615,-28.66288],[149.41753,-28.65985],[149.41601,-28.65827],[149.41706,-28.65466],[149.42114,-28.65622],[149.42335,-28.65512],[149.42297,-28.65365],[149.41893,-28.65398],[149.41682,-28.65133],[149.42284,-28.64956],[149.4253,-28.65061],[149.42631,-28.64953],[149.42566,-28.64698],[149.42853,-28.64692],[149.42752,-28.64485],[149.42824,-28.64351],[149.43086,-28.64315],[149.42906,-28.64066],[149.42926,-28.63953],[149.43098,-28.64007],[149.42964,-28.63765],[149.43275,-28.6376],[149.43099,-28.63634],[149.43309,-28.63486],[149.4285,-28.63173],[149.42975,-28.63039],[149.42818,-28.62942],[149.42971,-28.62845],[149.43015,-28.62619],[149.4328,-28.62807],[149.43264,-28.62643],[149.43503,-28.62643],[149.43551,-28.62486],[149.43798,-28.62443],[149.43807,-28.62268],[149.4431,-28.62021],[149.44301,-28.61938],[149.44,-28.61874],[149.44129,-28.61623],[149.43871,-28.61551],[149.43958,-28.61396],[149.43903,-28.61166],[149.44222,-28.60914],[149.44456,-28.609],[149.44338,-28.6074],[149.44399,-28.60625],[149.44677,-28.60637],[149.44775,-28.6047],[149.45055,-28.60536],[149.45181,-28.60421],[149.45221,-28.60021],[149.454,-28.59906],[149.45248,-28.59486],[149.45555,-28.59599],[149.4558,-28.5927],[149.4588,-28.59426],[149.46182,-28.59144],[149.4625,-28.5933],[149.46471,-28.59314],[149.46748,-28.59654],[149.46685,-28.59398],[149.46838,-28.59186],[149.4698,-28.59438],[149.47151,-28.59236],[149.47319,-28.59388],[149.47535,-28.59378],[149.47697,-28.59164],[149.47722,-28.58772],[149.47836,-28.58816],[149.47945,-28.5914],[149.48089,-28.58987],[149.48136,-28.58713],[149.48257,-28.58659],[149.48121,-28.58272],[149.48329,-28.58334],[149.48597,-28.58225],[149.48781,-28.58427],[149.49032,-28.58476],[149.49323,-28.58023],[149.49695,-28.57831],[149.49627,-28.58056],[149.4972,-28.58077],[149.49917,-28.57774],[149.50285,-28.58072],[149.50375,-28.57845],[149.5033,-28.57437],[149.50597,-28.57643],[149.50789,-28.57567],[149.51015,-28.57757],[149.5115,-28.57607],[149.51236,-28.57646],[149.5136,-28.57829],[149.51287,-28.57992],[149.51376,-28.58194],[149.51503,-28.58167],[149.51549,-28.57945],[149.51698,-28.58023],[149.51763,-28.579],[149.51877,-28.57925],[149.5183,-28.5801],[149.51953,-28.58135],[149.52195,-28.57924],[149.52514,-28.57955],[149.52739,-28.57771],[149.52624,-28.57572],[149.52945,-28.5744],[149.53232,-28.57708],[149.53459,-28.57647],[149.5358,-28.5745],[149.53683,-28.57644],[149.53787,-28.57499],[149.53935,-28.57494],[149.54244,-28.57528],[149.5436,-28.57702],[149.5449,-28.57568],[149.5478,-28.57706],[149.55032,-28.57688],[149.55285,-28.58091],[149.55371,-28.58004],[149.55291,-28.57761],[149.5576,-28.5799],[149.55872,-28.57889],[149.55768,-28.57667],[149.56009,-28.57622],[149.56226,-28.57411],[149.56311,-28.57521],[149.56448,-28.57494],[149.5656,-28.57256],[149.56717,-28.57402],[149.56837,-28.57159],[149.57238,-28.57191],[149.57401,-28.57411],[149.57629,-28.5725],[149.57756,-28.57394],[149.57975,-28.57264],[149.58442,-28.57463],[149.58724,-28.57338],[149.58999,-28.57584],[149.59408,-28.57651],[149.59601,-28.57941],[149.59762,-28.57886],[149.59833,-28.57985],[149.59925,-28.58318],[149.59694,-28.58414],[149.59774,-28.58889],[149.6007,-28.58721],[149.6023,-28.58779],[149.60329,-28.58605],[149.60597,-28.58775],[149.60331,-28.58904],[149.60606,-28.59189],[149.60657,-28.59397],[149.60507,-28.59546],[149.60492,-28.59766],[149.60591,-28.59832],[149.61031,-28.59742],[149.60948,-28.59952],[149.61096,-28.60109],[149.6158,-28.59868],[149.61863,-28.59888],[149.62009,-28.59781],[149.61968,-28.59618],[149.62271,-28.59481],[149.62426,-28.59522],[149.62544,-28.59356],[149.62717,-28.59627],[149.63067,-28.59525],[149.63094,-28.59816],[149.63236,-28.59616],[149.63338,-28.59673],[149.63487,-28.59545],[149.63468,-28.59755],[149.63618,-28.5983],[149.6359,-28.59955],[149.63772,-28.59974],[149.63963,-28.59819],[149.64062,-28.60057],[149.64209,-28.5992],[149.64198,-28.60031],[149.64544,-28.60392],[149.64581,-28.60632],[149.64466,-28.60754],[149.64603,-28.61028],[149.6478,-28.61063],[149.64756,-28.6123],[149.65097,-28.61381],[149.65367,-28.61336],[149.65632,-28.61593],[149.6566,-28.61433],[149.65788,-28.61464],[149.65898,-28.61312],[149.65755,-28.6116],[149.66009,-28.60952],[149.66179,-28.61043],[149.66433,-28.6134],[149.66349,-28.6142],[149.66463,-28.61575],[149.66349,-28.61764],[149.67101,-28.62114],[149.66932,-28.62247],[149.67034,-28.62366],[149.6732,-28.62392],[149.67284,-28.62675],[149.66831,-28.62636],[149.66835,-28.62823],[149.67093,-28.62733],[149.67158,-28.62862],[149.66954,-28.62919],[149.66941,-28.63068],[149.66616,-28.63071],[149.66673,-28.63213],[149.66991,-28.63307],[149.67266,-28.63072],[149.67161,-28.63256],[149.67262,-28.63395],[149.67417,-28.63174],[149.67513,-28.63247],[149.67684,-28.63141],[149.67705,-28.63385],[149.67845,-28.63503],[149.67881,-28.6327],[149.67991,-28.63434],[149.68174,-28.6339],[149.67999,-28.63322],[149.68056,-28.63062],[149.68335,-28.6315],[149.68536,-28.62948],[149.68663,-28.63249],[149.68798,-28.63283],[149.68782,-28.62942],[149.68947,-28.62839],[149.69047,-28.62924],[149.68884,-28.63044],[149.69044,-28.63091],[149.69112,-28.63432],[149.69304,-28.63206],[149.69449,-28.6336],[149.69605,-28.63118],[149.69842,-28.63332],[149.70011,-28.63035],[149.70112,-28.63107],[149.70028,-28.63316],[149.70397,-28.63391],[149.70676,-28.63031],[149.70505,-28.62962],[149.70716,-28.62749],[149.70661,-28.62664],[149.7042,-28.62764],[149.70335,-28.62543],[149.70621,-28.62583],[149.70556,-28.62267],[149.70724,-28.62279],[149.71021,-28.62038],[149.70742,-28.62009],[149.70592,-28.62191],[149.70349,-28.61945],[149.70403,-28.61667],[149.70591,-28.61799],[149.70711,-28.61476],[149.70983,-28.61305],[149.711,-28.61447],[149.71296,-28.61237],[149.71412,-28.61283],[149.71253,-28.61496],[149.71388,-28.61672],[149.71718,-28.61468],[149.71857,-28.61165],[149.72332,-28.61314],[149.72342,-28.61188],[149.72044,-28.6107],[149.72119,-28.60943],[149.72471,-28.60935],[149.72955,-28.61089],[149.72919,-28.61173],[149.72676,-28.61181],[149.7281,-28.61303],[149.72606,-28.61332],[149.72634,-28.61576],[149.72949,-28.61536],[149.73105,-28.61726],[149.73284,-28.61459],[149.73519,-28.61764],[149.73688,-28.61593],[149.73766,-28.61731],[149.73934,-28.61744],[149.74042,-28.61677],[149.73886,-28.61563],[149.73919,-28.61467],[149.74177,-28.61344],[149.74181,-28.6156],[149.74499,-28.61872],[149.74636,-28.61646],[149.74409,-28.61554],[149.74648,-28.61203],[149.7478,-28.61264],[149.74932,-28.61146],[149.75054,-28.61277],[149.75105,-28.61113],[149.75198,-28.61268],[149.7543,-28.61293],[149.75366,-28.61058],[149.75468,-28.60986],[149.75627,-28.60992],[149.75553,-28.61166],[149.75924,-28.61348],[149.75988,-28.61548],[149.76189,-28.61391],[149.76417,-28.6147],[149.765,-28.61308],[149.76776,-28.61449],[149.76775,-28.61134],[149.77066,-28.61306],[149.77094,-28.61448],[149.77258,-28.61452],[149.77382,-28.61213],[149.77145,-28.61139],[149.77248,-28.60925],[149.77495,-28.60997],[149.77567,-28.61329],[149.77723,-28.61321],[149.77767,-28.61123],[149.7798,-28.61019],[149.78087,-28.61252],[149.7834,-28.61232],[149.78376,-28.61443],[149.78649,-28.614],[149.78658,-28.61181],[149.79381,-28.61152],[149.79491,-28.6102],[149.79772,-28.61042],[149.80006,-28.60805],[149.80165,-28.60988],[149.80331,-28.60765],[149.80993,-28.60768],[149.81167,-28.60607],[149.8125,-28.60864],[149.81483,-28.60885],[149.81598,-28.6123],[149.81732,-28.61273],[149.81938,-28.61683],[149.82045,-28.61632],[149.81956,-28.61411],[149.82014,-28.61238],[149.82223,-28.61119],[149.82219,-28.60909],[149.82707,-28.60904],[149.82688,-28.60681],[149.82954,-28.60658],[149.83141,-28.60381],[149.83925,-28.60394],[149.84494,-28.61059],[149.85002,-28.60901],[149.85104,-28.60578],[149.85365,-28.60609],[149.85443,-28.60439],[149.86065,-28.60716],[149.86047,-28.60483],[149.86319,-28.605],[149.86213,-28.60242],[149.86663,-28.60394],[149.86638,-28.60535],[149.86796,-28.6075],[149.87088,-28.60551],[149.87207,-28.60739],[149.87243,-28.60452],[149.87412,-28.60352],[149.87485,-28.60741],[149.87746,-28.60882],[149.87748,-28.61199],[149.88219,-28.60982],[149.88233,-28.61372],[149.88375,-28.61234],[149.88651,-28.61436],[149.88649,-28.61251],[149.8905,-28.61269],[149.89116,-28.61414],[149.8867,-28.61517],[149.88955,-28.61893],[149.89071,-28.61921],[149.89379,-28.61597],[149.89495,-28.61883],[149.89745,-28.61929],[149.89738,-28.62162],[149.89964,-28.6222],[149.90028,-28.62176],[149.89935,-28.61967],[149.90352,-28.61991],[149.90572,-28.61839],[149.9036,-28.61723],[149.90315,-28.61557],[149.90522,-28.61525],[149.90596,-28.61339],[149.90698,-28.61485],[149.90813,-28.61439],[149.90951,-28.6123],[149.9086,-28.61046],[149.91162,-28.61002],[149.91226,-28.61077],[149.91436,-28.60938],[149.91632,-28.60961],[149.91733,-28.60814],[149.91845,-28.61011],[149.91938,-28.60957],[149.92156,-28.61061],[149.92501,-28.60901],[149.92491,-28.6114],[149.92702,-28.61062],[149.92966,-28.61345],[149.93055,-28.612],[149.93337,-28.61284],[149.93418,-28.61063],[149.93606,-28.61039],[149.93712,-28.61547],[149.94209,-28.61839],[149.94323,-28.61766],[149.94326,-28.61389],[149.94555,-28.61451],[149.94674,-28.61283],[149.94959,-28.61303],[149.94862,-28.61078],[149.95092,-28.60833],[149.95311,-28.60995],[149.95438,-28.60841],[149.95752,-28.60793],[149.95702,-28.61007],[149.96273,-28.61254],[149.96272,-28.6104],[149.96471,-28.61089],[149.96836,-28.60869],[149.97088,-28.61024],[149.97069,-28.60849],[149.97224,-28.60812],[149.97406,-28.60928],[149.97583,-28.61324],[149.97725,-28.61357],[149.97851,-28.60878],[149.98146,-28.6082],[149.98227,-28.6053],[149.98442,-28.60411],[149.98744,-28.605],[149.98505,-28.60257],[149.99343,-28.60026],[149.99497,-28.59391],[149.99855,-28.59551],[149.99936,-28.59374],[149.99853,-28.59141],[150.00292,-28.59281],[150.00328,-28.59181],[150.00118,-28.59038],[150.00471,-28.58868],[150.00528,-28.58676],[150.00614,-28.58693],[150.00651,-28.59026],[150.00808,-28.59136],[150.00989,-28.58994],[150.01156,-28.58531],[150.01522,-28.58568],[150.01293,-28.58357],[150.01725,-28.58335],[150.01536,-28.58055],[150.01807,-28.58018],[150.02186,-28.58271],[150.02424,-28.58194],[150.02542,-28.57959],[150.02687,-28.57902],[150.03062,-28.58028],[150.03092,-28.58138],[150.02977,-28.58224],[150.03102,-28.58378],[150.03417,-28.58342],[150.0362,-28.58616],[150.03858,-28.58319],[150.04008,-28.58308],[150.03937,-28.58531],[150.04049,-28.58619],[150.04312,-28.58436],[150.04335,-28.58217],[150.04569,-28.5823],[150.04611,-28.58358],[150.0442,-28.58649],[150.04883,-28.58944],[150.05117,-28.58528],[150.05654,-28.5865],[150.05542,-28.58449],[150.05737,-28.58385],[150.05717,-28.57986],[150.0581,-28.57898],[150.06382,-28.57751],[150.06504,-28.57919],[150.06637,-28.57771],[150.06836,-28.57841],[150.06904,-28.58111],[150.07027,-28.58024],[150.06968,-28.57824],[150.07263,-28.57664],[150.07222,-28.58011],[150.07473,-28.58003],[150.07481,-28.58143],[150.07698,-28.58349],[150.08004,-28.58428],[150.08264,-28.58245],[150.08234,-28.58161],[150.07979,-28.58172],[150.08089,-28.57746],[150.08523,-28.58091],[150.08738,-28.58038],[150.088,-28.57728],[150.08508,-28.57664],[150.08529,-28.57563],[150.09014,-28.57541],[150.08981,-28.57871],[150.09111,-28.57933],[150.09276,-28.57843],[150.09385,-28.57367],[150.09191,-28.57169],[150.09101,-28.56865],[150.09095,-28.56526],[150.09221,-28.56406],[150.09707,-28.56331],[150.10111,-28.56602],[150.10414,-28.56495],[150.10521,-28.56774],[150.11114,-28.57034],[150.11148,-28.56814],[150.11493,-28.56848],[150.11584,-28.56657],[150.1132,-28.56284],[150.11585,-28.56415],[150.11706,-28.56341],[150.11619,-28.56176],[150.12069,-28.56275],[150.12158,-28.55964],[150.12409,-28.56135],[150.12599,-28.56494],[150.12783,-28.56263],[150.13009,-28.56256],[150.12957,-28.56489],[150.13162,-28.56564],[150.13432,-28.56458],[150.13405,-28.56347],[150.13202,-28.56357],[150.13285,-28.56151],[150.13636,-28.56003],[150.13736,-28.56288],[150.1362,-28.56388],[150.13846,-28.56545],[150.13927,-28.56447],[150.13874,-28.5601],[150.14099,-28.56018],[150.14287,-28.56194],[150.14399,-28.56009],[150.14344,-28.55767],[150.14819,-28.55829],[150.14739,-28.55307],[150.15253,-28.55019],[150.1537,-28.55074],[150.1527,-28.55232],[150.15431,-28.55309],[150.15232,-28.55344],[150.15155,-28.55545],[150.15263,-28.55715],[150.15426,-28.55741],[150.15494,-28.55678],[150.15408,-28.55532],[150.15575,-28.55586],[150.15786,-28.55432],[150.15926,-28.55533],[150.16097,-28.55442],[150.16325,-28.55576],[150.16548,-28.55393],[150.16633,-28.55121],[150.16865,-28.5506],[150.16991,-28.55418],[150.1671,-28.55543],[150.16919,-28.55664],[150.17049,-28.56351],[150.17209,-28.56286],[150.17181,-28.55984],[150.17395,-28.55793],[150.17654,-28.55923],[150.18115,-28.55623],[150.18257,-28.55647],[150.18315,-28.55845],[150.18045,-28.56106],[150.18028,-28.56249],[150.17731,-28.56338],[150.18333,-28.56567],[150.18584,-28.56511],[150.18678,-28.56891],[150.18247,-28.56793],[150.18108,-28.56914],[150.18638,-28.57302],[150.18966,-28.57012],[150.18918,-28.56799],[150.19182,-28.56666],[150.19515,-28.56798],[150.19804,-28.56729],[150.202,-28.56996],[150.20233,-28.57246],[150.20355,-28.57325],[150.2082,-28.5726],[150.21259,-28.5743],[150.21365,-28.5729],[150.21244,-28.5683],[150.21373,-28.56724],[150.21553,-28.56717],[150.2178,-28.56878],[150.2195,-28.56665],[150.22663,-28.56865],[150.22845,-28.56776],[150.22934,-28.56519],[150.23372,-28.56078],[150.22977,-28.55878],[150.22994,-28.55573],[150.23203,-28.55615],[150.23625,-28.55986],[150.23858,-28.55998],[150.23929,-28.55767],[150.23543,-28.55569],[150.23562,-28.55393],[150.23952,-28.55418],[150.24231,-28.55244],[150.24397,-28.55477],[150.24847,-28.55263],[150.25385,-28.54644],[150.26127,-28.54487],[150.27025,-28.53958],[150.28211,-28.54281],[150.28797,-28.53778],[150.29136,-28.5373],[150.29578,-28.53966],[150.29704,-28.54407],[150.30053,-28.5485],[150.30925,-28.55063],[150.31317,-28.55537],[150.32016,-28.55696],[150.32309,-28.5666],[150.32787,-28.57111],[150.34163,-28.57499],[150.35057,-28.57506],[150.35113,-28.57621],[150.34908,-28.58115],[150.35153,-28.58674],[150.35491,-28.58927],[150.35894,-28.58989],[150.36283,-28.58907],[150.36359,-28.59125],[150.36282,-28.59675],[150.36823,-28.59828],[150.36694,-28.60341],[150.36376,-28.60564],[150.36331,-28.60738],[150.36415,-28.60879],[150.37031,-28.6105],[150.37051,-28.61169],[150.36857,-28.61344],[150.37015,-28.62114],[150.3746,-28.6229],[150.37961,-28.62715],[150.3867,-28.62603],[150.38709,-28.62768],[150.38483,-28.63165],[150.38752,-28.63381],[150.39168,-28.63403],[150.39689,-28.62897],[150.4016,-28.62718],[150.40415,-28.62924],[150.40445,-28.63098],[150.40885,-28.63402],[150.4124,-28.63345],[150.41481,-28.63424],[150.41588,-28.63553],[150.41581,-28.64542],[150.41489,-28.64695],[150.41204,-28.64782],[150.41289,-28.65043],[150.41603,-28.65226],[150.42089,-28.65023],[150.42558,-28.65106],[150.43285,-28.65572],[150.43718,-28.66145],[150.44216,-28.66429],[150.45303,-28.66595],[150.45668,-28.66355],[150.45814,-28.66827],[150.45927,-28.669],[150.46576,-28.66629],[150.47329,-28.6607],[150.47599,-28.66325],[150.48141,-28.66374],[150.48391,-28.6622],[150.48632,-28.65736],[150.4922,-28.65923],[150.49942,-28.65943],[150.50405,-28.66123],[150.51385,-28.66231],[150.51879,-28.66077],[150.5208,-28.65602],[150.52457,-28.65449],[150.52871,-28.65578],[150.53069,-28.65532],[150.53527,-28.65758],[150.53741,-28.6571],[150.53929,-28.66005],[150.53693,-28.66255],[150.5324,-28.66181],[150.52979,-28.6641],[150.52556,-28.66555],[150.52564,-28.66728],[150.52747,-28.66933],[150.53497,-28.67245],[150.53799,-28.6709],[150.54424,-28.67186],[150.5465,-28.67047],[150.55102,-28.6716],[150.55321,-28.66883],[150.55442,-28.66427],[150.54836,-28.65977],[150.54832,-28.65819],[150.5509,-28.65489],[150.5539,-28.65329],[150.55662,-28.65483],[150.55973,-28.66169],[150.56089,-28.6623],[150.56298,-28.66193],[150.56319,-28.66055],[150.5669,-28.65852],[150.56877,-28.65826],[150.57012,-28.65933],[150.57358,-28.65875],[150.57945,-28.65597],[150.58159,-28.65595],[150.59994,-28.66508],[150.60086,-28.66767],[150.59946,-28.66996],[150.60045,-28.67133],[150.61036,-28.67169],[150.61798,-28.674],[150.62039,-28.66906],[150.62539,-28.66905],[150.62682,-28.66996],[150.62688,-28.67292],[150.63223,-28.67709],[150.64152,-28.66536],[150.66481,-28.65655],[150.67021,-28.65384],[150.67342,-28.65046],[150.67618,-28.6521],[150.67605,-28.65575],[150.67885,-28.66018],[150.68137,-28.66167],[150.68411,-28.65931],[150.68789,-28.65818],[150.69201,-28.65389],[150.70137,-28.65536],[150.70955,-28.65216],[150.71037,-28.65064],[150.70889,-28.64767],[150.71027,-28.64551],[150.72424,-28.64097],[150.72665,-28.63887],[150.72707,-28.63781],[150.72565,-28.63684],[150.72728,-28.63556],[150.7441,-28.63455],[150.74586,-28.63571],[150.75126,-28.63425],[150.75286,-28.63562],[150.75437,-28.64009],[150.76715,-28.63846],[150.77203,-28.64477],[150.78249,-28.64553],[150.79633,-28.65613],[150.79827,-28.65579],[150.79923,-28.65397],[150.8045,-28.6537],[150.81483,-28.65767],[150.8186,-28.65755],[150.81898,-28.65985],[150.81635,-28.66249],[150.81877,-28.66669],[150.82852,-28.66719],[150.83468,-28.66921],[150.83929,-28.67251],[150.84349,-28.67208],[150.84905,-28.67372],[150.85194,-28.67771],[150.85219,-28.68019],[150.8635,-28.68826],[150.86845,-28.68584],[150.87005,-28.68626],[150.87407,-28.69439],[150.87717,-28.69355],[150.88025,-28.68905],[150.88443,-28.69049],[150.88442,-28.69503],[150.8859,-28.69584],[150.89093,-28.695],[150.89197,-28.69122],[150.89472,-28.68847],[150.9043,-28.68732],[150.90744,-28.68852],[150.91138,-28.6954],[150.91542,-28.69852],[150.91985,-28.7007],[150.92306,-28.69884],[150.92476,-28.69902],[150.93061,-28.70511],[150.93242,-28.71574],[150.9324,-28.72235],[150.93818,-28.72566],[150.93842,-28.73125],[150.94301,-28.72864],[150.94592,-28.72882],[150.9475,-28.73074],[150.94746,-28.7338],[150.95244,-28.7367],[150.95522,-28.73713],[150.95808,-28.73523],[150.96066,-28.73575],[150.96334,-28.73784],[150.97043,-28.73207],[150.97949,-28.73263],[150.98342,-28.73617],[150.98955,-28.73607],[150.99379,-28.73824],[150.99869,-28.73819],[151.00289,-28.7407],[151.00992,-28.74095],[151.012,-28.74452],[151.02457,-28.75306],[151.02661,-28.75615],[151.02822,-28.76197],[151.02916,-28.76842],[151.02853,-28.77053],[151.01957,-28.77133],[151.01859,-28.77311],[151.02336,-28.77584],[151.02582,-28.78196],[151.02595,-28.78852],[151.02409,-28.79348],[151.03328,-28.79393],[151.0377,-28.7976],[151.04109,-28.79763],[151.0427,-28.8016],[151.04146,-28.80407],[151.04089,-28.81012],[151.04226,-28.81576],[151.03759,-28.81844],[151.03657,-28.82569],[151.03725,-28.82788],[151.04299,-28.83308],[151.04268,-28.83524],[151.03922,-28.83653],[151.03892,-28.8383],[151.04346,-28.84004],[151.0444,-28.84389],[151.04688,-28.84535],[151.05025,-28.84355],[151.05302,-28.84492],[151.05346,-28.84646],[151.05158,-28.84872],[151.05369,-28.84982],[151.05884,-28.84625],[151.07149,-28.84491],[151.07217,-28.8407],[151.0782,-28.83805],[151.08266,-28.83451],[151.09041,-28.8353],[151.09684,-28.83839],[151.09963,-28.8365],[151.10333,-28.83658],[151.10449,-28.84407],[151.1058,-28.84476],[151.10705,-28.84263],[151.10862,-28.84273],[151.11408,-28.84787],[151.11535,-28.85053],[151.12515,-28.85056],[151.1319,-28.86006],[151.13979,-28.86309],[151.14357,-28.86015],[151.15162,-28.86544],[151.16107,-28.86538],[151.16282,-28.86714],[151.16303,-28.87033],[151.17085,-28.87709],[151.17299,-28.8803],[151.17844,-28.88045],[151.184,-28.87822],[151.19959,-28.88425],[151.20677,-28.89198],[151.20701,-28.89834],[151.21497,-28.9043],[151.22065,-28.90685],[151.22939,-28.9088],[151.2312,-28.90821],[151.23366,-28.90465],[151.23464,-28.9048],[151.23863,-28.9093],[151.24048,-28.91983],[151.24232,-28.92337],[151.25014,-28.92619],[151.25781,-28.93206],[151.26502,-28.93242],[151.26616,-28.93545],[151.27474,-28.93858],[151.27586,-28.94272],[151.28161,-28.94901],[151.28153,-28.95849],[151.27987,-28.96057],[151.28042,-28.96497],[151.27332,-28.9677],[151.27194,-28.97273],[151.28209,-28.98096],[151.28171,-28.98258],[151.27662,-28.98471],[151.27639,-28.98706],[151.27869,-28.99686],[151.28368,-29.00378],[151.28381,-29.01608],[151.28214,-29.01954],[151.27398,-29.02465],[151.27168,-29.03039],[151.27638,-29.03571],[151.28369,-29.03539],[151.28651,-29.03674],[151.28541,-29.03945],[151.28579,-29.0474],[151.29055,-29.0511],[151.28824,-29.05697],[151.28542,-29.05816],[151.28551,-29.06545],[151.28184,-29.0684],[151.27794,-29.0745],[151.27513,-29.07642],[151.27463,-29.08183],[151.27919,-29.08653],[151.27815,-29.09002],[151.27908,-29.09915],[151.28186,-29.10431],[151.28754,-29.10862],[151.29035,-29.11389],[151.29783,-29.1126],[151.30107,-29.11401],[151.30349,-29.11665],[151.30426,-29.12114],[151.31409,-29.13204],[151.31801,-29.13806],[151.31794,-29.13901],[151.31164,-29.14304],[151.30931,-29.14659],[151.30964,-29.15357],[151.31195,-29.15634],[151.31267,-29.16306],[151.3156,-29.16609],[151.32078,-29.1661],[151.32515,-29.1685],[151.33489,-29.17483],[151.33573,-29.17793],[151.33843,-29.17927],[151.34983,-29.17579],[151.3532,-29.17572],[151.35847,-29.17228],[151.36302,-29.17235],[151.36604,-29.17405],[151.37694,-29.1768],[151.38755,-29.17515],[151.39412,-29.17803],[151.40212,-29.17135],[151.40253,-29.16586],[151.40548,-29.16289],[151.40989,-29.15393],[151.4154,-29.15089],[151.41647,-29.14917],[151.42363,-29.14928],[151.42858,-29.14712],[151.43235,-29.14009],[151.44751,-29.13086],[151.45274,-29.12625],[151.45783,-29.11714],[151.46161,-29.10052],[151.46294,-29.09831],[151.47673,-29.0913],[151.48534,-29.08933],[151.48721,-29.08762],[151.49148,-29.07793],[151.49443,-29.07463],[151.49343,-29.07177],[151.49674,-29.07039],[151.4999,-29.07268],[151.50278,-29.06987],[151.50349,-29.06744],[151.50238,-29.06552],[151.49714,-29.06286],[151.49009,-29.05657],[151.49725,-29.04223],[151.49491,-29.03291],[151.49508,-29.0303],[151.49803,-29.0256],[151.4978,-29.02088],[151.50016,-29.01694],[151.50162,-29.01718],[151.50278,-29.0158],[151.50607,-29.00677],[151.50914,-29.00548],[151.51633,-28.99689],[151.52107,-28.9956],[151.52364,-28.989],[151.5317,-28.98541],[151.53421,-28.98148],[151.53729,-28.9798],[151.53589,-28.97508],[151.5381,-28.97133],[151.5418,-28.96872],[151.54453,-28.95895],[151.54475,-28.95559],[151.54387,-28.95456],[151.54483,-28.95329],[151.54811,-28.95295],[151.56671,-28.94184],[151.57205,-28.94473],[151.57508,-28.94355],[151.5769,-28.94505],[151.57894,-28.94412],[151.58249,-28.93943],[151.58403,-28.93927],[151.585,-28.93616],[151.58847,-28.93206],[151.60358,-28.92761],[151.60523,-28.92525],[151.60978,-28.92346],[151.6133,-28.92408],[151.61695,-28.92633],[151.62598,-28.92385],[151.63088,-28.92692],[151.63327,-28.9303],[151.63518,-28.92958],[151.63679,-28.92715],[151.63713,-28.92241],[151.64419,-28.91736],[151.64647,-28.91649],[151.65154,-28.91729],[151.65247,-28.91549],[151.65462,-28.9149],[151.66601,-28.90561],[151.67477,-28.90775],[151.67564,-28.90535],[151.67762,-28.90384],[151.67781,-28.90022],[151.68523,-28.8932],[151.68638,-28.88899],[151.68861,-28.88696],[151.68958,-28.88807],[151.69585,-28.88846],[151.69565,-28.88445],[151.69813,-28.88455],[151.70207,-28.88214],[151.7026,-28.87838],[151.70459,-28.87473],[151.70662,-28.87355],[151.70637,-28.87172],[151.71104,-28.87118],[151.71321,-28.87548],[151.71649,-28.87495],[151.72261,-28.87017],[151.72262,-28.86846],[151.72642,-28.86696],[151.72905,-28.86794],[151.7313,-28.87072],[151.73386,-28.87146],[151.73297,-28.87633],[151.73366,-28.8785],[151.73161,-28.88114],[151.73175,-28.88242],[151.73643,-28.89195],[151.73673,-28.89565],[151.74092,-28.89752],[151.73945,-28.90134],[151.74273,-28.9066],[151.74261,-28.90828],[151.74596,-28.91532],[151.74437,-28.9177],[151.74244,-28.9185],[151.75079,-28.92262],[151.75482,-28.92216],[151.75548,-28.92442],[151.75975,-28.92621],[151.75829,-28.93003],[151.76177,-28.93235],[151.76283,-28.9351],[151.76616,-28.93554],[151.77147,-28.93852],[151.77334,-28.93808],[151.77377,-28.94786],[151.77228,-28.94941],[151.77063,-28.95576],[151.7769,-28.959],[151.7774,-28.95717],[151.78281,-28.95396],[151.78634,-28.95294],[151.78926,-28.95343],[151.79343,-28.94947],[151.8069,-28.9453],[151.80878,-28.94585],[151.81073,-28.94888],[151.81028,-28.94978],[151.81462,-28.95061],[151.8151,-28.95381],[151.81175,-28.95573],[151.81331,-28.95981],[151.8179,-28.96184],[151.8238,-28.96233],[151.82574,-28.96397],[151.83066,-28.96175],[151.83555,-28.95677],[151.83673,-28.95051],[151.83598,-28.94841],[151.8399,-28.94278],[151.83983,-28.9395],[151.83652,-28.9367],[151.83515,-28.93208],[151.83633,-28.93107],[151.837,-28.92007],[151.83822,-28.91636],[151.84134,-28.91147],[151.84255,-28.91202],[151.84977,-28.90762],[151.85977,-28.90681],[151.8654,-28.90935],[151.86885,-28.91371],[151.8716,-28.91429],[151.87823,-28.91457],[151.88154,-28.91149],[151.8927,-28.91544],[151.89558,-28.91345],[151.89719,-28.91485],[151.90033,-28.91466],[151.91369,-28.92012],[151.91706,-28.92482],[151.91559,-28.92681],[151.91632,-28.92934],[151.92285,-28.92816],[151.92759,-28.92514],[151.93713,-28.92188],[151.9517,-28.91952],[151.95624,-28.91715],[151.96101,-28.91912],[151.9666,-28.91648],[151.96849,-28.91668],[151.97125,-28.91166],[151.97448,-28.90856],[151.97802,-28.90807],[151.98073,-28.90917],[151.9948,-28.89874],[151.99631,-28.89479],[151.99802,-28.89537],[152.0013,-28.89975],[151.99968,-28.9035],[152.00162,-28.90849],[152.00476,-28.90906],[152.0107,-28.90668],[152.01358,-28.89999],[152.01625,-28.8968],[152.01643,-28.89269],[152.01931,-28.89247],[152.02436,-28.88964],[152.02385,-28.88638],[152.02639,-28.88319],[152.0282,-28.87656],[152.03138,-28.87392],[152.03014,-28.86995],[152.03393,-28.86566],[152.03754,-28.86435],[152.0355,-28.85844],[152.039,-28.8546],[152.03756,-28.85164],[152.03223,-28.85452],[152.02953,-28.85427],[152.02794,-28.85727],[152.02598,-28.85824],[152.02309,-28.85467],[152.01764,-28.85147],[152.01536,-28.8517],[152.01492,-28.85023],[152.0181,-28.84544],[152.01692,-28.83793],[152.02112,-28.83663],[152.02086,-28.83516],[152.02294,-28.83095],[152.02776,-28.83165],[152.02875,-28.82988],[152.03338,-28.82807],[152.03412,-28.82002],[152.0366,-28.81779],[152.03607,-28.81563],[152.03459,-28.81516],[152.0365,-28.81073],[152.03527,-28.80812],[152.03522,-28.80365],[152.03788,-28.79937],[152.03785,-28.79741],[152.03397,-28.79112],[152.03209,-28.79089],[152.03782,-28.78701],[152.04049,-28.78219],[152.04054,-28.78055],[152.03564,-28.77716],[152.03793,-28.77273],[152.03652,-28.77035],[152.03752,-28.76378],[152.03615,-28.76109],[152.03607,-28.75727],[152.03863,-28.75407],[152.04108,-28.75336],[152.04087,-28.74751],[152.04377,-28.74604],[152.0477,-28.74043],[152.0461,-28.73385],[152.04229,-28.73183],[152.05388,-28.72555],[152.06213,-28.71824],[152.07133,-28.71496],[152.07603,-28.70835],[152.07201,-28.7049],[152.07175,-28.70255],[152.06885,-28.701],[152.06608,-28.69759],[152.06564,-28.69175],[152.06466,-28.69065],[152.06805,-28.68512],[152.06644,-28.68119],[152.062,-28.67939],[152.06076,-28.6807],[152.05821,-28.6799],[152.05254,-28.68223],[152.04876,-28.67682],[152.04619,-28.67598],[152.04449,-28.67308],[152.04574,-28.67089],[152.0449,-28.66832],[152.03906,-28.66458],[152.03161,-28.66616],[152.02075,-28.66389],[152.01419,-28.66578],[152.01049,-28.66499],[152.0116,-28.66185],[152.0089,-28.65922],[152.00593,-28.65173],[152.00443,-28.65215],[152.00204,-28.65064],[152.00292,-28.64845],[152.00241,-28.6403],[152.00048,-28.63633],[151.9984,-28.63384],[151.99705,-28.63365],[151.99606,-28.63081],[151.99099,-28.62458],[151.99012,-28.62073],[151.99373,-28.61451],[151.994,-28.61194],[151.99085,-28.60963],[151.9889,-28.60266],[151.99212,-28.59487],[151.98831,-28.59198],[151.98594,-28.58213],[151.98229,-28.57842],[151.9764,-28.57495],[151.97609,-28.57354],[151.96683,-28.57258],[151.96359,-28.56763],[151.95943,-28.56668],[151.95733,-28.56475],[151.9568,-28.56329],[151.9583,-28.55713],[151.95451,-28.55352],[151.95407,-28.55052],[151.95639,-28.54609],[151.95627,-28.54293],[151.95457,-28.5426],[151.95322,-28.53994],[151.95638,-28.52819],[151.95819,-28.52711],[151.95627,-28.52559],[151.95535,-28.51919],[151.95819,-28.51594],[151.96409,-28.51454],[151.96856,-28.50973],[151.9725,-28.50756],[151.97199,-28.5063],[151.97319,-28.50505],[151.9778,-28.50307],[151.98263,-28.50333],[151.9834,-28.50692],[151.98559,-28.50994],[151.98418,-28.51415],[151.98446,-28.5169],[151.98879,-28.52562],[151.99176,-28.52475],[151.9934,-28.52625],[151.99771,-28.52639],[152.00045,-28.52812],[152.01671,-28.52523],[152.02002,-28.5212],[152.01897,-28.51814],[152.0196,-28.51732],[152.02309,-28.51528],[152.02427,-28.51294],[152.02693,-28.51292],[152.03573,-28.50746],[152.04027,-28.50147],[152.04377,-28.49931],[152.04555,-28.49522],[152.05511,-28.49065],[152.05966,-28.49085],[152.06712,-28.48515],[152.06682,-28.47873],[152.0687,-28.47648],[152.06815,-28.47427],[152.06968,-28.46853],[152.0725,-28.46921],[152.07408,-28.46803],[152.07559,-28.46997],[152.07979,-28.47062],[152.08381,-28.46875],[152.08765,-28.46965],[152.09104,-28.46837],[152.09382,-28.46974],[152.0957,-28.46869],[152.09592,-28.46609],[152.09784,-28.46649],[152.10159,-28.46507],[152.1028,-28.4633],[152.11178,-28.46435],[152.11231,-28.46337],[152.11759,-28.46237],[152.12124,-28.46265],[152.12185,-28.46072],[152.12792,-28.45395],[152.13541,-28.45216],[152.14196,-28.44243],[152.14425,-28.44201],[152.14634,-28.43931],[152.15449,-28.43803],[152.15641,-28.43458],[152.16008,-28.43326],[152.16469,-28.43259],[152.16835,-28.43455],[152.17486,-28.43501],[152.18427,-28.43904],[152.18626,-28.43865],[152.18794,-28.43526],[152.19022,-28.43404],[152.19511,-28.43615],[152.2047,-28.43807],[152.20727,-28.44523],[152.21398,-28.44599],[152.21723,-28.44911],[152.21962,-28.4478],[152.22164,-28.44484],[152.22208,-28.442],[152.22569,-28.43724],[152.22868,-28.43702],[152.23098,-28.42958],[152.23444,-28.42736],[152.23531,-28.4247],[152.23806,-28.42348],[152.23959,-28.41959],[152.23916,-28.41787],[152.24366,-28.41596],[152.24898,-28.41153],[152.25207,-28.4106],[152.25245,-28.40728],[152.25587,-28.40336],[152.26038,-28.40077],[152.26354,-28.39431],[152.26532,-28.39422],[152.26668,-28.39074],[152.26824,-28.38953],[152.26969,-28.39088],[152.28175,-28.39283],[152.28861,-28.3915],[152.29175,-28.38126],[152.30734,-28.36904],[152.30937,-28.36284],[152.31283,-28.36249],[152.32036,-28.36695],[152.32661,-28.36675],[152.33194,-28.36829],[152.33569,-28.36663],[152.34185,-28.36797],[152.35663,-28.36119],[152.36517,-28.36615],[152.37476,-28.36696],[152.37836,-28.36564],[152.38342,-28.36885],[152.38797,-28.36746],[152.38796,-28.36596],[152.39171,-28.3624],[152.39354,-28.35729],[152.39888,-28.35224],[152.40112,-28.34707],[152.41024,-28.34149],[152.41087,-28.33945],[152.41636,-28.335],[152.4173,-28.32987],[152.41542,-28.32561],[152.41057,-28.32041],[152.4107,-28.31045],[152.41389,-28.30714],[152.41322,-28.30158],[152.41517,-28.29807],[152.41674,-28.29681],[152.4215,-28.29932],[152.42539,-28.29961],[152.42775,-28.29731],[152.43086,-28.29738],[152.43565,-28.29949],[152.44046,-28.2976],[152.44295,-28.29843],[152.44418,-28.29725],[152.44253,-28.29186],[152.44316,-28.28892],[152.44901,-28.28222],[152.44926,-28.28069],[152.45212,-28.27878],[152.45514,-28.27841],[152.45796,-28.27238],[152.46123,-28.26975],[152.45949,-28.26669],[152.46187,-28.26033],[152.47301,-28.25694],[152.47591,-28.25823],[152.4838,-28.25766],[152.48768,-28.25345],[152.48756,-28.24748],[152.49292,-28.24256],[152.49036,-28.23917],[152.48727,-28.23888],[152.48798,-28.23469],[152.48453,-28.23315],[152.48235,-28.22951],[152.4763,-28.22823],[152.47543,-28.23356],[152.47428,-28.23397],[152.46942,-28.23196],[152.46992,-28.22887],[152.45859,-28.2266],[152.45824,-28.221],[152.46021,-28.21837],[152.4656,-28.21675],[152.46738,-28.21259],[152.46982,-28.21068],[152.47053,-28.20763],[152.47316,-28.2053],[152.47238,-28.20205],[152.47074,-28.20031],[152.47086,-28.19496],[152.46979,-28.19421],[152.46303,-28.19528],[152.45821,-28.19439],[152.45557,-28.19538],[152.45055,-28.19044],[152.44762,-28.18933],[152.4473,-28.18664],[152.44311,-28.17988],[152.44212,-28.17828],[152.44208,-28.17706],[152.44669,-28.16643],[152.44655,-28.16389],[152.44009,-28.16136],[152.43554,-28.15631],[152.43441,-28.15085],[152.43489,-28.14751],[152.43376,-28.1438],[152.43205,-28.14263],[152.43404,-28.13101],[152.42614,-28.1291],[152.42153,-28.12445],[152.41955,-28.11908],[152.41393,-28.11632],[152.41172,-28.11356],[152.41172,-28.10572],[152.40834,-28.0995],[152.41084,-28.09358],[152.41712,-28.09068],[152.41845,-28.08849],[152.41647,-28.08129],[152.41472,-28.07867],[152.4164,-28.07373],[152.41631,-28.06975],[152.41064,-28.06876],[152.40095,-28.06463],[152.39761,-28.06172],[152.39003,-28.05945],[152.39503,-28.04899],[152.39376,-28.04659],[152.39433,-28.04405],[152.39336,-28.04173],[152.38821,-28.03604],[152.39031,-28.03086],[152.38298,-28.02473],[152.38147,-28.02103],[152.37491,-28.01288],[152.37683,-28.00777],[152.378,-27.99056],[152.38373,-27.98352],[152.38281,-27.9788],[152.3864,-27.97511],[152.38906,-27.97412],[152.39469,-27.97752],[152.40068,-27.97267],[152.40145,-27.97205],[152.40174,-27.97182],[152.40132,-27.96774],[152.40286,-27.96206],[152.40216,-27.95914],[152.40505,-27.95368],[152.40824,-27.95219],[152.41129,-27.94784],[152.41587,-27.94463],[152.41486,-27.94045],[152.41318,-27.93893],[152.41273,-27.93541],[152.41049,-27.93424],[152.41245,-27.93076],[152.4111,-27.9303],[152.4106,-27.92676],[152.40852,-27.92321],[152.4091,-27.91953],[152.40562,-27.9191],[152.40477,-27.91425],[152.40406,-27.90575],[152.40485,-27.90432],[152.41116,-27.90128],[152.41167,-27.89804],[152.41011,-27.89588],[152.41132,-27.89156],[152.41022,-27.88705],[152.41157,-27.88335],[152.40665,-27.87775],[152.40592,-27.87597],[152.40529,-27.87123],[152.40175,-27.86655],[152.40235,-27.8637],[152.41928,-27.86547],[152.42089,-27.85656],[152.42546,-27.85718],[152.42847,-27.84048],[152.43625,-27.84163],[152.43587,-27.84372],[152.4434,-27.84477],[152.45118,-27.802],[152.45991,-27.80318],[152.46233,-27.80257],[152.46385,-27.79378],[152.46716,-27.78924],[152.46741,-27.78313],[152.48122,-27.78513],[152.48189,-27.78166],[152.4945,-27.78343],[152.499,-27.75827],[152.51933,-27.76117],[152.52371,-27.73633],[152.52296,-27.727],[152.52486,-27.72122],[152.52965,-27.71694],[152.52946,-27.71763],[152.54213,-27.71938],[152.54213,-27.71828],[152.56178,-27.72103],[152.5619,-27.71646],[152.58065,-27.71914],[152.57984,-27.7236],[152.5982,-27.72626],[152.59862,-27.72393],[152.60576,-27.72499],[152.60461,-27.73135],[152.60865,-27.73165],[152.60764,-27.7371],[152.63822,-27.7416],[152.63913,-27.73656],[152.65597,-27.73831],[152.65537,-27.74137],[152.66863,-27.74333],[152.66753,-27.74998],[152.68441,-27.75249],[152.684,-27.75137],[152.68625,-27.75061],[152.68639,-27.74686],[152.70427,-27.74961],[152.70756,-27.75831],[152.75801,-27.76742],[152.7627,-27.77294],[152.76072,-27.78531],[152.78485,-27.78883],[152.78655,-27.7909],[152.78563,-27.79622],[152.80247,-27.79837],[152.79997,-27.81488],[152.79576,-27.81543],[152.80559,-27.81698],[152.80405,-27.82486],[152.81406,-27.82621],[152.81636,-27.81363],[152.82641,-27.81505],[152.8274,-27.80965],[152.82502,-27.80932],[152.82646,-27.80751],[152.82519,-27.8066],[152.82602,-27.80504],[152.82568,-27.79812],[152.82176,-27.78911],[152.8219,-27.78497],[152.8178,-27.78556],[152.8118,-27.78429],[152.81143,-27.78681],[152.8033,-27.78559],[152.80483,-27.77644],[152.80411,-27.77634],[152.80803,-27.75866],[152.81105,-27.75904],[152.81139,-27.75491],[152.82226,-27.75639],[152.82302,-27.75204],[152.82824,-27.75273],[152.82926,-27.74679],[152.83458,-27.74758],[152.83394,-27.75267],[152.83599,-27.75573],[152.84318,-27.75679],[152.84345,-27.7553],[152.85679,-27.75727],[152.85794,-27.75112],[152.87332,-27.75345],[152.87465,-27.74629],[152.88279,-27.74736],[152.89065,-27.70359],[152.92331,-27.70817],[152.93139,-27.66639],[152.9275,-27.66289],[152.92455,-27.65782],[152.9374,-27.64261],[152.93781,-27.64213],[152.94088,-27.62867],[152.93976,-27.62847],[152.94071,-27.62343],[152.93426,-27.61406],[152.93394,-27.6139],[152.92762,-27.61078],[152.92177,-27.60625],[152.9213,-27.60616],[152.91553,-27.605],[152.91263,-27.60641],[152.90893,-27.60638],[152.9071,-27.60441],[152.90339,-27.60561],[152.9008,-27.60244],[152.89641,-27.60142],[152.89054,-27.59179],[152.87526,-27.57953],[152.87497,-27.5793],[152.87366,-27.57936],[152.87245,-27.57941],[152.87219,-27.57942],[152.86992,-27.58098],[152.86223,-27.59725],[152.86015,-27.59799],[152.85716,-27.597],[152.85692,-27.59668],[152.85486,-27.5787],[152.84898,-27.56466],[152.84914,-27.55659],[152.85239,-27.54794],[152.85267,-27.54271],[152.85251,-27.54241],[152.84775,-27.53338],[152.8445,-27.53164],[152.8388,-27.53066],[152.83145,-27.53313],[152.83037,-27.53472],[152.8307,-27.53704],[152.84014,-27.54002],[152.84147,-27.54436],[152.84006,-27.54563],[152.83622,-27.54589],[152.83601,-27.54598],[152.82626,-27.54991],[152.82424,-27.54984],[152.82421,-27.54991],[152.82363,-27.55111],[152.82217,-27.55414],[152.82048,-27.55562],[152.81978,-27.55599],[152.81447,-27.55675],[152.80794,-27.55754],[152.80517,-27.5575],[152.80325,-27.55587],[152.79945,-27.55507],[152.79847,-27.55502],[152.79727,-27.55496],[152.79597,-27.5549],[152.79363,-27.55597],[152.78847,-27.55412],[152.78648,-27.55036],[152.78512,-27.55034],[152.78264,-27.55219],[152.784,-27.553],[152.78516,-27.55679],[152.78278,-27.55663],[152.7816,-27.55933],[152.77264,-27.55948],[152.77052,-27.55646],[152.76735,-27.556],[152.7564,-27.56619],[152.75451,-27.56629],[152.75381,-27.56832],[152.75096,-27.56757],[152.74846,-27.56492],[152.74609,-27.56711],[152.74462,-27.56713],[152.7428,-27.56674],[152.74025,-27.56417],[152.74174,-27.55218],[152.74361,-27.54317],[152.74807,-27.52712],[152.74875,-27.52625],[152.75009,-27.52478],[152.75186,-27.52399],[152.75318,-27.52353],[152.75371,-27.52352],[152.76109,-27.52513],[152.76294,-27.52185],[152.76305,-27.52166],[152.76083,-27.51761],[152.75113,-27.51758],[152.74482,-27.51461],[152.7393,-27.50497],[152.73893,-27.50433],[152.73878,-27.50406],[152.73052,-27.49672],[152.73016,-27.49562],[152.73801,-27.4946],[152.73933,-27.4876],[152.74232,-27.48807],[152.7406,-27.48657],[152.73947,-27.48296],[152.74032,-27.47949],[152.74264,-27.47983],[152.74337,-27.47617],[152.74061,-27.47576],[152.74134,-27.47196],[152.74265,-27.47143],[152.73797,-27.47248],[152.73923,-27.47089],[152.73832,-27.46901],[152.73925,-27.46729],[152.73784,-27.46465],[152.73787,-27.46099],[152.73826,-27.45933],[152.74412,-27.46013],[152.7474,-27.44086],[152.74541,-27.44058],[152.74604,-27.43686],[152.74272,-27.43638],[152.74419,-27.42785],[152.74095,-27.42741],[152.74287,-27.42543],[152.74709,-27.42378],[152.74805,-27.42183],[152.74812,-27.41554],[152.74582,-27.41523],[152.74722,-27.40708],[152.74137,-27.40617],[152.74077,-27.40255],[152.74065,-27.39876],[152.74236,-27.3981],[152.74337,-27.39472],[152.74176,-27.39312],[152.7415,-27.3911],[152.73295,-27.39599],[152.73685,-27.37335],[152.73218,-27.37267],[152.73324,-27.36663],[152.72201,-27.36509],[152.7239,-27.35397],[152.70782,-27.3518],[152.70693,-27.35699],[152.70034,-27.35615],[152.69952,-27.36099],[152.69225,-27.36002],[152.69051,-27.37012],[152.68704,-27.36965],[152.6864,-27.37322],[152.67969,-27.37226],[152.68419,-27.34879],[152.68605,-27.34908],[152.69198,-27.34278],[152.69566,-27.34286],[152.71019,-27.33255],[152.7173,-27.33062],[152.71906,-27.32776],[152.71955,-27.32346],[152.72331,-27.32207],[152.7301,-27.32414],[152.73117,-27.32322],[152.73917,-27.32334],[152.74485,-27.31901],[152.7485,-27.31875],[152.74722,-27.31709],[152.74863,-27.3169],[152.74912,-27.31322],[152.75395,-27.31134],[152.75482,-27.31036],[152.75584,-27.30921],[152.75629,-27.30871],[152.75556,-27.30785],[152.75654,-27.30719],[152.75684,-27.30066],[152.75322,-27.29698],[152.7536,-27.29501],[152.74879,-27.29512],[152.74566,-27.29331],[152.73886,-27.29374],[152.7357,-27.29668],[152.73204,-27.29716],[152.72712,-27.29476],[152.71726,-27.29263],[152.71359,-27.2895],[152.70424,-27.29254],[152.70368,-27.29065],[152.70556,-27.28608],[152.7044,-27.28262],[152.70555,-27.27982],[152.70552,-27.27969],[152.70529,-27.2788],[152.70492,-27.27734],[152.70473,-27.2773],[152.69154,-27.2746],[152.69108,-27.2745],[152.69102,-27.2745],[152.69036,-27.2745],[152.6862,-27.27453],[152.68367,-27.27237],[152.68375,-27.26669],[152.6812,-27.26273],[152.68149,-27.25482],[152.68741,-27.24899],[152.69242,-27.24193],[152.69249,-27.24182],[152.69246,-27.24171],[152.69087,-27.23595],[152.69307,-27.23423],[152.69545,-27.23399],[152.70022,-27.23023],[152.70222,-27.22635],[152.70046,-27.2198],[152.70353,-27.21287],[152.70361,-27.21268],[152.70385,-27.21078],[152.70412,-27.2087],[152.70414,-27.20852],[152.70357,-27.20741],[152.70169,-27.20302],[152.70218,-27.20201],[152.70895,-27.19224],[152.71119,-27.19215],[152.71227,-27.18874],[152.71631,-27.18664],[152.7186,-27.18275],[152.72297,-27.18047],[152.72618,-27.17658],[152.72849,-27.17686],[152.72968,-27.17506],[152.72955,-27.17271],[152.72976,-27.17249],[152.73356,-27.17151],[152.72906,-27.16377],[152.72982,-27.16155],[152.73685,-27.15527],[152.73933,-27.15093],[152.73793,-27.15051],[152.73668,-27.14395],[152.73396,-27.14259],[152.73482,-27.14168],[152.73309,-27.13426],[152.73082,-27.13047],[152.7307,-27.12628],[152.7281,-27.12194],[152.73022,-27.11806],[152.72945,-27.1159],[152.73032,-27.10875],[152.731,-27.10763],[152.73351,-27.10743],[152.73446,-27.10234],[152.72649,-27.10138],[152.72621,-27.10322],[152.71806,-27.10223],[152.7183,-27.10038],[152.71199,-27.09893],[152.71178,-27.09783],[152.70796,-27.09628],[152.70209,-27.09481],[152.69581,-27.09488],[152.68975,-27.09279],[152.68164,-27.09515],[152.67899,-27.09418],[152.67852,-27.09332],[152.67657,-27.08833],[152.67683,-27.08793],[152.68225,-27.08609],[152.68712,-27.08237],[152.68567,-27.07657],[152.68399,-27.07471],[152.68562,-27.07201],[152.68423,-27.06729],[152.67768,-27.05696],[152.69515,-27.05904],[152.6958,-27.0573],[152.69491,-27.05559],[152.69277,-27.0576],[152.6925,-27.05605],[152.68922,-27.05505],[152.69087,-27.05307],[152.68927,-27.05102],[152.68915,-27.04828],[152.69273,-27.04633],[152.69584,-27.04243],[152.69818,-27.04232],[152.69674,-27.04096],[152.69812,-27.03955],[152.69746,-27.03347],[152.69845,-27.0317],[152.70244,-27.03094],[152.70325,-27.02878],[152.70152,-27.02646],[152.7035,-27.02481],[152.70023,-27.02273],[152.7008,-27.01828],[152.69729,-27.01606],[152.69762,-27.01352],[152.69553,-27.01239],[152.69699,-27.00915],[152.69151,-27.00509],[152.6886,-26.99908],[152.68335,-26.99278],[152.68382,-26.99053],[152.68503,-26.98998],[152.68483,-26.98699],[152.68801,-26.98753],[152.68927,-26.98455],[152.6862,-26.98454],[152.6867,-26.97892],[152.68224,-26.98047],[152.67951,-26.97706],[152.68125,-26.97503],[152.68021,-26.97198],[152.68237,-26.97044],[152.68206,-26.96962],[152.68431,-26.96875],[152.68407,-26.9668],[152.68519,-26.96572],[152.68021,-26.96414],[152.67674,-26.96608],[152.67145,-26.96526],[152.66475,-26.96905],[152.66452,-26.9668],[152.66277,-26.96662],[152.6626,-26.96565],[152.66628,-26.9637],[152.66809,-26.96102],[152.66772,-26.95907],[152.66593,-26.95776],[152.66325,-26.95869],[152.6577,-26.95637],[152.65755,-26.95392],[152.65126,-26.95533],[152.65358,-26.94877],[152.65609,-26.94777],[152.65912,-26.94988],[152.66023,-26.94789],[152.66186,-26.94925],[152.6631,-26.94804],[152.66224,-26.94597],[152.66408,-26.94731],[152.66422,-26.94321],[152.66762,-26.94361],[152.66684,-26.94286],[152.6676,-26.94011],[152.67103,-26.93822],[152.67004,-26.93713],[152.67033,-26.93362],[152.67174,-26.93318],[152.66966,-26.92936],[152.66996,-26.92744],[152.67314,-26.9244],[152.67315,-26.92262],[152.67651,-26.92356],[152.67827,-26.92028],[152.67789,-26.91867],[152.6825,-26.91736],[152.68232,-26.91516],[152.68744,-26.91373],[152.66042,-26.90986],[152.66653,-26.90649],[152.66792,-26.90021],[152.6675,-26.89626],[152.67856,-26.89778],[152.67894,-26.89559],[152.68861,-26.89692],[152.68854,-26.89262],[152.68985,-26.89146],[152.68934,-26.88889],[152.68729,-26.88641],[152.68773,-26.88102],[152.68401,-26.87952],[152.68567,-26.87912],[152.6864,-26.87581],[152.68444,-26.87562],[152.68021,-26.86938],[152.67626,-26.86679],[152.67766,-26.86343],[152.67528,-26.86038],[152.67524,-26.85733],[152.67425,-26.85636],[152.67161,-26.85767],[152.66989,-26.85294],[152.66839,-26.85192],[152.67012,-26.85044],[152.66975,-26.84751],[152.67106,-26.84488],[152.66679,-26.84027],[152.66726,-26.83682],[152.67155,-26.83478],[152.67274,-26.83441],[152.67358,-26.83381],[152.67545,-26.83249],[152.67846,-26.83035],[152.67847,-26.82861],[152.67638,-26.82604],[152.67908,-26.82219],[152.67781,-26.82091],[152.67314,-26.82195],[152.67214,-26.81937],[152.67265,-26.81869],[152.674,-26.81821],[152.67514,-26.81834],[152.67902,-26.81643],[152.68132,-26.80994],[152.67877,-26.80878],[152.67791,-26.80701],[152.67805,-26.80435],[152.67998,-26.80163],[152.67962,-26.79995],[152.67895,-26.79675],[152.67662,-26.79587],[152.67402,-26.79489],[152.67232,-26.79397],[152.6716,-26.79121],[152.6689,-26.78975],[152.66772,-26.78471],[152.66846,-26.78204],[152.66731,-26.773],[152.66146,-26.76914],[152.65426,-26.7682],[152.65109,-26.7714],[152.64433,-26.77375],[152.64351,-26.77041],[152.64122,-26.76751],[152.6423,-26.76451],[152.63908,-26.76178],[152.63535,-26.7622],[152.63249,-26.76439],[152.62688,-26.76237],[152.62135,-26.7629],[152.61724,-26.75948],[152.61096,-26.75858],[152.60957,-26.75941],[152.60887,-26.75805],[152.60246,-26.75788],[152.6001,-26.7518],[152.5979,-26.74918],[152.59082,-26.74721],[152.58331,-26.74043],[152.58229,-26.73581],[152.58682,-26.73346],[152.58326,-26.73084],[152.58297,-26.72713],[152.58124,-26.72584],[152.58044,-26.72303],[152.58202,-26.72024],[152.57936,-26.7162],[152.57727,-26.71599],[152.57616,-26.71311],[152.56508,-26.70722],[152.56124,-26.70782],[152.55787,-26.7069],[152.55707,-26.70505],[152.55476,-26.70751],[152.55365,-26.70591],[152.55131,-26.70704],[152.55171,-26.69704],[152.55457,-26.6954],[152.55804,-26.68975],[152.5556,-26.68742],[152.55627,-26.68069],[152.55372,-26.68185],[152.5522,-26.68085],[152.57228,-26.65926],[152.57146,-26.65797],[152.5832,-26.64538],[152.58778,-26.61399],[152.58394,-26.61356],[152.58537,-26.61204],[152.58137,-26.60052],[152.58414,-26.59669],[152.57401,-26.59547],[152.57501,-26.593],[152.57651,-26.59225],[152.5752,-26.58401],[152.57535,-26.58396],[152.57522,-26.58393],[152.56946,-26.58247],[152.56497,-26.58369],[152.56041,-26.58184],[152.55409,-26.57251],[152.51154,-26.56748],[152.51518,-26.57767],[152.52236,-26.58646],[152.51993,-26.58848],[152.45695,-26.58093],[152.45854,-26.57099],[152.44904,-26.56978],[152.45083,-26.55841],[152.4402,-26.55692],[152.44134,-26.55603],[152.44127,-26.55262],[152.44285,-26.55053],[152.44353,-26.54624],[152.44084,-26.54589],[152.44516,-26.54407],[152.44693,-26.53805],[152.44846,-26.53779],[152.44959,-26.53077],[152.44347,-26.52773],[152.44261,-26.53037],[152.44314,-26.53279],[152.43873,-26.53513],[152.4382,-26.5384],[152.43663,-26.5385],[152.43585,-26.53744],[152.43548,-26.5238],[152.43699,-26.52037],[152.43894,-26.5199],[152.43967,-26.51727],[152.43896,-26.51134],[152.44166,-26.50698],[152.44494,-26.50469],[152.44823,-26.484],[152.44562,-26.48494],[152.44557,-26.48661],[152.43934,-26.48581],[152.44343,-26.45986],[152.43678,-26.45975],[152.4352,-26.46283],[152.43167,-26.46452],[152.43018,-26.46372],[152.4251,-26.46416],[152.42124,-26.46718],[152.41257,-26.4642],[152.40814,-26.46852],[152.40772,-26.47108],[152.40322,-26.47388],[152.39937,-26.4708],[152.39274,-26.47372],[152.39038,-26.47594],[152.38679,-26.47218],[152.37705,-26.47224],[152.37657,-26.47008],[152.37312,-26.46825],[152.37244,-26.46295],[152.3644,-26.46314],[152.36062,-26.46626],[152.3561,-26.46518],[152.35116,-26.4677],[152.3501,-26.4693],[152.34401,-26.46791],[152.34066,-26.46925],[152.33925,-26.47159],[152.33446,-26.47276],[152.33038,-26.47527],[152.32557,-26.47518],[152.32334,-26.47683],[152.31964,-26.47699],[152.31775,-26.48055],[152.31551,-26.48078],[152.31136,-26.4724],[152.30449,-26.46882],[152.30526,-26.46681],[152.30459,-26.46606],[152.30063,-26.46441],[152.29745,-26.46498],[152.29754,-26.4627],[152.29418,-26.45875],[152.28909,-26.45665],[152.28545,-26.45289],[152.27863,-26.45266],[152.27669,-26.45408],[152.27381,-26.4535],[152.27304,-26.46428],[152.26796,-26.4689],[152.26221,-26.46887],[152.25974,-26.47139],[152.25926,-26.47648],[152.25619,-26.4785],[152.25325,-26.48444],[152.25182,-26.48535],[152.24964,-26.48439],[152.24558,-26.48558],[152.24387,-26.48794],[152.24134,-26.48771],[152.23776,-26.48943],[152.23506,-26.48881],[152.22927,-26.49267],[152.23208,-26.49526],[152.23271,-26.49745],[152.23176,-26.50043],[152.2326,-26.50409],[152.2309,-26.50718],[152.22863,-26.5081],[152.22123,-26.5039],[152.21809,-26.50626],[152.2153,-26.51223],[152.21357,-26.51305],[152.20658,-26.51109],[152.20502,-26.50751],[152.19747,-26.50021],[152.1948,-26.49558],[152.18949,-26.49209],[152.18442,-26.48603],[152.18168,-26.48446],[152.1792,-26.48479],[152.17421,-26.48168],[152.17168,-26.47814],[152.16858,-26.4775],[152.16635,-26.47467],[152.16255,-26.47481],[152.16023,-26.47781],[152.15733,-26.47528],[152.15533,-26.47503],[152.15383,-26.48038],[152.15142,-26.48051],[152.1495,-26.48287],[152.141,-26.47884],[152.13792,-26.47887],[152.13558,-26.48023],[152.13237,-26.48778],[152.13554,-26.49118],[152.13603,-26.49517],[152.13385,-26.49835],[152.13376,-26.50042],[152.12955,-26.50489],[152.12574,-26.50658],[152.12564,-26.50939],[152.12772,-26.511],[152.12742,-26.51861],[152.13169,-26.52195],[152.13014,-26.52716],[152.12698,-26.52817],[152.12633,-26.53158],[152.13034,-26.53544],[152.13045,-26.53703],[152.12832,-26.5385],[152.12836,-26.54227],[152.12989,-26.54515],[152.12995,-26.54849],[152.13198,-26.55011],[152.13267,-26.55688],[152.13577,-26.56081],[152.1358,-26.56637],[152.13253,-26.5703],[152.13088,-26.57501],[152.13178,-26.57905],[152.13725,-26.58278],[152.13771,-26.58819],[152.14317,-26.59278],[152.14178,-26.59514],[152.13965,-26.5942],[152.13784,-26.59658],[152.13043,-26.60047],[152.13011,-26.60244],[152.13252,-26.60508],[152.13586,-26.61432],[152.12831,-26.62712],[152.13,-26.63167],[152.12977,-26.63631],[152.13081,-26.63878],[152.12956,-26.64021],[152.12675,-26.63797],[152.11963,-26.6374],[152.11823,-26.64347],[152.1162,-26.64333],[152.11532,-26.64494],[152.11107,-26.64707],[152.10729,-26.64776],[152.10577,-26.65064],[152.10011,-26.65311],[152.09865,-26.65374],[152.08991,-26.654],[152.08691,-26.65529],[152.0818,-26.65765],[152.07887,-26.66167],[152.0745,-26.66456],[152.07376,-26.66622],[152.07367,-26.66674],[152.07577,-26.6785],[152.07563,-26.685],[152.08279,-26.68894],[152.08331,-26.69445],[152.084,-26.69594],[152.08491,-26.69716],[152.09109,-26.70062],[152.10099,-26.70328],[152.10135,-26.70502],[152.09978,-26.70434],[152.09913,-26.70558],[152.10383,-26.7089],[152.10233,-26.70957],[152.11242,-26.70617],[152.11361,-26.70695],[152.11923,-26.71421],[152.12376,-26.71732],[152.12808,-26.72296],[152.1296,-26.72767],[152.13405,-26.73047],[152.13407,-26.73186],[152.12969,-26.73425],[152.13288,-26.74121],[152.13753,-26.73912],[152.14398,-26.73821],[152.14541,-26.73679],[152.14589,-26.73418],[152.14042,-26.72997],[152.1402,-26.7282],[152.14226,-26.72714],[152.14725,-26.72842],[152.15264,-26.72801],[152.15075,-26.74053],[152.1639,-26.74211],[152.16215,-26.74618],[152.16034,-26.74721],[152.15905,-26.74984],[152.15666,-26.75101],[152.1555,-26.75332],[152.15833,-26.75696],[152.156,-26.75996],[152.15579,-26.76881],[152.16261,-26.77518],[152.16396,-26.77558],[152.16825,-26.77296],[152.17113,-26.77704],[152.17662,-26.77977],[152.17905,-26.78376],[152.17544,-26.78299],[152.17416,-26.78471],[152.17456,-26.79199],[152.17308,-26.79365],[152.17365,-26.79531],[152.17051,-26.79683],[152.17316,-26.80092],[152.17228,-26.80294],[152.17639,-26.80906],[152.17435,-26.81575],[152.17412,-26.82144],[152.19009,-26.8236],[152.18771,-26.83792],[152.18255,-26.83726],[152.18103,-26.84656],[152.18425,-26.85118],[152.18344,-26.86565],[152.18425,-26.87102],[152.18894,-26.87562],[152.18865,-26.87738],[152.17265,-26.87525],[152.1695,-26.87214],[152.17045,-26.86755],[152.16704,-26.86708],[152.16514,-26.87061],[152.15953,-26.87379],[152.15444,-26.87376],[152.14695,-26.87923],[152.14142,-26.88779],[152.13794,-26.89923],[152.13784,-26.90003],[152.13585,-26.90612],[152.12489,-26.90025],[152.1213,-26.89999],[152.11992,-26.90189],[152.11451,-26.90353],[152.10801,-26.90315],[152.10234,-26.91107],[152.09253,-26.91386],[152.09169,-26.91619],[152.08807,-26.91709],[152.08858,-26.91893],[152.08093,-26.92199],[152.07968,-26.92081],[152.07773,-26.92388],[152.07111,-26.92712],[152.06444,-26.92667],[152.05778,-26.92027],[152.05108,-26.91898],[152.05103,-26.91897],[152.05303,-26.9107],[152.05733,-26.90977],[152.05888,-26.9049],[152.06254,-26.90378],[152.06384,-26.90059],[152.06774,-26.89835],[152.06693,-26.88869],[152.06798,-26.88388],[152.06715,-26.88137],[152.06511,-26.88081],[152.06291,-26.87665],[152.06651,-26.87407],[152.06858,-26.87102],[152.06855,-26.86877],[152.07614,-26.86084],[152.05569,-26.85844],[152.05399,-26.85747],[152.05272,-26.85477],[152.0497,-26.8544],[152.04669,-26.85628],[152.04182,-26.85493],[152.03798,-26.85754],[152.03481,-26.85553],[152.03351,-26.85023],[152.03545,-26.84865],[152.04066,-26.84917],[152.04221,-26.84379],[152.04889,-26.84516],[152.05305,-26.84153],[152.05373,-26.8412],[152.05465,-26.84074],[152.05881,-26.83868],[152.06169,-26.83532],[152.06231,-26.83435],[152.06208,-26.83334],[152.06011,-26.82914],[152.05956,-26.82798],[152.05942,-26.82767],[152.06247,-26.82426],[152.06376,-26.82031],[152.0685,-26.81946],[152.07047,-26.8219],[152.07254,-26.81872],[152.07343,-26.81465],[152.07216,-26.81107],[152.07032,-26.80919],[152.06688,-26.80915],[152.06616,-26.80831],[152.06529,-26.80729],[152.06421,-26.80604],[152.06409,-26.80546],[152.0637,-26.8037],[152.06349,-26.8027],[152.05965,-26.79912],[152.06393,-26.79727],[152.06326,-26.79265],[152.06547,-26.78779],[152.06388,-26.77852],[152.05168,-26.77711],[152.05311,-26.7669],[152.04773,-26.76972],[152.04654,-26.77396],[152.03934,-26.77402],[152.03515,-26.77824],[152.03302,-26.77756],[152.03218,-26.78273],[152.02017,-26.78114],[152.02055,-26.77898],[152.01858,-26.77817],[152.01578,-26.77919],[152.0077,-26.76941],[151.99779,-26.77592],[151.9966,-26.78307],[151.98865,-26.78356],[151.98661,-26.78233],[151.97929,-26.78655],[151.97745,-26.79814],[151.97459,-26.79774],[151.97345,-26.80591],[151.93311,-26.80139],[151.92576,-26.81049],[151.92563,-26.81539],[151.92199,-26.8218],[151.91894,-26.82298],[151.91588,-26.82736],[151.90586,-26.83156],[151.90651,-26.83191],[151.90193,-26.83712],[151.90211,-26.8416],[151.89809,-26.84623],[151.89861,-26.84915],[151.89695,-26.85112],[151.89864,-26.8553],[151.89677,-26.86622],[151.89271,-26.86802],[151.88765,-26.87335],[151.88611,-26.8777],[151.88649,-26.87937],[151.84318,-26.89767],[151.84259,-26.90309],[151.84258,-26.9032],[151.838,-26.90684],[151.83377,-26.91292],[151.83371,-26.91301],[151.82455,-26.91995],[151.81911,-26.9282],[151.81896,-26.92843],[151.81184,-26.93203],[151.80864,-26.93092],[151.80184,-26.9352],[151.79288,-26.93062],[151.78578,-26.93796],[151.78151,-26.94029],[151.7587,-26.94737],[151.75264,-26.94779],[151.74561,-26.94553],[151.73784,-26.94701],[151.73235,-26.94428],[151.72509,-26.94793],[151.724,-26.94779],[151.72242,-26.9476],[151.72203,-26.94755],[151.71363,-26.94437],[151.70497,-26.93847],[151.70006,-26.9386],[151.69483,-26.93238],[151.69189,-26.93172],[151.6895,-26.92662],[151.68164,-26.92183],[151.67818,-26.92214],[151.67413,-26.92009],[151.67321,-26.91817],[151.66999,-26.91675],[151.66621,-26.91057],[151.66424,-26.91019],[151.65962,-26.91397],[151.65278,-26.91498],[151.65197,-26.9151],[151.64981,-26.91385],[151.64791,-26.91295],[151.64494,-26.91104],[151.64246,-26.90731],[151.63895,-26.90692],[151.63019,-26.89887],[151.62222,-26.9008],[151.62016,-26.9003],[151.6192,-26.89868],[151.61702,-26.89888],[151.61692,-26.89654],[151.612,-26.89244],[151.60794,-26.89297],[151.60685,-26.89156],[151.60384,-26.89107],[151.60041,-26.88837],[151.59905,-26.8855],[151.59257,-26.88465],[151.58926,-26.88553],[151.58721,-26.88379],[151.58658,-26.88123],[151.58222,-26.87929],[151.5773,-26.87987],[151.57217,-26.86971],[151.57124,-26.86068],[151.56773,-26.8581],[151.56798,-26.85327],[151.56244,-26.85162],[151.55848,-26.84608],[151.55578,-26.83973],[151.54938,-26.8356],[151.54826,-26.83283],[151.54845,-26.82951],[151.54554,-26.82761],[151.54384,-26.82393],[151.53952,-26.8197],[151.53596,-26.82044],[151.53092,-26.81808],[151.52825,-26.81174],[151.52397,-26.81076],[151.51902,-26.80084],[151.51645,-26.79906],[151.52163,-26.79328],[151.5211,-26.79139],[151.51743,-26.78808],[151.51652,-26.78258],[151.51823,-26.77986],[151.51782,-26.77238],[151.5201,-26.76795],[151.51981,-26.76656],[151.51484,-26.76557],[151.51057,-26.76707],[151.50641,-26.7667],[151.5044,-26.76298],[151.49955,-26.76216],[151.49761,-26.76324],[151.49375,-26.76281],[151.48997,-26.75722],[151.48262,-26.75429],[151.47962,-26.75687],[151.47601,-26.75701],[151.47379,-26.76035],[151.46915,-26.75998],[151.46449,-26.76181],[151.45943,-26.75972],[151.45575,-26.76008],[151.45032,-26.75792],[151.44054,-26.75658],[151.43626,-26.75435],[151.43439,-26.75217],[151.43157,-26.7521],[151.42653,-26.74807],[151.42523,-26.74842],[151.42359,-26.74612],[151.42078,-26.74595],[151.41898,-26.74039],[151.41816,-26.72887],[151.41325,-26.72521],[151.41718,-26.71718],[151.41664,-26.71432],[151.41438,-26.71311],[151.41386,-26.71038],[151.41619,-26.7076],[151.41802,-26.70251],[151.417,-26.69796],[151.41073,-26.69687],[151.4077,-26.69437],[151.40525,-26.69513],[151.39763,-26.69128],[151.39434,-26.68497],[151.39189,-26.68421],[151.40719,-26.67395],[151.40923,-26.66065],[151.4081,-26.65685],[151.40803,-26.6566],[151.4028,-26.65104],[151.39926,-26.64522],[151.39467,-26.64136],[151.39476,-26.6388],[151.39302,-26.63779],[151.38869,-26.63832],[151.38478,-26.63649],[151.38313,-26.63331],[151.37862,-26.6296],[151.37112,-26.632],[151.36958,-26.63081],[151.37109,-26.62783],[151.36869,-26.62426],[151.36342,-26.62361],[151.35782,-26.61872],[151.3519,-26.6172],[151.34983,-26.60819],[151.34198,-26.60698],[151.33348,-26.60166],[151.33276,-26.60072],[151.33368,-26.59836],[151.33036,-26.59314],[151.32851,-26.59384],[151.32584,-26.5921],[151.32453,-26.58704],[151.32279,-26.58581],[151.31817,-26.59042],[151.31563,-26.58991],[151.31379,-26.59101],[151.30997,-26.58452],[151.31031,-26.58261],[151.30747,-26.58192],[151.30487,-26.57967],[151.30138,-26.57055],[151.29489,-26.56649],[151.28769,-26.55734],[151.28681,-26.55383],[151.28753,-26.54489],[151.28393,-26.54373],[151.28336,-26.54247],[151.27931,-26.54369],[151.27771,-26.54278],[151.27657,-26.54523],[151.27155,-26.54889],[151.26897,-26.54833],[151.26597,-26.54989],[151.25764,-26.54822],[151.25432,-26.54425],[151.24974,-26.54235],[151.24712,-26.53671],[151.24818,-26.53371],[151.24777,-26.52791],[151.24669,-26.52653],[151.24311,-26.5277],[151.23786,-26.52267],[151.23538,-26.52355],[151.23425,-26.52563],[151.22969,-26.52713],[151.22747,-26.52438],[151.22188,-26.52134],[151.22238,-26.51821],[151.21871,-26.51748],[151.21224,-26.51396],[151.20613,-26.50362],[151.20455,-26.50299],[151.20416,-26.50095],[151.20805,-26.49455],[151.20339,-26.48891],[151.20363,-26.48576],[151.20841,-26.48068],[151.20773,-26.47877],[151.07734,-26.46254],[151.11544,-26.3794],[151.13638,-26.26306],[151.06652,-26.25473],[151.01671,-26.25622],[151.01326,-26.19206],[151.01823,-26.1925],[151.02274,-26.19544],[151.07324,-26.17259],[151.0764,-26.16178],[151.09288,-26.15935],[151.09983,-26.16028],[151.0987,-26.14988],[151.11587,-26.14087],[151.12058,-26.14297],[151.12266,-26.14839],[151.12533,-26.14998],[151.12569,-26.15144],[151.13929,-26.15918],[151.1424,-26.15982],[151.14702,-26.15787],[151.15005,-26.15965],[151.15878,-26.15454],[151.162,-26.14953],[151.1607,-26.142],[151.15948,-26.13954],[151.1573,-26.13838],[151.1565,-26.13605],[151.15654,-26.13373],[151.15905,-26.13182],[151.15788,-26.12927],[151.15953,-26.1208],[151.15172,-26.1111],[151.15166,-26.10772],[151.14987,-26.10542],[151.14291,-26.10399],[151.13738,-26.10771],[151.13539,-26.1075],[151.13444,-26.10529],[151.12628,-26.11451],[151.12385,-26.11374],[151.12057,-26.11773],[151.11542,-26.11871],[151.11117,-26.11267],[151.10812,-26.11274],[151.10724,-26.11134],[151.10379,-26.1117],[151.10216,-26.11039],[151.09782,-26.11075],[151.0966,-26.10853],[151.09295,-26.10628],[151.08811,-26.10518],[151.08466,-26.1001],[151.0821,-26.09962],[151.07875,-26.09668],[151.07777,-26.09582],[151.07381,-26.09521],[151.06735,-26.08522],[151.05612,-26.09032],[151.0542,-26.08871],[151.0401,-26.0876],[151.0325,-26.08508],[151.01588,-26.07711],[151.01036,-26.07116],[151.00897,-26.06767],[151.00849,-26.05959],[151.00204,-26.0496],[151.00301,-26.0433],[150.99389,-26.03121],[150.98918,-26.01525],[150.98341,-26.01149],[150.98398,-26.00781],[150.96216,-26.01387],[150.94981,-26.01004],[150.9385,-26.01263],[150.93294,-26.01164],[150.93253,-26.01311],[150.92683,-26.01181],[150.92041,-26.00503],[150.91405,-26.0041],[150.90596,-26.00832],[150.90636,-26.01271],[150.90393,-26.0194],[150.84957,-26.05641],[150.78981,-26.04892],[150.78853,-26.04317],[150.78585,-26.03952],[150.78091,-26.02849],[150.78164,-26.02604],[150.7854,-26.02239],[150.78598,-26.01866],[150.78315,-26.01562],[150.77912,-26.01524],[150.77581,-26.01223],[150.77677,-26.00844],[150.77745,-26.00862],[150.77363,-25.99833],[150.77041,-25.99486],[150.77114,-25.99251],[150.77049,-25.99137],[150.76695,-25.99111],[150.76665,-25.98785],[150.76499,-25.98676],[150.76363,-25.9816],[150.72981,-25.98017],[150.72562,-25.98102],[150.71966,-25.98517],[150.71441,-25.98486],[150.70206,-25.97393],[150.68175,-25.97021],[150.67275,-25.96959],[150.67454,-25.96324],[150.67311,-25.95723],[150.66929,-25.94922],[150.66888,-25.94267],[150.6795,-25.9285],[150.68064,-25.9225],[150.68425,-25.91705],[150.68499,-25.91388],[150.68506,-25.90518],[150.68391,-25.90179],[150.67978,-25.89804],[150.67831,-25.89328],[150.67837,-25.88903],[150.68003,-25.88275],[150.68717,-25.87906],[150.69306,-25.87212],[150.69476,-25.8645],[150.69869,-25.85575],[150.69708,-25.85086],[150.69512,-25.85023],[150.67874,-25.83038],[150.67176,-25.82701],[150.67041,-25.82048],[150.65771,-25.8137],[150.64924,-25.80331],[150.65688,-25.80097],[150.64412,-25.7862],[150.64645,-25.77877],[150.65021,-25.77425],[150.65982,-25.77334],[150.66646,-25.76375],[150.66544,-25.76174],[150.66844,-25.75827],[150.66366,-25.75765],[150.6629,-25.74492],[150.66387,-25.74316],[150.66428,-25.73274],[150.6496,-25.7262],[150.64315,-25.71566],[150.64651,-25.70524],[150.6518,-25.69869],[150.65628,-25.69745],[150.65653,-25.69223],[150.66357,-25.68428],[150.6638,-25.68118],[150.65884,-25.67869],[150.65593,-25.67307],[150.65416,-25.65978],[150.59948,-25.65273],[150.59124,-25.65269],[150.58533,-25.64347],[150.57029,-25.6382],[150.55296,-25.6416],[150.54584,-25.64036],[150.54038,-25.64115],[150.52418,-25.64539],[150.51716,-25.64073],[150.5038,-25.63599],[150.49553,-25.62839],[150.48399,-25.60623],[150.44614,-25.59892],[150.44095,-25.60156],[150.43705,-25.60644],[150.44258,-25.62156],[150.43642,-25.66152],[150.42642,-25.66515],[150.41829,-25.67523],[150.42291,-25.68685],[150.42193,-25.69405],[150.4343,-25.73385],[150.42954,-25.73719],[150.42627,-25.77454],[150.41808,-25.78938],[150.40499,-25.79065],[150.39538,-25.79601],[150.39292,-25.80147],[150.38882,-25.80349],[150.38683,-25.80599],[150.38876,-25.81463],[150.37038,-25.81562],[150.36064,-25.81851],[150.34543,-25.81777],[150.34081,-25.81491],[150.33629,-25.79015],[150.29467,-25.78005],[150.28176,-25.77849],[150.27909,-25.79614],[150.27328,-25.79591],[150.2579,-25.78802],[150.24948,-25.78794],[150.24821,-25.79528],[150.24315,-25.79435],[150.23679,-25.78855],[150.21397,-25.78428],[150.20737,-25.78462],[150.17447,-25.78009],[150.18051,-25.79495],[150.18063,-25.80517],[150.17863,-25.80519],[150.17382,-25.81153],[150.1648,-25.81497],[150.15929,-25.81912],[150.15318,-25.81942],[150.14156,-25.82299],[150.12875,-25.81845],[150.11479,-25.81117],[150.10429,-25.79576],[150.09903,-25.79726],[150.09624,-25.79431],[150.0911,-25.80634],[150.08584,-25.8124],[150.0564,-25.81339],[150.05351,-25.83247],[150.05211,-25.83447],[150.05242,-25.83822],[150.04982,-25.84072],[150.04747,-25.84125],[150.04542,-25.83961],[150.04514,-25.83452],[150.04369,-25.83235],[150.04,-25.83305],[150.03634,-25.83659],[150.03214,-25.83685],[150.02846,-25.83502],[150.02766,-25.83001],[150.02221,-25.86561],[150.01669,-25.85952],[150.01386,-25.85784],[150.0002,-25.85263],[149.9906,-25.84741],[149.97414,-25.84798],[149.9713,-25.84861],[149.96834,-25.85106],[149.96559,-25.85138],[149.96204,-25.8507],[149.95483,-25.84159],[149.95088,-25.84011],[149.93272,-25.83975],[149.92824,-25.83207],[149.91966,-25.82694],[149.91534,-25.82207],[149.90672,-25.81733],[149.9056,-25.81993],[149.90323,-25.8184],[149.89939,-25.81899],[149.89783,-25.81499],[149.89666,-25.81597],[149.89488,-25.82373],[149.89346,-25.824],[149.8869,-25.82101],[149.88295,-25.82965],[149.85019,-25.83774],[149.83866,-25.83764],[149.82726,-25.82897],[149.82372,-25.82852],[149.82191,-25.84021],[149.82808,-25.84099],[149.82799,-25.84285],[149.8248,-25.8457],[149.82309,-25.84973],[149.81608,-25.85278],[149.81373,-25.85333],[149.80738,-25.85206],[149.80351,-25.84875],[149.79811,-25.84856],[149.7955,-25.84955],[149.79562,-25.85075],[149.79379,-25.85079],[149.79087,-25.85617],[149.78758,-25.85829],[149.77094,-25.85248],[149.76629,-25.85946],[149.7835,-25.89109],[149.77184,-25.90671],[149.76678,-25.90512],[149.7357,-25.8495],[149.69208,-25.86891],[149.68156,-25.87232],[149.67403,-25.8763],[149.67181,-25.87928],[149.66332,-25.88357],[149.6489,-25.89462],[149.58451,-25.88631],[149.57505,-25.94452],[149.47678,-25.93363],[149.48326,-25.89182],[149.40126,-25.88254],[149.39846,-25.87608],[149.38224,-25.88892],[149.37439,-25.89042],[149.36463,-25.89795],[149.36293,-25.90468],[149.35894,-25.90658],[149.35553,-25.90658],[149.35526,-25.90958],[149.34787,-25.91496],[149.34552,-25.91907],[149.34202,-25.92084],[149.33486,-25.91942],[149.32966,-25.9249],[149.32721,-25.92523],[149.3019,-25.96653],[149.22534,-25.95833],[149.13782,-25.9461],[149.1376,-25.94788],[149.13125,-25.94813],[149.1246,-25.95111],[149.10612,-25.94553],[149.10197,-25.94564],[149.09727,-25.94784],[149.09439,-25.94034],[149.10828,-25.87336],[149.1044,-25.86645],[149.10133,-25.86347],[149.09706,-25.86061],[149.0917,-25.85935],[149.08749,-25.8564],[149.07569,-25.8435],[149.06814,-25.84231],[149.06531,-25.83855],[149.06232,-25.83821],[149.06087,-25.83467],[149.05513,-25.82873],[149.04998,-25.82806],[149.05376,-25.82626],[149.05283,-25.82465],[149.04398,-25.82303],[149.02798,-25.80455],[149.02493,-25.79907],[149.03118,-25.77557],[149.03122,-25.76853],[149.02597,-25.76797],[149.02168,-25.76877],[149.01302,-25.77457],[148.9965,-25.78086],[148.98557,-25.78271],[148.97692,-25.78757],[148.9683,-25.78968],[148.96362,-25.79269],[148.94495,-25.7712],[148.91094,-25.76757],[148.90878,-25.76604],[148.90957,-25.76122],[148.90068,-25.7601],[148.92376,-25.74056],[148.9212,-25.73469],[148.92253,-25.7297],[148.91959,-25.72836],[148.92162,-25.72523],[148.92669,-25.7249],[148.92871,-25.72303],[148.92849,-25.72067],[148.92557,-25.71937],[148.92476,-25.71732],[148.9287,-25.70905],[148.92566,-25.70547],[148.92527,-25.70341],[148.93122,-25.69943],[148.93438,-25.69951],[148.93691,-25.69828],[148.93684,-25.69715],[148.93998,-25.69388],[148.94019,-25.69096],[148.93833,-25.68792],[148.93899,-25.68541],[148.94262,-25.68551],[148.94935,-25.69279],[148.95704,-25.6929],[148.96419,-25.69928],[148.96728,-25.70381],[148.96925,-25.71142],[148.97278,-25.71318],[148.97802,-25.70866],[148.9812,-25.7083],[148.99575,-25.6976],[149.00139,-25.69741],[149.0082,-25.69448],[149.01573,-25.6817],[149.01936,-25.68147],[149.0315,-25.67275],[149.03988,-25.67576],[149.05638,-25.66983],[149.05372,-25.66635],[149.05409,-25.66164],[149.05991,-25.65237],[149.0639,-25.65008],[149.06406,-25.64972],[149.06449,-25.6495],[149.06474,-25.64814],[149.06494,-25.64704],[149.06503,-25.64651],[149.06451,-25.64647],[149.06152,-25.64625],[149.06045,-25.64617],[149.052,-25.64973],[149.05057,-25.64912],[149.04967,-25.6479],[149.04848,-25.64317],[149.05046,-25.63909],[149.06055,-25.63234],[149.06141,-25.62983],[149.06046,-25.62683],[149.04787,-25.62294],[149.04533,-25.62309],[149.04451,-25.62432],[149.04498,-25.62846],[149.04117,-25.63218],[149.04101,-25.63662],[149.03813,-25.63835],[149.03597,-25.64179],[149.03543,-25.64206],[149.0343,-25.64165],[149.03402,-25.64134],[149.03265,-25.63841],[149.03852,-25.6316],[149.03847,-25.62921],[149.03267,-25.62706],[149.02731,-25.61926],[149.01835,-25.61663],[149.01386,-25.6136],[149.01259,-25.6115],[149.01292,-25.6093],[149.01427,-25.60883],[149.02387,-25.61194],[149.02581,-25.61106],[149.02606,-25.60807],[149.02007,-25.60371],[149.01037,-25.60173],[148.9922,-25.60072],[148.99002,-25.60539],[148.99197,-25.61014],[148.99552,-25.61466],[148.99519,-25.61742],[148.99306,-25.61867],[148.99132,-25.61836],[148.98548,-25.6122],[148.98698,-25.60319],[148.98629,-25.59794],[148.98791,-25.59007],[148.98611,-25.58834],[148.98404,-25.58837],[149.02453,-25.55974],[148.93835,-25.45918],[148.93775,-25.46274],[148.94017,-25.46328],[148.93923,-25.46425],[148.93495,-25.46565],[148.92798,-25.46378],[148.91915,-25.46814],[148.90726,-25.46789],[148.90523,-25.47196],[148.90063,-25.47298],[148.87699,-25.47036],[148.87292,-25.46166],[148.86377,-25.4652],[148.83363,-25.46043],[148.82466,-25.45415],[148.82155,-25.4547],[148.81507,-25.45246],[148.81243,-25.44636],[148.81379,-25.44384],[148.80911,-25.44067],[148.8044,-25.44084],[148.80077,-25.44294],[148.8006,-25.44594],[148.79796,-25.44543],[148.79108,-25.43913],[148.78368,-25.43591],[148.77929,-25.43607],[148.77585,-25.43491],[148.77475,-25.43169],[148.76548,-25.42425],[148.76363,-25.41945],[148.76168,-25.41735],[148.74405,-25.41324],[148.7371,-25.40976],[148.7258,-25.40084],[148.7252,-25.39567],[148.7272,-25.39318],[148.72482,-25.39034],[148.71896,-25.38874],[148.7189,-25.38695],[148.72664,-25.34262],[148.73316,-25.33781],[148.73349,-25.33371],[148.73889,-25.32766],[148.74737,-25.32426],[148.74705,-25.31874],[148.74867,-25.31687],[148.74776,-25.31491],[148.75148,-25.3145],[148.75256,-25.31295],[148.75916,-25.31082],[148.74527,-25.2798],[148.73725,-25.27845],[148.73518,-25.27968],[148.73721,-25.28491],[148.73448,-25.28676],[148.72793,-25.28746],[148.7244,-25.28593],[148.72124,-25.28626],[148.71587,-25.28125],[148.70822,-25.2781],[148.70229,-25.28391],[148.69796,-25.28546],[148.69388,-25.28487],[148.68818,-25.28145],[148.68339,-25.28098],[148.68341,-25.28707],[148.67994,-25.28873],[148.6773,-25.30067],[148.67339,-25.30534],[148.66986,-25.30556],[148.66871,-25.30946],[148.66665,-25.31043],[148.66103,-25.30669],[148.65273,-25.29624],[148.65001,-25.29444],[148.64534,-25.28589],[148.63924,-25.28198],[148.63743,-25.27939],[148.62567,-25.27995],[148.61303,-25.27653],[148.61066,-25.27469],[148.60168,-25.27491],[148.60034,-25.2722],[148.59688,-25.27005],[148.59566,-25.26489],[148.59156,-25.26136],[148.58089,-25.25513],[148.57549,-25.2547],[148.56884,-25.2496],[148.55288,-25.25361],[148.54802,-25.25184],[148.54338,-25.24688],[148.5345,-25.24437],[148.52498,-25.24454],[148.51626,-25.24314],[148.5106,-25.24607],[148.50308,-25.24474],[148.48799,-25.24642],[148.48136,-25.24301],[148.46966,-25.24475],[148.44934,-25.25646],[148.42981,-25.25129],[148.42577,-25.24867],[148.42231,-25.24904],[148.41962,-25.25125],[148.41666,-25.25876],[148.41382,-25.25991],[148.40783,-25.25831],[148.40746,-25.2542],[148.40499,-25.25284],[148.39951,-25.24388],[148.39286,-25.24287],[148.3892,-25.24456],[148.38598,-25.24409],[148.38358,-25.2452],[148.37855,-25.23982],[148.37851,-25.23559],[148.36867,-25.23135],[148.36046,-25.23478],[148.35743,-25.23132],[148.35166,-25.22946],[148.34965,-25.22331],[148.34746,-25.22038],[148.33674,-25.21806],[148.33486,-25.21544],[148.32985,-25.21399],[148.32597,-25.21019],[148.31215,-25.21273],[148.3053,-25.21195],[148.30617,-25.20355],[148.30014,-25.19364],[148.2954,-25.19012],[148.2962,-25.18847],[148.29258,-25.18163],[148.29397,-25.17775],[148.29163,-25.17487],[148.29428,-25.16572],[148.29563,-25.16448],[148.29084,-25.1611],[148.28167,-25.15865],[148.2815,-25.15707],[148.27584,-25.15305],[148.27462,-25.15053],[148.27655,-25.14874],[148.26814,-25.14521],[148.26854,-25.14374],[148.26072,-25.13564],[148.25526,-25.13358],[148.25154,-25.12757],[148.24151,-25.12033],[148.23999,-25.11742],[148.2358,-25.11428],[148.23529,-25.11234],[148.23622,-25.11039],[148.23412,-25.10058],[148.22853,-25.09864],[148.22483,-25.09472],[148.21291,-25.08644],[148.20957,-25.08014],[148.20544,-25.07924],[148.19827,-25.0818],[148.18737,-25.0812],[148.18072,-25.07944],[148.17477,-25.0843],[148.17057,-25.08516],[148.16528,-25.0838],[148.1605,-25.08402],[148.15244,-25.0676],[148.1521,-25.06471],[148.14958,-25.06134],[148.14476,-25.06127],[148.14334,-25.05986],[148.14168,-25.05523],[148.13394,-25.04314],[148.12736,-25.0448],[148.12283,-25.04347],[148.12131,-25.04139],[148.12088,-25.03503],[148.11526,-25.02993],[148.11754,-25.02392],[148.11698,-25.02215],[148.11351,-25.02081],[148.10892,-25.02155],[148.10586,-25.02024],[148.10461,-25.01729],[148.09403,-25.0136],[148.08933,-25.00905],[148.08701,-25.00248],[148.08341,-25.00077],[148.08385,-24.99651],[148.0791,-24.98798],[148.07885,-24.98511],[148.07771,-24.98403],[148.0783,-24.98208],[148.07584,-24.97876],[148.07592,-24.9726],[148.07959,-24.97012],[148.07964,-24.9689],[148.07785,-24.96738],[148.07428,-24.9572],[148.07844,-24.94836],[148.07618,-24.94521],[148.07579,-24.94157],[148.0637,-24.93288],[148.0623,-24.93002],[148.06289,-24.92479],[148.06006,-24.92209],[148.05714,-24.91605],[148.0573,-24.91419],[148.05492,-24.91257],[148.04416,-24.90979],[148.03636,-24.91222],[148.02982,-24.91095],[148.02668,-24.90773],[148.01929,-24.90465],[148.01489,-24.89889],[148.00111,-24.89733],[147.99773,-24.89982],[147.99427,-24.90065],[147.98637,-24.89102],[147.98513,-24.89086],[147.97978,-24.88362],[147.97939,-24.88108],[147.97618,-24.87862],[147.96537,-24.87975],[147.95693,-24.87885],[147.95072,-24.88072],[147.9501,-24.88039],[147.95049,-24.88091],[147.94935,-24.87999],[147.9462,-24.87617],[147.94706,-24.873],[147.94358,-24.87222],[147.94153,-24.87023],[147.94235,-24.86761],[147.93788,-24.8616],[147.93397,-24.86092],[147.9213,-24.84983],[147.91525,-24.84757],[147.91524,-24.84279],[147.91331,-24.8394],[147.91641,-24.82936],[147.91909,-24.82492],[147.91582,-24.82164],[147.91525,-24.81932],[147.91247,-24.81929],[147.91061,-24.81649],[147.90757,-24.81489],[147.90129,-24.81417],[147.89984,-24.8087],[147.89362,-24.80377],[147.88722,-24.79574],[147.87825,-24.79048],[147.87736,-24.78749],[147.87413,-24.78823],[147.86825,-24.78566],[147.86395,-24.78627],[147.86084,-24.78387],[147.85868,-24.78367],[147.85766,-24.78159],[147.85656,-24.78179],[147.85213,-24.77803],[147.85091,-24.77594],[147.85246,-24.77139],[147.84846,-24.76807],[147.84842,-24.76621],[147.84482,-24.76224],[147.83412,-24.75427],[147.83036,-24.7547],[147.82862,-24.75377],[147.82658,-24.7504],[147.8276,-24.74448],[147.82402,-24.736],[147.8237,-24.73524],[147.82346,-24.73523],[147.81725,-24.73499],[147.81158,-24.73714],[147.80512,-24.73376],[147.8031,-24.73343],[147.80139,-24.73494],[147.79956,-24.73482],[147.79716,-24.73394],[147.79632,-24.7321],[147.7913,-24.73076],[147.78653,-24.73338],[147.78354,-24.73374],[147.77684,-24.73897],[147.77407,-24.73898],[147.77182,-24.73756],[147.77026,-24.73322],[147.7632,-24.72895],[147.75968,-24.72801],[147.75176,-24.73065],[147.74787,-24.73026],[147.74599,-24.7287],[147.73523,-24.73032],[147.7303,-24.73301],[147.72439,-24.74095],[147.71858,-24.74432],[147.71831,-24.74775],[147.71607,-24.75024],[147.71046,-24.75327],[147.70487,-24.75315],[147.70372,-24.75413],[147.70207,-24.76044],[147.69353,-24.76112],[147.68865,-24.76317],[147.68045,-24.77385],[147.67336,-24.77012],[147.67043,-24.76965],[147.666,-24.77106],[147.65146,-24.77112],[147.64658,-24.77321],[147.64442,-24.77697],[147.64533,-24.78627],[147.64678,-24.78813],[147.6495,-24.78872],[147.64996,-24.79026],[147.64695,-24.79789],[147.64705,-24.79995],[147.64194,-24.79889],[147.63904,-24.80138],[147.63472,-24.80121],[147.63087,-24.80381],[147.61729,-24.80494],[147.61192,-24.80766],[147.60658,-24.81245],[147.59215,-24.81824],[147.5896,-24.81841],[147.58761,-24.82323],[147.58359,-24.82596],[147.58261,-24.83186],[147.57854,-24.83604],[147.56053,-24.83427],[147.55922,-24.83308],[147.55865,-24.82551],[147.55989,-24.82339],[147.55833,-24.81918],[147.55394,-24.81947],[147.54945,-24.82121],[147.54433,-24.81772],[147.54244,-24.81756],[147.54015,-24.82298],[147.53867,-24.82407],[147.53268,-24.82382],[147.52394,-24.82899],[147.51873,-24.8302],[147.51279,-24.82654],[147.50826,-24.82071],[147.50621,-24.82629],[147.50926,-24.83328],[147.50897,-24.8349],[147.50448,-24.83838],[147.50143,-24.84472],[147.49651,-24.84701],[147.4898,-24.87123],[147.4885,-24.87364],[147.48362,-24.87698],[147.47644,-24.87822],[147.41972,-24.88137],[147.39627,-24.87631],[147.39322,-24.87863],[147.39011,-24.87372],[147.38096,-24.87079],[147.37355,-24.87117],[147.36976,-24.87675],[147.36596,-24.87744],[147.36329,-24.87713],[147.36108,-24.87521],[147.3498,-24.87551],[147.34158,-24.87132],[147.33988,-24.87205],[147.33556,-24.871],[147.33318,-24.87249],[147.32559,-24.87304],[147.32406,-24.87076],[147.3221,-24.87047],[147.31847,-24.87259],[147.31958,-24.88237],[147.31734,-24.88489],[147.30853,-24.88386],[147.30537,-24.88497],[147.30404,-24.88972],[147.30133,-24.89181],[147.29757,-24.89218],[147.29639,-24.8958],[147.2949,-24.8967],[147.29415,-24.90255],[147.28912,-24.90886],[147.2889,-24.91105],[147.28357,-24.91902],[147.27951,-24.91918],[147.27763,-24.9213],[147.27633,-24.92531],[147.27751,-24.94027],[147.28285,-24.94985],[147.27833,-24.95691],[147.27449,-24.95817],[147.27068,-24.95711],[147.26499,-24.9611],[147.26279,-24.96713],[147.25749,-24.97126],[147.25433,-24.97545],[147.23787,-24.98631],[147.23297,-24.98714],[147.22691,-24.98033],[147.22094,-24.98043],[147.20623,-24.99129],[147.18139,-24.99288],[147.16736,-24.98922],[147.16109,-24.98216],[147.15554,-24.98163],[147.15966,-24.97311],[147.16017,-24.96838],[147.15903,-24.96526],[147.1557,-24.96308],[147.14709,-24.96186],[147.13536,-24.95847],[147.13142,-24.95951],[147.12697,-24.96358],[147.1223,-24.96482],[147.11944,-24.96747],[147.11664,-24.97343],[147.11177,-24.97835],[147.11032,-24.98261],[147.11209,-24.99018],[147.11106,-24.99311],[147.09695,-25.00211],[147.09322,-25.00258],[147.09175,-25.00219],[147.08846,-25.0013],[147.08688,-25.00088],[147.08107,-24.99748],[147.07494,-24.99164],[147.074,-24.99132],[147.07173,-24.99124],[147.06955,-24.98982],[147.06458,-24.99049],[147.06114,-24.99541],[147.05889,-24.99657],[147.09336,-25.06914],[147.08898,-25.07003],[147.04793,-25.06527],[147.03125,-25.07746],[147.00737,-25.07525],[147.00282,-25.1071],[147.00726,-25.11188],[147.00765,-25.11393],[147.00508,-25.11485],[147.00594,-25.11723],[147.0012,-25.15322],[146.94575,-25.14797],[146.93849,-25.20971],[146.89857,-25.20784],[146.87948,-25.22092],[146.8766,-25.22609],[146.87561,-25.22619],[146.87222,-25.23403],[146.87085,-25.2347],[146.86899,-25.2399],[146.86677,-25.24063],[146.86744,-25.24263],[146.85649,-25.26075],[146.84942,-25.2672],[146.84425,-25.27446],[146.84383,-25.27913],[146.79684,-25.31492],[146.74307,-25.35357],[146.73963,-25.35471],[146.73721,-25.35778],[146.75822,-25.18821],[146.58625,-25.16942],[146.57538,-25.17427],[146.56789,-25.23967],[146.57379,-25.24767],[146.56555,-25.30848],[146.55824,-25.30749],[146.55637,-25.31047],[146.49568,-25.3039],[146.50096,-25.31053],[146.50975,-25.33513],[146.36574,-25.31898],[146.3696,-25.29123],[146.35206,-25.28921],[146.35091,-25.29],[146.29254,-25.28235],[146.21594,-25.27441],[146.2006,-25.39025],[146.21058,-25.39129],[146.20806,-25.40395],[146.20772,-25.41479],[146.19229,-25.50654],[146.18274,-25.50539],[146.17239,-25.58823],[146.0976,-25.58314],[145.97115,-25.56897],[145.97332,-25.55013],[145.97329,-25.52176],[145.97649,-25.4877],[145.93858,-25.48761],[145.94049,-25.491],[145.94216,-25.49944],[145.93894,-25.52735],[145.93935,-25.53355],[145.93482,-25.56499],[145.96801,-25.63554],[145.96409,-25.6382],[145.96827,-25.67012],[145.96901,-25.70106],[145.96382,-25.71085],[145.94525,-25.72075],[145.93,-25.71887],[145.92004,-25.71404],[145.74602,-25.69183],[145.74511,-25.6817],[145.74161,-25.67397],[145.74365,-25.65846],[145.74233,-25.65629],[145.7446,-25.65165],[145.74925,-25.61583],[145.67395,-25.60857],[145.67223,-25.61246],[145.6654,-25.61605],[145.66397,-25.6194],[145.66386,-25.62157],[145.66629,-25.6274],[145.66345,-25.62995],[145.65884,-25.64585],[145.654,-25.64949],[145.64623,-25.65051],[145.64454,-25.65201],[145.64521,-25.655],[145.64418,-25.65614],[145.64135,-25.65652],[145.63822,-25.65962],[145.63689,-25.66365],[145.6362,-25.67298],[145.63708,-25.67792],[145.63369,-25.68193],[145.63378,-25.68741],[145.62442,-25.69124],[145.62164,-25.69534],[145.62045,-25.70186],[145.61793,-25.7058],[145.61298,-25.71104],[145.60503,-25.71656],[145.60426,-25.72464],[145.60002,-25.72864],[145.59861,-25.73213],[145.59877,-25.73877],[145.60079,-25.7409],[145.59098,-25.74344],[145.58408,-25.75471],[145.49255,-25.74629],[145.50213,-25.66829],[145.50267,-25.61763],[145.50795,-25.62239],[145.52786,-25.6239],[145.53827,-25.60352],[145.54718,-25.51859],[145.54931,-25.51685],[145.54982,-25.5096],[145.45954,-25.50383],[145.45356,-25.50029],[145.44744,-25.49964],[145.44095,-25.49234],[145.42857,-25.49169],[145.42467,-25.49027],[145.40684,-25.49521],[145.39586,-25.47171],[145.36107,-25.45485],[145.35973,-25.45499],[145.35404,-25.45059],[145.32621,-25.44635],[145.31666,-25.45956],[145.29616,-25.46515],[145.28777,-25.48284],[145.24976,-25.47862],[145.25329,-25.4505],[145.27166,-25.45235],[145.2841,-25.35789],[145.28338,-25.35873],[145.20436,-25.35009],[145.20357,-25.34909],[145.12231,-25.33994],[145.11262,-25.33593],[145.10675,-25.33816],[145.09772,-25.33908],[145.08841,-25.33708],[145.05252,-25.33325],[145.056,-25.32503],[145.05574,-25.32098],[145.05993,-25.31281],[145.06005,-25.30397],[145.0581,-25.30135],[145.04738,-25.29383],[145.05066,-25.29129],[145.05393,-25.29134],[145.05871,-25.28799],[145.06135,-25.28414],[145.06208,-25.27775],[145.06135,-25.27585],[145.03321,-25.27322],[145.03218,-25.27178],[145.0205,-25.27204],[145.01682,-25.27059],[145.01717,-25.26971],[145.01588,-25.26882],[145.01489,-25.26887],[145.01365,-25.2714],[145.00762,-25.27082],[145.00595,-25.26938],[145.00232,-25.26862],[144.99923,-25.27004],[144.98345,-25.26848],[144.98088,-25.26677],[144.97877,-25.26918],[144.97371,-25.27013],[144.96764,-25.26669],[144.964,-25.26318],[144.94794,-25.26222],[144.94469,-25.25995],[144.94237,-25.26188],[144.9326,-25.2614],[144.92675,-25.25904],[144.92434,-25.26063],[144.89549,-25.25933],[144.89104,-25.25812],[144.88929,-25.2586],[144.88234,-25.25581],[144.88025,-25.25689],[144.88017,-25.25854],[144.86947,-25.25796],[144.93093,-25.21316],[144.93435,-25.21271],[144.94011,-25.20984],[144.94081,-25.20698],[144.93873,-25.19712],[144.93968,-25.19566],[144.94613,-25.19137],[144.95871,-25.18842],[144.96139,-25.18536],[144.97141,-25.18366],[144.97861,-25.12466],[144.97974,-25.12377],[144.97892,-25.12228],[144.97921,-25.11573],[144.9818,-25.09884],[144.98014,-25.09817],[144.9806,-25.09378],[144.98256,-25.09259],[144.99091,-25.01135],[144.98441,-25.01416],[144.97572,-25.02104],[144.96541,-25.02603],[144.96291,-25.02973],[144.95981,-25.03179],[144.94186,-25.03387],[144.93331,-25.03259],[144.92599,-25.03388],[144.91255,-25.03218],[144.90855,-25.03387],[144.90426,-25.03766],[144.89862,-25.03828],[144.88982,-25.02906],[144.88876,-25.0238],[144.88473,-25.01989],[144.87463,-25.01952],[144.86225,-24.99982],[144.84676,-24.99023],[144.845,-24.98443],[144.84887,-24.97497],[144.84971,-24.96955],[144.85752,-24.94689],[144.85843,-24.93705],[144.85303,-24.92678],[144.86059,-24.91907],[144.79602,-24.91306],[144.80395,-24.84046],[144.69842,-24.83082],[144.71662,-24.68238],[144.68176,-24.67889],[144.68531,-24.64896],[144.65178,-24.66252],[144.62755,-24.96755],[144.48183,-25.07818],[144.46159,-25.03069],[144.39956,-25.13141],[144.38189,-25.11263],[144.25269,-25.2097],[144.22498,-25.25548],[144.21629,-25.2644],[144.15769,-25.35808],[144.15567,-25.37089],[144.16172,-25.37534],[144.16883,-25.39433],[144.16206,-25.41211],[144.15049,-25.4333],[144.12159,-25.44303],[144.12008,-25.44782],[144.12102,-25.45305],[144.1245,-25.46007],[144.12501,-25.4645],[144.12291,-25.46955],[144.12002,-25.47266],[144.12018,-25.4741],[144.11163,-25.47875],[144.11387,-25.50187],[144.10931,-25.50549],[144.10956,-25.50655],[144.10672,-25.50808],[144.10549,-25.5102],[144.10645,-25.51438],[144.10422,-25.51681],[144.10079,-25.51835],[144.09882,-25.52207],[144.09593,-25.52331],[144.09071,-25.53348],[144.0887,-25.5344],[144.08437,-25.53411],[144.07222,-25.54174],[144.07035,-25.5541],[144.07077,-25.55789],[144.04361,-25.5747],[144.03923,-25.57915],[144.03457,-25.58129],[144.01482,-25.58165],[144.01323,-25.58271],[144.01144,-25.5817],[144.00132,-25.58185],[144.0008,-25.58297],[143.92215,-25.49398],[143.82268,-25.48451],[143.82237,-25.48722],[143.7483,-25.48159],[143.74737,-25.48959],[143.74091,-25.48379],[143.74062,-25.48243],[143.74181,-25.47449],[143.74508,-25.46891],[143.76664,-25.4698],[143.77848,-25.46148],[143.77989,-25.45969],[143.78071,-25.45348],[143.78692,-25.45282],[143.7886,-25.45138],[143.76664,-25.40064],[143.75174,-25.38243],[143.7522,-25.37882],[143.73434,-25.36168],[143.70565,-25.35223],[143.70158,-25.34876],[143.70035,-25.34322],[143.67981,-25.32859],[143.67692,-25.32427],[143.67386,-25.32446],[143.66775,-25.32199],[143.66193,-25.31625],[143.65011,-25.31163],[143.64494,-25.30667],[143.63806,-25.30472],[143.62738,-25.3112],[143.62077,-25.3126],[143.61768,-25.31042],[143.61483,-25.30438],[143.61125,-25.3021],[143.61094,-25.29912],[143.60814,-25.29914],[143.59294,-25.28224],[143.47437,-25.37102],[143.44161,-25.36839],[143.44122,-25.37131],[143.43731,-25.37388],[143.43614,-25.3833],[143.43928,-25.3866],[143.43492,-25.42075],[143.43598,-25.42083],[143.43003,-25.48061],[143.42556,-25.4865],[143.42602,-25.48851],[143.42893,-25.49097],[143.43012,-25.49557],[143.42798,-25.49987],[143.41765,-25.59451],[143.45419,-25.59763],[143.44823,-25.65189],[143.39521,-25.64756],[143.3943,-25.64658],[143.39392,-25.65058],[143.39315,-25.65065],[143.38835,-25.6471],[143.3756,-25.64125],[143.36835,-25.64195],[143.36396,-25.63867],[143.27567,-25.63081],[143.27557,-25.63171],[143.27358,-25.63153],[143.27368,-25.63062],[143.2104,-25.62477],[143.19858,-25.73736],[142.98376,-25.71773],[142.97185,-25.82247],[142.88516,-25.81383],[142.90239,-25.66915],[142.72851,-25.65223],[142.71933,-25.64388],[142.7224,-25.64252],[142.72696,-25.64354],[142.73305,-25.64143],[142.73639,-25.63139],[142.73681,-25.62544],[142.73958,-25.62054],[142.59112,-25.60893],[142.51317,-25.67073],[142.51263,-25.67794],[142.4821,-25.69493],[142.4815,-25.69712],[142.45679,-25.70988],[142.44352,-25.71838],[142.43589,-25.72487],[142.42842,-25.72498],[142.41682,-25.72911],[142.40739,-25.72988],[142.40373,-25.73294],[142.38126,-25.73894],[142.37868,-25.75015],[142.36328,-25.75508],[142.35753,-25.7536],[142.33742,-25.75677],[142.31859,-25.76397],[142.31426,-25.76893],[142.30271,-25.77602],[142.2869,-25.78156],[142.27593,-25.78149],[142.22865,-25.82129],[142.21445,-25.82971],[142.19849,-25.82945],[142.19396,-25.8576],[142.17324,-25.85545],[142.16071,-25.94684],[142.14348,-26.09318],[142.16144,-26.19603],[142.15991,-26.19676],[142.15907,-26.19892],[142.15977,-26.1998],[142.15742,-26.20143],[142.15798,-26.20266],[142.15662,-26.20282],[142.15715,-26.20376],[142.15593,-26.20609],[142.15412,-26.20686],[142.15131,-26.21087],[142.14825,-26.21168],[142.14694,-26.2147],[142.143,-26.21632],[142.14248,-26.21891],[142.14096,-26.21974],[142.14178,-26.22176],[142.1344,-26.22724],[142.13501,-26.22876],[142.13348,-26.23071],[142.13432,-26.23201],[142.13027,-26.24126],[142.12887,-26.24207],[142.12939,-26.24567],[142.12644,-26.25027],[142.12648,-26.25428],[142.12403,-26.25852],[142.12592,-26.26433],[142.12315,-26.26629],[142.12113,-26.27063],[142.11948,-26.27118],[142.11886,-26.27484],[142.11586,-26.27626],[142.11618,-26.27938],[142.11505,-26.27998],[142.11426,-26.27866],[142.11396,-26.28022],[142.11276,-26.27986],[142.1123,-26.28073],[142.11299,-26.2822],[142.1122,-26.28315],[142.11401,-26.28508],[142.11258,-26.28936],[142.10978,-26.29305],[142.11109,-26.29446],[142.11075,-26.29785],[142.10797,-26.29946],[142.10603,-26.30293],[142.09909,-26.30708],[142.0958,-26.31246],[142.09602,-26.3164],[142.09178,-26.32833],[142.0811,-26.34233],[142.0807,-26.35969],[142.07455,-26.38528],[142.05913,-26.3748],[142.05825,-26.38127],[141.89105,-26.36649],[141.89131,-26.3582],[141.79806,-26.35017],[141.79731,-26.35752],[141.7188,-26.35055],[141.71722,-26.35902],[141.71229,-26.36654],[141.70649,-26.37868],[141.70418,-26.38669],[141.70456,-26.38806],[141.70568,-26.38804],[141.70462,-26.38991],[141.70551,-26.3904],[141.70551,-26.39378],[141.70652,-26.39388],[141.70572,-26.39456],[141.70675,-26.39636],[141.70596,-26.39672],[141.70773,-26.39828],[141.70667,-26.39989],[141.7082,-26.40111],[141.70802,-26.40217],[141.70675,-26.40217],[141.70724,-26.4044],[141.70856,-26.40737],[141.71175,-26.40902],[141.71011,-26.41177],[141.71127,-26.41675],[141.70826,-26.41761],[141.71177,-26.42096],[141.71108,-26.42248],[141.70664,-26.42443],[141.70662,-26.42565],[141.70772,-26.42588],[141.70645,-26.42906],[141.70958,-26.43136],[141.71209,-26.43089],[141.71199,-26.43501],[141.71337,-26.436],[141.71331,-26.43841],[141.71527,-26.44016],[141.7147,-26.44177],[141.71636,-26.44389],[141.71489,-26.44963],[141.7116,-26.44922],[141.71078,-26.45166],[141.71274,-26.4535],[141.71359,-26.45666],[141.71695,-26.45813],[141.71378,-26.46023],[141.71409,-26.46291],[141.71535,-26.46505],[141.71836,-26.46609],[141.71948,-26.46775],[141.71883,-26.46956],[141.72013,-26.4735],[141.71845,-26.47293],[141.71853,-26.47467],[141.71973,-26.4757],[141.71896,-26.47667],[141.72133,-26.47858],[141.72084,-26.48124],[141.72173,-26.48298],[141.72529,-26.48281],[141.72568,-26.48438],[141.72353,-26.48743],[141.72401,-26.48893],[141.72794,-26.48549],[141.72926,-26.48821],[141.73189,-26.48839],[141.72966,-26.4904],[141.72959,-26.49216],[141.73316,-26.49112],[141.7341,-26.49201],[141.73395,-26.49415],[141.73642,-26.49717],[141.73546,-26.49884],[141.73718,-26.50015],[141.73462,-26.50058],[141.73457,-26.50136],[141.73811,-26.50369],[141.73839,-26.50748],[141.73912,-26.50818],[141.73991,-26.50711],[141.7411,-26.5084],[141.7403,-26.51273],[141.73845,-26.5137],[141.74273,-26.51551],[141.74303,-26.51657],[141.74174,-26.51989],[141.73851,-26.52134],[141.74057,-26.52313],[141.73954,-26.52528],[141.74424,-26.52929],[141.74281,-26.53367],[141.74374,-26.53623],[141.74895,-26.54141],[141.74937,-26.54404],[141.75288,-26.54748],[141.75493,-26.5463],[141.75886,-26.54727],[141.76153,-26.54994],[141.76161,-26.55185],[141.75952,-26.55408],[141.75975,-26.55525],[141.7628,-26.55996],[141.76915,-26.56561],[141.76923,-26.56942],[141.77151,-26.57403],[141.77477,-26.57719],[141.77689,-26.57713],[141.77786,-26.58003],[141.77714,-26.58217],[141.78009,-26.58435],[141.77966,-26.58631],[141.78144,-26.58871],[141.78372,-26.59001],[141.78355,-26.59226],[141.7846,-26.59352],[141.7838,-26.59459],[141.78564,-26.59683],[141.78558,-26.59968],[141.78999,-26.5998],[141.79048,-26.605],[141.79358,-26.60634],[141.79477,-26.6088],[141.79793,-26.61002],[141.79625,-26.61284],[141.79852,-26.61592],[141.79942,-26.6196],[141.80141,-26.61964],[141.80179,-26.62163],[141.80358,-26.62259],[141.80492,-26.62184],[141.80554,-26.62499],[141.8066,-26.62411],[141.80769,-26.62588],[141.80693,-26.62685],[141.80952,-26.62676],[141.81221,-26.62856],[141.81307,-26.63193],[141.81179,-26.6415],[141.80901,-26.64363],[141.80933,-26.65104],[141.80708,-26.65317],[141.80769,-26.65634],[141.80497,-26.66015],[141.80864,-26.66317],[141.81141,-26.66399],[141.81421,-26.6678],[141.81492,-26.67065],[141.81673,-26.67187],[141.81572,-26.67379],[141.81392,-26.6736],[141.81243,-26.67585],[141.81273,-26.67758],[141.81692,-26.68335],[141.81539,-26.68612],[141.81775,-26.68623],[141.81655,-26.68864],[141.82024,-26.68748],[141.82102,-26.68811],[141.82296,-26.69687],[141.82743,-26.69474],[141.82983,-26.69664],[141.83691,-26.69463],[141.83883,-26.69998],[141.8382,-26.70351],[141.83158,-26.71243],[141.83253,-26.71388],[141.83656,-26.71461],[141.8386,-26.71643],[141.83897,-26.71859],[141.83741,-26.72163],[141.83243,-26.72264],[141.8319,-26.72392],[141.83406,-26.72837],[141.83772,-26.73077],[141.83845,-26.73248],[141.83764,-26.73338],[141.83473,-26.73188],[141.83177,-26.73273],[141.83147,-26.73439],[141.83403,-26.7359],[141.8342,-26.73747],[141.83081,-26.74023],[141.83172,-26.74209],[141.8285,-26.74152],[141.82923,-26.74054],[141.82486,-26.74065],[141.824,-26.74402],[141.82645,-26.74709],[141.7728,-26.74158],[141.75642,-26.73716],[141.72577,-26.73401],[141.70973,-26.73484],[141.70596,-26.73665],[141.703,-26.73632],[141.69715,-26.7334],[141.69205,-26.73431],[141.67248,-26.73068],[141.66272,-26.72607],[141.65467,-26.72897],[141.58388,-26.72187],[141.54345,-26.67657],[141.39612,-26.66249],[141.25472,-26.66329],[141.25411,-26.67773],[141.21688,-26.67998],[141.1879,-26.92687],[140.99946,-26.90844]]]},"properties":{"Police Region Name":"Southern Region","Police Region Code":"SR","Police Region Short Name":"Southern","DDMG Count":6,"DDMG Names":"Charleville, Dalby, Ipswich, Roma, Toowoomba, Warwick","Note":"Disaster Management Region: the reporting grouping of disaster districts used by the consuming reports. Not the QPS operational region boundary - see qld_qps_regions_gda94_simp10."},"id":"SR"}]}