{"type":"FeatureCollection","name":"qld_southern_ddmg_boundaries_gda2020_simp20","crs":{"type":"name","properties":{"name":"urn:ogc:def:crs:EPSG::7844"}},"features":[{"type":"Feature","geometry":{"type":"Polygon","coordinates":[[[140.99946,-26.90844],[140.99927,-28.9991],[146.94501,-28.99913],[146.94501,-28.99823],[146.9417,-28.99711],[146.93567,-28.99125],[146.95269,-28.86146],[146.86329,-28.85428],[146.86775,-28.83131],[146.88477,-28.76739],[146.89236,-28.72146],[146.92518,-28.72407],[146.93841,-28.63103],[146.92792,-28.62981],[146.93786,-28.55953],[146.95773,-28.53639],[146.9634,-28.50615],[146.96023,-28.43942],[146.96511,-28.41417],[146.96004,-28.41292],[146.96788,-28.36018],[146.91569,-28.35407],[146.92625,-28.28219],[146.93208,-28.26074],[146.94914,-28.26301],[146.99017,-27.98989],[147.06856,-27.99091],[147.10497,-27.99477],[147.10846,-27.97321],[147.11956,-27.9282],[147.12424,-27.89804],[147.10972,-27.89586],[147.11795,-27.8574],[147.10809,-27.81783],[147.11718,-27.76144],[147.11672,-27.75532],[147.121,-27.71337],[147.14291,-27.5749],[147.06327,-27.56611],[147.06451,-27.5572],[147.06144,-27.5445],[147.05268,-27.47613],[147.03994,-27.47533],[147.04977,-27.40713],[147.04375,-27.40638],[147.04724,-27.36556],[147.06411,-27.24478],[147.0816,-27.17055],[147.0871,-27.17112],[147.09665,-27.09977],[147.03017,-27.09227],[147.03142,-27.08291],[147.03842,-27.08384],[147.0492,-27.01122],[147.05759,-27.0006],[147.06436,-26.95637],[147.20579,-26.96745],[147.21979,-26.87457],[147.22141,-26.743],[147.23762,-26.69944],[147.23838,-26.64529],[147.24442,-26.60205],[147.24905,-26.59517],[147.24632,-26.5811],[147.24259,-26.57749],[147.20986,-26.5738],[147.21632,-26.52775],[147.23096,-26.51915],[147.30501,-26.52753],[147.31755,-26.43601],[147.31772,-26.4351],[147.32108,-26.43587],[147.32993,-26.37112],[147.34386,-26.28291],[147.3733,-26.28694],[147.37913,-26.24141],[147.35581,-26.23882],[147.35936,-26.21531],[147.3676,-26.19439],[147.36687,-26.19265],[147.36897,-26.18618],[147.37092,-26.18299],[147.36996,-26.18105],[147.35941,-26.17315],[147.36034,-26.16406],[147.35934,-26.15559],[147.36503,-26.14332],[147.37073,-26.13958],[147.3764,-26.13813],[147.38275,-26.13368],[147.40055,-26.13862],[147.40727,-26.14356],[147.41522,-26.13798],[147.43402,-26.1402],[147.44413,-26.13425],[147.45132,-26.08137],[147.44833,-26.07894],[147.44388,-26.06632],[147.44099,-26.06485],[147.44155,-26.0592],[147.4441,-26.05752],[147.4449,-26.05491],[147.44956,-26.05167],[147.44936,-26.04692],[147.45166,-26.04555],[147.4498,-26.04158],[147.44764,-26.0281],[147.44815,-26.01744],[147.44179,-26.01337],[147.4422,-26.0102],[147.45342,-25.99175],[147.4547,-25.98039],[147.44907,-25.9777],[147.43155,-25.97569],[147.42827,-25.97461],[147.42472,-25.97122],[147.41136,-25.97082],[147.40706,-25.97357],[147.40294,-25.9705],[147.39916,-25.97003],[147.37092,-25.94225],[147.3647,-25.93967],[147.35965,-25.93988],[147.35623,-25.93757],[147.35153,-25.92864],[147.33925,-25.93231],[147.33339,-25.93209],[147.32978,-25.92956],[147.32593,-25.92848],[147.32304,-25.92953],[147.32037,-25.92803],[147.31319,-25.92745],[147.31063,-25.92242],[147.30334,-25.92201],[147.29111,-25.91723],[147.28874,-25.91744],[147.28249,-25.91501],[147.28157,-25.91563],[147.28061,-25.91311],[147.28118,-25.91068],[147.28349,-25.90938],[147.2836,-25.90595],[147.28621,-25.90365],[147.28431,-25.8961],[147.28012,-25.88628],[147.27795,-25.88405],[147.27969,-25.88115],[147.27953,-25.87922],[147.27549,-25.87743],[147.27524,-25.8764],[147.2763,-25.85854],[147.27584,-25.83581],[147.26759,-25.81516],[147.26012,-25.80641],[147.25733,-25.80131],[147.25612,-25.79731],[147.25881,-25.79388],[147.25862,-25.79205],[147.16015,-25.78106],[147.17932,-25.62923],[147.28547,-25.64051],[147.30494,-25.4954],[147.35593,-25.50111],[147.37284,-25.37436],[147.38453,-25.37547],[147.3931,-25.35417],[147.38996,-25.34326],[147.36214,-25.32237],[147.36178,-25.30648],[147.35921,-25.29071],[147.54121,-25.31162],[147.55427,-25.21906],[147.6552,-25.23081],[147.67542,-25.08017],[147.64874,-25.07668],[147.65921,-25.00446],[147.68352,-25.00739],[147.69989,-25.01172],[147.70802,-25.01814],[147.7193,-25.0227],[147.72593,-25.03279],[147.73246,-25.03745],[147.73419,-25.0378],[147.73924,-25.03251],[147.74723,-25.03342],[147.74752,-25.03164],[147.75018,-25.03039],[147.75155,-25.03171],[147.76252,-25.03167],[147.76388,-25.03363],[147.76587,-25.03375],[147.76679,-25.03174],[147.76876,-25.03202],[147.77098,-25.029],[147.76917,-25.02683],[147.77293,-25.02563],[147.77819,-25.02735],[147.78079,-25.02642],[147.78061,-25.0188],[147.79109,-25.00689],[147.7934,-24.99699],[147.79947,-24.99426],[147.80067,-24.99095],[147.80433,-24.98664],[147.80552,-24.98227],[147.8087,-24.97878],[147.80788,-24.97712],[147.81398,-24.96993],[147.81716,-24.97362],[147.81833,-24.97219],[147.82011,-24.97293],[147.82255,-24.97148],[147.82481,-24.9736],[147.82989,-24.97109],[147.83394,-24.97261],[147.83459,-24.97001],[147.84003,-24.96687],[147.83964,-24.96548],[147.84172,-24.96447],[147.84501,-24.96561],[147.84948,-24.96509],[147.85051,-24.96357],[147.85334,-24.96282],[147.85184,-24.96068],[147.85291,-24.95915],[147.85949,-24.95673],[147.86092,-24.95434],[147.87165,-24.95374],[147.87246,-24.95063],[147.86944,-24.94828],[147.87067,-24.9458],[147.87928,-24.9402],[147.88221,-24.94262],[147.88403,-24.94046],[147.88415,-24.93865],[147.88767,-24.93627],[147.89473,-24.93963],[147.89864,-24.94037],[147.89816,-24.9376],[147.89484,-24.934],[147.89254,-24.92919],[147.89267,-24.9272],[147.89123,-24.92595],[147.89126,-24.92228],[147.89517,-24.9184],[147.89794,-24.91811],[147.90056,-24.91941],[147.90224,-24.91786],[147.90419,-24.91822],[147.90417,-24.92058],[147.90732,-24.91973],[147.90883,-24.92092],[147.91658,-24.91935],[147.92234,-24.92052],[147.92835,-24.90928],[147.93148,-24.90703],[147.9355,-24.90184],[147.94006,-24.90002],[147.94623,-24.89542],[147.94821,-24.8952],[147.95227,-24.88898],[147.95426,-24.88888],[147.95453,-24.88626],[147.95049,-24.88091],[147.94935,-24.87999],[147.9462,-24.87617],[147.94706,-24.873],[147.94358,-24.87222],[147.94153,-24.87023],[147.94235,-24.86761],[147.93788,-24.8616],[147.93397,-24.86092],[147.9213,-24.84983],[147.91525,-24.84757],[147.91524,-24.84279],[147.91331,-24.8394],[147.91641,-24.82936],[147.91909,-24.82492],[147.91582,-24.82164],[147.91525,-24.81932],[147.91247,-24.81929],[147.91061,-24.81649],[147.90757,-24.81489],[147.90129,-24.81417],[147.89984,-24.8087],[147.89362,-24.80377],[147.88722,-24.79574],[147.87825,-24.79048],[147.87736,-24.78749],[147.87413,-24.78823],[147.86825,-24.78566],[147.86395,-24.78627],[147.86084,-24.78387],[147.85868,-24.78367],[147.85766,-24.78159],[147.85656,-24.78179],[147.85213,-24.77803],[147.85091,-24.77594],[147.85246,-24.77139],[147.84846,-24.76807],[147.84842,-24.76621],[147.84482,-24.76224],[147.83412,-24.75427],[147.83036,-24.7547],[147.82862,-24.75377],[147.82658,-24.7504],[147.8276,-24.74448],[147.82402,-24.736],[147.8237,-24.73524],[147.82346,-24.73523],[147.81725,-24.73499],[147.81158,-24.73714],[147.80512,-24.73376],[147.8031,-24.73343],[147.80139,-24.73494],[147.79956,-24.73482],[147.79716,-24.73394],[147.79632,-24.7321],[147.7913,-24.73076],[147.78653,-24.73338],[147.78354,-24.73374],[147.77684,-24.73897],[147.77407,-24.73898],[147.77182,-24.73756],[147.77026,-24.73322],[147.7632,-24.72895],[147.75968,-24.72801],[147.75176,-24.73065],[147.74787,-24.73026],[147.74599,-24.7287],[147.73523,-24.73032],[147.7303,-24.73301],[147.72439,-24.74095],[147.71858,-24.74432],[147.71831,-24.74775],[147.71607,-24.75024],[147.71046,-24.75327],[147.70487,-24.75315],[147.70372,-24.75413],[147.70207,-24.76044],[147.69353,-24.76112],[147.68865,-24.76317],[147.68045,-24.77385],[147.67336,-24.77012],[147.67043,-24.76965],[147.666,-24.77106],[147.65146,-24.77112],[147.64658,-24.77321],[147.64442,-24.77697],[147.64533,-24.78627],[147.64678,-24.78813],[147.6495,-24.78872],[147.64996,-24.79026],[147.64695,-24.79789],[147.64705,-24.79995],[147.64194,-24.79889],[147.63904,-24.80138],[147.63472,-24.80121],[147.63087,-24.80381],[147.61729,-24.80494],[147.61192,-24.80766],[147.60658,-24.81245],[147.59215,-24.81824],[147.5896,-24.81841],[147.58761,-24.82323],[147.58359,-24.82596],[147.58261,-24.83186],[147.57854,-24.83604],[147.56053,-24.83427],[147.55922,-24.83308],[147.55865,-24.82551],[147.55989,-24.82339],[147.55833,-24.81918],[147.55394,-24.81947],[147.54945,-24.82121],[147.54433,-24.81772],[147.54244,-24.81756],[147.54015,-24.82298],[147.53867,-24.82407],[147.53268,-24.82382],[147.52394,-24.82899],[147.51873,-24.8302],[147.51279,-24.82654],[147.50826,-24.82071],[147.50621,-24.82629],[147.50926,-24.83328],[147.50897,-24.8349],[147.50448,-24.83838],[147.50143,-24.84472],[147.49651,-24.84701],[147.4898,-24.87123],[147.4885,-24.87364],[147.48362,-24.87698],[147.47644,-24.87822],[147.41972,-24.88137],[147.39627,-24.87631],[147.39322,-24.87863],[147.39011,-24.87372],[147.38096,-24.87079],[147.37355,-24.87117],[147.36976,-24.87675],[147.36596,-24.87744],[147.36329,-24.87713],[147.36108,-24.87521],[147.3498,-24.87551],[147.34158,-24.87132],[147.33988,-24.87205],[147.33556,-24.871],[147.33318,-24.87249],[147.32559,-24.87304],[147.32406,-24.87076],[147.3221,-24.87047],[147.31847,-24.87259],[147.31958,-24.88237],[147.31734,-24.88489],[147.30853,-24.88386],[147.30537,-24.88497],[147.30404,-24.88972],[147.30133,-24.89181],[147.29757,-24.89218],[147.29639,-24.8958],[147.2949,-24.8967],[147.29415,-24.90255],[147.28912,-24.90886],[147.2889,-24.91105],[147.28357,-24.91902],[147.27951,-24.91918],[147.27763,-24.9213],[147.27633,-24.92531],[147.27751,-24.94027],[147.28285,-24.94985],[147.27833,-24.95691],[147.27449,-24.95817],[147.27068,-24.95711],[147.26499,-24.9611],[147.26279,-24.96713],[147.25749,-24.97126],[147.25433,-24.97545],[147.23787,-24.98631],[147.23297,-24.98714],[147.22691,-24.98033],[147.22094,-24.98043],[147.20623,-24.99129],[147.18139,-24.99288],[147.16736,-24.98922],[147.16109,-24.98216],[147.15554,-24.98163],[147.15966,-24.97311],[147.16017,-24.96838],[147.15903,-24.96526],[147.1557,-24.96308],[147.14709,-24.96186],[147.13536,-24.95847],[147.13142,-24.95951],[147.12697,-24.96358],[147.1223,-24.96482],[147.11944,-24.96747],[147.11664,-24.97343],[147.11177,-24.97835],[147.11032,-24.98261],[147.11209,-24.99018],[147.11106,-24.99311],[147.09695,-25.00211],[147.09322,-25.00258],[147.09175,-25.00219],[147.08846,-25.0013],[147.08688,-25.00088],[147.08107,-24.99748],[147.07494,-24.99164],[147.074,-24.99132],[147.07173,-24.99124],[147.06955,-24.98982],[147.06458,-24.99049],[147.06114,-24.99541],[147.05889,-24.99657],[147.09336,-25.06914],[147.08898,-25.07003],[147.04793,-25.06527],[147.03125,-25.07746],[147.00737,-25.07525],[147.00282,-25.1071],[147.00726,-25.11188],[147.00765,-25.11393],[147.00508,-25.11485],[147.00594,-25.11723],[147.0012,-25.15322],[146.94575,-25.14797],[146.93849,-25.20971],[146.89857,-25.20784],[146.87948,-25.22092],[146.8766,-25.22609],[146.87561,-25.22619],[146.87222,-25.23403],[146.87085,-25.2347],[146.86899,-25.2399],[146.86677,-25.24063],[146.86744,-25.24263],[146.85649,-25.26075],[146.84942,-25.2672],[146.84425,-25.27446],[146.84383,-25.27913],[146.79684,-25.31492],[146.74307,-25.35357],[146.73963,-25.35471],[146.73721,-25.35778],[146.75822,-25.18821],[146.58625,-25.16942],[146.57538,-25.17427],[146.56789,-25.23967],[146.57379,-25.24767],[146.56555,-25.30848],[146.55824,-25.30749],[146.55637,-25.31047],[146.49568,-25.3039],[146.50096,-25.31053],[146.50975,-25.33513],[146.36574,-25.31898],[146.3696,-25.29123],[146.35206,-25.28921],[146.35091,-25.29],[146.29254,-25.28235],[146.21594,-25.27441],[146.2006,-25.39025],[146.21058,-25.39129],[146.20806,-25.40395],[146.20772,-25.41479],[146.19229,-25.50654],[146.18274,-25.50539],[146.17239,-25.58823],[146.0976,-25.58314],[145.97115,-25.56897],[145.97332,-25.55013],[145.97329,-25.52176],[145.97649,-25.4877],[145.93858,-25.48761],[145.94049,-25.491],[145.94216,-25.49944],[145.93894,-25.52735],[145.93935,-25.53355],[145.93482,-25.56499],[145.96801,-25.63554],[145.96409,-25.6382],[145.96827,-25.67012],[145.96901,-25.70106],[145.96382,-25.71085],[145.94525,-25.72075],[145.93,-25.71887],[145.92004,-25.71404],[145.74602,-25.69183],[145.74511,-25.6817],[145.74161,-25.67397],[145.74365,-25.65846],[145.74233,-25.65629],[145.7446,-25.65165],[145.74925,-25.61583],[145.67395,-25.60857],[145.67223,-25.61246],[145.6654,-25.61605],[145.66397,-25.6194],[145.66386,-25.62157],[145.66629,-25.6274],[145.66345,-25.62995],[145.65884,-25.64585],[145.654,-25.64949],[145.64623,-25.65051],[145.64454,-25.65201],[145.64521,-25.655],[145.64418,-25.65614],[145.64135,-25.65652],[145.63822,-25.65962],[145.63689,-25.66365],[145.6362,-25.67298],[145.63708,-25.67792],[145.63369,-25.68193],[145.63378,-25.68741],[145.62442,-25.69124],[145.62164,-25.69534],[145.62045,-25.70186],[145.61793,-25.7058],[145.61298,-25.71104],[145.60503,-25.71656],[145.60426,-25.72464],[145.60002,-25.72864],[145.59861,-25.73213],[145.59877,-25.73877],[145.60079,-25.7409],[145.59098,-25.74344],[145.58408,-25.75471],[145.49255,-25.74629],[145.50213,-25.66829],[145.50267,-25.61763],[145.50795,-25.62239],[145.52786,-25.6239],[145.53827,-25.60352],[145.54718,-25.51859],[145.54931,-25.51685],[145.54982,-25.5096],[145.45954,-25.50383],[145.45356,-25.50029],[145.44744,-25.49964],[145.44095,-25.49234],[145.42857,-25.49169],[145.42467,-25.49027],[145.40684,-25.49521],[145.39586,-25.47171],[145.36107,-25.45485],[145.35973,-25.45499],[145.35404,-25.45059],[145.32621,-25.44635],[145.31666,-25.45956],[145.29616,-25.46515],[145.28777,-25.48284],[145.24976,-25.47862],[145.25329,-25.4505],[145.27166,-25.45235],[145.2841,-25.35789],[145.28338,-25.35873],[145.20436,-25.35009],[145.20357,-25.34909],[145.12231,-25.33994],[145.11262,-25.33593],[145.10675,-25.33816],[145.09772,-25.33908],[145.08841,-25.33708],[145.05252,-25.33325],[145.056,-25.32503],[145.05574,-25.32098],[145.05993,-25.31281],[145.06005,-25.30397],[145.0581,-25.30135],[145.04738,-25.29383],[145.05066,-25.29129],[145.05393,-25.29134],[145.05871,-25.28799],[145.06135,-25.28414],[145.06208,-25.27775],[145.06135,-25.27585],[145.03321,-25.27322],[145.03218,-25.27178],[145.0205,-25.27204],[145.01682,-25.27059],[145.01717,-25.26971],[145.01588,-25.26882],[145.01489,-25.26887],[145.01365,-25.2714],[145.00762,-25.27082],[145.00595,-25.26938],[145.00232,-25.26862],[144.99923,-25.27004],[144.98345,-25.26848],[144.98088,-25.26677],[144.97877,-25.26918],[144.97371,-25.27013],[144.96764,-25.26669],[144.964,-25.26318],[144.94794,-25.26222],[144.94469,-25.25995],[144.94237,-25.26188],[144.9326,-25.2614],[144.92675,-25.25904],[144.92434,-25.26063],[144.89549,-25.25933],[144.89104,-25.25812],[144.88929,-25.2586],[144.88234,-25.25581],[144.88025,-25.25689],[144.88017,-25.25854],[144.86947,-25.25796],[144.93093,-25.21316],[144.93435,-25.21271],[144.94011,-25.20984],[144.94081,-25.20698],[144.93873,-25.19712],[144.93968,-25.19566],[144.94613,-25.19137],[144.95871,-25.18842],[144.96139,-25.18536],[144.97141,-25.18366],[144.97861,-25.12466],[144.97974,-25.12377],[144.97892,-25.12228],[144.97921,-25.11573],[144.9818,-25.09884],[144.98014,-25.09817],[144.9806,-25.09378],[144.98256,-25.09259],[144.99091,-25.01135],[144.98441,-25.01416],[144.97572,-25.02104],[144.96541,-25.02603],[144.96291,-25.02973],[144.95981,-25.03179],[144.94186,-25.03387],[144.93331,-25.03259],[144.92599,-25.03388],[144.91255,-25.03218],[144.90855,-25.03387],[144.90426,-25.03766],[144.89862,-25.03828],[144.88982,-25.02906],[144.88876,-25.0238],[144.88473,-25.01989],[144.87463,-25.01952],[144.86225,-24.99982],[144.84676,-24.99023],[144.845,-24.98443],[144.84887,-24.97497],[144.84971,-24.96955],[144.85752,-24.94689],[144.85843,-24.93705],[144.85303,-24.92678],[144.86059,-24.91907],[144.79602,-24.91306],[144.80395,-24.84046],[144.69842,-24.83082],[144.71662,-24.68238],[144.68176,-24.67889],[144.68531,-24.64896],[144.65178,-24.66252],[144.62755,-24.96755],[144.48183,-25.07818],[144.46159,-25.03069],[144.39956,-25.13141],[144.38189,-25.11263],[144.25269,-25.2097],[144.22498,-25.25548],[144.21629,-25.2644],[144.15769,-25.35808],[144.15567,-25.37089],[144.16172,-25.37534],[144.16883,-25.39433],[144.16206,-25.41211],[144.15049,-25.4333],[144.12159,-25.44303],[144.12008,-25.44782],[144.12102,-25.45305],[144.1245,-25.46007],[144.12501,-25.4645],[144.12291,-25.46955],[144.12002,-25.47266],[144.12018,-25.4741],[144.11163,-25.47875],[144.11387,-25.50187],[144.10931,-25.50549],[144.10956,-25.50655],[144.10672,-25.50808],[144.10549,-25.5102],[144.10645,-25.51438],[144.10422,-25.51681],[144.10079,-25.51835],[144.09882,-25.52207],[144.09593,-25.52331],[144.09071,-25.53348],[144.0887,-25.5344],[144.08437,-25.53411],[144.07222,-25.54174],[144.07035,-25.5541],[144.07077,-25.55789],[144.04361,-25.5747],[144.03923,-25.57915],[144.03457,-25.58129],[144.01482,-25.58165],[144.01323,-25.58271],[144.01144,-25.5817],[144.00132,-25.58185],[144.0008,-25.58297],[143.92215,-25.49398],[143.82268,-25.48451],[143.82237,-25.48722],[143.7483,-25.48159],[143.74737,-25.48959],[143.74091,-25.48379],[143.74062,-25.48243],[143.74181,-25.47449],[143.74508,-25.46891],[143.76664,-25.4698],[143.77848,-25.46148],[143.77989,-25.45969],[143.78071,-25.45348],[143.78692,-25.45282],[143.7886,-25.45138],[143.76664,-25.40064],[143.75174,-25.38243],[143.7522,-25.37882],[143.73434,-25.36168],[143.70565,-25.35223],[143.70158,-25.34876],[143.70035,-25.34322],[143.67981,-25.32859],[143.67692,-25.32427],[143.67386,-25.32446],[143.66775,-25.32199],[143.66193,-25.31625],[143.65011,-25.31163],[143.64494,-25.30667],[143.63806,-25.30472],[143.62738,-25.3112],[143.62077,-25.3126],[143.61768,-25.31042],[143.61483,-25.30438],[143.61125,-25.3021],[143.61094,-25.29912],[143.60814,-25.29914],[143.59294,-25.28224],[143.47437,-25.37102],[143.44161,-25.36839],[143.44122,-25.37131],[143.43731,-25.37388],[143.43614,-25.3833],[143.43928,-25.3866],[143.43492,-25.42075],[143.43598,-25.42083],[143.43003,-25.48061],[143.42556,-25.4865],[143.42602,-25.48851],[143.42893,-25.49097],[143.43012,-25.49557],[143.42798,-25.49987],[143.41765,-25.59451],[143.45419,-25.59763],[143.44823,-25.65189],[143.39521,-25.64756],[143.3943,-25.64658],[143.39392,-25.65058],[143.39315,-25.65065],[143.38835,-25.6471],[143.3756,-25.64125],[143.36835,-25.64195],[143.36396,-25.63867],[143.27567,-25.63081],[143.27557,-25.63171],[143.27358,-25.63153],[143.27368,-25.63062],[143.2104,-25.62477],[143.19858,-25.73736],[142.98376,-25.71773],[142.97185,-25.82247],[142.88516,-25.81383],[142.90239,-25.66915],[142.72851,-25.65223],[142.71933,-25.64388],[142.7224,-25.64252],[142.72696,-25.64354],[142.73305,-25.64143],[142.73639,-25.63139],[142.73681,-25.62544],[142.73958,-25.62054],[142.59112,-25.60893],[142.51317,-25.67073],[142.51263,-25.67794],[142.4821,-25.69493],[142.4815,-25.69712],[142.45679,-25.70988],[142.44352,-25.71838],[142.43589,-25.72487],[142.42842,-25.72498],[142.41682,-25.72911],[142.40739,-25.72988],[142.40373,-25.73294],[142.38126,-25.73894],[142.37868,-25.75015],[142.36328,-25.75508],[142.35753,-25.7536],[142.33742,-25.75677],[142.31859,-25.76397],[142.31426,-25.76893],[142.30271,-25.77602],[142.2869,-25.78156],[142.27593,-25.78149],[142.22865,-25.82129],[142.21445,-25.82971],[142.19849,-25.82945],[142.19396,-25.8576],[142.17324,-25.85545],[142.16071,-25.94684],[142.14348,-26.09318],[142.16144,-26.19603],[142.15991,-26.19676],[142.15907,-26.19892],[142.15977,-26.1998],[142.15742,-26.20143],[142.15798,-26.20266],[142.15662,-26.20282],[142.15715,-26.20376],[142.15593,-26.20609],[142.15412,-26.20686],[142.15131,-26.21087],[142.14825,-26.21168],[142.14694,-26.2147],[142.143,-26.21632],[142.14248,-26.21891],[142.14096,-26.21974],[142.14178,-26.22176],[142.1344,-26.22724],[142.13501,-26.22876],[142.13348,-26.23071],[142.13432,-26.23201],[142.13027,-26.24126],[142.12887,-26.24207],[142.12939,-26.24567],[142.12644,-26.25027],[142.12648,-26.25428],[142.12403,-26.25852],[142.12592,-26.26433],[142.12315,-26.26629],[142.12113,-26.27063],[142.11948,-26.27118],[142.11886,-26.27484],[142.11586,-26.27626],[142.11618,-26.27938],[142.11505,-26.27998],[142.11426,-26.27866],[142.11396,-26.28022],[142.11276,-26.27986],[142.1123,-26.28073],[142.11299,-26.2822],[142.1122,-26.28315],[142.11401,-26.28508],[142.11258,-26.28936],[142.10978,-26.29305],[142.11109,-26.29446],[142.11075,-26.29785],[142.10797,-26.29946],[142.10603,-26.30293],[142.09909,-26.30708],[142.0958,-26.31246],[142.09602,-26.3164],[142.09178,-26.32833],[142.0811,-26.34233],[142.0807,-26.35969],[142.07455,-26.38528],[142.05913,-26.3748],[142.05825,-26.38127],[141.89105,-26.36649],[141.89131,-26.3582],[141.79806,-26.35017],[141.79731,-26.35752],[141.7188,-26.35055],[141.71722,-26.35902],[141.71229,-26.36654],[141.70649,-26.37868],[141.70418,-26.38669],[141.70456,-26.38806],[141.70568,-26.38804],[141.70462,-26.38991],[141.70551,-26.3904],[141.70551,-26.39378],[141.70652,-26.39388],[141.70572,-26.39456],[141.70675,-26.39636],[141.70596,-26.39672],[141.70773,-26.39828],[141.70667,-26.39989],[141.7082,-26.40111],[141.70802,-26.40217],[141.70675,-26.40217],[141.70724,-26.4044],[141.70856,-26.40737],[141.71175,-26.40902],[141.71011,-26.41177],[141.71127,-26.41675],[141.70826,-26.41761],[141.71177,-26.42096],[141.71108,-26.42248],[141.70664,-26.42443],[141.70662,-26.42565],[141.70772,-26.42588],[141.70645,-26.42906],[141.70958,-26.43136],[141.71209,-26.43089],[141.71199,-26.43501],[141.71337,-26.436],[141.71331,-26.43841],[141.71527,-26.44016],[141.7147,-26.44177],[141.71636,-26.44389],[141.71489,-26.44963],[141.7116,-26.44922],[141.71078,-26.45166],[141.71274,-26.4535],[141.71359,-26.45666],[141.71695,-26.45813],[141.71378,-26.46023],[141.71409,-26.46291],[141.71535,-26.46505],[141.71836,-26.46609],[141.71948,-26.46775],[141.71883,-26.46956],[141.72013,-26.4735],[141.71845,-26.47293],[141.71853,-26.47467],[141.71973,-26.4757],[141.71896,-26.47667],[141.72133,-26.47858],[141.72084,-26.48124],[141.72173,-26.48298],[141.72529,-26.48281],[141.72568,-26.48438],[141.72353,-26.48743],[141.72401,-26.48893],[141.72794,-26.48549],[141.72926,-26.48821],[141.73189,-26.48839],[141.72966,-26.4904],[141.72959,-26.49216],[141.73316,-26.49112],[141.7341,-26.49201],[141.73395,-26.49415],[141.73642,-26.49717],[141.73546,-26.49884],[141.73718,-26.50015],[141.73462,-26.50058],[141.73457,-26.50136],[141.73811,-26.50369],[141.73839,-26.50748],[141.73912,-26.50818],[141.73991,-26.50711],[141.7411,-26.5084],[141.7403,-26.51273],[141.73845,-26.5137],[141.74273,-26.51551],[141.74303,-26.51657],[141.74174,-26.51989],[141.73851,-26.52134],[141.74057,-26.52313],[141.73954,-26.52528],[141.74424,-26.52929],[141.74281,-26.53367],[141.74374,-26.53623],[141.74895,-26.54141],[141.74937,-26.54404],[141.75288,-26.54748],[141.75493,-26.5463],[141.75886,-26.54727],[141.76153,-26.54994],[141.76161,-26.55185],[141.75952,-26.55408],[141.75975,-26.55525],[141.7628,-26.55996],[141.76915,-26.56561],[141.76923,-26.56942],[141.77151,-26.57403],[141.77477,-26.57719],[141.77689,-26.57713],[141.77786,-26.58003],[141.77714,-26.58217],[141.78009,-26.58435],[141.77966,-26.58631],[141.78144,-26.58871],[141.78372,-26.59001],[141.78355,-26.59226],[141.7846,-26.59352],[141.7838,-26.59459],[141.78564,-26.59683],[141.78558,-26.59968],[141.78999,-26.5998],[141.79048,-26.605],[141.79358,-26.60634],[141.79477,-26.6088],[141.79793,-26.61002],[141.79625,-26.61284],[141.79852,-26.61592],[141.79942,-26.6196],[141.80141,-26.61964],[141.80179,-26.62163],[141.80358,-26.62259],[141.80492,-26.62184],[141.80554,-26.62499],[141.8066,-26.62411],[141.80769,-26.62588],[141.80693,-26.62685],[141.80952,-26.62676],[141.81221,-26.62856],[141.81307,-26.63193],[141.81179,-26.6415],[141.80901,-26.64363],[141.80933,-26.65104],[141.80708,-26.65317],[141.80769,-26.65634],[141.80497,-26.66015],[141.80864,-26.66317],[141.81141,-26.66399],[141.81421,-26.6678],[141.81492,-26.67065],[141.81673,-26.67187],[141.81572,-26.67379],[141.81392,-26.6736],[141.81243,-26.67585],[141.81273,-26.67758],[141.81692,-26.68335],[141.81539,-26.68612],[141.81775,-26.68623],[141.81655,-26.68864],[141.82024,-26.68748],[141.82102,-26.68811],[141.82296,-26.69687],[141.82743,-26.69474],[141.82983,-26.69664],[141.83691,-26.69463],[141.83883,-26.69998],[141.8382,-26.70351],[141.83158,-26.71243],[141.83253,-26.71388],[141.83656,-26.71461],[141.8386,-26.71643],[141.83897,-26.71859],[141.83741,-26.72163],[141.83243,-26.72264],[141.8319,-26.72392],[141.83406,-26.72837],[141.83772,-26.73077],[141.83845,-26.73248],[141.83764,-26.73338],[141.83473,-26.73188],[141.83177,-26.73273],[141.83147,-26.73439],[141.83403,-26.7359],[141.8342,-26.73747],[141.83081,-26.74023],[141.83172,-26.74209],[141.8285,-26.74152],[141.82923,-26.74054],[141.82486,-26.74065],[141.824,-26.74402],[141.82645,-26.74709],[141.7728,-26.74158],[141.75642,-26.73716],[141.72577,-26.73401],[141.70973,-26.73484],[141.70596,-26.73665],[141.703,-26.73632],[141.69715,-26.7334],[141.69205,-26.73431],[141.67248,-26.73068],[141.66272,-26.72607],[141.65467,-26.72897],[141.58388,-26.72187],[141.54345,-26.67657],[141.39612,-26.66249],[141.25472,-26.66329],[141.25411,-26.67773],[141.21688,-26.67998],[141.1879,-26.92687],[140.99946,-26.90844]]]},"properties":{"District Name":"Charleville","DDMG Name":"Charleville","Police Region Name":"Southern Region","Police Region Code":"SR","Police Region Short Name":"Southern"}},{"type":"Feature","geometry":{"type":"Polygon","coordinates":[[[151.0821,-26.09962],[151.07875,-26.09668],[151.07777,-26.09582],[151.07381,-26.09521],[151.06735,-26.08522],[151.05612,-26.09032],[151.0542,-26.08871],[151.0401,-26.0876],[151.0325,-26.08508],[151.01588,-26.07711],[151.01036,-26.07116],[151.00897,-26.06767],[151.00849,-26.05959],[151.00204,-26.0496],[151.00301,-26.0433],[150.99389,-26.03121],[150.98918,-26.01525],[150.98341,-26.01149],[150.98398,-26.00781],[150.96216,-26.01387],[150.94981,-26.01004],[150.9385,-26.01263],[150.93294,-26.01164],[150.93253,-26.01311],[150.92683,-26.01181],[150.92041,-26.00503],[150.91405,-26.0041],[150.90596,-26.00832],[150.90636,-26.01271],[150.90393,-26.0194],[150.84957,-26.05641],[150.78981,-26.04892],[150.78853,-26.04317],[150.78585,-26.03952],[150.78091,-26.02849],[150.78164,-26.02604],[150.7854,-26.02239],[150.78598,-26.01866],[150.78315,-26.01562],[150.77912,-26.01524],[150.77581,-26.01223],[150.77677,-26.00844],[150.77745,-26.00862],[150.77363,-25.99833],[150.77041,-25.99486],[150.77114,-25.99251],[150.77049,-25.99137],[150.76695,-25.99111],[150.76665,-25.98785],[150.76499,-25.98676],[150.76363,-25.9816],[150.72981,-25.98017],[150.72562,-25.98102],[150.71966,-25.98517],[150.71441,-25.98486],[150.70206,-25.97393],[150.68175,-25.97021],[150.67275,-25.96959],[150.67454,-25.96324],[150.67311,-25.95723],[150.66929,-25.94922],[150.66888,-25.94267],[150.6795,-25.9285],[150.68064,-25.9225],[150.68425,-25.91705],[150.68499,-25.91388],[150.68506,-25.90518],[150.68391,-25.90179],[150.67978,-25.89804],[150.67831,-25.89328],[150.67837,-25.88903],[150.68003,-25.88275],[150.68717,-25.87906],[150.69306,-25.87212],[150.69476,-25.8645],[150.69869,-25.85575],[150.69708,-25.85086],[150.69512,-25.85023],[150.67874,-25.83038],[150.67176,-25.82701],[150.67041,-25.82048],[150.65771,-25.8137],[150.64924,-25.80331],[150.65688,-25.80097],[150.64412,-25.7862],[150.64645,-25.77877],[150.65021,-25.77425],[150.65982,-25.77334],[150.66646,-25.76375],[150.66544,-25.76174],[150.66844,-25.75827],[150.66366,-25.75765],[150.6629,-25.74492],[150.66387,-25.74316],[150.66428,-25.73274],[150.6496,-25.7262],[150.64315,-25.71566],[150.64651,-25.70524],[150.6518,-25.69869],[150.65628,-25.69745],[150.65653,-25.69223],[150.66357,-25.68428],[150.6638,-25.68118],[150.65884,-25.67869],[150.65593,-25.67307],[150.65416,-25.65978],[150.59948,-25.65273],[150.59124,-25.65269],[150.58533,-25.64347],[150.57029,-25.6382],[150.55296,-25.6416],[150.54584,-25.64036],[150.54038,-25.64115],[150.52418,-25.64539],[150.51716,-25.64073],[150.5038,-25.63599],[150.49553,-25.62839],[150.48399,-25.60623],[150.44614,-25.59892],[150.44095,-25.60156],[150.43705,-25.60644],[150.44258,-25.62156],[150.43642,-25.66152],[150.42642,-25.66515],[150.41829,-25.67523],[150.42291,-25.68685],[150.42193,-25.69405],[150.4343,-25.73385],[150.42954,-25.73719],[150.42627,-25.77454],[150.41808,-25.78938],[150.40499,-25.79065],[150.39538,-25.79601],[150.39292,-25.80147],[150.38882,-25.80349],[150.38683,-25.80599],[150.38876,-25.81463],[150.37038,-25.81562],[150.36064,-25.81851],[150.34543,-25.81777],[150.34081,-25.81491],[150.33629,-25.79015],[150.29467,-25.78005],[150.28176,-25.77849],[150.27909,-25.79614],[150.27328,-25.79591],[150.2579,-25.78802],[150.24948,-25.78794],[150.24821,-25.79528],[150.24315,-25.79435],[150.23679,-25.78855],[150.21397,-25.78428],[150.20737,-25.78462],[150.17447,-25.78009],[150.18051,-25.79495],[150.18063,-25.80517],[150.17863,-25.80519],[150.17382,-25.81153],[150.1648,-25.81497],[150.15929,-25.81912],[150.15318,-25.81942],[150.14156,-25.82299],[150.12875,-25.81845],[150.11479,-25.81117],[150.10429,-25.79576],[150.09903,-25.79726],[150.09624,-25.79431],[150.0911,-25.80634],[150.08584,-25.8124],[150.0564,-25.81339],[150.05351,-25.83247],[150.05211,-25.83447],[150.05242,-25.83822],[150.04982,-25.84072],[150.04747,-25.84125],[150.04542,-25.83961],[150.04514,-25.83452],[150.04369,-25.83235],[150.04,-25.83305],[150.03634,-25.83659],[150.03214,-25.83685],[150.02846,-25.83502],[150.02766,-25.83001],[150.02221,-25.86561],[150.01669,-25.85952],[150.01386,-25.85784],[150.0002,-25.85263],[149.9906,-25.84741],[149.97414,-25.84798],[149.9713,-25.84861],[149.96834,-25.85106],[149.96559,-25.85138],[149.96204,-25.8507],[149.95483,-25.84159],[149.95088,-25.84011],[149.93272,-25.83975],[149.92824,-25.83207],[149.91966,-25.82694],[149.91534,-25.82207],[149.90672,-25.81733],[149.9056,-25.81993],[149.90323,-25.8184],[149.89939,-25.81899],[149.89783,-25.81499],[149.89666,-25.81597],[149.89488,-25.82373],[149.89346,-25.824],[149.8869,-25.82101],[149.88295,-25.82965],[149.85019,-25.83774],[149.83866,-25.83764],[149.82726,-25.82897],[149.82372,-25.82852],[149.82191,-25.84021],[149.82808,-25.84099],[149.82799,-25.84285],[149.8248,-25.8457],[149.82309,-25.84973],[149.81608,-25.85278],[149.81373,-25.85333],[149.80738,-25.85206],[149.80351,-25.84875],[149.79811,-25.84856],[149.7955,-25.84955],[149.79562,-25.85075],[149.79379,-25.85079],[149.79087,-25.85617],[149.78758,-25.85829],[149.77094,-25.85248],[149.76629,-25.85946],[149.7835,-25.89109],[149.77184,-25.90671],[149.76678,-25.90512],[149.7357,-25.8495],[149.69208,-25.86891],[149.68156,-25.87232],[149.67403,-25.8763],[149.67181,-25.87928],[149.66332,-25.88357],[149.6489,-25.89462],[149.58451,-25.88631],[149.57505,-25.94452],[149.47678,-25.93363],[149.48326,-25.89182],[149.40126,-25.88254],[149.39846,-25.87608],[149.38224,-25.88892],[149.37439,-25.89042],[149.36463,-25.89795],[149.36293,-25.90468],[149.35894,-25.90658],[149.35553,-25.90658],[149.35526,-25.90958],[149.34787,-25.91496],[149.34552,-25.91907],[149.34202,-25.92084],[149.33486,-25.91942],[149.32966,-25.9249],[149.32721,-25.92523],[149.3019,-25.96653],[149.22534,-25.95833],[149.13782,-25.9461],[149.1376,-25.94788],[149.13125,-25.94813],[149.1246,-25.95111],[149.10612,-25.94553],[149.10197,-25.94564],[149.09727,-25.94784],[149.11656,-25.99806],[149.12177,-25.99753],[149.12463,-26.00199],[149.12742,-26.00257],[149.1301,-26.00121],[149.12952,-26.01306],[149.12438,-26.01849],[149.1325,-26.03968],[149.13345,-26.03939],[149.13519,-26.04389],[149.21803,-26.05316],[149.21702,-26.06837],[149.21212,-26.07546],[149.21756,-26.09265],[149.22063,-26.11537],[149.20448,-26.12759],[149.20377,-26.13848],[149.19831,-26.14831],[149.19007,-26.1535],[149.18372,-26.16215],[149.17481,-26.16295],[149.17861,-26.17697],[149.1719,-26.19015],[149.16366,-26.19744],[149.16418,-26.21106],[149.16208,-26.23095],[149.16284,-26.23872],[149.15938,-26.24607],[149.15453,-26.25092],[149.16208,-26.25964],[149.16683,-26.28394],[149.15961,-26.29671],[149.15328,-26.30517],[149.15617,-26.30813],[149.17326,-26.31057],[149.18013,-26.31336],[149.1841,-26.32187],[149.2061,-26.30656],[149.21627,-26.30383],[149.27249,-26.29954],[149.27743,-26.29462],[149.2815,-26.29308],[149.28272,-26.28797],[149.29763,-26.28235],[149.32487,-26.28402],[149.34125,-26.29026],[149.34983,-26.29135],[149.37501,-26.28648],[149.40127,-26.28749],[149.39987,-26.28384],[149.40025,-26.2765],[149.42722,-26.29098],[149.43386,-26.2978],[149.44332,-26.30287],[149.46423,-26.31146],[149.47566,-26.29605],[149.47394,-26.29132],[149.47417,-26.28641],[149.51194,-26.29052],[149.51138,-26.29479],[149.49374,-26.30192],[149.49394,-26.3039],[149.49796,-26.30357],[149.50774,-26.30863],[149.51208,-26.32307],[149.51004,-26.32699],[149.50672,-26.32909],[149.50344,-26.33323],[149.5031,-26.33549],[149.50493,-26.33598],[149.516,-26.33554],[149.52807,-26.33348],[149.53106,-26.33415],[149.53906,-26.32957],[149.54335,-26.33088],[149.54664,-26.32768],[149.5502,-26.33261],[149.55325,-26.33143],[149.55614,-26.3331],[149.56219,-26.33134],[149.56541,-26.33255],[149.56927,-26.30326],[149.61457,-26.30811],[149.61389,-26.30346],[149.61624,-26.30118],[149.6179,-26.30138],[149.62292,-26.29876],[149.64337,-26.30071],[149.64872,-26.30707],[149.66218,-26.30854],[149.66477,-26.3104],[149.666,-26.30896],[149.67379,-26.30981],[149.67571,-26.30639],[149.68658,-26.30758],[149.69142,-26.31111],[149.6942,-26.31182],[149.69425,-26.31046],[149.69837,-26.30987],[149.70158,-26.31169],[149.70478,-26.30958],[149.70795,-26.31245],[149.70933,-26.30624],[149.70786,-26.3048],[149.71833,-26.29086],[149.81648,-26.30303],[149.81387,-26.30919],[149.83134,-26.31756],[149.82164,-26.37983],[149.80505,-26.39369],[149.77317,-26.40132],[149.77211,-26.39335],[149.75795,-26.38916],[149.75075,-26.39015],[149.74618,-26.41868],[149.73165,-26.41678],[149.72834,-26.43729],[149.72196,-26.43673],[149.70395,-26.45253],[149.68538,-26.46507],[149.72764,-26.47056],[149.71416,-26.4814],[149.70751,-26.49054],[149.70457,-26.49186],[149.70424,-26.49631],[149.70252,-26.4967],[149.70142,-26.49854],[149.70215,-26.50252],[149.69779,-26.51307],[149.69713,-26.51714],[149.70523,-26.51821],[149.70291,-26.5327],[149.71072,-26.53374],[149.70763,-26.55301],[149.69814,-26.55092],[149.69572,-26.56605],[149.70043,-26.56666],[149.69637,-26.59125],[149.67017,-26.58787],[149.66717,-26.60626],[149.70188,-26.61091],[149.69674,-26.64383],[149.69274,-26.64388],[149.69197,-26.64865],[149.67119,-26.66849],[149.67501,-26.69734],[149.67601,-26.72638],[149.67369,-26.74075],[149.66984,-26.74704],[149.66283,-26.75172],[149.66332,-26.75829],[149.6746,-26.75976],[149.68421,-26.77371],[149.59151,-26.80832],[149.59256,-26.81069],[149.59337,-26.80858],[149.59665,-26.8076],[149.59787,-26.81069],[149.60249,-26.81548],[149.6079,-26.81396],[149.61091,-26.81571],[149.61211,-26.81872],[149.58817,-26.82924],[149.61289,-26.89518],[149.62982,-26.94431],[149.64478,-26.96464],[149.663,-27.00642],[149.66208,-27.01024],[149.66607,-27.01305],[149.66749,-27.01668],[149.66648,-27.01879],[149.66721,-27.02244],[149.66376,-27.03009],[149.65481,-27.03051],[149.64687,-27.02864],[149.6454,-27.02547],[149.64934,-27.02391],[149.64827,-27.02158],[149.64601,-27.02155],[149.63576,-27.02675],[149.61678,-27.0313],[149.61521,-27.03335],[149.61519,-27.04163],[149.61676,-27.04297],[149.62117,-27.04295],[149.62395,-27.04084],[149.62575,-27.04279],[149.62621,-27.04699],[149.62843,-27.0485],[149.63034,-27.04246],[149.63634,-27.04306],[149.63677,-27.04518],[149.6346,-27.04964],[149.63066,-27.05326],[149.62637,-27.05431],[149.62586,-27.05594],[149.62827,-27.05764],[149.63154,-27.06278],[149.63216,-27.06907],[149.64168,-27.07488],[149.64348,-27.0753],[149.6448,-27.07395],[149.64497,-27.06996],[149.64617,-27.06831],[149.65067,-27.06727],[149.65982,-27.06773],[149.67,-27.07021],[149.67431,-27.07477],[149.67874,-27.0748],[149.55639,-27.19125],[149.59292,-27.222],[149.56509,-27.24844],[149.56387,-27.24828],[149.5517,-27.25846],[149.55241,-27.25906],[149.53238,-27.27258],[149.5225,-27.28143],[149.51989,-27.28172],[149.50212,-27.29348],[149.4862,-27.31584],[149.47989,-27.32021],[149.48192,-27.33001],[149.45836,-27.36687],[149.45684,-27.376],[149.4672,-27.3939],[149.48071,-27.40935],[149.4811,-27.4129],[149.49611,-27.43188],[149.49328,-27.45026],[149.49834,-27.45879],[149.47903,-27.59276],[149.47699,-27.59649],[149.47089,-27.59603],[149.47198,-27.59813],[149.46742,-27.60541],[149.46148,-27.6045],[149.46117,-27.60673],[149.45977,-27.6078],[149.46102,-27.60948],[149.45711,-27.61231],[149.45821,-27.61474],[149.45536,-27.61509],[149.45575,-27.61628],[149.45462,-27.6165],[149.45443,-27.61879],[149.45611,-27.62105],[149.45414,-27.62267],[149.45133,-27.62291],[149.44965,-27.62689],[149.45087,-27.62883],[149.44891,-27.62965],[149.44715,-27.62811],[149.44575,-27.62952],[149.44624,-27.63063],[149.44375,-27.63175],[149.44281,-27.63099],[149.44245,-27.63418],[149.43932,-27.63347],[149.43796,-27.63605],[149.47127,-27.64038],[149.46609,-27.67225],[149.50808,-27.67778],[149.49581,-27.75384],[149.42728,-27.74554],[149.40495,-27.78344],[149.48924,-27.79212],[149.47319,-27.88892],[149.45744,-27.99274],[149.44534,-28.07134],[149.45754,-27.99276],[149.49358,-27.99742],[149.49516,-27.98942],[149.52092,-27.98898],[149.53411,-27.9863],[149.5315,-28.00231],[149.62725,-28.01458],[149.6316,-27.98713],[149.78648,-28.0064],[149.88479,-27.9796],[149.8669,-27.95956],[149.85714,-27.95473],[149.85533,-27.95059],[149.89705,-27.94072],[149.90511,-27.97464],[149.93233,-27.96703],[150.06592,-27.9855],[150.06949,-27.95822],[150.11688,-27.96326],[150.12156,-27.95054],[150.11729,-27.94854],[150.11705,-27.94388],[150.12386,-27.94429],[150.13631,-27.91045],[150.1567,-27.92261],[150.22273,-27.89451],[150.23191,-27.90655],[150.23208,-27.9058],[150.24828,-27.90772],[150.24612,-27.85175],[150.27673,-27.8516],[150.27423,-27.80275],[150.32637,-27.80871],[150.33509,-27.76138],[150.36109,-27.76492],[150.37877,-27.78255],[150.3869,-27.78333],[150.38865,-27.78079],[150.39293,-27.77824],[150.39326,-27.77635],[150.38308,-27.76432],[150.41011,-27.74645],[150.43922,-27.76829],[150.43939,-27.76252],[150.44116,-27.76103],[150.44432,-27.76042],[150.44596,-27.76114],[150.44842,-27.76566],[150.45065,-27.76702],[150.45477,-27.76485],[150.45471,-27.76145],[150.4582,-27.76032],[150.48901,-27.78788],[150.51371,-27.76602],[150.52083,-27.77239],[150.57502,-27.77928],[150.59225,-27.78991],[150.60362,-27.80616],[150.6212,-27.81099],[150.63345,-27.82553],[150.64479,-27.85066],[150.6464,-27.89507],[150.67421,-27.90366],[150.67748,-27.91883],[150.694,-27.93308],[150.70267,-27.93452],[150.72529,-27.79316],[150.73226,-27.79475],[150.73846,-27.75603],[150.74051,-27.75353],[150.74091,-27.75101],[150.73953,-27.74937],[150.74055,-27.74294],[150.73765,-27.73897],[150.73984,-27.71052],[150.74357,-27.6869],[150.74438,-27.68635],[150.74384,-27.6852],[150.74722,-27.66391],[150.74648,-27.66382],[150.75673,-27.59935],[150.77064,-27.58034],[150.7827,-27.57657],[150.78237,-27.5753],[150.78882,-27.5647],[150.79289,-27.55374],[150.80545,-27.54051],[150.81542,-27.52287],[150.82524,-27.51056],[150.83447,-27.50753],[150.86766,-27.5459],[150.92733,-27.53399],[150.92714,-27.57195],[150.96503,-27.57883],[150.97322,-27.58167],[150.98421,-27.57921],[151.00708,-27.57713],[151.01034,-27.57502],[151.04109,-27.5793],[151.04769,-27.58373],[151.0765,-27.57186],[151.07176,-27.56373],[151.07514,-27.56055],[151.07525,-27.55457],[151.08122,-27.54963],[151.08438,-27.53534],[151.07739,-27.52776],[151.0832,-27.49325],[151.0818,-27.49306],[151.07727,-27.48104],[151.07626,-27.47162],[151.07628,-27.45109],[151.08777,-27.37642],[151.10804,-27.37896],[151.11274,-27.37723],[151.16594,-27.38385],[151.17799,-27.38174],[151.19751,-27.3841],[151.1928,-27.39889],[151.30807,-27.41356],[151.30839,-27.4136],[151.31273,-27.33094],[151.31773,-27.33157],[151.32011,-27.31155],[151.32081,-27.31165],[151.32326,-27.29727],[151.3377,-27.20779],[151.45056,-27.27884],[151.45652,-27.24227],[151.45356,-27.24189],[151.46026,-27.20273],[151.45027,-27.20133],[151.45422,-27.18043],[151.45048,-27.17922],[151.45276,-27.17871],[151.45815,-27.14584],[151.4671,-27.14701],[151.46844,-27.13876],[151.4705,-27.13903],[151.46617,-27.1221],[151.4642,-27.12072],[151.46495,-27.1109],[151.48316,-27.11331],[151.48135,-27.12436],[151.49621,-27.12632],[151.4969,-27.12193],[151.52559,-27.12554],[151.52654,-27.11949],[151.53967,-27.12173],[151.54623,-27.11529],[151.56961,-27.11829],[151.57095,-27.11066],[151.56769,-27.11021],[151.56942,-27.09896],[151.57639,-27.09983],[151.57847,-27.08809],[151.57618,-27.08776],[151.5813,-27.05589],[151.59676,-27.058],[151.60092,-27.0305],[151.6032,-27.03072],[151.60816,-27.02815],[151.62307,-27.03012],[151.62755,-27.0025],[151.63683,-27.00368],[151.63841,-26.9967],[151.6569,-26.9932],[151.66441,-26.99002],[151.66142,-26.98423],[151.66217,-26.97945],[151.6745,-26.95837],[151.6706,-26.95418],[151.66932,-26.93835],[151.66412,-26.93615],[151.66056,-26.93042],[151.65753,-26.93037],[151.65468,-26.92728],[151.65474,-26.92556],[151.64667,-26.9196],[151.64783,-26.9131],[151.64981,-26.91385],[151.64791,-26.91295],[151.64494,-26.91104],[151.64246,-26.90731],[151.63895,-26.90692],[151.63019,-26.89887],[151.62222,-26.9008],[151.62016,-26.9003],[151.6192,-26.89868],[151.61702,-26.89888],[151.61692,-26.89654],[151.612,-26.89244],[151.60794,-26.89297],[151.60685,-26.89156],[151.60384,-26.89107],[151.60041,-26.88837],[151.59905,-26.8855],[151.59257,-26.88465],[151.58926,-26.88553],[151.58721,-26.88379],[151.58658,-26.88123],[151.58222,-26.87929],[151.5773,-26.87987],[151.57217,-26.86971],[151.57124,-26.86068],[151.56773,-26.8581],[151.56798,-26.85327],[151.56244,-26.85162],[151.55848,-26.84608],[151.55578,-26.83973],[151.54938,-26.8356],[151.54826,-26.83283],[151.54845,-26.82951],[151.54554,-26.82761],[151.54384,-26.82393],[151.53952,-26.8197],[151.53596,-26.82044],[151.53092,-26.81808],[151.52825,-26.81174],[151.52397,-26.81076],[151.51902,-26.80084],[151.51645,-26.79906],[151.52163,-26.79328],[151.5211,-26.79139],[151.51743,-26.78808],[151.51652,-26.78258],[151.51823,-26.77986],[151.51782,-26.77238],[151.5201,-26.76795],[151.51981,-26.76656],[151.51484,-26.76557],[151.51057,-26.76707],[151.50641,-26.7667],[151.5044,-26.76298],[151.49955,-26.76216],[151.49761,-26.76324],[151.49375,-26.76281],[151.48997,-26.75722],[151.48262,-26.75429],[151.47962,-26.75687],[151.47601,-26.75701],[151.47379,-26.76035],[151.46915,-26.75998],[151.46449,-26.76181],[151.45943,-26.75972],[151.45575,-26.76008],[151.45032,-26.75792],[151.44054,-26.75658],[151.43626,-26.75435],[151.43439,-26.75217],[151.43157,-26.7521],[151.42653,-26.74807],[151.42523,-26.74842],[151.42359,-26.74612],[151.42078,-26.74595],[151.41898,-26.74039],[151.41816,-26.72887],[151.41325,-26.72521],[151.41718,-26.71718],[151.41664,-26.71432],[151.41438,-26.71311],[151.41386,-26.71038],[151.41619,-26.7076],[151.41802,-26.70251],[151.417,-26.69796],[151.41073,-26.69687],[151.4077,-26.69437],[151.40525,-26.69513],[151.39763,-26.69128],[151.39434,-26.68497],[151.39189,-26.68421],[151.40719,-26.67395],[151.40923,-26.66065],[151.4081,-26.65685],[151.40803,-26.6566],[151.4028,-26.65104],[151.39926,-26.64522],[151.39467,-26.64136],[151.39476,-26.6388],[151.39302,-26.63779],[151.38869,-26.63832],[151.38478,-26.63649],[151.38313,-26.63331],[151.37862,-26.6296],[151.37112,-26.632],[151.36958,-26.63081],[151.37109,-26.62783],[151.36869,-26.62426],[151.36342,-26.62361],[151.35782,-26.61872],[151.3519,-26.6172],[151.34983,-26.60819],[151.34198,-26.60698],[151.33348,-26.60166],[151.33276,-26.60072],[151.33368,-26.59836],[151.33036,-26.59314],[151.32851,-26.59384],[151.32584,-26.5921],[151.32453,-26.58704],[151.32279,-26.58581],[151.31817,-26.59042],[151.31563,-26.58991],[151.31379,-26.59101],[151.30997,-26.58452],[151.31031,-26.58261],[151.30747,-26.58192],[151.30487,-26.57967],[151.30138,-26.57055],[151.29489,-26.56649],[151.28769,-26.55734],[151.28681,-26.55383],[151.28753,-26.54489],[151.28393,-26.54373],[151.28336,-26.54247],[151.27931,-26.54369],[151.27771,-26.54278],[151.27657,-26.54523],[151.27155,-26.54889],[151.26897,-26.54833],[151.26597,-26.54989],[151.25764,-26.54822],[151.25432,-26.54425],[151.24974,-26.54235],[151.24712,-26.53671],[151.24818,-26.53371],[151.24777,-26.52791],[151.24669,-26.52653],[151.24311,-26.5277],[151.23786,-26.52267],[151.23538,-26.52355],[151.23425,-26.52563],[151.22969,-26.52713],[151.22747,-26.52438],[151.22188,-26.52134],[151.22238,-26.51821],[151.21871,-26.51748],[151.21224,-26.51396],[151.20613,-26.50362],[151.20455,-26.50299],[151.20416,-26.50095],[151.20805,-26.49455],[151.20339,-26.48891],[151.20363,-26.48576],[151.20841,-26.48068],[151.20773,-26.47877],[151.07734,-26.46254],[151.11544,-26.3794],[151.13638,-26.26306],[151.06652,-26.25473],[151.01671,-26.25622],[151.01326,-26.19206],[151.01823,-26.1925],[151.02274,-26.19544],[151.07324,-26.17259],[151.0764,-26.16178],[151.09288,-26.15935],[151.09983,-26.16028],[151.0987,-26.14988],[151.11587,-26.14087],[151.12058,-26.14297],[151.12266,-26.14839],[151.12533,-26.14998],[151.12569,-26.15144],[151.13929,-26.15918],[151.1424,-26.15982],[151.14702,-26.15787],[151.15005,-26.15965],[151.15878,-26.15454],[151.162,-26.14953],[151.1607,-26.142],[151.15948,-26.13954],[151.1573,-26.13838],[151.1565,-26.13605],[151.15654,-26.13373],[151.15905,-26.13182],[151.15788,-26.12927],[151.15953,-26.1208],[151.15172,-26.1111],[151.15166,-26.10772],[151.14987,-26.10542],[151.14291,-26.10399],[151.13738,-26.10771],[151.13539,-26.1075],[151.13444,-26.10529],[151.12628,-26.11451],[151.12385,-26.11374],[151.12057,-26.11773],[151.11542,-26.11871],[151.11117,-26.11267],[151.10812,-26.11274],[151.10724,-26.11134],[151.10379,-26.1117],[151.10216,-26.11039],[151.09782,-26.11075],[151.0966,-26.10853],[151.09295,-26.10628],[151.08811,-26.10518],[151.08466,-26.1001],[151.0821,-26.09962]]]},"properties":{"District Name":"Dalby","DDMG Name":"Dalby","Police Region Name":"Southern Region","Police Region Code":"SR","Police Region Short Name":"Southern"}},{"type":"Feature","geometry":{"type":"Polygon","coordinates":[[[152.74722,-27.31709],[152.74863,-27.3169],[152.74912,-27.31322],[152.75395,-27.31134],[152.75482,-27.31036],[152.75584,-27.30921],[152.75629,-27.30871],[152.75556,-27.30785],[152.75654,-27.30719],[152.75684,-27.30066],[152.75322,-27.29698],[152.7536,-27.29501],[152.74879,-27.29512],[152.74566,-27.29331],[152.73886,-27.29374],[152.7357,-27.29668],[152.73204,-27.29716],[152.72712,-27.29476],[152.71726,-27.29263],[152.71359,-27.2895],[152.70424,-27.29254],[152.70368,-27.29065],[152.70556,-27.28608],[152.7044,-27.28262],[152.70555,-27.27982],[152.70552,-27.27969],[152.70529,-27.2788],[152.70492,-27.27734],[152.70473,-27.2773],[152.69154,-27.2746],[152.69108,-27.2745],[152.69102,-27.2745],[152.69036,-27.2745],[152.6862,-27.27453],[152.68367,-27.27237],[152.68375,-27.26669],[152.6812,-27.26273],[152.68149,-27.25482],[152.68741,-27.24899],[152.69242,-27.24193],[152.69249,-27.24182],[152.69246,-27.24171],[152.69087,-27.23595],[152.69307,-27.23423],[152.69545,-27.23399],[152.70022,-27.23023],[152.70222,-27.22635],[152.70046,-27.2198],[152.70353,-27.21287],[152.70361,-27.21268],[152.70385,-27.21078],[152.70412,-27.2087],[152.70414,-27.20852],[152.70357,-27.20741],[152.70169,-27.20302],[152.70218,-27.20201],[152.70895,-27.19224],[152.71119,-27.19215],[152.71227,-27.18874],[152.71631,-27.18664],[152.7186,-27.18275],[152.72297,-27.18047],[152.72618,-27.17658],[152.72849,-27.17686],[152.72968,-27.17506],[152.72955,-27.17271],[152.72976,-27.17249],[152.73356,-27.17151],[152.72906,-27.16377],[152.72982,-27.16155],[152.73685,-27.15527],[152.73933,-27.15093],[152.73793,-27.15051],[152.73668,-27.14395],[152.73396,-27.14259],[152.73482,-27.14168],[152.73309,-27.13426],[152.73082,-27.13047],[152.7307,-27.12628],[152.7281,-27.12194],[152.73022,-27.11806],[152.72945,-27.1159],[152.73032,-27.10875],[152.731,-27.10763],[152.73351,-27.10743],[152.73446,-27.10234],[152.72649,-27.10138],[152.72621,-27.10322],[152.71806,-27.10223],[152.7183,-27.10038],[152.71199,-27.09893],[152.71178,-27.09783],[152.70796,-27.09628],[152.70209,-27.09481],[152.69581,-27.09488],[152.68975,-27.09279],[152.68164,-27.09515],[152.67899,-27.09418],[152.67852,-27.09332],[152.67657,-27.08833],[152.67683,-27.08793],[152.68225,-27.08609],[152.68712,-27.08237],[152.68567,-27.07657],[152.68399,-27.07471],[152.68562,-27.07201],[152.68423,-27.06729],[152.67768,-27.05696],[152.69515,-27.05904],[152.6958,-27.0573],[152.69491,-27.05559],[152.69277,-27.0576],[152.6925,-27.05605],[152.68922,-27.05505],[152.69087,-27.05307],[152.68927,-27.05102],[152.68915,-27.04828],[152.69273,-27.04633],[152.69584,-27.04243],[152.69818,-27.04232],[152.69674,-27.04096],[152.69812,-27.03955],[152.69746,-27.03347],[152.69845,-27.0317],[152.70244,-27.03094],[152.70325,-27.02878],[152.70152,-27.02646],[152.7035,-27.02481],[152.70023,-27.02273],[152.7008,-27.01828],[152.69729,-27.01606],[152.69762,-27.01352],[152.69553,-27.01239],[152.69699,-27.00915],[152.69151,-27.00509],[152.6886,-26.99908],[152.68335,-26.99278],[152.68382,-26.99053],[152.68503,-26.98998],[152.68483,-26.98699],[152.68801,-26.98753],[152.68927,-26.98455],[152.6862,-26.98454],[152.6867,-26.97892],[152.68224,-26.98047],[152.67951,-26.97706],[152.68125,-26.97503],[152.68021,-26.97198],[152.68237,-26.97044],[152.68206,-26.96962],[152.68431,-26.96875],[152.68407,-26.9668],[152.68519,-26.96572],[152.68021,-26.96414],[152.67674,-26.96608],[152.67145,-26.96526],[152.66475,-26.96905],[152.66452,-26.9668],[152.66277,-26.96662],[152.6626,-26.96565],[152.66628,-26.9637],[152.66809,-26.96102],[152.66772,-26.95907],[152.66593,-26.95776],[152.66325,-26.95869],[152.6577,-26.95637],[152.65755,-26.95392],[152.65126,-26.95533],[152.65358,-26.94877],[152.65609,-26.94777],[152.65912,-26.94988],[152.66023,-26.94789],[152.66186,-26.94925],[152.6631,-26.94804],[152.66224,-26.94597],[152.66408,-26.94731],[152.66422,-26.94321],[152.66762,-26.94361],[152.66684,-26.94286],[152.6676,-26.94011],[152.67103,-26.93822],[152.67004,-26.93713],[152.67033,-26.93362],[152.67174,-26.93318],[152.66966,-26.92936],[152.66996,-26.92744],[152.67314,-26.9244],[152.67315,-26.92262],[152.67651,-26.92356],[152.67827,-26.92028],[152.67789,-26.91867],[152.6825,-26.91736],[152.68232,-26.91516],[152.68744,-26.91373],[152.66042,-26.90986],[152.66653,-26.90649],[152.66792,-26.90021],[152.6675,-26.89626],[152.67856,-26.89778],[152.67894,-26.89559],[152.68861,-26.89692],[152.68854,-26.89262],[152.68985,-26.89146],[152.68934,-26.88889],[152.68729,-26.88641],[152.68773,-26.88102],[152.68401,-26.87952],[152.68567,-26.87912],[152.6864,-26.87581],[152.68444,-26.87562],[152.68021,-26.86938],[152.67626,-26.86679],[152.67766,-26.86343],[152.67528,-26.86038],[152.67524,-26.85733],[152.67425,-26.85636],[152.67161,-26.85767],[152.66989,-26.85294],[152.66839,-26.85192],[152.67012,-26.85044],[152.66975,-26.84751],[152.67106,-26.84488],[152.66679,-26.84027],[152.66726,-26.83682],[152.67155,-26.83478],[152.67274,-26.83441],[152.67358,-26.83381],[152.67545,-26.83249],[152.67846,-26.83035],[152.67847,-26.82861],[152.67638,-26.82604],[152.67908,-26.82219],[152.67781,-26.82091],[152.67314,-26.82195],[152.67214,-26.81937],[152.67265,-26.81869],[152.674,-26.81821],[152.67514,-26.81834],[152.67902,-26.81643],[152.68132,-26.80994],[152.67877,-26.80878],[152.67791,-26.80701],[152.67805,-26.80435],[152.67998,-26.80163],[152.67962,-26.79995],[152.67895,-26.79675],[152.67662,-26.79587],[152.67402,-26.79489],[152.67232,-26.79397],[152.6716,-26.79121],[152.6689,-26.78975],[152.66772,-26.78471],[152.66846,-26.78204],[152.66731,-26.773],[152.66146,-26.76914],[152.65426,-26.7682],[152.65109,-26.7714],[152.64433,-26.77375],[152.64351,-26.77041],[152.64122,-26.76751],[152.6423,-26.76451],[152.63908,-26.76178],[152.63535,-26.7622],[152.63249,-26.76439],[152.62688,-26.76237],[152.62135,-26.7629],[152.61724,-26.75948],[152.61096,-26.75858],[152.60957,-26.75941],[152.60887,-26.75805],[152.60246,-26.75788],[152.6001,-26.7518],[152.5979,-26.74918],[152.59082,-26.74721],[152.58331,-26.74043],[152.58229,-26.73581],[152.58682,-26.73346],[152.58326,-26.73084],[152.58297,-26.72713],[152.58124,-26.72584],[152.58044,-26.72303],[152.58202,-26.72024],[152.57936,-26.7162],[152.57727,-26.71599],[152.57616,-26.71311],[152.56508,-26.70722],[152.56124,-26.70782],[152.55787,-26.7069],[152.55707,-26.70505],[152.55476,-26.70751],[152.55365,-26.70591],[152.55131,-26.70704],[152.55171,-26.69704],[152.55457,-26.6954],[152.55804,-26.68975],[152.5556,-26.68742],[152.55627,-26.68069],[152.55372,-26.68185],[152.5522,-26.68085],[152.57228,-26.65926],[152.57146,-26.65797],[152.5832,-26.64538],[152.58778,-26.61399],[152.58394,-26.61356],[152.58537,-26.61204],[152.58137,-26.60052],[152.58414,-26.59669],[152.57401,-26.59547],[152.57501,-26.593],[152.57651,-26.59225],[152.5752,-26.58401],[152.57535,-26.58396],[152.57522,-26.58393],[152.56946,-26.58247],[152.56497,-26.58369],[152.56041,-26.58184],[152.55409,-26.57251],[152.51154,-26.56748],[152.51518,-26.57767],[152.52236,-26.58646],[152.51993,-26.58848],[152.45695,-26.58093],[152.45854,-26.57099],[152.44904,-26.56978],[152.45083,-26.55841],[152.4402,-26.55692],[152.44134,-26.55603],[152.44127,-26.55262],[152.44285,-26.55053],[152.44353,-26.54624],[152.44084,-26.54589],[152.44516,-26.54407],[152.44693,-26.53805],[152.44846,-26.53779],[152.44959,-26.53077],[152.44347,-26.52773],[152.44261,-26.53037],[152.44314,-26.53279],[152.43873,-26.53513],[152.4382,-26.5384],[152.43663,-26.5385],[152.43585,-26.53744],[152.43548,-26.5238],[152.43699,-26.52037],[152.43894,-26.5199],[152.43967,-26.51727],[152.43896,-26.51134],[152.44166,-26.50698],[152.44494,-26.50469],[152.44823,-26.484],[152.44562,-26.48494],[152.44557,-26.48661],[152.43934,-26.48581],[152.44343,-26.45986],[152.43678,-26.45975],[152.4352,-26.46283],[152.43167,-26.46452],[152.43018,-26.46372],[152.4251,-26.46416],[152.42124,-26.46718],[152.41257,-26.4642],[152.40814,-26.46852],[152.40772,-26.47108],[152.40322,-26.47388],[152.39937,-26.4708],[152.39274,-26.47372],[152.39038,-26.47594],[152.38679,-26.47218],[152.37705,-26.47224],[152.37657,-26.47008],[152.37312,-26.46825],[152.37244,-26.46295],[152.3644,-26.46314],[152.36062,-26.46626],[152.3561,-26.46518],[152.35116,-26.4677],[152.3501,-26.4693],[152.34401,-26.46791],[152.34066,-26.46925],[152.33925,-26.47159],[152.33446,-26.47276],[152.33038,-26.47527],[152.32557,-26.47518],[152.32334,-26.47683],[152.31964,-26.47699],[152.31775,-26.48055],[152.31551,-26.48078],[152.31136,-26.4724],[152.30449,-26.46882],[152.30526,-26.46681],[152.30459,-26.46606],[152.30063,-26.46441],[152.29745,-26.46498],[152.29754,-26.4627],[152.29418,-26.45875],[152.28909,-26.45665],[152.28545,-26.45289],[152.27863,-26.45266],[152.27669,-26.45408],[152.27381,-26.4535],[152.27304,-26.46428],[152.26796,-26.4689],[152.26221,-26.46887],[152.25974,-26.47139],[152.25926,-26.47648],[152.25619,-26.4785],[152.25325,-26.48444],[152.25182,-26.48535],[152.24964,-26.48439],[152.24558,-26.48558],[152.24387,-26.48794],[152.24134,-26.48771],[152.23776,-26.48943],[152.23506,-26.48881],[152.22927,-26.49267],[152.23208,-26.49526],[152.23271,-26.49745],[152.23176,-26.50043],[152.2326,-26.50409],[152.2309,-26.50718],[152.22863,-26.5081],[152.22123,-26.5039],[152.21809,-26.50626],[152.2153,-26.51223],[152.21357,-26.51305],[152.20658,-26.51109],[152.20502,-26.50751],[152.19747,-26.50021],[152.1948,-26.49558],[152.18949,-26.49209],[152.18442,-26.48603],[152.18168,-26.48446],[152.1792,-26.48479],[152.17421,-26.48168],[152.17168,-26.47814],[152.16858,-26.4775],[152.16635,-26.47467],[152.16255,-26.47481],[152.16023,-26.47781],[152.15733,-26.47528],[152.15533,-26.47503],[152.15383,-26.48038],[152.15142,-26.48051],[152.1495,-26.48287],[152.141,-26.47884],[152.13792,-26.47887],[152.13558,-26.48023],[152.13237,-26.48778],[152.13554,-26.49118],[152.13603,-26.49517],[152.13385,-26.49835],[152.13376,-26.50042],[152.12955,-26.50489],[152.12574,-26.50658],[152.12564,-26.50939],[152.12772,-26.511],[152.12742,-26.51861],[152.13169,-26.52195],[152.13014,-26.52716],[152.12698,-26.52817],[152.12633,-26.53158],[152.13034,-26.53544],[152.13045,-26.53703],[152.12832,-26.5385],[152.12836,-26.54227],[152.12989,-26.54515],[152.12995,-26.54849],[152.13198,-26.55011],[152.13267,-26.55688],[152.13577,-26.56081],[152.1358,-26.56637],[152.13253,-26.5703],[152.13088,-26.57501],[152.13178,-26.57905],[152.13725,-26.58278],[152.13771,-26.58819],[152.14317,-26.59278],[152.14178,-26.59514],[152.13965,-26.5942],[152.13784,-26.59658],[152.13043,-26.60047],[152.13011,-26.60244],[152.13252,-26.60508],[152.13586,-26.61432],[152.12831,-26.62712],[152.13,-26.63167],[152.12977,-26.63631],[152.13081,-26.63878],[152.12956,-26.64021],[152.12675,-26.63797],[152.11963,-26.6374],[152.11823,-26.64347],[152.1162,-26.64333],[152.11532,-26.64494],[152.11107,-26.64707],[152.10729,-26.64776],[152.10577,-26.65064],[152.10011,-26.65311],[152.09865,-26.65374],[152.08991,-26.654],[152.08691,-26.65529],[152.0818,-26.65765],[152.07887,-26.66167],[152.0745,-26.66456],[152.07376,-26.66622],[152.07367,-26.66674],[152.07577,-26.6785],[152.07563,-26.685],[152.08279,-26.68894],[152.08331,-26.69445],[152.084,-26.69594],[152.08491,-26.69716],[152.09109,-26.70062],[152.10099,-26.70328],[152.10135,-26.70502],[152.09978,-26.70434],[152.09913,-26.70558],[152.10383,-26.7089],[152.10233,-26.70957],[152.11242,-26.70617],[152.11361,-26.70695],[152.11923,-26.71421],[152.12376,-26.71732],[152.12808,-26.72296],[152.1296,-26.72767],[152.13405,-26.73047],[152.13407,-26.73186],[152.12969,-26.73425],[152.13288,-26.74121],[152.13753,-26.73912],[152.14398,-26.73821],[152.14541,-26.73679],[152.14589,-26.73418],[152.14042,-26.72997],[152.1402,-26.7282],[152.14226,-26.72714],[152.14725,-26.72842],[152.15264,-26.72801],[152.15075,-26.74053],[152.1639,-26.74211],[152.16215,-26.74618],[152.16034,-26.74721],[152.15905,-26.74984],[152.15666,-26.75101],[152.1555,-26.75332],[152.15833,-26.75696],[152.156,-26.75996],[152.15579,-26.76881],[152.16261,-26.77518],[152.16396,-26.77558],[152.16825,-26.77296],[152.17113,-26.77704],[152.17662,-26.77977],[152.17905,-26.78376],[152.17544,-26.78299],[152.17416,-26.78471],[152.17456,-26.79199],[152.17308,-26.79365],[152.17365,-26.79531],[152.17051,-26.79683],[152.17316,-26.80092],[152.17228,-26.80294],[152.17639,-26.80906],[152.17435,-26.81575],[152.17412,-26.82144],[152.19009,-26.8236],[152.18771,-26.83792],[152.18255,-26.83726],[152.18103,-26.84656],[152.18425,-26.85118],[152.18344,-26.86565],[152.18425,-26.87102],[152.18894,-26.87562],[152.18865,-26.87738],[152.17265,-26.87525],[152.1695,-26.87214],[152.17045,-26.86755],[152.16704,-26.86708],[152.16514,-26.87061],[152.15953,-26.87379],[152.15444,-26.87376],[152.14695,-26.87923],[152.14142,-26.88779],[152.13794,-26.89923],[152.13784,-26.90003],[152.13795,-26.89967],[152.13796,-26.90007],[152.14123,-26.89764],[152.14309,-26.90045],[152.1471,-26.89888],[152.14982,-26.90444],[152.14675,-26.90681],[152.14702,-26.90861],[152.14377,-26.91079],[152.14333,-26.91907],[152.14389,-26.92116],[152.14323,-26.92582],[152.14538,-26.92631],[152.14231,-26.93012],[152.13931,-26.93064],[152.13866,-26.93274],[152.13516,-26.93522],[152.12806,-26.94433],[152.12799,-26.95052],[152.12581,-26.95432],[152.12668,-26.95452],[152.12773,-26.95427],[152.12977,-26.95524],[152.13127,-26.96151],[152.13514,-26.96358],[152.15033,-26.96585],[152.15078,-26.96748],[152.1496,-26.97038],[152.15145,-26.97109],[152.15601,-26.96901],[152.16476,-26.97267],[152.16628,-26.96868],[152.16796,-26.96873],[152.16975,-26.97287],[152.16851,-26.97776],[152.16908,-26.97944],[152.17218,-26.9788],[152.17513,-26.97624],[152.17885,-26.97581],[152.17898,-26.97587],[152.1803,-26.97646],[152.18255,-26.97747],[152.18268,-26.97763],[152.18322,-26.97831],[152.18358,-26.97876],[152.18349,-26.97887],[152.18195,-26.98078],[152.17729,-26.98037],[152.17471,-26.98229],[152.1794,-26.98435],[152.18367,-26.98314],[152.18494,-26.98531],[152.18295,-26.98462],[152.17994,-26.98674],[152.17295,-26.98869],[152.17483,-26.99216],[152.18863,-26.99398],[152.18651,-27.00666],[152.19813,-27.00822],[152.19864,-27.0136],[152.20535,-27.01447],[152.21463,-27.01886],[152.21769,-27.0184],[152.22105,-27.02237],[152.22012,-27.02561],[152.21893,-27.0263],[152.19296,-27.02298],[152.19234,-27.02709],[152.19915,-27.02781],[152.19493,-27.05657],[152.22739,-27.06099],[152.22697,-27.06276],[152.2243,-27.06385],[152.22189,-27.06361],[152.22077,-27.06165],[152.21953,-27.06152],[152.21951,-27.06288],[152.22249,-27.06619],[152.21876,-27.06865],[152.21594,-27.06827],[152.2145,-27.06949],[152.21453,-27.07219],[152.21905,-27.07572],[152.21868,-27.07795],[152.21818,-27.07791],[152.21608,-27.07773],[152.21459,-27.07512],[152.19132,-27.07234],[152.18525,-27.0614],[152.18125,-27.08612],[152.17983,-27.08642],[152.18231,-27.09007],[152.17895,-27.09096],[152.17716,-27.09027],[152.17762,-27.09297],[152.17504,-27.09395],[152.17523,-27.09516],[152.17731,-27.09597],[152.17709,-27.09733],[152.17485,-27.09735],[152.17278,-27.09935],[152.16998,-27.10019],[152.16996,-27.10257],[152.16798,-27.10299],[152.16365,-27.10718],[152.15743,-27.10926],[152.15789,-27.11178],[152.15614,-27.11356],[152.15362,-27.11311],[152.15358,-27.11619],[152.15196,-27.11722],[152.15388,-27.11884],[152.15111,-27.11831],[152.14807,-27.11941],[152.14848,-27.1219],[152.14392,-27.12373],[152.14354,-27.12675],[152.14189,-27.12655],[152.14168,-27.13006],[152.14033,-27.1316],[152.14118,-27.13172],[152.14084,-27.13321],[152.13411,-27.14156],[152.18851,-27.16903],[152.18628,-27.17205],[152.18551,-27.17616],[152.18134,-27.17844],[152.18027,-27.18028],[152.17339,-27.18188],[152.16962,-27.18708],[152.16165,-27.18885],[152.159,-27.206],[152.16594,-27.20697],[152.16683,-27.21009],[152.17324,-27.21131],[152.17471,-27.21016],[152.17351,-27.20839],[152.1774,-27.20811],[152.18002,-27.20505],[152.21508,-27.20895],[152.22046,-27.20131],[152.23623,-27.20351],[152.23307,-27.22235],[152.22981,-27.22415],[152.22559,-27.22886],[152.22214,-27.22895],[152.21853,-27.23272],[152.20869,-27.23559],[152.20405,-27.23935],[152.20145,-27.24011],[152.20105,-27.24332],[152.19094,-27.24199],[152.18873,-27.25485],[152.18093,-27.25196],[152.17239,-27.2538],[152.17163,-27.25549],[152.17623,-27.25664],[152.17871,-27.26055],[152.17698,-27.26377],[152.17463,-27.26295],[152.1708,-27.25867],[152.16249,-27.25658],[152.15826,-27.25928],[152.15485,-27.26701],[152.15195,-27.26936],[152.15417,-27.27482],[152.15711,-27.27674],[152.15908,-27.27679],[152.1601,-27.27986],[152.16235,-27.28229],[152.16142,-27.28592],[152.16225,-27.28819],[152.16393,-27.28917],[152.16613,-27.28701],[152.17041,-27.28669],[152.17321,-27.28473],[152.17715,-27.27884],[152.18076,-27.27696],[152.18055,-27.27554],[152.18278,-27.27358],[152.18274,-27.2712],[152.18408,-27.27047],[152.19644,-27.27216],[152.19442,-27.27512],[152.1963,-27.27893],[152.19637,-27.28289],[152.19965,-27.28489],[152.19912,-27.28801],[152.20157,-27.28934],[152.20133,-27.29068],[152.20619,-27.29205],[152.20368,-27.29331],[152.20443,-27.29412],[152.2028,-27.29541],[152.20227,-27.29719],[152.2037,-27.29858],[152.20222,-27.30088],[152.20069,-27.301],[152.19983,-27.30728],[152.19814,-27.30866],[152.19607,-27.30755],[152.19194,-27.31127],[152.1932,-27.31486],[152.19011,-27.3203],[152.20147,-27.32201],[152.19947,-27.33275],[152.20016,-27.33285],[152.19928,-27.34124],[152.19597,-27.34083],[152.19253,-27.35893],[152.19353,-27.35906],[152.19228,-27.36062],[152.19143,-27.36612],[152.20149,-27.35969],[152.19824,-27.37794],[152.19321,-27.38009],[152.19309,-27.38165],[152.19101,-27.38162],[152.19172,-27.38685],[152.19282,-27.38523],[152.2018,-27.38647],[152.20874,-27.39011],[152.21246,-27.39068],[152.21477,-27.39066],[152.21592,-27.38835],[152.21791,-27.39005],[152.22111,-27.39045],[152.22645,-27.38865],[152.22731,-27.38977],[152.22759,-27.38814],[152.26097,-27.39261],[152.25818,-27.40904],[152.2599,-27.41077],[152.25913,-27.41247],[152.26287,-27.41614],[152.26705,-27.41549],[152.27722,-27.40926],[152.27876,-27.40944],[152.27911,-27.40715],[152.28183,-27.40451],[152.28309,-27.40151],[152.29131,-27.4002],[152.29426,-27.42734],[152.30403,-27.42563],[152.31035,-27.42932],[152.31546,-27.39866],[152.3427,-27.40206],[152.34384,-27.39934],[152.36465,-27.40216],[152.36786,-27.40128],[152.37337,-27.40199],[152.3794,-27.40443],[152.39071,-27.4122],[152.40161,-27.41502],[152.39953,-27.42843],[152.41414,-27.43023],[152.41338,-27.43481],[152.40912,-27.43662],[152.43564,-27.44008],[152.435,-27.44536],[152.4369,-27.45101],[152.43587,-27.45787],[152.44538,-27.45906],[152.44455,-27.46357],[152.45123,-27.46752],[152.45181,-27.46376],[152.4576,-27.46447],[152.4612,-27.46883],[152.46365,-27.46783],[152.46593,-27.46863],[152.47304,-27.47391],[152.47732,-27.47883],[152.47911,-27.48185],[152.47877,-27.4837],[152.47213,-27.48678],[152.47765,-27.49627],[152.474,-27.50788],[152.49931,-27.51167],[152.49225,-27.55197],[152.50063,-27.55067],[152.51866,-27.55202],[152.51737,-27.55998],[152.51494,-27.55966],[152.51247,-27.5744],[152.50933,-27.57254],[152.50779,-27.58111],[152.50309,-27.58025],[152.49701,-27.58295],[152.50444,-27.59592],[152.48788,-27.60344],[152.48852,-27.60453],[152.48625,-27.60568],[152.48758,-27.60641],[152.4872,-27.60735],[152.48487,-27.61052],[152.48185,-27.61246],[152.47908,-27.61959],[152.47266,-27.62729],[152.47,-27.63476],[152.4699,-27.63816],[152.46365,-27.64342],[152.46533,-27.64848],[152.46365,-27.65001],[152.46274,-27.6543],[152.45925,-27.65383],[152.45787,-27.66281],[152.45468,-27.66093],[152.45413,-27.65731],[152.45127,-27.65345],[152.44965,-27.65357],[152.44936,-27.65544],[152.44807,-27.65609],[152.44524,-27.65428],[152.44157,-27.65367],[152.43976,-27.65003],[152.43698,-27.6519],[152.43464,-27.65061],[152.43061,-27.65185],[152.43034,-27.65304],[152.43312,-27.65564],[152.43079,-27.65684],[152.4226,-27.65444],[152.42079,-27.65222],[152.42029,-27.65536],[152.41838,-27.65792],[152.41323,-27.65731],[152.41253,-27.66139],[152.42264,-27.66367],[152.41913,-27.66853],[152.41576,-27.66714],[152.4147,-27.67316],[152.41296,-27.67293],[152.41261,-27.67508],[152.4135,-27.67609],[152.41207,-27.67714],[152.41117,-27.68141],[152.40301,-27.68504],[152.3954,-27.6869],[152.39159,-27.69088],[152.39065,-27.69777],[152.4135,-27.70094],[152.41225,-27.70821],[152.40906,-27.70776],[152.40677,-27.72031],[152.41013,-27.7208],[152.40201,-27.76288],[152.39564,-27.76135],[152.39187,-27.75684],[152.38923,-27.76976],[152.3954,-27.78192],[152.40366,-27.7896],[152.40259,-27.79528],[152.40876,-27.79612],[152.40705,-27.80551],[152.38583,-27.80306],[152.38566,-27.80399],[152.38333,-27.80365],[152.38272,-27.80721],[152.38508,-27.80754],[152.38491,-27.80849],[152.39335,-27.80974],[152.39195,-27.81769],[152.39866,-27.81862],[152.39949,-27.82008],[152.40072,-27.82475],[152.39932,-27.82736],[152.39487,-27.83089],[152.39484,-27.83428],[152.39843,-27.84006],[152.39905,-27.84447],[152.39998,-27.8446],[152.39949,-27.84727],[152.4012,-27.85244],[152.40144,-27.85318],[152.40093,-27.85668],[152.40262,-27.86077],[152.40227,-27.86369],[152.40175,-27.86655],[152.40235,-27.8637],[152.41928,-27.86547],[152.42089,-27.85656],[152.42546,-27.85718],[152.42847,-27.84048],[152.43625,-27.84163],[152.43587,-27.84372],[152.4434,-27.84477],[152.45118,-27.802],[152.45991,-27.80318],[152.46233,-27.80257],[152.46385,-27.79378],[152.46716,-27.78924],[152.46741,-27.78313],[152.48122,-27.78513],[152.48189,-27.78166],[152.4945,-27.78343],[152.499,-27.75827],[152.51933,-27.76117],[152.52371,-27.73633],[152.52296,-27.727],[152.52486,-27.72122],[152.52965,-27.71694],[152.52946,-27.71763],[152.54213,-27.71938],[152.54213,-27.71828],[152.56178,-27.72103],[152.5619,-27.71646],[152.58065,-27.71914],[152.57984,-27.7236],[152.5982,-27.72626],[152.59862,-27.72393],[152.60576,-27.72499],[152.60461,-27.73135],[152.60865,-27.73165],[152.60764,-27.7371],[152.63822,-27.7416],[152.63913,-27.73656],[152.65597,-27.73831],[152.65537,-27.74137],[152.66863,-27.74333],[152.66753,-27.74998],[152.68441,-27.75249],[152.684,-27.75137],[152.68625,-27.75061],[152.68639,-27.74686],[152.70427,-27.74961],[152.70756,-27.75831],[152.75801,-27.76742],[152.7627,-27.77294],[152.76072,-27.78531],[152.78485,-27.78883],[152.78655,-27.7909],[152.78563,-27.79622],[152.80247,-27.79837],[152.79997,-27.81488],[152.79576,-27.81543],[152.80559,-27.81698],[152.80405,-27.82486],[152.81406,-27.82621],[152.81636,-27.81363],[152.82641,-27.81505],[152.8274,-27.80965],[152.82502,-27.80932],[152.82646,-27.80751],[152.82519,-27.8066],[152.82602,-27.80504],[152.82568,-27.79812],[152.82176,-27.78911],[152.8219,-27.78497],[152.8178,-27.78556],[152.8118,-27.78429],[152.81143,-27.78681],[152.8033,-27.78559],[152.80483,-27.77644],[152.80411,-27.77634],[152.80803,-27.75866],[152.81105,-27.75904],[152.81139,-27.75491],[152.82226,-27.75639],[152.82302,-27.75204],[152.82824,-27.75273],[152.82926,-27.74679],[152.83458,-27.74758],[152.83394,-27.75267],[152.83599,-27.75573],[152.84318,-27.75679],[152.84345,-27.7553],[152.85679,-27.75727],[152.85794,-27.75112],[152.87332,-27.75345],[152.87465,-27.74629],[152.88279,-27.74736],[152.89065,-27.70359],[152.92331,-27.70817],[152.93139,-27.66639],[152.9275,-27.66289],[152.92455,-27.65782],[152.9374,-27.64261],[152.93781,-27.64213],[152.94088,-27.62867],[152.93976,-27.62847],[152.94071,-27.62343],[152.93426,-27.61406],[152.93394,-27.6139],[152.92762,-27.61078],[152.92177,-27.60625],[152.9213,-27.60616],[152.91553,-27.605],[152.91263,-27.60641],[152.90893,-27.60638],[152.9071,-27.60441],[152.90339,-27.60561],[152.9008,-27.60244],[152.89641,-27.60142],[152.89054,-27.59179],[152.87526,-27.57953],[152.87497,-27.5793],[152.87366,-27.57936],[152.87245,-27.57941],[152.87219,-27.57942],[152.86992,-27.58098],[152.86223,-27.59725],[152.86015,-27.59799],[152.85716,-27.597],[152.85692,-27.59668],[152.85486,-27.5787],[152.84898,-27.56466],[152.84914,-27.55659],[152.85239,-27.54794],[152.85267,-27.54271],[152.85251,-27.54241],[152.84775,-27.53338],[152.8445,-27.53164],[152.8388,-27.53066],[152.83145,-27.53313],[152.83037,-27.53472],[152.8307,-27.53704],[152.84014,-27.54002],[152.84147,-27.54436],[152.84006,-27.54563],[152.83622,-27.54589],[152.83601,-27.54598],[152.82626,-27.54991],[152.82424,-27.54984],[152.82421,-27.54991],[152.82363,-27.55111],[152.82217,-27.55414],[152.82048,-27.55562],[152.81978,-27.55599],[152.81447,-27.55675],[152.80794,-27.55754],[152.80517,-27.5575],[152.80325,-27.55587],[152.79945,-27.55507],[152.79847,-27.55502],[152.79727,-27.55496],[152.79597,-27.5549],[152.79363,-27.55597],[152.78847,-27.55412],[152.78648,-27.55036],[152.78512,-27.55034],[152.78264,-27.55219],[152.784,-27.553],[152.78516,-27.55679],[152.78278,-27.55663],[152.7816,-27.55933],[152.77264,-27.55948],[152.77052,-27.55646],[152.76735,-27.556],[152.7564,-27.56619],[152.75451,-27.56629],[152.75381,-27.56832],[152.75096,-27.56757],[152.74846,-27.56492],[152.74609,-27.56711],[152.74462,-27.56713],[152.7428,-27.56674],[152.74025,-27.56417],[152.74174,-27.55218],[152.74361,-27.54317],[152.74807,-27.52712],[152.74875,-27.52625],[152.75009,-27.52478],[152.75186,-27.52399],[152.75318,-27.52353],[152.75371,-27.52352],[152.76109,-27.52513],[152.76294,-27.52185],[152.76305,-27.52166],[152.76083,-27.51761],[152.75113,-27.51758],[152.74482,-27.51461],[152.7393,-27.50497],[152.73893,-27.50433],[152.73878,-27.50406],[152.73052,-27.49672],[152.73016,-27.49562],[152.73801,-27.4946],[152.73933,-27.4876],[152.74232,-27.48807],[152.7406,-27.48657],[152.73947,-27.48296],[152.74032,-27.47949],[152.74264,-27.47983],[152.74337,-27.47617],[152.74061,-27.47576],[152.74134,-27.47196],[152.74265,-27.47143],[152.73797,-27.47248],[152.73923,-27.47089],[152.73832,-27.46901],[152.73925,-27.46729],[152.73784,-27.46465],[152.73787,-27.46099],[152.73826,-27.45933],[152.74412,-27.46013],[152.7474,-27.44086],[152.74541,-27.44058],[152.74604,-27.43686],[152.74272,-27.43638],[152.74419,-27.42785],[152.74095,-27.42741],[152.74287,-27.42543],[152.74709,-27.42378],[152.74805,-27.42183],[152.74812,-27.41554],[152.74582,-27.41523],[152.74722,-27.40708],[152.74137,-27.40617],[152.74077,-27.40255],[152.74065,-27.39876],[152.74236,-27.3981],[152.74337,-27.39472],[152.74176,-27.39312],[152.7415,-27.3911],[152.73295,-27.39599],[152.73685,-27.37335],[152.73218,-27.37267],[152.73324,-27.36663],[152.72201,-27.36509],[152.7239,-27.35397],[152.70782,-27.3518],[152.70693,-27.35699],[152.70034,-27.35615],[152.69952,-27.36099],[152.69225,-27.36002],[152.69051,-27.37012],[152.68704,-27.36965],[152.6864,-27.37322],[152.67969,-27.37226],[152.68419,-27.34879],[152.68605,-27.34908],[152.69198,-27.34278],[152.69566,-27.34286],[152.71019,-27.33255],[152.7173,-27.33062],[152.71906,-27.32776],[152.71955,-27.32346],[152.72331,-27.32207],[152.7301,-27.32414],[152.73117,-27.32322],[152.73917,-27.32334],[152.74485,-27.31901],[152.7485,-27.31875],[152.74722,-27.31709]]]},"properties":{"District Name":"Ipswich","DDMG Name":"Ipswich","Police Region Name":"Southern Region","Police Region Code":"SR","Police Region Short Name":"Southern"}},{"type":"Feature","geometry":{"type":"Polygon","coordinates":[[[146.94501,-28.99913],[148.95809,-28.99906],[148.96137,-28.99738],[148.96558,-28.99364],[148.96341,-28.99169],[148.9671,-28.99144],[148.96724,-28.98972],[148.96903,-28.98827],[148.966,-28.98585],[148.97111,-28.98533],[148.97055,-28.98235],[148.97172,-28.97829],[148.97447,-28.9787],[148.97574,-28.97651],[148.97797,-28.97547],[148.98117,-28.97534],[148.98387,-28.97657],[148.98636,-28.97414],[148.99072,-28.9759],[148.99009,-28.97428],[148.99123,-28.97138],[148.99713,-28.97275],[148.99971,-28.97085],[148.99976,-28.96959],[149.00404,-28.96729],[149.00543,-28.96445],[149.00436,-28.96243],[149.00471,-28.96061],[149.01078,-28.96],[149.01177,-28.95828],[149.00877,-28.95853],[149.00804,-28.95773],[149.01162,-28.95548],[149.01428,-28.95767],[149.01685,-28.95651],[149.01944,-28.95936],[149.0211,-28.95704],[149.0278,-28.95449],[149.02967,-28.95542],[149.03004,-28.95718],[149.0316,-28.95688],[149.03454,-28.95282],[149.03317,-28.95165],[149.03616,-28.94866],[149.03436,-28.94759],[149.03463,-28.94554],[149.04012,-28.94237],[149.03887,-28.94088],[149.03979,-28.94018],[149.03847,-28.93908],[149.04302,-28.93945],[149.04357,-28.93813],[149.04249,-28.93727],[149.04371,-28.93607],[149.04346,-28.93456],[149.04562,-28.93458],[149.0456,-28.9315],[149.04232,-28.93137],[149.04334,-28.92998],[149.04262,-28.9269],[149.04726,-28.92454],[149.04745,-28.9221],[149.04499,-28.92056],[149.04752,-28.91986],[149.04853,-28.91619],[149.05078,-28.91771],[149.05498,-28.91193],[149.05805,-28.91136],[149.05868,-28.90783],[149.05688,-28.90572],[149.05782,-28.90399],[149.05582,-28.90227],[149.05607,-28.89988],[149.0561,-28.89956],[149.05415,-28.89345],[149.04813,-28.88639],[149.0436,-28.89149],[149.04382,-28.89261],[149.01645,-28.86218],[148.98165,-28.8203],[148.99123,-28.76035],[148.97514,-28.75912],[148.98732,-28.66348],[148.91959,-28.65691],[148.92368,-28.62114],[148.92768,-28.62002],[148.93584,-28.55982],[148.92411,-28.55858],[148.9293,-28.5202],[148.93081,-28.52036],[148.93552,-28.48543],[148.9329,-28.48515],[148.9594,-28.28878],[149.04153,-28.18601],[149.07568,-28.18931],[149.07515,-28.19308],[149.1432,-28.2002],[149.14537,-28.19915],[149.18872,-28.20369],[149.18917,-28.19983],[149.32595,-28.21716],[149.32572,-28.21862],[149.40547,-28.22859],[149.43066,-28.06984],[149.44534,-28.07134],[149.45744,-27.99274],[149.47319,-27.88892],[149.48924,-27.79212],[149.40495,-27.78344],[149.42728,-27.74554],[149.49581,-27.75384],[149.50808,-27.67778],[149.46609,-27.67225],[149.47127,-27.64038],[149.43796,-27.63605],[149.43932,-27.63347],[149.44245,-27.63418],[149.44281,-27.63099],[149.44375,-27.63175],[149.44624,-27.63063],[149.44575,-27.62952],[149.44715,-27.62811],[149.44891,-27.62965],[149.45087,-27.62883],[149.44965,-27.62689],[149.45133,-27.62291],[149.45414,-27.62267],[149.45611,-27.62105],[149.45443,-27.61879],[149.45462,-27.6165],[149.45575,-27.61628],[149.45536,-27.61509],[149.45821,-27.61474],[149.45711,-27.61231],[149.46102,-27.60948],[149.45977,-27.6078],[149.46117,-27.60673],[149.46148,-27.6045],[149.46742,-27.60541],[149.47198,-27.59813],[149.47089,-27.59603],[149.47699,-27.59649],[149.47903,-27.59276],[149.49834,-27.45879],[149.49328,-27.45026],[149.49611,-27.43188],[149.4811,-27.4129],[149.48071,-27.40935],[149.4672,-27.3939],[149.45684,-27.376],[149.45836,-27.36687],[149.48192,-27.33001],[149.47989,-27.32021],[149.4862,-27.31584],[149.50212,-27.29348],[149.51989,-27.28172],[149.5225,-27.28143],[149.53238,-27.27258],[149.55241,-27.25906],[149.5517,-27.25846],[149.56387,-27.24828],[149.56509,-27.24844],[149.59292,-27.222],[149.55639,-27.19125],[149.67874,-27.0748],[149.67431,-27.07477],[149.67,-27.07021],[149.65982,-27.06773],[149.65067,-27.06727],[149.64617,-27.06831],[149.64497,-27.06996],[149.6448,-27.07395],[149.64348,-27.0753],[149.64168,-27.07488],[149.63216,-27.06907],[149.63154,-27.06278],[149.62827,-27.05764],[149.62586,-27.05594],[149.62637,-27.05431],[149.63066,-27.05326],[149.6346,-27.04964],[149.63677,-27.04518],[149.63634,-27.04306],[149.63034,-27.04246],[149.62843,-27.0485],[149.62621,-27.04699],[149.62575,-27.04279],[149.62395,-27.04084],[149.62117,-27.04295],[149.61676,-27.04297],[149.61519,-27.04163],[149.61521,-27.03335],[149.61678,-27.0313],[149.63576,-27.02675],[149.64601,-27.02155],[149.64827,-27.02158],[149.64934,-27.02391],[149.6454,-27.02547],[149.64687,-27.02864],[149.65481,-27.03051],[149.66376,-27.03009],[149.66721,-27.02244],[149.66648,-27.01879],[149.66749,-27.01668],[149.66607,-27.01305],[149.66208,-27.01024],[149.663,-27.00642],[149.64478,-26.96464],[149.62982,-26.94431],[149.61289,-26.89518],[149.58817,-26.82924],[149.61211,-26.81872],[149.61091,-26.81571],[149.6079,-26.81396],[149.60249,-26.81548],[149.59787,-26.81069],[149.59665,-26.8076],[149.59337,-26.80858],[149.59256,-26.81069],[149.59151,-26.80832],[149.68421,-26.77371],[149.6746,-26.75976],[149.66332,-26.75829],[149.66283,-26.75172],[149.66984,-26.74704],[149.67369,-26.74075],[149.67601,-26.72638],[149.67501,-26.69734],[149.67119,-26.66849],[149.69197,-26.64865],[149.69274,-26.64388],[149.69674,-26.64383],[149.70188,-26.61091],[149.66717,-26.60626],[149.67017,-26.58787],[149.69637,-26.59125],[149.70043,-26.56666],[149.69572,-26.56605],[149.69814,-26.55092],[149.70763,-26.55301],[149.71072,-26.53374],[149.70291,-26.5327],[149.70523,-26.51821],[149.69713,-26.51714],[149.69779,-26.51307],[149.70215,-26.50252],[149.70142,-26.49854],[149.70252,-26.4967],[149.70424,-26.49631],[149.70457,-26.49186],[149.70751,-26.49054],[149.71416,-26.4814],[149.72764,-26.47056],[149.68538,-26.46507],[149.70395,-26.45253],[149.72196,-26.43673],[149.72834,-26.43729],[149.73165,-26.41678],[149.74618,-26.41868],[149.75075,-26.39015],[149.75795,-26.38916],[149.77211,-26.39335],[149.77317,-26.40132],[149.80505,-26.39369],[149.82164,-26.37983],[149.83134,-26.31756],[149.81387,-26.30919],[149.81648,-26.30303],[149.71833,-26.29086],[149.70786,-26.3048],[149.70933,-26.30624],[149.70795,-26.31245],[149.70478,-26.30958],[149.70158,-26.31169],[149.69837,-26.30987],[149.69425,-26.31046],[149.6942,-26.31182],[149.69142,-26.31111],[149.68658,-26.30758],[149.67571,-26.30639],[149.67379,-26.30981],[149.666,-26.30896],[149.66477,-26.3104],[149.66218,-26.30854],[149.64872,-26.30707],[149.64337,-26.30071],[149.62292,-26.29876],[149.6179,-26.30138],[149.61624,-26.30118],[149.61389,-26.30346],[149.61457,-26.30811],[149.56927,-26.30326],[149.56541,-26.33255],[149.56219,-26.33134],[149.55614,-26.3331],[149.55325,-26.33143],[149.5502,-26.33261],[149.54664,-26.32768],[149.54335,-26.33088],[149.53906,-26.32957],[149.53106,-26.33415],[149.52807,-26.33348],[149.516,-26.33554],[149.50493,-26.33598],[149.5031,-26.33549],[149.50344,-26.33323],[149.50672,-26.32909],[149.51004,-26.32699],[149.51208,-26.32307],[149.50774,-26.30863],[149.49796,-26.30357],[149.49394,-26.3039],[149.49374,-26.30192],[149.51138,-26.29479],[149.51194,-26.29052],[149.47417,-26.28641],[149.47394,-26.29132],[149.47566,-26.29605],[149.46423,-26.31146],[149.44332,-26.30287],[149.43386,-26.2978],[149.42722,-26.29098],[149.40025,-26.2765],[149.39987,-26.28384],[149.40127,-26.28749],[149.37501,-26.28648],[149.34983,-26.29135],[149.34125,-26.29026],[149.32487,-26.28402],[149.29763,-26.28235],[149.28272,-26.28797],[149.2815,-26.29308],[149.27743,-26.29462],[149.27249,-26.29954],[149.21627,-26.30383],[149.2061,-26.30656],[149.1841,-26.32187],[149.18013,-26.31336],[149.17326,-26.31057],[149.15617,-26.30813],[149.15328,-26.30517],[149.15961,-26.29671],[149.16683,-26.28394],[149.16208,-26.25964],[149.15453,-26.25092],[149.15938,-26.24607],[149.16284,-26.23872],[149.16208,-26.23095],[149.16418,-26.21106],[149.16366,-26.19744],[149.1719,-26.19015],[149.17861,-26.17697],[149.17481,-26.16295],[149.18372,-26.16215],[149.19007,-26.1535],[149.19831,-26.14831],[149.20377,-26.13848],[149.20448,-26.12759],[149.22063,-26.11537],[149.21756,-26.09265],[149.21212,-26.07546],[149.21702,-26.06837],[149.21803,-26.05316],[149.13519,-26.04389],[149.13345,-26.03939],[149.1325,-26.03968],[149.12438,-26.01849],[149.12952,-26.01306],[149.1301,-26.00121],[149.12742,-26.00257],[149.12463,-26.00199],[149.12177,-25.99753],[149.11656,-25.99806],[149.09727,-25.94784],[149.09439,-25.94034],[149.10828,-25.87336],[149.1044,-25.86645],[149.10133,-25.86347],[149.09706,-25.86061],[149.0917,-25.85935],[149.08749,-25.8564],[149.07569,-25.8435],[149.06814,-25.84231],[149.06531,-25.83855],[149.06232,-25.83821],[149.06087,-25.83467],[149.05513,-25.82873],[149.04998,-25.82806],[149.05376,-25.82626],[149.05283,-25.82465],[149.04398,-25.82303],[149.02798,-25.80455],[149.02493,-25.79907],[149.03118,-25.77557],[149.03122,-25.76853],[149.02597,-25.76797],[149.02168,-25.76877],[149.01302,-25.77457],[148.9965,-25.78086],[148.98557,-25.78271],[148.97692,-25.78757],[148.9683,-25.78968],[148.96362,-25.79269],[148.94495,-25.7712],[148.91094,-25.76757],[148.90878,-25.76604],[148.90957,-25.76122],[148.90068,-25.7601],[148.92376,-25.74056],[148.9212,-25.73469],[148.92253,-25.7297],[148.91959,-25.72836],[148.92162,-25.72523],[148.92669,-25.7249],[148.92871,-25.72303],[148.92849,-25.72067],[148.92557,-25.71937],[148.92476,-25.71732],[148.9287,-25.70905],[148.92566,-25.70547],[148.92527,-25.70341],[148.93122,-25.69943],[148.93438,-25.69951],[148.93691,-25.69828],[148.93684,-25.69715],[148.93998,-25.69388],[148.94019,-25.69096],[148.93833,-25.68792],[148.93899,-25.68541],[148.94262,-25.68551],[148.94935,-25.69279],[148.95704,-25.6929],[148.96419,-25.69928],[148.96728,-25.70381],[148.96925,-25.71142],[148.97278,-25.71318],[148.97802,-25.70866],[148.9812,-25.7083],[148.99575,-25.6976],[149.00139,-25.69741],[149.0082,-25.69448],[149.01573,-25.6817],[149.01936,-25.68147],[149.0315,-25.67275],[149.03988,-25.67576],[149.05638,-25.66983],[149.05372,-25.66635],[149.05409,-25.66164],[149.05991,-25.65237],[149.0639,-25.65008],[149.06406,-25.64972],[149.06449,-25.6495],[149.06474,-25.64814],[149.06494,-25.64704],[149.06503,-25.64651],[149.06451,-25.64647],[149.06152,-25.64625],[149.06045,-25.64617],[149.052,-25.64973],[149.05057,-25.64912],[149.04967,-25.6479],[149.04848,-25.64317],[149.05046,-25.63909],[149.06055,-25.63234],[149.06141,-25.62983],[149.06046,-25.62683],[149.04787,-25.62294],[149.04533,-25.62309],[149.04451,-25.62432],[149.04498,-25.62846],[149.04117,-25.63218],[149.04101,-25.63662],[149.03813,-25.63835],[149.03597,-25.64179],[149.03543,-25.64206],[149.0343,-25.64165],[149.03402,-25.64134],[149.03265,-25.63841],[149.03852,-25.6316],[149.03847,-25.62921],[149.03267,-25.62706],[149.02731,-25.61926],[149.01835,-25.61663],[149.01386,-25.6136],[149.01259,-25.6115],[149.01292,-25.6093],[149.01427,-25.60883],[149.02387,-25.61194],[149.02581,-25.61106],[149.02606,-25.60807],[149.02007,-25.60371],[149.01037,-25.60173],[148.9922,-25.60072],[148.99002,-25.60539],[148.99197,-25.61014],[148.99552,-25.61466],[148.99519,-25.61742],[148.99306,-25.61867],[148.99132,-25.61836],[148.98548,-25.6122],[148.98698,-25.60319],[148.98629,-25.59794],[148.98791,-25.59007],[148.98611,-25.58834],[148.98404,-25.58837],[149.02453,-25.55974],[148.93835,-25.45918],[148.93775,-25.46274],[148.94017,-25.46328],[148.93923,-25.46425],[148.93495,-25.46565],[148.92798,-25.46378],[148.91915,-25.46814],[148.90726,-25.46789],[148.90523,-25.47196],[148.90063,-25.47298],[148.87699,-25.47036],[148.87292,-25.46166],[148.86377,-25.4652],[148.83363,-25.46043],[148.82466,-25.45415],[148.82155,-25.4547],[148.81507,-25.45246],[148.81243,-25.44636],[148.81379,-25.44384],[148.80911,-25.44067],[148.8044,-25.44084],[148.80077,-25.44294],[148.8006,-25.44594],[148.79796,-25.44543],[148.79108,-25.43913],[148.78368,-25.43591],[148.77929,-25.43607],[148.77585,-25.43491],[148.77475,-25.43169],[148.76548,-25.42425],[148.76363,-25.41945],[148.76168,-25.41735],[148.74405,-25.41324],[148.7371,-25.40976],[148.7258,-25.40084],[148.7252,-25.39567],[148.7272,-25.39318],[148.72482,-25.39034],[148.71896,-25.38874],[148.7189,-25.38695],[148.72664,-25.34262],[148.73316,-25.33781],[148.73349,-25.33371],[148.73889,-25.32766],[148.74737,-25.32426],[148.74705,-25.31874],[148.74867,-25.31687],[148.74776,-25.31491],[148.75148,-25.3145],[148.75256,-25.31295],[148.75916,-25.31082],[148.74527,-25.2798],[148.73725,-25.27845],[148.73518,-25.27968],[148.73721,-25.28491],[148.73448,-25.28676],[148.72793,-25.28746],[148.7244,-25.28593],[148.72124,-25.28626],[148.71587,-25.28125],[148.70822,-25.2781],[148.70229,-25.28391],[148.69796,-25.28546],[148.69388,-25.28487],[148.68818,-25.28145],[148.68339,-25.28098],[148.68341,-25.28707],[148.67994,-25.28873],[148.6773,-25.30067],[148.67339,-25.30534],[148.66986,-25.30556],[148.66871,-25.30946],[148.66665,-25.31043],[148.66103,-25.30669],[148.65273,-25.29624],[148.65001,-25.29444],[148.64534,-25.28589],[148.63924,-25.28198],[148.63743,-25.27939],[148.62567,-25.27995],[148.61303,-25.27653],[148.61066,-25.27469],[148.60168,-25.27491],[148.60034,-25.2722],[148.59688,-25.27005],[148.59566,-25.26489],[148.59156,-25.26136],[148.58089,-25.25513],[148.57549,-25.2547],[148.56884,-25.2496],[148.55288,-25.25361],[148.54802,-25.25184],[148.54338,-25.24688],[148.5345,-25.24437],[148.52498,-25.24454],[148.51626,-25.24314],[148.5106,-25.24607],[148.50308,-25.24474],[148.48799,-25.24642],[148.48136,-25.24301],[148.46966,-25.24475],[148.44934,-25.25646],[148.42981,-25.25129],[148.42577,-25.24867],[148.42231,-25.24904],[148.41962,-25.25125],[148.41666,-25.25876],[148.41382,-25.25991],[148.40783,-25.25831],[148.40746,-25.2542],[148.40499,-25.25284],[148.39951,-25.24388],[148.39286,-25.24287],[148.3892,-25.24456],[148.38598,-25.24409],[148.38358,-25.2452],[148.37855,-25.23982],[148.37851,-25.23559],[148.36867,-25.23135],[148.36046,-25.23478],[148.35743,-25.23132],[148.35166,-25.22946],[148.34965,-25.22331],[148.34746,-25.22038],[148.33674,-25.21806],[148.33486,-25.21544],[148.32985,-25.21399],[148.32597,-25.21019],[148.31215,-25.21273],[148.3053,-25.21195],[148.30617,-25.20355],[148.30014,-25.19364],[148.2954,-25.19012],[148.2962,-25.18847],[148.29258,-25.18163],[148.29397,-25.17775],[148.29163,-25.17487],[148.29428,-25.16572],[148.29563,-25.16448],[148.29084,-25.1611],[148.28167,-25.15865],[148.2815,-25.15707],[148.27584,-25.15305],[148.27462,-25.15053],[148.27655,-25.14874],[148.26814,-25.14521],[148.26854,-25.14374],[148.26072,-25.13564],[148.25526,-25.13358],[148.25154,-25.12757],[148.24151,-25.12033],[148.23999,-25.11742],[148.2358,-25.11428],[148.23529,-25.11234],[148.23622,-25.11039],[148.23412,-25.10058],[148.22853,-25.09864],[148.22483,-25.09472],[148.21291,-25.08644],[148.20957,-25.08014],[148.20544,-25.07924],[148.19827,-25.0818],[148.18737,-25.0812],[148.18072,-25.07944],[148.17477,-25.0843],[148.17057,-25.08516],[148.16528,-25.0838],[148.1605,-25.08402],[148.15244,-25.0676],[148.1521,-25.06471],[148.14958,-25.06134],[148.14476,-25.06127],[148.14334,-25.05986],[148.14168,-25.05523],[148.13394,-25.04314],[148.12736,-25.0448],[148.12283,-25.04347],[148.12131,-25.04139],[148.12088,-25.03503],[148.11526,-25.02993],[148.11754,-25.02392],[148.11698,-25.02215],[148.11351,-25.02081],[148.10892,-25.02155],[148.10586,-25.02024],[148.10461,-25.01729],[148.09403,-25.0136],[148.08933,-25.00905],[148.08701,-25.00248],[148.08341,-25.00077],[148.08385,-24.99651],[148.0791,-24.98798],[148.07885,-24.98511],[148.07771,-24.98403],[148.0783,-24.98208],[148.07584,-24.97876],[148.07592,-24.9726],[148.07959,-24.97012],[148.07964,-24.9689],[148.07785,-24.96738],[148.07428,-24.9572],[148.07844,-24.94836],[148.07618,-24.94521],[148.07579,-24.94157],[148.0637,-24.93288],[148.0623,-24.93002],[148.06289,-24.92479],[148.06006,-24.92209],[148.05714,-24.91605],[148.0573,-24.91419],[148.05492,-24.91257],[148.04416,-24.90979],[148.03636,-24.91222],[148.02982,-24.91095],[148.02668,-24.90773],[148.01929,-24.90465],[148.01489,-24.89889],[148.00111,-24.89733],[147.99773,-24.89982],[147.99427,-24.90065],[147.98637,-24.89102],[147.98513,-24.89086],[147.97978,-24.88362],[147.97939,-24.88108],[147.97618,-24.87862],[147.96537,-24.87975],[147.95693,-24.87885],[147.95072,-24.88072],[147.9501,-24.88039],[147.95049,-24.88091],[147.95453,-24.88626],[147.95426,-24.88888],[147.95227,-24.88898],[147.94821,-24.8952],[147.94623,-24.89542],[147.94006,-24.90002],[147.9355,-24.90184],[147.93148,-24.90703],[147.92835,-24.90928],[147.92234,-24.92052],[147.91658,-24.91935],[147.90883,-24.92092],[147.90732,-24.91973],[147.90417,-24.92058],[147.90419,-24.91822],[147.90224,-24.91786],[147.90056,-24.91941],[147.89794,-24.91811],[147.89517,-24.9184],[147.89126,-24.92228],[147.89123,-24.92595],[147.89267,-24.9272],[147.89254,-24.92919],[147.89484,-24.934],[147.89816,-24.9376],[147.89864,-24.94037],[147.89473,-24.93963],[147.88767,-24.93627],[147.88415,-24.93865],[147.88403,-24.94046],[147.88221,-24.94262],[147.87928,-24.9402],[147.87067,-24.9458],[147.86944,-24.94828],[147.87246,-24.95063],[147.87165,-24.95374],[147.86092,-24.95434],[147.85949,-24.95673],[147.85291,-24.95915],[147.85184,-24.96068],[147.85334,-24.96282],[147.85051,-24.96357],[147.84948,-24.96509],[147.84501,-24.96561],[147.84172,-24.96447],[147.83964,-24.96548],[147.84003,-24.96687],[147.83459,-24.97001],[147.83394,-24.97261],[147.82989,-24.97109],[147.82481,-24.9736],[147.82255,-24.97148],[147.82011,-24.97293],[147.81833,-24.97219],[147.81716,-24.97362],[147.81398,-24.96993],[147.80788,-24.97712],[147.8087,-24.97878],[147.80552,-24.98227],[147.80433,-24.98664],[147.80067,-24.99095],[147.79947,-24.99426],[147.7934,-24.99699],[147.79109,-25.00689],[147.78061,-25.0188],[147.78079,-25.02642],[147.77819,-25.02735],[147.77293,-25.02563],[147.76917,-25.02683],[147.77098,-25.029],[147.76876,-25.03202],[147.76679,-25.03174],[147.76587,-25.03375],[147.76388,-25.03363],[147.76252,-25.03167],[147.75155,-25.03171],[147.75018,-25.03039],[147.74752,-25.03164],[147.74723,-25.03342],[147.73924,-25.03251],[147.73419,-25.0378],[147.73246,-25.03745],[147.72593,-25.03279],[147.7193,-25.0227],[147.70802,-25.01814],[147.69989,-25.01172],[147.68352,-25.00739],[147.65921,-25.00446],[147.64874,-25.07668],[147.67542,-25.08017],[147.6552,-25.23081],[147.55427,-25.21906],[147.54121,-25.31162],[147.35921,-25.29071],[147.36178,-25.30648],[147.36214,-25.32237],[147.38996,-25.34326],[147.3931,-25.35417],[147.38453,-25.37547],[147.37284,-25.37436],[147.35593,-25.50111],[147.30494,-25.4954],[147.28547,-25.64051],[147.17932,-25.62923],[147.16015,-25.78106],[147.25862,-25.79205],[147.25881,-25.79388],[147.25612,-25.79731],[147.25733,-25.80131],[147.26012,-25.80641],[147.26759,-25.81516],[147.27584,-25.83581],[147.2763,-25.85854],[147.27524,-25.8764],[147.27549,-25.87743],[147.27953,-25.87922],[147.27969,-25.88115],[147.27795,-25.88405],[147.28012,-25.88628],[147.28431,-25.8961],[147.28621,-25.90365],[147.2836,-25.90595],[147.28349,-25.90938],[147.28118,-25.91068],[147.28061,-25.91311],[147.28157,-25.91563],[147.28249,-25.91501],[147.28874,-25.91744],[147.29111,-25.91723],[147.30334,-25.92201],[147.31063,-25.92242],[147.31319,-25.92745],[147.32037,-25.92803],[147.32304,-25.92953],[147.32593,-25.92848],[147.32978,-25.92956],[147.33339,-25.93209],[147.33925,-25.93231],[147.35153,-25.92864],[147.35623,-25.93757],[147.35965,-25.93988],[147.3647,-25.93967],[147.37092,-25.94225],[147.39916,-25.97003],[147.40294,-25.9705],[147.40706,-25.97357],[147.41136,-25.97082],[147.42472,-25.97122],[147.42827,-25.97461],[147.43155,-25.97569],[147.44907,-25.9777],[147.4547,-25.98039],[147.45342,-25.99175],[147.4422,-26.0102],[147.44179,-26.01337],[147.44815,-26.01744],[147.44764,-26.0281],[147.4498,-26.04158],[147.45166,-26.04555],[147.44936,-26.04692],[147.44956,-26.05167],[147.4449,-26.05491],[147.4441,-26.05752],[147.44155,-26.0592],[147.44099,-26.06485],[147.44388,-26.06632],[147.44833,-26.07894],[147.45132,-26.08137],[147.44413,-26.13425],[147.43402,-26.1402],[147.41522,-26.13798],[147.40727,-26.14356],[147.40055,-26.13862],[147.38275,-26.13368],[147.3764,-26.13813],[147.37073,-26.13958],[147.36503,-26.14332],[147.35934,-26.15559],[147.36034,-26.16406],[147.35941,-26.17315],[147.36996,-26.18105],[147.37092,-26.18299],[147.36897,-26.18618],[147.36687,-26.19265],[147.3676,-26.19439],[147.35936,-26.21531],[147.35581,-26.23882],[147.37913,-26.24141],[147.3733,-26.28694],[147.34386,-26.28291],[147.32993,-26.37112],[147.32108,-26.43587],[147.31772,-26.4351],[147.31755,-26.43601],[147.30501,-26.52753],[147.23096,-26.51915],[147.21632,-26.52775],[147.20986,-26.5738],[147.24259,-26.57749],[147.24632,-26.5811],[147.24905,-26.59517],[147.24442,-26.60205],[147.23838,-26.64529],[147.23762,-26.69944],[147.22141,-26.743],[147.21979,-26.87457],[147.20579,-26.96745],[147.06436,-26.95637],[147.05759,-27.0006],[147.0492,-27.01122],[147.03842,-27.08384],[147.03142,-27.08291],[147.03017,-27.09227],[147.09665,-27.09977],[147.0871,-27.17112],[147.0816,-27.17055],[147.06411,-27.24478],[147.04724,-27.36556],[147.04375,-27.40638],[147.04977,-27.40713],[147.03994,-27.47533],[147.05268,-27.47613],[147.06144,-27.5445],[147.06451,-27.5572],[147.06327,-27.56611],[147.14291,-27.5749],[147.121,-27.71337],[147.11672,-27.75532],[147.11718,-27.76144],[147.10809,-27.81783],[147.11795,-27.8574],[147.10972,-27.89586],[147.12424,-27.89804],[147.11956,-27.9282],[147.10846,-27.97321],[147.10497,-27.99477],[147.06856,-27.99091],[146.99017,-27.98989],[146.94914,-28.26301],[146.93208,-28.26074],[146.92625,-28.28219],[146.91569,-28.35407],[146.96788,-28.36018],[146.96004,-28.41292],[146.96511,-28.41417],[146.96023,-28.43942],[146.9634,-28.50615],[146.95773,-28.53639],[146.93786,-28.55953],[146.92792,-28.62981],[146.93841,-28.63103],[146.92518,-28.72407],[146.89236,-28.72146],[146.88477,-28.76739],[146.86775,-28.83131],[146.86329,-28.85428],[146.95269,-28.86146],[146.93567,-28.99125],[146.9417,-28.99711],[146.94501,-28.99823],[146.94501,-28.99913]]]},"properties":{"District Name":"Roma","DDMG Name":"Roma","Police Region Name":"Southern Region","Police Region Code":"SR","Police Region Short Name":"Southern"}},{"type":"Feature","geometry":{"type":"Polygon","coordinates":[[[150.70267,-27.93452],[150.70269,-27.93452],[150.7085,-27.93403],[150.70905,-27.93837],[150.72373,-27.94041],[150.73504,-27.94848],[150.73564,-27.97101],[150.74201,-27.97556],[150.75093,-27.96979],[150.75918,-27.97683],[150.76059,-27.98325],[150.76726,-27.98417],[150.79509,-27.99254],[150.79649,-28.00425],[150.80516,-28.01486],[150.83212,-28.03055],[150.82668,-28.03911],[150.82556,-28.05418],[150.83642,-28.06514],[150.85191,-28.05978],[150.85623,-28.06962],[151.0557,-28.09397],[151.05711,-28.10053],[151.05528,-28.10821],[151.05361,-28.10999],[151.05247,-28.11547],[151.05001,-28.11663],[151.0492,-28.124],[151.04461,-28.1313],[151.03989,-28.13466],[151.03757,-28.14123],[151.04268,-28.15849],[151.04117,-28.16131],[151.04669,-28.16713],[151.05436,-28.16232],[151.05821,-28.16286],[151.05973,-28.16188],[151.06205,-28.1634],[151.0918,-28.16755],[151.09072,-28.17443],[151.12552,-28.17648],[151.13377,-28.17197],[151.14022,-28.17273],[151.14346,-28.16941],[151.17326,-28.16703],[151.17056,-28.18196],[151.18521,-28.18378],[151.18497,-28.18161],[151.19045,-28.17996],[151.1943,-28.17558],[151.19686,-28.1763],[151.19714,-28.17914],[151.19915,-28.1778],[151.20286,-28.17837],[151.20697,-28.17741],[151.20588,-28.18353],[151.27323,-28.19238],[151.28058,-28.18431],[151.28793,-28.18111],[151.29753,-28.18301],[151.30023,-28.18058],[151.30237,-28.1802],[151.30651,-28.17594],[151.30681,-28.17393],[151.30945,-28.17231],[151.31178,-28.17329],[151.3201,-28.17261],[151.32138,-28.17378],[151.32052,-28.17535],[151.32111,-28.17769],[151.32423,-28.17761],[151.32813,-28.17946],[151.33023,-28.17839],[151.33367,-28.17938],[151.33622,-28.17805],[151.33771,-28.17879],[151.34009,-28.17807],[151.34237,-28.17675],[151.34502,-28.17133],[151.34698,-28.16985],[151.35109,-28.16932],[151.35287,-28.1676],[151.36062,-28.16539],[151.3647,-28.16061],[151.36597,-28.15631],[151.37371,-28.1557],[151.37643,-28.15414],[151.3813,-28.1575],[151.39178,-28.16021],[151.39697,-28.16737],[151.40207,-28.16288],[151.40999,-28.16313],[151.41456,-28.15899],[151.41866,-28.15833],[151.42339,-28.15579],[151.43727,-28.1541],[151.44113,-28.15168],[151.43933,-28.13593],[151.44465,-28.12225],[151.44374,-28.12119],[151.44673,-28.11648],[151.44291,-28.1114],[151.44568,-28.10495],[151.45252,-28.10446],[151.46002,-28.10703],[151.46382,-28.09361],[151.46608,-28.09138],[151.4733,-28.08769],[151.49561,-28.08991],[151.50683,-28.01582],[151.53633,-28.0194],[151.54353,-27.97408],[151.61559,-27.98349],[151.66301,-27.98785],[151.69337,-27.99193],[151.69415,-27.99109],[151.72177,-27.99419],[151.7221,-27.99187],[151.72737,-27.99441],[151.74833,-27.9988],[151.75205,-28.00159],[151.75311,-28.00412],[151.75739,-28.00559],[151.76029,-28.00356],[151.76478,-28.00285],[151.76495,-28.008],[151.76621,-28.00885],[151.76575,-28.00757],[151.76692,-28.00756],[151.76796,-28.0085],[151.76642,-28.01056],[151.76894,-28.01174],[151.77001,-28.01121],[151.77022,-28.01361],[151.77297,-28.016],[151.77741,-28.02301],[151.79028,-28.01459],[151.78503,-28.01],[151.7923,-28.00034],[151.79697,-27.99995],[151.79803,-28.00236],[151.80054,-28.00217],[151.80608,-28.00584],[151.80768,-27.99699],[151.91693,-28.01213],[151.91716,-28.00851],[151.90719,-27.99167],[151.90908,-27.98509],[151.91887,-27.98989],[151.92178,-27.97335],[151.97344,-27.98043],[151.97596,-27.96786],[151.99857,-27.97098],[151.99478,-27.95921],[152.02397,-27.96313],[152.02546,-27.95452],[152.07444,-27.96129],[152.08225,-27.95889],[152.09045,-27.95404],[152.09799,-27.94709],[152.09804,-27.94456],[152.10677,-27.93968],[152.13921,-27.94412],[152.1402,-27.94621],[152.14311,-27.94785],[152.14339,-27.95156],[152.14016,-27.95378],[152.13978,-27.95831],[152.14635,-27.96299],[152.1478,-27.96669],[152.15446,-27.96638],[152.15892,-27.96775],[152.16478,-27.96788],[152.16853,-27.96596],[152.18966,-27.96481],[152.19449,-27.96151],[152.19982,-27.96434],[152.20787,-27.96467],[152.20968,-27.95409],[152.22173,-27.95746],[152.22504,-27.95648],[152.23143,-27.95754],[152.23599,-27.95966],[152.24154,-27.96064],[152.25249,-27.96688],[152.25854,-27.97238],[152.26908,-27.97013],[152.27015,-27.96845],[152.27718,-27.96973],[152.28075,-27.96636],[152.28444,-27.96598],[152.28634,-27.96303],[152.29382,-27.96121],[152.29303,-27.95667],[152.29379,-27.95617],[152.29654,-27.95625],[152.29791,-27.95629],[152.29887,-27.95632],[152.30826,-27.96279],[152.31626,-27.96567],[152.32186,-27.96467],[152.32743,-27.96648],[152.33428,-27.96475],[152.34306,-27.96086],[152.34744,-27.96523],[152.34959,-27.96404],[152.35252,-27.96449],[152.35707,-27.96217],[152.36345,-27.96226],[152.37125,-27.96424],[152.37384,-27.96373],[152.37971,-27.96603],[152.38228,-27.96563],[152.38906,-27.97412],[152.39469,-27.97752],[152.40068,-27.97267],[152.40145,-27.97205],[152.40174,-27.97182],[152.40132,-27.96774],[152.40286,-27.96206],[152.40216,-27.95914],[152.40505,-27.95368],[152.40824,-27.95219],[152.41129,-27.94784],[152.41587,-27.94463],[152.41486,-27.94045],[152.41318,-27.93893],[152.41273,-27.93541],[152.41049,-27.93424],[152.41245,-27.93076],[152.4111,-27.9303],[152.4106,-27.92676],[152.40852,-27.92321],[152.4091,-27.91953],[152.40562,-27.9191],[152.40477,-27.91425],[152.40406,-27.90575],[152.40485,-27.90432],[152.41116,-27.90128],[152.41167,-27.89804],[152.41011,-27.89588],[152.41132,-27.89156],[152.41022,-27.88705],[152.41157,-27.88335],[152.40665,-27.87775],[152.40592,-27.87597],[152.40529,-27.87123],[152.40175,-27.86655],[152.40227,-27.86369],[152.40262,-27.86077],[152.40093,-27.85668],[152.40144,-27.85318],[152.4012,-27.85244],[152.39949,-27.84727],[152.39998,-27.8446],[152.39905,-27.84447],[152.39843,-27.84006],[152.39484,-27.83428],[152.39487,-27.83089],[152.39932,-27.82736],[152.40072,-27.82475],[152.39949,-27.82008],[152.39866,-27.81862],[152.39195,-27.81769],[152.39335,-27.80974],[152.38491,-27.80849],[152.38508,-27.80754],[152.38272,-27.80721],[152.38333,-27.80365],[152.38566,-27.80399],[152.38583,-27.80306],[152.40705,-27.80551],[152.40876,-27.79612],[152.40259,-27.79528],[152.40366,-27.7896],[152.3954,-27.78192],[152.38923,-27.76976],[152.39187,-27.75684],[152.39564,-27.76135],[152.40201,-27.76288],[152.41013,-27.7208],[152.40677,-27.72031],[152.40906,-27.70776],[152.41225,-27.70821],[152.4135,-27.70094],[152.39065,-27.69777],[152.39159,-27.69088],[152.3954,-27.6869],[152.40301,-27.68504],[152.41117,-27.68141],[152.41207,-27.67714],[152.4135,-27.67609],[152.41261,-27.67508],[152.41296,-27.67293],[152.4147,-27.67316],[152.41576,-27.66714],[152.41913,-27.66853],[152.42264,-27.66367],[152.41253,-27.66139],[152.41323,-27.65731],[152.41838,-27.65792],[152.42029,-27.65536],[152.42079,-27.65222],[152.4226,-27.65444],[152.43079,-27.65684],[152.43312,-27.65564],[152.43034,-27.65304],[152.43061,-27.65185],[152.43464,-27.65061],[152.43698,-27.6519],[152.43976,-27.65003],[152.44157,-27.65367],[152.44524,-27.65428],[152.44807,-27.65609],[152.44936,-27.65544],[152.44965,-27.65357],[152.45127,-27.65345],[152.45413,-27.65731],[152.45468,-27.66093],[152.45787,-27.66281],[152.45925,-27.65383],[152.46274,-27.6543],[152.46365,-27.65001],[152.46533,-27.64848],[152.46365,-27.64342],[152.4699,-27.63816],[152.47,-27.63476],[152.47266,-27.62729],[152.47908,-27.61959],[152.48185,-27.61246],[152.48487,-27.61052],[152.4872,-27.60735],[152.48758,-27.60641],[152.48625,-27.60568],[152.48852,-27.60453],[152.48788,-27.60344],[152.50444,-27.59592],[152.49701,-27.58295],[152.50309,-27.58025],[152.50779,-27.58111],[152.50933,-27.57254],[152.51247,-27.5744],[152.51494,-27.55966],[152.51737,-27.55998],[152.51866,-27.55202],[152.50063,-27.55067],[152.49225,-27.55197],[152.49931,-27.51167],[152.474,-27.50788],[152.47765,-27.49627],[152.47213,-27.48678],[152.47877,-27.4837],[152.47911,-27.48185],[152.47732,-27.47883],[152.47304,-27.47391],[152.46593,-27.46863],[152.46365,-27.46783],[152.4612,-27.46883],[152.4576,-27.46447],[152.45181,-27.46376],[152.45123,-27.46752],[152.44455,-27.46357],[152.44538,-27.45906],[152.43587,-27.45787],[152.4369,-27.45101],[152.435,-27.44536],[152.43564,-27.44008],[152.40912,-27.43662],[152.41338,-27.43481],[152.41414,-27.43023],[152.39953,-27.42843],[152.40161,-27.41502],[152.39071,-27.4122],[152.3794,-27.40443],[152.37337,-27.40199],[152.36786,-27.40128],[152.36465,-27.40216],[152.34384,-27.39934],[152.3427,-27.40206],[152.31546,-27.39866],[152.31035,-27.42932],[152.30403,-27.42563],[152.29426,-27.42734],[152.29131,-27.4002],[152.28309,-27.40151],[152.28183,-27.40451],[152.27911,-27.40715],[152.27876,-27.40944],[152.27722,-27.40926],[152.26705,-27.41549],[152.26287,-27.41614],[152.25913,-27.41247],[152.2599,-27.41077],[152.25818,-27.40904],[152.26097,-27.39261],[152.22759,-27.38814],[152.22731,-27.38977],[152.22645,-27.38865],[152.22111,-27.39045],[152.21791,-27.39005],[152.21592,-27.38835],[152.21477,-27.39066],[152.21246,-27.39068],[152.20874,-27.39011],[152.2018,-27.38647],[152.19282,-27.38523],[152.19172,-27.38685],[152.19101,-27.38162],[152.19309,-27.38165],[152.19321,-27.38009],[152.19824,-27.37794],[152.20149,-27.35969],[152.19143,-27.36612],[152.19228,-27.36062],[152.19353,-27.35906],[152.19253,-27.35893],[152.19597,-27.34083],[152.19928,-27.34124],[152.20016,-27.33285],[152.19947,-27.33275],[152.20147,-27.32201],[152.19011,-27.3203],[152.1932,-27.31486],[152.19194,-27.31127],[152.19607,-27.30755],[152.19814,-27.30866],[152.19983,-27.30728],[152.20069,-27.301],[152.20222,-27.30088],[152.2037,-27.29858],[152.20227,-27.29719],[152.2028,-27.29541],[152.20443,-27.29412],[152.20368,-27.29331],[152.20619,-27.29205],[152.20133,-27.29068],[152.20157,-27.28934],[152.19912,-27.28801],[152.19965,-27.28489],[152.19637,-27.28289],[152.1963,-27.27893],[152.19442,-27.27512],[152.19644,-27.27216],[152.18408,-27.27047],[152.18274,-27.2712],[152.18278,-27.27358],[152.18055,-27.27554],[152.18076,-27.27696],[152.17715,-27.27884],[152.17321,-27.28473],[152.17041,-27.28669],[152.16613,-27.28701],[152.16393,-27.28917],[152.16225,-27.28819],[152.16142,-27.28592],[152.16235,-27.28229],[152.1601,-27.27986],[152.15908,-27.27679],[152.15711,-27.27674],[152.15417,-27.27482],[152.15195,-27.26936],[152.15485,-27.26701],[152.15826,-27.25928],[152.16249,-27.25658],[152.1708,-27.25867],[152.17463,-27.26295],[152.17698,-27.26377],[152.17871,-27.26055],[152.17623,-27.25664],[152.17163,-27.25549],[152.17239,-27.2538],[152.18093,-27.25196],[152.18873,-27.25485],[152.19094,-27.24199],[152.20105,-27.24332],[152.20145,-27.24011],[152.20405,-27.23935],[152.20869,-27.23559],[152.21853,-27.23272],[152.22214,-27.22895],[152.22559,-27.22886],[152.22981,-27.22415],[152.23307,-27.22235],[152.23623,-27.20351],[152.22046,-27.20131],[152.21508,-27.20895],[152.18002,-27.20505],[152.1774,-27.20811],[152.17351,-27.20839],[152.17471,-27.21016],[152.17324,-27.21131],[152.16683,-27.21009],[152.16594,-27.20697],[152.159,-27.206],[152.16165,-27.18885],[152.16962,-27.18708],[152.17339,-27.18188],[152.18027,-27.18028],[152.18134,-27.17844],[152.18551,-27.17616],[152.18628,-27.17205],[152.18851,-27.16903],[152.13411,-27.14156],[152.14084,-27.13321],[152.14118,-27.13172],[152.14033,-27.1316],[152.14168,-27.13006],[152.14189,-27.12655],[152.14354,-27.12675],[152.14392,-27.12373],[152.14848,-27.1219],[152.14807,-27.11941],[152.15111,-27.11831],[152.15388,-27.11884],[152.15196,-27.11722],[152.15358,-27.11619],[152.15362,-27.11311],[152.15614,-27.11356],[152.15789,-27.11178],[152.15743,-27.10926],[152.16365,-27.10718],[152.16798,-27.10299],[152.16996,-27.10257],[152.16998,-27.10019],[152.17278,-27.09935],[152.17485,-27.09735],[152.17709,-27.09733],[152.17731,-27.09597],[152.17523,-27.09516],[152.17504,-27.09395],[152.17762,-27.09297],[152.17716,-27.09027],[152.17895,-27.09096],[152.18231,-27.09007],[152.17983,-27.08642],[152.18125,-27.08612],[152.18525,-27.0614],[152.19132,-27.07234],[152.21459,-27.07512],[152.21608,-27.07773],[152.21818,-27.07791],[152.21868,-27.07795],[152.21905,-27.07572],[152.21453,-27.07219],[152.2145,-27.06949],[152.21594,-27.06827],[152.21876,-27.06865],[152.22249,-27.06619],[152.21951,-27.06288],[152.21953,-27.06152],[152.22077,-27.06165],[152.22189,-27.06361],[152.2243,-27.06385],[152.22697,-27.06276],[152.22739,-27.06099],[152.19493,-27.05657],[152.19915,-27.02781],[152.19234,-27.02709],[152.19296,-27.02298],[152.21893,-27.0263],[152.22012,-27.02561],[152.22105,-27.02237],[152.21769,-27.0184],[152.21463,-27.01886],[152.20535,-27.01447],[152.19864,-27.0136],[152.19813,-27.00822],[152.18651,-27.00666],[152.18863,-26.99398],[152.17483,-26.99216],[152.17295,-26.98869],[152.17994,-26.98674],[152.18295,-26.98462],[152.18494,-26.98531],[152.18367,-26.98314],[152.1794,-26.98435],[152.17471,-26.98229],[152.17729,-26.98037],[152.18195,-26.98078],[152.18349,-26.97887],[152.18358,-26.97876],[152.18322,-26.97831],[152.18268,-26.97763],[152.18255,-26.97747],[152.1803,-26.97646],[152.17898,-26.97587],[152.17885,-26.97581],[152.17513,-26.97624],[152.17218,-26.9788],[152.16908,-26.97944],[152.16851,-26.97776],[152.16975,-26.97287],[152.16796,-26.96873],[152.16628,-26.96868],[152.16476,-26.97267],[152.15601,-26.96901],[152.15145,-26.97109],[152.1496,-26.97038],[152.15078,-26.96748],[152.15033,-26.96585],[152.13514,-26.96358],[152.13127,-26.96151],[152.12977,-26.95524],[152.12773,-26.95427],[152.12668,-26.95452],[152.12581,-26.95432],[152.12799,-26.95052],[152.12806,-26.94433],[152.13516,-26.93522],[152.13866,-26.93274],[152.13931,-26.93064],[152.14231,-26.93012],[152.14538,-26.92631],[152.14323,-26.92582],[152.14389,-26.92116],[152.14333,-26.91907],[152.14377,-26.91079],[152.14702,-26.90861],[152.14675,-26.90681],[152.14982,-26.90444],[152.1471,-26.89888],[152.14309,-26.90045],[152.14123,-26.89764],[152.13796,-26.90007],[152.13795,-26.89967],[152.13784,-26.90003],[152.13585,-26.90612],[152.12489,-26.90025],[152.1213,-26.89999],[152.11992,-26.90189],[152.11451,-26.90353],[152.10801,-26.90315],[152.10234,-26.91107],[152.09253,-26.91386],[152.09169,-26.91619],[152.08807,-26.91709],[152.08858,-26.91893],[152.08093,-26.92199],[152.07968,-26.92081],[152.07773,-26.92388],[152.07111,-26.92712],[152.06444,-26.92667],[152.05778,-26.92027],[152.05108,-26.91898],[152.05103,-26.91897],[152.05303,-26.9107],[152.05733,-26.90977],[152.05888,-26.9049],[152.06254,-26.90378],[152.06384,-26.90059],[152.06774,-26.89835],[152.06693,-26.88869],[152.06798,-26.88388],[152.06715,-26.88137],[152.06511,-26.88081],[152.06291,-26.87665],[152.06651,-26.87407],[152.06858,-26.87102],[152.06855,-26.86877],[152.07614,-26.86084],[152.05569,-26.85844],[152.05399,-26.85747],[152.05272,-26.85477],[152.0497,-26.8544],[152.04669,-26.85628],[152.04182,-26.85493],[152.03798,-26.85754],[152.03481,-26.85553],[152.03351,-26.85023],[152.03545,-26.84865],[152.04066,-26.84917],[152.04221,-26.84379],[152.04889,-26.84516],[152.05305,-26.84153],[152.05373,-26.8412],[152.05465,-26.84074],[152.05881,-26.83868],[152.06169,-26.83532],[152.06231,-26.83435],[152.06208,-26.83334],[152.06011,-26.82914],[152.05956,-26.82798],[152.05942,-26.82767],[152.06247,-26.82426],[152.06376,-26.82031],[152.0685,-26.81946],[152.07047,-26.8219],[152.07254,-26.81872],[152.07343,-26.81465],[152.07216,-26.81107],[152.07032,-26.80919],[152.06688,-26.80915],[152.06616,-26.80831],[152.06529,-26.80729],[152.06421,-26.80604],[152.06409,-26.80546],[152.0637,-26.8037],[152.06349,-26.8027],[152.05965,-26.79912],[152.06393,-26.79727],[152.06326,-26.79265],[152.06547,-26.78779],[152.06388,-26.77852],[152.05168,-26.77711],[152.05311,-26.7669],[152.04773,-26.76972],[152.04654,-26.77396],[152.03934,-26.77402],[152.03515,-26.77824],[152.03302,-26.77756],[152.03218,-26.78273],[152.02017,-26.78114],[152.02055,-26.77898],[152.01858,-26.77817],[152.01578,-26.77919],[152.0077,-26.76941],[151.99779,-26.77592],[151.9966,-26.78307],[151.98865,-26.78356],[151.98661,-26.78233],[151.97929,-26.78655],[151.97745,-26.79814],[151.97459,-26.79774],[151.97345,-26.80591],[151.93311,-26.80139],[151.92576,-26.81049],[151.92563,-26.81539],[151.92199,-26.8218],[151.91894,-26.82298],[151.91588,-26.82736],[151.90586,-26.83156],[151.90651,-26.83191],[151.90193,-26.83712],[151.90211,-26.8416],[151.89809,-26.84623],[151.89861,-26.84915],[151.89695,-26.85112],[151.89864,-26.8553],[151.89677,-26.86622],[151.89271,-26.86802],[151.88765,-26.87335],[151.88611,-26.8777],[151.88649,-26.87937],[151.84318,-26.89767],[151.84259,-26.90309],[151.84258,-26.9032],[151.838,-26.90684],[151.83377,-26.91292],[151.83371,-26.91301],[151.82455,-26.91995],[151.81911,-26.9282],[151.81896,-26.92843],[151.81184,-26.93203],[151.80864,-26.93092],[151.80184,-26.9352],[151.79288,-26.93062],[151.78578,-26.93796],[151.78151,-26.94029],[151.7587,-26.94737],[151.75264,-26.94779],[151.74561,-26.94553],[151.73784,-26.94701],[151.73235,-26.94428],[151.72509,-26.94793],[151.724,-26.94779],[151.72242,-26.9476],[151.72203,-26.94755],[151.71363,-26.94437],[151.70497,-26.93847],[151.70006,-26.9386],[151.69483,-26.93238],[151.69189,-26.93172],[151.6895,-26.92662],[151.68164,-26.92183],[151.67818,-26.92214],[151.67413,-26.92009],[151.67321,-26.91817],[151.66999,-26.91675],[151.66621,-26.91057],[151.66424,-26.91019],[151.65962,-26.91397],[151.65278,-26.91498],[151.65197,-26.9151],[151.64981,-26.91385],[151.64783,-26.9131],[151.64667,-26.9196],[151.65474,-26.92556],[151.65468,-26.92728],[151.65753,-26.93037],[151.66056,-26.93042],[151.66412,-26.93615],[151.66932,-26.93835],[151.6706,-26.95418],[151.6745,-26.95837],[151.66217,-26.97945],[151.66142,-26.98423],[151.66441,-26.99002],[151.6569,-26.9932],[151.63841,-26.9967],[151.63683,-27.00368],[151.62755,-27.0025],[151.62307,-27.03012],[151.60816,-27.02815],[151.6032,-27.03072],[151.60092,-27.0305],[151.59676,-27.058],[151.5813,-27.05589],[151.57618,-27.08776],[151.57847,-27.08809],[151.57639,-27.09983],[151.56942,-27.09896],[151.56769,-27.11021],[151.57095,-27.11066],[151.56961,-27.11829],[151.54623,-27.11529],[151.53967,-27.12173],[151.52654,-27.11949],[151.52559,-27.12554],[151.4969,-27.12193],[151.49621,-27.12632],[151.48135,-27.12436],[151.48316,-27.11331],[151.46495,-27.1109],[151.4642,-27.12072],[151.46617,-27.1221],[151.4705,-27.13903],[151.46844,-27.13876],[151.4671,-27.14701],[151.45815,-27.14584],[151.45276,-27.17871],[151.45048,-27.17922],[151.45422,-27.18043],[151.45027,-27.20133],[151.46026,-27.20273],[151.45356,-27.24189],[151.45652,-27.24227],[151.45056,-27.27884],[151.3377,-27.20779],[151.32326,-27.29727],[151.32081,-27.31165],[151.32011,-27.31155],[151.31773,-27.33157],[151.31273,-27.33094],[151.30839,-27.4136],[151.30807,-27.41356],[151.1928,-27.39889],[151.19751,-27.3841],[151.17799,-27.38174],[151.16594,-27.38385],[151.11274,-27.37723],[151.10804,-27.37896],[151.08777,-27.37642],[151.07628,-27.45109],[151.07626,-27.47162],[151.07727,-27.48104],[151.0818,-27.49306],[151.0832,-27.49325],[151.07739,-27.52776],[151.08438,-27.53534],[151.08122,-27.54963],[151.07525,-27.55457],[151.07514,-27.56055],[151.07176,-27.56373],[151.0765,-27.57186],[151.04769,-27.58373],[151.04109,-27.5793],[151.01034,-27.57502],[151.00708,-27.57713],[150.98421,-27.57921],[150.97322,-27.58167],[150.96503,-27.57883],[150.92714,-27.57195],[150.92733,-27.53399],[150.86766,-27.5459],[150.83447,-27.50753],[150.82524,-27.51056],[150.81542,-27.52287],[150.80545,-27.54051],[150.79289,-27.55374],[150.78882,-27.5647],[150.78237,-27.5753],[150.7827,-27.57657],[150.77064,-27.58034],[150.75673,-27.59935],[150.74648,-27.66382],[150.74722,-27.66391],[150.74384,-27.6852],[150.74438,-27.68635],[150.74357,-27.6869],[150.73984,-27.71052],[150.73765,-27.73897],[150.74055,-27.74294],[150.73953,-27.74937],[150.74091,-27.75101],[150.74051,-27.75353],[150.73846,-27.75603],[150.73226,-27.79475],[150.72529,-27.79316],[150.70267,-27.93452]]]},"properties":{"District Name":"Toowoomba","DDMG Name":"Toowoomba","Police Region Name":"Southern Region","Police Region Code":"SR","Police Region Short Name":"Southern"}},{"type":"Feature","geometry":{"type":"Polygon","coordinates":[[[149.44534,-28.07134],[149.43066,-28.06984],[149.40547,-28.22859],[149.32572,-28.21862],[149.32595,-28.21716],[149.18917,-28.19983],[149.18872,-28.20369],[149.14537,-28.19915],[149.1432,-28.2002],[149.07515,-28.19308],[149.07568,-28.18931],[149.04153,-28.18601],[148.9594,-28.28878],[148.9329,-28.48515],[148.93552,-28.48543],[148.93081,-28.52036],[148.9293,-28.5202],[148.92411,-28.55858],[148.93584,-28.55982],[148.92768,-28.62002],[148.92368,-28.62114],[148.91959,-28.65691],[148.98732,-28.66348],[148.97514,-28.75912],[148.99123,-28.76035],[148.98165,-28.8203],[149.01645,-28.86218],[149.04382,-28.89261],[149.0436,-28.89149],[149.04813,-28.88639],[149.05415,-28.89345],[149.0561,-28.89956],[149.05607,-28.89988],[149.05611,-28.90003],[149.06062,-28.89461],[149.05769,-28.8938],[149.05863,-28.89228],[149.06082,-28.89008],[149.06403,-28.88911],[149.06338,-28.88699],[149.06106,-28.88779],[149.05909,-28.88582],[149.05682,-28.88711],[149.05487,-28.88644],[149.05502,-28.88438],[149.05917,-28.87937],[149.06354,-28.87847],[149.06664,-28.87254],[149.06849,-28.87306],[149.07057,-28.87163],[149.07011,-28.87026],[149.07232,-28.86627],[149.07232,-28.86382],[149.07532,-28.85925],[149.08004,-28.85817],[149.07912,-28.85174],[149.08117,-28.84695],[149.08005,-28.84385],[149.08053,-28.842],[149.08233,-28.84313],[149.08611,-28.84199],[149.08685,-28.83838],[149.09022,-28.8372],[149.09338,-28.83364],[149.09626,-28.83433],[149.09678,-28.83156],[149.09915,-28.83416],[149.10102,-28.83239],[149.10269,-28.8334],[149.10322,-28.83859],[149.10905,-28.83316],[149.11193,-28.83426],[149.11318,-28.83203],[149.11285,-28.83081],[149.11108,-28.83122],[149.11191,-28.83002],[149.11538,-28.83118],[149.11925,-28.82947],[149.11985,-28.83014],[149.11747,-28.83223],[149.11819,-28.83329],[149.12072,-28.8329],[149.12142,-28.83157],[149.12303,-28.83293],[149.12189,-28.8334],[149.12232,-28.83434],[149.12435,-28.83304],[149.1257,-28.83487],[149.12787,-28.83554],[149.1278,-28.83162],[149.13134,-28.83223],[149.132,-28.83157],[149.13048,-28.83051],[149.13105,-28.82941],[149.13895,-28.82795],[149.13855,-28.82561],[149.14256,-28.82417],[149.14352,-28.82234],[149.14028,-28.82196],[149.14165,-28.82044],[149.14327,-28.82117],[149.14455,-28.81892],[149.14405,-28.81824],[149.14215,-28.81907],[149.14283,-28.8175],[149.14185,-28.81505],[149.14086,-28.81506],[149.14073,-28.81622],[149.13892,-28.81568],[149.14052,-28.8142],[149.1382,-28.81251],[149.13958,-28.81223],[149.14027,-28.81031],[149.13855,-28.80866],[149.13957,-28.80673],[149.14178,-28.8069],[149.14299,-28.80562],[149.1446,-28.80676],[149.14273,-28.80818],[149.14447,-28.80777],[149.14565,-28.80946],[149.14703,-28.80845],[149.14617,-28.80631],[149.14832,-28.80577],[149.14814,-28.80851],[149.15108,-28.8074],[149.15397,-28.80811],[149.15471,-28.8095],[149.15852,-28.80909],[149.16002,-28.81085],[149.1614,-28.80827],[149.16053,-28.80712],[149.16245,-28.80587],[149.16324,-28.80592],[149.16289,-28.80712],[149.16658,-28.80876],[149.16671,-28.80708],[149.1694,-28.80804],[149.16996,-28.80645],[149.17176,-28.80624],[149.17564,-28.80249],[149.17919,-28.80303],[149.17958,-28.79867],[149.18168,-28.79836],[149.18178,-28.79685],[149.18358,-28.79698],[149.18314,-28.79462],[149.18684,-28.79405],[149.18694,-28.79226],[149.18399,-28.79051],[149.18696,-28.78631],[149.18609,-28.78201],[149.19039,-28.78197],[149.19237,-28.78074],[149.19115,-28.77843],[149.18841,-28.77706],[149.18862,-28.77511],[149.19359,-28.77392],[149.19355,-28.77163],[149.19454,-28.77093],[149.19756,-28.77108],[149.19806,-28.7699],[149.19995,-28.76949],[149.20228,-28.77057],[149.20494,-28.76858],[149.20748,-28.76942],[149.20649,-28.76671],[149.20728,-28.76571],[149.2102,-28.7684],[149.21208,-28.76644],[149.21188,-28.76502],[149.21397,-28.76546],[149.2142,-28.76342],[149.2158,-28.76407],[149.21616,-28.76295],[149.219,-28.76281],[149.21993,-28.76561],[149.22099,-28.76593],[149.22227,-28.76425],[149.22462,-28.76466],[149.22377,-28.76239],[149.2255,-28.76309],[149.22548,-28.76101],[149.22861,-28.76189],[149.22757,-28.761],[149.2277,-28.75904],[149.23033,-28.75828],[149.22867,-28.75757],[149.22857,-28.75507],[149.2306,-28.75647],[149.23179,-28.75563],[149.23042,-28.75069],[149.23236,-28.75166],[149.2328,-28.74895],[149.23314,-28.75007],[149.23428,-28.74958],[149.23636,-28.75076],[149.2366,-28.74855],[149.23801,-28.74774],[149.23941,-28.74879],[149.24056,-28.74632],[149.24319,-28.74713],[149.24075,-28.74564],[149.24464,-28.74325],[149.24365,-28.74177],[149.2456,-28.74158],[149.24535,-28.73896],[149.24823,-28.73879],[149.24727,-28.7398],[149.2494,-28.7416],[149.24966,-28.73991],[149.25108,-28.74044],[149.2519,-28.73965],[149.25204,-28.74114],[149.25358,-28.74224],[149.25463,-28.7384],[149.2573,-28.73954],[149.25672,-28.73754],[149.25993,-28.7355],[149.26137,-28.73567],[149.26209,-28.73412],[149.26312,-28.73457],[149.26194,-28.73544],[149.26385,-28.73562],[149.26305,-28.73661],[149.26459,-28.73891],[149.26311,-28.73887],[149.26294,-28.74019],[149.26535,-28.74013],[149.26633,-28.74326],[149.26932,-28.74326],[149.27095,-28.74082],[149.27296,-28.73993],[149.27287,-28.73764],[149.27389,-28.73717],[149.27345,-28.73604],[149.27219,-28.73701],[149.27116,-28.73653],[149.27069,-28.73451],[149.27188,-28.73324],[149.27555,-28.73345],[149.27726,-28.73163],[149.27777,-28.73331],[149.27901,-28.73368],[149.28045,-28.73066],[149.2808,-28.73187],[149.2827,-28.73195],[149.28252,-28.7333],[149.28572,-28.73188],[149.28566,-28.73076],[149.28446,-28.7311],[149.28273,-28.72961],[149.28341,-28.72867],[149.28241,-28.72806],[149.28492,-28.72533],[149.28715,-28.7268],[149.28783,-28.7252],[149.2866,-28.72174],[149.28839,-28.72093],[149.28931,-28.719],[149.2914,-28.71882],[149.2906,-28.71704],[149.29249,-28.71547],[149.29368,-28.71128],[149.29531,-28.71152],[149.29675,-28.70975],[149.30075,-28.7101],[149.30095,-28.70856],[149.30206,-28.70858],[149.30565,-28.71161],[149.30829,-28.7119],[149.30932,-28.71024],[149.31014,-28.71223],[149.31106,-28.71212],[149.31034,-28.71098],[149.31128,-28.71054],[149.31157,-28.71155],[149.31254,-28.71082],[149.31454,-28.71213],[149.31394,-28.71098],[149.31549,-28.71021],[149.31739,-28.71183],[149.31611,-28.71314],[149.31842,-28.7139],[149.31851,-28.71113],[149.32251,-28.70919],[149.31979,-28.70894],[149.31999,-28.70587],[149.32239,-28.70608],[149.32284,-28.70781],[149.32498,-28.7069],[149.32865,-28.70738],[149.32779,-28.70515],[149.33202,-28.7024],[149.32894,-28.69921],[149.33062,-28.69735],[149.33536,-28.69837],[149.34012,-28.69496],[149.3413,-28.69652],[149.3466,-28.69683],[149.34743,-28.69565],[149.34557,-28.69421],[149.34769,-28.69093],[149.34955,-28.69095],[149.35127,-28.69267],[149.35257,-28.6907],[149.35212,-28.68847],[149.35477,-28.68795],[149.35495,-28.68675],[149.35858,-28.68407],[149.36162,-28.68444],[149.36332,-28.68924],[149.36497,-28.6893],[149.36689,-28.6924],[149.36889,-28.69185],[149.36746,-28.6889],[149.36895,-28.68742],[149.37147,-28.68813],[149.37104,-28.6898],[149.37329,-28.68908],[149.37588,-28.69279],[149.37838,-28.69147],[149.37712,-28.6901],[149.37875,-28.68848],[149.37946,-28.69062],[149.38092,-28.68979],[149.38121,-28.69083],[149.38373,-28.69018],[149.38518,-28.69139],[149.38405,-28.69296],[149.38543,-28.69271],[149.38534,-28.69491],[149.38749,-28.69617],[149.388,-28.69428],[149.39156,-28.69138],[149.39395,-28.68657],[149.39412,-28.68414],[149.39281,-28.68226],[149.39434,-28.6803],[149.39382,-28.67749],[149.39642,-28.67769],[149.39896,-28.6747],[149.40187,-28.6762],[149.40538,-28.67541],[149.40566,-28.67443],[149.40431,-28.67343],[149.40649,-28.67297],[149.40933,-28.66966],[149.41426,-28.66709],[149.41357,-28.66502],[149.41071,-28.66754],[149.41029,-28.66675],[149.41144,-28.6658],[149.41019,-28.66393],[149.41297,-28.66227],[149.41615,-28.66288],[149.41753,-28.65985],[149.41601,-28.65827],[149.41706,-28.65466],[149.42114,-28.65622],[149.42335,-28.65512],[149.42297,-28.65365],[149.41893,-28.65398],[149.41682,-28.65133],[149.42284,-28.64956],[149.4253,-28.65061],[149.42631,-28.64953],[149.42566,-28.64698],[149.42853,-28.64692],[149.42752,-28.64485],[149.42824,-28.64351],[149.43086,-28.64315],[149.42906,-28.64066],[149.42926,-28.63953],[149.43098,-28.64007],[149.42964,-28.63765],[149.43275,-28.6376],[149.43099,-28.63634],[149.43309,-28.63486],[149.4285,-28.63173],[149.42975,-28.63039],[149.42818,-28.62942],[149.42971,-28.62845],[149.43015,-28.62619],[149.4328,-28.62807],[149.43264,-28.62643],[149.43503,-28.62643],[149.43551,-28.62486],[149.43798,-28.62443],[149.43807,-28.62268],[149.4431,-28.62021],[149.44301,-28.61938],[149.44,-28.61874],[149.44129,-28.61623],[149.43871,-28.61551],[149.43958,-28.61396],[149.43903,-28.61166],[149.44222,-28.60914],[149.44456,-28.609],[149.44338,-28.6074],[149.44399,-28.60625],[149.44677,-28.60637],[149.44775,-28.6047],[149.45055,-28.60536],[149.45181,-28.60421],[149.45221,-28.60021],[149.454,-28.59906],[149.45248,-28.59486],[149.45555,-28.59599],[149.4558,-28.5927],[149.4588,-28.59426],[149.46182,-28.59144],[149.4625,-28.5933],[149.46471,-28.59314],[149.46748,-28.59654],[149.46685,-28.59398],[149.46838,-28.59186],[149.4698,-28.59438],[149.47151,-28.59236],[149.47319,-28.59388],[149.47535,-28.59378],[149.47697,-28.59164],[149.47722,-28.58772],[149.47836,-28.58816],[149.47945,-28.5914],[149.48089,-28.58987],[149.48136,-28.58713],[149.48257,-28.58659],[149.48121,-28.58272],[149.48329,-28.58334],[149.48597,-28.58225],[149.48781,-28.58427],[149.49032,-28.58476],[149.49323,-28.58023],[149.49695,-28.57831],[149.49627,-28.58056],[149.4972,-28.58077],[149.49917,-28.57774],[149.50285,-28.58072],[149.50375,-28.57845],[149.5033,-28.57437],[149.50597,-28.57643],[149.50789,-28.57567],[149.51015,-28.57757],[149.5115,-28.57607],[149.51236,-28.57646],[149.5136,-28.57829],[149.51287,-28.57992],[149.51376,-28.58194],[149.51503,-28.58167],[149.51549,-28.57945],[149.51698,-28.58023],[149.51763,-28.579],[149.51877,-28.57925],[149.5183,-28.5801],[149.51953,-28.58135],[149.52195,-28.57924],[149.52514,-28.57955],[149.52739,-28.57771],[149.52624,-28.57572],[149.52945,-28.5744],[149.53232,-28.57708],[149.53459,-28.57647],[149.5358,-28.5745],[149.53683,-28.57644],[149.53787,-28.57499],[149.53935,-28.57494],[149.54244,-28.57528],[149.5436,-28.57702],[149.5449,-28.57568],[149.5478,-28.57706],[149.55032,-28.57688],[149.55285,-28.58091],[149.55371,-28.58004],[149.55291,-28.57761],[149.5576,-28.5799],[149.55872,-28.57889],[149.55768,-28.57667],[149.56009,-28.57622],[149.56226,-28.57411],[149.56311,-28.57521],[149.56448,-28.57494],[149.5656,-28.57256],[149.56717,-28.57402],[149.56837,-28.57159],[149.57238,-28.57191],[149.57401,-28.57411],[149.57629,-28.5725],[149.57756,-28.57394],[149.57975,-28.57264],[149.58442,-28.57463],[149.58724,-28.57338],[149.58999,-28.57584],[149.59408,-28.57651],[149.59601,-28.57941],[149.59762,-28.57886],[149.59833,-28.57985],[149.59925,-28.58318],[149.59694,-28.58414],[149.59774,-28.58889],[149.6007,-28.58721],[149.6023,-28.58779],[149.60329,-28.58605],[149.60597,-28.58775],[149.60331,-28.58904],[149.60606,-28.59189],[149.60657,-28.59397],[149.60507,-28.59546],[149.60492,-28.59766],[149.60591,-28.59832],[149.61031,-28.59742],[149.60948,-28.59952],[149.61096,-28.60109],[149.6158,-28.59868],[149.61863,-28.59888],[149.62009,-28.59781],[149.61968,-28.59618],[149.62271,-28.59481],[149.62426,-28.59522],[149.62544,-28.59356],[149.62717,-28.59627],[149.63067,-28.59525],[149.63094,-28.59816],[149.63236,-28.59616],[149.63338,-28.59673],[149.63487,-28.59545],[149.63468,-28.59755],[149.63618,-28.5983],[149.6359,-28.59955],[149.63772,-28.59974],[149.63963,-28.59819],[149.64062,-28.60057],[149.64209,-28.5992],[149.64198,-28.60031],[149.64544,-28.60392],[149.64581,-28.60632],[149.64466,-28.60754],[149.64603,-28.61028],[149.6478,-28.61063],[149.64756,-28.6123],[149.65097,-28.61381],[149.65367,-28.61336],[149.65632,-28.61593],[149.6566,-28.61433],[149.65788,-28.61464],[149.65898,-28.61312],[149.65755,-28.6116],[149.66009,-28.60952],[149.66179,-28.61043],[149.66433,-28.6134],[149.66349,-28.6142],[149.66463,-28.61575],[149.66349,-28.61764],[149.67101,-28.62114],[149.66932,-28.62247],[149.67034,-28.62366],[149.6732,-28.62392],[149.67284,-28.62675],[149.66831,-28.62636],[149.66835,-28.62823],[149.67093,-28.62733],[149.67158,-28.62862],[149.66954,-28.62919],[149.66941,-28.63068],[149.66616,-28.63071],[149.66673,-28.63213],[149.66991,-28.63307],[149.67266,-28.63072],[149.67161,-28.63256],[149.67262,-28.63395],[149.67417,-28.63174],[149.67513,-28.63247],[149.67684,-28.63141],[149.67705,-28.63385],[149.67845,-28.63503],[149.67881,-28.6327],[149.67991,-28.63434],[149.68174,-28.6339],[149.67999,-28.63322],[149.68056,-28.63062],[149.68335,-28.6315],[149.68536,-28.62948],[149.68663,-28.63249],[149.68798,-28.63283],[149.68782,-28.62942],[149.68947,-28.62839],[149.69047,-28.62924],[149.68884,-28.63044],[149.69044,-28.63091],[149.69112,-28.63432],[149.69304,-28.63206],[149.69449,-28.6336],[149.69605,-28.63118],[149.69842,-28.63332],[149.70011,-28.63035],[149.70112,-28.63107],[149.70028,-28.63316],[149.70397,-28.63391],[149.70676,-28.63031],[149.70505,-28.62962],[149.70716,-28.62749],[149.70661,-28.62664],[149.7042,-28.62764],[149.70335,-28.62543],[149.70621,-28.62583],[149.70556,-28.62267],[149.70724,-28.62279],[149.71021,-28.62038],[149.70742,-28.62009],[149.70592,-28.62191],[149.70349,-28.61945],[149.70403,-28.61667],[149.70591,-28.61799],[149.70711,-28.61476],[149.70983,-28.61305],[149.711,-28.61447],[149.71296,-28.61237],[149.71412,-28.61283],[149.71253,-28.61496],[149.71388,-28.61672],[149.71718,-28.61468],[149.71857,-28.61165],[149.72332,-28.61314],[149.72342,-28.61188],[149.72044,-28.6107],[149.72119,-28.60943],[149.72471,-28.60935],[149.72955,-28.61089],[149.72919,-28.61173],[149.72676,-28.61181],[149.7281,-28.61303],[149.72606,-28.61332],[149.72634,-28.61576],[149.72949,-28.61536],[149.73105,-28.61726],[149.73284,-28.61459],[149.73519,-28.61764],[149.73688,-28.61593],[149.73766,-28.61731],[149.73934,-28.61744],[149.74042,-28.61677],[149.73886,-28.61563],[149.73919,-28.61467],[149.74177,-28.61344],[149.74181,-28.6156],[149.74499,-28.61872],[149.74636,-28.61646],[149.74409,-28.61554],[149.74648,-28.61203],[149.7478,-28.61264],[149.74932,-28.61146],[149.75054,-28.61277],[149.75105,-28.61113],[149.75198,-28.61268],[149.7543,-28.61293],[149.75366,-28.61058],[149.75468,-28.60986],[149.75627,-28.60992],[149.75553,-28.61166],[149.75924,-28.61348],[149.75988,-28.61548],[149.76189,-28.61391],[149.76417,-28.6147],[149.765,-28.61308],[149.76776,-28.61449],[149.76775,-28.61134],[149.77066,-28.61306],[149.77094,-28.61448],[149.77258,-28.61452],[149.77382,-28.61213],[149.77145,-28.61139],[149.77248,-28.60925],[149.77495,-28.60997],[149.77567,-28.61329],[149.77723,-28.61321],[149.77767,-28.61123],[149.7798,-28.61019],[149.78087,-28.61252],[149.7834,-28.61232],[149.78376,-28.61443],[149.78649,-28.614],[149.78658,-28.61181],[149.79381,-28.61152],[149.79491,-28.6102],[149.79772,-28.61042],[149.80006,-28.60805],[149.80165,-28.60988],[149.80331,-28.60765],[149.80993,-28.60768],[149.81167,-28.60607],[149.8125,-28.60864],[149.81483,-28.60885],[149.81598,-28.6123],[149.81732,-28.61273],[149.81938,-28.61683],[149.82045,-28.61632],[149.81956,-28.61411],[149.82014,-28.61238],[149.82223,-28.61119],[149.82219,-28.60909],[149.82707,-28.60904],[149.82688,-28.60681],[149.82954,-28.60658],[149.83141,-28.60381],[149.83925,-28.60394],[149.84494,-28.61059],[149.85002,-28.60901],[149.85104,-28.60578],[149.85365,-28.60609],[149.85443,-28.60439],[149.86065,-28.60716],[149.86047,-28.60483],[149.86319,-28.605],[149.86213,-28.60242],[149.86663,-28.60394],[149.86638,-28.60535],[149.86796,-28.6075],[149.87088,-28.60551],[149.87207,-28.60739],[149.87243,-28.60452],[149.87412,-28.60352],[149.87485,-28.60741],[149.87746,-28.60882],[149.87748,-28.61199],[149.88219,-28.60982],[149.88233,-28.61372],[149.88375,-28.61234],[149.88651,-28.61436],[149.88649,-28.61251],[149.8905,-28.61269],[149.89116,-28.61414],[149.8867,-28.61517],[149.88955,-28.61893],[149.89071,-28.61921],[149.89379,-28.61597],[149.89495,-28.61883],[149.89745,-28.61929],[149.89738,-28.62162],[149.89964,-28.6222],[149.90028,-28.62176],[149.89935,-28.61967],[149.90352,-28.61991],[149.90572,-28.61839],[149.9036,-28.61723],[149.90315,-28.61557],[149.90522,-28.61525],[149.90596,-28.61339],[149.90698,-28.61485],[149.90813,-28.61439],[149.90951,-28.6123],[149.9086,-28.61046],[149.91162,-28.61002],[149.91226,-28.61077],[149.91436,-28.60938],[149.91632,-28.60961],[149.91733,-28.60814],[149.91845,-28.61011],[149.91938,-28.60957],[149.92156,-28.61061],[149.92501,-28.60901],[149.92491,-28.6114],[149.92702,-28.61062],[149.92966,-28.61345],[149.93055,-28.612],[149.93337,-28.61284],[149.93418,-28.61063],[149.93606,-28.61039],[149.93712,-28.61547],[149.94209,-28.61839],[149.94323,-28.61766],[149.94326,-28.61389],[149.94555,-28.61451],[149.94674,-28.61283],[149.94959,-28.61303],[149.94862,-28.61078],[149.95092,-28.60833],[149.95311,-28.60995],[149.95438,-28.60841],[149.95752,-28.60793],[149.95702,-28.61007],[149.96273,-28.61254],[149.96272,-28.6104],[149.96471,-28.61089],[149.96836,-28.60869],[149.97088,-28.61024],[149.97069,-28.60849],[149.97224,-28.60812],[149.97406,-28.60928],[149.97583,-28.61324],[149.97725,-28.61357],[149.97851,-28.60878],[149.98146,-28.6082],[149.98227,-28.6053],[149.98442,-28.60411],[149.98744,-28.605],[149.98505,-28.60257],[149.99343,-28.60026],[149.99497,-28.59391],[149.99855,-28.59551],[149.99936,-28.59374],[149.99853,-28.59141],[150.00292,-28.59281],[150.00328,-28.59181],[150.00118,-28.59038],[150.00471,-28.58868],[150.00528,-28.58676],[150.00614,-28.58693],[150.00651,-28.59026],[150.00808,-28.59136],[150.00989,-28.58994],[150.01156,-28.58531],[150.01522,-28.58568],[150.01293,-28.58357],[150.01725,-28.58335],[150.01536,-28.58055],[150.01807,-28.58018],[150.02186,-28.58271],[150.02424,-28.58194],[150.02542,-28.57959],[150.02687,-28.57902],[150.03062,-28.58028],[150.03092,-28.58138],[150.02977,-28.58224],[150.03102,-28.58378],[150.03417,-28.58342],[150.0362,-28.58616],[150.03858,-28.58319],[150.04008,-28.58308],[150.03937,-28.58531],[150.04049,-28.58619],[150.04312,-28.58436],[150.04335,-28.58217],[150.04569,-28.5823],[150.04611,-28.58358],[150.0442,-28.58649],[150.04883,-28.58944],[150.05117,-28.58528],[150.05654,-28.5865],[150.05542,-28.58449],[150.05737,-28.58385],[150.05717,-28.57986],[150.0581,-28.57898],[150.06382,-28.57751],[150.06504,-28.57919],[150.06637,-28.57771],[150.06836,-28.57841],[150.06904,-28.58111],[150.07027,-28.58024],[150.06968,-28.57824],[150.07263,-28.57664],[150.07222,-28.58011],[150.07473,-28.58003],[150.07481,-28.58143],[150.07698,-28.58349],[150.08004,-28.58428],[150.08264,-28.58245],[150.08234,-28.58161],[150.07979,-28.58172],[150.08089,-28.57746],[150.08523,-28.58091],[150.08738,-28.58038],[150.088,-28.57728],[150.08508,-28.57664],[150.08529,-28.57563],[150.09014,-28.57541],[150.08981,-28.57871],[150.09111,-28.57933],[150.09276,-28.57843],[150.09385,-28.57367],[150.09191,-28.57169],[150.09101,-28.56865],[150.09095,-28.56526],[150.09221,-28.56406],[150.09707,-28.56331],[150.10111,-28.56602],[150.10414,-28.56495],[150.10521,-28.56774],[150.11114,-28.57034],[150.11148,-28.56814],[150.11493,-28.56848],[150.11584,-28.56657],[150.1132,-28.56284],[150.11585,-28.56415],[150.11706,-28.56341],[150.11619,-28.56176],[150.12069,-28.56275],[150.12158,-28.55964],[150.12409,-28.56135],[150.12599,-28.56494],[150.12783,-28.56263],[150.13009,-28.56256],[150.12957,-28.56489],[150.13162,-28.56564],[150.13432,-28.56458],[150.13405,-28.56347],[150.13202,-28.56357],[150.13285,-28.56151],[150.13636,-28.56003],[150.13736,-28.56288],[150.1362,-28.56388],[150.13846,-28.56545],[150.13927,-28.56447],[150.13874,-28.5601],[150.14099,-28.56018],[150.14287,-28.56194],[150.14399,-28.56009],[150.14344,-28.55767],[150.14819,-28.55829],[150.14739,-28.55307],[150.15253,-28.55019],[150.1537,-28.55074],[150.1527,-28.55232],[150.15431,-28.55309],[150.15232,-28.55344],[150.15155,-28.55545],[150.15263,-28.55715],[150.15426,-28.55741],[150.15494,-28.55678],[150.15408,-28.55532],[150.15575,-28.55586],[150.15786,-28.55432],[150.15926,-28.55533],[150.16097,-28.55442],[150.16325,-28.55576],[150.16548,-28.55393],[150.16633,-28.55121],[150.16865,-28.5506],[150.16991,-28.55418],[150.1671,-28.55543],[150.16919,-28.55664],[150.17049,-28.56351],[150.17209,-28.56286],[150.17181,-28.55984],[150.17395,-28.55793],[150.17654,-28.55923],[150.18115,-28.55623],[150.18257,-28.55647],[150.18315,-28.55845],[150.18045,-28.56106],[150.18028,-28.56249],[150.17731,-28.56338],[150.18333,-28.56567],[150.18584,-28.56511],[150.18678,-28.56891],[150.18247,-28.56793],[150.18108,-28.56914],[150.18638,-28.57302],[150.18966,-28.57012],[150.18918,-28.56799],[150.19182,-28.56666],[150.19515,-28.56798],[150.19804,-28.56729],[150.202,-28.56996],[150.20233,-28.57246],[150.20355,-28.57325],[150.2082,-28.5726],[150.21259,-28.5743],[150.21365,-28.5729],[150.21244,-28.5683],[150.21373,-28.56724],[150.21553,-28.56717],[150.2178,-28.56878],[150.2195,-28.56665],[150.22663,-28.56865],[150.22845,-28.56776],[150.22934,-28.56519],[150.23372,-28.56078],[150.22977,-28.55878],[150.22994,-28.55573],[150.23203,-28.55615],[150.23625,-28.55986],[150.23858,-28.55998],[150.23929,-28.55767],[150.23543,-28.55569],[150.23562,-28.55393],[150.23952,-28.55418],[150.24231,-28.55244],[150.24397,-28.55477],[150.24847,-28.55263],[150.25385,-28.54644],[150.26127,-28.54487],[150.27025,-28.53958],[150.28211,-28.54281],[150.28797,-28.53778],[150.29136,-28.5373],[150.29578,-28.53966],[150.29704,-28.54407],[150.30053,-28.5485],[150.30925,-28.55063],[150.31317,-28.55537],[150.32016,-28.55696],[150.32309,-28.5666],[150.32787,-28.57111],[150.34163,-28.57499],[150.35057,-28.57506],[150.35113,-28.57621],[150.34908,-28.58115],[150.35153,-28.58674],[150.35491,-28.58927],[150.35894,-28.58989],[150.36283,-28.58907],[150.36359,-28.59125],[150.36282,-28.59675],[150.36823,-28.59828],[150.36694,-28.60341],[150.36376,-28.60564],[150.36331,-28.60738],[150.36415,-28.60879],[150.37031,-28.6105],[150.37051,-28.61169],[150.36857,-28.61344],[150.37015,-28.62114],[150.3746,-28.6229],[150.37961,-28.62715],[150.3867,-28.62603],[150.38709,-28.62768],[150.38483,-28.63165],[150.38752,-28.63381],[150.39168,-28.63403],[150.39689,-28.62897],[150.4016,-28.62718],[150.40415,-28.62924],[150.40445,-28.63098],[150.40885,-28.63402],[150.4124,-28.63345],[150.41481,-28.63424],[150.41588,-28.63553],[150.41581,-28.64542],[150.41489,-28.64695],[150.41204,-28.64782],[150.41289,-28.65043],[150.41603,-28.65226],[150.42089,-28.65023],[150.42558,-28.65106],[150.43285,-28.65572],[150.43718,-28.66145],[150.44216,-28.66429],[150.45303,-28.66595],[150.45668,-28.66355],[150.45814,-28.66827],[150.45927,-28.669],[150.46576,-28.66629],[150.47329,-28.6607],[150.47599,-28.66325],[150.48141,-28.66374],[150.48391,-28.6622],[150.48632,-28.65736],[150.4922,-28.65923],[150.49942,-28.65943],[150.50405,-28.66123],[150.51385,-28.66231],[150.51879,-28.66077],[150.5208,-28.65602],[150.52457,-28.65449],[150.52871,-28.65578],[150.53069,-28.65532],[150.53527,-28.65758],[150.53741,-28.6571],[150.53929,-28.66005],[150.53693,-28.66255],[150.5324,-28.66181],[150.52979,-28.6641],[150.52556,-28.66555],[150.52564,-28.66728],[150.52747,-28.66933],[150.53497,-28.67245],[150.53799,-28.6709],[150.54424,-28.67186],[150.5465,-28.67047],[150.55102,-28.6716],[150.55321,-28.66883],[150.55442,-28.66427],[150.54836,-28.65977],[150.54832,-28.65819],[150.5509,-28.65489],[150.5539,-28.65329],[150.55662,-28.65483],[150.55973,-28.66169],[150.56089,-28.6623],[150.56298,-28.66193],[150.56319,-28.66055],[150.5669,-28.65852],[150.56877,-28.65826],[150.57012,-28.65933],[150.57358,-28.65875],[150.57945,-28.65597],[150.58159,-28.65595],[150.59994,-28.66508],[150.60086,-28.66767],[150.59946,-28.66996],[150.60045,-28.67133],[150.61036,-28.67169],[150.61798,-28.674],[150.62039,-28.66906],[150.62539,-28.66905],[150.62682,-28.66996],[150.62688,-28.67292],[150.63223,-28.67709],[150.64152,-28.66536],[150.66481,-28.65655],[150.67021,-28.65384],[150.67342,-28.65046],[150.67618,-28.6521],[150.67605,-28.65575],[150.67885,-28.66018],[150.68137,-28.66167],[150.68411,-28.65931],[150.68789,-28.65818],[150.69201,-28.65389],[150.70137,-28.65536],[150.70955,-28.65216],[150.71037,-28.65064],[150.70889,-28.64767],[150.71027,-28.64551],[150.72424,-28.64097],[150.72665,-28.63887],[150.72707,-28.63781],[150.72565,-28.63684],[150.72728,-28.63556],[150.7441,-28.63455],[150.74586,-28.63571],[150.75126,-28.63425],[150.75286,-28.63562],[150.75437,-28.64009],[150.76715,-28.63846],[150.77203,-28.64477],[150.78249,-28.64553],[150.79633,-28.65613],[150.79827,-28.65579],[150.79923,-28.65397],[150.8045,-28.6537],[150.81483,-28.65767],[150.8186,-28.65755],[150.81898,-28.65985],[150.81635,-28.66249],[150.81877,-28.66669],[150.82852,-28.66719],[150.83468,-28.66921],[150.83929,-28.67251],[150.84349,-28.67208],[150.84905,-28.67372],[150.85194,-28.67771],[150.85219,-28.68019],[150.8635,-28.68826],[150.86845,-28.68584],[150.87005,-28.68626],[150.87407,-28.69439],[150.87717,-28.69355],[150.88025,-28.68905],[150.88443,-28.69049],[150.88442,-28.69503],[150.8859,-28.69584],[150.89093,-28.695],[150.89197,-28.69122],[150.89472,-28.68847],[150.9043,-28.68732],[150.90744,-28.68852],[150.91138,-28.6954],[150.91542,-28.69852],[150.91985,-28.7007],[150.92306,-28.69884],[150.92476,-28.69902],[150.93061,-28.70511],[150.93242,-28.71574],[150.9324,-28.72235],[150.93818,-28.72566],[150.93842,-28.73125],[150.94301,-28.72864],[150.94592,-28.72882],[150.9475,-28.73074],[150.94746,-28.7338],[150.95244,-28.7367],[150.95522,-28.73713],[150.95808,-28.73523],[150.96066,-28.73575],[150.96334,-28.73784],[150.97043,-28.73207],[150.97949,-28.73263],[150.98342,-28.73617],[150.98955,-28.73607],[150.99379,-28.73824],[150.99869,-28.73819],[151.00289,-28.7407],[151.00992,-28.74095],[151.012,-28.74452],[151.02457,-28.75306],[151.02661,-28.75615],[151.02822,-28.76197],[151.02916,-28.76842],[151.02853,-28.77053],[151.01957,-28.77133],[151.01859,-28.77311],[151.02336,-28.77584],[151.02582,-28.78196],[151.02595,-28.78852],[151.02409,-28.79348],[151.03328,-28.79393],[151.0377,-28.7976],[151.04109,-28.79763],[151.0427,-28.8016],[151.04146,-28.80407],[151.04089,-28.81012],[151.04226,-28.81576],[151.03759,-28.81844],[151.03657,-28.82569],[151.03725,-28.82788],[151.04299,-28.83308],[151.04268,-28.83524],[151.03922,-28.83653],[151.03892,-28.8383],[151.04346,-28.84004],[151.0444,-28.84389],[151.04688,-28.84535],[151.05025,-28.84355],[151.05302,-28.84492],[151.05346,-28.84646],[151.05158,-28.84872],[151.05369,-28.84982],[151.05884,-28.84625],[151.07149,-28.84491],[151.07217,-28.8407],[151.0782,-28.83805],[151.08266,-28.83451],[151.09041,-28.8353],[151.09684,-28.83839],[151.09963,-28.8365],[151.10333,-28.83658],[151.10449,-28.84407],[151.1058,-28.84476],[151.10705,-28.84263],[151.10862,-28.84273],[151.11408,-28.84787],[151.11535,-28.85053],[151.12515,-28.85056],[151.1319,-28.86006],[151.13979,-28.86309],[151.14357,-28.86015],[151.15162,-28.86544],[151.16107,-28.86538],[151.16282,-28.86714],[151.16303,-28.87033],[151.17085,-28.87709],[151.17299,-28.8803],[151.17844,-28.88045],[151.184,-28.87822],[151.19959,-28.88425],[151.20677,-28.89198],[151.20701,-28.89834],[151.21497,-28.9043],[151.22065,-28.90685],[151.22939,-28.9088],[151.2312,-28.90821],[151.23366,-28.90465],[151.23464,-28.9048],[151.23863,-28.9093],[151.24048,-28.91983],[151.24232,-28.92337],[151.25014,-28.92619],[151.25781,-28.93206],[151.26502,-28.93242],[151.26616,-28.93545],[151.27474,-28.93858],[151.27586,-28.94272],[151.28161,-28.94901],[151.28153,-28.95849],[151.27987,-28.96057],[151.28042,-28.96497],[151.27332,-28.9677],[151.27194,-28.97273],[151.28209,-28.98096],[151.28171,-28.98258],[151.27662,-28.98471],[151.27639,-28.98706],[151.27869,-28.99686],[151.28368,-29.00378],[151.28381,-29.01608],[151.28214,-29.01954],[151.27398,-29.02465],[151.27168,-29.03039],[151.27638,-29.03571],[151.28369,-29.03539],[151.28651,-29.03674],[151.28541,-29.03945],[151.28579,-29.0474],[151.29055,-29.0511],[151.28824,-29.05697],[151.28542,-29.05816],[151.28551,-29.06545],[151.28184,-29.0684],[151.27794,-29.0745],[151.27513,-29.07642],[151.27463,-29.08183],[151.27919,-29.08653],[151.27815,-29.09002],[151.27908,-29.09915],[151.28186,-29.10431],[151.28754,-29.10862],[151.29035,-29.11389],[151.29783,-29.1126],[151.30107,-29.11401],[151.30349,-29.11665],[151.30426,-29.12114],[151.31409,-29.13204],[151.31801,-29.13806],[151.31794,-29.13901],[151.31164,-29.14304],[151.30931,-29.14659],[151.30964,-29.15357],[151.31195,-29.15634],[151.31267,-29.16306],[151.3156,-29.16609],[151.32078,-29.1661],[151.32515,-29.1685],[151.33489,-29.17483],[151.33573,-29.17793],[151.33843,-29.17927],[151.34983,-29.17579],[151.3532,-29.17572],[151.35847,-29.17228],[151.36302,-29.17235],[151.36604,-29.17405],[151.37694,-29.1768],[151.38755,-29.17515],[151.39412,-29.17803],[151.40212,-29.17135],[151.40253,-29.16586],[151.40548,-29.16289],[151.40989,-29.15393],[151.4154,-29.15089],[151.41647,-29.14917],[151.42363,-29.14928],[151.42858,-29.14712],[151.43235,-29.14009],[151.44751,-29.13086],[151.45274,-29.12625],[151.45783,-29.11714],[151.46161,-29.10052],[151.46294,-29.09831],[151.47673,-29.0913],[151.48534,-29.08933],[151.48721,-29.08762],[151.49148,-29.07793],[151.49443,-29.07463],[151.49343,-29.07177],[151.49674,-29.07039],[151.4999,-29.07268],[151.50278,-29.06987],[151.50349,-29.06744],[151.50238,-29.06552],[151.49714,-29.06286],[151.49009,-29.05657],[151.49725,-29.04223],[151.49491,-29.03291],[151.49508,-29.0303],[151.49803,-29.0256],[151.4978,-29.02088],[151.50016,-29.01694],[151.50162,-29.01718],[151.50278,-29.0158],[151.50607,-29.00677],[151.50914,-29.00548],[151.51633,-28.99689],[151.52107,-28.9956],[151.52364,-28.989],[151.5317,-28.98541],[151.53421,-28.98148],[151.53729,-28.9798],[151.53589,-28.97508],[151.5381,-28.97133],[151.5418,-28.96872],[151.54453,-28.95895],[151.54475,-28.95559],[151.54387,-28.95456],[151.54483,-28.95329],[151.54811,-28.95295],[151.56671,-28.94184],[151.57205,-28.94473],[151.57508,-28.94355],[151.5769,-28.94505],[151.57894,-28.94412],[151.58249,-28.93943],[151.58403,-28.93927],[151.585,-28.93616],[151.58847,-28.93206],[151.60358,-28.92761],[151.60523,-28.92525],[151.60978,-28.92346],[151.6133,-28.92408],[151.61695,-28.92633],[151.62598,-28.92385],[151.63088,-28.92692],[151.63327,-28.9303],[151.63518,-28.92958],[151.63679,-28.92715],[151.63713,-28.92241],[151.64419,-28.91736],[151.64647,-28.91649],[151.65154,-28.91729],[151.65247,-28.91549],[151.65462,-28.9149],[151.66601,-28.90561],[151.67477,-28.90775],[151.67564,-28.90535],[151.67762,-28.90384],[151.67781,-28.90022],[151.68523,-28.8932],[151.68638,-28.88899],[151.68861,-28.88696],[151.68958,-28.88807],[151.69585,-28.88846],[151.69565,-28.88445],[151.69813,-28.88455],[151.70207,-28.88214],[151.7026,-28.87838],[151.70459,-28.87473],[151.70662,-28.87355],[151.70637,-28.87172],[151.71104,-28.87118],[151.71321,-28.87548],[151.71649,-28.87495],[151.72261,-28.87017],[151.72262,-28.86846],[151.72642,-28.86696],[151.72905,-28.86794],[151.7313,-28.87072],[151.73386,-28.87146],[151.73297,-28.87633],[151.73366,-28.8785],[151.73161,-28.88114],[151.73175,-28.88242],[151.73643,-28.89195],[151.73673,-28.89565],[151.74092,-28.89752],[151.73945,-28.90134],[151.74273,-28.9066],[151.74261,-28.90828],[151.74596,-28.91532],[151.74437,-28.9177],[151.74244,-28.9185],[151.75079,-28.92262],[151.75482,-28.92216],[151.75548,-28.92442],[151.75975,-28.92621],[151.75829,-28.93003],[151.76177,-28.93235],[151.76283,-28.9351],[151.76616,-28.93554],[151.77147,-28.93852],[151.77334,-28.93808],[151.77377,-28.94786],[151.77228,-28.94941],[151.77063,-28.95576],[151.7769,-28.959],[151.7774,-28.95717],[151.78281,-28.95396],[151.78634,-28.95294],[151.78926,-28.95343],[151.79343,-28.94947],[151.8069,-28.9453],[151.80878,-28.94585],[151.81073,-28.94888],[151.81028,-28.94978],[151.81462,-28.95061],[151.8151,-28.95381],[151.81175,-28.95573],[151.81331,-28.95981],[151.8179,-28.96184],[151.8238,-28.96233],[151.82574,-28.96397],[151.83066,-28.96175],[151.83555,-28.95677],[151.83673,-28.95051],[151.83598,-28.94841],[151.8399,-28.94278],[151.83983,-28.9395],[151.83652,-28.9367],[151.83515,-28.93208],[151.83633,-28.93107],[151.837,-28.92007],[151.83822,-28.91636],[151.84134,-28.91147],[151.84255,-28.91202],[151.84977,-28.90762],[151.85977,-28.90681],[151.8654,-28.90935],[151.86885,-28.91371],[151.8716,-28.91429],[151.87823,-28.91457],[151.88154,-28.91149],[151.8927,-28.91544],[151.89558,-28.91345],[151.89719,-28.91485],[151.90033,-28.91466],[151.91369,-28.92012],[151.91706,-28.92482],[151.91559,-28.92681],[151.91632,-28.92934],[151.92285,-28.92816],[151.92759,-28.92514],[151.93713,-28.92188],[151.9517,-28.91952],[151.95624,-28.91715],[151.96101,-28.91912],[151.9666,-28.91648],[151.96849,-28.91668],[151.97125,-28.91166],[151.97448,-28.90856],[151.97802,-28.90807],[151.98073,-28.90917],[151.9948,-28.89874],[151.99631,-28.89479],[151.99802,-28.89537],[152.0013,-28.89975],[151.99968,-28.9035],[152.00162,-28.90849],[152.00476,-28.90906],[152.0107,-28.90668],[152.01358,-28.89999],[152.01625,-28.8968],[152.01643,-28.89269],[152.01931,-28.89247],[152.02436,-28.88964],[152.02385,-28.88638],[152.02639,-28.88319],[152.0282,-28.87656],[152.03138,-28.87392],[152.03014,-28.86995],[152.03393,-28.86566],[152.03754,-28.86435],[152.0355,-28.85844],[152.039,-28.8546],[152.03756,-28.85164],[152.03223,-28.85452],[152.02953,-28.85427],[152.02794,-28.85727],[152.02598,-28.85824],[152.02309,-28.85467],[152.01764,-28.85147],[152.01536,-28.8517],[152.01492,-28.85023],[152.0181,-28.84544],[152.01692,-28.83793],[152.02112,-28.83663],[152.02086,-28.83516],[152.02294,-28.83095],[152.02776,-28.83165],[152.02875,-28.82988],[152.03338,-28.82807],[152.03412,-28.82002],[152.0366,-28.81779],[152.03607,-28.81563],[152.03459,-28.81516],[152.0365,-28.81073],[152.03527,-28.80812],[152.03522,-28.80365],[152.03788,-28.79937],[152.03785,-28.79741],[152.03397,-28.79112],[152.03209,-28.79089],[152.03782,-28.78701],[152.04049,-28.78219],[152.04054,-28.78055],[152.03564,-28.77716],[152.03793,-28.77273],[152.03652,-28.77035],[152.03752,-28.76378],[152.03615,-28.76109],[152.03607,-28.75727],[152.03863,-28.75407],[152.04108,-28.75336],[152.04087,-28.74751],[152.04377,-28.74604],[152.0477,-28.74043],[152.0461,-28.73385],[152.04229,-28.73183],[152.05388,-28.72555],[152.06213,-28.71824],[152.07133,-28.71496],[152.07603,-28.70835],[152.07201,-28.7049],[152.07175,-28.70255],[152.06885,-28.701],[152.06608,-28.69759],[152.06564,-28.69175],[152.06466,-28.69065],[152.06805,-28.68512],[152.06644,-28.68119],[152.062,-28.67939],[152.06076,-28.6807],[152.05821,-28.6799],[152.05254,-28.68223],[152.04876,-28.67682],[152.04619,-28.67598],[152.04449,-28.67308],[152.04574,-28.67089],[152.0449,-28.66832],[152.03906,-28.66458],[152.03161,-28.66616],[152.02075,-28.66389],[152.01419,-28.66578],[152.01049,-28.66499],[152.0116,-28.66185],[152.0089,-28.65922],[152.00593,-28.65173],[152.00443,-28.65215],[152.00204,-28.65064],[152.00292,-28.64845],[152.00241,-28.6403],[152.00048,-28.63633],[151.9984,-28.63384],[151.99705,-28.63365],[151.99606,-28.63081],[151.99099,-28.62458],[151.99012,-28.62073],[151.99373,-28.61451],[151.994,-28.61194],[151.99085,-28.60963],[151.9889,-28.60266],[151.99212,-28.59487],[151.98831,-28.59198],[151.98594,-28.58213],[151.98229,-28.57842],[151.9764,-28.57495],[151.97609,-28.57354],[151.96683,-28.57258],[151.96359,-28.56763],[151.95943,-28.56668],[151.95733,-28.56475],[151.9568,-28.56329],[151.9583,-28.55713],[151.95451,-28.55352],[151.95407,-28.55052],[151.95639,-28.54609],[151.95627,-28.54293],[151.95457,-28.5426],[151.95322,-28.53994],[151.95638,-28.52819],[151.95819,-28.52711],[151.95627,-28.52559],[151.95535,-28.51919],[151.95819,-28.51594],[151.96409,-28.51454],[151.96856,-28.50973],[151.9725,-28.50756],[151.97199,-28.5063],[151.97319,-28.50505],[151.9778,-28.50307],[151.98263,-28.50333],[151.9834,-28.50692],[151.98559,-28.50994],[151.98418,-28.51415],[151.98446,-28.5169],[151.98879,-28.52562],[151.99176,-28.52475],[151.9934,-28.52625],[151.99771,-28.52639],[152.00045,-28.52812],[152.01671,-28.52523],[152.02002,-28.5212],[152.01897,-28.51814],[152.0196,-28.51732],[152.02309,-28.51528],[152.02427,-28.51294],[152.02693,-28.51292],[152.03573,-28.50746],[152.04027,-28.50147],[152.04377,-28.49931],[152.04555,-28.49522],[152.05511,-28.49065],[152.05966,-28.49085],[152.06712,-28.48515],[152.06682,-28.47873],[152.0687,-28.47648],[152.06815,-28.47427],[152.06968,-28.46853],[152.0725,-28.46921],[152.07408,-28.46803],[152.07559,-28.46997],[152.07979,-28.47062],[152.08381,-28.46875],[152.08765,-28.46965],[152.09104,-28.46837],[152.09382,-28.46974],[152.0957,-28.46869],[152.09592,-28.46609],[152.09784,-28.46649],[152.10159,-28.46507],[152.1028,-28.4633],[152.11178,-28.46435],[152.11231,-28.46337],[152.11759,-28.46237],[152.12124,-28.46265],[152.12185,-28.46072],[152.12792,-28.45395],[152.13541,-28.45216],[152.14196,-28.44243],[152.14425,-28.44201],[152.14634,-28.43931],[152.15449,-28.43803],[152.15641,-28.43458],[152.16008,-28.43326],[152.16469,-28.43259],[152.16835,-28.43455],[152.17486,-28.43501],[152.18427,-28.43904],[152.18626,-28.43865],[152.18794,-28.43526],[152.19022,-28.43404],[152.19511,-28.43615],[152.2047,-28.43807],[152.20727,-28.44523],[152.21398,-28.44599],[152.21723,-28.44911],[152.21962,-28.4478],[152.22164,-28.44484],[152.22208,-28.442],[152.22569,-28.43724],[152.22868,-28.43702],[152.23098,-28.42958],[152.23444,-28.42736],[152.23531,-28.4247],[152.23806,-28.42348],[152.23959,-28.41959],[152.23916,-28.41787],[152.24366,-28.41596],[152.24898,-28.41153],[152.25207,-28.4106],[152.25245,-28.40728],[152.25587,-28.40336],[152.26038,-28.40077],[152.26354,-28.39431],[152.26532,-28.39422],[152.26668,-28.39074],[152.26824,-28.38953],[152.26969,-28.39088],[152.28175,-28.39283],[152.28861,-28.3915],[152.29175,-28.38126],[152.30734,-28.36904],[152.30937,-28.36284],[152.31283,-28.36249],[152.32036,-28.36695],[152.32661,-28.36675],[152.33194,-28.36829],[152.33569,-28.36663],[152.34185,-28.36797],[152.35663,-28.36119],[152.36517,-28.36615],[152.37476,-28.36696],[152.37836,-28.36564],[152.38342,-28.36885],[152.38797,-28.36746],[152.38796,-28.36596],[152.39171,-28.3624],[152.39354,-28.35729],[152.39888,-28.35224],[152.40112,-28.34707],[152.41024,-28.34149],[152.41087,-28.33945],[152.41636,-28.335],[152.4173,-28.32987],[152.41542,-28.32561],[152.41057,-28.32041],[152.4107,-28.31045],[152.41389,-28.30714],[152.41322,-28.30158],[152.41517,-28.29807],[152.41674,-28.29681],[152.4215,-28.29932],[152.42539,-28.29961],[152.42775,-28.29731],[152.43086,-28.29738],[152.43565,-28.29949],[152.44046,-28.2976],[152.44295,-28.29843],[152.44418,-28.29725],[152.44253,-28.29186],[152.44316,-28.28892],[152.44901,-28.28222],[152.44926,-28.28069],[152.45212,-28.27878],[152.45514,-28.27841],[152.45796,-28.27238],[152.46123,-28.26975],[152.45949,-28.26669],[152.46187,-28.26033],[152.47301,-28.25694],[152.47591,-28.25823],[152.4838,-28.25766],[152.48768,-28.25345],[152.48756,-28.24748],[152.49292,-28.24256],[152.49036,-28.23917],[152.48727,-28.23888],[152.48798,-28.23469],[152.48453,-28.23315],[152.48235,-28.22951],[152.4763,-28.22823],[152.47543,-28.23356],[152.47428,-28.23397],[152.46942,-28.23196],[152.46992,-28.22887],[152.45859,-28.2266],[152.45824,-28.221],[152.46021,-28.21837],[152.4656,-28.21675],[152.46738,-28.21259],[152.46982,-28.21068],[152.47053,-28.20763],[152.47316,-28.2053],[152.47238,-28.20205],[152.47074,-28.20031],[152.47086,-28.19496],[152.46979,-28.19421],[152.46303,-28.19528],[152.45821,-28.19439],[152.45557,-28.19538],[152.45055,-28.19044],[152.44762,-28.18933],[152.4473,-28.18664],[152.44311,-28.17988],[152.44212,-28.17828],[152.44208,-28.17706],[152.44669,-28.16643],[152.44655,-28.16389],[152.44009,-28.16136],[152.43554,-28.15631],[152.43441,-28.15085],[152.43489,-28.14751],[152.43376,-28.1438],[152.43205,-28.14263],[152.43404,-28.13101],[152.42614,-28.1291],[152.42153,-28.12445],[152.41955,-28.11908],[152.41393,-28.11632],[152.41172,-28.11356],[152.41172,-28.10572],[152.40834,-28.0995],[152.41084,-28.09358],[152.41712,-28.09068],[152.41845,-28.08849],[152.41647,-28.08129],[152.41472,-28.07867],[152.4164,-28.07373],[152.41631,-28.06975],[152.41064,-28.06876],[152.40095,-28.06463],[152.39761,-28.06172],[152.39003,-28.05945],[152.39503,-28.04899],[152.39376,-28.04659],[152.39433,-28.04405],[152.39336,-28.04173],[152.38821,-28.03604],[152.39031,-28.03086],[152.38298,-28.02473],[152.38147,-28.02103],[152.37491,-28.01288],[152.37683,-28.00777],[152.378,-27.99056],[152.38373,-27.98352],[152.38281,-27.9788],[152.3864,-27.97511],[152.38906,-27.97412],[152.38228,-27.96563],[152.37971,-27.96603],[152.37384,-27.96373],[152.37125,-27.96424],[152.36345,-27.96226],[152.35707,-27.96217],[152.35252,-27.96449],[152.34959,-27.96404],[152.34744,-27.96523],[152.34306,-27.96086],[152.33428,-27.96475],[152.32743,-27.96648],[152.32186,-27.96467],[152.31626,-27.96567],[152.30826,-27.96279],[152.29887,-27.95632],[152.29791,-27.95629],[152.29654,-27.95625],[152.29379,-27.95617],[152.29303,-27.95667],[152.29382,-27.96121],[152.28634,-27.96303],[152.28444,-27.96598],[152.28075,-27.96636],[152.27718,-27.96973],[152.27015,-27.96845],[152.26908,-27.97013],[152.25854,-27.97238],[152.25249,-27.96688],[152.24154,-27.96064],[152.23599,-27.95966],[152.23143,-27.95754],[152.22504,-27.95648],[152.22173,-27.95746],[152.20968,-27.95409],[152.20787,-27.96467],[152.19982,-27.96434],[152.19449,-27.96151],[152.18966,-27.96481],[152.16853,-27.96596],[152.16478,-27.96788],[152.15892,-27.96775],[152.15446,-27.96638],[152.1478,-27.96669],[152.14635,-27.96299],[152.13978,-27.95831],[152.14016,-27.95378],[152.14339,-27.95156],[152.14311,-27.94785],[152.1402,-27.94621],[152.13921,-27.94412],[152.10677,-27.93968],[152.09804,-27.94456],[152.09799,-27.94709],[152.09045,-27.95404],[152.08225,-27.95889],[152.07444,-27.96129],[152.02546,-27.95452],[152.02397,-27.96313],[151.99478,-27.95921],[151.99857,-27.97098],[151.97596,-27.96786],[151.97344,-27.98043],[151.92178,-27.97335],[151.91887,-27.98989],[151.90908,-27.98509],[151.90719,-27.99167],[151.91716,-28.00851],[151.91693,-28.01213],[151.80768,-27.99699],[151.80608,-28.00584],[151.80054,-28.00217],[151.79803,-28.00236],[151.79697,-27.99995],[151.7923,-28.00034],[151.78503,-28.01],[151.79028,-28.01459],[151.77741,-28.02301],[151.77297,-28.016],[151.77022,-28.01361],[151.77001,-28.01121],[151.76894,-28.01174],[151.76642,-28.01056],[151.76796,-28.0085],[151.76692,-28.00756],[151.76575,-28.00757],[151.76621,-28.00885],[151.76495,-28.008],[151.76478,-28.00285],[151.76029,-28.00356],[151.75739,-28.00559],[151.75311,-28.00412],[151.75205,-28.00159],[151.74833,-27.9988],[151.72737,-27.99441],[151.7221,-27.99187],[151.72177,-27.99419],[151.69415,-27.99109],[151.69337,-27.99193],[151.66301,-27.98785],[151.61559,-27.98349],[151.54353,-27.97408],[151.53633,-28.0194],[151.50683,-28.01582],[151.49561,-28.08991],[151.4733,-28.08769],[151.46608,-28.09138],[151.46382,-28.09361],[151.46002,-28.10703],[151.45252,-28.10446],[151.44568,-28.10495],[151.44291,-28.1114],[151.44673,-28.11648],[151.44374,-28.12119],[151.44465,-28.12225],[151.43933,-28.13593],[151.44113,-28.15168],[151.43727,-28.1541],[151.42339,-28.15579],[151.41866,-28.15833],[151.41456,-28.15899],[151.40999,-28.16313],[151.40207,-28.16288],[151.39697,-28.16737],[151.39178,-28.16021],[151.3813,-28.1575],[151.37643,-28.15414],[151.37371,-28.1557],[151.36597,-28.15631],[151.3647,-28.16061],[151.36062,-28.16539],[151.35287,-28.1676],[151.35109,-28.16932],[151.34698,-28.16985],[151.34502,-28.17133],[151.34237,-28.17675],[151.34009,-28.17807],[151.33771,-28.17879],[151.33622,-28.17805],[151.33367,-28.17938],[151.33023,-28.17839],[151.32813,-28.17946],[151.32423,-28.17761],[151.32111,-28.17769],[151.32052,-28.17535],[151.32138,-28.17378],[151.3201,-28.17261],[151.31178,-28.17329],[151.30945,-28.17231],[151.30681,-28.17393],[151.30651,-28.17594],[151.30237,-28.1802],[151.30023,-28.18058],[151.29753,-28.18301],[151.28793,-28.18111],[151.28058,-28.18431],[151.27323,-28.19238],[151.20588,-28.18353],[151.20697,-28.17741],[151.20286,-28.17837],[151.19915,-28.1778],[151.19714,-28.17914],[151.19686,-28.1763],[151.1943,-28.17558],[151.19045,-28.17996],[151.18497,-28.18161],[151.18521,-28.18378],[151.17056,-28.18196],[151.17326,-28.16703],[151.14346,-28.16941],[151.14022,-28.17273],[151.13377,-28.17197],[151.12552,-28.17648],[151.09072,-28.17443],[151.0918,-28.16755],[151.06205,-28.1634],[151.05973,-28.16188],[151.05821,-28.16286],[151.05436,-28.16232],[151.04669,-28.16713],[151.04117,-28.16131],[151.04268,-28.15849],[151.03757,-28.14123],[151.03989,-28.13466],[151.04461,-28.1313],[151.0492,-28.124],[151.05001,-28.11663],[151.05247,-28.11547],[151.05361,-28.10999],[151.05528,-28.10821],[151.05711,-28.10053],[151.0557,-28.09397],[150.85623,-28.06962],[150.85191,-28.05978],[150.83642,-28.06514],[150.82556,-28.05418],[150.82668,-28.03911],[150.83212,-28.03055],[150.80516,-28.01486],[150.79649,-28.00425],[150.79509,-27.99254],[150.76726,-27.98417],[150.76059,-27.98325],[150.75918,-27.97683],[150.75093,-27.96979],[150.74201,-27.97556],[150.73564,-27.97101],[150.73504,-27.94848],[150.72373,-27.94041],[150.70905,-27.93837],[150.7085,-27.93403],[150.70269,-27.93452],[150.70267,-27.93452],[150.694,-27.93308],[150.67748,-27.91883],[150.67421,-27.90366],[150.6464,-27.89507],[150.64479,-27.85066],[150.63345,-27.82553],[150.6212,-27.81099],[150.60362,-27.80616],[150.59225,-27.78991],[150.57502,-27.77928],[150.52083,-27.77239],[150.51371,-27.76602],[150.48901,-27.78788],[150.4582,-27.76032],[150.45471,-27.76145],[150.45477,-27.76485],[150.45065,-27.76702],[150.44842,-27.76566],[150.44596,-27.76114],[150.44432,-27.76042],[150.44116,-27.76103],[150.43939,-27.76252],[150.43922,-27.76829],[150.41011,-27.74645],[150.38308,-27.76432],[150.39326,-27.77635],[150.39293,-27.77824],[150.38865,-27.78079],[150.3869,-27.78333],[150.37877,-27.78255],[150.36109,-27.76492],[150.33509,-27.76138],[150.32637,-27.80871],[150.27423,-27.80275],[150.27673,-27.8516],[150.24612,-27.85175],[150.24828,-27.90772],[150.23208,-27.9058],[150.23191,-27.90655],[150.22273,-27.89451],[150.1567,-27.92261],[150.13631,-27.91045],[150.12386,-27.94429],[150.11705,-27.94388],[150.11729,-27.94854],[150.12156,-27.95054],[150.11688,-27.96326],[150.06949,-27.95822],[150.06592,-27.9855],[149.93233,-27.96703],[149.90511,-27.97464],[149.89705,-27.94072],[149.85533,-27.95059],[149.85714,-27.95473],[149.8669,-27.95956],[149.88479,-27.9796],[149.78648,-28.0064],[149.6316,-27.98713],[149.62725,-28.01458],[149.5315,-28.00231],[149.53411,-27.9863],[149.52092,-27.98898],[149.49516,-27.98942],[149.49358,-27.99742],[149.45754,-27.99276],[149.44534,-28.07134]]]},"properties":{"District Name":"Warwick","DDMG Name":"Warwick","Police Region Name":"Southern Region","Police Region Code":"SR","Police Region Short Name":"Southern"}}]}