{"type":"FeatureCollection","name":"qld_southern_ldmg_boundaries_gda2020_simp20","crs":{"type":"name","properties":{"name":"urn:ogc:def:crs:EPSG::7844"}},"features":[{"type":"Feature","geometry":{"type":"Polygon","coordinates":[[[149.4245,-27.75012],[149.4205,-27.74696],[149.42184,-27.74411],[149.42647,-27.73982],[149.42721,-27.73785],[149.42985,-27.73666],[149.42955,-27.73408],[149.4252,-27.73002],[149.42421,-27.72711],[149.42122,-27.72459],[149.42111,-27.72185],[149.42376,-27.72191],[149.42664,-27.72038],[149.42798,-27.71582],[149.42533,-27.71539],[149.42141,-27.7138],[149.42186,-27.71137],[149.42426,-27.70739],[149.42698,-27.70598],[149.43082,-27.70567],[149.43133,-27.70361],[149.42742,-27.70251],[149.37556,-27.69716],[149.29954,-27.68928],[149.2994,-27.68758],[149.26236,-27.68389],[149.25452,-27.68318],[149.21852,-27.67959],[149.18499,-27.67612],[149.1899,-27.64306],[149.1298,-27.63591],[149.05091,-27.62641],[149.05645,-27.58903],[149.0416,-27.58237],[149.03172,-27.58134],[149.02293,-27.59696],[149.00242,-27.633],[148.91103,-27.62294],[148.83546,-27.61449],[148.83891,-27.58855],[148.83993,-27.57684],[148.78262,-27.5701],[148.77388,-27.58439],[148.72541,-27.579],[148.72231,-27.60098],[148.72599,-27.60074],[148.72872,-27.60212],[148.73027,-27.60889],[148.72992,-27.61427],[148.73275,-27.61833],[148.73477,-27.62272],[148.74016,-27.62609],[148.74355,-27.62985],[148.74434,-27.63415],[148.74386,-27.63699],[148.74074,-27.64117],[148.74034,-27.64372],[148.73888,-27.6467],[148.73675,-27.64944],[148.7359,-27.65225],[148.73627,-27.66304],[148.73695,-27.66562],[148.7393,-27.66893],[148.74039,-27.67328],[148.73799,-27.67984],[148.73798,-27.68439],[148.73964,-27.68668],[148.74283,-27.68823],[148.74347,-27.68948],[148.74097,-27.69277],[148.73484,-27.6928],[148.73411,-27.69234],[148.71762,-27.6903],[148.65544,-27.68324],[148.58386,-27.67512],[148.58442,-27.67275],[148.58688,-27.65231],[148.58751,-27.64912],[148.59088,-27.62471],[148.50998,-27.61595],[148.51014,-27.60843],[148.48433,-27.60549],[148.45974,-27.62211],[148.45493,-27.61838],[148.44971,-27.61604],[148.44299,-27.61394],[148.43676,-27.61155],[148.43332,-27.60923],[148.42657,-27.60704],[148.42259,-27.60503],[148.41998,-27.60137],[148.41602,-27.59746],[148.41473,-27.59721],[148.40891,-27.6016],[148.37277,-27.62662],[148.36787,-27.62988],[148.36041,-27.63151],[148.3364,-27.64753],[148.28398,-27.68286],[148.24591,-27.63961],[148.22257,-27.6559],[148.18669,-27.61503],[148.18329,-27.61156],[148.18189,-27.61144],[148.16676,-27.62198],[148.16651,-27.6217],[148.15077,-27.63266],[148.14651,-27.63435],[148.0961,-27.66941],[148.05596,-27.62363],[148.01096,-27.6549],[148.01066,-27.64056],[148.01639,-27.63123],[148.01743,-27.59984],[148.01342,-27.59829],[147.91814,-27.58776],[147.91499,-27.60608],[147.91483,-27.61215],[147.91574,-27.62902],[147.88912,-27.62566],[147.84112,-27.61989],[147.81255,-27.61616],[147.77363,-27.61143],[147.76531,-27.61465],[147.75476,-27.62399],[147.74697,-27.62845],[147.74302,-27.63304],[147.74056,-27.63686],[147.71452,-27.63358],[147.69581,-27.63149],[147.64864,-27.62569],[147.63669,-27.70959],[147.63686,-27.70992],[147.58915,-27.70465],[147.58273,-27.70613],[147.577,-27.74139],[147.57022,-27.78391],[147.56732,-27.80309],[147.56074,-27.84494],[147.51615,-27.83966],[147.50659,-27.83863],[147.48515,-27.83592],[147.45564,-27.83209],[147.44794,-27.83096],[147.4452,-27.8522],[147.44317,-27.87275],[147.44441,-27.88734],[147.4382,-27.88715],[147.41818,-27.8847],[147.38163,-27.87961],[147.36927,-27.87825],[147.35308,-27.87622],[147.32511,-27.87256],[147.3089,-27.87067],[147.29121,-27.86808],[147.28623,-27.90274],[147.24663,-27.89742],[147.20857,-27.89257],[147.20611,-27.90711],[147.1304,-27.897],[147.12474,-27.89636],[147.12425,-27.89802],[147.11956,-27.92819],[147.10847,-27.9732],[147.10498,-27.99475],[147.06857,-27.99089],[147.03342,-27.99011],[146.99059,-27.98963],[146.99017,-27.98988],[146.96911,-28.13236],[146.9687,-28.1329],[146.96244,-28.17436],[146.94914,-28.263],[146.93209,-28.26072],[146.92626,-28.28218],[146.92307,-28.30367],[146.9157,-28.35406],[146.96788,-28.36016],[146.96637,-28.37107],[146.96004,-28.41291],[146.96512,-28.41416],[146.96045,-28.43914],[146.96024,-28.43941],[146.96068,-28.45072],[146.96341,-28.50614],[146.95774,-28.53637],[146.93787,-28.55951],[146.93524,-28.57753],[146.93554,-28.57784],[146.93336,-28.59283],[146.93299,-28.59299],[146.92792,-28.6298],[146.93842,-28.63102],[146.92803,-28.70234],[146.92833,-28.70259],[146.92519,-28.72406],[146.89772,-28.72207],[146.89237,-28.72145],[146.88478,-28.76738],[146.88132,-28.78158],[146.87544,-28.80274],[146.872,-28.81453],[146.86776,-28.83129],[146.8655,-28.84094],[146.8633,-28.85427],[146.94742,-28.86078],[146.95269,-28.86145],[146.94928,-28.89034],[146.94496,-28.91913],[146.93921,-28.96056],[146.9372,-28.97681],[146.93568,-28.99124],[146.94171,-28.9971],[146.94502,-28.99912],[146.9897,-28.99911],[147.07224,-28.99912],[147.15478,-28.99913],[147.23732,-28.99913],[147.31987,-28.99913],[147.41892,-28.99913],[147.48495,-28.99913],[147.56748,-28.99914],[147.67301,-28.99915],[147.74391,-28.99915],[147.84813,-28.99914],[147.93067,-28.99913],[147.9967,-28.99913],[148.0879,-28.99912],[148.14514,-28.99912],[148.22791,-28.9991],[148.30865,-28.9991],[148.3599,-28.9991],[148.42309,-28.99909],[148.50847,-28.99908],[148.59222,-28.99907],[148.64054,-28.99906],[148.71623,-28.99906],[148.77618,-28.99905],[148.85737,-28.99905],[148.9581,-28.99905],[148.95891,-28.99793],[148.96295,-28.99646],[148.96552,-28.99309],[148.96532,-28.99109],[148.96904,-28.98826],[148.96863,-28.98621],[148.97112,-28.98532],[148.9706,-28.98204],[148.97226,-28.97824],[148.97474,-28.97845],[148.97574,-28.9765],[148.97778,-28.97554],[148.98117,-28.97533],[148.98387,-28.97655],[148.98651,-28.97411],[148.98902,-28.9758],[148.99036,-28.97225],[148.99295,-28.97158],[148.99681,-28.97283],[149.00092,-28.96947],[149.00313,-28.96831],[149.00538,-28.96464],[149.00428,-28.96198],[149.00629,-28.95982],[149.01078,-28.95999],[149.01139,-28.9581],[149.00805,-28.95772],[149.01117,-28.95564],[149.01504,-28.95769],[149.01795,-28.95834],[149.02799,-28.95447],[149.03116,-28.95716],[149.03454,-28.9528],[149.03447,-28.951],[149.03617,-28.94865],[149.03436,-28.94758],[149.03477,-28.94538],[149.03659,-28.94375],[149.04013,-28.94235],[149.039,-28.94107],[149.03891,-28.93876],[149.04227,-28.9396],[149.04258,-28.93709],[149.04493,-28.93493],[149.04565,-28.93267],[149.04335,-28.92997],[149.04296,-28.92659],[149.04711,-28.92503],[149.04749,-28.92237],[149.04499,-28.92054],[149.04768,-28.9194],[149.04786,-28.91697],[149.05099,-28.91749],[149.05498,-28.91192],[149.05843,-28.91096],[149.0584,-28.9074],[149.05691,-28.9054],[149.0576,-28.90354],[149.05582,-28.90226],[149.05612,-28.90002],[149.05415,-28.89343],[149.04813,-28.88638],[149.04361,-28.89147],[149.04382,-28.89259],[149.01646,-28.86217],[149.01635,-28.86118],[149.00741,-28.85125],[148.98168,-28.82028],[148.99124,-28.76034],[148.97559,-28.75916],[148.97521,-28.75857],[148.98343,-28.69266],[148.98384,-28.6927],[148.98733,-28.66347],[148.97146,-28.66207],[148.96494,-28.66125],[148.94795,-28.65987],[148.9196,-28.6569],[148.92369,-28.62112],[148.92768,-28.62001],[148.93584,-28.55981],[148.92411,-28.55857],[148.9293,-28.52019],[148.93082,-28.52035],[148.93552,-28.48542],[148.9329,-28.48514],[148.94077,-28.42689],[148.95079,-28.35263],[148.9594,-28.28876],[148.96901,-28.27629],[148.98379,-28.25798],[149.00292,-28.23363],[149.02128,-28.21119],[149.02919,-28.20118],[149.04153,-28.18599],[149.07569,-28.18929],[149.07516,-28.19307],[149.14321,-28.20019],[149.14537,-28.19913],[149.18872,-28.20368],[149.18917,-28.19982],[149.271,-28.21021],[149.32596,-28.21715],[149.32573,-28.21861],[149.40548,-28.22857],[149.42109,-28.12986],[149.42422,-28.11088],[149.43067,-28.06982],[149.44535,-28.07132],[149.45754,-27.99275],[149.45981,-27.97813],[149.45971,-27.97741],[149.4684,-27.92064],[149.47188,-27.89826],[149.4732,-27.8889],[149.48067,-27.84322],[149.48094,-27.84325],[149.48925,-27.7921],[149.40496,-27.78343],[149.4245,-27.75012]]]},"properties":{"LGA Code":"300","Abbreviated Name":"Balonne","LGA Name":"Balonne Shire","Area Sq Km":31074.95046,"LDMG Name":"Balonne","Police Region Name":"Southern Region","Police Region Code":"SR","Police Region Short Name":"Southern"}},{"type":"Feature","geometry":{"type":"Polygon","coordinates":[[[140.99947,-26.90842],[140.99954,-27.10332],[140.99955,-27.13242],[140.99956,-27.20521],[140.99956,-27.26345],[140.99956,-27.32167],[140.99956,-27.37986],[140.99956,-27.43809],[140.99956,-27.51581],[140.99956,-27.56676],[140.99957,-27.62712],[140.99957,-27.66779],[140.99956,-27.87451],[140.99956,-27.91815],[140.99954,-28.0054],[140.9995,-28.06948],[140.99945,-28.15078],[140.99937,-28.53872],[140.99933,-28.72073],[140.99931,-28.82247],[140.99928,-28.96525],[140.99927,-28.99909],[141.04487,-28.99908],[141.1109,-28.99907],[141.20001,-28.99902],[141.3,-28.99903],[141.37396,-28.99905],[141.4531,-28.99903],[141.5,-28.999],[141.59086,-28.99895],[141.6392,-28.99907],[141.7,-28.99908],[141.8,-28.99904],[141.9,-28.99907],[141.95287,-28.99905],[142.01888,-28.99903],[142.1014,-28.99902],[142.2,-28.99903],[142.3,-28.99906],[142.39999,-28.99902],[142.5,-28.99905],[142.59999,-28.99901],[142.69999,-28.99904],[142.79999,-28.999],[142.91084,-28.99903],[143.00086,-28.99889],[143.17616,-28.99902],[143.22613,-28.99905],[143.30722,-28.99906],[143.45191,-28.99906],[143.49999,-28.99907],[143.59998,-28.99904],[143.68698,-28.99906],[143.78692,-28.99911],[143.85029,-28.9991],[143.94811,-28.99917],[144.00001,-28.99915],[144.08334,-28.99912],[144.16667,-28.9991],[144.25,-28.99909],[144.33212,-28.99908],[144.41553,-28.99908],[144.48036,-28.99908],[144.46314,-28.94788],[144.46963,-28.94251],[144.47159,-28.94137],[144.47812,-28.93911],[144.47944,-28.9374],[144.48204,-28.93684],[144.48989,-28.93229],[144.49446,-28.9306],[144.49902,-28.93062],[144.50423,-28.9295],[144.50945,-28.92723],[144.51467,-28.92553],[144.51989,-28.92499],[144.5238,-28.92328],[144.52969,-28.9193],[144.53686,-28.91704],[144.53947,-28.91705],[144.54599,-28.91479],[144.54794,-28.91537],[144.55186,-28.91367],[144.55837,-28.91313],[144.56683,-28.91431],[144.56814,-28.91374],[144.57335,-28.91376],[144.58118,-28.90979],[144.5825,-28.9075],[144.58256,-28.89661],[144.58193,-28.8926],[144.58326,-28.88745],[144.58458,-28.88459],[144.58525,-28.88],[144.58426,-28.87698],[144.58412,-28.87385],[144.58679,-28.8624],[144.5894,-28.86012],[144.59332,-28.85784],[144.59463,-28.85613],[144.5953,-28.85269],[144.59661,-28.85098],[144.60249,-28.84757],[144.60316,-28.84413],[144.6084,-28.8367],[144.61427,-28.83386],[144.61623,-28.83215],[144.61689,-28.82986],[144.62016,-28.82643],[144.6228,-28.82071],[144.62802,-28.81672],[144.63129,-28.81329],[144.6339,-28.81159],[144.64001,-28.80859],[144.64026,-28.77229],[144.65616,-28.76827],[144.61179,-28.73975],[144.63292,-28.7219],[144.6411,-28.72305],[144.65704,-28.64043],[144.66859,-28.58072],[144.59585,-28.56747],[144.60258,-28.53929],[144.61168,-28.50061],[144.62789,-28.42501],[144.63469,-28.42266],[144.63521,-28.41997],[144.64422,-28.35543],[144.56306,-28.34661],[144.57355,-28.26946],[144.58636,-28.27083],[144.58739,-28.26367],[144.64282,-28.26963],[144.72618,-28.27854],[144.72797,-28.28057],[144.81877,-28.29024],[144.82989,-28.21686],[144.77504,-28.21124],[144.77983,-28.17364],[144.72157,-28.16809],[144.63511,-28.15981],[144.64004,-28.12379],[144.64932,-28.05592],[144.59137,-28.04989],[144.59415,-28.02871],[144.59608,-28.01525],[144.60122,-27.97408],[144.55049,-27.96891],[144.5491,-27.96793],[144.54446,-27.96751],[144.54278,-27.96811],[144.42052,-27.95565],[144.42252,-27.93972],[144.29231,-27.92613],[144.29337,-27.92547],[144.29414,-27.92241],[144.29705,-27.91994],[144.29611,-27.91562],[144.29795,-27.90876],[144.30115,-27.90261],[144.303,-27.90314],[144.30456,-27.902],[144.30664,-27.89891],[144.30669,-27.89688],[144.30477,-27.89598],[144.30539,-27.89341],[144.30689,-27.89159],[144.30642,-27.88832],[144.30805,-27.88663],[144.30762,-27.88434],[144.30597,-27.8813],[144.30984,-27.8759],[144.3122,-27.87588],[144.31333,-27.87467],[144.31618,-27.87442],[144.31594,-27.86999],[144.31733,-27.86718],[144.31238,-27.86561],[144.31213,-27.8645],[144.31334,-27.86028],[144.31312,-27.85818],[144.31427,-27.8563],[144.31379,-27.85339],[144.31554,-27.84986],[144.31664,-27.84613],[144.29581,-27.84391],[144.30705,-27.76093],[144.31617,-27.69371],[144.32181,-27.65179],[144.28936,-27.65008],[144.18995,-27.64475],[144.1241,-27.64125],[144.09462,-27.63845],[144.03602,-27.63249],[144.03463,-27.63295],[144.02671,-27.63164],[143.99846,-27.62926],[143.96835,-27.62685],[143.90743,-27.54843],[143.83568,-27.45588],[143.71931,-27.36869],[143.7203,-27.39841],[143.58045,-27.37977],[143.58665,-27.3233],[143.51487,-27.31636],[143.51744,-27.29533],[143.39407,-27.28295],[143.38736,-27.29555],[143.32052,-27.28932],[143.32194,-27.27568],[143.15793,-27.26201],[143.16666,-27.18235],[143.12556,-27.17791],[143.12981,-27.14155],[142.97449,-27.12723],[142.94532,-27.12444],[142.88777,-27.11866],[142.88802,-27.1169],[142.85541,-27.11367],[142.77186,-27.05137],[142.77159,-27.05353],[142.69475,-26.99615],[142.69142,-26.99159],[142.64385,-26.95602],[142.60264,-26.99765],[142.59258,-27.05915],[142.53134,-27.02442],[142.5341,-26.99202],[142.41833,-26.93475],[142.39303,-26.90962],[142.33328,-26.9057],[142.33133,-26.87777],[142.30483,-26.81448],[142.29419,-26.78888],[142.25975,-26.79153],[142.25238,-26.78551],[142.15876,-26.77587],[142.05397,-26.765],[141.99729,-26.76614],[141.86092,-26.75146],[141.82583,-26.74754],[141.77281,-26.74157],[141.75643,-26.73715],[141.72578,-26.734],[141.70974,-26.73483],[141.70597,-26.73664],[141.70301,-26.73631],[141.69715,-26.73339],[141.69413,-26.73328],[141.69206,-26.7343],[141.68231,-26.73308],[141.67249,-26.73067],[141.66272,-26.72606],[141.65468,-26.72895],[141.58388,-26.72186],[141.54346,-26.67655],[141.39613,-26.66247],[141.25473,-26.66328],[141.25412,-26.67772],[141.21689,-26.67996],[141.18791,-26.92686],[141.10923,-26.91921],[141.03855,-26.91228],[140.99947,-26.90842]]]},"properties":{"LGA Code":"1750","Abbreviated Name":"Bulloo","LGA Name":"Bulloo Shire","Area Sq Km":73234.89394,"LDMG Name":"Bulloo","Police Region Name":"Southern Region","Police Region Code":"SR","Police Region Short Name":"Southern"}},{"type":"Feature","geometry":{"type":"Polygon","coordinates":[[[149.05612,-28.90002],[149.05771,-28.89879],[149.06062,-28.89437],[149.05767,-28.89362],[149.06082,-28.89007],[149.0638,-28.88956],[149.06373,-28.88731],[149.06025,-28.8875],[149.05951,-28.88595],[149.05633,-28.88711],[149.05456,-28.88623],[149.05649,-28.88192],[149.05918,-28.87936],[149.06354,-28.87845],[149.0664,-28.87278],[149.06815,-28.87304],[149.07058,-28.87161],[149.07012,-28.87025],[149.07194,-28.86738],[149.07232,-28.86381],[149.07533,-28.85924],[149.08004,-28.85816],[149.07938,-28.8559],[149.0794,-28.84997],[149.08115,-28.84627],[149.08004,-28.84346],[149.08612,-28.84198],[149.08734,-28.83798],[149.09023,-28.83719],[149.09376,-28.83347],[149.09773,-28.83182],[149.09959,-28.83414],[149.10124,-28.83238],[149.10336,-28.83439],[149.10323,-28.83858],[149.10905,-28.83315],[149.11218,-28.8339],[149.11314,-28.82994],[149.11573,-28.83107],[149.1184,-28.82948],[149.11805,-28.83315],[149.12056,-28.83292],[149.12131,-28.83157],[149.1256,-28.83474],[149.12788,-28.83552],[149.1308,-28.82961],[149.1332,-28.82953],[149.13895,-28.82794],[149.13855,-28.8256],[149.14257,-28.82416],[149.14312,-28.82117],[149.14283,-28.81748],[149.14186,-28.81504],[149.13959,-28.81222],[149.14025,-28.81011],[149.13867,-28.80887],[149.13957,-28.80672],[149.142,-28.80681],[149.14472,-28.80811],[149.14617,-28.80629],[149.1478,-28.8082],[149.15108,-28.80739],[149.15422,-28.80833],[149.15508,-28.80954],[149.15872,-28.80931],[149.16049,-28.81064],[149.16255,-28.80582],[149.16415,-28.80796],[149.16728,-28.80726],[149.1696,-28.80786],[149.17025,-28.8062],[149.17565,-28.80247],[149.1792,-28.80302],[149.18012,-28.79835],[149.18363,-28.7967],[149.18335,-28.79452],[149.18669,-28.79446],[149.18679,-28.79209],[149.18437,-28.79096],[149.18406,-28.78969],[149.1869,-28.78651],[149.18704,-28.78395],[149.1861,-28.782],[149.1904,-28.78196],[149.19232,-28.78041],[149.19123,-28.77858],[149.18842,-28.77704],[149.18839,-28.77532],[149.19259,-28.77389],[149.19454,-28.77092],[149.19791,-28.77097],[149.2001,-28.76952],[149.20228,-28.77056],[149.20494,-28.76857],[149.21052,-28.7675],[149.21396,-28.76504],[149.21877,-28.76277],[149.21983,-28.76538],[149.22228,-28.76424],[149.22484,-28.7641],[149.22743,-28.76192],[149.22811,-28.7562],[149.23179,-28.75561],[149.2305,-28.75221],[149.23246,-28.75153],[149.23244,-28.74924],[149.2367,-28.75054],[149.23661,-28.74854],[149.23951,-28.74871],[149.24213,-28.7442],[149.24471,-28.74284],[149.2463,-28.7392],[149.24867,-28.74048],[149.25128,-28.74036],[149.25325,-28.74227],[149.25438,-28.73869],[149.26192,-28.73535],[149.26391,-28.7376],[149.26586,-28.74285],[149.26829,-28.74365],[149.2728,-28.74011],[149.27288,-28.73763],[149.27102,-28.73619],[149.2707,-28.7345],[149.27971,-28.73185],[149.28477,-28.73117],[149.28243,-28.72829],[149.28459,-28.72615],[149.28716,-28.72678],[149.28784,-28.72519],[149.28661,-28.72173],[149.29304,-28.71427],[149.29369,-28.71127],[149.29664,-28.7098],[149.30116,-28.70996],[149.30207,-28.70856],[149.30565,-28.71159],[149.3069,-28.71112],[149.31084,-28.71221],[149.31129,-28.71052],[149.31617,-28.71105],[149.31611,-28.71313],[149.31854,-28.71376],[149.31887,-28.71087],[149.32183,-28.70996],[149.31937,-28.70828],[149.31988,-28.70599],[149.32211,-28.70588],[149.32325,-28.70775],[149.32499,-28.70688],[149.32872,-28.70722],[149.32851,-28.70408],[149.33196,-28.70267],[149.33161,-28.70139],[149.32895,-28.69919],[149.33105,-28.69719],[149.33599,-28.69816],[149.34013,-28.69494],[149.3413,-28.69651],[149.34558,-28.69651],[149.3458,-28.69388],[149.34769,-28.69091],[149.34955,-28.69094],[149.35128,-28.69265],[149.35257,-28.69069],[149.35196,-28.68882],[149.35488,-28.6878],[149.35801,-28.68426],[149.36058,-28.68404],[149.36212,-28.685],[149.36333,-28.68923],[149.36498,-28.68928],[149.36711,-28.6924],[149.36878,-28.69196],[149.36754,-28.68926],[149.36895,-28.6874],[149.37126,-28.6879],[149.3756,-28.6926],[149.38106,-28.68987],[149.38518,-28.69137],[149.38534,-28.6949],[149.388,-28.69427],[149.39157,-28.69137],[149.39411,-28.68611],[149.39282,-28.68225],[149.39434,-28.68028],[149.39383,-28.67748],[149.39661,-28.67755],[149.39881,-28.67477],[149.40228,-28.67615],[149.40539,-28.67539],[149.40817,-28.67057],[149.41427,-28.66707],[149.4125,-28.66668],[149.41032,-28.66454],[149.41298,-28.66226],[149.41627,-28.6627],[149.41754,-28.65983],[149.41602,-28.65791],[149.4183,-28.65537],[149.42115,-28.65621],[149.42316,-28.65539],[149.42298,-28.65363],[149.41893,-28.65397],[149.41682,-28.65132],[149.41869,-28.65019],[149.42285,-28.64955],[149.42466,-28.6506],[149.42632,-28.64951],[149.42545,-28.6475],[149.42861,-28.64673],[149.42753,-28.64483],[149.42824,-28.6435],[149.43077,-28.6433],[149.42907,-28.64064],[149.43119,-28.63809],[149.43127,-28.63295],[149.42897,-28.63216],[149.42969,-28.6305],[149.43002,-28.62642],[149.43533,-28.62607],[149.43767,-28.62454],[149.43808,-28.62267],[149.44244,-28.62103],[149.44044,-28.6191],[149.4413,-28.61622],[149.43891,-28.61576],[149.43959,-28.6135],[149.43904,-28.61165],[149.44355,-28.6078],[149.444,-28.60624],[149.44636,-28.6064],[149.44776,-28.60469],[149.45014,-28.60538],[149.45182,-28.6042],[149.454,-28.59904],[149.45241,-28.59533],[149.45596,-28.59535],[149.45611,-28.59257],[149.4592,-28.59416],[149.46105,-28.59163],[149.46251,-28.59329],[149.46454,-28.59303],[149.46684,-28.59419],[149.47536,-28.59376],[149.47698,-28.59163],[149.47698,-28.58792],[149.48019,-28.59021],[149.48249,-28.58676],[149.48186,-28.58437],[149.48449,-28.5824],[149.48598,-28.58224],[149.48804,-28.58425],[149.49033,-28.58475],[149.49246,-28.58247],[149.49324,-28.58021],[149.49664,-28.57828],[149.49989,-28.57797],[149.50208,-28.58046],[149.50371,-28.57796],[149.50304,-28.57452],[149.50598,-28.57641],[149.5079,-28.57566],[149.51015,-28.57756],[149.51175,-28.57609],[149.5136,-28.57828],[149.51302,-28.58115],[149.51511,-28.58138],[149.51549,-28.57944],[149.51831,-28.58009],[149.51954,-28.58133],[149.52255,-28.57921],[149.52515,-28.57954],[149.52739,-28.57769],[149.52665,-28.57524],[149.52903,-28.57444],[149.53177,-28.57687],[149.5346,-28.57646],[149.53788,-28.57498],[149.54244,-28.57527],[149.54335,-28.57686],[149.54547,-28.5758],[149.5478,-28.57704],[149.54963,-28.57671],[149.55269,-28.57831],[149.55399,-28.57744],[149.55655,-28.57876],[149.55756,-28.57736],[149.56081,-28.57565],[149.56735,-28.57391],[149.56817,-28.57173],[149.57238,-28.57189],[149.57482,-28.57409],[149.57976,-28.57262],[149.58443,-28.57462],[149.58725,-28.57336],[149.58935,-28.57544],[149.59317,-28.57607],[149.59762,-28.57885],[149.59927,-28.58135],[149.59765,-28.58351],[149.59748,-28.58834],[149.60281,-28.58653],[149.60598,-28.58774],[149.60332,-28.58903],[149.60607,-28.59187],[149.60658,-28.59396],[149.60508,-28.59545],[149.60551,-28.5983],[149.61032,-28.59741],[149.60961,-28.60005],[149.61097,-28.60108],[149.61581,-28.59866],[149.61863,-28.59886],[149.61961,-28.59636],[149.62377,-28.59543],[149.62499,-28.5935],[149.62686,-28.5961],[149.62981,-28.59489],[149.63036,-28.59748],[149.63237,-28.59615],[149.63619,-28.59828],[149.63869,-28.59821],[149.64114,-28.59923],[149.64547,-28.60418],[149.64466,-28.60753],[149.64757,-28.61228],[149.65098,-28.6138],[149.65368,-28.61335],[149.6566,-28.61432],[149.65898,-28.61311],[149.65756,-28.61158],[149.6598,-28.60967],[149.66404,-28.61225],[149.66335,-28.6173],[149.66939,-28.62016],[149.66956,-28.62269],[149.67241,-28.62488],[149.67285,-28.62674],[149.67093,-28.62732],[149.67134,-28.6291],[149.66942,-28.63067],[149.67262,-28.63394],[149.67417,-28.63172],[149.67719,-28.6319],[149.67781,-28.63484],[149.67985,-28.63277],[149.68457,-28.63079],[149.68664,-28.63248],[149.68999,-28.63165],[149.69271,-28.63212],[149.69693,-28.63155],[149.6978,-28.63317],[149.7001,-28.63251],[149.70244,-28.63393],[149.70471,-28.63354],[149.70677,-28.6303],[149.70326,-28.62629],[149.70371,-28.62516],[149.70662,-28.6252],[149.70725,-28.62277],[149.71005,-28.62076],[149.70743,-28.62008],[149.70649,-28.62186],[149.70344,-28.61903],[149.70409,-28.61767],[149.70636,-28.6175],[149.70667,-28.61513],[149.70967,-28.61309],[149.71423,-28.61655],[149.71719,-28.61467],[149.71804,-28.61197],[149.72113,-28.61128],[149.72488,-28.60939],[149.72955,-28.61088],[149.72805,-28.61284],[149.72607,-28.61331],[149.72584,-28.61524],[149.7295,-28.61535],[149.73078,-28.61725],[149.73332,-28.61619],[149.73689,-28.61592],[149.73767,-28.6173],[149.74001,-28.61727],[149.74181,-28.61559],[149.74369,-28.61791],[149.74585,-28.6184],[149.74636,-28.61645],[149.74521,-28.61476],[149.74648,-28.61201],[149.74932,-28.61145],[149.75367,-28.61211],[149.75554,-28.61165],[149.75871,-28.61303],[149.7597,-28.61527],[149.76189,-28.6139],[149.76417,-28.61469],[149.76776,-28.61447],[149.77073,-28.61319],[149.77321,-28.61394],[149.7738,-28.61187],[149.77139,-28.61104],[149.77207,-28.60945],[149.77509,-28.61016],[149.77568,-28.61327],[149.7798,-28.61018],[149.78087,-28.61251],[149.78251,-28.61195],[149.78405,-28.61439],[149.7865,-28.61399],[149.78659,-28.6118],[149.79076,-28.612],[149.79399,-28.61142],[149.79534,-28.6101],[149.79773,-28.61041],[149.79914,-28.60872],[149.80332,-28.60764],[149.81066,-28.60751],[149.81418,-28.60818],[149.81576,-28.61182],[149.81798,-28.61378],[149.82224,-28.61117],[149.82236,-28.60896],[149.82682,-28.6091],[149.82714,-28.60671],[149.82923,-28.60666],[149.83068,-28.60406],[149.83446,-28.60354],[149.83647,-28.60434],[149.83926,-28.60393],[149.8436,-28.60832],[149.84359,-28.60998],[149.84728,-28.61021],[149.85002,-28.609],[149.85085,-28.60609],[149.85433,-28.60579],[149.85506,-28.60449],[149.85823,-28.60653],[149.86065,-28.60715],[149.8611,-28.60463],[149.86473,-28.60283],[149.86827,-28.60746],[149.87045,-28.60559],[149.87478,-28.60413],[149.87463,-28.6069],[149.87747,-28.60881],[149.87689,-28.61125],[149.87797,-28.61206],[149.88265,-28.61041],[149.88191,-28.61276],[149.89051,-28.61268],[149.88679,-28.61496],[149.88894,-28.61708],[149.88955,-28.61892],[149.8938,-28.61595],[149.89495,-28.61882],[149.89924,-28.61994],[149.90127,-28.61918],[149.90322,-28.61987],[149.90506,-28.61912],[149.90316,-28.61555],[149.90745,-28.61493],[149.90952,-28.61229],[149.90861,-28.61045],[149.91632,-28.60959],[149.91709,-28.60818],[149.92012,-28.61022],[149.92523,-28.60926],[149.93016,-28.61224],[149.93338,-28.61283],[149.93419,-28.61062],[149.93674,-28.61193],[149.93713,-28.61546],[149.9421,-28.61837],[149.94314,-28.61787],[149.94327,-28.61388],[149.94972,-28.61279],[149.9486,-28.61123],[149.95092,-28.60832],[149.95312,-28.60993],[149.95439,-28.60839],[149.95719,-28.6078],[149.95695,-28.60992],[149.96274,-28.61253],[149.9643,-28.61088],[149.96744,-28.60979],[149.97053,-28.61026],[149.97097,-28.60822],[149.97407,-28.60927],[149.97583,-28.61323],[149.97901,-28.60839],[149.98166,-28.60797],[149.98192,-28.6057],[149.98759,-28.60144],[149.99292,-28.6008],[149.99431,-28.59886],[149.99452,-28.59436],[149.99783,-28.59547],[149.99936,-28.59373],[150.00292,-28.5928],[150.00181,-28.58986],[150.00609,-28.58788],[150.00652,-28.59025],[150.00885,-28.59097],[150.01157,-28.5853],[150.01299,-28.58367],[150.01721,-28.58239],[150.01757,-28.58009],[150.021,-28.58267],[150.02352,-28.58229],[150.02543,-28.57958],[150.02688,-28.579],[150.03063,-28.58027],[150.03001,-28.58267],[150.03224,-28.58404],[150.03343,-28.58327],[150.03662,-28.58604],[150.03785,-28.58355],[150.0395,-28.58563],[150.04104,-28.58594],[150.0429,-28.58451],[150.04306,-28.58245],[150.04611,-28.58357],[150.0446,-28.58704],[150.04702,-28.58749],[150.04863,-28.5894],[150.05155,-28.58525],[150.05513,-28.58568],[150.05749,-28.5836],[150.05718,-28.57985],[150.05811,-28.57897],[150.06382,-28.57749],[150.06801,-28.57812],[150.06905,-28.58109],[150.07169,-28.57912],[150.07698,-28.58348],[150.08005,-28.58427],[150.08229,-28.5829],[150.07978,-28.58107],[150.0824,-28.578],[150.08365,-28.58006],[150.08701,-28.58068],[150.08801,-28.57727],[150.08777,-28.57537],[150.09061,-28.57582],[150.08957,-28.578],[150.09111,-28.57932],[150.0932,-28.57728],[150.09385,-28.57366],[150.09191,-28.57168],[150.09102,-28.56864],[150.09096,-28.56525],[150.09262,-28.56394],[150.09814,-28.56387],[150.1002,-28.56572],[150.1049,-28.56545],[150.10522,-28.56773],[150.10829,-28.56855],[150.11017,-28.5701],[150.11225,-28.56791],[150.11493,-28.56846],[150.11584,-28.56655],[150.11443,-28.56423],[150.11706,-28.56339],[150.11869,-28.56175],[150.12099,-28.56257],[150.12158,-28.55963],[150.12438,-28.56172],[150.12541,-28.56458],[150.12783,-28.56261],[150.13009,-28.56254],[150.12958,-28.56487],[150.13162,-28.56563],[150.13433,-28.56457],[150.13189,-28.56318],[150.13359,-28.56095],[150.13681,-28.5605],[150.1362,-28.56387],[150.13917,-28.56487],[150.1386,-28.56049],[150.14032,-28.55999],[150.14287,-28.56193],[150.144,-28.56007],[150.14401,-28.55743],[150.1477,-28.55849],[150.1474,-28.55306],[150.15168,-28.55109],[150.15272,-28.55204],[150.15162,-28.55518],[150.1529,-28.55727],[150.15698,-28.55546],[150.16098,-28.55441],[150.16243,-28.55568],[150.16549,-28.55391],[150.16634,-28.5512],[150.16937,-28.55139],[150.16991,-28.55417],[150.16893,-28.5563],[150.17004,-28.56068],[150.16992,-28.56267],[150.1721,-28.56284],[150.17201,-28.55949],[150.17396,-28.55792],[150.17612,-28.55922],[150.17994,-28.55746],[150.18115,-28.55621],[150.18329,-28.55751],[150.1827,-28.55914],[150.17864,-28.56352],[150.18115,-28.56514],[150.18368,-28.56566],[150.18585,-28.5651],[150.18725,-28.56828],[150.18436,-28.56884],[150.18289,-28.5679],[150.18122,-28.56955],[150.18364,-28.57155],[150.18689,-28.57303],[150.18817,-28.57224],[150.18918,-28.56798],[150.19182,-28.56665],[150.19539,-28.56794],[150.19804,-28.56727],[150.20107,-28.56907],[150.20248,-28.57078],[150.20234,-28.57245],[150.20568,-28.57354],[150.20757,-28.57256],[150.21062,-28.57409],[150.21353,-28.57334],[150.21245,-28.56829],[150.21554,-28.56715],[150.21823,-28.56873],[150.21951,-28.56663],[150.22663,-28.56864],[150.22846,-28.56775],[150.22899,-28.56569],[150.23098,-28.56342],[150.23268,-28.56275],[150.23373,-28.56077],[150.23027,-28.55914],[150.22924,-28.55629],[150.23113,-28.55565],[150.2348,-28.55801],[150.23626,-28.55985],[150.23932,-28.55935],[150.23929,-28.55765],[150.23523,-28.55486],[150.23668,-28.5536],[150.23953,-28.55417],[150.24264,-28.55281],[150.24397,-28.55476],[150.24891,-28.55217],[150.25166,-28.54808],[150.25507,-28.54581],[150.26128,-28.54485],[150.26757,-28.54055],[150.27026,-28.53957],[150.27254,-28.53968],[150.27672,-28.54189],[150.28126,-28.54286],[150.28353,-28.5421],[150.28656,-28.53874],[150.28911,-28.53727],[150.29291,-28.53766],[150.29637,-28.54067],[150.29684,-28.54367],[150.30093,-28.54871],[150.30388,-28.54894],[150.30926,-28.55062],[150.31369,-28.55555],[150.3181,-28.55585],[150.32016,-28.55694],[150.3231,-28.56659],[150.3265,-28.57011],[150.32964,-28.57207],[150.33544,-28.57317],[150.34164,-28.57498],[150.34677,-28.57529],[150.35007,-28.57478],[150.35114,-28.5762],[150.3494,-28.57957],[150.34933,-28.58277],[150.35153,-28.58673],[150.354,-28.5889],[150.35802,-28.58989],[150.36248,-28.58887],[150.3635,-28.59207],[150.36273,-28.59429],[150.3635,-28.59744],[150.36749,-28.59762],[150.36802,-28.60106],[150.36602,-28.60462],[150.36377,-28.60563],[150.3645,-28.60892],[150.36953,-28.60976],[150.37051,-28.61168],[150.36858,-28.61343],[150.37015,-28.62112],[150.37375,-28.62235],[150.37894,-28.62689],[150.3811,-28.6272],[150.38381,-28.62605],[150.38708,-28.62648],[150.38669,-28.62872],[150.38498,-28.63082],[150.38505,-28.63223],[150.38752,-28.63379],[150.39169,-28.63402],[150.39626,-28.63026],[150.3969,-28.62896],[150.40218,-28.62728],[150.40436,-28.62956],[150.40445,-28.63097],[150.40886,-28.63401],[150.41292,-28.63349],[150.41589,-28.63552],[150.4153,-28.63957],[150.41582,-28.64541],[150.41456,-28.64709],[150.41204,-28.64781],[150.41255,-28.65002],[150.41439,-28.65198],[150.42089,-28.65022],[150.4239,-28.65036],[150.4279,-28.6522],[150.43325,-28.65613],[150.43719,-28.66144],[150.44216,-28.66428],[150.44915,-28.66558],[150.45303,-28.66594],[150.45543,-28.66373],[150.45752,-28.66425],[150.45831,-28.66854],[150.46009,-28.66883],[150.46576,-28.66628],[150.47329,-28.66069],[150.47557,-28.66307],[150.47971,-28.66407],[150.48392,-28.66218],[150.48633,-28.65735],[150.4922,-28.65922],[150.49943,-28.65941],[150.50405,-28.66121],[150.51385,-28.66229],[150.51756,-28.66155],[150.51933,-28.66008],[150.52081,-28.65601],[150.52458,-28.65447],[150.52954,-28.65586],[150.53151,-28.65554],[150.53527,-28.65757],[150.53742,-28.65709],[150.53923,-28.65976],[150.53798,-28.66195],[150.53614,-28.6627],[150.53309,-28.66176],[150.5298,-28.66409],[150.52528,-28.66649],[150.52747,-28.66932],[150.53418,-28.6722],[150.53563,-28.67241],[150.53799,-28.67088],[150.54425,-28.67185],[150.54651,-28.67045],[150.55152,-28.6715],[150.5545,-28.66577],[150.55443,-28.66426],[150.5483,-28.65964],[150.54991,-28.6559],[150.55337,-28.65327],[150.55594,-28.65403],[150.55974,-28.66168],[150.56298,-28.66192],[150.5632,-28.66053],[150.56878,-28.65825],[150.57013,-28.65932],[150.57474,-28.65839],[150.57861,-28.65627],[150.5826,-28.65633],[150.58663,-28.65913],[150.59259,-28.66112],[150.59642,-28.66388],[150.59995,-28.66506],[150.60087,-28.66766],[150.59947,-28.66994],[150.60046,-28.67131],[150.60448,-28.67096],[150.61037,-28.67168],[150.61576,-28.67354],[150.61853,-28.67341],[150.61992,-28.66953],[150.62283,-28.66896],[150.62641,-28.66932],[150.62688,-28.6729],[150.6329,-28.67677],[150.63547,-28.67211],[150.63894,-28.66772],[150.64231,-28.66495],[150.64645,-28.6637],[150.65217,-28.6608],[150.65859,-28.6591],[150.66481,-28.65653],[150.66737,-28.65453],[150.67022,-28.65383],[150.67298,-28.65062],[150.67634,-28.65242],[150.67568,-28.65438],[150.67851,-28.65967],[150.68029,-28.66149],[150.68254,-28.66099],[150.68412,-28.6593],[150.68789,-28.65817],[150.69151,-28.65414],[150.69278,-28.65377],[150.69815,-28.65513],[150.70137,-28.65535],[150.70956,-28.65214],[150.71038,-28.65063],[150.70889,-28.64766],[150.71028,-28.6455],[150.713,-28.64512],[150.72425,-28.64096],[150.72705,-28.63809],[150.72677,-28.63581],[150.73731,-28.63475],[150.74149,-28.63511],[150.74411,-28.63453],[150.74613,-28.63556],[150.75039,-28.63426],[150.7521,-28.63468],[150.75434,-28.63852],[150.75425,-28.63973],[150.76101,-28.63965],[150.76546,-28.63836],[150.76835,-28.63923],[150.77138,-28.64293],[150.7724,-28.64496],[150.77584,-28.64556],[150.77786,-28.64489],[150.78249,-28.64551],[150.78982,-28.65147],[150.792,-28.65224],[150.79397,-28.65471],[150.79792,-28.65604],[150.79923,-28.65396],[150.8045,-28.65369],[150.80904,-28.65591],[150.81484,-28.65766],[150.81922,-28.65794],[150.81829,-28.66088],[150.81646,-28.66191],[150.81649,-28.66374],[150.81957,-28.66714],[150.82853,-28.66718],[150.83178,-28.66793],[150.83635,-28.67016],[150.83981,-28.67263],[150.84349,-28.67207],[150.84719,-28.67307],[150.84994,-28.67446],[150.8521,-28.6783],[150.85219,-28.68017],[150.85566,-28.68308],[150.85791,-28.68363],[150.8589,-28.68523],[150.86381,-28.68829],[150.86918,-28.68565],[150.87238,-28.68988],[150.87243,-28.69248],[150.87443,-28.69445],[150.87718,-28.69353],[150.87925,-28.68969],[150.88153,-28.68901],[150.88468,-28.69086],[150.88443,-28.69502],[150.8859,-28.69583],[150.89027,-28.69535],[150.89141,-28.69431],[150.89198,-28.69121],[150.89406,-28.68872],[150.89995,-28.68736],[150.90487,-28.68739],[150.90794,-28.68889],[150.91025,-28.6924],[150.91139,-28.69539],[150.91542,-28.69851],[150.91962,-28.70066],[150.92426,-28.69882],[150.92692,-28.7009],[150.93104,-28.70586],[150.93162,-28.71277],[150.93282,-28.71952],[150.93223,-28.72167],[150.93337,-28.72334],[150.93758,-28.72501],[150.93845,-28.72634],[150.93782,-28.73062],[150.93942,-28.73122],[150.9424,-28.7289],[150.94593,-28.72881],[150.94751,-28.73072],[150.94747,-28.73378],[150.95245,-28.73669],[150.95522,-28.73712],[150.95705,-28.73543],[150.96066,-28.73573],[150.96335,-28.73783],[150.96619,-28.73633],[150.96897,-28.73293],[150.9713,-28.73182],[150.9795,-28.73262],[150.98213,-28.73561],[150.98487,-28.73642],[150.98955,-28.73606],[150.9944,-28.73832],[150.99992,-28.7386],[151.00218,-28.74034],[151.0057,-28.74017],[151.00993,-28.74093],[151.01108,-28.74347],[151.0137,-28.74573],[151.01713,-28.74731],[151.02037,-28.75013],[151.02385,-28.75237],[151.02618,-28.75515],[151.02837,-28.76262],[151.02911,-28.76948],[151.02715,-28.77119],[151.02131,-28.77108],[151.01902,-28.77176],[151.01941,-28.77428],[151.02272,-28.77533],[151.02439,-28.77752],[151.02633,-28.78437],[151.02571,-28.78953],[151.02443,-28.79161],[151.02522,-28.794],[151.03329,-28.79392],[151.038,-28.79771],[151.04133,-28.79785],[151.04269,-28.80208],[151.04147,-28.80406],[151.04097,-28.81197],[151.04187,-28.81629],[151.03882,-28.81734],[151.03712,-28.81992],[151.03726,-28.82787],[151.043,-28.83307],[151.04243,-28.83546],[151.03923,-28.83652],[151.03983,-28.83912],[151.04361,-28.84024],[151.04399,-28.84343],[151.04637,-28.84524],[151.04963,-28.84359],[151.05302,-28.84491],[151.05346,-28.84645],[151.05183,-28.848],[151.0537,-28.8498],[151.05661,-28.84852],[151.05885,-28.84624],[151.06547,-28.84578],[151.06847,-28.8448],[151.0715,-28.8449],[151.07153,-28.84132],[151.07326,-28.84006],[151.0782,-28.83803],[151.0815,-28.83488],[151.08267,-28.8345],[151.0887,-28.83485],[151.09175,-28.8357],[151.09589,-28.83823],[151.09802,-28.83815],[151.09963,-28.83648],[151.10333,-28.83657],[151.10454,-28.84036],[151.10356,-28.84211],[151.10545,-28.84477],[151.10705,-28.84262],[151.10863,-28.84272],[151.11148,-28.84625],[151.11408,-28.84786],[151.11535,-28.85052],[151.11877,-28.85091],[151.12516,-28.85054],[151.12777,-28.85398],[151.12776,-28.85516],[151.1319,-28.86005],[151.1398,-28.86308],[151.14164,-28.86222],[151.14307,-28.86015],[151.14662,-28.86192],[151.15162,-28.86543],[151.15687,-28.86504],[151.16107,-28.86537],[151.16293,-28.86745],[151.16292,-28.87005],[151.17116,-28.87741],[151.17228,-28.87998],[151.17471,-28.88063],[151.17845,-28.88044],[151.18102,-28.87868],[151.18401,-28.87821],[151.18647,-28.87971],[151.19252,-28.8816],[151.19666,-28.8837],[151.1996,-28.88424],[151.20301,-28.88716],[151.20386,-28.8894],[151.20678,-28.89197],[151.20701,-28.89832],[151.21254,-28.90205],[151.21497,-28.90429],[151.22066,-28.90683],[151.22557,-28.90757],[151.22939,-28.90879],[151.23121,-28.9082],[151.23247,-28.90562],[151.23465,-28.90479],[151.2373,-28.90698],[151.23863,-28.90929],[151.24023,-28.91518],[151.24048,-28.91982],[151.24142,-28.92222],[151.24355,-28.92417],[151.25015,-28.92618],[151.25782,-28.93205],[151.26338,-28.93193],[151.26522,-28.93266],[151.26547,-28.93473],[151.26762,-28.93623],[151.27037,-28.9367],[151.27475,-28.93856],[151.27587,-28.9427],[151.28051,-28.94721],[151.28162,-28.949],[151.28187,-28.9524],[151.28118,-28.95588],[151.28154,-28.95808],[151.28,-28.96018],[151.28071,-28.96382],[151.27861,-28.96622],[151.27332,-28.96769],[151.27247,-28.96897],[151.27194,-28.97272],[151.27274,-28.97394],[151.27605,-28.97537],[151.27924,-28.97845],[151.28119,-28.97948],[151.28209,-28.98169],[151.2797,-28.98368],[151.27663,-28.9847],[151.2764,-28.98705],[151.27714,-28.99176],[151.2787,-28.99685],[151.28317,-29.00269],[151.28411,-29.00681],[151.28344,-29.01258],[151.28351,-29.01748],[151.28093,-29.0205],[151.27399,-29.02464],[151.27157,-29.02932],[151.27181,-29.03068],[151.27639,-29.0357],[151.28496,-29.03553],[151.28661,-29.0374],[151.28542,-29.03944],[151.28534,-29.04293],[151.28613,-29.04806],[151.29055,-29.05108],[151.29008,-29.05372],[151.28825,-29.05696],[151.28569,-29.0575],[151.28497,-29.06084],[151.28576,-29.06482],[151.28185,-29.06838],[151.2811,-29.07019],[151.27794,-29.07448],[151.27514,-29.07641],[151.27463,-29.08182],[151.27808,-29.08442],[151.27924,-29.08824],[151.27816,-29.09],[151.27908,-29.09914],[151.28047,-29.10214],[151.28294,-29.10528],[151.28493,-29.10599],[151.28754,-29.10861],[151.28882,-29.112],[151.29177,-29.1141],[151.29486,-29.11265],[151.29888,-29.11279],[151.30108,-29.114],[151.30408,-29.11799],[151.30427,-29.12113],[151.30779,-29.12516],[151.3111,-29.12971],[151.31264,-29.13043],[151.31608,-29.13475],[151.31813,-29.1385],[151.31165,-29.14303],[151.30932,-29.14657],[151.30965,-29.15356],[151.31152,-29.15534],[151.31225,-29.1574],[151.31189,-29.16115],[151.31267,-29.16305],[151.3156,-29.16608],[151.31964,-29.16586],[151.32226,-29.16666],[151.3349,-29.17482],[151.33574,-29.17792],[151.3387,-29.17922],[151.34701,-29.177],[151.34984,-29.17578],[151.35321,-29.17571],[151.35667,-29.17402],[151.35848,-29.17227],[151.36302,-29.17234],[151.36605,-29.17404],[151.37695,-29.17679],[151.37998,-29.17698],[151.38756,-29.17513],[151.39277,-29.177],[151.39543,-29.17732],[151.40212,-29.17134],[151.40253,-29.16584],[151.40549,-29.16288],[151.4099,-29.15392],[151.41509,-29.15108],[151.41647,-29.14915],[151.41985,-29.14865],[151.4222,-29.14932],[151.42495,-29.14902],[151.42949,-29.1463],[151.43081,-29.14198],[151.43236,-29.14008],[151.4385,-29.13667],[151.44751,-29.13085],[151.45156,-29.12742],[151.45421,-29.12443],[151.45784,-29.11713],[151.45949,-29.11211],[151.45961,-29.10965],[151.46295,-29.0983],[151.46585,-29.09727],[151.46928,-29.09516],[151.47311,-29.09377],[151.47673,-29.09129],[151.48473,-29.08957],[151.48721,-29.08761],[151.49149,-29.07792],[151.49445,-29.07425],[151.49343,-29.07176],[151.49518,-29.07056],[151.49812,-29.07098],[151.4999,-29.07267],[151.50278,-29.06985],[151.50345,-29.0671],[151.50238,-29.06551],[151.49715,-29.06285],[151.49497,-29.06049],[151.49031,-29.05732],[151.49051,-29.05447],[151.49349,-29.05092],[151.49408,-29.04736],[151.49726,-29.04222],[151.49625,-29.03661],[151.49517,-29.03467],[151.49509,-29.03029],[151.49804,-29.02559],[151.4978,-29.02087],[151.50017,-29.01692],[151.50279,-29.01579],[151.50375,-29.01214],[151.50506,-29.00981],[151.49936,-29.00779],[151.49535,-29.00723],[151.49321,-29.0037],[151.48436,-29.00119],[151.4825,-29.00136],[151.47524,-29.005],[151.47193,-29.00188],[151.46905,-29.00053],[151.46691,-28.99825],[151.46338,-28.99795],[151.45802,-28.99881],[151.4576,-29.00131],[151.45457,-29.00544],[151.4557,-29.00844],[151.45564,-29.01039],[151.45159,-29.01308],[151.44685,-29.01754],[151.44682,-29.01954],[151.44486,-29.02109],[151.44346,-29.02529],[151.44453,-29.0282],[151.44392,-29.03196],[151.44564,-29.03486],[151.4477,-29.03689],[151.44975,-29.04064],[151.45022,-29.04267],[151.44805,-29.04535],[151.44881,-29.0513],[151.44693,-29.05544],[151.44729,-29.05951],[151.44492,-29.06228],[151.44274,-29.06365],[151.44149,-29.06199],[151.43696,-29.06403],[151.43666,-29.06583],[151.43389,-29.06796],[151.43229,-29.06311],[151.42882,-29.06318],[151.42599,-29.061],[151.42208,-29.06116],[151.41945,-29.0636],[151.41286,-29.05987],[151.41011,-29.06067],[151.40624,-29.05939],[151.40394,-29.05594],[151.40086,-29.05567],[151.39912,-29.05363],[151.39077,-29.05488],[151.38797,-29.05373],[151.38546,-29.05499],[151.38638,-29.05982],[151.38435,-29.06212],[151.38023,-29.05855],[151.37549,-29.05885],[151.37485,-29.05656],[151.37639,-29.05485],[151.37589,-29.04924],[151.37214,-29.04771],[151.36804,-29.04526],[151.36408,-29.04757],[151.36087,-29.04688],[151.35889,-29.0439],[151.35787,-29.04001],[151.35437,-29.03678],[151.35187,-29.03281],[151.35244,-29.03126],[151.35081,-29.02987],[151.35203,-29.02686],[151.35445,-29.0264],[151.35572,-29.02257],[151.36246,-29.02157],[151.36591,-29.02018],[151.36672,-29.01673],[151.36527,-29.01015],[151.36243,-29.00632],[151.36319,-29.00271],[151.36741,-29.00315],[151.37109,-29.00249],[151.37708,-28.99493],[151.37821,-28.99227],[151.37962,-28.97986],[151.37863,-28.97628],[151.3815,-28.97052],[151.38276,-28.96921],[151.37975,-28.96232],[151.38018,-28.95466],[151.38019,-28.94557],[151.37937,-28.93267],[151.37856,-28.92813],[151.38077,-28.92597],[151.37973,-28.92285],[151.38322,-28.91784],[151.3878,-28.90124],[151.38543,-28.90013],[151.38401,-28.89322],[151.38154,-28.89135],[151.38436,-28.88755],[151.38257,-28.87466],[151.38502,-28.87196],[151.38557,-28.86739],[151.38636,-28.86524],[151.38541,-28.8598],[151.38683,-28.85642],[151.38903,-28.85581],[151.3918,-28.85398],[151.3929,-28.85012],[151.39059,-28.8448],[151.39014,-28.84051],[151.39223,-28.83713],[151.39299,-28.8344],[151.39952,-28.83116],[151.40229,-28.83154],[151.40535,-28.82931],[151.40717,-28.82694],[151.41055,-28.82467],[151.41288,-28.82088],[151.41813,-28.81604],[151.41863,-28.81219],[151.42185,-28.80914],[151.42245,-28.80756],[151.41864,-28.79914],[151.41908,-28.79412],[151.42283,-28.79143],[151.42706,-28.78588],[151.42969,-28.78498],[151.43533,-28.78714],[151.43803,-28.78474],[151.44024,-28.77986],[151.44599,-28.77613],[151.45057,-28.77182],[151.45172,-28.76949],[151.45235,-28.76294],[151.45363,-28.75935],[151.45802,-28.75591],[151.46361,-28.75401],[151.46754,-28.75312],[151.47726,-28.74626],[151.47844,-28.74474],[151.47877,-28.74129],[151.47377,-28.73138],[151.48055,-28.72757],[151.48751,-28.72312],[151.49107,-28.71973],[151.49347,-28.7146],[151.49621,-28.71478],[151.50022,-28.70537],[151.50498,-28.70069],[151.51061,-28.69683],[151.51435,-28.69236],[151.5166,-28.6913],[151.51905,-28.68677],[151.52564,-28.67865],[151.52805,-28.66567],[151.52916,-28.66325],[151.53157,-28.6547],[151.53207,-28.64799],[151.53634,-28.6485],[151.54025,-28.64273],[151.54624,-28.63705],[151.5449,-28.62784],[151.54586,-28.62435],[151.55106,-28.62266],[151.55831,-28.62297],[151.56192,-28.62054],[151.56373,-28.61861],[151.56515,-28.61469],[151.56976,-28.61072],[151.57131,-28.6085],[151.57014,-28.60208],[151.57172,-28.59945],[151.57646,-28.59718],[151.57574,-28.59206],[151.57837,-28.589],[151.58192,-28.58618],[151.58784,-28.58459],[151.59115,-28.58248],[151.59503,-28.5838],[151.59768,-28.58569],[151.5996,-28.5852],[151.6016,-28.58035],[151.60515,-28.57529],[151.60122,-28.56685],[151.60173,-28.55832],[151.59682,-28.55601],[151.59519,-28.55153],[151.60547,-28.54926],[151.61076,-28.54713],[151.61615,-28.54541],[151.62493,-28.53848],[151.63315,-28.53061],[151.64022,-28.52414],[151.6403,-28.51566],[151.64353,-28.50809],[151.64639,-28.49481],[151.64645,-28.49243],[151.64136,-28.48305],[151.63957,-28.4761],[151.63972,-28.4689],[151.64087,-28.46687],[151.64176,-28.46135],[151.64157,-28.45864],[151.63962,-28.45544],[151.63929,-28.45285],[151.64177,-28.45085],[151.64503,-28.44957],[151.64905,-28.44621],[151.6503,-28.44255],[151.65505,-28.44381],[151.66186,-28.44368],[151.66861,-28.4361],[151.6719,-28.4306],[151.67855,-28.42845],[151.68171,-28.40864],[151.68736,-28.40888],[151.69194,-28.40781],[151.69607,-28.40494],[151.69565,-28.40204],[151.69866,-28.39702],[151.70061,-28.39502],[151.70221,-28.39174],[151.70043,-28.38703],[151.69947,-28.38222],[151.70039,-28.38011],[151.69927,-28.37743],[151.70064,-28.37617],[151.69856,-28.37272],[151.698,-28.36629],[151.6988,-28.3612],[151.69612,-28.35882],[151.69605,-28.3561],[151.6934,-28.35162],[151.69708,-28.35035],[151.69653,-28.34726],[151.70771,-28.34148],[151.71014,-28.33777],[151.70852,-28.33535],[151.70356,-28.33108],[151.70367,-28.32968],[151.70643,-28.32612],[151.70194,-28.31965],[151.70036,-28.31887],[151.6938,-28.31271],[151.69021,-28.31114],[151.68724,-28.3113],[151.68345,-28.30946],[151.68258,-28.30576],[151.681,-28.30518],[151.67842,-28.3012],[151.67686,-28.30152],[151.67533,-28.30354],[151.66924,-28.30092],[151.66526,-28.30327],[151.66114,-28.30171],[151.65317,-28.30152],[151.65121,-28.29969],[151.64881,-28.29867],[151.64795,-28.29346],[151.64052,-28.28645],[151.64249,-28.28074],[151.63724,-28.28004],[151.63527,-28.27661],[151.62968,-28.27416],[151.61958,-28.27625],[151.61934,-28.27748],[151.61379,-28.27739],[151.61191,-28.27524],[151.6085,-28.27576],[151.60435,-28.27747],[151.59329,-28.27401],[151.58817,-28.2741],[151.5811,-28.27887],[151.57932,-28.27954],[151.56754,-28.27806],[151.55782,-28.28332],[151.55517,-28.28313],[151.55235,-28.28177],[151.54926,-28.28287],[151.54766,-28.28596],[151.54563,-28.28773],[151.54082,-28.28446],[151.53926,-28.27969],[151.53371,-28.2751],[151.53246,-28.27811],[151.5309,-28.27833],[151.52747,-28.2744],[151.5242,-28.27279],[151.52352,-28.26901],[151.52478,-28.26789],[151.51808,-28.26467],[151.51651,-28.26169],[151.50897,-28.25851],[151.50837,-28.25591],[151.50969,-28.25476],[151.50917,-28.24874],[151.50706,-28.24504],[151.50521,-28.2435],[151.50577,-28.24217],[151.50456,-28.24014],[151.50563,-28.23881],[151.50505,-28.23657],[151.50316,-28.23353],[151.49882,-28.23114],[151.49591,-28.2286],[151.4887,-28.22725],[151.48581,-28.22534],[151.4822,-28.22146],[151.48294,-28.22004],[151.47721,-28.2073],[151.48159,-28.20246],[151.483,-28.1944],[151.48074,-28.18935],[151.47707,-28.1857],[151.46407,-28.17952],[151.44114,-28.15167],[151.43964,-28.15181],[151.43728,-28.15409],[151.42967,-28.15454],[151.42755,-28.15573],[151.4234,-28.15578],[151.41867,-28.15831],[151.41456,-28.15898],[151.41421,-28.1602],[151.41,-28.16312],[151.40657,-28.16328],[151.40309,-28.16251],[151.39698,-28.16735],[151.39179,-28.1602],[151.3813,-28.15749],[151.37644,-28.15413],[151.37371,-28.15569],[151.36655,-28.15617],[151.36539,-28.1572],[151.36471,-28.1606],[151.3615,-28.1646],[151.35948,-28.16598],[151.35287,-28.16759],[151.35109,-28.16931],[151.34845,-28.16907],[151.34502,-28.17131],[151.34238,-28.17674],[151.33772,-28.17878],[151.33622,-28.17803],[151.33368,-28.17937],[151.33023,-28.17838],[151.32814,-28.17945],[151.32424,-28.1776],[151.32112,-28.17768],[151.32011,-28.1726],[151.31787,-28.1734],[151.31325,-28.1726],[151.31179,-28.17328],[151.30945,-28.1723],[151.30682,-28.17392],[151.30651,-28.17592],[151.30237,-28.18019],[151.30024,-28.18057],[151.29754,-28.183],[151.28794,-28.18109],[151.28059,-28.1843],[151.27537,-28.18941],[151.27324,-28.19237],[151.22992,-28.18676],[151.20589,-28.18352],[151.20698,-28.1774],[151.20165,-28.17838],[151.19915,-28.17779],[151.1943,-28.17557],[151.1898,-28.18018],[151.18751,-28.18018],[151.18498,-28.1816],[151.18522,-28.18377],[151.17057,-28.18195],[151.17327,-28.16702],[151.14346,-28.1694],[151.14023,-28.17272],[151.13378,-28.17196],[151.12553,-28.17647],[151.09094,-28.17434],[151.09181,-28.16754],[151.06206,-28.16338],[151.06095,-28.16203],[151.05821,-28.16284],[151.05436,-28.16231],[151.04669,-28.16712],[151.04118,-28.1613],[151.04268,-28.15848],[151.03757,-28.14121],[151.03796,-28.13894],[151.0399,-28.13465],[151.04462,-28.13129],[151.04921,-28.12399],[151.04996,-28.12024],[151.05001,-28.11662],[151.05248,-28.11545],[151.05361,-28.10998],[151.05529,-28.1082],[151.05711,-28.10052],[151.05571,-28.09395],[150.99714,-28.08664],[150.96338,-28.0825],[150.94289,-28.0799],[150.85667,-28.06912],[150.85623,-28.06961],[150.85192,-28.05977],[150.83643,-28.06513],[150.82557,-28.05417],[150.82669,-28.03909],[150.8319,-28.03073],[150.8314,-28.03015],[150.80833,-28.01638],[150.80517,-28.01485],[150.7965,-28.00424],[150.79509,-27.99253],[150.76727,-27.98416],[150.7606,-27.98323],[150.75918,-27.97682],[150.75094,-27.96978],[150.74202,-27.97555],[150.73565,-27.97099],[150.73505,-27.94847],[150.72373,-27.9404],[150.70905,-27.93836],[150.7085,-27.93402],[150.70268,-27.93451],[150.69401,-27.93307],[150.67748,-27.91882],[150.67422,-27.90365],[150.64641,-27.89506],[150.64479,-27.85065],[150.63346,-27.82552],[150.6212,-27.81098],[150.60363,-27.80615],[150.59226,-27.78989],[150.57765,-27.78074],[150.57502,-27.77927],[150.52084,-27.77237],[150.51371,-27.76601],[150.48901,-27.78787],[150.45821,-27.7603],[150.45471,-27.76143],[150.45514,-27.76373],[150.45412,-27.76568],[150.45216,-27.76691],[150.44964,-27.76667],[150.44765,-27.76436],[150.44703,-27.76225],[150.44432,-27.76041],[150.43956,-27.76202],[150.43958,-27.76731],[150.43902,-27.7681],[150.42588,-27.75815],[150.41011,-27.74644],[150.38858,-27.76026],[150.38309,-27.76431],[150.38622,-27.76831],[150.39228,-27.77421],[150.39293,-27.77823],[150.38865,-27.78077],[150.3869,-27.78332],[150.37909,-27.78204],[150.37877,-27.78254],[150.3611,-27.76491],[150.33509,-27.76137],[150.32638,-27.8087],[150.28436,-27.80383],[150.27424,-27.80274],[150.27674,-27.85158],[150.24613,-27.85174],[150.24829,-27.90771],[150.23208,-27.90578],[150.23191,-27.90654],[150.22273,-27.8945],[150.1567,-27.92259],[150.13632,-27.91044],[150.12386,-27.94427],[150.11706,-27.94387],[150.1173,-27.94853],[150.12156,-27.95053],[150.11688,-27.96325],[150.06949,-27.95821],[150.06965,-27.95879],[150.06593,-27.98548],[150.0364,-27.98129],[150.03654,-27.98186],[149.93233,-27.96702],[149.92988,-27.96785],[149.90512,-27.97463],[149.89705,-27.9407],[149.85534,-27.95057],[149.85715,-27.95472],[149.86691,-27.95954],[149.8848,-27.97958],[149.83515,-27.99261],[149.81075,-27.99935],[149.78648,-28.00639],[149.70469,-27.99602],[149.66787,-27.99136],[149.66787,-27.99173],[149.63161,-27.98712],[149.62725,-28.01456],[149.53151,-28.00229],[149.53411,-27.98629],[149.52093,-27.98897],[149.49517,-27.98941],[149.49359,-27.9974],[149.45754,-27.99275],[149.44535,-28.07132],[149.43067,-28.06982],[149.42422,-28.11088],[149.42109,-28.12986],[149.40548,-28.22857],[149.32573,-28.21861],[149.32596,-28.21715],[149.271,-28.21021],[149.18917,-28.19982],[149.18872,-28.20368],[149.14537,-28.19913],[149.14321,-28.20019],[149.07516,-28.19307],[149.07569,-28.18929],[149.04153,-28.18599],[149.02919,-28.20118],[149.02128,-28.21119],[149.00292,-28.23363],[148.98379,-28.25798],[148.96901,-28.27629],[148.9594,-28.28876],[148.95079,-28.35263],[148.94077,-28.42689],[148.9329,-28.48514],[148.93552,-28.48542],[148.93082,-28.52035],[148.9293,-28.52019],[148.92411,-28.55857],[148.93584,-28.55981],[148.92768,-28.62001],[148.92369,-28.62112],[148.9196,-28.6569],[148.94795,-28.65987],[148.96494,-28.66125],[148.97146,-28.66207],[148.98733,-28.66347],[148.98384,-28.6927],[148.98343,-28.69266],[148.97521,-28.75857],[148.97559,-28.75916],[148.99124,-28.76034],[148.98168,-28.82028],[149.00741,-28.85125],[149.01635,-28.86118],[149.01646,-28.86217],[149.04382,-28.89259],[149.04361,-28.89147],[149.04813,-28.88638],[149.05415,-28.89343],[149.05612,-28.90002]]]},"properties":{"LGA Code":"3610","Abbreviated Name":"Goondiwindi","LGA Name":"Goondiwindi Regional","Area Sq Km":19280.68984,"LDMG Name":"Goondiwindi","Police Region Name":"Southern Region","Police Region Code":"SR","Police Region Short Name":"Southern"}},{"type":"Feature","geometry":{"type":"Polygon","coordinates":[[[152.73017,-27.49561],[152.72933,-27.49226],[152.7265,-27.49031],[152.72068,-27.49269],[152.72003,-27.49622],[152.72112,-27.49796],[152.7266,-27.50015],[152.72758,-27.50324],[152.72699,-27.50625],[152.72209,-27.50784],[152.71965,-27.50813],[152.71613,-27.50729],[152.71444,-27.5096],[152.71221,-27.51006],[152.70982,-27.50886],[152.70575,-27.50782],[152.70608,-27.5106],[152.70415,-27.51206],[152.70432,-27.51369],[152.70646,-27.51507],[152.70218,-27.51813],[152.69962,-27.51638],[152.69746,-27.51606],[152.69204,-27.51982],[152.68879,-27.52325],[152.68961,-27.52549],[152.68713,-27.52643],[152.68492,-27.52867],[152.68206,-27.52923],[152.68252,-27.53097],[152.67931,-27.53131],[152.67644,-27.53531],[152.67018,-27.53926],[152.66628,-27.53478],[152.66288,-27.53698],[152.65927,-27.53252],[152.65472,-27.53549],[152.6523,-27.53249],[152.65135,-27.53302],[152.64809,-27.55087],[152.62388,-27.54732],[152.62101,-27.54707],[152.61784,-27.54594],[152.61716,-27.54959],[152.60451,-27.54769],[152.60364,-27.54965],[152.60147,-27.5497],[152.60025,-27.55136],[152.59798,-27.55189],[152.59739,-27.55482],[152.59358,-27.55425],[152.58804,-27.55213],[152.58928,-27.54839],[152.57828,-27.54683],[152.57838,-27.54624],[152.5704,-27.54517],[152.56878,-27.55424],[152.56431,-27.55363],[152.56365,-27.55739],[152.5675,-27.55791],[152.5659,-27.56612],[152.56463,-27.56933],[152.56071,-27.56837],[152.557,-27.5693],[152.55466,-27.56896],[152.55433,-27.57073],[152.54542,-27.56947],[152.54535,-27.57051],[152.51384,-27.56628],[152.51247,-27.57439],[152.50934,-27.57253],[152.5078,-27.58109],[152.5031,-27.58024],[152.49702,-27.58294],[152.50444,-27.59591],[152.48795,-27.60339],[152.48753,-27.6068],[152.48508,-27.60966],[152.48185,-27.61244],[152.48052,-27.61711],[152.47909,-27.61958],[152.47598,-27.62297],[152.47517,-27.62528],[152.47238,-27.62789],[152.46906,-27.63837],[152.46552,-27.64247],[152.46366,-27.6434],[152.46533,-27.64734],[152.46366,-27.65],[152.46275,-27.65429],[152.45926,-27.65381],[152.45775,-27.66245],[152.4564,-27.66251],[152.45453,-27.66048],[152.45413,-27.6573],[152.45241,-27.65458],[152.45028,-27.65318],[152.44936,-27.65543],[152.44779,-27.65598],[152.44525,-27.65427],[152.44241,-27.65407],[152.43883,-27.65016],[152.43661,-27.6519],[152.4343,-27.65065],[152.43106,-27.65164],[152.43035,-27.65303],[152.43275,-27.65469],[152.43259,-27.65654],[152.43023,-27.65675],[152.42304,-27.65462],[152.42035,-27.65299],[152.42029,-27.65535],[152.41838,-27.65791],[152.41324,-27.65729],[152.41253,-27.66138],[152.41637,-27.66287],[152.42265,-27.66366],[152.41913,-27.66851],[152.41576,-27.66713],[152.41471,-27.67315],[152.41297,-27.67292],[152.41117,-27.6814],[152.40302,-27.68503],[152.39946,-27.68624],[152.39541,-27.68689],[152.39214,-27.69002],[152.39177,-27.69396],[152.39065,-27.69776],[152.4135,-27.70093],[152.41226,-27.7082],[152.40907,-27.70775],[152.40678,-27.72029],[152.41014,-27.72079],[152.40491,-27.75035],[152.40433,-27.75027],[152.40202,-27.76287],[152.40075,-27.76299],[152.39565,-27.76134],[152.39188,-27.75683],[152.38965,-27.76956],[152.3954,-27.7819],[152.40267,-27.78945],[152.40366,-27.78959],[152.4026,-27.79527],[152.40877,-27.79611],[152.40706,-27.8055],[152.40087,-27.80514],[152.38583,-27.80305],[152.38334,-27.80364],[152.38273,-27.8072],[152.38492,-27.80848],[152.39335,-27.80972],[152.39196,-27.81768],[152.39867,-27.81861],[152.40072,-27.82474],[152.39933,-27.82735],[152.39487,-27.83087],[152.39477,-27.83414],[152.39615,-27.83717],[152.39844,-27.84004],[152.39949,-27.84726],[152.40089,-27.84978],[152.40145,-27.85317],[152.40094,-27.85667],[152.40263,-27.86075],[152.40236,-27.86369],[152.41344,-27.8651],[152.41929,-27.86546],[152.42089,-27.85655],[152.42547,-27.85717],[152.42848,-27.84046],[152.43626,-27.84162],[152.43587,-27.84371],[152.4434,-27.84476],[152.45118,-27.80199],[152.45938,-27.80314],[152.46226,-27.80248],[152.46386,-27.79377],[152.46717,-27.78922],[152.46664,-27.78766],[152.46741,-27.78312],[152.48123,-27.78512],[152.4819,-27.78164],[152.4945,-27.78341],[152.49901,-27.75826],[152.51933,-27.76116],[152.52371,-27.73631],[152.52297,-27.72698],[152.52446,-27.72203],[152.52548,-27.7206],[152.52946,-27.71762],[152.54214,-27.71936],[152.54213,-27.71826],[152.56179,-27.72101],[152.56201,-27.71646],[152.58066,-27.71912],[152.57984,-27.72359],[152.5982,-27.72625],[152.59863,-27.72391],[152.60577,-27.72497],[152.60462,-27.73134],[152.60866,-27.73163],[152.60765,-27.73709],[152.62832,-27.74022],[152.63822,-27.74159],[152.63913,-27.73654],[152.64768,-27.73775],[152.65598,-27.73829],[152.65537,-27.74135],[152.66864,-27.74332],[152.66754,-27.74996],[152.68429,-27.75247],[152.6858,-27.7497],[152.68639,-27.74685],[152.70442,-27.74963],[152.70758,-27.75685],[152.70756,-27.7583],[152.72153,-27.76044],[152.72129,-27.76099],[152.73751,-27.76347],[152.73775,-27.7644],[152.75801,-27.76741],[152.76271,-27.77293],[152.76073,-27.78529],[152.78215,-27.78818],[152.78486,-27.78882],[152.78655,-27.79088],[152.78564,-27.79621],[152.80248,-27.79836],[152.79981,-27.81452],[152.79576,-27.81542],[152.80559,-27.81697],[152.80405,-27.82485],[152.81406,-27.8262],[152.81636,-27.81362],[152.82641,-27.81504],[152.82741,-27.80964],[152.82647,-27.8075],[152.82532,-27.80017],[152.82568,-27.79811],[152.8246,-27.79646],[152.82444,-27.79376],[152.82176,-27.78909],[152.82241,-27.78612],[152.81834,-27.78494],[152.81471,-27.7853],[152.81184,-27.78451],[152.81144,-27.7868],[152.80331,-27.78557],[152.80483,-27.77642],[152.80412,-27.77632],[152.80558,-27.76813],[152.80653,-27.76825],[152.80804,-27.75864],[152.81105,-27.75903],[152.8114,-27.75489],[152.82226,-27.75637],[152.82303,-27.75203],[152.82825,-27.75272],[152.82926,-27.74677],[152.83458,-27.74756],[152.83395,-27.75266],[152.836,-27.75572],[152.84318,-27.75677],[152.84345,-27.75529],[152.8568,-27.75726],[152.85795,-27.75111],[152.87333,-27.75344],[152.87466,-27.74627],[152.88279,-27.74735],[152.88676,-27.72637],[152.88811,-27.71789],[152.89066,-27.70358],[152.92331,-27.70816],[152.9263,-27.69209],[152.9314,-27.66637],[152.92751,-27.66288],[152.92503,-27.65947],[152.92456,-27.65781],[152.93616,-27.64488],[152.93856,-27.63997],[152.94089,-27.62865],[152.93977,-27.62846],[152.94072,-27.62341],[152.93762,-27.61808],[152.93426,-27.61405],[152.93248,-27.61278],[152.92844,-27.61124],[152.92178,-27.60624],[152.91553,-27.60499],[152.91215,-27.60648],[152.90894,-27.60637],[152.90645,-27.60525],[152.90381,-27.60564],[152.9008,-27.60243],[152.89816,-27.60239],[152.89463,-27.59948],[152.89158,-27.59313],[152.88828,-27.58965],[152.88306,-27.5857],[152.87655,-27.57992],[152.87272,-27.57924],[152.86992,-27.58097],[152.86867,-27.58331],[152.86353,-27.59563],[152.86071,-27.59797],[152.85819,-27.59763],[152.85639,-27.59604],[152.85631,-27.5915],[152.85562,-27.58612],[152.85566,-27.58251],[152.85335,-27.5744],[152.8507,-27.56958],[152.84899,-27.56464],[152.84953,-27.55475],[152.8519,-27.54967],[152.85292,-27.54569],[152.85268,-27.54269],[152.84962,-27.53619],[152.84722,-27.53276],[152.84173,-27.53086],[152.83588,-27.53114],[152.83146,-27.53312],[152.83037,-27.53471],[152.83053,-27.53678],[152.83977,-27.5398],[152.84164,-27.5428],[152.84082,-27.54523],[152.83655,-27.5458],[152.83254,-27.5469],[152.82699,-27.54957],[152.82352,-27.55043],[152.82284,-27.5533],[152.82012,-27.55593],[152.81589,-27.55678],[152.80893,-27.55754],[152.80486,-27.55734],[152.80325,-27.55586],[152.7965,-27.55483],[152.79364,-27.55596],[152.78931,-27.55454],[152.78711,-27.55273],[152.78649,-27.55035],[152.78275,-27.55157],[152.78528,-27.55616],[152.78279,-27.55661],[152.78246,-27.55851],[152.77981,-27.55972],[152.77567,-27.5599],[152.77264,-27.55947],[152.77053,-27.55644],[152.76736,-27.55599],[152.76258,-27.55994],[152.76093,-27.56233],[152.75871,-27.56339],[152.75382,-27.56831],[152.75096,-27.56756],[152.74912,-27.56534],[152.74666,-27.56709],[152.74321,-27.56713],[152.74026,-27.56416],[152.74034,-27.55892],[152.74147,-27.55452],[152.74224,-27.54811],[152.74352,-27.54353],[152.74551,-27.5341],[152.74798,-27.52722],[152.74979,-27.52491],[152.75289,-27.52351],[152.7557,-27.52339],[152.76011,-27.5251],[152.76235,-27.52404],[152.76302,-27.52119],[152.7622,-27.51885],[152.75913,-27.51723],[152.75158,-27.51765],[152.74868,-27.51676],[152.744,-27.51388],[152.74019,-27.50751],[152.73967,-27.50531],[152.73458,-27.49993],[152.73052,-27.49721],[152.73017,-27.49561]]]},"properties":{"LGA Code":"3960","Abbreviated Name":"Ipswich","LGA Name":"Ipswich City","Area Sq Km":1093.15869,"LDMG Name":"Ipswich","Police Region Name":"Southern Region","Police Region Code":"SR","Police Region Short Name":"Southern"}},{"type":"Feature","geometry":{"type":"Polygon","coordinates":[[[152.51384,-27.56628],[152.51495,-27.55965],[152.51738,-27.55997],[152.51866,-27.55201],[152.5084,-27.55078],[152.50829,-27.55145],[152.49949,-27.55068],[152.49226,-27.55196],[152.49614,-27.52975],[152.4964,-27.52942],[152.49896,-27.51487],[152.49931,-27.51166],[152.4892,-27.51031],[152.47489,-27.50813],[152.47425,-27.50754],[152.47513,-27.50257],[152.47766,-27.49625],[152.47213,-27.48677],[152.47877,-27.48369],[152.47912,-27.48184],[152.47305,-27.4739],[152.46839,-27.47106],[152.46751,-27.4696],[152.46456,-27.46793],[152.46121,-27.46882],[152.45761,-27.46445],[152.45181,-27.46375],[152.45124,-27.4675],[152.44456,-27.46356],[152.44538,-27.45905],[152.43587,-27.45786],[152.4369,-27.45099],[152.43501,-27.44535],[152.43565,-27.44007],[152.40912,-27.43661],[152.41339,-27.43479],[152.41415,-27.43022],[152.39954,-27.42842],[152.40161,-27.41501],[152.39072,-27.41219],[152.3794,-27.40442],[152.37338,-27.40197],[152.36786,-27.40127],[152.36466,-27.40215],[152.34385,-27.39932],[152.3427,-27.40204],[152.31547,-27.39864],[152.31035,-27.42931],[152.30658,-27.4277],[152.30404,-27.42562],[152.29955,-27.42592],[152.29426,-27.42733],[152.29131,-27.40019],[152.28681,-27.40139],[152.2831,-27.40149],[152.28184,-27.40449],[152.27912,-27.40714],[152.27876,-27.40942],[152.27238,-27.41183],[152.2703,-27.41403],[152.26627,-27.4158],[152.26288,-27.41612],[152.26053,-27.41452],[152.25914,-27.41245],[152.25991,-27.41076],[152.25819,-27.40903],[152.26098,-27.3926],[152.2276,-27.38813],[152.22383,-27.39011],[152.21792,-27.39004],[152.21592,-27.38833],[152.21478,-27.39065],[152.20875,-27.3901],[152.20714,-27.38881],[152.20318,-27.38766],[152.2018,-27.38645],[152.19283,-27.38522],[152.19173,-27.38684],[152.19538,-27.39532],[152.19729,-27.39677],[152.1974,-27.40003],[152.19598,-27.40613],[152.19751,-27.40919],[152.19299,-27.40874],[152.18858,-27.40695],[152.1846,-27.40672],[152.17953,-27.40759],[152.17728,-27.42089],[152.16999,-27.4241],[152.16454,-27.42569],[152.16577,-27.42985],[152.16337,-27.43385],[152.16294,-27.43709],[152.16155,-27.43923],[152.16067,-27.4443],[152.16159,-27.44649],[152.15567,-27.44574],[152.15506,-27.44402],[152.15653,-27.44166],[152.15631,-27.43848],[152.14797,-27.43727],[152.14554,-27.44124],[152.1411,-27.44143],[152.14144,-27.43953],[152.14025,-27.43714],[152.14154,-27.43424],[152.14074,-27.43048],[152.13612,-27.4298],[152.13698,-27.42363],[152.11794,-27.42095],[152.11875,-27.41637],[152.10747,-27.4148],[152.10809,-27.4114],[152.10548,-27.41269],[152.09963,-27.41185],[152.10067,-27.40589],[152.09334,-27.40483],[152.09399,-27.40109],[152.08796,-27.40024],[152.08651,-27.39862],[152.08376,-27.3998],[152.08285,-27.40202],[152.08341,-27.40465],[152.07084,-27.40275],[152.06988,-27.40371],[152.05875,-27.40208],[152.06039,-27.39297],[152.05381,-27.39202],[152.05214,-27.39982],[152.05666,-27.40231],[152.0548,-27.41257],[152.0385,-27.40973],[152.02785,-27.41609],[152.02906,-27.41624],[152.02752,-27.42694],[152.02428,-27.42788],[152.01833,-27.42357],[152.01692,-27.42205],[152.01614,-27.42686],[152.01601,-27.43147],[152.02351,-27.43243],[152.0224,-27.43931],[152.02103,-27.43914],[152.01963,-27.4487],[152.00642,-27.44708],[152.00394,-27.46199],[152.0022,-27.46278],[152.00057,-27.46148],[151.9967,-27.46159],[151.99717,-27.4572],[151.9948,-27.45779],[151.99171,-27.46031],[151.99193,-27.46241],[151.98963,-27.4636],[151.98661,-27.46325],[151.97994,-27.46604],[151.97693,-27.46481],[151.97562,-27.46825],[151.97183,-27.47043],[151.96723,-27.47115],[151.96458,-27.47025],[151.96406,-27.4716],[151.96668,-27.47333],[151.9654,-27.47752],[151.96371,-27.4804],[151.96476,-27.48318],[151.96138,-27.4861],[151.96206,-27.48736],[151.96585,-27.48772],[151.96596,-27.49308],[151.96918,-27.4931],[151.96928,-27.4954],[151.96611,-27.4972],[151.9645,-27.49986],[151.96492,-27.502],[151.96791,-27.50303],[151.96642,-27.50558],[151.96632,-27.50819],[151.96413,-27.51119],[151.9622,-27.50983],[151.95868,-27.51138],[151.95751,-27.51315],[151.9552,-27.51425],[151.95654,-27.51867],[151.9588,-27.52238],[151.96186,-27.52416],[151.96475,-27.52451],[151.96399,-27.52941],[151.96675,-27.52895],[151.96798,-27.52997],[151.97006,-27.51801],[151.9765,-27.51877],[151.97948,-27.52068],[151.98596,-27.52142],[151.98741,-27.52363],[151.99483,-27.52484],[151.99836,-27.52587],[151.99928,-27.52856],[151.99133,-27.53073],[151.99203,-27.53338],[151.98827,-27.53599],[151.99481,-27.54117],[151.99348,-27.54866],[151.99556,-27.54876],[151.99768,-27.55018],[151.9992,-27.54856],[152.00482,-27.5485],[152.00323,-27.55739],[152.00056,-27.55711],[151.99627,-27.58088],[151.9973,-27.58131],[152.00235,-27.57728],[152.00377,-27.5772],[152.00651,-27.57517],[152.00941,-27.57562],[152.00695,-27.57838],[152.01682,-27.57976],[152.0161,-27.58441],[152.01204,-27.58391],[152.0078,-27.58481],[151.99729,-27.58601],[151.9951,-27.59958],[151.99086,-27.59902],[151.9894,-27.60805],[151.983,-27.60802],[151.98266,-27.61022],[151.97425,-27.60925],[151.97352,-27.61521],[151.97884,-27.61588],[151.97802,-27.62121],[151.96727,-27.61968],[151.96674,-27.62262],[151.96266,-27.62114],[151.96049,-27.62098],[151.95782,-27.6172],[151.9557,-27.61859],[151.94815,-27.61756],[151.94695,-27.62406],[151.94273,-27.62345],[151.94207,-27.62752],[151.94202,-27.63186],[151.9452,-27.63556],[151.94891,-27.63647],[151.95067,-27.64147],[151.9559,-27.64943],[151.96264,-27.6496],[151.96385,-27.6472],[151.96774,-27.64671],[151.96929,-27.64447],[151.97215,-27.64452],[151.9788,-27.64742],[151.98163,-27.64668],[151.98368,-27.64707],[151.98512,-27.64859],[151.98302,-27.65415],[151.98675,-27.65811],[151.98767,-27.6603],[151.9868,-27.66526],[151.98939,-27.66611],[151.99213,-27.67349],[151.98831,-27.67504],[151.98654,-27.67706],[151.98784,-27.67956],[151.98816,-27.68255],[151.9989,-27.68399],[151.99767,-27.69118],[152.00328,-27.69194],[152.00151,-27.70241],[152.00501,-27.70339],[152.00806,-27.70288],[152.01019,-27.70157],[152.01049,-27.69971],[152.03404,-27.70287],[152.03186,-27.71622],[152.04874,-27.71821],[152.04907,-27.71927],[152.05489,-27.72127],[152.06052,-27.72254],[152.06165,-27.72413],[152.06562,-27.72668],[152.06787,-27.72641],[152.06891,-27.7289],[152.0716,-27.72902],[152.07392,-27.7312],[152.0765,-27.72921],[152.07496,-27.73774],[152.08393,-27.73903],[152.08328,-27.74262],[152.078,-27.74186],[152.07675,-27.74886],[152.08429,-27.74993],[152.08523,-27.75475],[152.08662,-27.75726],[152.08521,-27.75994],[152.0934,-27.7611],[152.09639,-27.74453],[152.10475,-27.74573],[152.10129,-27.76517],[152.10754,-27.76605],[152.10684,-27.76813],[152.13148,-27.77161],[152.13025,-27.77839],[152.1393,-27.77961],[152.13761,-27.78216],[152.13779,-27.78467],[152.13026,-27.78365],[152.1317,-27.78531],[152.1334,-27.7854],[152.13602,-27.78772],[152.14141,-27.78899],[152.14426,-27.79372],[152.14601,-27.79502],[152.14743,-27.79896],[152.1476,-27.80388],[152.14912,-27.80672],[152.14737,-27.80732],[152.14283,-27.80689],[152.13997,-27.80716],[152.14014,-27.80896],[152.13846,-27.81008],[152.13789,-27.81389],[152.13991,-27.81718],[152.13954,-27.82122],[152.14446,-27.82462],[152.14557,-27.82682],[152.14589,-27.83046],[152.1517,-27.83417],[152.15249,-27.83695],[152.1513,-27.84355],[152.14914,-27.8461],[152.15069,-27.84938],[152.14718,-27.85963],[152.14817,-27.86419],[152.14943,-27.86621],[152.15004,-27.86915],[152.15234,-27.87257],[152.15116,-27.87602],[152.15243,-27.87662],[152.1608,-27.87865],[152.16142,-27.88047],[152.1641,-27.88304],[152.16861,-27.88211],[152.17115,-27.8871],[152.17477,-27.88672],[152.17592,-27.88729],[152.17522,-27.89717],[152.17569,-27.90437],[152.17878,-27.90907],[152.18198,-27.91124],[152.18481,-27.9124],[152.18554,-27.9155],[152.18726,-27.91952],[152.18733,-27.9223],[152.18852,-27.92414],[152.1961,-27.92816],[152.19906,-27.92922],[152.20351,-27.92682],[152.20575,-27.92862],[152.20772,-27.93133],[152.21023,-27.93167],[152.20914,-27.93758],[152.216,-27.93859],[152.21489,-27.94497],[152.22166,-27.94609],[152.22267,-27.94825],[152.23031,-27.94944],[152.23484,-27.95185],[152.2376,-27.95267],[152.24079,-27.95261],[152.24619,-27.95435],[152.24983,-27.95441],[152.25455,-27.95604],[152.25667,-27.96078],[152.26055,-27.96206],[152.26145,-27.9641],[152.26419,-27.96426],[152.2699,-27.96883],[152.27719,-27.96972],[152.28076,-27.96634],[152.28445,-27.96597],[152.28635,-27.96302],[152.29383,-27.9612],[152.2938,-27.95615],[152.29888,-27.95631],[152.30826,-27.96278],[152.31265,-27.96381],[152.31626,-27.96566],[152.32186,-27.96466],[152.32744,-27.96647],[152.33428,-27.96473],[152.34307,-27.96084],[152.34744,-27.96522],[152.3496,-27.96403],[152.35252,-27.96448],[152.35707,-27.96216],[152.36024,-27.96273],[152.36345,-27.96225],[152.37126,-27.96423],[152.37384,-27.96372],[152.37972,-27.96602],[152.38236,-27.96602],[152.38481,-27.96917],[152.38777,-27.97186],[152.38906,-27.9741],[152.39117,-27.97484],[152.39458,-27.97752],[152.39732,-27.97469],[152.39952,-27.97396],[152.40182,-27.97145],[152.40133,-27.96773],[152.40278,-27.96344],[152.40226,-27.95901],[152.40504,-27.95445],[152.41018,-27.95044],[152.41129,-27.94783],[152.41588,-27.94462],[152.41536,-27.94155],[152.41319,-27.93892],[152.41274,-27.9354],[152.4105,-27.93423],[152.4111,-27.93029],[152.41061,-27.92675],[152.40852,-27.9232],[152.4091,-27.91952],[152.40563,-27.91909],[152.40445,-27.91233],[152.40486,-27.91104],[152.40406,-27.90573],[152.40485,-27.90431],[152.41066,-27.90117],[152.41168,-27.89803],[152.41011,-27.89587],[152.41133,-27.89155],[152.41022,-27.88704],[152.41158,-27.88334],[152.4087,-27.88087],[152.40608,-27.87708],[152.40529,-27.87122],[152.40337,-27.8694],[152.40175,-27.86654],[152.40236,-27.86369],[152.40263,-27.86075],[152.40094,-27.85667],[152.40145,-27.85317],[152.40089,-27.84978],[152.39949,-27.84726],[152.39844,-27.84004],[152.39615,-27.83717],[152.39477,-27.83414],[152.39487,-27.83087],[152.39933,-27.82735],[152.40072,-27.82474],[152.39867,-27.81861],[152.39196,-27.81768],[152.39335,-27.80972],[152.38492,-27.80848],[152.38273,-27.8072],[152.38334,-27.80364],[152.38583,-27.80305],[152.40087,-27.80514],[152.40706,-27.8055],[152.40877,-27.79611],[152.4026,-27.79527],[152.40366,-27.78959],[152.40267,-27.78945],[152.3954,-27.7819],[152.38965,-27.76956],[152.39188,-27.75683],[152.39565,-27.76134],[152.40075,-27.76299],[152.40202,-27.76287],[152.40433,-27.75027],[152.40491,-27.75035],[152.41014,-27.72079],[152.40678,-27.72029],[152.40907,-27.70775],[152.41226,-27.7082],[152.4135,-27.70093],[152.39065,-27.69776],[152.39177,-27.69396],[152.39214,-27.69002],[152.39541,-27.68689],[152.39946,-27.68624],[152.40302,-27.68503],[152.41117,-27.6814],[152.41297,-27.67292],[152.41471,-27.67315],[152.41576,-27.66713],[152.41913,-27.66851],[152.42265,-27.66366],[152.41637,-27.66287],[152.41253,-27.66138],[152.41324,-27.65729],[152.41838,-27.65791],[152.42029,-27.65535],[152.42035,-27.65299],[152.42304,-27.65462],[152.43023,-27.65675],[152.43259,-27.65654],[152.43275,-27.65469],[152.43035,-27.65303],[152.43106,-27.65164],[152.4343,-27.65065],[152.43661,-27.6519],[152.43883,-27.65016],[152.44241,-27.65407],[152.44525,-27.65427],[152.44779,-27.65598],[152.44936,-27.65543],[152.45028,-27.65318],[152.45241,-27.65458],[152.45413,-27.6573],[152.45453,-27.66048],[152.4564,-27.66251],[152.45775,-27.66245],[152.45926,-27.65381],[152.46275,-27.65429],[152.46366,-27.65],[152.46533,-27.64734],[152.46366,-27.6434],[152.46552,-27.64247],[152.46906,-27.63837],[152.47238,-27.62789],[152.47517,-27.62528],[152.47598,-27.62297],[152.47909,-27.61958],[152.48052,-27.61711],[152.48185,-27.61244],[152.48508,-27.60966],[152.48753,-27.6068],[152.48795,-27.60339],[152.50444,-27.59591],[152.49702,-27.58294],[152.5031,-27.58024],[152.5078,-27.58109],[152.50934,-27.57253],[152.51247,-27.57439],[152.51384,-27.56628]]]},"properties":{"LGA Code":"4580","Abbreviated Name":"Lockyer Valley","LGA Name":"Lockyer Valley Regional","Area Sq Km":2269.27913,"LDMG Name":"Lockyer Valley","Police Region Name":"Southern Region","Police Region Code":"SR","Police Region Short Name":"Southern"}},{"type":"Feature","geometry":{"type":"Polygon","coordinates":[[[149.4245,-27.75012],[149.42728,-27.74552],[149.49582,-27.75383],[149.50586,-27.69263],[149.50809,-27.67777],[149.4661,-27.67224],[149.47127,-27.64037],[149.43809,-27.63659],[149.43951,-27.63429],[149.44208,-27.63434],[149.44375,-27.63174],[149.44741,-27.628],[149.44932,-27.62966],[149.4508,-27.62847],[149.44987,-27.62645],[149.45145,-27.62274],[149.45414,-27.62266],[149.45628,-27.62059],[149.45455,-27.61914],[149.45463,-27.61649],[149.45766,-27.61521],[149.45731,-27.61193],[149.46026,-27.61032],[149.45981,-27.60811],[149.46177,-27.60439],[149.46647,-27.60488],[149.46961,-27.60207],[149.47108,-27.59837],[149.47111,-27.59582],[149.47527,-27.59572],[149.47637,-27.59663],[149.47904,-27.59275],[149.48302,-27.56765],[149.49007,-27.51896],[149.48977,-27.51893],[149.4955,-27.47939],[149.49534,-27.478],[149.49834,-27.45878],[149.49329,-27.45025],[149.49611,-27.43187],[149.4901,-27.42455],[149.4811,-27.41289],[149.48071,-27.40934],[149.46721,-27.39389],[149.45685,-27.37599],[149.45837,-27.36686],[149.46531,-27.35593],[149.47315,-27.34315],[149.48193,-27.32999],[149.48107,-27.3247],[149.4799,-27.3202],[149.48621,-27.31582],[149.48789,-27.31278],[149.50213,-27.29347],[149.50653,-27.29006],[149.5199,-27.28171],[149.52251,-27.28141],[149.52953,-27.27474],[149.55241,-27.25904],[149.55171,-27.25844],[149.56012,-27.25184],[149.56387,-27.24827],[149.5651,-27.24843],[149.59293,-27.22199],[149.55639,-27.19124],[149.59443,-27.15507],[149.63611,-27.11541],[149.67875,-27.07478],[149.67504,-27.07505],[149.67326,-27.07417],[149.67096,-27.07071],[149.65983,-27.06771],[149.6535,-27.06773],[149.65068,-27.06726],[149.64618,-27.06829],[149.64498,-27.06995],[149.64518,-27.07326],[149.64349,-27.07529],[149.64169,-27.07486],[149.63461,-27.07104],[149.63217,-27.06906],[149.63155,-27.06277],[149.62828,-27.05763],[149.62587,-27.05592],[149.62819,-27.05349],[149.63067,-27.05325],[149.63461,-27.04962],[149.63676,-27.04365],[149.63585,-27.0426],[149.63156,-27.04205],[149.63034,-27.04245],[149.62888,-27.04813],[149.62687,-27.04796],[149.62574,-27.04603],[149.62549,-27.0423],[149.62294,-27.04091],[149.62118,-27.04293],[149.61587,-27.04269],[149.61494,-27.04054],[149.61543,-27.0375],[149.61522,-27.03333],[149.61679,-27.03129],[149.62088,-27.03003],[149.62816,-27.02917],[149.6318,-27.02763],[149.63726,-27.02614],[149.64171,-27.02439],[149.64602,-27.02154],[149.64865,-27.02189],[149.64934,-27.0239],[149.64533,-27.02582],[149.64651,-27.02841],[149.65048,-27.02901],[149.65418,-27.03041],[149.65956,-27.02997],[149.66193,-27.03048],[149.66448,-27.02949],[149.66531,-27.02605],[149.66722,-27.02242],[149.66648,-27.01877],[149.66749,-27.01667],[149.66708,-27.01452],[149.66525,-27.01211],[149.66208,-27.01022],[149.66301,-27.0064],[149.6575,-26.99334],[149.64478,-26.96463],[149.6301,-26.94418],[149.62982,-26.9443],[149.61919,-26.91385],[149.61261,-26.89525],[149.58818,-26.82923],[149.61212,-26.81871],[149.61091,-26.8157],[149.6079,-26.81395],[149.60487,-26.81529],[149.60198,-26.81502],[149.60097,-26.81308],[149.5983,-26.81118],[149.59624,-26.80738],[149.59151,-26.80831],[149.65459,-26.78482],[149.68422,-26.7737],[149.67461,-26.75974],[149.66333,-26.75828],[149.66284,-26.75171],[149.66984,-26.74703],[149.6737,-26.74074],[149.67601,-26.72636],[149.67502,-26.69733],[149.6712,-26.66847],[149.69197,-26.64864],[149.69274,-26.64387],[149.69675,-26.64382],[149.70189,-26.61089],[149.66718,-26.60625],[149.67018,-26.58786],[149.69638,-26.59124],[149.70043,-26.56665],[149.69572,-26.56604],[149.69815,-26.55091],[149.70114,-26.55215],[149.70764,-26.55299],[149.71072,-26.53373],[149.70291,-26.53268],[149.70523,-26.51819],[149.69714,-26.51713],[149.6978,-26.51305],[149.70162,-26.50464],[149.70216,-26.5025],[149.70142,-26.49852],[149.70405,-26.49653],[149.70447,-26.49205],[149.70751,-26.49053],[149.71417,-26.48139],[149.72764,-26.47054],[149.68539,-26.46505],[149.70395,-26.45251],[149.72196,-26.43672],[149.72835,-26.43728],[149.73166,-26.41677],[149.74619,-26.41866],[149.75075,-26.39013],[149.75796,-26.38915],[149.77212,-26.39334],[149.77317,-26.4013],[149.80505,-26.39368],[149.82165,-26.37981],[149.83134,-26.31754],[149.81387,-26.30917],[149.81649,-26.30301],[149.77235,-26.29738],[149.77229,-26.29776],[149.71834,-26.29085],[149.70786,-26.30478],[149.70933,-26.30623],[149.70796,-26.31243],[149.70479,-26.30957],[149.70159,-26.31168],[149.69838,-26.30986],[149.69143,-26.31109],[149.68659,-26.30756],[149.67572,-26.30638],[149.67379,-26.30979],[149.66601,-26.30895],[149.66478,-26.31038],[149.66219,-26.30853],[149.64873,-26.30706],[149.64338,-26.30069],[149.63121,-26.29937],[149.62292,-26.29875],[149.61791,-26.30137],[149.61624,-26.30116],[149.6139,-26.30345],[149.61457,-26.3081],[149.56928,-26.30325],[149.56542,-26.33254],[149.5622,-26.33133],[149.55921,-26.33171],[149.55614,-26.33308],[149.55326,-26.33142],[149.5502,-26.33259],[149.54664,-26.32767],[149.54336,-26.33086],[149.53906,-26.32956],[149.53107,-26.33413],[149.52808,-26.33346],[149.51601,-26.33552],[149.50494,-26.33597],[149.5031,-26.33548],[149.50344,-26.33321],[149.50673,-26.32908],[149.51005,-26.32697],[149.51209,-26.32306],[149.50775,-26.30862],[149.49797,-26.30356],[149.49394,-26.30389],[149.49374,-26.3019],[149.51138,-26.29477],[149.51195,-26.29051],[149.47418,-26.2864],[149.47395,-26.29131],[149.47567,-26.29604],[149.46423,-26.31145],[149.46281,-26.3103],[149.44333,-26.30286],[149.43387,-26.29779],[149.42723,-26.29097],[149.40025,-26.27649],[149.39961,-26.27677],[149.39988,-26.28383],[149.40127,-26.28747],[149.37502,-26.28647],[149.34983,-26.29134],[149.34126,-26.29025],[149.32488,-26.28401],[149.29764,-26.28234],[149.28273,-26.28796],[149.2815,-26.29307],[149.27744,-26.29461],[149.2725,-26.29953],[149.24035,-26.30208],[149.23432,-26.30239],[149.21628,-26.30381],[149.20611,-26.30655],[149.18411,-26.32186],[149.18013,-26.31335],[149.17327,-26.31055],[149.15618,-26.30812],[149.15328,-26.30516],[149.15962,-26.29669],[149.16684,-26.28393],[149.16209,-26.25963],[149.15454,-26.2509],[149.15938,-26.24605],[149.16284,-26.2387],[149.16209,-26.23093],[149.16418,-26.21105],[149.16367,-26.19743],[149.16565,-26.19618],[149.17191,-26.19013],[149.17428,-26.18431],[149.17861,-26.17696],[149.17482,-26.16294],[149.18373,-26.16214],[149.19007,-26.15348],[149.19832,-26.1483],[149.2001,-26.14578],[149.20377,-26.13847],[149.20352,-26.13449],[149.20448,-26.12758],[149.22064,-26.11536],[149.21757,-26.09264],[149.21212,-26.07544],[149.21703,-26.06836],[149.21704,-26.06045],[149.21803,-26.05315],[149.13519,-26.04388],[149.13346,-26.03937],[149.13251,-26.03967],[149.12439,-26.01848],[149.12953,-26.01305],[149.13011,-26.00119],[149.12742,-26.00255],[149.12335,-26.0011],[149.122,-25.9977],[149.11657,-25.99805],[149.09727,-25.94783],[149.0944,-25.94033],[149.10828,-25.87335],[149.1044,-25.86643],[149.10133,-25.86345],[149.09918,-25.86275],[149.09707,-25.8606],[149.09171,-25.85934],[149.08491,-25.85437],[149.0761,-25.84432],[149.0757,-25.84349],[149.07173,-25.84317],[149.06815,-25.8423],[149.06531,-25.83854],[149.06233,-25.8382],[149.06087,-25.83466],[149.05514,-25.82871],[149.04999,-25.82805],[149.05377,-25.82625],[149.05283,-25.82464],[149.04399,-25.82302],[149.04349,-25.82182],[149.03117,-25.80828],[149.02668,-25.80271],[149.02494,-25.79906],[149.02542,-25.79503],[149.02904,-25.78384],[149.03118,-25.77556],[149.03123,-25.76852],[149.02919,-25.76885],[149.02597,-25.76795],[149.02168,-25.76876],[149.01741,-25.7713],[149.01303,-25.77456],[149.0075,-25.77632],[148.99955,-25.77935],[148.99651,-25.78085],[148.99024,-25.78155],[148.98604,-25.78254],[148.97693,-25.78755],[148.96831,-25.78967],[148.96362,-25.79268],[148.94496,-25.77118],[148.91095,-25.76755],[148.90879,-25.76603],[148.90958,-25.76121],[148.90069,-25.76009],[148.92376,-25.74055],[148.92128,-25.73247],[148.92253,-25.72969],[148.91982,-25.72877],[148.92135,-25.72538],[148.92695,-25.72481],[148.92857,-25.72337],[148.9285,-25.72066],[148.92535,-25.71904],[148.92521,-25.71553],[148.92812,-25.71129],[148.92872,-25.70864],[148.92616,-25.70611],[148.92544,-25.70322],[148.93208,-25.6991],[148.93439,-25.6995],[148.93692,-25.69827],[148.93684,-25.69714],[148.93999,-25.69387],[148.94009,-25.69066],[148.93834,-25.68791],[148.93946,-25.68526],[148.94263,-25.6855],[148.94936,-25.69278],[148.95539,-25.69221],[148.95705,-25.69289],[148.96419,-25.69927],[148.96729,-25.70379],[148.96925,-25.71141],[148.97278,-25.71317],[148.97802,-25.70865],[148.9812,-25.70829],[148.99576,-25.69759],[149.0014,-25.6974],[149.00631,-25.69547],[149.00952,-25.6931],[149.01226,-25.68703],[149.01573,-25.68168],[149.01936,-25.68146],[149.0315,-25.67274],[149.03989,-25.67575],[149.05638,-25.66982],[149.05467,-25.66831],[149.05353,-25.66435],[149.0541,-25.66162],[149.05763,-25.65675],[149.06046,-25.65151],[149.0645,-25.64949],[149.06511,-25.64725],[149.06405,-25.64584],[149.06045,-25.64615],[149.05286,-25.65007],[149.04991,-25.64882],[149.04872,-25.64577],[149.04849,-25.64316],[149.04981,-25.63951],[149.05234,-25.63712],[149.05814,-25.63403],[149.06056,-25.63232],[149.06142,-25.62982],[149.06046,-25.62681],[149.05808,-25.62545],[149.05113,-25.62439],[149.04788,-25.62293],[149.04533,-25.62307],[149.04451,-25.62431],[149.04499,-25.62845],[149.04171,-25.63146],[149.04101,-25.63661],[149.03814,-25.63834],[149.03641,-25.64156],[149.03491,-25.64231],[149.03256,-25.6397],[149.03265,-25.63839],[149.03852,-25.63159],[149.03754,-25.62838],[149.03267,-25.62704],[149.02942,-25.62289],[149.02871,-25.62102],[149.02633,-25.61875],[149.02205,-25.61821],[149.01836,-25.61662],[149.01386,-25.61359],[149.01259,-25.61149],[149.01427,-25.60881],[149.01875,-25.6098],[149.02388,-25.61193],[149.02581,-25.61105],[149.02649,-25.60936],[149.02469,-25.60676],[149.02007,-25.6037],[149.01604,-25.60317],[149.01037,-25.60172],[149.00323,-25.60195],[148.99652,-25.60064],[148.99221,-25.6007],[148.99018,-25.60364],[148.99029,-25.60606],[148.99198,-25.61013],[148.99553,-25.61465],[148.99497,-25.61775],[148.99196,-25.61868],[148.98846,-25.61611],[148.98549,-25.61219],[148.98546,-25.61008],[148.98699,-25.60297],[148.98627,-25.59849],[148.98777,-25.59399],[148.98791,-25.59006],[148.98535,-25.58737],[149.02453,-25.55973],[148.93836,-25.45916],[148.93776,-25.46272],[148.93923,-25.46423],[148.93496,-25.46564],[148.92799,-25.46377],[148.91915,-25.46812],[148.90727,-25.46788],[148.90524,-25.47194],[148.90063,-25.47296],[148.877,-25.47035],[148.87292,-25.46165],[148.86378,-25.46518],[148.83363,-25.46042],[148.83203,-25.45874],[148.82989,-25.45837],[148.82466,-25.45413],[148.82155,-25.45468],[148.81508,-25.45244],[148.81377,-25.44801],[148.81244,-25.44635],[148.8138,-25.44382],[148.80912,-25.44066],[148.8044,-25.44082],[148.80022,-25.44384],[148.80061,-25.44593],[148.79796,-25.44542],[148.79574,-25.44279],[148.79378,-25.44203],[148.79108,-25.43911],[148.78599,-25.43753],[148.78369,-25.4359],[148.77929,-25.43606],[148.77585,-25.4349],[148.77476,-25.43167],[148.76549,-25.42424],[148.76364,-25.41944],[148.76169,-25.41734],[148.75352,-25.41574],[148.74405,-25.41323],[148.7399,-25.41054],[148.7371,-25.40974],[148.73475,-25.40711],[148.72581,-25.40082],[148.7252,-25.39566],[148.72721,-25.39317],[148.72482,-25.39033],[148.71897,-25.38872],[148.71891,-25.38694],[148.72665,-25.34261],[148.73317,-25.3378],[148.73349,-25.3337],[148.7389,-25.32765],[148.74737,-25.32425],[148.74705,-25.31873],[148.74867,-25.31686],[148.74776,-25.3149],[148.75148,-25.31448],[148.75257,-25.31294],[148.75917,-25.3108],[148.75639,-25.30389],[148.75263,-25.29694],[148.74528,-25.27979],[148.7383,-25.27825],[148.73519,-25.27967],[148.73694,-25.28274],[148.73722,-25.2849],[148.73448,-25.28675],[148.72794,-25.28744],[148.72441,-25.28592],[148.72125,-25.28625],[148.7181,-25.28373],[148.71587,-25.28123],[148.7118,-25.28019],[148.70822,-25.27809],[148.70307,-25.28258],[148.7023,-25.2839],[148.69797,-25.28545],[148.69389,-25.28486],[148.68819,-25.28143],[148.68437,-25.28068],[148.683,-25.28332],[148.68365,-25.28566],[148.68263,-25.28801],[148.67994,-25.28871],[148.67876,-25.29163],[148.6773,-25.30066],[148.6734,-25.30533],[148.66986,-25.30555],[148.66872,-25.30945],[148.66666,-25.31042],[148.66104,-25.30668],[148.65814,-25.30243],[148.65584,-25.30066],[148.65274,-25.29623],[148.65002,-25.29442],[148.64914,-25.292],[148.64679,-25.28918],[148.64534,-25.28587],[148.64377,-25.28425],[148.6409,-25.28326],[148.63744,-25.27938],[148.63102,-25.27924],[148.62567,-25.27994],[148.61304,-25.27652],[148.61067,-25.27468],[148.60793,-25.27413],[148.60387,-25.2742],[148.60169,-25.2749],[148.60034,-25.27218],[148.59812,-25.27145],[148.5966,-25.26932],[148.59671,-25.26634],[148.59157,-25.26134],[148.58685,-25.25897],[148.58485,-25.25691],[148.5809,-25.25511],[148.5755,-25.25469],[148.56884,-25.24959],[148.56659,-25.2495],[148.55704,-25.25323],[148.55288,-25.2536],[148.54802,-25.25183],[148.54339,-25.24687],[148.53828,-25.24517],[148.53086,-25.24396],[148.52499,-25.24453],[148.52099,-25.24328],[148.51626,-25.24312],[148.51243,-25.24577],[148.51061,-25.24606],[148.50308,-25.24473],[148.48799,-25.24641],[148.48397,-25.24361],[148.48136,-25.243],[148.46966,-25.24473],[148.46525,-25.24764],[148.45759,-25.25163],[148.45247,-25.2549],[148.44934,-25.25644],[148.44342,-25.25549],[148.43999,-25.2533],[148.43621,-25.25307],[148.42981,-25.25128],[148.42578,-25.24866],[148.42067,-25.24952],[148.41721,-25.25589],[148.41667,-25.25874],[148.41383,-25.2599],[148.40954,-25.25922],[148.40784,-25.2583],[148.40747,-25.25419],[148.40499,-25.25283],[148.40415,-25.25064],[148.40082,-25.24683],[148.39952,-25.24387],[148.39715,-25.24406],[148.39287,-25.24286],[148.38921,-25.24455],[148.38692,-25.244],[148.38358,-25.24519],[148.38189,-25.2427],[148.37856,-25.23981],[148.37851,-25.23558],[148.37529,-25.23372],[148.36868,-25.23134],[148.36046,-25.23477],[148.35744,-25.23131],[148.35166,-25.22945],[148.34966,-25.2233],[148.34747,-25.22036],[148.33675,-25.21805],[148.33486,-25.21542],[148.32986,-25.21398],[148.32598,-25.21018],[148.32319,-25.21023],[148.31791,-25.21185],[148.3147,-25.21161],[148.31216,-25.21272],[148.30864,-25.21192],[148.30531,-25.21193],[148.30617,-25.20354],[148.30391,-25.19887],[148.30015,-25.19363],[148.2954,-25.19011],[148.29621,-25.18845],[148.29526,-25.18586],[148.29259,-25.18162],[148.29398,-25.17774],[148.29164,-25.17486],[148.29428,-25.16571],[148.29564,-25.16446],[148.29085,-25.16109],[148.28979,-25.16123],[148.28409,-25.15881],[148.28168,-25.15863],[148.28151,-25.15706],[148.27585,-25.15303],[148.27463,-25.15052],[148.27656,-25.14873],[148.26815,-25.14519],[148.26854,-25.14373],[148.26628,-25.14087],[148.26399,-25.13952],[148.26072,-25.13563],[148.25526,-25.13357],[148.25438,-25.13092],[148.25206,-25.12946],[148.25155,-25.12755],[148.24754,-25.1254],[148.24152,-25.12032],[148.24,-25.1174],[148.2358,-25.11427],[148.2353,-25.11232],[148.23623,-25.11037],[148.23413,-25.10057],[148.22854,-25.09862],[148.22484,-25.09471],[148.21292,-25.08643],[148.20958,-25.08013],[148.20545,-25.07923],[148.20057,-25.08044],[148.19828,-25.08179],[148.18738,-25.08119],[148.18512,-25.08012],[148.18073,-25.07943],[148.17477,-25.08429],[148.17058,-25.08515],[148.16528,-25.08379],[148.1605,-25.08401],[148.15245,-25.06758],[148.1521,-25.06469],[148.14959,-25.06133],[148.14476,-25.06126],[148.14335,-25.05985],[148.14169,-25.05522],[148.13394,-25.04313],[148.13148,-25.04414],[148.12737,-25.04479],[148.12284,-25.04346],[148.12131,-25.04137],[148.12148,-25.03811],[148.12089,-25.03502],[148.11633,-25.03156],[148.11532,-25.02808],[148.11754,-25.02391],[148.11699,-25.02214],[148.11351,-25.0208],[148.10893,-25.02154],[148.10473,-25.01928],[148.10462,-25.01727],[148.10016,-25.01507],[148.09404,-25.01359],[148.09221,-25.01116],[148.08933,-25.00904],[148.08761,-25.00549],[148.08702,-25.00247],[148.08341,-25.00076],[148.08386,-24.9965],[148.08039,-24.98906],[148.07911,-24.98797],[148.07886,-24.9851],[148.07771,-24.98402],[148.07831,-24.98207],[148.07585,-24.97875],[148.07644,-24.97593],[148.07592,-24.97259],[148.07959,-24.97011],[148.07786,-24.96737],[148.07747,-24.96462],[148.07428,-24.95719],[148.07844,-24.94835],[148.07619,-24.9452],[148.0758,-24.94155],[148.07282,-24.93926],[148.06994,-24.93802],[148.06879,-24.9365],[148.06601,-24.93527],[148.06371,-24.93287],[148.0623,-24.93001],[148.06289,-24.92477],[148.06006,-24.92208],[148.05917,-24.91872],[148.05714,-24.91603],[148.05731,-24.91418],[148.05493,-24.91255],[148.04751,-24.91106],[148.04416,-24.90978],[148.04114,-24.91026],[148.03636,-24.91221],[148.03257,-24.91187],[148.02982,-24.91093],[148.02669,-24.90772],[148.02292,-24.90564],[148.01929,-24.90463],[148.01661,-24.90207],[148.01489,-24.89887],[148.01257,-24.89878],[148.00662,-24.89744],[148.00112,-24.89731],[147.99942,-24.89783],[147.99773,-24.89981],[147.99428,-24.90064],[147.99201,-24.89749],[147.98962,-24.89535],[147.98637,-24.89101],[147.98514,-24.89085],[147.97979,-24.8836],[147.9794,-24.88107],[147.97619,-24.87861],[147.97254,-24.87844],[147.96538,-24.87973],[147.96277,-24.87887],[147.95446,-24.87912],[147.95072,-24.88071],[147.9519,-24.88321],[147.95454,-24.88625],[147.95427,-24.88886],[147.95228,-24.88896],[147.94821,-24.89518],[147.94624,-24.89541],[147.94007,-24.9],[147.93551,-24.90183],[147.93148,-24.90702],[147.92835,-24.90926],[147.92536,-24.91398],[147.92235,-24.92051],[147.91857,-24.91936],[147.90884,-24.9209],[147.90732,-24.91972],[147.90417,-24.92057],[147.9042,-24.91821],[147.90224,-24.91785],[147.90057,-24.9194],[147.89794,-24.9181],[147.89517,-24.91839],[147.89127,-24.92227],[147.89124,-24.92594],[147.89268,-24.92718],[147.89255,-24.92918],[147.89485,-24.93399],[147.89817,-24.93758],[147.89688,-24.93952],[147.89473,-24.93962],[147.88768,-24.93625],[147.88416,-24.93863],[147.88404,-24.94044],[147.88222,-24.94261],[147.87929,-24.94018],[147.87068,-24.94578],[147.86944,-24.94826],[147.87247,-24.95062],[147.87166,-24.95372],[147.86093,-24.95433],[147.8595,-24.95672],[147.85418,-24.95825],[147.85185,-24.96066],[147.85335,-24.96281],[147.85052,-24.96356],[147.84949,-24.96507],[147.84502,-24.96559],[147.84172,-24.96445],[147.83965,-24.96547],[147.84004,-24.96686],[147.83459,-24.96999],[147.83394,-24.9726],[147.8299,-24.97107],[147.82482,-24.97359],[147.82256,-24.97146],[147.82012,-24.97292],[147.81834,-24.97218],[147.81717,-24.9736],[147.81399,-24.96992],[147.80789,-24.97711],[147.80871,-24.97876],[147.80553,-24.98226],[147.80433,-24.98663],[147.80068,-24.99094],[147.79948,-24.99424],[147.7934,-24.99698],[147.79244,-25.00346],[147.79109,-25.00688],[147.78062,-25.01878],[147.78079,-25.02641],[147.77819,-25.02733],[147.77294,-25.02562],[147.76917,-25.02682],[147.77098,-25.02898],[147.76877,-25.03201],[147.7668,-25.03173],[147.76587,-25.03374],[147.76388,-25.03362],[147.76252,-25.03165],[147.75156,-25.0317],[147.75019,-25.03038],[147.74753,-25.03162],[147.74724,-25.0334],[147.73924,-25.0325],[147.7342,-25.03779],[147.73247,-25.03744],[147.72594,-25.03277],[147.71931,-25.02269],[147.71328,-25.02058],[147.70802,-25.01813],[147.70264,-25.01357],[147.69989,-25.01171],[147.69068,-25.00896],[147.68353,-25.00738],[147.65922,-25.00445],[147.65518,-25.03304],[147.65342,-25.04433],[147.64875,-25.07667],[147.66377,-25.07886],[147.67543,-25.08016],[147.6623,-25.17801],[147.65521,-25.2308],[147.55427,-25.21905],[147.54122,-25.31161],[147.48585,-25.3051],[147.44041,-25.29993],[147.35921,-25.2907],[147.35901,-25.29318],[147.36027,-25.2965],[147.36099,-25.30018],[147.36227,-25.3118],[147.36275,-25.3192],[147.36214,-25.32236],[147.38997,-25.34325],[147.39125,-25.34633],[147.39311,-25.35415],[147.38453,-25.37546],[147.37285,-25.37434],[147.35593,-25.5011],[147.30495,-25.49538],[147.29613,-25.56114],[147.28548,-25.64049],[147.26085,-25.63777],[147.17933,-25.62922],[147.16759,-25.72098],[147.16016,-25.78104],[147.25863,-25.79203],[147.25882,-25.79386],[147.25613,-25.7973],[147.25734,-25.8013],[147.26012,-25.80639],[147.2676,-25.81515],[147.27199,-25.82447],[147.27195,-25.82577],[147.27585,-25.8358],[147.27633,-25.84817],[147.27631,-25.85853],[147.27539,-25.86272],[147.27587,-25.86546],[147.27525,-25.87639],[147.27549,-25.87741],[147.27954,-25.87921],[147.2797,-25.88114],[147.27796,-25.88403],[147.28013,-25.88626],[147.28018,-25.88788],[147.28238,-25.89163],[147.28432,-25.89609],[147.28622,-25.90364],[147.28361,-25.90594],[147.28349,-25.90937],[147.28119,-25.91066],[147.28062,-25.91309],[147.2825,-25.91499],[147.2901,-25.91765],[147.29951,-25.91982],[147.30335,-25.92199],[147.31064,-25.92241],[147.31221,-25.92458],[147.3132,-25.92744],[147.32037,-25.92802],[147.32304,-25.92952],[147.32594,-25.92847],[147.3297,-25.92971],[147.3334,-25.93208],[147.33926,-25.9323],[147.35154,-25.92862],[147.35624,-25.93756],[147.35965,-25.93987],[147.36471,-25.93966],[147.37092,-25.94224],[147.38293,-25.95388],[147.39771,-25.96887],[147.39916,-25.97001],[147.40295,-25.97049],[147.40707,-25.97356],[147.41137,-25.9708],[147.41862,-25.97061],[147.42472,-25.97121],[147.42827,-25.9746],[147.43595,-25.97661],[147.44108,-25.97629],[147.45097,-25.97821],[147.45471,-25.98038],[147.45343,-25.99173],[147.44221,-26.01019],[147.44179,-26.01336],[147.44816,-26.01743],[147.44862,-26.02031],[147.44765,-26.02809],[147.44981,-26.04156],[147.45167,-26.04554],[147.44937,-26.04691],[147.44957,-26.05165],[147.44491,-26.05489],[147.44411,-26.05751],[147.44156,-26.05919],[147.441,-26.06483],[147.44389,-26.06631],[147.44834,-26.07893],[147.45132,-26.08136],[147.44414,-26.13424],[147.43403,-26.14019],[147.41523,-26.13797],[147.40728,-26.14354],[147.40056,-26.1386],[147.38276,-26.13366],[147.3764,-26.13811],[147.37074,-26.13956],[147.36503,-26.1433],[147.35934,-26.15558],[147.36035,-26.16404],[147.35938,-26.16794],[147.35941,-26.17314],[147.36996,-26.18103],[147.37093,-26.18298],[147.36898,-26.18617],[147.36872,-26.1886],[147.36688,-26.19263],[147.3676,-26.19438],[147.35937,-26.2153],[147.35939,-26.21855],[147.35854,-26.22048],[147.35582,-26.23881],[147.37914,-26.2414],[147.37821,-26.25067],[147.3733,-26.28692],[147.34387,-26.28289],[147.33046,-26.37116],[147.32994,-26.37111],[147.32742,-26.38989],[147.32717,-26.39052],[147.32166,-26.42835],[147.32195,-26.42986],[147.32109,-26.43585],[147.31772,-26.43508],[147.31269,-26.47158],[147.30502,-26.52751],[147.23119,-26.51922],[147.22371,-26.52388],[147.21683,-26.52702],[147.21621,-26.5287],[147.20987,-26.57378],[147.24259,-26.57748],[147.24633,-26.58109],[147.24906,-26.59515],[147.24443,-26.60204],[147.23838,-26.64527],[147.238,-26.66705],[147.23763,-26.69943],[147.23047,-26.7188],[147.22141,-26.74299],[147.22129,-26.78692],[147.22068,-26.81615],[147.21979,-26.87456],[147.21928,-26.87715],[147.21424,-26.90985],[147.20579,-26.96743],[147.13391,-26.96151],[147.13397,-26.96205],[147.06437,-26.95636],[147.06384,-26.9594],[147.0576,-27.00059],[147.04921,-27.01121],[147.04318,-27.04917],[147.03843,-27.08382],[147.03143,-27.0829],[147.03018,-27.09225],[147.0961,-27.09934],[147.09666,-27.09976],[147.08711,-27.17111],[147.08161,-27.17054],[147.06411,-27.24476],[147.05582,-27.30533],[147.0518,-27.33415],[147.04725,-27.36554],[147.04504,-27.39382],[147.04376,-27.40637],[147.04978,-27.40712],[147.04298,-27.45299],[147.03995,-27.47532],[147.05269,-27.47612],[147.05404,-27.48517],[147.05675,-27.50649],[147.06045,-27.53656],[147.06145,-27.54448],[147.06452,-27.55719],[147.06327,-27.5661],[147.14292,-27.57489],[147.13121,-27.64896],[147.12101,-27.71336],[147.12125,-27.71395],[147.11673,-27.75531],[147.11719,-27.76143],[147.1081,-27.81781],[147.1095,-27.82476],[147.11796,-27.85738],[147.1163,-27.86389],[147.10973,-27.89585],[147.12425,-27.89802],[147.12474,-27.89636],[147.1304,-27.897],[147.20611,-27.90711],[147.20857,-27.89257],[147.24663,-27.89742],[147.28623,-27.90274],[147.29121,-27.86808],[147.3089,-27.87067],[147.32511,-27.87256],[147.35308,-27.87622],[147.36927,-27.87825],[147.38163,-27.87961],[147.41818,-27.8847],[147.4382,-27.88715],[147.44441,-27.88734],[147.44317,-27.87275],[147.4452,-27.8522],[147.44794,-27.83096],[147.45564,-27.83209],[147.48515,-27.83592],[147.50659,-27.83863],[147.51615,-27.83966],[147.56074,-27.84494],[147.56732,-27.80309],[147.57022,-27.78391],[147.577,-27.74139],[147.58273,-27.70613],[147.58915,-27.70465],[147.63686,-27.70992],[147.63669,-27.70959],[147.64864,-27.62569],[147.69581,-27.63149],[147.71452,-27.63358],[147.74056,-27.63686],[147.74302,-27.63304],[147.74697,-27.62845],[147.75476,-27.62399],[147.76531,-27.61465],[147.77363,-27.61143],[147.81255,-27.61616],[147.84112,-27.61989],[147.88912,-27.62566],[147.91574,-27.62902],[147.91483,-27.61215],[147.91499,-27.60608],[147.91814,-27.58776],[148.01342,-27.59829],[148.01743,-27.59984],[148.01639,-27.63123],[148.01066,-27.64056],[148.01096,-27.6549],[148.05596,-27.62363],[148.0961,-27.66941],[148.14651,-27.63435],[148.15077,-27.63266],[148.16651,-27.6217],[148.16676,-27.62198],[148.18189,-27.61144],[148.18329,-27.61156],[148.18669,-27.61503],[148.22257,-27.6559],[148.24591,-27.63961],[148.28398,-27.68286],[148.3364,-27.64753],[148.36041,-27.63151],[148.36787,-27.62988],[148.37277,-27.62662],[148.40891,-27.6016],[148.41473,-27.59721],[148.41602,-27.59746],[148.41998,-27.60137],[148.42259,-27.60503],[148.42657,-27.60704],[148.43332,-27.60923],[148.43676,-27.61155],[148.44299,-27.61394],[148.44971,-27.61604],[148.45493,-27.61838],[148.45974,-27.62211],[148.48433,-27.60549],[148.51014,-27.60843],[148.50998,-27.61595],[148.59088,-27.62471],[148.58751,-27.64912],[148.58688,-27.65231],[148.58442,-27.67275],[148.58386,-27.67512],[148.65544,-27.68324],[148.71762,-27.6903],[148.73411,-27.69234],[148.73484,-27.6928],[148.74097,-27.69277],[148.74347,-27.68948],[148.74283,-27.68823],[148.73964,-27.68668],[148.73798,-27.68439],[148.73799,-27.67984],[148.74039,-27.67328],[148.7393,-27.66893],[148.73695,-27.66562],[148.73627,-27.66304],[148.7359,-27.65225],[148.73675,-27.64944],[148.73888,-27.6467],[148.74034,-27.64372],[148.74074,-27.64117],[148.74386,-27.63699],[148.74434,-27.63415],[148.74355,-27.62985],[148.74016,-27.62609],[148.73477,-27.62272],[148.73275,-27.61833],[148.72992,-27.61427],[148.73027,-27.60889],[148.72872,-27.60212],[148.72599,-27.60074],[148.72231,-27.60098],[148.72541,-27.579],[148.77388,-27.58439],[148.78262,-27.5701],[148.83993,-27.57684],[148.83891,-27.58855],[148.83546,-27.61449],[148.91103,-27.62294],[149.00242,-27.633],[149.02293,-27.59696],[149.03172,-27.58134],[149.0416,-27.58237],[149.05645,-27.58903],[149.05091,-27.62641],[149.1298,-27.63591],[149.1899,-27.64306],[149.18499,-27.67612],[149.21852,-27.67959],[149.25452,-27.68318],[149.26236,-27.68389],[149.2994,-27.68758],[149.29954,-27.68928],[149.37556,-27.69716],[149.42742,-27.70251],[149.43133,-27.70361],[149.43082,-27.70567],[149.42698,-27.70598],[149.42426,-27.70739],[149.42186,-27.71137],[149.42141,-27.7138],[149.42533,-27.71539],[149.42798,-27.71582],[149.42664,-27.72038],[149.42376,-27.72191],[149.42111,-27.72185],[149.42122,-27.72459],[149.42421,-27.72711],[149.4252,-27.73002],[149.42955,-27.73408],[149.42985,-27.73666],[149.42721,-27.73785],[149.42647,-27.73982],[149.42184,-27.74411],[149.4205,-27.74696],[149.4245,-27.75012]]]},"properties":{"LGA Code":"4860","Abbreviated Name":"Maranoa","LGA Name":"Maranoa Regional","Area Sq Km":58712.43381,"LDMG Name":"Maranoa","Police Region Name":"Southern Region","Police Region Code":"SR","Police Region Short Name":"Southern"}},{"type":"Feature","geometry":{"type":"Polygon","coordinates":[[[145.46235,-25.50363],[145.46258,-25.50818],[145.46029,-25.51161],[145.45857,-25.5221],[145.45694,-25.53738],[145.45577,-25.54449],[145.45242,-25.57181],[145.45069,-25.58477],[145.44578,-25.62682],[145.44445,-25.63603],[145.44146,-25.66076],[145.43931,-25.67479],[145.4362,-25.70369],[145.43429,-25.71811],[145.42792,-25.75963],[145.4231,-25.79182],[145.4305,-25.79248],[145.42417,-25.8437],[145.41839,-25.88684],[145.41473,-25.91515],[145.41413,-25.91509],[145.40838,-25.95809],[145.42271,-25.95981],[145.4128,-26.02321],[145.37372,-26.01855],[145.36455,-26.08555],[145.35796,-26.13703],[145.35522,-26.1603],[145.31499,-26.15591],[145.29977,-26.15445],[145.29357,-26.20875],[145.28284,-26.30264],[145.31495,-26.30524],[145.3179,-26.30395],[145.31974,-26.30406],[145.32215,-26.30553],[145.32628,-26.30553],[145.3302,-26.30457],[145.32495,-26.34365],[145.32531,-26.34553],[145.31673,-26.40953],[145.30993,-26.46019],[145.35862,-26.46548],[145.34563,-26.56246],[145.33931,-26.61022],[145.31647,-26.61635],[145.29376,-26.63082],[145.28925,-26.63382],[145.28472,-26.63613],[145.28759,-26.64044],[145.28823,-26.64808],[145.28959,-26.65033],[145.29312,-26.66007],[145.29789,-26.66608],[145.30459,-26.6737],[145.30879,-26.67936],[145.32198,-26.68436],[145.32984,-26.7024],[145.32778,-26.70365],[145.3271,-26.70732],[145.32479,-26.72627],[145.32345,-26.72903],[145.32288,-26.73211],[145.32339,-26.73472],[145.32226,-26.73618],[145.32269,-26.7397],[145.32092,-26.75514],[145.30341,-26.75294],[145.29957,-26.75334],[145.27383,-26.75133],[145.27069,-26.7792],[145.268,-26.80122],[145.26502,-26.82953],[145.26172,-26.86255],[145.26006,-26.88065],[145.25877,-26.88452],[145.25953,-26.88692],[145.25956,-26.89113],[145.25751,-26.89505],[145.2588,-26.89689],[145.25707,-26.92443],[145.25543,-26.958],[145.2542,-26.95924],[145.25487,-26.96901],[145.25296,-27.00639],[145.25914,-27.00699],[145.25483,-27.0401],[145.29304,-27.04435],[145.33532,-27.04868],[145.36752,-27.05206],[145.44807,-27.06027],[145.46101,-27.0604],[145.51543,-27.06531],[145.55577,-27.06897],[145.57599,-27.07133],[145.59907,-27.07513],[145.60093,-27.06154],[145.62089,-27.06352],[145.62338,-27.04423],[145.63201,-27.04423],[145.65056,-27.04627],[145.68279,-27.04955],[145.68286,-27.049],[145.70885,-27.05161],[145.70939,-27.05221],[145.79531,-27.06141],[145.80143,-27.01643],[145.80703,-26.97576],[145.86307,-26.98111],[145.95496,-26.98982],[145.98602,-26.99317],[146.00433,-26.99557],[146.07031,-27.00026],[146.07036,-26.99977],[146.1163,-27.00306],[146.22896,-27.01108],[146.22095,-27.082],[146.31299,-27.09046],[146.36263,-27.095],[146.45466,-27.10336],[146.46122,-27.1048],[146.45292,-27.1745],[146.46905,-27.17616],[146.50336,-27.17954],[146.54271,-27.18331],[146.57592,-27.18655],[146.57681,-27.17924],[146.58498,-27.18013],[146.58399,-27.18734],[146.59407,-27.18831],[146.59848,-27.19232],[146.60498,-27.19304],[146.60425,-27.20074],[146.59771,-27.25422],[146.59411,-27.28675],[146.59079,-27.31565],[146.58483,-27.32873],[146.59666,-27.32989],[146.64513,-27.33484],[146.66936,-27.3374],[146.66168,-27.39525],[146.65954,-27.41183],[146.64995,-27.41031],[146.64833,-27.4237],[146.63998,-27.49073],[146.65439,-27.49254],[146.67898,-27.49589],[146.6989,-27.49838],[146.72202,-27.50104],[146.7389,-27.50282],[146.76434,-27.5058],[146.77729,-27.50747],[146.79612,-27.51025],[146.81203,-27.51292],[146.85005,-27.51985],[146.86786,-27.52249],[146.87757,-27.52419],[146.88969,-27.52574],[146.90284,-27.52266],[146.92661,-27.52615],[146.9964,-27.53649],[147.04537,-27.54366],[147.06045,-27.53656],[147.05675,-27.50649],[147.05404,-27.48517],[147.05269,-27.47612],[147.03995,-27.47532],[147.04298,-27.45299],[147.04978,-27.40712],[147.04376,-27.40637],[147.04504,-27.39382],[147.04725,-27.36554],[147.0518,-27.33415],[147.05582,-27.30533],[147.06411,-27.24476],[147.08161,-27.17054],[147.08711,-27.17111],[147.09666,-27.09976],[147.0961,-27.09934],[147.03018,-27.09225],[147.03143,-27.0829],[147.03843,-27.08382],[147.04318,-27.04917],[147.04921,-27.01121],[147.0576,-27.00059],[147.06384,-26.9594],[147.06437,-26.95636],[147.13397,-26.96205],[147.13391,-26.96151],[147.20579,-26.96743],[147.21424,-26.90985],[147.21928,-26.87715],[147.21979,-26.87456],[147.22068,-26.81615],[147.22129,-26.78692],[147.22141,-26.74299],[147.23047,-26.7188],[147.23763,-26.69943],[147.238,-26.66705],[147.23838,-26.64527],[147.24443,-26.60204],[147.24906,-26.59515],[147.24633,-26.58109],[147.24259,-26.57748],[147.20987,-26.57378],[147.21621,-26.5287],[147.21683,-26.52702],[147.22371,-26.52388],[147.23119,-26.51922],[147.30502,-26.52751],[147.31269,-26.47158],[147.31772,-26.43508],[147.32109,-26.43585],[147.32195,-26.42986],[147.32166,-26.42835],[147.32717,-26.39052],[147.32742,-26.38989],[147.32994,-26.37111],[147.33046,-26.37116],[147.34387,-26.28289],[147.3733,-26.28692],[147.37821,-26.25067],[147.37914,-26.2414],[147.35582,-26.23881],[147.35854,-26.22048],[147.35939,-26.21855],[147.35937,-26.2153],[147.3676,-26.19438],[147.36688,-26.19263],[147.36872,-26.1886],[147.36898,-26.18617],[147.37093,-26.18298],[147.36996,-26.18103],[147.35941,-26.17314],[147.35938,-26.16794],[147.36035,-26.16404],[147.35934,-26.15558],[147.36503,-26.1433],[147.37074,-26.13956],[147.3764,-26.13811],[147.38276,-26.13366],[147.40056,-26.1386],[147.40728,-26.14354],[147.41523,-26.13797],[147.43403,-26.14019],[147.44414,-26.13424],[147.45132,-26.08136],[147.44834,-26.07893],[147.44389,-26.06631],[147.441,-26.06483],[147.44156,-26.05919],[147.44411,-26.05751],[147.44491,-26.05489],[147.44957,-26.05165],[147.44937,-26.04691],[147.45167,-26.04554],[147.44981,-26.04156],[147.44765,-26.02809],[147.44862,-26.02031],[147.44816,-26.01743],[147.44179,-26.01336],[147.44221,-26.01019],[147.45343,-25.99173],[147.45471,-25.98038],[147.45097,-25.97821],[147.44108,-25.97629],[147.43595,-25.97661],[147.42827,-25.9746],[147.42472,-25.97121],[147.41862,-25.97061],[147.41137,-25.9708],[147.40707,-25.97356],[147.40295,-25.97049],[147.39916,-25.97001],[147.39771,-25.96887],[147.38293,-25.95388],[147.37092,-25.94224],[147.36471,-25.93966],[147.35965,-25.93987],[147.35624,-25.93756],[147.35154,-25.92862],[147.33926,-25.9323],[147.3334,-25.93208],[147.3297,-25.92971],[147.32594,-25.92847],[147.32304,-25.92952],[147.32037,-25.92802],[147.3132,-25.92744],[147.31221,-25.92458],[147.31064,-25.92241],[147.30335,-25.92199],[147.29951,-25.91982],[147.2901,-25.91765],[147.2825,-25.91499],[147.28062,-25.91309],[147.28119,-25.91066],[147.28349,-25.90937],[147.28361,-25.90594],[147.28622,-25.90364],[147.28432,-25.89609],[147.28238,-25.89163],[147.28018,-25.88788],[147.28013,-25.88626],[147.27796,-25.88403],[147.2797,-25.88114],[147.27954,-25.87921],[147.27549,-25.87741],[147.27525,-25.87639],[147.27587,-25.86546],[147.27539,-25.86272],[147.27631,-25.85853],[147.27633,-25.84817],[147.27585,-25.8358],[147.27195,-25.82577],[147.27199,-25.82447],[147.2676,-25.81515],[147.26012,-25.80639],[147.25734,-25.8013],[147.25613,-25.7973],[147.25882,-25.79386],[147.25863,-25.79203],[147.16016,-25.78104],[147.16759,-25.72098],[147.17933,-25.62922],[147.26085,-25.63777],[147.28548,-25.64049],[147.29613,-25.56114],[147.30495,-25.49538],[147.35593,-25.5011],[147.37285,-25.37434],[147.38453,-25.37546],[147.39311,-25.35415],[147.39125,-25.34633],[147.38997,-25.34325],[147.36214,-25.32236],[147.36275,-25.3192],[147.36227,-25.3118],[147.36099,-25.30018],[147.36027,-25.2965],[147.35901,-25.29318],[147.35921,-25.2907],[147.44041,-25.29993],[147.48585,-25.3051],[147.54122,-25.31161],[147.55427,-25.21905],[147.65521,-25.2308],[147.6623,-25.17801],[147.67543,-25.08016],[147.66377,-25.07886],[147.64875,-25.07667],[147.65342,-25.04433],[147.65518,-25.03304],[147.65922,-25.00445],[147.68353,-25.00738],[147.69068,-25.00896],[147.69989,-25.01171],[147.70264,-25.01357],[147.70802,-25.01813],[147.71328,-25.02058],[147.71931,-25.02269],[147.72594,-25.03277],[147.73247,-25.03744],[147.7342,-25.03779],[147.73924,-25.0325],[147.74724,-25.0334],[147.74753,-25.03162],[147.75019,-25.03038],[147.75156,-25.0317],[147.76252,-25.03165],[147.76388,-25.03362],[147.76587,-25.03374],[147.7668,-25.03173],[147.76877,-25.03201],[147.77098,-25.02898],[147.76917,-25.02682],[147.77294,-25.02562],[147.77819,-25.02733],[147.78079,-25.02641],[147.78062,-25.01878],[147.79109,-25.00688],[147.79244,-25.00346],[147.7934,-24.99698],[147.79948,-24.99424],[147.80068,-24.99094],[147.80433,-24.98663],[147.80553,-24.98226],[147.80871,-24.97876],[147.80789,-24.97711],[147.81399,-24.96992],[147.81717,-24.9736],[147.81834,-24.97218],[147.82012,-24.97292],[147.82256,-24.97146],[147.82482,-24.97359],[147.8299,-24.97107],[147.83394,-24.9726],[147.83459,-24.96999],[147.84004,-24.96686],[147.83965,-24.96547],[147.84172,-24.96445],[147.84502,-24.96559],[147.84949,-24.96507],[147.85052,-24.96356],[147.85335,-24.96281],[147.85185,-24.96066],[147.85418,-24.95825],[147.8595,-24.95672],[147.86093,-24.95433],[147.87166,-24.95372],[147.87247,-24.95062],[147.86944,-24.94826],[147.87068,-24.94578],[147.87929,-24.94018],[147.88222,-24.94261],[147.88404,-24.94044],[147.88416,-24.93863],[147.88768,-24.93625],[147.89473,-24.93962],[147.89688,-24.93952],[147.89817,-24.93758],[147.89485,-24.93399],[147.89255,-24.92918],[147.89268,-24.92718],[147.89124,-24.92594],[147.89127,-24.92227],[147.89517,-24.91839],[147.89794,-24.9181],[147.90057,-24.9194],[147.90224,-24.91785],[147.9042,-24.91821],[147.90417,-24.92057],[147.90732,-24.91972],[147.90884,-24.9209],[147.91857,-24.91936],[147.92235,-24.92051],[147.92536,-24.91398],[147.92835,-24.90926],[147.93148,-24.90702],[147.93551,-24.90183],[147.94007,-24.9],[147.94624,-24.89541],[147.94821,-24.89518],[147.95228,-24.88896],[147.95427,-24.88886],[147.95454,-24.88625],[147.9519,-24.88321],[147.95072,-24.88071],[147.94815,-24.87933],[147.94621,-24.87616],[147.94706,-24.87298],[147.94358,-24.8722],[147.94154,-24.87022],[147.94236,-24.8676],[147.93789,-24.86159],[147.93398,-24.8609],[147.9284,-24.85572],[147.92527,-24.85376],[147.92131,-24.84981],[147.9169,-24.84858],[147.91525,-24.84755],[147.91525,-24.84278],[147.91332,-24.83939],[147.91593,-24.83314],[147.91642,-24.82935],[147.9191,-24.82491],[147.91583,-24.82163],[147.91526,-24.8193],[147.91248,-24.81928],[147.91061,-24.81648],[147.90758,-24.81488],[147.90444,-24.81514],[147.9013,-24.81415],[147.90123,-24.81211],[147.89985,-24.80868],[147.8961,-24.80499],[147.89363,-24.80376],[147.88869,-24.79698],[147.88444,-24.79363],[147.87826,-24.79047],[147.87736,-24.78747],[147.87522,-24.7883],[147.87052,-24.78715],[147.86826,-24.78564],[147.86714,-24.78645],[147.86396,-24.78626],[147.86085,-24.78386],[147.85869,-24.78366],[147.85214,-24.77801],[147.85092,-24.77593],[147.85247,-24.77137],[147.84847,-24.76805],[147.84842,-24.7662],[147.84483,-24.76223],[147.8361,-24.75619],[147.83413,-24.75425],[147.83037,-24.75469],[147.82862,-24.75375],[147.82659,-24.75039],[147.8276,-24.74446],[147.82536,-24.7378],[147.82332,-24.73502],[147.81726,-24.73498],[147.81159,-24.73713],[147.80964,-24.73687],[147.80791,-24.73517],[147.80311,-24.73342],[147.8014,-24.73493],[147.79716,-24.73393],[147.79633,-24.73209],[147.79131,-24.73075],[147.78654,-24.73337],[147.78355,-24.73373],[147.77685,-24.73895],[147.77408,-24.73897],[147.77182,-24.73755],[147.77026,-24.73321],[147.7632,-24.72894],[147.75968,-24.728],[147.75684,-24.72842],[147.75177,-24.73064],[147.74788,-24.73025],[147.746,-24.72868],[147.74137,-24.73],[147.7383,-24.72975],[147.73523,-24.73031],[147.73031,-24.733],[147.72742,-24.73704],[147.72562,-24.73857],[147.7244,-24.74094],[147.71993,-24.74291],[147.71818,-24.74551],[147.71832,-24.74774],[147.71608,-24.75023],[147.71046,-24.75326],[147.70886,-24.75364],[147.70487,-24.75313],[147.70324,-24.75539],[147.70285,-24.75919],[147.70208,-24.76043],[147.699,-24.76119],[147.69353,-24.76111],[147.69128,-24.76176],[147.68681,-24.76467],[147.68327,-24.76999],[147.68185,-24.77311],[147.67938,-24.77361],[147.67336,-24.77011],[147.67044,-24.76964],[147.66601,-24.77104],[147.65783,-24.77067],[147.65147,-24.77111],[147.64659,-24.77319],[147.64443,-24.77696],[147.64466,-24.78247],[147.64571,-24.78733],[147.6495,-24.78871],[147.64996,-24.79024],[147.64859,-24.79509],[147.64696,-24.79788],[147.64726,-24.79926],[147.64512,-24.80021],[147.64306,-24.79883],[147.64105,-24.79937],[147.63904,-24.80136],[147.63386,-24.80146],[147.63088,-24.8038],[147.62571,-24.80397],[147.62299,-24.80512],[147.6173,-24.80492],[147.61192,-24.80765],[147.60797,-24.81162],[147.59215,-24.81823],[147.58961,-24.8184],[147.58761,-24.82322],[147.58478,-24.8248],[147.58295,-24.82762],[147.58262,-24.83184],[147.57855,-24.83602],[147.57074,-24.83578],[147.56617,-24.83515],[147.56409,-24.83435],[147.56054,-24.83425],[147.55923,-24.83307],[147.55866,-24.8255],[147.55989,-24.82338],[147.55833,-24.81917],[147.55395,-24.81945],[147.55034,-24.82109],[147.54856,-24.82072],[147.54434,-24.8177],[147.54244,-24.81755],[147.54015,-24.82297],[147.5372,-24.82438],[147.53417,-24.82342],[147.52395,-24.82898],[147.51874,-24.83018],[147.5128,-24.82653],[147.50827,-24.8207],[147.50662,-24.82325],[147.50622,-24.82628],[147.5067,-24.82904],[147.50927,-24.83327],[147.50898,-24.83489],[147.50449,-24.83837],[147.50249,-24.84162],[147.50143,-24.84471],[147.49652,-24.847],[147.49376,-24.856],[147.49174,-24.86568],[147.48981,-24.87122],[147.48851,-24.87363],[147.48593,-24.87579],[147.48071,-24.87776],[147.47644,-24.87821],[147.45629,-24.8787],[147.45096,-24.87937],[147.43428,-24.88089],[147.42724,-24.88132],[147.41973,-24.88136],[147.41316,-24.88052],[147.40589,-24.87802],[147.39628,-24.87629],[147.39323,-24.87862],[147.39012,-24.8737],[147.38097,-24.87078],[147.37662,-24.87089],[147.37255,-24.87179],[147.37222,-24.87382],[147.36977,-24.87674],[147.36596,-24.87743],[147.3633,-24.87712],[147.36109,-24.8752],[147.35918,-24.87582],[147.35659,-24.87495],[147.35259,-24.87579],[147.34981,-24.87549],[147.34159,-24.87131],[147.33988,-24.87204],[147.33739,-24.87081],[147.33318,-24.87248],[147.32759,-24.87245],[147.3256,-24.87303],[147.32407,-24.87075],[147.3221,-24.87046],[147.31847,-24.87258],[147.31832,-24.87663],[147.31944,-24.87838],[147.31959,-24.88236],[147.31626,-24.88421],[147.31126,-24.88439],[147.30854,-24.88385],[147.30538,-24.88495],[147.30526,-24.88758],[147.30404,-24.88971],[147.30134,-24.8918],[147.29758,-24.89216],[147.2964,-24.89579],[147.29491,-24.89669],[147.29397,-24.90091],[147.29416,-24.90254],[147.29255,-24.90386],[147.29184,-24.90614],[147.28913,-24.90885],[147.28891,-24.91104],[147.28357,-24.91901],[147.27951,-24.91916],[147.27764,-24.92128],[147.27634,-24.92529],[147.27752,-24.94026],[147.28286,-24.94984],[147.27834,-24.9569],[147.2745,-24.95816],[147.27069,-24.9571],[147.265,-24.96109],[147.26279,-24.96712],[147.2575,-24.97125],[147.25434,-24.97544],[147.25167,-24.97734],[147.23787,-24.98629],[147.23298,-24.98712],[147.22692,-24.98032],[147.22095,-24.98042],[147.20624,-24.99128],[147.18139,-24.99287],[147.16737,-24.9892],[147.1611,-24.98214],[147.15554,-24.98161],[147.15967,-24.97309],[147.16018,-24.96836],[147.15903,-24.96524],[147.15571,-24.96307],[147.1471,-24.96185],[147.14066,-24.9594],[147.13537,-24.95846],[147.13143,-24.9595],[147.12697,-24.96357],[147.12231,-24.96481],[147.11944,-24.96746],[147.11872,-24.9702],[147.11665,-24.97342],[147.11364,-24.97579],[147.11178,-24.97834],[147.11033,-24.9826],[147.1121,-24.99016],[147.11106,-24.9931],[147.10889,-24.99527],[147.1037,-24.99755],[147.10038,-25.00029],[147.09696,-25.00209],[147.09322,-25.00257],[147.09021,-25.00219],[147.08689,-25.00087],[147.08108,-24.99747],[147.0763,-24.99208],[147.07173,-24.99123],[147.06955,-24.98981],[147.06499,-24.98991],[147.06115,-24.9954],[147.0589,-24.99656],[147.09336,-25.06912],[147.08899,-25.07002],[147.04794,-25.06525],[147.03126,-25.07745],[147.00738,-25.07524],[147.0044,-25.09749],[147.00283,-25.10709],[147.00726,-25.11187],[147.00766,-25.11392],[147.00509,-25.11484],[147.00595,-25.11721],[147.00206,-25.14355],[147.00121,-25.15321],[146.94576,-25.14796],[146.93849,-25.20969],[146.89857,-25.20783],[146.87949,-25.22091],[146.86899,-25.23988],[146.86678,-25.24061],[146.86745,-25.24262],[146.86324,-25.2499],[146.8565,-25.26074],[146.84943,-25.26719],[146.84426,-25.27445],[146.84384,-25.27911],[146.81731,-25.2995],[146.79684,-25.31491],[146.78197,-25.32563],[146.76808,-25.33545],[146.74307,-25.35356],[146.73963,-25.35469],[146.73722,-25.35777],[146.73792,-25.3523],[146.73746,-25.35093],[146.73847,-25.34792],[146.73982,-25.33756],[146.74693,-25.27981],[146.75307,-25.23153],[146.75823,-25.1882],[146.68122,-25.17971],[146.64863,-25.17613],[146.58626,-25.1694],[146.57633,-25.17422],[146.57539,-25.17426],[146.57165,-25.20644],[146.56789,-25.23965],[146.57379,-25.24765],[146.57262,-25.25752],[146.56996,-25.27785],[146.56556,-25.30846],[146.55824,-25.30748],[146.55638,-25.31045],[146.54329,-25.30897],[146.52485,-25.30711],[146.49569,-25.30388],[146.50097,-25.31051],[146.50976,-25.33511],[146.43987,-25.3273],[146.36575,-25.31897],[146.3696,-25.29121],[146.35207,-25.2892],[146.35092,-25.28998],[146.30318,-25.28436],[146.29254,-25.28234],[146.26002,-25.27917],[146.21595,-25.2744],[146.21499,-25.28219],[146.21116,-25.31002],[146.2074,-25.34027],[146.20522,-25.35576],[146.20413,-25.36515],[146.20061,-25.39023],[146.21059,-25.39128],[146.20807,-25.40394],[146.20772,-25.41478],[146.19915,-25.46339],[146.19313,-25.49817],[146.19374,-25.49823],[146.19229,-25.50653],[146.18275,-25.50538],[146.17684,-25.55215],[146.1724,-25.58822],[146.13574,-25.58577],[146.13423,-25.58527],[146.09761,-25.58313],[146.07136,-25.5804],[146.03787,-25.57673],[146.03776,-25.57617],[145.97115,-25.56895],[145.97332,-25.55012],[145.97341,-25.5475],[145.97296,-25.53446],[145.973,-25.52719],[145.97403,-25.51181],[145.9765,-25.48769],[145.93859,-25.48759],[145.9405,-25.49098],[145.94217,-25.49943],[145.93895,-25.52734],[145.93936,-25.53353],[145.93483,-25.56497],[145.95075,-25.59862],[145.96801,-25.63553],[145.9641,-25.63819],[145.96697,-25.66074],[145.96828,-25.6701],[145.96901,-25.70104],[145.96383,-25.71084],[145.94526,-25.72073],[145.93001,-25.71885],[145.92004,-25.71403],[145.86684,-25.70681],[145.84481,-25.70399],[145.82495,-25.70157],[145.80454,-25.69878],[145.7795,-25.69583],[145.75532,-25.69275],[145.74603,-25.69181],[145.74511,-25.68169],[145.74161,-25.67396],[145.74366,-25.65845],[145.74234,-25.65628],[145.74461,-25.65164],[145.74626,-25.63814],[145.74612,-25.63505],[145.74691,-25.63406],[145.74925,-25.61582],[145.67822,-25.60876],[145.67395,-25.60856],[145.67224,-25.61245],[145.6654,-25.61603],[145.66397,-25.61938],[145.66387,-25.62156],[145.6663,-25.62738],[145.66398,-25.62908],[145.663,-25.63289],[145.66124,-25.6373],[145.66069,-25.64158],[145.65884,-25.64584],[145.65676,-25.64805],[145.65126,-25.65022],[145.6474,-25.64992],[145.64455,-25.65199],[145.64522,-25.65499],[145.64419,-25.65613],[145.64135,-25.65651],[145.63822,-25.65961],[145.6369,-25.66363],[145.6362,-25.67297],[145.63728,-25.67611],[145.63621,-25.67937],[145.6337,-25.68191],[145.63419,-25.6848],[145.63379,-25.68739],[145.62443,-25.69123],[145.62164,-25.69532],[145.62046,-25.70185],[145.61793,-25.70579],[145.61299,-25.71103],[145.6087,-25.71333],[145.60504,-25.71655],[145.60427,-25.72463],[145.6034,-25.72625],[145.60002,-25.72863],[145.59862,-25.73212],[145.59878,-25.73875],[145.60079,-25.74089],[145.59643,-25.74153],[145.59099,-25.74343],[145.58409,-25.7547],[145.5,-25.747],[145.49256,-25.74628],[145.50214,-25.66827],[145.50268,-25.61762],[145.50328,-25.61726],[145.50796,-25.62238],[145.52786,-25.62388],[145.53828,-25.60351],[145.54373,-25.55027],[145.54719,-25.51858],[145.54932,-25.51684],[145.54983,-25.50958],[145.46235,-25.50363]]]},"properties":{"LGA Code":"5600","Abbreviated Name":"Murweh","LGA Name":"Murweh Shire","Area Sq Km":40698.93007,"LDMG Name":"Murweh","Police Region Name":"Southern Region","Police Region Code":"SR","Police Region Short Name":"Southern"}},{"type":"Feature","geometry":{"type":"Polygon","coordinates":[[[147.12425,-27.89802],[147.10973,-27.89585],[147.1163,-27.86389],[147.11796,-27.85738],[147.1095,-27.82476],[147.1081,-27.81781],[147.11719,-27.76143],[147.11673,-27.75531],[147.12125,-27.71395],[147.12101,-27.71336],[147.13121,-27.64896],[147.14292,-27.57489],[147.06327,-27.5661],[147.06452,-27.55719],[147.06145,-27.54448],[147.06045,-27.53656],[147.04537,-27.54366],[146.9964,-27.53649],[146.92661,-27.52615],[146.90284,-27.52266],[146.88969,-27.52574],[146.87757,-27.52419],[146.86786,-27.52249],[146.85005,-27.51985],[146.81203,-27.51292],[146.79612,-27.51025],[146.77729,-27.50747],[146.76434,-27.5058],[146.7389,-27.50282],[146.72202,-27.50104],[146.6989,-27.49838],[146.67898,-27.49589],[146.65439,-27.49254],[146.63998,-27.49073],[146.64833,-27.4237],[146.64995,-27.41031],[146.65954,-27.41183],[146.66168,-27.39525],[146.66936,-27.3374],[146.64513,-27.33484],[146.59666,-27.32989],[146.58483,-27.32873],[146.59079,-27.31565],[146.59411,-27.28675],[146.59771,-27.25422],[146.60425,-27.20074],[146.60498,-27.19304],[146.59848,-27.19232],[146.59407,-27.18831],[146.58399,-27.18734],[146.58498,-27.18013],[146.57681,-27.17924],[146.57592,-27.18655],[146.54271,-27.18331],[146.50336,-27.17954],[146.46905,-27.17616],[146.45292,-27.1745],[146.46122,-27.1048],[146.45466,-27.10336],[146.36263,-27.095],[146.31299,-27.09046],[146.22095,-27.082],[146.22896,-27.01108],[146.1163,-27.00306],[146.07036,-26.99977],[146.07031,-27.00026],[146.00433,-26.99557],[145.98602,-26.99317],[145.95496,-26.98982],[145.86307,-26.98111],[145.80703,-26.97576],[145.80143,-27.01643],[145.79531,-27.06141],[145.70939,-27.05221],[145.70885,-27.05161],[145.68286,-27.049],[145.68279,-27.04955],[145.65056,-27.04627],[145.63201,-27.04423],[145.62338,-27.04423],[145.62089,-27.06352],[145.60093,-27.06154],[145.59907,-27.07513],[145.57599,-27.07133],[145.55577,-27.06897],[145.51543,-27.06531],[145.46101,-27.0604],[145.44807,-27.06027],[145.36752,-27.05206],[145.33532,-27.04868],[145.29304,-27.04435],[145.25483,-27.0401],[145.25914,-27.00699],[145.25296,-27.00639],[145.23665,-27.00478],[145.23525,-27.00546],[145.23186,-27.00431],[145.22561,-27.00368],[145.21927,-27.0059],[145.21623,-27.00631],[145.20841,-27.00516],[145.20681,-27.00173],[145.18267,-26.99922],[145.17738,-27.04241],[145.17832,-27.04405],[145.17825,-27.04651],[145.17661,-27.04858],[145.17105,-27.09402],[145.16823,-27.11785],[145.16514,-27.14468],[145.18192,-27.1465],[145.17801,-27.17661],[145.17138,-27.22829],[145.16327,-27.29149],[145.11426,-27.28645],[145.08898,-27.28376],[145.01731,-27.27588],[145.0146,-27.28704],[145.00649,-27.31891],[145.00068,-27.34057],[144.99497,-27.38883],[144.99224,-27.41154],[144.9146,-27.40363],[144.91414,-27.40723],[144.91111,-27.42304],[144.90864,-27.43327],[144.90016,-27.49785],[144.8759,-27.49531],[144.80418,-27.48788],[144.79968,-27.48446],[144.79236,-27.4848],[144.78769,-27.48619],[144.76571,-27.48396],[144.68748,-27.47518],[144.63612,-27.46938],[144.56136,-27.46094],[144.51965,-27.45621],[144.5165,-27.48003],[144.51513,-27.4816],[144.51463,-27.48494],[144.5156,-27.48678],[144.50798,-27.54428],[144.5055,-27.54496],[144.4326,-27.53722],[144.42426,-27.59959],[144.42497,-27.60244],[144.42372,-27.60359],[144.42335,-27.60638],[144.32931,-27.59632],[144.32181,-27.65179],[144.31617,-27.69371],[144.30705,-27.76093],[144.29581,-27.84391],[144.31664,-27.84613],[144.31554,-27.84986],[144.31379,-27.85339],[144.31427,-27.8563],[144.31312,-27.85818],[144.31334,-27.86028],[144.31213,-27.8645],[144.31238,-27.86561],[144.31733,-27.86718],[144.31594,-27.86999],[144.31618,-27.87442],[144.31333,-27.87467],[144.3122,-27.87588],[144.30984,-27.8759],[144.30597,-27.8813],[144.30762,-27.88434],[144.30805,-27.88663],[144.30642,-27.88832],[144.30689,-27.89159],[144.30539,-27.89341],[144.30477,-27.89598],[144.30669,-27.89688],[144.30664,-27.89891],[144.30456,-27.902],[144.303,-27.90314],[144.30115,-27.90261],[144.29795,-27.90876],[144.29611,-27.91562],[144.29705,-27.91994],[144.29414,-27.92241],[144.29337,-27.92547],[144.29231,-27.92613],[144.42252,-27.93972],[144.42052,-27.95565],[144.54278,-27.96811],[144.54446,-27.96751],[144.5491,-27.96793],[144.55049,-27.96891],[144.60122,-27.97408],[144.59608,-28.01525],[144.59415,-28.02871],[144.59137,-28.04989],[144.64932,-28.05592],[144.64004,-28.12379],[144.63511,-28.15981],[144.72157,-28.16809],[144.77983,-28.17364],[144.77504,-28.21124],[144.82989,-28.21686],[144.81877,-28.29024],[144.72797,-28.28057],[144.72618,-28.27854],[144.64282,-28.26963],[144.58739,-28.26367],[144.58636,-28.27083],[144.57355,-28.26946],[144.56306,-28.34661],[144.64422,-28.35543],[144.63521,-28.41997],[144.63469,-28.42266],[144.62789,-28.42501],[144.61168,-28.50061],[144.60258,-28.53929],[144.59585,-28.56747],[144.66859,-28.58072],[144.65704,-28.64043],[144.6411,-28.72305],[144.63292,-28.7219],[144.61179,-28.73975],[144.65616,-28.76827],[144.64026,-28.77229],[144.64001,-28.80859],[144.6339,-28.81159],[144.63129,-28.81329],[144.62802,-28.81672],[144.6228,-28.82071],[144.62016,-28.82643],[144.61689,-28.82986],[144.61623,-28.83215],[144.61427,-28.83386],[144.6084,-28.8367],[144.60316,-28.84413],[144.60249,-28.84757],[144.59661,-28.85098],[144.5953,-28.85269],[144.59463,-28.85613],[144.59332,-28.85784],[144.5894,-28.86012],[144.58679,-28.8624],[144.58412,-28.87385],[144.58426,-28.87698],[144.58525,-28.88],[144.58458,-28.88459],[144.58326,-28.88745],[144.58193,-28.8926],[144.58256,-28.89661],[144.5825,-28.9075],[144.58118,-28.90979],[144.57335,-28.91376],[144.56814,-28.91374],[144.56683,-28.91431],[144.55837,-28.91313],[144.55186,-28.91367],[144.54794,-28.91537],[144.54599,-28.91479],[144.53947,-28.91705],[144.53686,-28.91704],[144.52969,-28.9193],[144.5238,-28.92328],[144.51989,-28.92499],[144.51467,-28.92553],[144.50945,-28.92723],[144.50423,-28.9295],[144.49902,-28.93062],[144.49446,-28.9306],[144.48989,-28.93229],[144.48204,-28.93684],[144.47944,-28.9374],[144.47812,-28.93911],[144.47159,-28.94137],[144.46963,-28.94251],[144.46314,-28.94788],[144.48036,-28.99908],[144.51274,-28.99908],[144.5953,-28.99908],[144.67786,-28.99908],[144.74744,-28.99908],[144.83333,-28.99908],[144.91436,-28.99908],[145.00808,-28.99908],[145.09066,-28.99908],[145.17047,-28.99907],[145.25482,-28.99907],[145.33844,-28.99907],[145.42104,-28.99907],[145.49875,-28.99907],[145.58623,-28.99907],[145.66809,-28.99907],[145.75136,-28.99907],[145.83391,-28.99907],[145.91647,-28.99906],[145.99904,-28.99907],[146.08161,-28.99908],[146.12131,-28.99909],[146.1972,-28.99909],[146.24673,-28.99908],[146.3293,-28.99907],[146.39609,-28.99906],[146.49444,-28.99904],[146.57702,-28.99903],[146.6596,-28.99906],[146.7496,-28.99909],[146.84117,-28.99912],[146.94502,-28.99912],[146.94171,-28.9971],[146.93568,-28.99124],[146.9372,-28.97681],[146.93921,-28.96056],[146.94496,-28.91913],[146.94928,-28.89034],[146.95269,-28.86145],[146.94742,-28.86078],[146.8633,-28.85427],[146.8655,-28.84094],[146.86776,-28.83129],[146.872,-28.81453],[146.87544,-28.80274],[146.88132,-28.78158],[146.88478,-28.76738],[146.89237,-28.72145],[146.89772,-28.72207],[146.92519,-28.72406],[146.92833,-28.70259],[146.92803,-28.70234],[146.93842,-28.63102],[146.92792,-28.6298],[146.93299,-28.59299],[146.93336,-28.59283],[146.93554,-28.57784],[146.93524,-28.57753],[146.93787,-28.55951],[146.95774,-28.53637],[146.96341,-28.50614],[146.96068,-28.45072],[146.96024,-28.43941],[146.96045,-28.43914],[146.96512,-28.41416],[146.96004,-28.41291],[146.96637,-28.37107],[146.96788,-28.36016],[146.9157,-28.35406],[146.92307,-28.30367],[146.92626,-28.28218],[146.93209,-28.26072],[146.94914,-28.263],[146.96244,-28.17436],[146.9687,-28.1329],[146.96911,-28.13236],[146.99017,-27.98988],[146.99059,-27.98963],[147.03342,-27.99011],[147.06857,-27.99089],[147.10498,-27.99475],[147.10847,-27.9732],[147.11956,-27.92819],[147.12425,-27.89802]]]},"properties":{"LGA Code":"5800","Abbreviated Name":"Paroo","LGA Name":"Paroo Shire","Area Sq Km":47628.47582,"LDMG Name":"Paroo","Police Region Name":"Southern Region","Police Region Code":"SR","Police Region Short Name":"Southern"}},{"type":"Feature","geometry":{"type":"Polygon","coordinates":[[[141.82583,-26.74754],[141.86092,-26.75146],[141.99729,-26.76614],[142.05397,-26.765],[142.15876,-26.77587],[142.25238,-26.78551],[142.25975,-26.79153],[142.29419,-26.78888],[142.30483,-26.81448],[142.33133,-26.87777],[142.33328,-26.9057],[142.39303,-26.90962],[142.41833,-26.93475],[142.5341,-26.99202],[142.53134,-27.02442],[142.59258,-27.05915],[142.60264,-26.99765],[142.64385,-26.95602],[142.69142,-26.99159],[142.69475,-26.99615],[142.77159,-27.05353],[142.77186,-27.05137],[142.85541,-27.11367],[142.88802,-27.1169],[142.88777,-27.11866],[142.94532,-27.12444],[142.97449,-27.12723],[143.12981,-27.14155],[143.12556,-27.17791],[143.16666,-27.18235],[143.15793,-27.26201],[143.32194,-27.27568],[143.32052,-27.28932],[143.38736,-27.29555],[143.39407,-27.28295],[143.51744,-27.29533],[143.51487,-27.31636],[143.58665,-27.3233],[143.58045,-27.37977],[143.7203,-27.39841],[143.71931,-27.36869],[143.83568,-27.45588],[143.90743,-27.54843],[143.96835,-27.62685],[143.99846,-27.62926],[144.02671,-27.63164],[144.03463,-27.63295],[144.03602,-27.63249],[144.09462,-27.63845],[144.1241,-27.64125],[144.18995,-27.64475],[144.28936,-27.65008],[144.32181,-27.65179],[144.32931,-27.59632],[144.42335,-27.60638],[144.42372,-27.60359],[144.42497,-27.60244],[144.42426,-27.59959],[144.4326,-27.53722],[144.5055,-27.54496],[144.50798,-27.54428],[144.5156,-27.48678],[144.51463,-27.48494],[144.51513,-27.4816],[144.5165,-27.48003],[144.51965,-27.45621],[144.56136,-27.46094],[144.63612,-27.46938],[144.68748,-27.47518],[144.76571,-27.48396],[144.78769,-27.48619],[144.79236,-27.4848],[144.79968,-27.48446],[144.80418,-27.48788],[144.8759,-27.49531],[144.90016,-27.49785],[144.90864,-27.43327],[144.91111,-27.42304],[144.91414,-27.40723],[144.9146,-27.40363],[144.99224,-27.41154],[144.99497,-27.38883],[145.00068,-27.34057],[145.00649,-27.31891],[145.0146,-27.28704],[145.01731,-27.27588],[145.08898,-27.28376],[145.11426,-27.28645],[145.16327,-27.29149],[145.17138,-27.22829],[145.17801,-27.17661],[145.18192,-27.1465],[145.16514,-27.14468],[145.16823,-27.11785],[145.17105,-27.09402],[145.17661,-27.04858],[145.17825,-27.04651],[145.17832,-27.04405],[145.17738,-27.04241],[145.18267,-26.99922],[145.20681,-27.00173],[145.20841,-27.00516],[145.21623,-27.00631],[145.21927,-27.0059],[145.22561,-27.00368],[145.23186,-27.00431],[145.23525,-27.00546],[145.23665,-27.00478],[145.25296,-27.00639],[145.25487,-26.96901],[145.2542,-26.95924],[145.25543,-26.958],[145.25707,-26.92443],[145.2588,-26.89689],[145.25751,-26.89505],[145.25956,-26.89113],[145.25953,-26.88692],[145.25877,-26.88452],[145.26006,-26.88065],[145.26172,-26.86255],[145.26502,-26.82953],[145.268,-26.80122],[145.27069,-26.7792],[145.27383,-26.75133],[145.29957,-26.75334],[145.30341,-26.75294],[145.32092,-26.75514],[145.32269,-26.7397],[145.32226,-26.73618],[145.32339,-26.73472],[145.32288,-26.73211],[145.32345,-26.72903],[145.32479,-26.72627],[145.3271,-26.70732],[145.32778,-26.70365],[145.32984,-26.7024],[145.32198,-26.68436],[145.30879,-26.67936],[145.30459,-26.6737],[145.29789,-26.66608],[145.29312,-26.66007],[145.28959,-26.65033],[145.28823,-26.64808],[145.28759,-26.64044],[145.28472,-26.63613],[145.28925,-26.63382],[145.29376,-26.63082],[145.31647,-26.61635],[145.33931,-26.61022],[145.34563,-26.56246],[145.35862,-26.46548],[145.30993,-26.46019],[145.31673,-26.40953],[145.32531,-26.34553],[145.32495,-26.34365],[145.3302,-26.30457],[145.32628,-26.30553],[145.32215,-26.30553],[145.31974,-26.30406],[145.3179,-26.30395],[145.31495,-26.30524],[145.28284,-26.30264],[145.29357,-26.20875],[145.29977,-26.15445],[145.31499,-26.15591],[145.35522,-26.1603],[145.35796,-26.13703],[145.36455,-26.08555],[145.37372,-26.01855],[145.4128,-26.02321],[145.42271,-25.95981],[145.40838,-25.95809],[145.41413,-25.91509],[145.41473,-25.91515],[145.41839,-25.88684],[145.42417,-25.8437],[145.4305,-25.79248],[145.4231,-25.79182],[145.42792,-25.75963],[145.43429,-25.71811],[145.4362,-25.70369],[145.43931,-25.67479],[145.44146,-25.66076],[145.44445,-25.63603],[145.44578,-25.62682],[145.45069,-25.58477],[145.45242,-25.57181],[145.45577,-25.54449],[145.45694,-25.53738],[145.45857,-25.5221],[145.46029,-25.51161],[145.46258,-25.50818],[145.46235,-25.50363],[145.45955,-25.50382],[145.45357,-25.50028],[145.44745,-25.49963],[145.44336,-25.49467],[145.44096,-25.49233],[145.42858,-25.49168],[145.42468,-25.49025],[145.40685,-25.49519],[145.39587,-25.4717],[145.35469,-25.45174],[145.35404,-25.45057],[145.34998,-25.44946],[145.32622,-25.44633],[145.31667,-25.45955],[145.29616,-25.46514],[145.28778,-25.48283],[145.24977,-25.47861],[145.2533,-25.45049],[145.27166,-25.45234],[145.28411,-25.35788],[145.28339,-25.35872],[145.20437,-25.35008],[145.20357,-25.34908],[145.15013,-25.34309],[145.12232,-25.33993],[145.11898,-25.33843],[145.11521,-25.33743],[145.11263,-25.33591],[145.10676,-25.33815],[145.1042,-25.33786],[145.10114,-25.33902],[145.09659,-25.33896],[145.08842,-25.33706],[145.05253,-25.33323],[145.05601,-25.32501],[145.05648,-25.32222],[145.05575,-25.32096],[145.05935,-25.31352],[145.06006,-25.30395],[145.0581,-25.30133],[145.04743,-25.29427],[145.05066,-25.29128],[145.05394,-25.29133],[145.05871,-25.28798],[145.06136,-25.28413],[145.06209,-25.27774],[145.06136,-25.27583],[145.03321,-25.2732],[145.03219,-25.27176],[145.02634,-25.27133],[145.0246,-25.27241],[145.02051,-25.27202],[145.01495,-25.26929],[145.01366,-25.27138],[145.00763,-25.27081],[145.00495,-25.26906],[145.0005,-25.26889],[144.99924,-25.27002],[144.98346,-25.26846],[144.98089,-25.26675],[144.97877,-25.26917],[144.97372,-25.27011],[144.96765,-25.26668],[144.96574,-25.26412],[144.964,-25.26317],[144.94795,-25.26221],[144.9447,-25.25994],[144.94238,-25.26187],[144.93116,-25.26097],[144.92675,-25.25903],[144.92434,-25.26061],[144.8955,-25.25931],[144.89105,-25.2581],[144.8893,-25.25858],[144.88235,-25.25579],[144.88026,-25.25687],[144.88018,-25.25853],[144.86948,-25.25795],[144.93094,-25.21315],[144.93436,-25.2127],[144.94071,-25.20927],[144.94053,-25.20668],[144.93873,-25.19711],[144.93969,-25.19564],[144.94236,-25.19447],[144.94613,-25.19136],[144.95872,-25.1884],[144.9614,-25.18535],[144.96542,-25.18406],[144.97032,-25.18406],[144.97135,-25.18283],[144.97862,-25.12465],[144.98181,-25.09882],[144.98014,-25.09815],[144.98061,-25.09376],[144.98257,-25.09258],[144.98648,-25.06025],[144.99092,-25.01134],[144.98442,-25.01415],[144.98026,-25.01794],[144.97573,-25.02103],[144.96541,-25.02602],[144.96292,-25.02972],[144.95981,-25.03177],[144.95252,-25.03214],[144.94187,-25.03386],[144.93331,-25.03257],[144.92894,-25.03391],[144.926,-25.03387],[144.91255,-25.03217],[144.90856,-25.03386],[144.90427,-25.03765],[144.89863,-25.03827],[144.89409,-25.03447],[144.88983,-25.02905],[144.88877,-25.02378],[144.88474,-25.01988],[144.87464,-25.0195],[144.87289,-25.01726],[144.86916,-25.01068],[144.86678,-25.00773],[144.86614,-25.0055],[144.86327,-25.00227],[144.86226,-24.9998],[144.85303,-24.9937],[144.84676,-24.99022],[144.845,-24.98442],[144.84888,-24.97496],[144.84971,-24.96953],[144.8536,-24.95973],[144.85753,-24.94688],[144.85844,-24.93703],[144.85303,-24.92677],[144.8606,-24.91906],[144.79603,-24.91305],[144.80396,-24.84045],[144.73487,-24.83408],[144.69842,-24.8308],[144.70134,-24.80661],[144.71314,-24.70867],[144.71663,-24.68237],[144.68176,-24.67887],[144.68532,-24.64894],[144.68229,-24.65042],[144.65178,-24.66251],[144.63421,-24.88041],[144.62755,-24.96753],[144.48183,-25.07817],[144.4616,-25.03067],[144.39956,-25.13139],[144.3819,-25.11261],[144.25269,-25.20969],[144.22499,-25.25547],[144.2163,-25.26438],[144.20873,-25.27655],[144.19734,-25.29521],[144.17246,-25.33434],[144.1577,-25.35807],[144.15567,-25.37087],[144.16173,-25.37533],[144.16884,-25.39431],[144.16206,-25.4121],[144.15392,-25.42714],[144.15298,-25.42977],[144.1505,-25.43329],[144.12159,-25.44301],[144.12008,-25.44781],[144.12103,-25.45303],[144.12258,-25.45696],[144.12451,-25.46006],[144.12502,-25.46449],[144.12291,-25.46953],[144.12003,-25.47265],[144.12018,-25.47409],[144.11527,-25.47704],[144.11164,-25.47873],[144.1143,-25.49962],[144.11261,-25.50345],[144.10932,-25.50547],[144.10673,-25.50807],[144.10549,-25.51019],[144.10646,-25.51437],[144.10423,-25.5168],[144.1008,-25.51833],[144.09882,-25.52205],[144.09655,-25.52261],[144.09072,-25.53347],[144.08871,-25.53439],[144.08438,-25.53409],[144.08202,-25.53522],[144.07705,-25.53911],[144.07222,-25.54173],[144.07125,-25.55266],[144.07035,-25.55409],[144.07077,-25.55788],[144.05721,-25.56633],[144.04503,-25.57374],[144.04059,-25.57685],[144.03924,-25.57914],[144.03458,-25.58128],[144.01483,-25.58164],[144.01323,-25.5827],[144.01144,-25.58169],[144.00133,-25.58183],[144.0008,-25.58296],[143.97385,-25.55177],[143.92215,-25.49397],[143.82269,-25.4845],[143.82238,-25.4872],[143.74831,-25.48158],[143.74738,-25.48957],[143.74092,-25.48378],[143.74075,-25.47967],[143.74181,-25.4775],[143.74138,-25.47599],[143.74509,-25.4689],[143.74701,-25.46834],[143.76664,-25.46979],[143.77849,-25.46146],[143.7799,-25.45968],[143.78072,-25.45347],[143.78693,-25.4528],[143.78861,-25.45137],[143.76665,-25.40063],[143.75175,-25.38241],[143.7522,-25.37881],[143.73435,-25.36166],[143.71533,-25.35588],[143.71336,-25.35455],[143.70566,-25.35222],[143.70159,-25.34875],[143.70036,-25.34321],[143.67982,-25.32857],[143.67693,-25.32426],[143.67387,-25.32445],[143.66775,-25.32198],[143.66571,-25.31907],[143.66194,-25.31624],[143.65012,-25.31162],[143.64494,-25.30665],[143.63807,-25.30471],[143.63173,-25.30802],[143.62738,-25.31118],[143.62078,-25.31259],[143.61769,-25.31041],[143.61484,-25.30437],[143.61126,-25.30209],[143.61095,-25.2991],[143.60815,-25.29913],[143.59295,-25.28223],[143.5459,-25.31738],[143.47438,-25.37101],[143.44162,-25.36838],[143.44123,-25.3713],[143.43732,-25.37387],[143.43614,-25.38329],[143.43928,-25.38659],[143.43493,-25.42073],[143.43599,-25.42082],[143.43003,-25.4806],[143.42757,-25.48272],[143.42556,-25.48649],[143.42602,-25.4885],[143.42893,-25.49096],[143.43013,-25.49556],[143.42799,-25.49985],[143.42212,-25.55319],[143.41765,-25.59449],[143.4542,-25.59762],[143.44823,-25.65188],[143.39522,-25.64755],[143.39316,-25.65063],[143.38836,-25.64709],[143.37561,-25.64124],[143.36836,-25.64193],[143.36437,-25.63979],[143.36397,-25.63866],[143.33004,-25.63576],[143.27568,-25.63079],[143.21041,-25.62475],[143.20586,-25.66503],[143.19859,-25.73735],[143.17865,-25.73554],[143.04597,-25.72344],[142.98377,-25.71772],[142.97185,-25.82246],[142.90335,-25.81577],[142.88517,-25.81381],[142.89539,-25.73078],[142.90239,-25.66914],[142.82566,-25.66174],[142.73936,-25.65331],[142.72851,-25.65222],[142.71934,-25.64387],[142.7224,-25.64251],[142.72523,-25.64372],[142.73305,-25.64142],[142.73415,-25.64005],[142.73519,-25.63388],[142.7364,-25.63137],[142.73611,-25.62861],[142.73681,-25.62543],[142.73959,-25.62053],[142.71479,-25.6186],[142.59112,-25.60891],[142.52532,-25.66031],[142.51318,-25.67072],[142.51264,-25.67793],[142.49911,-25.68468],[142.48211,-25.69492],[142.48151,-25.69711],[142.45989,-25.70846],[142.4568,-25.70987],[142.44353,-25.71837],[142.4359,-25.72486],[142.42842,-25.72497],[142.41683,-25.72909],[142.4074,-25.72987],[142.40373,-25.73293],[142.38127,-25.73893],[142.37868,-25.75014],[142.36566,-25.75462],[142.36329,-25.75507],[142.35754,-25.75359],[142.34814,-25.75462],[142.33743,-25.75676],[142.3186,-25.76396],[142.31427,-25.76891],[142.30271,-25.77601],[142.2869,-25.78154],[142.27593,-25.78148],[142.22865,-25.82128],[142.21446,-25.8297],[142.19849,-25.82944],[142.19397,-25.85759],[142.17324,-25.85544],[142.16072,-25.94683],[142.15307,-26.01185],[142.14349,-26.09317],[142.16145,-26.19601],[142.1601,-26.19651],[142.15988,-26.19941],[142.15743,-26.20142],[142.15644,-26.20547],[142.15413,-26.20685],[142.15132,-26.21086],[142.14825,-26.21167],[142.14639,-26.21503],[142.14301,-26.2163],[142.14264,-26.2186],[142.14096,-26.21973],[142.13899,-26.22452],[142.13647,-26.2249],[142.13436,-26.22991],[142.13433,-26.23199],[142.13311,-26.23391],[142.13028,-26.24124],[142.12888,-26.24205],[142.1294,-26.24566],[142.1259,-26.25168],[142.12649,-26.25426],[142.12459,-26.25645],[142.12404,-26.2585],[142.12618,-26.26303],[142.12593,-26.26431],[142.12316,-26.26628],[142.12252,-26.26882],[142.11948,-26.27116],[142.11887,-26.27482],[142.11647,-26.27556],[142.11657,-26.27814],[142.11529,-26.28004],[142.11277,-26.27985],[142.11388,-26.28467],[142.11343,-26.28757],[142.10979,-26.29303],[142.1111,-26.29444],[142.11075,-26.29783],[142.10797,-26.29945],[142.10603,-26.30292],[142.09909,-26.30706],[142.09765,-26.31018],[142.09581,-26.31244],[142.09603,-26.31638],[142.09495,-26.32008],[142.09178,-26.32832],[142.08449,-26.33895],[142.08336,-26.33868],[142.08111,-26.34231],[142.08071,-26.35968],[142.07866,-26.36677],[142.07902,-26.36872],[142.07455,-26.38527],[142.05914,-26.37478],[142.05826,-26.38126],[141.89105,-26.36647],[141.89132,-26.35818],[141.79806,-26.35016],[141.79732,-26.35751],[141.71881,-26.35054],[141.71723,-26.35901],[141.71229,-26.36653],[141.70649,-26.37867],[141.70419,-26.38667],[141.7059,-26.39257],[141.70596,-26.3967],[141.70774,-26.39827],[141.70668,-26.39988],[141.7082,-26.4011],[141.70691,-26.40254],[141.70857,-26.40736],[141.71176,-26.409],[141.71012,-26.41176],[141.71143,-26.41468],[141.71128,-26.41674],[141.70826,-26.4176],[141.71177,-26.42095],[141.71109,-26.42246],[141.70665,-26.42442],[141.70773,-26.42586],[141.70646,-26.42904],[141.70959,-26.43134],[141.7121,-26.43088],[141.71181,-26.43415],[141.71338,-26.43599],[141.71332,-26.4384],[141.71528,-26.44014],[141.71471,-26.44176],[141.71637,-26.44387],[141.71526,-26.44622],[141.7149,-26.44962],[141.71161,-26.4492],[141.71079,-26.45165],[141.71274,-26.45349],[141.7136,-26.45665],[141.71658,-26.45735],[141.71638,-26.459],[141.71379,-26.46022],[141.7141,-26.46289],[141.71535,-26.46504],[141.71837,-26.46607],[141.71948,-26.46774],[141.71883,-26.46954],[141.72011,-26.47126],[141.72014,-26.47348],[141.71854,-26.47465],[141.71897,-26.47666],[141.72133,-26.47857],[141.72085,-26.48122],[141.72174,-26.48296],[141.72472,-26.48222],[141.72569,-26.48436],[141.72353,-26.48742],[141.72491,-26.48891],[141.72795,-26.48548],[141.72967,-26.49039],[141.7309,-26.49219],[141.73316,-26.49111],[141.73395,-26.49413],[141.73645,-26.49757],[141.73462,-26.50057],[141.73558,-26.50237],[141.73812,-26.50368],[141.7413,-26.5096],[141.73985,-26.51395],[141.74274,-26.5155],[141.74272,-26.51801],[141.74175,-26.51988],[141.73851,-26.52133],[141.74058,-26.52312],[141.73955,-26.52526],[141.74113,-26.52605],[141.74425,-26.52928],[141.74282,-26.53365],[141.74374,-26.53622],[141.74535,-26.53708],[141.74896,-26.54139],[141.74938,-26.54402],[141.75289,-26.54747],[141.75494,-26.54628],[141.75887,-26.54726],[141.76154,-26.54993],[141.76162,-26.55184],[141.75952,-26.55406],[141.76281,-26.55995],[141.76685,-26.5631],[141.76916,-26.5656],[141.76923,-26.56941],[141.77152,-26.57401],[141.77478,-26.57717],[141.77689,-26.57712],[141.77784,-26.58046],[141.77714,-26.58216],[141.78009,-26.58433],[141.77947,-26.58565],[141.78145,-26.5887],[141.78373,-26.59],[141.78381,-26.59458],[141.78565,-26.59682],[141.78559,-26.59967],[141.79053,-26.60037],[141.79049,-26.60499],[141.79359,-26.60633],[141.79478,-26.60878],[141.79794,-26.61001],[141.79626,-26.61283],[141.79853,-26.61591],[141.79943,-26.61959],[141.80141,-26.61963],[141.80179,-26.62162],[141.80416,-26.62174],[141.80712,-26.62479],[141.80801,-26.62728],[141.81139,-26.62751],[141.81308,-26.63192],[141.81182,-26.63794],[141.81156,-26.6421],[141.80901,-26.64362],[141.80955,-26.64879],[141.80897,-26.65174],[141.80709,-26.65316],[141.8077,-26.65633],[141.80497,-26.65947],[141.80553,-26.6608],[141.80865,-26.66316],[141.81142,-26.66398],[141.81225,-26.666],[141.81422,-26.66779],[141.81493,-26.67064],[141.81674,-26.67185],[141.81573,-26.67378],[141.81393,-26.67359],[141.81244,-26.67584],[141.81273,-26.67757],[141.81694,-26.68452],[141.8154,-26.68611],[141.82025,-26.68747],[141.82225,-26.69237],[141.82296,-26.69686],[141.82744,-26.69473],[141.83117,-26.69602],[141.8338,-26.69593],[141.83621,-26.69467],[141.83764,-26.69833],[141.83872,-26.69899],[141.83856,-26.70279],[141.83646,-26.70503],[141.83476,-26.70876],[141.83234,-26.7108],[141.83159,-26.71242],[141.83343,-26.71427],[141.83657,-26.71459],[141.8386,-26.71641],[141.83898,-26.71858],[141.83677,-26.72207],[141.83243,-26.72263],[141.8319,-26.7239],[141.83287,-26.72656],[141.8353,-26.72969],[141.83772,-26.73075],[141.83765,-26.73337],[141.83474,-26.73187],[141.83177,-26.73271],[141.83147,-26.73438],[141.83404,-26.73589],[141.8342,-26.73746],[141.83082,-26.74021],[141.82586,-26.74],[141.82487,-26.74064],[141.82401,-26.74401],[141.82583,-26.74754]]]},"properties":{"LGA Code":"6150","Abbreviated Name":"Quilpie","LGA Name":"Quilpie Shire","Area Sq Km":67456.57279,"LDMG Name":"Quilpie","Police Region Name":"Southern Region","Police Region Code":"SR","Police Region Short Name":"Southern"}},{"type":"Feature","geometry":{"type":"Polygon","coordinates":[[[152.74851,-27.31874],[152.74913,-27.31321],[152.75213,-27.31151],[152.75395,-27.31133],[152.75596,-27.30978],[152.75655,-27.30717],[152.75636,-27.30281],[152.75685,-27.30065],[152.75414,-27.29818],[152.75224,-27.29543],[152.7488,-27.29511],[152.74561,-27.29337],[152.73928,-27.29369],[152.73508,-27.29698],[152.73262,-27.29721],[152.72777,-27.29502],[152.72414,-27.29464],[152.71756,-27.29274],[152.71451,-27.28975],[152.71309,-27.28958],[152.70718,-27.29221],[152.70401,-27.2926],[152.70376,-27.2904],[152.70557,-27.28606],[152.70444,-27.28283],[152.7055,-27.28001],[152.70462,-27.27696],[152.6984,-27.27566],[152.69052,-27.27444],[152.68691,-27.27491],[152.68417,-27.27315],[152.68358,-27.2716],[152.68349,-27.26619],[152.68156,-27.26378],[152.68098,-27.25606],[152.68176,-27.25402],[152.68741,-27.24898],[152.68936,-27.24521],[152.69238,-27.24209],[152.69274,-27.24035],[152.69134,-27.23831],[152.69087,-27.23594],[152.69308,-27.23422],[152.69545,-27.23398],[152.70022,-27.23021],[152.70223,-27.22634],[152.70103,-27.22386],[152.70047,-27.21979],[152.70124,-27.21668],[152.70325,-27.21355],[152.70417,-27.20879],[152.70303,-27.20511],[152.70174,-27.20432],[152.70355,-27.19919],[152.70699,-27.1954],[152.70896,-27.19223],[152.7112,-27.19214],[152.71228,-27.18873],[152.71631,-27.18663],[152.71861,-27.18273],[152.72298,-27.18046],[152.72618,-27.17657],[152.72849,-27.17685],[152.72969,-27.17504],[152.72902,-27.17324],[152.73059,-27.17163],[152.7334,-27.17065],[152.72907,-27.16376],[152.72982,-27.16153],[152.73618,-27.15558],[152.73934,-27.15092],[152.73794,-27.1505],[152.73808,-27.14768],[152.73669,-27.14394],[152.73483,-27.14167],[152.73264,-27.13305],[152.73083,-27.13045],[152.73122,-27.128],[152.73053,-27.12585],[152.72871,-27.12396],[152.72811,-27.12193],[152.73011,-27.11845],[152.72953,-27.11532],[152.73044,-27.11312],[152.73032,-27.10874],[152.73352,-27.10742],[152.73447,-27.10233],[152.72649,-27.10137],[152.72621,-27.10321],[152.71807,-27.10221],[152.71831,-27.10037],[152.71506,-27.09998],[152.71207,-27.0989],[152.70797,-27.09626],[152.7021,-27.0948],[152.69581,-27.09486],[152.68976,-27.09278],[152.687,-27.09333],[152.68334,-27.09514],[152.67932,-27.09476],[152.67614,-27.08901],[152.67713,-27.08745],[152.68226,-27.08607],[152.68691,-27.08332],[152.68709,-27.08164],[152.68567,-27.07656],[152.684,-27.0747],[152.68563,-27.072],[152.68355,-27.06556],[152.68232,-27.06443],[152.68096,-27.06112],[152.67858,-27.05936],[152.67768,-27.05695],[152.69497,-27.05901],[152.69544,-27.05624],[152.68935,-27.05518],[152.69072,-27.05272],[152.68927,-27.051],[152.68915,-27.04827],[152.69231,-27.04668],[152.69305,-27.0451],[152.69655,-27.04217],[152.69812,-27.03954],[152.6974,-27.03739],[152.69747,-27.03346],[152.69846,-27.03169],[152.70251,-27.03079],[152.70313,-27.02833],[152.70153,-27.02645],[152.70314,-27.02424],[152.70024,-27.02271],[152.70081,-27.01827],[152.69729,-27.01605],[152.69721,-27.01296],[152.69554,-27.01238],[152.69705,-27.0095],[152.6946,-27.00683],[152.69106,-27.00453],[152.6889,-27.00115],[152.6886,-26.99906],[152.68715,-26.99693],[152.68525,-26.99584],[152.68328,-26.99215],[152.68504,-26.98997],[152.68451,-26.98799],[152.68574,-26.98657],[152.68821,-26.98736],[152.68927,-26.98454],[152.68649,-26.98475],[152.68677,-26.97961],[152.68224,-26.98046],[152.67986,-26.97836],[152.67956,-26.97666],[152.68119,-26.97525],[152.68022,-26.97197],[152.68206,-26.96961],[152.68446,-26.96855],[152.68343,-26.96467],[152.6807,-26.96415],[152.67765,-26.96575],[152.67414,-26.96624],[152.67145,-26.96525],[152.66594,-26.96896],[152.66452,-26.9688],[152.66368,-26.96474],[152.66629,-26.96369],[152.66773,-26.95906],[152.66574,-26.95772],[152.66289,-26.95854],[152.6577,-26.95636],[152.65756,-26.95391],[152.65178,-26.95381],[152.65223,-26.95077],[152.65327,-26.94904],[152.65581,-26.94776],[152.65885,-26.94983],[152.66024,-26.94787],[152.66308,-26.94816],[152.66537,-26.94282],[152.66761,-26.9401],[152.6709,-26.93848],[152.67005,-26.93712],[152.67053,-26.93308],[152.66966,-26.92934],[152.67333,-26.92388],[152.6763,-26.92353],[152.6783,-26.91843],[152.68251,-26.91735],[152.68233,-26.91515],[152.68558,-26.91476],[152.68743,-26.91362],[152.66225,-26.91011],[152.66302,-26.90848],[152.66514,-26.90796],[152.66745,-26.90412],[152.66793,-26.9002],[152.66751,-26.89624],[152.67857,-26.89777],[152.67894,-26.89558],[152.68862,-26.89691],[152.68854,-26.89261],[152.68972,-26.89181],[152.68934,-26.88888],[152.6873,-26.88639],[152.6874,-26.88049],[152.68526,-26.88049],[152.68664,-26.87756],[152.68237,-26.87308],[152.68022,-26.86936],[152.67592,-26.86613],[152.67762,-26.86358],[152.67524,-26.86019],[152.6757,-26.85831],[152.67426,-26.85635],[152.67182,-26.85775],[152.67002,-26.8548],[152.67017,-26.85018],[152.66975,-26.8475],[152.67084,-26.84499],[152.66679,-26.84026],[152.66736,-26.83608],[152.67274,-26.83439],[152.67846,-26.83033],[152.67847,-26.8286],[152.67638,-26.82603],[152.67908,-26.82218],[152.67759,-26.82092],[152.67447,-26.82199],[152.67203,-26.82076],[152.67197,-26.81892],[152.67515,-26.81832],[152.67903,-26.81642],[152.68132,-26.80993],[152.67877,-26.80877],[152.67791,-26.807],[152.67806,-26.80434],[152.67998,-26.80162],[152.67922,-26.79986],[152.67896,-26.79674],[152.67241,-26.79427],[152.6716,-26.7912],[152.6689,-26.78974],[152.66855,-26.78613],[152.66773,-26.7847],[152.66846,-26.78203],[152.66732,-26.77299],[152.66147,-26.76913],[152.6532,-26.76866],[152.6511,-26.77139],[152.64911,-26.77172],[152.64569,-26.77365],[152.64368,-26.77309],[152.64352,-26.77039],[152.64123,-26.76749],[152.6423,-26.7645],[152.63909,-26.76176],[152.63536,-26.76219],[152.6325,-26.76438],[152.62689,-26.76236],[152.62376,-26.76329],[152.61947,-26.76204],[152.61906,-26.76018],[152.61725,-26.75946],[152.60602,-26.75772],[152.60246,-26.75787],[152.60008,-26.75308],[152.60011,-26.75179],[152.59614,-26.74813],[152.59083,-26.7472],[152.5877,-26.74486],[152.58331,-26.74042],[152.5823,-26.7358],[152.58526,-26.73445],[152.58552,-26.73324],[152.58327,-26.73083],[152.58297,-26.72712],[152.58125,-26.72582],[152.58049,-26.72276],[152.58203,-26.72023],[152.57937,-26.71619],[152.57293,-26.71138],[152.57023,-26.71066],[152.56853,-26.70869],[152.56508,-26.70721],[152.56218,-26.70799],[152.55558,-26.70599],[152.55294,-26.70602],[152.55111,-26.70309],[152.55199,-26.70115],[152.55171,-26.69703],[152.55458,-26.69539],[152.55768,-26.6914],[152.55789,-26.68878],[152.55561,-26.68741],[152.55574,-26.68049],[152.55372,-26.68184],[152.5522,-26.68084],[152.57229,-26.65924],[152.57147,-26.65796],[152.58321,-26.64537],[152.58779,-26.61398],[152.58395,-26.61354],[152.58537,-26.61202],[152.58202,-26.60433],[152.58148,-26.59967],[152.58415,-26.59668],[152.57402,-26.59546],[152.5761,-26.59109],[152.5752,-26.58399],[152.57195,-26.58374],[152.56947,-26.58246],[152.56497,-26.58368],[152.56249,-26.58321],[152.56041,-26.58183],[152.55685,-26.57553],[152.55409,-26.5725],[152.51155,-26.56746],[152.51271,-26.5717],[152.51465,-26.57424],[152.51519,-26.57766],[152.52237,-26.58645],[152.51993,-26.58847],[152.49816,-26.58596],[152.49104,-26.58499],[152.45696,-26.58092],[152.45855,-26.57098],[152.44905,-26.56977],[152.45083,-26.5584],[152.44032,-26.55706],[152.44135,-26.55602],[152.44127,-26.55261],[152.44286,-26.55052],[152.44354,-26.54622],[152.4431,-26.54435],[152.44516,-26.54406],[152.44694,-26.53803],[152.44847,-26.53778],[152.44959,-26.53076],[152.44649,-26.52859],[152.44348,-26.52772],[152.44262,-26.53036],[152.44263,-26.53329],[152.43874,-26.53512],[152.4382,-26.53839],[152.43612,-26.53745],[152.43631,-26.53213],[152.43517,-26.52855],[152.43549,-26.52379],[152.437,-26.52036],[152.43895,-26.51989],[152.43967,-26.51725],[152.43866,-26.51295],[152.43896,-26.51133],[152.44167,-26.50697],[152.44495,-26.50468],[152.44824,-26.48398],[152.44563,-26.48493],[152.44558,-26.4866],[152.43935,-26.4858],[152.44345,-26.45999],[152.43679,-26.45974],[152.43521,-26.46282],[152.43167,-26.46451],[152.43019,-26.4637],[152.4251,-26.46415],[152.42125,-26.46717],[152.41258,-26.46419],[152.41046,-26.4655],[152.40815,-26.46851],[152.40773,-26.47106],[152.40323,-26.47387],[152.40164,-26.47196],[152.39938,-26.47079],[152.39275,-26.47371],[152.39038,-26.47593],[152.3868,-26.47217],[152.3823,-26.47183],[152.37706,-26.47223],[152.37658,-26.47006],[152.37313,-26.46824],[152.37315,-26.46473],[152.37077,-26.46243],[152.36706,-26.46322],[152.36441,-26.46313],[152.36063,-26.46625],[152.3561,-26.46517],[152.35116,-26.46768],[152.35011,-26.46929],[152.34692,-26.46919],[152.34402,-26.4679],[152.34066,-26.46924],[152.33925,-26.47158],[152.33447,-26.47275],[152.33039,-26.47526],[152.32558,-26.47517],[152.32335,-26.47681],[152.31965,-26.47698],[152.31775,-26.48053],[152.31551,-26.48076],[152.31148,-26.47411],[152.31137,-26.47239],[152.30702,-26.46962],[152.30449,-26.46881],[152.30526,-26.46679],[152.3035,-26.46532],[152.30064,-26.4644],[152.29746,-26.46497],[152.29727,-26.4622],[152.29419,-26.45874],[152.28909,-26.45664],[152.28608,-26.45337],[152.2844,-26.45235],[152.27761,-26.45295],[152.27687,-26.45402],[152.27381,-26.45349],[152.27402,-26.45718],[152.27305,-26.46426],[152.26797,-26.46889],[152.26221,-26.46886],[152.25974,-26.47138],[152.25926,-26.47646],[152.2562,-26.47849],[152.25461,-26.48064],[152.25325,-26.48442],[152.25183,-26.48534],[152.24964,-26.48438],[152.24559,-26.48557],[152.24387,-26.48792],[152.24134,-26.4877],[152.23777,-26.48942],[152.23506,-26.4888],[152.23171,-26.49151],[152.22927,-26.49265],[152.23208,-26.49525],[152.23279,-26.49912],[152.23176,-26.50042],[152.23261,-26.50408],[152.2309,-26.50717],[152.22951,-26.50805],[152.22506,-26.50607],[152.22165,-26.50382],[152.21898,-26.50525],[152.21747,-26.50738],[152.2153,-26.51222],[152.21269,-26.51292],[152.21039,-26.51181],[152.20659,-26.51108],[152.20457,-26.50701],[152.19943,-26.50141],[152.19748,-26.5002],[152.1948,-26.49557],[152.18759,-26.49013],[152.18701,-26.48856],[152.18458,-26.48619],[152.1814,-26.48443],[152.17936,-26.4848],[152.17421,-26.48167],[152.17131,-26.47787],[152.16833,-26.47729],[152.16735,-26.47563],[152.16636,-26.47466],[152.16256,-26.4748],[152.16024,-26.47779],[152.15733,-26.47527],[152.1546,-26.47572],[152.15383,-26.48037],[152.15143,-26.4805],[152.14951,-26.48286],[152.14431,-26.47971],[152.141,-26.47883],[152.13793,-26.47886],[152.13559,-26.48022],[152.13484,-26.48259],[152.13263,-26.48583],[152.13238,-26.48776],[152.13393,-26.49042],[152.13554,-26.49117],[152.13629,-26.49386],[152.13385,-26.49833],[152.13377,-26.5004],[152.13182,-26.50181],[152.12956,-26.50487],[152.12575,-26.50657],[152.12564,-26.50938],[152.12773,-26.51098],[152.12791,-26.51708],[152.12743,-26.5186],[152.13169,-26.52194],[152.13031,-26.52426],[152.13014,-26.52715],[152.12699,-26.52815],[152.12633,-26.53157],[152.13046,-26.53702],[152.12832,-26.53849],[152.12837,-26.54225],[152.12989,-26.54514],[152.12996,-26.54848],[152.13199,-26.5501],[152.13268,-26.55686],[152.13506,-26.56074],[152.13581,-26.56636],[152.13253,-26.57029],[152.13089,-26.57499],[152.13178,-26.57904],[152.13484,-26.58047],[152.13726,-26.58276],[152.13865,-26.58951],[152.14268,-26.59167],[152.14317,-26.59277],[152.14178,-26.59513],[152.13966,-26.59419],[152.13785,-26.59656],[152.13418,-26.59891],[152.13043,-26.60046],[152.13011,-26.60243],[152.13252,-26.60507],[152.13325,-26.60816],[152.13586,-26.61431],[152.13426,-26.61609],[152.12832,-26.62711],[152.13,-26.63165],[152.12978,-26.6363],[152.13082,-26.63877],[152.12957,-26.64019],[152.12675,-26.63796],[152.12306,-26.63821],[152.11964,-26.63739],[152.11898,-26.64265],[152.11621,-26.64331],[152.11533,-26.64492],[152.11167,-26.64652],[152.1073,-26.64774],[152.10519,-26.6509],[152.09866,-26.65373],[152.09014,-26.6539],[152.08516,-26.65642],[152.08107,-26.65796],[152.07926,-26.66124],[152.07503,-26.6634],[152.07398,-26.6649],[152.0734,-26.6684],[152.0749,-26.67329],[152.07578,-26.67848],[152.07548,-26.6849],[152.07601,-26.68583],[152.0829,-26.68928],[152.08311,-26.69399],[152.08537,-26.69774],[152.08898,-26.69979],[152.101,-26.70327],[152.10141,-26.70471],[152.09932,-26.70588],[152.10432,-26.70952],[152.10768,-26.70767],[152.11242,-26.70616],[152.11642,-26.70993],[152.11923,-26.7142],[152.12377,-26.71731],[152.12596,-26.72109],[152.12808,-26.72294],[152.12961,-26.72766],[152.13406,-26.73046],[152.13407,-26.73185],[152.13119,-26.73288],[152.1297,-26.73424],[152.13289,-26.74119],[152.13836,-26.73891],[152.14304,-26.73852],[152.14542,-26.73678],[152.14529,-26.73359],[152.14127,-26.7314],[152.1402,-26.72819],[152.14271,-26.72727],[152.14725,-26.72841],[152.15265,-26.728],[152.15075,-26.74052],[152.16391,-26.7421],[152.16216,-26.74617],[152.16034,-26.74719],[152.15905,-26.74983],[152.15704,-26.75064],[152.15565,-26.75425],[152.15834,-26.75694],[152.15616,-26.75938],[152.15549,-26.7633],[152.15579,-26.7688],[152.15947,-26.77298],[152.1613,-26.77351],[152.16396,-26.77556],[152.16826,-26.77295],[152.17114,-26.77703],[152.17663,-26.77976],[152.17905,-26.78374],[152.17545,-26.78298],[152.17417,-26.7847],[152.17456,-26.79198],[152.17309,-26.79363],[152.17366,-26.79529],[152.17075,-26.79646],[152.17316,-26.80091],[152.17328,-26.80362],[152.17639,-26.80905],[152.17605,-26.81212],[152.17467,-26.81719],[152.17412,-26.82143],[152.19009,-26.82359],[152.18771,-26.83791],[152.18255,-26.83724],[152.18104,-26.84655],[152.18425,-26.85116],[152.18345,-26.85339],[152.18425,-26.86172],[152.18345,-26.86564],[152.18426,-26.87101],[152.18895,-26.8756],[152.18866,-26.87737],[152.17265,-26.87523],[152.16951,-26.87212],[152.17046,-26.86754],[152.16705,-26.86707],[152.16515,-26.87059],[152.15954,-26.87378],[152.15444,-26.87375],[152.14696,-26.87922],[152.14143,-26.88778],[152.13872,-26.89464],[152.13797,-26.90006],[152.14124,-26.89762],[152.1431,-26.90044],[152.14711,-26.89886],[152.14983,-26.90443],[152.14675,-26.9068],[152.14702,-26.9086],[152.14378,-26.91078],[152.14285,-26.91726],[152.1439,-26.92114],[152.14305,-26.92436],[152.14409,-26.92735],[152.14232,-26.9301],[152.13932,-26.93063],[152.13793,-26.93352],[152.13586,-26.93445],[152.13345,-26.93832],[152.13209,-26.9391],[152.12807,-26.94432],[152.12862,-26.94635],[152.12785,-26.94991],[152.12542,-26.95421],[152.12978,-26.95523],[152.13059,-26.96032],[152.13127,-26.9615],[152.13514,-26.96357],[152.13857,-26.96469],[152.14539,-26.96472],[152.15033,-26.96583],[152.15084,-26.96682],[152.1496,-26.97037],[152.15145,-26.97108],[152.15601,-26.969],[152.16505,-26.97258],[152.16628,-26.96866],[152.16796,-26.96872],[152.16935,-26.97063],[152.16958,-26.9749],[152.16851,-26.97775],[152.16908,-26.97943],[152.17345,-26.97797],[152.17513,-26.97623],[152.17885,-26.9758],[152.18335,-26.97818],[152.18341,-26.97934],[152.18058,-26.98122],[152.17659,-26.98054],[152.1747,-26.98206],[152.17665,-26.98367],[152.18296,-26.9846],[152.17994,-26.98673],[152.17594,-26.98802],[152.17322,-26.98948],[152.1749,-26.99215],[152.18864,-26.99397],[152.18652,-27.00664],[152.19814,-27.00821],[152.19888,-27.00975],[152.19864,-27.01358],[152.20535,-27.01445],[152.21464,-27.01884],[152.2177,-27.01839],[152.22105,-27.02235],[152.22013,-27.0256],[152.21894,-27.02629],[152.19297,-27.02297],[152.19235,-27.02707],[152.19916,-27.02779],[152.19473,-27.05653],[152.1949,-27.05673],[152.22739,-27.06098],[152.22631,-27.06328],[152.2243,-27.06384],[152.21952,-27.06287],[152.22217,-27.06543],[152.22194,-27.0666],[152.21876,-27.06864],[152.21595,-27.06826],[152.21434,-27.06993],[152.21539,-27.07319],[152.21856,-27.07495],[152.21907,-27.07737],[152.21608,-27.07772],[152.21431,-27.07507],[152.19132,-27.07233],[152.18525,-27.06138],[152.18125,-27.08611],[152.18049,-27.08813],[152.18242,-27.08936],[152.17707,-27.09132],[152.17508,-27.09496],[152.17711,-27.09571],[152.1771,-27.09731],[152.17436,-27.09759],[152.17279,-27.09934],[152.16998,-27.10018],[152.16997,-27.10256],[152.16826,-27.10286],[152.16504,-27.10522],[152.16229,-27.10795],[152.15721,-27.10944],[152.1579,-27.11177],[152.15629,-27.11341],[152.15363,-27.1131],[152.15359,-27.11618],[152.15033,-27.11919],[152.14834,-27.11929],[152.14848,-27.12188],[152.14393,-27.12372],[152.14355,-27.12673],[152.14189,-27.12654],[152.14169,-27.13005],[152.14084,-27.1332],[152.1392,-27.13487],[152.13584,-27.14008],[152.13411,-27.14154],[152.14212,-27.14546],[152.142,-27.14623],[152.18852,-27.16902],[152.18628,-27.17204],[152.18551,-27.17615],[152.18134,-27.17843],[152.18028,-27.18026],[152.17697,-27.1817],[152.1734,-27.18187],[152.16962,-27.18707],[152.16479,-27.18787],[152.16183,-27.18916],[152.15901,-27.20598],[152.16249,-27.20703],[152.16645,-27.20746],[152.1661,-27.20933],[152.16883,-27.21072],[152.17404,-27.21107],[152.17503,-27.20794],[152.17741,-27.20809],[152.1798,-27.20537],[152.18661,-27.20618],[152.18678,-27.20513],[152.21508,-27.20894],[152.21606,-27.20692],[152.22047,-27.20129],[152.23624,-27.2035],[152.23308,-27.22233],[152.22882,-27.22505],[152.22851,-27.22629],[152.2256,-27.22885],[152.22214,-27.22894],[152.22079,-27.22967],[152.21854,-27.23271],[152.21573,-27.23301],[152.21416,-27.2342],[152.2087,-27.23558],[152.2057,-27.23739],[152.20406,-27.23934],[152.20146,-27.2401],[152.20106,-27.24331],[152.19094,-27.24198],[152.18873,-27.25484],[152.18203,-27.25218],[152.17762,-27.25216],[152.1724,-27.25378],[152.17253,-27.25584],[152.17624,-27.25663],[152.17872,-27.26054],[152.17699,-27.26375],[152.17389,-27.26221],[152.17151,-27.25911],[152.16508,-27.25659],[152.16151,-27.25683],[152.15827,-27.25927],[152.15781,-27.26167],[152.15624,-27.26289],[152.15486,-27.267],[152.15196,-27.26935],[152.15418,-27.27481],[152.15712,-27.27673],[152.15847,-27.27633],[152.1601,-27.27985],[152.16235,-27.28227],[152.16142,-27.28591],[152.16225,-27.28818],[152.16436,-27.28897],[152.16614,-27.28699],[152.17041,-27.28668],[152.17322,-27.28472],[152.17555,-27.28215],[152.1764,-27.27968],[152.178,-27.27803],[152.18076,-27.27695],[152.18056,-27.27553],[152.18279,-27.27356],[152.18275,-27.27118],[152.18408,-27.27046],[152.19644,-27.27215],[152.19447,-27.2754],[152.19631,-27.27892],[152.19633,-27.28244],[152.19931,-27.2846],[152.19935,-27.28846],[152.20619,-27.29203],[152.20281,-27.2954],[152.20302,-27.29918],[152.20106,-27.30058],[152.20012,-27.30298],[152.19984,-27.30727],[152.19814,-27.30864],[152.19608,-27.30753],[152.19257,-27.31116],[152.19325,-27.31451],[152.19208,-27.31815],[152.19012,-27.32029],[152.20148,-27.322],[152.19947,-27.33274],[152.20004,-27.33622],[152.19928,-27.34123],[152.19598,-27.34082],[152.19484,-27.34821],[152.1942,-27.34813],[152.19149,-27.36578],[152.19666,-27.36326],[152.20029,-27.35987],[152.2015,-27.35968],[152.19835,-27.37764],[152.19592,-27.37937],[152.19321,-27.38007],[152.1931,-27.38164],[152.19084,-27.38207],[152.19173,-27.38684],[152.19283,-27.38522],[152.2018,-27.38645],[152.20318,-27.38766],[152.20714,-27.38881],[152.20875,-27.3901],[152.21478,-27.39065],[152.21592,-27.38833],[152.21792,-27.39004],[152.22383,-27.39011],[152.2276,-27.38813],[152.26098,-27.3926],[152.25819,-27.40903],[152.25991,-27.41076],[152.25914,-27.41245],[152.26053,-27.41452],[152.26288,-27.41612],[152.26627,-27.4158],[152.2703,-27.41403],[152.27238,-27.41183],[152.27876,-27.40942],[152.27912,-27.40714],[152.28184,-27.40449],[152.2831,-27.40149],[152.28681,-27.40139],[152.29131,-27.40019],[152.29426,-27.42733],[152.29955,-27.42592],[152.30404,-27.42562],[152.30658,-27.4277],[152.31035,-27.42931],[152.31547,-27.39864],[152.3427,-27.40204],[152.34385,-27.39932],[152.36466,-27.40215],[152.36786,-27.40127],[152.37338,-27.40197],[152.3794,-27.40442],[152.39072,-27.41219],[152.40161,-27.41501],[152.39954,-27.42842],[152.41415,-27.43022],[152.41339,-27.43479],[152.40912,-27.43661],[152.43565,-27.44007],[152.43501,-27.44535],[152.4369,-27.45099],[152.43587,-27.45786],[152.44538,-27.45905],[152.44456,-27.46356],[152.45124,-27.4675],[152.45181,-27.46375],[152.45761,-27.46445],[152.46121,-27.46882],[152.46456,-27.46793],[152.46751,-27.4696],[152.46839,-27.47106],[152.47305,-27.4739],[152.47912,-27.48184],[152.47877,-27.48369],[152.47213,-27.48677],[152.47766,-27.49625],[152.47513,-27.50257],[152.47425,-27.50754],[152.47489,-27.50813],[152.4892,-27.51031],[152.49931,-27.51166],[152.49896,-27.51487],[152.4964,-27.52942],[152.49614,-27.52975],[152.49226,-27.55196],[152.49949,-27.55068],[152.50829,-27.55145],[152.5084,-27.55078],[152.51866,-27.55201],[152.51738,-27.55997],[152.51495,-27.55965],[152.51384,-27.56628],[152.54535,-27.57051],[152.54542,-27.56947],[152.55433,-27.57073],[152.55466,-27.56896],[152.557,-27.5693],[152.56071,-27.56837],[152.56463,-27.56933],[152.5659,-27.56612],[152.5675,-27.55791],[152.56365,-27.55739],[152.56431,-27.55363],[152.56878,-27.55424],[152.5704,-27.54517],[152.57838,-27.54624],[152.57828,-27.54683],[152.58928,-27.54839],[152.58804,-27.55213],[152.59358,-27.55425],[152.59739,-27.55482],[152.59798,-27.55189],[152.60025,-27.55136],[152.60147,-27.5497],[152.60364,-27.54965],[152.60451,-27.54769],[152.61716,-27.54959],[152.61784,-27.54594],[152.62101,-27.54707],[152.62388,-27.54732],[152.64809,-27.55087],[152.65135,-27.53302],[152.6523,-27.53249],[152.65472,-27.53549],[152.65927,-27.53252],[152.66288,-27.53698],[152.66628,-27.53478],[152.67018,-27.53926],[152.67644,-27.53531],[152.67931,-27.53131],[152.68252,-27.53097],[152.68206,-27.52923],[152.68492,-27.52867],[152.68713,-27.52643],[152.68961,-27.52549],[152.68879,-27.52325],[152.69204,-27.51982],[152.69746,-27.51606],[152.69962,-27.51638],[152.70218,-27.51813],[152.70646,-27.51507],[152.70432,-27.51369],[152.70415,-27.51206],[152.70608,-27.5106],[152.70575,-27.50782],[152.70982,-27.50886],[152.71221,-27.51006],[152.71444,-27.5096],[152.71613,-27.50729],[152.71965,-27.50813],[152.72209,-27.50784],[152.72699,-27.50625],[152.72758,-27.50324],[152.7266,-27.50015],[152.72112,-27.49796],[152.72003,-27.49622],[152.72068,-27.49269],[152.7265,-27.49031],[152.72933,-27.49226],[152.73017,-27.49561],[152.73412,-27.49447],[152.73801,-27.49459],[152.73933,-27.48759],[152.7406,-27.48655],[152.73973,-27.48261],[152.74033,-27.47948],[152.74264,-27.47981],[152.74337,-27.47616],[152.74061,-27.47574],[152.74138,-27.47177],[152.73924,-27.47088],[152.73833,-27.469],[152.73926,-27.46728],[152.73785,-27.46463],[152.73827,-27.45931],[152.74413,-27.46012],[152.74721,-27.44301],[152.74741,-27.44085],[152.74541,-27.44057],[152.74605,-27.43685],[152.74273,-27.43637],[152.7442,-27.42784],[152.74095,-27.4274],[152.74287,-27.42541],[152.74753,-27.42325],[152.74809,-27.42089],[152.74754,-27.41792],[152.74813,-27.41552],[152.74583,-27.41522],[152.74723,-27.40707],[152.74137,-27.40616],[152.74038,-27.40019],[152.74237,-27.39808],[152.74337,-27.39471],[152.74177,-27.39311],[152.73725,-27.39292],[152.73444,-27.39575],[152.73295,-27.39598],[152.73685,-27.37333],[152.73219,-27.37265],[152.73324,-27.36662],[152.72202,-27.36507],[152.7239,-27.35396],[152.70782,-27.35179],[152.70693,-27.35698],[152.70034,-27.35613],[152.69953,-27.36098],[152.69226,-27.36],[152.69051,-27.37011],[152.68705,-27.36964],[152.68641,-27.3732],[152.6797,-27.37225],[152.68419,-27.34878],[152.68606,-27.34907],[152.68872,-27.34676],[152.69084,-27.34356],[152.69351,-27.34241],[152.69567,-27.34284],[152.69864,-27.34055],[152.70311,-27.33815],[152.7071,-27.3344],[152.7102,-27.33254],[152.7173,-27.33061],[152.71907,-27.32774],[152.71956,-27.32345],[152.72491,-27.32221],[152.72688,-27.32345],[152.73011,-27.32412],[152.73117,-27.32321],[152.73917,-27.32333],[152.74239,-27.32152],[152.74486,-27.319],[152.74851,-27.31874]]]},"properties":{"LGA Code":"6580","Abbreviated Name":"Somerset","LGA Name":"Somerset Regional","Area Sq Km":5373.65012,"LDMG Name":"Somerset","Police Region Name":"Southern Region","Police Region Code":"SR","Police Region Short Name":"Southern"}},{"type":"Feature","geometry":{"type":"Polygon","coordinates":[[[151.50506,-29.00981],[151.50608,-29.00675],[151.50961,-29.00499],[151.51633,-28.99688],[151.52108,-28.99558],[151.52327,-28.98938],[151.53213,-28.98508],[151.53422,-28.98147],[151.53746,-28.97952],[151.53589,-28.97565],[151.53718,-28.97238],[151.53893,-28.97058],[151.54109,-28.97],[151.54285,-28.96284],[151.54405,-28.96074],[151.54483,-28.95327],[151.54812,-28.95293],[151.56176,-28.94511],[151.56671,-28.94182],[151.57042,-28.94425],[151.57274,-28.94469],[151.57509,-28.94354],[151.5769,-28.94504],[151.57895,-28.94411],[151.58249,-28.93942],[151.58404,-28.93926],[151.585,-28.93615],[151.59053,-28.93098],[151.5968,-28.92904],[151.60359,-28.9276],[151.60524,-28.92524],[151.61165,-28.92359],[151.61518,-28.92491],[151.61696,-28.92632],[151.62007,-28.92581],[151.6221,-28.9245],[151.62598,-28.92384],[151.62753,-28.92557],[151.63089,-28.92691],[151.63327,-28.93029],[151.63519,-28.92956],[151.63679,-28.92714],[151.63713,-28.9224],[151.6442,-28.91735],[151.64648,-28.91648],[151.65009,-28.91773],[151.65247,-28.91548],[151.65462,-28.91489],[151.65846,-28.91204],[151.66402,-28.90645],[151.66602,-28.9056],[151.66929,-28.90606],[151.67478,-28.90774],[151.67565,-28.90534],[151.67762,-28.90382],[151.67782,-28.90021],[151.68111,-28.8967],[151.68301,-28.89566],[151.68523,-28.89319],[151.68638,-28.88897],[151.68861,-28.88695],[151.68959,-28.88806],[151.69323,-28.88875],[151.69585,-28.88844],[151.69566,-28.88444],[151.69813,-28.88454],[151.70207,-28.88212],[151.7026,-28.87837],[151.7046,-28.87471],[151.70662,-28.87354],[151.70637,-28.87171],[151.70925,-28.87076],[151.71105,-28.87117],[151.71321,-28.87546],[151.71939,-28.8733],[151.72263,-28.86845],[151.72642,-28.86694],[151.72906,-28.86793],[151.7313,-28.8707],[151.73387,-28.87144],[151.734,-28.8738],[151.73297,-28.87632],[151.73367,-28.87849],[151.73161,-28.88113],[151.73385,-28.88752],[151.73644,-28.89194],[151.73674,-28.89564],[151.73915,-28.896],[151.74093,-28.89751],[151.73946,-28.90132],[151.74273,-28.90659],[151.74262,-28.90827],[151.74428,-28.91104],[151.74597,-28.91531],[151.74438,-28.91769],[151.74711,-28.92134],[151.7508,-28.92261],[151.75368,-28.92278],[151.75743,-28.92584],[151.75976,-28.92619],[151.7583,-28.93001],[151.76177,-28.93234],[151.76284,-28.93508],[151.76617,-28.93553],[151.76957,-28.93788],[151.77334,-28.93806],[151.77306,-28.94377],[151.77377,-28.94785],[151.77228,-28.9494],[151.77064,-28.95575],[151.7769,-28.95899],[151.7774,-28.95716],[151.78282,-28.95395],[151.78634,-28.95293],[151.78927,-28.95342],[151.79282,-28.95094],[151.79344,-28.94946],[151.79888,-28.94823],[151.80691,-28.94528],[151.80879,-28.94584],[151.81074,-28.94887],[151.81462,-28.9506],[151.8151,-28.9538],[151.81175,-28.95572],[151.81332,-28.9598],[151.8179,-28.96182],[151.82381,-28.96232],[151.82574,-28.96396],[151.83067,-28.96173],[151.83329,-28.95975],[151.83556,-28.95676],[151.83673,-28.9505],[151.83599,-28.9484],[151.83769,-28.94517],[151.83991,-28.94277],[151.83983,-28.93948],[151.83652,-28.93669],[151.83516,-28.93206],[151.83633,-28.93106],[151.83626,-28.92876],[151.8374,-28.92349],[151.837,-28.92005],[151.83985,-28.91288],[151.84255,-28.912],[151.84725,-28.90852],[151.85216,-28.90719],[151.85977,-28.9068],[151.8654,-28.90934],[151.86886,-28.9137],[151.8716,-28.91428],[151.87883,-28.91331],[151.88155,-28.91148],[151.89271,-28.91543],[151.89559,-28.91344],[151.8972,-28.91484],[151.90034,-28.91465],[151.90755,-28.91707],[151.9137,-28.92011],[151.91706,-28.92481],[151.91559,-28.9268],[151.91632,-28.92933],[151.92286,-28.92815],[151.92759,-28.92513],[151.93713,-28.92186],[151.94263,-28.92162],[151.94484,-28.92019],[151.95171,-28.91951],[151.95624,-28.91714],[151.96102,-28.9191],[151.96456,-28.91809],[151.9666,-28.91647],[151.9685,-28.91667],[151.96946,-28.91437],[151.97241,-28.9102],[151.97449,-28.90855],[151.97802,-28.90805],[151.98074,-28.90916],[151.98327,-28.9067],[151.99481,-28.89873],[151.99654,-28.89516],[151.99802,-28.89535],[152.00131,-28.89974],[151.99969,-28.90349],[152.00162,-28.90848],[152.00477,-28.90905],[152.0107,-28.90667],[152.01304,-28.90235],[152.01358,-28.89997],[152.0154,-28.89848],[152.01695,-28.8947],[152.01644,-28.89268],[152.02351,-28.89083],[152.02437,-28.88962],[152.02386,-28.88637],[152.02492,-28.88595],[152.02821,-28.87655],[152.03139,-28.87391],[152.03015,-28.86993],[152.03394,-28.86565],[152.03755,-28.86434],[152.03551,-28.85842],[152.03727,-28.85727],[152.03901,-28.85459],[152.03757,-28.85163],[152.03223,-28.85451],[152.02958,-28.85503],[152.02795,-28.85726],[152.02599,-28.85823],[152.02309,-28.85466],[152.01948,-28.85224],[152.01637,-28.85175],[152.01492,-28.85022],[152.01713,-28.8477],[152.01821,-28.84426],[152.01693,-28.83792],[152.02113,-28.83662],[152.02086,-28.83515],[152.02294,-28.83093],[152.02681,-28.83178],[152.02876,-28.82987],[152.03339,-28.82806],[152.03434,-28.82395],[152.03413,-28.82001],[152.03661,-28.81778],[152.03608,-28.81562],[152.0346,-28.81514],[152.0365,-28.81072],[152.03527,-28.80811],[152.03523,-28.80364],[152.03788,-28.79936],[152.03785,-28.7974],[152.03481,-28.79359],[152.03397,-28.79111],[152.03434,-28.78893],[152.03782,-28.787],[152.04027,-28.78333],[152.04055,-28.78054],[152.03711,-28.77885],[152.03565,-28.77714],[152.03793,-28.77272],[152.03653,-28.77034],[152.03732,-28.7688],[152.0369,-28.76584],[152.03753,-28.76377],[152.03615,-28.76107],[152.0364,-28.75669],[152.03864,-28.75406],[152.04124,-28.75282],[152.04156,-28.74954],[152.04088,-28.7475],[152.04377,-28.74603],[152.0454,-28.74306],[152.0477,-28.74042],[152.04747,-28.73739],[152.0461,-28.73384],[152.0423,-28.73182],[152.04342,-28.73063],[152.04643,-28.72975],[152.04756,-28.7285],[152.05389,-28.72554],[152.05538,-28.72366],[152.05718,-28.72309],[152.05817,-28.72105],[152.06213,-28.71823],[152.06825,-28.71567],[152.07133,-28.71495],[152.07604,-28.70833],[152.07516,-28.70677],[152.07202,-28.70489],[152.07175,-28.70254],[152.06885,-28.70099],[152.06608,-28.69757],[152.06647,-28.69679],[152.06467,-28.69064],[152.06806,-28.68511],[152.06645,-28.68118],[152.0633,-28.67936],[152.06077,-28.68069],[152.05821,-28.67989],[152.0563,-28.68116],[152.05255,-28.68222],[152.0504,-28.67885],[152.04786,-28.67606],[152.04619,-28.67596],[152.04449,-28.67307],[152.04574,-28.67087],[152.04491,-28.66831],[152.03906,-28.66456],[152.03162,-28.66614],[152.0246,-28.66535],[152.02076,-28.66387],[152.0142,-28.66576],[152.0105,-28.66497],[152.0116,-28.66183],[152.00891,-28.6592],[152.00868,-28.65756],[152.00608,-28.65365],[152.00205,-28.65063],[152.00239,-28.6474],[152.00242,-28.64029],[152.00049,-28.63632],[151.9984,-28.63383],[151.99705,-28.63364],[151.99607,-28.6308],[151.99099,-28.62457],[151.99013,-28.62071],[151.99177,-28.61882],[151.99216,-28.61628],[151.99374,-28.61449],[151.99401,-28.61193],[151.99299,-28.61035],[151.99086,-28.60962],[151.99076,-28.60718],[151.98965,-28.60561],[151.98911,-28.60143],[151.99195,-28.59639],[151.99212,-28.59486],[151.98831,-28.59197],[151.98755,-28.58666],[151.98565,-28.58326],[151.98594,-28.58212],[151.9823,-28.5784],[151.97935,-28.57739],[151.97609,-28.57353],[151.96974,-28.57247],[151.96684,-28.57257],[151.96457,-28.56985],[151.9636,-28.56761],[151.95943,-28.56667],[151.95681,-28.56328],[151.95838,-28.55872],[151.95452,-28.55351],[151.95413,-28.55005],[151.9564,-28.54608],[151.95628,-28.54292],[151.95458,-28.54259],[151.95323,-28.53993],[151.95413,-28.53422],[151.95635,-28.52939],[151.95819,-28.5271],[151.95627,-28.52558],[151.95536,-28.51918],[151.95819,-28.51593],[151.96121,-28.51587],[151.9641,-28.51453],[151.96552,-28.51254],[151.96981,-28.50953],[151.97319,-28.50504],[151.97742,-28.50395],[151.97781,-28.50306],[151.98263,-28.50332],[151.98341,-28.50691],[151.98465,-28.50751],[151.98571,-28.51102],[151.98418,-28.51414],[151.98446,-28.51689],[151.98701,-28.52076],[151.98738,-28.52392],[151.9888,-28.5256],[151.99177,-28.52474],[151.99486,-28.52677],[151.99772,-28.52638],[152.00046,-28.52811],[152.00263,-28.52743],[152.00608,-28.52745],[152.00877,-28.52605],[152.01104,-28.52642],[152.01277,-28.52558],[152.01671,-28.52522],[152.02003,-28.52119],[152.01898,-28.51812],[152.02309,-28.51527],[152.02427,-28.51293],[152.02694,-28.5129],[152.03574,-28.50745],[152.03977,-28.50277],[152.04377,-28.4993],[152.04556,-28.49521],[152.05171,-28.49288],[152.05512,-28.49064],[152.05967,-28.49083],[152.06712,-28.48514],[152.06682,-28.47871],[152.06871,-28.47646],[152.06879,-28.4696],[152.06969,-28.46852],[152.0725,-28.4692],[152.07409,-28.46802],[152.07559,-28.46995],[152.0798,-28.47061],[152.08381,-28.46874],[152.08766,-28.46964],[152.09104,-28.46835],[152.0952,-28.46955],[152.09592,-28.46608],[152.09785,-28.46648],[152.1016,-28.46506],[152.10281,-28.46329],[152.10669,-28.46311],[152.11178,-28.46433],[152.11759,-28.46236],[152.12125,-28.46264],[152.12185,-28.46071],[152.12513,-28.45748],[152.12793,-28.45394],[152.1309,-28.45392],[152.13542,-28.45215],[152.13756,-28.44834],[152.13877,-28.44785],[152.14197,-28.44242],[152.14425,-28.442],[152.14634,-28.4393],[152.1506,-28.43808],[152.1545,-28.43801],[152.15642,-28.43457],[152.16008,-28.43325],[152.16469,-28.43258],[152.16836,-28.43454],[152.17203,-28.43436],[152.18145,-28.43722],[152.18427,-28.43903],[152.18627,-28.43863],[152.18794,-28.43525],[152.19023,-28.43403],[152.19511,-28.43614],[152.20471,-28.43806],[152.20735,-28.44368],[152.20728,-28.44522],[152.21055,-28.44615],[152.21398,-28.44598],[152.21724,-28.4491],[152.21963,-28.44778],[152.22165,-28.44483],[152.22208,-28.44199],[152.2257,-28.43723],[152.22868,-28.43701],[152.23099,-28.42957],[152.23444,-28.42735],[152.23531,-28.42469],[152.23807,-28.42346],[152.23959,-28.41958],[152.23917,-28.41786],[152.24367,-28.41594],[152.24898,-28.41152],[152.25208,-28.41059],[152.25245,-28.40727],[152.25427,-28.40602],[152.25588,-28.40335],[152.26039,-28.40076],[152.26315,-28.39603],[152.26533,-28.39421],[152.26668,-28.39073],[152.26825,-28.38952],[152.2697,-28.39086],[152.27371,-28.39178],[152.28176,-28.39281],[152.28655,-28.39237],[152.28937,-28.39078],[152.28908,-28.38943],[152.29052,-28.38298],[152.29398,-28.37918],[152.30245,-28.37273],[152.30414,-28.37229],[152.30735,-28.36903],[152.30937,-28.36283],[152.31283,-28.36248],[152.3158,-28.3636],[152.32036,-28.36694],[152.32662,-28.36673],[152.33195,-28.36828],[152.3357,-28.36662],[152.34186,-28.36796],[152.34556,-28.36601],[152.34903,-28.36504],[152.35432,-28.36155],[152.35664,-28.36117],[152.3615,-28.3636],[152.36518,-28.36614],[152.36881,-28.36577],[152.37476,-28.36695],[152.37837,-28.36562],[152.38155,-28.36808],[152.38521,-28.36878],[152.38798,-28.36745],[152.38797,-28.36595],[152.39171,-28.36239],[152.39354,-28.35727],[152.39586,-28.35451],[152.39888,-28.35222],[152.40112,-28.34706],[152.41025,-28.34148],[152.41088,-28.33944],[152.41562,-28.33622],[152.41763,-28.33159],[152.41547,-28.3268],[152.41058,-28.32039],[152.41071,-28.31043],[152.41321,-28.30868],[152.41389,-28.30713],[152.41322,-28.30157],[152.41478,-28.30004],[152.41518,-28.29806],[152.41675,-28.2968],[152.4215,-28.29931],[152.42634,-28.29921],[152.42776,-28.29729],[152.43087,-28.29736],[152.43566,-28.29948],[152.43762,-28.2994],[152.44046,-28.29759],[152.44295,-28.29841],[152.44419,-28.29723],[152.44262,-28.29216],[152.44317,-28.28891],[152.44549,-28.28543],[152.44902,-28.2822],[152.44927,-28.28068],[152.45213,-28.27876],[152.45515,-28.27839],[152.45796,-28.27237],[152.46123,-28.26974],[152.45998,-28.26832],[152.45968,-28.26483],[152.46134,-28.26092],[152.46346,-28.25921],[152.46986,-28.25732],[152.47302,-28.25693],[152.47592,-28.25822],[152.4808,-28.25754],[152.48381,-28.25765],[152.48768,-28.25344],[152.48734,-28.24942],[152.48853,-28.24633],[152.49241,-28.24374],[152.49203,-28.24036],[152.48911,-28.2386],[152.48728,-28.23886],[152.48799,-28.23468],[152.48454,-28.23314],[152.48236,-28.22949],[152.4763,-28.22822],[152.47544,-28.23355],[152.46943,-28.23195],[152.46992,-28.22886],[152.45896,-28.22657],[152.45825,-28.22099],[152.46021,-28.21836],[152.46561,-28.21674],[152.46759,-28.21235],[152.46983,-28.21067],[152.47053,-28.20762],[152.47206,-28.20683],[152.47324,-28.20435],[152.47087,-28.20053],[152.47086,-28.19495],[152.46472,-28.19485],[152.46304,-28.19526],[152.45788,-28.19439],[152.45584,-28.19562],[152.45385,-28.19415],[152.45056,-28.19042],[152.44762,-28.18932],[152.44731,-28.18663],[152.44538,-28.18431],[152.4443,-28.18088],[152.44215,-28.17904],[152.44206,-28.176],[152.4436,-28.1734],[152.44446,-28.16998],[152.44669,-28.16641],[152.44655,-28.16388],[152.44378,-28.16329],[152.43845,-28.16017],[152.43734,-28.15779],[152.43554,-28.1563],[152.43548,-28.15308],[152.43441,-28.15083],[152.43489,-28.1475],[152.43377,-28.14378],[152.43205,-28.14261],[152.43357,-28.13614],[152.43343,-28.13243],[152.43405,-28.131],[152.42615,-28.12909],[152.42376,-28.12603],[152.42153,-28.12443],[152.42014,-28.1199],[152.41901,-28.11869],[152.41394,-28.11631],[152.41197,-28.11445],[152.41144,-28.11262],[152.41172,-28.10571],[152.41081,-28.10331],[152.40855,-28.1001],[152.40941,-28.09576],[152.41243,-28.09238],[152.41713,-28.09067],[152.41846,-28.08847],[152.41638,-28.08104],[152.4148,-28.07886],[152.41641,-28.07372],[152.41632,-28.06974],[152.41065,-28.06874],[152.40673,-28.06661],[152.40236,-28.06532],[152.39943,-28.0627],[152.39401,-28.0603],[152.38996,-28.05908],[152.39377,-28.05243],[152.39504,-28.04898],[152.39372,-28.04567],[152.3943,-28.04376],[152.39107,-28.03868],[152.38848,-28.03628],[152.39032,-28.03085],[152.38734,-28.02865],[152.38285,-28.02444],[152.38132,-28.02082],[152.37569,-28.01399],[152.3749,-28.01232],[152.37685,-28.00755],[152.37633,-28.00603],[152.378,-27.99925],[152.37801,-27.99055],[152.38088,-27.98612],[152.38363,-27.98372],[152.38282,-27.97879],[152.38613,-27.97533],[152.38906,-27.9741],[152.38777,-27.97186],[152.38481,-27.96917],[152.38236,-27.96602],[152.37972,-27.96602],[152.37384,-27.96372],[152.37126,-27.96423],[152.36345,-27.96225],[152.36024,-27.96273],[152.35707,-27.96216],[152.35252,-27.96448],[152.3496,-27.96403],[152.34744,-27.96522],[152.34307,-27.96084],[152.33428,-27.96473],[152.32744,-27.96647],[152.32186,-27.96466],[152.31626,-27.96566],[152.31265,-27.96381],[152.30826,-27.96278],[152.29888,-27.95631],[152.2938,-27.95615],[152.29383,-27.9612],[152.28635,-27.96302],[152.28445,-27.96597],[152.28076,-27.96634],[152.27719,-27.96972],[152.2699,-27.96883],[152.26909,-27.97012],[152.26517,-27.97073],[152.25854,-27.97237],[152.2525,-27.96686],[152.2477,-27.96375],[152.24155,-27.96063],[152.236,-27.95965],[152.23144,-27.95753],[152.22504,-27.95647],[152.22317,-27.9575],[152.2199,-27.95646],[152.21419,-27.95592],[152.20969,-27.95408],[152.20787,-27.96466],[152.19982,-27.96433],[152.1945,-27.9615],[152.19164,-27.96417],[152.18418,-27.96547],[152.17282,-27.96628],[152.16691,-27.9662],[152.16479,-27.96787],[152.15893,-27.96774],[152.15447,-27.96637],[152.14781,-27.96668],[152.14636,-27.96298],[152.13979,-27.9583],[152.14017,-27.95377],[152.1434,-27.95155],[152.14311,-27.94783],[152.14021,-27.94619],[152.13922,-27.94411],[152.10677,-27.93966],[152.09804,-27.94455],[152.098,-27.94707],[152.09259,-27.95132],[152.09046,-27.95403],[152.08852,-27.9544],[152.08226,-27.95887],[152.07445,-27.96128],[152.02547,-27.9545],[152.02397,-27.96312],[151.99479,-27.9592],[151.99858,-27.97097],[151.97597,-27.96785],[151.97536,-27.96957],[151.97345,-27.98042],[151.92179,-27.97333],[151.91887,-27.98988],[151.90909,-27.98507],[151.90728,-27.99112],[151.90798,-27.994],[151.91237,-27.99935],[151.91717,-28.0085],[151.91746,-28.01103],[151.91641,-28.01209],[151.84726,-28.00246],[151.80769,-27.99698],[151.80609,-28.00583],[151.80437,-28.0043],[151.80019,-28.00215],[151.79784,-28.0021],[151.79697,-27.99994],[151.79307,-27.9997],[151.79164,-28.00226],[151.78503,-28.00999],[151.79029,-28.01457],[151.77759,-28.02285],[151.7761,-28.02189],[151.77173,-28.0152],[151.77002,-28.01119],[151.76693,-28.00755],[151.76496,-28.00799],[151.76427,-28.00265],[151.76259,-28.00369],[151.7603,-28.00355],[151.75739,-28.00558],[151.75311,-28.00411],[151.75206,-28.00158],[151.74833,-27.99879],[151.73145,-27.99459],[151.72737,-27.9944],[151.72483,-27.99367],[151.72211,-27.99186],[151.72178,-27.99418],[151.69416,-27.99108],[151.69337,-27.99192],[151.66342,-27.98788],[151.66295,-27.9883],[151.6179,-27.9831],[151.61559,-27.98348],[151.57754,-27.97884],[151.54353,-27.97407],[151.54117,-27.99011],[151.53661,-28.01898],[151.53633,-28.01939],[151.50684,-28.01581],[151.50383,-28.03529],[151.49562,-28.08989],[151.47466,-28.0874],[151.47014,-28.08886],[151.46465,-28.09255],[151.46311,-28.09601],[151.46275,-28.09702],[151.46224,-28.10001],[151.46019,-28.10403],[151.46031,-28.10607],[151.45253,-28.10445],[151.44569,-28.10493],[151.44523,-28.10732],[151.44292,-28.11138],[151.4452,-28.11373],[151.44674,-28.11647],[151.44375,-28.12118],[151.44465,-28.12224],[151.43934,-28.13592],[151.44114,-28.15167],[151.46407,-28.17952],[151.47707,-28.1857],[151.48074,-28.18935],[151.483,-28.1944],[151.48159,-28.20246],[151.47721,-28.2073],[151.48294,-28.22004],[151.4822,-28.22146],[151.48581,-28.22534],[151.4887,-28.22725],[151.49591,-28.2286],[151.49882,-28.23114],[151.50316,-28.23353],[151.50505,-28.23657],[151.50563,-28.23881],[151.50456,-28.24014],[151.50577,-28.24217],[151.50521,-28.2435],[151.50706,-28.24504],[151.50917,-28.24874],[151.50969,-28.25476],[151.50837,-28.25591],[151.50897,-28.25851],[151.51651,-28.26169],[151.51808,-28.26467],[151.52478,-28.26789],[151.52352,-28.26901],[151.5242,-28.27279],[151.52747,-28.2744],[151.5309,-28.27833],[151.53246,-28.27811],[151.53371,-28.2751],[151.53926,-28.27969],[151.54082,-28.28446],[151.54563,-28.28773],[151.54766,-28.28596],[151.54926,-28.28287],[151.55235,-28.28177],[151.55517,-28.28313],[151.55782,-28.28332],[151.56754,-28.27806],[151.57932,-28.27954],[151.5811,-28.27887],[151.58817,-28.2741],[151.59329,-28.27401],[151.60435,-28.27747],[151.6085,-28.27576],[151.61191,-28.27524],[151.61379,-28.27739],[151.61934,-28.27748],[151.61958,-28.27625],[151.62968,-28.27416],[151.63527,-28.27661],[151.63724,-28.28004],[151.64249,-28.28074],[151.64052,-28.28645],[151.64795,-28.29346],[151.64881,-28.29867],[151.65121,-28.29969],[151.65317,-28.30152],[151.66114,-28.30171],[151.66526,-28.30327],[151.66924,-28.30092],[151.67533,-28.30354],[151.67686,-28.30152],[151.67842,-28.3012],[151.681,-28.30518],[151.68258,-28.30576],[151.68345,-28.30946],[151.68724,-28.3113],[151.69021,-28.31114],[151.6938,-28.31271],[151.70036,-28.31887],[151.70194,-28.31965],[151.70643,-28.32612],[151.70367,-28.32968],[151.70356,-28.33108],[151.70852,-28.33535],[151.71014,-28.33777],[151.70771,-28.34148],[151.69653,-28.34726],[151.69708,-28.35035],[151.6934,-28.35162],[151.69605,-28.3561],[151.69612,-28.35882],[151.6988,-28.3612],[151.698,-28.36629],[151.69856,-28.37272],[151.70064,-28.37617],[151.69927,-28.37743],[151.70039,-28.38011],[151.69947,-28.38222],[151.70043,-28.38703],[151.70221,-28.39174],[151.70061,-28.39502],[151.69866,-28.39702],[151.69565,-28.40204],[151.69607,-28.40494],[151.69194,-28.40781],[151.68736,-28.40888],[151.68171,-28.40864],[151.67855,-28.42845],[151.6719,-28.4306],[151.66861,-28.4361],[151.66186,-28.44368],[151.65505,-28.44381],[151.6503,-28.44255],[151.64905,-28.44621],[151.64503,-28.44957],[151.64177,-28.45085],[151.63929,-28.45285],[151.63962,-28.45544],[151.64157,-28.45864],[151.64176,-28.46135],[151.64087,-28.46687],[151.63972,-28.4689],[151.63957,-28.4761],[151.64136,-28.48305],[151.64645,-28.49243],[151.64639,-28.49481],[151.64353,-28.50809],[151.6403,-28.51566],[151.64022,-28.52414],[151.63315,-28.53061],[151.62493,-28.53848],[151.61615,-28.54541],[151.61076,-28.54713],[151.60547,-28.54926],[151.59519,-28.55153],[151.59682,-28.55601],[151.60173,-28.55832],[151.60122,-28.56685],[151.60515,-28.57529],[151.6016,-28.58035],[151.5996,-28.5852],[151.59768,-28.58569],[151.59503,-28.5838],[151.59115,-28.58248],[151.58784,-28.58459],[151.58192,-28.58618],[151.57837,-28.589],[151.57574,-28.59206],[151.57646,-28.59718],[151.57172,-28.59945],[151.57014,-28.60208],[151.57131,-28.6085],[151.56976,-28.61072],[151.56515,-28.61469],[151.56373,-28.61861],[151.56192,-28.62054],[151.55831,-28.62297],[151.55106,-28.62266],[151.54586,-28.62435],[151.5449,-28.62784],[151.54624,-28.63705],[151.54025,-28.64273],[151.53634,-28.6485],[151.53207,-28.64799],[151.53157,-28.6547],[151.52916,-28.66325],[151.52805,-28.66567],[151.52564,-28.67865],[151.51905,-28.68677],[151.5166,-28.6913],[151.51435,-28.69236],[151.51061,-28.69683],[151.50498,-28.70069],[151.50022,-28.70537],[151.49621,-28.71478],[151.49347,-28.7146],[151.49107,-28.71973],[151.48751,-28.72312],[151.48055,-28.72757],[151.47377,-28.73138],[151.47877,-28.74129],[151.47844,-28.74474],[151.47726,-28.74626],[151.46754,-28.75312],[151.46361,-28.75401],[151.45802,-28.75591],[151.45363,-28.75935],[151.45235,-28.76294],[151.45172,-28.76949],[151.45057,-28.77182],[151.44599,-28.77613],[151.44024,-28.77986],[151.43803,-28.78474],[151.43533,-28.78714],[151.42969,-28.78498],[151.42706,-28.78588],[151.42283,-28.79143],[151.41908,-28.79412],[151.41864,-28.79914],[151.42245,-28.80756],[151.42185,-28.80914],[151.41863,-28.81219],[151.41813,-28.81604],[151.41288,-28.82088],[151.41055,-28.82467],[151.40717,-28.82694],[151.40535,-28.82931],[151.40229,-28.83154],[151.39952,-28.83116],[151.39299,-28.8344],[151.39223,-28.83713],[151.39014,-28.84051],[151.39059,-28.8448],[151.3929,-28.85012],[151.3918,-28.85398],[151.38903,-28.85581],[151.38683,-28.85642],[151.38541,-28.8598],[151.38636,-28.86524],[151.38557,-28.86739],[151.38502,-28.87196],[151.38257,-28.87466],[151.38436,-28.88755],[151.38154,-28.89135],[151.38401,-28.89322],[151.38543,-28.90013],[151.3878,-28.90124],[151.38322,-28.91784],[151.37973,-28.92285],[151.38077,-28.92597],[151.37856,-28.92813],[151.37937,-28.93267],[151.38019,-28.94557],[151.38018,-28.95466],[151.37975,-28.96232],[151.38276,-28.96921],[151.3815,-28.97052],[151.37863,-28.97628],[151.37962,-28.97986],[151.37821,-28.99227],[151.37708,-28.99493],[151.37109,-29.00249],[151.36741,-29.00315],[151.36319,-29.00271],[151.36243,-29.00632],[151.36527,-29.01015],[151.36672,-29.01673],[151.36591,-29.02018],[151.36246,-29.02157],[151.35572,-29.02257],[151.35445,-29.0264],[151.35203,-29.02686],[151.35081,-29.02987],[151.35244,-29.03126],[151.35187,-29.03281],[151.35437,-29.03678],[151.35787,-29.04001],[151.35889,-29.0439],[151.36087,-29.04688],[151.36408,-29.04757],[151.36804,-29.04526],[151.37214,-29.04771],[151.37589,-29.04924],[151.37639,-29.05485],[151.37485,-29.05656],[151.37549,-29.05885],[151.38023,-29.05855],[151.38435,-29.06212],[151.38638,-29.05982],[151.38546,-29.05499],[151.38797,-29.05373],[151.39077,-29.05488],[151.39912,-29.05363],[151.40086,-29.05567],[151.40394,-29.05594],[151.40624,-29.05939],[151.41011,-29.06067],[151.41286,-29.05987],[151.41945,-29.0636],[151.42208,-29.06116],[151.42599,-29.061],[151.42882,-29.06318],[151.43229,-29.06311],[151.43389,-29.06796],[151.43666,-29.06583],[151.43696,-29.06403],[151.44149,-29.06199],[151.44274,-29.06365],[151.44492,-29.06228],[151.44729,-29.05951],[151.44693,-29.05544],[151.44881,-29.0513],[151.44805,-29.04535],[151.45022,-29.04267],[151.44975,-29.04064],[151.4477,-29.03689],[151.44564,-29.03486],[151.44392,-29.03196],[151.44453,-29.0282],[151.44346,-29.02529],[151.44486,-29.02109],[151.44682,-29.01954],[151.44685,-29.01754],[151.45159,-29.01308],[151.45564,-29.01039],[151.4557,-29.00844],[151.45457,-29.00544],[151.4576,-29.00131],[151.45802,-28.99881],[151.46338,-28.99795],[151.46691,-28.99825],[151.46905,-29.00053],[151.47193,-29.00188],[151.47524,-29.005],[151.4825,-29.00136],[151.48436,-29.00119],[151.49321,-29.0037],[151.49535,-29.00723],[151.49936,-29.00779],[151.50506,-29.00981]]]},"properties":{"LGA Code":"6660","Abbreviated Name":"Southern Downs","LGA Name":"Southern Downs Regional","Area Sq Km":7088.86614,"LDMG Name":"Southern Downs","Police Region Name":"Southern Region","Police Region Code":"SR","Police Region Short Name":"Southern"}},{"type":"Feature","geometry":{"type":"Polygon","coordinates":[[[151.44114,-28.15167],[151.43934,-28.13592],[151.44465,-28.12224],[151.44375,-28.12118],[151.44674,-28.11647],[151.4452,-28.11373],[151.44292,-28.11138],[151.44523,-28.10732],[151.44569,-28.10493],[151.45253,-28.10445],[151.46031,-28.10607],[151.46019,-28.10403],[151.46224,-28.10001],[151.46275,-28.09702],[151.46311,-28.09601],[151.46465,-28.09255],[151.47014,-28.08886],[151.47466,-28.0874],[151.49562,-28.08989],[151.50383,-28.03529],[151.50684,-28.01581],[151.53633,-28.01939],[151.53661,-28.01898],[151.54117,-27.99011],[151.54353,-27.97407],[151.57754,-27.97884],[151.61559,-27.98348],[151.6179,-27.9831],[151.66295,-27.9883],[151.66342,-27.98788],[151.69337,-27.99192],[151.69416,-27.99108],[151.72178,-27.99418],[151.72211,-27.99186],[151.72483,-27.99367],[151.72737,-27.9944],[151.73145,-27.99459],[151.74833,-27.99879],[151.75206,-28.00158],[151.75311,-28.00411],[151.75739,-28.00558],[151.7603,-28.00355],[151.76259,-28.00369],[151.76427,-28.00265],[151.76496,-28.00799],[151.76693,-28.00755],[151.77002,-28.01119],[151.77173,-28.0152],[151.7761,-28.02189],[151.77759,-28.02285],[151.79029,-28.01457],[151.78503,-28.00999],[151.79164,-28.00226],[151.79307,-27.9997],[151.79697,-27.99994],[151.79784,-28.0021],[151.80019,-28.00215],[151.80437,-28.0043],[151.80609,-28.00583],[151.80769,-27.99698],[151.84726,-28.00246],[151.91641,-28.01209],[151.91746,-28.01103],[151.91717,-28.0085],[151.91237,-27.99935],[151.90798,-27.994],[151.90728,-27.99112],[151.90909,-27.98507],[151.91887,-27.98988],[151.92179,-27.97333],[151.97345,-27.98042],[151.97536,-27.96957],[151.97597,-27.96785],[151.99858,-27.97097],[151.99479,-27.9592],[152.02397,-27.96312],[152.02547,-27.9545],[152.07445,-27.96128],[152.08226,-27.95887],[152.08852,-27.9544],[152.09046,-27.95403],[152.09259,-27.95132],[152.098,-27.94707],[152.09804,-27.94455],[152.10677,-27.93966],[152.13922,-27.94411],[152.14021,-27.94619],[152.14311,-27.94783],[152.1434,-27.95155],[152.14017,-27.95377],[152.13979,-27.9583],[152.14636,-27.96298],[152.14781,-27.96668],[152.15447,-27.96637],[152.15893,-27.96774],[152.16479,-27.96787],[152.16691,-27.9662],[152.17282,-27.96628],[152.18418,-27.96547],[152.19164,-27.96417],[152.1945,-27.9615],[152.19982,-27.96433],[152.20787,-27.96466],[152.20969,-27.95408],[152.21419,-27.95592],[152.2199,-27.95646],[152.22317,-27.9575],[152.22504,-27.95647],[152.23144,-27.95753],[152.236,-27.95965],[152.24155,-27.96063],[152.2477,-27.96375],[152.2525,-27.96686],[152.25854,-27.97237],[152.26517,-27.97073],[152.26909,-27.97012],[152.2699,-27.96883],[152.26419,-27.96426],[152.26145,-27.9641],[152.26055,-27.96206],[152.25667,-27.96078],[152.25455,-27.95604],[152.24983,-27.95441],[152.24619,-27.95435],[152.24079,-27.95261],[152.2376,-27.95267],[152.23484,-27.95185],[152.23031,-27.94944],[152.22267,-27.94825],[152.22166,-27.94609],[152.21489,-27.94497],[152.216,-27.93859],[152.20914,-27.93758],[152.21023,-27.93167],[152.20772,-27.93133],[152.20575,-27.92862],[152.20351,-27.92682],[152.19906,-27.92922],[152.1961,-27.92816],[152.18852,-27.92414],[152.18733,-27.9223],[152.18726,-27.91952],[152.18554,-27.9155],[152.18481,-27.9124],[152.18198,-27.91124],[152.17878,-27.90907],[152.17569,-27.90437],[152.17522,-27.89717],[152.17592,-27.88729],[152.17477,-27.88672],[152.17115,-27.8871],[152.16861,-27.88211],[152.1641,-27.88304],[152.16142,-27.88047],[152.1608,-27.87865],[152.15243,-27.87662],[152.15116,-27.87602],[152.15234,-27.87257],[152.15004,-27.86915],[152.14943,-27.86621],[152.14817,-27.86419],[152.14718,-27.85963],[152.15069,-27.84938],[152.14914,-27.8461],[152.1513,-27.84355],[152.15249,-27.83695],[152.1517,-27.83417],[152.14589,-27.83046],[152.14557,-27.82682],[152.14446,-27.82462],[152.13954,-27.82122],[152.13991,-27.81718],[152.13789,-27.81389],[152.13846,-27.81008],[152.14014,-27.80896],[152.13997,-27.80716],[152.14283,-27.80689],[152.14737,-27.80732],[152.14912,-27.80672],[152.1476,-27.80388],[152.14743,-27.79896],[152.14601,-27.79502],[152.14426,-27.79372],[152.14141,-27.78899],[152.13602,-27.78772],[152.1334,-27.7854],[152.1317,-27.78531],[152.13026,-27.78365],[152.13779,-27.78467],[152.13761,-27.78216],[152.1393,-27.77961],[152.13025,-27.77839],[152.13148,-27.77161],[152.10684,-27.76813],[152.10754,-27.76605],[152.10129,-27.76517],[152.10475,-27.74573],[152.09639,-27.74453],[152.0934,-27.7611],[152.08521,-27.75994],[152.08662,-27.75726],[152.08523,-27.75475],[152.08429,-27.74993],[152.07675,-27.74886],[152.078,-27.74186],[152.08328,-27.74262],[152.08393,-27.73903],[152.07496,-27.73774],[152.0765,-27.72921],[152.07392,-27.7312],[152.0716,-27.72902],[152.06891,-27.7289],[152.06787,-27.72641],[152.06562,-27.72668],[152.06165,-27.72413],[152.06052,-27.72254],[152.05489,-27.72127],[152.04907,-27.71927],[152.04874,-27.71821],[152.03186,-27.71622],[152.03404,-27.70287],[152.01049,-27.69971],[152.01019,-27.70157],[152.00806,-27.70288],[152.00501,-27.70339],[152.00151,-27.70241],[152.00328,-27.69194],[151.99767,-27.69118],[151.9989,-27.68399],[151.98816,-27.68255],[151.98784,-27.67956],[151.98654,-27.67706],[151.98831,-27.67504],[151.99213,-27.67349],[151.98939,-27.66611],[151.9868,-27.66526],[151.98767,-27.6603],[151.98675,-27.65811],[151.98302,-27.65415],[151.98512,-27.64859],[151.98368,-27.64707],[151.98163,-27.64668],[151.9788,-27.64742],[151.97215,-27.64452],[151.96929,-27.64447],[151.96774,-27.64671],[151.96385,-27.6472],[151.96264,-27.6496],[151.9559,-27.64943],[151.95067,-27.64147],[151.94891,-27.63647],[151.9452,-27.63556],[151.94202,-27.63186],[151.94207,-27.62752],[151.94273,-27.62345],[151.94695,-27.62406],[151.94815,-27.61756],[151.9557,-27.61859],[151.95782,-27.6172],[151.96049,-27.62098],[151.96266,-27.62114],[151.96674,-27.62262],[151.96727,-27.61968],[151.97802,-27.62121],[151.97884,-27.61588],[151.97352,-27.61521],[151.97425,-27.60925],[151.98266,-27.61022],[151.983,-27.60802],[151.9894,-27.60805],[151.99086,-27.59902],[151.9951,-27.59958],[151.99729,-27.58601],[152.0078,-27.58481],[152.01204,-27.58391],[152.0161,-27.58441],[152.01682,-27.57976],[152.00695,-27.57838],[152.00941,-27.57562],[152.00651,-27.57517],[152.00377,-27.5772],[152.00235,-27.57728],[151.9973,-27.58131],[151.99627,-27.58088],[152.00056,-27.55711],[152.00323,-27.55739],[152.00482,-27.5485],[151.9992,-27.54856],[151.99768,-27.55018],[151.99556,-27.54876],[151.99348,-27.54866],[151.99481,-27.54117],[151.98827,-27.53599],[151.99203,-27.53338],[151.99133,-27.53073],[151.99928,-27.52856],[151.99836,-27.52587],[151.99483,-27.52484],[151.98741,-27.52363],[151.98596,-27.52142],[151.97948,-27.52068],[151.9765,-27.51877],[151.97006,-27.51801],[151.96798,-27.52997],[151.96675,-27.52895],[151.96399,-27.52941],[151.96475,-27.52451],[151.96186,-27.52416],[151.9588,-27.52238],[151.95654,-27.51867],[151.9552,-27.51425],[151.95751,-27.51315],[151.95868,-27.51138],[151.9622,-27.50983],[151.96413,-27.51119],[151.96632,-27.50819],[151.96642,-27.50558],[151.96791,-27.50303],[151.96492,-27.502],[151.9645,-27.49986],[151.96611,-27.4972],[151.96928,-27.4954],[151.96918,-27.4931],[151.96596,-27.49308],[151.96585,-27.48772],[151.96206,-27.48736],[151.96138,-27.4861],[151.96476,-27.48318],[151.96371,-27.4804],[151.9654,-27.47752],[151.96668,-27.47333],[151.96406,-27.4716],[151.96458,-27.47025],[151.96723,-27.47115],[151.97183,-27.47043],[151.97562,-27.46825],[151.97693,-27.46481],[151.97994,-27.46604],[151.98661,-27.46325],[151.98963,-27.4636],[151.99193,-27.46241],[151.99171,-27.46031],[151.9948,-27.45779],[151.99717,-27.4572],[151.9967,-27.46159],[152.00057,-27.46148],[152.0022,-27.46278],[152.00394,-27.46199],[152.00642,-27.44708],[152.01963,-27.4487],[152.02103,-27.43914],[152.0224,-27.43931],[152.02351,-27.43243],[152.01601,-27.43147],[152.01614,-27.42686],[152.01692,-27.42205],[152.01833,-27.42357],[152.02428,-27.42788],[152.02752,-27.42694],[152.02906,-27.41624],[152.02785,-27.41609],[152.0385,-27.40973],[152.0548,-27.41257],[152.05666,-27.40231],[152.05214,-27.39982],[152.05381,-27.39202],[152.06039,-27.39297],[152.05875,-27.40208],[152.06988,-27.40371],[152.07084,-27.40275],[152.08341,-27.40465],[152.08285,-27.40202],[152.08376,-27.3998],[152.08651,-27.39862],[152.08796,-27.40024],[152.09399,-27.40109],[152.09334,-27.40483],[152.10067,-27.40589],[152.09963,-27.41185],[152.10548,-27.41269],[152.10809,-27.4114],[152.10747,-27.4148],[152.11875,-27.41637],[152.11794,-27.42095],[152.13698,-27.42363],[152.13612,-27.4298],[152.14074,-27.43048],[152.14154,-27.43424],[152.14025,-27.43714],[152.14144,-27.43953],[152.1411,-27.44143],[152.14554,-27.44124],[152.14797,-27.43727],[152.15631,-27.43848],[152.15653,-27.44166],[152.15506,-27.44402],[152.15567,-27.44574],[152.16159,-27.44649],[152.16067,-27.4443],[152.16155,-27.43923],[152.16294,-27.43709],[152.16337,-27.43385],[152.16577,-27.42985],[152.16454,-27.42569],[152.16999,-27.4241],[152.17728,-27.42089],[152.17953,-27.40759],[152.1846,-27.40672],[152.18858,-27.40695],[152.19299,-27.40874],[152.19751,-27.40919],[152.19598,-27.40613],[152.1974,-27.40003],[152.19729,-27.39677],[152.19538,-27.39532],[152.19173,-27.38684],[152.19084,-27.38207],[152.1931,-27.38164],[152.19321,-27.38007],[152.19592,-27.37937],[152.19835,-27.37764],[152.2015,-27.35968],[152.20029,-27.35987],[152.19666,-27.36326],[152.19149,-27.36578],[152.1942,-27.34813],[152.19484,-27.34821],[152.19598,-27.34082],[152.19928,-27.34123],[152.20004,-27.33622],[152.19947,-27.33274],[152.20148,-27.322],[152.19012,-27.32029],[152.19208,-27.31815],[152.19325,-27.31451],[152.19257,-27.31116],[152.19608,-27.30753],[152.19814,-27.30864],[152.19984,-27.30727],[152.20012,-27.30298],[152.20106,-27.30058],[152.20302,-27.29918],[152.20281,-27.2954],[152.20619,-27.29203],[152.19935,-27.28846],[152.19931,-27.2846],[152.19633,-27.28244],[152.19631,-27.27892],[152.19447,-27.2754],[152.19644,-27.27215],[152.18408,-27.27046],[152.18275,-27.27118],[152.18279,-27.27356],[152.18056,-27.27553],[152.18076,-27.27695],[152.178,-27.27803],[152.1764,-27.27968],[152.17555,-27.28215],[152.17322,-27.28472],[152.17041,-27.28668],[152.16614,-27.28699],[152.16436,-27.28897],[152.16225,-27.28818],[152.16142,-27.28591],[152.16235,-27.28227],[152.1601,-27.27985],[152.15847,-27.27633],[152.15712,-27.27673],[152.15418,-27.27481],[152.15196,-27.26935],[152.15486,-27.267],[152.15624,-27.26289],[152.15781,-27.26167],[152.15827,-27.25927],[152.16151,-27.25683],[152.16508,-27.25659],[152.17151,-27.25911],[152.17389,-27.26221],[152.17699,-27.26375],[152.17872,-27.26054],[152.17624,-27.25663],[152.17253,-27.25584],[152.1724,-27.25378],[152.17762,-27.25216],[152.18203,-27.25218],[152.18873,-27.25484],[152.19094,-27.24198],[152.20106,-27.24331],[152.20146,-27.2401],[152.20406,-27.23934],[152.2057,-27.23739],[152.2087,-27.23558],[152.21416,-27.2342],[152.21573,-27.23301],[152.21854,-27.23271],[152.22079,-27.22967],[152.22214,-27.22894],[152.2256,-27.22885],[152.22851,-27.22629],[152.22882,-27.22505],[152.23308,-27.22233],[152.23624,-27.2035],[152.22047,-27.20129],[152.21606,-27.20692],[152.21508,-27.20894],[152.18678,-27.20513],[152.18661,-27.20618],[152.1798,-27.20537],[152.17741,-27.20809],[152.17503,-27.20794],[152.17404,-27.21107],[152.16883,-27.21072],[152.1661,-27.20933],[152.16645,-27.20746],[152.16249,-27.20703],[152.15901,-27.20598],[152.16183,-27.18916],[152.16479,-27.18787],[152.16962,-27.18707],[152.1734,-27.18187],[152.17697,-27.1817],[152.18028,-27.18026],[152.18134,-27.17843],[152.18551,-27.17615],[152.18628,-27.17204],[152.18852,-27.16902],[152.142,-27.14623],[152.14212,-27.14546],[152.13411,-27.14154],[152.13584,-27.14008],[152.1392,-27.13487],[152.14084,-27.1332],[152.14169,-27.13005],[152.14189,-27.12654],[152.14355,-27.12673],[152.14393,-27.12372],[152.14848,-27.12188],[152.14834,-27.11929],[152.15033,-27.11919],[152.15359,-27.11618],[152.15363,-27.1131],[152.15629,-27.11341],[152.1579,-27.11177],[152.15721,-27.10944],[152.16229,-27.10795],[152.16504,-27.10522],[152.16826,-27.10286],[152.16997,-27.10256],[152.16998,-27.10018],[152.17279,-27.09934],[152.17436,-27.09759],[152.1771,-27.09731],[152.17711,-27.09571],[152.17508,-27.09496],[152.17707,-27.09132],[152.18242,-27.08936],[152.18049,-27.08813],[152.18125,-27.08611],[152.18525,-27.06138],[152.19132,-27.07233],[152.21431,-27.07507],[152.21608,-27.07772],[152.21907,-27.07737],[152.21856,-27.07495],[152.21539,-27.07319],[152.21434,-27.06993],[152.21595,-27.06826],[152.21876,-27.06864],[152.22194,-27.0666],[152.22217,-27.06543],[152.21952,-27.06287],[152.2243,-27.06384],[152.22631,-27.06328],[152.22739,-27.06098],[152.1949,-27.05673],[152.19473,-27.05653],[152.19916,-27.02779],[152.19235,-27.02707],[152.19297,-27.02297],[152.21894,-27.02629],[152.22013,-27.0256],[152.22105,-27.02235],[152.2177,-27.01839],[152.21464,-27.01884],[152.20535,-27.01445],[152.19864,-27.01358],[152.19888,-27.00975],[152.19814,-27.00821],[152.18652,-27.00664],[152.18864,-26.99397],[152.1749,-26.99215],[152.17322,-26.98948],[152.17594,-26.98802],[152.17994,-26.98673],[152.18296,-26.9846],[152.17665,-26.98367],[152.1747,-26.98206],[152.17659,-26.98054],[152.18058,-26.98122],[152.18341,-26.97934],[152.18335,-26.97818],[152.17885,-26.9758],[152.17513,-26.97623],[152.17345,-26.97797],[152.16908,-26.97943],[152.16851,-26.97775],[152.16958,-26.9749],[152.16935,-26.97063],[152.16796,-26.96872],[152.16628,-26.96866],[152.16505,-26.97258],[152.15601,-26.969],[152.15145,-26.97108],[152.1496,-26.97037],[152.15084,-26.96682],[152.15033,-26.96583],[152.14539,-26.96472],[152.13857,-26.96469],[152.13514,-26.96357],[152.13127,-26.9615],[152.13059,-26.96032],[152.12978,-26.95523],[152.12542,-26.95421],[152.12785,-26.94991],[152.12862,-26.94635],[152.12807,-26.94432],[152.13209,-26.9391],[152.13345,-26.93832],[152.13586,-26.93445],[152.13793,-26.93352],[152.13932,-26.93063],[152.14232,-26.9301],[152.14409,-26.92735],[152.14305,-26.92436],[152.1439,-26.92114],[152.14285,-26.91726],[152.14378,-26.91078],[152.14702,-26.9086],[152.14675,-26.9068],[152.14983,-26.90443],[152.14711,-26.89886],[152.1431,-26.90044],[152.14124,-26.89762],[152.13797,-26.90006],[152.13586,-26.90611],[152.12943,-26.9021],[152.12489,-26.90024],[152.1213,-26.89998],[152.11992,-26.90187],[152.11451,-26.90352],[152.11153,-26.90295],[152.10802,-26.90314],[152.10235,-26.91106],[152.09954,-26.91232],[152.09253,-26.91385],[152.0917,-26.91618],[152.08808,-26.91707],[152.08859,-26.91892],[152.08093,-26.92198],[152.07969,-26.92079],[152.07773,-26.92386],[152.07472,-26.92494],[152.07112,-26.92711],[152.06836,-26.92739],[152.06444,-26.92666],[152.06135,-26.92324],[152.05779,-26.92026],[152.05102,-26.91927],[152.05304,-26.91068],[152.05734,-26.90976],[152.05854,-26.90558],[152.06295,-26.9034],[152.06356,-26.90104],[152.06789,-26.8979],[152.06704,-26.88577],[152.06798,-26.88386],[152.06723,-26.88176],[152.06458,-26.88016],[152.06301,-26.87648],[152.06665,-26.87384],[152.06841,-26.87123],[152.06844,-26.86919],[152.07215,-26.86588],[152.07421,-26.8626],[152.07614,-26.86083],[152.05576,-26.8583],[152.05399,-26.85745],[152.05273,-26.85476],[152.04971,-26.85439],[152.0467,-26.85627],[152.04182,-26.85492],[152.03805,-26.85732],[152.03528,-26.85595],[152.03408,-26.85405],[152.03352,-26.85022],[152.03546,-26.84864],[152.04067,-26.84916],[152.04149,-26.84851],[152.04139,-26.84524],[152.04272,-26.84367],[152.0489,-26.84515],[152.05406,-26.84092],[152.05795,-26.83967],[152.06139,-26.83644],[152.06242,-26.83374],[152.06143,-26.83039],[152.05929,-26.82832],[152.06341,-26.82242],[152.06376,-26.8203],[152.06626,-26.81935],[152.06851,-26.81945],[152.06992,-26.82148],[152.07219,-26.82038],[152.07344,-26.81464],[152.07303,-26.81227],[152.07032,-26.80918],[152.06688,-26.80913],[152.06422,-26.80602],[152.06371,-26.80289],[152.05966,-26.79911],[152.06369,-26.7977],[152.06327,-26.79264],[152.06548,-26.78778],[152.06524,-26.78493],[152.06383,-26.78037],[152.06388,-26.7785],[152.05169,-26.7771],[152.05312,-26.76689],[152.04773,-26.76971],[152.04625,-26.77401],[152.0447,-26.77329],[152.04188,-26.77438],[152.03983,-26.77405],[152.03426,-26.77836],[152.03303,-26.77755],[152.03219,-26.78272],[152.02018,-26.78113],[152.02056,-26.77896],[152.0172,-26.77798],[152.0157,-26.77908],[152.0077,-26.76939],[151.99779,-26.77591],[151.9966,-26.78305],[151.98866,-26.78355],[151.98662,-26.78232],[151.98478,-26.78303],[151.9793,-26.78654],[151.97746,-26.79813],[151.97468,-26.79841],[151.97346,-26.8059],[151.97013,-26.80566],[151.93513,-26.80121],[151.93336,-26.80126],[151.92977,-26.80583],[151.92856,-26.8064],[151.92736,-26.80905],[151.92577,-26.81048],[151.92564,-26.81538],[151.92412,-26.81931],[151.922,-26.82179],[151.91895,-26.82297],[151.91589,-26.82734],[151.90652,-26.8319],[151.90193,-26.83711],[151.90212,-26.84158],[151.89809,-26.84622],[151.89862,-26.84914],[151.89696,-26.85111],[151.89865,-26.85529],[151.89748,-26.85885],[151.89678,-26.86621],[151.8924,-26.86828],[151.88734,-26.87385],[151.88612,-26.87769],[151.8865,-26.87935],[151.84319,-26.89766],[151.84237,-26.90026],[151.84278,-26.90293],[151.83801,-26.90683],[151.83392,-26.9128],[151.82503,-26.91949],[151.82394,-26.92079],[151.82122,-26.92616],[151.81938,-26.92816],[151.81185,-26.93202],[151.80865,-26.93091],[151.80519,-26.93232],[151.80184,-26.93519],[151.79288,-26.93061],[151.78486,-26.93864],[151.77839,-26.94163],[151.77453,-26.94259],[151.77129,-26.9441],[151.76623,-26.94538],[151.76351,-26.94545],[151.75871,-26.94736],[151.75133,-26.94754],[151.74561,-26.94552],[151.74215,-26.94683],[151.73784,-26.94699],[151.73372,-26.94455],[151.73082,-26.94469],[151.72598,-26.94762],[151.72352,-26.94799],[151.71938,-26.94593],[151.71364,-26.94436],[151.70682,-26.94007],[151.70498,-26.93845],[151.70007,-26.93858],[151.69733,-26.93619],[151.69484,-26.93237],[151.6919,-26.93171],[151.68951,-26.9266],[151.68164,-26.92182],[151.67818,-26.92212],[151.67414,-26.92007],[151.67322,-26.91816],[151.67,-26.91674],[151.66622,-26.91056],[151.66365,-26.91143],[151.65962,-26.91395],[151.65198,-26.91509],[151.64784,-26.91309],[151.64667,-26.91959],[151.65475,-26.92554],[151.65469,-26.92726],[151.65754,-26.93036],[151.66057,-26.93041],[151.66412,-26.93614],[151.66623,-26.93641],[151.66932,-26.93834],[151.67101,-26.95296],[151.67061,-26.95416],[151.67451,-26.95835],[151.67068,-26.9651],[151.66218,-26.97944],[151.66143,-26.98422],[151.66441,-26.99001],[151.65726,-26.99304],[151.65253,-26.9934],[151.64692,-26.99557],[151.64391,-26.99519],[151.6387,-26.99659],[151.63684,-27.00367],[151.62756,-27.00249],[151.62308,-27.03011],[151.60816,-27.02814],[151.60517,-27.0291],[151.60321,-27.0307],[151.60092,-27.03049],[151.59683,-27.05614],[151.59677,-27.05799],[151.58131,-27.05588],[151.57704,-27.08289],[151.57618,-27.08775],[151.57848,-27.08807],[151.5764,-27.09982],[151.56943,-27.09895],[151.5677,-27.1102],[151.57095,-27.11065],[151.56962,-27.11828],[151.54624,-27.11528],[151.54432,-27.11793],[151.54234,-27.11879],[151.53968,-27.12172],[151.53026,-27.12054],[151.52654,-27.11948],[151.52559,-27.12553],[151.4969,-27.12192],[151.49622,-27.1263],[151.48136,-27.12434],[151.48317,-27.11329],[151.46496,-27.11089],[151.46377,-27.11832],[151.46421,-27.12071],[151.46617,-27.12209],[151.46731,-27.12592],[151.47051,-27.13902],[151.46845,-27.13875],[151.4671,-27.14699],[151.45816,-27.14582],[151.45277,-27.1787],[151.45422,-27.18042],[151.45282,-27.1871],[151.45028,-27.20132],[151.46027,-27.20272],[151.45666,-27.22305],[151.45357,-27.24188],[151.45652,-27.24226],[151.45056,-27.27883],[151.42074,-27.26002],[151.33771,-27.20778],[151.33774,-27.20828],[151.33353,-27.23255],[151.32662,-27.27473],[151.32577,-27.28239],[151.32082,-27.31164],[151.32028,-27.31339],[151.31773,-27.33156],[151.31274,-27.33093],[151.31212,-27.33656],[151.31096,-27.3547],[151.30926,-27.39093],[151.30942,-27.39179],[151.30839,-27.41359],[151.30806,-27.41381],[151.29206,-27.41168],[151.26594,-27.40836],[151.22111,-27.40281],[151.19281,-27.39888],[151.19752,-27.38409],[151.178,-27.38173],[151.16595,-27.38383],[151.11275,-27.37721],[151.10805,-27.37895],[151.08777,-27.37641],[151.08665,-27.38259],[151.08154,-27.41351],[151.07864,-27.43183],[151.07682,-27.44563],[151.07629,-27.45108],[151.07681,-27.46307],[151.07626,-27.47161],[151.07728,-27.48102],[151.07908,-27.48718],[151.08181,-27.49304],[151.08321,-27.49324],[151.0774,-27.52775],[151.08439,-27.53533],[151.08123,-27.54962],[151.07526,-27.55456],[151.07514,-27.56054],[151.07176,-27.56372],[151.07651,-27.57185],[151.0477,-27.58372],[151.0411,-27.57928],[151.01035,-27.57501],[151.00709,-27.57711],[150.98421,-27.5792],[150.97323,-27.58165],[150.96503,-27.57882],[150.92715,-27.57194],[150.92753,-27.55479],[150.92733,-27.53397],[150.90312,-27.53917],[150.86766,-27.54589],[150.83532,-27.50834],[150.83448,-27.50752],[150.82525,-27.51055],[150.82095,-27.51526],[150.81542,-27.52285],[150.80545,-27.5405],[150.79289,-27.55373],[150.78883,-27.56468],[150.78237,-27.57529],[150.7827,-27.57656],[150.77064,-27.58033],[150.75674,-27.59933],[150.74648,-27.6638],[150.74722,-27.6639],[150.73984,-27.71051],[150.73766,-27.73896],[150.74056,-27.74293],[150.73953,-27.74936],[150.74092,-27.751],[150.74052,-27.75352],[150.73847,-27.75602],[150.73233,-27.79447],[150.72525,-27.79343],[150.71256,-27.87278],[150.70268,-27.93451],[150.7085,-27.93402],[150.70905,-27.93836],[150.72373,-27.9404],[150.73505,-27.94847],[150.73565,-27.97099],[150.74202,-27.97555],[150.75094,-27.96978],[150.75918,-27.97682],[150.7606,-27.98323],[150.76727,-27.98416],[150.79509,-27.99253],[150.7965,-28.00424],[150.80517,-28.01485],[150.80833,-28.01638],[150.8314,-28.03015],[150.8319,-28.03073],[150.82669,-28.03909],[150.82557,-28.05417],[150.83643,-28.06513],[150.85192,-28.05977],[150.85623,-28.06961],[150.85667,-28.06912],[150.94289,-28.0799],[150.96338,-28.0825],[150.99714,-28.08664],[151.05571,-28.09395],[151.05711,-28.10052],[151.05529,-28.1082],[151.05361,-28.10998],[151.05248,-28.11545],[151.05001,-28.11662],[151.04996,-28.12024],[151.04921,-28.12399],[151.04462,-28.13129],[151.0399,-28.13465],[151.03796,-28.13894],[151.03757,-28.14121],[151.04268,-28.15848],[151.04118,-28.1613],[151.04669,-28.16712],[151.05436,-28.16231],[151.05821,-28.16284],[151.06095,-28.16203],[151.06206,-28.16338],[151.09181,-28.16754],[151.09094,-28.17434],[151.12553,-28.17647],[151.13378,-28.17196],[151.14023,-28.17272],[151.14346,-28.1694],[151.17327,-28.16702],[151.17057,-28.18195],[151.18522,-28.18377],[151.18498,-28.1816],[151.18751,-28.18018],[151.1898,-28.18018],[151.1943,-28.17557],[151.19915,-28.17779],[151.20165,-28.17838],[151.20698,-28.1774],[151.20589,-28.18352],[151.22992,-28.18676],[151.27324,-28.19237],[151.27537,-28.18941],[151.28059,-28.1843],[151.28794,-28.18109],[151.29754,-28.183],[151.30024,-28.18057],[151.30237,-28.18019],[151.30651,-28.17592],[151.30682,-28.17392],[151.30945,-28.1723],[151.31179,-28.17328],[151.31325,-28.1726],[151.31787,-28.1734],[151.32011,-28.1726],[151.32112,-28.17768],[151.32424,-28.1776],[151.32814,-28.17945],[151.33023,-28.17838],[151.33368,-28.17937],[151.33622,-28.17803],[151.33772,-28.17878],[151.34238,-28.17674],[151.34502,-28.17131],[151.34845,-28.16907],[151.35109,-28.16931],[151.35287,-28.16759],[151.35948,-28.16598],[151.3615,-28.1646],[151.36471,-28.1606],[151.36539,-28.1572],[151.36655,-28.15617],[151.37371,-28.15569],[151.37644,-28.15413],[151.3813,-28.15749],[151.39179,-28.1602],[151.39698,-28.16735],[151.40309,-28.16251],[151.40657,-28.16328],[151.41,-28.16312],[151.41421,-28.1602],[151.41456,-28.15898],[151.41867,-28.15831],[151.4234,-28.15578],[151.42755,-28.15573],[151.42967,-28.15454],[151.43728,-28.15409],[151.43964,-28.15181],[151.44114,-28.15167]]]},"properties":{"LGA Code":"6910","Abbreviated Name":"Toowoomba","LGA Name":"Toowoomba Regional","Area Sq Km":12976.35649,"LDMG Name":"Toowoomba","Police Region Name":"Southern Region","Police Region Code":"SR","Police Region Short Name":"Southern"}},{"type":"Feature","geometry":{"type":"Polygon","coordinates":[[[149.45754,-27.99275],[149.49359,-27.9974],[149.49517,-27.98941],[149.52093,-27.98897],[149.53411,-27.98629],[149.53151,-28.00229],[149.62725,-28.01456],[149.63161,-27.98712],[149.66787,-27.99173],[149.66787,-27.99136],[149.70469,-27.99602],[149.78648,-28.00639],[149.81075,-27.99935],[149.83515,-27.99261],[149.8848,-27.97958],[149.86691,-27.95954],[149.85715,-27.95472],[149.85534,-27.95057],[149.89705,-27.9407],[149.90512,-27.97463],[149.92988,-27.96785],[149.93233,-27.96702],[150.03654,-27.98186],[150.0364,-27.98129],[150.06593,-27.98548],[150.06965,-27.95879],[150.06949,-27.95821],[150.11688,-27.96325],[150.12156,-27.95053],[150.1173,-27.94853],[150.11706,-27.94387],[150.12386,-27.94427],[150.13632,-27.91044],[150.1567,-27.92259],[150.22273,-27.8945],[150.23191,-27.90654],[150.23208,-27.90578],[150.24829,-27.90771],[150.24613,-27.85174],[150.27674,-27.85158],[150.27424,-27.80274],[150.28436,-27.80383],[150.32638,-27.8087],[150.33509,-27.76137],[150.3611,-27.76491],[150.37877,-27.78254],[150.37909,-27.78204],[150.3869,-27.78332],[150.38865,-27.78077],[150.39293,-27.77823],[150.39228,-27.77421],[150.38622,-27.76831],[150.38309,-27.76431],[150.38858,-27.76026],[150.41011,-27.74644],[150.42588,-27.75815],[150.43902,-27.7681],[150.43958,-27.76731],[150.43956,-27.76202],[150.44432,-27.76041],[150.44703,-27.76225],[150.44765,-27.76436],[150.44964,-27.76667],[150.45216,-27.76691],[150.45412,-27.76568],[150.45514,-27.76373],[150.45471,-27.76143],[150.45821,-27.7603],[150.48901,-27.78787],[150.51371,-27.76601],[150.52084,-27.77237],[150.57502,-27.77927],[150.57765,-27.78074],[150.59226,-27.78989],[150.60363,-27.80615],[150.6212,-27.81098],[150.63346,-27.82552],[150.64479,-27.85065],[150.64641,-27.89506],[150.67422,-27.90365],[150.67748,-27.91882],[150.69401,-27.93307],[150.70268,-27.93451],[150.71256,-27.87278],[150.72525,-27.79343],[150.73233,-27.79447],[150.73847,-27.75602],[150.74052,-27.75352],[150.74092,-27.751],[150.73953,-27.74936],[150.74056,-27.74293],[150.73766,-27.73896],[150.73984,-27.71051],[150.74722,-27.6639],[150.74648,-27.6638],[150.75674,-27.59933],[150.77064,-27.58033],[150.7827,-27.57656],[150.78237,-27.57529],[150.78883,-27.56468],[150.79289,-27.55373],[150.80545,-27.5405],[150.81542,-27.52285],[150.82095,-27.51526],[150.82525,-27.51055],[150.83448,-27.50752],[150.83532,-27.50834],[150.86766,-27.54589],[150.90312,-27.53917],[150.92733,-27.53397],[150.92753,-27.55479],[150.92715,-27.57194],[150.96503,-27.57882],[150.97323,-27.58165],[150.98421,-27.5792],[151.00709,-27.57711],[151.01035,-27.57501],[151.0411,-27.57928],[151.0477,-27.58372],[151.07651,-27.57185],[151.07176,-27.56372],[151.07514,-27.56054],[151.07526,-27.55456],[151.08123,-27.54962],[151.08439,-27.53533],[151.0774,-27.52775],[151.08321,-27.49324],[151.08181,-27.49304],[151.07908,-27.48718],[151.07728,-27.48102],[151.07626,-27.47161],[151.07681,-27.46307],[151.07629,-27.45108],[151.07682,-27.44563],[151.07864,-27.43183],[151.08154,-27.41351],[151.08665,-27.38259],[151.08777,-27.37641],[151.10805,-27.37895],[151.11275,-27.37721],[151.16595,-27.38383],[151.178,-27.38173],[151.19752,-27.38409],[151.19281,-27.39888],[151.22111,-27.40281],[151.26594,-27.40836],[151.29206,-27.41168],[151.30806,-27.41381],[151.30839,-27.41359],[151.30942,-27.39179],[151.30926,-27.39093],[151.31096,-27.3547],[151.31212,-27.33656],[151.31274,-27.33093],[151.31773,-27.33156],[151.32028,-27.31339],[151.32082,-27.31164],[151.32577,-27.28239],[151.32662,-27.27473],[151.33353,-27.23255],[151.33774,-27.20828],[151.33771,-27.20778],[151.42074,-27.26002],[151.45056,-27.27883],[151.45652,-27.24226],[151.45357,-27.24188],[151.45666,-27.22305],[151.46027,-27.20272],[151.45028,-27.20132],[151.45282,-27.1871],[151.45422,-27.18042],[151.45277,-27.1787],[151.45816,-27.14582],[151.4671,-27.14699],[151.46845,-27.13875],[151.47051,-27.13902],[151.46731,-27.12592],[151.46617,-27.12209],[151.46421,-27.12071],[151.46377,-27.11832],[151.46496,-27.11089],[151.48317,-27.11329],[151.48136,-27.12434],[151.49622,-27.1263],[151.4969,-27.12192],[151.52559,-27.12553],[151.52654,-27.11948],[151.53026,-27.12054],[151.53968,-27.12172],[151.54234,-27.11879],[151.54432,-27.11793],[151.54624,-27.11528],[151.56962,-27.11828],[151.57095,-27.11065],[151.5677,-27.1102],[151.56943,-27.09895],[151.5764,-27.09982],[151.57848,-27.08807],[151.57618,-27.08775],[151.57704,-27.08289],[151.58131,-27.05588],[151.59677,-27.05799],[151.59683,-27.05614],[151.60092,-27.03049],[151.60321,-27.0307],[151.60517,-27.0291],[151.60816,-27.02814],[151.62308,-27.03011],[151.62756,-27.00249],[151.63684,-27.00367],[151.6387,-26.99659],[151.64391,-26.99519],[151.64692,-26.99557],[151.65253,-26.9934],[151.65726,-26.99304],[151.66441,-26.99001],[151.66143,-26.98422],[151.66218,-26.97944],[151.67068,-26.9651],[151.67451,-26.95835],[151.67061,-26.95416],[151.67101,-26.95296],[151.66932,-26.93834],[151.66623,-26.93641],[151.66412,-26.93614],[151.66057,-26.93041],[151.65754,-26.93036],[151.65469,-26.92726],[151.65475,-26.92554],[151.64667,-26.91959],[151.64784,-26.91309],[151.64495,-26.91103],[151.64247,-26.9073],[151.63896,-26.9069],[151.6302,-26.89886],[151.62222,-26.90079],[151.62017,-26.90029],[151.61921,-26.89867],[151.61702,-26.89886],[151.61692,-26.89652],[151.61201,-26.89243],[151.60795,-26.89296],[151.60685,-26.89155],[151.60384,-26.89106],[151.60041,-26.88835],[151.59905,-26.88548],[151.59578,-26.88563],[151.59258,-26.88464],[151.58926,-26.88551],[151.58763,-26.88438],[151.58712,-26.88152],[151.58223,-26.87928],[151.57783,-26.88024],[151.57414,-26.8748],[151.57448,-26.87358],[151.57218,-26.8697],[151.57155,-26.8671],[151.57125,-26.86066],[151.56826,-26.85873],[151.56748,-26.85718],[151.56799,-26.85325],[151.56245,-26.8516],[151.56137,-26.84944],[151.55848,-26.84607],[151.55751,-26.84234],[151.55579,-26.83972],[151.55363,-26.83876],[151.54939,-26.83558],[151.54827,-26.83282],[151.54845,-26.82949],[151.54554,-26.8276],[151.54385,-26.82392],[151.53953,-26.81968],[151.53596,-26.82042],[151.53093,-26.81807],[151.52826,-26.81172],[151.52397,-26.81075],[151.52086,-26.80513],[151.51903,-26.80083],[151.51646,-26.79904],[151.5173,-26.79746],[151.52164,-26.79326],[151.52111,-26.79137],[151.51744,-26.78806],[151.51729,-26.78451],[151.51652,-26.78256],[151.51823,-26.77984],[151.51769,-26.77539],[151.51782,-26.77237],[151.51981,-26.76655],[151.51484,-26.76556],[151.51058,-26.76705],[151.50641,-26.76669],[151.5044,-26.76297],[151.49956,-26.76215],[151.49762,-26.76322],[151.49296,-26.76247],[151.49225,-26.75949],[151.48868,-26.75635],[151.48263,-26.75428],[151.48019,-26.75649],[151.47602,-26.75699],[151.4738,-26.76034],[151.46915,-26.75996],[151.4645,-26.7618],[151.46258,-26.76049],[151.45944,-26.75971],[151.45652,-26.76016],[151.45033,-26.75791],[151.4463,-26.75702],[151.44055,-26.75657],[151.43627,-26.75434],[151.4344,-26.75215],[151.43157,-26.75208],[151.42974,-26.75004],[151.42654,-26.74805],[151.42462,-26.74798],[151.42359,-26.74611],[151.42079,-26.74594],[151.42031,-26.74292],[151.41898,-26.74038],[151.4193,-26.73842],[151.41805,-26.73285],[151.41817,-26.72886],[151.41325,-26.7252],[151.41574,-26.72089],[151.41719,-26.71717],[151.41664,-26.7143],[151.41438,-26.7131],[151.41387,-26.71037],[151.4162,-26.70758],[151.41803,-26.70249],[151.417,-26.69795],[151.4146,-26.69716],[151.41074,-26.69686],[151.40771,-26.69436],[151.40526,-26.69511],[151.39764,-26.69127],[151.39713,-26.68895],[151.39434,-26.68496],[151.3919,-26.6842],[151.40719,-26.67394],[151.40924,-26.66063],[151.40804,-26.65659],[151.40072,-26.648],[151.39926,-26.64521],[151.39467,-26.64135],[151.39476,-26.63879],[151.39302,-26.63778],[151.39001,-26.63851],[151.38478,-26.63648],[151.38314,-26.6333],[151.37863,-26.62958],[151.37515,-26.63133],[151.37213,-26.6321],[151.36959,-26.6308],[151.37109,-26.62782],[151.36869,-26.62425],[151.36343,-26.6236],[151.36139,-26.62134],[151.35783,-26.6187],[151.3519,-26.61719],[151.34912,-26.60768],[151.34199,-26.60696],[151.33649,-26.60397],[151.33277,-26.6007],[151.33369,-26.59834],[151.33162,-26.59622],[151.33036,-26.59313],[151.32852,-26.59383],[151.32584,-26.59208],[151.32604,-26.59079],[151.32454,-26.58703],[151.3228,-26.58579],[151.31818,-26.59041],[151.31563,-26.58989],[151.3138,-26.591],[151.312,-26.58904],[151.31192,-26.58658],[151.30998,-26.58451],[151.31031,-26.5826],[151.30748,-26.58191],[151.30488,-26.57966],[151.30139,-26.57053],[151.29716,-26.56863],[151.2949,-26.56648],[151.2877,-26.55733],[151.28682,-26.55382],[151.28688,-26.5496],[151.28754,-26.54488],[151.28218,-26.5434],[151.27932,-26.54368],[151.27772,-26.54277],[151.27657,-26.54522],[151.27156,-26.54888],[151.26897,-26.54832],[151.26598,-26.54988],[151.26382,-26.54892],[151.25823,-26.54784],[151.2519,-26.54251],[151.24974,-26.54234],[151.24713,-26.5367],[151.24818,-26.5337],[151.24778,-26.5279],[151.24669,-26.52652],[151.24312,-26.52769],[151.24101,-26.52642],[151.23786,-26.52265],[151.23539,-26.52354],[151.23425,-26.52561],[151.22969,-26.52711],[151.22748,-26.52436],[151.22297,-26.52248],[151.22188,-26.52133],[151.22238,-26.5182],[151.21871,-26.51747],[151.21703,-26.51615],[151.21225,-26.51395],[151.20774,-26.50684],[151.20614,-26.50361],[151.20456,-26.50297],[151.20417,-26.50093],[151.20805,-26.49454],[151.2034,-26.4889],[151.20364,-26.48575],[151.20636,-26.48341],[151.20842,-26.48066],[151.20773,-26.47875],[151.18186,-26.47538],[151.07734,-26.46253],[151.07715,-26.46218],[151.11516,-26.37965],[151.11545,-26.37939],[151.11739,-26.36736],[151.12134,-26.34519],[151.13409,-26.27223],[151.13639,-26.26305],[151.12237,-26.26126],[151.09483,-26.2581],[151.06652,-26.25472],[151.05968,-26.25481],[151.01672,-26.25621],[151.01327,-26.19205],[151.01824,-26.19249],[151.01948,-26.19391],[151.02274,-26.19543],[151.04384,-26.18594],[151.07324,-26.17257],[151.07558,-26.16602],[151.07641,-26.16177],[151.09289,-26.15934],[151.09983,-26.16027],[151.09871,-26.14987],[151.11587,-26.14085],[151.12059,-26.14296],[151.12266,-26.14838],[151.12533,-26.14997],[151.1257,-26.15143],[151.13013,-26.15358],[151.13929,-26.15917],[151.1424,-26.1598],[151.14702,-26.15786],[151.15005,-26.15964],[151.15506,-26.15626],[151.15879,-26.15452],[151.16201,-26.14951],[151.1607,-26.14198],[151.15949,-26.13953],[151.1573,-26.13837],[151.15655,-26.13372],[151.15906,-26.13181],[151.15789,-26.12926],[151.15956,-26.12409],[151.15954,-26.12079],[151.1568,-26.11815],[151.15446,-26.11388],[151.15173,-26.11109],[151.15167,-26.10771],[151.14988,-26.10541],[151.14291,-26.10397],[151.1405,-26.10618],[151.13739,-26.1077],[151.1354,-26.10749],[151.13445,-26.10528],[151.13012,-26.10947],[151.12629,-26.1145],[151.1237,-26.11485],[151.12057,-26.11772],[151.11783,-26.11882],[151.11542,-26.1187],[151.11117,-26.11266],[151.10812,-26.11273],[151.10724,-26.11133],[151.10379,-26.11169],[151.10216,-26.11038],[151.09783,-26.11074],[151.09661,-26.10852],[151.09296,-26.10626],[151.08995,-26.10615],[151.08812,-26.10517],[151.08466,-26.10009],[151.08211,-26.09961],[151.07876,-26.09666],[151.07777,-26.0958],[151.07382,-26.09519],[151.07221,-26.09187],[151.06814,-26.08749],[151.06736,-26.08521],[151.05917,-26.08822],[151.05612,-26.0903],[151.05421,-26.0887],[151.04838,-26.08866],[151.04651,-26.08757],[151.04011,-26.08759],[151.0325,-26.08507],[151.01588,-26.0771],[151.01037,-26.07115],[151.00898,-26.06766],[151.0085,-26.05958],[151.00715,-26.05673],[151.00205,-26.04959],[151.00302,-26.04328],[151.0011,-26.04135],[150.9939,-26.0312],[150.98919,-26.01523],[150.98342,-26.01148],[150.98399,-26.00779],[150.96217,-26.01386],[150.94981,-26.01003],[150.94255,-26.01104],[150.93851,-26.01262],[150.93295,-26.01162],[150.93254,-26.0131],[150.92683,-26.0118],[150.92428,-26.00854],[150.92042,-26.00502],[150.91406,-26.00409],[150.908,-26.00768],[150.90597,-26.00831],[150.90636,-26.0127],[150.90393,-26.01938],[150.86995,-26.04248],[150.84957,-26.05639],[150.79003,-26.04895],[150.78854,-26.04316],[150.78586,-26.0395],[150.78092,-26.02848],[150.78165,-26.02603],[150.78541,-26.02238],[150.78599,-26.01864],[150.78316,-26.0156],[150.77912,-26.01523],[150.77582,-26.01222],[150.77746,-26.0086],[150.77363,-25.99832],[150.77042,-25.99485],[150.77049,-25.99136],[150.76696,-25.99109],[150.76665,-25.98784],[150.765,-25.98675],[150.76364,-25.98159],[150.75695,-25.98073],[150.7507,-25.98119],[150.73898,-25.98109],[150.72982,-25.98016],[150.72563,-25.98101],[150.71966,-25.98515],[150.71442,-25.98484],[150.71128,-25.98187],[150.70206,-25.97392],[150.69833,-25.97371],[150.69066,-25.97244],[150.68176,-25.9702],[150.67578,-25.97016],[150.67276,-25.96957],[150.67454,-25.96323],[150.67312,-25.95722],[150.6693,-25.94921],[150.66949,-25.94594],[150.66889,-25.94265],[150.67673,-25.9331],[150.67951,-25.92849],[150.68064,-25.92249],[150.68398,-25.91719],[150.685,-25.91386],[150.68506,-25.90517],[150.68392,-25.90178],[150.67979,-25.89803],[150.67832,-25.89327],[150.67838,-25.88902],[150.68003,-25.88274],[150.6815,-25.88159],[150.68717,-25.87905],[150.68945,-25.87717],[150.69307,-25.8721],[150.69476,-25.86448],[150.69588,-25.86288],[150.69865,-25.85674],[150.69709,-25.85085],[150.69513,-25.85022],[150.67875,-25.83036],[150.67177,-25.827],[150.67041,-25.82046],[150.65771,-25.81369],[150.64924,-25.8033],[150.65689,-25.80096],[150.64413,-25.78619],[150.64413,-25.78453],[150.64645,-25.77875],[150.65022,-25.77424],[150.65983,-25.77333],[150.66646,-25.76374],[150.66544,-25.76173],[150.66845,-25.75825],[150.66367,-25.75764],[150.6629,-25.74491],[150.66388,-25.74315],[150.66372,-25.73752],[150.66428,-25.73273],[150.65637,-25.72902],[150.64961,-25.72618],[150.64792,-25.72456],[150.64316,-25.71565],[150.64651,-25.70522],[150.65181,-25.69868],[150.65629,-25.69744],[150.65654,-25.69222],[150.6599,-25.68768],[150.66357,-25.68426],[150.66381,-25.68116],[150.65884,-25.67868],[150.6556,-25.67202],[150.65417,-25.65977],[150.612,-25.65434],[150.59948,-25.65299],[150.59124,-25.65268],[150.58786,-25.6463],[150.58533,-25.64345],[150.57029,-25.63819],[150.56124,-25.63937],[150.55297,-25.64159],[150.54584,-25.64035],[150.53775,-25.64174],[150.52419,-25.64537],[150.52177,-25.64304],[150.51717,-25.64071],[150.50381,-25.63598],[150.49553,-25.62838],[150.48399,-25.60622],[150.48203,-25.60537],[150.46308,-25.60174],[150.44615,-25.5989],[150.44096,-25.60155],[150.43705,-25.60643],[150.44191,-25.619],[150.44259,-25.62155],[150.442,-25.62659],[150.43643,-25.66151],[150.42643,-25.66514],[150.4183,-25.67522],[150.42292,-25.68683],[150.42194,-25.69404],[150.4343,-25.73384],[150.42955,-25.73717],[150.42627,-25.77453],[150.41809,-25.78937],[150.405,-25.79064],[150.40142,-25.79234],[150.39539,-25.796],[150.39292,-25.80146],[150.38882,-25.80348],[150.38684,-25.80598],[150.38876,-25.81462],[150.37038,-25.81561],[150.36578,-25.81725],[150.36065,-25.8185],[150.34543,-25.81776],[150.34082,-25.8149],[150.3363,-25.79014],[150.29467,-25.78003],[150.28177,-25.77848],[150.27909,-25.79613],[150.27329,-25.79589],[150.2579,-25.78801],[150.24949,-25.78793],[150.2484,-25.7951],[150.24315,-25.79434],[150.2368,-25.78854],[150.22364,-25.78673],[150.21397,-25.78426],[150.20737,-25.78461],[150.19266,-25.78277],[150.1846,-25.7812],[150.17447,-25.78008],[150.18051,-25.79494],[150.18064,-25.80515],[150.17863,-25.80517],[150.17382,-25.81152],[150.1699,-25.81357],[150.1648,-25.81495],[150.1593,-25.81911],[150.15648,-25.81963],[150.15319,-25.81941],[150.14808,-25.82063],[150.14157,-25.82298],[150.14103,-25.82245],[150.12875,-25.81843],[150.11479,-25.81116],[150.10429,-25.79575],[150.09904,-25.79724],[150.09666,-25.79438],[150.09246,-25.80149],[150.0911,-25.80633],[150.08585,-25.81239],[150.05641,-25.81338],[150.05351,-25.83236],[150.05212,-25.83446],[150.05222,-25.83857],[150.0494,-25.84095],[150.04747,-25.84124],[150.04543,-25.8396],[150.04515,-25.83451],[150.04404,-25.8326],[150.04027,-25.8329],[150.03635,-25.83658],[150.0316,-25.83675],[150.02817,-25.83436],[150.02848,-25.83093],[150.02767,-25.82999],[150.02221,-25.8656],[150.0167,-25.85951],[150.01387,-25.85782],[150.00021,-25.85262],[149.99061,-25.84739],[149.97415,-25.84797],[149.9713,-25.8486],[149.96834,-25.85104],[149.9656,-25.85137],[149.96204,-25.85068],[149.96015,-25.84781],[149.95739,-25.84515],[149.95484,-25.84158],[149.95088,-25.8401],[149.94355,-25.83976],[149.93822,-25.84049],[149.93555,-25.83964],[149.93273,-25.83973],[149.92825,-25.83206],[149.92618,-25.83052],[149.91967,-25.82692],[149.91535,-25.82206],[149.90672,-25.81732],[149.90561,-25.81991],[149.9037,-25.81908],[149.8994,-25.81898],[149.8987,-25.81617],[149.89684,-25.81758],[149.89531,-25.82075],[149.89489,-25.82372],[149.89346,-25.82399],[149.88877,-25.82149],[149.88676,-25.82107],[149.88296,-25.82964],[149.8502,-25.83772],[149.84788,-25.83713],[149.83867,-25.83763],[149.82726,-25.82896],[149.82373,-25.82851],[149.82191,-25.84019],[149.82808,-25.84098],[149.82787,-25.84303],[149.82413,-25.84665],[149.8231,-25.84972],[149.81766,-25.85219],[149.81374,-25.85332],[149.80738,-25.85205],[149.80511,-25.85089],[149.80351,-25.84874],[149.79812,-25.84855],[149.7938,-25.85078],[149.79024,-25.85675],[149.78759,-25.85828],[149.77094,-25.85247],[149.7663,-25.85944],[149.7732,-25.872],[149.78351,-25.89107],[149.77187,-25.9066],[149.76864,-25.9063],[149.76679,-25.90511],[149.75442,-25.88238],[149.7357,-25.84949],[149.69208,-25.8689],[149.68157,-25.8723],[149.67403,-25.87628],[149.67182,-25.87927],[149.66333,-25.88356],[149.6489,-25.89461],[149.58451,-25.8863],[149.58399,-25.88657],[149.57595,-25.93786],[149.57505,-25.94451],[149.47679,-25.93362],[149.47987,-25.91286],[149.48046,-25.91078],[149.48327,-25.8918],[149.40273,-25.88278],[149.40127,-25.88252],[149.39847,-25.87607],[149.39791,-25.87616],[149.38225,-25.8889],[149.3744,-25.89041],[149.36464,-25.89794],[149.36294,-25.90467],[149.35895,-25.90657],[149.35553,-25.90656],[149.35527,-25.90957],[149.35303,-25.91058],[149.34788,-25.91494],[149.34553,-25.91905],[149.34202,-25.92082],[149.33487,-25.91941],[149.33046,-25.92312],[149.32967,-25.92489],[149.32722,-25.92521],[149.30191,-25.96652],[149.24945,-25.96075],[149.22534,-25.95831],[149.16432,-25.9492],[149.13782,-25.94609],[149.1376,-25.94787],[149.13126,-25.94812],[149.12461,-25.9511],[149.12139,-25.94952],[149.11058,-25.94707],[149.10612,-25.94552],[149.10197,-25.94563],[149.09727,-25.94783],[149.11657,-25.99805],[149.122,-25.9977],[149.12335,-26.0011],[149.12742,-26.00255],[149.13011,-26.00119],[149.12953,-26.01305],[149.12439,-26.01848],[149.13251,-26.03967],[149.13346,-26.03937],[149.13519,-26.04388],[149.21803,-26.05315],[149.21704,-26.06045],[149.21703,-26.06836],[149.21212,-26.07544],[149.21757,-26.09264],[149.22064,-26.11536],[149.20448,-26.12758],[149.20352,-26.13449],[149.20377,-26.13847],[149.2001,-26.14578],[149.19832,-26.1483],[149.19007,-26.15348],[149.18373,-26.16214],[149.17482,-26.16294],[149.17861,-26.17696],[149.17428,-26.18431],[149.17191,-26.19013],[149.16565,-26.19618],[149.16367,-26.19743],[149.16418,-26.21105],[149.16209,-26.23093],[149.16284,-26.2387],[149.15938,-26.24605],[149.15454,-26.2509],[149.16209,-26.25963],[149.16684,-26.28393],[149.15962,-26.29669],[149.15328,-26.30516],[149.15618,-26.30812],[149.17327,-26.31055],[149.18013,-26.31335],[149.18411,-26.32186],[149.20611,-26.30655],[149.21628,-26.30381],[149.23432,-26.30239],[149.24035,-26.30208],[149.2725,-26.29953],[149.27744,-26.29461],[149.2815,-26.29307],[149.28273,-26.28796],[149.29764,-26.28234],[149.32488,-26.28401],[149.34126,-26.29025],[149.34983,-26.29134],[149.37502,-26.28647],[149.40127,-26.28747],[149.39988,-26.28383],[149.39961,-26.27677],[149.40025,-26.27649],[149.42723,-26.29097],[149.43387,-26.29779],[149.44333,-26.30286],[149.46281,-26.3103],[149.46423,-26.31145],[149.47567,-26.29604],[149.47395,-26.29131],[149.47418,-26.2864],[149.51195,-26.29051],[149.51138,-26.29477],[149.49374,-26.3019],[149.49394,-26.30389],[149.49797,-26.30356],[149.50775,-26.30862],[149.51209,-26.32306],[149.51005,-26.32697],[149.50673,-26.32908],[149.50344,-26.33321],[149.5031,-26.33548],[149.50494,-26.33597],[149.51601,-26.33552],[149.52808,-26.33346],[149.53107,-26.33413],[149.53906,-26.32956],[149.54336,-26.33086],[149.54664,-26.32767],[149.5502,-26.33259],[149.55326,-26.33142],[149.55614,-26.33308],[149.55921,-26.33171],[149.5622,-26.33133],[149.56542,-26.33254],[149.56928,-26.30325],[149.61457,-26.3081],[149.6139,-26.30345],[149.61624,-26.30116],[149.61791,-26.30137],[149.62292,-26.29875],[149.63121,-26.29937],[149.64338,-26.30069],[149.64873,-26.30706],[149.66219,-26.30853],[149.66478,-26.31038],[149.66601,-26.30895],[149.67379,-26.30979],[149.67572,-26.30638],[149.68659,-26.30756],[149.69143,-26.31109],[149.69838,-26.30986],[149.70159,-26.31168],[149.70479,-26.30957],[149.70796,-26.31243],[149.70933,-26.30623],[149.70786,-26.30478],[149.71834,-26.29085],[149.77229,-26.29776],[149.77235,-26.29738],[149.81649,-26.30301],[149.81387,-26.30917],[149.83134,-26.31754],[149.82165,-26.37981],[149.80505,-26.39368],[149.77317,-26.4013],[149.77212,-26.39334],[149.75796,-26.38915],[149.75075,-26.39013],[149.74619,-26.41866],[149.73166,-26.41677],[149.72835,-26.43728],[149.72196,-26.43672],[149.70395,-26.45251],[149.68539,-26.46505],[149.72764,-26.47054],[149.71417,-26.48139],[149.70751,-26.49053],[149.70447,-26.49205],[149.70405,-26.49653],[149.70142,-26.49852],[149.70216,-26.5025],[149.70162,-26.50464],[149.6978,-26.51305],[149.69714,-26.51713],[149.70523,-26.51819],[149.70291,-26.53268],[149.71072,-26.53373],[149.70764,-26.55299],[149.70114,-26.55215],[149.69815,-26.55091],[149.69572,-26.56604],[149.70043,-26.56665],[149.69638,-26.59124],[149.67018,-26.58786],[149.66718,-26.60625],[149.70189,-26.61089],[149.69675,-26.64382],[149.69274,-26.64387],[149.69197,-26.64864],[149.6712,-26.66847],[149.67502,-26.69733],[149.67601,-26.72636],[149.6737,-26.74074],[149.66984,-26.74703],[149.66284,-26.75171],[149.66333,-26.75828],[149.67461,-26.75974],[149.68422,-26.7737],[149.65459,-26.78482],[149.59151,-26.80831],[149.59624,-26.80738],[149.5983,-26.81118],[149.60097,-26.81308],[149.60198,-26.81502],[149.60487,-26.81529],[149.6079,-26.81395],[149.61091,-26.8157],[149.61212,-26.81871],[149.58818,-26.82923],[149.61261,-26.89525],[149.61919,-26.91385],[149.62982,-26.9443],[149.6301,-26.94418],[149.64478,-26.96463],[149.6575,-26.99334],[149.66301,-27.0064],[149.66208,-27.01022],[149.66525,-27.01211],[149.66708,-27.01452],[149.66749,-27.01667],[149.66648,-27.01877],[149.66722,-27.02242],[149.66531,-27.02605],[149.66448,-27.02949],[149.66193,-27.03048],[149.65956,-27.02997],[149.65418,-27.03041],[149.65048,-27.02901],[149.64651,-27.02841],[149.64533,-27.02582],[149.64934,-27.0239],[149.64865,-27.02189],[149.64602,-27.02154],[149.64171,-27.02439],[149.63726,-27.02614],[149.6318,-27.02763],[149.62816,-27.02917],[149.62088,-27.03003],[149.61679,-27.03129],[149.61522,-27.03333],[149.61543,-27.0375],[149.61494,-27.04054],[149.61587,-27.04269],[149.62118,-27.04293],[149.62294,-27.04091],[149.62549,-27.0423],[149.62574,-27.04603],[149.62687,-27.04796],[149.62888,-27.04813],[149.63034,-27.04245],[149.63156,-27.04205],[149.63585,-27.0426],[149.63676,-27.04365],[149.63461,-27.04962],[149.63067,-27.05325],[149.62819,-27.05349],[149.62587,-27.05592],[149.62828,-27.05763],[149.63155,-27.06277],[149.63217,-27.06906],[149.63461,-27.07104],[149.64169,-27.07486],[149.64349,-27.07529],[149.64518,-27.07326],[149.64498,-27.06995],[149.64618,-27.06829],[149.65068,-27.06726],[149.6535,-27.06773],[149.65983,-27.06771],[149.67096,-27.07071],[149.67326,-27.07417],[149.67504,-27.07505],[149.67875,-27.07478],[149.63611,-27.11541],[149.59443,-27.15507],[149.55639,-27.19124],[149.59293,-27.22199],[149.5651,-27.24843],[149.56387,-27.24827],[149.56012,-27.25184],[149.55171,-27.25844],[149.55241,-27.25904],[149.52953,-27.27474],[149.52251,-27.28141],[149.5199,-27.28171],[149.50653,-27.29006],[149.50213,-27.29347],[149.48789,-27.31278],[149.48621,-27.31582],[149.4799,-27.3202],[149.48107,-27.3247],[149.48193,-27.32999],[149.47315,-27.34315],[149.46531,-27.35593],[149.45837,-27.36686],[149.45685,-27.37599],[149.46721,-27.39389],[149.48071,-27.40934],[149.4811,-27.41289],[149.4901,-27.42455],[149.49611,-27.43187],[149.49329,-27.45025],[149.49834,-27.45878],[149.49534,-27.478],[149.4955,-27.47939],[149.48977,-27.51893],[149.49007,-27.51896],[149.48302,-27.56765],[149.47904,-27.59275],[149.47637,-27.59663],[149.47527,-27.59572],[149.47111,-27.59582],[149.47108,-27.59837],[149.46961,-27.60207],[149.46647,-27.60488],[149.46177,-27.60439],[149.45981,-27.60811],[149.46026,-27.61032],[149.45731,-27.61193],[149.45766,-27.61521],[149.45463,-27.61649],[149.45455,-27.61914],[149.45628,-27.62059],[149.45414,-27.62266],[149.45145,-27.62274],[149.44987,-27.62645],[149.4508,-27.62847],[149.44932,-27.62966],[149.44741,-27.628],[149.44375,-27.63174],[149.44208,-27.63434],[149.43951,-27.63429],[149.43809,-27.63659],[149.47127,-27.64037],[149.4661,-27.67224],[149.50809,-27.67777],[149.50586,-27.69263],[149.49582,-27.75383],[149.42728,-27.74552],[149.4245,-27.75012],[149.40496,-27.78343],[149.48925,-27.7921],[149.48094,-27.84325],[149.48067,-27.84322],[149.4732,-27.8889],[149.47188,-27.89826],[149.4684,-27.92064],[149.45971,-27.97741],[149.45981,-27.97813],[149.45754,-27.99275]]]},"properties":{"LGA Code":"7310","Abbreviated Name":"Western Downs","LGA Name":"Western Downs Regional","Area Sq Km":37943.32474,"LDMG Name":"Western Downs","Police Region Name":"Southern Region","Police Region Code":"SR","Police Region Short Name":"Southern"}}]}