{"type":"Topology","arcs":[[[4965518,361159],[-2378,-125],[-3085,-1376],[-4531,-650],[-2346,725],[-1028,1751],[-161,1351],[-1028,1725],[-2667,1626],[-354,1751],[-1413,175],[-2282,-951],[-1960,726],[-1286,-150],[-1157,-901],[-1606,1176],[64,1826],[-900,2326],[-1510,75],[-5077,-1501],[-3150,300],[-1864,-750],[-3052,-1676],[-2378,-525],[-1479,100],[-2120,1876],[-579,2026],[-1607,25],[-321,1000],[-1575,100],[-417,951],[546,2301],[-900,3901],[-5495,576],[-96,525],[-2571,300],[321,775],[-5173,575],[0,-525],[-9994,1051],[-482,1025],[-4146,425],[-2056,-300],[-1382,600],[-289,1051],[-2732,-50],[611,2701],[1928,-200],[675,2926],[-964,876],[-2411,775],[-610,675],[-3728,1876],[-1157,1051],[-10572,1075],[-450,-1951],[-5206,500],[-1478,-6177],[-2057,150],[-321,-901],[1221,-550],[-932,-2201],[225,-3276],[-5881,-1726],[-2988,175],[-2860,-1426],[-6041,701],[-1286,-1451],[-6941,825],[-675,-125],[-4659,651],[-6202,1976],[-1736,1825],[-2378,901],[-3277,200],[-4660,1250]],[[4803012,387520],[932,976],[-3342,3426],[-2025,551],[-3213,1525],[-1189,-475],[-3310,0],[-2314,1126],[-1414,2050],[-4852,3302],[-2121,-275],[-2057,-3652],[-899,-600],[-1382,500],[-129,3327],[-1992,4176],[96,2752],[1093,2451],[-900,2051],[-1510,2201],[1060,575],[-2603,2551],[386,1576],[771,675],[-803,2801],[-1350,826],[-2924,350],[-2025,750],[-1381,1276],[-1350,625],[-1221,1526],[-97,2651],[932,675],[1607,75],[1800,1026],[-354,1350],[1575,1301],[-514,1775],[867,1501],[-1414,2151],[-2249,1126],[-1157,0],[-1671,1225],[-739,-500],[-2346,2901],[-7423,851],[-354,2100],[322,1076],[-1382,2301],[-1510,675],[-1414,1301],[96,1225],[-868,776],[932,2351],[1254,825],[1703,350],[32,1526],[-1221,1476],[-2860,1900],[-1221,426],[-33,950],[-1960,1226],[-964,1100],[1382,725]],[[4741795,466880],[257,-1600],[4370,-476],[1447,701],[4820,-1151],[5720,-1000],[1831,-1601],[1607,-475],[3246,525],[3824,-1401],[868,451],[2056,-225],[1960,1025],[1157,-100],[1446,900],[3856,876],[1704,-851],[803,3652],[1735,-225],[1286,3426],[2185,-175],[1767,976],[2989,300],[1703,-825],[3181,-426],[932,-800],[3278,-75],[2828,-375],[2796,-1301],[11793,-1250],[964,700],[2667,-250],[-707,1125],[-1285,551],[161,1825],[2378,401],[482,-701],[2346,801],[-161,925],[675,2076],[1574,-1151],[2892,-1500],[1832,25],[996,1350],[-160,2451],[1414,801],[1831,-75],[-193,1050],[1864,601],[4274,-201],[450,1701],[-2024,1201],[996,1225],[2024,0],[772,-725],[1928,-700],[42900,-12606],[193,-125],[40072,66704]],[[4930395,532859],[21080,4402],[15264,2276],[2218,175],[1381,-1150],[2186,-25],[707,-525],[-129,-1476],[-1285,-1951],[-1639,-3101],[-3535,-8954],[-803,-1776],[-1832,-5102],[-1125,-2551],[-1349,-4027],[-2282,-7854],[-1125,-5402],[-867,-6003],[-258,-3976],[97,-5903],[514,-3201],[1093,-4502],[835,-2401],[3342,-5303],[3889,-3401],[64,-5127],[-4596,-8904],[1864,900],[4692,50],[1992,-1200],[3471,-3227],[3310,-2251],[3727,-1050],[6010,225],[2474,-1051],[1864,-375],[2539,475],[3245,-675],[-289,-1651],[1189,-1200],[-1832,-801],[-10958,-18233],[-12115,-27987],[-4274,-16457],[-867,-5978],[739,-2301],[-1575,-2526],[-1928,-625]],[[4521028,1165212],[-385,-675],[1446,-875],[-2218,-1101],[-2956,801],[-546,-651],[-1768,-350],[-3470,300],[-2121,-175],[-2796,3152],[-2185,925],[-1703,-725],[-1736,25],[-2121,-1201],[-674,-1275],[1639,-1401],[-193,-850],[-1511,-75],[-867,-901],[-450,-2351],[-643,-975],[-2539,-901],[-706,-1500],[-1543,-1101],[129,-1701],[-2121,-2701],[-1414,-550],[9415,-900],[-964,-5003],[-8258,701],[417,-2026],[1446,-2026],[-417,-2076],[-1286,525],[-450,-2326],[1125,-375],[2828,225],[3985,-1000],[1317,300],[2635,-200],[-225,-1226],[-2538,250],[-354,-1800],[2539,-251],[-1125,-6102],[-4145,550],[-5560,550],[-257,-3201],[868,-2926],[-450,-576],[-2442,325],[-3567,-1400],[-3374,-100],[-1286,-951],[-1510,-1775],[-1221,-2376],[-97,-1051],[1318,-1526],[-3439,-425],[-1638,-525],[-3342,-450],[-1414,425],[-739,-875],[1156,-1926],[-1831,-1151],[-1286,-2576],[-2828,-1876],[-2731,-375],[-546,-1576],[-1350,-650],[-3792,25],[-996,-1075],[-2057,175],[707,2051],[-1092,1325],[-2282,826],[-1928,1175],[-3503,675],[-900,1726],[-1703,851],[-707,1450],[-1799,1351],[-1832,425],[-1317,1100],[-932,-275],[-11280,901],[-1831,-8504],[-579,1025],[-4820,2577],[-1992,2576],[-482,2226],[-2764,1450],[-836,1051],[-2281,1751],[-1189,1400],[-3503,751],[-1060,725],[-611,1551],[-1253,1575],[-2474,-675],[-1511,-1601],[-1703,-650],[-2892,25],[-2185,-1551],[-322,-700],[2410,-425],[65,-1476],[-2250,-1400],[-1928,-276],[-1382,1251],[-2538,750],[-3021,2827],[-1864,475],[-3277,1776],[-2539,475],[-4242,-1101],[-1253,575],[-2250,-2050],[-1253,-75],[-1189,1600],[-2860,1451],[-2828,-650],[-3503,1300],[-578,-150],[-1928,1951],[-354,1000],[-1124,801],[-289,1350],[-1639,1526],[1221,1351],[1928,-351],[1060,1151],[1511,175],[1960,3101],[996,626],[-1060,1200],[1221,3127],[-579,1050],[643,1676],[-1703,825],[-1061,1676],[-3181,1876],[-3888,450],[-2218,1125],[1414,1826],[-321,1151],[-1028,875],[-2539,825],[354,926],[-2539,1325],[-643,2101],[-1028,1326],[1253,1050],[-739,1726],[-2956,1276],[-2218,-150],[-1253,-701],[578,-975],[-1542,-4177],[-1671,-1476],[-482,-1175],[-1350,25],[-4499,1876],[-1735,-125],[707,-1901],[2153,-1451],[-2924,-3676],[-2796,-1051],[-2828,175],[-1607,-375],[-289,-2626],[-964,-2076],[-2860,-425],[-2249,600],[-2025,1601],[-1028,-976],[-1735,-175],[-643,776],[-2249,-601],[-1832,-2826],[-900,-425],[-128,-1151],[-2443,100],[-4981,-425],[-482,-1275],[836,-2301],[-2924,-25],[-1350,325],[-1639,-976],[-771,201],[-1832,-1326],[289,-950],[-1478,-1451],[193,-1101],[-1350,-425],[-1606,150],[-1768,2551],[-2667,601],[-2828,325],[-835,-600],[-1671,600],[-900,-1526],[-2700,-650],[-674,-876],[-1993,2376],[-3213,801],[-2282,2576],[-32,1000],[-1896,100],[-1350,1176],[-4209,-950],[-193,-651],[-2314,-900],[-1446,350],[-321,1901],[1478,1275],[1960,476],[1061,825],[2667,25],[2410,-800],[2153,-50],[-3696,10454],[643,1626],[-707,1025],[1639,951],[739,1175],[-482,701],[1286,6753],[-1125,675],[-1896,275],[-7070,-1876],[-4274,-300],[-3278,-825],[-1446,-1076],[-2217,-150],[-1446,851],[-193,1425],[-1253,876],[450,1400],[-643,1301],[1093,1300],[-579,2251],[418,1276],[1928,2176],[64,1400],[868,1626],[1478,550],[97,1401],[-4821,3376],[-257,1226],[-3149,375],[-1832,876],[-1221,-2051],[-3727,-1126],[-1414,300],[-1029,-1876],[-2538,1101],[-289,1926],[-2025,1000],[-546,2051],[-2635,2326],[-5752,776],[-740,1325],[-2795,1601],[-1157,-350],[-804,1850],[-803,0],[-2281,1826],[-65,2001],[868,776],[-1093,1875],[-4756,526],[-417,-476],[-2089,75],[-1607,-800],[-3792,600],[-1414,-1075],[-385,-1776],[-2025,-925],[-385,-1701],[739,-1926],[-322,-4627],[-1639,-1050],[193,-2326],[-771,-1776],[-225,-1626],[-868,-575],[0,-1651],[-1092,-1100],[0,-2076],[-1671,-1001],[-1157,-125],[-546,-2026],[-1671,-1125],[0,-1551],[707,-1476],[610,-3201],[1543,-850],[2795,-3102],[-2153,50],[-1574,-825],[-257,-2201],[257,-2151],[964,-1676],[-1221,-550],[-8034,2226],[-3792,625],[-16550,3802],[-514,-1151],[-2538,251],[-1221,-1076],[-3760,400],[-964,1676],[-1157,100],[-257,-1426],[-1157,-1275],[-2217,1000],[-2539,-500],[-1221,1126],[-2346,-12006],[1350,-300],[5045,-3351],[3310,-450],[2121,-726],[610,-700],[3246,-1351],[4884,1451],[2218,-1651],[2538,325],[193,-1600],[836,-1376],[3309,-2001],[-1124,-725],[-1800,-2076],[-2506,-1801],[-1254,-1776],[-1928,-375],[-867,-2676],[-1157,-275],[-996,-1776],[1317,-1100],[-835,-3827],[-1093,-1451],[-2506,-650],[-2186,475],[-1221,-375],[-8258,1451],[-2700,325],[-321,725],[-1832,1226],[-7391,-651],[-2378,-550],[-2474,-1701],[-8291,4427],[-4724,451],[-2346,625],[-1060,-675],[-4949,-551],[-3149,400],[-3181,-75],[-3150,851],[-4145,-1176],[-1157,250],[-2282,2326],[-4627,-625],[-1125,-1075],[-482,-2326],[-4691,50],[-3439,-601],[-7841,-4752],[-160,-225],[4916,-14531],[1350,-2226],[-803,-650],[-1704,-8654],[-1124,-651],[-932,-1750],[-3503,-526],[-7166,-13055],[-643,-3777],[514,-2201],[-5077,-8854],[-900,-450],[2153,-4177],[2250,-2201],[-1607,-4902],[-128,-2476],[417,-1326],[161,-5952],[-450,-1651],[96,-2126],[1800,-3176],[514,-1726],[739,-950],[-514,-2702],[836,-775],[2217,-1000],[4113,-2802],[-2796,-725],[-1542,-2151],[-1510,-775],[-1286,-1701],[771,-2026],[965,-925],[0,-1626],[-1414,-975],[-33,-1401],[-1960,-775],[-6555,-50],[-4017,-1401],[-3310,-775],[-3246,-3252],[1350,-1525],[-5109,-576],[-2764,1051],[-2057,75],[257,-1326],[-707,-750],[675,-951],[1382,-4752],[-611,-2801],[-964,-375],[-2185,-1876],[129,-1576],[-1093,-2176],[-2378,-175],[-675,-1525],[2057,-3602],[-1382,-750],[-3438,-225],[-450,-1651],[1350,-975],[-97,-1501],[739,-1151],[-2121,-3401],[33,-1151],[-1414,-1050],[-3503,350],[-3246,-1701],[643,-1300],[-193,-2751],[482,-676],[-1253,-1675],[-2892,-1426],[257,-775],[3406,-1176],[-1253,-550],[-707,-1176],[-1575,-425],[-3663,-2976],[2860,-1801],[-1703,-1301],[900,-2801],[-2636,-550],[-899,-650],[2731,-2351],[1671,-851],[-2185,-3926],[-7134,-3502],[-289,-2626],[-1800,-1101],[322,-1125]],[[3976856,925032],[-3439,-1751],[-3535,-550],[-5238,3576],[-3342,2101],[-4466,1276],[-5271,3852],[-578,2651],[-1832,-200],[-2506,850],[-1253,-600],[-2250,225],[-2121,2401],[-2892,4452],[-2378,475],[-1285,-1801],[-1189,-475],[2185,-900],[-1221,-801],[-1189,375],[-450,-2025],[-1286,-951],[997,-1200],[-1414,-1076],[1703,-350],[-129,-850],[-2442,75],[-1671,-951],[-2571,-425],[-385,2001],[-2282,550],[-739,801],[-1735,275],[1349,1850],[-2860,2176],[-964,2351],[-1253,651],[-1060,-1101],[-1704,125],[-1349,-750],[-2346,-200],[386,2226],[-290,1125],[-1542,1826],[-675,1451],[1157,1500],[3856,126],[1896,275],[2089,1175],[321,1226],[-771,2226],[-1703,750],[-3278,600],[-932,976],[289,850],[-964,3377],[32,750],[2475,3101],[-547,2051],[-3309,1851],[2378,3151],[1767,1501],[3920,1501],[2732,1375],[1510,1251],[-514,775],[-1864,500],[-1542,-700],[-2635,-625],[-1928,-100],[-836,1250],[-3149,826],[-868,1025],[225,1151],[900,725],[5013,2851],[739,951],[1478,575],[1286,-325],[3792,1650],[1671,-375],[1157,1151],[-1254,2226],[161,2751],[-1639,1251],[-386,2025],[-2699,2076],[-24647,2101],[-40169,3427],[-2057,125],[-2924,1425],[-1799,-100],[-322,-950],[-3438,500],[-15329,1151],[-15264,1375],[-482,826],[-2153,1200],[1768,1226],[2442,4252],[4017,5002],[-868,3126],[-2506,50],[-1896,851],[-1864,1250],[-322,1751],[-1638,1326],[-354,850],[-3053,-150],[-1767,950],[-4981,5528],[-643,-576],[-2056,876],[-2121,1475],[-1768,-25],[-1189,1051],[-1157,-800],[-1960,875],[-3342,-575],[-2153,50],[-32,-801],[-3438,776],[-1222,-25],[-2667,900],[-514,-500],[-1960,600],[-3214,1801],[-932,1551],[-2024,1600],[129,1751],[1574,50],[0,926],[-12693,1100],[-2250,2601],[-3406,1251],[354,1800],[-5142,76],[0,1900],[-7905,1651],[-2475,1751],[-3406,-475],[-4981,1100],[-675,5403],[-803,8028],[-1350,14681],[-932,12031],[-5045,-75],[-771,1951],[-3053,-175],[-5463,-626],[-96,-1375],[-2539,-3452],[97,-900],[-3150,525],[-1542,-575],[-1543,-1451],[-1831,-4502],[417,-1526],[-610,-3501],[-6170,-2601],[-3438,-2476],[-1254,-125],[-1446,-7754],[-1317,-2326],[-675,-575],[-2828,-925],[225,-1251],[1510,-1726],[836,-2626],[1157,-625],[-1736,-826],[772,-1675],[-1254,-1276],[2025,-1150],[-482,-701],[1060,-1250],[386,-3927],[-2539,-2426],[-964,-1276],[64,-1875],[-2506,-676],[-1382,551],[-2828,375],[-1606,-701],[-2250,-350],[-1767,-1025],[-1350,275],[-2282,1851],[-192,1025],[-4178,851],[-6266,2751],[-1639,950],[-1671,-1676],[-2025,426],[-4723,-1226],[224,-1200],[-1092,-2427],[-2250,-1675],[-867,-1626],[-1960,-400],[-2314,2526],[-2185,325],[-3310,925],[-3406,-1425],[-643,-976],[643,-1550],[-868,-1326],[1125,-2701],[-161,-1426],[578,-3376],[-964,-1851],[-2346,-850],[-2827,850],[-5817,1076],[-1960,1375],[-3149,400],[-3567,4077],[321,1426],[-1221,2401],[-1767,625],[-1704,-100],[-899,500],[-2732,175],[-2924,1026],[-1061,800],[836,-3651],[868,-701],[257,-1600],[1703,-1601],[-1864,-625],[-1285,-1551],[-482,-1801],[1381,-2226],[-996,-350],[-2153,-2751],[-2024,400],[-579,-1026],[-160,-2801],[899,-975],[-803,-1151],[-2121,-1275],[-386,-1476],[-1446,-1100],[-2603,175],[-1703,-1901],[-1446,-1151],[-5334,-2001],[-1350,-1725],[-4467,-225],[-2667,800],[-482,1476],[1575,325],[-1928,1650],[-5303,1376],[-1510,1076],[1285,1300],[-64,1126],[4788,1900],[290,1051],[1510,1526],[-514,1825],[417,501],[-385,3176],[321,875],[-2731,2401],[-932,1726],[-1029,700],[1800,2251],[836,2226],[-932,1751],[610,1301],[-2185,900],[-1639,-150],[-2988,1126],[32,2676],[-2025,725],[-1542,1576],[-1061,2351],[290,1025],[-1222,3002],[-1221,1425],[547,2201],[-2121,2026],[-354,3377],[2764,525],[-514,2151],[-1832,225],[-321,1300],[-1189,125],[-1511,2352],[1189,1550],[386,2151],[-6363,-600],[-1510,75],[-4660,1401],[-1864,300],[-1060,725],[-1125,2001],[-2571,500],[-1221,550],[-803,2476],[-10990,2677],[-24616,-14257],[3439,200],[1350,-1450],[417,-2526],[-996,-1101],[-1799,-650],[-322,-1076],[-1896,-1875],[-2892,-1026],[-1414,1051],[-1317,-1301],[-2089,-675],[-2185,-3852],[257,-500],[-1478,-1776],[160,-2176],[1157,-1576],[-2121,-3401],[1703,-926],[-899,-1400],[64,-1026],[-4242,-2126],[-64,-1875],[771,-751],[32,-1926],[611,-1550],[-1575,-2451],[643,-1301],[-225,-1175],[643,-1151],[321,-2901],[3792,-4377],[-482,-525],[1285,-1176],[450,-1801],[1221,-1775],[1478,-1276],[482,-1426],[1286,-1300],[2571,-1326],[1285,-2701],[2764,200],[482,-825],[1639,-826],[-515,-925],[-3277,-325],[-1061,-825],[-161,-1701],[772,-2751],[64,-1551],[578,-800],[1768,-426],[2346,-2576],[1446,-1100],[450,-1176],[-739,-1100],[1574,-1651],[-1510,-3026],[514,-200],[13143,-851],[2539,-1826],[1092,-1325],[-1638,-1026],[257,-1900],[-1382,-1451],[1864,-1526],[899,-75],[1768,-1175],[-97,-801],[2186,-650],[3309,-275],[2732,-5177],[1510,-851],[1221,75],[868,-1400],[1221,-400],[-707,-1676],[-2699,-1001],[-4242,-400],[-1639,-1300],[611,-2426],[4884,-726],[1961,-1325],[-97,-626],[1671,-1800],[-610,-1651],[578,-2401],[-1414,-3077],[-1221,-425],[-1061,-1250],[-289,-1301],[-1060,-925],[-1864,-451],[-707,-3276],[1864,725],[1221,-325],[-1318,-4177],[450,-500],[-899,-2851],[-1093,-550],[-611,-2852],[-1735,-350],[-3085,-175],[-1125,-1601],[-2217,451],[-2860,-1076],[-3792,50],[-675,-1025],[-1478,-250],[-7584,650],[-1317,2176],[-2924,-875],[-9705,1200],[-2860,1576],[-3085,425],[-836,1501],[450,650],[-1510,800],[-1510,-50],[-2057,-1150],[-2217,1575],[-2378,801],[-2507,250],[-353,800],[-2989,1851],[-1221,1726],[-5688,1025],[-2249,876],[-3632,2226],[-321,2626],[-1896,850],[2474,11105],[2121,1201],[97,1025],[1735,1501],[2731,850],[-128,1401],[1799,1425],[2121,551],[-2121,3451],[-2345,4302],[-2250,375],[-996,-350],[643,-1301],[-2989,-650],[-2153,300],[-1703,1276],[-2474,775],[-1896,-1451],[-2700,-250],[-3053,1051],[-578,-1826],[-1221,-900],[-482,-2276],[-2089,-1926],[-1317,-500],[-1832,925],[-3824,3677],[-1703,1925],[-2057,1226],[-3760,-125],[-4081,850],[-739,450],[-2185,126],[-2346,1225],[32,725],[-1639,1251],[-3438,1576],[-1735,100],[-2153,1275],[-3760,-925],[-2925,375],[-1478,1226],[-4017,725],[-1896,-125],[-2795,350],[-1832,-750],[-2410,350],[-4852,-425],[-2121,850],[-3760,-425],[-6556,-2952],[-2988,801],[-3278,500],[-1285,650],[-1639,-200],[-2218,-2601],[-1928,400],[-96,1026],[-2571,2576],[-2121,250],[-2988,-575],[-1607,1350],[-32,1051],[-3149,1050],[-2635,-850],[-997,875],[-1831,450],[-1350,2276],[-3471,576],[-3470,1851],[-4435,-626],[-2249,200],[321,2101],[-3181,3777],[-1157,1701],[450,975],[-739,725],[867,2276],[-1092,1176],[-2185,575],[-2635,1451],[224,1075],[-2570,1251],[-2507,2051],[-1735,500],[-1189,1526],[-1286,525],[-3759,2801],[128,976],[-642,2451],[-1800,500],[-1189,975],[-3824,2076],[-1093,1576],[-1317,225],[-2282,-625],[-3502,150],[-2154,450],[-1895,-1226],[-1350,-200],[-3246,275],[-3502,5678],[-1607,0],[-932,1551],[-2475,3026],[-2988,-200],[-1125,475],[-1671,4802],[-1157,450],[-4434,651],[-1029,475],[-1381,1926],[-2057,1675],[-2731,5203],[-418,1275],[514,2351],[-1350,1651],[-257,951],[1061,2075],[-450,1201],[-3021,1801],[-707,875],[-32,2126],[-1382,925],[-1639,2402],[-2378,375],[-3406,-726],[-1607,200],[-5206,3177],[-2988,475],[-2924,-675],[-1671,725],[-1832,1701],[-3535,2076],[-1189,-300],[-2539,400],[-3117,-525],[-1799,1750],[257,801],[-1768,700],[257,650],[-1446,1501],[-1253,175],[-2731,2151],[-2635,1125],[-1061,2326],[1800,3427],[-1543,1351],[-1767,975],[-2732,275],[322,825],[-1061,1226],[-2024,1101],[-1960,2000],[-3985,1526],[-3021,425],[-3246,1601],[-1992,3652],[-2699,1725],[-643,901],[-2410,0],[-643,675],[225,2226],[-1414,1951],[-2281,25],[-1832,-525],[-2731,925],[-547,-375],[-3245,1025],[-2507,-725],[-2153,-1326],[-1607,351],[-482,1100],[-2281,1051],[-2057,150],[-1607,-551],[-1864,476],[-3470,-401],[-1575,-675],[-1896,-2001],[-1446,-475],[-1221,-1826],[-1799,-775],[-1800,50],[-900,-1826],[-2763,-175],[-2153,-900],[-1607,-2101],[-771,-125],[-1928,875],[-2378,-250],[-4660,0],[-1575,-525],[-707,-951],[418,-2576],[1221,-350],[-289,-1601],[-1125,-1275],[-3599,-325],[-964,-576],[-4370,-275],[-1735,-700],[-1254,-976],[-5109,-1650],[-2957,-2351],[-96,-1076],[-1317,-1025],[-2507,50],[-3696,675],[-289,3477],[-2571,-476],[-2538,876],[-739,-1351],[-1896,-100],[-3310,-1400],[-1671,-301],[-3888,1726],[32,-1425],[739,-1476],[-1446,-876],[-996,-1575],[-1575,-575],[-1543,-4678],[-1028,-1975],[-835,-551],[-3053,-600],[-6459,-125],[-7070,-550],[-4692,-125],[-6202,500],[-1317,775],[-996,-575],[-997,1226],[-2924,725],[-2731,-250],[-868,-1251],[-2089,-75],[-707,475],[-3631,-75],[-2635,1051],[-5142,-425],[-1124,625],[-1157,-525],[353,-2451],[-1060,-451],[-3503,-200],[-450,-1175],[-2056,-625],[-868,-1126],[-225,-1451],[-3406,-4126],[-1318,-50],[-1028,-1526],[385,-3752],[1736,-2401],[-1478,-1751],[-2443,-50],[-1831,-1000],[-707,-1501],[-2732,-2101],[-5270,-2701],[-1575,-200],[-1960,1701],[-1928,-25],[-4724,-2726],[-7969,-401],[-4499,926],[-2025,1751],[-1799,150],[1350,2126],[-225,1951],[-1061,550],[-2763,300],[-3760,850],[-1286,-250],[-1414,-1025],[-2442,-976],[-900,-1475],[-1542,-1251],[-482,-1050],[578,-1901],[-1028,-1276],[-3824,-1701],[-3246,301],[-1864,850],[-1542,1351],[-2185,575],[-1446,-25],[-1960,-1676],[11086,-18133],[-1414,-225],[-13207,1176],[-5335,-3052],[-7680,575],[-1478,-7978],[1446,-1201],[-450,-1325],[-1253,-6603],[-257,-2401],[-17803,1300],[-2346,-15431],[-12822,475],[-6137,-3277],[-5238,-7253],[-2154,-2726],[-2281,-1601],[-1639,-1825],[-161,-1151],[-15103,-8954],[-17257,-9679],[-1124,-275],[-354,1700],[2700,17033],[1992,12080],[1639,10830],[-35220,3026],[-20052,1676],[-3471,-1225],[-2410,-16358],[1896,-2001],[-1253,-7553],[-1382,-7653],[-2378,250],[-578,-750],[-10026,825],[-129,-125],[-8355,725],[1285,-1225],[2925,-6428],[-46982,4102],[1254,6953],[-5624,500],[-386,-200],[-15328,1400],[-3438,501],[-10444,800],[-14172,1201],[-1510,-8904],[-1221,-7579],[-2185,-12480],[3213,-275],[-803,-3177],[-129,-2701],[-5109,-22785],[-2892,250],[-1961,-11730],[-1381,-9104],[-11794,600],[-482,125],[-11761,551],[-8420,675],[-32231,2726],[707,4852],[-96,5728],[257,3176],[867,6703],[-12179,25],[611,-850],[546,-2101],[-1060,-7003],[160,-1526],[-1478,-7878],[10669,-17633],[-1253,-675],[1349,-7979],[225,-7753],[-1671,-2426],[-5945,-2477],[-4916,451],[-3214,1225],[-17096,1801],[-15232,1476],[-4788,525],[-15810,1500],[-2989,251],[-289,2526],[-1125,1926],[2443,14556],[-22816,1751],[-1093,-7328],[-23619,-29588],[-34931,2526],[3053,19508],[193,12681],[1671,-1201],[6427,-375],[3342,5102],[1735,13306],[1125,7929],[675,425],[161,1826],[-28118,1500],[-900,-50],[-1896,876],[-1993,175],[-2056,1826],[-3985,150],[-1253,350],[-5752,-1226],[-3503,5878],[-14750,5552],[-2924,300],[996,6753],[2507,13982],[-21756,1875],[-25868,2201],[-26126,2301],[-3117,1001],[-3696,-776],[-4113,626],[-11408,950],[1028,1926],[-96,1000],[1157,1876],[225,2376],[-611,676],[-3438,1750],[3631,1576],[836,975],[32,2076],[-9062,651],[-322,350],[-5945,100],[-2827,575],[-1832,-225],[-5077,375],[-3118,-400],[-3117,1726],[-10540,550],[-11472,425],[-1992,175],[-2250,701],[-675,-676],[-3438,125],[19731,11205],[3149,976],[-546,2876],[2217,1301],[3760,650],[803,700],[2956,550],[4981,30639],[3503,13706],[-1767,-1051],[-1864,-575],[-2796,-1701],[-3310,-1250],[-1799,-1451],[-5752,-525],[-2700,350],[-2410,-350],[-4338,425],[-2635,-1375],[-1832,-151],[-2828,2302],[-321,1325],[-1318,976],[-3245,100],[-3985,4927],[-4949,2401],[-578,1450],[1253,2351],[257,1376],[1253,2451],[1254,3202],[289,2476],[-1735,2551],[2442,1926],[-20759,1500],[2570,18158],[-33934,2426],[4724,30539],[1125,6578],[-11183,875],[1124,7478],[-10765,-3376],[-7809,-76284],[-46820,-27687],[-6491,11880],[-19924,-25186],[-5688,4702],[-41518,-24285],[-8902,-11455],[-2795,-2226],[-4885,-6203],[-9190,-11305],[-4756,-5928],[-643,-3201],[1928,-1101],[2282,-4752],[-2153,-4452],[-3728,-5302],[-9287,-2426],[-482,-1201],[289,-1300],[1125,-1776],[160,-1100],[-1542,-2401],[-2764,-1151],[868,-5227],[-546,-976],[-2282,-1675],[321,-1051],[-3213,-2051],[-1864,-2726],[-2024,-150],[-3921,-1901],[-450,-4052],[-8290,-3951],[-1864,-1376],[-1479,-525],[-10700,-125],[-161,-300],[-8677,7803],[-16613,14456],[-31942,2376],[-97,-675],[-23812,1401],[-289,-2001],[-2089,1450],[161,1951],[1189,1776],[610,125],[6299,-350],[3824,2076],[707,2001],[2539,525],[-7070,12706],[-4788,4552],[161,900],[-5753,4277],[-6105,1451],[-3085,925],[-1318,850],[-418,1401],[-6587,3652],[-932,1075],[-2956,575],[-1864,1426],[-3792,1175],[-1671,1226],[-2185,500],[-3439,-1626],[-2121,-350],[-996,551],[-932,1500],[-2153,1326],[-4884,4227],[-15104,-8804],[-22976,-13406],[-10541,650],[-1381,-1375],[-386,-2351],[1028,-826],[-1414,-8529],[354,-25],[-1928,-14956],[-1414,-1476],[1446,-2276],[-675,-1075],[-3310,-23686],[11729,-750],[-1928,-13581],[-16517,1050],[-1189,-725],[-1510,876],[-4114,1450],[-2345,-150],[-1382,800],[-28375,1976],[-20984,1501],[-1446,-10054],[-2346,-18108],[-49038,3501],[-19988,1426],[-3856,-26212],[-27829,2176],[3278,20759],[2249,15407],[-55883,4252],[-1349,250],[-2507,1176],[1896,975],[900,-300],[2924,925],[611,2877],[1157,2000],[-47785,2927],[-21145,-12856],[-3888,-2601],[-193,-1801],[-4338,-1701],[-5463,-2551],[-193,-550],[-7937,-3201],[-4274,-2126],[-2442,-1626],[-2410,-25],[-3728,-1025],[-3021,-201],[-1189,-750],[-7198,-1501],[-835,-2826],[-4949,-1225],[-1864,375],[-6459,-801],[-6042,-1800],[-1381,-1226],[-3728,-1776],[-5077,-1400],[-3535,25],[-15200,-9955],[-4531,-2101],[-5142,50],[-1446,-7028],[-6684,526],[-4017,-22835],[-5527,-36617],[5785,-25736],[-1286,-1325],[-321,-1026],[-3246,-2401],[-1060,-325],[-1286,-2051],[-835,-100],[-1960,-4077],[-290,-1100],[-1124,-1501],[-611,-1701],[707,-1125],[-1189,-1476],[-1960,-1701],[-932,-2976],[-1157,-1376],[321,-1225],[-1510,-1276],[-2282,-1000],[-1060,-1351],[64,-975],[-1382,-2976],[-2345,-2677],[-1093,-825],[-128,-4352],[-547,-2251],[-1446,-4152],[-4949,2626],[-257,-1625],[-53761,3701],[96,2076],[-29950,2001],[-257,-1826],[-25226,1751],[-514,-2126],[-1574,-1876],[-1864,-3051],[-772,-2001],[1125,-2901],[-257,-1076],[1446,-3026],[-96,-1926],[-1446,-500],[-65,-1175],[1736,-1276],[1478,-2426],[-482,-1426],[-1061,125],[1222,-4001],[964,-276],[1092,-4226],[2025,-626],[450,-1675],[1189,250],[1028,-1551],[-579,-750],[2121,-2276],[-450,-1126],[932,-375],[-1028,-2426],[1510,-1001],[-449,-1075],[3245,-3502],[1928,50],[836,-650],[-643,-1000],[1060,-1501],[2121,-1626],[675,-1900],[1736,-801],[64,-1225],[2121,-1976],[578,-2401],[1607,-175],[-32,-1176],[1382,-950],[1510,-2701],[1767,-751],[579,-1050],[1510,-175],[514,-1101],[-482,-2501],[-803,-400],[161,-1301],[-1479,-2651],[2089,-1175],[900,-951],[-482,-2426],[1607,-2401],[1060,-225],[611,-2251],[1478,550],[2056,-300],[1543,-750],[-64,-926],[-2250,-2401],[1639,-575],[739,-975],[-675,-826],[-1414,-150],[932,-1826],[-1157,-700],[772,-1200],[-1093,-701],[-1542,75],[-643,-1025],[578,-876],[-16967,1476],[-5270,1101],[-9833,800],[-5174,-200],[-2153,-375],[-1896,725],[-1607,-225],[-3149,300],[-3149,600],[-3149,1151],[-2571,-725],[-22752,1775],[-13014,11330],[-47335,3527],[-45439,-200],[-11504,25],[-1414,-10155],[-25965,1851],[-3471,-19684],[-39686,3327]],[[965590,604616],[0,23710],[0,36466],[0,29113],[0,32740],[0,69405],[-28857,0]],[[936733,796050],[5109,39618],[3921,30513],[-5399,350],[578,8529],[-8291,400],[4692,38592],[-8933,13081],[-900,1250],[-1735,-725],[-290,-725],[-2378,-701],[-1478,-1375],[-5431,-1526],[-2731,-1576],[386,-1125],[-1350,-2526],[-2860,-4127],[-16164,12656],[-31203,1925],[2699,22035],[4788,42144],[4371,-951],[45696,-3076],[4209,34790],[2860,23611],[-24615,1600],[868,9529],[1896,26862],[19666,-1100],[3503,36741],[-14911,900],[643,6428],[39494,-1150],[39494,-175],[50773,-2952],[-1157,-9779],[26897,16357],[12372,7654],[4627,36566],[17546,-150],[28246,-23536],[1704,-425],[-65,-1075],[59514,-11856],[7327,-1425],[1092,800],[3728,625],[5463,-550],[2217,900],[1061,1126],[4916,800],[1832,-275],[836,500],[4691,426],[3535,1775],[2250,2126],[3277,1301],[1061,1050],[3663,1526],[1221,725],[739,1551],[2346,1501],[1703,2276],[1800,1000],[4595,475],[2700,501],[2217,1675],[2346,1076],[2699,850],[2089,1051],[1864,-226],[3888,501],[2442,550],[2796,1526],[771,1325],[1093,701],[-34385,29237],[21370,12631],[-2538,2326],[13689,8104],[-10701,8103],[-27282,20884],[-13079,10055],[36473,24360],[33581,-27587],[9287,8579],[15360,9554],[3631,25161],[3085,21260],[4403,30163],[2506,17783],[675,4277],[-44732,1725],[-5334,376],[-418,-3477],[-51126,3627],[-47689,225],[-321,-3652],[-24294,1976],[-23394,2051],[-24166,21159],[-21723,17858],[1414,850],[-2731,901],[-2282,-300],[-22816,19033],[-1831,1050],[-1157,1426],[-11376,9329],[-6395,4727],[-27732,23661],[-34706,-21060],[-2603,951],[-16581,13756],[-3953,-2251],[-9769,8354],[-37052,30413],[-2313,2176],[40104,23435],[-2185,1951],[-5013,3902],[17545,11155],[21595,13030],[-7616,6103],[-1510,350],[-2185,2401],[-3889,3477],[39591,23485],[-2507,7504],[1896,5577],[803,750],[-1799,11630],[-4274,2727],[-386,425],[-2538,12055],[-964,1176],[-740,2251],[386,2501],[2635,-25],[11215,-751],[3760,-3026],[17128,8954],[-21980,19058],[-16325,13956],[23651,14507],[29725,18058],[2539,3451],[-8098,5928],[-14718,12130],[5109,48572],[30754,-1676],[-193,1976],[-1125,2226],[386,3176],[-900,1526],[707,600],[-2121,3477],[96,5302],[1254,1225],[610,1476],[6234,9579],[55754,-1875],[7970,48796],[23973,-1501],[-1093,-9054],[51319,-3226],[482,3952],[63885,-3952],[35091,-2151],[2860,15257],[2828,14281],[450,11030],[546,10805],[-1510,500],[64,1025],[1478,-100],[321,4377],[579,11930],[4788,-400],[24551,-525],[22012,-1926],[-1189,-11355],[14172,-1100],[20116,-1601],[-224,-2201],[-707,-250],[-450,-4827],[26639,-1026],[24969,-975],[1414,11555],[22302,-1401],[32,225],[29403,-1925],[-1703,-14957],[13850,8504],[19892,12155],[546,-75],[1446,13381],[17000,10455],[6877,-6103],[8130,-7028],[25193,15432],[611,425],[3503,-3027],[15039,9830],[610,-225],[2250,1350],[-386,375],[24841,15007],[33066,19959],[15554,-1076],[64,450],[39494,-2701],[-3117,-22685],[-3214,-23435],[14461,-2176],[964,-4302],[-5913,-4027],[1446,-16832],[-161,-450],[24070,-1776],[546,400],[25804,-1801],[25612,-1875],[11986,-801],[-2217,-16032],[-3728,-23210],[25772,-2051],[23234,-2151],[803,250],[4178,-50],[41132,-1926],[2668,-600],[35155,-2026],[-1767,-15632],[6555,-950],[3567,100],[7680,-275],[6203,-700],[-97,-1126],[23426,-1751],[547,-100],[-900,-10304],[-932,-8679],[19634,-1426],[7038,-375],[2185,-8954],[-514,-3827],[47785,-3451],[-1254,-9129],[-3567,-3727],[-1606,-10930],[128,-525],[34063,-2051],[-418,-5127],[14043,-775],[2571,75],[26801,-1401],[8869,-600],[16807,-1501],[1960,425],[5270,-2251],[4242,29363],[13946,-1025],[1446,13256],[45664,-3427],[2410,17133],[1864,15081],[40458,-3076],[675,8079],[-3310,2701],[321,2076],[25001,-1876],[1543,10680],[192,0],[2571,17782],[28375,-2201],[2475,-8703],[34802,-3002],[15424,-1425],[5335,38567],[30271,-2451],[1125,10879],[46820,-2476],[-1510,-12780],[-3406,75],[-5592,-19634],[-1671,-24136],[-3342,275],[-900,-7878],[-3213,-28137],[48973,-2652],[-160,-4752],[35702,-3451],[-97,-1126],[40651,-4026],[7777,-826],[2795,20234],[8805,-825],[1639,7253],[31878,-1901],[9801,-600],[3117,24786],[-29853,1901],[2635,21909],[-18478,1126],[2314,23685],[2571,25987],[257,2951],[2635,22135],[12500,-1026],[5849,3477],[63049,-4502],[-1864,-13031],[18156,-23285],[15778,-1201],[11987,-3126],[1092,7628],[354,700],[578,6803],[836,7829],[-932,550],[739,5002],[52830,-3976],[-1575,-2426],[-835,-1801],[771,-2476],[6427,-1451],[7455,-1451],[3439,-1225],[4627,-100],[3535,-1426],[3984,-300],[4885,-1075],[1350,175],[22301,-1651],[772,200],[771,1601],[-771,800],[321,1476],[-675,2401],[386,875],[-643,2176],[1896,5077],[-1125,1351],[129,1576],[3117,2426],[1382,2451],[-65,1375],[1318,851],[1189,1425],[321,6053],[4628,7003],[3727,-225],[3985,2726],[1607,1626],[1542,475],[996,2276],[1029,1601],[-771,2976],[-1543,1276],[-1992,350],[-932,2501],[-1478,725],[-2893,2676],[-1381,2502],[-1318,1725],[611,626],[0,2351],[2088,2176],[-1092,700],[1285,2076],[3696,1050],[3342,1951],[289,1251],[1189,1125],[514,1476],[2025,1951],[2088,625],[2282,225],[675,725],[2667,1576],[932,1301],[1478,275],[675,850],[2731,350],[2443,2076],[739,3177],[-129,1125],[-1253,2726],[-1253,1326],[257,1426],[-1575,2301],[-2378,1825],[-5688,300],[-1735,1551],[-3728,1351],[-2570,650],[-3342,75],[-1832,525],[-1671,1026],[-4660,4452],[-996,2251],[-161,1200],[1864,1401],[3535,1626],[-610,1025],[-2700,2101],[-675,2651],[-3020,3277],[-257,1100],[-33,3627],[-706,1000],[-2025,1676],[-1414,1826],[1061,1575],[867,2526],[225,1751],[-578,1251],[2378,2076],[0,1300],[610,2776],[-996,1751],[161,2426],[1092,1501],[1703,1100],[4242,3752],[611,2701],[-1543,1251],[-546,1626],[64,1450],[-1189,2976],[-1767,3327],[0,1451],[-836,2075],[-2538,3152],[-996,2001],[482,1550],[2088,1751],[739,1526],[-449,900],[1156,1726],[97,925],[-2989,3052],[257,1650],[1800,2702],[964,-1101],[1767,250],[1736,-525],[-32,1101],[-1961,-176],[-2281,2301],[257,751],[-1414,1050],[-546,1026],[1349,1100],[2635,1126],[3342,125],[1414,300],[1768,-350],[193,875],[1606,2326],[2089,700],[1414,-850],[514,-1300],[2635,-51],[-225,776],[-2699,700],[-1125,1201],[3342,1750],[2571,-850],[-1189,2026],[-2796,25],[1414,1801],[2121,575],[611,600],[-1061,1751],[322,750],[-1414,2151],[2121,1776],[1060,-900],[2089,-150],[707,1425],[2313,375],[-353,-1350],[-1221,150],[-193,-1651],[1061,-3251],[1446,550],[-225,1526],[1799,-501],[-257,-900],[2346,-1926],[-1478,-1350],[1221,-876],[2442,-2926],[2314,100],[-546,1526],[417,975],[3246,-1551],[4435,-1275],[0,625],[-1864,850],[-2635,376],[-97,1150],[-5752,851],[739,1275],[-2217,1776],[-868,1701],[868,950],[-868,2026],[1800,1000],[1767,-225],[3053,-1100],[-225,1976],[-2571,925],[1896,2026],[3535,-875],[1992,1275],[-1671,1376],[5367,975],[-353,500],[-2443,-325],[-1414,1051],[1736,2026],[1896,-626],[1381,1501],[-578,500],[-1607,-575],[-707,1576],[868,1175],[-1093,1076],[-2988,-1901],[-289,1550],[289,1151],[-2378,-600],[-1318,1050],[-32,1876],[1446,600],[1832,175],[1767,-1225],[2571,100],[2282,-1276],[1253,1326],[-1253,900],[2603,526],[-2925,2200],[-932,976],[-2795,1275],[-515,651],[965,4002],[-515,875],[418,1125],[1800,776],[1028,-500],[2474,475],[3728,-1401],[964,-700],[1478,-175],[-675,-1051],[1254,-1726],[1124,726],[1093,-175],[2025,2551],[1413,-1326],[1575,651],[771,-851],[611,-2576],[-3374,-3426],[-1511,-1176],[0,-1926],[1350,400],[1060,-425],[1736,1051],[1349,2001],[868,700],[1767,325],[-835,1175],[1125,1026],[1799,-550],[97,-1776],[-418,-2301],[2089,1350],[642,1726],[1254,-50],[899,726],[1446,75],[-96,1100],[-964,250],[-2024,-375],[385,1126],[2699,275],[3439,1150],[1542,1051],[354,875],[4017,-600],[-482,-826],[-1961,250],[-2249,-675],[-739,-1325],[289,-1276],[2346,1876],[1864,-375],[2056,550],[868,1225],[2764,176],[3310,-1576],[2153,-150],[1414,400],[1317,1326],[1125,1875],[257,1401],[2314,2651],[1414,826],[-65,2801],[772,1050],[1542,-175],[1800,450],[1542,2276],[3760,1176],[1189,850],[1028,2001],[1446,400],[1864,-1600],[2603,-851],[2217,50],[1511,651],[1799,1850],[2796,2201],[1703,1651],[4403,900],[706,701],[354,2526],[1318,2526],[96,1976],[1703,2326],[3181,2326],[707,2501],[-3663,5077],[353,2451],[1768,4652],[2346,1651],[3117,1276],[6684,1650],[1253,626],[1703,1525],[675,3552],[675,1901],[-32,1750],[-1253,1876],[-4371,1651],[-193,450],[-2474,1276],[-1960,2476],[-1735,3576],[-804,2677],[-2474,4402],[-257,1575],[932,3202],[1478,2126],[867,1900],[-32,1926],[547,2151],[-225,3602],[96,2976],[-418,2401],[-64,3076],[-1800,5003],[-1060,4902],[-2571,6078],[-3117,3901],[-2185,3002],[-643,1650],[193,1301],[1125,2851],[2217,4152],[2378,2776],[964,1776],[-128,1301],[-2732,4552],[-257,1400],[-1478,850],[-2250,2377],[386,600],[3117,1751],[4210,1375],[1735,-525],[-1767,-2101],[482,-1526],[1060,-850],[3085,-1401],[1735,-2826],[1511,-725],[3695,-650],[3085,-1001],[1543,-50],[2763,650],[2314,-275],[4338,-1575],[2828,-551],[1189,-975],[257,-1501],[-1960,-2451],[1542,-275],[24262,-1926],[4114,28563],[3952,27337],[5913,-500],[-129,1825],[675,4527],[2282,1201],[610,750],[1575,400],[1125,976],[1831,50],[643,550],[-161,1451],[-803,1150],[1928,2426],[1543,-225],[674,675],[6331,576],[3053,1600],[8194,851],[1864,-225],[17867,-2677],[225,701]],[[3107285,2343806],[2314,3877],[14942,23560],[8291,425],[7456,150],[22976,-500],[52316,-75],[59931,-125],[62567,-50],[62085,50],[0,-74933],[15938,-25],[51834,-50],[33453,0],[35541,25],[160674,25],[289247,925],[1189,-7303],[13368,-11155],[23619,-13581],[13593,-10830],[12918,-21609],[8966,-11555],[19763,-17158],[10669,-10529],[12596,-13181],[18414,-16657],[9672,-7954],[11987,-5853],[12339,-5177],[11183,-3751],[14204,-7229],[9030,-4302],[18124,-5577],[14846,-4802],[16775,-5352],[13978,-6453],[16743,-7504],[11247,-6578],[13336,-7453],[12468,-8479],[13368,-4877],[16261,-4977],[11472,-5152],[12565,-8029],[9929,-6578],[12372,-3876],[15136,-5503],[14621,-3601],[12629,-5678],[12565,-10679],[7487,-7179],[6170,-9129],[13240,-6402],[17578,-2376],[16164,-701],[14942,1251],[17000,5177],[7969,6878],[-1414,8429],[-7230,9929],[-6716,8079],[-6974,9929],[-3310,7403],[-385,13456],[1060,10130],[3985,6478],[6202,1825],[5174,776],[8580,-6328],[9833,-6228],[11472,-8003],[16871,-6353],[12886,-2576],[10637,-2551],[13786,-2652],[15521,-2851],[16356,-1100],[16518,-1426],[15007,-1200],[14910,-1776],[13754,-4377],[4371,-5227],[3502,-5553],[4146,-8128],[514,-8379],[-2378,-9079],[-2378,-6853],[-3021,-4877],[-4370,-3777],[-4049,-3176],[-4274,-3802],[-1253,-1826],[-1961,-375],[-1060,-925],[-1832,-3102],[-1960,-2701],[-96,-2151],[-579,-3076],[771,-8054],[-514,-1200],[547,-5378],[-836,-6403],[-257,-4852],[-1478,-4452],[-1382,-6252],[-1607,-1826],[-2249,-826],[900,-4026],[-386,-3277],[193,-3801],[-2185,-3152],[-1929,-1901],[1222,-20058],[578,-7379],[2410,-5102],[2635,-4477],[3246,-3276],[3824,-5453],[2024,-3251],[2700,-2701],[2249,-726],[3856,-4427],[2025,-2701],[1960,-1626],[1318,-2226],[1414,-1225],[899,-1626],[450,-3376],[-450,-1701],[1061,-3376],[1414,-2226],[4306,-8879],[18638,-24836],[482,-1926],[-546,-1701],[1896,-8804],[578,-1450],[2667,-8829],[547,-6303],[2795,-5102],[1382,-851],[579,-2701],[-772,-7053],[643,-5027],[-1221,-2826],[996,-7054],[418,-1150],[-321,-1826],[-1414,-1776],[-1318,-2651],[-2571,-2551],[-1831,-1476],[-1511,-775],[-482,-6553],[289,-1400],[-1028,-2426],[-418,-4027],[-3406,-3227],[-707,-1575],[47206,-156944],[13143,-43419],[42708,-141713],[33163,-110398],[25965,-85763],[-109644,175],[-257047,-175],[-7199,0],[450,-1101]],[[2667904,2670700],[-14685,2176],[-3085,0],[-3728,700],[-1832,-1126],[-4434,-3526],[-1125,-2076],[-2410,-1326],[-1285,175],[-1575,-650],[96,-1125],[-2378,-1026],[-932,625],[-289,1276],[-1510,850],[-3214,976],[-2892,-350],[-2763,425],[-2957,1150],[-5270,1151],[-1478,1651],[-546,1525],[417,1451],[1704,1225],[-1125,1126],[-1382,500],[-32,1376],[-2185,2326],[-964,2426],[-1029,500],[-2345,25],[-772,900],[675,1901],[2603,1876],[-1028,1576],[-161,1375],[771,1426],[-2474,900],[-2442,2702],[-3471,-651],[-6941,2076],[-1093,626],[-899,-1026],[-3117,2126],[-3278,-900],[-1928,575],[-3214,150],[-546,-575],[-2507,-601],[-2892,-50],[-2699,-825],[-1028,425],[-2025,-125],[-3953,375],[-4659,7529],[-4467,-1551],[-1317,200],[-3310,-2126],[-804,50],[-2506,-1826],[-32,-675],[-3374,-2226],[-2250,-750],[-1478,-1176],[-2217,-725],[-643,1075],[-1318,801],[-835,-626],[-1735,50],[-2828,-850],[-2892,250],[-2860,-400],[-1929,1050],[-2313,-1225],[-2185,950],[-900,1301],[707,700],[353,2076],[-2571,2151],[-1478,25],[-578,-625],[642,-1326],[-4177,-1000],[-64,-1876],[546,-925],[-964,-551],[-1478,250],[-1703,2051],[-2186,-1200],[-2153,-125],[-2153,1375],[-835,-25],[-450,-1425],[418,-851],[3085,-1550],[-4306,325],[-225,-1551],[1574,-2401],[-707,-1376],[-1060,-425],[160,-1851],[-2570,-1750],[-900,-1251],[-1478,125],[-1125,-1826],[-2217,951],[1028,-2076],[-1382,-1051],[-4210,-600],[-2249,-625],[2025,-2351],[128,-2101],[-29275,2926],[-39815,3652],[-1767,-28663],[-33356,3002],[-2057,-1351],[-8387,8479],[-19442,17983],[-739,-2026],[739,-1026],[-482,-625],[-868,-3477],[-1574,-2751],[2153,-3026],[-836,-1726],[322,-1751],[-1864,-1650],[-1543,-3052],[2603,-4927],[-3277,-3351],[-2732,300],[-1350,-1351],[-610,-1550],[-1125,-851],[-353,-1100],[-3632,-3727],[-1735,-700],[-2538,-2526],[-2989,-826],[-3406,-500],[-3953,550],[-5045,2576],[-2217,-200],[-1350,-1225],[-1125,-1751],[-3053,-1125],[-3727,-551],[-3728,50],[-1864,576],[-2185,-526],[-3181,-1450],[-1157,-1726],[-707,625],[-3053,-1275],[-1157,-1051],[97,-1050],[-3889,-2426],[-1446,-1901],[-2892,50],[-2089,-2126],[-2731,200],[-1350,-1351],[-1349,250],[449,1226],[-3695,1951],[-6170,-1676],[-2442,876],[-3567,725],[-11087,5802],[611,4828],[-12758,12305],[-6138,1175],[-192,2652],[-13497,14956],[-10347,125],[-1993,-1375],[-4692,25],[-5623,-1526],[-611,425],[-610,1701],[-8612,925],[-6235,-4126],[-3117,1100],[-546,-300],[289,-3852],[-64,-4177],[1125,-4852],[-836,-1300],[-2410,-1751],[-1317,-575],[-1447,-1551],[65,-1501],[771,-1575],[1992,-2401],[-160,-651],[1414,-2276],[-33,-2051],[418,-1575],[-964,-2226],[-2378,-1701],[-578,-750],[-193,-1576],[-1157,-2901],[-1350,-1251],[-3438,-425],[-13947,-2951],[-1542,-551],[-1639,-1625],[-2410,-3952],[-1285,-800],[-5238,-1926],[-2314,-1726],[-836,-1351],[-610,-2551],[-836,-1400],[-3599,-3727],[0,-1901],[-707,-1576],[-1382,-1725],[-546,-1301],[-32,-1576],[-2057,-1375],[-1381,-2426],[-1061,-2551],[-386,-1601],[-2474,-3076],[161,-2902],[-2635,-2026],[-2539,200],[-1157,-250],[-3245,-1675],[-2893,75],[-1510,-626],[-7744,-9129],[-2571,-2176],[-193,-750],[1221,-2901],[-514,-1501],[-5013,-12305],[-3246,-2751],[-1060,-2327],[739,-4451],[-771,-2402],[1574,-1850],[-1157,-3102],[65,-1901],[-1029,-1150],[-835,-1801],[-161,-1526],[-160,-7153],[835,-4727],[-386,-3826],[-3663,-4152],[-1317,-350],[-3053,700],[-10605,-2726],[-2153,-1676],[-8644,-4502],[-2121,125],[-803,-500],[-3439,-5353],[-835,-3251],[-1222,-3026],[0,-2701],[450,-751],[2507,-950],[610,-901],[193,-3551],[1093,-2851],[-1061,-2652],[-931,-900],[-2186,-850],[-1060,-2576],[-2282,-2251],[-385,-3402],[-1382,-6753],[1189,-2426],[-1061,-4352],[-449,-500],[-7359,-4377],[-2057,-2401],[-5559,-2876],[-5624,-5153],[-418,-750],[-1671,-5227],[772,-4977],[-290,-751],[-2988,-4702],[-1029,-2201],[-2699,-1726],[-610,-775],[-2121,-7803],[353,-3252],[-1350,-5427],[-289,-375],[-4531,2151],[-1864,1575],[-3052,1001],[-3214,600],[-2249,750],[-1704,1501],[-803,2976],[-4917,2226],[-3181,475],[-2474,25],[-4917,-1575],[-2185,25],[-1446,-1101],[-2924,-875],[-4724,375],[-5431,900],[-3663,951],[-2057,50],[-3021,-3251],[-5109,-3552],[-4724,-4277],[-3310,-1601],[-1157,-200],[-3920,75],[-3728,-275],[-2956,600],[-3728,226],[-2635,-601],[-3053,-1325],[-4145,-876],[-9351,-775],[-14204,-775],[-8773,1650],[-8837,3202],[-6845,2951],[-7616,2376],[-5720,1576],[-6105,1150],[-10605,-2901],[-1510,-50],[-7520,2426],[-2378,925],[-8901,5978],[-546,700],[-3825,6703],[-1574,2126],[-3214,3627],[-2345,1426],[-1093,1175],[-4660,2826],[-5077,2251],[-4499,1201],[-3920,-1051],[-3053,-1000],[-1960,-976],[1092,-1925],[675,-3427],[-1221,-2676],[-2571,-2101],[-3695,-1626],[-7584,-2276],[-1414,-1250],[-1221,-425],[-1414,-2326],[-2057,-701],[-1125,-1801],[-3117,176],[-1349,525],[-4146,-976],[-1221,676],[-3310,-1451],[-1574,-1251],[-1286,-350],[225,-2426],[-128,-2626],[-3599,-3952],[-3310,-325],[-1639,300],[-5238,2101],[-1703,150],[-1350,-475],[-1671,-2776],[-1189,-1101],[-5077,-1850],[-2089,-1201],[-1575,-1551],[-2378,-4227],[-2828,-3326],[-353,-3652],[-996,-1325],[-3342,-1726],[-1575,575],[-1446,1876],[-1285,1051],[-1575,175],[-2249,-2026],[-16743,1100],[-53858,3577],[-17835,1075],[-58132,3777],[-61988,4077],[2860,21934],[-5624,301],[4082,35865],[-14043,751],[-52830,2951],[-450,-3477],[-6716,476],[2795,22259],[5656,46246],[-15071,975],[-482,-6228],[-37244,2877],[-418,-3377],[-24326,1876],[5527,42469],[-15264,675],[-771,-5978],[-59514,3727],[-3342,-27812],[-51416,2876],[-2860,-28412],[-2892,-351],[-2796,376],[-1735,1650],[-1479,275],[-1767,1226],[-4338,0],[-2089,1601],[-1575,500],[-2442,2776],[-1960,876],[-1382,-301],[-2378,451],[-3117,-901],[-3438,475],[-4628,0],[-1382,626],[-1221,-250],[-2346,1275],[-1542,25],[-739,1151],[-1960,800],[450,1050],[-1254,176],[-514,1950],[643,1451],[-1029,750],[-353,1951],[3599,-300],[5174,36891],[10251,-650],[4274,35866],[3406,28187],[-22366,1501],[-20663,1701],[-62373,4852],[1928,13981],[-17674,1275],[-5078,2652],[1157,1075],[-386,825],[193,1751],[-739,1626],[-1703,875],[-803,1826],[482,675],[-611,2151],[1607,175],[1157,651],[-514,1700],[-2057,1976],[-1350,551],[32,1300],[-867,2801],[225,1776],[-836,1051],[643,950],[-257,2376],[1799,1301],[2346,150],[514,1675],[-2056,1951],[-32,1276],[1863,1125],[-1542,1976],[868,1051],[-129,1225],[1575,676],[-65,1375],[1286,625],[-1125,2577],[418,2000],[-611,751],[-2667,350],[-964,900],[-2828,1376],[1028,1601],[-417,1100],[417,1751],[-739,1751],[-2153,600],[-1735,1676],[-643,1050],[-417,2276],[-1382,876],[-2346,325],[-1703,3526],[-2410,801],[-1222,2501],[-2153,325],[-417,725],[-2282,675],[-353,2527],[-1446,1250],[835,1551],[-643,1675],[-32,2377],[-1831,1025],[-482,1351],[674,875],[-739,1100],[97,1326],[-579,1676],[-1060,250],[-418,1626],[-1253,575],[-2121,-225],[-1253,1525],[-418,1376],[643,1101],[-290,1325],[-1028,600],[64,1376],[-1799,1951],[0,900],[-3632,1526],[-867,850],[-1157,-325],[-1028,675],[-1061,1601],[-2635,675],[-1253,-575],[-2057,1051],[-707,875],[482,2426],[1671,2251],[257,976],[-610,1375],[289,725],[-1028,1551],[-225,1201],[-1350,2051],[354,1325],[-611,1801],[771,750],[1318,2401],[2089,576],[14557,-726],[2506,24486],[26961,-1951],[-674,-5877],[36473,-2602],[1606,13281],[-1638,0],[-2186,-650],[1222,14681],[321,3277],[23458,-1051],[675,7154],[-52637,2851],[3985,40493],[3695,875],[3342,-2826],[2989,325],[2989,-225],[610,-525],[-96,-2026],[996,-300],[4017,850],[2731,200],[3278,-475],[1639,-876],[1832,-1650],[3052,425],[2764,1476],[996,250],[2507,1450],[1671,17383],[-19281,800],[1285,17158],[7841,-475],[2282,18783],[2763,22760],[48331,-3652],[1189,9504],[48942,-3151],[-997,-9129],[35702,-3251],[-16517,15031],[33934,21510],[3246,-1876],[4692,-2201],[31074,-29638],[14622,9229],[38754,-32990],[28697,18609],[64,1125],[-1575,1676],[-1285,2326],[-2089,1375],[-353,751],[-2153,1225],[-1960,125],[-2893,1426],[-1349,1526],[-2635,950],[-3599,-150],[-4082,475],[-2892,651],[-2988,1375],[53215,36566],[19602,-17282],[31975,32164],[13079,13156],[-2153,-526],[-4146,476],[-996,900],[-1671,175],[-1446,1876],[-1896,1525],[-3021,2026],[-2024,601],[-354,800],[-3535,1501],[-2474,1926],[-289,975],[-1221,675],[257,1001],[-1254,775],[-706,1876],[-2411,925],[-1863,250],[-1286,751],[-1092,-50],[-1832,875],[-2410,2326],[-707,175],[27668,28663],[4820,40217],[7616,63253],[-1799,0],[-4660,751],[-2282,750],[-2924,275],[-5013,-525],[-4017,-1051],[-2121,-50],[-2988,526],[-1960,625],[-7391,1450],[-4499,526],[-3696,-325],[-3117,-951],[-2378,100],[-4017,-650],[-2089,-50],[-6780,-1551],[-5591,100],[-1607,475],[-2089,1276],[-2410,125],[-6845,1726],[-5784,500],[-4081,1151],[-5913,1225],[-2025,775],[-2153,25],[-3920,-850],[-6652,-75],[-3021,-325],[-2121,-500],[-3567,-150],[-2249,375],[-4627,2176],[-3085,325],[-1704,-625],[-2442,-150],[-5752,-1976],[-1671,-200],[-1992,-751],[-3021,0],[-2185,-275],[-3856,1676],[-3278,225],[-2410,425],[-3664,-650],[-3342,-100],[-2474,-300],[-1221,-701],[-1382,175],[-1285,1376],[-4917,-250],[-3342,2151],[-1318,2601],[-3567,2026],[-385,750],[-1543,926],[-867,1600],[-257,2201],[-1093,826],[-3278,100],[-2667,1250],[-1382,250],[-3085,-50],[-1606,250],[-1254,726],[-6009,-75],[-2346,275],[-2217,725],[-1414,25],[-2153,-650],[-1253,225],[-2700,1676],[-2410,500],[-3535,-100],[-1896,1225],[-1510,-175],[-1189,-1050],[-4306,75],[-1478,-225],[-2025,1300],[-3824,876],[-1060,1250],[-3406,1676],[-1093,1576],[-3053,700],[-1992,-425],[-996,-1151],[-5046,-300],[-5977,-1025],[-12725,-100],[-4692,-801],[-4049,-1550],[-5977,-1301],[-15135,100],[-290,1301],[-2506,725],[-739,876],[-3824,1725],[-1446,450],[-2571,-150],[-3278,476],[-4242,1150],[-1349,2251],[-2411,325],[-2442,1851],[-1510,550],[-2185,200],[-1993,-250],[-2570,-950],[-1543,-1051],[-1575,-500],[-4209,600],[-1157,901],[-161,1050],[-1574,2201],[-1254,450],[-4852,-775],[-2828,-1125],[-1896,-75],[-3760,-776],[-1510,450],[-1414,1901],[225,1051],[1125,1200],[-450,2351],[-1028,1301],[-1993,425],[-1414,-700],[-964,-1376],[-64,-1225],[-1446,-351],[-386,1226],[-1317,525],[-1736,-425],[-1831,-1301],[-932,51],[-1189,1350],[-1446,951],[-2250,-326],[-1446,-1650],[-867,-150],[-2025,2351],[-1992,175],[-1029,-601],[-4081,-4201],[-1542,-776],[-1800,200],[-2988,2001]],[[1059681,3197406],[2089,3977],[2153,1651],[160,1500],[2314,2351],[1896,2977],[3246,8578],[996,2001],[964,3677],[1157,2326],[1928,7978],[-804,1576],[-160,1426],[771,2126],[5045,7678],[5624,6378],[2378,4052],[3502,3076],[9320,13756],[353,2326],[-129,2176],[-449,1876],[-6363,8254],[-1382,4401],[-4402,10230],[0,1776],[-836,1701],[64,2150],[-4241,6453],[7326,7879],[4081,7953],[3053,20034],[804,14632],[2860,11329],[514,4402],[2603,4202],[1060,5728],[9448,28087],[6330,6678],[14782,28938],[1061,3601],[2121,5003],[4852,4752],[1575,2776],[3213,22435],[2378,5027],[10573,6628],[4531,3426],[1767,4302],[-3953,6928],[5174,9480],[5013,9604],[-964,9229],[-6073,7203],[-8484,12480],[-7423,14107],[-1221,9104],[-2957,8528],[-2699,3052],[-932,13481],[-4177,19158],[257,15207],[-1896,4577],[-6202,18858],[2570,12781],[7424,20284],[8355,13981],[5655,12981],[675,7703],[-3117,13506],[-160,1375],[1960,4202],[128,2276],[-1124,5503],[-1286,3201],[-2667,4077],[-3246,3401],[-3181,4002],[-3953,3177],[-8676,5727],[-10765,10029],[-6620,11581],[-1350,12905],[5078,21310],[2828,6653],[3342,7403],[1156,8103],[1222,9755],[1510,8128],[2281,7378],[2603,7629],[9191,17933],[4210,2401],[5334,4602],[6491,8829],[3439,8103],[5816,9429],[7745,7454],[3792,3976],[2924,2527],[2056,2125],[1768,2577],[1285,2626],[1254,3526],[-932,4727],[-643,1926],[-11151,8629],[-8805,11130],[-353,600],[-4981,16608],[1478,8153],[-225,2376],[-9898,7929],[-1895,5177],[482,17383],[417,1550],[1318,200],[11633,-50],[1189,1776],[2506,2276],[1768,-400],[13785,5752],[22270,13606],[1960,1926],[1543,2601],[257,1501],[964,1476],[867,2676],[33,1501],[1381,1350],[4981,10530],[804,1125],[1189,4252],[1285,3527],[354,4227],[-2057,-676],[-9383,-1776],[-18574,-3301],[-997,825],[-32,6478],[386,500],[5270,2777],[8741,4302],[12821,6477],[9095,4452],[353,901],[-1607,2451],[-1799,1025],[-4146,-225],[-1767,726],[-418,925],[-3824,1125],[-1221,651],[-2860,2526],[707,1776],[-1478,325],[-900,1400],[1061,1276],[-1511,900],[-2763,501],[-1511,-176],[-2378,926],[-128,650],[-1703,976],[-1768,100],[-2699,675],[-2732,1025],[-1992,-300],[-1575,-2226],[1479,-2526],[64,-1425],[-2442,-3052],[-1286,-1150],[-6555,-75],[-4853,-701],[-1285,-625],[128,-1876],[-1028,-800],[-3535,-225],[-2667,-1401],[-964,25],[-2057,1876],[-1703,825],[-3695,426],[-3182,1200],[-1189,1176],[225,650],[5142,7953],[964,3402],[2892,5977],[5431,7979],[1253,2676],[5078,8679],[2699,5077],[2217,4902],[5431,11055],[1639,5153],[2667,6777],[482,3902],[3053,4302],[996,3552],[611,650],[2570,500],[1446,1426],[2443,1751],[1574,2000],[4531,7454],[4531,8253],[6652,12431],[2892,4027],[836,1625],[1542,4002],[2121,2776],[2250,3527],[803,400],[1639,1776],[3117,2626],[1028,1301],[515,1600],[1253,2451],[1350,1876],[2667,2276],[3277,3327],[3053,2076],[2603,1050],[2250,-300],[5173,-75],[290,-1876],[932,-775],[1671,-551],[4466,1176],[1768,1501],[2024,7678],[675,4352],[386,6253],[1253,7428],[996,5152],[3310,7729],[2796,4777],[1799,2651],[3310,1751],[3310,1500],[321,1126],[33,4502],[1189,3651],[1928,5128],[1221,6377],[867,1051],[1768,925],[578,851],[-128,3026],[6073,15657],[1093,3902],[1607,4652],[2313,3901],[1993,1601],[1028,3051],[1767,3702],[2218,4202],[1992,5002],[771,1426],[2282,775],[514,725],[-161,3577],[772,1801],[2474,6978],[289,1425],[1286,2977],[1221,3501],[1446,2601],[-547,2451],[322,2677],[1125,4652],[482,4777],[-804,2226],[-546,9729],[-739,8929],[996,500],[1832,-375],[964,1876],[1478,850],[1510,2401],[1864,6603],[1285,10155],[675,1675],[900,701],[546,1525],[-449,2501],[-2025,2402],[-418,1225],[1511,1651],[-1157,3952],[-1093,2601],[354,3551],[-515,2401],[-2795,6128],[-1478,4177],[-7006,0],[-32071,-125],[-168386,-575],[-73911,-176],[-81044,-150],[482,157019],[225,701],[37630,17808],[173625,82211],[109387,51798],[18735,2501],[0,123729],[15617,12030],[11440,4102],[9384,-500],[13914,2501],[6620,-825],[12308,-9655],[22751,-9104],[48203,-25011],[9640,1126],[10637,-3126],[10797,4702],[33388,4452],[11601,350],[23780,3501],[2828,-575],[2602,-925],[2314,-1276],[2346,-1826],[1639,-1776],[1382,-2401],[1157,-3101],[289,-2001],[-225,-3802],[0,-70155],[48202,2076],[26769,29187],[40875,0],[39462,0],[53569,37517],[33581,2901],[62823,5428],[57104,-13156],[87504,-20184],[385,-225],[-2281,-46071],[321,-3626],[-643,-1951],[289,-5627],[740,-3527],[-33,-1576],[-1221,-1825],[-5173,-4728],[-1479,-850],[-1510,-1751],[-3856,-2301],[-868,-2101],[0,-1400],[2442,-3277],[-1446,-2126],[1736,-5027],[-3374,-2976],[-2250,-2301],[-6073,1400],[-3085,226],[-2443,-426],[-2185,-1400],[-2089,-2526],[-4209,-6478],[0,-2001],[-1414,-4027],[-546,-3601],[-4178,-5453],[-2089,-2176],[-3856,-1876],[-2249,-1525],[-2218,-1976],[-1510,-1926],[-739,-1876],[-2378,-4952],[-1928,-2126],[-1993,-1551],[-1928,-2251],[-2988,-2601],[-1703,-1751],[-4949,-3826],[-2957,-1951],[-2506,-1901],[-2089,-2101],[-1221,-5102],[-643,-1351],[-128,-2276],[1607,-1450],[-386,-1751],[-1671,-3552],[-2699,-3501],[-322,-2326],[289,-6103],[-1831,-3251],[-2282,-3552],[-1253,-5827],[-1125,-2351],[-385,-2051],[642,-1526],[-835,-3577],[-257,-3151],[803,-1301],[-96,-1650],[385,-2001],[-128,-2201],[-2603,-2826],[-611,-2051],[-289,-2426],[225,-3952],[-386,-2026],[-610,-1050],[-2314,-2377],[996,-3376],[-867,-4077],[-1414,-900],[-739,-1351],[-1318,-1000],[482,-2226],[-353,-1101],[-1286,-1275],[643,-2701],[96,-3402],[-353,-1651],[482,-1800],[-771,-826],[1124,-7553],[-1060,-5077],[1028,-3177],[-193,-2251],[1157,-2101],[1318,-1625],[1221,-3602],[385,-1926],[-1478,-2501],[-193,-1200],[1189,-2877],[-96,-1575],[-611,-1376],[-2538,-1726],[321,-2576],[1446,-3827],[1736,-2101],[3599,-3451],[1414,-1876],[3567,-3576],[2024,-1551],[1639,-2176],[3149,-1801],[836,-975],[1221,-2401],[1414,-3852],[1960,-7278],[2057,-4327],[1799,-5503],[3021,-7528],[1060,-3101],[579,-2651],[-547,-2376],[418,-3877],[868,-3177],[1317,-3476],[739,-3101],[193,-3777],[-410459,0],[-4852,0],[642,-1776],[1350,-900],[-418,-876],[-353,-3101],[-386,-475],[1896,-1651],[321,-1826],[3182,-1250],[932,-1526],[-964,-1125],[2828,-2251],[1510,625],[321,-1551],[1896,-1451],[868,-2876],[-546,-1175],[1124,-3102],[-514,-1225],[289,-2076],[-642,-2426],[1639,-1576],[-322,-2101],[1125,-1100],[-64,-1151],[1060,-800],[321,-2551],[-1221,-3977],[-289,-3877],[-1542,-2676],[-675,-2951],[-932,-1351],[868,-1350],[482,-2977],[1863,-3126],[0,-2226],[354,-2976],[932,-2802],[2346,-1625],[4113,650],[707,-475],[2635,-4952],[932,-676],[2763,-725],[1929,-2901],[2860,-3327],[-97,-1776],[546,-1550],[2186,-1076],[-611,-2801],[611,-1726],[1928,-1450],[-1414,-2026],[-8484,-8829],[-1767,-2076],[-257,-1851],[-1125,-3376],[-579,-6103],[1222,-1075],[803,-1501],[2057,-876],[128,-2050],[-1157,-3027],[-128,-3501],[321,-1426],[-546,-4152],[96,-2501],[2764,-4152],[1478,-400],[1318,-2451],[-33,-4227],[129,-4102],[1992,-3176],[32,-5652],[-289,-2902],[643,-1275],[32,-5603],[-482,-5852],[289,-4027],[836,-3952],[-836,-1676],[97,-2401],[-1961,-4227],[-610,-3976],[64,-2902],[546,-1100],[-546,-2826],[322,-2927],[1735,-2050],[2442,-1276],[996,-125],[611,-2426],[739,-775],[3535,-1726],[1864,-175],[1060,675],[1864,-200],[1253,-1601],[321,-1050],[2250,-2451],[1960,-751],[1382,826],[1639,-125],[4595,-1626],[2089,-1201],[3695,-3426],[482,-875],[2571,-2502],[2153,-450],[1157,1076],[1510,-125],[1768,-926],[3278,-675],[4884,50],[6684,750],[3535,926],[4145,1525],[2089,1126],[5335,2026],[2988,1725],[611,1101],[-386,1301],[2217,-126],[1607,-1000],[836,-2076],[1381,775],[1479,-925],[578,600],[3760,-1625],[2089,-125],[578,-1551],[2571,-325],[-64,-2651],[514,-3152],[642,-1100],[1511,-1151],[1092,50],[1157,-1025],[643,-2451],[2057,-1851],[931,550],[1222,-275],[7776,1951],[1414,200],[1093,1701],[4563,375],[1382,-876],[4820,-125],[2314,326],[3406,925],[1221,1150],[1928,-150],[64,-700],[-2667,-2026],[1254,-3026],[3534,-3652],[-289,-750],[-2024,-700],[-2186,200],[-1317,-375],[-1607,-1426],[-1157,-375],[-2828,-50],[-1574,725],[-2957,750],[-3888,1526],[64,2676],[-1092,225],[-2603,-825],[-4467,-2201],[-1446,-1025],[-2442,-5228],[-2057,-2651],[-1639,-1601],[-385,-1500],[-1446,-2226],[-2957,-2301],[289,-475],[-2924,-4703],[-1574,-1625],[-161,-1251],[-3824,-3401],[-836,-1051],[-1028,-2626],[-1607,-1401],[-5334,-8203],[-3085,-2551],[2988,-1351],[-803,-2276],[450,-1526],[-1735,-2000],[-450,-1751],[2153,-175],[-450,-1876],[1767,-1926],[-2667,-3501],[-1382,-2977],[257,-1650],[2828,-1176],[97,-1551],[-1736,-1951],[-3149,-6853],[-64,-3101],[-675,-2751],[707,-1376],[-739,-2526],[1478,-2251],[9673,2001],[2763,-1476],[13047,-950],[1703,725],[4371,225],[2153,-2026],[1799,426],[2635,-1526],[1800,-1401],[2089,25],[4884,-5277],[2282,-475],[4306,375],[996,-2601],[4756,-475],[225,-2401],[835,0],[1382,-1151],[-1382,-6728],[772,-750],[1992,-450],[257,-2401],[-1253,-4502],[193,-476],[-257,-6452],[-707,-3752],[1092,-1176],[1510,-175],[2411,-1825],[578,-2226],[2153,350],[1093,-3952],[2731,-2326],[5206,-350],[5142,-2401],[3727,825],[2507,-2101],[9126,-5727],[3985,-526],[2024,1976],[2892,125],[9962,-2551],[9159,-7978],[5559,-22110],[15103,-24486],[9545,-10980],[-290,-24035],[11408,-39668],[-7712,-59901],[-257,-5227],[1092,-4777],[-160,-1101],[1606,-2976],[1543,-625],[1060,-3327],[-385,-775],[-65,-4102],[-3791,-8404],[-322,-2976],[-932,-1151],[-450,-3826],[900,-1576],[32,-2226],[1382,-1626],[-225,-3851],[-1510,-1976],[-2667,-2701],[-2635,-3577],[-1768,-2726],[-835,-2976],[-1671,-4352],[-418,-1801],[64,-1476],[-1157,-3126],[257,-1151],[-289,-1851],[0,-6202],[-353,-1576],[-97,-3426],[-514,-3452],[-996,-3126],[-2217,-3077],[-643,-1876],[-32,-2125],[610,-1876],[1800,-1826],[546,-3377],[546,-1875],[2893,-4527],[1928,-1326],[578,-825],[3856,-2151],[1575,-2176],[1382,-3177],[2667,-1425],[1157,-1451],[2571,-5627],[-193,-4227],[289,-2051],[2378,-3252],[1253,-2576],[1253,-4502],[1414,-2576],[2089,-2776],[2635,-2551],[4949,-2401],[2699,-2351],[4949,-1976],[1800,-1776],[771,-1776],[289,-4727],[482,-2276],[1414,-3276],[1510,-2051],[117550,10730],[101321,24635],[11730,-1300],[2410,-2376],[4145,-1801],[6620,-3151],[4981,-1876],[8708,175],[12919,-100],[10154,3051],[1639,1101],[5592,6953],[5591,3526],[14943,-1075],[3342,-4302],[2121,-975],[1221,-1401],[482,-2601],[2121,-1001],[4242,-3301],[192,-2751],[2603,-75],[1093,-751],[4820,-450],[3728,175],[2217,-2026],[7070,-1750],[2056,200],[3375,-326],[3084,-2201],[290,-1475],[-2443,-2826],[-128,-3427],[-1093,-1501],[4596,-9479],[3181,-3926],[3213,-4402],[2153,-1301],[4178,-925],[3085,-1751],[4884,-5428],[2636,-3451],[6587,-3852],[8227,75],[2281,-1750],[5592,1150],[4274,-1951],[610,-1601],[1671,-1125],[1896,-2201],[1928,-650],[9544,50],[1414,175],[1928,-550],[4082,-326],[3920,-1325],[4692,-525],[1124,500],[2475,50],[2506,-926],[3310,-1750],[1189,-1526],[1864,-850],[3342,-876],[4949,-775],[4531,-1976],[3824,-2326],[4402,-900],[2925,425],[4081,-851],[1510,-1025],[5752,-1751],[8355,-1225],[4724,-1176],[2732,-350],[4049,-2101],[2635,-3802],[1478,-475],[2057,-1851],[3342,150],[964,-525],[996,-1901],[8708,-750],[4596,650],[4017,-2176],[5880,-1850],[1254,-1676],[7905,-2326],[2924,-1576],[611,-3226],[4241,-7979],[2186,-1125],[7840,375],[5271,100],[3792,-700],[3309,-2226],[3985,-3877],[9994,-2626],[3792,-3252],[2571,-1901],[900,-2251],[2474,-1800],[4435,-4277],[1703,425],[3856,-2826],[675,-1926],[1446,-1526],[2281,-275],[3182,-4027],[257,-2751],[2410,-1951],[2667,-1801],[450,-2451],[-675,-825],[868,-3026],[1735,-2726],[1189,-1226],[3117,-525],[1511,-2301],[642,-3052],[3792,-3226],[739,-3151],[1479,-951],[1960,-175],[900,-3226],[1028,-250],[3438,-2126],[1286,-1726],[353,-3227],[1253,-1500],[65,-3627],[835,-1150],[1446,-325],[900,-5478],[900,-2176],[353,-2151],[1993,-7003],[-129,-1726],[1028,-1675],[-192,-2026],[1639,-4552],[449,-3527],[-128,-4002],[-1575,-4076],[-1124,-3277],[-2539,-2226],[-3985,-8053],[2185,-4027],[1575,-725],[1350,-2752],[-4146,-4477],[-418,-1825],[-771,-1076],[900,-4877],[1189,-1401],[2667,-1450],[-289,-2051],[643,-1826],[1639,-2076],[192,-2951],[-2603,-3502],[-1189,-5227],[2411,-5552],[803,-1026],[-996,-3251],[514,-1551],[1992,-1451],[161,-1875],[-868,-1326],[-353,-1901],[450,-1876],[996,-1050],[3053,-1301],[-129,-1150],[-1125,-2501],[129,-3202],[-354,-600],[-64,-5502],[1350,-1401],[1510,-3402],[225,-2576],[1382,-3151],[1607,-1526],[225,-2051],[3920,-5202],[996,-3276],[97,-2426],[771,-2552],[225,-1750],[1221,-6903],[3246,-4827],[417,-2001],[-321,-3002],[-675,-1375],[-173111,-1951],[3278,-1626],[-193,-2551],[2603,-650],[482,-2701],[1093,-2527],[1446,75],[1060,-1125],[-578,-1201],[-3503,-4351],[-225,-4578],[482,-800],[2250,-650],[1253,-1601],[579,-1576],[1574,-600],[2346,550],[803,1401],[1029,150],[2088,-1501],[515,-1325],[2860,-2076],[-257,-1376],[835,-1200],[-643,-1676],[1350,-850],[1221,0],[836,-1551],[-675,-700],[193,-2151],[-2250,700],[-1831,-900],[-450,-1201],[1574,-4952],[-2346,-2226],[675,-2176],[3503,-1250],[2860,-1626],[-225,-951],[707,-1125],[-32,-2776],[1446,-1426],[3856,-2376],[1832,-3527],[3213,-8428],[482,-3727],[-739,-4302],[-2956,-3701],[-1093,-3277],[900,-1350],[482,-4653],[4210,-425],[2185,-1725],[128,-2101],[-2088,-1876],[-1961,-3302],[-1831,-4602],[-1254,-2201],[33,-2276],[578,-1775],[1414,-1676],[3374,-1651],[1478,525],[1832,-625],[3053,-3326],[3502,-226],[3889,-3076],[385,-1726],[4017,-3701],[-257,-2501],[2282,-2526],[-257,-1601],[4724,-2951],[482,-3027],[867,-1751],[2603,-1750],[0,-2977],[321,-1100],[-192,-2826],[1928,-2627],[1446,451],[835,-1376],[-546,-950],[-1607,-501],[-899,-1200],[0,-1751],[-450,-1676],[-2410,-2676],[128,-3876],[-835,-426],[-3567,-6227],[0,-2502],[1156,-500],[-160,-1125],[-1832,-651],[-193,-1700],[193,-2151],[771,-2251],[1029,-450],[1542,550],[2217,-1051],[3503,-325],[1607,-3001],[-386,-4002],[4146,-1751],[-772,-5502],[1768,-2601],[30175,-30163],[-39783,-9780],[-10766,-10429],[4563,200],[2346,-1626],[5238,175],[1286,-1000],[-707,-4927],[257,-1876],[578,-1401],[1671,-1426],[257,-925],[1479,-1826],[2120,-1951],[418,-1275],[4338,-2651],[1157,-2126],[2828,-2802],[-482,-900],[707,-1551],[2250,-225],[353,-3601],[1575,-926],[1028,-1850],[4660,-2352],[6651,-6077],[1768,-3252],[353,-1900],[3632,-5278],[1960,-175],[13754,-2926],[118192,-150],[3760,-18308],[-11023,-5803],[-67997,-16657],[1735,-800],[1767,-2452],[258,-1825],[-3857,-1626],[-707,-2076],[418,-1626],[6556,125],[3181,-725],[1060,-575],[3118,325],[321,1175],[3053,926],[867,875],[354,1651],[2699,1175],[1896,1701],[2635,575],[771,1401],[2057,-1200],[257,-1076],[1511,-1000],[2088,-3102],[-996,-1050],[97,-826],[3888,-825],[3599,475],[771,976],[1671,725],[-32,800],[-1317,2827],[996,525],[1221,-450],[353,-1151],[2346,-2026],[2185,1601],[1607,1651],[-1060,1175],[450,1051],[-997,1650],[1254,1201],[4498,-700],[2089,-2126],[3149,-2226],[772,-1626],[771,300],[1800,-850],[803,-1326],[16517,-5727],[-321,-1801],[-1478,-2701],[-2603,-2001],[-2314,-375],[-2410,875],[-15361,-1626],[-2249,-925],[-4370,-4227],[-2668,-2901],[-674,-2076],[-322,-2376],[1189,-1726],[-1092,-1726],[-2153,-5852],[96,-5903],[1800,-1576],[4145,-4276],[2282,-401],[1831,-5877],[5367,-3577],[2089,-1200],[1446,-2626],[-65,-2226],[14879,-1651],[2410,250],[2378,-1576],[-1253,-1175],[-65,-2451],[13851,-376],[16453,-5652],[-1639,-18033],[-28600,-7878],[2313,-5303],[2025,-3251],[3021,-3127],[2892,-1875],[2860,-3977],[835,-901],[1318,-300],[2667,50],[4820,-3901],[-32,-2927],[-1671,-9854],[0,-3326],[675,-1726],[2635,-2276],[675,-1176],[-97,-6678],[-192,-1025],[-3182,-875],[129,-901],[2731,-3827],[579,-1500],[2731,-2952],[-193,-2250],[3632,-1776],[4016,-2751],[2732,-2652],[2506,-3051],[16582,125],[3278,-27962],[-6299,-22710],[-25900,-826],[3245,-2626],[64,-900],[-1735,-4302],[932,-1801],[1864,125],[3985,-3151],[-4628,-3602],[-1574,-3476],[2988,-25],[-385,-5578],[160,-3676],[2667,1175],[30207,776],[0,-22961],[-160,-13956],[64,-875],[-13433,50],[-16903,16632],[-9222,250],[-5849,-9504],[-7359,-14031],[-6298,-9954],[96,-8054],[28665,7904],[72817,1725],[15329,-77759],[-8902,-17132],[-20759,175],[-2796,-150]],[[4741795,466880],[1703,751],[225,2176],[-1350,1325],[-2153,525],[-2024,-75],[-1350,-825],[-5623,1051],[-1446,800],[-1896,-650],[-1093,450],[578,1075],[-321,2276],[-4531,651],[-1157,-126],[-1060,826],[-643,1951],[64,2451],[1800,1250],[1703,1926],[-578,1326],[2988,1450],[643,951],[-546,1651],[1189,2751],[-804,1125],[579,1276],[2827,2626],[1286,525],[739,976],[1414,550],[1928,1801],[1414,650],[-1382,1726],[3278,3226],[-1350,2026],[-1478,4227],[-771,1000],[642,851],[65,2426],[1028,350],[321,1275],[-2667,-225],[-2603,250],[-3245,1476],[-3921,350],[-1928,526],[-2089,-601],[-1285,100],[-1028,1451],[3470,1426],[-418,2826],[-1478,2726],[-1574,1226],[-2989,550],[-1960,-400],[-804,-826],[-2313,275],[-611,-2726],[-3245,550],[-5495,626],[-1222,1050],[-2570,-125],[-3150,325],[0,-2301],[-932,-1901],[-3084,-2126],[-611,25],[-1703,1851],[-836,0],[-1060,-3076],[-1639,-1201],[-6363,676],[354,1650],[-4821,-2501],[-3470,375],[-707,1751],[-1285,1176],[-1511,2701],[739,550],[-1221,1576],[-1478,1125],[-353,2652],[1381,1975],[-675,1351],[322,1050],[-2314,3302],[1286,650],[192,1126],[2668,1325],[-804,1926],[-1446,100],[-1542,725],[-4628,126],[-1960,550],[-2121,125],[546,1576],[-4049,525],[-1092,800],[-2218,775],[515,1076],[1156,4727],[-5109,550],[-1028,-1776],[-5174,551],[161,750],[-6138,650],[-418,-1875],[-4563,500],[-2442,-576],[-3021,-250],[-2024,-1275],[96,-1451],[1671,-550],[-289,-750],[-4692,825],[-835,475],[-3439,325],[-1735,-1300],[-4017,-1626],[-1928,-3076],[-1543,0],[-1349,-951],[-547,1301],[-1863,800],[-836,-975],[257,-1501],[-2024,-1200],[1189,-951],[-2635,-1000],[-1543,-150],[-2410,-1151],[-1414,1201],[-932,-651],[418,-875],[-546,-1025],[-1125,-326],[96,-1500],[-1414,-1126],[-867,325],[-225,1526],[-2860,-1751],[-2796,50],[-514,-475],[803,-2876],[-707,-901],[-2603,-1100],[-1735,275],[1414,-2001],[-1832,-425],[-10444,1075],[1350,7229],[-2185,175],[225,1025],[8323,-825],[675,975],[-1061,1001],[-996,-125],[-2989,1100],[-2088,225],[-129,1326],[-3824,400],[675,3176],[-4403,451],[515,1025],[2763,850],[-514,1626],[-1542,625],[-3117,-375],[-354,2151],[-2121,-625],[-1703,500],[-1478,-450],[-418,1401],[-3695,200],[-2121,725],[-1350,2926],[96,1401],[3599,3426],[1543,801],[-418,2526],[322,1626],[1928,1600],[-868,1376],[-1285,-375],[-1414,1425],[803,1601],[1285,1401],[6010,2151],[2313,450],[1800,-125],[2442,450],[-289,4402],[-771,1701],[482,2326],[1671,-150],[771,3576],[-5142,550],[739,3077],[-1831,3151],[1253,1126],[-128,1825],[771,1226],[-1768,700],[-899,1001],[-1382,-651],[-2635,1701],[-65,3627],[450,900],[1671,1126],[547,1025],[-4242,400],[-193,2451],[-2764,551],[33,-701],[1574,-700],[-1221,-1326],[-3149,-550],[-1029,1851],[1414,925],[-1446,701],[-482,1175],[-1381,1426],[-1479,775],[-2185,2001],[-2603,-825],[-1574,925],[546,650],[-3888,851],[-1896,1450],[-65,1176],[-2217,875],[-64,1826],[-771,2526],[514,1251],[1960,1350],[2892,1026],[2764,50],[2281,775],[547,675],[3759,1301],[193,1276],[2217,-125],[1125,1625],[-546,1126],[2442,3176],[-1767,3452],[3406,1350],[514,926],[-1285,525],[-450,1676],[-1735,950],[-354,975],[1575,2151],[-225,1401],[-771,975],[-225,1701],[-643,400],[-546,2501],[707,376],[-1350,1350],[1221,1101],[482,1225],[-1414,901],[97,1900],[-643,1176],[1253,400],[1350,1126],[803,1600],[-1253,1526],[1189,1826],[932,400],[1767,-200],[1671,-800],[1382,625],[257,1175],[1800,-525],[771,750],[1510,-200],[2025,9254],[-547,451],[-385,2326],[-1350,1300],[97,1476],[-2025,75],[-996,1200],[-1414,501],[-1575,1750],[-2506,-1075],[-129,1226],[-1671,1000],[-2892,400],[-1478,750],[707,2051],[-1189,200],[257,1576],[-2699,25],[-3921,1051],[-1157,-125],[-2603,1950],[-1349,626],[-3664,1050],[-1189,-5902],[-835,375],[-5592,525],[643,1100],[-1060,3702],[835,1576],[2635,2526],[1318,50],[2088,3551],[161,1126],[1253,1601],[675,4652],[1478,1300],[-610,2376],[-1703,801],[-804,1425],[-1349,200],[-290,2752],[-1189,3351],[-32,2051],[-3020,1451],[-3857,-2026],[-2602,2426],[-804,-200],[-2924,2751],[-3663,-775],[-1318,3251],[964,875],[996,1851],[-128,1451],[-2410,1225],[-258,1451],[-3631,3101],[-4756,501],[996,5002],[-835,1225],[-386,3852],[-3406,500],[-2571,651],[-1317,2951],[2474,575],[2185,-225],[1896,1401],[1736,425],[1928,2351],[-15811,1726],[1607,7453],[-1607,875],[32,1051],[2507,650],[1446,2251],[-1253,1100],[-1639,2201],[160,2427],[-8258,875],[-386,-550],[-13946,1400],[-643,-50],[-9062,1051],[-1735,-3527],[-7166,650],[128,876],[1318,725],[707,1801],[-3632,325],[2443,12356],[-15907,1600],[-3149,651],[-772,2125],[-1092,1126],[-1671,175],[-2346,-1301],[-3471,1276],[-3213,325],[-4146,1651],[-3599,1976],[-8483,1325],[-2603,100],[1478,3802],[-1318,950],[707,1076],[-3117,1826],[1029,2126],[-2732,75],[-1092,900],[-2025,-500],[-1028,650],[-1253,1926],[-2668,325],[-2217,1176],[-2764,-125],[-1189,-1276],[-3663,-1175],[-1478,175],[-1318,1125],[-6619,750],[-1929,-525],[-2410,1101],[-2378,-451],[-867,576],[-2539,-550],[-1253,325],[-2250,-551],[-2892,-13205],[-2956,-125],[-1575,1250],[-64,1851],[-1928,900],[-1607,-1425],[0,-826],[2314,-875],[675,-1201],[-1286,-875],[32,-1075],[2410,600],[2636,-751],[449,-1400],[-1317,-3502],[-482,-600],[932,-2276],[-1511,-1851],[-2217,-1400],[-803,-125],[610,-2151],[-1992,-876],[-161,-2501],[-771,-875],[-1960,325],[-707,-650],[193,-2451],[-1704,-451],[-27764,-1550],[-8709,900],[-2153,-1526],[-2667,75],[-5174,-3476],[322,-1051],[1831,-1375],[-257,-1701],[-5430,-3702],[-1286,-2326],[-3117,-1850],[-3728,1300],[-2763,-275],[-1575,650],[-8387,926],[-31139,3126],[-3020,150],[-2411,826],[-7776,1025],[96,-1351],[-642,-3576],[-2346,-2026],[-290,-1151],[2089,-1000],[2507,200],[289,-1025],[-1896,-2351],[-9801,-1226],[-1639,400],[-2057,2501],[-2635,-750],[-3470,-125],[-2667,275],[-2475,600],[-5334,2001],[-1800,1501],[-610,2901],[-2057,2501],[321,1576],[-2924,3001],[-1510,4002],[-1864,925],[161,851],[-6942,-1501],[-3984,976],[-5303,-826],[-2153,400],[-2024,1676],[-1992,225],[-2603,-1075],[128,-1001],[-803,-1675],[-17449,-9254],[-19153,1850],[-2988,5128],[1446,1550],[192,901],[-3277,1600],[610,926],[-1253,2576],[-2153,1801],[-1060,2376],[-2154,225],[-5752,-100],[-2956,225],[-1350,-200],[-1896,-1051],[-1703,75],[-3952,2752],[-3664,350],[-2892,575],[-2860,150],[546,1601],[-450,1500],[-1221,2001],[-128,1626],[3406,3552],[354,1500],[1413,2151],[-353,3027],[-1318,950],[-449,2251],[514,1551],[2313,925],[1896,1751],[547,1901],[1221,1925],[-1125,1651],[-5270,4952],[-2217,851],[-450,1625],[-4081,1701],[-2732,2601],[2475,576],[-4114,3701],[739,1851],[1222,1126],[3084,250],[2154,2376],[-900,1525],[-257,3202],[450,3051],[-4724,1626],[-2089,2626],[1093,2626],[1703,1626],[1446,300],[64,1326],[2282,1975],[64,776],[-1607,625],[-1028,1676],[-450,3051],[-17578,1776],[-2667,0],[-1896,2301],[-4820,1326],[-2925,-301],[-2635,-550],[-2313,300],[-2603,-350],[-4338,-900],[-2250,1175],[-4306,1176],[-2667,1901],[-3696,5552],[-642,200],[-11537,1626],[-1639,-675],[-1285,-1201],[-3374,900],[-3632,376],[-321,1050],[-2314,175],[-1606,-550],[-322,1250],[900,2476],[1350,876],[1446,3151],[-739,1551],[-2218,2401],[-160,2576],[578,1051],[-4017,1450],[675,1176],[-771,1701],[3503,3076],[-322,1075],[-1285,701],[-2764,-626],[-1221,250],[771,1826],[-739,1701],[-2795,-625],[-675,275],[450,1651],[-1896,525]],[[4521028,1165212],[2089,-1175],[2057,-2751],[5655,-6578],[1607,-1051],[900,-1875],[7873,-4577],[2699,-3477],[10058,-7403],[7424,-2776],[4659,-751],[4595,-2701],[5624,-2876],[6170,-5253],[6106,-3726],[4691,-1951],[6042,-1826],[3792,-975],[7391,-1201],[1574,801],[4306,375],[5849,150],[4434,-3227],[3182,-2126],[-97,-1800],[1832,100],[2507,-401],[1092,-1400],[1318,-3051],[2313,-701],[3471,-2426],[546,-1501],[1318,-1300],[3728,-675],[2924,-3152],[1060,-475],[-707,-2076],[675,-1451],[1607,-1575],[1992,-1401],[-546,-1626],[1671,-2376],[-129,-1800],[354,-1801],[1735,-2601],[-514,-1401],[64,-1401],[932,-1450],[-193,-1001],[450,-1975],[1993,-2076],[257,-1701],[-1254,-2076],[-385,-4127],[1510,-7203],[4660,-7528],[7069,-8629],[4531,-5027],[1157,-3052],[1093,-1600],[1285,-3027],[2025,-2151],[3085,-2326],[5173,-3326],[8677,-3402],[3728,-1350],[2281,-1701],[-1478,-1901],[-1607,-3551],[-257,-1901],[126933,-75],[3374,2126],[9287,3226],[3760,1976],[10926,6603],[7648,4752],[8998,6628],[6009,6002],[8580,9555],[3663,4802],[2346,4452],[-321,1701],[1382,2901],[1221,6203],[-418,2476],[-868,2226],[-10926,13581],[-3277,3651],[-3150,2601],[-4691,3252],[-4628,2101],[-3406,700],[-2057,-100],[-1928,-775],[-1414,250],[0,1325],[1093,2376],[3117,2927],[6170,4577],[2314,1975],[1767,2076],[3535,3302],[10476,6603],[6009,2576],[5367,1701],[2249,1075],[5495,150],[836,-1350],[0,-2952],[-964,-8403],[-964,-11380],[-257,-5428],[257,-7678],[1799,-8554],[1960,-4427],[2314,-4277],[3503,-5352],[2603,-2276],[5141,-3302],[1736,-900],[2538,-700],[2925,-350],[2474,225],[1478,775],[739,-2251],[-353,-2551],[514,-4052],[964,-2126],[1767,-575],[-932,-1076],[-1156,-3151],[-2828,-4727],[-15843,-26162],[-7069,-11580],[-3214,-5577],[-16357,-26462],[-6362,-10754],[-15618,-27638],[-2892,-4902],[-8227,-15081],[-5173,-11856],[-4049,-10904],[-1254,-7504],[129,-4502],[4435,-14306],[-3407,-10530],[-2410,-2151],[-900,-2175],[868,-1501],[129,-3277],[610,-6052],[2892,-7704],[1382,-2676],[7648,-7328],[4081,-2951],[2957,-1601],[3631,-825],[4178,-276],[2763,201],[1157,500],[2121,3351],[96,926],[2410,375],[2153,-1376],[-32,-1726],[-1831,-300],[-2957,-4752],[-8355,-12755],[-1382,-4227],[-2860,-4427],[-3310,-6903],[-1606,-2226],[-1382,-3177],[-1382,-2476],[-1478,-3901],[-3921,-9054],[-3695,-9229],[-3117,-8454],[-1832,-5628],[-2089,-8553],[-964,-6428],[-64,-5953],[707,-3852],[1093,-3001],[1253,-2001],[2089,-2651],[2056,-1451],[2603,-600],[2507,1826],[3085,125],[1928,575],[-418,-2601],[1285,-1000],[-1156,-1351],[-611,-1726],[-2603,-9004],[-2024,-8578],[64,-1126],[-1125,-6278],[-546,-5752],[-354,-1626],[1896,-925],[-225,-500],[2057,-2151],[-1253,-2376],[-804,-5253],[97,-6002],[1671,-4302],[-579,-3327],[129,-2151],[996,-4327],[1028,-2851],[1318,-725],[2956,-2226],[1286,-525],[2603,1025],[1221,-925],[-579,-7529],[-192,-6478],[803,-5152],[-418,-1651],[129,-1775],[1317,-3827],[2250,-625],[610,-3102],[-2538,-75],[-2346,-1800],[2571,-3227],[-1671,-14156],[4402,-12105],[4081,-11706],[3985,-9279],[9223,-11755],[1960,-5802],[40490,8453]],[[936733,796050],[-48653,0],[-51673,-25],[-51673,0],[-51672,0],[-51673,0],[-25837,0],[-51673,0],[-25836,-25],[-51641,0],[-25837,0],[-25868,-25],[-25804,25],[-25837,0],[-32970,0],[-44507,-25],[-51641,0],[-51641,0],[-51641,-25],[-51640,0],[-51641,0],[-51609,0],[-34320,-25],[-32,18183],[0,36341],[-32,36316],[0,18183],[0,36316],[0,36341],[0,36316],[0,36341],[0,36316],[0,18158],[-32,36341],[0,18158],[0,36341],[0,18158],[0,36341],[0,36316],[0,36341],[-32,35941],[-33,18583],[0,36341],[-32,18158],[-32,36341],[0,36341],[-32,25436],[-32,15982],[-32,31264],[-32,21809],[0,32665],[0,18158],[-33,32714],[-32,18158],[0,22585],[-32,35566],[-32,36340],[0,23136],[-32,35040],[0,21710],[-64,29162],[-32,18183],[0,36366],[-33,18158],[-32,36366],[0,36366],[-32,36341],[-32,20684],[-32,33865],[0,36366],[-32,36341],[-32,36366],[-33,36391],[-32,36366],[0,36391],[-32,18183],[-32,36366],[-32,36391],[-32,36366],[32,20709],[64,24136],[-32,27887],[-32,36341],[-32,36366],[-32,36366],[0,18158],[-33,36366],[-32,29088],[-32,25461],[0,36341],[-32,36366],[-32,36366],[-32,18183],[-32,36366],[0,18183],[-32,33990],[-33,20534],[0,21835],[-32,32739],[0,18183],[-32,36366],[-32,39167],[3085,-2201],[4177,-1900],[3503,-2251],[386,-1376],[3117,-850],[1639,-801],[2056,-1775],[3375,-4027],[5784,-3102],[4917,-3751],[8580,-5478],[11279,-4852],[1992,-1976],[8709,-3901],[13657,-4677],[11729,-2026],[1736,-426],[4241,-3076],[3246,-1526],[3181,-825],[1479,-125],[2217,-925],[675,150],[3952,2026],[1671,0],[2250,-951],[1285,150],[3921,-125],[4145,-950],[1703,-826],[3214,-1075],[3470,-1451],[6941,-3701],[1671,-350],[2603,825],[5078,-250],[4306,-751],[1221,-550],[2314,-50],[1446,-1200],[1639,25],[996,600],[2249,100],[3792,-500],[3503,75],[6041,-175],[1221,475],[4242,275],[1864,675],[2731,100],[3471,-475],[4017,901],[5302,825],[4692,150],[2056,925],[1447,-1050],[1960,-100],[1060,-525],[4403,-951],[642,-1625],[2153,-1651],[2314,-1401],[8837,-3076],[3985,-725],[803,-426],[3567,-550],[2860,-1225],[3021,-551],[3053,-1550],[1542,-1101],[6299,-2251],[4177,-975],[9384,-1801],[2056,-675],[4146,-2752],[3824,-1125],[7551,-1101],[6556,-550],[2314,325],[3149,-175],[3021,-900],[8323,-1551],[2153,250],[3502,-25],[2250,-275],[5559,-325],[3663,-1150],[3664,-701],[6395,-3076],[2603,-775],[546,-1026],[-1992,-3176],[385,-350],[1125,-3577],[1221,-1951],[5720,-3351],[3824,-1901],[1575,-2151],[-482,-776],[835,-1325],[3921,-3252],[1799,-575],[3567,-1851],[3792,-1350],[7648,-1676],[4210,-775],[450,-1326],[-1414,-1651],[-3246,-5277],[-1285,-5903],[1028,-4802],[1928,-4927],[2571,-11255],[1639,-4977],[8998,-15607],[2956,-3927],[2346,-5302],[4274,-4527],[9833,-6078],[8773,-3826],[10026,-3902],[10026,-2201],[8323,-300],[10830,925],[4498,-275],[8709,-3176],[4242,-2226],[2956,-600],[5110,-1751],[4691,-2801],[6524,-3477],[4306,-2676],[3503,-1326],[2249,-1475],[2410,-2401],[868,-1301],[-161,-1776],[2699,-550],[4242,-1301],[1960,-300],[3439,-1200],[1414,-1001],[450,-2101],[1221,-1975],[1125,-701],[1510,225],[1896,-3026],[739,-675],[6652,-2576],[289,-601],[2924,-1750],[2796,-601],[2828,-225],[2378,-750],[3856,-525],[6138,-426],[1382,-1275],[1285,475],[2410,50],[6684,-2351],[1189,275],[2378,-825],[2057,-1326],[2603,-375],[3856,50],[2217,-950],[4403,675],[3663,900],[2860,-200],[2507,-2101],[803,-1225],[2025,-1076],[1028,-1075],[6234,-2051],[2474,-1050],[1575,-251],[3342,-1125],[2378,-400],[3310,-1301],[1607,50],[3406,-500],[4274,-950],[2731,-1776],[2571,-3277],[-1542,-1375],[128,-1326],[1125,-2176],[1382,-1450],[5463,-4753],[4531,-2451],[675,-675],[3727,-2051],[4981,-1701],[1864,-125],[10637,-1700],[4563,100],[3503,-150],[1671,225],[2474,-350],[7070,475],[5912,750],[9352,1826],[4595,200],[3117,675],[1639,0],[2731,876],[3439,575],[2763,-275],[1671,-1101],[2443,1126],[1606,50],[2860,800],[4403,550],[2539,-350],[5591,1001],[5302,550],[2860,700],[4146,275],[2538,401],[4306,75],[1768,425],[4595,300],[4499,600],[4435,851],[6362,2276],[5849,2226],[2571,1800],[3792,951],[1767,975],[1864,150],[2314,-950],[7294,725],[6202,1476],[6042,1626],[6137,2726],[4853,3351],[2024,776],[1993,125],[3631,950],[1992,0],[2667,1476],[1671,350],[1607,1000],[3439,1501],[7134,3752],[5302,3951],[2153,1951],[4274,2626],[707,1201],[1671,475],[2442,1376],[2732,450],[1671,750],[1446,1326],[1414,150],[2506,-1026],[2635,-75],[675,-425],[1992,550],[1479,2802],[4916,3526],[2025,951],[1382,1450],[6459,1276],[6202,2001],[1542,100],[4146,1550],[3245,3277],[3246,2451],[1671,2826],[2538,2976],[1575,2652],[2635,3001],[1993,1401],[96,2751],[1157,1250],[353,1626],[1639,3452],[611,450],[-290,2651],[418,1701],[1253,1951],[675,3926],[675,450],[579,4152],[610,2026],[1253,1676],[-482,1150],[804,1126],[-65,5152],[611,1376],[0,1851],[3599,4552],[-289,1525],[289,1801],[1157,1526],[2410,1450],[3149,7554],[1254,1525],[160,4677],[1511,4077],[0,3327],[1221,4702],[-1478,3977],[224,2776],[-1510,1776],[-225,3551],[2185,6278],[1864,2651],[1768,1801],[3149,4552],[2539,1976],[4691,2801],[4113,3051],[6877,6128],[2539,2426],[4499,4677],[3085,3452],[2346,3226],[1478,2501],[835,2226],[386,2876],[0,2652],[1992,4752],[1704,300],[867,1400],[2410,-950],[1189,175],[5431,2601],[5656,3852],[2924,2576],[2282,1576],[1992,1825],[1446,1951],[5238,4102],[4949,5853],[964,1500],[1510,776],[4403,6352],[1446,3627],[385,5427],[-96,1351],[2025,4352],[128,3577],[1414,2651],[2410,2626],[1028,2801],[1029,675],[3438,1451],[3439,-25],[257,1601],[2442,3951],[129,1451],[1542,1776],[1639,3576],[2089,2452],[1156,1975],[1704,5203],[192,2576],[-289,1876],[-1253,2276],[-2892,2451],[-836,1600],[-192,1801],[289,1626],[1671,2876]],[[2667904,2670700],[-160,-1551],[2217,-1801],[3085,-1501],[1542,701],[2828,-1201],[290,876],[1960,-150],[353,-626],[16325,876],[-354,-926],[-15167,-750],[546,-750],[-803,-951],[2442,-4052],[1092,-2376],[-1992,-1300],[964,-2376],[-128,-2001],[-997,-3552],[-578,-4552],[-321,-650],[674,-2026],[-642,-2601],[-4146,-5828],[-4724,-8753],[-3052,-6728],[-2218,-6053],[-1735,-6078],[-1221,-3651],[-932,-2101],[-1125,-3552],[-642,-5277],[0,-2701],[289,-2551],[578,-1351],[-771,-2276],[2924,-3051],[354,-2401],[514,-976],[3053,-2326],[900,-1225],[2474,-1476],[1414,-1701],[1896,-450],[4563,-5828],[514,-2626],[803,-1275],[1961,-876],[3888,-25],[2828,-1976],[1157,-2501],[1574,-2576],[1543,-1576],[2281,-1175],[2668,300],[1317,-250],[2346,-2276],[1125,-475],[1414,-2301],[2570,-2026],[707,-1326],[2057,-1525],[2410,-2827],[3696,-3876],[2121,-1876],[899,-400],[2828,150],[2571,-651],[4756,-3601],[3631,-1426],[3053,125],[3760,-1200],[2988,-1526],[1832,-1801],[1478,-350],[1639,-1125],[2667,-3577],[2218,-1926],[3277,-875],[4949,375],[3471,-600],[6363,-3827],[3309,-1576],[4210,-1225],[3374,-575],[3824,-2226],[3182,-1201],[5945,-1351],[1446,-750],[2378,0],[-322,926],[3696,1450],[1735,200],[803,1526],[2025,-150],[2828,325],[3920,-150],[2892,-450],[1350,-550],[1800,75],[2570,-1176],[129,-2526],[514,-3226],[1061,-2977],[1381,-2151],[2378,-2251],[1350,-400],[868,900],[3085,501],[1317,-1451],[2218,-1551],[449,451],[2539,-276],[1414,1826],[2057,-950],[835,875],[2828,-2676],[-4660,-4452],[3118,-300],[1863,-775],[2025,-1701],[1189,-575],[385,-1101],[3600,-2526],[2378,-1175],[2120,-476],[3921,-75],[4210,1101],[2795,-125],[2410,1425],[2700,751],[1382,50],[3085,-576],[1381,125],[675,826],[2185,1250],[3085,1001],[4628,4552],[3085,3176],[964,2001],[-932,1076],[128,825],[1864,2351],[3214,1351],[1896,2226],[-1961,1975],[579,776],[-771,1575],[-1157,1051],[-482,1125],[289,1026],[1671,775],[1832,-1651],[1124,-1800],[2314,-1801],[3053,-1601],[2024,-5527],[-674,-1701],[1960,-900],[546,-1476],[1157,-600],[1671,-2451],[-1028,-951],[1221,-4852],[-1446,-250],[-2186,825],[-835,-825],[-611,-2751],[740,-2001],[2153,-4652],[3117,-4602],[2121,-2451],[2410,-2376],[2313,-1851],[8484,-4527],[964,-1826],[-803,-1901],[2088,-2926],[2636,100],[546,825],[2828,0],[3149,-525],[3888,50],[2539,-525],[4145,0],[9416,-3227],[4177,976],[3246,75],[3021,-3276],[2570,-401],[2443,1601],[4177,1201],[3246,150],[3342,2476],[3181,925],[3310,0],[1639,-325],[3117,-1226],[6074,-875],[4948,-225],[5688,200],[2571,250],[2282,-300],[4691,-1751],[4821,175],[4241,901],[3375,3651],[931,2276],[-192,1951],[-2700,2251],[225,2101],[-1092,1526],[-2957,1676],[-835,1225],[-2089,1451],[-450,1725],[-1896,1826],[193,1726],[-932,1050],[-2282,1601],[-3599,1526],[-3952,575],[514,1276],[2635,-150],[3599,-1451],[2089,-375],[3053,-1326],[2506,-1625],[1928,-1576],[1157,-1626],[1703,-1626],[3471,-5127],[2217,-2776],[1093,-2151],[1542,-1901],[1639,-3852],[1286,-4777],[224,-1901],[1929,-5302],[1253,-1500],[546,-1751],[1189,-1576],[2732,-2351],[3470,-1426],[611,-1200],[1414,-725],[1992,-2402],[2442,-3526],[1896,-2026],[1414,975],[2346,-1475],[4145,-6128],[2507,-4952],[868,-2401],[899,-4052],[161,-2301],[739,-1501],[836,-3401],[-1318,-1801],[1768,-925],[1478,-1601],[3117,-725],[1735,-1476],[2250,-2951],[-965,-6878],[-1349,-2201],[-1382,-1601],[96,-1626],[-1221,-650],[-1414,25],[-1060,-1576],[3021,-2726],[1156,-3626],[1671,-3102],[1286,-1475],[4274,-3402],[3310,-2201],[10315,-5252]],[[623803,3131302],[-1189,-3726],[-2924,-3527],[-4435,-3076],[-4403,-2852],[-7391,-3726],[-22076,-8579],[-9416,-3502],[-13271,-3726],[-13240,-4852],[-9126,-7254],[-2957,-6803],[-4724,-10104],[-1767,-8329],[0,-8804],[3824,-9003],[6620,-7604],[2538,-4902],[2057,-5052],[579,-6828],[-868,-2626],[-3246,-3302],[-4145,-2626],[-5302,-2201],[-23170,-725],[-4434,-901],[-4178,300],[-2956,1151],[-5656,-675],[-6941,1650],[-1928,-375],[-3503,375],[-2956,1026],[-547,-2176],[-3213,-2751],[-4435,-1151],[-6748,1176],[-5624,2826],[-5141,3852],[-2764,3376],[-3470,6153],[-4885,2801],[-7070,850],[-19506,726],[-8740,1475],[-6845,2501],[-10637,5878],[-3599,2326],[-2313,1876],[-772,2051],[-353,2351],[64,2226],[-835,4127],[-2282,3526],[-4499,4202],[-3792,1876],[-7262,3051],[-8902,2201],[-4788,1526],[-7519,3301],[-3953,1476],[-2699,3451],[193,3127],[3984,4977],[3857,2351],[4338,800],[289,4052],[1478,3702],[2732,2851],[3277,1301],[6749,1625],[1703,2026],[-1125,3227],[-64,3476],[1382,3027],[899,900],[-1285,1776],[-771,3176],[1221,4477],[2314,3727],[1928,2326],[1028,575],[129,3552],[-1928,4702],[449,3476],[2025,2426],[450,2902],[3085,3851],[9158,5453],[5077,2376],[290,3126],[1446,4002],[2506,2751],[4821,2176],[867,2801],[2539,2551],[5495,2852],[2121,2125],[2474,4477],[2185,8679],[1414,10255],[-932,8378],[-1767,3077],[-418,2576],[547,1776],[-3567,1700],[-2700,3627],[-96,2851],[-1189,3827],[-482,3752],[353,1926],[4049,2676],[3856,575],[4596,-1076],[2056,-950],[2475,-2951],[482,-1576],[2121,-5152],[482,-1576],[-161,-1325],[4467,-1076],[6202,-4602],[6138,-3552],[7616,-3551],[6523,-2001],[10829,-2176],[14943,-1501],[21016,-1800],[5656,50],[7295,-2451],[5302,75],[5624,-851],[3856,-1701],[3824,-4276],[5013,-3077],[3053,-2676],[4981,225],[8869,-1751],[5045,-25],[5238,1251],[7937,2826],[3728,425],[3631,-1075],[6202,-4527],[9223,-9729],[1960,-3152],[24616,-31088],[2956,-3077],[2956,-5502],[579,-3727]],[[2798533,2605946],[-1157,-1876],[-964,-475],[-7134,-2776],[-3374,-1151],[-17032,-4777],[-12822,-3751],[-2602,-2076],[-1061,-2101],[-161,-2076],[-1317,-1976],[-3117,-825],[-2218,350],[-2763,1600],[-2764,2251],[-2281,1526],[-804,1576],[-610,3927],[-675,2676],[-386,5702],[193,8629],[-193,2876],[-1381,5803],[-643,1701],[321,5202],[-803,1025],[-2539,-975],[-1092,200],[-1736,2776],[-514,3152],[386,2751],[1799,3126],[-128,575],[-2185,2201],[-997,1726],[-482,1751],[161,3076],[-386,3102],[450,1500],[450,3277],[1446,1951],[-128,4126],[1671,1451],[3856,125],[1767,-1025],[1286,-1451],[0,-2376],[-450,-1701],[-1189,-1225],[-1639,-1026],[-482,-1100],[1285,-2051],[450,-2351],[1414,-1551],[643,-1576],[-643,-2601],[2217,-2376],[-771,-2351],[129,-1676],[-547,-3076],[1061,-1275],[7295,400],[3695,1826],[1832,-651],[5720,-4352],[1382,-1350],[1446,-601],[5430,-575],[2250,-2126],[0,-1550],[546,-526],[3278,-750],[3021,-1626],[4659,-3726],[1125,-1626],[1093,-3802],[2538,-375],[9384,2976],[1928,0],[1928,-675],[1221,-925],[1414,-6053]],[[2857436,2517632],[-932,-1025],[643,-575],[-868,-951],[771,-1050],[-2024,-976],[-354,-2001],[-1092,-1976],[-32,-1450],[-1703,-600],[-964,675],[-1832,-1126],[-964,-1500],[-2057,-25],[-1157,-2977],[836,-575],[-129,-1075],[-1767,-225],[-579,700],[-2217,-850],[-4338,3276],[-2474,1050],[-1896,1326],[-804,1301],[-1542,975],[-2185,475],[-643,2376],[-2989,976],[-1735,1125],[-96,1226],[867,1025],[1864,1101],[836,1250],[3310,475],[2313,-775],[2732,0],[3438,1201],[1414,1700],[2539,-50],[2056,-2226],[1254,-625],[2281,-250],[1800,425],[-771,1676],[224,1350],[2411,426],[835,-300],[1446,-1601],[3085,-200],[1189,-1126]],[[2772889,2538016],[-1896,-1575],[-3149,475],[-1767,-626],[-1350,1326],[32,800],[1318,451],[1092,-526],[2250,401],[257,950],[2281,-525],[932,-1151]],[[4965518,361159],[804,-1151],[225,-2201],[-1479,-3851],[-1767,-9404],[-1543,-6929],[-1381,-7028],[-804,-4652],[-353,-5377],[0,-2701],[1992,-6053],[739,-525],[-996,-1401],[-257,-8603],[161,-5503],[482,-2901],[1253,-5478],[2217,-7378],[1221,-3426],[1864,-3502],[2378,-475],[450,-2026],[2635,-4002],[2314,-2601],[2378,-75],[5270,-5777],[2764,-2226],[4081,-1951],[2442,-250],[2057,650],[546,-625],[3856,1225],[932,-950],[-4049,-1351],[-2185,-2151],[-1093,600],[-14557,4552],[-1414,-300],[-1478,325],[-1414,-1225],[-1285,-150],[-3214,-3152],[-482,-1375],[-1414,-125],[-5398,-1551],[-3696,-2651],[-2089,-700],[-932,-1701],[-2956,-900],[-2603,-1976],[-2153,-2251],[-129,-1201],[-964,-925],[-4916,-1576],[-2410,-1176],[-2378,-475],[-3664,200],[-2185,-500],[-2314,1101],[-674,2301],[-1318,250],[-2860,-651],[-707,326],[-3149,-626],[-1414,426],[-1350,1050],[-3085,-400],[-3020,300],[-964,-950],[-1639,-151],[-1639,-1225],[-2957,-450],[-1639,-551],[-1863,51],[-2668,-2327],[-899,-2125],[-4499,425],[-3664,2601],[-2538,-876],[-3631,2251],[-3696,-525],[-1671,-2401],[32,-1100],[964,-1226],[193,-1425],[-4499,-1401],[1703,-1326],[-450,-650],[1318,-1351],[-1543,-1200],[-2988,450],[-707,-1450],[-3085,-676],[0,-1901],[-2410,25],[-900,-1350],[-2314,50],[-321,-1651],[1735,-1601],[-1092,-1475],[-2025,-1451],[-1221,125],[-386,-1551],[-1414,-2175],[-1092,-526],[-4467,751],[-6298,825],[-1125,1100],[-1735,901],[-5206,550],[-1350,750],[-2185,-1100],[-2442,925],[-2667,426],[-3889,-826],[-2217,400],[-2282,-75],[-2024,851],[-1993,-375],[-1735,1100],[-1607,475],[-4563,-425],[-2667,-25],[-1799,-525],[-1896,225],[-1575,-725],[-3503,1525],[-1896,150],[-3631,1301],[-1928,75],[-3567,2526],[-3535,925],[-3952,-475],[-1993,525],[-1574,-325],[-1704,400],[-1831,-2075],[-1575,-651],[-2378,601],[-2474,-2301],[-193,-1651],[-1446,125],[-2989,-1776],[-64,-2126],[-1542,-750],[-3503,-100],[-3760,1826],[-1382,175],[-5655,-1626],[-515,-650],[1189,-801],[-1703,-1325],[-1831,-75],[-1414,800],[-1993,375],[-1060,1026],[-1960,700],[-2507,2051],[-932,-300],[-2249,950],[-1575,-700],[-3117,2151],[-1992,-275],[-1286,500],[-642,1426],[-2218,-376],[-1767,1076],[-129,2076],[-2153,1600]],[[4714930,216995],[-289,1176],[-1253,1251],[-2860,675],[-1157,2001],[-418,1650],[1157,2927],[1478,1175],[2571,876],[4402,375],[1286,1350],[739,-500],[2410,-375],[2732,3627],[2635,1075],[867,700],[3214,726],[257,1075],[-1607,175],[900,3602],[1671,4527],[3695,-425],[868,1050],[996,-125],[996,1926],[579,2476],[-836,1050],[322,1426],[-6138,5903],[1671,625],[1799,-650],[2860,1450],[-3470,951],[-2539,2226],[1575,800],[-4563,475],[9126,4702],[803,3027],[-610,75],[2153,7503],[5206,-675],[1992,775],[-2924,2776],[4242,2101],[1156,-1075],[10316,5152],[-6042,5802],[-867,-125],[-4660,4552],[2539,201],[996,-1151],[3888,-625],[1125,1375],[1639,676],[1028,-175],[2089,725],[4981,1350],[1382,76],[1157,750],[3856,-350],[2506,925],[1061,1926],[2538,750],[2539,250],[2442,1526],[1543,2776],[-643,1351],[1414,2601],[1639,825],[-2314,926],[32,2851],[-514,1401],[-4627,475],[-10733,775],[-3985,-1100],[-3985,-501],[-2763,151],[-1093,-601],[-4402,876],[-1639,1075],[900,2326],[-1382,776],[385,1475],[932,-100],[386,1551],[-3246,350],[322,1351],[2153,-50],[514,2150],[-1703,951],[1189,4752],[2185,-250],[867,750],[418,1751],[3246,-325],[739,3151],[3213,-375],[33,1901],[-740,3426],[-1863,2151],[-2250,-400],[-2603,225],[1511,6803],[1124,951],[3471,-375],[225,1100],[1671,-175],[353,1476],[1703,-201],[-224,-1275],[674,-750],[2378,100],[4306,-501],[386,1601],[4949,-600],[418,1751],[2602,-276],[2539,10955],[8452,-925],[2088,0],[2539,10229],[-1832,2001],[707,951],[2314,1951],[1157,1525],[739,2726]],[[4714930,216995],[-2506,426],[-3407,-876],[-2827,300],[-1382,1251],[-2250,900],[-1382,1326],[-642,1275],[450,1076],[-836,1225],[-1092,351],[-450,2701],[-4114,-1851],[-1189,-1125],[-739,-1901],[611,-2226],[835,-1776],[-1606,-1576],[-2443,-3101],[-1285,-600],[-1832,-2702],[-1574,1276],[-739,1826],[-2668,825],[-3245,-225],[321,1351],[-1864,-576],[-1639,601],[-1638,1900],[-1736,151],[-2442,1175],[-96,1051],[1189,975],[-129,2826],[1253,1751],[32,1826],[1157,1600],[-2442,1051],[-2314,250],[-1896,2226],[-2088,650],[-2668,-800],[-2635,-425],[-1574,225],[-1318,-1126],[-2538,-125],[-932,325],[-3053,-575],[-1221,-1400],[482,-1251],[-1029,-650],[-932,-1501],[-964,-100],[-2120,-1651],[-932,-1700],[514,-1251],[-2732,-575],[-1542,525],[-3021,-475],[-1542,625],[-1125,-1200],[225,-1376],[-1028,-825],[-33,-2502],[2250,-2801],[-643,-1150],[-1735,-1326],[-2924,-1400],[-707,-1276],[-1736,-1276],[-578,-1275],[-2089,-1601],[-2185,800],[-1157,-350],[-3085,225],[-2763,1226],[-4724,-1701],[-1993,350],[-1221,-425],[-1703,400],[-1992,-50],[-1478,826],[-2057,200],[-675,-1551],[-4274,-2551],[-1125,-950],[-449,-1601],[-836,-750],[-1542,-100],[-4821,525],[-2024,-2526],[-1446,-651],[-2218,-2026],[-3149,-1600],[-353,-1401],[-2282,-1526],[-739,-1850],[-964,-50],[-1318,-1901],[-1413,-1076],[-1029,776],[-2153,575],[-835,1401],[-3085,500],[-1575,525],[-1253,-1151],[-6941,1501],[-2667,-500],[-611,-850],[-2635,-326],[-1382,-775],[-2121,-2451],[-2410,-425],[-1960,-1701],[-3214,-900],[-1639,300],[-5045,-1326],[-2313,-75],[-1286,-475],[-3245,525],[-322,-2001],[-610,-550],[96,-1626],[-2378,-1400],[-1478,50],[-3053,-1151],[-578,-1025],[-2603,-2051],[-5367,-2651],[321,-776],[-1060,-1000],[-5206,-725],[-2796,825],[-964,-200],[-1381,2176],[385,1476],[-996,1925],[-3021,-425],[-1092,-1125],[-4628,-2426],[900,-1976],[-1317,-1776],[-290,-1426],[997,-750],[-579,-2651],[1253,-1301],[-514,-1150],[836,-851],[1349,-225],[1029,-1250],[2988,-225],[3149,-2151],[772,-2476],[1221,-726],[-964,-1625],[578,-2051],[900,-1226],[-1157,-1551],[289,-975],[3053,-2926],[611,-1001],[-129,-2576],[1318,-775],[900,-1376],[1703,-1651],[2121,476],[3470,-576],[2410,401],[1864,-926],[-128,-1200],[2570,-2276],[3471,700],[1542,-1426],[-1092,-1400],[578,-1526],[1768,-2026],[1285,-850],[-1510,-1676],[-2957,-800],[-2635,-1826],[-3727,-1576],[1221,-525],[514,-1626],[-2185,-1776],[96,-1325],[-1542,-976],[482,-4001],[-739,-1126],[1574,-825],[-867,-1626],[-1125,-475],[160,-1176],[965,-950],[-836,-1576],[418,-1750],[-611,-1126],[-385,-3226],[-2121,-926],[-1254,225],[-578,-1425],[-1350,-325],[418,-1601],[-1060,-1476],[2635,-1125],[932,-876],[1156,801],[2571,850],[450,-750],[-1125,-951],[643,-1500],[-2378,-1376],[418,-1000],[-1028,-676],[-1511,-3551],[-2121,-976],[-1992,-3001],[-2924,-450],[-611,1250],[514,926],[-1060,1100],[-1028,-825],[-3696,-2001],[-3503,-875],[-1253,-1626],[-2410,-600],[-1543,475],[-1446,-575],[-4691,-601],[-3053,-800],[-1510,-775],[-2121,-276],[257,1126],[-1093,1176],[-1992,750],[-3824,900],[-932,-475],[-3599,975],[-868,-450],[-3181,-100],[-1125,1076],[-1800,650],[-4049,-425],[-2378,-1101],[-899,-1800],[128,-851],[-707,-2151],[1511,-2676],[-1254,-1401],[-128,-2101],[-1575,-1225],[-1607,-575],[-3984,1050],[-515,1026],[932,1275],[-2474,1326],[-4338,-1051],[-1318,-975],[-2089,-150],[-1735,-801],[-2185,351],[1028,1975],[-160,2452],[-3374,750],[-1447,1275],[-289,1026],[-1189,775],[-2121,350],[-353,1526],[-2089,3502],[450,950],[-1350,450],[-96,951],[-1543,2701],[675,650],[65,1751],[-2411,1125],[-1221,-375],[-1028,-1200],[-1992,-551],[-707,1076],[-1479,-125],[-1221,-1676],[-160,-925],[-2025,-1601],[-3021,-125],[-385,-1051],[-2378,-1750],[-964,-1876],[-2828,525],[-2410,-1601],[-2700,-1425],[-1895,75],[-2282,-1251],[-96,-1175],[-1125,-801],[-2346,1601],[-2892,-600],[-1735,675],[-2057,-425],[-514,-575],[-4853,-1126],[-3085,-3001],[-2731,-50],[-1189,625],[-5977,-2776],[-1061,-100],[-257,-1876],[-932,-2301],[-1671,-1426],[515,-950],[-1736,-1401],[-2828,-1075],[-707,-1551],[-1542,-325],[-2153,-2026],[-1125,-450],[-1060,-2251],[-1607,-1276],[64,-1175],[-932,-1176],[707,-2976],[-1028,-1301],[-1221,-2476],[2185,-1400],[1703,-650],[129,-1101],[-3021,-475],[-1992,-3952],[-804,-500],[-2570,-425],[-4435,-1751],[-1639,-4702],[-1157,-1826],[-2153,-1626],[-4852,-2301],[-932,-1550],[-1478,-676],[-2700,-50],[-2121,-1175],[-1414,-2251],[-964,-751],[-128,-1350],[-2153,-1501],[-2507,550],[-2442,-475],[-6909,1176],[-1703,-851],[-4660,-875],[-1221,1100],[-4049,2026],[-2153,150],[-1189,1226],[97,950],[-836,951],[-96,1751],[739,900],[2089,1125],[-1768,2026],[-2667,2326],[-1028,1776],[-1993,325],[-996,-350],[-1382,1376],[-1478,825],[-1221,1551],[-321,3676],[-1125,651],[161,1350],[3438,2902],[-32,1825],[803,125],[739,1476],[-1414,750],[-385,3152],[-2732,-50],[-1478,1250],[707,1501],[3053,1801],[193,2676],[-290,1025],[-1446,1451],[-674,3051],[1478,1301],[-2989,1701],[450,1250],[2378,976],[289,3701],[-1831,1576],[-386,1025],[-2282,601],[-1349,1075],[-1800,-50],[-2474,1476],[-2121,500],[-964,1101],[-611,2626],[-1285,1125],[-1671,-1000],[-2796,500],[-1832,625],[-2570,1501],[-65,1576],[-2313,1925],[-5013,1526],[-1800,-550],[-1960,100],[-354,650],[-2667,1826],[-578,1176],[-3053,0],[-2732,1300],[-1060,-725],[-2539,750],[-2185,2376],[-3149,25],[-2153,1951],[-1028,-525],[-675,2051],[-2378,-400],[-1350,625],[-2892,300],[-3599,-1701],[0,-900],[-4081,-350],[-1639,-876],[-225,1226],[-2121,-100],[-900,1275],[-1414,926],[1221,850],[-1831,1301],[-65,2001],[1543,900],[-289,1075],[96,3527],[-1060,50],[-1511,950],[-2603,-25],[354,2401],[-611,1726],[-1606,801],[610,800],[2507,400],[-932,3577],[-771,700],[-4082,2226],[-385,650],[-2475,125],[-4081,1076],[-2378,125],[-835,750],[-2635,200],[-2571,-1500],[-836,525],[-2667,-250],[-1574,725],[-515,1251],[-2602,-451],[192,1076],[-1606,750],[-772,4352],[-2153,1776],[-1510,-475],[-2635,1325],[-1125,1626],[-964,375],[-3470,-325],[-1222,-1676],[-1896,100],[97,1026],[-1768,300],[-1542,-1201],[-1671,2201],[-1735,-650],[-3728,2026],[-739,1426],[-2057,600],[-1189,-125],[-2570,1175],[-3921,175],[-996,851],[868,1450],[-1414,75],[-3310,1001],[-3374,-250],[-3696,2301],[-3246,125],[-1317,1450],[-4531,-125],[-675,1251],[-2571,50],[-5559,-325],[-836,-1301],[-3599,-1025],[-1317,-726],[225,-1050],[-2635,-800],[-2764,400],[-1575,-1101],[-2442,-825],[-2346,2726],[-900,-800],[-3727,-1326],[-5238,-1475],[-1093,-676],[-1928,-2276],[-1928,976],[-161,900],[-2088,-50],[-450,-975],[-2603,425],[-3182,100],[-192,1551],[-5560,2201],[-2892,-626],[-1542,125],[-2925,-850],[-1221,1926],[-1928,-475],[-514,-926],[1960,-1175],[-932,-1801],[-4338,150],[-1221,-325],[-2153,725],[-707,700],[2507,1176],[1960,500],[-2475,1051],[-2217,275],[-1221,-375],[-482,-1026],[-1767,-550],[-3150,275],[-1478,450],[-2314,50],[-1896,450],[-771,-1200],[-1350,-475],[-2056,850],[-2410,-1401],[-1832,-625],[-835,1126],[-1447,-426],[-3470,426],[-1607,725],[-1285,1326],[-1703,975],[-2250,500],[-2089,-450],[-771,1050],[1221,601],[32,2476],[-2249,375],[-2153,1676],[-1703,-425],[-1671,-1251],[-2153,450],[675,1426],[-2635,-100],[-2828,1450],[-482,1926],[289,901],[-1607,225],[-225,825],[1350,1126],[-1446,900],[-322,2151],[-2731,0],[-1510,1526],[257,2000],[-2732,-50],[-3856,726],[-2089,1375],[-932,2401],[-2088,351],[-1414,1250],[-2700,475],[-2571,2752],[-1221,100],[-1799,-1201],[-2185,50],[-1350,550],[-1575,-225],[-2024,-1075],[-1993,-225],[-1992,-1601],[-4402,-675],[1317,-701],[-4081,-2751],[-2282,525],[-2281,-425],[353,-1275],[-3342,75],[-1639,1450],[-1992,150],[-4242,801],[1318,1075],[-4081,-375],[-354,1101],[-1092,600],[-4049,-851],[-386,1551],[-1382,-500],[-1446,-2201],[-1382,350],[-771,-850],[-3792,550],[-1832,-25],[-931,-1201],[-1800,-875],[-3888,1551],[-2314,-350],[739,-3002],[-1992,-850],[-2314,-100],[-900,-600],[-1703,1100],[-2539,400],[-1831,-375],[-193,-1150],[-1928,-426],[-932,-1025],[-1285,575],[-2571,275],[-1928,1426],[-1189,325],[-1093,-825],[-3374,-350],[-1350,-1826],[-3535,-1126],[-1060,275],[-514,-1600],[-1703,-175],[-2764,-1726],[-3728,-350],[-1510,-676],[-2667,1026],[-3567,-1376],[-386,-1125],[-1607,725],[-128,900],[-2089,-100],[-1607,751],[-5334,-300],[-1125,-2151],[-1896,-225],[-3117,275],[-867,975],[-2828,725],[-1093,1301],[-2024,-150],[-1157,1175],[-1318,-1100],[-3149,275],[-257,-725],[-1639,-400],[-1799,1675],[-2764,-50],[-1253,-1250],[-2828,-1176],[-1221,1401],[-3503,150],[-1800,-700],[-3567,-351],[-835,-650],[-1350,1051],[-1317,-776],[-3696,-350],[-2796,750],[-2892,-75],[-899,-1475],[-2186,500],[-1960,-350],[-1607,525],[1189,1076],[-1478,375],[-2217,-651],[-1221,-1150],[-1446,875],[-2025,-1475],[1221,-951],[-1253,-875],[1125,-1001],[-1414,-900],[-1768,575],[-5495,-300],[-3342,525],[1093,1001],[-1093,1625],[-1960,726],[225,1250],[-1350,651],[-1028,-1151],[-2892,500],[-932,1201],[257,825],[-1414,1251],[-1574,225],[-2057,850],[-3278,-375],[-2763,-1175],[-225,925],[-1543,-225],[193,1601],[-1061,1350],[-1703,-475],[32,2376],[-1413,700],[-2828,376],[-1479,500],[-1606,-375],[-772,550],[-3727,-951],[-1382,-775],[-2217,525],[-3760,425],[-1960,-475],[-900,601],[-1253,-1276],[-1800,-425],[-2506,1300],[-2571,-475],[-2282,-75],[-2024,-1626],[-1382,626],[-1318,-526],[-546,-1450],[-1542,-901],[-4146,125],[-2089,-525],[-1349,-2201],[-1286,-125],[-2827,-1751],[-33,-1025],[1125,-1301],[-2281,-1275],[-1704,-75],[-321,-1451],[707,-1475],[-675,-651],[-161,-1500],[-739,-701],[-2442,-175],[64,-950],[-1896,-2076],[-160,-1101],[-2282,-2176],[-2121,150],[-1928,-1875],[418,-951],[-803,-1325],[-1157,-726],[-2218,1101],[-1767,-675],[-1382,1175],[-2571,-325],[-385,1050],[-1318,175],[-1735,-1600],[-1575,-50],[-675,-1401],[-3084,-425],[-1607,250],[321,-1301],[-1350,-675],[-2538,-225],[-1189,-1276],[-1735,-275],[-3085,551],[-2411,-326],[-224,-750],[-2057,-1851],[386,-875],[-1736,-775],[-867,-901],[-2893,-650],[675,-1401],[-2217,-700],[-1285,1876],[-3407,-1251],[-1606,300],[-2186,-2376],[-2281,-150],[-1382,-1725],[-225,-1426],[-2442,-875],[-322,650],[-2667,-1176],[-1285,200],[-1350,-975],[-2506,-75],[-1961,-1551],[1254,-825],[-1993,-400],[257,-1126],[-899,-800],[835,-1201],[-2121,-975],[-3181,-1951],[-3117,-1125],[-3021,825],[-2057,-175],[-1638,350],[0,-1376],[1028,-1325],[-64,-1676],[-1189,-950],[-2603,-401],[-932,-1475],[-2121,975],[-1061,-400],[-1574,800],[-1318,-800],[-1799,-300],[-1832,650],[-3342,-1550],[-386,-1001],[-1960,-375],[0,-3677],[-1510,-250],[-964,-1150],[-547,-1951],[-1349,-300],[-932,-1426],[-1221,-150],[-1511,-1326],[418,-675],[2378,-50],[-2538,-3752],[674,-500],[161,-1675],[-1093,-226],[-1285,-1400],[-996,125],[-257,-2001],[-1318,-400],[836,-1526],[-1768,-2426],[-1124,-350],[-675,-2251],[-1061,-1101],[-1028,676],[-3246,-976],[-2153,701],[-128,-1101],[-1446,50],[-1029,-2126],[-1799,-1050],[-1478,225],[-6620,-1676],[-386,-1751],[-1864,-1450],[-771,-1351],[-1542,-650],[-32360,0],[-45375,0],[-39847,0],[-54340,0],[-36795,0],[-25932,0],[-47785,0],[-26511,0],[-47753,-25],[-33484,0],[-56686,0],[-26544,25],[-47142,0],[-32424,0],[-26511,0],[-53055,0],[-47720,0],[-29436,0],[-56011,25],[-25997,0],[-53055,-25],[-42450,0],[-37148,0],[-53055,0],[-53087,0],[-53054,0],[-28118,0],[-51513,0],[-53954,0],[-52187,0],[-30111,0],[-53665,0],[-48877,0],[-26544,0],[-33484,0],[-50934,0],[-53569,0],[-43446,-25],[-31428,25],[-52476,0],[-27958,0],[-47592,0],[-46499,0],[-42129,25],[-56300,25],[-28954,-25],[-35605,0],[-32135,-25],[-32135,25],[-32135,-25],[-32135,25],[-32135,-25],[-32135,25],[-31685,0],[-26511,0],[-38208,-25],[-32135,25],[-32135,-25],[-35091,25],[-29179,0],[-40522,-25],[-55883,25],[-28632,-25],[-35862,0],[0,44169],[0,25461],[32,45520],[0,97018],[32,36366],[32,32740],[0,51697],[0,21060],[0,25461],[0,32764],[0,14557],[0,29137],[-32,18208],[0,47296],[-32,38117]]],"transform":{"scale":[0.0000031118806223761267,0.00000399824079964816],"translate":[137.9946,-29.1792]},"objects":{"qld_qps_regions_gda94_simp200m":{"type":"GeometryCollection","geometries":[{"arcs":[[0,1,2,3]],"type":"Polygon","properties":{"QPS Region":"Brisbane","fill-opacity":0.72,"Layer Id":"qld_qps_regions_gda94_simp200m","Layer Group":"official","Layer Kind":"qps_regions","Source":"QPS Regions, Queensland Police Service","Source URL":"https://www.data.qld.gov.au/dataset/qps-regions","Licence":"CC BY 3.0 AU","Licence URL":"https://creativecommons.org/licenses/by/3.0/au/","Dataset Date":"09/03/2022","Simplification Tolerance M":200,"Coordinate Precision Decimals":4,"CRS":"GDA94 (EPSG:4283)","Fidelity":"standard: source boundaries, simplified","Modified":"Simplified and repackaged from the source dataset; see Source URL"},"id":"Brisbane"},{"arcs":[[4,5,6,7,8]],"type":"Polygon","properties":{"QPS Region":"Central","fill-opacity":0.72,"Layer Id":"qld_qps_regions_gda94_simp200m","Layer Group":"official","Layer Kind":"qps_regions","Source":"QPS Regions, Queensland Police Service","Source URL":"https://www.data.qld.gov.au/dataset/qps-regions","Licence":"CC BY 3.0 AU","Licence URL":"https://creativecommons.org/licenses/by/3.0/au/","Dataset Date":"09/03/2022","Simplification Tolerance M":200,"Coordinate Precision Decimals":4,"CRS":"GDA94 (EPSG:4283)","Fidelity":"standard: source boundaries, simplified","Modified":"Simplified and repackaged from the source dataset; see Source URL"},"id":"Central"},{"arcs":[[9,10]],"type":"Polygon","properties":{"QPS Region":"Far Northern","fill-opacity":0.72,"Layer Id":"qld_qps_regions_gda94_simp200m","Layer Group":"official","Layer Kind":"qps_regions","Source":"QPS Regions, Queensland Police Service","Source URL":"https://www.data.qld.gov.au/dataset/qps-regions","Licence":"CC BY 3.0 AU","Licence URL":"https://creativecommons.org/licenses/by/3.0/au/","Dataset Date":"09/03/2022","Simplification Tolerance M":200,"Coordinate Precision Decimals":4,"CRS":"GDA94 (EPSG:4283)","Fidelity":"standard: source boundaries, simplified","Modified":"Simplified and repackaged from the source dataset; see Source URL"},"id":"Far Northern"},{"arcs":[[-3,11,-5,12]],"type":"Polygon","properties":{"QPS Region":"North Coast","fill-opacity":0.72,"Layer Id":"qld_qps_regions_gda94_simp200m","Layer Group":"official","Layer Kind":"qps_regions","Source":"QPS Regions, Queensland Police Service","Source URL":"https://www.data.qld.gov.au/dataset/qps-regions","Licence":"CC BY 3.0 AU","Licence URL":"https://creativecommons.org/licenses/by/3.0/au/","Dataset Date":"09/03/2022","Simplification Tolerance M":200,"Coordinate Precision Decimals":4,"CRS":"GDA94 (EPSG:4283)","Fidelity":"standard: source boundaries, simplified","Modified":"Simplified and repackaged from the source dataset; see Source URL"},"id":"North Coast"},{"arcs":[[[-8,13,-10,14]],[[15]],[[16]],[[17]],[[18]]],"type":"MultiPolygon","properties":{"QPS Region":"Northern","fill-opacity":0.72,"Layer Id":"qld_qps_regions_gda94_simp200m","Layer Group":"official","Layer Kind":"qps_regions","Source":"QPS Regions, Queensland Police Service","Source URL":"https://www.data.qld.gov.au/dataset/qps-regions","Licence":"CC BY 3.0 AU","Licence URL":"https://creativecommons.org/licenses/by/3.0/au/","Dataset Date":"09/03/2022","Simplification Tolerance M":200,"Coordinate Precision Decimals":4,"CRS":"GDA94 (EPSG:4283)","Fidelity":"standard: source boundaries, simplified","Modified":"Simplified and repackaged from the source dataset; see Source URL"},"id":"Northern"},{"arcs":[[-1,19,20]],"type":"Polygon","properties":{"QPS Region":"South Eastern","fill-opacity":0.72,"Layer Id":"qld_qps_regions_gda94_simp200m","Layer Group":"official","Layer Kind":"qps_regions","Source":"QPS Regions, Queensland Police Service","Source URL":"https://www.data.qld.gov.au/dataset/qps-regions","Licence":"CC BY 3.0 AU","Licence URL":"https://creativecommons.org/licenses/by/3.0/au/","Dataset Date":"09/03/2022","Simplification Tolerance M":200,"Coordinate Precision Decimals":4,"CRS":"GDA94 (EPSG:4283)","Fidelity":"standard: source boundaries, simplified","Modified":"Simplified and repackaged from the source dataset; see Source URL"},"id":"South Eastern"},{"arcs":[[-2,-21,21,-6,-12]],"type":"Polygon","properties":{"QPS Region":"Southern","fill-opacity":0.72,"Layer Id":"qld_qps_regions_gda94_simp200m","Layer Group":"official","Layer Kind":"qps_regions","Source":"QPS Regions, Queensland Police Service","Source URL":"https://www.data.qld.gov.au/dataset/qps-regions","Licence":"CC BY 3.0 AU","Licence URL":"https://creativecommons.org/licenses/by/3.0/au/","Dataset Date":"09/03/2022","Simplification Tolerance M":200,"Coordinate Precision Decimals":4,"CRS":"GDA94 (EPSG:4283)","Fidelity":"standard: source boundaries, simplified","Modified":"Simplified and repackaged from the source dataset; see Source URL"},"id":"Southern"}]}}}