{"type":"Topology","arcs":[[[4743468,463016],[643,-423],[-515,-2962],[1865,-199],[1543,697],[1608,-1294],[996,124],[1383,-2040],[32,-1668],[-1704,-373],[-1222,-796],[-450,-1792],[257,-2464],[2347,-1792],[1962,-2563],[-290,-971],[257,-2140],[7427,-846],[1286,1294],[3698,-548],[386,-796],[1768,-1344],[1543,-398],[1768,-1145],[1801,-473],[1929,299],[2090,-1070],[1189,323],[2637,-448],[1157,1145],[3119,1593],[771,-722],[6527,-746],[675,3409],[5080,-523],[611,2862],[3504,25],[5369,-2961],[2572,25],[2026,771],[96,672],[2154,821],[3537,-970],[386,1518],[-900,647],[2765,1817],[-772,1045],[-482,2439],[996,647],[-771,995],[321,1369],[1962,-224],[-129,1195],[-1543,373],[-1061,846],[96,946],[1125,1468],[3537,1543],[193,1319],[1768,1419],[772,1567],[-707,1120],[-1190,722],[96,1668],[3280,323],[1672,1269],[707,1892],[5241,-2464],[1478,323],[354,1046],[-482,1543],[771,1219],[1061,572],[2830,200],[5530,-697]],[[4845804,472274],[643,-1518],[96,-1991],[547,-2912],[1929,-2514],[3279,-1567],[740,-1618],[6816,-3459],[707,-598],[4983,-1667],[4662,448],[2733,-1269],[1222,-1643],[6076,-945],[4791,5350],[4308,-1866],[-4469,-4953],[804,-298],[2089,-3012],[-1511,-945],[1222,-2091],[-32,-1692],[804,-1817],[-611,-946],[-1190,299],[-900,1817],[-2090,1891],[-5208,1543],[289,-1344],[2412,199],[2282,-572],[1672,-1867],[64,-1194],[1608,-2364],[-2829,-822],[-997,-1742],[-1608,-224],[1576,-2115],[1543,-647],[2444,25],[-901,-1668],[-1318,-547],[-32,-896],[2025,-75],[-225,1369],[2347,-1219],[-385,-846],[2154,-1394],[3601,-548],[353,4928],[41764,8387],[23020,4629],[8038,1692],[1993,-149],[1093,448],[3280,-1991],[1704,-1892],[2379,-1941],[2379,-1095],[4501,-1269],[3408,-249],[1897,299],[3279,-1344],[2605,74],[578,598],[2862,-374],[-225,-1443],[1125,-796],[-1640,-921],[-4051,-5052],[-1672,-2788],[-3922,-7416],[-3472,-6868],[-4308,-8960],[-1897,-4280],[-2669,-6645],[-1318,-4032],[-2958,-10825],[-1157,-4953],[-643,-3932],[-161,-4778],[-772,-1568],[-1093,-448],[-321,-1493]],[[4967945,359363],[-2380,-124],[-3086,-1369],[-4533,-647],[-2347,746],[-1029,1742],[-161,1319],[-1029,1718],[-2668,1617],[-354,1767],[-1415,150],[-2282,-946],[-1961,746],[-1286,-174],[-1158,-896],[-1607,1170],[64,1817],[-900,2314],[-1511,75],[-5080,-1493],[-3505,273],[-2282,-2314],[-1158,-647],[-2636,-697],[-2540,448],[-2572,2713],[-161,1443],[-1897,-323]],[[4916471,369791],[643,1592],[-2025,-25],[-418,946],[546,2240],[-900,3932],[-5466,572],[-128,523],[-2572,299],[128,796],[-5144,572],[-32,-472],[-9677,1020],[-547,970],[-4212,424],[-2025,-299],[-1415,597],[-289,1045],[-2733,-24],[643,2662],[1897,-199],[675,2912],[-964,871],[-2412,772],[-611,672],[-3729,1866],[-1093,995],[-10706,1095],[-386,-1966],[-5112,548],[-1576,-6172],[-2057,174],[-322,-896],[1222,-522],[-932,-2215],[257,-3285],[-5562,-1717],[-3344,199],[-2861,-1419],[-6045,697],[-900,-1543],[-6719,821],[-1383,-50],[-4726,697],[-2733,772],[-3826,1593],[-1189,1418],[-1544,747],[-3858,373],[-2733,622],[-2250,846]],[[4805326,385867],[-65,1319],[-2057,2315],[-1897,721],[-2122,1245],[-2026,298],[-1060,-373],[-2701,224],[-965,796],[-1993,722],[-965,1593],[-4854,3285],[-2122,-274],[-2058,-3633],[-2283,-100],[-225,3360],[-739,2016],[-1415,2439],[161,2439],[772,1269],[257,1742],[-1769,2464],[-1768,472],[-3279,-547],[-322,-921],[2990,-746],[322,-1344],[-2669,-423],[-2893,-871],[-1093,-1369],[-4791,-398],[-611,398],[-4501,348],[-900,1021],[-1222,-299],[836,-1145],[-1768,-871],[-2315,50],[-1672,871],[-4372,-3061],[-1511,746],[-1897,-448],[-933,722],[0,1319],[1672,6172],[1383,2290],[1896,373],[2122,-149],[-32,1269],[-996,423],[-2412,-100],[-2443,921],[-1383,2140],[-2958,2016],[2412,647],[546,2987],[933,696],[-643,1021],[-901,2762],[161,1319],[1865,-199],[997,4256],[-386,1543],[-1061,99],[482,2141],[1061,1119],[193,1942],[-739,74],[450,2016],[-1865,224],[-322,1493],[965,1369],[-1993,448],[-1351,-772],[1254,5650],[-1511,149],[322,1518],[-3601,373],[611,2763],[-5177,547],[-289,-1294],[-2122,224],[-257,-1219],[-2315,249],[-579,-2514],[-1318,-771],[-2154,224],[1447,5848],[2122,1294],[1575,199],[4662,2564],[2283,472],[739,1792],[1704,299],[4598,-274],[1832,1070],[1158,75]],[[4941131,526701],[482,697],[2765,1767],[675,995],[1929,871],[6881,2140],[5497,622],[3408,-24],[3666,846],[3408,1568],[1478,74],[1640,-945],[1897,-100],[-321,-1219],[-1479,-2215],[-1672,-3335],[-3665,-8586],[-3762,-10004],[-1897,-5799],[-1479,-5301],[-1222,-6047],[-932,-7018],[64,-7914],[868,-5202],[1544,-5126],[2475,-4480],[1704,-2489],[322,-2015],[-1222,-1170],[-1479,-2464],[-257,-2538],[-3022,1344],[-547,771],[1768,3434],[-643,2066],[-5465,7790],[160,1194],[-2186,4878],[-4790,6271],[-1994,3410],[-257,2364],[-836,2563],[-2604,3559],[-289,896],[611,1692],[1671,2837],[322,1369],[-997,3584],[-1221,3160],[-1190,2240],[-97,1444],[2122,4952],[418,2688],[-128,3360],[-965,3907],[-1157,2638]],[[4900139,459034],[1864,1667],[2315,1071],[1994,-1344],[3182,-1070],[-1511,-2912],[-1286,-1095],[-3440,-50],[-2572,1269],[-546,2464]],[[4896152,445222],[1479,647],[-65,1568],[1833,1767],[2283,-1070],[771,-2738],[-128,-1145],[-1158,-1518],[-1028,-273],[-3666,1916],[-321,846]],[[4896570,438055],[4597,273],[868,-597],[-257,-4231],[-771,-149],[-1769,1269],[-418,1269],[-2250,2166]],[[4896859,1160514],[11960,-40939],[643,-4927]],[[4909462,1114648],[-2443,597],[-1961,74],[-4984,-1692],[-6494,-2538],[-2412,-1170],[-8294,-4828],[-2798,-2016],[-2539,-2289],[-2669,-3111],[-1640,-1444],[-7427,-5500],[-1639,-1667],[-2058,-2937],[1865,-497],[2668,647],[1737,-125],[3440,-846],[2604,-1020],[2926,-1568],[2765,-1842],[3086,-2563],[4405,-4828],[5015,-6470],[4244,-4804],[1543,-2339],[868,-2140],[322,-2564],[-514,-3683],[-1865,-5549],[-225,-2041],[-1254,-2763],[-4212,-5748],[-2797,-3385],[-7298,-7267],[-2958,-3210],[-2733,-2464],[-7362,-5176],[-2573,-2066],[-5240,-2912],[-2251,-1518],[-3697,-2090],[-3922,-2489],[-6173,-3235],[-3569,-1394],[-6559,-2140],[-1961,-1269],[-7909,74],[-38549,0],[-25753,0],[-56778,75],[-3183,473],[-1479,1120],[-2315,647],[-5112,-150],[-2733,1095],[-2893,50],[-2219,-846],[-1414,-1020],[-1158,-1444],[-3151,-1617],[-707,-1394],[1865,-1717],[-193,-1518],[-4405,-1469],[-2572,473],[-289,-1020],[-2444,-1593],[-1607,622],[64,1469],[-675,920],[-1993,75],[-901,-473],[-2282,274],[-3408,-1792],[-3087,25],[-1607,423],[-3055,-2165],[-2797,-1120],[-514,-1269],[-2572,-3783],[-8102,-10328],[-2026,-5624],[-1061,-5425],[-6912,-5401],[-3955,796],[193,-2488],[-2765,-125],[-1736,-746],[-1447,99],[-2411,-2239],[-3987,-1842],[676,-846],[-836,-871],[514,-697],[-2797,-2339],[-965,0],[-1286,-1469],[-3858,274],[-2861,-423],[-161,-523],[-8391,-5475],[-3376,-6669],[-579,-722],[1093,-2115],[-514,-1519],[2090,-1294],[1575,-348],[322,-1145],[-1190,-522],[-675,-3410],[1318,-697],[-193,-1592],[-900,-672],[-97,-1817],[-1768,274],[-3601,74],[-4179,1518],[-1962,50],[-932,-1070],[-964,1195],[-3955,373],[225,-1767],[-1833,-224],[-964,597],[-1865,-274],[-2443,150],[-4566,-971],[0,-1518],[-1189,-1642],[-2187,-1543],[-996,-1344],[-868,-3086],[482,-3634],[-3312,-2190],[-2700,-298],[-1961,-672],[-3280,-150],[161,-846],[-1640,-298],[-257,-921],[-4083,-622],[-482,-1270],[707,-1866],[1190,-1095],[-161,-1916],[-1061,-921],[-1061,199],[-1447,-747],[-3729,-846],[-611,-995],[-2572,921],[-2122,1816],[-3698,971],[-2829,-1493],[-1029,2887],[-2186,721],[-1415,-1642],[-1029,-5724],[-2700,99],[-900,-2040],[-2701,-1718],[-1993,-1941],[-483,-2215],[2122,-1543],[-739,-1443],[353,-946],[-739,-4703],[-1382,-1245],[-2187,-1020],[-2025,1568],[-2701,-796],[-1993,-150],[96,-3409],[-707,-1095],[4855,-921],[771,-2389],[-386,-1021],[386,-5027]],[[4502079,848186],[-868,-672],[-1511,0],[-1222,-1194],[804,-1170],[-1125,-1393],[-257,-1220],[450,-1842],[-2347,-3085],[-1801,696],[-386,-1418],[-1060,-1618],[482,-1866],[-2347,-871],[-1158,224],[-1318,-2365],[-1414,-721],[-836,-1319],[-1254,-25],[-2122,-1294],[-997,-1668],[-1350,-49],[-643,-1145],[-2283,-100],[-2765,-1145],[-3054,548],[-2412,1269],[-1189,1568],[-322,1717],[450,772],[-1093,1642],[-2218,75],[-515,1817],[-1093,398],[-257,1369],[-1286,1816],[707,1294],[-3825,2066],[-5402,722],[-1768,1393],[-3633,946],[-97,2414],[-739,473],[-2604,-996],[-1704,473],[193,1220],[-740,2289],[-964,1045],[707,822],[-1511,1020],[-1768,597],[-3344,-398],[354,-2115],[-740,-1269],[-2958,-349],[-1318,-1443],[1736,-1693],[0,-821],[-1607,-74],[-2637,572],[-1672,-2937],[-1479,-522],[-32,-896],[2187,-473],[160,-896],[2572,-348],[547,-623],[-965,-1791],[-1543,-423],[-707,-971],[675,-1419],[-129,-1667],[1094,-946],[96,-1518],[-900,-945],[675,-1643],[1093,-547],[900,-2315],[32,-1717],[-514,-1568],[482,-1020],[1576,-1394],[-386,-1543],[-965,-1095],[0,-1941],[579,-597],[-289,-1917],[-2347,-1592],[-1897,-623],[-386,-1194],[-1897,-423],[-2572,945],[-1640,175],[-2379,-1294],[-3472,1269],[-3215,323],[-4148,1643],[-3601,1966],[-8487,1319],[-2572,99],[1446,3783],[-1318,946],[707,1070],[-3118,1817],[1029,2140],[-2733,50],[-1093,896],[-2026,-498],[-1029,647],[-1253,1916],[-2669,324],[-2218,1169],[-2765,-124],[-1190,-1269],[-3665,-1170],[-1479,174],[-1318,1120],[-6623,747],[-1929,-523],[-2412,1095],[-2379,-448],[-868,573],[-2540,-548],[-1254,324],[-2250,-548],[-2862,-13090],[-2925,-125],[-1576,1220],[129,1244],[-1158,1394],[-1286,149],[-1479,-1418],[-160,-797],[2604,-1120],[289,-1319],[-1318,-1319],[772,-547],[2315,572],[2379,-697],[321,-1045],[-1897,-4405],[933,-2190],[-1929,-2115],[-2669,-1493],[514,-2066],[-1800,-547],[-289,-2688],[-1093,-722],[-1897,274],[-290,-722],[258,-2364],[-1576,-423],[-27778,-1543],[-8713,896],[-2122,-1518],[-2701,74],[-5144,-3459],[290,-1045],[1832,-1369],[-354,-1568],[-996,-473],[-4405,-3758],[-1382,-1816],[-3151,-1867],[-3537,1245],[-2765,-274],[-1575,647],[-8391,921],[-31122,3111],[-3055,149],[-2411,821],[-7781,1020],[33,-1343],[-643,-3559],[-2315,-2016],[-322,-1145],[2122,-1020],[2604,522],[193,-1368],[-771,-1518],[514,-498],[-11446,-1468]],[[4206645,767131],[-1607,373],[-2058,2489],[-2636,-747],[-3472,-125],[-2669,274],[-2443,622],[-5337,1991],[-1769,1494],[-611,2862],[-2089,2488],[321,1568],[-2926,3011],[-1511,3982],[-1865,921],[193,921],[-7008,-1518],[-3987,970],[-5562,-771],[-1833,323],[-2058,1693],[-2025,224],[-2604,-1046],[128,-1095],[-803,-1667],[-17458,-9208],[-19162,1866],[-2926,5077],[1447,1518],[193,946],[-900,747],[-2380,846],[547,896],[-1254,2563],[-2122,1792],[-1093,2364],[-2154,224],[-5755,-99],[-2958,223],[-1350,-199],[-1897,-1045],[-1704,100],[-3955,2712],[-3665,374],[-2861,547],[-2894,149],[547,1593],[-450,1493],[-1222,1991],[-129,1618],[3408,3534],[354,1493],[1414,2140],[33,2165],[-1704,1792],[-451,2240],[515,1568],[2315,921],[1897,1717],[546,1891],[1254,1941],[-1157,1618],[-5241,4928],[-2250,846],[-451,1617],[-4083,1693],[-2733,2588],[2476,572],[-4115,3684],[771,1841],[1190,1145],[3086,224],[2155,2389],[-901,1518],[-257,3161],[450,3036],[-4726,1618],[-2058,2638],[1061,2588],[1704,1617],[1447,324],[64,1294],[2283,1966],[64,772],[-1607,622],[-1029,1667],[-450,3036],[-13568,1369],[-6687,398],[-1897,2290],[-4823,1319],[-2925,-299],[-2637,-547],[-2314,298],[-2573,-323],[-4372,-921],[-2251,1170],[-4308,1169],[-2668,1892],[-3698,5525],[-643,199],[-11542,1617],[-1640,-647],[-1253,-1219]],[[4000334,889150],[-3408,896],[-3633,373],[-322,1045],[-2315,174],[-1607,-547],[-322,1244],[900,2464],[1351,871],[1446,3136],[-739,1543],[-2218,2389],[-225,2563],[546,1070],[-3922,1419],[707,1170],[-804,1692],[3505,3061],[-322,1070],[-1286,697],[-2733,-622],[-1254,249],[804,1816],[-771,1693],[-2798,-598],[-675,249],[450,1643],[-1896,522],[-322,1120],[1800,1095],[290,2613],[7137,3484],[2251,3957],[-1672,847],[-2797,2289],[900,647],[2636,548],[-900,2787],[1736,1294],[-2893,1792],[3665,2961],[1575,423],[708,1170],[1254,548],[-3408,1169],[-258,797],[2894,1393],[1254,1668],[-482,672],[193,2737],[-644,1294],[3248,1693],[3504,-349],[1640,1195],[-257,995],[2154,3385],[-772,1145],[97,1493],[-1351,970],[450,1643],[3441,224],[1382,746],[-2058,3584],[676,1518],[2379,174],[1093,2166],[-129,1567],[2186,1892],[997,348],[579,2788],[-1383,4728],[-643,946],[676,746],[-258,1319],[2058,-74],[2765,-1046],[5112,598],[-1350,1493],[3247,3235],[3311,772],[4019,1418],[6559,25],[1961,772],[32,1393],[1415,996],[0,1592],[-965,921],[-771,2016],[1286,1692],[1511,772],[1543,2140],[2797,722],[-4115,2787],[-2218,995],[-836,772],[514,2688],[-739,945],[-515,1718],[-1800,3160],[-97,2116],[450,1642],[-160,5948],[-418,1294],[128,2464],[1608,4878],[-2251,2190],[-2154,4156],[900,448],[5080,8810],[-514,2190],[643,3757],[7169,12991],[3505,523],[932,1742],[1126,647],[1704,8611],[803,647],[-1350,2215],[-4919,14459],[161,249],[7844,4703],[3441,598],[4758,-50],[450,2289],[1125,1071],[4469,647],[2379,-2365],[1190,-224],[4147,1170],[3119,-846],[3247,75],[3087,-399],[5015,523],[2058,921],[1865,-100],[3183,-1020],[4147,-348],[2315,-896],[2958,-1991],[1800,-50],[2862,921],[12249,-1518],[8327,-1444],[1222,324],[2186,-473],[2508,647],[1093,1443],[836,3808],[-1318,1095],[997,1792],[1157,274],[868,2638],[1929,373],[1254,1767],[2508,1792],[1800,2065],[1125,722],[-3311,2016],[-836,1344],[-193,1592],[-2540,-323],[-2218,1642],[-4887,-1443],[-3247,1344],[-611,697],[-2122,721],[-3312,448],[-5047,3335],[-1351,299],[2347,11945],[1222,-1119],[2540,497],[2218,-995],[1158,1269],[257,1419],[1157,-100],[965,-1667],[3762,-399],[1221,1071],[2540,-249],[547,1144],[16525,-3782],[3794,-622],[8038,-2215],[1222,547],[-965,1668],[-225,2140],[225,2190],[1575,846],[2154,-75],[-2797,3086],[-1543,846],[-611,3186],[-707,1493],[0,1518],[1672,1120],[546,2016],[1158,124],[1672,996],[0,2090],[1093,1070],[0,1643],[868,572],[225,1618],[771,1767],[-192,2314],[1639,1046],[322,4604],[-740,1916],[386,1717],[2058,896],[386,1767],[1382,1095],[3794,-622],[1607,796],[2090,-75],[418,498],[4758,-547],[1094,-1867],[-868,-746],[64,-2016],[2283,-1817],[803,0],[804,-1842],[1158,374],[2797,-1618],[739,-1319],[5755,-771],[2636,-2315],[547,-2016],[2026,-1020],[289,-1916],[2540,-1095],[1029,1866],[1414,-298],[3730,1119],[1222,2041],[1832,-871],[3151,-373],[257,-1195],[4823,-3384],[-97,-1369],[-1479,-572],[-868,-1618],[-64,-1394],[-1929,-2165],[-418,-1269],[579,-2240],[-1158,-1294],[643,-1294],[-450,-1394],[1254,-896],[225,-1418],[1479,-821],[2218,149],[1447,1070],[3280,821],[5079,573],[836,2115],[2283,-348],[3890,771],[2154,-771],[129,-1120],[-1286,-6720],[482,-697],[-739,-1169],[-1640,-946],[707,-995],[-643,-1643],[3698,-10403],[-2154,50],[-2412,797],[-2668,-25],[-1061,-822],[-1961,-472],[-1479,-1270],[321,-1891],[1447,-348],[2315,896],[193,647],[4211,945],[1351,-1169],[1897,-100],[32,-995],[2283,-2564],[3247,-796],[1961,-2364],[675,871],[2733,647],[868,1518],[1672,-597],[868,597],[2797,-324],[2669,-597],[1768,-2538],[1607,-150],[1351,448],[128,2140],[1094,349],[-322,1020],[1929,1294],[772,-224],[1639,971],[1351,-324],[2925,25],[1833,-970],[3087,3459],[2057,1195],[225,1343],[900,423],[1833,2813],[2251,597],[643,-772],[1736,175],[1029,970],[2025,-1592],[2283,-598],[2829,423],[965,2066],[289,2613],[1607,398],[2830,-199],[2797,1045],[2926,3659],[-2154,1443],[-676,1891],[1704,125],[4501,-1842],[1351,-49],[482,1169],[1672,1469],[1543,4156],[-579,970],[1254,697],[2219,149],[2958,-1269],[771,-1717],[-1286,-1045],[1029,-1294],[643,-2116],[2540,-1319],[-354,-921],[2540,-821],[1029,-871],[322,-1145],[-1415,-1816],[2218,-1120],[3891,-448],[3182,-1867],[1061,-1667],[1704,-821],[-643,-1668],[579,-1045],[-1222,-3111],[1061,-1194],[-996,-598],[-1962,-3086],[-1511,-199],[-1061,-1145],[-1929,349],[-1221,-1344],[1639,-1518],[290,-1344],[1125,-796],[354,-996],[1929,-1916],[578,124],[3408,-1219],[2926,572],[2894,-1443],[1157,-1593],[1254,75],[2251,2040],[1286,-572],[4211,1095],[2572,-473],[3248,-1742],[1864,-498],[3023,-2812],[2539,-746],[1447,-1319],[1929,273],[2412,1543],[-65,1344],[-2379,797],[2894,1841],[2218,-50],[2444,1071],[1028,1244],[1769,647],[1736,-1518],[611,-1543],[1061,-722],[3536,-746],[1158,-1394],[2282,-1742],[836,-1045],[2797,-1444],[451,-2215],[1993,-2563],[4823,-2563],[578,-1021],[1833,8462],[11896,-1170],[3440,-1020],[1736,-1319],[707,-1469],[1736,-846],[901,-1717],[3568,-622],[1929,-1170],[2283,-821],[1093,-1319],[-707,-2041],[2058,-174],[996,1070],[3794,-25],[1350,647],[547,1568],[2733,374],[2829,1866],[1286,2563],[1833,1145],[-1158,1941],[740,871],[1414,-448],[3344,448],[1640,523],[3440,423],[-1318,1518],[96,1045],[1222,2365],[1511,1767],[1286,945],[3376,100],[3569,1393],[2443,-323],[450,572],[-868,2912],[257,3186],[5562,-548],[4148,-547],[1125,6072],[-2540,249],[354,1792],[2540,-249],[225,1269],[-2669,174],[-1286,-274],[-3986,971],[-2830,-299],[-1125,423],[450,2315],[1286,-498],[418,2041],[-1447,2016],[-385,2040],[8230,-721],[965,4977],[-9453,921],[1254,498],[1801,1368],[418,1344],[-322,1493],[1640,1294],[836,1618],[2347,846],[964,1070],[643,2240],[-803,996],[2797,-25],[418,448],[-1962,1816],[868,1369],[1769,1543],[3858,473],[1961,-547],[2636,-2589],[2122,-921],[4919,872],[3216,1269],[1671,1344],[7202,0],[257175,174],[109698,-174]],[[1516329,3260100],[-1575,1343],[-2412,896],[-3279,0],[-2669,224],[-2668,747],[-3697,1419],[-3698,2662],[-2443,3012],[-1511,2513],[-1801,1817],[-2861,921],[2733,15529],[20994,14434],[3376,37032],[20512,-1170],[3119,34667],[35559,-1618],[4083,36061],[18165,-1145],[4115,36385],[-42825,2339],[-55235,3061],[-5047,-32751],[-515,-4355],[-36973,2588],[-94845,6720],[-15240,18789],[-32022,39172],[-22055,-46937],[-1801,-174],[-2122,1618],[-3568,1219],[-1737,846],[-3761,573],[-2701,1145],[-2379,547],[-1672,-2464],[-2122,-3658],[-4019,-1468],[-1189,-1120],[-32,-1742],[1543,-1767],[1929,-299],[1607,-1269],[418,-1468],[2315,-498],[1447,-772],[707,-1169],[3633,-2813],[450,-1045],[2508,-1344],[1158,-1468],[-7299,-28769],[-55749,3584],[-51506,3384],[-3504,-672],[-611,847],[-2861,995],[-4212,249],[-1736,1543],[-225,995],[-1672,1120],[-1865,-249],[-1768,598],[-708,-1693],[-1671,0],[-2830,-1095],[-739,-1045],[-2219,946],[225,1891],[933,1593],[-2572,-199],[32,1294],[-804,423],[-2025,-398],[-1479,398],[-965,971],[-1447,-448],[290,-1220],[-3280,199],[161,-2090],[1897,-199],[32,-1195],[-2057,0],[-997,1020],[-2122,772],[-740,-597],[-2154,721],[-128,722],[1382,448],[-611,1767],[-868,423],[-2025,-1120],[0,-1568],[-1125,274],[-129,1817],[2315,1518],[2540,2414],[-1544,199],[-900,1468],[-2154,-647],[-482,-2190],[-2154,-572]],[[1122096,3404492],[353,1543],[2283,2265],[1479,1891],[4983,10676],[2283,3982],[4887,9557],[257,1169],[1704,2862],[2090,2016],[-161,1369],[547,846],[-64,1443],[-1769,548],[2540,3136],[2829,2986],[2058,2688],[1704,4878],[836,3085],[1318,6247],[515,3584],[353,5898],[836,746],[3215,1444],[1479,2364],[3601,2688],[3183,2115],[2283,2041],[2829,2912],[579,1169],[1093,3932],[-257,1618],[-1479,2862],[-997,647],[32,996],[1961,1169],[451,697],[-901,1767],[2669,4878]],[[1173698,3511206],[-611,-2091],[354,-1219],[1543,-1568],[1800,-498],[3762,-2563],[2443,-2364],[3794,373],[772,1518],[1447,871],[1286,50],[1221,-871],[258,-1344],[1575,398],[1093,-1145],[64,-2015],[1254,-424],[1801,200],[386,-772],[-1061,-622],[964,-796],[900,-2365],[2379,-622],[161,-746],[2283,-100],[964,-1070],[1737,249],[-193,1667],[2411,-672],[1575,1294],[1897,-199],[1318,-547],[1512,547],[610,-398],[836,523],[1640,-175],[1222,-1319],[2797,399],[3279,871],[-128,771],[2122,821],[2282,473],[1479,-970],[4308,1468],[2219,971],[1479,-175],[1125,299],[2733,-274],[1929,672],[1704,-398],[1029,971],[1768,572],[1125,-348],[2637,1269],[1639,323],[836,-348],[4244,174],[322,871],[2057,423],[1640,-199],[932,-871],[1962,199],[2089,1867],[1576,-50],[3344,448],[1607,896],[1768,448],[1351,796],[2154,548],[1897,1169],[2057,772],[1833,-1543],[1704,-373],[3729,647],[708,871],[1222,174],[2057,1344],[1897,149],[1479,771],[1286,-149],[2861,448],[1447,-149],[1479,1568],[2186,572],[2090,2091],[1286,572],[1383,0],[2475,2688],[3955,1916],[129,1518],[4694,3385],[-611,896],[418,1567],[-804,274],[-2058,-2439],[-3633,-3111],[-128,-1070],[-2026,-1916],[64,-498],[-1639,-1269],[-7073,-2986],[-33,-1344],[-3986,-697],[-1222,-747],[-1929,747],[-1993,-548],[-2605,-1244],[-1511,-124],[-4694,-2365],[-2572,200],[-900,672],[-2604,-1071],[-3376,100],[-1704,-846],[-1929,-398],[-1511,199],[-1061,-672],[-2637,-797],[-4115,-3807],[-1382,-150],[-1286,822],[-2058,249],[-1575,-224],[-611,-971],[-2765,-299],[-2090,448],[-1768,-423],[-2540,-1219],[-1447,298],[-2090,-846],[-579,-672],[-1543,324],[-2604,-373],[-1833,24],[-932,-298],[-2058,373],[-2057,-1145],[-1640,-298],[-2701,-1095],[-1479,945],[-4501,-1244],[65,-796],[-5981,-1145],[-739,1020],[-1543,299],[-1415,-423],[-1222,348],[-1704,-274],[-868,971],[-2218,224],[-579,-1219],[-3826,497],[-3311,-721],[-1190,696],[-1350,-49],[-804,3036],[1125,1767],[-1768,771],[-1543,-1020],[-1543,647],[771,946],[2219,-299],[450,1344],[-740,622],[-1543,100],[-1125,-672],[-1318,1070],[-3151,1767],[-1929,-349],[-1158,-970],[-643,-1419],[-3472,-99],[-1029,1592],[-2379,1966],[-3858,3534],[-193,3136]],[[1175434,3511579],[900,1643],[1479,174],[1897,6047],[1350,1045],[-450,548],[322,4928],[-418,2214],[-1415,3833],[-1865,2613],[-5015,4380],[-2154,2588],[225,1095],[-1061,1245],[-836,-747],[-1415,2290],[-900,2239],[0,1568],[-1318,374],[-3183,4828],[-4180,7540],[-1286,2912],[290,1394],[-643,373],[-450,3609],[-1094,5499],[-3054,8810],[-707,2240],[-6913,473],[-176958,-174],[-900,354908],[-868,343585],[1190,163057],[578,75830],[483,155193],[81727,38226],[78544,36807],[49030,24588],[111724,52138],[18777,2488],[104490,14111],[37423,1568],[108799,4504],[52020,2215],[26813,29043],[52760,0],[-2604,2762],[-1158,2190],[-707,3261],[161,2339],[514,1841],[1158,2166],[1286,1592],[2475,2066],[4437,2165],[4887,1319],[3922,398],[4212,-224],[2347,-522],[2733,-996],[3344,-2016],[2540,-2613],[1704,-3459],[353,-1866],[-96,-2315],[-386,-1842],[-965,-2190],[-2218,-2762],[-354,-1294],[53596,37330],[96452,8287],[57325,-13165],[87354,-20034],[1189,-86605],[-2990,-2091],[-3986,75],[-3408,-1244],[-1126,-1369],[-4565,-996],[-129,-1119],[-5079,-896],[-1254,-548],[-3473,-3658],[386,-1966],[-1286,-797],[-3954,-15205],[-676,-1046],[-3890,-423],[-1254,-1244],[-17490,-12916],[-900,-1220],[-5112,-7914],[-13889,-12667],[804,-1443],[-1640,-3858],[-96,-1294],[-997,-2737],[-1801,-2788],[97,-672],[-1672,-1592],[-514,-1095],[-2122,-2116],[578,-1543],[-482,-572],[-6816,-2514],[933,-1119],[-2444,-3485],[193,-1667],[-1929,-1891],[643,-1991],[-579,-249],[1254,-2887],[-257,-946],[-1993,-2389],[-676,-1219],[-964,323],[-1061,-1393],[1061,-871],[-900,-1270],[-933,-5649],[193,-1667],[-1736,-1444],[1350,-2712],[-160,-1917],[-772,-597],[2122,-2265],[-2990,-1866],[161,-4853],[1286,-1120],[-1383,-1842],[579,-2911],[-997,-224],[161,-1319],[804,-174],[643,-2763],[-868,-995],[932,-1170],[257,-2638],[-1157,-1095],[-3119,-324],[-2411,-771],[707,-1618],[1736,-1792],[-771,-1269],[-3151,-348],[-772,-1941],[451,-1245],[1189,-149],[64,-1966],[-2540,-1269],[290,-1319],[2025,-1170],[740,-2240],[-97,-1717],[-996,-1070],[-1126,-299],[161,-3509],[2251,299],[-225,-2240],[-483,-1792],[1544,-1120],[128,-4230],[740,-1145],[-290,-921],[1833,-1817],[129,-1294],[-901,-473],[97,-1095],[2315,-1269],[289,-1518],[772,-1145],[1479,-896],[1221,-1518],[-321,-1194],[482,-1145],[1704,-2016],[-193,-1294],[933,-1394],[546,-1667],[1447,-796],[2058,-2862],[643,-1842],[192,-2215],[740,-373],[482,-1668],[-257,-1393],[1093,-274],[1704,-3534],[289,-1269],[2444,-4355],[128,-3310],[-160,-4281],[1029,-1070],[-65,-945],[1061,-871],[579,-1668],[1961,-1194],[450,-1519],[-225,-1343],[579,-2091],[1575,-1692],[-96,-2638],[-1093,-2663],[-772,-772],[900,-2015],[3923,-7715],[739,-2290],[-804,-3434],[1126,-1692],[932,-2688],[-1061,-1543],[-64,-2066],[514,-3434],[-64,-2066],[1157,-1692],[-64,-2265],[997,-2264],[-643,-921],[-2701,-274],[-1833,324],[-4501,-548],[-675,-249],[354,-2140],[5916,-2464],[3600,-4181],[1544,-4031],[450,-2116],[0,-1767],[868,-1518],[1093,-647],[772,-2513],[1125,-1021],[96,-3061],[5820,-5077],[514,-2015],[-1093,-1319],[-2829,-2016],[-836,-1493],[-97,-1270],[-1446,-1792],[225,-1418],[1221,-2315],[-321,-1617],[1157,-5923],[933,-597],[996,-3061],[354,-3360],[-643,-1568],[-129,-2738],[-739,-2712],[-868,-1518],[-1865,-2041],[-643,-2265],[-1543,-1269],[-1126,-199],[-1929,1095],[-3408,1419],[-11542,-1295],[-385,-124],[-8906,-7043],[-418,-1294],[-1286,-1294],[-290,-4480],[611,-4977],[-321,-622],[16461,-6869],[1286,125],[3247,-3186],[997,-1394],[5305,-3484],[2733,-1219],[2347,-1543],[610,99],[3794,-1816],[643,-921],[-578,-772],[546,-1493],[64,-1717],[1672,-4728],[129,-4181],[-386,-1618],[-1029,-1269],[-1800,-697],[-3826,-50],[-4919,-17844],[1961,-1194],[-772,-1021],[-900,0],[-10513,-15778],[1672,-1717],[2122,-3559],[-836,-2190],[2347,-1791],[4983,-1170],[3247,647],[2315,-473],[2058,75],[3729,-1593],[2733,-274],[900,-498],[772,-1418],[0,-7391],[-1125,896],[-3055,696],[-3375,-298],[-2990,224],[-2251,-2066],[-96,-871],[482,-3608],[3794,-2564],[321,-1070],[2797,-2289],[-225,-3634],[3505,-3161],[-804,-1990],[-1865,-1071],[-1607,-298],[-3569,-100],[-3440,-348],[-1286,-573],[-4373,-74],[-1575,-871],[-2508,224],[-5594,-25235],[2507,-1917],[33,-1144],[-2347,-1842],[-2380,-1419],[-1414,-224],[-5273,-15803],[257,-1119],[-1929,-523],[-1382,-1294],[1093,-3036],[1286,-971],[-515,-2613],[-3440,-871],[-1061,-697],[258,-1269],[1446,-2115],[1286,-1095],[-1768,-1095],[-7073,-27226],[1382,-797],[-1061,-1269],[-3215,-373],[-1800,-1942],[-386,-2289],[-932,-1593],[1125,-2986],[2765,-971],[-450,-1393],[-2862,-2091],[-2636,-1418],[-4533,-3086],[-611,-2265],[-932,-224],[-1737,498],[-3183,-249],[-321,-1319],[2154,-1966],[-225,-1245],[-2829,200],[-2862,-1046],[-257,-1120],[418,-1592],[1897,-2439],[-547,-1120],[-1671,-1120],[-1962,572],[-546,1444],[-3955,1468],[-643,1020],[-1736,-373],[-3086,-199],[-258,-2066],[-2347,-671],[-1446,-1046],[-3891,-995],[-5337,-2414],[-1446,-2066],[-1351,-796],[386,-2937],[579,-249],[-386,-2439],[-6237,-3061],[-418,-1294],[-1640,50],[-3215,-1642],[0,-1394],[1447,-2140],[2122,-3908],[1254,-1144],[2379,-3858],[-708,-846],[97,-1219],[1640,-1991],[2089,-1991],[2219,-1717],[1672,-3385],[1125,-1294],[-129,-3235],[-707,-3261],[-129,-1692],[322,-1393],[-675,-3808],[1382,-523],[2476,-2936],[1768,-1070],[3151,-2564],[289,-2538],[2315,-2140],[1286,-548],[3697,-2514],[-739,-2438],[707,-2638],[1061,-1021],[225,-3011],[1383,-1742],[2057,-1767],[33,-1145],[-2637,-2389],[-1157,-498],[-2637,249],[-5465,-50],[-2154,-1120],[-1126,-1119],[418,-2688],[-771,-1817],[1511,-946],[611,-995],[2025,-1443],[2187,-1095],[-354,-1220],[-1415,-597],[-3569,-672],[-546,-448],[450,-2190],[-1350,-4181],[-643,-1269],[1350,-1742],[1993,-548],[2540,-1667],[2251,-1195],[1189,-1194],[1865,-822],[1833,-1344],[1286,-4131],[32,-2887],[-3183,-2687],[-3247,-871],[-1351,0],[-771,-772],[353,-1866],[-610,-2663],[-1447,-2912],[611,-1593],[2122,-4106],[-290,-1817],[1093,-2264],[-900,-2265],[322,-2190],[2282,-2016],[-1189,-2613],[3247,-1419],[611,-796],[4405,-3509],[-258,-1866],[611,-2265],[1029,-2041],[3440,-2289],[482,-896],[418,-2340],[547,-547],[6655,-4977],[1222,-523],[11896,-349],[1447,847],[1253,2364],[1094,1070],[1832,572],[1865,-1070],[193,-3957],[-1318,-2513],[321,-1469],[3858,-2140],[1125,-348],[1061,-2290],[-96,-1916],[-2411,-2862],[-3569,-3459],[-3183,-2788],[-997,-1642],[161,-1618],[2476,-2837],[1221,-3733],[2155,-2364],[-804,-2563],[1061,-2688],[2475,-2315],[1158,-696],[0,-1021],[-1447,-2912],[-2508,-895],[-3151,-1469],[-1511,-249],[-675,-1443],[1126,-1792],[-97,-970],[-1093,-1792],[1897,-1319],[3054,-996],[1608,-50],[2315,-1567],[1832,-2365],[64,-2264],[965,-1220],[1575,-647],[643,-1369],[-321,-846],[-3183,-871],[-1833,-1742],[-900,-1841],[-2379,-1394],[-354,-1195],[1158,-1020],[353,-2613],[3730,-3634],[64,-1095],[2508,-3608],[386,-1045],[-547,-1593],[-1222,-324],[-1028,-1543],[675,-1866],[-322,-1817],[4662,-4479],[1350,-175],[3923,-3160],[4887,-473],[5498,1941],[1446,846],[1190,1941],[2894,100],[1189,946],[997,-224],[225,-2240],[-611,-1344],[-2476,-1866],[-1028,-1718],[1382,-2687],[1575,-996],[1479,-1518],[6688,-622],[0,-1493],[-1383,-1842],[32,-3011],[1672,-2937],[1222,-498],[2701,-74],[1864,622],[740,-672],[-225,-2389],[-2572,-3559],[739,-3086],[-1222,-4903],[901,-3409],[1061,-1145],[14596,-5898],[1318,-796],[933,-4679],[2604,-2140],[3151,-1643],[1607,-2264],[257,-822],[2026,-522],[5562,-3708],[3955,-1319],[2732,-1867],[2283,-498],[5241,-3235],[1318,-2240],[-225,-1767],[1125,-2911],[3633,-4032],[-96,-1817],[3601,-2862],[2861,-846],[2476,-2563],[1479,-4032],[5304,-3434],[4952,-4181],[5369,-5500],[2025,-5102],[-64,-1518],[932,-771],[258,-2439],[6944,-3410],[2412,846],[1768,125],[2090,-448],[4854,-3136],[1640,-572],[643,-1095],[6141,-2688],[2926,-100],[2732,-1543],[2862,-1244],[8777,996],[611,547],[2797,-174],[5691,448],[3601,-573],[9645,2589],[1350,920],[4501,6197],[161,797],[2572,771],[1222,772],[289,1791],[997,498],[3344,-1319],[11638,-274],[5884,-6097],[1189,-348],[354,-2016],[1222,-1991],[3665,-2066],[1382,-1990],[0,-2390],[901,-472],[6912,24],[482,274],[3955,-622],[2990,-1717],[1382,-274],[2347,-1468],[1608,-349],[3408,-99],[3569,-971],[2379,-1916],[-32,-1717],[-2572,-2812],[-322,-1543],[515,-548],[-1254,-1418],[739,-2688],[965,-1045],[1221,-3012],[386,-2439],[2154,-2190],[2572,-2190],[965,-1966],[354,-1617],[1800,-1145],[6237,-2290],[3698,-1617],[2572,-2116],[1704,-2538],[2089,-1170],[1672,-3409],[65,-1095],[5272,-1966],[2154,-249],[2155,249],[3054,-622],[354,-722],[2122,-722],[1478,324],[2798,1269],[1575,-324],[3569,-1592],[836,-1767],[1350,-921],[611,-1692],[1961,-1319],[1286,-448],[7588,-1095],[1189,472],[3312,324],[1993,-398],[2669,-75],[803,-572],[4019,-647],[3633,-175],[5144,299],[4727,-2464],[1800,-1767],[1286,-796],[1993,-473],[2862,-50],[3344,-970],[2379,-971],[1061,25],[2990,-1991],[1446,-622],[483,-871],[3794,-597],[3729,398],[1961,-249],[2090,-1145],[2958,-473],[3279,-970],[515,-498],[3986,-946],[3473,-199],[1382,-373],[7941,-1219],[3762,-1942],[1061,-2040],[2476,-1991],[4372,-2638],[3312,249],[1511,-1966],[900,-274],[3183,0],[3826,-672],[6719,99],[4116,-1891],[2572,-622],[4533,-3235],[1672,-498],[2058,75],[4726,-2016],[1768,-2016],[0,-1419],[5305,-6843],[1768,-1095],[161,-573],[6655,-1170],[1158,847],[5047,124],[1576,-448],[4115,-572],[2315,-1369],[3022,-2290],[2379,-2215],[836,-1791],[3472,-2539],[1929,249],[1608,-249],[1447,-722],[3665,-2762],[772,-1170],[2990,-2463],[128,-1220],[4212,-3957],[2090,-348],[3215,-2489],[1511,-2663],[1350,-274],[3183,-2662],[225,-2738],[2412,-1941],[2700,-1792],[450,-2439],[-707,-821],[900,-3011],[1736,-2688],[1190,-1220],[3119,-522],[1511,-2315],[611,-3036],[3793,-3210],[740,-3136],[1479,-946],[1961,-174],[900,-3210],[1061,-249],[3440,-2115],[1254,-1718],[386,-3210],[1254,-1468],[32,-3609],[836,-1169],[1479,-299],[868,-5475],[932,-2165],[322,-2141],[1993,-6968],[-128,-1717],[1028,-1667],[-160,-2016],[1607,-4530],[450,-3509],[-128,-3981],[-1576,-4057],[-1093,-3260],[-2572,-2215],[-3954,-7989],[2154,-4031],[1575,-697],[772,-3036],[-611,-1294],[450,-2315],[-611,-2812],[-707,-1095],[996,-4828],[1222,-1394],[2701,-1393],[-225,-2066],[675,-1792],[1704,-2016],[289,-2961],[-2540,-3534],[-1028,-5201],[2539,-5475],[836,-1021],[-932,-3260],[547,-1518],[2025,-1419],[225,-1866],[-836,-1319],[-289,-1916],[482,-1842],[1029,-1020],[3086,-1245],[-96,-1169],[-1061,-2489],[193,-3185],[-354,-623],[97,-5475],[1382,-1368],[515,-1295],[128,-2563],[515,-1170],[-161,-1791],[1511,-3111],[1672,-1468],[289,-2041],[4148,-5077],[1157,-3235],[161,-2414],[900,-2514],[257,-1742],[1543,-6819],[3441,-4728],[482,-1991],[-193,-2987],[-643,-1393],[2025,-4082],[901,-2215],[-225,-3583],[225,-1145],[-1672,-4878],[-1704,-2389],[1768,-3907],[-418,-2439],[-1897,-2713],[450,-1418],[-1961,-4082],[3087,-4728],[546,-3733],[3151,-5201],[643,-747],[-868,-3957],[418,-1020],[-643,-1394],[-2508,-11274],[386,-2663],[-322,-2662],[-2347,-1369],[-803,-1045],[-193,-2365],[225,-1493],[5626,-5450],[868,-1394],[1961,-8113],[1640,-2389],[129,-1642],[-3633,-6670],[128,-2713],[515,-1443],[-322,-1767],[1994,-7939],[2604,-6221],[-161,-3584],[-997,-1892],[-64,-2538],[2379,-1518],[1318,-1518],[290,-2315],[2186,-4728],[1993,-1344],[2540,-2090],[1029,-1469],[1383,-3285],[353,-2190],[-1350,-2787],[-836,-324],[-289,-5276],[2507,-2638],[-643,-3061],[-1125,-1418],[7491,-14758],[3698,-1244],[2347,-1195],[1382,-2613],[-64,-3733],[-257,-1493],[-3055,-5724],[-3215,-1618],[3665,-8461],[3762,-9283],[1447,-572],[1093,-1518],[129,-2365],[40670,-15156],[611,50],[1158,-2090],[8552,-5002],[836,-1220],[5562,-14135],[4501,-4779],[4308,-4828],[1511,-697],[-161,-671],[10031,-18715],[869,-1145],[27392,-18715],[1543,-647],[836,-1468],[193,-1444],[3537,-7540],[2347,-473],[1093,-1095],[-257,-747],[193,-10153],[1028,-847],[22956,-5151],[1383,-2738],[-1158,-4156],[-354,-4255],[611,-1668],[15336,-3086],[14275,-14384],[965,-324],[1446,-2613],[965,-2961],[9195,-4629],[11124,-5202],[1736,-273],[226,-672],[-1544,-597],[-17618,-9009],[578,-2066],[-610,-1991],[14435,-12593],[10353,-19685],[1447,-1767],[610,-2762],[-1061,-2365],[-1575,-1742],[-1415,-11049],[1447,-473],[1511,-2539],[161,-1468],[-482,-1244],[2765,-5873],[-4919,-3534],[-2347,-1195],[2347,-5674],[257,-1319],[5208,-5550],[1479,-1045],[-868,-2837],[-161,-3609]],[[2753878,2931073],[-131561,-398],[-21187,50],[-4244,-124],[-3376,248],[354,-1368],[-2701,-1991],[-3086,-772],[836,-821],[-386,-2663],[-2412,722],[-1061,-1045],[1801,-896],[-1318,-2887],[-1608,-622],[-3022,199],[129,945],[-9292,672],[-64,-473],[-4919,349],[-3891,50],[-160,-1170],[-2026,324],[-1222,721],[-610,-2862],[-1254,100],[-708,-5625],[33,-1941],[900,-1095],[-3247,-771],[-1222,25],[-2090,-2190],[-2669,721],[-1125,1145],[-1479,2688],[-2411,1194],[-740,946],[-2957,-1244],[-643,-2165],[-1994,-423],[-1318,298],[-1190,-1916],[-1221,-771],[-2669,-872],[-2733,-174],[-707,797],[-1768,547],[-2829,149],[-2058,523]],[[2520753,2907207],[1543,10751],[-1833,1020],[-771,1095],[96,2016],[-1864,2414],[-868,1717],[225,2166],[-901,1966],[-1028,1269],[964,1344],[-1125,1294],[-1929,1244],[-3312,3360],[-3086,1319],[-3440,2887],[450,1294],[-579,697],[1897,3011],[321,2887],[-675,821],[1640,1394],[2122,149],[-772,2091],[1640,472],[161,1319],[-2572,2265],[-418,1468],[-1897,473],[128,2389],[-996,1668],[-1029,99],[-32,1842],[-1383,846],[-739,1195],[482,1617],[-1061,1145],[-3054,-597],[-1640,-2464],[-11478,4156],[-2411,4579],[-2894,224],[129,9432],[-11060,697],[1640,2538],[-1511,822],[-290,970],[-3022,125],[-1929,3683],[547,946],[-418,2239],[-643,448],[-3344,523],[-932,1195],[-901,2115],[901,796],[-676,672],[-1800,398],[-354,672],[-2122,523],[-96,2787],[1254,473],[1768,1543],[-225,1244],[-3119,1195],[-1704,-373],[-289,1493],[1029,896],[-1479,2638],[2090,1145],[4501,3110],[1318,2564],[-1575,821],[-901,1319],[-514,2090],[868,324],[193,1170],[1125,622],[836,2588],[3762,2066],[964,1468],[-1029,498],[-417,3160],[610,1668],[-610,1194],[2443,3733],[1286,398],[643,2091],[-836,846],[2315,1817],[1768,3857],[-1382,1120],[-1929,2140],[-3987,249],[1415,1468],[3472,1295],[0,672],[-2347,696],[-1093,1095],[-2026,399],[-546,1518],[4019,1269],[771,-473],[2283,697],[-3054,1767],[1318,995],[450,1170],[193,2414],[-1833,672],[-193,1170],[-1543,1468],[-321,821],[610,3136],[-1221,1717],[-97,2663],[-996,1045],[160,1767],[-1286,1916],[-1029,747],[1833,2165],[-2668,1319],[-1865,224],[-868,1244],[160,1618],[-2636,896],[-2347,1468],[-3247,125],[-836,871],[-5337,1294],[-1318,1095],[-2219,74],[-1189,946],[-2058,921],[-2636,373],[-1833,-74],[-2443,1368],[-1640,2240],[-3151,821],[-804,822],[-1318,-25],[-1447,-871],[-1350,2563],[2444,2763],[-418,1194],[1221,597],[-868,3086],[2830,2638],[-2315,75],[-1801,-1767],[-771,124],[-2347,-1343],[-1801,-1369],[-2122,-349],[-1447,-746],[-1061,821],[-3118,-348],[-2604,-672],[32,-797],[-3505,50],[-1254,1095],[-2475,224],[675,8188],[-1768,124],[-2347,1693],[3890,-299],[161,1269],[-2347,199],[836,1220],[-676,3708],[836,1095],[-1800,1169],[-2379,224],[418,4181],[-5691,5575],[-2508,1817],[965,572],[-2122,1916],[-6012,473],[-354,-2439],[-3440,274],[-482,-3434],[-1479,-921],[-97,-772],[-1350,-871],[-611,-1592],[-2058,-1693],[-1029,1195],[-1896,1020],[-2958,224],[-2026,-1244],[-1382,-50],[160,2489],[-2089,249],[96,672],[-2186,472],[-707,1046],[-1286,199],[-1415,-1568],[-1447,-149],[-1029,970],[708,772],[-2251,323],[-1157,1717],[-2380,1195],[-192,970],[-1512,399],[-610,2065],[0,1220],[-2315,-150],[-129,1668],[1640,796],[-3537,1369],[322,1394],[2025,1767],[611,1518],[-2668,-598],[-2283,971],[-3022,0],[450,1692],[-1254,2962],[-1447,-75],[-2347,946],[-611,746],[-353,1991],[-1254,498],[-836,1244],[-3312,1021],[-96,771],[1447,647],[836,971],[-515,2613],[-2508,796],[-2186,-348],[-1286,846],[-1607,174],[-4019,2862],[-1897,2539],[900,672],[-1865,2513],[-836,149],[-514,523],[-1833,1643],[-2282,273],[-2283,-423],[-1479,1070],[579,871],[64,1593],[-547,1045],[-1253,772],[-129,2439],[514,2563],[-2282,1020],[257,2614],[707,920],[-64,1145],[-4276,1518],[-1222,150],[-2315,970],[-707,1742],[-1383,-124],[-2089,1194],[-3055,374],[-2379,-1270],[-1929,747],[-2861,722],[-1126,-473],[-1864,1194],[1125,2066],[964,473],[-2475,1493],[128,548],[-6687,2538],[-2829,-174],[-1254,1219],[1704,498],[-1672,871],[-3022,-995],[-2154,-2713],[-1511,-1344],[64,-1195],[-1029,-1194],[-1511,-548],[193,-995],[1640,-448],[-1061,-1219],[-2669,-623],[-2604,-2165],[-868,-1169],[836,-1419],[1575,-274],[418,-2065],[1061,-1568],[1479,-647],[386,-2837],[-933,-548],[-3279,-921],[-1736,-1294],[-1383,-224],[226,-1244],[-2122,-572],[-1029,-971],[-2379,523],[-3248,-946],[-1800,-1493],[-3569,1244],[-2379,1817],[-1961,249],[-1061,-473],[-1640,1742],[-964,-324],[-322,-1991],[-2636,-1070],[-804,-1169],[-1061,-175],[-1093,1046],[-1383,4131],[-1221,1443],[-1994,-1120],[-514,-970],[-2636,-822],[-804,-1990],[-1126,-1220],[483,-647],[-1126,-1294],[-2218,-50],[-1833,647],[-996,-1369],[0,-1891],[-2219,971],[-1286,-25],[-771,1767],[-1029,896],[289,1020],[-1221,1443],[-2733,175],[-322,1020],[-2025,2862],[-5273,4903],[-4340,2165],[610,2538],[-771,2041],[-1929,921],[-65,1169],[-964,1145],[-3762,274],[-5915,224],[-4630,2289],[-1576,-398],[0,-1816],[-578,-1519],[-1704,-323],[-2444,473],[-836,-1045],[97,-2215],[-1543,-3211],[-193,-1518],[868,-1294],[257,-1842],[-1190,-3384],[-1864,-896],[-1640,-1269],[-2058,373],[-5594,1419],[-643,622],[-2636,746],[-676,697],[-2668,-323],[-2186,-797],[-2347,672],[-1544,1518],[-3086,1195],[-1736,174],[-997,622],[-1768,199],[-3215,1319],[-1511,2215],[-2026,-25],[-3987,-1020],[-289,-1443],[-2347,-274],[-1447,-573],[-2122,1270],[-3150,-25],[-2637,-1245],[-2122,-1443],[-160,-1294],[-1415,-622],[546,-1195],[2122,-398],[997,-2638],[1286,-796],[0,-847],[-1993,-2314],[-1254,100],[-2636,-1319],[-997,348],[-1158,-548],[-1414,822],[-515,896],[-1800,273],[-1993,-273],[-2476,1244],[-1190,1692],[-1511,-373],[-2861,622],[-2090,1045],[-2733,-1966],[-1350,-696],[-1897,398],[-2379,-1618],[-3087,-697],[-2636,548],[-225,2090],[-2283,2215],[-1865,523],[-1125,921],[-1125,2438],[-1254,1095],[-1382,0],[-4855,2489],[-1543,1568],[-1769,1195],[-2668,871],[-1447,-1095],[-1543,-25],[-2251,-2091],[-1479,-3758],[-1189,-771],[-2058,-2713],[-2251,-398],[-1639,-2041],[-2765,-25],[-1704,797],[-3569,2787],[-2733,-1369],[-161,-1393],[-1414,-523],[-1125,299],[-2251,-1643],[-1704,-473],[-772,473],[-32,1618],[-804,1319],[-1414,174],[-1383,796],[-707,1643],[-1833,746],[-289,1021],[1029,846],[-675,4704],[-1801,-75],[-771,921],[1575,1194],[-3311,2539],[-290,1095],[-1575,846],[-2379,0],[-836,448],[-3151,-921],[-3472,871],[64,1767],[-2604,299],[-1254,1144],[-1222,423],[257,822],[-546,2538],[-675,1145],[-2026,1219],[-1704,2166],[-1286,2961],[-1222,1045],[-418,3236],[-2057,796],[-2476,-149],[-546,398],[-708,4529],[-771,3808],[482,1841],[-3280,-323],[-2282,970],[-772,1394],[-1672,-249],[-2090,1444],[-1221,-473],[-2508,-199],[-1511,249],[-740,-1270],[-1896,-771],[-1608,-1195],[-2026,473],[-771,-1369],[-2315,25],[-2990,1294],[-1511,25],[-1415,647],[-2122,125],[-1832,1767],[-1318,796],[-3055,996],[-1768,74],[-4405,1344],[-1286,647],[-2347,-821],[-193,796],[-1897,1120],[-3086,797],[-386,-921],[-2668,-548],[-1994,-1468],[-193,-1568],[-1511,-821],[-2636,-672],[-1929,-946],[-1318,1070],[-386,1021],[-2186,174],[-33,1269],[-1061,349],[-385,1070],[-1608,-473],[-868,622],[-3247,1244],[-161,1145],[-1897,50],[-868,-498],[-643,-2115],[-1575,-1419],[-1544,-398],[-1993,-1419],[193,-1518],[-868,-348],[-2411,100],[-3891,1070],[-3086,-1270],[-1190,-1667],[-1543,-398],[-1543,-2091],[-1929,-846],[-1126,349],[-4243,-573],[-2283,423],[-1061,-373],[-675,-1518],[-2251,398],[-643,498],[-2090,-1120],[-1897,498],[-289,921],[-1543,597],[-1447,-150],[-2894,946],[-2347,0],[-2636,2315],[-1640,2812],[-2797,-224],[-2700,1120],[-1061,-224],[-3023,1543],[-835,-473],[-2412,746],[-836,1295],[-1254,448],[-1961,-822],[-1672,1518],[-707,1718],[-2379,920],[-932,1892],[-1029,647],[1479,1817],[-483,1617],[-1189,622],[-2090,249],[-1961,-522],[-1318,74],[-1286,1170],[-1126,-349],[-578,-1020],[-3666,722],[-1993,-971],[-1929,-124],[-1447,597],[-3633,-970],[-2990,547],[-2829,-523],[-2508,-1219],[-482,-697],[-1897,75],[-2058,-573],[-1029,-846],[-2957,772],[-1061,547],[-5241,523],[-2154,1518],[-1801,-75],[-1511,423],[-1221,1195],[-1833,846],[-3022,597],[0,1319],[1575,1220],[-1543,896],[-2797,-324],[-3376,324],[-2090,1045],[-836,1145],[-2025,323],[-1158,-1667],[-2025,-797],[-2862,-273],[-3247,2563],[-3794,722],[-4468,-150],[-3376,-348],[-3215,-846],[-4823,-1817],[-5916,-2837],[-6141,-2389],[-1479,-1742],[-2700,-174],[-4759,-2091],[-2475,-398],[-1961,149],[-2283,-249],[-1929,-1617],[-3762,-1045],[-4437,-623],[-3375,399],[-6205,995],[-2894,1369],[-5048,-1269],[-6526,-697],[-2476,348],[-5980,-473],[-2861,-74],[-2830,746],[-9999,-1493],[-3986,-423],[-2090,-896],[-3730,100],[-7073,5251],[-1672,-324],[-1318,-846],[-2379,398],[-5819,2912],[-9710,1667],[-4855,175],[-5112,-249],[-6462,-1941],[-2508,124],[-7201,-572],[-6013,398],[-5980,1194],[-5498,224],[-5433,-25],[-3504,-398],[-2219,871],[-4212,697],[-6398,-896],[-2186,-25],[-804,-1020],[-1254,-224],[-2732,-1543],[-3408,1792],[-2894,722]],[[2008848,4906301],[-4469,298],[-2894,623],[-4662,672],[-1704,423],[-3633,1518],[-3440,2488],[-1383,1469],[-3311,5201],[-3408,-697],[-2411,-224],[-3055,100],[-5240,921],[-2154,597],[-4630,1841],[-3762,2638],[-1961,2166],[-1736,3384],[-482,2688],[193,2265],[514,1791],[1093,2141],[1865,2439],[3054,2339],[2604,1269],[4051,1070],[2444,224],[3504,-50],[4951,-945],[4887,-1693],[3859,-1966],[1961,-1543],[2154,-2414],[3890,1369],[3601,523],[4694,0],[3344,-423],[5079,-1593],[1994,-1020],[6559,-4704],[1414,-1518],[1833,-2787],[1479,-4380],[418,-3410],[-225,-1841],[-1511,-3485],[-1222,-1567],[-2733,-2489],[-3922,-2165],[-4501,-1269],[-2990,-274]],[[1877511,4966377],[-4244,423],[-2347,622],[-2668,1145],[-3601,2588],[-1350,1568],[-1608,3086],[-514,2812],[353,2813],[676,1841],[1671,2514],[2380,2165],[2957,1717],[2219,821],[3536,747],[1158,1866],[2090,2166],[1672,1219],[4565,2240],[3987,945],[3118,324],[4437,-249],[4373,-946],[3568,-1567],[1801,-1170],[1993,-1717],[2154,-2713],[1447,-3409],[225,-2713],[-836,-3683],[-1511,-2564],[-1254,-1592],[-2475,-2091],[-2444,-1393],[-2604,-1120],[-2251,-647],[-2957,-448],[-4180,74],[-2829,-2513],[-2476,-1394],[-3955,-1294],[-4276,-473]],[[1458683,4900776],[-2379,124],[-4598,1021],[-3054,1418],[-2958,2190],[-1351,1469],[-1639,2886],[-1479,4331],[-1543,4007],[-193,2812],[868,3210],[964,1742],[2862,3036],[2990,1742],[9613,1120],[10642,-3111],[10802,4704],[33405,4405],[11574,348],[23696,3460],[4115,-921],[2668,-1170],[3569,-2563],[1704,-1916],[1511,-2813],[836,-2414],[322,-3932],[-258,-1816],[-1253,-2663],[-1769,-2887],[-1479,-1991],[-2861,-2364],[-707,-2713],[-1158,-2115],[-2025,-2290],[-2637,-1891],[-5272,-2613],[-5402,-1419],[-2829,-274],[-5273,299],[-3890,846],[-3087,871],[-4243,-572],[-3955,74],[-9099,672],[-4147,-497],[-2315,0],[-4533,547],[-2219,548],[-4340,547],[-5594,1468],[-5369,1767],[-4116,-2040],[-1865,-1369],[-3375,-1817],[-3826,-1120],[-4051,-373]],[[1391070,4865188],[-1737,75],[-7073,995],[-4630,1070],[-3858,423],[-6944,1568],[-5659,1892],[-3343,1692],[-2701,821],[-1993,921],[-3312,-946],[-2315,-298],[-3279,-50],[-2444,274],[-3472,920],[-2122,871],[-2765,1718],[-2861,2911],[-1640,3410],[-322,1767],[33,2240],[385,1791],[933,2215],[1479,2066],[3890,3534],[1833,1145],[4276,1642],[7266,1394],[3504,99],[2894,-348],[3794,-1170],[2893,-1393],[4019,920],[4051,224],[1736,-124],[9195,-1493],[4437,-846],[7620,-1942],[4951,-995],[3344,-1045],[2475,-1294],[4019,-2613],[1672,-1369],[2251,-2787],[1253,-3136],[258,-1817],[-547,-3633],[-772,-1742],[-1961,-2713],[-2443,-2265],[-2733,-1816],[-3504,-1519],[-3280,-796],[-3569,-398],[-3182,-50]],[[1376473,4935418],[-4823,448],[-2089,398],[-4919,0],[-6849,822],[-5047,-473],[-5144,199],[-1929,298],[-4277,0],[-2957,523],[-2122,622],[-5177,797],[-7491,2463],[-1479,647],[-2990,623],[-2218,796],[-3890,2314],[-2508,2688],[-1190,2091],[-739,2663],[-804,1244],[-964,2538],[15625,11946],[11413,4081],[9388,-473],[13922,2489],[6623,-846],[12314,-9606],[22762,-9034],[-932,-6695],[-1350,-3509],[-1190,-1592],[-1833,-1792],[-1800,-1220],[-5691,-3384],[-3247,-1245],[-2926,-597],[-3472,-224]],[[1145823,4855283],[-3601,349],[-4501,1368],[-3729,2215],[-2830,2912],[-1189,2066],[-901,3509],[33,2215],[1061,3484],[1607,2439],[-3279,1767],[-2379,1966],[-2830,3011],[-1543,2563],[-707,2315],[-65,2812],[965,3210],[1704,2539],[2733,2986],[1832,1692],[2251,1518],[4276,1693],[2315,2190],[2058,1642],[4051,2066],[2282,672],[4212,498],[2926,-100],[3954,-796],[3601,423],[2444,-75],[2958,-498],[2282,-697],[3987,-2115],[2347,-2140],[1704,-2439],[1125,-2986],[386,-3012],[0,-2588],[-643,-2986],[-836,-2016],[-1447,-2489],[-2507,-3011],[-2476,-2041],[-2958,-1742],[-1640,-746],[1736,-2315],[804,-1692],[611,-2290],[64,-1866],[-321,-2315],[-1222,-3086],[-2025,-2862],[-1833,-1816],[-2218,-1568],[-2026,-996],[-4372,-1742],[-4019,-871],[-4212,-224]],[[1100072,4802623],[-5272,523],[-2862,846],[-3986,2165],[-3055,2912],[-1479,2563],[-643,2265],[-32,2812],[965,3658],[1864,2937],[3151,2737],[1736,1095],[2894,1344],[3247,946],[3408,572],[3569,299],[3633,75],[2411,-199],[2894,-672],[4179,-1842],[2926,-2339],[2283,-3285],[932,-2713],[65,-3285],[-643,-2290],[-1190,-2190],[-1318,-1567],[-2444,-2066],[-4147,-2290],[-4533,-1742],[-3859,-921],[-4694,-348]],[[966068,565126],[35076,-2688],[25496,-1916],[9324,61445],[11960,572],[193,3584],[45461,199],[47390,-3509],[12989,-11274],[22763,-1767],[2572,722],[3151,-1145],[3151,-597],[3150,-299],[1640,224],[1865,-721],[2154,373],[5176,199],[9838,-771],[5273,-1120],[17040,-1469],[-579,871],[611,996],[1576,-50],[1093,672],[-868,771],[1221,1170],[-932,1767],[1415,125],[707,871],[-772,995],[-1607,548],[2250,2389],[-771,2015],[-1608,-323],[-1222,323],[-1414,-547],[-868,2339],[-1093,747],[-1351,1717],[708,1742],[-1126,1643],[-2057,1120],[1446,2662],[-160,1295],[836,373],[482,2538],[-547,1095],[-1093,50],[-1222,1394],[-1543,522],[-1479,2688],[-1382,946],[0,1145],[-1576,174],[-610,2414],[-2122,1941],[-65,1269],[-1736,772],[-739,2090],[-2058,1394],[-1061,1468],[643,1045],[-836,647],[-1929,-49],[-3247,3434],[482,1095],[-1511,995],[997,2439],[-901,399],[451,1070],[-1029,1468],[-1126,771],[611,747],[-1800,1344],[-932,1667],[-2026,622],[-1061,4206],[-964,274],[-1222,3932],[1061,-99],[482,1418],[-1479,2414],[-1704,1294],[32,1145],[1672,846],[-546,2290],[-1029,2314],[257,1045],[-1125,2887],[739,1991],[1865,3036],[1575,1867],[515,2115],[25238,-1742],[257,1817],[29965,-1991],[-64,-2066],[53756,-3683],[257,1618],[4983,-2613],[1415,4131],[546,2240],[129,4330],[1093,846],[2347,2638],[1351,2962],[-65,995],[1061,1319],[2219,1045],[1543,1270],[-322,1194],[1158,1344],[-193,1941],[3119,2738],[1189,1443],[-707,1120],[611,1692],[3408,6670],[803,99],[1286,2041],[1094,324],[3215,2364],[321,1020],[1318,1344],[-5787,25584],[5530,36434],[4019,22746],[6687,-547],[1447,7018],[5144,-75],[4566,2090],[15175,9905],[3536,0],[5080,1369],[3730,1767],[1382,1219],[6045,1792],[6462,797],[1865,-374],[4951,1245],[836,2787],[7202,1493],[1189,747],[3022,199],[3730,1020],[2411,25],[2444,1618],[4276,2115],[7941,3186],[193,547],[5466,2539],[4340,1692],[193,1792],[3890,2588],[21155,12792],[47744,-2887],[-900,-1220],[-129,-1493],[-1061,-2489],[-2539,-572],[-1897,-50],[2957,-2065],[31251,-2365],[24660,-1841],[-2251,-15355],[-3279,-20656],[5819,-498],[22056,-1667],[3826,26081],[19997,-1419],[49062,-3459],[2348,17993],[1446,10005],[38453,-2738],[10931,-722],[1415,-796],[2314,174],[4116,-1468],[1543,-871],[643,771],[17040,-1095],[1929,13514],[-11735,771],[3311,23543],[676,1070],[-1447,2265],[1414,1468],[1930,14882],[-354,25],[1415,8487],[-1029,821],[386,2339],[1382,1369],[10545,-647],[22988,13339],[15143,8760],[4855,-4206],[2154,-1319],[933,-1493],[996,-547],[2122,348],[3440,1618],[2187,-498],[1671,-1219],[3794,-1145],[1897,-1444],[2926,-572],[932,-1070],[6623,-3634],[386,-1368],[1318,-871],[3087,-921],[6108,-1444],[5755,-4255],[-160,-896],[4822,-4530],[7041,-12642],[-2540,-523],[-707,-1991],[-3826,-2065],[-6301,373],[-611,-149],[-1190,-1767],[-161,-1941],[2090,-1444],[290,1991],[23823,-1393],[97,672],[31990,-2365],[16590,-14384],[8680,-7765],[161,299],[10706,124],[1479,548],[1865,1344],[8295,3932],[450,4031],[3922,1892],[2026,149],[1865,2713],[3215,2040],[-322,1046],[2283,1667],[547,971],[-869,5201],[2765,1145],[1544,2389],[-161,1095],[-1125,1767],[-290,1294],[483,1195],[9291,2414],[3730,5275],[2154,4430],[-2283,4729],[-1929,1095],[643,3185],[4758,5923],[7974,9731],[6108,7665],[2798,2215],[8905,11398],[41539,24165],[5691,-4679],[19933,25061],[6495,-11821],[46876,27549],[2122,21677],[5658,54228],[10771,3384],[-1126,-7466],[11189,-871],[-1125,-6545],[-4727,-30387],[33952,-2389],[-2572,-18067],[20769,-1518],[-2443,-1917],[1736,-2538],[-290,-2464],[-1253,-3185],[-1254,-2439],[-258,-1369],[-1253,-2339],[578,-1444],[4984,-2389],[3954,-4903],[3247,-99],[1319,-971],[321,-1294],[2829,-2314],[1833,174],[2669,1344],[4308,-423],[2347,323],[2765,-323],[5755,522],[1800,1444],[3312,1244],[2797,1692],[2090,722],[-1415,-12194],[-1511,-9582],[-3344,-20904],[-3215,-623],[-868,-771],[-4051,-747],[-2379,-1418],[643,-3036],[-3151,-971],[-19740,-11124],[3440,-150],[707,672],[2218,-697],[1994,-174],[11478,-423],[10545,-547],[3119,-1717],[3150,398],[5048,-374],[1865,224],[2797,-572],[5948,-100],[321,-348],[9067,-647],[0,-2066],[-868,-970],[-3633,-1568],[3440,-1742],[643,-672],[-225,-2364],[-1190,-1867],[97,-995],[-1125,-2041],[11542,-971],[2636,-472],[3279,199],[1865,572],[3119,-995],[26138,-2290],[258,-249],[25399,-2140],[225,199],[-3987,-23493],[-5916,448],[-1125,-6993],[12217,-1045],[2701,4405],[6591,1393],[3054,3285],[7652,-796],[14757,-5525],[3505,-5848],[5755,1219],[1254,-348],[3986,-150],[2058,-1816],[1993,-175],[1930,-871],[868,50],[28132,-1493],[-161,-1792],[-675,-448],[-1126,-7889],[-1736,-13240],[-3343,-5076],[-6398,373],[-1704,1194],[-193,-12617],[-3055,-19412],[29418,-2090],[2219,2812],[1736,473],[771,672],[-64,1667],[1833,1867],[225,2016],[2572,1368],[2411,2290],[354,1618],[900,1020],[3022,946],[-32,1368],[1158,1444],[-354,771],[643,3335],[2250,1145],[708,1269],[3022,473],[1254,1593],[1061,3110],[739,424],[-771,1443],[482,1394],[2186,896],[579,945],[1350,-50],[22859,-1742],[-2475,-14484],[1125,-1916],[289,-2513],[2991,-224],[15818,-1519],[6558,-696],[13472,-1294],[17104,-1792],[3215,-1220],[4919,-448],[5948,2464],[1672,2439],[-225,7690],[-1351,7939],[1254,672],[-10674,17545],[1479,7839],[-161,1543],[1061,6943],[-546,2091],[-611,846],[12185,-25],[-804,-5997],[-321,-3833],[96,-5699],[-675,-4704],[21413,-1791],[32,-125],[19194,-1593],[11767,-547],[482,-125],[11800,-597],[3311,20606],[3087,-274],[257,2066],[4694,20756],[128,2712],[804,3136],[-3215,274],[2186,12418],[1222,7541],[1511,8859],[14179,-1194],[10449,-772],[3440,-522],[15336,-1394],[386,199],[5626,-498],[-1254,-6918],[46329,-4007],[-2829,6122],[-1704,1643],[19516,-1643],[578,747],[2380,-249],[1414,7615],[1222,7516],[-1897,1991],[2411,16276],[3505,1219],[20030,-1667],[35237,-3011],[-1640,-10776],[-1993,-12021],[-2701,-16947],[354,-1693],[1125,274],[17265,9631],[15111,8910],[161,1144],[1640,1817],[2282,1618],[2154,2688],[5241,7217],[6141,3260],[12828,-473],[2347,15355],[17812,-1294],[289,2389],[1254,6570],[418,1319],[-1447,1195],[1479,7939],[7684,-573],[5337,3036],[13214,-1169],[1415,224],[-11092,18042],[1961,1668],[1479,25],[2154,-573],[1543,-1344],[1865,-846],[3247,-298],[3826,1692],[1029,1269],[-579,1892],[482,1070],[1544,1219],[900,1468],[2443,971],[1415,1020],[1286,249],[3762,-846],[2765,-299],[1061,-522],[225,-1966],[-1351,-2116],[1801,-124],[2025,-1767],[4501,-921],[7974,398],[4726,2713],[1929,25],[1961,-1692],[1576,199],[5272,2712],[2733,2066],[707,1493],[1833,996],[2443,49],[1479,1767],[-1736,2365],[-386,3733],[1029,1518],[1318,49],[3408,4107],[708,1667]],[[2990573,1065994],[386,896],[2057,622],[450,1170],[3505,199],[1061,448],[-354,2439],[1158,523],[1125,-623],[5144,423],[2636,-1045],[3633,75],[708,-473],[2089,100],[869,1219],[2732,249],[2926,-722],[997,-1219],[996,572],[3087,-423],[2347,-622],[2090,-224],[4694,124],[7073,548],[6462,124],[3055,598],[836,547],[1028,1966],[1544,4654],[1575,572],[997,1568],[1446,871],[-739,1468],[-32,1444],[3890,-1742],[1704,298],[3279,1394],[1929,100],[708,1368],[2540,-896],[2572,473],[289,-3459],[3697,-672],[2508,-50],[1318,1046],[129,1045],[2958,2339],[5080,1643],[1254,995],[1736,672],[4372,274],[965,572],[3601,324],[1125,1269],[289,1593],[-1221,348],[-418,2564],[707,945],[1575,523],[4662,25],[2379,224],[1929,-871],[772,124],[1608,2091],[2154,895],[2765,175],[900,1816],[1800,-49],[1801,771],[1222,1817],[1446,498],[1897,1966],[1576,672],[3472,398],[1865,-473],[1607,547],[2058,-124],[2283,-1070],[482,-1070],[1607,-374],[2154,1319],[2508,747],[3247,-1045],[547,373],[2733,-921],[1832,523],[1929,0],[1383,-2364],[-322,-1469],[1222,-1070],[1190,100],[3440,-1966],[1189,-1469],[1286,-821],[-514,-1120],[2508,-1941],[1704,-647],[3601,-498],[4340,-2165],[1575,-1692],[1994,-1220],[482,-1368],[2026,-175],[3697,-2488],[-868,-1120],[-997,-2489],[643,-2040],[1929,-548],[4083,-2762],[1254,-175],[1447,-1493],[-289,-647],[1800,-697],[-289,-796],[1447,-1120]],[[3200936,1069752],[1221,-1369],[-2025,-2239],[-4083,-1643],[-2283,-1867],[-1929,-2787],[-1222,274],[-3151,-373],[-1479,672],[-2893,-50],[-1254,-971],[-32,-896],[1157,-2016],[1093,-895],[-1125,-498],[-2250,821],[-2701,-970],[-2765,-1394],[321,-1966],[-3472,-149],[-2154,-971],[-289,-1145],[-1222,-572],[-2508,149],[-2283,-1369],[-3150,-896],[-708,523],[-1736,-523],[-1029,921],[-1961,-1792],[-1157,-2364],[-1543,-1891],[-1962,-697],[-739,-2464],[-3376,-2961],[64,-1892],[-2540,199],[-2250,-2015],[-1093,497],[-3505,0],[-1414,-423],[-2572,224],[-1608,-1319],[-2668,1244],[-2122,2514],[-3633,1145],[-2605,1593],[-5272,1070],[-7813,721],[-3344,-17968],[8552,-871],[-6494,-37479],[-32440,2912],[-4212,-23020],[-17812,1617],[-40703,3584],[579,-2364],[579,-4729],[-225,-796],[8970,-5177],[997,-2737],[-2765,-5301],[-3762,299],[-5433,-31557],[-16397,1419],[-6238,-36111],[-7941,672],[-26203,2141],[-3761,-22846],[-2380,-14932],[31637,-2738],[-804,-1319],[1286,-2265],[2411,-2165],[1415,-2339],[1222,-2812],[160,-5649],[-353,-4455],[1382,-697],[-482,-1195],[2026,-3011],[610,-1866],[-1800,-2365],[611,-472],[5465,-1195],[1222,-547],[2347,-100],[836,-1244],[4083,-274],[2412,-896],[1896,-50],[3923,921],[1511,-2240],[1125,-572],[1608,50],[1993,-623],[8617,-6644],[3022,-1170],[1382,697],[4276,-100],[1158,-846],[2475,-498],[1640,75],[3183,-473],[1190,-547],[-418,-2812],[-3601,-4604],[-129,-797],[2058,-995],[-193,-2663],[707,-3360],[-64,-2513],[-2572,-1867],[-193,-1394],[932,-373],[1415,-3136],[964,-622],[-2314,-13140],[-3248,-1493],[-6044,547],[-2540,-1368],[-2154,1219],[-5723,1220],[-2058,-1096],[-1832,-373],[-1833,-921],[-1832,-3061],[321,-2090],[-289,-2265],[3408,-1966],[-997,-2887],[225,-448],[-2636,-5201],[-1158,-5848],[7492,-647],[-290,-2315],[-1575,-9009],[-9453,996],[-4308,-21975],[-193,25],[-2636,-14236],[-193,-1891],[-1093,199],[-4083,-22995],[-23728,2066],[-4822,-2365],[-2026,-11224],[10514,-920],[1189,-896],[900,-3509],[-1511,-1693],[-1929,-10776],[-257,-13463],[-5208,-10851],[-32,-10925],[-483,-21826],[-1800,-8760],[-2701,-14334],[-23116,1468],[32,-149],[-22377,1418],[-2186,-11000],[-2701,-2638],[-1929,-9457],[-1543,-8610],[-2251,224],[-386,-2340],[21188,-1742],[193,-124],[-3087,-17744],[-1768,149],[-5627,-18491],[-3311,-18640],[-2122,-11398],[-1093,-10179],[1929,-174],[-2186,-11423],[-965,-5550],[4083,-199],[418,-2264],[2412,-14758],[964,-3161],[-386,-2215],[25592,-2190],[-7041,-34468],[65,-124],[-1447,-10303],[161,-1518],[-2926,-14036],[450,-1742],[2733,-8113],[-2669,-9557],[4662,-547],[-1479,-7516],[-3569,-11199],[-1125,-5376],[-11703,971],[-11317,199],[-13889,50],[-6784,-35464],[-128,-124],[-6302,-32378],[-5466,573],[-1864,-5351],[-3408,-17893],[16782,-1518],[-2540,-13116],[1640,-323],[-1511,-6197],[96,-2887],[869,-13787],[-1833,-7541],[-6366,-5749],[-3215,-17495],[3376,-298],[-3344,-17745],[-900,-5425],[-10546,672],[-2443,-11448],[-1125,-3534],[-2990,-8187],[-2090,-6571],[-707,-3334],[27038,-1618],[1704,-149],[-1093,-7193],[-1382,-7167],[-1865,-10328],[-1125,-7615],[2990,-1966]],[[2877595,44821],[-33373,0],[-29450,0],[-56039,25],[-26010,0],[-53081,-25],[-42471,0],[-37166,0],[-53081,0],[-53081,0],[-53114,0],[-28132,0],[-51537,0],[-53981,0],[-52213,0],[-30126,0],[-53692,0],[-48901,0],[-26557,0],[-33501,0],[-50959,0],[-53595,0],[-43468,-25],[-31444,25],[-52502,0],[-27971,25],[-47615,-25],[-46523,0],[-42117,25],[-56361,25],[-28968,-25],[-35623,0],[-32150,0],[-32151,0],[-32151,-25],[-32151,25],[-32151,-25],[-32151,25],[-31700,0],[-26525,0],[-38227,-25],[-32151,25],[-32151,-25],[-35076,50],[-29225,-25],[-40510,-25],[-55943,25],[-28646,-25],[-35880,0],[0,43950],[0,25334],[32,45294],[32,96535],[0,36185],[32,32577],[0,51441],[0,20954],[0,25335],[0,32601],[0,14484],[0,28993],[-32,18118],[0,48504]],[[4206645,767131],[1897,-847],[1093,-1269],[1576,-274],[1543,-1095],[1415,75],[2893,-572],[1351,-1493],[1671,248],[1833,797],[2604,2289],[965,-597],[1768,921],[2251,-349],[578,-1418],[2508,-2414],[-964,-3210],[257,-1170],[1093,-896],[418,-1867],[-1029,-1244],[-2797,-1269],[-997,423],[-2475,-324],[-4373,1942],[-1640,2090],[-1511,523],[-5530,-2240],[354,-2588],[-2218,249],[-5305,-623],[-1029,-2687],[-16236,-5675],[-1447,722],[-1575,125],[1093,-15978],[16011,374],[22473,-2066],[-739,-2289],[-4116,-18168],[-1961,-8586],[-12217,-20531],[32,-75],[33630,-3210],[8295,-846],[225,-473],[-1543,-1244],[-65,-797],[1511,-1393],[-1253,-1593],[2572,-3235],[2089,-896],[1029,-946],[2508,-1444],[2636,1095],[1672,-1244],[1511,-50],[-225,-2190],[1543,-1443],[2026,-1319],[2508,-523],[1800,249],[2476,1294],[2636,-298],[-225,-2215],[289,-871],[2315,-2290],[2090,-995],[1125,-2290],[2251,-1717],[611,-1095],[1414,149],[1479,1145],[965,-1568],[1479,-249],[1061,-1294],[-290,-597],[2958,-1568],[2283,-174],[900,-2364],[1897,-374],[1801,-1219],[1704,-149],[1093,-1966],[2090,622],[1993,-1717],[3183,-1220],[4276,-3783],[386,-995],[-643,-3310],[-4919,-2563],[771,-200],[1061,-1567],[2476,-946],[3761,-722],[322,-1120],[-1318,-1966],[1061,-1692],[-1254,-1991],[1575,-921],[257,-2862],[579,-1368],[900,-50],[3473,-1518],[1961,-1095],[3151,-324],[4565,-970],[2990,373],[707,821],[2122,672],[1962,-498],[1382,-1543],[3665,-124],[643,-921],[2701,274],[1607,-224],[-643,-1468],[129,-1842],[-546,-697],[289,-1369],[1350,-1294],[-1639,-1418],[803,-448],[1608,-2464],[1382,-249],[836,-1593],[1640,-572],[1125,174],[2894,-2439],[289,-1518],[2058,-1020],[868,-1593],[1286,-1369],[1768,-423],[-96,-1194],[1125,-647],[322,-2240],[1800,-2613],[1415,224],[1575,-548],[707,-995],[3151,0],[418,-722],[2411,-1145],[1319,150],[3279,-2091],[2572,473],[2829,-1991],[1126,-100],[1704,-1443]],[[4389584,563956],[-354,-1618],[2604,-1468],[868,-1219],[997,0],[1125,-1419],[1672,-547],[547,-3659],[1125,-1344],[-3955,-5226],[-257,-1194],[965,-1444],[-2283,-746],[-3344,-647],[-2636,-249],[-611,-1767],[-2958,298],[-1447,-6868],[-4790,497],[-2347,-597],[-1318,-6844],[-4984,523],[-1639,-7914],[739,-100],[-675,-2911],[-2251,199],[-546,-2787],[1061,-125],[-450,-1891],[-7524,746],[-2089,-1592],[-4244,547],[-290,-1493],[-9227,896],[-225,-1095],[-4758,497],[578,2738],[-5851,597],[-386,-1841],[772,-946],[1382,-4206],[-675,50],[-418,-2041],[-2861,299],[-1737,-8188],[451,-423],[-1254,-5201],[3215,-349],[-2154,-9755],[932,-100],[-1897,-9083],[-36298,17669],[-3569,-16649],[-257,-1916],[-2604,-12245],[-1608,175],[-546,-5923],[-933,-14708],[-13567,1344],[-14404,1393],[-9099,971],[1511,3683],[-6269,597],[-3890,-522],[-17072,1642],[-1544,-448],[-6494,647],[-2958,-13787],[-739,-4803],[160,-2986],[-160,-2116],[321,-2339],[1447,-2987],[450,-49],[-1865,-8586],[2251,-1892],[-1029,-3558],[-1897,-1245],[-64,-1468],[-1061,-796],[1511,-2016],[-9260,-2962],[-2121,1095],[-9903,1070],[-1029,-522],[-7362,-523],[-3537,-622],[-2636,722],[-12153,1717],[96,4256],[-64,5176],[-7781,-1294],[-11381,-1668],[-10674,9557],[-2990,-747],[-3151,-3086],[-3183,-4380],[-4051,-3285],[-1318,-2737],[-2058,-2638],[97,-324],[-3890,-921],[-4469,-4728],[-3280,-16052],[225,-25],[-2379,-11597],[-675,-7093],[932,-970],[-2668,-12842],[-2283,274],[-7234,-35115]],[[4085726,309764],[-2797,348],[-5305,3559],[-1061,3783],[-8938,2115],[-514,11075],[-3633,6246],[-3955,3609],[-5658,1219],[-3633,4032],[-5562,2638],[-17426,1717],[-2283,1593],[-7941,-5450],[-9903,6868],[-1929,-1642],[-836,50],[-1704,1568],[-1511,-399],[-193,-1518],[-9291,5401],[-6913,-3460],[-1768,-995],[2958,-2464],[193,-995],[-1929,-1269],[-2604,199],[-5691,4380],[-8359,871],[-2797,-11772],[-16783,1494],[804,-12170],[-9838,-25],[707,-13936],[-5209,472],[-3022,2813],[-21219,-6994],[-6559,3037],[-3987,-8437],[-2186,100],[64,-1145],[1383,-498],[-1511,-3161],[-15240,1245],[-1157,-6794],[-9453,896],[-33501,3708],[-8745,-1892],[-2572,8437],[-13439,-2464],[579,-1020],[3151,-1195],[5755,-5002],[-15947,-3235],[-15658,-3435],[-38131,3733],[-11670,1071],[-1383,-6844],[-30800,3061],[836,3982],[-4244,-672],[-8263,-100],[-514,-1991],[-11607,1145]],[[3685384,295255],[707,3833],[4341,22024],[2475,11349],[2669,12742],[-27071,2165],[7170,9432],[22023,-2066],[3247,15231],[707,3683],[-13503,1394],[1672,7914],[-10674,945],[1286,573],[2990,2886],[868,0],[161,1543],[2315,3012],[1511,-125],[996,697],[483,1568],[1350,25],[1190,722],[1286,6271],[2282,12095],[2637,14982],[-1608,2140],[900,4554],[-4822,4729],[-129,896],[-4340,3832],[-3344,4455],[514,2265],[4759,5923],[2797,3260],[-643,2439],[2025,1095],[547,746],[4565,4803],[5723,2937],[836,75],[2251,1667],[7362,3907],[4083,2638],[8938,6570],[-11735,7665],[39321,28968],[-1736,150],[-740,871],[-3601,746],[-2925,100],[-1447,-249],[-322,-1244],[-1125,-399],[-3054,1444],[-193,1568],[-1833,1717],[2797,1568],[708,1468],[-2090,299],[-4630,-50],[-225,2339],[514,498],[3666,523],[4340,1194],[1543,-995],[2476,-498],[3311,224],[868,1767],[-32,1966],[-1607,1070],[289,946],[-5851,10402],[-4823,5052],[-5530,12195],[-7845,16450],[7684,2613],[-1350,1195],[-1897,-274],[-1865,1891],[-1511,-224],[29804,8611],[-3086,3484],[-3633,349],[-161,1642],[2250,1170],[1254,1568],[740,3558],[-322,7242],[-1222,7168],[6688,4952],[225,1170],[1286,25],[1672,8187],[-11157,1170],[965,4554],[8423,-821],[1286,6122],[-1511,150],[772,3757],[3054,-522],[997,4803],[-2508,249],[740,3608],[-2604,274],[1446,3111],[-64,1518],[997,1618],[964,373],[2154,2265],[4309,2712],[-13568,1344],[5980,3136],[5787,3932],[2026,-149],[1093,5101],[4662,-472],[1478,7117],[2315,249],[4534,-1045],[353,-1991],[10256,1891],[5305,3459],[3119,15505],[-5594,2065],[836,1543],[-14211,1394],[0,-99],[-17362,1742],[-3343,-3485],[450,-348],[-2476,-1369],[-1029,448],[-2250,-298],[-1543,871],[-3505,298],[-611,-846],[-8069,672],[-1704,1593],[-6591,498],[-2894,-1170],[225,-1170],[-14564,1220],[-1254,-7292],[-1029,299],[-1961,-448],[-1897,124],[-1157,1219],[-1029,-796],[-1383,324],[-2572,-1120],[-964,149],[-3891,-498],[-3568,-124],[-483,697],[2122,1543],[675,970],[-1414,3609],[-4501,1667],[5690,1767],[193,1070],[-12153,1021],[483,-2390],[-3698,-3857],[-450,299],[-6269,1841],[-3022,1270],[-2155,1692],[-8648,3608],[-129,-1816],[450,-921],[-8455,249],[-8102,-1195],[-2733,274],[-5273,1543],[-8777,423],[-4790,-1419],[-386,-1269],[-1318,-373],[-1576,-1220],[-18069,-1070],[-3279,-672],[-7073,-3832],[-1286,2115],[-2186,697],[-5498,622],[-933,722],[2026,2115],[2315,3186],[-1511,6047],[-2444,2165],[1576,1195],[1093,1842],[-225,1941],[675,4952],[-161,3385],[2636,1816],[2155,3261],[-1222,3509],[2861,199],[2058,2140],[2636,1294],[1769,2439],[225,2713],[5176,3036],[-965,5674],[-1768,4280],[1575,1742],[322,3783],[-26621,2315],[-868,1045],[-2604,5276],[1639,1344],[193,2961],[-2186,25],[-418,846],[-1736,-99],[-6205,12518]],[[3569577,804187],[2829,572],[4919,-995],[1029,-398],[4244,1244],[8520,-772],[19612,-2264],[7748,-622],[16879,-1419],[8135,10278],[2475,1444],[2283,-349],[1897,1468],[2379,1319],[64,747],[2379,473],[547,1692],[3151,1867],[2508,373],[5047,3161],[1543,-1643],[25914,-2240],[-2090,-10402],[31605,-2713],[2861,14409],[161,75],[20641,-2066],[4694,2738],[2732,1070],[708,747],[2443,995],[3376,846],[14018,4828],[6012,-8187],[3987,-5650],[1639,-373],[3730,3857],[-5530,7890],[1479,1717],[5369,-1444],[1993,1867],[1383,572],[1736,-50],[1254,-846],[2025,-298],[3023,896],[1607,2165],[-1993,199],[578,2912],[1158,-125],[3665,-2140],[3697,-25],[10546,2016],[1222,2115],[2154,-722],[1061,1593],[2218,-373],[965,448],[2765,-1195],[1414,-1194],[2733,-1294],[1447,-1892],[1768,-199],[4083,100],[1254,-374],[2315,-2264],[2026,-75],[1864,747],[5305,149],[3087,-1294],[4404,-1294],[2669,-1941],[1929,7764],[1093,-572],[1511,25],[1286,921],[1190,74],[450,-1742],[1286,-348],[900,597],[1350,6271],[9453,249],[1704,1518],[450,1195],[1350,1767],[740,-697],[1704,373],[3375,-3857],[4502,-1792],[3922,-1020],[3922,771],[1962,75],[1768,1020],[2893,871],[1544,1568],[643,0],[-32,2563],[-1929,3684],[10577,-1120],[2122,74],[3087,-597],[4243,-448],[2058,-1443],[1672,-199],[354,1791],[2700,-24],[4952,-1966],[1864,-50],[868,4380],[4148,-373],[13375,-2514],[1446,-6172],[1479,-722],[4887,-174],[3151,722],[5916,249],[-643,2140],[1961,1120],[804,1369],[3086,1344],[4212,298],[2636,3708],[1061,9283],[1511,846],[-3986,9905],[321,1792],[-1479,2887],[2604,2513],[3216,896],[1993,9955],[-1768,3758]],[[3569577,804187],[-932,1866],[4468,16674],[-1253,1717],[-2347,1444],[-1737,323],[-2186,1220],[-2958,2713],[-2443,298],[-900,946],[-3280,2439],[-739,1020],[-2829,398],[-4116,3659],[-2025,2289],[160,1021],[1865,4828],[0,1767],[-3054,-75],[-2797,-1444],[-5305,-1543],[-3376,-423],[-2926,-1269],[-2765,-522],[-1511,-747],[-5980,5351],[-10963,895],[-418,1593],[-2862,274],[7427,4878],[-1286,2912],[515,846],[1768,149],[514,1020],[-1061,1294],[1126,1718],[-1061,1343],[2154,1021],[739,-100],[1801,1394],[-547,1493],[1383,597],[2186,-1816],[2443,-25],[2315,-1593],[997,-1120],[643,-1891],[1125,-448],[1672,1145],[1029,74],[4694,2663],[1800,50],[2604,1070],[1994,2837],[1189,50],[3891,2190],[2700,-747],[5305,1469],[-932,1368],[193,672],[2057,2514],[0,1319],[-2443,-971],[-965,324],[-450,1393],[1222,1519],[2669,1194],[-33,1369],[-4051,970],[-1093,-348],[161,-1020],[-1061,-772],[-225,-1269],[-1961,-1419],[-708,971],[1865,1692],[-321,797],[-1544,348],[-2057,2066],[-1351,124],[-2636,1145],[129,1194],[3086,-771],[836,622],[-2058,1419],[-3118,497],[-2315,-49],[-3537,298],[-643,-721],[579,-1618],[1125,-1145],[-1125,-995],[-2090,1617],[483,2290],[-226,1120],[515,2090],[-836,672],[12603,6894],[-27682,25011]],[[3518489,925783],[3087,174],[1768,348],[579,2838],[1093,547],[900,2837],[-450,498],[1318,4156],[-1222,323],[-1864,-721],[707,3260],[1865,448],[1061,921],[289,1294],[1061,1244],[1254,423],[1382,3061],[-546,2414],[579,1618],[-1672,1792],[96,622],[-1961,1294],[-4855,747],[-611,2414],[1640,1294],[4212,398],[2700,995],[708,1668],[-1222,398],[-868,1394],[-1222,-75],[-1511,846],[-2733,5152],[-3311,273],[-2186,647],[96,797],[-1768,1169],[-901,75],[-1864,1518],[1414,1444],[-289,1891],[1640,1020],[-1093,1319],[-2540,1817],[-13150,846],[-514,199],[1511,3012],[-1576,1642],[740,1095],[-450,1170],[-1447,1120],[-2347,2538],[-1768,423],[-579,797],[-64,1543],[-772,2762],[161,1667],[1061,822],[3279,323],[514,921],[-1607,821],[-515,821],[-2765,-199],[-1286,2688],[-2572,1319],[-1253,1294],[-515,1419],[-1479,1269],[-1222,1767],[-450,1792],[-1286,1169],[483,523],[-3794,4355],[-322,2887],[-643,1170],[225,1145],[-643,1294],[1576,2439],[-611,1543],[-32,1941],[-772,746],[64,1842],[4244,2115],[-64,1021],[900,1393],[-1704,946],[2122,3385],[-1157,1567],[-161,2141],[1479,1767],[-257,522],[2186,3808],[2090,672],[1350,1369],[1543,-1046],[2701,921],[5048,4753],[-97,3012],[-1414,921],[-3569,-200],[24306,14161],[11253,-2663],[739,-2464],[1222,-547],[2572,-498],[1125,-1991],[1061,-722],[1865,-298],[4662,-1394],[1511,-75],[6366,598],[-386,-2140],[-1190,-1543],[1511,-2340],[1190,-124],[321,-1269],[1833,-249],[514,-2116],[-2764,-547],[353,-3360],[1479,-1145],[1061,-1418],[-354,-1493],[1126,-1767],[1093,-2713],[32,-1643],[1833,-2812],[2540,-1070],[-129,-2638],[772,-498],[3118,-323],[3537,0],[-1576,-2539],[933,-1766],[-836,-2215],[1672,-1046],[1350,-2414],[-482,-1617],[1864,-2140],[-417,-1568],[-804,-921],[-643,-1867],[514,-1816],[-1511,-1494],[-289,-1070],[-4791,-1891],[65,-1120],[-1287,-1294],[1512,-1070],[5304,-1369],[1930,-1642],[-1576,-324],[515,-1468],[2636,-797],[4469,224],[1350,1717],[5337,1991],[1447,1145],[1704,1892],[2604,-175],[1447,1095],[386,1469],[2122,1269],[804,1145],[-901,970],[161,2788],[579,1020],[2025,-398],[2187,2737],[964,349],[-1382,2239],[482,1767],[1286,1543],[1865,623],[-1704,1592],[-258,1593],[-868,697],[-836,3633],[1061,-796],[2926,-1020],[2733,-175],[900,-497],[1704,124],[1768,-647],[1222,-2389],[-321,-1419],[3568,-4056],[3151,-398],[1961,-1369],[5820,-1070],[2829,-846],[2347,846],[965,1841],[-579,3360],[161,1419],[-1126,2687],[868,1319],[-643,1543],[643,971],[3408,1418],[3312,-920],[2186,-324],[2315,-2513],[1961,398],[868,1617],[2251,1668],[1093,2414],[-225,1194],[4726,1220],[2026,-423],[1671,1692],[1640,-946],[6270,-2762],[4179,-846],[193,-1021],[2315,-1841],[1318,-274],[1768,1020],[2251,349],[1607,697],[2830,-349],[1382,-572],[2508,672],[-64,1891],[964,1269],[2540,2390],[-386,3907],[-1061,1244],[483,697],[-2026,1145],[1254,1294],[-739,1642],[1703,822],[-1157,622],[-836,2638],[-1511,1692],[-225,1244],[2829,921],[675,597],[1319,2290],[1446,7715],[1254,124],[3440,2464],[6173,2588],[611,3484],[-418,1518],[1833,4480],[1543,1443],[1543,573],[3151,-523],[-96,896],[2540,3435],[96,1393],[5466,597],[3054,200],[772,-1967],[5047,75],[933,-11970],[1350,-14584],[1029,1145],[1736,-249],[643,-1244],[2411,-598],[2379,399],[258,1742],[1414,2165],[-836,1369],[322,2538],[-386,3907],[-2250,4853],[-418,2663],[-65,2937],[418,2538],[1158,1518],[3118,1767],[740,1095],[-32,1817],[4887,1518],[3890,1966],[3022,2613],[2122,1543],[2186,2613],[3087,2190],[2958,1145],[4501,4679],[7073,6022],[1189,1717],[1319,1095],[996,5575],[1061,124],[2862,3659],[-6463,2687],[-1221,2663],[3890,10030],[739,4380],[15208,-1294],[-2797,3036],[2250,-174],[0,1891],[-932,1493],[-1994,1892],[1479,1617],[-514,1021],[-1543,671],[418,1120],[-547,1444],[-2154,1393],[450,1046],[-675,3608],[-2315,3982],[1286,1195],[-450,970],[-96,4156],[-1383,2016],[97,1195],[-1801,497],[225,1319],[-739,996],[2186,2314],[-2990,8586],[-1511,498],[-354,3136],[611,896],[-1190,2015],[-128,1021],[-1608,1468],[-225,921],[-6912,9233],[-2122,1742],[-1158,1991],[-2861,25],[-772,3036],[-2218,946],[-354,1119],[-1350,424],[450,3459],[1318,945],[-3311,2166],[-1029,2438],[804,1693],[-1319,1194],[-1704,598],[-932,1543],[643,1095],[-739,1343],[-1190,324],[-1833,1941],[965,772],[5208,1966],[31155,-398],[16847,-1718],[2057,-672],[1029,150],[1640,1543],[2379,1543],[-1608,1816],[-64,1593],[-1029,1269],[1865,1817],[-2154,2439],[482,1095],[-707,1020],[932,1494],[-64,1468],[-675,1219],[-3408,971],[-1833,896],[-3440,796],[-3794,2066],[-1157,1941],[450,2190],[1800,3385],[2830,3708],[1575,2463],[3054,2489],[322,1891],[868,672],[2797,-348],[3408,-1568],[1511,149],[707,1917],[-353,821],[-2058,1319],[-354,2887],[579,2712],[-450,2663],[3408,299],[4083,-1916],[2090,-1518],[2926,1095],[707,920],[3247,25],[1479,2016],[2251,573],[289,1020],[2186,373],[997,1045],[932,2166],[-578,1667],[1157,1294],[97,1518],[1254,672],[-483,1444],[-64,2538],[1222,1145],[19194,-2439],[20673,-821],[-483,2115],[1029,697],[804,1443],[1865,-423],[1704,1120],[-1736,2713],[321,2488],[-2090,1046],[-1028,1866],[96,2290],[-997,472],[-3054,224],[-1897,1718],[-1800,472],[-1126,1543],[-1768,672],[-1993,1394],[-708,2041],[33,2513],[-1222,871],[-708,1543],[-900,722],[290,1244],[-2219,1394],[418,1344],[-1157,572],[-1511,0],[-1158,2688],[1351,722],[1093,-150],[1382,1295],[1415,199],[868,1393],[-2476,6570],[4534,-448],[257,1469],[3151,-274],[3793,25],[4341,-373],[128,671],[6205,-671],[836,5027],[772,547],[611,3559],[579,124],[1543,2165],[2443,75],[868,1244],[2315,747],[1286,-174],[4919,722],[2154,1045],[2444,-971],[386,-547],[1929,-224],[1832,1219],[193,821],[9002,-846],[193,1021],[4726,-498],[258,1194],[3568,-373],[-128,-771],[2990,-299],[193,946],[4437,-423],[2347,323],[3600,-1692],[2347,-125],[-32,-2090],[3698,-523],[-450,-622],[-2058,-647],[-32,-1120],[1093,-871],[32,-945],[3794,-1792],[-1286,-1767],[-1125,149],[-1383,-647],[-932,-1020],[1350,-1145],[2765,-946],[1350,-1543],[1994,-149],[932,-971],[-964,-1916],[2025,-672],[547,-2240],[1028,-298],[1608,-1867],[-1061,-1617],[6109,-324],[803,-995],[2026,-498],[-1158,-846],[-385,-1966],[675,-374],[32,-1468],[-1961,-821],[-129,-1070],[2411,-822],[-675,-4429],[1286,-598],[97,-1642],[1222,-523],[2154,0],[1189,3061],[900,697],[1929,398],[2412,-945],[-257,-1419],[1511,-921],[2122,-249],[1864,-622],[1962,-2364],[2507,-871],[2508,-100],[1736,896],[1543,1469],[386,1692],[1704,722],[2058,199],[739,547],[1479,-1344],[3248,398],[2347,-323],[1318,-622],[3247,-125],[772,-1592],[1800,-896],[97,-1195],[1575,-448],[-386,-1742],[2862,-1244],[1704,1145],[450,1119],[2089,-348],[933,-1493],[2218,174],[1093,1170],[2315,-1245],[2154,423],[3730,-945],[4115,597],[450,2115],[2990,772],[-161,2588],[3634,971],[2829,-747],[1157,423],[4630,-995],[1993,995],[1286,-672],[1994,0],[2765,-2563],[2250,-523],[2058,25],[2411,-572],[1736,1344],[4180,-448],[354,1767],[2154,423],[546,1443],[1061,-124],[257,1269],[-1800,199],[-1222,896],[354,1742],[1382,1344],[1994,348],[514,647],[2058,-672],[707,548],[2476,747],[-193,2886],[739,722],[2219,473],[2347,-249],[3311,647],[2219,1170],[2443,1792],[-1125,1468],[354,523],[2443,74],[2218,-622],[4791,-274],[2861,-1667],[579,1418],[1897,25],[1704,1046],[64,1667],[836,771],[0,1842],[1350,846],[1897,349],[2830,2065],[-97,2016],[547,846],[2154,722],[1125,1394],[2733,1144],[1575,-721],[708,696],[-901,1220],[-1736,1344],[-1543,448],[-643,921],[1575,522],[-353,946],[-1865,-75],[289,1170],[1479,-772],[1383,847],[1447,348],[1157,-1195],[-193,-945],[3151,348],[-1736,1419],[-2026,945],[708,473],[2282,249],[611,-871],[2154,647],[-353,3061],[-1672,-572],[-354,-1444],[-1929,324],[-868,1543],[161,1991],[2282,497],[804,921],[1222,25],[-225,-1667],[1832,-722],[933,1244],[-386,1668],[-1286,1244],[-1447,-697],[-1414,75],[-1672,771],[-129,1419],[1672,348],[2636,-796],[1897,572],[-804,996],[-2893,746],[-1029,747],[-450,1419],[547,945],[2186,1568],[1286,274],[2250,-1692],[2154,-1120],[1608,-448],[1318,473],[611,995],[547,4604],[418,1543],[1414,2688],[14372,7839],[17683,11473],[3022,6246],[4179,6421],[3376,4106],[12668,10428],[67709,55920],[127543,-249],[128667,-273],[276722,522]],[[4794973,1496707],[42729,-141007],[33179,-109850],[25978,-85336]],[[4967945,359363],[-354,-921],[1125,-1219],[-1575,-4330],[-2540,-10677],[-1157,-6246],[-643,-2414],[-1094,-7865],[-546,-2812],[-257,-3857],[128,-3235],[1158,-3709],[514,-3434],[-96,-5998],[-290,-1966],[450,-6196],[547,-4007],[1479,-6272],[2636,-8187],[2122,-4156],[2572,-946],[2572,-4928],[3183,-3807],[1511,-498],[1254,224],[4051,-4878],[2669,-2240],[2218,-1343],[2829,-1270],[2251,-348],[1608,398],[2379,-373],[-2412,-2588],[-1125,597],[-14564,4529],[-1415,-298],[-1447,323],[-1446,-1194],[-1286,-175],[-3216,-3135],[-450,-1369],[-1446,-125],[-5402,-1543],[-3697,-2638],[-2090,-671],[-932,-1718],[-2958,-896],[-2604,-1966],[-2155,-2239],[-128,-1195],[-965,-921],[-4919,-1568],[-2411,-1144],[-2379,-498],[-3665,224],[-2187,-523],[-2315,1095],[-675,2290],[-1318,249],[-2829,-647],[-740,323],[-3150,-622],[-1415,423],[-1350,1045],[-3087,-398],[-3022,299],[-965,-946],[-1639,-149],[-1640,-1220],[-2958,-448],[-1639,-547],[-1865,50],[-2669,-2315],[-900,-2115],[-4501,423],[-3665,2613]],[[4891008,230525],[-97,1568],[-2282,1767],[-772,2040],[321,1145],[-1125,1593],[-64,1493],[-1350,1145],[-676,1593],[1319,1692],[257,1219],[-2958,-323],[1093,3185],[1093,249],[450,1394],[1929,2663],[-1286,1344],[900,2538],[1672,7491],[1126,199],[2604,-274],[514,2190],[1801,-647],[482,2066],[2283,722],[-772,696],[675,1892],[900,1070],[-932,622],[-5176,622],[900,3634],[900,1095],[1961,25],[1190,1518],[643,2687],[-225,1170],[804,3459],[1189,-74],[836,3683],[-6848,747],[1061,2115],[-129,1319],[-3150,348],[160,797],[-1061,995],[-2025,796],[611,1046],[6944,-797],[258,1095],[-1833,249],[1608,5002],[-1962,1220],[-4018,498],[514,2015],[772,-99],[996,3882],[643,971],[-996,1020],[900,3783],[-1061,647],[-10096,1244],[836,946],[965,2514],[-289,1866],[1125,4629],[-2508,299],[289,1343],[-739,2041],[-1286,224],[-900,1244],[900,1245],[2443,2339],[-1768,1419],[-514,1468],[-2187,1195],[225,1045],[3955,1219],[579,1394],[2829,2364],[-804,1319],[900,1419],[1512,1070],[289,1269],[-515,1244],[65,1842],[1189,1642],[2637,75],[2861,697],[482,547],[-1157,1817],[1382,174],[3248,1270],[-2894,746],[-1961,100],[-611,970],[4308,-273],[2026,1045],[-225,1443],[1125,324],[-868,2016],[386,497],[2765,-846],[3343,299],[-96,1120],[4437,-199],[1736,-1071],[3344,448],[1189,424]],[[4502079,848186],[1286,-298],[483,-1070],[1607,-1469],[3312,-995],[1093,-697],[2347,547],[3151,-796],[-1190,-1244],[225,-2140],[-2218,-1593],[64,-2315],[836,-572],[-965,-1891],[868,-1867],[225,-1568],[-932,-498],[-225,-1219],[1447,-523],[1672,224],[3472,-124],[482,-971],[-1125,-3011],[-1286,-1817],[1350,-846],[3247,-1095],[483,-871],[3890,697],[579,1543],[2507,597],[1383,896],[1640,-348],[3247,1244],[579,1394],[1414,-25],[2219,1269],[1253,-1219],[-803,-1817],[675,-1792],[1640,-1319],[385,-995],[2251,49],[32,1991],[1029,1046],[1254,-946],[1929,-772],[932,-821],[2058,-75],[2250,1319],[3151,-796],[32,-1369],[11639,-995],[8231,-821],[96,248],[10224,-1020],[21637,-2414],[869,3833],[2379,-374],[1543,7541],[9452,-921],[804,-1717],[1093,-249],[1865,573],[997,2364],[7009,-697],[-226,-1120],[3762,-373],[-611,-2763],[8134,-871],[933,-1269],[4694,-523],[418,-1219],[2540,-75],[707,-1617],[7073,-722],[1125,622],[1769,-498],[12699,-1269],[1672,-2190],[-611,-2090],[2958,-598],[547,2837],[2733,-223],[-1415,-1593],[1382,-1319],[-385,-2340],[10867,-1119],[546,-448],[-418,-1419],[4212,-448],[-965,-4081],[3473,-349],[-258,-1667],[10900,-1170],[675,1493],[2540,224],[900,4380],[1961,-199],[482,2165],[-1800,200],[804,3683],[5144,-548],[1993,1070],[0,772],[3054,1319],[0,1095],[1190,1593],[3987,1095],[2893,-150],[1962,274],[1125,772],[-64,1717],[1575,2240],[257,1169],[2508,374],[-482,2289],[-1929,722],[-3248,448],[-289,1393],[-1382,-149],[-3376,3758],[1543,1344],[-1286,448],[-2347,-25],[225,1045],[1672,-25],[3472,-672],[2283,-796],[-257,1244],[29675,-3534],[4244,-547],[48387,-5724],[1221,771],[3280,647],[4469,2315],[2315,1667],[3311,1046],[643,2389],[-1157,3235],[-161,2140],[675,2265],[997,2016],[1479,1692],[6076,25],[3890,-398]],[[4848536,840422],[-1511,-2016],[901,-2837],[353,-4082],[1254,-6470],[1383,-4032],[1414,-2936],[1190,-1718],[1318,-1070],[2958,-3434],[1607,-1543],[2958,-2290],[4469,-2438],[4116,-1319],[2829,-498],[3440,-150],[1961,224],[1479,921],[2154,3708],[1479,946],[1608,-1418],[-32,-871],[-1704,-498],[-3183,-4704],[-4823,-7565],[-4887,-8288],[-4083,-7515],[-3537,-7541],[-4115,-8387],[-4180,-9930]],[[4855352,752671],[-39449,4405],[-418,-2015],[708,-498],[-900,-4380],[-1769,-2140],[-418,-1693],[-1221,-274],[-161,-920],[-1351,-1245],[-3633,-522],[-289,-1095],[-1382,-473],[-1994,448],[-3633,-523],[97,-2712],[-5980,622],[-225,-1046],[-1897,200],[-450,-2166],[-1190,647],[-2508,2340],[-2700,1493],[-7524,697],[-932,-4977],[-6173,572],[-193,-1095],[-1640,-772],[804,-3807],[-1607,-299],[868,-2016],[-5563,-12742],[-546,-2289],[-2218,-2414],[-740,-1643],[-1479,-6595],[-3054,349],[-3537,1070],[-1479,-4231],[-739,100],[32,-2514],[1704,-75],[-707,-3185],[193,-2091],[3247,-348],[-386,-1767],[1157,-523],[2508,249],[1318,-846],[965,-3036],[-933,299],[-739,-3460],[1318,-199],[-2154,-10054],[-9967,1145],[32,-1742],[2476,-100],[64,-1543],[-1286,-423],[-2958,-1916],[-996,-1593],[-1447,-373],[-354,-2215],[5916,-597],[-771,-3584],[2475,-572],[675,-971],[-739,-1518],[-1222,-348],[-1575,572],[-97,-1866],[-1768,-1469],[-932,647],[-1512,-597],[-2379,2339],[-1382,-696],[-1576,1493],[-4436,-2315],[-740,25],[-579,-2588],[-3150,-2140],[-1897,-672],[32,-1917],[-2894,-348],[-1607,-1717],[611,-1344],[-772,-2090],[-3376,398],[-3118,-249],[-2155,1070],[-321,647],[-2861,995],[-2540,274],[-3280,772],[-2218,-573],[-2090,324],[-1897,-324],[-128,1145],[-1094,448],[-2250,-1543],[-1061,-75],[-1383,1170],[-2765,-299],[-1318,-771]],[[4687750,645858],[-1832,373],[-1447,-298],[-1479,472],[-2026,2315],[-13696,1244],[1190,-2538],[2315,-2190],[-804,-498],[-20223,1891],[482,2464],[-3054,299],[579,2837],[-3376,323],[2990,6546],[-1961,771],[-290,-1393],[-1254,-448],[-1125,1617],[97,1195],[1350,1617],[-225,1494],[1897,1642],[1061,5152],[-836,-647],[-2026,199],[1351,6420],[-2154,75],[-515,-771],[-3247,-349],[-1222,-746],[-2797,746],[-1575,-1717],[-1447,-697],[-1222,772],[-2893,-1270],[-1158,921],[-3119,0],[-1286,996],[-739,1443],[-2058,-174],[-1221,-796],[-1447,273],[-1929,-1020],[-1961,348],[-1512,-920],[-2861,-921],[-3472,-423],[-1318,-946],[-1319,2090],[-2218,896],[257,498],[-2572,1145],[-997,871],[-1639,523],[-1511,1045],[-3408,-274],[-258,-2688],[-1607,-1144],[-1865,0],[-804,-623],[-128,-1269],[-997,-498],[-932,-1468],[-2476,-299],[-546,-572],[-2830,-224],[-1864,-971],[900,-622],[161,-2215],[-997,-970],[-2540,1045],[-836,-348],[-1190,-1742],[-2539,124],[-901,1170],[-2282,1692],[-868,1145],[-2315,1369],[-965,970],[-3344,1120],[-2507,1742],[-1994,-771],[-1800,522],[-257,-1169],[-1383,-623],[-1672,797],[-2797,-125],[-1029,-1891],[1254,-1518],[-803,-1618],[-2605,-1543],[643,-1095],[-96,-1891],[1382,-821],[-514,-1295],[-1222,-1119],[1351,-1344],[-708,-374],[547,-2488],[643,-398],[225,-1693],[771,-945],[226,-1419],[-1576,-2140],[290,-996],[1768,-945],[450,-1668],[1286,-547],[-1575,-1220],[-2380,-970],[1769,-3435],[-2444,-3185],[547,-1145],[-1029,-1568],[-2315,150],[-193,-1295],[-3761,-1269],[-676,-796],[-2089,-697],[-2765,-50],[-2894,-1020],[-1961,-1344],[-515,-1244],[772,-2514],[64,-1817],[2219,-871],[64,-1169],[1897,-1444],[3858,-871],[-547,-647],[1608,-896],[2604,822],[2187,-1991],[1478,-772],[1383,-1394],[482,-1194],[1447,-697],[-1415,-921],[1029,-1742],[3247,672],[740,1220],[-1286,547],[450,1020],[3183,-174],[-579,-3111],[4212,-398],[-547,-1020],[-1671,-1095],[-418,-896],[32,-3634],[2636,-1692],[1383,672],[900,-1020],[1768,-697],[-772,-1219],[129,-1817],[-1254,-1120],[1833,-3111],[-740,-3086],[5144,-547],[-771,-3559],[-1640,174],[-514,-2314],[803,-1718],[258,-4380],[1414,-1592],[-5144,547],[-1029,772],[322,1144],[-3537,-1567],[-1639,0],[-2380,-1344],[-1800,-2141],[-1093,-3061]],[[4547187,567191],[-675,-1493],[-2090,996],[-2604,522],[-2187,-871],[-2089,100],[-1833,-1991],[-3151,-672],[-1254,-1269],[-5626,-2041],[-2154,99],[-2122,1593],[-2186,249],[643,2140],[1382,224],[386,1046],[1447,547],[1575,1369],[-225,4007],[-1350,1319],[1157,672],[579,1144],[2476,2091],[-6527,622],[-997,871],[-1929,-373],[-1575,348],[-1222,-597],[-1254,821],[450,1344],[1672,-149],[643,1368],[1993,-348],[2926,1344],[1415,1493],[-997,1344],[1447,1991],[2701,-25],[385,1443],[-996,1344],[-1093,25],[-1029,1543],[-129,2563],[708,1195],[-515,2314],[-3922,349],[450,2538],[-1736,-696],[-965,-896],[-1575,-200],[-1769,-1070],[-675,-1070],[-3858,398],[-1447,498],[-2572,2414],[-3183,-1617],[-385,-1792],[-3215,199],[-2347,-1045],[-579,-2887],[-900,-75],[-386,-1866],[-12346,1169],[-547,-25],[-2443,-2289],[-64,-1220],[-1158,-1592],[-1961,-1369],[-3022,-1145],[-1479,-1294],[64,-1120],[-1286,-1145],[-354,-1219],[515,-1045],[-579,-2713],[-1415,-523],[-1639,-1368],[-257,-1394],[-13922,-4554],[-128,-1294],[-1544,-971],[-1318,-1493],[-2861,-1668],[-1801,-2165],[-2411,-946],[-1061,274],[-2186,-1070],[-2862,1145],[-2572,-1991],[-4372,-1369],[-4051,-821],[-2379,-25],[-1833,498],[-2508,-374],[-2250,573],[-2347,-821],[-3183,896],[-2765,1468],[-1576,-25],[-1704,1543],[-932,174],[-772,1269],[-2539,1195],[-1094,-75],[-2636,1344],[-1222,1518],[-2122,-846],[-2443,-274],[-1350,498]],[[2753878,2931073],[-353,-1194],[-1511,-2066],[-258,-1344],[1769,-2712],[257,-1867],[32279,-28570],[7717,-6918],[7748,-15231],[3247,-5923],[900,-1294],[-482,-1618],[-11188,-20058],[932,-4704],[-96,-995],[15368,-17172],[1061,-423],[1832,-3161],[740,-3235],[14950,-10801],[1382,75],[1833,-3783],[-354,-1120],[290,-3733],[-611,-1816],[10674,-6222],[4147,-722],[643,-473],[258,-1866],[-708,-2041],[4533,-2588],[4759,597],[546,-1393],[-2186,-1220],[740,-1269],[1736,-871],[1318,-1120],[321,-1618],[1029,-821],[2958,-423],[1833,-1195],[-193,-2065],[21444,-14260],[2122,-373],[1351,-1046],[18551,-13314],[1993,-1120],[37584,-6122],[37938,-6371],[33662,-5600],[4019,498],[-193,-1344],[868,-871],[20930,-34766],[21895,-7516],[6945,-6471],[1061,-3359],[450,-2439],[13632,-24290]],[[3087990,2637336],[-102272,-49],[-90087,49],[0,20756],[-84974,-100],[-32890,0],[-48098,25],[-28100,25],[-32247,25],[-6495,249],[-8327,1269],[-3086,25],[-3730,697],[-1832,-1145],[-4437,-3509],[-1125,-2066],[-2412,-1319],[-1286,175],[-1511,-623],[64,-1169],[-2411,-996],[-932,622],[-290,1270],[-1511,846],[-3183,970],[-2925,-348],[-2765,423],[-2958,1145],[-5273,1145],[-1479,1642],[-546,1518],[418,1444],[1704,1219],[-1126,1120],[-1382,498],[-32,1368],[-2187,2315],[-964,2414],[-1029,523],[-2347,24],[-772,871],[676,1917],[2604,1841],[-1029,1568],[-129,1369],[740,1419],[-2476,895],[-2443,2688],[-3473,-647],[-6944,2066],[-1093,622],[-900,-1020],[-3119,2140],[-3279,-921],[-1930,572],[-3182,150],[-547,-548],[-2540,-622],[-2894,-50],[-2700,-821],[-1029,423],[-2026,-124],[-3954,373],[-4662,7491],[-4469,-1543],[-1318,199],[-3312,-2115],[-803,49],[-2508,-1816],[-32,-647],[-3376,-2215],[-2251,-772],[-1479,-1169],[-2218,-697],[-643,1045],[-1318,796],[-836,-622],[-1704,50],[-2862,-846],[-2893,249],[-2862,-374],[-1929,1021],[-2314,-1220],[-2187,971],[-900,1294],[707,672],[354,2065],[-2572,2141],[-1447,49],[-611,-647],[643,-1319],[-4179,-995],[-65,-1867],[547,-920],[-965,-548],[-1478,249],[-1704,2041],[-2187,-1170],[-2154,-149],[-2154,1393],[-1543,-472]],[[2495804,2683626],[-3569,323],[0,1692],[482,1021],[-321,1592],[-1061,1095],[-2701,847],[-2540,1095],[-1704,348],[-1254,1667],[22024,13116],[2861,-1095],[2251,721],[2282,274],[-450,1269],[2347,1518],[-96,1917],[-1125,1045],[-901,1618],[-1897,1020],[-803,1717],[1350,1518],[-225,1568],[997,1145],[-868,1593],[-772,423],[-3087,2712],[161,2663],[-1865,548],[-1253,2140],[-965,796],[-129,996],[804,1269],[1511,597],[65,1394],[-901,1319],[-3086,1269],[-2283,1244],[-1929,1419],[-1286,174],[-1993,1966],[-2508,-846],[-2829,772],[-2701,-2713],[-3601,50],[-2990,-2265],[-64,-572],[-3087,945],[-964,996],[-2572,672],[-611,896],[96,1543],[1608,945],[579,896],[2604,199],[1736,2937],[-257,1518],[-772,921],[1158,398],[-161,1692],[1222,2489],[-193,722],[-1865,1792],[-1447,298],[-2283,1742],[-1382,-273],[-1993,-2215],[-1158,-224],[-1382,771],[-1126,-746],[-1897,2364],[-771,-249],[-3762,1991],[-1865,1244],[869,3982],[868,921],[-193,871],[1961,647],[-932,1891],[-129,3559],[1447,548],[-1383,970],[-4404,-99],[-1512,1244],[-2604,473],[0,3061],[740,2090],[1704,772],[2379,522],[-193,3285],[1029,598],[1607,1866],[1286,-423],[1286,1419],[-1189,1319],[579,1368],[1575,-24],[1029,2239],[1704,598],[1189,-548],[1608,100],[2540,1941],[-708,1543],[1415,921],[579,1194],[-1801,1518],[193,3012],[1254,1169],[-321,1518],[-1190,1220],[-193,1145],[-1479,1294],[-996,2837],[-1222,448],[-900,1045],[-3119,75],[-289,3160],[-611,1120],[128,1593],[-418,896],[451,2364],[1286,149],[289,1643],[-836,1045],[-2958,1817],[-1350,1493],[-2508,-896],[-707,1070],[-1576,299],[-1672,771],[-1350,-149],[-1254,-796],[-1157,1194],[-2476,647],[-3729,-398],[-2122,1244],[-1543,-174],[32,1892],[-2283,174],[1415,10477],[23952,3459],[-1350,1269],[96,996],[-2122,2663],[804,1344],[2990,672],[2379,2414],[-1125,572],[1447,2140],[-4084,2489],[-835,75],[-1672,2812],[4501,-324],[-129,-1120],[1801,-1120],[2636,349],[1672,-846],[225,-1568],[2154,-199],[32,1194],[-707,1070],[2411,1245],[1865,-374],[1189,722],[-450,1095],[997,1070],[3215,23618],[997,-324],[1800,1045],[2026,-746],[2668,-249],[2990,1817],[32,2040],[-2829,1071],[-64,1194],[-2026,821],[-964,2141],[675,1991],[-1190,920],[1094,822],[-2380,2414],[37874,-2887],[386,2787]],[[4805326,385867],[-740,-2812],[-771,-1219],[-3730,-3211],[2186,-2140],[-2604,-10403],[-10481,1145],[-2540,-10875],[-2604,249],[-450,-1767],[-4919,572],[-386,-1543],[-4276,498],[-2411,-100],[-676,747],[225,1269],[-1704,199],[-353,-1468],[-1672,174],[-225,-1095],[-3505,373],[-1093,-920],[-1511,-6720],[2604,-298],[2219,472],[1961,-2215],[675,-3409],[-32,-1867],[-3215,349],[-739,-3136],[-3216,349],[483,1941],[-1865,622],[868,4007],[-5433,547],[321,1319],[-1447,672],[-6880,722],[643,3086],[-1511,1369],[-6495,746],[-96,224],[-9613,1294],[-1029,2165],[-5787,697],[-675,-1418],[-5402,622],[354,1667],[-4244,473],[193,772],[-5433,448],[-290,-1270],[-9806,1120],[322,1369],[-1318,75],[385,1567],[-2443,-323],[-5916,672],[290,1120],[-6013,647],[-64,-1120],[-6334,672],[-4051,174],[-1607,-1095],[-482,-1244],[225,-2315],[-1415,-6196],[-6527,721],[-1446,-6246],[-4051,448],[-226,-871],[-4436,497],[-65,-1518],[-1061,-1145],[-514,-2165],[-3569,125],[-2508,-10652],[-2282,797],[-2508,273],[-965,-4156],[-1478,150],[-515,-2215],[-5433,448]],[[4632194,327384],[-290,2613],[-996,3285],[-1158,1468],[32,797],[1865,1542],[-643,1519],[-2154,224],[450,1990],[-2733,299],[290,1344],[6848,-597],[546,2339],[-1993,199],[32,1468],[-2347,1867],[-1865,3061],[740,3186],[1189,-1120],[2058,-399],[932,3111],[1672,7367],[-1061,124],[740,3136],[1029,-125],[385,1817],[-7330,772],[450,1941],[1061,771],[2444,473],[2636,896],[579,2115],[900,1444],[1061,-349],[1125,1195],[-3247,572],[225,1021],[1672,-150],[1479,822],[2315,-523],[289,1269],[2476,349],[1157,-971],[1736,-473],[804,697],[2379,-2289],[514,2140],[1094,-125],[835,1742],[-514,971],[1736,1244],[1061,2613],[2604,2688],[451,1170],[1800,1393],[129,847],[5304,1866],[-2379,3235],[1961,672],[1512,-224],[482,2141],[1029,-473],[771,3683],[804,-100],[418,1991],[-6173,324],[-2315,-324],[2251,10030],[-7845,896],[64,1368],[836,1568],[-1800,2364],[2250,1245],[-1961,1966],[-2701,1493],[-1093,-224],[-1157,1070],[-1865,174],[-193,-920],[-2122,970],[257,1145],[-3054,274],[322,1717],[-611,1418],[225,1294],[-8552,872],[1382,447],[225,1145],[-4694,448],[675,3335],[-3504,697],[-3633,1941],[-1929,597],[-2797,-25],[-6688,697],[-385,-672],[-8745,846],[-1640,-7640],[-2058,921],[-3118,-423],[-965,6744],[-2636,-323],[-1383,-1966],[-2733,-1145],[-2379,-523],[-1511,1767],[900,4082],[-10738,1120],[-1222,-498],[-4822,0],[-2251,896],[-2893,323],[-644,772],[2444,1120],[997,4454],[-3215,-1518],[868,4405],[578,1817],[1061,-100],[65,2116],[643,2663],[-3633,423],[964,1443],[-193,821],[1125,921],[1190,50],[97,1070],[932,946],[-64,945],[1093,847],[-2219,871],[-1543,3260],[611,796],[-3955,423],[-418,-771],[-2347,-2141],[-1639,-1119],[-2894,199],[322,896],[-1254,1493],[-1383,373],[-707,1369],[932,572],[1093,1917],[2187,671],[2057,-622],[1769,-1169],[546,821],[-2025,1667],[3086,398],[2154,-647],[708,3186],[3279,-324],[129,797],[2314,1120],[3151,721],[740,747],[1543,224],[2411,1618],[997,4678],[-5048,548],[-1736,-1892],[-9099,946],[-2250,-75],[-1865,-1418],[-1672,99],[-771,797],[-2379,373],[900,4181],[2508,523],[1221,1294],[1158,50],[2732,1368],[965,1792],[-14950,5674],[-2540,1170],[2154,2066],[354,1667],[2122,1145],[3022,2513],[5305,3534],[868,1568],[1704,473],[-354,821],[1286,6147],[1929,-2712],[7395,-697],[0,1294],[2443,821],[1769,1394],[-10449,1070],[1382,7192],[-2218,174],[225,1021],[8327,-822],[707,971],[-1093,995],[-997,-99],[-2957,1070],[-2187,224],[-160,1344],[-3730,398],[675,3136],[-4404,473],[-547,647],[2154,697],[-1061,746],[2154,1369],[-1414,597],[-3151,-896],[64,2190],[-1350,-497],[-2926,895],[-2058,-348],[225,1145],[-3761,274],[-2347,796],[-483,1568],[-1414,249],[771,1070],[97,1393],[3601,3410],[1543,821],[-418,2489],[322,1617],[1929,1593],[-868,1369],[-2926,-299]],[[4687750,645858],[290,-1767],[-676,-1095],[3248,-299],[-836,-746],[160,-1145],[1094,-1916],[771,-498],[-1479,-7814],[-3761,-3136],[257,-299],[-6462,-5375],[1125,74],[-32,-1717],[675,-995],[-1929,-1394],[-193,-1518],[579,-722],[2990,-497],[932,199],[2508,-1046],[2090,-1194],[835,-996],[-482,-647],[1608,-2588],[-1029,-647],[321,-1145],[2412,-1692],[1704,-224],[1286,-921],[771,-1518],[4727,-398],[739,-622],[2379,-100],[1801,-498],[2122,648],[675,-1419],[1447,-1518],[2411,1219],[2668,-99],[1865,-971],[515,-4156],[1125,-1145],[2122,-597],[64,-796]],[[4721187,592128],[-129,-2215],[804,-274],[-739,-1618],[-2251,-622],[2090,-2837],[-1865,-1020],[-1704,-423],[-193,-1045],[1286,-1170],[-257,-2439],[2444,-2190],[-547,-622],[1383,-821],[2057,-2041],[225,-2190],[643,-622],[-225,-1991],[-3118,323],[-97,-547],[-3569,398],[-32,-1966],[-1672,-1493],[8102,-871],[-1639,-374],[-1286,-821],[-2765,-2713],[96,-1941],[-1479,-1418],[-739,-1344],[-1351,-398],[-1800,199],[-482,-1195],[5112,-1319],[-579,-2464],[1800,946],[836,-249],[2122,498],[1222,-1095],[-1382,-846],[-97,-1593],[2219,-299],[-97,-1269],[-1029,-1841],[1222,-1195],[1286,-1891],[1929,-1245],[64,-1617],[1126,-573],[-193,-1095],[739,-2016],[-1607,-671],[193,-1494],[-1865,-1791],[-997,-399],[482,-1095],[1512,-871],[-129,-697],[-5562,523],[1865,-2165],[675,-1593],[418,-2812],[-3473,-1419],[1029,-1443],[1286,-75],[2090,573],[1929,-523],[3923,-348],[3247,-1469],[2604,-248],[2668,224],[-321,-1270],[-1029,-323],[-64,-2414],[-643,-871],[771,-996],[1383,-3932],[1447,-2289],[-3280,-3211],[1383,-1692],[-1415,-647],[-1929,-1817],[-1414,-547],[-740,-971],[-1286,-523],[-2829,-2613],[-579,-1269],[804,-1120],[-1190,-2737],[547,-1618],[-643,-970],[-2990,-1419],[578,-1120],[-1704,-2140],[-1800,-1244],[-64,-2439],[643,-1942],[1061,-821],[1157,125],[4533,-647],[322,-2265],[-579,-1070],[1093,-448],[1897,647],[1447,-772],[5626,-1070],[1351,822],[2025,74],[2122,-498],[1479,-1319],[-257,-2264],[-2218,-846],[-193,-1369]],[[4891008,230525],[-2540,-896],[-3633,2240],[-3698,-523],[-1671,-2389],[32,-1095],[964,-1219],[193,-1419],[-4501,-1369],[1704,-1344],[-450,-647],[1318,-1344],[-1543,-1194],[-2958,448],[-739,-1444],[-3087,-671],[0,-1892],[-2411,25],[-900,-1344],[-2315,50],[-322,-1643],[1736,-1592],[-1093,-1469],[-2025,-1443],[-1222,124],[-386,-1543],[-1415,-2165],[-1093,-522],[-4469,746],[-6301,821],[-1125,1095],[-1737,896],[-5208,548],[-1350,747],[-2187,-1095],[-2443,920],[-2669,423],[-3890,-821],[-2218,398],[-2283,-74],[-2025,846],[-1994,-374],[-1736,1120],[-1607,448],[-4566,-423],[-2636,-25],[-1833,-522],[-1897,249],[-1575,-722],[-3505,1493],[-1897,149],[-3633,1295],[-1929,74],[-3568,2514],[-3537,921],[-3954,-473],[-1994,522],[-1575,-323],[-1704,398],[-1833,-2066],[-1575,-647],[-2379,598],[-2476,-2290],[-193,-1642],[-1447,124],[-2990,-1767],[-64,-2115],[-1543,-747],[-3505,-99],[-3761,1816],[-1383,174],[-5658,-1592],[-515,-672],[1190,-797],[-1704,-1319],[-1801,-74],[-1446,796],[-1994,373],[-1061,1021],[-1961,697],[-2508,2040],[-932,-298],[-2251,945],[-1575,-696],[-3119,2140],[-1993,-274],[-1286,498],[-643,1418],[-2218,-373],[-1769,1070],[-128,2066],[-1962,1568],[-2700,448],[-3408,-872],[-2797,299],[-1415,1244],[-2251,921],[-1382,1294],[-611,1270],[418,1070],[-836,1219],[-1093,349],[-450,2687],[-4115,-1841],[-1190,-1120],[-739,-1892],[610,-2214],[836,-1767],[-1607,-1543],[-2444,-3111],[-1286,-597],[-1832,-2688],[-1576,1269],[-739,1842],[-2669,796],[-3247,-224],[354,1344],[-1897,-573],[-1608,598],[-1672,1891],[-1704,149],[-2475,1170],[-97,1045],[1190,971],[-129,2812],[1254,1742],[32,1817],[1158,1593],[-2444,1045],[-2314,249],[-1897,2215],[-2090,647],[-2669,-797],[-2636,-423],[-1640,174]],[[4659618,230400],[257,1767],[1254,647],[-1414,2240],[-1801,1294],[-1961,324],[-289,-1319],[-1929,373],[160,772],[-3504,572],[-257,1394],[2379,1070],[2443,3086],[-739,946],[0,1368],[-4855,-149],[-2733,2240],[-1672,2638],[1479,2389],[-2668,1543],[-932,970],[-193,2190],[-901,1220],[643,2887],[-2572,473],[-1479,1169],[-803,1419],[-1640,597],[-804,921],[161,1244],[-1061,1867],[257,1070],[2926,1817],[-1222,2438],[515,2240],[-1833,249],[-2636,846],[-965,647],[-3022,896],[1607,2514],[-225,1294],[-1864,1866],[578,1344],[-2411,1618],[-482,896],[-2058,2115],[997,3260],[0,2165],[1800,1693],[-257,1219],[2026,1170]],[[4627918,299909],[1768,-846],[2315,1518],[160,3086],[869,1145],[3504,2438],[-1736,2589],[32,1866],[-1608,1892],[-482,3334],[2122,1120],[290,4455],[-1769,1543],[-257,1468],[-1125,1170],[193,697]],[[966068,565126],[-32,31133],[0,28943],[0,36285],[32,28968],[-32,32576],[0,69061],[-28872,0]],[[937164,792092],[5112,39420],[3923,30362],[-5402,348],[611,8487],[-8327,398],[4694,38400],[-9806,14210],[-1768,-721],[-225,-697],[-2347,-697],[-2444,-1817],[-4919,-1194],[-2379,-1668],[547,-846],[-1479,-2613],[-2894,-4032],[-16172,12593],[-31218,1916],[2733,21925],[4758,41934],[4372,-945],[45751,-3061],[4180,34617],[2861,23493],[-24627,1593],[868,9481],[1897,26729],[19676,-1070],[3504,36533],[-14918,896],[643,6396],[39514,-1145],[39513,-174],[50798,-2937],[-1157,-9730],[39288,23891],[4630,36384],[17554,-149],[28261,-23419],[1704,-423],[-64,-1070],[59543,-11796],[7330,-1419],[1093,797],[3730,622],[5465,-548],[2219,896],[1061,1145],[4919,772],[1833,-274],[835,498],[4694,448],[3537,1742],[2251,2115],[3247,1319],[1093,1020],[3665,1518],[1222,722],[739,1543],[2347,1493],[1704,2265],[1801,996],[4597,472],[2701,523],[2218,1642],[2347,1071],[2701,846],[2090,1045],[1865,-224],[3890,498],[2443,572],[2798,1493],[771,1319],[1093,722],[-34369,29068],[21348,12567],[-2540,2315],[13697,8088],[-10707,8038],[-27296,20781],[-13085,10004],[36491,24240],[33598,-27450],[9291,8536],[15368,9507],[3633,25036],[3087,21153],[4405,30038],[2507,17670],[675,4255],[-44753,1718],[-5338,373],[-417,-3459],[-51152,3608],[-47712,224],[-322,-3633],[-24306,1991],[-23406,2016],[-24177,21054],[-21734,17769],[1415,871],[-2701,871],[-2315,-299],[-22827,18964],[-1833,1020],[-1157,1419],[-11381,9282],[-6398,4704],[-27746,23543],[-34691,-20955],[-4308,-2265],[-772,75],[-9485,7690],[-8616,6919],[-9967,8461],[-36877,30088],[-2315,2165],[40125,23319],[-2187,1941],[-5015,3882],[17554,11100],[21606,12991],[-7620,6047],[-10771,2514],[-386,249],[611,3036],[2958,398],[39610,23368],[-2508,7466],[1897,5550],[804,747],[-1801,11572],[-4276,2713],[-385,423],[-2540,11995],[-965,1170],[-739,2240],[418,2488],[2604,-25],[11221,-746],[3761,-2987],[17137,8910],[-21992,18938],[-16332,13887],[23663,14434],[29707,17969],[2572,3434],[-8102,5898],[-14725,12070],[5112,48330],[30768,-1667],[-192,1966],[-1126,2215],[386,3160],[-900,1518],[707,597],[-2122,3460],[129,5276],[1222,1219],[610,1468],[6238,9532],[55813,-1866],[7974,48578],[23952,-1518],[-1093,-9009],[51345,-3210],[482,3932],[63916,-3932],[35077,-2140],[2925,15180],[2797,14211],[451,11000],[546,10726],[-1511,497],[64,1021],[1511,-100],[483,10328],[353,5600]],[[1310885,1900966],[29386,-622],[22024,-1917],[-1190,-11298],[34466,-2688],[-515,-3235],[-386,-4032],[14790,-547],[36202,-1419],[1414,11498],[21702,-1369],[643,199],[29418,-1916],[-1607,-14260],[21508,13140],[-7877,6744],[19741,11921],[19323,11771],[6848,-6072],[8134,-6968],[25849,15728],[3440,-2962],[14533,9457],[1157,-423],[1608,946],[192,1269],[9228,5500],[15689,9432],[33084,19885],[15593,-1095],[32,448],[39513,-2688],[-3118,-22572],[-3216,-23319],[-2572,-17545],[-836,-7914],[226,-697],[8937,-672],[97,-448],[29032,-2140],[547,423],[25817,-1817],[25656,-1866],[12603,-871],[-2218,-15928],[-3730,-22945],[25142,-2016],[23406,-2140],[97,746],[47390,-2215],[1511,-522],[35494,-2041],[-1832,-16027],[5948,-896],[3568,100],[7717,-249],[6173,-722],[-97,-1120],[23438,-1742],[547,-99],[-868,-10254],[-965,-8611],[26717,-1966],[2155,-8760],[-515,-3807],[47808,-3435],[-1253,-9058],[-3376,-3783],[-1608,-10876],[33437,-2015],[-418,-5102],[11446,-647],[5787,-423],[26781,-1394],[8874,-597],[16783,-1469],[2025,424],[5241,-2390],[2283,15754],[-193,74],[1929,13265],[225,124],[13953,-1020],[1447,13190],[45686,-3410],[2412,17048],[1864,15006],[40478,-3061],[676,8064],[-3312,2662],[321,2066],[25014,-1866],[-64,-448],[10674,-822],[-933,747],[354,821],[-482,1444],[964,298],[257,1170],[1929,2115],[-32,1518],[-3697,5027],[1318,7666],[-6623,4056],[643,4729],[28389,-2190],[2476,-8661],[34819,-2986],[15433,-1394],[5337,38350],[30286,-2439],[1157,10851],[46812,-2489],[-868,-6595],[-643,-6122],[-3408,75],[-5595,-19536],[26653,-4803],[-6558,-14858],[-3698,249],[-3504,-10029],[15818,-2837],[-3279,-2738],[-31347,3435],[-3215,-27998],[48997,-2638],[-160,-4703],[23309,-2290],[12410,-1170],[-64,-1119],[40639,-4007],[7780,-821]],[[2583672,1760730],[1543,-200],[9806,-2787],[2572,-1792],[-3054,-15504],[1961,-10179],[-5948,-27699],[257,-174],[22185,-2389],[-2251,-12767],[-1961,-11472],[1575,-299],[51988,-3907],[-2025,-11423],[3150,1294],[-2443,-16799],[-3730,299],[-2379,-24663],[-4694,199],[-450,-2264],[7330,-523],[18905,-1717],[1061,1966],[5080,-548],[15014,-1343],[483,-399],[7523,-547],[3022,21577],[9742,-10726],[6526,-2912],[22538,-1668],[1801,-2389],[-1029,-1070],[771,-498],[1672,523],[450,-1269],[1769,-2041],[1607,-1170],[3022,-1617],[-643,-573],[-7491,-2165],[-514,-1592],[450,-1394],[1222,-1742],[3183,-2489],[482,-1916],[-2090,-2912],[-1479,-1493],[-96,-2563],[-2315,-2489],[-4019,-1145],[-1190,-1617],[-96,-1295],[739,-2140],[3601,-3434],[2604,-3086],[901,-2165],[868,-3708],[2379,-3584],[2861,-2066],[2347,-846],[4662,174],[31669,-10527],[24627,-6719],[-3311,-22398],[9098,-647],[65,-1842],[643,-746],[-32,-2588],[1157,-623],[15336,3659],[836,-3136],[3344,-2140],[7298,746],[707,-1667],[15754,3783],[2347,1393],[3633,623],[547,-1942],[-483,-2613],[2508,-2961],[-386,-1693],[3055,-2862],[-901,-6370],[-353,-946],[-1125,-8910],[0,-1418],[-3569,-20034],[11767,-746],[514,-100],[32505,-4007],[-1318,-6744],[22184,-4032],[1736,25],[932,-672],[2090,-124],[-225,-1344],[1254,-2016],[-547,-2314],[-546,-5749],[-1158,-4654],[0,-1145],[3055,-224],[-1126,-7864],[19741,-4952],[10353,-3758]],[[2977102,1422595],[1736,-1717],[1093,2090],[3215,-1941],[64,-1294],[1833,-1518],[546,-2190],[161,-3161],[-2154,-2688],[3054,-2712],[-3150,-2738],[-1511,-697],[-1930,-199],[-2700,-1169],[-1704,273],[-1318,-846],[-3891,-1319],[-1736,-174],[-2411,597],[-900,-2712],[289,-1170],[-514,-995],[-1994,-872],[-64,-572],[2604,-3111],[-804,-1792],[-3054,-1244],[-2893,-1792],[-322,-1617],[1479,-2066],[-322,-1120],[869,-1418],[2572,-1319],[96,-722],[-1447,-1966],[-2122,-1817],[901,-896],[546,-2538],[1415,-1892],[-4469,-2115],[900,-1742],[-1093,-2190],[739,-2091],[-1125,-895],[-193,-1419],[1318,-1742],[997,-548],[32,-1692],[-675,-1792],[-1093,-1120],[1607,-2339],[290,-1145],[-643,-1493],[257,-1891],[3729,-1220],[2412,-1443],[1479,-25],[1993,-846],[-643,-896],[836,-1717],[1833,-1718],[675,-1468],[-2122,-2065],[-97,-1817],[-1061,-1444],[643,-1642],[2187,-2290],[-547,-1692],[1254,-1866],[-515,-498],[-417,-3011],[-708,-1245],[965,-2588],[1479,-1568],[32,-1269],[-772,-1269],[-514,-5625],[-3440,-3982],[-1833,-9382],[-6366,-2812],[-5176,-1443],[-1286,-8935],[739,-11995],[-5722,-1643],[-2958,-24],[-2444,1642],[-2347,75],[-2701,-1469],[-1896,-149],[-1737,-597],[-996,398],[-2701,-100],[-4758,-1816],[-1897,-971],[-2733,-2464],[-772,175],[-1607,-1021],[-3730,374],[-3729,-598],[-4180,-1767],[-32,-1617],[-2797,-1344],[-32,-747],[-9227,-3957],[-3441,-2986],[-4469,-1145],[-5754,971],[-1544,-2141],[-64,-1169],[-900,-1270],[-161,-1866],[1704,-1070],[32,-722],[-1061,-1642],[-32,-1170],[-3504,-1941],[1318,-2165],[-2026,-1469],[-321,-1742],[-675,-846],[-451,-1792],[-1221,-572],[-1061,-2812],[1993,-2116],[2347,224],[129,-796],[-1640,-274],[386,-1319],[-354,-1369],[-3954,-1294],[-1608,-25],[-836,-1244],[0,-2190],[-1511,-1070],[1543,-2041],[-964,-1344],[-2186,374],[-6591,-1294],[-1897,-548],[-1190,-1045],[1222,-1792],[-1768,-1145],[-354,-2389],[-1801,-498],[-289,-1941],[-2250,-74],[-1544,-822],[-3150,598],[-1094,-573],[-4211,-149],[-3923,-821],[-643,-2066],[900,-2190],[-2089,-896],[-1897,224],[-161,-1742],[-1479,-1145],[-1736,-2737],[-965,1991],[-4179,1219],[-1704,25],[-772,-722],[-1189,622],[-2315,399],[-3987,-797],[-5626,-2912],[-2669,5401],[193,3036],[-2894,1817],[-3697,-100],[-1286,-746],[-1286,398],[-868,1120],[-1383,-75],[-1350,-1269],[-739,-1991],[-3312,-573],[-1897,-2662],[-2443,-722],[-1190,1020],[-3343,224],[-1061,-1468],[-2733,-25],[-933,498],[-2990,-2140],[-2765,-349],[-1768,-597],[-2508,-398],[-1511,597],[-1286,-100],[-1961,921],[-2765,-323],[482,-971],[3794,-2414],[1061,-1394],[193,-2862],[1929,-597],[129,-1767],[1607,-149],[3247,-1195],[2926,125],[-64,-2290],[1929,-6620],[1832,-1020],[1061,299],[1544,-896],[1061,-2116],[1607,-2314],[-739,-1319],[1125,-1444],[2861,-2488],[1865,-2215],[-836,-1145],[1318,-1219],[611,-1170],[1383,-647],[2508,-1991],[385,-1518],[-1479,-572],[-932,-1021],[-1061,-199],[-1029,-1170],[2540,-1543],[2411,-771],[97,-1419],[2250,-1443],[3151,-1020],[4566,-797],[2540,-1767],[1929,-497],[3247,74],[868,-1518],[-997,-2215],[1093,-1891],[3215,-523],[418,-1344],[1962,-1368],[3279,-249],[1961,373],[804,1468],[997,5152],[2443,2464],[4083,1418],[643,-796],[1576,-3310],[2122,149],[1768,2613],[4758,423],[2637,2265],[225,722],[1897,896],[-290,1070],[1543,224],[1415,2439],[-32,945],[2958,996],[1029,-622],[-258,-1245],[2380,-1070],[836,-896],[1478,125],[772,-1543],[-386,-1294],[1897,-772],[515,-2016],[932,-1343],[-611,-2016],[1865,-2365],[2379,-597],[739,274],[1447,-1493],[-321,-871],[2379,-871],[2090,-2265],[1704,-747],[1189,-1144],[32,-1518],[1640,-2862],[675,-2315],[-2925,-572],[-1190,-946],[-2797,-1319],[-193,-1891],[-1029,-548],[-1125,-1667],[-290,-1195],[-1704,-1817],[-2089,-248],[-740,-1892],[-1382,-1319],[-2862,-622],[-1575,-1419],[-354,-1766],[1640,-946],[1607,-373],[1126,-2340],[3472,-4206],[37166,-1244],[23342,-995],[-707,-8039],[15914,-622],[-739,-8437],[51377,-3235]],[[2583672,1760730],[2797,20133],[8809,-821],[1672,7266],[16429,-945],[25174,-1593],[258,1667],[2700,21403],[611,3534],[-20480,995],[-7330,523],[-4984,99],[5209,20134],[-18519,1145],[2347,23542],[2540,25882],[257,2937],[2636,22000],[12507,-1021],[5852,3485],[63079,-4505],[-1864,-12966],[18165,-23169],[15786,-1195],[11992,-3111],[1093,7591],[354,697],[579,6769],[836,7789],[-868,498],[675,4928],[52856,-3883],[-2958,-3260],[1222,-299],[482,-1866],[32440,-7814],[25367,-1817],[643,124],[836,1618],[-740,1020],[611,2265],[-803,1219],[321,946],[-739,2265],[1864,5077],[-1125,1319],[97,1443],[3793,3161],[708,1767],[-65,1393],[2347,1842],[1511,1891],[1672,573],[1286,1169],[-418,1717],[-900,1369],[97,821],[1800,1444],[1575,2240],[2251,1966],[3955,2862],[1575,1443],[1961,1120],[515,1667],[900,1369],[-643,3161],[-1544,1194],[-2121,399],[-804,2463],[-1511,772],[-2894,2638],[-2218,4479],[96,2638],[2122,2290],[-1093,597],[1286,2190],[4019,1220],[2990,1717],[354,1269],[1157,1095],[514,1518],[2219,2315],[3472,920],[1801,1593],[4018,2688],[3183,622],[2154,1817],[901,3982],[-161,970],[-1897,3036],[257,2614],[-1093,1294],[-2379,1816],[-5691,299],[-1736,1543],[-3729,1344],[-2573,647],[-3343,75],[-1833,522],[-1672,1021],[-3793,3509],[-2219,2414],[-353,1443],[675,1170],[4565,2513],[129,747],[-2733,2190],[-675,2638],[-3022,3260],[-258,1095],[-32,3609],[-707,995],[-2026,1692],[-1414,1792],[1061,1568],[900,2514],[193,1742],[-579,1244],[2411,2066],[-32,1294],[611,2762],[-997,1742],[161,2414],[1093,1493],[1704,1095],[4244,3733],[450,2041],[-1864,1692],[-611,1668],[128,1518],[-996,2115],[-2058,3559],[-289,2165],[-772,1966],[-2315,2962],[-932,1866],[225,1767],[2861,2464],[-289,1767],[1222,2265],[-3087,3708],[-64,846],[1543,1916],[579,3161],[-1447,2663],[-96,1468],[-1672,2887],[-322,1543],[1415,2339],[1736,1742],[1383,-99],[1736,-1195],[1575,124],[3858,2464],[4180,249],[2797,896],[1222,1468],[578,1518],[483,3285],[1093,1021],[2250,547],[3762,299],[1575,498],[5177,2538],[643,846],[64,2290],[836,1966],[225,1717],[-354,3011],[-1157,3385],[128,1070],[1126,2090],[3536,598],[2219,1070],[900,1095],[96,1618],[-2025,2264],[-2026,3634],[-353,1344],[193,1418],[1061,971],[8423,2588],[3119,821],[1479,-149],[1511,-722],[386,-1792],[643,-1020],[2057,-1369],[1768,-746],[2058,-399],[1768,125],[1222,821],[1961,348],[2251,-1169],[2636,-4604],[2315,-1095],[1897,273],[3022,2091],[933,747],[2250,995],[1961,224],[3987,-448],[2861,-846],[4984,-2663],[2411,25],[1093,622],[1158,1543],[482,1941],[2058,2738],[2250,1393],[225,3037],[1736,1045],[643,-423],[2476,1194],[772,1319],[4308,1668],[1607,2588],[2540,50],[1769,-1220],[2122,-647],[2186,-99],[3183,2862],[2154,1468],[1961,1792],[932,473],[2412,174],[1607,1194],[129,2091],[1029,1916],[546,2912],[1190,1692],[3472,2439],[547,1045],[-32,1643],[-2958,4255],[-386,1842],[1286,4032],[1061,2264],[868,797],[2604,1468],[3633,1219],[3505,647],[2572,971],[1157,1220],[836,2165],[836,3160],[-129,1693],[-2604,1966],[-2411,970],[-3472,2613],[-2058,2788],[-1254,2588],[-1447,4106],[-1736,2912],[-514,1841],[386,2265],[2604,4753],[739,2962],[225,3011],[-675,10054],[-514,2514],[-1833,4728],[-418,2514],[-1447,4106],[-1350,2613],[-4147,5152],[-1351,2240],[129,2762],[1832,4256],[1126,2140],[2668,3360],[643,1617],[-257,1070],[-2765,4654],[-3826,4380],[1801,598],[2347,1418],[4533,1394],[1093,-374],[-1447,-1667],[64,-1344],[965,-1145],[3183,-1393],[1607,-2389],[1222,-1195],[2219,-672],[3086,-473],[3215,-945],[2926,597],[3344,-473],[3890,-1468],[2250,-374],[1383,-647],[321,-1518],[-1800,-2563],[1800,-224],[24274,-1916],[4116,28395],[-322,25],[1768,12145],[772,498],[-418,1816],[1897,12966],[5916,-497],[385,3857],[-868,1792],[2315,946],[1929,1468],[1511,373],[1029,921],[2572,697],[-386,2090],[-610,423],[610,1668],[1479,796],[1447,-174],[740,622],[6205,548],[3086,1567],[8199,847],[1864,-199],[17876,-2688],[2540,4554],[14950,23468],[38871,-25],[51859,25],[80377,0],[80377,0],[80377,0],[80731,-25],[322826,199]],[[3861474,2359651],[2315,-1368],[4147,-1394],[3730,-971],[4983,25],[933,-697],[7587,-3608],[10610,-4778],[3697,-1593],[2058,-224],[5466,-3932],[2604,-722],[3472,-299],[6205,-3011],[2315,125],[1961,-2763],[65,-2090],[4951,-5003],[2315,25],[1704,-1493],[1029,-2936],[3408,-2390],[2186,-721],[3762,149],[1189,-1120],[2347,-1369],[4212,-1120],[2733,-373],[643,-1244],[1929,-1170],[482,-2289],[4373,-3037],[1028,25],[933,-2439],[3118,-1493],[3151,-647],[2829,-323],[1994,-1718],[900,25],[3987,-3484],[4308,-1244],[2411,-2738],[161,-1667],[1607,-3186],[1512,-3708],[1157,-7267],[13375,-11099],[23631,-13489],[13599,-10800],[12925,-21502],[8970,-11473],[19773,-17097],[10674,-10478],[12603,-13115],[11606,-9780],[6816,-6794],[9678,-7914],[11992,-5824],[12346,-5126],[11189,-3758],[14210,-7192],[9035,-4281],[18165,-5550],[14821,-4778],[16783,-5326],[13986,-6420],[16750,-7466],[11253,-6546],[13343,-7416],[12474,-8412],[13375,-4852],[16268,-4978],[11478,-5126],[12571,-7989],[9935,-6545],[12378,-3858],[15143,-5475],[14628,-3558],[12636,-5675],[12571,-10626],[7491,-7143],[6173,-9058],[13246,-6396],[17586,-2364],[16172,-697],[14950,1244],[17008,5152],[7973,6843],[-1414,8387],[-7234,9880],[-6720,8063],[-6976,9856],[-3312,7391],[-386,13364],[1061,10079],[3987,6446],[6205,1841],[5176,747],[8585,-6296],[9838,-6197],[11478,-7964],[16879,-6296],[12892,-2588],[10642,-2539],[13793,-2613],[15529,-2862],[16365,-1095],[16525,-1418],[15014,-1195],[14918,-1767],[13761,-4355],[4373,-5177],[3504,-5549],[4147,-8088],[515,-8313],[-2379,-9058],[-2379,-6819],[-3023,-4853],[-4372,-3758],[-4051,-3161],[-4276,-3782],[-1254,-1817],[-1961,-373],[-1061,-921],[-1833,-3086],[-1929,-2688],[-129,-2140],[-578,-3061],[771,-8014],[-514,-1194],[547,-5351],[-836,-6371],[-225,-4803],[-1512,-4455],[-1382,-6221],[-1608,-1817],[-2250,-821],[900,-4007],[-386,-3260],[193,-3783],[-2186,-3136],[-1929,-1891],[1222,-19934],[578,-7367],[2412,-5077],[2636,-4454],[3247,-3260],[3826,-5426],[2026,-3235],[2700,-2663],[2251,-722],[3858,-4429],[2026,-2688],[1961,-1618],[1318,-2215],[1415,-1219],[900,-1618],[450,-3360],[-450,-1692],[1061,-3360],[1414,-2214],[4309,-8835]],[[4720223,1811374],[-242707,-1170],[-281641,-298],[-32087,49],[-80280,150],[-147187,572],[-67484,348],[-78673,498],[96,-20531],[289,-51117],[161,-38326],[65,-10602],[-193,-2662],[-4051,-6521],[-10707,-7814],[-3600,-1842],[-5273,-2215],[-3473,-2389],[-4854,-3559],[-2701,-1294],[-2990,125],[-2411,-374],[-1479,-1418],[-1222,-4405],[-1061,-946],[-2765,-1443],[-3183,-3310],[-868,-647],[2218,-1842],[708,-2040],[-322,-2190],[450,-1693],[901,-1344],[-1126,-472],[-2282,1294],[-836,-374],[64,-1866],[-675,-1817],[-5144,50],[-900,1045],[-1962,-722],[-3150,697],[-2540,-323],[-2154,697],[-3023,-374],[-1929,-1020],[-964,-1095],[-2251,-149],[-1993,-1145],[-2476,-1842],[-2379,-398],[-2186,-796],[-1125,-946],[-1737,1443],[-4951,-323],[-1189,-797],[-3891,1991],[-1350,2414],[-2797,1767],[-1672,125],[-1511,-8735],[-1993,846],[-1801,-647],[-257,-647],[-2701,-2290],[-996,-423],[-1415,348],[-1897,-1095],[-2347,448],[-1447,1369],[-1575,796],[-1125,3758],[-1479,249],[-129,896],[-1768,772],[-1608,-473],[-128,-1941],[-1061,-2041],[1028,-846],[-1189,-1518],[-1029,-399],[-900,-1866],[-450,-2041],[2765,-3559],[-32,-597],[1446,-1617],[225,-797],[1769,-25],[2411,1145],[418,-1866],[1190,-1568],[3858,-324],[2958,-896],[675,-522],[96,-3037],[-321,-1219],[1189,-2538],[4373,-2912],[-933,-1618],[-1704,-4579],[-1446,-722],[-2283,-273],[-547,-1742],[1061,-4032],[-64,-3410],[1929,-771],[-804,-1095],[322,-3509],[-4019,-4455],[-2894,-2912],[-4758,75],[-9710,-4903],[-3761,224],[-3794,-771],[-3151,373],[-996,622],[-1126,-647],[0,-2787],[933,-921],[-322,-1493],[-2701,-1493],[-2411,-100],[-1640,-1294],[-1125,-1916],[-579,-1966],[-5529,-3584],[-901,-1468],[1351,-523],[-290,-1916],[-2604,-1543],[-707,125],[-7652,-3136],[-2701,323],[-1768,-896],[-1029,-1617],[-418,-1867],[-932,-2339],[-1222,-1792],[-1865,-1792],[-2315,-2712],[-2732,-4604],[-804,-896],[-1961,-1046],[-2637,747],[-2829,25],[-3119,-1020],[-2668,-448],[-4694,-1095],[-5498,-548],[-1125,-448],[-2476,373],[-900,1220],[-1704,124],[-3376,-697],[-2894,-124],[-1125,-423],[-2990,-149],[-2283,448],[-4951,398],[-3440,99],[-2475,-1692],[-2412,-3285],[-1897,-995],[-6398,-996],[-5594,-1319],[-3151,-423],[-1768,-1394],[-450,-1095],[643,-1418],[1189,-498],[-160,-1145],[-1061,-2414],[2154,-1045],[2250,448],[1511,-1170],[-1189,-2663],[1543,-1169],[4180,-573],[546,-920],[-257,-3410],[-2025,-1294],[-1190,-1319],[-1061,-1866],[-2861,-2738],[-2122,672],[-3151,-772],[-482,-821],[1382,-871],[-289,-647],[-2154,647],[-1415,-199],[-1929,-1294],[-579,-1319],[-1125,-846],[450,-1220],[1125,-99],[-1607,-4853],[-1318,-473],[-4727,125],[-2443,-1967],[1897,-1045],[161,-1194],[-3987,-1220],[-2990,374],[-5948,1891],[-2926,1991],[-1639,-1518],[96,-1593],[-2154,199],[-2540,-697],[-1157,-1144],[-643,-2141],[289,-945],[-2347,-946],[-450,-1220],[2250,-3683],[1158,-1468],[1897,-1070],[1575,-374],[932,-1468],[97,-2563],[-418,-5002],[-1222,-1369],[-4437,-2812],[-2507,-1046],[-997,249],[-2218,-672],[-2122,-1393],[-1672,821],[-1351,1344],[-5626,2190],[-1093,1070],[257,1344],[-3472,-199],[-2122,572],[-482,-448],[-161,-3434],[-418,-1344],[-1768,-1618],[-2026,-497],[-4597,0],[-901,398],[-900,2961],[-2572,4679],[-2347,-50],[-2668,-921],[-1415,249],[-1576,-597],[-2282,-2638],[418,-2514],[1929,-2040],[-193,-1245],[-3505,-2190],[-1671,-1343],[-3087,-299],[-1704,-772],[-675,-3210],[-1704,-124],[643,-1295],[4469,-1244],[5080,-423],[418,-722],[-2026,-1667],[-6816,-2091],[-2990,-2414],[-4822,-4230],[-3666,-324],[-1993,448],[-836,-746],[547,-4953],[-483,-2787],[-1028,-349],[-1640,-2264],[-64,-1195],[-2251,-2688],[-2090,-920],[-1897,-448],[-1736,249],[-2668,-747],[-2122,2290],[-32,647],[-2605,-224],[-932,-1145],[-257,-1892],[1029,-497],[-1286,-1120],[-1286,-448],[-3537,-149],[-2540,-623],[-1543,846],[-2604,-846],[-1801,274],[-2057,1145],[-869,3061],[386,2613],[-386,2588],[354,498],[-450,2414],[16236,9059],[-7266,15454],[6462,6869],[-6494,8088],[-14050,4032],[-1254,74],[3054,10279],[22602,13712],[-5562,2987],[19034,18142],[-14533,7839],[-5433,398],[8198,11050],[1930,8163],[1896,8934],[-4726,573],[611,3285],[-772,2190],[-835,1344],[-1640,1144],[-1286,-99],[-3440,-1693],[-2540,299],[-1254,4306],[-2476,-548],[675,1170],[-643,970],[2187,921],[996,1220],[-1864,2886],[-2122,1792],[289,921],[0,8760],[257,1792],[-13246,1170],[-13696,1269],[-2926,-1518],[-13568,-6670],[-9902,-4679],[-16365,-7615],[-3986,4579],[-2637,3310],[-2025,2116],[-3055,423],[-482,796],[1029,1269],[-3183,3435],[-418,1742],[1093,995],[707,1618],[1769,348],[2186,3061],[772,75],[3183,1966],[932,1145],[3344,2140],[1189,124],[1318,1270],[611,2314],[1961,1717],[2508,821],[2476,-423],[997,374],[868,1543],[2829,1717],[900,1170],[-64,846],[836,4927],[-1126,448],[-8745,9980],[-4147,149],[-5626,-1244],[-4469,199],[-322,-747],[-5401,423],[-1158,-796],[-2411,-25],[-2025,-1369],[-3248,-149],[-1607,373],[-1769,-846],[-1253,448],[-1190,-7939],[-1479,-1418],[-5755,-1145],[-5305,224],[-3054,-1344],[-707,-672],[-2798,-249],[-2154,1792],[-6269,846],[-997,772],[-1029,2911],[-3472,-1020],[-6205,647],[-1125,-174],[-6141,2663],[-1415,1269],[-5208,2514],[-2058,423],[-707,896],[450,796],[-900,3733],[193,1916],[-1737,1095],[-1575,1568],[-1961,647],[-2701,199],[-4147,772],[-900,1045],[-65,1269],[-1029,747],[-643,1816],[386,2390],[-964,2314],[-1415,-1767],[-2476,-1294],[-2347,-2613],[-160,-1195],[836,-920],[-804,-2215],[-3054,-2489],[-2540,647],[-1576,-149],[-1704,-871],[-3343,-199],[-4373,-1568],[-1608,-224],[-2475,-1195],[-2990,349],[-2219,-349],[-675,-1095],[1318,-1568],[-900,-2364],[-1061,-896],[-418,-1667],[-1189,-398],[-2765,-2713],[-1994,-498],[-3986,-274],[-2476,-1343],[-2604,-1046],[-1608,-1543],[-1929,-124],[-1672,-996],[-3183,473],[-2861,-398],[-1511,473],[-2926,-1369],[-5723,-3011],[-1929,-1717],[-514,-1717],[-1415,-1319],[-2733,-1842],[-1607,-2066],[-3376,-2364],[-1575,-1593],[-675,-1717],[-2315,-896],[-2219,50],[-836,-622],[-4887,-2539],[-1639,-622],[-1511,-1244],[-2251,-1070],[418,-1145],[-1061,-1045],[386,-1668],[-579,-1816],[-1768,-1444],[-3022,647],[-6881,-273],[-578,-1867],[-1897,-324],[-1608,-696],[-3343,-374],[-354,1070],[-1479,-149],[-1254,1045],[-1511,-149],[-1800,2066],[-676,1393],[290,797],[-2026,1418],[-3665,324],[1833,-1319],[-290,-1742],[-2379,-523],[-707,-3534],[-2862,274],[-1671,-9507],[-3023,0],[-1639,-298],[-1769,-1469],[-707,-1020],[-1768,-1394],[1029,-1767],[836,-572],[-418,-1045],[-1769,-249],[193,-1394],[-514,-2912],[-15690,5849],[-2283,-3758],[7267,-6794],[-1479,-448],[-1190,448],[-1607,-573],[-2540,-2214],[-2798,-847],[-1864,-895],[643,-1494],[-997,-1344],[1029,-771],[-354,-2091],[643,-2389],[-2700,-3160],[-676,-324],[-2700,423],[-1254,-273],[-1286,-1543],[-4180,-2190],[-1479,-1767],[-353,-1369],[-2058,-548],[-2315,-1742],[-1832,25],[-3376,-1443],[-2154,-2240],[-1415,-796],[-1929,-100],[-1093,-2190],[-2508,-2290],[-3472,-1319],[-483,-1294],[-1061,-746],[-1736,-374],[-2700,-2513],[-868,970],[-3666,971],[-2122,-771],[-2507,-424],[-740,-597],[-2636,-821],[-1093,99],[-4309,-671],[-3600,448],[-2926,-623],[-2669,-2663],[-2829,-821],[-450,-1991],[450,-6595],[836,-1219],[2315,-1916],[-161,-1021],[804,-846],[386,-1518],[2733,-796],[1671,-1270],[-1125,-1144],[-354,-2041],[-932,-1742],[740,-1444],[1768,-1045],[2283,-2812],[-451,-921],[-1896,-547],[-1447,-1319],[964,-1369],[161,-4007],[-1190,-2389],[-2411,-846],[-3279,-4654],[386,-1020],[-386,-2987],[-547,-1045],[707,-1841],[-1318,-2738],[-193,-3086],[-1253,-1966],[-1801,-971],[-579,-1916],[1544,-1891]],[[2495804,2683626],[675,-1842],[3086,-1543],[-4308,348],[-225,-1567],[1608,-2390],[-740,-1368],[-1061,-423],[161,-1842],[-2572,-1742],[-900,-1244],[-1479,124],[-1125,-1817],[-2219,946],[1029,-2041],[-1383,-1045],[-4211,-622],[-2219,-622],[1994,-2315],[643,-2040],[-29740,2837],[-39417,3757],[-2154,-28495],[-33597,2837],[-2090,-1294],[-8424,8586],[-19451,17844],[1575,2190],[-7234,3907],[2315,2364],[-8520,672],[2572,17993],[-23373,1817],[-257,-448],[-8938,697],[-2476,-1394],[-997,-3036],[-2411,0],[-2636,1643],[-804,-1145],[-1029,124],[-643,-2364],[900,-1120],[-707,-523],[450,-1766],[1350,-1245],[1511,-124],[1737,-722],[4051,697],[771,-1220],[-804,-647],[161,-2040],[804,-2116],[2540,-2065],[1736,-448],[1833,-1543],[-1029,-3808],[739,-647],[-96,-5799],[1189,-1916],[-2443,174],[-1929,-2214],[546,-1344],[3344,-249],[-546,-3932],[-1640,-175],[-1543,-1368],[-258,-996],[-3922,-3484],[-707,-871],[-225,-1792],[-2605,-1866],[-2636,-3136],[97,-1767],[-1704,-498],[-1479,423],[868,971],[-32,1195],[-1833,1692],[-2508,423],[-1286,-398],[-2701,-1593],[-2057,-722],[-3408,150],[-1511,1567],[-1929,-199],[-1222,1494],[-2379,248],[-1640,-224],[-3247,1419],[546,2265],[-1061,896],[258,1393],[-675,473],[192,2787],[-1414,1046],[-21123,1543],[386,2115],[-322,1219],[-1479,374],[-932,2190],[-708,2737],[-1028,672],[-1704,-896],[482,-2065],[-1254,-1145],[-1415,1045],[-418,1643],[-1125,-498],[579,-1195],[-579,-1791],[-1447,-2091],[1383,-1618],[-9485,722],[225,-921],[-707,-1941],[129,-1493],[1125,-995],[-14757,1219],[707,5127],[-14050,1045],[1511,10129],[-1254,3086],[2283,7963],[2251,1991],[1157,7591],[-1800,-25],[-1962,-548],[-2861,747],[-3922,-75],[-1672,-647],[-5595,3111],[-6333,324],[-1929,-224],[-933,323],[-3472,274],[-4212,6446],[-321,945],[-1672,2315],[-20384,1592],[-482,-27972],[-5208,-36136],[-2701,-14434],[36170,-2936],[7394,-5699],[-14596,-10304],[1672,-1194],[-965,-1244],[418,-2315],[1865,-821],[1479,-25],[771,-821],[2380,0],[2282,-2016],[1608,-1020],[2990,1667],[1672,199],[3375,-2787],[-289,-1618],[1383,-348],[289,-1245],[-707,-1095],[964,-696],[257,-1270],[-20255,-12045],[14436,-13190],[-22152,-12493],[-4469,-3658],[-3054,-14957],[546,-2265],[5016,-2911],[19001,-32652],[6430,-3534],[3215,1245],[1962,348],[4276,-249],[2443,-746],[-19387,-11174],[-6752,5947],[-38709,-26778],[-2315,-2214],[-1125,-2166],[-515,-3708],[-6301,473],[-2251,-16201],[-36459,3285],[-2218,-19163],[-6334,1668],[-20351,2613],[-5755,149],[-5755,1543],[-2187,-19312],[-13599,1020],[-1029,-8262],[-1190,-8909],[-997,-647],[-4211,-1743],[-2026,25],[-3633,-1742],[-2186,-647],[-2283,-2165],[-2926,-3559],[-2379,-1841],[-1639,-697],[-4534,2165],[-1864,1568],[-3055,970],[-3215,598],[-2250,746],[-1704,1494],[-804,2986],[-4919,2190],[-3183,473],[-2476,25],[-4887,-1568],[-2218,50],[-1447,-1095],[-2926,-896],[-4726,373],[-5433,896],[-3665,946],[-2026,74],[-3054,-3260],[-5112,-3534],[-4726,-4255],[-3312,-1593],[-1157,-199],[-3891,74],[-3761,-273],[-2958,597],[-3730,224],[-2636,-597],[-3054,-1319],[-4148,-871],[-9356,-772],[-14210,-771],[-8778,1642],[-8841,3211],[-6848,2936],[-7620,2339],[-5723,1593],[-6108,1145],[-10578,-2912],[-1543,-25],[-7524,2390],[-2379,920],[-8905,5948],[-547,697],[-3826,6670],[-1575,2115],[-3215,3633],[-2347,1394],[-1094,1170],[-4661,2812],[-5048,2240],[-4533,1194],[-3923,-1045],[-3054,-995],[-1961,-971],[1093,-1916],[675,-3410],[-1222,-2663],[-2572,-2090],[-3697,-1618],[-7588,-2264],[-1414,-1220],[-1222,-448],[-1415,-2289],[-2057,-722],[-1126,-1792],[-3118,174],[-1351,523],[-4147,-971],[-1222,672],[-3311,-1443],[-1576,-1244],[-1286,-349],[225,-2414],[-128,-2613],[-3601,-3932],[-3312,-324],[-1639,299],[-5241,2091],[-1704,149],[-1350,-473],[-1672,-2762],[-1190,-1095],[-5080,-1842],[-2089,-1170],[-1576,-1568],[-2379,-4181],[-2829,-3334],[-354,-3609],[-997,-1319],[-3343,-1717],[-1576,547],[-1446,1892],[-1286,1020],[-1576,174],[-2250,-2015],[-16751,1095],[-53885,3558],[-17843,1071],[-58161,3757],[-62019,4057],[482,3857]],[[1481349,2378963],[2379,17968],[-5626,299],[4083,35688],[-14050,746],[-52856,2937],[-450,-3459],[-6720,472],[2798,22150],[5658,46015],[-15079,970],[-482,-6196],[-37263,2862],[-418,-3360],[-24338,1866],[5530,42283],[-15272,647],[-771,-5948],[-59543,3733],[-3344,-27674],[-51441,2837],[-2862,-28271],[-2893,-348],[-2798,373],[-1736,1642],[-1479,274],[-1768,1244],[-4340,-24],[-2090,1592],[-1543,498],[-2476,2762],[-1961,871],[-1383,-273],[-2379,423],[-3118,-896],[-3441,498],[-4629,-25],[-1383,622],[-1189,-249],[-2380,1269],[-1543,25],[-739,1145],[-1961,796],[450,1070],[-1254,150],[-515,1941],[643,1443],[-1028,747],[-354,1941],[3601,-299],[5176,36708],[10288,-647],[4244,35688],[3408,28047],[-22377,1493],[-20673,1692],[-62404,4828],[1929,13912],[-17683,1269],[-5080,2638],[1157,1070],[-386,822],[193,1742],[-739,1617],[-1704,871],[-804,1817],[482,672],[-610,2140],[1607,174],[1157,647],[-514,1693],[-2058,1966],[-1350,547],[32,1294],[-868,2788],[225,1767],[-804,1045],[611,946],[-257,2364],[1801,1294],[2347,149],[514,1668],[-2058,1941],[0,1269],[1833,1120],[-1543,1966],[868,1045],[-129,1220],[1576,696],[-65,1344],[1286,622],[-1125,2564],[418,1991],[-611,746],[-2668,349],[-965,896],[-2829,1368],[1061,1593],[-450,1095],[418,1742],[-740,1742],[-2154,622],[-1736,1643],[-643,1070],[-418,2240],[-1383,871],[-2347,323],[-1479,2564],[-32,796],[-2540,1021],[-1125,2389],[-4983,2065],[128,971],[-836,2016],[-1028,497],[803,1195],[-546,1916],[514,1717],[-2379,1668],[-546,1443],[739,797],[-739,1144],[192,1120],[-643,1867],[-1414,796],[-97,1045],[-1029,647],[-2507,-199],[-1383,1792],[386,1966],[-289,1543],[-997,573],[96,1319],[-1896,2214],[-290,971],[-3247,1195],[-1093,846],[-1254,-224],[-1672,2140],[-3279,772],[-900,-672],[-2412,1667],[290,2290],[1736,2538],[225,1170],[-257,1916],[-1222,1891],[-161,1120],[-1286,1817],[322,1418],[-579,1668],[707,746],[1350,2390],[2026,572],[14564,-722],[2508,24364],[26975,-1941],[-676,-5848],[36492,-2588],[1607,13214],[-1640,0],[-2186,-647],[1222,14609],[321,3260],[23471,-1045],[675,7117],[-52663,2862],[4019,40366],[3665,871],[3376,-2812],[2957,324],[3023,-224],[707,-598],[-97,-1966],[901,-273],[3954,846],[2733,174],[3376,-448],[1672,-921],[1768,-1592],[2990,423],[2733,1468],[3569,1593],[1704,17296],[-19323,796],[1286,17072],[7845,-472],[2283,18689],[2764,22647],[48355,-3633],[1190,9457],[48966,-3111],[-997,-9109],[35719,-3235],[-16525,14957],[33951,21403],[2186,1418],[36845,-34966],[14629,9184],[38774,-32826],[28711,18516],[64,1120],[-1576,1667],[-1286,2339],[-2089,1344],[-354,747],[-2154,1219],[-1961,125],[-2894,1418],[-1350,1518],[-2637,946],[-3601,-124],[-4083,448],[-2893,647],[-2990,1368],[53241,36385],[19612,-17197],[31991,32004],[12731,12742],[-1800,-323],[-4212,398],[-772,871],[-2122,323],[-1511,2066],[-964,398],[-3762,2887],[-2122,772],[-353,871],[-3762,1443],[-2218,1866],[-193,697],[-1608,971],[193,1020],[-1125,523],[-933,1941],[-1479,622],[-1961,199],[-1607,946],[-1383,99],[-2315,1195],[-385,921],[-1962,1219],[27843,28695],[4855,39992],[7587,63138],[10546,60624],[5337,30710],[13214,14509],[19869,-10154],[13889,15231],[32,622],[-2475,1742],[-3891,3335],[-3697,2414]],[[4909462,1114648],[740,-1245],[-65,-2364],[-675,-5077],[-932,-8835],[-547,-7988],[-160,-4007],[418,-7441],[835,-4480],[901,-3509],[1704,-4131],[546,-473],[1929,-3758],[1704,-2787],[1544,-2066],[3054,-2762],[3762,-2439],[3440,-1841],[4244,-896],[2347,-75],[2411,423],[386,-946],[-65,-4778],[772,-3285],[1640,-2140],[-1222,-3609],[-1993,-3260],[-2540,-3534],[-5562,-8635],[-2798,-4928],[-1543,-2314],[-13117,-22274],[-2283,-3285],[-3054,-5226],[-6463,-10129],[-868,-1568],[-5433,-8337],[-2797,-5002],[-2830,-4480],[-5047,-8660],[-3730,-6769],[-2411,-4082],[-6334,-11224],[-1286,-2588],[-3408,-6197],[-6559,-13165],[-3536,-8163],[-2733,-7540],[-1286,-4505],[-1157,-5027],[-290,-4902],[450,-4455],[611,-3310],[1254,-4380],[1061,-2663],[225,-2837],[-2250,-6272],[-1704,-2040],[-226,-1966]],[[4721187,592128],[6302,-772],[-740,-1518],[4051,-498],[3826,647],[1801,-746],[803,-1269],[1254,423],[1994,1717],[3311,-2066],[1158,4729],[1961,-1419],[611,2638],[1864,-224],[1319,-647],[2732,-298],[-707,-3061],[3633,-896],[-611,-2315],[1736,-1194],[2862,199],[1254,522],[2089,-1045],[2251,-2265],[-96,-672],[2057,-2289],[1447,-199],[1093,-1469],[1993,274],[3023,-771],[1672,473],[-483,-2240],[2122,-224],[-257,-1269],[3858,-424],[-868,-3981],[-3633,373],[-386,-1792],[322,-1817],[1897,-199],[-547,-2140],[5144,-547],[-964,-4157],[-1351,-846],[-2218,-672],[-1061,-4952],[5112,-523],[3697,598],[1833,-1195],[2315,672],[1704,1020],[3086,-25],[2058,-373],[1222,-1145],[2925,-796],[6109,-672],[579,-597],[2540,-1021],[1704,-1567],[2700,1095],[997,-1444],[2250,-1120],[1061,398],[4694,-423],[2765,1444],[1704,-25],[515,3185],[7812,-771],[2187,-1394],[1189,-199],[579,-1145],[1350,125],[2251,-946],[3601,1842],[771,1642],[-192,2240],[2411,1493],[64,697],[19291,3634]],[[4871589,557934],[3408,-9184],[1189,-2787],[2508,-4853],[3440,-5475],[3537,-4604],[2540,-2663],[1832,-2712],[965,-3062],[-257,-1020],[-1865,-1244],[-804,-1319],[-2154,-1120],[-3215,0],[-1672,-498],[-3087,75],[-10866,3484],[-965,-249],[-3119,473],[-4533,-846],[-2443,-1145],[-10160,-4256],[-3408,-4081],[-2540,-4405],[-2250,-2389],[-322,-1220],[-1640,-970],[0,-1145],[-1575,-1642],[-322,-1593],[804,-2265],[1640,-1742],[1029,-224],[3086,722],[2411,-797],[5530,-1194],[2444,-299],[1704,-622],[3086,722],[1962,821],[3022,2315],[1318,-1942],[-129,-2563],[901,-921],[-869,-1070],[-385,-2588],[643,-772],[-1897,-3857],[-1093,-3982],[-4887,1319],[-1672,-746],[-868,248],[-5787,-5773]],[[4774879,569257],[2218,-199],[-482,348],[-96,473],[257,50],[-64,249],[514,298],[-64,175],[-515,149],[-353,-75],[-193,-323],[-965,-75],[-257,-1070]],[[1481349,2378963],[-72982,5003],[-3923,-31258],[-4404,-33273],[9677,-623],[-3376,-28321],[-2572,-21676],[-2250,-18814],[-2219,-18242],[-3601,-29565],[14404,-921],[-3183,-26256],[997,-49],[-3923,-32054],[-4630,-747],[-868,75],[-675,-3609],[-418,-3633],[1222,-75],[-1865,-16176],[-1414,124],[-7974,-12344],[17201,-1294],[-2733,-19038],[-7684,572],[-3247,-22920],[-6109,497],[-2025,-17022],[-1190,-10527],[-28550,1842],[-1286,-5799],[12442,-821],[-1736,-13987],[-257,50],[-2958,-24214],[10578,-573],[-1736,-16549],[-29643,373],[-32151,4529],[-3344,-1941],[29064,-24688],[-23695,-14036],[8906,-672],[-3665,-26305],[-13503,-7914],[11381,-796],[-547,-4330]],[[937164,792092],[-48676,0],[-51699,-25],[-51698,0],[-51699,0],[-51698,0],[-25849,0],[-51699,0],[-25849,0],[-51667,-25],[-25849,0],[-25881,-25],[-25817,25],[-25850,0],[-32986,0],[-44529,-25],[-51667,0],[-51666,0],[-51666,-25],[-51667,0],[-51634,0],[-51666,0],[-34337,0],[-33,18068],[0,36160],[-32,36161],[0,18067],[0,36136],[0,36160],[0,36135],[0,36161],[0,36135],[0,18068],[0,36160],[-32,18068],[0,36160],[0,18068],[0,36160],[0,36160],[0,36136],[-32,35762],[0,18491],[-32,36160],[-32,18067],[0,36161],[-32,36160],[-33,25310],[0,15902],[-64,31109],[-32,21701],[0,32502],[0,18067],[-32,32552],[0,18068],[-32,22497],[-32,35364],[-33,36161],[0,23020],[-32,34866],[-32,32552],[-64,36160],[0,36185],[-32,18093],[-33,36160],[0,36185],[-32,36185],[-32,20557],[0,33696],[-32,36185],[-32,36185],[-32,36186],[-32,36185],[-33,36185],[0,36210],[-32,18093],[-32,36185],[-32,36210],[0,36185],[0,20606],[64,24016],[-32,27748],[-32,36161],[-32,36185],[-32,10104],[-32,33273],[0,21726],[-33,47061],[0,32552],[-32,36185],[-32,36160],[-32,32228],[-97,51142],[0,59006],[0,20457],[-32,36185],[-32,36186],[-32,36210],[0,38947],[3054,-2190],[4212,-1891],[3472,-2240],[386,-1344],[3151,-871],[1608,-771],[2057,-1767],[3054,-4331],[6109,-3061],[740,-672],[-65,-1194],[1447,25],[3215,-2514],[4308,-2887],[1929,-1592],[4244,-1842],[4791,-2339],[3151,-1046],[1350,-895],[-322,-1743],[1929,399],[2476,-1394],[3119,-1419],[5112,-1966],[3279,-1070],[6205,-1667],[4662,-996],[9099,-1567],[1832,-498],[4727,-3211],[2893,-1219],[5594,-1269],[1608,-946],[3376,722],[160,1020],[9967,-174],[1704,-348],[6527,-2215],[4597,-1867],[3762,-2289],[3890,-1568],[1736,0],[1769,473],[3183,149],[2443,-199],[1704,-1319],[1768,-75],[4084,-1294],[2379,-174],[675,896],[1447,249],[6237,-548],[5916,-75],[2668,-572],[1029,1070],[10867,597],[2540,-373],[514,324],[5498,846],[2733,174],[5433,672],[933,547],[1511,-746],[1254,-50],[4212,-946],[1350,-821],[2990,-2887],[1865,-1070],[6591,-2389],[7008,-1891],[5016,-1095],[1029,-871],[1704,-150],[5240,-1667],[1801,-1319],[4983,-1792],[4148,-1120],[6751,-1344],[3955,-672],[1640,-497],[1414,-1494],[2219,-1119],[3408,-1170],[7877,-1344],[3311,-672],[2283,-249],[6655,349],[4115,-896],[2154,-647],[6302,-797],[4501,-398],[6077,-348],[610,-647],[2958,-598],[1929,-1568],[1415,1170],[1897,-448],[5080,-2563],[1800,-672],[2347,-448],[225,-1518],[-1125,-622],[-1222,-1643],[708,-498],[257,-1791],[1414,-2539],[2187,-2090],[7780,-4107],[2958,-4529],[4276,-3957],[1158,50],[3343,-1195],[2958,-1319],[8006,-1792],[2347,-323],[2797,-1170],[-1190,-3036],[-2025,-2588],[-836,-1941],[-1126,-4032],[-160,-2812],[289,-1643],[1575,-4131],[226,-1468],[707,-1220],[96,-1543],[772,-1443],[772,-3434],[771,-5749],[1254,-2091],[64,-1219],[2090,-3136],[225,-1568],[643,-273],[1543,-3012],[2765,-3957],[1737,-3509],[2636,-3459],[1704,-2937],[804,-3260],[1125,-796],[2958,-3932],[1382,-747],[5273,-3882],[1415,-548],[4083,-2090],[9066,-4081],[708,-822],[1221,-74],[2637,-946],[3697,-1767],[3537,-548],[4694,-1368],[1511,-946],[3633,124],[3569,-124],[4115,100],[4533,423],[6237,0],[2765,-423],[2026,-946],[6269,-2439],[2508,-1568],[4533,-771],[4341,-1469],[5980,-3210],[3665,-2912],[2861,-1194],[5048,-1767],[2572,-1842],[3183,-2588],[547,-1045],[-2283,-50],[-1318,-473],[4115,-1817],[3376,-647],[868,-871],[1222,224],[1639,-871],[1704,299],[1608,-498],[2025,-1145],[1351,-2837],[964,-1393],[1576,-1046],[-161,-995],[1704,224],[900,-1319],[2219,-1593],[4951,-1618],[1575,-1294],[2476,-1443],[2700,-199],[5337,-1344],[2219,50],[5819,-946],[515,-323],[3086,49],[129,-1145],[1993,-99],[1865,672],[3601,-1120],[1157,-1344],[1190,-323],[1479,-1245],[1575,-149],[1415,622],[611,-1070],[-643,-1493],[6558,896],[4051,-324],[2090,-1170],[1415,175],[1736,1667],[2668,-348],[2958,1070],[2412,-996],[514,-1120],[3537,-2488],[64,-1045],[-1640,-1120],[-96,-2165],[3729,49],[-1189,921],[643,1419],[1221,-100],[10996,-3683],[6848,-1643],[1383,-124],[4372,-1095],[4630,-1792],[2218,-1344],[708,-1443],[-3023,-1170],[1158,-597],[-161,-2738],[675,-1418],[1447,-1917],[4180,-3633],[4854,-3161],[3119,-1617],[3247,-1419],[4566,-1070],[7619,-1269],[4598,-249],[14500,-224],[10899,1070],[5884,1195],[4147,522],[1511,-423],[675,523],[3826,747],[3023,99],[1961,572],[4951,697],[1768,-99],[2122,-1046],[3890,1195],[6463,1195],[2186,199],[2283,-299],[1832,572],[2894,274],[1897,-124],[1575,398],[5755,896],[1576,398],[6012,224],[6719,597],[5080,1369],[7041,1220],[6398,2264],[5819,2240],[2605,1792],[3793,946],[1769,970],[1575,-174],[1383,-747],[8520,846],[6173,1469],[6044,1617],[6173,2713],[4855,3335],[2025,746],[1994,125],[3600,970],[1994,-24],[2700,1493],[1640,323],[1640,996],[3440,1493],[7105,3758],[5337,3907],[2154,1941],[4244,2638],[740,1170],[1639,498],[2444,1368],[2733,423],[1704,747],[1447,1344],[771,99],[3280,-1095],[1832,50],[1318,-672],[1254,374],[997,1020],[1254,2165],[4887,3509],[3440,1444],[0,970],[6462,1269],[6173,1991],[1543,75],[4244,1642],[2283,2439],[3762,2813],[1736,3434],[3279,3360],[482,846],[3023,3111],[707,273],[2797,2688],[161,1742],[1382,1717],[354,1917],[1286,2687],[64,1593],[1865,4828],[-96,2364],[418,2389],[1446,3261],[32,2886],[836,448],[740,4580],[128,2289],[1094,4505],[1093,1816],[2057,2439],[643,1294],[-643,573],[193,1617],[2412,2738],[2507,896],[-32,3011],[2508,4704],[964,945],[-417,1742],[2057,9930],[32,1070],[-771,822],[964,1717],[-739,3957],[-1158,2911],[450,3012],[-1125,547],[-579,1568],[1061,4131],[1029,2788],[1994,3957],[1736,1816],[3183,4505],[3215,2488],[5369,3310],[2926,2190],[3183,2638],[7234,6844],[3311,3658],[5048,6272],[1704,2912],[964,2364],[418,5525],[1383,3135],[803,274],[2122,-722],[1704,249],[161,1319],[-2122,-74],[-161,970],[2058,-298],[1479,323],[3087,1220],[2990,1717],[7491,5077],[3440,2762],[6237,5400],[2476,2315],[4051,4529],[2122,2713],[1254,821],[4436,6321],[1704,3634],[1222,6694],[1318,4231],[1093,2514],[386,2787],[868,1618],[1736,1269],[0,721],[1994,3286],[1125,995],[2026,622],[1929,-174],[1286,-1717],[1414,1866],[97,2364],[2604,3883],[2218,3583],[1126,2166],[3633,5052],[836,2687],[257,2091],[-675,3982],[-1801,2961],[-2893,2439],[-997,1444],[64,3334],[772,1842],[2861,1842],[450,2563],[1737,2140],[2121,3410],[1769,2090],[868,1692],[1832,4430],[-64,896],[3215,7740],[65,970],[1832,3410],[1190,4604],[739,3509],[-836,1792],[708,2389],[1929,3160],[8905,10403],[2830,3634],[3215,3409],[2893,4032],[4534,6819],[2218,4056],[772,2663],[-772,2713],[-3601,4454],[-1029,2215],[-1800,2638],[-2283,6446],[-2990,7267],[-257,1294],[-1833,4654],[-2475,4902],[-258,1518],[1640,1046],[2026,771],[1318,2116],[0,622],[2090,2936],[2347,4480],[1318,4032],[1093,5972],[1254,9507],[128,2414],[997,10900],[611,4928],[386,1966],[1286,4156],[1607,6670],[225,1792],[1608,4031],[3408,10826],[1415,4828],[3858,11174],[1575,3857],[2090,4082],[1672,1518]],[[1173698,3511206],[1736,373]],[[440531,3013747],[2797,199],[4115,-1220],[-1833,-472],[-4887,871],[-192,622]],[[400889,3023253],[1093,-1742],[2443,-2090],[3762,-2016],[-4308,-348],[64,1269],[-1736,1244],[-3119,-497],[-1640,771],[-1061,1070],[-1157,2140],[-1640,100],[-1189,-572],[-868,2911],[-1544,1469],[-803,1319],[257,1095],[2025,99],[1897,-1941],[2090,-896],[1350,-1443],[4084,-1942]],[[444035,3029326],[0,-249],[-900,199],[-740,1244],[1640,-1194]],[[387450,3032835],[643,-772],[-611,274],[-1576,398],[1544,100]],[[407319,3031342],[353,945],[-675,1070],[2637,349],[1350,-672],[257,-1244],[-836,-498],[-3086,50]],[[439277,3042441],[353,100],[611,-473],[-161,-423],[-771,174],[-32,622]],[[345396,3054909],[-1414,1394],[-1511,124],[-1865,1394],[-611,946],[1768,821],[675,-871],[2830,-1220],[1061,-2140],[-933,-448]],[[342213,3061828],[0,423],[-578,722],[-33,348],[2122,1418],[451,-248],[-65,-847],[418,-696],[-1157,-722],[-1158,-398]],[[361954,3065436],[-32,25],[-129,374],[225,-324],[-64,-75]],[[370185,3076810],[1028,-1170],[-1671,-1593],[-1640,398],[-1801,-25],[-1414,423],[-2187,-821],[-900,423],[-1382,-1393],[-708,124],[-2861,-921],[-2894,-2314],[-1028,2115],[-322,1991],[1254,1891],[-450,1021],[10610,3185],[1446,846],[1190,-647],[1125,-2314],[2605,-1219]],[[367838,3083330],[96,-25],[-322,0],[-128,99],[354,-74]],[[371792,3084972],[-193,-174],[97,100],[64,224],[32,-150]],[[373207,3087162],[-65,-74],[-739,-150],[161,150],[643,74]],[[368223,3091169],[804,498],[1543,-1518],[-1061,-299],[-1093,100],[-321,473],[128,746]],[[417543,3092538],[-611,871],[-933,224],[-64,1070],[322,174],[385,-796],[1608,-797],[0,-671],[-707,-75]],[[376486,3094131],[-1061,721],[-257,722],[418,-25],[289,-896],[772,-647],[32,-224],[-193,349]],[[383495,3110830],[-836,-3385],[-1157,-1344],[-97,-821],[1286,-2787],[354,-1593],[-2572,-2240],[-2154,-75],[-1897,-995],[-1543,-1369],[-290,-946],[611,-1816],[-2894,199],[-1993,-374],[-2090,-1144],[-193,920],[901,1394],[1350,3534],[-1093,2912],[-900,771],[-129,1643],[1383,1991],[321,1742],[2026,1941],[6237,3683],[1993,-174],[2090,-572],[1286,-1095]],[[412591,3213288],[-32,-274],[-1286,-1842],[-257,249],[129,299],[-258,771],[-417,573],[1093,-25],[578,274],[-450,921],[579,99],[-193,-722],[514,-323]],[[413524,3214159],[-225,-50],[-225,199],[193,100],[257,-249]],[[404200,3222645],[354,100],[193,-150],[-193,-622],[-418,448],[64,224]],[[503643,3002324],[-611,-1045],[-1286,-996],[289,-174],[-321,-199],[-322,74],[193,-1468],[-193,-149],[-836,298],[-611,-248],[129,273],[-450,324],[482,348],[-32,498],[-290,124],[1447,1245],[-353,1194],[385,274],[868,-622],[804,149],[290,249],[418,-149]],[[523030,3010885],[1157,597],[257,1319],[-643,1568],[740,1219],[2572,-995],[1511,-1767],[353,-971],[-1768,-1095],[-289,-1120],[-1318,-1095],[-3087,-4355],[-1929,-2463],[-482,-1095],[579,-1394],[353,-2663],[-3054,75],[-2315,2165],[-482,3857],[-547,473],[3344,174],[2990,1469],[193,1543],[-643,1567],[1800,1394],[708,1593]],[[469048,3017554],[836,2614],[-353,920],[1157,2365],[1961,74],[2926,-448],[707,822],[2412,522],[2218,1593],[1286,1443],[-225,1145],[611,1842],[-804,1443],[547,1319],[-1158,2489],[1158,174],[868,-722],[2379,-871],[418,-1393],[996,-1195],[4244,-3434],[2862,-1668],[2283,-1767],[1575,-1667],[1672,-871],[2604,124],[-579,-1294],[-1575,-1642],[546,-2539],[1897,-3285],[901,-1095],[3375,-2115],[1126,-2315],[-2315,-124],[-2412,-622],[-2443,-1170],[-772,224],[-4147,-224],[-5498,-1294],[-1575,-1717],[-1511,-1095],[-643,-1045],[-1769,796],[-2411,498],[-4115,-274],[-1865,771],[-482,1444],[739,1742],[-1093,1095],[-4115,124],[-7491,-1518],[-1511,199],[-1640,-672],[-611,-1966],[-1286,-1518],[-289,-1045],[1350,-1045],[-3762,174],[-932,722],[-289,2165],[-2926,1891],[-97,1742],[-1318,1568],[-836,2514],[3537,-448],[2765,174],[3311,1145],[3408,3185],[3955,1518],[2218,1518]],[[446414,3025120],[772,-75],[-257,-149],[-740,25],[64,-349],[-578,-1020],[-836,-323],[-290,74],[1029,299],[290,622],[-33,498],[258,224],[321,174]],[[593858,3103413],[64,0],[-129,-199],[-160,50],[225,149]],[[594211,3103961],[129,25],[-161,-299],[-128,100],[160,174]],[[589325,3104658],[-676,149],[2058,1419],[2251,-200],[257,-348],[-804,-423],[-1672,-423],[-1414,-174]],[[476057,3111601],[193,-1045],[-1286,-647],[-1929,-2588],[-418,-1643],[-2122,-896],[-1415,-970],[-3215,248],[-1093,548],[193,1468],[-836,349],[1769,3633],[1382,473],[1479,1369],[3344,945],[836,623],[1832,-299],[1286,-1568]],[[470752,3113517],[193,-99],[-161,-75],[-353,0],[321,174]],[[470013,3113517],[-772,249],[-353,373],[-33,424],[1094,-200],[257,-323],[321,-25],[-161,-398],[-353,-100]],[[602281,3118445],[2154,846],[676,-1020],[2957,-871],[-2604,-1270],[-1768,-1493],[-1608,100],[-2282,-1070],[-515,-1095],[-1029,-423],[-1768,2140],[-739,323],[1575,697],[2508,-25],[1382,299],[1511,1095],[-450,1767]],[[445900,3119117],[-354,-50],[-547,-498],[-450,598],[643,572],[-321,821],[836,1319],[321,75],[97,-1195],[482,-697],[-514,-149],[-193,-796]],[[475704,3127852],[-129,-100],[-129,125],[97,50],[161,-75]],[[387578,3135642],[3151,2065],[2090,2713],[160,1045],[-1286,1369],[2508,2688],[-450,1169],[3472,1444],[2219,1269],[1350,1269],[643,2514],[-675,920],[2283,772],[2282,1219],[2637,647],[4887,2340],[3729,1592],[2476,2564],[1254,896],[2411,921],[1993,24],[3119,-995],[2476,-224],[4661,871],[2701,1120],[1254,-1468],[3344,-1170],[611,1020],[-3794,971],[-450,348],[1318,1543],[5337,274],[2283,-124],[4404,1070],[7106,448],[2411,-548],[4790,-149],[3633,174],[3505,672],[2379,896],[64,746],[2540,847],[965,1244],[4147,1468],[6237,1668],[2926,970],[2604,1145],[933,1244],[-354,1394],[1736,348],[2315,1444],[2186,-1070],[4148,-822],[6494,-472],[4726,-772],[3826,-4255],[2798,-1319],[2764,-1743],[3151,-3011],[2733,-1244],[3119,-324],[3601,175],[1864,-548],[901,-1244],[-804,-1618],[643,-1294],[1865,547],[1318,-174],[868,-2140],[1575,-498],[1158,-2538],[-965,-1966],[225,-3509],[-546,-971],[1028,-746],[2637,-921],[643,-2763],[-1865,-448],[-1672,125],[-3954,-249],[-483,2314],[-1543,1519],[-3569,373],[-4276,-324],[-1575,-1393],[-2926,-423],[-1286,-1270],[-1768,150],[-1961,-523],[-1383,-1020],[-2572,-797],[-6559,-3459],[-900,896],[225,1294],[-1543,1070],[96,2389],[-2893,996],[-322,1742],[-771,1095],[1447,2240],[-804,1120],[-1897,1070],[-3022,771],[-1093,797],[-451,1468],[1351,697],[-547,846],[-5787,-1792],[-514,-1692],[-1254,-1792],[-1704,-871],[-740,-871],[1061,-846],[-707,-1245],[-3697,349],[-1962,-224],[-1253,1020],[-1512,50],[-1511,-697],[-2154,-2041],[-3794,-199],[-64,797],[-1447,174],[-1929,-1444],[-193,-1294],[933,-199],[2379,-1941],[1093,-1394],[2411,-423],[2412,249],[1800,523],[2733,-50],[514,-423],[418,-2538],[-418,-1270],[-2443,-1742],[-32,-1991],[-1865,125],[-418,1120],[-1254,970],[-225,1195],[-1993,1045],[-2862,-224],[-2636,-846],[-4469,-2414],[-964,-2091],[3150,-348],[1833,-747],[418,-1095],[-1543,-4081],[1736,-1817],[32,-1020],[-2122,-2812],[-1575,-249],[-1608,448],[-2540,-50],[-3279,-622],[-322,-1070],[1061,-224],[579,-1369],[1640,-995],[1093,-1543],[-418,-1270],[-32,-2588],[-2701,-647],[-643,-597],[-1479,398],[-6302,224],[708,1717],[-2251,2190],[32,722],[-1897,2489],[-1286,945],[-1864,349],[-2958,2961],[-2090,647],[2797,1892],[-1865,398],[-2315,1642],[-2186,598],[-964,-274],[225,-1170],[3086,-1841],[129,-896],[-1736,-125],[900,-1866],[32,-3758],[289,-1070],[2701,-2141],[-1029,-1692],[-2893,-1966],[-1093,-1692],[739,-1593],[-836,-597],[-2636,2140],[-3215,597],[-322,-721],[1704,-1294],[-225,-1494],[-1832,-1418],[-3183,-1817],[-2219,-1767],[-1061,-149],[-2572,-3235],[-964,-1718],[-804,-99],[-2122,1493],[-1190,-224],[-2475,-1195],[-1672,-1169],[-2315,547],[-2186,-273],[-1961,497],[-1254,1493],[-4276,249],[-2444,-373],[-3408,-1394],[-1093,-174],[-900,1245],[-32,1070],[-965,2090],[-1736,1269],[-2733,473],[450,2016],[2154,1618],[-418,696],[-2797,-1368],[-836,-2738],[-1929,-99],[-1189,3409],[707,1891],[-193,1767],[-1254,2439],[-996,573],[-3055,-374],[-2282,473],[-2187,-348],[-1286,473],[-1189,1941],[-129,2339],[-1350,2464],[-1351,1120],[1094,1244],[1929,1493],[771,1568],[-418,1842],[2540,1692],[2154,1045],[1897,1494],[3247,1916],[2926,1394]],[[583248,3155078],[257,-299],[-289,-25],[-225,50],[257,274]],[[584759,3157119],[-1350,-349],[-772,-746],[64,771],[-1446,1120],[160,473],[354,124],[1961,-970],[740,74],[321,-174],[-32,-323]],[[558106,3166277],[-514,-1394],[418,-2613],[1575,-1468],[-643,-1593],[257,-2090],[-450,-1991],[-1897,1344],[-128,647],[-1479,597],[-2122,-324],[-1447,175],[-2154,2264],[-868,1817],[2250,672],[1222,1443],[225,2091],[1640,1792],[2925,-324],[1190,-1045]],[[4720223,1811374],[18647,-24688],[482,-1941],[-546,-1692],[1897,-8760],[578,-1444],[2669,-8785],[546,-6271],[2798,-5077],[1382,-846],[579,-2688],[-772,-7018],[643,-5002],[-1222,-2812],[997,-7018],[418,-1145],[-321,-1817],[-1383,-1767],[-1350,-2638],[-2572,-2538],[-1833,-1444],[-1511,-796],[-450,-6520],[289,-1394],[-1061,-2414],[-418,-4007],[-3408,-3210],[-707,-1568],[47230,-156164],[13149,-43203]],[[3518489,925783],[-1093,-1593],[-2250,448],[-2830,-1070],[-3826,50],[-675,-996],[-1479,-273],[-7587,671],[-1319,2141],[-2925,-871],[-9710,1194],[-2861,1568],[-3087,423],[-868,1518],[450,622],[-1511,772],[-1511,-25],[-2058,-1145],[-2218,1568],[-2379,796],[-2508,249],[-354,797],[-2990,1866],[-1221,1717],[-5659,1021],[-2250,871],[-3633,2215],[-322,2613],[-1897,846],[2508,11025],[2090,1194],[96,1021],[1736,1518],[2733,846],[-96,1369],[1768,1443],[2122,523],[-2122,3459],[-2347,4255],[-2251,374],[-996,-349],[643,-1294],[-2990,-622],[-2154,299],[-1704,1244],[-2476,772],[-1897,-1444],[-2701,-249],[-3054,1046],[-579,-1817],[-1221,-896],[-483,-2265],[-1253,-1145],[-1126,-74],[-1029,-1195],[-1832,921],[-3826,3658],[-1704,1941],[-2058,1195],[-3761,-124],[-4084,846],[-739,448],[-2186,124],[-2347,1220],[32,746],[-1640,1245],[-3440,1542],[-1736,100],[-2154,1269],[-3794,-896],[-2894,349],[-1479,1219],[-4018,722],[-1897,-125],[-2797,349],[-1833,-747],[-2411,349],[-4855,-423],[-2122,846],[-3762,-423],[-6558,-2912],[-2990,771],[-3280,498],[-1286,647],[-1640,-199],[-2218,-2588],[-1929,398],[-96,1020],[-2573,2564],[-2121,249],[-2991,-573],[-1607,1344],[-32,1045],[-3151,1071],[-2636,-872],[-997,872],[-1833,447],[-1350,2265],[-3472,597],[-2187,996],[-1253,946],[-4437,-623],[-2219,200],[290,2090],[-3215,3733],[-1158,1717],[450,971],[-771,697],[868,2289],[-1125,1145],[-2155,572],[-2668,1444],[257,1070],[-2604,1244],[-2508,2016],[-1736,498],[-1222,1493],[-1286,547],[-3761,2763],[128,970],[-675,2439],[-1800,498],[-1190,971],[-3826,2065],[-1061,1568],[-1350,224],[-2283,-647],[-3504,149],[-2155,448],[-1896,-1219],[-1351,-199],[-3247,274],[-3504,5649],[-1544,0],[-3504,4529],[-2090,-423],[-1961,846],[-129,1593],[-1479,846],[-321,871],[707,1045],[-1286,772],[-1479,-174],[-1382,1045],[-3408,921],[-1511,1145],[-740,1617],[-1157,423],[160,1070],[-1543,2116],[-257,1468],[-772,821],[0,1543],[1190,622],[-1704,3211],[1318,2215],[-836,1667],[-3151,1568],[-1189,1319],[193,1294],[-2572,3036],[-3440,697],[-2508,-597],[-2122,323],[-997,797],[-2379,771],[-1415,1419],[-4436,398],[-2187,-821],[-2958,2439],[-2861,3036],[-3472,-274],[-3505,149],[-1221,-398]],[[3685384,295255],[-3922,-19536],[-4694,373],[-3087,-14957],[-5015,-24563],[-25657,2489],[97,373],[-43983,4306],[-160,-971],[-13922,1145],[-707,-274],[-21862,1767],[160,946],[-10995,821],[-12410,-11846],[-13986,-13737],[-2765,-15878],[-5755,-32975],[836,-75],[-1511,-8685],[-482,25],[-1672,-9557],[3761,-298],[-2604,-14982],[-1286,-274],[-1318,-8909],[9099,-747],[12667,-896],[-1254,-7267],[-2668,-16524],[5176,-299],[-3054,-14932],[11188,-10427],[8777,-7566],[1383,1543],[1961,-1742],[611,-1643]],[[3556331,69483],[739,-2737],[-1093,-224],[-1286,-1394],[-997,125],[-257,-1991],[-1318,-398],[868,-1518],[-1800,-2414],[-1126,-324],[-675,-2265],[-1061,-1095],[-1029,672],[-3247,-945],[-2154,672],[-129,-1095],[-1446,49],[-1029,-2115],[-1801,-1045],[-1446,224],[-6656,-1643],[-385,-1767],[-1865,-1443],[-772,-1344],[-1543,-647],[-32376,25],[-45397,-25],[-39867,0],[-54367,0],[-36813,0],[-25945,0],[-45011,0],[-29322,0],[-47776,0],[-33501,0],[-56714,0],[-26557,0],[-47165,0],[-32440,0],[-53081,0],[-40896,0]],[[4855352,752671],[-1704,-4280],[-3858,-10826],[-1704,-5400],[-2893,-11124],[-836,-4605],[-289,-6296],[643,-4803],[1896,-4629],[2026,-2837],[1543,-1568],[1543,-697],[2605,-547],[2475,1717],[1479,-75],[836,623],[2797,-722],[-643,-1717],[804,-697],[-707,-1543],[-3248,-11000],[-1414,-5376],[-1286,-7963],[-804,-3236],[-482,-4355],[0,-1916],[964,-1568],[2219,-2065],[-643,-1867],[-676,-3832],[-321,-6023],[289,-2563],[1158,-3086],[-257,-1842],[96,-4131],[611,-1891],[579,-3360],[1093,-2165],[2186,-1170],[2090,-1543],[2700,-647],[2315,398],[-643,-5898],[-321,-6023],[128,-2264],[772,-5002],[-386,-1195],[868,-4430],[772,-1692],[2347,-672],[0,-1443],[707,-1245],[-2797,-323],[-2347,-1717],[-1736,-6670],[-225,-1444],[482,-4006],[97,-3036],[610,-3086],[2347,-6919],[2380,-6445]],[[4861750,638168],[-417,-199],[-740,423],[354,100],[803,-324]],[[4627918,299909],[-2155,2016],[-2765,572],[-5369,373],[-3118,-746],[-1383,1095],[-2829,-971],[-2218,-448],[-1769,448],[-1800,-249],[-2572,722],[-3022,1618],[-1640,25],[0,-1245],[-2379,-448],[-2958,-1667],[-2604,-100],[-3408,-572],[-1929,1369],[-3537,1568],[-3247,771],[-2637,0],[-4340,846],[-579,-2638],[-2604,100],[-1704,697],[-932,-672],[-2379,-324],[-5563,-174],[-675,-423],[-3311,373],[-2154,-75],[-450,921],[-2122,1170],[128,1120],[1029,572],[-96,921],[-1254,921],[-10417,1095],[-2829,-1195],[0,-647],[-5048,-2936],[-2508,-598],[-15754,1693],[-482,-2141],[-9388,971],[1222,-2937],[-7266,772],[-836,-3111],[-16590,1767],[-933,-4131],[-3150,1194],[-579,-1493],[3183,-4330],[-257,-896],[-34948,3758],[-515,-2190],[-2925,1468],[-1254,50],[-2605,-2563],[1704,-1145],[-4083,-2066],[-1897,1916],[-2379,3111],[-2218,-721],[-1383,373],[-1543,1319],[-5401,1045],[-3119,100],[-8873,771],[-258,-199],[-9645,995],[-161,-99],[-14468,1294],[-739,-99],[-12249,1169],[-10932,1170],[-2315,-11274],[-9484,896],[-3601,-18441],[-6720,622],[-1478,-373],[-2155,-1369],[-996,-2912],[-2508,424],[-2186,-125],[-900,-1617],[1221,-1270],[-2379,-4828],[579,-3932],[-1222,-597],[-4469,-423],[-4308,-1817],[-2219,149],[-1961,-1219],[-1672,1792],[-3375,672],[-1576,846],[-3183,-523],[-578,-1095],[-1672,-1344],[-3569,-771],[-1093,-548],[-836,-1343],[-1511,-523],[-3087,-149],[-2250,423],[-1029,1070],[-2701,274],[-2282,-1967],[-1576,-696],[-3086,473],[-2347,-797],[-2379,-2016],[-21638,2215],[354,1518],[-1736,-249],[-2347,697],[-2926,-2040],[-4694,448],[868,3733],[-9581,-598],[-1061,-821],[-2058,174],[-2668,-1120],[-11124,548],[289,1692],[-12024,1294],[-2476,-1194],[-1768,1443],[482,697],[-1640,4305],[740,1643],[1511,821],[1479,1817],[257,1841],[804,274],[1479,3733],[-450,1618],[-36267,3509],[-27714,2688],[-1543,2314],[-4983,-1319],[-3472,2713],[353,3758],[1511,2214],[-8423,3808],[-2797,2663],[-450,2912],[-8938,2065],[-2155,249],[-450,1593],[-2668,1742],[-2862,-1443],[-2057,1144],[-193,5600],[-3633,2016],[-4694,497],[-193,1095],[-1865,-124]],[[3087990,2637336],[2057,-3658],[1865,-1568],[1125,-1617],[31187,-9831],[4051,-1443],[41571,-8611],[5112,-1418],[18937,-11672],[3375,-946],[3408,-1543],[1544,-3285],[9420,-7416],[15079,-4778],[11413,-5874],[16429,623],[14886,-3957],[58289,-19188],[10514,-5276],[1189,-921],[11800,-4778],[2604,-299],[2283,-1841],[41956,-11025],[547,-572],[43500,-10975],[69124,-8736],[2379,-2115],[12796,-16027],[1061,-846],[16944,-2364],[2025,-747],[1672,-1294],[21541,-3335],[73304,-21004],[30640,-8785],[71246,-30885],[3087,-945],[67323,-36409],[1640,-1817],[1511,-324],[2572,-1742],[22795,-6147],[10706,-9058],[6977,-3236]],[[4659618,230400],[-1254,-1070],[-2540,-124],[-932,323],[-3054,-572],[-1222,-1394],[482,-1219],[-1029,-672],[-932,-1493],[-964,-100],[-2122,-1642],[-933,-1693],[515,-1244],[-2733,-572],[-1543,522],[-3023,-472],[-1543,622],[-1125,-1195],[225,-1369],[-1029,-821],[-32,-2489],[2251,-2787],[-643,-1145],[-1737,-1319],[-2925,-1393],[-708,-1270],[-1736,-1269],[-579,-1269],[-2089,-1593],[-2187,797],[-1157,-324],[-3086,199],[-2765,1220],[-4727,-1693],[-1993,349],[-1222,-423],[-1704,398],[-1993,-50],[-1479,821],[-2058,199],[-675,-1542],[-4276,-2539],[-1125,-946],[-450,-1592],[-836,-747],[-1511,-99],[-4855,522],[-2026,-2513],[-1446,-623],[-2219,-2040],[-3151,-1593],[-353,-1394],[-2283,-1518],[-739,-1841],[-965,-50],[-1318,-1892],[-1415,-1070],[-1029,772],[-2121,572],[-869,1394],[-3086,498],[-1575,522],[-1254,-1145],[-6945,1494],[-2668,-498],[-611,-846],[-2637,-324],[-1382,-771],[-2122,-2439],[-2411,-423],[-1929,-1693],[-3248,-895],[-1639,298],[-5048,-1319],[-2315,-74],[-1286,-473],[-3247,522],[-322,-1991],[-611,-547],[97,-1593],[-2379,-1418],[-1479,49],[-3054,-1144],[-579,-1021],[-2604,-2016],[-5370,-2662],[322,-772],[-1061,-995],[-5209,-722],[-2797,846],[-964,-224],[-1383,2165],[386,1469],[-997,1916],[-3022,-423],[-1093,-1120],[-4630,-2414],[901,-1966],[-1318,-1767],[-290,-1419],[997,-746],[-579,-2638],[1254,-1294],[-514,-1145],[835,-846],[1351,-224],[1029,-1245],[2990,-224],[3150,-2140],[772,-2464],[1222,-721],[-965,-1618],[579,-2041],[900,-1219],[-1157,-1543],[289,-971],[3054,-2911],[611,-996],[-128,-2563],[1318,-747],[900,-1393],[1704,-1643],[2122,473],[3472,-548],[2412,374],[1864,-921],[-128,-1195],[2572,-2264],[3472,696],[1543,-1418],[-1093,-1369],[579,-1543],[1768,-2016],[1286,-846],[-1511,-1642],[-2958,-822],[-2636,-1816],[-3729,-1568],[1221,-498],[515,-1642],[-2187,-1767],[97,-1319],[-1543,-971],[482,-3982],[-740,-1095],[1576,-846],[-868,-1618],[-1126,-472],[161,-1170],[997,-946],[-868,-1543],[418,-1767],[-611,-1095],[-386,-3235],[-2122,-921],[-1254,224],[-578,-1418],[-1351,-324],[418,-1593],[-1061,-1468],[2637,-1120],[932,-871],[1157,796],[2572,847],[451,-747],[-1126,-946],[643,-1468],[-2379,-1394],[418,-995],[-1029,-672],[-1511,-3534],[-2122,-971],[-1993,-2986],[-2926,-448],[-611,1244],[515,946],[-1061,1070],[-1029,-821],[-3697,-1991],[-3505,-871],[-1254,-1618],[-2411,-597],[-1543,498],[-1447,-597],[-4694,-598],[-3054,-796],[-1512,-772],[-2122,-273],[258,1120],[-1093,1169],[-1962,747],[-3858,921],[-932,-498],[-3601,971],[-868,-448],[-3183,-100],[-1125,1095],[-1801,622],[-4051,-423],[-2379,-1095],[-900,-1792],[128,-846],[-707,-2140],[1511,-2663],[-1254,-1394],[-128,-2090],[-1576,-1220],[-1607,-572],[-3987,1045],[-482,1021],[900,1269],[-2476,1319],[-4340,-1045],[-1318,-971],[-2090,-124],[-1736,-822],[-2186,349],[1029,1991],[-161,2414],[-3376,746],[-1447,1269],[-289,1046],[-1190,746],[-2122,374],[-353,1493],[-2090,3484],[450,946],[-1350,473],[-97,920],[-1543,2688],[675,647],[64,1767],[-2411,1120],[-1222,-398],[-1028,-1195],[-1994,-547],[-707,1070],[-1479,-125],[-1222,-1667],[-161,-921],[-1993,-1568],[-3054,-149],[-386,-1045],[-2379,-1742],[-965,-1867],[-2829,523],[-2411,-1593],[-2701,-1418],[-1897,99],[-2283,-1269],[-96,-1170],[-1125,-796],[-2347,1617],[-2894,-622],[-1704,672],[-2090,-398],[-514,-597],[-4212,-846],[-1768,-1294],[-1961,-1967],[-2733,-24],[-1190,597],[-5980,-2763],[-1061,-99],[-257,-1842],[-932,-2314],[-1672,-1419],[514,-945],[-1736,-1394],[-2829,-1070],[-708,-1543],[-1543,-324],[-2154,-2015],[-1125,-448],[-1061,-2240],[-1608,-1269],[65,-1170],[-933,-1170],[708,-2961],[-1029,-1294],[-1222,-2464],[2218,-1369],[1672,-672],[129,-1095],[-3022,-473],[-1994,-3932],[-803,-498],[-2573,-423],[-4436,-1742],[-1640,-4678],[-1157,-1817],[-2155,-1593],[-4854,-2314],[-933,-1543],[-1446,-672],[-2733,-50],[-2122,-1170],[-1415,-2239],[-964,-722],[-129,-1369],[-2154,-1493],[-2508,547],[-2443,-472],[-6913,1169],[-1704,-846],[-4662,-871],[-1221,1095],[-4051,2016],[-2154,149],[-1190,1220],[129,945],[-869,946],[-96,1742],[739,896],[2090,1120],[-1768,2016],[-2669,2314],[-1028,1767],[-1994,324],[-996,-349],[-1383,1369],[-1479,821],[-1222,1543],[-321,3659],[-1125,647],[160,1343],[3441,2887],[-33,1817],[804,124],[772,1469],[-1447,746],[-354,3136],[-2765,-50],[-1479,1245],[708,1518],[3054,1767],[193,2663],[-289,1020],[-1447,1468],[-675,3012],[1479,1294],[-2990,1692],[450,1244],[2379,971],[289,3683],[-1832,1568],[-386,1020],[-2283,598],[-1350,1070],[-1801,-25],[-2475,1443],[-2090,498],[-997,1095],[-611,2613],[-1286,1120],[-1671,-996],[-2798,498],[-1832,622],[-2572,1494],[-65,1567],[-2314,1942],[-5016,1493],[-1800,-548],[-1962,100],[-353,647],[-2669,1841],[-578,1145],[-3055,0],[-2733,1294],[-1061,-721],[-2540,746],[-2154,2389],[-3150,0],[-2187,1942],[-1029,-523],[-675,2041],[-2379,-399],[-1318,623],[-2926,298],[-3601,-1692],[0,-896],[-4083,-324],[-1639,-895],[-226,1219],[-2121,-75],[-901,1245],[-1414,921],[1221,846],[-1832,1294],[-65,1991],[1544,896],[-290,1070],[97,3534],[-1061,25],[-1511,945],[-2604,-25],[353,2389],[-611,1718],[-1607,796],[611,796],[2507,399],[-932,3558],[-772,697],[-4083,2215],[-386,647],[-2475,149],[-4051,1046],[-2411,124],[-836,747],[-2637,199],[-2540,-1493],[-868,522],[-2668,-249],[-1576,722],[-514,1244],[-2604,-448],[193,1071],[-1608,746],[-772,4330],[-2154,1767],[-1511,-472],[-2636,1319],[-1125,1617],[-965,373],[-3472,-323],[-1222,-1643],[-1897,75],[97,1020],[-1737,299],[-1575,-1194],[-1672,2190],[-1736,-648],[-3729,2016],[-740,1419],[-2058,597],[-1189,-124],[-2572,1169],[-3923,199],[-996,847],[868,1443],[-1415,50],[-3311,995],[-3376,-249],[-3698,2290],[-3247,124],[-1286,1444],[-4533,-125],[-707,1245],[-2572,50],[-5563,-324],[-803,-1294],[-3633,-1020],[-1319,-697],[226,-1046],[-2637,-796],[-2765,373],[-1575,-1095],[-2444,-821],[-2347,2713],[-900,-797],[-3729,-1319],[-5241,-1443],[-1093,-697],[-1929,-2265],[-1929,971],[-161,896],[-2090,-50],[-450,-970],[-2604,423],[-3183,99],[-161,1543],[-5594,2190],[-2894,-597],[-1543,124],[-2926,-871],[-1221,1917],[-1929,-473],[-515,-921],[1961,-1170],[-932,-1792],[-4340,150],[-1222,-324],[-2154,722],[-707,697],[2507,1169],[1962,498],[-2476,1070],[-2218,249],[-1222,-373],[-482,-1020],[-1737,-548],[-3150,274],[-1511,448],[-2315,50],[-1897,472],[-772,-1219],[-1350,-473],[-2058,846],[-2411,-1393],[-1833,-623],[-836,1145],[-1446,-423],[-3473,398],[-1607,722],[-1286,1319],[-1704,971],[-2251,497],[-2090,-448],[-771,1046],[1221,597],[33,2464],[-2251,373],[-2154,1667],[-1704,-423],[-1672,-1244],[-2122,448],[643,1418],[-2636,-99],[-2797,1443],[-515,1917],[290,896],[-1608,223],[-225,822],[1350,1120],[-1446,920],[-322,2116],[-2733,0],[-1511,1518],[257,1991],[-2732,-50],[-3859,722],[-2089,1369],[-933,2414],[-2090,323],[-1414,1244],[-2701,473],[-2572,2738],[-1222,99],[-1800,-1194],[-2186,50],[-1351,547],[-1575,-224],[-2026,-1070],[-1993,-224],[-1993,-1593],[-4405,-672],[1318,-697],[-4083,-2712],[-2283,498],[-2282,-424],[353,-1244],[-3601,224],[-1382,1269],[-1993,175],[-4244,771],[1318,1095],[-4083,-398],[-354,1095],[-1093,597],[-4051,-846],[-386,1543],[-1382,-498],[-1447,-2190],[-1383,349],[-771,-847],[-3794,548],[-1833,-25],[-932,-1194],[-1800,-871],[-3891,1542],[-2282,-323],[707,-3011],[-1993,-846],[-2315,-100],[-901,-597],[-1704,1095],[-2539,398],[-1833,-373],[-193,-1145],[-1929,-423],[-932,-1021],[-1286,598],[-2572,249],[-1930,1418],[-1189,324],[-1093,-822],[-3376,-348],[-1350,-1817],[-3537,-1120],[-1061,274],[-514,-1593],[-1704,-149],[-2765,-1742],[-3730,-348],[-1511,-672],[-2668,1020],[-3569,-1369],[-386,-1120],[-1608,722],[-128,896],[-2090,-75],[-1607,722],[-5338,-299],[-1125,-2140],[-1897,-199],[-3086,249],[-900,970],[-2830,722],[-1093,1294],[-2025,-149],[-1158,1170],[-1286,-1071],[-3151,249],[-1157,-1020],[-2572,1568],[-2765,-50],[-1254,-1244],[-2829,-1170],[-1222,1394],[-3504,149],[-1801,-697],[-3569,-348],[-803,-647],[-1383,1045],[-1318,-772],[-3697,-348],[-2797,772],[-2894,-100],[-900,-1468],[-2186,497],[-1962,-323],[-1607,498],[1222,1070],[-1512,373],[-2218,-647],[-1222,-1145],[-1446,871],[-2026,-1468],[1254,-946],[-1286,-871],[1125,-995],[-1415,-896],[-1768,597],[-5465,-323],[-3376,522],[1125,996],[-1125,1617],[-1929,722],[193,1244],[-1351,647],[-1029,-1144],[-2893,497],[-933,1195],[258,821],[-1415,1244],[-1575,224],[-2058,847],[-3279,-374],[-2765,-1169],[-225,920],[-1544,-224],[193,1593],[-1061,1344],[-1704,-448],[32,2364],[-1414,672],[-2829,374],[-1479,497],[-1608,-373],[-772,548],[-3729,-921],[-1350,-797],[-2251,523],[-3762,423],[-1961,-473],[-900,622],[-1254,-1269],[-1800,-448],[-2476,1294],[-2604,-473],[-2283,-74],[-2025,-1593],[-1383,622],[-1318,-547],[-547,-1444],[-1543,-896],[-4147,125],[-2090,-523],[-1350,-2190],[-1286,-124],[-2830,-1717],[-32,-1046],[1125,-1294],[-2282,-1269],[-1704,-75],[-322,-1443],[707,-1468],[-675,-623],[-160,-1518],[-740,-696],[-2443,-175],[64,-945],[-1897,-2066],[-161,-1095],[-2282,-2165],[-2122,149],[-1929,-1866],[418,-946],[-804,-1319],[-1158,-722],[-2218,1095],[-1768,-672],[-1383,1170],[-2572,-323],[-386,1045],[-1318,174],[-1736,-1593],[-1575,-50],[-676,-1393],[-3086,-423],[-1575,249],[289,-1295],[-1350,-671],[-2540,-224],[-1190,-1270],[-1736,-273],[-3087,547],[-2411,-323],[-225,-747],[-2058,-1842],[386,-871],[-1736,-771],[-868,-896],[-2894,-647],[676,-1394],[-2219,-697],[-1286,1892],[-3408,-1269],[-1607,298],[-2187,-2364],[-2282,-124],[-1383,-1743],[-225,-1418],[-2443,-871],[-322,647],[-2668,-1170],[-1286,199],[-1351,-970],[-2508,-75],[-1961,-1518],[1254,-846],[-1993,-398],[257,-1120],[-900,-797],[836,-1194],[-2122,-946],[-3183,-1966],[-3119,-1095],[-3022,797],[-2058,-175],[-1639,349],[0,-1369],[1029,-1319],[-65,-1667],[-1157,-921],[-2637,-423],[-932,-1469],[-2122,971],[-1029,-398],[-1607,821],[-1286,-796],[-1833,-324],[-1833,647],[-3343,-1543],[-386,-995],[-1961,-374],[0,-3658],[-1511,-249],[-965,-1145],[-546,-1941],[-1351,-298],[-932,-1419],[-1383,-224],[-1479,-1692],[2926,-274],[-1929,-1568],[-514,-1593]]],"transform":{"scale":[0.0000031103406220681267,0.000004018220803644161],"translate":[137.9947,-29.1792]},"objects":{"qld_ddmg_boundaries_gda2020_simp200m":{"type":"GeometryCollection","geometries":[{"arcs":[[[0,1,2,3,4]],[[5]],[[6]],[[7]],[[8]]],"type":"MultiPolygon","properties":{"District Name":"Brisbane","DDMG Name":"Brisbane","fill-opacity":0.72,"Area Sq Km":2285.5,"Police Region Name":"Brisbane Region","Police Region Code":"BR","Police Region Short Name":"Brisbane","Region Slug":"brisbane","Layer Id":"qld_ddmg_boundaries_gda2020_simp200m","Layer Group":"statewide","Layer Kind":"ddmg","Source":"QPS Disaster Districts, Queensland Police Service, via the Queensland Government Open Data Portal","Source URL":"https://www.data.qld.gov.au/dataset/qps-disaster-districts","Licence":"CC BY 4.0","Licence URL":"https://creativecommons.org/licenses/by/4.0/","Dataset Date":"19/05/2025","Simplification Tolerance M":200,"Coordinate Precision Decimals":4,"CRS":"GDA2020 (EPSG:7844)","Fidelity":"standard: source boundaries, simplified","Modified":"Simplified and repackaged from the source dataset; see Source URL"},"id":"Brisbane"},{"arcs":[[9,10,11,12,13]],"type":"Polygon","properties":{"District Name":"Bundaberg","DDMG Name":"Bundaberg","fill-opacity":0.72,"Area Sq Km":32074.33,"Police Region Name":"North Coast Region","Police Region Code":"NCR","Police Region Short Name":"North Coast","Region Slug":"north_coast","Layer Id":"qld_ddmg_boundaries_gda2020_simp200m","Layer Group":"statewide","Layer Kind":"ddmg","Source":"QPS Disaster Districts, Queensland Police Service, via the Queensland Government Open Data Portal","Source URL":"https://www.data.qld.gov.au/dataset/qps-disaster-districts","Licence":"CC BY 4.0","Licence URL":"https://creativecommons.org/licenses/by/4.0/","Dataset Date":"19/05/2025","Simplification Tolerance M":200,"Coordinate Precision Decimals":4,"CRS":"GDA2020 (EPSG:7844)","Fidelity":"standard: source boundaries, simplified","Modified":"Simplified and repackaged from the source dataset; see Source URL"},"id":"Bundaberg"},{"arcs":[[[14,15,16,17,18,19]],[[20]],[[21]],[[22]],[[23]],[[24]],[[25]],[[26]]],"type":"MultiPolygon","properties":{"District Name":"Cairns","DDMG Name":"Cairns","fill-opacity":0.72,"Area Sq Km":268659.12,"Police Region Name":"Far Northern Region","Police Region Code":"FNR","Police Region Short Name":"Far North","Region Slug":"far_north","Layer Id":"qld_ddmg_boundaries_gda2020_simp200m","Layer Group":"statewide","Layer Kind":"ddmg","Source":"QPS Disaster Districts, Queensland Police Service, via the Queensland Government Open Data Portal","Source URL":"https://www.data.qld.gov.au/dataset/qps-disaster-districts","Licence":"CC BY 4.0","Licence URL":"https://creativecommons.org/licenses/by/4.0/","Dataset Date":"19/05/2025","Simplification Tolerance M":200,"Coordinate Precision Decimals":4,"CRS":"GDA2020 (EPSG:7844)","Fidelity":"standard: source boundaries, simplified","Modified":"Simplified and repackaged from the source dataset; see Source URL"},"id":"Cairns"},{"arcs":[[27,28,29,30]],"type":"Polygon","properties":{"District Name":"Charleville","DDMG Name":"Charleville","fill-opacity":0.72,"Area Sq Km":229018.35,"Police Region Name":"Southern Region","Police Region Code":"SR","Police Region Short Name":"Southern","Region Slug":"southern","Layer Id":"qld_ddmg_boundaries_gda2020_simp200m","Layer Group":"statewide","Layer Kind":"ddmg","Source":"QPS Disaster Districts, Queensland Police Service, via the Queensland Government Open Data Portal","Source URL":"https://www.data.qld.gov.au/dataset/qps-disaster-districts","Licence":"CC BY 4.0","Licence URL":"https://creativecommons.org/licenses/by/4.0/","Dataset Date":"19/05/2025","Simplification Tolerance M":200,"Coordinate Precision Decimals":4,"CRS":"GDA2020 (EPSG:7844)","Fidelity":"standard: source boundaries, simplified","Modified":"Simplified and repackaged from the source dataset; see Source URL"},"id":"Charleville"},{"arcs":[[-13,31,32,33,34,35]],"type":"Polygon","properties":{"District Name":"Dalby","DDMG Name":"Dalby","fill-opacity":0.72,"Area Sq Km":37942.32,"Police Region Name":"Southern Region","Police Region Code":"SR","Police Region Short Name":"Southern","Region Slug":"southern","Layer Id":"qld_ddmg_boundaries_gda2020_simp200m","Layer Group":"statewide","Layer Kind":"ddmg","Source":"QPS Disaster Districts, Queensland Police Service, via the Queensland Government Open Data Portal","Source URL":"https://www.data.qld.gov.au/dataset/qps-disaster-districts","Licence":"CC BY 4.0","Licence URL":"https://creativecommons.org/licenses/by/4.0/","Dataset Date":"19/05/2025","Simplification Tolerance M":200,"Coordinate Precision Decimals":4,"CRS":"GDA2020 (EPSG:7844)","Fidelity":"standard: source boundaries, simplified","Modified":"Simplified and repackaged from the source dataset; see Source URL"},"id":"Dalby"},{"arcs":[[-14,-36,36,37,38]],"type":"Polygon","properties":{"District Name":"Gladstone","DDMG Name":"Gladstone","fill-opacity":0.72,"Area Sq Km":63413.34,"Police Region Name":"Central Region","Police Region Code":"CR","Police Region Short Name":"Central","Region Slug":"central","Layer Id":"qld_ddmg_boundaries_gda2020_simp200m","Layer Group":"statewide","Layer Kind":"ddmg","Source":"QPS Disaster Districts, Queensland Police Service, via the Queensland Government Open Data Portal","Source URL":"https://www.data.qld.gov.au/dataset/qps-disaster-districts","Licence":"CC BY 4.0","Licence URL":"https://creativecommons.org/licenses/by/4.0/","Dataset Date":"19/05/2025","Simplification Tolerance M":200,"Coordinate Precision Decimals":4,"CRS":"GDA2020 (EPSG:7844)","Fidelity":"standard: source boundaries, simplified","Modified":"Simplified and repackaged from the source dataset; see Source URL"},"id":"Gladstone"},{"arcs":[[-3,39,40]],"type":"Polygon","properties":{"District Name":"Gold Coast","DDMG Name":"Gold Coast","fill-opacity":0.72,"Area Sq Km":1376.66,"Police Region Name":"South Eastern Region","Police Region Code":"SER","Police Region Short Name":"South East","Region Slug":"south_east","Layer Id":"qld_ddmg_boundaries_gda2020_simp200m","Layer Group":"statewide","Layer Kind":"ddmg","Source":"QPS Disaster Districts, Queensland Police Service, via the Queensland Government Open Data Portal","Source URL":"https://www.data.qld.gov.au/dataset/qps-disaster-districts","Licence":"CC BY 4.0","Licence URL":"https://creativecommons.org/licenses/by/4.0/","Dataset Date":"19/05/2025","Simplification Tolerance M":200,"Coordinate Precision Decimals":4,"CRS":"GDA2020 (EPSG:7844)","Fidelity":"standard: source boundaries, simplified","Modified":"Simplified and repackaged from the source dataset; see Source URL"},"id":"Gold Coast"},{"arcs":[[-12,41,42,43,44,45,-32]],"type":"Polygon","properties":{"District Name":"Gympie","DDMG Name":"Gympie","fill-opacity":0.72,"Area Sq Km":15347.81,"Police Region Name":"North Coast Region","Police Region Code":"NCR","Police Region Short Name":"North Coast","Region Slug":"north_coast","Layer Id":"qld_ddmg_boundaries_gda2020_simp200m","Layer Group":"statewide","Layer Kind":"ddmg","Source":"QPS Disaster Districts, Queensland Police Service, via the Queensland Government Open Data Portal","Source URL":"https://www.data.qld.gov.au/dataset/qps-disaster-districts","Licence":"CC BY 4.0","Licence URL":"https://creativecommons.org/licenses/by/4.0/","Dataset Date":"19/05/2025","Simplification Tolerance M":200,"Coordinate Precision Decimals":4,"CRS":"GDA2020 (EPSG:7844)","Fidelity":"standard: source boundaries, simplified","Modified":"Simplified and repackaged from the source dataset; see Source URL"},"id":"Gympie"},{"arcs":[[-19,46,47,48]],"type":"Polygon","properties":{"District Name":"Innisfail","DDMG Name":"Innisfail","fill-opacity":0.72,"Area Sq Km":15768.83,"Police Region Name":"Far Northern Region","Police Region Code":"FNR","Police Region Short Name":"Far North","Region Slug":"far_north","Layer Id":"qld_ddmg_boundaries_gda2020_simp200m","Layer Group":"statewide","Layer Kind":"ddmg","Source":"QPS Disaster Districts, Queensland Police Service, via the Queensland Government Open Data Portal","Source URL":"https://www.data.qld.gov.au/dataset/qps-disaster-districts","Licence":"CC BY 4.0","Licence URL":"https://creativecommons.org/licenses/by/4.0/","Dataset Date":"19/05/2025","Simplification Tolerance M":200,"Coordinate Precision Decimals":4,"CRS":"GDA2020 (EPSG:7844)","Fidelity":"standard: source boundaries, simplified","Modified":"Simplified and repackaged from the source dataset; see Source URL"},"id":"Innisfail"},{"arcs":[[-5,49,50,-45,51,52]],"type":"Polygon","properties":{"District Name":"Ipswich","DDMG Name":"Ipswich","fill-opacity":0.72,"Area Sq Km":6466.45,"Police Region Name":"Southern Region","Police Region Code":"SR","Police Region Short Name":"Southern","Region Slug":"southern","Layer Id":"qld_ddmg_boundaries_gda2020_simp200m","Layer Group":"statewide","Layer Kind":"ddmg","Source":"QPS Disaster Districts, Queensland Police Service, via the Queensland Government Open Data Portal","Source URL":"https://www.data.qld.gov.au/dataset/qps-disaster-districts","Licence":"CC BY 4.0","Licence URL":"https://creativecommons.org/licenses/by/4.0/","Dataset Date":"19/05/2025","Simplification Tolerance M":200,"Coordinate Precision Decimals":4,"CRS":"GDA2020 (EPSG:7844)","Fidelity":"standard: source boundaries, simplified","Modified":"Simplified and repackaged from the source dataset; see Source URL"},"id":"Ipswich"},{"arcs":[[-4,-41,53,54,55,-50]],"type":"Polygon","properties":{"District Name":"Logan","DDMG Name":"Logan","fill-opacity":0.72,"Area Sq Km":5201.2,"Police Region Name":"South Eastern Region","Police Region Code":"SER","Police Region Short Name":"South East","Region Slug":"south_east","Layer Id":"qld_ddmg_boundaries_gda2020_simp200m","Layer Group":"statewide","Layer Kind":"ddmg","Source":"QPS Disaster Districts, Queensland Police Service, via the Queensland Government Open Data Portal","Source URL":"https://www.data.qld.gov.au/dataset/qps-disaster-districts","Licence":"CC BY 4.0","Licence URL":"https://creativecommons.org/licenses/by/4.0/","Dataset Date":"19/05/2025","Simplification Tolerance M":200,"Coordinate Precision Decimals":4,"CRS":"GDA2020 (EPSG:7844)","Fidelity":"standard: source boundaries, simplified","Modified":"Simplified and repackaged from the source dataset; see Source URL"},"id":"Logan"},{"arcs":[[-28,56,57,58,59,60]],"type":"Polygon","properties":{"District Name":"Longreach","DDMG Name":"Longreach","fill-opacity":0.72,"Area Sq Km":240646.06,"Police Region Name":"Central Region","Police Region Code":"CR","Police Region Short Name":"Central","Region Slug":"central","Layer Id":"qld_ddmg_boundaries_gda2020_simp200m","Layer Group":"statewide","Layer Kind":"ddmg","Source":"QPS Disaster Districts, Queensland Police Service, via the Queensland Government Open Data Portal","Source URL":"https://www.data.qld.gov.au/dataset/qps-disaster-districts","Licence":"CC BY 4.0","Licence URL":"https://creativecommons.org/licenses/by/4.0/","Dataset Date":"19/05/2025","Simplification Tolerance M":200,"Coordinate Precision Decimals":4,"CRS":"GDA2020 (EPSG:7844)","Fidelity":"standard: source boundaries, simplified","Modified":"Simplified and repackaged from the source dataset; see Source URL"},"id":"Longreach"},{"arcs":[[-60,61,62,63]],"type":"Polygon","properties":{"District Name":"Mackay","DDMG Name":"Mackay","fill-opacity":0.72,"Area Sq Km":157734.76,"Police Region Name":"Central Region","Police Region Code":"CR","Police Region Short Name":"Central","Region Slug":"central","Layer Id":"qld_ddmg_boundaries_gda2020_simp200m","Layer Group":"statewide","Layer Kind":"ddmg","Source":"QPS Disaster Districts, Queensland Police Service, via the Queensland Government Open Data Portal","Source URL":"https://www.data.qld.gov.au/dataset/qps-disaster-districts","Licence":"CC BY 4.0","Licence URL":"https://creativecommons.org/licenses/by/4.0/","Dataset Date":"19/05/2025","Simplification Tolerance M":200,"Coordinate Precision Decimals":4,"CRS":"GDA2020 (EPSG:7844)","Fidelity":"standard: source boundaries, simplified","Modified":"Simplified and repackaged from the source dataset; see Source URL"},"id":"Mackay"},{"arcs":[[-20,-49,64,65]],"type":"Polygon","properties":{"District Name":"Mareeba","DDMG Name":"Mareeba","fill-opacity":0.72,"Area Sq Km":133479.58,"Police Region Name":"Far Northern Region","Police Region Code":"FNR","Police Region Short Name":"Far North","Region Slug":"far_north","Layer Id":"qld_ddmg_boundaries_gda2020_simp200m","Layer Group":"statewide","Layer Kind":"ddmg","Source":"QPS Disaster Districts, Queensland Police Service, via the Queensland Government Open Data Portal","Source URL":"https://www.data.qld.gov.au/dataset/qps-disaster-districts","Licence":"CC BY 4.0","Licence URL":"https://creativecommons.org/licenses/by/4.0/","Dataset Date":"19/05/2025","Simplification Tolerance M":200,"Coordinate Precision Decimals":4,"CRS":"GDA2020 (EPSG:7844)","Fidelity":"standard: source boundaries, simplified","Modified":"Simplified and repackaged from the source dataset; see Source URL"},"id":"Mareeba"},{"arcs":[[-11,66,-42]],"type":"Polygon","properties":{"District Name":"Maryborough","DDMG Name":"Maryborough","fill-opacity":0.72,"Area Sq Km":7996.27,"Police Region Name":"North Coast Region","Police Region Code":"NCR","Police Region Short Name":"North Coast","Region Slug":"north_coast","Layer Id":"qld_ddmg_boundaries_gda2020_simp200m","Layer Group":"statewide","Layer Kind":"ddmg","Source":"QPS Disaster Districts, Queensland Police Service, via the Queensland Government Open Data Portal","Source URL":"https://www.data.qld.gov.au/dataset/qps-disaster-districts","Licence":"CC BY 4.0","Licence URL":"https://creativecommons.org/licenses/by/4.0/","Dataset Date":"19/05/2025","Simplification Tolerance M":200,"Coordinate Precision Decimals":4,"CRS":"GDA2020 (EPSG:7844)","Fidelity":"standard: source boundaries, simplified","Modified":"Simplified and repackaged from the source dataset; see Source URL"},"id":"Maryborough"},{"arcs":[[-53,67,68,-1],[69]],"type":"Polygon","properties":{"District Name":"Moreton","DDMG Name":"Moreton","fill-opacity":0.72,"Area Sq Km":2071.02,"Police Region Name":"Brisbane Region","Police Region Code":"BR","Police Region Short Name":"Brisbane","Region Slug":"brisbane","Layer Id":"qld_ddmg_boundaries_gda2020_simp200m","Layer Group":"statewide","Layer Kind":"ddmg","Source":"QPS Disaster Districts, Queensland Police Service, via the Queensland Government Open Data Portal","Source URL":"https://www.data.qld.gov.au/dataset/qps-disaster-districts","Licence":"CC BY 4.0","Licence URL":"https://creativecommons.org/licenses/by/4.0/","Dataset Date":"19/05/2025","Simplification Tolerance M":200,"Coordinate Precision Decimals":4,"CRS":"GDA2020 (EPSG:7844)","Fidelity":"standard: source boundaries, simplified","Modified":"Simplified and repackaged from the source dataset; see Source URL"},"id":"Moreton"},{"arcs":[[[-66,70,-58,71,-15]],[[72,-17]],[[73]],[[74]],[[75]],[[76]],[[77]],[[78]],[[79]],[[80]],[[81]],[[82]],[[83]],[[84]],[[85]],[[86]],[[87]],[[88]],[[89]],[[90]],[[91]],[[92]],[[93]],[[94]],[[95]],[[96]],[[97]],[[98]],[[99]],[[100]],[[101]],[[102]],[[103]],[[104]],[[105]],[[106]],[[107]],[[108]],[[109]]],"type":"MultiPolygon","properties":{"District Name":"Mount Isa","DDMG Name":"Mount Isa","fill-opacity":0.72,"Area Sq Km":394921.12,"Police Region Name":"Northern Region","Police Region Code":"NR","Police Region Short Name":"Northern","Region Slug":"northern","Layer Id":"qld_ddmg_boundaries_gda2020_simp200m","Layer Group":"statewide","Layer Kind":"ddmg","Source":"QPS Disaster Districts, Queensland Police Service, via the Queensland Government Open Data Portal","Source URL":"https://www.data.qld.gov.au/dataset/qps-disaster-districts","Licence":"CC BY 4.0","Licence URL":"https://creativecommons.org/licenses/by/4.0/","Dataset Date":"19/05/2025","Simplification Tolerance M":200,"Coordinate Precision Decimals":4,"CRS":"GDA2020 (EPSG:7844)","Fidelity":"standard: source boundaries, simplified","Modified":"Simplified and repackaged from the source dataset; see Source URL"},"id":"Mount Isa"},{"arcs":[[-29,-61,-64,110,-38,111]],"type":"Polygon","properties":{"District Name":"Rockhampton","DDMG Name":"Rockhampton","fill-opacity":0.72,"Area Sq Km":113722.41,"Police Region Name":"Central Region","Police Region Code":"CR","Police Region Short Name":"Central","Region Slug":"central","Layer Id":"qld_ddmg_boundaries_gda2020_simp200m","Layer Group":"statewide","Layer Kind":"ddmg","Source":"QPS Disaster Districts, Queensland Police Service, via the Queensland Government Open Data Portal","Source URL":"https://www.data.qld.gov.au/dataset/qps-disaster-districts","Licence":"CC BY 4.0","Licence URL":"https://creativecommons.org/licenses/by/4.0/","Dataset Date":"19/05/2025","Simplification Tolerance M":200,"Coordinate Precision Decimals":4,"CRS":"GDA2020 (EPSG:7844)","Fidelity":"standard: source boundaries, simplified","Modified":"Simplified and repackaged from the source dataset; see Source URL"},"id":"Rockhampton"},{"arcs":[[-30,-112,-37,-35,112,113]],"type":"Polygon","properties":{"District Name":"Roma","DDMG Name":"Roma","fill-opacity":0.72,"Area Sq Km":89788.04,"Police Region Name":"Southern Region","Police Region Code":"SR","Police Region Short Name":"Southern","Region Slug":"southern","Layer Id":"qld_ddmg_boundaries_gda2020_simp200m","Layer Group":"statewide","Layer Kind":"ddmg","Source":"QPS Disaster Districts, Queensland Police Service, via the Queensland Government Open Data Portal","Source URL":"https://www.data.qld.gov.au/dataset/qps-disaster-districts","Licence":"CC BY 4.0","Licence URL":"https://creativecommons.org/licenses/by/4.0/","Dataset Date":"19/05/2025","Simplification Tolerance M":200,"Coordinate Precision Decimals":4,"CRS":"GDA2020 (EPSG:7844)","Fidelity":"standard: source boundaries, simplified","Modified":"Simplified and repackaged from the source dataset; see Source URL"},"id":"Roma"},{"arcs":[[[114,-68,-52,-44]],[[-70]],[[115]]],"type":"MultiPolygon","properties":{"District Name":"Sunshine Coast","DDMG Name":"Sunshine Coast","fill-opacity":0.72,"Area Sq Km":3156.9,"Police Region Name":"North Coast Region","Police Region Code":"NCR","Police Region Short Name":"North Coast","Region Slug":"north_coast","Layer Id":"qld_ddmg_boundaries_gda2020_simp200m","Layer Group":"statewide","Layer Kind":"ddmg","Source":"QPS Disaster Districts, Queensland Police Service, via the Queensland Government Open Data Portal","Source URL":"https://www.data.qld.gov.au/dataset/qps-disaster-districts","Licence":"CC BY 4.0","Licence URL":"https://creativecommons.org/licenses/by/4.0/","Dataset Date":"19/05/2025","Simplification Tolerance M":200,"Coordinate Precision Decimals":4,"CRS":"GDA2020 (EPSG:7844)","Fidelity":"standard: source boundaries, simplified","Modified":"Simplified and repackaged from the source dataset; see Source URL"},"id":"Sunshine Coast"},{"arcs":[[-33,-46,-51,-56,116]],"type":"Polygon","properties":{"District Name":"Toowoomba","DDMG Name":"Toowoomba","fill-opacity":0.72,"Area Sq Km":15245.1,"Police Region Name":"Southern Region","Police Region Code":"SR","Police Region Short Name":"Southern","Region Slug":"southern","Layer Id":"qld_ddmg_boundaries_gda2020_simp200m","Layer Group":"statewide","Layer Kind":"ddmg","Source":"QPS Disaster Districts, Queensland Police Service, via the Queensland Government Open Data Portal","Source URL":"https://www.data.qld.gov.au/dataset/qps-disaster-districts","Licence":"CC BY 4.0","Licence URL":"https://creativecommons.org/licenses/by/4.0/","Dataset Date":"19/05/2025","Simplification Tolerance M":200,"Coordinate Precision Decimals":4,"CRS":"GDA2020 (EPSG:7844)","Fidelity":"standard: source boundaries, simplified","Modified":"Simplified and repackaged from the source dataset; see Source URL"},"id":"Toowoomba"},{"arcs":[[-48,117,-62,-59,-71,-65]],"type":"Polygon","properties":{"District Name":"Townsville","DDMG Name":"Townsville","fill-opacity":0.72,"Area Sq Km":175353.69,"Police Region Name":"Northern Region","Police Region Code":"NR","Police Region Short Name":"Northern","Region Slug":"northern","Layer Id":"qld_ddmg_boundaries_gda2020_simp200m","Layer Group":"statewide","Layer Kind":"ddmg","Source":"QPS Disaster Districts, Queensland Police Service, via the Queensland Government Open Data Portal","Source URL":"https://www.data.qld.gov.au/dataset/qps-disaster-districts","Licence":"CC BY 4.0","Licence URL":"https://creativecommons.org/licenses/by/4.0/","Dataset Date":"19/05/2025","Simplification Tolerance M":200,"Coordinate Precision Decimals":4,"CRS":"GDA2020 (EPSG:7844)","Fidelity":"standard: source boundaries, simplified","Modified":"Simplified and repackaged from the source dataset; see Source URL"},"id":"Townsville"},{"arcs":[[-34,-117,-55,118,-113]],"type":"Polygon","properties":{"District Name":"Warwick","DDMG Name":"Warwick","fill-opacity":0.72,"Area Sq Km":26370.42,"Police Region Name":"Southern Region","Police Region Code":"SR","Police Region Short Name":"Southern","Region Slug":"southern","Layer Id":"qld_ddmg_boundaries_gda2020_simp200m","Layer Group":"statewide","Layer Kind":"ddmg","Source":"QPS Disaster Districts, Queensland Police Service, via the Queensland Government Open Data Portal","Source URL":"https://www.data.qld.gov.au/dataset/qps-disaster-districts","Licence":"CC BY 4.0","Licence URL":"https://creativecommons.org/licenses/by/4.0/","Dataset Date":"19/05/2025","Simplification Tolerance M":200,"Coordinate Precision Decimals":4,"CRS":"GDA2020 (EPSG:7844)","Fidelity":"standard: source boundaries, simplified","Modified":"Simplified and repackaged from the source dataset; see Source URL"},"id":"Warwick"}]}}}