{"type":"Topology","arcs":[[[948693,92603],[128,-84],[-103,-593],[373,-40],[309,140],[322,-259],[199,25],[276,-408],[7,-334],[-341,-74],[-244,-160],[-90,-358],[51,-493],[470,-358],[392,-513],[-58,-194],[51,-428],[1486,-169],[257,259],[739,-110],[78,-159],[353,-269],[309,-80],[354,-229],[360,-94],[385,60],[418,-214],[238,64],[528,-89],[231,229],[624,318],[154,-144],[1305,-149],[135,681],[1016,-104],[123,572],[700,5],[1074,-592],[515,5],[405,154],[19,135],[431,164],[707,-194],[77,303],[-180,130],[553,363],[-154,209],[-96,488],[199,129],[-154,199],[64,274],[392,-45],[-26,239],[-308,75],[-212,169],[19,189],[225,294],[707,309],[39,263],[353,284],[155,314],[-142,224],[-238,144],[20,334],[656,64],[334,254],[141,378],[1049,-492],[295,64],[71,209],[-96,309],[154,244],[212,114],[566,40],[1106,-139]],[[969160,94455],[129,-304],[19,-398],[109,-582],[386,-503],[656,-314],[148,-323],[1363,-692],[141,-120],[997,-333],[932,90],[547,-254],[244,-329],[1216,-189],[958,1070],[861,-373],[-893,-991],[160,-59],[418,-603],[-302,-189],[244,-418],[-6,-338],[161,-364],[-122,-189],[-238,60],[-180,363],[-418,379],[-1042,308],[58,-269],[482,40],[457,-114],[334,-373],[13,-239],[321,-473],[-565,-165],[-200,-348],[-321,-45],[315,-423],[308,-129],[489,5],[-180,-334],[-264,-109],[-6,-179],[405,-15],[-45,273],[469,-243],[-77,-170],[431,-278],[720,-110],[71,986],[8353,1677],[4604,926],[1607,338],[399,-30],[219,90],[656,-398],[340,-379],[476,-388],[476,-219],[900,-254],[682,-49],[379,59],[656,-268],[521,14],[116,120],[572,-75],[-45,-288],[225,-160],[-328,-184],[-810,-1010],[-335,-558],[-784,-1483],[-694,-1374],[-862,-1792],[-379,-856],[-534,-1329],[-264,-806],[-591,-2165],[-232,-991],[-128,-786],[-33,-956],[-154,-313],[-219,-90],[-64,-298]],[[993588,71873],[-476,-25],[-617,-274],[-907,-129],[-469,149],[-206,348],[-32,264],[-206,344],[-533,323],[-71,353],[-283,30],[-457,-189],[-392,149],[-257,-34],[-232,-180],[-321,234],[13,364],[-180,463],[-302,15],[-1016,-299],[-701,55],[-457,-463],[-231,-130],[-528,-139],[-508,90],[-514,542],[-32,289],[-380,-65]],[[983293,73958],[129,319],[-405,-5],[-84,189],[110,448],[-180,786],[-1094,115],[-25,104],[-515,60],[26,159],[-1029,115],[-6,-95],[-1936,204],[-109,194],[-842,85],[-405,-60],[-283,120],[-58,209],[-547,-5],[129,532],[379,-40],[135,583],[-193,174],[-482,154],[-122,135],[-746,373],[-219,199],[-2141,219],[-77,-393],[-1022,109],[-315,-1234],[-412,35],[-64,-179],[244,-105],[-186,-443],[51,-657],[-1112,-343],[-669,40],[-572,-284],[-1209,139],[-180,-308],[-1344,164],[-277,-10],[-945,139],[-547,155],[-765,318],[-238,284],[-308,149],[-772,75],[-547,124],[-450,169]],[[961064,77173],[-12,264],[-412,463],[-379,145],[-425,248],[-405,60],[-212,-75],[-540,45],[-193,160],[-399,144],[-193,318],[-971,657],[-424,-54],[-412,-727],[-456,-20],[-45,672],[-148,403],[-283,488],[32,488],[155,254],[51,348],[-354,493],[-353,94],[-656,-109],[-65,-184],[598,-150],[65,-268],[-534,-85],[-579,-174],[-218,-274],[-958,-80],[-123,80],[-900,70],[-180,204],[-244,-60],[167,-229],[-354,-174],[-463,10],[-334,174],[-874,-612],[-303,149],[-379,-89],[-187,144],[0,264],[335,1234],[276,458],[380,75],[424,-30],[-6,254],[-200,84],[-482,-20],[-489,184],[-276,428],[-592,404],[483,129],[109,597],[186,140],[-128,204],[-180,552],[32,264],[373,-40],[199,851],[-77,309],[-212,20],[96,428],[212,224],[39,388],[-148,15],[90,403],[-373,45],[-64,299],[193,273],[-399,90],[-270,-154],[251,1130],[-302,29],[64,304],[-720,75],[122,552],[-1035,110],[-58,-259],[-425,45],[-51,-244],[-463,50],[-116,-503],[-263,-154],[-431,44],[289,1170],[425,259],[315,40],[932,512],[457,95],[147,358],[341,60],[920,-55],[366,214],[232,15]],[[988225,105340],[97,140],[553,353],[135,199],[386,174],[1376,428],[1099,125],[682,-5],[733,169],[682,314],[295,14],[328,-189],[380,-20],[-65,-243],[-295,-443],[-335,-667],[-733,-1718],[-752,-2000],[-380,-1160],[-295,-1060],[-245,-1210],[-186,-1403],[13,-1583],[173,-1041],[309,-1025],[495,-896],[341,-497],[64,-404],[-244,-234],[-296,-492],[-51,-508],[-605,269],[-109,154],[353,687],[-128,413],[-1093,1558],[32,239],[-437,975],[-958,1255],[-399,682],[-52,472],[-167,513],[-521,712],[-57,179],[122,338],[334,568],[64,274],[-199,716],[-244,633],[-238,447],[-19,289],[424,991],[83,537],[-25,672],[-193,782],[-232,527]],[[980027,91807],[373,333],[463,214],[399,-268],[636,-214],[-302,-583],[-257,-219],[-688,-10],[-515,254],[-109,493]],[[979230,89044],[295,130],[-12,313],[366,354],[457,-214],[154,-548],[-26,-229],[-231,-303],[-206,-55],[-733,383],[-64,169]],[[979313,87611],[920,55],[173,-120],[-51,-846],[-154,-30],[-354,254],[-84,254],[-450,433]],[[979371,232103],[2392,-8188],[129,-985]],[[981892,222930],[-489,119],[-392,15],[-997,-339],[-1299,-507],[-482,-234],[-1659,-966],[-559,-403],[-508,-458],[-534,-622],[-328,-289],[-1485,-1100],[-328,-333],[-412,-587],[373,-100],[534,129],[347,-24],[688,-170],[521,-204],[585,-313],[553,-369],[617,-512],[881,-966],[1003,-1294],[849,-961],[309,-468],[173,-428],[65,-512],[-103,-737],[-373,-1110],[-45,-408],[-251,-552],[-842,-1150],[-560,-677],[-1459,-1454],[-592,-642],[-547,-492],[-1472,-1036],[-514,-413],[-1049,-582],[-450,-304],[-739,-418],[-785,-498],[-1234,-647],[-714,-278],[-1312,-428],[-392,-254],[-1582,15],[-7710,0],[-5150,0],[-11356,15],[-636,94],[-296,224],[-463,130],[-1023,-30],[-546,219],[-579,10],[-443,-170],[-283,-204],[-232,-288],[-630,-324],[-142,-279],[373,-343],[-38,-304],[-881,-293],[-514,94],[-58,-204],[-489,-318],[-322,124],[13,294],[-135,184],[-398,15],[-180,-95],[-457,55],[-682,-358],[-617,5],[-321,84],[-611,-433],[-560,-224],[-103,-254],[-514,-756],[-1620,-2066],[-405,-1125],[-213,-1085],[-1382,-1080],[-791,160],[39,-498],[-553,-25],[-348,-149],[-289,20],[-482,-448],[-798,-369],[135,-169],[-167,-174],[103,-140],[-559,-467],[-193,0],[-257,-294],[-772,55],[-572,-85],[-33,-104],[-1678,-1096],[-675,-1333],[-116,-145],[219,-423],[-103,-303],[418,-259],[315,-70],[64,-229],[-238,-104],[-135,-682],[264,-140],[-39,-318],[-180,-135],[-19,-363],[-354,55],[-720,15],[-836,303],[-392,10],[-186,-214],[-193,239],[-791,75],[45,-354],[-367,-44],[-193,119],[-372,-55],[-489,30],[-913,-194],[0,-304],[-238,-328],[-437,-309],[-200,-268],[-173,-618],[96,-726],[-662,-438],[-540,-60],[-393,-134],[-655,-30],[32,-170],[-328,-59],[-52,-184],[-816,-125],[-97,-254],[142,-373],[238,-219],[-33,-383],[-212,-184],[-212,39],[-289,-149],[-746,-169],[-122,-199],[-515,184],[-424,363],[-740,194],[-566,-298],[-205,577],[-438,144],[-282,-328],[-206,-1145],[-540,20],[-180,-408],[-541,-343],[-398,-389],[-97,-443],[425,-308],[-148,-289],[71,-189],[-148,-941],[-277,-249],[-437,-204],[-405,314],[-540,-159],[-399,-30],[19,-682],[-141,-219],[971,-184],[154,-478],[-77,-204],[77,-1006]],[[900415,169637],[-173,-134],[-303,0],[-244,-239],[161,-234],[-225,-279],[-52,-244],[90,-368],[-469,-617],[-360,139],[-77,-283],[-213,-324],[97,-373],[-470,-174],[-231,44],[-264,-472],[-283,-145],[-167,-264],[-251,-5],[-424,-258],[-199,-334],[-270,-10],[-129,-229],[-457,-20],[-553,-229],[-610,110],[-483,254],[-238,313],[-64,344],[90,154],[-218,328],[-444,15],[-103,364],[-219,79],[-51,274],[-257,363],[141,259],[-765,413],[-1080,145],[-354,278],[-727,190],[-19,482],[-148,95],[-521,-199],[-340,94],[38,244],[-148,458],[-193,209],[142,165],[-302,204],[-354,119],[-669,-80],[71,-423],[-148,-253],[-591,-70],[-264,-289],[347,-338],[0,-165],[-321,-14],[-528,114],[-334,-587],[-296,-105],[-6,-179],[437,-95],[32,-179],[515,-69],[109,-125],[-193,-358],[-309,-85],[-141,-194],[135,-284],[-26,-333],[219,-189],[19,-304],[-180,-189],[135,-329],[219,-109],[180,-463],[6,-343],[-103,-314],[97,-204],[315,-279],[-77,-308],[-193,-219],[0,-389],[116,-119],[-58,-383],[-470,-319],[-379,-124],[-77,-239],[-380,-85],[-514,189],[-328,35],[-476,-259],[-694,254],[-643,65],[-830,328],[-720,394],[-1698,263],[-514,20],[289,757],[-263,189],[141,214],[-624,363],[206,428],[-546,10],[-219,180],[-405,-100],[-206,129],[-251,384],[-533,64],[-444,234],[-553,-25],[-238,-253],[-733,-234],[-296,35],[-263,223],[-1325,150],[-386,-105],[-482,219],[-476,-89],[-173,114],[-508,-109],[-251,64],[-450,-109],[-573,-2618],[-585,-25],[-315,244],[26,249],[-232,278],[-257,30],[-296,-283],[-32,-160],[521,-224],[58,-264],[-264,-263],[155,-110],[463,115],[475,-140],[65,-209],[-380,-881],[187,-438],[-386,-423],[-534,-298],[103,-414],[-360,-109],[-58,-538],[-218,-144],[-380,55],[-58,-145],[52,-472],[-315,-85],[-5556,-309],[-1742,180],[-425,-304],[-540,15],[-1029,-692],[58,-209],[367,-274],[-71,-313],[-200,-95],[-880,-751],[-277,-364],[-630,-373],[-707,249],[-553,-55],[-315,129],[-1679,185],[-6224,622],[-611,30],[-482,164],[-1556,204],[6,-269],[-129,-712],[-463,-403],[-64,-229],[425,-204],[520,105],[39,-274],[-154,-304],[103,-99],[-2290,-294]],[[841328,153426],[-321,75],[-412,498],[-527,-150],[-694,-25],[-534,55],[-489,125],[-1067,398],[-354,298],[-122,573],[-418,497],[64,314],[-585,602],[-302,797],[-373,184],[39,184],[-1402,-304],[-798,194],[-1112,-154],[-366,65],[-412,338],[-405,45],[-521,-209],[26,-219],[-161,-333],[-3492,-1842],[-3832,373],[-585,1016],[289,303],[39,189],[-180,150],[-476,169],[109,179],[-250,513],[-425,358],[-218,473],[-431,45],[-1151,-20],[-592,45],[-270,-40],[-379,-209],[-341,20],[-791,542],[-733,75],[-572,109],[-579,30],[109,319],[-90,299],[-244,398],[-26,323],[682,707],[71,299],[282,428],[7,433],[-341,358],[-90,448],[103,314],[463,184],[379,343],[110,379],[250,388],[-231,323],[-1048,986],[-450,169],[-90,324],[-817,338],[-547,518],[496,114],[-823,737],[154,368],[238,229],[617,45],[431,478],[-180,303],[-52,632],[90,608],[-945,323],[-411,528],[212,517],[341,324],[289,65],[13,258],[456,394],[13,154],[-321,124],[-206,334],[-90,607],[-2714,274],[-1337,79],[-379,458],[-965,264],[-585,-60],[-527,-109],[-463,60],[-515,-65],[-874,-184],[-450,234],[-862,234],[-534,378],[-739,1105],[-129,40],[-2308,323],[-328,-129],[-251,-244]],[[800066,177830],[-682,179],[-726,75],[-64,209],[-463,35],[-322,-110],[-64,249],[180,493],[270,174],[289,627],[-148,309],[-443,478],[-45,512],[109,214],[-784,284],[141,234],[-161,338],[701,613],[-64,214],[-257,139],[-547,-124],[-251,49],[161,364],[-154,338],[-560,-119],[-135,49],[90,329],[-379,104],[-64,224],[360,219],[58,523],[1427,697],[450,791],[-334,170],[-560,457],[180,130],[528,109],[-180,558],[347,259],[-579,358],[733,592],[315,85],[142,234],[250,109],[-681,234],[-52,160],[579,278],[251,334],[-97,134],[39,548],[-129,259],[650,338],[701,-70],[328,239],[-52,199],[431,677],[-154,229],[19,299],[-270,194],[90,328],[688,45],[277,150],[-412,716],[135,304],[476,35],[219,433],[-26,313],[437,379],[199,69],[116,558],[-276,945],[-129,190],[135,149],[-51,264],[411,-15],[553,-209],[1023,119],[-271,299],[650,647],[662,154],[804,284],[1312,5],[392,154],[6,279],[283,199],[0,319],[-193,184],[-154,403],[257,338],[303,155],[308,428],[560,144],[-823,557],[-444,200],[-167,154],[103,537],[-148,190],[-103,343],[-360,632],[-20,423],[90,329],[-32,1189],[-83,259],[25,493],[322,975],[-450,438],[-431,832],[180,89],[1016,1762],[-103,438],[129,752],[1434,2598],[701,104],[186,349],[225,129],[341,1722],[161,130],[-270,443],[-984,2892],[32,49],[1569,941],[688,120],[952,-10],[90,458],[225,214],[893,129],[476,-473],[238,-45],[830,234],[623,-169],[650,15],[617,-80],[1003,105],[412,184],[373,-20],[636,-204],[830,-70],[463,-179],[591,-398],[360,-10],[573,184],[2450,-303],[1665,-289],[244,65],[438,-95],[501,129],[219,289],[167,762],[-264,219],[200,358],[231,55],[174,527],[386,75],[250,353],[502,359],[360,413],[225,144],[-662,403],[-167,269],[-39,319],[-508,-65],[-444,329],[-977,-289],[-650,269],[-122,139],[-424,144],[-662,90],[-1010,667],[-270,60],[469,2389],[245,-224],[508,99],[443,-199],[232,254],[51,284],[232,-20],[193,-334],[752,-79],[244,214],[508,-50],[110,229],[3305,-757],[759,-124],[1607,-443],[244,109],[-192,334],[-45,428],[45,438],[315,169],[430,-15],[-559,617],[-309,170],[-122,637],[-141,298],[0,304],[334,224],[109,403],[232,25],[334,199],[0,418],[219,214],[0,329],[173,114],[46,324],[154,353],[-39,463],[328,209],[64,921],[-147,383],[77,344],[411,179],[77,353],[277,219],[759,-124],[321,159],[418,-15],[84,100],[951,-110],[219,-373],[-174,-149],[13,-404],[457,-363],[161,0],[160,-368],[232,74],[559,-323],[148,-264],[1151,-154],[527,-463],[110,-403],[405,-204],[58,-384],[508,-219],[205,374],[283,-60],[746,224],[245,408],[366,-174],[630,-75],[52,-239],[964,-677],[-19,-273],[-296,-115],[-173,-323],[-13,-279],[-386,-433],[-84,-254],[116,-448],[-231,-259],[128,-259],[-90,-278],[251,-179],[45,-284],[296,-164],[443,29],[290,214],[656,165],[1016,114],[167,423],[456,-69],[778,154],[431,-154],[26,-224],[-257,-1344],[96,-140],[-148,-234],[-328,-189],[142,-199],[-129,-328],[740,-2081],[-431,10],[-482,159],[-534,-5],[-212,-164],[-393,-94],[-295,-254],[64,-379],[289,-69],[463,179],[39,129],[842,190],[270,-234],[380,-20],[6,-199],[457,-513],[649,-159],[392,-473],[135,174],[547,129],[174,304],[334,-119],[174,119],[559,-65],[534,-119],[353,-508],[322,-30],[270,90],[26,428],[218,70],[-64,204],[386,259],[154,-45],[328,194],[270,-65],[585,5],[367,-194],[617,692],[412,239],[45,269],[180,84],[366,563],[450,119],[129,-154],[347,35],[206,194],[405,-319],[456,-119],[566,84],[193,413],[58,523],[322,80],[565,-40],[560,209],[585,732],[-431,288],[-135,379],[341,24],[900,-368],[270,-10],[97,234],[334,294],[309,831],[-116,194],[251,139],[443,30],[592,-254],[154,-343],[-257,-209],[206,-259],[129,-423],[507,-264],[-70,-184],[508,-164],[206,-174],[64,-229],[-283,-364],[444,-224],[778,-89],[636,-374],[212,-333],[341,-164],[-128,-334],[115,-209],[-244,-622],[212,-239],[-199,-119],[-392,-617],[-303,-40],[-212,-229],[-386,69],[-244,-268],[328,-304],[58,-269],[225,-159],[71,-199],[385,-383],[116,25],[682,-244],[585,114],[579,-289],[231,-318],[251,15],[450,408],[257,-115],[843,219],[514,-94],[649,-349],[373,-99],[605,-563],[508,-149],[289,-264],[386,55],[482,309],[-13,269],[-475,159],[578,368],[444,-10],[489,214],[205,249],[354,129],[347,-303],[122,-309],[213,-144],[707,-149],[231,-279],[457,-349],[167,-209],[560,-288],[90,-443],[398,-513],[965,-513],[116,-204],[366,1693],[2379,-234],[688,-204],[347,-264],[142,-294],[347,-169],[180,-344],[714,-124],[386,-234],[456,-164],[219,-264],[-142,-408],[412,-35],[199,214],[759,-5],[270,130],[109,313],[547,75],[566,373],[257,513],[367,229],[-232,388],[148,174],[283,-89],[669,89],[328,105],[688,84],[-264,304],[19,209],[245,473],[302,353],[257,189],[675,20],[714,279],[489,-65],[90,115],[-174,582],[52,637],[1112,-109],[829,-110],[226,1215],[-508,49],[70,359],[508,-50],[45,254],[-533,35],[-258,-55],[-797,194],[-566,-60],[-225,85],[90,463],[257,-100],[84,408],[-289,404],[-78,408],[1647,-145],[192,996],[-1890,184],[251,100],[360,273],[83,269],[-64,299],[328,259],[167,323],[470,169],[193,214],[128,448],[-161,199],[560,-5],[83,90],[-392,363],[174,274],[353,309],[772,94],[392,-109],[528,-518],[424,-184],[984,174],[643,254],[334,269],[1441,0],[51434,35],[21940,-35]],[[303266,652020],[-316,269],[-482,179],[-656,0],[-533,45],[-534,149],[-740,284],[-739,532],[-489,603],[-302,502],[-360,364],[-572,184],[546,3106],[4199,2887],[675,7406],[4103,-234],[624,6933],[7111,-323],[817,7212],[3633,-229],[823,7277],[-8565,468],[-11047,612],[-1010,-6550],[-102,-871],[-7395,517],[-18969,1344],[-3048,3758],[-6404,7834],[-4411,-9387],[-361,-35],[-424,324],[-714,244],[-347,169],[-752,114],[-540,229],[-476,110],[-335,-493],[-424,-731],[-804,-294],[-238,-224],[-6,-349],[309,-353],[385,-60],[322,-253],[83,-294],[463,-100],[290,-154],[141,-234],[727,-562],[90,-209],[501,-269],[232,-294],[-1460,-5754],[-11150,717],[-10301,677],[-701,-134],[-122,169],[-572,199],[-842,50],[-348,308],[-45,199],[-334,224],[-373,-49],[-354,119],[-141,-338],[-334,0],[-566,-219],[-148,-209],[-444,189],[45,378],[187,319],[-515,-40],[7,259],[-161,84],[-405,-80],[-296,80],[-193,194],[-289,-89],[58,-244],[-656,40],[32,-419],[379,-39],[7,-239],[-412,0],[-199,204],[-425,154],[-147,-119],[-431,144],[-26,144],[276,90],[-122,353],[-173,85],[-405,-224],[0,-314],[-225,55],[-26,364],[463,303],[508,483],[-309,40],[-180,293],[-431,-129],[-96,-438],[-431,-114]],[[224419,680899],[71,308],[456,453],[296,378],[997,2136],[456,796],[978,1911],[51,234],[341,573],[418,403],[-32,273],[109,170],[-13,288],[-354,110],[508,627],[566,597],[412,538],[341,975],[167,618],[263,1249],[103,717],[71,1179],[167,150],[643,288],[296,473],[720,538],[637,423],[456,408],[566,582],[116,234],[219,787],[-52,323],[-296,573],[-199,129],[6,199],[393,234],[90,139],[-180,354],[533,975]],[[234739,702241],[-122,-418],[71,-244],[309,-313],[360,-100],[752,-512],[489,-473],[758,74],[155,304],[289,174],[257,10],[245,-174],[51,-269],[315,80],[219,-229],[13,-403],[250,-85],[361,40],[77,-154],[-212,-125],[192,-159],[180,-473],[476,-124],[32,-150],[457,-20],[193,-214],[347,50],[-38,334],[482,-135],[315,259],[379,-40],[264,-109],[302,109],[122,-79],[167,104],[328,-35],[245,-264],[559,80],[656,174],[-26,155],[425,164],[456,94],[296,-194],[862,294],[443,194],[296,-35],[225,60],[547,-55],[386,135],[340,-80],[206,194],[354,115],[225,-70],[527,254],[328,64],[167,-69],[849,35],[64,174],[412,84],[328,-39],[186,-175],[393,40],[417,373],[316,-9],[668,89],[322,179],[353,90],[271,159],[430,110],[380,234],[411,154],[367,-309],[341,-74],[745,129],[142,174],[244,35],[412,269],[379,30],[296,154],[257,-30],[572,90],[290,-30],[296,313],[437,115],[418,418],[257,115],[277,0],[495,537],[791,383],[25,304],[939,677],[-122,179],[84,314],[-161,54],[-412,-487],[-726,-623],[-26,-214],[-405,-383],[13,-99],[-328,-254],[-1415,-598],[-6,-268],[-798,-140],[-244,-149],[-386,149],[-399,-109],[-520,-249],[-303,-25],[-938,-473],[-515,40],[-180,134],[-521,-214],[-675,20],[-341,-169],[-385,-80],[-303,40],[-212,-134],[-527,-159],[-823,-762],[-277,-30],[-257,164],[-411,50],[-315,-45],[-123,-194],[-553,-59],[-418,89],[-353,-84],[-508,-244],[-290,59],[-418,-169],[-115,-134],[-309,65],[-521,-75],[-366,5],[-187,-60],[-411,75],[-412,-229],[-328,-60],[-540,-219],[-296,189],[-900,-249],[13,-159],[-1196,-229],[-148,204],[-309,60],[-283,-85],[-244,70],[-341,-55],[-173,194],[-444,45],[-116,-244],[-765,100],[-662,-145],[-238,140],[-270,-10],[-161,607],[225,353],[-354,155],[-308,-204],[-309,129],[154,189],[444,-59],[90,268],[-148,125],[-308,20],[-225,-135],[-264,214],[-630,354],[-386,-70],[-232,-194],[-128,-284],[-695,-20],[-205,319],[-476,393],[-772,707],[-38,627]],[[235087,702316],[180,328],[295,35],[380,1210],[270,209],[-90,109],[64,986],[-83,443],[-283,766],[-373,523],[-1003,876],[-431,518],[45,219],[-212,248],[-168,-149],[-283,458],[-180,448],[0,314],[-263,74],[-637,966],[-836,1508],[-257,582],[58,279],[-129,75],[-90,721],[-218,1100],[-611,1762],[-142,448],[-1382,95],[-35392,-35],[-180,70982],[-173,68717],[238,32611],[115,15166],[97,31039],[16345,7645],[15709,7361],[9806,4918],[22345,10428],[3755,497],[20898,2822],[7485,314],[21759,901],[10404,443],[5363,5808],[10552,0],[-521,553],[-231,438],[-142,652],[32,468],[103,368],[232,433],[257,319],[495,413],[888,433],[977,264],[784,79],[843,-45],[469,-104],[547,-199],[668,-403],[508,-523],[341,-692],[71,-373],[-19,-463],[-77,-368],[-193,-438],[-444,-553],[-71,-259],[10719,7466],[19291,1658],[11465,-2633],[17470,-4007],[238,-17321],[-598,-418],[-797,15],[-682,-249],[-225,-274],[-913,-199],[-25,-224],[-1016,-179],[-251,-110],[-695,-731],[78,-393],[-258,-160],[-791,-3041],[-135,-209],[-778,-85],[-250,-248],[-3498,-2584],[-180,-244],[-1023,-1582],[-2778,-2534],[161,-288],[-328,-772],[-19,-259],[-200,-547],[-360,-558],[20,-134],[-335,-319],[-103,-219],[-424,-423],[116,-308],[-97,-115],[-1363,-503],[187,-224],[-489,-696],[38,-334],[-385,-378],[128,-398],[-115,-50],[250,-577],[-51,-190],[-399,-477],[-135,-244],[-193,64],[-212,-278],[212,-175],[-180,-253],[-186,-1130],[38,-334],[-347,-288],[270,-543],[-32,-383],[-154,-120],[424,-453],[-598,-373],[32,-970],[257,-224],[-276,-369],[116,-582],[-200,-45],[33,-264],[160,-35],[129,-552],[-174,-199],[187,-234],[51,-528],[-231,-219],[-624,-64],[-482,-155],[141,-323],[347,-359],[-154,-253],[-630,-70],[-154,-388],[90,-249],[238,-30],[12,-393],[-508,-254],[58,-264],[405,-234],[148,-448],[-19,-343],[-199,-214],[-225,-60],[32,-702],[450,60],[-45,-448],[-97,-358],[309,-224],[26,-846],[148,-229],[-58,-185],[366,-363],[26,-259],[-180,-94],[19,-219],[463,-254],[58,-304],[154,-229],[296,-179],[245,-304],[-65,-238],[97,-229],[341,-404],[-39,-258],[186,-279],[110,-334],[289,-159],[412,-572],[128,-369],[39,-443],[148,-74],[96,-334],[-51,-278],[218,-55],[341,-707],[58,-254],[489,-871],[25,-662],[-32,-856],[206,-214],[-13,-189],[212,-174],[116,-334],[392,-239],[90,-303],[-45,-269],[116,-418],[315,-339],[-19,-527],[-219,-533],[-154,-154],[180,-403],[784,-1543],[148,-458],[-160,-687],[225,-338],[186,-538],[-212,-309],[-13,-413],[103,-687],[-13,-413],[232,-338],[-13,-453],[199,-453],[-129,-184],[-540,-55],[-366,65],[-900,-110],[-135,-50],[70,-428],[1183,-492],[721,-837],[308,-806],[90,-423],[0,-353],[174,-304],[218,-129],[155,-503],[225,-204],[19,-612],[1164,-1016],[103,-403],[-219,-264],[-566,-403],[-167,-299],[-19,-253],[-289,-359],[45,-283],[244,-463],[-64,-324],[231,-1184],[187,-120],[199,-612],[71,-672],[-129,-314],[-26,-547],[-148,-543],[-173,-303],[-373,-408],[-129,-453],[-308,-254],[-225,-40],[-386,219],[-682,284],[-2308,-259],[-77,-25],[-1782,-1409],[-83,-258],[-257,-259],[-58,-896],[122,-996],[-64,-124],[3292,-1374],[257,25],[650,-637],[199,-279],[1061,-697],[546,-243],[470,-309],[122,20],[759,-363],[128,-185],[-115,-154],[109,-299],[13,-343],[334,-946],[26,-836],[-77,-323],[-206,-254],[-360,-140],[-765,-10],[-984,-3568],[392,-239],[-154,-204],[-180,0],[-2103,-3156],[334,-343],[425,-712],[-167,-438],[469,-359],[997,-233],[649,129],[463,-95],[412,15],[746,-318],[546,-55],[180,-100],[154,-283],[0,-1479],[-225,180],[-610,139],[-676,-60],[-598,45],[-450,-413],[-19,-174],[96,-722],[759,-513],[65,-214],[559,-458],[-45,-726],[701,-632],[-161,-399],[-373,-214],[-321,-59],[-714,-20],[-688,-70],[-257,-114],[-875,-15],[-315,-174],[-502,44],[-1118,-5047],[501,-383],[7,-229],[-470,-368],[-476,-284],[-283,-45],[-1054,-3160],[51,-224],[-385,-105],[-277,-259],[219,-607],[257,-194],[-103,-523],[-688,-174],[-212,-139],[51,-254],[290,-423],[257,-219],[-354,-219],[-1415,-5445],[277,-160],[-212,-253],[-643,-75],[-360,-388],[-77,-458],[-187,-319],[225,-597],[553,-194],[-90,-279],[-572,-418],[-527,-284],[-907,-617],[-122,-453],[-187,-45],[-347,100],[-637,-50],[-64,-264],[431,-393],[-45,-249],[-566,40],[-572,-209],[-52,-224],[84,-319],[379,-487],[-109,-224],[-334,-224],[-393,114],[-109,289],[-791,294],[-128,204],[-348,-75],[-617,-40],[-51,-413],[-470,-134],[-289,-209],[-778,-199],[-1068,-483],[-289,-413],[-270,-160],[77,-587],[116,-50],[-77,-488],[-1248,-612],[-83,-259],[-328,10],[-643,-328],[0,-279],[289,-428],[424,-781],[251,-229],[476,-772],[-141,-169],[19,-244],[328,-398],[418,-398],[443,-344],[335,-677],[225,-258],[-26,-648],[-141,-652],[-26,-338],[64,-279],[-135,-761],[277,-105],[495,-587],[354,-214],[630,-513],[58,-507],[463,-429],[257,-109],[739,-503],[-148,-488],[142,-527],[212,-204],[45,-602],[276,-349],[412,-353],[6,-229],[-527,-478],[-231,-100],[-528,50],[-1093,-10],[-431,-224],[-225,-224],[84,-537],[-154,-364],[302,-189],[122,-199],[405,-289],[437,-219],[-70,-243],[-283,-120],[-714,-134],[-109,-90],[90,-438],[-270,-836],[-129,-254],[270,-348],[399,-110],[508,-333],[450,-239],[238,-239],[373,-164],[366,-269],[257,-826],[7,-578],[-637,-537],[-649,-175],[-270,0],[-155,-154],[71,-373],[-122,-533],[-289,-582],[122,-319],[424,-821],[-58,-363],[219,-453],[-180,-453],[64,-438],[457,-403],[-238,-523],[649,-284],[122,-159],[881,-702],[-51,-373],[122,-453],[206,-408],[688,-458],[96,-179],[84,-468],[109,-109],[1331,-996],[245,-104],[2379,-70],[289,169],[251,473],[219,214],[366,114],[373,-214],[39,-791],[-264,-503],[64,-293],[772,-428],[225,-70],[212,-458],[-19,-383],[-482,-573],[-714,-692],[-637,-557],[-199,-328],[32,-324],[495,-567],[245,-747],[430,-473],[-160,-513],[212,-537],[495,-463],[231,-139],[0,-204],[-289,-583],[-501,-179],[-631,-294],[-302,-49],[-135,-289],[225,-358],[-19,-195],[-219,-358],[380,-264],[611,-199],[321,-10],[463,-313],[367,-473],[12,-453],[193,-244],[315,-129],[129,-274],[-64,-169],[-637,-175],[-366,-348],[-180,-368],[-476,-279],[-71,-239],[231,-204],[71,-523],[746,-726],[13,-219],[501,-722],[78,-209],[-110,-319],[-244,-64],[-206,-309],[135,-373],[-64,-364],[932,-896],[270,-34],[785,-632],[977,-95],[1100,388],[289,169],[238,389],[579,20],[238,189],[199,-45],[45,-448],[-122,-269],[-495,-373],[-206,-344],[276,-537],[316,-199],[295,-304],[1338,-124],[0,-299],[-277,-368],[7,-602],[334,-588],[244,-99],[541,-15],[373,124],[147,-134],[-45,-478],[-514,-712],[148,-617],[-244,-981],[180,-681],[212,-229],[2919,-1180],[264,-159],[186,-936],[521,-428],[630,-329],[322,-453],[51,-164],[405,-104],[1113,-742],[791,-264],[546,-373],[457,-100],[1048,-647],[263,-448],[-45,-353],[226,-582],[726,-807],[-19,-363],[720,-572],[572,-170],[495,-512],[296,-807],[1061,-686],[990,-837],[1074,-1100],[405,-1020],[-13,-304],[187,-154],[51,-488],[1389,-682],[483,170],[353,25],[418,-90],[971,-627],[328,-115],[129,-219],[1228,-537],[585,-20],[547,-309],[572,-249],[1755,199],[122,110],[560,-35],[1138,90],[720,-115],[1929,518],[270,184],[901,1239],[32,160],[514,154],[244,154],[58,359],[200,99],[668,-264],[2328,-54],[1177,-1220],[238,-69],[70,-404],[245,-398],[733,-413],[276,-398],[0,-478],[180,-95],[1383,5],[96,55],[791,-124],[598,-344],[277,-54],[469,-294],[322,-70],[681,-20],[714,-194],[476,-383],[-7,-343],[-514,-563],[-64,-309],[103,-109],[-251,-284],[148,-537],[193,-209],[244,-603],[77,-487],[431,-438],[514,-438],[193,-394],[71,-323],[360,-229],[1248,-458],[739,-324],[514,-423],[341,-507],[418,-234],[335,-682],[12,-219],[1055,-393],[431,-50],[431,50],[610,-125],[71,-144],[425,-144],[295,64],[560,254],[315,-65],[714,-318],[167,-354],[270,-184],[122,-338],[392,-264],[257,-90],[1518,-219],[238,95],[662,65],[399,-80],[534,-15],[160,-114],[804,-130],[727,-35],[1029,60],[945,-493],[360,-353],[257,-159],[399,-95],[572,-10],[669,-194],[476,-194],[212,5],[598,-398],[289,-125],[97,-174],[758,-119],[746,79],[392,-49],[418,-229],[592,-95],[656,-194],[103,-100],[797,-189],[695,-40],[276,-74],[1588,-244],[753,-388],[212,-409],[495,-398],[874,-527],[663,49],[302,-393],[180,-54],[637,0],[765,-135],[1344,20],[823,-378],[514,-125],[907,-647],[334,-99],[412,15],[945,-404],[354,-403],[0,-283],[1061,-1369],[353,-219],[32,-115],[1331,-234],[232,170],[1009,25],[316,-90],[823,-115],[463,-273],[604,-458],[476,-443],[167,-359],[694,-507],[386,50],[322,-50],[289,-145],[733,-552],[155,-234],[598,-493],[25,-244],[843,-791],[418,-70],[643,-497],[302,-533],[270,-55],[636,-532],[45,-548],[483,-388],[540,-358],[90,-488],[-142,-164],[180,-603],[348,-537],[238,-244],[623,-105],[303,-463],[122,-607],[758,-642],[148,-627],[296,-189],[392,-35],[180,-642],[213,-50],[688,-423],[250,-343],[78,-642],[250,-294],[7,-722],[167,-234],[296,-59],[173,-1095],[187,-434],[64,-428],[399,-1393],[-26,-344],[206,-333],[-32,-403],[321,-906],[90,-702],[-25,-796],[-316,-812],[-218,-652],[-515,-443],[-790,-1597],[430,-807],[315,-139],[155,-607],[-122,-259],[90,-463],[-123,-562],[-141,-219],[199,-966],[245,-279],[540,-279],[-45,-413],[135,-358],[341,-403],[57,-592],[-508,-707],[-205,-1041],[508,-1095],[167,-204],[-187,-652],[110,-303],[405,-284],[45,-373],[-167,-264],[-58,-383],[96,-369],[206,-204],[617,-249],[-19,-234],[-212,-497],[38,-637],[-70,-125],[19,-1095],[276,-274],[103,-258],[26,-513],[103,-234],[-32,-358],[302,-622],[334,-294],[58,-408],[830,-1016],[231,-647],[32,-483],[180,-502],[52,-349],[308,-1363],[689,-946],[96,-398],[-39,-598],[-128,-278],[405,-817],[180,-443],[-45,-716],[45,-229],[-334,-976],[-341,-478],[353,-781],[-83,-488],[-380,-542],[90,-284],[-392,-816],[618,-946],[109,-747],[630,-1040],[129,-149],[-174,-792],[84,-204],[-129,-278],[-502,-2255],[78,-533],[-65,-532],[-469,-274],[-161,-209],[-38,-473],[45,-299],[1125,-1090],[173,-278],[393,-1623],[328,-478],[25,-328],[-726,-1334],[25,-543],[103,-288],[-64,-354],[399,-1588],[521,-1244],[-33,-717],[-199,-378],[-13,-508],[476,-303],[264,-304],[58,-463],[437,-945],[398,-269],[508,-418],[206,-294],[277,-657],[70,-438],[-270,-557],[-167,-65],[-58,-1055],[502,-528],[-129,-612],[-225,-284],[1498,-2951],[740,-249],[469,-239],[277,-523],[-13,-746],[-51,-299],[-611,-1145],[-643,-323],[733,-1693],[752,-1856],[289,-115],[219,-303],[26,-473],[8134,-3031],[122,10],[232,-419],[1710,-1000],[167,-244],[1113,-2827],[900,-956],[861,-965],[303,-140],[-33,-134],[2007,-3743],[173,-229],[5479,-3743],[308,-129],[168,-294],[38,-289],[708,-1508],[469,-94],[219,-219],[-52,-150],[39,-2030],[205,-170],[4592,-1030],[276,-547],[-231,-832],[-71,-851],[122,-333],[3067,-617],[2855,-2877],[193,-65],[289,-523],[193,-592],[1839,-926],[2225,-1040],[347,-55],[45,-134],[-308,-120],[-3524,-1801],[116,-413],[-122,-399],[2887,-2518],[2070,-3937],[290,-354],[122,-552],[-212,-473],[-315,-348],[-283,-2210],[289,-95],[302,-508],[32,-293],[-96,-249],[553,-1175],[-984,-707],[-469,-238],[469,-1135],[52,-264],[1041,-1110],[296,-209],[-174,-567],[-32,-722]],[[550775,586215],[-26312,-80],[-4237,10],[-849,-25],[-675,50],[70,-274],[-540,-398],[-617,-154],[167,-164],[-77,-533],[-482,144],[-213,-209],[361,-179],[-264,-577],[-322,-125],[-604,40],[26,189],[-1859,135],[-12,-95],[-984,70],[-778,10],[-32,-234],[-406,64],[-244,145],[-122,-573],[-251,20],[-141,-1125],[6,-388],[180,-219],[-649,-154],[-245,5],[-418,-438],[-533,144],[-225,229],[-296,538],[-482,239],[-148,189],[-592,-249],[-128,-433],[-399,-85],[-264,60],[-238,-383],[-244,-155],[-534,-174],[-546,-35],[-142,160],[-353,109],[-566,30],[-412,105]],[[504150,581442],[309,2150],[-367,204],[-154,219],[19,403],[-373,483],[-173,343],[45,433],[-180,393],[-206,254],[193,269],[-225,259],[-386,249],[-662,672],[-618,263],[-688,578],[90,259],[-115,139],[379,602],[64,578],[-135,164],[328,279],[425,30],[-155,418],[328,94],[32,264],[-514,453],[-84,294],[-379,94],[26,478],[-200,333],[-205,20],[-7,369],[-276,169],[-148,239],[96,323],[-212,229],[-611,-119],[-328,-493],[-2295,831],[-483,916],[-578,45],[25,1886],[-2212,140],[328,507],[-302,165],[-58,194],[-604,25],[-386,736],[109,189],[-83,448],[-129,90],[-669,105],[-186,238],[-180,423],[180,160],[-135,134],[-360,80],[-71,134],[-424,105],[-20,557],[251,95],[354,308],[-45,249],[-624,239],[-341,-75],[-58,299],[206,179],[-296,528],[418,229],[901,622],[263,513],[-315,164],[-180,264],[-103,418],[174,65],[38,233],[225,125],[168,518],[752,413],[193,293],[-206,100],[-83,632],[122,333],[-122,239],[488,747],[257,80],[129,418],[-167,169],[463,363],[353,772],[-276,224],[-386,428],[-797,50],[283,293],[694,259],[0,134],[-469,140],[-219,219],[-405,79],[-109,304],[804,254],[154,-95],[456,140],[-610,353],[263,199],[90,234],[39,483],[-367,134],[-38,234],[-309,294],[-64,164],[122,627],[-244,344],[-20,532],[-199,209],[32,354],[-257,383],[-206,149],[367,433],[-534,264],[-373,45],[-174,249],[33,323],[-528,180],[-469,293],[-650,25],[-167,174],[-1067,259],[-264,219],[-444,15],[-237,189],[-412,184],[-527,75],[-367,-15],[-488,274],[-328,448],[-631,164],[-160,164],[-264,-5],[-289,-174],[-270,513],[488,552],[-83,239],[244,120],[-174,617],[566,527],[-463,15],[-360,-353],[-154,25],[-469,-269],[-361,-274],[-424,-69],[-289,-150],[-212,165],[-624,-70],[-521,-135],[6,-159],[-701,10],[-250,219],[-495,45],[135,1637],[-354,25],[-469,339],[778,-60],[32,254],[-470,40],[168,244],[-135,741],[167,219],[-360,234],[-476,45],[83,836],[-1138,1115],[-501,363],[193,115],[-425,383],[-1202,95],[-71,-488],[-688,55],[-96,-687],[-296,-184],[-20,-155],[-270,-174],[-122,-318],[-411,-339],[-206,239],[-379,204],[-592,45],[-405,-249],[-277,-10],[33,498],[-418,50],[19,134],[-437,95],[-142,209],[-257,39],[-283,-313],[-289,-30],[-206,194],[141,154],[-450,65],[-231,344],[-476,239],[-39,194],[-302,79],[-122,413],[0,244],[-463,-30],[-26,334],[328,159],[-707,274],[64,279],[405,353],[122,304],[-533,-120],[-457,194],[-604,0],[90,339],[-251,592],[-289,-15],[-470,189],[-122,150],[-71,398],[-250,99],[-168,249],[-662,204],[-19,155],[289,129],[167,194],[-103,523],[-501,159],[-437,-70],[-258,170],[-321,34],[-804,573],[-379,507],[180,135],[-373,503],[-167,29],[-103,105],[-367,328],[-456,55],[-457,-84],[-296,214],[116,174],[13,318],[-109,209],[-251,155],[-26,487],[103,513],[-456,204],[51,523],[141,184],[-12,229],[-856,304],[-244,29],[-463,195],[-141,348],[-277,-25],[-418,239],[-611,75],[-476,-254],[-385,149],[-573,144],[-225,-94],[-373,239],[225,413],[193,94],[-495,299],[26,110],[-1338,507],[-565,-35],[-251,244],[341,100],[-335,174],[-604,-199],[-431,-542],[-302,-269],[13,-239],[-206,-239],[-302,-110],[38,-199],[328,-89],[-212,-244],[-534,-125],[-521,-433],[-173,-234],[167,-283],[315,-55],[84,-413],[212,-314],[296,-129],[77,-568],[-187,-109],[-656,-184],[-347,-259],[-276,-45],[45,-249],[-425,-114],[-205,-194],[-476,104],[-650,-189],[-360,-299],[-714,249],[-475,364],[-393,49],[-212,-94],[-328,348],[-193,-64],[-64,-399],[-527,-214],[-161,-234],[-212,-34],[-219,209],[-276,826],[-245,289],[-398,-224],[-103,-195],[-527,-164],[-161,-398],[-225,-244],[96,-129],[-225,-259],[-444,-10],[-366,129],[-199,-273],[0,-379],[-444,194],[-257,-5],[-155,354],[-205,179],[57,204],[-244,289],[-546,35],[-65,204],[-405,572],[-1054,981],[-868,433],[122,507],[-155,409],[-385,184],[-13,234],[-193,229],[-752,54],[-1184,45],[-926,458],[-315,-80],[0,-363],[-115,-304],[-341,-64],[-489,94],[-167,-209],[19,-443],[-308,-642],[-39,-303],[174,-259],[51,-369],[-238,-676],[-373,-180],[-328,-254],[-411,75],[-1119,284],[-129,124],[-527,150],[-135,139],[-534,-65],[-437,-159],[-469,134],[-309,304],[-617,239],[-348,35],[-199,124],[-354,40],[-643,264],[-302,443],[-405,-5],[-797,-204],[-58,-289],[-470,-55],[-289,-114],[-424,254],[-630,-5],[-528,-249],[-424,-289],[-32,-259],[-283,-124],[109,-239],[425,-80],[199,-527],[257,-160],[0,-169],[-399,-463],[-250,20],[-528,-264],[-199,70],[-231,-109],[-283,164],[-103,179],[-360,55],[-399,-55],[-495,249],[-238,338],[-302,-74],[-573,124],[-418,209],[-546,-393],[-270,-139],[-380,79],[-475,-323],[-618,-140],[-527,110],[-45,418],[-456,443],[-373,104],[-225,185],[-226,487],[-250,219],[-277,0],[-971,498],[-308,314],[-354,239],[-534,174],[-289,-219],[-309,-5],[-450,-418],[-296,-752],[-238,-154],[-411,-543],[-450,-79],[-328,-408],[-553,-5],[-341,159],[-714,557],[-546,-273],[-32,-279],[-283,-105],[-225,60],[-451,-328],[-340,-95],[-155,95],[-6,323],[-161,264],[-283,35],[-276,159],[-142,329],[-366,149],[-58,204],[206,169],[-135,941],[-360,-15],[-155,184],[315,239],[-662,508],[-58,219],[-315,169],[-476,0],[-167,89],[-630,-184],[-695,175],[13,353],[-521,60],[-250,229],[-245,84],[52,164],[-110,508],[-135,229],[-405,244],[-341,433],[-257,592],[-244,209],[-84,647],[-411,160],[-495,-30],[-110,79],[-141,906],[-154,762],[96,368],[-656,-64],[-456,194],[-155,278],[-334,-49],[-418,288],[-244,-94],[-502,-40],[-302,50],[-148,-254],[-379,-154],[-322,-239],[-405,94],[-154,-274],[-463,5],[-598,259],[-303,5],[-282,130],[-425,24],[-366,354],[-264,159],[-611,199],[-354,15],[-880,269],[-258,129],[-469,-164],[-39,159],[-379,224],[-617,160],[-77,-185],[-534,-109],[-399,-294],[-38,-313],[-303,-165],[-527,-134],[-386,-189],[-263,214],[-78,204],[-437,35],[-6,254],[-212,69],[-78,214],[-321,-94],[-174,124],[-649,249],[-32,229],[-380,10],[-173,-99],[-129,-424],[-315,-283],[-309,-80],[-398,-284],[38,-303],[-173,-70],[-483,20],[-778,214],[-617,-254],[-238,-333],[-308,-80],[-309,-418],[-386,-169],[-225,69],[-849,-114],[-456,85],[-213,-75],[-135,-304],[-450,80],[-128,100],[-418,-224],[-380,99],[-57,184],[-309,120],[-289,-30],[-579,189],[-470,0],[-527,463],[-328,562],[-559,-45],[-540,224],[-213,-44],[-604,308],[-167,-94],[-482,149],[-168,259],[-250,89],[-393,-164],[-334,304],[-141,343],[-476,184],[-187,379],[-206,129],[296,363],[-96,324],[-238,124],[-418,50],[-392,-104],[-264,15],[-257,234],[-225,-70],[-116,-204],[-733,144],[-399,-194],[-385,-25],[-290,120],[-726,-195],[-598,110],[-566,-105],[-502,-243],[-96,-140],[-380,15],[-411,-114],[-206,-170],[-592,155],[-212,109],[-1048,105],[-431,303],[-360,-15],[-302,85],[-244,239],[-367,169],[-604,120],[0,263],[315,244],[-309,179],[-559,-64],[-675,64],[-418,210],[-168,228],[-405,65],[-231,-333],[-405,-160],[-573,-54],[-649,512],[-759,145],[-894,-30],[-675,-70],[-643,-169],[-964,-363],[-1183,-568],[-1229,-478],[-295,-348],[-541,-35],[-951,-418],[-495,-80],[-393,30],[-456,-50],[-386,-323],[-752,-209],[-888,-125],[-675,80],[-1241,199],[-578,274],[-1010,-254],[-1305,-139],[-495,69],[-1196,-94],[-573,-15],[-566,149],[-1999,-298],[-798,-85],[-418,-179],[-746,20],[-1414,1050],[-335,-65],[-263,-169],[-476,80],[-1164,582],[-1942,333],[-971,35],[-1022,-50],[-1293,-388],[-501,25],[-1441,-114],[-1202,79],[-1196,239],[-1100,45],[-1086,-5],[-701,-80],[-444,175],[-842,139],[-1280,-179],[-437,-5],[-161,-204],[-251,-45],[-546,-309],[-682,359],[-578,144]],[[401769,981260],[-894,60],[-578,125],[-933,134],[-340,85],[-727,303],[-688,498],[-277,294],[-662,1040],[-682,-140],[-482,-44],[-611,20],[-1048,184],[-431,119],[-926,368],[-752,528],[-392,433],[-347,677],[-97,538],[39,453],[103,358],[218,428],[373,488],[611,468],[521,253],[810,214],[489,45],[701,-10],[990,-189],[977,-338],[772,-394],[392,-308],[431,-483],[778,274],[720,104],[939,0],[669,-84],[1016,-319],[398,-204],[1312,-941],[283,-303],[367,-558],[295,-876],[84,-682],[-45,-368],[-302,-697],[-245,-313],[-546,-498],[-785,-433],[-900,-254],[-598,-55]],[[375502,993276],[-849,84],[-469,125],[-534,229],[-720,517],[-270,314],[-322,617],[-103,562],[71,563],[135,368],[335,503],[475,433],[592,343],[444,165],[707,149],[231,373],[418,433],[335,244],[913,448],[797,189],[624,65],[887,-50],[875,-189],[714,-313],[360,-234],[398,-344],[431,-542],[290,-682],[45,-543],[-168,-736],[-302,-513],[-251,-319],[-495,-418],[-488,-278],[-521,-224],[-450,-130],[-592,-89],[-836,14],[-566,-502],[-495,-279],[-791,-259],[-855,-94]],[[291736,980155],[-476,25],[-919,204],[-611,284],[-591,438],[-271,294],[-327,577],[-296,866],[-309,801],[-39,563],[174,642],[193,348],[572,608],[598,348],[1923,224],[2128,-622],[2161,941],[6681,881],[2315,69],[4739,692],[823,-184],[533,-234],[714,-513],[341,-383],[302,-562],[167,-483],[65,-787],[-52,-363],[-251,-532],[-353,-578],[-296,-398],[-572,-473],[-142,-542],[-231,-423],[-405,-458],[-528,-379],[-1054,-522],[-1080,-284],[-566,-55],[-1055,60],[-778,169],[-617,174],[-849,-114],[-791,15],[-1820,134],[-829,-99],[-463,0],[-907,109],[-443,110],[-868,109],[-1119,294],[-1074,353],[-823,-408],[-373,-274],[-675,-363],[-765,-224],[-811,-75]],[[278214,973038],[-348,15],[-1414,199],[-926,214],[-772,84],[-1389,314],[-1131,378],[-669,339],[-540,164],[-399,184],[-662,-189],[-463,-60],[-656,-10],[-489,55],[-694,184],[-425,174],[-553,344],[-572,582],[-328,682],[-64,354],[6,448],[77,358],[187,443],[296,413],[778,707],[366,229],[856,328],[1453,279],[701,20],[578,-70],[759,-234],[579,-278],[804,184],[810,44],[347,-24],[1839,-299],[887,-169],[1524,-389],[991,-199],[668,-209],[495,-258],[804,-523],[335,-274],[450,-557],[250,-627],[52,-364],[-109,-726],[-155,-349],[-392,-542],[-489,-453],[-546,-364],[-701,-303],[-656,-160],[-714,-79],[-636,-10]],[[275294,987084],[-964,89],[-418,80],[-984,0],[-1370,164],[-1009,-94],[-1029,40],[-386,59],[-855,0],[-591,105],[-425,124],[-1035,160],[-1498,492],[-296,130],[-598,124],[-444,159],[-778,463],[-501,538],[-238,418],[-148,533],[-161,248],[-193,508],[3125,2389],[2283,816],[1877,-94],[2785,498],[1324,-170],[2463,-1921],[4553,-1807],[-187,-1339],[-270,-701],[-238,-319],[-366,-358],[-360,-244],[-1139,-677],[-649,-249],[-585,-119],[-695,-45]],[[229164,971057],[-720,70],[-900,273],[-746,443],[-566,583],[-238,413],[-180,702],[7,443],[212,696],[321,488],[-655,353],[-476,394],[-566,602],[-309,513],[-141,463],[-13,562],[193,642],[341,508],[546,597],[367,338],[450,304],[855,339],[463,438],[412,328],[810,413],[456,135],[843,99],[585,-20],[791,-159],[720,85],[489,-15],[591,-100],[457,-139],[797,-423],[469,-428],[341,-488],[225,-597],[77,-603],[0,-517],[-128,-598],[-167,-403],[-290,-498],[-501,-602],[-495,-408],[-592,-348],[-328,-150],[347,-463],[161,-338],[122,-458],[13,-373],[-64,-463],[-245,-617],[-405,-573],[-366,-363],[-444,-314],[-405,-199],[-874,-348],[-804,-174],[-843,-45]],[[220014,960525],[-1054,104],[-573,170],[-797,433],[-611,582],[-296,513],[-128,453],[-7,562],[193,732],[373,587],[630,547],[348,219],[578,269],[650,189],[681,115],[714,60],[727,15],[482,-40],[579,-135],[836,-368],[585,-468],[456,-657],[187,-542],[13,-657],[-129,-458],[-238,-438],[-263,-314],[-489,-413],[-830,-458],[-906,-348],[-772,-185],[-939,-69]],[[193213,113025],[7016,-537],[5099,-384],[1865,12289],[2392,115],[38,717],[9092,39],[9478,-701],[2598,-2255],[4553,-354],[514,145],[630,-229],[631,-120],[630,-59],[328,44],[373,-144],[430,75],[1036,40],[1967,-155],[1055,-224],[3408,-293],[-116,174],[122,199],[315,-10],[219,134],[-174,155],[245,234],[-187,353],[283,25],[142,174],[-155,199],[-321,110],[450,478],[-154,403],[-322,-65],[-244,65],[-283,-110],[-174,468],[-218,149],[-271,344],[142,348],[-225,329],[-412,224],[290,532],[-32,259],[167,75],[96,507],[-109,219],[-219,10],[-244,279],[-309,105],[-296,537],[-276,189],[0,229],[-315,35],[-122,483],[-425,388],[-13,254],[-347,154],[-148,418],[-411,279],[-212,294],[128,209],[-167,129],[-386,-10],[-649,687],[96,219],[-302,199],[199,488],[-180,80],[90,214],[-205,293],[-225,155],[122,149],[-360,269],[-187,333],[-405,125],[-212,841],[-193,55],[-244,786],[212,-20],[96,284],[-296,483],[-340,258],[6,229],[334,170],[-109,458],[-206,462],[52,210],[-225,577],[148,398],[373,607],[315,374],[103,423],[5047,-349],[52,364],[5993,-399],[-13,-413],[10751,-736],[51,323],[997,-522],[283,826],[109,448],[26,866],[219,169],[469,528],[270,592],[-13,199],[212,264],[444,209],[309,254],[-65,239],[232,268],[-39,389],[624,547],[238,289],[-141,224],[122,338],[681,1334],[161,20],[257,408],[219,65],[643,473],[64,204],[264,269],[-1158,5116],[1106,7287],[804,4549],[1338,-109],[289,1404],[1029,-15],[913,418],[3035,1981],[707,0],[1016,273],[746,354],[277,244],[1209,358],[1292,159],[373,-74],[990,249],[167,557],[1441,299],[238,149],[604,40],[746,204],[482,5],[489,323],[855,423],[1588,638],[39,109],[1093,508],[868,338],[39,359],[778,517],[4231,2559],[9549,-578],[-180,-244],[-26,-298],[-212,-498],[-508,-115],[-380,-10],[592,-413],[6250,-472],[4932,-369],[-450,-3071],[-656,-4131],[1164,-100],[4411,-333],[765,5216],[4000,-283],[9812,-692],[469,3598],[290,2001],[7690,-547],[2187,-145],[282,-159],[463,35],[823,-294],[309,-174],[129,154],[3408,-219],[386,2703],[-2347,154],[662,4709],[135,214],[-290,453],[283,293],[386,2977],[-71,5],[283,1697],[-205,164],[77,468],[276,274],[2109,-129],[4598,2667],[3029,1752],[971,-841],[430,-263],[187,-299],[199,-110],[425,70],[688,324],[437,-100],[334,-244],[759,-229],[379,-288],[585,-115],[187,-214],[1325,-727],[77,-273],[263,-175],[618,-184],[1221,-288],[1151,-852],[-32,-179],[965,-906],[1408,-2528],[-508,-105],[-141,-398],[-766,-413],[-1260,75],[-122,-30],[-238,-354],[-32,-388],[418,-288],[58,398],[4764,-279],[20,134],[6398,-472],[3318,-2877],[1736,-1553],[32,59],[2141,25],[296,110],[373,269],[1659,786],[90,806],[784,379],[405,29],[373,543],[643,408],[-64,209],[457,334],[109,194],[-174,1040],[553,229],[309,478],[-32,219],[-225,353],[-58,259],[96,239],[1859,483],[746,1055],[430,886],[-456,946],[-386,219],[129,637],[951,1184],[1595,1946],[1222,1533],[559,443],[1781,2280],[8308,4833],[1138,-936],[3987,5012],[1299,-2364],[9375,5510],[424,4335],[1132,10846],[2154,677],[-225,-1493],[2238,-175],[-225,-1309],[-945,-6077],[6790,-478],[-515,-3613],[4154,-304],[-488,-383],[347,-508],[-58,-493],[-251,-637],[-251,-487],[-51,-274],[-251,-468],[116,-289],[997,-478],[790,-980],[650,-20],[264,-194],[64,-259],[566,-463],[366,35],[534,269],[862,-85],[469,65],[553,-65],[1151,105],[360,288],[662,249],[560,339],[418,144],[-283,-2439],[-302,-1916],[-669,-4181],[-643,-124],[-174,-155],[-810,-149],[-476,-284],[129,-607],[-630,-194],[-3948,-2225],[688,-30],[141,134],[444,-139],[398,-35],[2296,-84],[2109,-110],[624,-343],[630,79],[1009,-74],[373,45],[560,-115],[1189,-20],[65,-70],[1813,-129],[0,-413],[-174,-194],[-726,-314],[688,-348],[128,-135],[-45,-472],[-237,-374],[19,-199],[-225,-408],[2308,-194],[527,-95],[656,40],[373,115],[624,-199],[5228,-458],[51,-50],[5080,-428],[45,40],[-797,-4699],[-1183,90],[-226,-1399],[2444,-209],[540,881],[1318,279],[611,657],[1530,-160],[2952,-1105],[701,-1169],[1151,244],[251,-70],[797,-30],[411,-363],[399,-35],[386,-174],[174,10],[5626,-299],[-32,-358],[-135,-90],[-225,-1578],[-348,-2648],[-668,-1015],[-1280,75],[-341,239],[-38,-2524],[-611,-3882],[5883,-418],[444,562],[347,95],[155,134],[-13,333],[366,374],[45,403],[515,274],[482,458],[71,323],[180,204],[604,189],[-6,274],[231,289],[-70,154],[128,667],[450,229],[142,254],[604,94],[251,319],[212,622],[148,85],[-154,288],[96,279],[437,179],[116,189],[270,-9],[4572,-349],[-495,-2897],[225,-383],[58,-503],[598,-44],[3164,-304],[1311,-139],[2695,-259],[3420,-359],[643,-244],[984,-89],[1190,493],[334,487],[-45,1538],[-270,1588],[251,135],[-2135,3509],[296,1567],[-32,309],[212,1389],[-109,418],[-123,169],[2437,-5],[-160,-1199],[-65,-767],[20,-1140],[-135,-940],[4282,-359],[7,-25],[3838,-318],[2354,-110],[96,-25],[2360,-119],[662,4121],[618,-55],[51,413],[939,4152],[26,542],[160,627],[-643,55],[438,2484],[244,1508],[302,1772],[2836,-239],[2090,-154],[688,-105],[3067,-279],[77,40],[1125,-99],[-250,-1384],[9265,-802],[-565,1225],[-341,328],[3903,-328],[116,149],[475,-50],[283,1524],[245,1503],[-380,398],[483,3255],[701,244],[4006,-334],[7047,-602],[-328,-2155],[-399,-2404],[-540,-3390],[71,-338],[225,55],[3453,1926],[3022,1782],[32,229],[328,363],[457,324],[431,537],[1048,1444],[1228,652],[2566,-95],[469,3071],[3562,-259],[58,478],[251,1314],[83,264],[-289,239],[296,1588],[1537,-115],[1067,607],[2643,-234],[283,45],[-2219,3609],[393,333],[295,5],[431,-114],[309,-269],[373,-169],[649,-60],[766,338],[205,254],[-115,379],[96,214],[309,243],[180,294],[488,194],[283,204],[258,50],[752,-169],[553,-60],[212,-104],[45,-394],[-270,-423],[360,-25],[405,-353],[900,-184],[1595,80],[945,542],[386,5],[392,-338],[315,39],[1055,543],[547,413],[141,299],[367,199],[488,10],[296,353],[-347,473],[-77,747],[205,303],[264,10],[682,821],[141,334]],[[598114,213199],[77,179],[412,124],[90,234],[701,40],[212,90],[-71,488],[232,104],[225,-124],[1029,84],[527,-209],[726,15],[142,-94],[418,20],[173,243],[547,50],[585,-144],[199,-244],[200,114],[617,-84],[470,-125],[417,-44],[939,25],[1415,109],[1292,25],[611,119],[167,110],[206,393],[309,931],[315,114],[199,314],[290,174],[-148,294],[-7,288],[778,-348],[341,60],[656,278],[386,20],[141,274],[508,-179],[515,95],[58,-692],[739,-135],[502,-10],[263,209],[26,209],[591,468],[1016,329],[251,199],[347,134],[875,55],[193,114],[720,65],[225,254],[58,319],[-244,69],[-84,513],[141,189],[316,105],[932,5],[476,44],[386,-174],[154,25],[321,418],[431,179],[553,35],[180,364],[360,-10],[360,154],[245,363],[289,100],[380,393],[315,134],[694,80],[373,-95],[322,110],[411,-25],[457,-214],[96,-214],[322,-75],[430,264],[502,149],[649,-209],[110,75],[546,-184],[367,104],[386,0],[276,-472],[-64,-294],[244,-214],[238,20],[688,-393],[238,-294],[257,-164],[-103,-224],[502,-389],[341,-129],[720,-99],[868,-434],[315,-338],[399,-244],[96,-274],[405,-34],[740,-498],[-174,-224],[-199,-498],[128,-408],[386,-110],[817,-552],[251,-35],[289,-299],[-58,-129],[360,-139],[-58,-160],[290,-224]],[[640187,213950],[244,-273],[-405,-448],[-817,-329],[-456,-373],[-386,-558],[-244,55],[-631,-74],[-295,134],[-579,-10],[-251,-194],[-6,-179],[231,-403],[219,-180],[-225,-99],[-450,164],[-541,-194],[-553,-279],[65,-393],[-695,-30],[-430,-194],[-58,-229],[-245,-114],[-501,29],[-457,-273],[-630,-179],[-141,104],[-348,-104],[-205,184],[-393,-359],[-231,-473],[-309,-378],[-392,-139],[-148,-493],[-675,-592],[13,-379],[-508,40],[-450,-403],[-219,100],[-701,0],[-283,-85],[-514,45],[-322,-264],[-533,249],[-425,503],[-726,229],[-521,318],[-1055,214],[-1562,145],[-669,-3594],[1710,-174],[-1299,-7496],[-6488,582],[-842,-4604],[-3562,324],[-8141,716],[116,-472],[116,-946],[-45,-159],[1794,-1036],[199,-547],[-553,-1060],[-752,59],[-1087,-6311],[-3279,284],[-1248,-7222],[-1588,134],[-5241,428],[-752,-4569],[-476,-2986],[6327,-548],[-160,-264],[257,-453],[482,-433],[283,-468],[244,-562],[33,-1130],[-71,-891],[276,-139],[-96,-239],[405,-602],[122,-374],[-360,-472],[122,-95],[1093,-239],[245,-109],[469,-20],[167,-249],[817,-55],[482,-179],[380,-10],[784,184],[302,-448],[225,-114],[322,10],[399,-125],[1723,-1329],[604,-234],[277,140],[855,-20],[231,-170],[496,-99],[328,15],[636,-95],[238,-109],[-84,-563],[-720,-920],[-25,-160],[411,-199],[-39,-532],[142,-672],[-13,-503],[-514,-373],[-39,-279],[187,-75],[282,-627],[193,-124],[-463,-2628],[-649,-299],[-1209,110],[-508,-274],[-431,244],[-1144,244],[-412,-219],[-366,-75],[-367,-184],[-366,-613],[64,-418],[-58,-453],[682,-393],[-200,-577],[45,-90],[-527,-1040],[-231,-1170],[1498,-129],[-58,-463],[-315,-1802],[-1891,199],[-861,-4395],[-39,5],[-527,-2847],[-39,-378],[-218,40],[-817,-4599],[-4745,413],[-965,-473],[-405,-2245],[2103,-184],[238,-179],[180,-702],[-303,-338],[-385,-2155],[-52,-2693],[-1042,-2170],[-6,-2185],[-96,-4365],[-361,-1753],[-540,-2866],[-4623,293],[6,-30],[-4475,284],[-437,-2200],[-540,-528],[-386,-1891],[-309,-1722],[-450,45],[-77,-468],[4237,-349],[39,-24],[-617,-3549],[-354,30],[-1125,-3699],[-662,-3728],[-425,-2279],[-219,-2036],[386,-35],[-437,-2284],[-193,-1110],[817,-40],[83,-453],[483,-2952],[193,-632],[-78,-443],[5119,-438],[-1408,-6893],[12,-25],[-289,-2061],[32,-303],[-585,-2808],[90,-348],[547,-1623],[-534,-1911],[932,-109],[-295,-1504],[-714,-2239],[-225,-1076],[-2341,195],[-2263,39],[-2778,10],[-1357,-7092],[-26,-25],[-1260,-6476],[-1093,115],[-373,-1070],[-682,-3579],[3357,-304],[-508,-2623],[328,-64],[-302,-1240],[19,-577],[174,-2758],[-367,-1508],[-1273,-1149],[-643,-3500],[675,-59],[-669,-3549],[-180,-1085],[-2109,134],[-488,-2289],[-226,-707],[-598,-1638],[-417,-1314],[-142,-667],[5408,-323],[341,-30],[-219,-1438],[-277,-1434],[-372,-2066],[-226,-1523],[598,-393]],[[575518,8964],[-6674,0],[-5890,0],[-11208,5],[-5202,0],[-10616,-5],[-8494,0],[-7433,0],[-10617,0],[-10616,0],[-10622,0],[-5627,0],[-10307,0],[-10797,0],[-10442,0],[-6025,0],[-10739,0],[-9780,0],[-5311,0],[-6700,0],[-10192,0],[-10719,0],[-8694,-5],[-6289,5],[-10500,0],[-5594,5],[-9523,-5],[-9305,0],[-8423,5],[-11272,5],[-5794,-5],[-7125,0],[-6430,0],[-6430,0],[-6430,-5],[-6430,5],[-6430,-5],[-6431,5],[-6340,0],[-5305,0],[-7645,-5],[-6430,5],[-6430,-5],[-7016,10],[-5845,-5],[-8102,-5],[-11188,5],[-5729,-5],[-7176,0],[0,8790],[0,5067],[6,9059],[6,19307],[0,7237],[7,6515],[0,10288],[0,4191],[0,5067],[0,6520],[0,2897],[0,5799],[-7,3623],[0,9701]],[[841328,153426],[380,-169],[218,-254],[315,-55],[309,-219],[283,15],[579,-114],[270,-299],[334,50],[367,159],[521,458],[192,-119],[354,184],[450,-70],[116,-284],[502,-482],[-193,-642],[51,-234],[219,-180],[83,-373],[-205,-249],[-560,-254],[-199,85],[-495,-65],[-875,389],[-328,418],[-302,104],[-1106,-448],[71,-517],[-444,49],[-1061,-124],[-206,-538],[-3247,-1134],[-289,144],[-315,25],[218,-3196],[3202,75],[4495,-413],[-148,-458],[-823,-3634],[-392,-1717],[-2443,-4106],[6,-15],[6726,-642],[1659,-169],[45,-95],[-309,-249],[-13,-159],[303,-279],[-251,-318],[514,-647],[418,-179],[206,-190],[502,-288],[527,219],[334,-249],[302,-10],[-45,-438],[309,-289],[405,-264],[502,-104],[360,50],[495,258],[527,-59],[-45,-443],[58,-174],[463,-458],[418,-199],[225,-458],[450,-344],[122,-219],[283,30],[296,229],[193,-314],[296,-49],[212,-259],[-58,-120],[592,-313],[456,-35],[180,-473],[380,-75],[360,-243],[340,-30],[219,-393],[418,124],[399,-343],[636,-244],[855,-757],[78,-199],[-129,-662],[-984,-513],[155,-39],[212,-314],[495,-189],[752,-145],[65,-224],[-264,-393],[212,-338],[-251,-398],[315,-185],[52,-572],[116,-274],[180,-10],[694,-303],[392,-219],[630,-65],[914,-194],[598,75],[141,164],[424,134],[393,-99],[276,-309],[733,-25],[129,-184],[540,55],[321,-45],[-128,-294],[26,-368],[-110,-139],[58,-274],[270,-259],[-328,-284],[161,-89],[321,-493],[277,-50],[167,-318],[328,-115],[225,35],[579,-488],[58,-303],[411,-204],[174,-319],[257,-274],[354,-84],[-20,-239],[226,-130],[64,-448],[360,-522],[283,45],[315,-110],[141,-199],[631,0],[83,-144],[482,-229],[264,30],[656,-419],[514,95],[566,-398],[225,-20],[341,-289]],[[877916,112791],[-71,-323],[521,-294],[174,-244],[199,0],[225,-284],[334,-109],[110,-732],[225,-268],[-791,-1046],[-51,-239],[192,-288],[-456,-150],[-669,-129],[-527,-50],[-122,-353],[-592,60],[-289,-1374],[-958,99],[-470,-119],[-263,-1369],[-997,105],[-328,-1583],[148,-20],[-135,-582],[-450,39],[-110,-557],[213,-25],[-90,-378],[-1505,149],[-418,-318],[-849,109],[-58,-299],[-1845,180],[-45,-219],[-952,99],[116,548],[-1170,119],[-77,-368],[154,-189],[276,-842],[-135,10],[-83,-408],[-573,60],[-347,-1638],[90,-84],[-251,-1040],[643,-70],[-430,-1951],[186,-20],[-379,-1817],[-7260,3534],[-714,-3330],[-51,-383],[-521,-2449],[-321,35],[-110,-1185],[-186,-2941],[-2714,269],[-2880,278],[-1820,194],[302,737],[-1254,119],[-778,-104],[-3414,328],[-309,-89],[-1299,129],[-591,-2757],[-148,-961],[32,-597],[-32,-423],[64,-468],[289,-597],[90,-10],[-373,-1717],[450,-379],[-205,-711],[-380,-249],[-13,-294],[-212,-159],[303,-403],[-1852,-593],[-425,219],[-1980,214],[-206,-104],[-1473,-105],[-707,-124],[-527,144],[-2431,344],[20,851],[-13,1035],[-1556,-259],[-2277,-333],[-2134,1911],[-598,-149],[-631,-618],[-636,-876],[-810,-657],[-264,-547],[-412,-528],[20,-64],[-778,-184],[-894,-946],[-656,-3211],[45,-5],[-476,-2319],[-135,-1419],[187,-194],[-534,-2568],[-457,55],[-1446,-7023]],[[817145,61953],[-560,69],[-1061,712],[-212,757],[-1788,423],[-102,2215],[-727,1249],[-791,722],[-1132,244],[-726,806],[-1113,528],[-3485,343],[-456,319],[-1589,-1090],[-1980,1373],[-386,-328],[-167,10],[-341,313],[-302,-79],[-39,-304],[-1858,1080],[-1383,-692],[-353,-199],[591,-493],[39,-199],[-386,-253],[-521,39],[-1138,876],[-1672,175],[-559,-2355],[-3357,299],[161,-2434],[-1968,-5],[142,-2787],[-1042,94],[-604,563],[-4244,-1399],[-1312,607],[-797,-1687],[-437,20],[12,-229],[277,-100],[-302,-632],[-3048,249],[-232,-1359],[-1890,180],[-6700,741],[-1749,-378],[-515,1687],[-2688,-493],[116,-204],[630,-239],[1151,-1000],[-3189,-647],[-3132,-687],[-7626,747],[-2334,214],[-276,-1369],[-6160,612],[167,797],[-849,-135],[-1653,-20],[-102,-398],[-2322,229]],[[737076,59051],[142,767],[868,4404],[495,2270],[534,2549],[-5415,433],[1434,1886],[4405,-413],[649,3046],[142,737],[-2701,278],[335,1583],[-2135,189],[257,115],[598,577],[174,0],[32,309],[463,602],[302,-25],[199,139],[97,314],[270,5],[238,144],[257,1255],[456,2419],[528,2996],[-322,428],[180,911],[-964,946],[-26,179],[-868,766],[-669,891],[103,453],[952,1185],[559,652],[-128,488],[405,219],[109,149],[913,960],[1145,588],[167,15],[450,333],[1472,782],[817,527],[1788,1314],[-2347,1533],[7864,5794],[-347,30],[-148,174],[-721,149],[-585,20],[-289,-50],[-64,-248],[-225,-80],[-611,289],[-39,313],[-366,344],[559,313],[142,294],[-418,60],[-926,-10],[-45,467],[102,100],[734,105],[868,238],[308,-199],[495,-99],[663,45],[173,353],[-6,393],[-322,214],[58,189],[-1170,2081],[-965,1010],[-1106,2439],[-1569,3290],[1537,523],[-270,239],[-379,-55],[-373,378],[-302,-45],[5960,1723],[-617,696],[-726,70],[-33,329],[450,234],[251,313],[148,712],[-64,1448],[-245,1434],[1338,990],[45,234],[257,5],[335,1638],[-2232,234],[193,911],[1685,-165],[257,1225],[-302,30],[154,751],[611,-104],[199,960],[-501,50],[148,722],[-521,54],[289,623],[-13,303],[200,324],[193,74],[430,453],[862,543],[-2713,269],[1196,627],[1157,786],[405,-30],[219,1021],[932,-95],[296,1424],[463,49],[907,-209],[70,-398],[2051,378],[1061,692],[624,3101],[-1119,413],[168,309],[-2843,279],[0,-20],[-3472,348],[-669,-697],[90,-69],[-495,-274],[-206,89],[-450,-59],[-308,174],[-701,60],[-122,-170],[-1614,135],[-341,318],[-1318,100],[-579,-234],[45,-234],[-2913,244],[-251,-1458],[-205,59],[-393,-89],[-379,25],[-231,244],[-206,-160],[-277,65],[-514,-224],[-193,30],[-778,-100],[-714,-25],[-96,140],[424,308],[135,194],[-283,722],[-900,334],[1138,353],[39,214],[-2431,204],[97,-478],[-740,-771],[-90,60],[-1254,368],[-604,254],[-431,338],[-1730,722],[-26,-363],[90,-185],[-1691,50],[-1620,-239],[-547,55],[-1054,309],[-1756,84],[-958,-283],[-77,-254],[-263,-75],[-316,-244],[-3613,-214],[-656,-134],[-1415,-767],[-257,423],[-437,140],[-1100,124],[-186,144],[405,423],[463,638],[-302,1209],[-489,433],[315,239],[219,368],[-45,389],[135,990],[-33,677],[528,363],[431,652],[-245,702],[572,40],[412,428],[527,259],[354,488],[45,542],[1035,607],[-193,1135],[-353,856],[315,349],[64,756],[-5324,463],[-174,209],[-521,1055],[328,269],[39,592],[-437,5],[-84,170],[-347,-20],[-1241,2503]],[[713915,160837],[566,115],[983,-199],[206,-80],[849,249],[1704,-154],[3922,-453],[1550,-125],[3376,-283],[1627,2055],[495,289],[456,-70],[380,294],[476,264],[12,149],[476,95],[110,338],[630,373],[501,75],[1010,632],[309,-328],[5182,-448],[-418,-2081],[6321,-542],[572,2882],[33,14],[4128,-413],[939,548],[546,214],[142,149],[488,199],[675,169],[2804,966],[1202,-1637],[798,-1130],[328,-75],[746,772],[-1106,1577],[295,344],[1074,-289],[399,373],[276,115],[348,-10],[250,-169],[405,-60],[605,179],[321,433],[-398,40],[115,582],[232,-25],[733,-428],[739,-5],[2110,404],[244,423],[431,-145],[212,319],[444,-75],[193,90],[553,-239],[282,-239],[547,-259],[289,-378],[354,-40],[817,20],[250,-75],[463,-453],[405,-15],[373,150],[1061,30],[618,-259],[881,-259],[533,-388],[386,1553],[219,-115],[302,5],[257,184],[238,15],[90,-348],[257,-70],[180,120],[270,1254],[1891,50],[341,303],[90,239],[270,354],[148,-140],[341,75],[675,-772],[900,-358],[784,-204],[785,154],[392,15],[354,204],[578,174],[309,314],[129,0],[-7,513],[-386,736],[2116,-224],[424,15],[618,-119],[848,-90],[412,-288],[334,-40],[71,358],[540,-5],[990,-393],[373,-10],[174,876],[830,-75],[2674,-502],[290,-1235],[296,-144],[977,-35],[630,144],[1183,50],[-128,428],[392,224],[161,274],[617,269],[842,59],[528,742],[212,1857],[302,169],[-797,1981],[64,358],[-296,578],[521,502],[643,179],[399,1991],[-354,752]],[[713915,160837],[-187,374],[894,3334],[-251,344],[-469,289],[-347,64],[-438,244],[-591,543],[-489,59],[-180,190],[-656,487],[-148,204],[-565,80],[-824,732],[-405,458],[33,204],[372,965],[0,354],[-610,-15],[-560,-289],[-1061,-308],[-675,-85],[-585,-254],[-553,-104],[-302,-150],[-1196,1070],[-2193,180],[-84,318],[-572,55],[1485,975],[-257,583],[103,169],[354,30],[103,204],[-212,259],[225,343],[-213,269],[431,204],[148,-20],[360,279],[-109,298],[276,120],[438,-363],[488,-5],[463,-319],[200,-224],[128,-378],[225,-90],[335,229],[205,15],[939,533],[360,10],[521,214],[399,567],[238,10],[778,438],[540,-149],[1061,293],[-187,274],[39,134],[412,503],[0,264],[-489,-194],[-193,65],[-90,278],[244,304],[534,239],[-6,274],[-811,194],[-218,-70],[32,-204],[-212,-154],[-45,-254],[-393,-284],[-141,194],[373,339],[-64,159],[-309,70],[-412,413],[-270,25],[-527,229],[26,239],[617,-155],[167,125],[-411,283],[-624,100],[-463,-10],[-707,60],[-129,-145],[116,-323],[225,-229],[-225,-199],[-418,323],[96,458],[-45,224],[103,418],[-167,135],[2521,1378],[-5537,5003]],[[703697,185157],[618,34],[353,70],[116,568],[219,109],[180,567],[-90,100],[263,831],[-244,65],[-373,-144],[141,652],[373,89],[213,184],[57,259],[213,249],[250,85],[277,612],[-109,483],[115,323],[-334,359],[19,124],[-392,259],[-971,149],[-122,483],[328,259],[842,79],[540,200],[142,333],[-245,80],[-173,278],[-245,-15],[-302,170],[-546,1030],[-663,55],[-437,129],[19,159],[-353,234],[-180,15],[-373,304],[283,289],[-58,378],[328,204],[-219,264],[-508,363],[-2630,169],[-103,40],[303,602],[-316,329],[148,219],[-90,234],[-289,224],[-469,507],[-354,85],[-116,159],[-13,309],[-154,552],[32,334],[212,164],[656,65],[103,184],[-321,164],[-103,165],[-553,-40],[-257,537],[-515,264],[-251,259],[-103,284],[-295,253],[-245,354],[-90,358],[-257,234],[97,105],[-759,871],[-65,577],[-128,234],[45,229],[-129,259],[315,488],[-122,308],[-6,388],[-155,150],[13,368],[849,423],[-13,204],[180,279],[-341,189],[425,677],[-232,314],[-32,428],[296,353],[-51,104],[437,762],[418,134],[270,274],[308,-209],[541,184],[1009,951],[-19,602],[-283,184],[-714,-39],[4861,2832],[2251,-533],[148,-493],[244,-109],[515,-100],[225,-398],[212,-144],[373,-60],[932,-279],[302,-15],[1274,120],[-78,-428],[-238,-309],[303,-468],[238,-25],[64,-253],[366,-50],[103,-423],[-553,-110],[71,-672],[296,-229],[212,-283],[-71,-299],[225,-353],[219,-543],[6,-328],[367,-563],[508,-214],[-26,-528],[155,-99],[623,-65],[708,0],[-315,-507],[186,-354],[-167,-443],[334,-209],[270,-483],[-96,-323],[373,-428],[-84,-314],[-161,-184],[-128,-373],[103,-364],[-303,-298],[-57,-214],[-959,-379],[13,-224],[-257,-258],[302,-214],[1061,-274],[386,-329],[-315,-64],[103,-294],[527,-159],[894,44],[270,344],[1067,398],[290,229],[341,378],[520,-34],[290,219],[77,293],[424,254],[161,229],[-180,194],[32,558],[116,204],[405,-80],[437,547],[193,70],[-276,448],[96,354],[257,308],[373,125],[-340,318],[-52,319],[-174,139],[-167,727],[213,-160],[585,-204],[546,-34],[180,-100],[341,25],[354,-130],[244,-477],[-64,-284],[714,-811],[630,-80],[392,-274],[1164,-214],[566,-169],[469,169],[193,369],[-116,671],[32,284],[-225,538],[174,264],[-129,308],[129,194],[681,284],[663,-184],[437,-65],[463,-503],[392,80],[174,324],[450,333],[219,483],[-45,239],[945,244],[405,-85],[334,338],[328,-189],[1254,-552],[836,-169],[39,-204],[463,-369],[263,-55],[354,205],[450,69],[322,140],[565,-70],[277,-115],[501,135],[-12,378],[192,254],[508,478],[-77,781],[-212,249],[97,139],[-406,229],[251,259],[-148,329],[341,164],[-231,124],[-168,528],[-302,338],[-45,249],[566,184],[135,120],[264,458],[289,1543],[251,25],[688,492],[1234,518],[123,697],[-84,304],[367,895],[308,289],[309,115],[630,-105],[-19,179],[508,687],[19,279],[1093,119],[611,40],[154,-393],[1010,15],[186,-2394],[270,-2917],[206,229],[347,-50],[129,-249],[482,-119],[476,80],[52,348],[282,433],[-167,274],[65,507],[-78,782],[-450,970],[-83,533],[-13,587],[83,508],[232,304],[624,353],[148,219],[-7,363],[978,304],[778,393],[604,523],[424,308],[438,523],[617,438],[592,229],[900,936],[1414,1204],[238,344],[264,219],[199,1115],[212,25],[573,731],[-1293,538],[-244,532],[778,2006],[148,876],[3041,-259],[-559,608],[450,-35],[0,378],[-186,299],[-399,378],[296,323],[-103,205],[-309,134],[84,224],[-110,289],[-430,278],[90,209],[-135,722],[-463,796],[257,239],[-90,194],[-19,832],[-277,403],[19,239],[-360,99],[45,264],[-148,199],[438,463],[-598,1717],[-303,100],[-70,627],[122,179],[-238,403],[-26,204],[-321,294],[-45,184],[-1383,1847],[-424,348],[-232,398],[-572,5],[-154,608],[-444,189],[-71,224],[-270,84],[90,692],[264,189],[-662,433],[-206,488],[161,339],[-264,239],[-341,119],[-186,309],[128,219],[-148,268],[-238,65],[-366,388],[193,155],[1041,393],[6231,-80],[3370,-343],[411,-135],[206,30],[328,309],[476,308],[-322,364],[-13,318],[-205,254],[373,363],[-431,488],[96,219],[-141,204],[186,299],[-13,294],[-135,244],[-681,194],[-367,179],[-688,159],[-759,413],[-231,388],[90,438],[360,677],[566,742],[315,493],[611,497],[64,379],[174,134],[559,-70],[682,-313],[302,30],[141,383],[-70,164],[-412,264],[-71,577],[116,543],[-90,533],[682,59],[816,-383],[418,-304],[586,219],[141,185],[649,5],[296,403],[450,114],[58,204],[437,75],[200,209],[186,433],[-115,333],[231,259],[19,304],[251,134],[-96,289],[-13,508],[244,229],[3839,-488],[4135,-164],[-97,423],[206,139],[161,289],[373,-85],[340,224],[-347,543],[64,497],[-418,209],[-205,374],[19,458],[-199,94],[-611,45],[-380,343],[-360,95],[-225,309],[-353,134],[-399,279],[-142,408],[7,503],[-244,174],[-142,308],[-180,145],[58,249],[-444,278],[84,269],[-232,115],[-302,0],[-231,537],[270,144],[218,-29],[277,258],[283,40],[173,279],[-495,1314],[907,-90],[51,294],[630,-55],[759,5],[868,-74],[26,134],[1241,-134],[167,1005],[155,109],[122,712],[115,25],[309,433],[489,15],[173,249],[463,149],[258,-35],[983,145],[431,209],[489,-194],[77,-110],[386,-45],[366,244],[39,165],[1800,-170],[39,204],[945,-99],[52,239],[713,-75],[-25,-154],[598,-60],[38,189],[888,-84],[469,64],[720,-338],[470,-25],[-7,-418],[740,-105],[-90,-124],[-412,-130],[-6,-223],[218,-175],[7,-189],[759,-358],[-258,-354],[-225,30],[-276,-129],[-187,-204],[270,-229],[553,-189],[270,-309],[399,-30],[187,-194],[-193,-383],[405,-135],[109,-447],[206,-60],[321,-374],[-212,-323],[1222,-65],[161,-199],[405,-99],[-232,-170],[-77,-393],[135,-74],[7,-294],[-393,-164],[-25,-214],[482,-165],[-135,-886],[257,-119],[19,-329],[245,-104],[430,0],[238,612],[180,139],[386,80],[483,-189],[-52,-284],[302,-184],[425,-50],[373,-124],[392,-473],[501,-174],[502,-20],[347,179],[309,294],[77,338],[341,145],[411,39],[148,110],[296,-269],[649,80],[470,-65],[264,-124],[649,-25],[154,-319],[360,-179],[20,-239],[315,-90],[-77,-348],[572,-249],[341,229],[90,224],[418,-70],[186,-298],[444,35],[218,234],[463,-249],[431,84],[746,-189],[823,120],[90,423],[598,154],[-32,518],[727,194],[566,-150],[231,85],[926,-199],[399,199],[257,-134],[398,0],[553,-513],[451,-104],[411,4],[482,-114],[348,269],[836,-90],[70,354],[431,84],[109,289],[213,-25],[51,254],[-360,40],[-244,179],[70,348],[277,269],[399,70],[102,129],[412,-134],[141,109],[495,150],[-38,577],[148,144],[443,95],[470,-50],[662,129],[444,234],[489,359],[-225,293],[70,105],[489,15],[444,-125],[958,-54],[572,-334],[116,284],[379,5],[341,209],[13,333],[167,155],[0,368],[270,169],[379,70],[566,413],[-19,403],[109,169],[431,145],[225,279],[547,229],[315,-145],[141,140],[-180,243],[-347,269],[-309,90],[-128,184],[315,104],[-71,190],[-373,-15],[58,234],[296,-155],[276,170],[290,69],[231,-239],[-38,-189],[630,70],[-348,284],[-405,189],[142,94],[456,50],[123,-174],[430,129],[-70,612],[-335,-114],[-70,-289],[-386,65],[-174,309],[32,398],[457,99],[161,185],[244,4],[-45,-333],[366,-144],[187,249],[-77,333],[-257,249],[-290,-139],[-283,14],[-334,155],[-26,283],[335,70],[527,-159],[379,114],[-161,199],[-578,150],[-206,149],[-90,284],[109,189],[437,313],[258,55],[450,-338],[431,-224],[321,-90],[264,95],[122,199],[109,921],[84,308],[283,538],[2874,1568],[3537,2294],[604,1250],[836,1284],[675,821],[2534,2085],[13542,11184],[25508,-49],[25734,-55],[55344,104]],[[958994,299341],[8546,-28201],[6635,-21970],[5196,-17067]],[[993588,71873],[-71,-185],[225,-243],[-315,-866],[-508,-2136],[-231,-1249],[-129,-483],[-218,-1573],[-110,-562],[-51,-772],[26,-647],[231,-741],[103,-687],[-19,-1200],[-58,-393],[90,-1239],[109,-802],[296,-1254],[527,-1637],[425,-832],[514,-189],[514,-985],[637,-762],[302,-99],[251,44],[810,-975],[534,-448],[444,-269],[565,-254],[451,-69],[321,79],[476,-74],[-482,-518],[-225,119],[-2913,906],[-283,-59],[-290,64],[-289,-239],[-257,-35],[-643,-627],[-90,-273],[-289,-25],[-1081,-309],[-739,-528],[-418,-134],[-187,-343],[-591,-180],[-521,-393],[-431,-448],[-26,-239],[-193,-184],[-983,-313],[-483,-229],[-475,-100],[-733,45],[-438,-105],[-463,219],[-135,458],[-263,50],[-566,-129],[-148,64],[-630,-124],[-283,85],[-270,209],[-618,-80],[-604,60],[-193,-189],[-328,-30],[-328,-244],[-591,-90],[-328,-109],[-373,10],[-534,-463],[-180,-423],[-900,84],[-733,523]],[[978201,46105],[-20,314],[-456,353],[-154,408],[64,229],[-225,319],[-13,298],[-270,229],[-135,319],[264,338],[51,244],[-592,-65],[219,637],[219,50],[90,279],[385,533],[-257,268],[180,508],[335,1498],[225,40],[521,-55],[102,438],[361,-129],[96,413],[457,144],[-155,140],[135,378],[180,214],[-186,124],[-1035,125],[180,727],[180,219],[392,5],[238,303],[128,538],[-45,234],[161,691],[238,-14],[167,736],[-1369,150],[212,423],[-26,263],[-630,70],[32,159],[-212,199],[-405,160],[122,209],[1389,-160],[51,219],[-366,50],[321,1001],[-392,244],[-804,99],[103,403],[155,-20],[199,777],[128,194],[-199,204],[180,757],[-212,129],[-2019,249],[167,189],[193,503],[-58,373],[225,926],[-501,60],[58,268],[-148,408],[-258,45],[-180,249],[180,249],[489,468],[-354,284],[-102,293],[-438,239],[45,209],[791,244],[116,279],[566,473],[-161,263],[180,284],[302,214],[58,254],[-103,249],[13,368],[238,329],[527,15],[573,139],[96,110],[-231,363],[276,35],[650,254],[-579,149],[-392,20],[-123,194],[862,-55],[405,209],[-45,289],[225,65],[-173,403],[77,99],[553,-169],[668,60],[-19,224],[888,-40],[347,-214],[669,90],[237,84]],[[900415,169637],[257,-59],[97,-214],[321,-294],[663,-199],[218,-140],[470,110],[630,-159],[-238,-249],[45,-428],[-444,-319],[13,-463],[167,-114],[-193,-378],[174,-374],[45,-313],[-187,-100],[-45,-244],[290,-104],[334,45],[695,-25],[96,-194],[-225,-603],[-257,-363],[270,-169],[649,-219],[97,-175],[778,140],[116,308],[501,120],[277,179],[328,-70],[649,249],[116,279],[283,-5],[443,254],[251,-244],[-161,-363],[135,-359],[328,-264],[78,-199],[450,10],[6,398],[206,210],[251,-190],[385,-154],[187,-164],[411,-15],[451,264],[630,-160],[6,-273],[2328,-199],[1646,-165],[19,50],[2045,-204],[4328,-483],[173,767],[476,-75],[309,1508],[1890,-184],[161,-343],[218,-50],[373,114],[200,473],[1402,-139],[-45,-224],[752,-75],[-122,-552],[1627,-175],[186,-253],[939,-105],[83,-244],[508,-15],[142,-323],[1414,-145],[226,125],[353,-100],[2540,-254],[334,-438],[-122,-418],[592,-119],[109,567],[547,-44],[-283,-319],[276,-264],[-77,-468],[2174,-224],[109,-89],[-84,-284],[843,-90],[-193,-816],[694,-70],[-51,-333],[2180,-234],[135,299],[508,45],[180,876],[392,-40],[96,433],[-360,40],[161,736],[1029,-109],[398,214],[0,154],[611,264],[0,219],[238,318],[798,219],[578,-30],[393,55],[225,155],[-13,343],[315,448],[51,234],[502,75],[-97,457],[-385,145],[-650,89],[-58,279],[-276,-30],[-675,752],[308,269],[-257,89],[-469,-5],[45,209],[334,-5],[694,-134],[457,-159],[-51,248],[5935,-706],[848,-110],[9678,-1145],[244,155],[656,129],[894,463],[463,334],[662,209],[129,477],[-232,647],[-32,428],[135,453],[199,404],[296,338],[1215,5],[779,-80]],[[969707,168084],[-303,-403],[180,-567],[71,-816],[251,-1295],[276,-806],[283,-587],[238,-344],[264,-214],[591,-687],[322,-308],[591,-458],[894,-488],[823,-264],[566,-99],[688,-30],[392,45],[296,184],[431,742],[296,189],[321,-284],[-6,-174],[-341,-100],[-636,-941],[-965,-1513],[-977,-1657],[-817,-1503],[-707,-1508],[-823,-1678],[-836,-1986]],[[971070,150534],[-7890,881],[-84,-403],[142,-99],[-180,-876],[-354,-428],[-84,-339],[-244,-55],[-32,-184],[-270,-249],[-727,-104],[-58,-219],[-276,-95],[-399,90],[-726,-105],[19,-542],[-1196,124],[-45,-209],[-379,40],[-90,-433],[-238,129],[-502,468],[-540,299],[-1505,139],[-186,-995],[-1235,114],[-38,-219],[-328,-154],[160,-762],[-321,-59],[174,-404],[-1113,-2548],[-109,-458],[-444,-483],[-148,-328],[-296,-1319],[-610,70],[-708,214],[-296,-847],[-147,20],[6,-502],[341,-15],[-142,-637],[39,-418],[649,-70],[-77,-354],[232,-104],[501,50],[264,-170],[193,-607],[-187,60],[-148,-692],[264,-40],[-431,-2011],[-1993,229],[6,-348],[495,-20],[13,-309],[-257,-84],[-591,-383],[-200,-319],[-289,-75],[-71,-443],[1183,-119],[-154,-717],[495,-114],[135,-194],[-148,-304],[-244,-70],[-315,115],[-20,-373],[-353,-294],[-187,129],[-302,-119],[-476,468],[-276,-140],[-315,299],[-888,-463],[-148,5],[-115,-518],[-630,-428],[-380,-134],[7,-383],[-579,-70],[-322,-343],[123,-269],[-155,-418],[-675,79],[-624,-49],[-430,214],[-65,129],[-572,199],[-508,55],[-656,154],[-444,-114],[-418,64],[-379,-64],[-26,229],[-218,89],[-450,-308],[-213,-15],[-276,234],[-553,-60],[-264,-154]],[[937549,129172],[-366,74],[-290,-59],[-295,94],[-405,463],[-2740,249],[238,-508],[463,-438],[-161,-99],[-4044,378],[96,493],[-611,59],[116,568],[-675,65],[598,1309],[-392,154],[-58,-279],[-251,-89],[-225,323],[19,239],[270,324],[-45,298],[380,329],[212,1030],[-167,-129],[-405,39],[270,1285],[-431,14],[-103,-154],[-649,-70],[-245,-149],[-559,149],[-315,-343],[-290,-139],[-244,154],[-579,-254],[-231,184],[-624,0],[-257,199],[-148,289],[-411,-35],[-245,-159],[-289,55],[-386,-204],[-392,69],[-302,-184],[-573,-184],[-694,-85],[-264,-189],[-263,418],[-444,180],[51,99],[-514,229],[-199,174],[-328,105],[-303,209],[-681,-55],[-52,-538],[-321,-228],[-373,0],[-161,-125],[-26,-254],[-199,-99],[-186,-294],[-496,-60],[-109,-114],[-566,-45],[-373,-194],[180,-125],[33,-442],[-200,-195],[-508,209],[-167,-69],[-238,-349],[-508,25],[-180,234],[-456,339],[-174,229],[-463,273],[-193,194],[-669,224],[-501,349],[-399,-154],[-360,104],[-51,-234],[-277,-124],[-334,159],[-560,-25],[-205,-378],[250,-304],[-160,-323],[-521,-309],[128,-219],[-19,-378],[277,-164],[-103,-259],[-245,-224],[270,-269],[-141,-75],[109,-497],[129,-80],[45,-339],[154,-189],[45,-283],[-315,-428],[58,-200],[354,-189],[90,-333],[257,-110],[-315,-244],[-476,-194],[354,-687],[-489,-637],[109,-229],[-206,-313],[-463,30],[-38,-259],[-752,-254],[-135,-159],[-418,-140],[-553,-10],[-579,-204],[-392,-268],[-103,-249],[154,-503],[13,-363],[444,-175],[12,-233],[380,-289],[771,-174],[-109,-130],[322,-179],[521,164],[437,-398],[296,-154],[276,-279],[97,-239],[289,-139],[-283,-184],[206,-349],[649,135],[148,244],[-257,109],[90,204],[636,-35],[-115,-622],[842,-80],[-109,-204],[-335,-219],[-83,-179],[6,-726],[527,-339],[277,134],[180,-204],[354,-139],[-155,-244],[26,-363],[-251,-224],[367,-622],[-148,-618],[1029,-109],[-155,-712],[-328,35],[-102,-463],[160,-343],[52,-876],[283,-319],[-1029,110],[-206,154],[64,229],[-707,-314],[-328,0],[-476,-268],[-360,-429],[-218,-612]],[[909437,113438],[-135,-298],[-418,199],[-521,104],[-437,-174],[-418,20],[-367,-398],[-630,-135],[-251,-253],[-1125,-409],[-431,20],[-424,319],[-438,50],[129,428],[277,44],[77,210],[289,109],[315,274],[-45,801],[-270,264],[232,134],[115,229],[495,418],[-1305,125],[-199,174],[-386,-75],[-315,70],[-245,-119],[-250,164],[90,269],[334,-30],[129,274],[398,-70],[586,269],[282,298],[-199,269],[289,398],[541,-5],[77,289],[-200,269],[-218,5],[-206,308],[-26,513],[142,239],[-103,463],[-785,69],[90,508],[-347,-139],[-193,-179],[-315,-40],[-353,-214],[-135,-214],[-772,79],[-289,100],[-515,483],[-636,-324],[-78,-358],[-643,40],[-469,-209],[-116,-578],[-180,-15],[-77,-373],[-2469,234],[-109,-5],[-489,-458],[-13,-244],[-231,-318],[-393,-274],[-604,-229],[-296,-259],[13,-224],[-257,-229],[-71,-244],[103,-209],[-116,-542],[-283,-105],[-328,-274],[-51,-278],[-2784,-911],[-26,-259],[-309,-194],[-263,-299],[-573,-333],[-360,-433],[-482,-189],[-212,54],[-438,-214],[-572,229],[-514,-398],[-875,-274],[-810,-164],[-476,-5],[-366,100],[-502,-75],[-450,114],[-469,-164],[-637,179],[-553,294],[-315,-5],[-341,309],[-186,34],[-155,254],[-508,239],[-218,-15],[-527,269],[-245,304],[-424,-170],[-489,-54],[-270,99]],[[550775,586215],[-70,-239],[-303,-413],[-51,-269],[354,-543],[51,-373],[6456,-5714],[1543,-1384],[1550,-3046],[649,-1184],[180,-259],[-96,-324],[-2238,-4011],[187,-941],[-20,-199],[3074,-3434],[212,-85],[367,-632],[147,-647],[2991,-2160],[276,15],[367,-757],[-71,-224],[58,-747],[-122,-363],[2134,-1244],[830,-145],[128,-94],[52,-374],[-142,-408],[907,-517],[952,119],[109,-279],[-437,-243],[148,-254],[347,-175],[264,-223],[64,-324],[206,-164],[591,-85],[367,-239],[-39,-413],[4289,-2852],[424,-75],[270,-209],[3711,-2663],[398,-223],[7517,-1225],[7588,-1274],[6732,-1120],[804,100],[-39,-269],[174,-174],[4186,-6954],[4379,-1503],[1389,-1294],[212,-672],[90,-488],[2726,-4858]],[[617597,527467],[-20454,-10],[-18017,10],[0,4151],[-16995,-19],[-6578,0],[-9620,5],[-5620,5],[-6449,5],[-1299,49],[-1665,254],[-618,5],[-746,139],[-366,-228],[-887,-702],[-226,-413],[-482,-264],[-257,35],[-302,-125],[13,-234],[-483,-199],[-186,125],[-58,253],[-302,170],[-637,194],[-585,-70],[-553,85],[-591,229],[-1055,229],[-296,328],[-109,304],[83,288],[341,244],[-225,224],[-276,100],[-7,274],[-437,462],[-193,483],[-206,105],[-469,5],[-154,174],[135,383],[521,369],[-206,313],[-26,274],[148,284],[-495,179],[-489,537],[-694,-129],[-1389,413],[-219,124],[-180,-204],[-624,428],[-656,-184],[-385,115],[-637,30],[-109,-110],[-508,-124],[-579,-10],[-540,-164],[-206,84],[-405,-25],[-791,75],[-932,1498],[-894,-309],[-264,40],[-662,-423],[-161,10],[-501,-363],[-7,-130],[-675,-443],[-450,-154],[-296,-234],[-443,-139],[-129,209],[-264,159],[-167,-124],[-341,10],[-572,-170],[-579,50],[-572,-74],[-386,204],[-463,-244],[-437,194],[-180,259],[141,134],[71,413],[-514,428],[-290,10],[-122,-129],[129,-264],[-836,-199],[-13,-373],[109,-185],[-193,-109],[-295,50],[-341,408],[-437,-234],[-431,-30],[-431,279],[-309,-95]],[[499160,536725],[-713,65],[0,338],[96,204],[-64,319],[-212,219],[-541,169],[-508,219],[-340,70],[-251,333],[4405,2623],[572,-219],[450,145],[456,55],[-90,253],[470,304],[-19,383],[-225,209],[-181,324],[-379,204],[-161,343],[270,304],[-45,314],[200,228],[-174,319],[-154,85],[-618,542],[33,533],[-373,109],[-251,428],[-193,160],[-26,199],[161,254],[302,119],[13,279],[-180,263],[-617,254],[-457,249],[-386,284],[-257,35],[-398,393],[-502,-169],[-566,154],[-540,-542],[-720,9],[-598,-452],[-13,-115],[-617,189],[-193,199],[-515,135],[-122,179],[19,308],[322,190],[116,179],[521,40],[347,587],[-52,304],[-154,184],[232,79],[-33,339],[245,498],[-39,144],[-373,358],[-289,60],[-457,348],[-276,-54],[-399,-443],[-231,-45],[-277,154],[-225,-149],[-379,473],[-155,-50],[-752,398],[-373,249],[174,796],[173,184],[-38,175],[392,129],[-186,378],[-26,712],[289,110],[-276,194],[-881,-20],[-302,249],[-521,94],[0,612],[148,419],[340,154],[476,104],[-38,657],[205,120],[322,373],[257,-84],[257,283],[-238,264],[116,274],[315,-5],[206,448],[341,119],[238,-109],[321,20],[508,388],[-141,308],[283,185],[115,239],[-360,303],[39,602],[251,234],[-65,304],[-238,244],[-38,229],[-296,259],[-199,567],[-245,90],[-180,209],[-623,15],[-58,632],[-122,224],[25,318],[-83,179],[90,473],[257,30],[58,329],[-167,209],[-592,363],[-270,299],[-502,-179],[-141,214],[-315,59],[-335,155],[-270,-30],[-250,-160],[-232,239],[-495,130],[-746,-80],[-424,249],[-309,-35],[7,378],[-457,35],[283,2096],[4790,692],[-270,253],[20,200],[-425,532],[161,269],[598,134],[476,483],[-225,115],[289,428],[-817,497],[-167,15],[-334,563],[900,-65],[-26,-224],[361,-224],[527,70],[334,-170],[45,-313],[431,-40],[6,239],[-141,214],[482,249],[373,-75],[238,145],[-90,219],[199,214],[643,4723],[200,-65],[360,209],[405,-149],[534,-50],[598,364],[6,408],[-566,214],[-13,239],[-405,164],[-193,428],[135,398],[-238,184],[219,165],[-476,482],[7575,-577],[77,558]],[[961064,77173],[-148,-562],[-154,-244],[-746,-642],[438,-428],[-521,-2081],[-2097,229],[-508,-2175],[-520,50],[-90,-353],[-984,114],[-77,-308],[-856,99],[-482,-20],[-135,150],[45,253],[-341,40],[-70,-293],[-335,34],[-45,-219],[-701,75],[-218,-184],[-303,-1344],[521,-60],[444,95],[392,-443],[135,-682],[-6,-373],[-643,69],[-148,-627],[-643,70],[96,388],[-373,125],[174,801],[-1087,109],[65,264],[-290,135],[-1376,144],[129,617],[-302,274],[-1299,149],[-20,45],[-1922,259],[-206,433],[-1157,139],[-135,-283],[-1081,124],[71,333],[-849,95],[39,154],[-1087,90],[-58,-254],[-1961,224],[64,274],[-263,15],[77,313],[-489,-64],[-1183,134],[58,224],[-1202,129],[-13,-224],[-1267,135],[-810,35],[-322,-219],[-96,-249],[45,-463],[-283,-1239],[-1305,144],[-290,-1249],[-810,89],[-45,-174],[-887,99],[-13,-303],[-212,-229],[-103,-433],[-714,25],[-502,-2131],[-456,160],[-502,54],[-193,-831],[-295,30],[-103,-443],[-1087,90]],[[926438,65477],[-58,522],[-199,657],[-232,294],[7,159],[373,309],[-129,304],[-431,44],[90,399],[-546,59],[58,269],[1369,-119],[110,467],[-399,40],[6,294],[-469,373],[-373,612],[148,638],[238,-224],[411,-80],[187,622],[334,1473],[-212,25],[148,627],[206,-25],[77,364],[-1466,154],[90,388],[212,155],[489,94],[527,179],[116,423],[180,289],[212,-70],[225,239],[-650,115],[45,204],[335,-30],[296,164],[463,-104],[57,254],[496,69],[231,-194],[347,-94],[161,139],[476,-458],[103,428],[218,-25],[168,349],[-103,194],[347,249],[212,522],[521,538],[90,234],[360,279],[26,169],[1061,373],[-476,647],[392,134],[302,-44],[97,428],[206,-95],[154,737],[161,-20],[83,398],[-1234,65],[-463,-65],[450,2006],[-1569,179],[13,274],[167,313],[-360,473],[450,249],[-392,393],[-540,299],[-219,-45],[-232,214],[-373,35],[-38,-184],[-424,194],[51,229],[-611,55],[64,343],[-122,284],[45,259],[-1710,174],[276,90],[45,228],[-938,90],[135,667],[-701,139],[-727,389],[-386,119],[-559,-5],[-1338,139],[-77,-134],[-1749,169],[-328,-1528],[-411,184],[-624,-84],[-193,1349],[-527,-65],[-277,-393],[-546,-229],[-476,-105],[-302,354],[180,816],[-2148,224],[-244,-100],[-965,0],[-450,180],[-579,64],[-128,155],[488,224],[200,890],[-643,-303],[173,881],[116,363],[212,-20],[13,423],[129,533],[-727,85],[193,288],[-38,164],[225,185],[237,10],[20,214],[186,189],[-13,189],[219,169],[-444,174],[-308,652],[122,160],[-791,84],[-84,-154],[-469,-428],[-328,-224],[-579,40],[65,179],[-251,299],[-277,74],[-141,274],[186,114],[219,384],[437,134],[412,-124],[353,-234],[110,164],[-405,333],[617,80],[431,-129],[141,637],[656,-65],[26,159],[463,224],[630,145],[148,149],[308,45],[483,323],[199,936],[-1009,110],[-348,-379],[-1819,189],[-451,-14],[-372,-284],[-335,20],[-154,159],[-476,75],[180,836],[502,104],[244,259],[231,10],[547,274],[193,358],[-2990,1135],[-508,234],[431,413],[70,334],[425,229],[604,502],[1061,707],[174,314],[341,94],[-71,164],[257,1230],[386,-543],[1479,-139],[0,259],[489,164],[353,279],[-2090,214],[277,1438],[-444,35],[45,204],[1666,-164],[141,194],[-219,199],[-199,-20],[-591,214],[-438,45],[-32,269],[-746,79],[135,628],[-881,94],[-109,130],[431,139],[-212,149],[431,274],[-283,119],[-631,-179],[13,438],[-270,-99],[-585,179],[-411,-70],[45,229],[-753,55],[-469,159],[-97,314],[-283,50],[155,214],[19,278],[720,682],[309,164],[-84,498],[65,324],[385,318],[-173,274],[-585,-60]],[[937549,129172],[58,-354],[-135,-219],[650,-59],[-168,-150],[33,-229],[218,-383],[154,-100],[-295,-1562],[-753,-628],[52,-59],[-1293,-1075],[225,15],[-6,-344],[135,-199],[-386,-279],[-38,-303],[115,-145],[598,-99],[187,40],[501,-209],[418,-239],[168,-199],[-97,-130],[322,-518],[-206,-129],[64,-229],[482,-338],[341,-45],[257,-184],[155,-304],[945,-80],[148,-124],[476,-20],[360,-99],[424,129],[135,-284],[290,-303],[482,243],[534,-19],[372,-195],[103,-831],[225,-229],[425,-119],[13,-159]],[[944237,118426],[-26,-443],[161,-55],[-148,-324],[-450,-124],[418,-568],[-373,-204],[-341,-84],[-39,-209],[258,-234],[-52,-488],[489,-438],[-110,-124],[277,-165],[411,-408],[46,-438],[128,-124],[-45,-398],[-624,64],[-19,-109],[-714,79],[-6,-393],[-334,-298],[1620,-175],[-328,-74],[-257,-165],[-553,-542],[19,-388],[-296,-284],[-148,-269],[-270,-79],[-360,39],[-96,-239],[1022,-263],[-116,-493],[361,189],[167,-50],[424,100],[244,-219],[-276,-169],[-19,-319],[443,-60],[-19,-254],[-206,-368],[245,-239],[257,-378],[386,-249],[13,-323],[225,-115],[-39,-219],[148,-403],[-322,-134],[39,-299],[-373,-358],[-199,-80],[96,-219],[302,-174],[-25,-140],[-1113,105],[373,-433],[135,-319],[84,-562],[-695,-284],[206,-289],[257,-15],[418,115],[386,-105],[785,-69],[649,-294],[521,-50],[534,45],[-65,-254],[-206,-64],[-12,-483],[-129,-174],[154,-200],[277,-786],[289,-458],[-656,-642],[277,-338],[-283,-130],[-386,-363],[-283,-110],[-148,-194],[-257,-104],[-566,-523],[-116,-254],[161,-224],[-238,-547],[110,-324],[-129,-194],[-598,-284],[116,-224],[-341,-428],[-360,-248],[-13,-488],[129,-388],[212,-165],[231,25],[907,-129],[64,-453],[-116,-214],[219,-90],[379,130],[290,-155],[1125,-214],[270,165],[405,14],[425,-99],[295,-264],[-51,-453],[-444,-169],[-38,-274]],[[978201,46105],[-508,-179],[-727,448],[-739,-105],[-335,-478],[7,-219],[193,-243],[38,-284],[-900,-274],[341,-269],[-90,-129],[263,-269],[-308,-239],[-592,90],[-148,-289],[-617,-134],[0,-379],[-482,5],[-180,-268],[-463,10],[-65,-329],[348,-318],[-219,-294],[-405,-289],[-244,25],[-78,-309],[-282,-433],[-219,-104],[-894,149],[-1260,165],[-225,219],[-347,179],[-1042,109],[-270,150],[-437,-219],[-489,184],[-534,84],[-778,-164],[-444,80],[-456,-15],[-405,169],[-399,-75],[-347,224],[-322,90],[-913,-85],[-527,-5],[-367,-104],[-379,50],[-315,-145],[-701,299],[-379,30],[-727,259],[-386,14],[-713,503],[-708,184],[-791,-94],[-398,104],[-315,-64],[-341,79],[-367,-413],[-315,-129],[-476,119],[-495,-458],[-38,-328],[-290,25],[-598,-354],[-13,-423],[-308,-149],[-701,-20],[-752,363],[-277,35],[-1132,-318],[-103,-135],[238,-159],[-340,-264],[-360,-15],[-290,159],[-399,75],[-212,204],[-392,140],[-501,408],[-187,-60],[-450,189],[-315,-139],[-624,428],[-399,-55],[-257,100],[-128,283],[-444,-74],[-354,214],[-25,413],[-393,313],[-540,90],[-681,-174],[-560,59],[-283,249],[-450,184],[-276,259],[-123,254],[84,214],[-167,244],[-219,70],[-90,537],[-823,-368],[-238,-224],[-148,-378],[123,-443],[167,-354],[-322,-308],[-488,-622],[-258,-120],[-366,-537],[-315,253],[-148,369],[-534,159],[-649,-45],[70,269],[-379,-115],[-321,120],[-335,378],[-341,30],[-495,234],[-19,209],[238,194],[-26,563],[251,348],[6,363],[232,319],[-489,209],[-463,50],[-379,443],[-418,129],[-534,-159],[-527,-85],[-328,35]],[[931923,46080],[51,353],[251,130],[-283,448],[-360,259],[-392,64],[-58,-263],[-386,74],[32,155],[-701,114],[-51,279],[476,214],[489,617],[-148,189],[0,274],[-971,-30],[-547,448],[-334,528],[296,477],[-534,309],[-187,194],[-38,438],[-180,244],[128,577],[-514,95],[-296,234],[-161,284],[-328,119],[-160,184],[32,249],[-212,373],[51,214],[585,364],[-244,487],[103,448],[-367,50],[-527,169],[-193,130],[-604,179],[321,503],[-45,259],[-373,373],[116,269],[-482,323],[-97,179],[-411,423],[199,652],[0,434],[360,338],[-51,244],[405,234]],[[925583,59982],[353,-169],[463,303],[33,617],[173,229],[701,488],[-347,518],[6,373],[-321,378],[-97,667],[425,224],[58,891],[-354,309],[-52,293],[-225,234],[39,140]],[[193213,113025],[-6,6227],[0,5788],[0,7257],[6,5794],[-6,6515],[0,13812],[-5774,0]],[[187433,158418],[1022,7884],[785,6073],[-1081,70],[122,1697],[-1665,79],[939,7680],[-1961,2842],[-354,-144],[-45,-139],[-469,-140],[-489,-363],[-984,-239],[-476,-333],[110,-170],[-296,-522],[-579,-806],[-3234,2518],[-6244,383],[547,4385],[951,8387],[875,-189],[9150,-612],[836,6923],[572,4699],[-4925,318],[173,1897],[380,5345],[3935,-214],[701,7307],[-2984,179],[129,1279],[7902,-229],[7903,-34],[10160,-588],[-232,-1946],[7858,4778],[926,7277],[3511,-30],[5652,-4683],[341,-85],[-13,-214],[11908,-2359],[1466,-284],[219,159],[746,125],[1093,-110],[444,180],[212,228],[984,155],[366,-55],[167,100],[939,89],[708,349],[450,423],[649,263],[219,205],[733,303],[244,144],[148,309],[469,299],[341,453],[360,199],[920,94],[540,105],[444,328],[469,214],[540,170],[418,209],[373,-45],[778,99],[489,115],[559,299],[155,263],[218,145],[-6874,5813],[4270,2514],[-508,463],[2739,1617],[-2141,1608],[-5459,4156],[-2617,2001],[7298,4848],[6720,-5490],[1858,1707],[3073,1901],[727,5008],[617,4230],[881,6008],[502,3534],[135,851],[-8951,343],[-1067,75],[-84,-692],[-10230,722],[-9543,45],[-64,-727],[-4861,398],[-4681,403],[-4836,4211],[-4347,3554],[283,174],[-540,174],[-463,-59],[-4565,3792],[-367,204],[-231,284],[-2276,1857],[-1280,940],[-5549,4709],[-6938,-4191],[-862,-453],[-154,15],[-1897,1538],[-1724,1384],[-1993,1692],[-7375,6018],[-463,433],[8025,4663],[-438,389],[-1003,776],[3511,2220],[4321,2598],[-1524,1210],[-2154,502],[-77,50],[122,607],[592,80],[7922,4674],[-502,1493],[379,1110],[161,149],[-360,2315],[-855,542],[-77,85],[-508,2399],[-193,234],[-148,448],[84,498],[520,-5],[2245,-150],[752,-597],[3427,1782],[-4398,3788],[-3267,2777],[4733,2887],[5941,3593],[515,687],[-1621,1180],[-2945,2414],[1023,9666],[6154,-334],[-39,394],[-225,443],[77,632],[-180,303],[141,120],[-424,692],[26,1055],[244,244],[122,293],[1248,1907],[11163,-374],[1594,9716],[4791,-303],[-219,-1802],[10269,-642],[96,786],[12784,-786],[7015,-428],[585,3036],[559,2842],[91,2200],[109,2145],[-302,100],[12,204],[303,-20],[96,2065],[71,1120]],[[262177,380193],[5877,-124],[4405,-383],[-238,-2260],[6893,-538],[-103,-647],[-77,-806],[2958,-110],[7240,-283],[283,2299],[4340,-274],[129,40],[5884,-383],[-322,-2852],[4302,2628],[-1576,1349],[3949,2384],[3864,2354],[1370,-1214],[1627,-1394],[5169,3146],[688,-592],[2907,1891],[231,-85],[322,189],[38,254],[1846,1100],[3138,1887],[6616,3977],[3119,-219],[6,89],[7903,-537],[-624,-4515],[-643,-4664],[-514,-3509],[-167,-1582],[45,-140],[1787,-134],[20,-90],[5806,-428],[109,85],[5164,-363],[5131,-374],[2521,-174],[-444,-3185],[-746,-4590],[5029,-403],[4681,-428],[19,150],[9478,-443],[302,-105],[7099,-408],[-366,-3206],[1189,-179],[714,20],[1543,-50],[1235,-144],[-19,-224],[4687,-348],[109,-20],[-173,-2051],[-193,-1722],[5343,-393],[431,-1752],[-103,-762],[9562,-687],[-251,-1811],[-675,-757],[-322,-2175],[6688,-403],[-84,-1021],[2289,-129],[1158,-85],[5356,-278],[1775,-120],[3356,-293],[406,84],[1048,-478],[456,3151],[-38,15],[385,2653],[45,25],[2791,-204],[289,2638],[9138,-682],[482,3409],[373,3002],[8096,-613],[135,1613],[-663,533],[65,413],[5002,-374],[-13,-89],[2135,-164],[-186,149],[70,164],[-96,289],[193,60],[51,233],[386,424],[-6,303],[-740,1006],[264,1533],[-1325,811],[129,946],[5678,-438],[495,-1733],[6964,-597],[3086,-279],[1068,7671],[6057,-488],[231,2170],[9363,-498],[-174,-1319],[-129,-1224],[-681,15],[-1119,-3908],[5330,-960],[-1311,-2972],[-740,50],[-701,-2006],[3164,-567],[-656,-548],[-6269,687],[-643,-5599],[9799,-528],[-32,-941],[4662,-458],[2482,-233],[-13,-224],[8128,-802],[1556,-164]],[[516734,352146],[309,-40],[1961,-557],[514,-359],[-611,-3101],[393,-2035],[-1190,-5540],[51,-35],[4437,-478],[-450,-2553],[-392,-2295],[315,-59],[10398,-782],[-406,-2284],[631,258],[-489,-3359],[-746,59],[-476,-4932],[-939,40],[-90,-453],[1466,-105],[3781,-343],[213,393],[1016,-109],[3002,-269],[97,-80],[1505,-109],[604,4315],[1948,-2145],[1306,-583],[4507,-333],[360,-478],[-205,-214],[154,-99],[334,104],[90,-254],[354,-408],[321,-234],[605,-323],[-129,-115],[-1498,-433],[-103,-318],[90,-279],[244,-349],[637,-497],[97,-384],[-418,-582],[-296,-299],[-20,-512],[-462,-498],[-804,-229],[-238,-323],[-19,-259],[147,-428],[721,-687],[520,-617],[181,-433],[173,-742],[476,-717],[572,-413],[470,-169],[932,35],[6334,-2106],[4925,-1344],[-662,-4479],[1820,-130],[13,-368],[128,-149],[-6,-518],[231,-124],[3067,731],[168,-627],[668,-428],[1460,150],[141,-334],[3151,757],[470,278],[726,125],[109,-388],[-96,-523],[502,-592],[-78,-339],[611,-572],[-180,-1274],[-70,-190],[-226,-1781],[0,-284],[-713,-4007],[2353,-149],[103,-20],[6501,-801],[-264,-1349],[4437,-807],[347,5],[187,-134],[418,-25],[-45,-269],[251,-403],[-110,-463],[-109,-1150],[-232,-930],[0,-229],[611,-45],[-225,-1573],[3948,-990],[2071,-752]],[[595420,284519],[347,-343],[219,418],[643,-389],[13,-258],[366,-304],[109,-438],[33,-632],[-431,-538],[611,-542],[-631,-548],[-302,-139],[-386,-40],[-540,-234],[-341,55],[-263,-169],[-778,-264],[-347,-35],[-483,120],[-180,-543],[58,-234],[-103,-199],[-398,-174],[-13,-115],[521,-622],[-161,-358],[-611,-249],[-579,-358],[-64,-324],[296,-413],[-65,-224],[174,-284],[514,-264],[20,-144],[-290,-393],[-424,-364],[180,-179],[109,-507],[283,-379],[-894,-423],[181,-348],[-219,-438],[148,-418],[-225,-179],[-39,-284],[264,-349],[199,-109],[7,-339],[-135,-358],[-219,-224],[321,-468],[58,-229],[-128,-298],[51,-379],[746,-244],[482,-288],[296,-5],[399,-169],[-129,-180],[167,-343],[367,-343],[135,-294],[-425,-413],[-19,-364],[-212,-288],[129,-329],[437,-458],[-109,-338],[250,-373],[-103,-100],[-83,-602],[-142,-249],[193,-518],[296,-313],[6,-254],[-154,-254],[-103,-1125],[-688,-796],[-366,-1877],[-1273,-562],[-1036,-289],[-257,-1787],[148,-2399],[-1145,-328],[-591,-5],[-489,328],[-469,15],[-540,-293],[-380,-30],[-347,-120],[-199,80],[-540,-20],[-952,-363],[-379,-195],[-547,-492],[-154,35],[-322,-205],[-746,75],[-746,-119],[-836,-354],[-6,-323],[-559,-269],[-7,-149],[-1845,-792],[-688,-597],[-894,-229],[-1151,194],[-309,-428],[-13,-234],[-180,-254],[-32,-373],[341,-214],[6,-144],[-212,-329],[-6,-234],[-701,-388],[263,-433],[-405,-294],[-64,-348],[-135,-169],[-90,-359],[-244,-114],[-213,-563],[399,-423],[470,45],[25,-159],[-328,-55],[78,-264],[-71,-273],[-791,-259],[-322,-5],[-167,-249],[0,-438],[-302,-214],[309,-408],[-193,-269],[-438,75],[-1318,-259],[-379,-110],[-238,-209],[244,-358],[-353,-229],[-71,-478],[-360,-99],[-58,-389],[-450,-15],[-309,-164],[-630,120],[-219,-115],[-842,-30],[-784,-164],[-129,-413],[180,-438],[-418,-179],[-379,44],[-32,-348],[-296,-229],[-347,-547],[-193,398],[-836,244],[-341,5],[-154,-145],[-238,125],[-463,79],[-798,-159],[-1125,-582],[-534,1080],[39,607],[-579,363],[-739,-20],[-257,-149],[-258,80],[-173,224],[-277,-15],[-270,-254],[-148,-398],[-662,-115],[-379,-532],[-489,-145],[-238,204],[-669,45],[-212,-293],[-547,-5],[-186,99],[-598,-428],[-553,-70],[-354,-119],[-501,-80],[-302,120],[-258,-20],[-392,184],[-553,-65],[97,-194],[758,-483],[213,-278],[38,-573],[386,-119],[26,-354],[321,-29],[650,-239],[585,25],[-13,-458],[386,-1324],[366,-204],[212,59],[309,-179],[212,-423],[322,-463],[-148,-264],[225,-288],[572,-498],[373,-443],[-167,-229],[264,-244],[122,-234],[276,-129],[502,-398],[77,-304],[-296,-114],[-186,-205],[-212,-39],[-206,-234],[508,-309],[482,-154],[19,-284],[450,-289],[631,-204],[913,-159],[508,-353],[385,-100],[650,15],[174,-304],[-200,-443],[219,-378],[643,-104],[83,-269],[393,-274],[656,-50],[392,75],[161,294],[199,1030],[489,493],[816,283],[129,-159],[315,-662],[424,30],[354,523],[952,84],[527,453],[45,145],[379,179],[-58,214],[309,45],[283,487],[-6,190],[591,199],[206,-125],[-52,-249],[476,-214],[167,-179],[296,25],[155,-309],[-78,-258],[380,-155],[103,-403],[186,-269],[-122,-403],[373,-473],[476,-119],[148,55],[289,-299],[-64,-174],[476,-174],[417,-453],[341,-150],[238,-229],[7,-303],[328,-573],[135,-463],[-586,-114],[-237,-189],[-560,-264],[-38,-378],[-206,-110],[-225,-333],[-58,-239],[-341,-363],[-418,-50],[-148,-379],[-276,-263],[-573,-125],[-315,-283],[-70,-354],[328,-189],[321,-75],[225,-468],[695,-841],[7433,-249],[4668,-199],[-141,-1607],[3183,-125],[-148,-1687],[10275,-647]],[[516734,352146],[559,4027],[1762,-165],[335,1454],[3285,-189],[5035,-319],[52,334],[540,4280],[122,707],[-4096,199],[-1466,104],[-997,20],[1042,4027],[-3704,229],[470,4709],[508,5176],[51,587],[527,4400],[2502,-204],[1170,697],[12616,-901],[-373,-2593],[3633,-4634],[3157,-239],[2399,-622],[218,1518],[71,139],[116,1354],[167,1558],[-174,100],[135,985],[10571,-776],[-591,-652],[244,-60],[97,-373],[6488,-1563],[5073,-364],[129,25],[167,324],[-148,204],[122,453],[-161,244],[65,189],[-148,453],[373,1015],[-225,264],[19,289],[759,632],[141,353],[-13,279],[470,368],[302,379],[334,114],[258,234],[-84,343],[-180,274],[19,164],[360,289],[315,448],[451,393],[790,573],[316,288],[392,224],[103,334],[180,274],[-129,632],[-309,239],[-424,79],[-161,493],[-302,154],[-579,528],[-443,896],[19,527],[424,458],[-218,120],[257,438],[804,244],[598,343],[70,254],[232,219],[103,304],[443,462],[695,185],[360,318],[804,538],[636,124],[431,363],[180,797],[-32,194],[-379,607],[51,523],[-218,259],[-476,363],[-1138,60],[-348,308],[-746,269],[-514,129],[-669,15],[-366,105],[-335,204],[-758,702],[-444,483],[-71,288],[135,234],[913,503],[26,149],[-546,438],[-136,528],[-604,652],[-51,219],[-7,722],[-141,199],[-405,338],[-283,359],[212,313],[180,503],[39,348],[-116,249],[482,413],[-6,259],[122,552],[-200,349],[33,483],[218,298],[341,219],[849,747],[90,408],[-373,339],[-122,333],[25,304],[-199,423],[-411,711],[-58,434],[-155,393],[-463,592],[-186,373],[45,354],[572,492],[-58,354],[245,453],[-618,741],[-12,170],[308,383],[116,632],[-289,533],[-20,293],[-334,578],[-64,308],[283,468],[347,348],[276,-19],[347,-239],[316,25],[771,492],[836,50],[560,179],[244,294],[116,304],[96,657],[219,204],[450,109],[752,60],[315,99],[1035,508],[129,169],[13,458],[167,393],[45,344],[-71,602],[-231,677],[26,214],[225,418],[707,120],[444,214],[180,219],[19,323],[-405,453],[-405,727],[-71,269],[39,283],[212,194],[1685,518],[623,164],[296,-30],[302,-144],[77,-358],[129,-204],[412,-274],[353,-149],[412,-80],[353,25],[245,164],[392,70],[450,-234],[527,-921],[463,-219],[380,55],[604,418],[187,149],[450,199],[392,45],[797,-90],[573,-169],[996,-532],[483,5],[218,124],[232,309],[96,388],[412,547],[450,279],[45,607],[347,209],[129,-84],[495,239],[154,264],[862,333],[321,518],[508,10],[354,-244],[424,-130],[437,-20],[637,573],[431,293],[392,359],[187,94],[482,35],[321,239],[26,418],[206,384],[109,582],[238,338],[695,488],[109,209],[-7,329],[-591,851],[-77,368],[257,806],[212,453],[174,160],[521,293],[726,244],[701,130],[514,194],[232,244],[167,433],[167,632],[-25,338],[-521,393],[-483,195],[-694,522],[-411,558],[-251,517],[-290,822],[-347,582],[-103,368],[77,453],[521,951],[148,592],[45,602],[-135,2011],[-103,503],[-366,946],[-84,502],[-289,822],[-270,522],[-830,1030],[-270,448],[26,553],[366,851],[225,428],[534,672],[129,324],[-52,214],[-553,930],[-765,876],[360,120],[470,284],[906,278],[219,-74],[-289,-334],[12,-269],[193,-229],[637,-278],[321,-478],[245,-239],[443,-134],[618,-95],[643,-189],[585,119],[669,-94],[778,-294],[450,-75],[276,-129],[65,-304],[-361,-512],[361,-45],[4854,-383],[823,5679],[-64,5],[354,2429],[154,99],[-83,364],[379,2593],[1183,-100],[77,772],[-173,358],[463,189],[385,294],[303,75],[205,184],[515,139],[-77,418],[-123,85],[123,333],[295,160],[290,-35],[148,124],[1241,110],[617,313],[1640,169],[373,-39],[3575,-538],[508,911],[2990,4694],[7774,-5],[10372,5],[16075,0],[16075,0],[16076,0],[16146,-5],[64565,39]],[[772294,471930],[463,-273],[830,-279],[746,-194],[996,5],[187,-140],[1517,-721],[2122,-956],[740,-319],[411,-44],[1093,-787],[521,-144],[695,-60],[1241,-602],[463,25],[392,-553],[13,-418],[990,-1000],[463,5],[341,-299],[205,-587],[682,-478],[437,-144],[753,29],[238,-223],[469,-274],[842,-224],[547,-75],[129,-249],[385,-234],[97,-458],[874,-607],[206,5],[187,-488],[623,-298],[630,-130],[566,-64],[399,-344],[180,5],[797,-697],[862,-249],[482,-547],[32,-334],[322,-637],[302,-741],[232,-1454],[2675,-2220],[4726,-2697],[2720,-2160],[2585,-4301],[1794,-2294],[3954,-3420],[2135,-2095],[2521,-2623],[2321,-1956],[1363,-1359],[1936,-1583],[2398,-1165],[2469,-1025],[2238,-752],[2842,-1438],[1807,-856],[3633,-1110],[2964,-956],[3357,-1065],[2797,-1284],[3350,-1493],[2251,-1309],[2668,-1483],[2495,-1683],[2675,-970],[3254,-996],[2295,-1025],[2514,-1598],[1987,-1309],[2476,-771],[3028,-1095],[2926,-712],[2527,-1135],[2514,-2125],[1499,-1429],[1234,-1812],[2649,-1279],[3518,-473],[3234,-139],[2990,249],[3402,1030],[1594,1369],[-283,1677],[-1446,1976],[-1344,1613],[-1396,1971],[-662,1478],[-77,2673],[212,2016],[797,1289],[1241,368],[1036,150],[1717,-1260],[1967,-1239],[2296,-1593],[3376,-1259],[2578,-518],[2129,-507],[2758,-523],[3106,-572],[3273,-219],[3305,-284],[3003,-239],[2983,-353],[2752,-871],[875,-1036],[701,-1110],[829,-1617],[103,-1663],[-476,-1811],[-475,-1364],[-605,-971],[-874,-751],[-811,-632],[-855,-757],[-251,-363],[-392,-75],[-212,-184],[-367,-617],[-385,-538],[-26,-428],[-116,-612],[155,-1603],[-103,-239],[109,-1070],[-167,-1274],[-45,-961],[-302,-891],[-277,-1244],[-321,-363],[-451,-165],[180,-801],[-77,-652],[39,-757],[-437,-627],[-386,-378],[244,-3987],[116,-1473],[482,-1015],[527,-891],[650,-652],[765,-1085],[405,-648],[540,-532],[450,-144],[772,-886],[405,-538],[392,-323],[264,-443],[283,-244],[180,-324],[90,-672],[-90,-338],[212,-672],[283,-443],[862,-1767]],[[944044,362275],[-48542,-234],[-56328,-60],[-6417,10],[-16056,30],[-29437,114],[-13497,70],[-15735,100],[19,-4107],[58,-10223],[32,-7665],[13,-2120],[-38,-533],[-810,-1304],[-2142,-1563],[-720,-368],[-1054,-443],[-695,-478],[-971,-712],[-540,-259],[-598,25],[-482,-74],[-296,-284],[-244,-881],[-213,-189],[-553,-289],[-636,-662],[-174,-129],[444,-369],[141,-408],[-64,-438],[90,-338],[180,-269],[-225,-95],[-456,259],[-168,-74],[13,-374],[-135,-363],[-1029,10],[-180,209],[-392,-144],[-630,139],[-508,-65],[-431,140],[-604,-75],[-386,-204],[-193,-219],[-450,-30],[-399,-229],[-495,-368],[-476,-80],[-437,-159],[-225,-189],[-347,288],[-991,-64],[-237,-160],[-779,399],[-270,482],[-559,354],[-334,25],[-303,-1747],[-398,169],[-360,-130],[-52,-129],[-540,-458],[-199,-85],[-283,70],[-380,-219],[-469,90],[-289,273],[-315,160],[-225,751],[-296,50],[-26,179],[-354,155],[-321,-95],[-26,-388],[-212,-408],[206,-170],[-238,-303],[-206,-80],[-180,-373],[-90,-408],[553,-712],[-6,-120],[289,-323],[45,-159],[354,-5],[482,229],[83,-374],[238,-313],[772,-65],[592,-179],[135,-105],[19,-607],[-64,-244],[237,-507],[875,-583],[-187,-323],[-340,-916],[-290,-144],[-456,-55],[-110,-349],[213,-806],[-13,-682],[386,-154],[-161,-219],[64,-702],[-804,-891],[-578,-582],[-952,15],[-1942,-981],[-752,45],[-759,-154],[-630,74],[-199,125],[-226,-130],[0,-557],[187,-184],[-64,-299],[-540,-299],[-483,-19],[-328,-259],[-225,-384],[-115,-393],[-1106,-716],[-181,-294],[271,-105],[-58,-383],[-521,-309],[-142,25],[-1530,-627],[-540,65],[-354,-179],[-206,-324],[-83,-373],[-187,-468],[-244,-358],[-373,-359],[-463,-542],[-546,-921],[-161,-179],[-392,-209],[-528,149],[-566,5],[-623,-204],[-534,-90],[-939,-219],[-1099,-109],[-225,-90],[-496,75],[-180,244],[-340,25],[-676,-140],[-578,-25],[-225,-84],[-598,-30],[-457,90],[-990,79],[-688,20],[-495,-338],[-483,-657],[-379,-199],[-1280,-200],[-1118,-263],[-631,-85],[-353,-279],[-90,-219],[128,-283],[238,-100],[-32,-229],[-212,-483],[431,-209],[450,90],[302,-234],[-238,-533],[309,-234],[836,-114],[109,-184],[-51,-682],[-405,-259],[-238,-264],[-213,-373],[-572,-548],[-424,135],[-630,-154],[-97,-165],[277,-174],[-58,-129],[-431,129],[-283,-40],[-386,-259],[-116,-263],[-225,-170],[90,-243],[226,-20],[-322,-971],[-264,-95],[-945,25],[-489,-393],[380,-209],[32,-239],[-797,-244],[-598,75],[-1190,378],[-585,398],[-328,-303],[19,-319],[-431,40],[-508,-139],[-231,-229],[-129,-428],[58,-189],[-469,-190],[-90,-243],[450,-737],[231,-294],[380,-214],[315,-74],[186,-294],[20,-513],[-84,-1000],[-244,-274],[-888,-562],[-501,-209],[-200,49],[-443,-134],[-425,-279],[-334,164],[-270,269],[-1125,438],[-219,214],[51,269],[-694,-40],[-424,115],[-97,-90],[-32,-687],[-84,-269],[-353,-323],[-405,-100],[-920,0],[-180,80],[-180,592],[-514,936],[-470,-10],[-533,-184],[-283,50],[-315,-120],[-457,-527],[84,-503],[385,-408],[-38,-249],[-701,-438],[-334,-269],[-618,-60],[-341,-154],[-135,-642],[-340,-25],[128,-259],[894,-249],[1016,-84],[84,-144],[-406,-334],[-1363,-418],[-598,-483],[-964,-846],[-733,-65],[-399,90],[-167,-149],[109,-991],[-96,-557],[-206,-70],[-328,-453],[-13,-239],[-450,-537],[-418,-185],[-379,-89],[-348,50],[-533,-150],[-425,458],[-6,130],[-521,-45],[-186,-229],[-52,-378],[206,-100],[-257,-224],[-257,-90],[-708,-29],[-508,-125],[-308,169],[-521,-169],[-360,55],[-412,229],[-173,612],[77,523],[-77,517],[70,100],[-90,483],[3247,1811],[-1453,3091],[1293,1374],[-1299,1618],[-2810,806],[-251,15],[611,2056],[4520,2742],[-1112,597],[3807,3629],[-2907,1568],[-1087,79],[1640,2210],[386,1633],[379,1787],[-945,114],[122,657],[-154,438],[-167,269],[-328,229],[-257,-20],[-688,-338],[-508,59],[-251,861],[-495,-109],[135,234],[-129,194],[437,184],[200,244],[-373,577],[-425,359],[58,184],[0,1752],[52,358],[-2650,234],[-2739,254],[-585,-304],[-2713,-1334],[-1981,-935],[-3273,-1523],[-797,916],[-527,662],[-406,423],[-610,84],[-97,159],[206,254],[-637,687],[-83,349],[218,199],[142,323],[353,70],[438,612],[154,15],[637,393],[186,229],[669,428],[238,25],[263,254],[123,463],[392,343],[501,165],[495,-85],[200,75],[173,308],[566,344],[180,234],[-13,169],[168,985],[-225,90],[-1749,1996],[-830,30],[-1125,-249],[-894,40],[-64,-150],[-1081,85],[-231,-159],[-482,-5],[-405,-274],[-650,-30],[-321,75],[-354,-170],[-251,90],[-238,-1588],[-296,-283],[-1151,-229],[-1060,44],[-611,-268],[-142,-135],[-559,-49],[-431,358],[-1254,169],[-199,154],[-206,583],[-695,-204],[-1241,129],[-225,-35],[-1228,533],[-283,254],[-1041,502],[-412,85],[-141,179],[90,159],[-180,747],[38,383],[-347,219],[-315,314],[-392,129],[-540,40],[-830,154],[-180,209],[-13,254],[-206,150],[-128,363],[77,478],[-193,463],[-283,-354],[-495,-259],[-469,-522],[-33,-239],[168,-184],[-161,-443],[-611,-498],[-508,129],[-315,-29],[-341,-175],[-669,-39],[-874,-314],[-322,-45],[-495,-239],[-598,70],[-443,-70],[-135,-219],[263,-313],[-180,-473],[-212,-179],[-84,-334],[-238,-79],[-553,-543],[-398,-100],[-798,-54],[-495,-269],[-521,-209],[-321,-309],[-386,-25],[-334,-199],[-637,95],[-572,-80],[-302,95],[-585,-274],[-1145,-602],[-386,-344],[-103,-343],[-283,-264],[-546,-368],[-322,-413],[-675,-473],[-315,-319],[-135,-343],[-463,-179],[-444,10],[-167,-125],[-977,-507],[-328,-125],[-302,-249],[-450,-214],[83,-229],[-212,-209],[77,-333],[-116,-364],[-353,-288],[-605,129],[-1376,-55],[-116,-373],[-379,-65],[-321,-139],[-669,-75],[-71,214],[-296,-30],[-250,210],[-303,-30],[-360,413],[-135,279],[58,159],[-405,284],[-733,64],[366,-264],[-57,-348],[-476,-105],[-142,-706],[-572,54],[-334,-1901],[-605,0],[-328,-60],[-353,-293],[-142,-204],[-354,-279],[206,-353],[167,-115],[-83,-209],[-354,-50],[39,-278],[-103,-583],[-3138,1170],[-457,-752],[1454,-1359],[-296,-89],[-238,89],[-322,-114],[-508,-443],[-559,-169],[-373,-179],[129,-299],[-200,-269],[206,-154],[-71,-418],[129,-478],[-540,-632],[-135,-65],[-540,85],[-251,-55],[-257,-309],[-836,-438],[-296,-353],[-71,-274],[-411,-109],[-463,-349],[-367,5],[-675,-288],[-431,-448],[-283,-160],[-386,-20],[-218,-438],[-502,-457],[-694,-264],[-97,-259],[-212,-149],[-347,-75],[-540,-503],[-174,194],[-733,194],[-424,-154],[-502,-84],[-148,-120],[-527,-164],[-219,20],[-861,-135],[-720,90],[-586,-124],[-533,-533],[-566,-164],[-90,-398],[90,-1319],[167,-244],[463,-384],[-32,-204],[161,-169],[77,-304],[546,-159],[335,-254],[-225,-229],[-71,-408],[-186,-348],[147,-289],[354,-209],[457,-562],[-90,-184],[-380,-110],[-289,-264],[193,-274],[32,-801],[-238,-478],[-482,-169],[-656,-931],[77,-204],[-77,-597],[-109,-209],[141,-368],[-264,-548],[-38,-617],[-251,-393],[-360,-194],[-116,-384],[309,-378]],[[499160,536725],[135,-368],[618,-309],[-862,70],[-45,-314],[322,-477],[-148,-274],[-213,-85],[33,-368],[-515,-349],[-180,-248],[-296,25],[-225,-364],[-443,189],[205,-408],[-276,-209],[-842,-124],[-444,-125],[399,-463],[128,-408],[-5948,568],[-7883,751],[-431,-5699],[-6719,568],[-418,-259],[-1685,1717],[-3890,3569],[315,438],[-1447,781],[463,473],[-1704,134],[514,3599],[-4674,363],[-52,-89],[-1787,139],[-496,-279],[-199,-607],[-482,0],[-527,329],[-161,-229],[-206,25],[-129,-473],[180,-224],[-141,-105],[90,-353],[270,-249],[302,-25],[348,-144],[810,139],[154,-244],[-161,-129],[32,-408],[161,-423],[508,-414],[347,-89],[367,-309],[-206,-761],[148,-130],[-19,-1159],[238,-384],[-489,35],[-386,-443],[110,-269],[668,-49],[-109,-787],[-328,-35],[-309,-273],[-51,-199],[-785,-697],[-141,-174],[-45,-359],[-521,-373],[-527,-627],[19,-354],[-341,-99],[-295,84],[173,195],[-6,238],[-367,339],[-501,84],[-258,-79],[-540,-319],[-411,-144],[-682,30],[-302,313],[-386,-39],[-244,298],[-476,50],[-328,-45],[-649,284],[109,453],[-212,179],[51,279],[-135,94],[39,558],[-283,209],[-4225,308],[77,424],[-64,243],[-296,75],[-186,438],[-142,548],[-205,134],[-341,-179],[96,-413],[-251,-229],[-282,209],[-84,328],[-225,-99],[116,-239],[-116,-359],[-290,-418],[277,-323],[-1897,144],[45,-184],[-141,-388],[25,-299],[225,-199],[-2951,244],[141,1025],[-2810,209],[303,2026],[-251,617],[456,1593],[451,398],[231,1518],[-360,-5],[-392,-109],[-573,149],[-784,-15],[-334,-129],[-1119,622],[-1267,65],[-386,-45],[-186,65],[-695,54],[-842,1289],[-64,190],[-335,462],[-4076,319],[-97,-5595],[-1042,-7227],[-540,-2886],[7234,-588],[1479,-1140],[-2919,-2060],[334,-239],[-193,-249],[84,-463],[373,-164],[296,-5],[154,-164],[476,0],[456,-404],[322,-204],[598,334],[334,40],[675,-558],[-58,-323],[277,-70],[58,-249],[-142,-219],[193,-139],[52,-254],[-4051,-2409],[2887,-2638],[-4431,-2499],[-893,-731],[-611,-2992],[109,-453],[1003,-582],[3800,-6530],[1287,-707],[643,249],[392,70],[855,-50],[489,-150],[-3878,-2234],[-1350,1189],[-7742,-5355],[-463,-443],[-225,-433],[-103,-742],[-1260,95],[-450,-3241],[-7292,657],[-444,-3832],[-1267,333],[-4070,523],[-1151,30],[-1151,308],[-437,-3862],[-2720,204],[-206,-1653],[-238,-1781],[-199,-130],[-842,-348],[-405,5],[-727,-349],[-437,-129],[-457,-433],[-585,-712],[-476,-368],[-328,-140],[-906,433],[-373,314],[-611,194],[-643,120],[-450,149],[-341,299],[-161,597],[-984,438],[-636,94],[-495,5],[-978,-313],[-444,10],[-289,-219],[-585,-179],[-945,74],[-1087,179],[-733,190],[-405,15],[-611,-652],[-1022,-707],[-946,-851],[-662,-319],[-231,-40],[-778,15],[-753,-55],[-591,120],[-746,45],[-528,-120],[-610,-264],[-830,-174],[-1871,-154],[-2842,-154],[-1756,328],[-1768,642],[-1370,588],[-1523,467],[-1145,319],[-1222,229],[-2115,-582],[-309,-5],[-1505,477],[-475,185],[-1782,1189],[-109,140],[-765,1333],[-315,424],[-643,726],[-470,279],[-218,234],[-933,562],[-1009,448],[-907,239],[-784,-209],[-611,-199],[-392,-194],[218,-383],[135,-682],[-244,-533],[-514,-418],[-740,-323],[-1517,-453],[-283,-244],[-245,-90],[-283,-458],[-411,-144],[-225,-358],[-624,34],[-270,105],[-830,-194],[-244,134],[-662,-289],[-315,-248],[-257,-70],[45,-483],[-26,-522],[-720,-787],[-663,-65],[-328,60],[-1048,418],[-340,30],[-271,-95],[-334,-552],[-238,-219],[-1016,-368],[-418,-234],[-315,-314],[-476,-836],[-566,-667],[-70,-722],[-200,-263],[-668,-344],[-315,110],[-290,378],[-257,204],[-315,35],[-450,-403],[-3350,219],[-10777,711],[-3569,214],[-11632,752],[-12404,811],[97,772]],[[296270,475793],[475,3593],[-1125,60],[817,7138],[-2810,149],[-10571,587],[-90,-692],[-1344,95],[559,4430],[1132,9203],[-3016,194],[-96,-1239],[-7453,572],[-84,-672],[-4867,373],[1106,8457],[-3055,129],[-154,-1189],[-11908,746],[-669,-5534],[-10288,567],[-573,-5654],[-578,-70],[-560,75],[-347,328],[-296,55],[-354,249],[-868,-5],[-418,318],[-308,100],[-495,552],[-393,175],[-276,-55],[-476,84],[-624,-179],[-688,100],[-926,-5],[-276,124],[-238,-50],[-476,254],[-309,5],[-147,229],[-393,160],[90,214],[-250,29],[-103,389],[128,288],[-205,150],[-71,388],[720,-60],[1035,7342],[2058,-130],[849,7138],[681,5609],[-4475,299],[-4135,338],[-12481,966],[386,2782],[-3536,254],[-1016,528],[231,214],[-77,164],[39,348],[-148,324],[-341,174],[-161,364],[97,134],[-123,428],[322,35],[231,129],[-103,339],[-411,393],[-270,109],[6,259],[-173,558],[45,353],[-161,209],[122,189],[-51,473],[360,259],[469,30],[103,333],[-412,388],[0,254],[367,224],[-309,393],[174,210],[-26,243],[315,140],[-13,269],[258,124],[-225,513],[83,398],[-122,149],[-534,70],[-193,179],[-565,274],[212,318],[-90,219],[83,349],[-148,348],[-430,125],[-348,328],[-128,214],[-84,448],[-276,174],[-470,65],[-295,513],[-7,159],[-508,204],[-225,478],[-997,413],[26,194],[-167,403],[-206,100],[161,239],[-109,383],[102,343],[-475,334],[-110,289],[148,159],[-148,229],[39,224],[-129,373],[-283,159],[-19,209],[-206,130],[-501,-40],[-277,358],[77,394],[-57,308],[-200,115],[20,263],[-380,443],[-58,195],[-649,238],[-219,170],[-251,-45],[-334,428],[-656,154],[-180,-134],[-482,333],[58,458],[347,508],[45,234],[-51,383],[-245,378],[-32,224],[-257,364],[64,283],[-116,334],[142,149],[270,478],[405,115],[2913,-145],[501,4873],[5395,-388],[-135,-1170],[7299,-518],[321,2643],[-328,0],[-437,-129],[244,2922],[65,652],[4694,-209],[135,1423],[-10533,573],[804,8073],[733,174],[675,-562],[592,64],[604,-45],[141,-119],[-19,-393],[180,-55],[791,169],[547,35],[675,-89],[334,-185],[354,-318],[598,84],[546,294],[714,319],[341,3459],[-3865,159],[258,3415],[1569,-95],[456,3738],[553,4529],[9671,-726],[238,1891],[9793,-622],[-199,-1822],[7144,-647],[-3305,2992],[6790,4280],[437,284],[7369,-6993],[2926,1836],[7755,-6565],[5742,3703],[13,224],[-316,334],[-257,468],[-418,268],[-70,150],[-431,244],[-392,24],[-579,284],[-270,304],[-528,189],[-720,-25],[-816,90],[-579,129],[-598,274],[10648,7277],[3923,-3440],[6398,6401],[2546,2549],[-360,-65],[-842,79],[-155,175],[-424,64],[-302,414],[-193,79],[-753,578],[-424,154],[-71,174],[-752,289],[-444,373],[-38,139],[-322,194],[39,205],[-225,104],[-187,388],[-296,125],[-392,40],[-321,189],[-277,20],[-463,239],[-77,184],[-392,244],[5568,5738],[971,7999],[1518,12627],[2109,12125],[1067,6142],[2643,2902],[3974,-2031],[2778,3046],[6,125],[-495,348],[-778,667],[-739,483]],[[981892,222930],[148,-249],[-13,-473],[-135,-1016],[-187,-1766],[-109,-1598],[-32,-802],[83,-1488],[168,-896],[180,-701],[340,-827],[110,-94],[385,-752],[341,-557],[309,-413],[611,-553],[752,-488],[688,-368],[849,-179],[469,-15],[483,84],[77,-189],[-13,-955],[154,-657],[328,-428],[-244,-722],[-399,-652],[-508,-707],[-1112,-1727],[-560,-986],[-308,-462],[-2624,-4455],[-456,-657],[-611,-1045],[-1293,-2026],[-173,-314],[-1087,-1667],[-559,-1001],[-566,-896],[-1010,-1732],[-746,-1353],[-482,-817],[-1267,-2245],[-257,-517],[-682,-1240],[-1311,-2633],[-708,-1632],[-546,-1508],[-257,-901],[-232,-1006],[-58,-980],[90,-891],[122,-662],[251,-876],[212,-533],[45,-567],[-450,-1254],[-340,-408],[-45,-394]],[[944237,118426],[1260,-155],[-148,-303],[810,-100],[765,130],[361,-150],[160,-254],[251,85],[399,343],[662,-413],[232,946],[392,-284],[122,528],[373,-45],[264,-129],[546,-60],[-141,-612],[726,-179],[-122,-463],[347,-239],[573,40],[250,104],[418,-209],[450,-453],[-19,-134],[412,-458],[289,-40],[219,-294],[398,55],[605,-154],[334,94],[-96,-448],[424,-44],[-51,-254],[771,-85],[-173,-796],[-727,74],[-77,-358],[64,-363],[380,-40],[-110,-428],[1029,-110],[-193,-831],[-270,-169],[-444,-135],[-212,-990],[1023,-105],[739,120],[367,-239],[463,134],[340,204],[618,-4],[411,-75],[245,-229],[585,-159],[1221,-135],[116,-119],[508,-204],[341,-314],[540,219],[199,-289],[451,-224],[212,80],[939,-85],[553,289],[340,-5],[103,637],[1563,-154],[437,-279],[238,-40],[116,-229],[270,25],[450,-189],[720,369],[154,328],[-38,448],[482,299],[13,139],[3858,727]],[[974317,111587],[682,-1837],[237,-557],[502,-971],[688,-1095],[707,-921],[508,-532],[367,-543],[193,-612],[-52,-204],[-373,-249],[-160,-264],[-431,-224],[-643,0],[-335,-99],[-617,15],[-2173,696],[-193,-49],[-624,94],[-907,-169],[-488,-229],[-2032,-851],[-682,-816],[-508,-881],[-450,-478],[-64,-244],[-328,-194],[0,-229],[-315,-329],[-64,-318],[160,-453],[328,-349],[206,-44],[617,144],[483,-159],[1106,-239],[488,-60],[341,-124],[617,144],[393,164],[604,463],[264,-388],[-26,-513],[180,-184],[-174,-214],[-77,-518],[129,-154],[-380,-771],[-218,-797],[-978,264],[-334,-149],[-174,49],[-1157,-1154]],[[955026,114065],[-51,-214],[373,-10],[-84,264],[-238,-40]],[[296270,475793],[-14597,1000],[-784,-6251],[-881,-6655],[1935,-124],[-675,-5665],[-514,-4335],[-451,-3763],[-443,-3648],[-720,-5913],[2880,-184],[-636,-5251],[199,-10],[-784,-6411],[-926,-150],[-174,15],[-135,-721],[-84,-727],[245,-15],[-373,-3235],[-283,25],[-1595,-2469],[3440,-259],[-546,-3808],[-1537,115],[-649,-4584],[-1222,99],[-405,-3404],[-238,-2106],[-5710,369],[-257,-1160],[2488,-164],[-347,-2797],[-52,10],[-591,-4843],[2115,-115],[-347,-3310],[-5928,75],[-6431,906],[-668,-389],[5812,-4937],[-4739,-2807],[1782,-135],[-733,-5261],[-2701,-1582],[2276,-160],[-109,-866]],[[187433,158418],[-9736,0],[-10339,-5],[-10340,0],[-10340,0],[-10339,0],[-5170,0],[-10340,0],[-5170,0],[-10333,-5],[-5170,0],[-5176,-5],[-5164,5],[-5169,0],[-6598,0],[-8906,-5],[-10333,0],[-10333,0],[-10333,-5],[-10334,0],[-10326,0],[-10334,0],[-6867,0],[-7,3614],[0,7232],[-6,7232],[0,3614],[0,7227],[0,7232],[0,7227],[0,7232],[0,7227],[0,3614],[0,7232],[-6,3613],[0,7232],[0,3614],[0,7232],[0,7232],[0,7227],[-7,7152],[0,3699],[-6,7232],[-7,3613],[0,7232],[-6,7232],[-7,5062],[0,3181],[-12,6221],[-7,4341],[0,6500],[0,3614],[-6,6510],[0,3613],[-7,4500],[-6,7073],[-7,7232],[0,4604],[-6,6973],[-6,6510],[-13,7232],[0,7237],[-7,3619],[-6,7232],[0,7237],[-7,7237],[-6,4111],[0,6740],[-6,7237],[-7,7237],[-6,7237],[-7,7237],[-6,7237],[0,7242],[-7,3618],[-6,7237],[-6,7242],[0,7237],[0,4122],[12,4803],[-6,5550],[-6,7232],[-7,7237],[-6,2020],[-7,6655],[0,4345],[-6,9412],[0,6511],[-7,7237],[-6,7232],[-6,6446],[-20,10228],[0,11801],[0,4092],[-6,7237],[-7,7237],[-6,7242],[0,7789],[611,-438],[842,-378],[695,-448],[77,-269],[630,-174],[321,-154],[412,-354],[611,-866],[1222,-612],[148,-134],[-13,-239],[289,5],[643,-503],[862,-577],[385,-319],[849,-368],[958,-468],[631,-209],[270,-179],[-65,-349],[386,80],[495,-279],[624,-284],[1022,-393],[656,-214],[1241,-333],[933,-199],[1819,-314],[367,-100],[945,-642],[579,-243],[1119,-254],[321,-189],[675,144],[32,204],[1994,-35],[341,-70],[1305,-443],[919,-373],[753,-458],[778,-313],[347,0],[354,94],[636,30],[489,-40],[341,-264],[353,-14],[817,-259],[476,-35],[135,179],[289,50],[1248,-110],[1183,-15],[534,-114],[205,214],[2174,119],[508,-74],[103,64],[1099,170],[547,35],[1086,134],[187,109],[302,-149],[251,-10],[842,-189],[270,-164],[598,-578],[373,-214],[1318,-477],[1402,-379],[1003,-219],[206,-174],[341,-30],[1048,-333],[360,-264],[997,-358],[829,-224],[1351,-269],[791,-135],[327,-99],[283,-299],[444,-224],[682,-234],[1575,-268],[662,-135],[457,-50],[1331,70],[823,-179],[431,-130],[1260,-159],[900,-79],[1216,-70],[122,-130],[591,-119],[386,-314],[283,234],[380,-89],[1015,-513],[361,-134],[469,-90],[45,-304],[-225,-124],[-244,-328],[141,-100],[52,-358],[282,-508],[438,-418],[1556,-821],[591,-906],[856,-792],[231,10],[669,-239],[591,-263],[1601,-359],[470,-64],[559,-234],[-238,-608],[-405,-517],[-167,-389],[-225,-806],[-32,-562],[58,-329],[315,-826],[45,-294],[141,-244],[20,-308],[154,-289],[154,-687],[155,-1150],[250,-418],[13,-243],[418,-628],[45,-313],[129,-55],[308,-602],[553,-792],[348,-701],[527,-692],[341,-588],[160,-652],[226,-159],[591,-786],[277,-150],[1054,-776],[283,-110],[817,-418],[1813,-816],[141,-164],[245,-15],[527,-189],[740,-354],[707,-109],[939,-274],[302,-189],[727,25],[713,-25],[823,20],[907,84],[1247,0],[553,-84],[406,-189],[1253,-488],[502,-314],[907,-154],[868,-294],[1196,-642],[733,-582],[572,-239],[1010,-353],[514,-369],[637,-517],[109,-209],[-457,-10],[-263,-95],[823,-363],[675,-130],[174,-174],[244,45],[328,-174],[341,59],[321,-99],[405,-229],[270,-567],[193,-279],[315,-209],[-32,-199],[341,44],[180,-263],[444,-319],[990,-323],[315,-259],[495,-289],[540,-40],[1068,-268],[443,9],[1164,-189],[103,-64],[617,10],[26,-229],[399,-20],[373,134],[720,-224],[231,-269],[238,-64],[296,-249],[315,-30],[283,124],[122,-214],[-128,-298],[1311,179],[811,-65],[418,-234],[282,35],[348,334],[533,-70],[592,214],[482,-199],[103,-224],[707,-498],[13,-209],[-328,-224],[-19,-433],[746,10],[-238,184],[129,284],[244,-20],[2199,-737],[1370,-328],[276,-25],[875,-219],[926,-358],[443,-269],[142,-289],[-605,-234],[232,-119],[-32,-548],[135,-284],[289,-383],[836,-726],[971,-633],[624,-323],[649,-284],[913,-214],[1524,-254],[920,-49],[2900,-45],[2180,214],[1176,239],[830,104],[302,-84],[135,104],[765,149],[605,20],[392,115],[990,139],[354,-20],[424,-209],[778,239],[1293,239],[437,40],[456,-60],[367,115],[579,54],[379,-25],[315,80],[1151,179],[315,80],[1203,45],[1344,119],[1016,274],[1408,244],[1279,453],[1164,448],[521,358],[759,189],[353,194],[316,-35],[276,-149],[1704,169],[1235,294],[1208,324],[1235,542],[971,667],[405,149],[399,25],[720,194],[399,-5],[540,299],[328,65],[328,199],[688,299],[1421,751],[1067,782],[431,388],[849,527],[148,234],[328,100],[488,274],[547,84],[341,150],[289,268],[154,20],[656,-219],[367,10],[263,-134],[251,74],[199,205],[251,433],[978,701],[688,289],[0,194],[1292,254],[1235,398],[308,15],[849,329],[457,487],[752,563],[347,687],[656,672],[97,169],[604,622],[141,55],[560,537],[32,349],[277,343],[70,383],[257,538],[13,319],[373,965],[-19,473],[84,478],[289,652],[6,577],[168,90],[147,916],[26,458],[219,900],[218,364],[412,488],[129,258],[-129,115],[39,323],[482,548],[501,179],[-6,602],[501,941],[193,189],[-83,349],[411,1986],[7,214],[-155,164],[193,343],[-148,792],[-231,582],[90,602],[-225,110],[-116,313],[212,827],[206,557],[399,791],[347,364],[637,901],[643,497],[1073,662],[586,438],[636,528],[1447,1369],[662,731],[1010,1255],[341,582],[192,473],[84,1105],[277,627],[160,55],[425,-145],[341,50],[32,264],[-425,-15],[-32,194],[412,-60],[295,65],[618,244],[598,343],[1498,1016],[688,552],[1247,1080],[496,463],[810,906],[424,543],[251,164],[887,1264],[341,727],[244,1339],[264,846],[219,503],[77,557],[173,324],[348,253],[0,145],[398,657],[225,199],[406,124],[385,-34],[258,-344],[282,373],[20,473],[521,777],[443,716],[225,433],[727,1011],[167,537],[52,418],[-135,797],[-361,592],[-578,488],[-200,289],[13,667],[155,368],[572,368],[90,513],[347,428],[425,682],[353,418],[174,338],[366,886],[-13,180],[643,1547],[13,195],[367,682],[238,920],[148,702],[-168,358],[142,478],[386,632],[1781,2081],[566,727],[643,682],[578,806],[907,1364],[444,811],[154,533],[-154,542],[-720,891],[-206,443],[-360,528],[-457,1289],[-598,1453],[-51,259],[-367,931],[-495,980],[-51,304],[328,209],[405,154],[263,423],[0,125],[418,587],[470,896],[263,806],[219,1195],[251,1901],[26,483],[199,2180],[122,986],[77,393],[257,831],[322,1334],[45,358],[321,807],[682,2165],[283,965],[772,2235],[315,772],[418,816],[334,304]],[[234739,702241],[348,75]],[[119151,622923],[315,139],[501,-5],[277,60],[302,219],[-90,353],[431,169],[135,-204],[592,-174],[-521,-254],[-354,-298],[-321,19],[-457,-214],[-103,-219],[-206,-84],[-353,428],[-148,65]],[[118810,620757],[32,35],[32,-15],[-38,-39],[-26,19]],[[118726,620653],[45,30],[-12,-40],[-33,10]],[[117730,620962],[521,293],[379,-144],[-482,-145],[-418,-4]],[[116283,631678],[412,-150],[-155,-169],[-257,319]],[[116598,630961],[52,55],[51,-60],[-103,5]],[[109731,632330],[450,134],[244,289],[45,418],[328,358],[585,-64],[238,-209],[-103,-279],[84,-523],[315,-293],[-129,-319],[52,-418],[-90,-398],[-380,268],[-25,130],[-296,119],[-425,-64],[-289,34],[-431,453],[-173,364]],[[74963,625620],[508,339],[431,209],[379,298],[649,384],[586,278],[630,414],[418,542],[32,209],[-257,274],[501,537],[-90,234],[695,289],[443,254],[270,254],[129,502],[-135,185],[456,154],[457,244],[527,129],[978,468],[746,319],[495,512],[250,179],[483,185],[398,5],[624,-199],[495,-45],[933,174],[540,224],[251,-294],[668,-234],[122,204],[-758,194],[-90,70],[263,309],[1068,55],[456,-25],[881,214],[1421,89],[482,-109],[959,-30],[726,35],[701,134],[476,179],[13,150],[508,169],[193,249],[829,293],[1248,334],[585,194],[521,229],[186,249],[-71,279],[348,69],[463,289],[437,-214],[829,-164],[1299,-95],[945,-154],[766,-851],[559,-264],[553,-349],[630,-602],[547,-249],[623,-64],[721,34],[373,-109],[180,-249],[-161,-323],[128,-259],[373,109],[264,-35],[174,-428],[315,-99],[231,-508],[-193,-393],[45,-702],[-109,-194],[206,-149],[527,-185],[129,-552],[-373,-90],[-335,25],[-791,-49],[-96,462],[-309,304],[-713,75],[-856,-65],[-315,-279],[-585,-84],[-257,-254],[-354,30],[-392,-105],[-276,-204],[-515,-159],[-1312,-692],[-180,179],[45,259],[-308,214],[19,478],[-579,199],[-64,348],[-154,219],[289,448],[-161,224],[-379,214],[-605,155],[-218,159],[-90,294],[270,139],[-109,169],[-1158,-358],[-103,-339],[-251,-358],[-340,-174],[-148,-175],[212,-169],[-141,-249],[-740,70],[-392,-45],[-251,204],[-302,10],[-302,-139],[-431,-408],[-759,-40],[-13,159],[-289,35],[-386,-289],[-39,-258],[187,-40],[476,-388],[218,-279],[483,-85],[482,50],[360,104],[547,-9],[102,-85],[84,-508],[-84,-254],[-488,-348],[-7,-398],[-373,25],[-83,224],[-251,194],[-45,239],[-399,209],[-572,-45],[-527,-169],[-894,-483],[-193,-418],[630,-70],[367,-149],[83,-219],[-308,-816],[347,-364],[6,-204],[-424,-562],[-315,-50],[-322,89],[-508,-9],[-656,-125],[-64,-214],[212,-45],[116,-273],[328,-200],[219,-308],[-84,-254],[-6,-518],[-540,-129],[-129,-120],[-296,80],[-1260,45],[141,343],[-450,438],[7,145],[-380,497],[-257,190],[-373,69],[-592,593],[-417,129],[559,378],[-373,80],[-463,328],[-437,120],[-193,-55],[45,-234],[617,-368],[26,-179],[-347,-25],[180,-374],[6,-751],[58,-214],[540,-428],[-206,-339],[-578,-393],[-219,-338],[148,-319],[-167,-119],[-528,428],[-643,119],[-64,-144],[341,-259],[-45,-299],[-367,-283],[-636,-364],[-444,-353],[-212,-30],[-514,-647],[-193,-343],[-161,-20],[-424,298],[-238,-44],[-496,-239],[-334,-234],[-463,109],[-437,-55],[-392,100],[-251,299],[-855,49],[-489,-74],[-682,-279],[-218,-35],[-180,249],[-7,214],[-193,418],[-347,254],[-546,95],[90,403],[430,323],[-83,140],[-560,-274],[-167,-548],[-386,-20],[-238,682],[142,379],[-39,353],[-250,488],[-200,114],[-611,-74],[-456,94],[-437,-70],[-258,95],[-238,388],[-25,468],[-270,493],[-270,224],[218,249],[386,298],[154,314],[-83,368]],[[102928,600629],[668,35],[598,294],[39,308],[-129,314],[360,279],[142,318],[231,120],[52,263],[-129,314],[148,244],[514,-199],[303,-354],[70,-194],[-353,-219],[-58,-224],[-264,-219],[-617,-871],[-386,-493],[-96,-219],[115,-278],[71,-533],[-611,15],[-463,433],[-96,772],[-109,94]],[[89971,602092],[707,-89],[553,35],[662,229],[682,637],[791,303],[444,304],[167,523],[-71,184],[232,473],[392,15],[585,-90],[141,164],[483,105],[443,318],[258,289],[-45,229],[122,368],[-161,289],[109,264],[-231,497],[231,35],[174,-144],[476,-174],[83,-279],[200,-239],[848,-687],[573,-333],[456,-354],[315,-333],[335,-174],[521,25],[-116,-259],[-315,-329],[109,-507],[379,-657],[180,-219],[676,-424],[225,-462],[-463,-25],[-483,-125],[-488,-234],[-155,45],[-829,-45],[-1100,-258],[-315,-344],[-302,-219],[-129,-209],[-353,159],[-482,100],[-824,-55],[-372,154],[-97,289],[148,349],[-219,219],[-823,24],[-1498,-303],[-302,40],[-328,-135],[-122,-393],[-257,-304],[-58,-209],[270,-209],[-753,35],[-186,144],[-58,433],[-585,379],[-19,348],[-264,314],[-167,502]],[[100175,600485],[425,-234],[-315,-249],[32,-299],[-302,35],[0,234],[231,274],[-71,239]],[[93179,622012],[277,94],[296,274],[668,189],[168,125],[366,-60],[257,-314],[39,-209],[-257,-129],[-386,-518],[-84,-328],[-424,-179],[-283,-195],[-643,50],[-219,110],[39,293],[-167,70],[353,727]],[[95089,625576],[52,0],[-7,-20],[-38,5],[-7,15]],[[94086,622669],[84,35],[-13,-35],[-71,0]],[[93771,622913],[219,-40],[-142,-120],[-77,160]],[[88106,602749],[559,40],[824,-244],[-367,-94],[-977,174],[-39,124]],[[88910,604661],[206,59],[57,125],[-6,99],[84,-29],[-84,-165],[-84,-64],[-173,-25]],[[88974,624112],[161,209],[148,-269],[-309,60]],[[88479,606104],[296,-214],[-58,-79],[-161,119],[-77,174]],[[87855,608488],[193,-74],[-58,-95],[-128,45],[-7,124]],[[83187,618941],[463,-284],[-142,-149],[-122,174],[-199,80],[0,179]],[[82615,642862],[38,20],[52,-25],[-45,-35],[-45,40]],[[81399,606672],[528,69],[270,-134],[51,-249],[-167,-100],[-617,10],[70,190],[-135,214]],[[82094,642613],[399,-60],[-219,-269],[-180,329]],[[77889,605875],[405,20],[379,-388],[418,-179],[270,-289],[817,-388],[218,-349],[489,-418],[752,-403],[-861,-70],[13,254],[-348,249],[-623,-99],[-328,154],[-213,214],[-231,428],[-328,20],[-238,-115],[-174,583],[-308,293],[-161,264],[52,219]],[[80840,644529],[109,-10],[-38,-124],[-84,89],[13,45]],[[77181,606547],[309,20],[6,-99],[-315,79]],[[73973,621409],[405,389],[1247,736],[399,-34],[418,-115],[257,-219],[-167,-677],[-232,-269],[-19,-164],[257,-557],[71,-319],[-515,-448],[-430,-15],[-380,-199],[-308,-274],[-58,-189],[122,-363],[-579,40],[-398,-75],[-418,-229],[-39,184],[180,279],[270,707],[-218,582],[-181,154],[-25,329],[276,398],[65,348]],[[75034,619115],[57,10],[116,-269],[-83,65],[-97,134],[7,60]],[[74481,617388],[32,30],[90,20],[-32,-35],[-90,-15]],[[74352,617024],[6,0],[0,-29],[-19,-30],[6,35],[7,10],[0,14]],[[70642,615392],[2122,637],[289,169],[238,-129],[225,-463],[521,-244],[206,-234],[-335,-318],[-328,79],[-360,-5],[-283,85],[-437,-164],[-180,84],[-277,-279],[-141,25],[-572,-184],[-579,-463],[-206,423],[-64,399],[251,378],[-90,204]],[[74133,614879],[7,0],[6,-5],[-6,0],[-7,5]],[[73645,618234],[199,75],[186,-309],[-373,10],[-12,224]],[[73497,616681],[19,-5],[51,-10],[7,-10],[-39,5],[-13,0],[-25,20]],[[73194,616591],[13,10],[0,-5],[-6,-5],[-7,0]],[[72359,613167],[19,-10],[19,-65],[-13,5],[0,15],[-25,55]],[[67999,611753],[354,165],[135,-174],[565,-244],[213,-428],[-187,-90],[-283,279],[-302,25],[-373,278],[-122,189]],[[68320,612664],[386,274],[129,-40],[58,-338],[-450,-194],[-123,298]],[[944044,362275],[3729,-4938],[97,-388],[-110,-338],[380,-1752],[116,-289],[533,-1757],[110,-1254],[559,-1016],[276,-169],[116,-538],[-154,-1403],[128,-1001],[-244,-562],[199,-1404],[84,-229],[-64,-363],[-277,-353],[-270,-528],[-514,-508],[-367,-288],[-302,-160],[-90,-1304],[58,-278],[-212,-483],[-84,-801],[-681,-643],[-142,-313],[9446,-31233],[2630,-8641]],[[703697,185157],[-218,-319],[-450,90],[-566,-214],[-765,10],[-136,-200],[-295,-54],[-1518,134],[-263,428],[-586,-174],[-1942,239],[-572,313],[-617,85],[-174,304],[90,124],[-302,154],[-302,-5],[-412,-229],[-443,314],[-476,159],[-502,50],[-70,159],[-598,374],[-245,343],[-1132,204],[-450,174],[-726,443],[-65,523],[-379,169],[502,2205],[418,239],[19,204],[347,304],[547,169],[-20,274],[354,288],[424,105],[-424,692],[-469,851],[-450,75],[-200,-70],[129,-259],[-598,-124],[-431,59],[-341,249],[-495,155],[-379,-289],[-540,-50],[-611,209],[-116,-363],[-244,-179],[-97,-453],[-251,-229],[-225,-15],[-205,-239],[-367,184],[-765,732],[-341,388],[-411,239],[-753,-25],[-816,169],[-148,90],[-438,25],[-469,244],[6,149],[-328,249],[-688,308],[-347,20],[-431,254],[-758,-179],[-579,70],[-296,243],[-804,145],[-379,-25],[-559,70],[-367,-150],[-482,70],[-971,-85],[-425,170],[-752,-85],[-1312,-582],[-598,154],[-656,99],[-257,130],[-328,-40],[-443,-518],[-386,80],[-19,204],[-515,513],[-424,50],[-598,-115],[-322,269],[-6,209],[-630,214],[-528,-174],[-199,174],[-366,90],[-271,452],[-694,120],[-437,199],[-251,189],[-887,-124],[-444,40],[58,418],[-643,746],[-232,344],[90,194],[-154,139],[174,458],[-225,229],[-431,115],[-534,288],[51,214],[-520,249],[-502,403],[-347,100],[-244,298],[-258,110],[-752,552],[26,195],[-135,487],[-360,100],[-238,194],[-766,413],[-212,314],[-270,44],[-456,-129],[-701,30],[-431,90],[-379,-244],[-270,-40],[-650,55],[-701,1129],[-308,0],[-701,906],[-418,-84],[-393,169],[-25,318],[-296,170],[-64,174],[141,209],[-257,154],[-296,-35],[-276,209],[-682,185],[-302,229],[-148,323],[-232,85],[33,214],[-309,423],[-52,293],[-154,165],[0,308],[238,125],[-341,642],[264,443],[-167,333],[-630,314],[-238,264],[38,258],[-514,608],[-688,139],[-502,-119],[-424,64],[-199,160],[-476,154],[-283,284],[-888,79],[-437,-164],[-591,488],[-573,607],[-694,-55],[-701,30],[-244,-80]],[[737076,59051],[-784,-3907],[-939,74],[-617,-2991],[-1003,-4913],[-5132,498],[20,75],[-8797,861],[-32,-194],[-2784,229],[-142,-55],[-4372,353],[32,190],[-2199,164],[-2482,-2369],[-2797,-2748],[-553,-3175],[-1151,-6595],[167,-15],[-302,-1737],[-97,5],[-334,-1912],[752,-59],[-521,-2997],[-257,-55],[-264,-1781],[1820,-150],[2534,-179],[-251,-1453],[-534,-3305],[1035,-60],[-610,-2986],[2237,-2086],[1756,-1513],[276,309],[392,-349],[123,-328]],[[711266,13897],[147,-548],[-218,-45],[-257,-278],[-200,25],[-51,-399],[-264,-79],[174,-304],[-360,-483],[-225,-64],[-135,-453],[-213,-219],[-205,134],[-650,-189],[-431,134],[-25,-219],[-290,10],[-205,-423],[-360,-209],[-290,45],[-1331,-329],[-77,-353],[-373,-289],[-154,-268],[-309,-130],[-6475,5],[-9080,-5],[-7973,0],[-10873,0],[-7363,0],[-5189,0],[-9002,0],[-5865,0],[-9555,0],[-6700,0],[-11343,0],[-5311,0],[-9433,0],[-6488,0],[-10616,0],[-8180,0]],[[971070,150534],[-341,-856],[-772,-2165],[-341,-1080],[-578,-2225],[-167,-921],[-58,-1259],[128,-961],[380,-925],[405,-568],[308,-313],[309,-140],[521,-109],[495,343],[296,-15],[167,125],[559,-145],[-128,-343],[161,-139],[-142,-309],[-649,-2200],[-283,-1075],[-257,-1593],[-161,-647],[-97,-871],[0,-383],[193,-314],[444,-413],[-129,-373],[-135,-767],[-64,-1204],[58,-513],[231,-617],[-51,-368],[19,-827],[122,-378],[116,-672],[219,-433],[437,-234],[418,-308],[540,-130],[463,80],[-129,-1180],[-64,-1204],[26,-453],[154,-1001],[-77,-239],[174,-886],[154,-338],[469,-134],[0,-289],[142,-249],[-560,-65],[-469,-343],[-347,-1334],[-45,-289],[96,-801],[20,-607],[122,-617],[469,-1384],[476,-1289]],[[972118,127678],[71,20],[160,-64],[-90,-35],[-141,79]],[[925583,59982],[-431,403],[-553,114],[-1074,75],[-624,-149],[-276,219],[-566,-194],[-444,-90],[-353,90],[-360,-50],[-515,144],[-604,324],[-328,5],[0,-249],[-476,-90],[-592,-333],[-520,-20],[-682,-115],[-386,274],[-707,314],[-650,154],[-527,0],[-868,169],[-116,-527],[-521,20],[-340,139],[-187,-134],[-476,-65],[-1112,-35],[-135,-85],[-662,75],[-431,-15],[-90,184],[-425,234],[26,224],[206,115],[-19,184],[-251,184],[-2084,219],[-565,-239],[0,-129],[-1010,-588],[-502,-119],[-3150,338],[-97,-428],[-1877,194],[244,-587],[-1453,154],[-167,-622],[-3318,354],[-187,-827],[-630,239],[-116,-298],[637,-866],[-52,-180],[-6989,752],[-103,-438],[-585,294],[-251,10],[-521,-513],[341,-229],[-817,-413],[-379,383],[-476,622],[-444,-144],[-276,75],[-309,263],[-1080,209],[-624,20],[-1774,155],[-52,-40],[-1929,199],[-32,-20],[-2894,259],[-148,-20],[-2449,234],[-2187,234],[-463,-2255],[-1897,179],[-720,-3688],[-1344,124],[-295,-74],[-431,-274],[-200,-582],[-501,84],[-437,-25],[-180,-323],[244,-254],[-476,-966],[116,-786],[-244,-119],[-894,-85],[-862,-363],[-444,29],[-392,-243],[-334,358],[-675,134],[-315,170],[-637,-105],[-116,-219],[-334,-269],[-714,-154],[-219,-110],[-167,-268],[-302,-105],[-617,-30],[-450,85],[-206,214],[-540,55],[-457,-393],[-315,-140],[-617,95],[-470,-160],[-475,-403],[-4328,443],[71,304],[-347,-50],[-470,139],[-585,-408],[-939,90],[174,747],[-1916,-120],[-212,-164],[-412,35],[-534,-224],[-2225,109],[58,339],[-2405,258],[-495,-238],[-353,288],[96,140],[-328,861],[148,328],[302,164],[296,364],[52,368],[160,55],[296,746],[-90,324],[-7253,702],[-5543,537],[-309,463],[-996,-264],[-695,543],[71,752],[302,443],[-1685,761],[-559,533],[-90,582],[-1788,413],[-430,50],[-90,318],[-534,349],[-572,-289],[-412,229],[-38,1120],[-727,403],[-939,100],[-38,219],[-373,-25]],[[617597,527467],[412,-731],[373,-314],[225,-323],[6237,-1966],[810,-289],[8315,-1722],[1022,-284],[3787,-2334],[676,-189],[681,-309],[309,-657],[1884,-1483],[3016,-956],[2282,-1175],[3286,125],[2977,-792],[11658,-3837],[2103,-1055],[238,-184],[2360,-956],[520,-60],[457,-368],[8391,-2205],[110,-115],[8700,-2195],[13824,-1747],[476,-423],[2560,-3205],[212,-169],[3388,-473],[406,-150],[334,-258],[4308,-667],[14661,-4201],[6128,-1757],[14249,-6177],[617,-189],[13465,-7282],[328,-363],[302,-65],[515,-348],[4559,-1230],[2141,-1812],[1395,-647]],[[931923,46080],[-251,-214],[-508,-25],[-186,65],[-611,-115],[-245,-278],[97,-244],[-206,-135],[-186,-298],[-193,-20],[-425,-329],[-186,-338],[103,-249],[-547,-114],[-308,104],[-605,-94],[-309,124],[-225,-239],[45,-274],[-205,-164],[-7,-498],[450,-557],[-128,-229],[-347,-264],[-586,-279],[-141,-253],[-347,-254],[-116,-254],[-418,-319],[-437,160],[-232,-65],[-617,40],[-553,244],[-945,-339],[-399,70],[-244,-85],[-341,80],[-399,-10],[-296,164],[-411,40],[-135,-309],[-855,-507],[-225,-190],[-90,-318],[-168,-149],[-302,-20],[-971,104],[-405,-502],[-289,-125],[-444,-408],[-630,-319],[-71,-278],[-456,-304],[-148,-368],[-193,-10],[-264,-379],[-283,-214],[-205,155],[-425,114],[-173,279],[-618,100],[-315,104],[-251,-229],[-1389,299],[-533,-100],[-122,-169],[-528,-65],[-276,-154],[-425,-488],[-482,-84],[-386,-339],[-649,-179],[-328,60],[-1010,-264],[-463,-15],[-257,-95],[-649,105],[-64,-398],[-123,-110],[20,-318],[-476,-284],[-296,10],[-611,-229],[-116,-204],[-520,-403],[-1074,-533],[64,-154],[-212,-199],[-1042,-145],[-559,170],[-193,-45],[-277,433],[78,294],[-200,383],[-604,-85],[-219,-224],[-926,-483],[180,-393],[-263,-353],[-58,-284],[199,-149],[-116,-528],[251,-259],[-103,-229],[167,-169],[270,-45],[206,-249],[598,-44],[630,-428],[155,-493],[244,-144],[-193,-324],[116,-408],[180,-244],[-232,-309],[58,-194],[611,-582],[122,-199],[-25,-513],[263,-149],[180,-279],[341,-328],[424,94],[695,-109],[482,74],[373,-184],[-26,-239],[515,-453],[694,140],[309,-284],[-219,-274],[116,-308],[354,-404],[257,-169],[-302,-328],[-592,-165],[-527,-363],[-746,-313],[244,-100],[103,-328],[-437,-354],[19,-264],[-308,-194],[96,-796],[-148,-219],[315,-169],[-173,-324],[-225,-94],[32,-234],[199,-190],[-174,-308],[84,-354],[-122,-219],[-77,-647],[-425,-184],[-250,45],[-116,-284],[-270,-64],[83,-319],[-212,-294],[527,-224],[187,-174],[231,159],[515,170],[90,-150],[-225,-189],[128,-293],[-475,-279],[83,-199],[-206,-135],[-302,-706],[-424,-195],[-399,-597],[-585,-89],[-122,248],[103,190],[-213,214],[-205,-165],[-740,-398],[-701,-174],[-250,-324],[-483,-119],[-308,100],[-290,-120],[-939,-119],[-610,-160],[-303,-154],[-424,-55],[51,224],[-218,234],[-392,150],[-772,184],[-187,-100],[-720,194],[-173,-89],[-637,-20],[-225,219],[-360,124],[-810,-84],[-476,-219],[-180,-359],[26,-169],[-142,-428],[302,-533],[-250,-278],[-26,-418],[-315,-244],[-322,-115],[-797,209],[-97,204],[181,254],[-496,264],[-868,-209],[-263,-194],[-418,-25],[-348,-164],[-437,69],[206,399],[-32,482],[-675,150],[-290,254],[-58,209],[-237,149],[-425,75],[-71,298],[-418,697],[90,189],[-270,95],[-19,184],[-309,537],[136,130],[12,353],[-482,224],[-244,-79],[-206,-239],[-399,-110],[-141,214],[-296,-25],[-244,-333],[-32,-184],[-399,-314],[-611,-30],[-77,-209],[-476,-348],[-193,-374],[-566,105],[-482,-319],[-540,-283],[-379,20],[-457,-254],[-19,-234],[-225,-159],[-470,323],[-578,-124],[-341,134],[-418,-80],[-103,-119],[-842,-169],[-354,-259],[-392,-393],[-547,-5],[-238,119],[-1196,-552],[-212,-20],[-51,-369],[-187,-462],[-334,-284],[103,-189],[-348,-279],[-566,-214],[-141,-309],[-309,-64],[-430,-403],[-226,-90],[-212,-448],[-321,-254],[13,-234],[-187,-234],[142,-592],[-206,-259],[-244,-493],[443,-273],[335,-135],[25,-219],[-604,-94],[-399,-787],[-161,-99],[-514,-85],[-887,-348],[-328,-936],[-232,-363],[-431,-319],[-971,-463],[-186,-308],[-289,-135],[-547,-10],[-424,-234],[-283,-448],[-193,-144],[-26,-274],[-431,-298],[-501,109],[-489,-94],[-1382,233],[-341,-169],[-933,-174],[-244,219],[-810,403],[-431,30],[-238,244],[26,189],[-174,189],[-19,349],[148,179],[418,224],[-354,403],[-534,463],[-205,353],[-399,65],[-199,-70],[-277,274],[-296,164],[-244,309],[-64,732],[-225,129],[32,269],[688,577],[-7,363],[161,25],[154,294],[-289,149],[-71,627],[-553,-10],[-295,249],[141,304],[611,353],[39,533],[-58,204],[-290,294],[-135,602],[296,259],[-598,338],[90,249],[476,194],[58,737],[-367,313],[-77,204],[-456,120],[-271,214],[-360,-5],[-495,289],[-418,99],[-199,219],[-122,523],[-257,224],[-335,-199],[-559,99],[-367,125],[-514,298],[-13,314],[-463,388],[-1003,299],[-360,-110],[-392,20],[-71,130],[-534,368],[-116,229],[-610,0],[-547,259],[-212,-145],[-508,150],[-431,477],[-630,0],[-437,389],[-206,-105],[-135,408],[-476,-79],[-264,124],[-585,60],[-720,-339],[0,-179],[-817,-64],[-328,-180],[-45,244],[-424,-15],[-180,249],[-283,184],[244,170],[-366,258],[-13,399],[309,179],[-58,214],[19,707],[-212,5],[-302,189],[-521,-5],[71,477],[-123,344],[-321,159],[122,159],[502,80],[-187,712],[-154,139],[-817,443],[-77,130],[-495,29],[-810,210],[-483,24],[-167,150],[-527,40],[-508,-299],[-174,104],[-533,-49],[-315,144],[-103,249],[-521,-90],[38,214],[-321,150],[-154,866],[-431,353],[-302,-94],[-528,263],[-225,324],[-193,75],[-694,-65],[-244,-329],[-380,15],[19,204],[-347,60],[-315,-239],[-334,438],[-347,-129],[-746,403],[-148,284],[-412,119],[-238,-25],[-514,234],[-785,40],[-199,169],[174,289],[-283,10],[-663,199],[-675,-50],[-739,458],[-650,25],[-257,289],[-906,-25],[-142,249],[-514,10],[-1113,-65],[-161,-259],[-726,-204],[-264,-139],[45,-210],[-527,-159],[-553,75],[-315,-219],[-489,-164],[-469,542],[-180,-159],[-746,-264],[-1048,-289],[-219,-139],[-386,-453],[-385,194],[-33,179],[-418,-10],[-90,-194],[-520,85],[-637,20],[-32,308],[-1119,438],[-579,-119],[-308,25],[-586,-174],[-244,383],[-386,-95],[-103,-184],[393,-234],[-187,-358],[-868,30],[-244,-65],[-431,144],[-142,140],[502,234],[392,99],[-495,214],[-444,50],[-244,-75],[-96,-204],[-348,-109],[-630,55],[-302,89],[-463,10],[-379,95],[-155,-244],[-270,-95],[-411,169],[-482,-278],[-367,-125],[-167,229],[-290,-84],[-694,79],[-321,145],[-258,263],[-341,195],[-450,99],[-418,-90],[-154,210],[244,119],[7,493],[-450,74],[-431,334],[-341,-85],[-334,-249],[-425,90],[129,284],[-527,-20],[-560,288],[-103,384],[58,179],[-321,45],[-45,164],[270,224],[-290,184],[-64,423],[-546,0],[-303,304],[52,398],[-547,-10],[-771,144],[-418,274],[-187,483],[-418,65],[-283,248],[-540,95],[-514,548],[-245,19],[-360,-238],[-437,10],[-270,109],[-315,-45],[-405,-214],[-399,-45],[-398,-318],[-881,-135],[263,-139],[-816,-542],[-457,99],[-456,-85],[70,-248],[-720,44],[-276,254],[-399,35],[-849,154],[264,219],[-817,-79],[-71,219],[-218,119],[-810,-169],[-78,309],[-276,-100],[-289,-438],[-277,70],[-154,-169],[-759,109],[-367,-5],[-186,-239],[-360,-174],[-778,309],[-457,-65],[142,-602],[-399,-170],[-463,-20],[-180,-119],[-341,219],[-508,80],[-366,-75],[-39,-229],[-386,-85],[-186,-204],[-257,120],[-515,50],[-386,283],[-237,65],[-219,-164],[-675,-70],[-270,-363],[-708,-224],[-212,54],[-103,-318],[-340,-30],[-553,-348],[-746,-70],[-303,-134],[-533,204],[-714,-274],[-77,-224],[-322,144],[-25,179],[-418,-15],[-322,145],[-1067,-60],[-225,-428],[-380,-40],[-617,50],[-180,194],[-566,144],[-219,259],[-405,-30],[-231,234],[-257,-214],[-631,50],[-231,-204],[-514,314],[-553,-10],[-251,-249],[-566,-234],[-244,279],[-701,29],[-360,-139],[-714,-70],[-161,-129],[-276,209],[-264,-154],[-739,-70],[-560,154],[-579,-20],[-180,-293],[-437,99],[-392,-64],[-322,99],[245,214],[-303,75],[-443,-130],[-245,-229],[-289,175],[-405,-294],[251,-189],[-257,-174],[225,-199],[-283,-180],[-354,120],[-1093,-65],[-675,105],[225,199],[-225,323],[-386,145],[39,248],[-271,130],[-205,-229],[-579,99],[-187,239],[52,165],[-283,249],[-315,44],[-412,170],[-655,-75],[-553,-234],[-45,184],[-309,-45],[38,319],[-212,269],[-341,-90],[7,473],[-283,134],[-566,75],[-296,99],[-321,-74],[-155,109],[-745,-184],[-270,-159],[-451,104],[-752,85],[-392,-95],[-180,125],[-251,-254],[-360,-90],[-495,259],[-521,-94],[-457,-15],[-405,-319],[-276,125],[-264,-110],[-109,-289],[-309,-179],[-829,25],[-418,-104],[-270,-438],[-257,-25],[-566,-344],[-7,-209],[225,-259],[-456,-253],[-341,-15],[-64,-289],[141,-294],[-135,-124],[-32,-304],[-148,-139],[-489,-35],[13,-189],[-379,-413],[-32,-219],[-457,-433],[-424,30],[-386,-374],[84,-189],[-161,-264],[-232,-144],[-443,219],[-354,-134],[-277,234],[-514,-65],[-77,209],[-264,35],[-347,-319],[-315,-10],[-135,-278],[-617,-85],[-315,50],[57,-259],[-270,-134],[-508,-45],[-238,-254],[-347,-55],[-617,110],[-482,-65],[-45,-149],[-412,-369],[77,-174],[-347,-154],[-174,-179],[-578,-130],[135,-279],[-444,-139],[-257,378],[-682,-253],[-321,59],[-438,-473],[-456,-24],[-277,-349],[-45,-284],[-488,-174],[-65,130],[-533,-234],[-257,39],[-271,-194],[-501,-15],[-392,-303],[250,-169],[-398,-80],[51,-224],[-180,-159],[167,-239],[-424,-189],[-637,-394],[-623,-219],[-605,160],[-411,-35],[-328,70],[0,-274],[206,-264],[-13,-333],[-232,-185],[-527,-84],[-187,-294],[-424,194],[-206,-79],[-321,164],[-257,-159],[-367,-65],[-366,129],[-669,-308],[-77,-199],[-393,-75],[0,-732],[-302,-50],[-193,-229],[-109,-388],[-270,-59],[-187,-284],[-276,-45],[-296,-338],[585,-55],[-386,-314],[-102,-318]]],"transform":{"scale":[0.00001555171555171556,0.0000200911],"translate":[137.9947,-29.1792]},"objects":{"qld_ddmg_boundaries_gda2020_simp200m":{"type":"GeometryCollection","geometries":[{"arcs":[[[0,1,2,3,4]],[[5]],[[6]],[[7]],[[8]]],"type":"MultiPolygon","properties":{"District Name":"Brisbane","DDMG Name":"Brisbane","Area Sq Km":2285.5,"Police Region Name":"Brisbane Region","Police Region Code":"BR","Police Region Short Name":"Brisbane","Region Slug":"brisbane","Layer Id":"qld_ddmg_boundaries_gda2020_simp200m","Layer Group":"statewide","Layer Kind":"ddmg","Source":"QPS Disaster Districts, Queensland Police Service, via the Queensland Government Open Data Portal","Source URL":"https://www.data.qld.gov.au/dataset/qps-disaster-districts","Licence":"CC BY 4.0","Licence URL":"https://creativecommons.org/licenses/by/4.0/","Dataset Date":"19/05/2025","Simplification Tolerance M":200,"Coordinate Precision Decimals":4,"CRS":"GDA2020 (EPSG:7844)","Modified":"Simplified and repackaged from the source dataset; see Source URL"},"id":"Brisbane"},{"arcs":[[9,10,11,12,13]],"type":"Polygon","properties":{"District Name":"Bundaberg","DDMG Name":"Bundaberg","Area Sq Km":32074.33,"Police Region Name":"North Coast Region","Police Region Code":"NCR","Police Region Short Name":"North Coast","Region Slug":"north_coast","Layer Id":"qld_ddmg_boundaries_gda2020_simp200m","Layer Group":"statewide","Layer Kind":"ddmg","Source":"QPS Disaster Districts, Queensland Police Service, via the Queensland Government Open Data Portal","Source URL":"https://www.data.qld.gov.au/dataset/qps-disaster-districts","Licence":"CC BY 4.0","Licence URL":"https://creativecommons.org/licenses/by/4.0/","Dataset Date":"19/05/2025","Simplification Tolerance M":200,"Coordinate Precision Decimals":4,"CRS":"GDA2020 (EPSG:7844)","Modified":"Simplified and repackaged from the source dataset; see Source URL"},"id":"Bundaberg"},{"arcs":[[[14,15,16,17,18,19]],[[20]],[[21]],[[22]],[[23]],[[24]],[[25]],[[26]]],"type":"MultiPolygon","properties":{"District Name":"Cairns","DDMG Name":"Cairns","Area Sq Km":268659.12,"Police Region Name":"Far Northern Region","Police Region Code":"FNR","Police Region Short Name":"Far North","Region Slug":"far_north","Layer Id":"qld_ddmg_boundaries_gda2020_simp200m","Layer Group":"statewide","Layer Kind":"ddmg","Source":"QPS Disaster Districts, Queensland Police Service, via the Queensland Government Open Data Portal","Source URL":"https://www.data.qld.gov.au/dataset/qps-disaster-districts","Licence":"CC BY 4.0","Licence URL":"https://creativecommons.org/licenses/by/4.0/","Dataset Date":"19/05/2025","Simplification Tolerance M":200,"Coordinate Precision Decimals":4,"CRS":"GDA2020 (EPSG:7844)","Modified":"Simplified and repackaged from the source dataset; see Source URL"},"id":"Cairns"},{"arcs":[[27,28,29,30]],"type":"Polygon","properties":{"District Name":"Charleville","DDMG Name":"Charleville","Area Sq Km":229018.35,"Police Region Name":"Southern Region","Police Region Code":"SR","Police Region Short Name":"Southern","Region Slug":"southern","Layer Id":"qld_ddmg_boundaries_gda2020_simp200m","Layer Group":"statewide","Layer Kind":"ddmg","Source":"QPS Disaster Districts, Queensland Police Service, via the Queensland Government Open Data Portal","Source URL":"https://www.data.qld.gov.au/dataset/qps-disaster-districts","Licence":"CC BY 4.0","Licence URL":"https://creativecommons.org/licenses/by/4.0/","Dataset Date":"19/05/2025","Simplification Tolerance M":200,"Coordinate Precision Decimals":4,"CRS":"GDA2020 (EPSG:7844)","Modified":"Simplified and repackaged from the source dataset; see Source URL"},"id":"Charleville"},{"arcs":[[-13,31,32,33,34,35]],"type":"Polygon","properties":{"District Name":"Dalby","DDMG Name":"Dalby","Area Sq Km":37942.32,"Police Region Name":"Southern Region","Police Region Code":"SR","Police Region Short Name":"Southern","Region Slug":"southern","Layer Id":"qld_ddmg_boundaries_gda2020_simp200m","Layer Group":"statewide","Layer Kind":"ddmg","Source":"QPS Disaster Districts, Queensland Police Service, via the Queensland Government Open Data Portal","Source URL":"https://www.data.qld.gov.au/dataset/qps-disaster-districts","Licence":"CC BY 4.0","Licence URL":"https://creativecommons.org/licenses/by/4.0/","Dataset Date":"19/05/2025","Simplification Tolerance M":200,"Coordinate Precision Decimals":4,"CRS":"GDA2020 (EPSG:7844)","Modified":"Simplified and repackaged from the source dataset; see Source URL"},"id":"Dalby"},{"arcs":[[-14,-36,36,37,38]],"type":"Polygon","properties":{"District Name":"Gladstone","DDMG Name":"Gladstone","Area Sq Km":63413.34,"Police Region Name":"Central Region","Police Region Code":"CR","Police Region Short Name":"Central","Region Slug":"central","Layer Id":"qld_ddmg_boundaries_gda2020_simp200m","Layer Group":"statewide","Layer Kind":"ddmg","Source":"QPS Disaster Districts, Queensland Police Service, via the Queensland Government Open Data Portal","Source URL":"https://www.data.qld.gov.au/dataset/qps-disaster-districts","Licence":"CC BY 4.0","Licence URL":"https://creativecommons.org/licenses/by/4.0/","Dataset Date":"19/05/2025","Simplification Tolerance M":200,"Coordinate Precision Decimals":4,"CRS":"GDA2020 (EPSG:7844)","Modified":"Simplified and repackaged from the source dataset; see Source URL"},"id":"Gladstone"},{"arcs":[[-3,39,40]],"type":"Polygon","properties":{"District Name":"Gold Coast","DDMG Name":"Gold Coast","Area Sq Km":1376.66,"Police Region Name":"South Eastern Region","Police Region Code":"SER","Police Region Short Name":"South East","Region Slug":"south_east","Layer Id":"qld_ddmg_boundaries_gda2020_simp200m","Layer Group":"statewide","Layer Kind":"ddmg","Source":"QPS Disaster Districts, Queensland Police Service, via the Queensland Government Open Data Portal","Source URL":"https://www.data.qld.gov.au/dataset/qps-disaster-districts","Licence":"CC BY 4.0","Licence URL":"https://creativecommons.org/licenses/by/4.0/","Dataset Date":"19/05/2025","Simplification Tolerance M":200,"Coordinate Precision Decimals":4,"CRS":"GDA2020 (EPSG:7844)","Modified":"Simplified and repackaged from the source dataset; see Source URL"},"id":"Gold Coast"},{"arcs":[[-12,41,42,43,44,45,-32]],"type":"Polygon","properties":{"District Name":"Gympie","DDMG Name":"Gympie","Area Sq Km":15347.81,"Police Region Name":"North Coast Region","Police Region Code":"NCR","Police Region Short Name":"North Coast","Region Slug":"north_coast","Layer Id":"qld_ddmg_boundaries_gda2020_simp200m","Layer Group":"statewide","Layer Kind":"ddmg","Source":"QPS Disaster Districts, Queensland Police Service, via the Queensland Government Open Data Portal","Source URL":"https://www.data.qld.gov.au/dataset/qps-disaster-districts","Licence":"CC BY 4.0","Licence URL":"https://creativecommons.org/licenses/by/4.0/","Dataset Date":"19/05/2025","Simplification Tolerance M":200,"Coordinate Precision Decimals":4,"CRS":"GDA2020 (EPSG:7844)","Modified":"Simplified and repackaged from the source dataset; see Source URL"},"id":"Gympie"},{"arcs":[[-19,46,47,48]],"type":"Polygon","properties":{"District Name":"Innisfail","DDMG Name":"Innisfail","Area Sq Km":15768.83,"Police Region Name":"Far Northern Region","Police Region Code":"FNR","Police Region Short Name":"Far North","Region Slug":"far_north","Layer Id":"qld_ddmg_boundaries_gda2020_simp200m","Layer Group":"statewide","Layer Kind":"ddmg","Source":"QPS Disaster Districts, Queensland Police Service, via the Queensland Government Open Data Portal","Source URL":"https://www.data.qld.gov.au/dataset/qps-disaster-districts","Licence":"CC BY 4.0","Licence URL":"https://creativecommons.org/licenses/by/4.0/","Dataset Date":"19/05/2025","Simplification Tolerance M":200,"Coordinate Precision Decimals":4,"CRS":"GDA2020 (EPSG:7844)","Modified":"Simplified and repackaged from the source dataset; see Source URL"},"id":"Innisfail"},{"arcs":[[-5,49,50,-45,51,52]],"type":"Polygon","properties":{"District Name":"Ipswich","DDMG Name":"Ipswich","Area Sq Km":6466.45,"Police Region Name":"Southern Region","Police Region Code":"SR","Police Region Short Name":"Southern","Region Slug":"southern","Layer Id":"qld_ddmg_boundaries_gda2020_simp200m","Layer Group":"statewide","Layer Kind":"ddmg","Source":"QPS Disaster Districts, Queensland Police Service, via the Queensland Government Open Data Portal","Source URL":"https://www.data.qld.gov.au/dataset/qps-disaster-districts","Licence":"CC BY 4.0","Licence URL":"https://creativecommons.org/licenses/by/4.0/","Dataset Date":"19/05/2025","Simplification Tolerance M":200,"Coordinate Precision Decimals":4,"CRS":"GDA2020 (EPSG:7844)","Modified":"Simplified and repackaged from the source dataset; see Source URL"},"id":"Ipswich"},{"arcs":[[-4,-41,53,54,55,-50]],"type":"Polygon","properties":{"District Name":"Logan","DDMG Name":"Logan","Area Sq Km":5201.2,"Police Region Name":"South Eastern Region","Police Region Code":"SER","Police Region Short Name":"South East","Region Slug":"south_east","Layer Id":"qld_ddmg_boundaries_gda2020_simp200m","Layer Group":"statewide","Layer Kind":"ddmg","Source":"QPS Disaster Districts, Queensland Police Service, via the Queensland Government Open Data Portal","Source URL":"https://www.data.qld.gov.au/dataset/qps-disaster-districts","Licence":"CC BY 4.0","Licence URL":"https://creativecommons.org/licenses/by/4.0/","Dataset Date":"19/05/2025","Simplification Tolerance M":200,"Coordinate Precision Decimals":4,"CRS":"GDA2020 (EPSG:7844)","Modified":"Simplified and repackaged from the source dataset; see Source URL"},"id":"Logan"},{"arcs":[[-28,56,57,58,59,60]],"type":"Polygon","properties":{"District Name":"Longreach","DDMG Name":"Longreach","Area Sq Km":240646.06,"Police Region Name":"Central Region","Police Region Code":"CR","Police Region Short Name":"Central","Region Slug":"central","Layer Id":"qld_ddmg_boundaries_gda2020_simp200m","Layer Group":"statewide","Layer Kind":"ddmg","Source":"QPS Disaster Districts, Queensland Police Service, via the Queensland Government Open Data Portal","Source URL":"https://www.data.qld.gov.au/dataset/qps-disaster-districts","Licence":"CC BY 4.0","Licence URL":"https://creativecommons.org/licenses/by/4.0/","Dataset Date":"19/05/2025","Simplification Tolerance M":200,"Coordinate Precision Decimals":4,"CRS":"GDA2020 (EPSG:7844)","Modified":"Simplified and repackaged from the source dataset; see Source URL"},"id":"Longreach"},{"arcs":[[-60,61,62,63]],"type":"Polygon","properties":{"District Name":"Mackay","DDMG Name":"Mackay","Area Sq Km":157734.76,"Police Region Name":"Central Region","Police Region Code":"CR","Police Region Short Name":"Central","Region Slug":"central","Layer Id":"qld_ddmg_boundaries_gda2020_simp200m","Layer Group":"statewide","Layer Kind":"ddmg","Source":"QPS Disaster Districts, Queensland Police Service, via the Queensland Government Open Data Portal","Source URL":"https://www.data.qld.gov.au/dataset/qps-disaster-districts","Licence":"CC BY 4.0","Licence URL":"https://creativecommons.org/licenses/by/4.0/","Dataset Date":"19/05/2025","Simplification Tolerance M":200,"Coordinate Precision Decimals":4,"CRS":"GDA2020 (EPSG:7844)","Modified":"Simplified and repackaged from the source dataset; see Source URL"},"id":"Mackay"},{"arcs":[[-20,-49,64,65]],"type":"Polygon","properties":{"District Name":"Mareeba","DDMG Name":"Mareeba","Area Sq Km":133479.58,"Police Region Name":"Far Northern Region","Police Region Code":"FNR","Police Region Short Name":"Far North","Region Slug":"far_north","Layer Id":"qld_ddmg_boundaries_gda2020_simp200m","Layer Group":"statewide","Layer Kind":"ddmg","Source":"QPS Disaster Districts, Queensland Police Service, via the Queensland Government Open Data Portal","Source URL":"https://www.data.qld.gov.au/dataset/qps-disaster-districts","Licence":"CC BY 4.0","Licence URL":"https://creativecommons.org/licenses/by/4.0/","Dataset Date":"19/05/2025","Simplification Tolerance M":200,"Coordinate Precision Decimals":4,"CRS":"GDA2020 (EPSG:7844)","Modified":"Simplified and repackaged from the source dataset; see Source URL"},"id":"Mareeba"},{"arcs":[[-11,66,-42]],"type":"Polygon","properties":{"District Name":"Maryborough","DDMG Name":"Maryborough","Area Sq Km":7996.27,"Police Region Name":"North Coast Region","Police Region Code":"NCR","Police Region Short Name":"North Coast","Region Slug":"north_coast","Layer Id":"qld_ddmg_boundaries_gda2020_simp200m","Layer Group":"statewide","Layer Kind":"ddmg","Source":"QPS Disaster Districts, Queensland Police Service, via the Queensland Government Open Data Portal","Source URL":"https://www.data.qld.gov.au/dataset/qps-disaster-districts","Licence":"CC BY 4.0","Licence URL":"https://creativecommons.org/licenses/by/4.0/","Dataset Date":"19/05/2025","Simplification Tolerance M":200,"Coordinate Precision Decimals":4,"CRS":"GDA2020 (EPSG:7844)","Modified":"Simplified and repackaged from the source dataset; see Source URL"},"id":"Maryborough"},{"arcs":[[-1,-53,67,68],[69]],"type":"Polygon","properties":{"District Name":"Moreton","DDMG Name":"Moreton","Area Sq Km":2071.1,"Police Region Name":"Brisbane Region","Police Region Code":"BR","Police Region Short Name":"Brisbane","Region Slug":"brisbane","Layer Id":"qld_ddmg_boundaries_gda2020_simp200m","Layer Group":"statewide","Layer Kind":"ddmg","Source":"QPS Disaster Districts, Queensland Police Service, via the Queensland Government Open Data Portal","Source URL":"https://www.data.qld.gov.au/dataset/qps-disaster-districts","Licence":"CC BY 4.0","Licence URL":"https://creativecommons.org/licenses/by/4.0/","Dataset Date":"19/05/2025","Simplification Tolerance M":200,"Coordinate Precision Decimals":4,"CRS":"GDA2020 (EPSG:7844)","Modified":"Simplified and repackaged from the source dataset; see Source URL"},"id":"Moreton"},{"arcs":[[[-15,-66,70,-58,71]],[[-17,72]],[[73]],[[74]],[[75]],[[76]],[[77]],[[78]],[[79]],[[80]],[[81]],[[82]],[[83]],[[84]],[[85]],[[86]],[[87]],[[88]],[[89]],[[90]],[[91]],[[92]],[[93]],[[94]],[[95]],[[96]],[[97]],[[98]],[[99]],[[100]],[[101]],[[102]],[[103]],[[104]],[[105]],[[106]],[[107]],[[108]],[[109]],[[110]],[[111]]],"type":"MultiPolygon","properties":{"District Name":"Mount Isa","DDMG Name":"Mount Isa","Area Sq Km":394919.64,"Police Region Name":"Northern Region","Police Region Code":"NR","Police Region Short Name":"Northern","Region Slug":"northern","Layer Id":"qld_ddmg_boundaries_gda2020_simp200m","Layer Group":"statewide","Layer Kind":"ddmg","Source":"QPS Disaster Districts, Queensland Police Service, via the Queensland Government Open Data Portal","Source URL":"https://www.data.qld.gov.au/dataset/qps-disaster-districts","Licence":"CC BY 4.0","Licence URL":"https://creativecommons.org/licenses/by/4.0/","Dataset Date":"19/05/2025","Simplification Tolerance M":200,"Coordinate Precision Decimals":4,"CRS":"GDA2020 (EPSG:7844)","Modified":"Simplified and repackaged from the source dataset; see Source URL"},"id":"Mount Isa"},{"arcs":[[-29,-61,-64,112,-38,113]],"type":"Polygon","properties":{"District Name":"Rockhampton","DDMG Name":"Rockhampton","Area Sq Km":113722.41,"Police Region Name":"Central Region","Police Region Code":"CR","Police Region Short Name":"Central","Region Slug":"central","Layer Id":"qld_ddmg_boundaries_gda2020_simp200m","Layer Group":"statewide","Layer Kind":"ddmg","Source":"QPS Disaster Districts, Queensland Police Service, via the Queensland Government Open Data Portal","Source URL":"https://www.data.qld.gov.au/dataset/qps-disaster-districts","Licence":"CC BY 4.0","Licence URL":"https://creativecommons.org/licenses/by/4.0/","Dataset Date":"19/05/2025","Simplification Tolerance M":200,"Coordinate Precision Decimals":4,"CRS":"GDA2020 (EPSG:7844)","Modified":"Simplified and repackaged from the source dataset; see Source URL"},"id":"Rockhampton"},{"arcs":[[-30,-114,-37,-35,114,115]],"type":"Polygon","properties":{"District Name":"Roma","DDMG Name":"Roma","Area Sq Km":89788.04,"Police Region Name":"Southern Region","Police Region Code":"SR","Police Region Short Name":"Southern","Region Slug":"southern","Layer Id":"qld_ddmg_boundaries_gda2020_simp200m","Layer Group":"statewide","Layer Kind":"ddmg","Source":"QPS Disaster Districts, Queensland Police Service, via the Queensland Government Open Data Portal","Source URL":"https://www.data.qld.gov.au/dataset/qps-disaster-districts","Licence":"CC BY 4.0","Licence URL":"https://creativecommons.org/licenses/by/4.0/","Dataset Date":"19/05/2025","Simplification Tolerance M":200,"Coordinate Precision Decimals":4,"CRS":"GDA2020 (EPSG:7844)","Modified":"Simplified and repackaged from the source dataset; see Source URL"},"id":"Roma"},{"arcs":[[[-44,116,-68,-52]],[[-70]],[[117]]],"type":"MultiPolygon","properties":{"District Name":"Sunshine Coast","DDMG Name":"Sunshine Coast","Area Sq Km":3156.82,"Police Region Name":"North Coast Region","Police Region Code":"NCR","Police Region Short Name":"North Coast","Region Slug":"north_coast","Layer Id":"qld_ddmg_boundaries_gda2020_simp200m","Layer Group":"statewide","Layer Kind":"ddmg","Source":"QPS Disaster Districts, Queensland Police Service, via the Queensland Government Open Data Portal","Source URL":"https://www.data.qld.gov.au/dataset/qps-disaster-districts","Licence":"CC BY 4.0","Licence URL":"https://creativecommons.org/licenses/by/4.0/","Dataset Date":"19/05/2025","Simplification Tolerance M":200,"Coordinate Precision Decimals":4,"CRS":"GDA2020 (EPSG:7844)","Modified":"Simplified and repackaged from the source dataset; see Source URL"},"id":"Sunshine Coast"},{"arcs":[[-33,-46,-51,-56,118]],"type":"Polygon","properties":{"District Name":"Toowoomba","DDMG Name":"Toowoomba","Area Sq Km":15245.1,"Police Region Name":"Southern Region","Police Region Code":"SR","Police Region Short Name":"Southern","Region Slug":"southern","Layer Id":"qld_ddmg_boundaries_gda2020_simp200m","Layer Group":"statewide","Layer Kind":"ddmg","Source":"QPS Disaster Districts, Queensland Police Service, via the Queensland Government Open Data Portal","Source URL":"https://www.data.qld.gov.au/dataset/qps-disaster-districts","Licence":"CC BY 4.0","Licence URL":"https://creativecommons.org/licenses/by/4.0/","Dataset Date":"19/05/2025","Simplification Tolerance M":200,"Coordinate Precision Decimals":4,"CRS":"GDA2020 (EPSG:7844)","Modified":"Simplified and repackaged from the source dataset; see Source URL"},"id":"Toowoomba"},{"arcs":[[-48,119,-62,-59,-71,-65]],"type":"Polygon","properties":{"District Name":"Townsville","DDMG Name":"Townsville","Area Sq Km":175353.69,"Police Region Name":"Northern Region","Police Region Code":"NR","Police Region Short Name":"Northern","Region Slug":"northern","Layer Id":"qld_ddmg_boundaries_gda2020_simp200m","Layer Group":"statewide","Layer Kind":"ddmg","Source":"QPS Disaster Districts, Queensland Police Service, via the Queensland Government Open Data Portal","Source URL":"https://www.data.qld.gov.au/dataset/qps-disaster-districts","Licence":"CC BY 4.0","Licence URL":"https://creativecommons.org/licenses/by/4.0/","Dataset Date":"19/05/2025","Simplification Tolerance M":200,"Coordinate Precision Decimals":4,"CRS":"GDA2020 (EPSG:7844)","Modified":"Simplified and repackaged from the source dataset; see Source URL"},"id":"Townsville"},{"arcs":[[-34,-119,-55,120,-115]],"type":"Polygon","properties":{"District Name":"Warwick","DDMG Name":"Warwick","Area Sq Km":26370.42,"Police Region Name":"Southern Region","Police Region Code":"SR","Police Region Short Name":"Southern","Region Slug":"southern","Layer Id":"qld_ddmg_boundaries_gda2020_simp200m","Layer Group":"statewide","Layer Kind":"ddmg","Source":"QPS Disaster Districts, Queensland Police Service, via the Queensland Government Open Data Portal","Source URL":"https://www.data.qld.gov.au/dataset/qps-disaster-districts","Licence":"CC BY 4.0","Licence URL":"https://creativecommons.org/licenses/by/4.0/","Dataset Date":"19/05/2025","Simplification Tolerance M":200,"Coordinate Precision Decimals":4,"CRS":"GDA2020 (EPSG:7844)","Modified":"Simplified and repackaged from the source dataset; see Source URL"},"id":"Warwick"}]}}}