{"type":"Topology","arcs":[[[993588,71873],[-476,-25],[-617,-274],[-907,-129],[-469,149],[-206,348],[-32,264],[-206,344],[-533,323],[-71,353],[-283,30],[-457,-189],[-392,149],[-257,-34],[-232,-180],[-321,234],[13,364],[-180,463],[-302,15],[-1016,-299],[-701,55],[-457,-463],[-231,-130],[-528,-139],[-508,90],[-514,542],[-32,289],[-380,-65],[129,319],[-405,-5],[-84,189],[110,448],[-180,786],[-1094,115],[-25,104],[-515,60],[26,159],[-1029,115],[-6,-95],[-1936,204],[-109,194],[-842,85],[-405,-60],[-283,120],[-58,209],[-547,-5],[129,532],[379,-40],[135,583],[-193,174],[-482,154],[-122,135],[-746,373],[-219,199],[-2141,219],[-77,-393],[-1022,109],[-315,-1234],[-412,35],[-64,-179],[244,-105],[-186,-443],[51,-657],[-1112,-343],[-669,40],[-572,-284],[-1209,139],[-180,-308],[-1344,164],[-277,-10],[-945,139],[-547,155],[-765,318],[-238,284],[-308,149],[-772,75],[-547,124],[-450,169]],[[961064,77173],[-12,264],[-412,463],[-379,145],[-425,248],[-405,60],[-212,-75],[-540,45],[-193,160],[-399,144],[-193,318],[-971,657],[-424,-54],[-412,-727],[-456,-20],[-45,672],[-148,403],[-283,488],[32,488],[155,254],[51,348],[-354,493],[-353,94],[-656,-109],[-65,-184],[598,-150],[65,-268],[-534,-85],[-579,-174],[-218,-274],[-958,-80],[-123,80],[-900,70],[-180,204],[-244,-60],[167,-229],[-354,-174],[-463,10],[-334,174],[-874,-612],[-303,149],[-379,-89],[-187,144],[0,264],[335,1234],[276,458],[380,75],[424,-30],[-6,254],[-200,84],[-482,-20],[-489,184],[-276,428],[-592,404],[483,129],[109,597],[186,140],[-128,204],[-180,552],[32,264],[373,-40],[199,851],[-77,309],[-212,20],[96,428],[212,224],[39,388],[-148,15],[90,403],[-373,45],[-64,299],[193,273],[-399,90],[-270,-154],[251,1130],[-302,29],[64,304],[-720,75],[122,552],[-1035,110],[-58,-259],[-425,45],[-51,-244],[-463,50],[-116,-503],[-263,-154],[-431,44],[289,1170],[425,259],[315,40],[932,512],[457,95],[147,358],[341,60],[920,-55],[366,214],[232,15],[38,274],[444,169],[51,453],[-295,264],[-425,99],[-405,-14],[-270,-165],[-1125,214],[-290,155],[-379,-130],[-219,90],[116,214],[-64,453],[-907,129],[-231,-25],[-212,165],[-129,388],[13,488],[360,248],[341,428],[-116,224],[598,284],[129,194],[-110,324],[238,547],[-161,224],[116,254],[566,523],[257,104],[148,194],[283,110],[386,363],[283,130],[-277,338],[656,642],[-289,458],[-277,786],[-154,200],[129,174],[12,483],[206,64],[65,254],[-534,-45],[-521,50],[-649,294],[-785,69],[-386,105],[-418,-115],[-257,15],[-206,289],[695,284],[-84,562],[-135,319],[-373,433],[1113,-105],[25,140],[-302,174],[-96,219],[199,80],[373,358],[-39,299],[322,134],[-148,403],[39,219],[-225,115],[-13,323],[-386,249],[-257,378],[-245,239],[206,368],[19,254],[-443,60],[19,319],[276,169],[-244,219],[-424,-100],[-167,50],[-361,-189],[116,493],[-1022,263],[96,239],[360,-39],[270,79],[148,269],[296,284],[-19,388],[553,542],[257,165],[328,74],[-1620,175],[334,298],[6,393],[714,-79],[19,109],[624,-64],[45,398],[-128,124],[-46,438],[-411,408],[-277,165],[110,124],[-489,438],[52,488],[-258,234],[39,209],[341,84],[373,204],[-418,568],[450,124],[148,324],[-161,55],[26,443]],[[944237,118426],[1260,-155],[-148,-303],[810,-100],[765,130],[361,-150],[160,-254],[251,85],[399,343],[662,-413],[232,946],[392,-284],[122,528],[373,-45],[264,-129],[546,-60],[-141,-612],[726,-179],[-122,-463],[347,-239],[573,40],[250,104],[418,-209],[450,-453],[-19,-134],[412,-458],[289,-40],[219,-294],[398,55],[605,-154],[334,94],[-96,-448],[424,-44],[-51,-254],[771,-85],[-173,-796],[-727,74],[-77,-358],[64,-363],[380,-40],[-110,-428],[1029,-110],[-193,-831],[-270,-169],[-444,-135],[-212,-990],[1023,-105],[739,120],[367,-239],[463,134],[340,204],[618,-4],[411,-75],[245,-229],[585,-159],[1221,-135],[116,-119],[508,-204],[341,-314],[540,219],[199,-289],[451,-224],[212,80],[939,-85],[553,289],[340,-5],[103,637],[1563,-154],[437,-279],[238,-40],[116,-229],[270,25],[450,-189],[720,369],[154,328],[-38,448],[482,299],[13,139],[3858,727]],[[974317,111587],[682,-1837],[237,-557],[502,-971],[688,-1095],[707,-921],[508,-532],[367,-543],[193,-612],[-52,-204],[-373,-249],[-160,-264],[-431,-224],[-643,0],[-335,-99],[-617,15],[-2173,696],[-193,-49],[-624,94],[-907,-169],[-488,-229],[-2032,-851],[-682,-816],[-508,-881],[-450,-478],[-64,-244],[-328,-194],[0,-229],[-315,-329],[-64,-318],[160,-453],[328,-349],[206,-44],[617,144],[483,-159],[1106,-239],[488,-60],[341,-124],[617,144],[393,164],[604,463],[264,-388],[-26,-513],[180,-184],[-174,-214],[-77,-518],[129,-154],[-380,-771],[-218,-797],[-978,264],[-334,-149],[-174,49],[-1157,-1154],[129,-304],[19,-398],[109,-582],[386,-503],[656,-314],[148,-323],[1363,-692],[141,-120],[997,-333],[932,90],[547,-254],[244,-329],[1216,-189],[958,1070],[861,-373],[-893,-991],[160,-59],[418,-603],[-302,-189],[244,-418],[-6,-338],[161,-364],[-122,-189],[-238,60],[-180,363],[-418,379],[-1042,308],[58,-269],[482,40],[457,-114],[334,-373],[13,-239],[321,-473],[-565,-165],[-200,-348],[-321,-45],[315,-423],[308,-129],[489,5],[-180,-334],[-264,-109],[-6,-179],[405,-15],[-45,273],[469,-243],[-77,-170],[431,-278],[720,-110],[71,986],[8353,1677],[4604,926],[1607,338],[399,-30],[219,90],[656,-398],[340,-379],[476,-388],[476,-219],[900,-254],[682,-49],[379,59],[656,-268],[521,14],[116,120],[572,-75],[-45,-288],[225,-160],[-328,-184],[-810,-1010],[-335,-558],[-784,-1483],[-694,-1374],[-862,-1792],[-379,-856],[-534,-1329],[-264,-806],[-591,-2165],[-232,-991],[-128,-786],[-33,-956],[-154,-313],[-219,-90],[-64,-298]],[[955026,114065],[-51,-214],[373,-10],[-84,264],[-238,-40]],[[988225,105340],[97,140],[553,353],[135,199],[386,174],[1376,428],[1099,125],[682,-5],[733,169],[682,314],[295,14],[328,-189],[380,-20],[-65,-243],[-295,-443],[-335,-667],[-733,-1718],[-752,-2000],[-380,-1160],[-295,-1060],[-245,-1210],[-186,-1403],[13,-1583],[173,-1041],[309,-1025],[495,-896],[341,-497],[64,-404],[-244,-234],[-296,-492],[-51,-508],[-605,269],[-109,154],[353,687],[-128,413],[-1093,1558],[32,239],[-437,975],[-958,1255],[-399,682],[-52,472],[-167,513],[-521,712],[-57,179],[122,338],[334,568],[64,274],[-199,716],[-244,633],[-238,447],[-19,289],[424,991],[83,537],[-25,672],[-193,782],[-232,527]],[[980027,91807],[373,333],[463,214],[399,-268],[636,-214],[-302,-583],[-257,-219],[-688,-10],[-515,254],[-109,493]],[[979230,89044],[295,130],[-12,313],[366,354],[457,-214],[154,-548],[-26,-229],[-231,-303],[-206,-55],[-733,383],[-64,169]],[[979313,87611],[920,55],[173,-120],[-51,-846],[-154,-30],[-354,254],[-84,254],[-450,433]],[[979371,232103],[-21940,35],[-51434,-35],[-1441,0],[-334,-269],[-643,-254],[-984,-174],[-424,184],[-528,518],[-392,109],[-772,-94],[-353,-309],[-174,-274],[392,-363],[-83,-90],[-560,5],[161,-199],[-128,-448],[-193,-214],[-470,-169],[-167,-323],[-328,-259],[64,-299],[-83,-269],[-360,-273],[-251,-100],[1890,-184],[-192,-996],[-1647,145],[78,-408],[289,-404],[-84,-408],[-257,100],[-90,-463],[225,-85],[566,60],[797,-194],[258,55],[533,-35],[-45,-254],[-508,50],[-70,-359],[508,-49],[-226,-1215],[-829,110],[-1112,109],[-52,-637],[174,-582],[-90,-115],[-489,65],[-714,-279],[-675,-20],[-257,-189],[-302,-353],[-245,-473],[-19,-209],[264,-304],[-688,-84],[-328,-105],[-669,-89],[-283,89],[-148,-174],[232,-388],[-367,-229],[-257,-513],[-566,-373],[-547,-75],[-109,-313],[-270,-130],[-759,5],[-199,-214],[-412,35],[142,408],[-219,264],[-456,164],[-386,234],[-714,124],[-180,344],[-347,169],[-142,294],[-347,264],[-688,204],[-2379,234],[-366,-1693],[-116,204],[-965,513],[-398,513],[-90,443],[-560,288],[-167,209],[-457,349],[-231,279],[-707,149],[-213,144],[-122,309],[-347,303],[-354,-129],[-205,-249],[-489,-214],[-444,10],[-578,-368],[475,-159],[13,-269],[-482,-309],[-386,-55],[-289,264],[-508,149],[-605,563],[-373,99],[-649,349],[-514,94],[-843,-219],[-257,115],[-450,-408],[-251,-15],[-231,318],[-579,289],[-585,-114],[-682,244],[-116,-25],[-385,383],[-71,199],[-225,159],[-58,269],[-328,304],[244,268],[386,-69],[212,229],[303,40],[392,617],[199,119],[-212,239],[244,622],[-115,209],[128,334],[-341,164],[-212,333],[-636,374],[-778,89],[-444,224],[283,364],[-64,229],[-206,174],[-508,164],[70,184],[-507,264],[-129,423],[-206,259],[257,209],[-154,343],[-592,254],[-443,-30],[-251,-139],[116,-194],[-309,-831],[-334,-294],[-97,-234],[-270,10],[-900,368],[-341,-24],[135,-379],[431,-288],[-585,-732],[-560,-209],[-565,40],[-322,-80],[-58,-523],[-193,-413],[-566,-84],[-456,119],[-405,319],[-206,-194],[-347,-35],[-129,154],[-450,-119],[-366,-563],[-180,-84],[-45,-269],[-412,-239],[-617,-692],[-367,194],[-585,-5],[-270,65],[-328,-194],[-154,45],[-386,-259],[64,-204],[-218,-70],[-26,-428],[-270,-90],[-322,30],[-353,508],[-534,119],[-559,65],[-174,-119],[-334,119],[-174,-304],[-547,-129],[-135,-174],[-392,473],[-649,159],[-457,513],[-6,199],[-380,20],[-270,234],[-842,-190],[-39,-129],[-463,-179],[-289,69],[-64,379],[295,254],[393,94],[212,164],[534,5],[482,-159],[431,-10],[-740,2081],[129,328],[-142,199],[328,189],[148,234],[-96,140],[257,1344],[-26,224],[-431,154],[-778,-154],[-456,69],[-167,-423],[-1016,-114],[-656,-165],[-290,-214],[-443,-29],[-296,164],[-45,284],[-251,179],[90,278],[-128,259],[231,259],[-116,448],[84,254],[386,433],[13,279],[173,323],[296,115],[19,273],[-964,677],[-52,239],[-630,75],[-366,174],[-245,-408],[-746,-224],[-283,60],[-205,-374],[-508,219],[-58,384],[-405,204],[-110,403],[-527,463],[-1151,154],[-148,264],[-559,323],[-232,-74],[-160,368],[-161,0],[-457,363],[-13,404],[174,149],[-219,373],[-951,110],[-84,-100],[-418,15],[-321,-159],[-759,124],[-277,-219],[-77,-353],[-411,-179],[-77,-344],[147,-383],[-64,-921],[-328,-209],[39,-463],[-154,-353],[-46,-324],[-173,-114],[0,-329],[-219,-214],[0,-418],[-334,-199],[-232,-25],[-109,-403],[-334,-224],[0,-304],[141,-298],[122,-637],[309,-170],[559,-617],[-430,15],[-315,-169],[-45,-438],[45,-428],[192,-334],[-244,-109],[-1607,443],[-759,124],[-3305,757],[-110,-229],[-508,50],[-244,-214],[-752,79],[-193,334],[-232,20],[-51,-284],[-232,-254],[-443,199],[-508,-99],[-245,224],[-469,-2389],[270,-60],[1010,-667],[662,-90],[424,-144],[122,-139],[650,-269],[977,289],[444,-329],[508,65],[39,-319],[167,-269],[662,-403],[-225,-144],[-360,-413],[-502,-359],[-250,-353],[-386,-75],[-174,-527],[-231,-55],[-200,-358],[264,-219],[-167,-762],[-219,-289],[-501,-129],[-438,95],[-244,-65],[-1665,289],[-2450,303],[-573,-184],[-360,10],[-591,398],[-463,179],[-830,70],[-636,204],[-373,20],[-412,-184],[-1003,-105],[-617,80],[-650,-15],[-623,169],[-830,-234],[-238,45],[-476,473],[-893,-129],[-225,-214],[-90,-458],[-952,10],[-688,-120],[-1569,-941],[-32,-49],[984,-2892],[270,-443],[-161,-130],[-341,-1722],[-225,-129],[-186,-349],[-701,-104],[-1434,-2598],[-129,-752],[103,-438],[-1016,-1762],[-180,-89],[431,-832],[450,-438],[-322,-975],[-25,-493],[83,-259],[32,-1189],[-90,-329],[20,-423],[360,-632],[103,-343],[148,-190],[-103,-537],[167,-154],[444,-200],[823,-557],[-560,-144],[-308,-428],[-303,-155],[-257,-338],[154,-403],[193,-184],[0,-319],[-283,-199],[-6,-279],[-392,-154],[-1312,-5],[-804,-284],[-662,-154],[-650,-647],[271,-299],[-1023,-119],[-553,209],[-411,15],[51,-264],[-135,-149],[129,-190],[276,-945],[-116,-558],[-199,-69],[-437,-379],[26,-313],[-219,-433],[-476,-35],[-135,-304],[412,-716],[-277,-150],[-688,-45],[-90,-328],[270,-194],[-19,-299],[154,-229],[-431,-677],[52,-199],[-328,-239],[-701,70],[-650,-338],[129,-259],[-39,-548],[97,-134],[-251,-334],[-579,-278],[52,-160],[681,-234],[-250,-109],[-142,-234],[-315,-85],[-733,-592],[579,-358],[-347,-259],[180,-558],[-528,-109],[-180,-130],[560,-457],[334,-170],[-450,-791],[-1427,-697],[-58,-523],[-360,-219],[64,-224],[379,-104],[-90,-329],[135,-49],[560,119],[154,-338],[-161,-364],[251,-49],[547,124],[257,-139],[64,-214],[-701,-613],[161,-338],[-141,-234],[784,-284],[-109,-214],[45,-512],[443,-478],[148,-309],[-289,-627],[-270,-174],[-180,-493],[64,-249],[322,110],[463,-35],[64,-209],[726,-75],[682,-179]],[[800066,177830],[354,-752],[-399,-1991],[-643,-179],[-521,-502],[296,-578],[-64,-358],[797,-1981],[-302,-169],[-212,-1857],[-528,-742],[-842,-59],[-617,-269],[-161,-274],[-392,-224],[128,-428],[-1183,-50],[-630,-144],[-977,35],[-296,144],[-290,1235],[-2674,502],[-830,75],[-174,-876],[-373,10],[-990,393],[-540,5],[-71,-358],[-334,40],[-412,288],[-848,90],[-618,119],[-424,-15],[-2116,224],[386,-736],[7,-513],[-129,0],[-309,-314],[-578,-174],[-354,-204],[-392,-15],[-785,-154],[-784,204],[-900,358],[-675,772],[-341,-75],[-148,140],[-270,-354],[-90,-239],[-341,-303],[-1891,-50],[-270,-1254],[-180,-120],[-257,70],[-90,348],[-238,-15],[-257,-184],[-302,-5],[-219,115],[-386,-1553],[-533,388],[-881,259],[-618,259],[-1061,-30],[-373,-150],[-405,15],[-463,453],[-250,75],[-817,-20],[-354,40],[-289,378],[-547,259],[-282,239],[-553,239],[-193,-90],[-444,75],[-212,-319],[-431,145],[-244,-423],[-2110,-404],[-739,5],[-733,428],[-232,25],[-115,-582],[398,-40],[-321,-433],[-605,-179],[-405,60],[-250,169],[-348,10],[-276,-115],[-399,-373],[-1074,289],[-295,-344],[1106,-1577],[-746,-772],[-328,75],[-798,1130],[-1202,1637],[-2804,-966],[-675,-169],[-488,-199],[-142,-149],[-546,-214],[-939,-548],[-4128,413],[-33,-14],[-572,-2882],[-6321,542],[418,2081],[-5182,448],[-309,328],[-1010,-632],[-501,-75],[-630,-373],[-110,-338],[-476,-95],[-12,-149],[-476,-264],[-380,-294],[-456,70],[-495,-289],[-1627,-2055],[-3376,283],[-1550,125],[-3922,453],[-1704,154],[-849,-249],[-206,80],[-983,199],[-566,-115],[-187,374],[894,3334],[-251,344],[-469,289],[-347,64],[-438,244],[-591,543],[-489,59],[-180,190],[-656,487],[-148,204],[-565,80],[-824,732],[-405,458],[33,204],[372,965],[0,354],[-610,-15],[-560,-289],[-1061,-308],[-675,-85],[-585,-254],[-553,-104],[-302,-150],[-1196,1070],[-2193,180],[-84,318],[-572,55],[1485,975],[-257,583],[103,169],[354,30],[103,204],[-212,259],[225,343],[-213,269],[431,204],[148,-20],[360,279],[-109,298],[276,120],[438,-363],[488,-5],[463,-319],[200,-224],[128,-378],[225,-90],[335,229],[205,15],[939,533],[360,10],[521,214],[399,567],[238,10],[778,438],[540,-149],[1061,293],[-187,274],[39,134],[412,503],[0,264],[-489,-194],[-193,65],[-90,278],[244,304],[534,239],[-6,274],[-811,194],[-218,-70],[32,-204],[-212,-154],[-45,-254],[-393,-284],[-141,194],[373,339],[-64,159],[-309,70],[-412,413],[-270,25],[-527,229],[26,239],[617,-155],[167,125],[-411,283],[-624,100],[-463,-10],[-707,60],[-129,-145],[116,-323],[225,-229],[-225,-199],[-418,323],[96,458],[-45,224],[103,418],[-167,135],[2521,1378],[-5537,5003],[-218,-319],[-450,90],[-566,-214],[-765,10],[-136,-200],[-295,-54],[-1518,134],[-263,428],[-586,-174],[-1942,239],[-572,313],[-617,85],[-174,304],[90,124],[-302,154],[-302,-5],[-412,-229],[-443,314],[-476,159],[-502,50],[-70,159],[-598,374],[-245,343],[-1132,204],[-450,174],[-726,443],[-65,523],[-379,169],[502,2205],[418,239],[19,204],[347,304],[547,169],[-20,274],[354,288],[424,105],[-424,692],[-469,851],[-450,75],[-200,-70],[129,-259],[-598,-124],[-431,59],[-341,249],[-495,155],[-379,-289],[-540,-50],[-611,209],[-116,-363],[-244,-179],[-97,-453],[-251,-229],[-225,-15],[-205,-239],[-367,184],[-765,732],[-341,388],[-411,239],[-753,-25],[-816,169],[-148,90],[-438,25],[-469,244],[6,149],[-328,249],[-688,308],[-347,20],[-431,254],[-758,-179],[-579,70],[-296,243],[-804,145],[-379,-25],[-559,70],[-367,-150],[-482,70],[-971,-85],[-425,170],[-752,-85],[-1312,-582],[-598,154],[-656,99],[-257,130],[-328,-40],[-443,-518],[-386,80],[-19,204],[-515,513],[-424,50],[-598,-115],[-322,269],[-6,209],[-630,214],[-528,-174],[-199,174],[-366,90],[-271,452],[-694,120],[-437,199],[-251,189],[-887,-124],[-444,40],[58,418],[-643,746],[-232,344],[90,194],[-154,139],[174,458],[-225,229],[-431,115],[-534,288],[51,214],[-520,249],[-502,403],[-347,100],[-244,298],[-258,110],[-752,552],[26,195],[-135,487],[-360,100],[-238,194],[-766,413],[-212,314],[-270,44],[-456,-129],[-701,30],[-431,90],[-379,-244],[-270,-40],[-650,55],[-701,1129],[-308,0],[-701,906],[-418,-84],[-393,169],[-25,318],[-296,170],[-64,174],[141,209],[-257,154],[-296,-35],[-276,209],[-682,185],[-302,229],[-148,323],[-232,85],[33,214],[-309,423],[-52,293],[-154,165],[0,308],[238,125],[-341,642],[264,443],[-167,333],[-630,314],[-238,264],[38,258],[-514,608],[-688,139],[-502,-119],[-424,64],[-199,160],[-476,154],[-283,284],[-888,79],[-437,-164],[-591,488],[-573,607],[-694,-55],[-701,30],[-244,-80],[-290,224],[58,160],[-360,139],[58,129],[-289,299],[-251,35],[-817,552],[-386,110],[-128,408],[199,498],[174,224],[-740,498],[-405,34],[-96,274],[-399,244],[-315,338],[-868,434],[-720,99],[-341,129],[-502,389],[103,224],[-257,164],[-238,294],[-688,393],[-238,-20],[-244,214],[64,294],[-276,472],[-386,0],[-367,-104],[-546,184],[-110,-75],[-649,209],[-502,-149],[-430,-264],[-322,75],[-96,214],[-457,214],[-411,25],[-322,-110],[-373,95],[-694,-80],[-315,-134],[-380,-393],[-289,-100],[-245,-363],[-360,-154],[-360,10],[-180,-364],[-553,-35],[-431,-179],[-321,-418],[-154,-25],[-386,174],[-476,-44],[-932,-5],[-316,-105],[-141,-189],[84,-513],[244,-69],[-58,-319],[-225,-254],[-720,-65],[-193,-114],[-875,-55],[-347,-134],[-251,-199],[-1016,-329],[-591,-468],[-26,-209],[-263,-209],[-502,10],[-739,135],[-58,692],[-515,-95],[-508,179],[-141,-274],[-386,-20],[-656,-278],[-341,-60],[-778,348],[7,-288],[148,-294],[-290,-174],[-199,-314],[-315,-114],[-309,-931],[-206,-393],[-167,-110],[-611,-119],[-1292,-25],[-1415,-109],[-939,-25],[-417,44],[-470,125],[-617,84],[-200,-114],[-199,244],[-585,144],[-547,-50],[-173,-243],[-418,-20],[-142,94],[-726,-15],[-527,209],[-1029,-84],[-225,124],[-232,-104],[71,-488],[-212,-90],[-701,-40],[-90,-234],[-412,-124],[-77,-179],[-141,-334],[-682,-821],[-264,-10],[-205,-303],[77,-747],[347,-473],[-296,-353],[-488,-10],[-367,-199],[-141,-299],[-547,-413],[-1055,-543],[-315,-39],[-392,338],[-386,-5],[-945,-542],[-1595,-80],[-900,184],[-405,353],[-360,25],[270,423],[-45,394],[-212,104],[-553,60],[-752,169],[-258,-50],[-283,-204],[-488,-194],[-180,-294],[-309,-243],[-96,-214],[115,-379],[-205,-254],[-766,-338],[-649,60],[-373,169],[-309,269],[-431,114],[-295,-5],[-393,-333],[2219,-3609],[-283,-45],[-2643,234],[-1067,-607],[-1537,115],[-296,-1588],[289,-239],[-83,-264],[-251,-1314],[-58,-478],[-3562,259],[-469,-3071],[-2566,95],[-1228,-652],[-1048,-1444],[-431,-537],[-457,-324],[-328,-363],[-32,-229],[-3022,-1782],[-3453,-1926],[-225,-55],[-71,338],[540,3390],[399,2404],[328,2155],[-7047,602],[-4006,334],[-701,-244],[-483,-3255],[380,-398],[-245,-1503],[-283,-1524],[-475,50],[-116,-149],[-3903,328],[341,-328],[565,-1225],[-9265,802],[250,1384],[-1125,99],[-77,-40],[-3067,279],[-688,105],[-2090,154],[-2836,239],[-302,-1772],[-244,-1508],[-438,-2484],[643,-55],[-160,-627],[-26,-542],[-939,-4152],[-51,-413],[-618,55],[-662,-4121],[-2360,119],[-96,25],[-2354,110],[-3838,318],[-7,25],[-4282,359],[135,940],[-20,1140],[65,767],[160,1199],[-2437,5],[123,-169],[109,-418],[-212,-1389],[32,-309],[-296,-1567],[2135,-3509],[-251,-135],[270,-1588],[45,-1538],[-334,-487],[-1190,-493],[-984,89],[-643,244],[-3420,359],[-2695,259],[-1311,139],[-3164,304],[-598,44],[-58,503],[-225,383],[495,2897],[-4572,349],[-270,9],[-116,-189],[-437,-179],[-96,-279],[154,-288],[-148,-85],[-212,-622],[-251,-319],[-604,-94],[-142,-254],[-450,-229],[-128,-667],[70,-154],[-231,-289],[6,-274],[-604,-189],[-180,-204],[-71,-323],[-482,-458],[-515,-274],[-45,-403],[-366,-374],[13,-333],[-155,-134],[-347,-95],[-444,-562],[-5883,418],[611,3882],[38,2524],[341,-239],[1280,-75],[668,1015],[348,2648],[225,1578],[135,90],[32,358],[-5626,299],[-174,-10],[-386,174],[-399,35],[-411,363],[-797,30],[-251,70],[-1151,-244],[-701,1169],[-2952,1105],[-1530,160],[-611,-657],[-1318,-279],[-540,-881],[-2444,209],[226,1399],[1183,-90],[797,4699],[-45,-40],[-5080,428],[-51,50],[-5228,458],[-624,199],[-373,-115],[-656,-40],[-527,95],[-2308,194],[225,408],[-19,199],[237,374],[45,472],[-128,135],[-688,348],[726,314],[174,194],[0,413],[-1813,129],[-65,70],[-1189,20],[-560,115],[-373,-45],[-1009,74],[-630,-79],[-624,343],[-2109,110],[-2296,84],[-398,35],[-444,139],[-141,-134],[-688,30],[3948,2225],[630,194],[-129,607],[476,284],[810,149],[174,155],[643,124],[669,4181],[302,1916],[283,2439],[-418,-144],[-560,-339],[-662,-249],[-360,-288],[-1151,-105],[-553,65],[-469,-65],[-862,85],[-534,-269],[-366,-35],[-566,463],[-64,259],[-264,194],[-650,20],[-790,980],[-997,478],[-116,289],[251,468],[51,274],[251,487],[251,637],[58,493],[-347,508],[488,383],[-4154,304],[515,3613],[-6790,478],[945,6077],[225,1309],[-2238,175],[225,1493],[-2154,-677],[-1132,-10846],[-424,-4335],[-9375,-5510],[-1299,2364],[-3987,-5012],[-1138,936],[-8308,-4833],[-1781,-2280],[-559,-443],[-1222,-1533],[-1595,-1946],[-951,-1184],[-129,-637],[386,-219],[456,-946],[-430,-886],[-746,-1055],[-1859,-483],[-96,-239],[58,-259],[225,-353],[32,-219],[-309,-478],[-553,-229],[174,-1040],[-109,-194],[-457,-334],[64,-209],[-643,-408],[-373,-543],[-405,-29],[-784,-379],[-90,-806],[-1659,-786],[-373,-269],[-296,-110],[-2141,-25],[-32,-59],[-1736,1553],[-3318,2877],[-6398,472],[-20,-134],[-4764,279],[-58,-398],[-418,288],[32,388],[238,354],[122,30],[1260,-75],[766,413],[141,398],[508,105],[-1408,2528],[-965,906],[32,179],[-1151,852],[-1221,288],[-618,184],[-263,175],[-77,273],[-1325,727],[-187,214],[-585,115],[-379,288],[-759,229],[-334,244],[-437,100],[-688,-324],[-425,-70],[-199,110],[-187,299],[-430,263],[-971,841],[-3029,-1752],[-4598,-2667],[-2109,129],[-276,-274],[-77,-468],[205,-164],[-283,-1697],[71,-5],[-386,-2977],[-283,-293],[290,-453],[-135,-214],[-662,-4709],[2347,-154],[-386,-2703],[-3408,219],[-129,-154],[-309,174],[-823,294],[-463,-35],[-282,159],[-2187,145],[-7690,547],[-290,-2001],[-469,-3598],[-9812,692],[-4000,283],[-765,-5216],[-4411,333],[-1164,100],[656,4131],[450,3071],[-4932,369],[-6250,472],[-592,413],[380,10],[508,115],[212,498],[26,298],[180,244],[-9549,578],[-4231,-2559],[-778,-517],[-39,-359],[-868,-338],[-1093,-508],[-39,-109],[-1588,-638],[-855,-423],[-489,-323],[-482,-5],[-746,-204],[-604,-40],[-238,-149],[-1441,-299],[-167,-557],[-990,-249],[-373,74],[-1292,-159],[-1209,-358],[-277,-244],[-746,-354],[-1016,-273],[-707,0],[-3035,-1981],[-913,-418],[-1029,15],[-289,-1404],[-1338,109],[-804,-4549],[-1106,-7287],[1158,-5116],[-264,-269],[-64,-204],[-643,-473],[-219,-65],[-257,-408],[-161,-20],[-681,-1334],[-122,-338],[141,-224],[-238,-289],[-624,-547],[39,-389],[-232,-268],[65,-239],[-309,-254],[-444,-209],[-212,-264],[13,-199],[-270,-592],[-469,-528],[-219,-169],[-26,-866],[-109,-448],[-283,-826],[-997,522],[-51,-323],[-10751,736],[13,413],[-5993,399],[-52,-364],[-5047,349],[-103,-423],[-315,-374],[-373,-607],[-148,-398],[225,-577],[-52,-210],[206,-462],[109,-458],[-334,-170],[-6,-229],[340,-258],[296,-483],[-96,-284],[-212,20],[244,-786],[193,-55],[212,-841],[405,-125],[187,-333],[360,-269],[-122,-149],[225,-155],[205,-293],[-90,-214],[180,-80],[-199,-488],[302,-199],[-96,-219],[649,-687],[386,10],[167,-129],[-128,-209],[212,-294],[411,-279],[148,-418],[347,-154],[13,-254],[425,-388],[122,-483],[315,-35],[0,-229],[276,-189],[296,-537],[309,-105],[244,-279],[219,-10],[109,-219],[-96,-507],[-167,-75],[32,-259],[-290,-532],[412,-224],[225,-329],[-142,-348],[271,-344],[218,-149],[174,-468],[283,110],[244,-65],[322,65],[154,-403],[-450,-478],[321,-110],[155,-199],[-142,-174],[-283,-25],[187,-353],[-245,-234],[174,-155],[-219,-134],[-315,10],[-122,-199],[116,-174],[-3408,293],[-1055,224],[-1967,155],[-1036,-40],[-430,-75],[-373,144],[-328,-44],[-630,59],[-631,120],[-630,229],[-514,-145],[-4553,354],[-2598,2255],[-9478,701],[-9092,-39],[-38,-717],[-2392,-115],[-1865,-12289],[-5099,384],[-7016,537]],[[193213,113025],[-6,6227],[0,5788],[0,7257],[6,5794],[-6,6515],[0,13812],[-5774,0]],[[187433,158418],[1022,7884],[785,6073],[-1081,70],[122,1697],[-1665,79],[939,7680],[-1961,2842],[-354,-144],[-45,-139],[-469,-140],[-489,-363],[-984,-239],[-476,-333],[110,-170],[-296,-522],[-579,-806],[-3234,2518],[-6244,383],[547,4385],[951,8387],[875,-189],[9150,-612],[836,6923],[572,4699],[-4925,318],[173,1897],[380,5345],[3935,-214],[701,7307],[-2984,179],[129,1279],[7902,-229],[7903,-34],[10160,-588],[-232,-1946],[7858,4778],[926,7277],[3511,-30],[5652,-4683],[341,-85],[-13,-214],[11908,-2359],[1466,-284],[219,159],[746,125],[1093,-110],[444,180],[212,228],[984,155],[366,-55],[167,100],[939,89],[708,349],[450,423],[649,263],[219,205],[733,303],[244,144],[148,309],[469,299],[341,453],[360,199],[920,94],[540,105],[444,328],[469,214],[540,170],[418,209],[373,-45],[778,99],[489,115],[559,299],[155,263],[218,145],[-6874,5813],[4270,2514],[-508,463],[2739,1617],[-2141,1608],[-5459,4156],[-2617,2001],[7298,4848],[6720,-5490],[1858,1707],[3073,1901],[727,5008],[617,4230],[881,6008],[502,3534],[135,851],[-8951,343],[-1067,75],[-84,-692],[-10230,722],[-9543,45],[-64,-727],[-4861,398],[-4681,403],[-4836,4211],[-4347,3554],[283,174],[-540,174],[-463,-59],[-4565,3792],[-367,204],[-231,284],[-2276,1857],[-1280,940],[-5549,4709],[-6938,-4191],[-862,-453],[-154,15],[-1897,1538],[-1724,1384],[-1993,1692],[-7375,6018],[-463,433],[8025,4663],[-438,389],[-1003,776],[3511,2220],[4321,2598],[-1524,1210],[-2154,502],[-77,50],[122,607],[592,80],[7922,4674],[-502,1493],[379,1110],[161,149],[-360,2315],[-855,542],[-77,85],[-508,2399],[-193,234],[-148,448],[84,498],[520,-5],[2245,-150],[752,-597],[3427,1782],[-4398,3788],[-3267,2777],[4733,2887],[5941,3593],[515,687],[-1621,1180],[-2945,2414],[1023,9666],[6154,-334],[-39,394],[-225,443],[77,632],[-180,303],[141,120],[-424,692],[26,1055],[244,244],[122,293],[1248,1907],[11163,-374],[1594,9716],[4791,-303],[-219,-1802],[10269,-642],[96,786],[12784,-786],[7015,-428],[585,3036],[559,2842],[91,2200],[109,2145],[-302,100],[12,204],[303,-20],[96,2065],[71,1120],[5877,-124],[4405,-383],[-238,-2260],[6893,-538],[-103,-647],[-77,-806],[2958,-110],[7240,-283],[283,2299],[4340,-274],[129,40],[5884,-383],[-322,-2852],[4302,2628],[-1576,1349],[3949,2384],[3864,2354],[1370,-1214],[1627,-1394],[5169,3146],[688,-592],[2907,1891],[231,-85],[322,189],[38,254],[1846,1100],[3138,1887],[6616,3977],[3119,-219],[6,89],[7903,-537],[-624,-4515],[-643,-4664],[-514,-3509],[-167,-1582],[45,-140],[1787,-134],[20,-90],[5806,-428],[109,85],[5164,-363],[5131,-374],[2521,-174],[-444,-3185],[-746,-4590],[5029,-403],[4681,-428],[19,150],[9478,-443],[302,-105],[7099,-408],[-366,-3206],[1189,-179],[714,20],[1543,-50],[1235,-144],[-19,-224],[4687,-348],[109,-20],[-173,-2051],[-193,-1722],[5343,-393],[431,-1752],[-103,-762],[9562,-687],[-251,-1811],[-675,-757],[-322,-2175],[6688,-403],[-84,-1021],[2289,-129],[1158,-85],[5356,-278],[1775,-120],[3356,-293],[406,84],[1048,-478],[456,3151],[-38,15],[385,2653],[45,25],[2791,-204],[289,2638],[9138,-682],[482,3409],[373,3002],[8096,-613],[135,1613],[-663,533],[65,413],[5002,-374],[-13,-89],[2135,-164],[-186,149],[70,164],[-96,289],[193,60],[51,233],[386,424],[-6,303],[-740,1006],[264,1533],[-1325,811],[129,946],[5678,-438],[495,-1733],[6964,-597],[3086,-279],[1068,7671],[6057,-488],[231,2170],[9363,-498],[-174,-1319],[-129,-1224],[-681,15],[-1119,-3908],[5330,-960],[-1311,-2972],[-740,50],[-701,-2006],[3164,-567],[-656,-548],[-6269,687],[-643,-5599],[9799,-528],[-32,-941],[4662,-458],[2482,-233],[-13,-224],[8128,-802],[1556,-164],[559,4027],[1762,-165],[335,1454],[3285,-189],[5035,-319],[52,334],[540,4280],[122,707],[-4096,199],[-1466,104],[-997,20],[1042,4027],[-3704,229],[470,4709],[508,5176],[51,587],[527,4400],[2502,-204],[1170,697],[12616,-901],[-373,-2593],[3633,-4634],[3157,-239],[2399,-622],[218,1518],[71,139],[116,1354],[167,1558],[-174,100],[135,985],[10571,-776],[-591,-652],[244,-60],[97,-373],[6488,-1563],[5073,-364],[129,25],[167,324],[-148,204],[122,453],[-161,244],[65,189],[-148,453],[373,1015],[-225,264],[19,289],[759,632],[141,353],[-13,279],[470,368],[302,379],[334,114],[258,234],[-84,343],[-180,274],[19,164],[360,289],[315,448],[451,393],[790,573],[316,288],[392,224],[103,334],[180,274],[-129,632],[-309,239],[-424,79],[-161,493],[-302,154],[-579,528],[-443,896],[19,527],[424,458],[-218,120],[257,438],[804,244],[598,343],[70,254],[232,219],[103,304],[443,462],[695,185],[360,318],[804,538],[636,124],[431,363],[180,797],[-32,194],[-379,607],[51,523],[-218,259],[-476,363],[-1138,60],[-348,308],[-746,269],[-514,129],[-669,15],[-366,105],[-335,204],[-758,702],[-444,483],[-71,288],[135,234],[913,503],[26,149],[-546,438],[-136,528],[-604,652],[-51,219],[-7,722],[-141,199],[-405,338],[-283,359],[212,313],[180,503],[39,348],[-116,249],[482,413],[-6,259],[122,552],[-200,349],[33,483],[218,298],[341,219],[849,747],[90,408],[-373,339],[-122,333],[25,304],[-199,423],[-411,711],[-58,434],[-155,393],[-463,592],[-186,373],[45,354],[572,492],[-58,354],[245,453],[-618,741],[-12,170],[308,383],[116,632],[-289,533],[-20,293],[-334,578],[-64,308],[283,468],[347,348],[276,-19],[347,-239],[316,25],[771,492],[836,50],[560,179],[244,294],[116,304],[96,657],[219,204],[450,109],[752,60],[315,99],[1035,508],[129,169],[13,458],[167,393],[45,344],[-71,602],[-231,677],[26,214],[225,418],[707,120],[444,214],[180,219],[19,323],[-405,453],[-405,727],[-71,269],[39,283],[212,194],[1685,518],[623,164],[296,-30],[302,-144],[77,-358],[129,-204],[412,-274],[353,-149],[412,-80],[353,25],[245,164],[392,70],[450,-234],[527,-921],[463,-219],[380,55],[604,418],[187,149],[450,199],[392,45],[797,-90],[573,-169],[996,-532],[483,5],[218,124],[232,309],[96,388],[412,547],[450,279],[45,607],[347,209],[129,-84],[495,239],[154,264],[862,333],[321,518],[508,10],[354,-244],[424,-130],[437,-20],[637,573],[431,293],[392,359],[187,94],[482,35],[321,239],[26,418],[206,384],[109,582],[238,338],[695,488],[109,209],[-7,329],[-591,851],[-77,368],[257,806],[212,453],[174,160],[521,293],[726,244],[701,130],[514,194],[232,244],[167,433],[167,632],[-25,338],[-521,393],[-483,195],[-694,522],[-411,558],[-251,517],[-290,822],[-347,582],[-103,368],[77,453],[521,951],[148,592],[45,602],[-135,2011],[-103,503],[-366,946],[-84,502],[-289,822],[-270,522],[-830,1030],[-270,448],[26,553],[366,851],[225,428],[534,672],[129,324],[-52,214],[-553,930],[-765,876],[360,120],[470,284],[906,278],[219,-74],[-289,-334],[12,-269],[193,-229],[637,-278],[321,-478],[245,-239],[443,-134],[618,-95],[643,-189],[585,119],[669,-94],[778,-294],[450,-75],[276,-129],[65,-304],[-361,-512],[361,-45],[4854,-383],[823,5679],[-64,5],[354,2429],[154,99],[-83,364],[379,2593],[1183,-100],[77,772],[-173,358],[463,189],[385,294],[303,75],[205,184],[515,139],[-77,418],[-123,85],[123,333],[295,160],[290,-35],[148,124],[1241,110],[617,313],[1640,169],[373,-39],[3575,-538],[508,911],[2990,4694],[7774,-5],[10372,5],[16075,0],[16075,0],[16076,0],[16146,-5],[64565,39]],[[772294,471930],[463,-273],[830,-279],[746,-194],[996,5],[187,-140],[1517,-721],[2122,-956],[740,-319],[411,-44],[1093,-787],[521,-144],[695,-60],[1241,-602],[463,25],[392,-553],[13,-418],[990,-1000],[463,5],[341,-299],[205,-587],[682,-478],[437,-144],[753,29],[238,-223],[469,-274],[842,-224],[547,-75],[129,-249],[385,-234],[97,-458],[874,-607],[206,5],[187,-488],[623,-298],[630,-130],[566,-64],[399,-344],[180,5],[797,-697],[862,-249],[482,-547],[32,-334],[322,-637],[302,-741],[232,-1454],[2675,-2220],[4726,-2697],[2720,-2160],[2585,-4301],[1794,-2294],[3954,-3420],[2135,-2095],[2521,-2623],[2321,-1956],[1363,-1359],[1936,-1583],[2398,-1165],[2469,-1025],[2238,-752],[2842,-1438],[1807,-856],[3633,-1110],[2964,-956],[3357,-1065],[2797,-1284],[3350,-1493],[2251,-1309],[2668,-1483],[2495,-1683],[2675,-970],[3254,-996],[2295,-1025],[2514,-1598],[1987,-1309],[2476,-771],[3028,-1095],[2926,-712],[2527,-1135],[2514,-2125],[1499,-1429],[1234,-1812],[2649,-1279],[3518,-473],[3234,-139],[2990,249],[3402,1030],[1594,1369],[-283,1677],[-1446,1976],[-1344,1613],[-1396,1971],[-662,1478],[-77,2673],[212,2016],[797,1289],[1241,368],[1036,150],[1717,-1260],[1967,-1239],[2296,-1593],[3376,-1259],[2578,-518],[2129,-507],[2758,-523],[3106,-572],[3273,-219],[3305,-284],[3003,-239],[2983,-353],[2752,-871],[875,-1036],[701,-1110],[829,-1617],[103,-1663],[-476,-1811],[-475,-1364],[-605,-971],[-874,-751],[-811,-632],[-855,-757],[-251,-363],[-392,-75],[-212,-184],[-367,-617],[-385,-538],[-26,-428],[-116,-612],[155,-1603],[-103,-239],[109,-1070],[-167,-1274],[-45,-961],[-302,-891],[-277,-1244],[-321,-363],[-451,-165],[180,-801],[-77,-652],[39,-757],[-437,-627],[-386,-378],[244,-3987],[116,-1473],[482,-1015],[527,-891],[650,-652],[765,-1085],[405,-648],[540,-532],[450,-144],[772,-886],[405,-538],[392,-323],[264,-443],[283,-244],[180,-324],[90,-672],[-90,-338],[212,-672],[283,-443],[862,-1767],[3729,-4938],[97,-388],[-110,-338],[380,-1752],[116,-289],[533,-1757],[110,-1254],[559,-1016],[276,-169],[116,-538],[-154,-1403],[128,-1001],[-244,-562],[199,-1404],[84,-229],[-64,-363],[-277,-353],[-270,-528],[-514,-508],[-367,-288],[-302,-160],[-90,-1304],[58,-278],[-212,-483],[-84,-801],[-681,-643],[-142,-313],[9446,-31233],[2630,-8641],[8546,-28201],[6635,-21970],[5196,-17067]],[[224419,680899],[71,308],[456,453],[296,378],[997,2136],[456,796],[978,1911],[51,234],[341,573],[418,403],[-32,273],[109,170],[-13,288],[-354,110],[508,627],[566,597],[412,538],[341,975],[167,618],[263,1249],[103,717],[71,1179],[167,150],[643,288],[296,473],[720,538],[637,423],[456,408],[566,582],[116,234],[219,787],[-52,323],[-296,573],[-199,129],[6,199],[393,234],[90,139],[-180,354],[533,975]],[[234739,702241],[-122,-418],[71,-244],[309,-313],[360,-100],[752,-512],[489,-473],[758,74],[155,304],[289,174],[257,10],[245,-174],[51,-269],[315,80],[219,-229],[13,-403],[250,-85],[361,40],[77,-154],[-212,-125],[192,-159],[180,-473],[476,-124],[32,-150],[457,-20],[193,-214],[347,50],[-38,334],[482,-135],[315,259],[379,-40],[264,-109],[302,109],[122,-79],[167,104],[328,-35],[245,-264],[559,80],[656,174],[-26,155],[425,164],[456,94],[296,-194],[862,294],[443,194],[296,-35],[225,60],[547,-55],[386,135],[340,-80],[206,194],[354,115],[225,-70],[527,254],[328,64],[167,-69],[849,35],[64,174],[412,84],[328,-39],[186,-175],[393,40],[417,373],[316,-9],[668,89],[322,179],[353,90],[271,159],[430,110],[380,234],[411,154],[367,-309],[341,-74],[745,129],[142,174],[244,35],[412,269],[379,30],[296,154],[257,-30],[572,90],[290,-30],[296,313],[437,115],[418,418],[257,115],[277,0],[495,537],[791,383],[25,304],[939,677],[-122,179],[84,314],[-161,54],[-412,-487],[-726,-623],[-26,-214],[-405,-383],[13,-99],[-328,-254],[-1415,-598],[-6,-268],[-798,-140],[-244,-149],[-386,149],[-399,-109],[-520,-249],[-303,-25],[-938,-473],[-515,40],[-180,134],[-521,-214],[-675,20],[-341,-169],[-385,-80],[-303,40],[-212,-134],[-527,-159],[-823,-762],[-277,-30],[-257,164],[-411,50],[-315,-45],[-123,-194],[-553,-59],[-418,89],[-353,-84],[-508,-244],[-290,59],[-418,-169],[-115,-134],[-309,65],[-521,-75],[-366,5],[-187,-60],[-411,75],[-412,-229],[-328,-60],[-540,-219],[-296,189],[-900,-249],[13,-159],[-1196,-229],[-148,204],[-309,60],[-283,-85],[-244,70],[-341,-55],[-173,194],[-444,45],[-116,-244],[-765,100],[-662,-145],[-238,140],[-270,-10],[-161,607],[225,353],[-354,155],[-308,-204],[-309,129],[154,189],[444,-59],[90,268],[-148,125],[-308,20],[-225,-135],[-264,214],[-630,354],[-386,-70],[-232,-194],[-128,-284],[-695,-20],[-205,319],[-476,393],[-772,707],[-38,627]],[[235087,702316],[180,328],[295,35],[380,1210],[270,209],[-90,109],[64,986],[-83,443],[-283,766],[-373,523],[-1003,876],[-431,518],[45,219],[-212,248],[-168,-149],[-283,458],[-180,448],[0,314],[-263,74],[-637,966],[-836,1508],[-257,582],[58,279],[-129,75],[-90,721],[-218,1100],[-611,1762],[-142,448],[-1382,95],[-35392,-35],[-180,70982],[-173,68717],[238,32611],[115,15166],[97,31039],[16345,7645],[15709,7361],[9806,4918],[22345,10428],[3755,497],[20898,2822],[7485,314],[21759,901],[10404,443],[5363,5808],[10552,0],[-521,553],[-231,438],[-142,652],[32,468],[103,368],[232,433],[257,319],[495,413],[888,433],[977,264],[784,79],[843,-45],[469,-104],[547,-199],[668,-403],[508,-523],[341,-692],[71,-373],[-19,-463],[-77,-368],[-193,-438],[-444,-553],[-71,-259],[10719,7466],[19291,1658],[11465,-2633],[17470,-4007],[238,-17321],[-598,-418],[-797,15],[-682,-249],[-225,-274],[-913,-199],[-25,-224],[-1016,-179],[-251,-110],[-695,-731],[78,-393],[-258,-160],[-791,-3041],[-135,-209],[-778,-85],[-250,-248],[-3498,-2584],[-180,-244],[-1023,-1582],[-2778,-2534],[161,-288],[-328,-772],[-19,-259],[-200,-547],[-360,-558],[20,-134],[-335,-319],[-103,-219],[-424,-423],[116,-308],[-97,-115],[-1363,-503],[187,-224],[-489,-696],[38,-334],[-385,-378],[128,-398],[-115,-50],[250,-577],[-51,-190],[-399,-477],[-135,-244],[-193,64],[-212,-278],[212,-175],[-180,-253],[-186,-1130],[38,-334],[-347,-288],[270,-543],[-32,-383],[-154,-120],[424,-453],[-598,-373],[32,-970],[257,-224],[-276,-369],[116,-582],[-200,-45],[33,-264],[160,-35],[129,-552],[-174,-199],[187,-234],[51,-528],[-231,-219],[-624,-64],[-482,-155],[141,-323],[347,-359],[-154,-253],[-630,-70],[-154,-388],[90,-249],[238,-30],[12,-393],[-508,-254],[58,-264],[405,-234],[148,-448],[-19,-343],[-199,-214],[-225,-60],[32,-702],[450,60],[-45,-448],[-97,-358],[309,-224],[26,-846],[148,-229],[-58,-185],[366,-363],[26,-259],[-180,-94],[19,-219],[463,-254],[58,-304],[154,-229],[296,-179],[245,-304],[-65,-238],[97,-229],[341,-404],[-39,-258],[186,-279],[110,-334],[289,-159],[412,-572],[128,-369],[39,-443],[148,-74],[96,-334],[-51,-278],[218,-55],[341,-707],[58,-254],[489,-871],[25,-662],[-32,-856],[206,-214],[-13,-189],[212,-174],[116,-334],[392,-239],[90,-303],[-45,-269],[116,-418],[315,-339],[-19,-527],[-219,-533],[-154,-154],[180,-403],[784,-1543],[148,-458],[-160,-687],[225,-338],[186,-538],[-212,-309],[-13,-413],[103,-687],[-13,-413],[232,-338],[-13,-453],[199,-453],[-129,-184],[-540,-55],[-366,65],[-900,-110],[-135,-50],[70,-428],[1183,-492],[721,-837],[308,-806],[90,-423],[0,-353],[174,-304],[218,-129],[155,-503],[225,-204],[19,-612],[1164,-1016],[103,-403],[-219,-264],[-566,-403],[-167,-299],[-19,-253],[-289,-359],[45,-283],[244,-463],[-64,-324],[231,-1184],[187,-120],[199,-612],[71,-672],[-129,-314],[-26,-547],[-148,-543],[-173,-303],[-373,-408],[-129,-453],[-308,-254],[-225,-40],[-386,219],[-682,284],[-2308,-259],[-77,-25],[-1782,-1409],[-83,-258],[-257,-259],[-58,-896],[122,-996],[-64,-124],[3292,-1374],[257,25],[650,-637],[199,-279],[1061,-697],[546,-243],[470,-309],[122,20],[759,-363],[128,-185],[-115,-154],[109,-299],[13,-343],[334,-946],[26,-836],[-77,-323],[-206,-254],[-360,-140],[-765,-10],[-984,-3568],[392,-239],[-154,-204],[-180,0],[-2103,-3156],[334,-343],[425,-712],[-167,-438],[469,-359],[997,-233],[649,129],[463,-95],[412,15],[746,-318],[546,-55],[180,-100],[154,-283],[0,-1479],[-225,180],[-610,139],[-676,-60],[-598,45],[-450,-413],[-19,-174],[96,-722],[759,-513],[65,-214],[559,-458],[-45,-726],[701,-632],[-161,-399],[-373,-214],[-321,-59],[-714,-20],[-688,-70],[-257,-114],[-875,-15],[-315,-174],[-502,44],[-1118,-5047],[501,-383],[7,-229],[-470,-368],[-476,-284],[-283,-45],[-1054,-3160],[51,-224],[-385,-105],[-277,-259],[219,-607],[257,-194],[-103,-523],[-688,-174],[-212,-139],[51,-254],[290,-423],[257,-219],[-354,-219],[-1415,-5445],[277,-160],[-212,-253],[-643,-75],[-360,-388],[-77,-458],[-187,-319],[225,-597],[553,-194],[-90,-279],[-572,-418],[-527,-284],[-907,-617],[-122,-453],[-187,-45],[-347,100],[-637,-50],[-64,-264],[431,-393],[-45,-249],[-566,40],[-572,-209],[-52,-224],[84,-319],[379,-487],[-109,-224],[-334,-224],[-393,114],[-109,289],[-791,294],[-128,204],[-348,-75],[-617,-40],[-51,-413],[-470,-134],[-289,-209],[-778,-199],[-1068,-483],[-289,-413],[-270,-160],[77,-587],[116,-50],[-77,-488],[-1248,-612],[-83,-259],[-328,10],[-643,-328],[0,-279],[289,-428],[424,-781],[251,-229],[476,-772],[-141,-169],[19,-244],[328,-398],[418,-398],[443,-344],[335,-677],[225,-258],[-26,-648],[-141,-652],[-26,-338],[64,-279],[-135,-761],[277,-105],[495,-587],[354,-214],[630,-513],[58,-507],[463,-429],[257,-109],[739,-503],[-148,-488],[142,-527],[212,-204],[45,-602],[276,-349],[412,-353],[6,-229],[-527,-478],[-231,-100],[-528,50],[-1093,-10],[-431,-224],[-225,-224],[84,-537],[-154,-364],[302,-189],[122,-199],[405,-289],[437,-219],[-70,-243],[-283,-120],[-714,-134],[-109,-90],[90,-438],[-270,-836],[-129,-254],[270,-348],[399,-110],[508,-333],[450,-239],[238,-239],[373,-164],[366,-269],[257,-826],[7,-578],[-637,-537],[-649,-175],[-270,0],[-155,-154],[71,-373],[-122,-533],[-289,-582],[122,-319],[424,-821],[-58,-363],[219,-453],[-180,-453],[64,-438],[457,-403],[-238,-523],[649,-284],[122,-159],[881,-702],[-51,-373],[122,-453],[206,-408],[688,-458],[96,-179],[84,-468],[109,-109],[1331,-996],[245,-104],[2379,-70],[289,169],[251,473],[219,214],[366,114],[373,-214],[39,-791],[-264,-503],[64,-293],[772,-428],[225,-70],[212,-458],[-19,-383],[-482,-573],[-714,-692],[-637,-557],[-199,-328],[32,-324],[495,-567],[245,-747],[430,-473],[-160,-513],[212,-537],[495,-463],[231,-139],[0,-204],[-289,-583],[-501,-179],[-631,-294],[-302,-49],[-135,-289],[225,-358],[-19,-195],[-219,-358],[380,-264],[611,-199],[321,-10],[463,-313],[367,-473],[12,-453],[193,-244],[315,-129],[129,-274],[-64,-169],[-637,-175],[-366,-348],[-180,-368],[-476,-279],[-71,-239],[231,-204],[71,-523],[746,-726],[13,-219],[501,-722],[78,-209],[-110,-319],[-244,-64],[-206,-309],[135,-373],[-64,-364],[932,-896],[270,-34],[785,-632],[977,-95],[1100,388],[289,169],[238,389],[579,20],[238,189],[199,-45],[45,-448],[-122,-269],[-495,-373],[-206,-344],[276,-537],[316,-199],[295,-304],[1338,-124],[0,-299],[-277,-368],[7,-602],[334,-588],[244,-99],[541,-15],[373,124],[147,-134],[-45,-478],[-514,-712],[148,-617],[-244,-981],[180,-681],[212,-229],[2919,-1180],[264,-159],[186,-936],[521,-428],[630,-329],[322,-453],[51,-164],[405,-104],[1113,-742],[791,-264],[546,-373],[457,-100],[1048,-647],[263,-448],[-45,-353],[226,-582],[726,-807],[-19,-363],[720,-572],[572,-170],[495,-512],[296,-807],[1061,-686],[990,-837],[1074,-1100],[405,-1020],[-13,-304],[187,-154],[51,-488],[1389,-682],[483,170],[353,25],[418,-90],[971,-627],[328,-115],[129,-219],[1228,-537],[585,-20],[547,-309],[572,-249],[1755,199],[122,110],[560,-35],[1138,90],[720,-115],[1929,518],[270,184],[901,1239],[32,160],[514,154],[244,154],[58,359],[200,99],[668,-264],[2328,-54],[1177,-1220],[238,-69],[70,-404],[245,-398],[733,-413],[276,-398],[0,-478],[180,-95],[1383,5],[96,55],[791,-124],[598,-344],[277,-54],[469,-294],[322,-70],[681,-20],[714,-194],[476,-383],[-7,-343],[-514,-563],[-64,-309],[103,-109],[-251,-284],[148,-537],[193,-209],[244,-603],[77,-487],[431,-438],[514,-438],[193,-394],[71,-323],[360,-229],[1248,-458],[739,-324],[514,-423],[341,-507],[418,-234],[335,-682],[12,-219],[1055,-393],[431,-50],[431,50],[610,-125],[71,-144],[425,-144],[295,64],[560,254],[315,-65],[714,-318],[167,-354],[270,-184],[122,-338],[392,-264],[257,-90],[1518,-219],[238,95],[662,65],[399,-80],[534,-15],[160,-114],[804,-130],[727,-35],[1029,60],[945,-493],[360,-353],[257,-159],[399,-95],[572,-10],[669,-194],[476,-194],[212,5],[598,-398],[289,-125],[97,-174],[758,-119],[746,79],[392,-49],[418,-229],[592,-95],[656,-194],[103,-100],[797,-189],[695,-40],[276,-74],[1588,-244],[753,-388],[212,-409],[495,-398],[874,-527],[663,49],[302,-393],[180,-54],[637,0],[765,-135],[1344,20],[823,-378],[514,-125],[907,-647],[334,-99],[412,15],[945,-404],[354,-403],[0,-283],[1061,-1369],[353,-219],[32,-115],[1331,-234],[232,170],[1009,25],[316,-90],[823,-115],[463,-273],[604,-458],[476,-443],[167,-359],[694,-507],[386,50],[322,-50],[289,-145],[733,-552],[155,-234],[598,-493],[25,-244],[843,-791],[418,-70],[643,-497],[302,-533],[270,-55],[636,-532],[45,-548],[483,-388],[540,-358],[90,-488],[-142,-164],[180,-603],[348,-537],[238,-244],[623,-105],[303,-463],[122,-607],[758,-642],[148,-627],[296,-189],[392,-35],[180,-642],[213,-50],[688,-423],[250,-343],[78,-642],[250,-294],[7,-722],[167,-234],[296,-59],[173,-1095],[187,-434],[64,-428],[399,-1393],[-26,-344],[206,-333],[-32,-403],[321,-906],[90,-702],[-25,-796],[-316,-812],[-218,-652],[-515,-443],[-790,-1597],[430,-807],[315,-139],[155,-607],[-122,-259],[90,-463],[-123,-562],[-141,-219],[199,-966],[245,-279],[540,-279],[-45,-413],[135,-358],[341,-403],[57,-592],[-508,-707],[-205,-1041],[508,-1095],[167,-204],[-187,-652],[110,-303],[405,-284],[45,-373],[-167,-264],[-58,-383],[96,-369],[206,-204],[617,-249],[-19,-234],[-212,-497],[38,-637],[-70,-125],[19,-1095],[276,-274],[103,-258],[26,-513],[103,-234],[-32,-358],[302,-622],[334,-294],[58,-408],[830,-1016],[231,-647],[32,-483],[180,-502],[52,-349],[308,-1363],[689,-946],[96,-398],[-39,-598],[-128,-278],[405,-817],[180,-443],[-45,-716],[45,-229],[-334,-976],[-341,-478],[353,-781],[-83,-488],[-380,-542],[90,-284],[-392,-816],[618,-946],[109,-747],[630,-1040],[129,-149],[-174,-792],[84,-204],[-129,-278],[-502,-2255],[78,-533],[-65,-532],[-469,-274],[-161,-209],[-38,-473],[45,-299],[1125,-1090],[173,-278],[393,-1623],[328,-478],[25,-328],[-726,-1334],[25,-543],[103,-288],[-64,-354],[399,-1588],[521,-1244],[-33,-717],[-199,-378],[-13,-508],[476,-303],[264,-304],[58,-463],[437,-945],[398,-269],[508,-418],[206,-294],[277,-657],[70,-438],[-270,-557],[-167,-65],[-58,-1055],[502,-528],[-129,-612],[-225,-284],[1498,-2951],[740,-249],[469,-239],[277,-523],[-13,-746],[-51,-299],[-611,-1145],[-643,-323],[733,-1693],[752,-1856],[289,-115],[219,-303],[26,-473],[8134,-3031],[122,10],[232,-419],[1710,-1000],[167,-244],[1113,-2827],[900,-956],[861,-965],[303,-140],[-33,-134],[2007,-3743],[173,-229],[5479,-3743],[308,-129],[168,-294],[38,-289],[708,-1508],[469,-94],[219,-219],[-52,-150],[39,-2030],[205,-170],[4592,-1030],[276,-547],[-231,-832],[-71,-851],[122,-333],[3067,-617],[2855,-2877],[193,-65],[289,-523],[193,-592],[1839,-926],[2225,-1040],[347,-55],[45,-134],[-308,-120],[-3524,-1801],[116,-413],[-122,-399],[2887,-2518],[2070,-3937],[290,-354],[122,-552],[-212,-473],[-315,-348],[-283,-2210],[289,-95],[302,-508],[32,-293],[-96,-249],[553,-1175],[-984,-707],[-469,-238],[469,-1135],[52,-264],[1041,-1110],[296,-209],[-174,-567],[-32,-722],[-70,-239],[-303,-413],[-51,-269],[354,-543],[51,-373],[6456,-5714],[1543,-1384],[1550,-3046],[649,-1184],[180,-259],[-96,-324],[-2238,-4011],[187,-941],[-20,-199],[3074,-3434],[212,-85],[367,-632],[147,-647],[2991,-2160],[276,15],[367,-757],[-71,-224],[58,-747],[-122,-363],[2134,-1244],[830,-145],[128,-94],[52,-374],[-142,-408],[907,-517],[952,119],[109,-279],[-437,-243],[148,-254],[347,-175],[264,-223],[64,-324],[206,-164],[591,-85],[367,-239],[-39,-413],[4289,-2852],[424,-75],[270,-209],[3711,-2663],[398,-223],[7517,-1225],[7588,-1274],[6732,-1120],[804,100],[-39,-269],[174,-174],[4186,-6954],[4379,-1503],[1389,-1294],[212,-672],[90,-488],[2726,-4858]],[[617597,527467],[-20454,-10],[-18017,10],[0,4151],[-16995,-19],[-6578,0],[-9620,5],[-5620,5],[-6449,5],[-1299,49],[-1665,254],[-618,5],[-746,139],[-366,-228],[-887,-702],[-226,-413],[-482,-264],[-257,35],[-302,-125],[13,-234],[-483,-199],[-186,125],[-58,253],[-302,170],[-637,194],[-585,-70],[-553,85],[-591,229],[-1055,229],[-296,328],[-109,304],[83,288],[341,244],[-225,224],[-276,100],[-7,274],[-437,462],[-193,483],[-206,105],[-469,5],[-154,174],[135,383],[521,369],[-206,313],[-26,274],[148,284],[-495,179],[-489,537],[-694,-129],[-1389,413],[-219,124],[-180,-204],[-624,428],[-656,-184],[-385,115],[-637,30],[-109,-110],[-508,-124],[-579,-10],[-540,-164],[-206,84],[-405,-25],[-791,75],[-932,1498],[-894,-309],[-264,40],[-662,-423],[-161,10],[-501,-363],[-7,-130],[-675,-443],[-450,-154],[-296,-234],[-443,-139],[-129,209],[-264,159],[-167,-124],[-341,10],[-572,-170],[-579,50],[-572,-74],[-386,204],[-463,-244],[-437,194],[-180,259],[141,134],[71,413],[-514,428],[-290,10],[-122,-129],[129,-264],[-836,-199],[-13,-373],[109,-185],[-193,-109],[-295,50],[-341,408],[-437,-234],[-431,-30],[-431,279],[-309,-95],[135,-368],[618,-309],[-862,70],[-45,-314],[322,-477],[-148,-274],[-213,-85],[33,-368],[-515,-349],[-180,-248],[-296,25],[-225,-364],[-443,189],[205,-408],[-276,-209],[-842,-124],[-444,-125],[399,-463],[128,-408],[-5948,568],[-7883,751],[-431,-5699],[-6719,568],[-418,-259],[-1685,1717],[-3890,3569],[315,438],[-1447,781],[463,473],[-1704,134],[514,3599],[-4674,363],[-52,-89],[-1787,139],[-496,-279],[-199,-607],[-482,0],[-527,329],[-161,-229],[-206,25],[-129,-473],[180,-224],[-141,-105],[90,-353],[270,-249],[302,-25],[348,-144],[810,139],[154,-244],[-161,-129],[32,-408],[161,-423],[508,-414],[347,-89],[367,-309],[-206,-761],[148,-130],[-19,-1159],[238,-384],[-489,35],[-386,-443],[110,-269],[668,-49],[-109,-787],[-328,-35],[-309,-273],[-51,-199],[-785,-697],[-141,-174],[-45,-359],[-521,-373],[-527,-627],[19,-354],[-341,-99],[-295,84],[173,195],[-6,238],[-367,339],[-501,84],[-258,-79],[-540,-319],[-411,-144],[-682,30],[-302,313],[-386,-39],[-244,298],[-476,50],[-328,-45],[-649,284],[109,453],[-212,179],[51,279],[-135,94],[39,558],[-283,209],[-4225,308],[77,424],[-64,243],[-296,75],[-186,438],[-142,548],[-205,134],[-341,-179],[96,-413],[-251,-229],[-282,209],[-84,328],[-225,-99],[116,-239],[-116,-359],[-290,-418],[277,-323],[-1897,144],[45,-184],[-141,-388],[25,-299],[225,-199],[-2951,244],[141,1025],[-2810,209],[303,2026],[-251,617],[456,1593],[451,398],[231,1518],[-360,-5],[-392,-109],[-573,149],[-784,-15],[-334,-129],[-1119,622],[-1267,65],[-386,-45],[-186,65],[-695,54],[-842,1289],[-64,190],[-335,462],[-4076,319],[-97,-5595],[-1042,-7227],[-540,-2886],[7234,-588],[1479,-1140],[-2919,-2060],[334,-239],[-193,-249],[84,-463],[373,-164],[296,-5],[154,-164],[476,0],[456,-404],[322,-204],[598,334],[334,40],[675,-558],[-58,-323],[277,-70],[58,-249],[-142,-219],[193,-139],[52,-254],[-4051,-2409],[2887,-2638],[-4431,-2499],[-893,-731],[-611,-2992],[109,-453],[1003,-582],[3800,-6530],[1287,-707],[643,249],[392,70],[855,-50],[489,-150],[-3878,-2234],[-1350,1189],[-7742,-5355],[-463,-443],[-225,-433],[-103,-742],[-1260,95],[-450,-3241],[-7292,657],[-444,-3832],[-1267,333],[-4070,523],[-1151,30],[-1151,308],[-437,-3862],[-2720,204],[-206,-1653],[-238,-1781],[-199,-130],[-842,-348],[-405,5],[-727,-349],[-437,-129],[-457,-433],[-585,-712],[-476,-368],[-328,-140],[-906,433],[-373,314],[-611,194],[-643,120],[-450,149],[-341,299],[-161,597],[-984,438],[-636,94],[-495,5],[-978,-313],[-444,10],[-289,-219],[-585,-179],[-945,74],[-1087,179],[-733,190],[-405,15],[-611,-652],[-1022,-707],[-946,-851],[-662,-319],[-231,-40],[-778,15],[-753,-55],[-591,120],[-746,45],[-528,-120],[-610,-264],[-830,-174],[-1871,-154],[-2842,-154],[-1756,328],[-1768,642],[-1370,588],[-1523,467],[-1145,319],[-1222,229],[-2115,-582],[-309,-5],[-1505,477],[-475,185],[-1782,1189],[-109,140],[-765,1333],[-315,424],[-643,726],[-470,279],[-218,234],[-933,562],[-1009,448],[-907,239],[-784,-209],[-611,-199],[-392,-194],[218,-383],[135,-682],[-244,-533],[-514,-418],[-740,-323],[-1517,-453],[-283,-244],[-245,-90],[-283,-458],[-411,-144],[-225,-358],[-624,34],[-270,105],[-830,-194],[-244,134],[-662,-289],[-315,-248],[-257,-70],[45,-483],[-26,-522],[-720,-787],[-663,-65],[-328,60],[-1048,418],[-340,30],[-271,-95],[-334,-552],[-238,-219],[-1016,-368],[-418,-234],[-315,-314],[-476,-836],[-566,-667],[-70,-722],[-200,-263],[-668,-344],[-315,110],[-290,378],[-257,204],[-315,35],[-450,-403],[-3350,219],[-10777,711],[-3569,214],[-11632,752],[-12404,811],[97,772],[475,3593],[-1125,60],[817,7138],[-2810,149],[-10571,587],[-90,-692],[-1344,95],[559,4430],[1132,9203],[-3016,194],[-96,-1239],[-7453,572],[-84,-672],[-4867,373],[1106,8457],[-3055,129],[-154,-1189],[-11908,746],[-669,-5534],[-10288,567],[-573,-5654],[-578,-70],[-560,75],[-347,328],[-296,55],[-354,249],[-868,-5],[-418,318],[-308,100],[-495,552],[-393,175],[-276,-55],[-476,84],[-624,-179],[-688,100],[-926,-5],[-276,124],[-238,-50],[-476,254],[-309,5],[-147,229],[-393,160],[90,214],[-250,29],[-103,389],[128,288],[-205,150],[-71,388],[720,-60],[1035,7342],[2058,-130],[849,7138],[681,5609],[-4475,299],[-4135,338],[-12481,966],[386,2782],[-3536,254],[-1016,528],[231,214],[-77,164],[39,348],[-148,324],[-341,174],[-161,364],[97,134],[-123,428],[322,35],[231,129],[-103,339],[-411,393],[-270,109],[6,259],[-173,558],[45,353],[-161,209],[122,189],[-51,473],[360,259],[469,30],[103,333],[-412,388],[0,254],[367,224],[-309,393],[174,210],[-26,243],[315,140],[-13,269],[258,124],[-225,513],[83,398],[-122,149],[-534,70],[-193,179],[-565,274],[212,318],[-90,219],[83,349],[-148,348],[-430,125],[-348,328],[-128,214],[-84,448],[-276,174],[-470,65],[-295,513],[-7,159],[-508,204],[-225,478],[-997,413],[26,194],[-167,403],[-206,100],[161,239],[-109,383],[102,343],[-475,334],[-110,289],[148,159],[-148,229],[39,224],[-129,373],[-283,159],[-19,209],[-206,130],[-501,-40],[-277,358],[77,394],[-57,308],[-200,115],[20,263],[-380,443],[-58,195],[-649,238],[-219,170],[-251,-45],[-334,428],[-656,154],[-180,-134],[-482,333],[58,458],[347,508],[45,234],[-51,383],[-245,378],[-32,224],[-257,364],[64,283],[-116,334],[142,149],[270,478],[405,115],[2913,-145],[501,4873],[5395,-388],[-135,-1170],[7299,-518],[321,2643],[-328,0],[-437,-129],[244,2922],[65,652],[4694,-209],[135,1423],[-10533,573],[804,8073],[733,174],[675,-562],[592,64],[604,-45],[141,-119],[-19,-393],[180,-55],[791,169],[547,35],[675,-89],[334,-185],[354,-318],[598,84],[546,294],[714,319],[341,3459],[-3865,159],[258,3415],[1569,-95],[456,3738],[553,4529],[9671,-726],[238,1891],[9793,-622],[-199,-1822],[7144,-647],[-3305,2992],[6790,4280],[437,284],[7369,-6993],[2926,1836],[7755,-6565],[5742,3703],[13,224],[-316,334],[-257,468],[-418,268],[-70,150],[-431,244],[-392,24],[-579,284],[-270,304],[-528,189],[-720,-25],[-816,90],[-579,129],[-598,274],[10648,7277],[3923,-3440],[6398,6401],[2546,2549],[-360,-65],[-842,79],[-155,175],[-424,64],[-302,414],[-193,79],[-753,578],[-424,154],[-71,174],[-752,289],[-444,373],[-38,139],[-322,194],[39,205],[-225,104],[-187,388],[-296,125],[-392,40],[-321,189],[-277,20],[-463,239],[-77,184],[-392,244],[5568,5738],[971,7999],[1518,12627],[2109,12125],[1067,6142],[2643,2902],[3974,-2031],[2778,3046],[6,125],[-495,348],[-778,667],[-739,483],[-316,269],[-482,179],[-656,0],[-533,45],[-534,149],[-740,284],[-739,532],[-489,603],[-302,502],[-360,364],[-572,184],[546,3106],[4199,2887],[675,7406],[4103,-234],[624,6933],[7111,-323],[817,7212],[3633,-229],[823,7277],[-8565,468],[-11047,612],[-1010,-6550],[-102,-871],[-7395,517],[-18969,1344],[-3048,3758],[-6404,7834],[-4411,-9387],[-361,-35],[-424,324],[-714,244],[-347,169],[-752,114],[-540,229],[-476,110],[-335,-493],[-424,-731],[-804,-294],[-238,-224],[-6,-349],[309,-353],[385,-60],[322,-253],[83,-294],[463,-100],[290,-154],[141,-234],[727,-562],[90,-209],[501,-269],[232,-294],[-1460,-5754],[-11150,717],[-10301,677],[-701,-134],[-122,169],[-572,199],[-842,50],[-348,308],[-45,199],[-334,224],[-373,-49],[-354,119],[-141,-338],[-334,0],[-566,-219],[-148,-209],[-444,189],[45,378],[187,319],[-515,-40],[7,259],[-161,84],[-405,-80],[-296,80],[-193,194],[-289,-89],[58,-244],[-656,40],[32,-419],[379,-39],[7,-239],[-412,0],[-199,204],[-425,154],[-147,-119],[-431,144],[-26,144],[276,90],[-122,353],[-173,85],[-405,-224],[0,-314],[-225,55],[-26,364],[463,303],[508,483],[-309,40],[-180,293],[-431,-129],[-96,-438],[-431,-114]],[[401769,981260],[-894,60],[-578,125],[-933,134],[-340,85],[-727,303],[-688,498],[-277,294],[-662,1040],[-682,-140],[-482,-44],[-611,20],[-1048,184],[-431,119],[-926,368],[-752,528],[-392,433],[-347,677],[-97,538],[39,453],[103,358],[218,428],[373,488],[611,468],[521,253],[810,214],[489,45],[701,-10],[990,-189],[977,-338],[772,-394],[392,-308],[431,-483],[778,274],[720,104],[939,0],[669,-84],[1016,-319],[398,-204],[1312,-941],[283,-303],[367,-558],[295,-876],[84,-682],[-45,-368],[-302,-697],[-245,-313],[-546,-498],[-785,-433],[-900,-254],[-598,-55]],[[375502,993276],[-849,84],[-469,125],[-534,229],[-720,517],[-270,314],[-322,617],[-103,562],[71,563],[135,368],[335,503],[475,433],[592,343],[444,165],[707,149],[231,373],[418,433],[335,244],[913,448],[797,189],[624,65],[887,-50],[875,-189],[714,-313],[360,-234],[398,-344],[431,-542],[290,-682],[45,-543],[-168,-736],[-302,-513],[-251,-319],[-495,-418],[-488,-278],[-521,-224],[-450,-130],[-592,-89],[-836,14],[-566,-502],[-495,-279],[-791,-259],[-855,-94]],[[291736,980155],[-476,25],[-919,204],[-611,284],[-591,438],[-271,294],[-327,577],[-296,866],[-309,801],[-39,563],[174,642],[193,348],[572,608],[598,348],[1923,224],[2128,-622],[2161,941],[6681,881],[2315,69],[4739,692],[823,-184],[533,-234],[714,-513],[341,-383],[302,-562],[167,-483],[65,-787],[-52,-363],[-251,-532],[-353,-578],[-296,-398],[-572,-473],[-142,-542],[-231,-423],[-405,-458],[-528,-379],[-1054,-522],[-1080,-284],[-566,-55],[-1055,60],[-778,169],[-617,174],[-849,-114],[-791,15],[-1820,134],[-829,-99],[-463,0],[-907,109],[-443,110],[-868,109],[-1119,294],[-1074,353],[-823,-408],[-373,-274],[-675,-363],[-765,-224],[-811,-75]],[[278214,973038],[-348,15],[-1414,199],[-926,214],[-772,84],[-1389,314],[-1131,378],[-669,339],[-540,164],[-399,184],[-662,-189],[-463,-60],[-656,-10],[-489,55],[-694,184],[-425,174],[-553,344],[-572,582],[-328,682],[-64,354],[6,448],[77,358],[187,443],[296,413],[778,707],[366,229],[856,328],[1453,279],[701,20],[578,-70],[759,-234],[579,-278],[804,184],[810,44],[347,-24],[1839,-299],[887,-169],[1524,-389],[991,-199],[668,-209],[495,-258],[804,-523],[335,-274],[450,-557],[250,-627],[52,-364],[-109,-726],[-155,-349],[-392,-542],[-489,-453],[-546,-364],[-701,-303],[-656,-160],[-714,-79],[-636,-10]],[[275294,987084],[-964,89],[-418,80],[-984,0],[-1370,164],[-1009,-94],[-1029,40],[-386,59],[-855,0],[-591,105],[-425,124],[-1035,160],[-1498,492],[-296,130],[-598,124],[-444,159],[-778,463],[-501,538],[-238,418],[-148,533],[-161,248],[-193,508],[3125,2389],[2283,816],[1877,-94],[2785,498],[1324,-170],[2463,-1921],[4553,-1807],[-187,-1339],[-270,-701],[-238,-319],[-366,-358],[-360,-244],[-1139,-677],[-649,-249],[-585,-119],[-695,-45]],[[229164,971057],[-720,70],[-900,273],[-746,443],[-566,583],[-238,413],[-180,702],[7,443],[212,696],[321,488],[-655,353],[-476,394],[-566,602],[-309,513],[-141,463],[-13,562],[193,642],[341,508],[546,597],[367,338],[450,304],[855,339],[463,438],[412,328],[810,413],[456,135],[843,99],[585,-20],[791,-159],[720,85],[489,-15],[591,-100],[457,-139],[797,-423],[469,-428],[341,-488],[225,-597],[77,-603],[0,-517],[-128,-598],[-167,-403],[-290,-498],[-501,-602],[-495,-408],[-592,-348],[-328,-150],[347,-463],[161,-338],[122,-458],[13,-373],[-64,-463],[-245,-617],[-405,-573],[-366,-363],[-444,-314],[-405,-199],[-874,-348],[-804,-174],[-843,-45]],[[220014,960525],[-1054,104],[-573,170],[-797,433],[-611,582],[-296,513],[-128,453],[-7,562],[193,732],[373,587],[630,547],[348,219],[578,269],[650,189],[681,115],[714,60],[727,15],[482,-40],[579,-135],[836,-368],[585,-468],[456,-657],[187,-542],[13,-657],[-129,-458],[-238,-438],[-263,-314],[-489,-413],[-830,-458],[-906,-348],[-772,-185],[-939,-69]],[[979371,232103],[2392,-8188],[129,-985],[148,-249],[-13,-473],[-135,-1016],[-187,-1766],[-109,-1598],[-32,-802],[83,-1488],[168,-896],[180,-701],[340,-827],[110,-94],[385,-752],[341,-557],[309,-413],[611,-553],[752,-488],[688,-368],[849,-179],[469,-15],[483,84],[77,-189],[-13,-955],[154,-657],[328,-428],[-244,-722],[-399,-652],[-508,-707],[-1112,-1727],[-560,-986],[-308,-462],[-2624,-4455],[-456,-657],[-611,-1045],[-1293,-2026],[-173,-314],[-1087,-1667],[-559,-1001],[-566,-896],[-1010,-1732],[-746,-1353],[-482,-817],[-1267,-2245],[-257,-517],[-682,-1240],[-1311,-2633],[-708,-1632],[-546,-1508],[-257,-901],[-232,-1006],[-58,-980],[90,-891],[122,-662],[251,-876],[212,-533],[45,-567],[-450,-1254],[-340,-408],[-45,-394],[-303,-403],[180,-567],[71,-816],[251,-1295],[276,-806],[283,-587],[238,-344],[264,-214],[591,-687],[322,-308],[591,-458],[894,-488],[823,-264],[566,-99],[688,-30],[392,45],[296,184],[431,742],[296,189],[321,-284],[-6,-174],[-341,-100],[-636,-941],[-965,-1513],[-977,-1657],[-817,-1503],[-707,-1508],[-823,-1678],[-836,-1986],[-341,-856],[-772,-2165],[-341,-1080],[-578,-2225],[-167,-921],[-58,-1259],[128,-961],[380,-925],[405,-568],[308,-313],[309,-140],[521,-109],[495,343],[296,-15],[167,125],[559,-145],[-128,-343],[161,-139],[-142,-309],[-649,-2200],[-283,-1075],[-257,-1593],[-161,-647],[-97,-871],[0,-383],[193,-314],[444,-413],[-129,-373],[-135,-767],[-64,-1204],[58,-513],[231,-617],[-51,-368],[19,-827],[122,-378],[116,-672],[219,-433],[437,-234],[418,-308],[540,-130],[463,80],[-129,-1180],[-64,-1204],[26,-453],[154,-1001],[-77,-239],[174,-886],[154,-338],[469,-134],[0,-289],[142,-249],[-560,-65],[-469,-343],[-347,-1334],[-45,-289],[96,-801],[20,-607],[122,-617],[469,-1384],[476,-1289]],[[944237,118426],[-13,159],[-425,119],[-225,229],[-103,831],[-372,195],[-534,19],[-482,-243],[-290,303],[-135,284],[-424,-129],[-360,99],[-476,20],[-148,124],[-945,80],[-155,304],[-257,184],[-341,45],[-482,338],[-64,229],[206,129],[-322,518],[97,130],[-168,199],[-418,239],[-501,209],[-187,-40],[-598,99],[-115,145],[38,303],[386,279],[-135,199],[6,344],[-225,-15],[1293,1075],[-52,59],[753,628],[295,1562],[-154,100],[-218,383],[-33,229],[168,150],[-650,59],[135,219],[-58,354],[-366,74],[-290,-59],[-295,94],[-405,463],[-2740,249],[238,-508],[463,-438],[-161,-99],[-4044,378],[96,493],[-611,59],[116,568],[-675,65],[598,1309],[-392,154],[-58,-279],[-251,-89],[-225,323],[19,239],[270,324],[-45,298],[380,329],[212,1030],[-167,-129],[-405,39],[270,1285],[-431,14],[-103,-154],[-649,-70],[-245,-149],[-559,149],[-315,-343],[-290,-139],[-244,154],[-579,-254],[-231,184],[-624,0],[-257,199],[-148,289],[-411,-35],[-245,-159],[-289,55],[-386,-204],[-392,69],[-302,-184],[-573,-184],[-694,-85],[-264,-189],[-263,418],[-444,180],[51,99],[-514,229],[-199,174],[-328,105],[-303,209],[-681,-55],[-52,-538],[-321,-228],[-373,0],[-161,-125],[-26,-254],[-199,-99],[-186,-294],[-496,-60],[-109,-114],[-566,-45],[-373,-194],[180,-125],[33,-442],[-200,-195],[-508,209],[-167,-69],[-238,-349],[-508,25],[-180,234],[-456,339],[-174,229],[-463,273],[-193,194],[-669,224],[-501,349],[-399,-154],[-360,104],[-51,-234],[-277,-124],[-334,159],[-560,-25],[-205,-378],[250,-304],[-160,-323],[-521,-309],[128,-219],[-19,-378],[277,-164],[-103,-259],[-245,-224],[270,-269],[-141,-75],[109,-497],[129,-80],[45,-339],[154,-189],[45,-283],[-315,-428],[58,-200],[354,-189],[90,-333],[257,-110],[-315,-244],[-476,-194],[354,-687],[-489,-637],[109,-229],[-206,-313],[-463,30],[-38,-259],[-752,-254],[-135,-159],[-418,-140],[-553,-10],[-579,-204],[-392,-268],[-103,-249],[154,-503],[13,-363],[444,-175],[12,-233],[380,-289],[771,-174],[-109,-130],[322,-179],[521,164],[437,-398],[296,-154],[276,-279],[97,-239],[289,-139],[-283,-184],[206,-349],[649,135],[148,244],[-257,109],[90,204],[636,-35],[-115,-622],[842,-80],[-109,-204],[-335,-219],[-83,-179],[6,-726],[527,-339],[277,134],[180,-204],[354,-139],[-155,-244],[26,-363],[-251,-224],[367,-622],[-148,-618],[1029,-109],[-155,-712],[-328,35],[-102,-463],[160,-343],[52,-876],[283,-319],[-1029,110],[-206,154],[64,229],[-707,-314],[-328,0],[-476,-268],[-360,-429],[-218,-612],[-135,-298],[-418,199],[-521,104],[-437,-174],[-418,20],[-367,-398],[-630,-135],[-251,-253],[-1125,-409],[-431,20],[-424,319],[-438,50],[129,428],[277,44],[77,210],[289,109],[315,274],[-45,801],[-270,264],[232,134],[115,229],[495,418],[-1305,125],[-199,174],[-386,-75],[-315,70],[-245,-119],[-250,164],[90,269],[334,-30],[129,274],[398,-70],[586,269],[282,298],[-199,269],[289,398],[541,-5],[77,289],[-200,269],[-218,5],[-206,308],[-26,513],[142,239],[-103,463],[-785,69],[90,508],[-347,-139],[-193,-179],[-315,-40],[-353,-214],[-135,-214],[-772,79],[-289,100],[-515,483],[-636,-324],[-78,-358],[-643,40],[-469,-209],[-116,-578],[-180,-15],[-77,-373],[-2469,234],[-109,-5],[-489,-458],[-13,-244],[-231,-318],[-393,-274],[-604,-229],[-296,-259],[13,-224],[-257,-229],[-71,-244],[103,-209],[-116,-542],[-283,-105],[-328,-274],[-51,-278],[-2784,-911],[-26,-259],[-309,-194],[-263,-299],[-573,-333],[-360,-433],[-482,-189],[-212,54],[-438,-214],[-572,229],[-514,-398],[-875,-274],[-810,-164],[-476,-5],[-366,100],[-502,-75],[-450,114],[-469,-164],[-637,179],[-553,294],[-315,-5],[-341,309],[-186,34],[-155,254],[-508,239],[-218,-15],[-527,269],[-245,304],[-424,-170],[-489,-54],[-270,99],[-341,289],[-225,20],[-566,398],[-514,-95],[-656,419],[-264,-30],[-482,229],[-83,144],[-631,0],[-141,199],[-315,110],[-283,-45],[-360,522],[-64,448],[-226,130],[20,239],[-354,84],[-257,274],[-174,319],[-411,204],[-58,303],[-579,488],[-225,-35],[-328,115],[-167,318],[-277,50],[-321,493],[-161,89],[328,284],[-270,259],[-58,274],[110,139],[-26,368],[128,294],[-321,45],[-540,-55],[-129,184],[-733,25],[-276,309],[-393,99],[-424,-134],[-141,-164],[-598,-75],[-914,194],[-630,65],[-392,219],[-694,303],[-180,10],[-116,274],[-52,572],[-315,185],[251,398],[-212,338],[264,393],[-65,224],[-752,145],[-495,189],[-212,314],[-155,39],[984,513],[129,662],[-78,199],[-855,757],[-636,244],[-399,343],[-418,-124],[-219,393],[-340,30],[-360,243],[-380,75],[-180,473],[-456,35],[-592,313],[58,120],[-212,259],[-296,49],[-193,314],[-296,-229],[-283,-30],[-122,219],[-450,344],[-225,458],[-418,199],[-463,458],[-58,174],[45,443],[-527,59],[-495,-258],[-360,-50],[-502,104],[-405,264],[-309,289],[45,438],[-302,10],[-334,249],[-527,-219],[-502,288],[-206,190],[-418,179],[-514,647],[251,318],[-303,279],[13,159],[309,249],[-45,95],[-1659,169],[-6726,642],[-6,15],[2443,4106],[392,1717],[823,3634],[148,458],[-4495,413],[-3202,-75],[-218,3196],[315,-25],[289,-144],[3247,1134],[206,538],[1061,124],[444,-49],[-71,517],[1106,448],[302,-104],[328,-418],[875,-389],[495,65],[199,-85],[560,254],[205,249],[-83,373],[-219,180],[-51,234],[193,642],[-502,482],[-116,284],[-450,70],[-354,-184],[-192,119],[-521,-458],[-367,-159],[-334,-50],[-270,299],[-579,114],[-283,-15],[-309,219],[-315,55],[-218,254],[-380,169],[-321,75],[-412,498],[-527,-150],[-694,-25],[-534,55],[-489,125],[-1067,398],[-354,298],[-122,573],[-418,497],[64,314],[-585,602],[-302,797],[-373,184],[39,184],[-1402,-304],[-798,194],[-1112,-154],[-366,65],[-412,338],[-405,45],[-521,-209],[26,-219],[-161,-333],[-3492,-1842],[-3832,373],[-585,1016],[289,303],[39,189],[-180,150],[-476,169],[109,179],[-250,513],[-425,358],[-218,473],[-431,45],[-1151,-20],[-592,45],[-270,-40],[-379,-209],[-341,20],[-791,542],[-733,75],[-572,109],[-579,30],[109,319],[-90,299],[-244,398],[-26,323],[682,707],[71,299],[282,428],[7,433],[-341,358],[-90,448],[103,314],[463,184],[379,343],[110,379],[250,388],[-231,323],[-1048,986],[-450,169],[-90,324],[-817,338],[-547,518],[496,114],[-823,737],[154,368],[238,229],[617,45],[431,478],[-180,303],[-52,632],[90,608],[-945,323],[-411,528],[212,517],[341,324],[289,65],[13,258],[456,394],[13,154],[-321,124],[-206,334],[-90,607],[-2714,274],[-1337,79],[-379,458],[-965,264],[-585,-60],[-527,-109],[-463,60],[-515,-65],[-874,-184],[-450,234],[-862,234],[-534,378],[-739,1105],[-129,40],[-2308,323],[-328,-129],[-251,-244]],[[972118,127678],[71,20],[160,-64],[-90,-35],[-141,79]],[[617597,527467],[412,-731],[373,-314],[225,-323],[6237,-1966],[810,-289],[8315,-1722],[1022,-284],[3787,-2334],[676,-189],[681,-309],[309,-657],[1884,-1483],[3016,-956],[2282,-1175],[3286,125],[2977,-792],[11658,-3837],[2103,-1055],[238,-184],[2360,-956],[520,-60],[457,-368],[8391,-2205],[110,-115],[8700,-2195],[13824,-1747],[476,-423],[2560,-3205],[212,-169],[3388,-473],[406,-150],[334,-258],[4308,-667],[14661,-4201],[6128,-1757],[14249,-6177],[617,-189],[13465,-7282],[328,-363],[302,-65],[515,-348],[4559,-1230],[2141,-1812],[1395,-647]],[[187433,158418],[-9736,0],[-10339,-5],[-10340,0],[-10340,0],[-10339,0],[-5170,0],[-10340,0],[-5170,0],[-10333,-5],[-5170,0],[-5176,-5],[-5164,5],[-5169,0],[-6598,0],[-8906,-5],[-10333,0],[-10333,0],[-10333,-5],[-10334,0],[-10326,0],[-10334,0],[-6867,0],[-7,3614],[0,7232],[-6,7232],[0,3614],[0,7227],[0,7232],[0,7227],[0,7232],[0,7227],[0,3614],[0,7232],[-6,3613],[0,7232],[0,3614],[0,7232],[0,7232],[0,7227],[-7,7152],[0,3699],[-6,7232],[-7,3613],[0,7232],[-6,7232],[-7,5062],[0,3181],[-12,6221],[-7,4341],[0,6500],[0,3614],[-6,6510],[0,3613],[-7,4500],[-6,7073],[-7,7232],[0,4604],[-6,6973],[-6,6510],[-13,7232],[0,7237],[-7,3619],[-6,7232],[0,7237],[-7,7237],[-6,4111],[0,6740],[-6,7237],[-7,7237],[-6,7237],[-7,7237],[-6,7237],[0,7242],[-7,3618],[-6,7237],[-6,7242],[0,7237],[0,4122],[12,4803],[-6,5550],[-6,7232],[-7,7237],[-6,2020],[-7,6655],[0,4345],[-6,9412],[0,6511],[-7,7237],[-6,7232],[-6,6446],[-20,10228],[0,11801],[0,4092],[-6,7237],[-7,7237],[-6,7242],[0,7789],[611,-438],[842,-378],[695,-448],[77,-269],[630,-174],[321,-154],[412,-354],[611,-866],[1222,-612],[148,-134],[-13,-239],[289,5],[643,-503],[862,-577],[385,-319],[849,-368],[958,-468],[631,-209],[270,-179],[-65,-349],[386,80],[495,-279],[624,-284],[1022,-393],[656,-214],[1241,-333],[933,-199],[1819,-314],[367,-100],[945,-642],[579,-243],[1119,-254],[321,-189],[675,144],[32,204],[1994,-35],[341,-70],[1305,-443],[919,-373],[753,-458],[778,-313],[347,0],[354,94],[636,30],[489,-40],[341,-264],[353,-14],[817,-259],[476,-35],[135,179],[289,50],[1248,-110],[1183,-15],[534,-114],[205,214],[2174,119],[508,-74],[103,64],[1099,170],[547,35],[1086,134],[187,109],[302,-149],[251,-10],[842,-189],[270,-164],[598,-578],[373,-214],[1318,-477],[1402,-379],[1003,-219],[206,-174],[341,-30],[1048,-333],[360,-264],[997,-358],[829,-224],[1351,-269],[791,-135],[327,-99],[283,-299],[444,-224],[682,-234],[1575,-268],[662,-135],[457,-50],[1331,70],[823,-179],[431,-130],[1260,-159],[900,-79],[1216,-70],[122,-130],[591,-119],[386,-314],[283,234],[380,-89],[1015,-513],[361,-134],[469,-90],[45,-304],[-225,-124],[-244,-328],[141,-100],[52,-358],[282,-508],[438,-418],[1556,-821],[591,-906],[856,-792],[231,10],[669,-239],[591,-263],[1601,-359],[470,-64],[559,-234],[-238,-608],[-405,-517],[-167,-389],[-225,-806],[-32,-562],[58,-329],[315,-826],[45,-294],[141,-244],[20,-308],[154,-289],[154,-687],[155,-1150],[250,-418],[13,-243],[418,-628],[45,-313],[129,-55],[308,-602],[553,-792],[348,-701],[527,-692],[341,-588],[160,-652],[226,-159],[591,-786],[277,-150],[1054,-776],[283,-110],[817,-418],[1813,-816],[141,-164],[245,-15],[527,-189],[740,-354],[707,-109],[939,-274],[302,-189],[727,25],[713,-25],[823,20],[907,84],[1247,0],[553,-84],[406,-189],[1253,-488],[502,-314],[907,-154],[868,-294],[1196,-642],[733,-582],[572,-239],[1010,-353],[514,-369],[637,-517],[109,-209],[-457,-10],[-263,-95],[823,-363],[675,-130],[174,-174],[244,45],[328,-174],[341,59],[321,-99],[405,-229],[270,-567],[193,-279],[315,-209],[-32,-199],[341,44],[180,-263],[444,-319],[990,-323],[315,-259],[495,-289],[540,-40],[1068,-268],[443,9],[1164,-189],[103,-64],[617,10],[26,-229],[399,-20],[373,134],[720,-224],[231,-269],[238,-64],[296,-249],[315,-30],[283,124],[122,-214],[-128,-298],[1311,179],[811,-65],[418,-234],[282,35],[348,334],[533,-70],[592,214],[482,-199],[103,-224],[707,-498],[13,-209],[-328,-224],[-19,-433],[746,10],[-238,184],[129,284],[244,-20],[2199,-737],[1370,-328],[276,-25],[875,-219],[926,-358],[443,-269],[142,-289],[-605,-234],[232,-119],[-32,-548],[135,-284],[289,-383],[836,-726],[971,-633],[624,-323],[649,-284],[913,-214],[1524,-254],[920,-49],[2900,-45],[2180,214],[1176,239],[830,104],[302,-84],[135,104],[765,149],[605,20],[392,115],[990,139],[354,-20],[424,-209],[778,239],[1293,239],[437,40],[456,-60],[367,115],[579,54],[379,-25],[315,80],[1151,179],[315,80],[1203,45],[1344,119],[1016,274],[1408,244],[1279,453],[1164,448],[521,358],[759,189],[353,194],[316,-35],[276,-149],[1704,169],[1235,294],[1208,324],[1235,542],[971,667],[405,149],[399,25],[720,194],[399,-5],[540,299],[328,65],[328,199],[688,299],[1421,751],[1067,782],[431,388],[849,527],[148,234],[328,100],[488,274],[547,84],[341,150],[289,268],[154,20],[656,-219],[367,10],[263,-134],[251,74],[199,205],[251,433],[978,701],[688,289],[0,194],[1292,254],[1235,398],[308,15],[849,329],[457,487],[752,563],[347,687],[656,672],[97,169],[604,622],[141,55],[560,537],[32,349],[277,343],[70,383],[257,538],[13,319],[373,965],[-19,473],[84,478],[289,652],[6,577],[168,90],[147,916],[26,458],[219,900],[218,364],[412,488],[129,258],[-129,115],[39,323],[482,548],[501,179],[-6,602],[501,941],[193,189],[-83,349],[411,1986],[7,214],[-155,164],[193,343],[-148,792],[-231,582],[90,602],[-225,110],[-116,313],[212,827],[206,557],[399,791],[347,364],[637,901],[643,497],[1073,662],[586,438],[636,528],[1447,1369],[662,731],[1010,1255],[341,582],[192,473],[84,1105],[277,627],[160,55],[425,-145],[341,50],[32,264],[-425,-15],[-32,194],[412,-60],[295,65],[618,244],[598,343],[1498,1016],[688,552],[1247,1080],[496,463],[810,906],[424,543],[251,164],[887,1264],[341,727],[244,1339],[264,846],[219,503],[77,557],[173,324],[348,253],[0,145],[398,657],[225,199],[406,124],[385,-34],[258,-344],[282,373],[20,473],[521,777],[443,716],[225,433],[727,1011],[167,537],[52,418],[-135,797],[-361,592],[-578,488],[-200,289],[13,667],[155,368],[572,368],[90,513],[347,428],[425,682],[353,418],[174,338],[366,886],[-13,180],[643,1547],[13,195],[367,682],[238,920],[148,702],[-168,358],[142,478],[386,632],[1781,2081],[566,727],[643,682],[578,806],[907,1364],[444,811],[154,533],[-154,542],[-720,891],[-206,443],[-360,528],[-457,1289],[-598,1453],[-51,259],[-367,931],[-495,980],[-51,304],[328,209],[405,154],[263,423],[0,125],[418,587],[470,896],[263,806],[219,1195],[251,1901],[26,483],[199,2180],[122,986],[77,393],[257,831],[322,1334],[45,358],[321,807],[682,2165],[283,965],[772,2235],[315,772],[418,816],[334,304]],[[234739,702241],[348,75]],[[119151,622923],[315,139],[501,-5],[277,60],[302,219],[-90,353],[431,169],[135,-204],[592,-174],[-521,-254],[-354,-298],[-321,19],[-457,-214],[-103,-219],[-206,-84],[-353,428],[-148,65]],[[118810,620757],[32,35],[32,-15],[-38,-39],[-26,19]],[[118726,620653],[45,30],[-12,-40],[-33,10]],[[117730,620962],[521,293],[379,-144],[-482,-145],[-418,-4]],[[116283,631678],[412,-150],[-155,-169],[-257,319]],[[116598,630961],[52,55],[51,-60],[-103,5]],[[109731,632330],[450,134],[244,289],[45,418],[328,358],[585,-64],[238,-209],[-103,-279],[84,-523],[315,-293],[-129,-319],[52,-418],[-90,-398],[-380,268],[-25,130],[-296,119],[-425,-64],[-289,34],[-431,453],[-173,364]],[[74963,625620],[508,339],[431,209],[379,298],[649,384],[586,278],[630,414],[418,542],[32,209],[-257,274],[501,537],[-90,234],[695,289],[443,254],[270,254],[129,502],[-135,185],[456,154],[457,244],[527,129],[978,468],[746,319],[495,512],[250,179],[483,185],[398,5],[624,-199],[495,-45],[933,174],[540,224],[251,-294],[668,-234],[122,204],[-758,194],[-90,70],[263,309],[1068,55],[456,-25],[881,214],[1421,89],[482,-109],[959,-30],[726,35],[701,134],[476,179],[13,150],[508,169],[193,249],[829,293],[1248,334],[585,194],[521,229],[186,249],[-71,279],[348,69],[463,289],[437,-214],[829,-164],[1299,-95],[945,-154],[766,-851],[559,-264],[553,-349],[630,-602],[547,-249],[623,-64],[721,34],[373,-109],[180,-249],[-161,-323],[128,-259],[373,109],[264,-35],[174,-428],[315,-99],[231,-508],[-193,-393],[45,-702],[-109,-194],[206,-149],[527,-185],[129,-552],[-373,-90],[-335,25],[-791,-49],[-96,462],[-309,304],[-713,75],[-856,-65],[-315,-279],[-585,-84],[-257,-254],[-354,30],[-392,-105],[-276,-204],[-515,-159],[-1312,-692],[-180,179],[45,259],[-308,214],[19,478],[-579,199],[-64,348],[-154,219],[289,448],[-161,224],[-379,214],[-605,155],[-218,159],[-90,294],[270,139],[-109,169],[-1158,-358],[-103,-339],[-251,-358],[-340,-174],[-148,-175],[212,-169],[-141,-249],[-740,70],[-392,-45],[-251,204],[-302,10],[-302,-139],[-431,-408],[-759,-40],[-13,159],[-289,35],[-386,-289],[-39,-258],[187,-40],[476,-388],[218,-279],[483,-85],[482,50],[360,104],[547,-9],[102,-85],[84,-508],[-84,-254],[-488,-348],[-7,-398],[-373,25],[-83,224],[-251,194],[-45,239],[-399,209],[-572,-45],[-527,-169],[-894,-483],[-193,-418],[630,-70],[367,-149],[83,-219],[-308,-816],[347,-364],[6,-204],[-424,-562],[-315,-50],[-322,89],[-508,-9],[-656,-125],[-64,-214],[212,-45],[116,-273],[328,-200],[219,-308],[-84,-254],[-6,-518],[-540,-129],[-129,-120],[-296,80],[-1260,45],[141,343],[-450,438],[7,145],[-380,497],[-257,190],[-373,69],[-592,593],[-417,129],[559,378],[-373,80],[-463,328],[-437,120],[-193,-55],[45,-234],[617,-368],[26,-179],[-347,-25],[180,-374],[6,-751],[58,-214],[540,-428],[-206,-339],[-578,-393],[-219,-338],[148,-319],[-167,-119],[-528,428],[-643,119],[-64,-144],[341,-259],[-45,-299],[-367,-283],[-636,-364],[-444,-353],[-212,-30],[-514,-647],[-193,-343],[-161,-20],[-424,298],[-238,-44],[-496,-239],[-334,-234],[-463,109],[-437,-55],[-392,100],[-251,299],[-855,49],[-489,-74],[-682,-279],[-218,-35],[-180,249],[-7,214],[-193,418],[-347,254],[-546,95],[90,403],[430,323],[-83,140],[-560,-274],[-167,-548],[-386,-20],[-238,682],[142,379],[-39,353],[-250,488],[-200,114],[-611,-74],[-456,94],[-437,-70],[-258,95],[-238,388],[-25,468],[-270,493],[-270,224],[218,249],[386,298],[154,314],[-83,368]],[[102928,600629],[668,35],[598,294],[39,308],[-129,314],[360,279],[142,318],[231,120],[52,263],[-129,314],[148,244],[514,-199],[303,-354],[70,-194],[-353,-219],[-58,-224],[-264,-219],[-617,-871],[-386,-493],[-96,-219],[115,-278],[71,-533],[-611,15],[-463,433],[-96,772],[-109,94]],[[89971,602092],[707,-89],[553,35],[662,229],[682,637],[791,303],[444,304],[167,523],[-71,184],[232,473],[392,15],[585,-90],[141,164],[483,105],[443,318],[258,289],[-45,229],[122,368],[-161,289],[109,264],[-231,497],[231,35],[174,-144],[476,-174],[83,-279],[200,-239],[848,-687],[573,-333],[456,-354],[315,-333],[335,-174],[521,25],[-116,-259],[-315,-329],[109,-507],[379,-657],[180,-219],[676,-424],[225,-462],[-463,-25],[-483,-125],[-488,-234],[-155,45],[-829,-45],[-1100,-258],[-315,-344],[-302,-219],[-129,-209],[-353,159],[-482,100],[-824,-55],[-372,154],[-97,289],[148,349],[-219,219],[-823,24],[-1498,-303],[-302,40],[-328,-135],[-122,-393],[-257,-304],[-58,-209],[270,-209],[-753,35],[-186,144],[-58,433],[-585,379],[-19,348],[-264,314],[-167,502]],[[100175,600485],[425,-234],[-315,-249],[32,-299],[-302,35],[0,234],[231,274],[-71,239]],[[93179,622012],[277,94],[296,274],[668,189],[168,125],[366,-60],[257,-314],[39,-209],[-257,-129],[-386,-518],[-84,-328],[-424,-179],[-283,-195],[-643,50],[-219,110],[39,293],[-167,70],[353,727]],[[95089,625576],[52,0],[-7,-20],[-38,5],[-7,15]],[[94086,622669],[84,35],[-13,-35],[-71,0]],[[93771,622913],[219,-40],[-142,-120],[-77,160]],[[88106,602749],[559,40],[824,-244],[-367,-94],[-977,174],[-39,124]],[[88910,604661],[206,59],[57,125],[-6,99],[84,-29],[-84,-165],[-84,-64],[-173,-25]],[[88974,624112],[161,209],[148,-269],[-309,60]],[[88479,606104],[296,-214],[-58,-79],[-161,119],[-77,174]],[[87855,608488],[193,-74],[-58,-95],[-128,45],[-7,124]],[[83187,618941],[463,-284],[-142,-149],[-122,174],[-199,80],[0,179]],[[82615,642862],[38,20],[52,-25],[-45,-35],[-45,40]],[[81399,606672],[528,69],[270,-134],[51,-249],[-167,-100],[-617,10],[70,190],[-135,214]],[[82094,642613],[399,-60],[-219,-269],[-180,329]],[[77889,605875],[405,20],[379,-388],[418,-179],[270,-289],[817,-388],[218,-349],[489,-418],[752,-403],[-861,-70],[13,254],[-348,249],[-623,-99],[-328,154],[-213,214],[-231,428],[-328,20],[-238,-115],[-174,583],[-308,293],[-161,264],[52,219]],[[80840,644529],[109,-10],[-38,-124],[-84,89],[13,45]],[[77181,606547],[309,20],[6,-99],[-315,79]],[[73973,621409],[405,389],[1247,736],[399,-34],[418,-115],[257,-219],[-167,-677],[-232,-269],[-19,-164],[257,-557],[71,-319],[-515,-448],[-430,-15],[-380,-199],[-308,-274],[-58,-189],[122,-363],[-579,40],[-398,-75],[-418,-229],[-39,184],[180,279],[270,707],[-218,582],[-181,154],[-25,329],[276,398],[65,348]],[[75034,619115],[57,10],[116,-269],[-83,65],[-97,134],[7,60]],[[74481,617388],[32,30],[90,20],[-32,-35],[-90,-15]],[[74352,617024],[6,0],[0,-29],[-19,-30],[6,35],[7,10],[0,14]],[[70642,615392],[2122,637],[289,169],[238,-129],[225,-463],[521,-244],[206,-234],[-335,-318],[-328,79],[-360,-5],[-283,85],[-437,-164],[-180,84],[-277,-279],[-141,25],[-572,-184],[-579,-463],[-206,423],[-64,399],[251,378],[-90,204]],[[74133,614879],[7,0],[6,-5],[-6,0],[-7,5]],[[73645,618234],[199,75],[186,-309],[-373,10],[-12,224]],[[73497,616681],[19,-5],[51,-10],[7,-10],[-39,5],[-13,0],[-25,20]],[[73194,616591],[13,10],[0,-5],[-6,-5],[-7,0]],[[72359,613167],[19,-10],[19,-65],[-13,5],[0,15],[-25,55]],[[67999,611753],[354,165],[135,-174],[565,-244],[213,-428],[-187,-90],[-283,279],[-302,25],[-373,278],[-122,189]],[[68320,612664],[386,274],[129,-40],[58,-338],[-450,-194],[-123,298]],[[993588,71873],[-71,-185],[225,-243],[-315,-866],[-508,-2136],[-231,-1249],[-129,-483],[-218,-1573],[-110,-562],[-51,-772],[26,-647],[231,-741],[103,-687],[-19,-1200],[-58,-393],[90,-1239],[109,-802],[296,-1254],[527,-1637],[425,-832],[514,-189],[514,-985],[637,-762],[302,-99],[251,44],[810,-975],[534,-448],[444,-269],[565,-254],[451,-69],[321,79],[476,-74],[-482,-518],[-225,119],[-2913,906],[-283,-59],[-290,64],[-289,-239],[-257,-35],[-643,-627],[-90,-273],[-289,-25],[-1081,-309],[-739,-528],[-418,-134],[-187,-343],[-591,-180],[-521,-393],[-431,-448],[-26,-239],[-193,-184],[-983,-313],[-483,-229],[-475,-100],[-733,45],[-438,-105],[-463,219],[-135,458],[-263,50],[-566,-129],[-148,64],[-630,-124],[-283,85],[-270,209],[-618,-80],[-604,60],[-193,-189],[-328,-30],[-328,-244],[-591,-90],[-328,-109],[-373,10],[-534,-463],[-180,-423],[-900,84],[-733,523],[-508,-179],[-727,448],[-739,-105],[-335,-478],[7,-219],[193,-243],[38,-284],[-900,-274],[341,-269],[-90,-129],[263,-269],[-308,-239],[-592,90],[-148,-289],[-617,-134],[0,-379],[-482,5],[-180,-268],[-463,10],[-65,-329],[348,-318],[-219,-294],[-405,-289],[-244,25],[-78,-309],[-282,-433],[-219,-104],[-894,149],[-1260,165],[-225,219],[-347,179],[-1042,109],[-270,150],[-437,-219],[-489,184],[-534,84],[-778,-164],[-444,80],[-456,-15],[-405,169],[-399,-75],[-347,224],[-322,90],[-913,-85],[-527,-5],[-367,-104],[-379,50],[-315,-145],[-701,299],[-379,30],[-727,259],[-386,14],[-713,503],[-708,184],[-791,-94],[-398,104],[-315,-64],[-341,79],[-367,-413],[-315,-129],[-476,119],[-495,-458],[-38,-328],[-290,25],[-598,-354],[-13,-423],[-308,-149],[-701,-20],[-752,363],[-277,35],[-1132,-318],[-103,-135],[238,-159],[-340,-264],[-360,-15],[-290,159],[-399,75],[-212,204],[-392,140],[-501,408],[-187,-60],[-450,189],[-315,-139],[-624,428],[-399,-55],[-257,100],[-128,283],[-444,-74],[-354,214],[-25,413],[-393,313],[-540,90],[-681,-174],[-560,59],[-283,249],[-450,184],[-276,259],[-123,254],[84,214],[-167,244],[-219,70],[-90,537],[-823,-368],[-238,-224],[-148,-378],[123,-443],[167,-354],[-322,-308],[-488,-622],[-258,-120],[-366,-537],[-315,253],[-148,369],[-534,159],[-649,-45],[70,269],[-379,-115],[-321,120],[-335,378],[-341,30],[-495,234],[-19,209],[238,194],[-26,563],[251,348],[6,363],[232,319],[-489,209],[-463,50],[-379,443],[-418,129],[-534,-159],[-527,-85],[-328,35]],[[931923,46080],[51,353],[251,130],[-283,448],[-360,259],[-392,64],[-58,-263],[-386,74],[32,155],[-701,114],[-51,279],[476,214],[489,617],[-148,189],[0,274],[-971,-30],[-547,448],[-334,528],[296,477],[-534,309],[-187,194],[-38,438],[-180,244],[128,577],[-514,95],[-296,234],[-161,284],[-328,119],[-160,184],[32,249],[-212,373],[51,214],[585,364],[-244,487],[103,448],[-367,50],[-527,169],[-193,130],[-604,179],[321,503],[-45,259],[-373,373],[116,269],[-482,323],[-97,179],[-411,423],[199,652],[0,434],[360,338],[-51,244],[405,234],[353,-169],[463,303],[33,617],[173,229],[701,488],[-347,518],[6,373],[-321,378],[-97,667],[425,224],[58,891],[-354,309],[-52,293],[-225,234],[39,140],[1087,-90],[103,443],[295,-30],[193,831],[502,-54],[456,-160],[502,2131],[714,-25],[103,433],[212,229],[13,303],[887,-99],[45,174],[810,-89],[290,1249],[1305,-144],[283,1239],[-45,463],[96,249],[322,219],[810,-35],[1267,-135],[13,224],[1202,-129],[-58,-224],[1183,-134],[489,64],[-77,-313],[263,-15],[-64,-274],[1961,-224],[58,254],[1087,-90],[-39,-154],[849,-95],[-71,-333],[1081,-124],[135,283],[1157,-139],[206,-433],[1922,-259],[20,-45],[1299,-149],[302,-274],[-129,-617],[1376,-144],[290,-135],[-65,-264],[1087,-109],[-174,-801],[373,-125],[-96,-388],[643,-70],[148,627],[643,-69],[6,373],[-135,682],[-392,443],[-444,-95],[-521,60],[303,1344],[218,184],[701,-75],[45,219],[335,-34],[70,293],[341,-40],[-45,-253],[135,-150],[482,20],[856,-99],[77,308],[984,-114],[90,353],[520,-50],[508,2175],[2097,-229],[521,2081],[-438,428],[746,642],[154,244],[148,562]],[[931923,46080],[-251,-214],[-508,-25],[-186,65],[-611,-115],[-245,-278],[97,-244],[-206,-135],[-186,-298],[-193,-20],[-425,-329],[-186,-338],[103,-249],[-547,-114],[-308,104],[-605,-94],[-309,124],[-225,-239],[45,-274],[-205,-164],[-7,-498],[450,-557],[-128,-229],[-347,-264],[-586,-279],[-141,-253],[-347,-254],[-116,-254],[-418,-319],[-437,160],[-232,-65],[-617,40],[-553,244],[-945,-339],[-399,70],[-244,-85],[-341,80],[-399,-10],[-296,164],[-411,40],[-135,-309],[-855,-507],[-225,-190],[-90,-318],[-168,-149],[-302,-20],[-971,104],[-405,-502],[-289,-125],[-444,-408],[-630,-319],[-71,-278],[-456,-304],[-148,-368],[-193,-10],[-264,-379],[-283,-214],[-205,155],[-425,114],[-173,279],[-618,100],[-315,104],[-251,-229],[-1389,299],[-533,-100],[-122,-169],[-528,-65],[-276,-154],[-425,-488],[-482,-84],[-386,-339],[-649,-179],[-328,60],[-1010,-264],[-463,-15],[-257,-95],[-649,105],[-64,-398],[-123,-110],[20,-318],[-476,-284],[-296,10],[-611,-229],[-116,-204],[-520,-403],[-1074,-533],[64,-154],[-212,-199],[-1042,-145],[-559,170],[-193,-45],[-277,433],[78,294],[-200,383],[-604,-85],[-219,-224],[-926,-483],[180,-393],[-263,-353],[-58,-284],[199,-149],[-116,-528],[251,-259],[-103,-229],[167,-169],[270,-45],[206,-249],[598,-44],[630,-428],[155,-493],[244,-144],[-193,-324],[116,-408],[180,-244],[-232,-309],[58,-194],[611,-582],[122,-199],[-25,-513],[263,-149],[180,-279],[341,-328],[424,94],[695,-109],[482,74],[373,-184],[-26,-239],[515,-453],[694,140],[309,-284],[-219,-274],[116,-308],[354,-404],[257,-169],[-302,-328],[-592,-165],[-527,-363],[-746,-313],[244,-100],[103,-328],[-437,-354],[19,-264],[-308,-194],[96,-796],[-148,-219],[315,-169],[-173,-324],[-225,-94],[32,-234],[199,-190],[-174,-308],[84,-354],[-122,-219],[-77,-647],[-425,-184],[-250,45],[-116,-284],[-270,-64],[83,-319],[-212,-294],[527,-224],[187,-174],[231,159],[515,170],[90,-150],[-225,-189],[128,-293],[-475,-279],[83,-199],[-206,-135],[-302,-706],[-424,-195],[-399,-597],[-585,-89],[-122,248],[103,190],[-213,214],[-205,-165],[-740,-398],[-701,-174],[-250,-324],[-483,-119],[-308,100],[-290,-120],[-939,-119],[-610,-160],[-303,-154],[-424,-55],[51,224],[-218,234],[-392,150],[-772,184],[-187,-100],[-720,194],[-173,-89],[-637,-20],[-225,219],[-360,124],[-810,-84],[-476,-219],[-180,-359],[26,-169],[-142,-428],[302,-533],[-250,-278],[-26,-418],[-315,-244],[-322,-115],[-797,209],[-97,204],[181,254],[-496,264],[-868,-209],[-263,-194],[-418,-25],[-348,-164],[-437,69],[206,399],[-32,482],[-675,150],[-290,254],[-58,209],[-237,149],[-425,75],[-71,298],[-418,697],[90,189],[-270,95],[-19,184],[-309,537],[136,130],[12,353],[-482,224],[-244,-79],[-206,-239],[-399,-110],[-141,214],[-296,-25],[-244,-333],[-32,-184],[-399,-314],[-611,-30],[-77,-209],[-476,-348],[-193,-374],[-566,105],[-482,-319],[-540,-283],[-379,20],[-457,-254],[-19,-234],[-225,-159],[-470,323],[-578,-124],[-341,134],[-418,-80],[-103,-119],[-842,-169],[-354,-259],[-392,-393],[-547,-5],[-238,119],[-1196,-552],[-212,-20],[-51,-369],[-187,-462],[-334,-284],[103,-189],[-348,-279],[-566,-214],[-141,-309],[-309,-64],[-430,-403],[-226,-90],[-212,-448],[-321,-254],[13,-234],[-187,-234],[142,-592],[-206,-259],[-244,-493],[443,-273],[335,-135],[25,-219],[-604,-94],[-399,-787],[-161,-99],[-514,-85],[-887,-348],[-328,-936],[-232,-363],[-431,-319],[-971,-463],[-186,-308],[-289,-135],[-547,-10],[-424,-234],[-283,-448],[-193,-144],[-26,-274],[-431,-298],[-501,109],[-489,-94],[-1382,233],[-341,-169],[-933,-174],[-244,219],[-810,403],[-431,30],[-238,244],[26,189],[-174,189],[-19,349],[148,179],[418,224],[-354,403],[-534,463],[-205,353],[-399,65],[-199,-70],[-277,274],[-296,164],[-244,309],[-64,732],[-225,129],[32,269],[688,577],[-7,363],[161,25],[154,294],[-289,149],[-71,627],[-553,-10],[-295,249],[141,304],[611,353],[39,533],[-58,204],[-290,294],[-135,602],[296,259],[-598,338],[90,249],[476,194],[58,737],[-367,313],[-77,204],[-456,120],[-271,214],[-360,-5],[-495,289],[-418,99],[-199,219],[-122,523],[-257,224],[-335,-199],[-559,99],[-367,125],[-514,298],[-13,314],[-463,388],[-1003,299],[-360,-110],[-392,20],[-71,130],[-534,368],[-116,229],[-610,0],[-547,259],[-212,-145],[-508,150],[-431,477],[-630,0],[-437,389],[-206,-105],[-135,408],[-476,-79],[-264,124],[-585,60],[-720,-339],[0,-179],[-817,-64],[-328,-180],[-45,244],[-424,-15],[-180,249],[-283,184],[244,170],[-366,258],[-13,399],[309,179],[-58,214],[19,707],[-212,5],[-302,189],[-521,-5],[71,477],[-123,344],[-321,159],[122,159],[502,80],[-187,712],[-154,139],[-817,443],[-77,130],[-495,29],[-810,210],[-483,24],[-167,150],[-527,40],[-508,-299],[-174,104],[-533,-49],[-315,144],[-103,249],[-521,-90],[38,214],[-321,150],[-154,866],[-431,353],[-302,-94],[-528,263],[-225,324],[-193,75],[-694,-65],[-244,-329],[-380,15],[19,204],[-347,60],[-315,-239],[-334,438],[-347,-129],[-746,403],[-148,284],[-412,119],[-238,-25],[-514,234],[-785,40],[-199,169],[174,289],[-283,10],[-663,199],[-675,-50],[-739,458],[-650,25],[-257,289],[-906,-25],[-142,249],[-514,10],[-1113,-65],[-161,-259],[-726,-204],[-264,-139],[45,-210],[-527,-159],[-553,75],[-315,-219],[-489,-164],[-469,542],[-180,-159],[-746,-264],[-1048,-289],[-219,-139],[-386,-453],[-385,194],[-33,179],[-418,-10],[-90,-194],[-520,85],[-637,20],[-32,308],[-1119,438],[-579,-119],[-308,25],[-586,-174],[-244,383],[-386,-95],[-103,-184],[393,-234],[-187,-358],[-868,30],[-244,-65],[-431,144],[-142,140],[502,234],[392,99],[-495,214],[-444,50],[-244,-75],[-96,-204],[-348,-109],[-630,55],[-302,89],[-463,10],[-379,95],[-155,-244],[-270,-95],[-411,169],[-482,-278],[-367,-125],[-167,229],[-290,-84],[-694,79],[-321,145],[-258,263],[-341,195],[-450,99],[-418,-90],[-154,210],[244,119],[7,493],[-450,74],[-431,334],[-341,-85],[-334,-249],[-425,90],[129,284],[-527,-20],[-560,288],[-103,384],[58,179],[-321,45],[-45,164],[270,224],[-290,184],[-64,423],[-546,0],[-303,304],[52,398],[-547,-10],[-771,144],[-418,274],[-187,483],[-418,65],[-283,248],[-540,95],[-514,548],[-245,19],[-360,-238],[-437,10],[-270,109],[-315,-45],[-405,-214],[-399,-45],[-398,-318],[-881,-135],[263,-139],[-816,-542],[-457,99],[-456,-85],[70,-248],[-720,44],[-276,254],[-399,35],[-849,154],[264,219],[-817,-79],[-71,219],[-218,119],[-810,-169],[-78,309],[-276,-100],[-289,-438],[-277,70],[-154,-169],[-759,109],[-367,-5],[-186,-239],[-360,-174],[-778,309],[-457,-65],[142,-602],[-399,-170],[-463,-20],[-180,-119],[-341,219],[-508,80],[-366,-75],[-39,-229],[-386,-85],[-186,-204],[-257,120],[-515,50],[-386,283],[-237,65],[-219,-164],[-675,-70],[-270,-363],[-708,-224],[-212,54],[-103,-318],[-340,-30],[-553,-348],[-746,-70],[-303,-134],[-533,204],[-714,-274],[-77,-224],[-322,144],[-25,179],[-418,-15],[-322,145],[-1067,-60],[-225,-428],[-380,-40],[-617,50],[-180,194],[-566,144],[-219,259],[-405,-30],[-231,234],[-257,-214],[-631,50],[-231,-204],[-514,314],[-553,-10],[-251,-249],[-566,-234],[-244,279],[-701,29],[-360,-139],[-714,-70],[-161,-129],[-276,209],[-264,-154],[-739,-70],[-560,154],[-579,-20],[-180,-293],[-437,99],[-392,-64],[-322,99],[245,214],[-303,75],[-443,-130],[-245,-229],[-289,175],[-405,-294],[251,-189],[-257,-174],[225,-199],[-283,-180],[-354,120],[-1093,-65],[-675,105],[225,199],[-225,323],[-386,145],[39,248],[-271,130],[-205,-229],[-579,99],[-187,239],[52,165],[-283,249],[-315,44],[-412,170],[-655,-75],[-553,-234],[-45,184],[-309,-45],[38,319],[-212,269],[-341,-90],[7,473],[-283,134],[-566,75],[-296,99],[-321,-74],[-155,109],[-745,-184],[-270,-159],[-451,104],[-752,85],[-392,-95],[-180,125],[-251,-254],[-360,-90],[-495,259],[-521,-94],[-457,-15],[-405,-319],[-276,125],[-264,-110],[-109,-289],[-309,-179],[-829,25],[-418,-104],[-270,-438],[-257,-25],[-566,-344],[-7,-209],[225,-259],[-456,-253],[-341,-15],[-64,-289],[141,-294],[-135,-124],[-32,-304],[-148,-139],[-489,-35],[13,-189],[-379,-413],[-32,-219],[-457,-433],[-424,30],[-386,-374],[84,-189],[-161,-264],[-232,-144],[-443,219],[-354,-134],[-277,234],[-514,-65],[-77,209],[-264,35],[-347,-319],[-315,-10],[-135,-278],[-617,-85],[-315,50],[57,-259],[-270,-134],[-508,-45],[-238,-254],[-347,-55],[-617,110],[-482,-65],[-45,-149],[-412,-369],[77,-174],[-347,-154],[-174,-179],[-578,-130],[135,-279],[-444,-139],[-257,378],[-682,-253],[-321,59],[-438,-473],[-456,-24],[-277,-349],[-45,-284],[-488,-174],[-65,130],[-533,-234],[-257,39],[-271,-194],[-501,-15],[-392,-303],[250,-169],[-398,-80],[51,-224],[-180,-159],[167,-239],[-424,-189],[-637,-394],[-623,-219],[-605,160],[-411,-35],[-328,70],[0,-274],[206,-264],[-13,-333],[-232,-185],[-527,-84],[-187,-294],[-424,194],[-206,-79],[-321,164],[-257,-159],[-367,-65],[-366,129],[-669,-308],[-77,-199],[-393,-75],[0,-732],[-302,-50],[-193,-229],[-109,-388],[-270,-59],[-187,-284],[-276,-45],[-296,-338],[585,-55],[-386,-314],[-102,-318],[147,-548],[-218,-45],[-257,-278],[-200,25],[-51,-399],[-264,-79],[174,-304],[-360,-483],[-225,-64],[-135,-453],[-213,-219],[-205,134],[-650,-189],[-431,134],[-25,-219],[-290,10],[-205,-423],[-360,-209],[-290,45],[-1331,-329],[-77,-353],[-373,-289],[-154,-268],[-309,-130],[-6475,5],[-9080,-5],[-7973,0],[-10873,0],[-7363,0],[-5189,0],[-9002,0],[-5865,0],[-9555,0],[-6700,0],[-11343,0],[-5311,0],[-9433,0],[-6488,0],[-10616,0],[-8180,0],[-6674,0],[-5890,0],[-11208,5],[-5202,0],[-10616,-5],[-8494,0],[-7433,0],[-10617,0],[-10616,0],[-10622,0],[-5627,0],[-10307,0],[-10797,0],[-10442,0],[-6025,0],[-10739,0],[-9780,0],[-5311,0],[-6700,0],[-10192,0],[-10719,0],[-8694,-5],[-6289,5],[-10500,0],[-5594,5],[-9523,-5],[-9305,0],[-8423,5],[-11272,5],[-5794,-5],[-7125,0],[-6430,0],[-6430,0],[-6430,-5],[-6430,5],[-6430,-5],[-6431,5],[-6340,0],[-5305,0],[-7645,-5],[-6430,5],[-6430,-5],[-7016,10],[-5845,-5],[-8102,-5],[-11188,5],[-5729,-5],[-7176,0],[0,8790],[0,5067],[6,9059],[6,19307],[0,7237],[7,6515],[0,10288],[0,4191],[0,5067],[0,6520],[0,2897],[0,5799],[-7,3623],[0,9701]]],"transform":{"scale":[0.00001555171555171556,0.0000200911],"translate":[137.9947,-29.1792]},"objects":{"qld_dm_region_boundaries_gda2020_simp200m":{"type":"GeometryCollection","geometries":[{"arcs":[[[0,1,2,3],[4]],[[5]],[[6]],[[7]],[[8]]],"type":"MultiPolygon","properties":{"Police Region Name":"Brisbane Region","Police Region Code":"BR","Police Region Short Name":"Brisbane","DDMG Count":2,"DDMG Names":"Brisbane, Moreton","Note":"Disaster Management Region: the reporting grouping of disaster districts used by the consuming reports. Not the QPS operational region boundary - see qld_qps_regions_gda94_simp200m.","Region Slug":"brisbane","Layer Id":"qld_dm_region_boundaries_gda2020_simp200m","Layer Group":"region","Layer Kind":"region","Source":"QPS Disaster Districts, Queensland Police Service, via the Queensland Government Open Data Portal","Source URL":"https://www.data.qld.gov.au/dataset/qps-disaster-districts","Licence":"CC BY 4.0","Licence URL":"https://creativecommons.org/licenses/by/4.0/","Dataset Date":"19/05/2025","Simplification Tolerance M":200,"Coordinate Precision Decimals":4,"CRS":"GDA2020 (EPSG:7844)","Modified":"Simplified and repackaged from the source dataset; see Source URL"},"id":"BR"},{"arcs":[[9,10,11,12,13]],"type":"Polygon","properties":{"Police Region Name":"Central Region","Police Region Code":"CR","Police Region Short Name":"Central","DDMG Count":4,"DDMG Names":"Gladstone, Longreach, Mackay, Rockhampton","Note":"Disaster Management Region: the reporting grouping of disaster districts used by the consuming reports. Not the QPS operational region boundary - see qld_qps_regions_gda94_simp200m.","Region Slug":"central","Layer Id":"qld_dm_region_boundaries_gda2020_simp200m","Layer Group":"region","Layer Kind":"region","Source":"QPS Disaster Districts, Queensland Police Service, via the Queensland Government Open Data Portal","Source URL":"https://www.data.qld.gov.au/dataset/qps-disaster-districts","Licence":"CC BY 4.0","Licence URL":"https://creativecommons.org/licenses/by/4.0/","Dataset Date":"19/05/2025","Simplification Tolerance M":200,"Coordinate Precision Decimals":4,"CRS":"GDA2020 (EPSG:7844)","Modified":"Simplified and repackaged from the source dataset; see Source URL"},"id":"CR"},{"arcs":[[[14,15,16,17]],[[18]],[[19]],[[20]],[[21]],[[22]],[[23]],[[24]]],"type":"MultiPolygon","properties":{"Police Region Name":"Far Northern Region","Police Region Code":"FNR","Police Region Short Name":"Far North","DDMG Count":3,"DDMG Names":"Cairns, Innisfail, Mareeba","Note":"Disaster Management Region: the reporting grouping of disaster districts used by the consuming reports. Not the QPS operational region boundary - see qld_qps_regions_gda94_simp200m.","Region Slug":"far_north","Layer Id":"qld_dm_region_boundaries_gda2020_simp200m","Layer Group":"region","Layer Kind":"region","Source":"QPS Disaster Districts, Queensland Police Service, via the Queensland Government Open Data Portal","Source URL":"https://www.data.qld.gov.au/dataset/qps-disaster-districts","Licence":"CC BY 4.0","Licence URL":"https://creativecommons.org/licenses/by/4.0/","Dataset Date":"19/05/2025","Simplification Tolerance M":200,"Coordinate Precision Decimals":4,"CRS":"GDA2020 (EPSG:7844)","Modified":"Simplified and repackaged from the source dataset; see Source URL"},"id":"FNR"},{"arcs":[[[25,-3,26,-10]],[[-5]],[[27]]],"type":"MultiPolygon","properties":{"Police Region Name":"North Coast Region","Police Region Code":"NCR","Police Region Short Name":"North Coast","DDMG Count":4,"DDMG Names":"Bundaberg, Gympie, Maryborough, Sunshine Coast","Note":"Disaster Management Region: the reporting grouping of disaster districts used by the consuming reports. Not the QPS operational region boundary - see qld_qps_regions_gda94_simp200m.","Region Slug":"north_coast","Layer Id":"qld_dm_region_boundaries_gda2020_simp200m","Layer Group":"region","Layer Kind":"region","Source":"QPS Disaster Districts, Queensland Police Service, via the Queensland Government Open Data Portal","Source URL":"https://www.data.qld.gov.au/dataset/qps-disaster-districts","Licence":"CC BY 4.0","Licence URL":"https://creativecommons.org/licenses/by/4.0/","Dataset Date":"19/05/2025","Simplification Tolerance M":200,"Coordinate Precision Decimals":4,"CRS":"GDA2020 (EPSG:7844)","Modified":"Simplified and repackaged from the source dataset; see Source URL"},"id":"NCR"},{"arcs":[[[-18,28,-13,29]],[[-16,30]],[[31]],[[32]],[[33]],[[34]],[[35]],[[36]],[[37]],[[38]],[[39]],[[40]],[[41]],[[42]],[[43]],[[44]],[[45]],[[46]],[[47]],[[48]],[[49]],[[50]],[[51]],[[52]],[[53]],[[54]],[[55]],[[56]],[[57]],[[58]],[[59]],[[60]],[[61]],[[62]],[[63]],[[64]],[[65]],[[66]],[[67]],[[68]],[[69]]],"type":"MultiPolygon","properties":{"Police Region Name":"Northern Region","Police Region Code":"NR","Police Region Short Name":"Northern","DDMG Count":2,"DDMG Names":"Mount Isa, Townsville","Note":"Disaster Management Region: the reporting grouping of disaster districts used by the consuming reports. Not the QPS operational region boundary - see qld_qps_regions_gda94_simp200m.","Region Slug":"northern","Layer Id":"qld_dm_region_boundaries_gda2020_simp200m","Layer Group":"region","Layer Kind":"region","Source":"QPS Disaster Districts, Queensland Police Service, via the Queensland Government Open Data Portal","Source URL":"https://www.data.qld.gov.au/dataset/qps-disaster-districts","Licence":"CC BY 4.0","Licence URL":"https://creativecommons.org/licenses/by/4.0/","Dataset Date":"19/05/2025","Simplification Tolerance M":200,"Coordinate Precision Decimals":4,"CRS":"GDA2020 (EPSG:7844)","Modified":"Simplified and repackaged from the source dataset; see Source URL"},"id":"NR"},{"arcs":[[70,71,-1]],"type":"Polygon","properties":{"Police Region Name":"South Eastern Region","Police Region Code":"SER","Police Region Short Name":"South East","DDMG Count":2,"DDMG Names":"Gold Coast, Logan","Note":"Disaster Management Region: the reporting grouping of disaster districts used by the consuming reports. Not the QPS operational region boundary - see qld_qps_regions_gda94_simp200m.","Region Slug":"south_east","Layer Id":"qld_dm_region_boundaries_gda2020_simp200m","Layer Group":"region","Layer Kind":"region","Source":"QPS Disaster Districts, Queensland Police Service, via the Queensland Government Open Data Portal","Source URL":"https://www.data.qld.gov.au/dataset/qps-disaster-districts","Licence":"CC BY 4.0","Licence URL":"https://creativecommons.org/licenses/by/4.0/","Dataset Date":"19/05/2025","Simplification Tolerance M":200,"Coordinate Precision Decimals":4,"CRS":"GDA2020 (EPSG:7844)","Modified":"Simplified and repackaged from the source dataset; see Source URL"},"id":"SER"},{"arcs":[[-11,-27,-2,-72,72]],"type":"Polygon","properties":{"Police Region Name":"Southern Region","Police Region Code":"SR","Police Region Short Name":"Southern","DDMG Count":6,"DDMG Names":"Charleville, Dalby, Ipswich, Roma, Toowoomba, Warwick","Note":"Disaster Management Region: the reporting grouping of disaster districts used by the consuming reports. Not the QPS operational region boundary - see qld_qps_regions_gda94_simp200m.","Region Slug":"southern","Layer Id":"qld_dm_region_boundaries_gda2020_simp200m","Layer Group":"region","Layer Kind":"region","Source":"QPS Disaster Districts, Queensland Police Service, via the Queensland Government Open Data Portal","Source URL":"https://www.data.qld.gov.au/dataset/qps-disaster-districts","Licence":"CC BY 4.0","Licence URL":"https://creativecommons.org/licenses/by/4.0/","Dataset Date":"19/05/2025","Simplification Tolerance M":200,"Coordinate Precision Decimals":4,"CRS":"GDA2020 (EPSG:7844)","Modified":"Simplified and repackaged from the source dataset; see Source URL"},"id":"SR"}]}}}